# OpenSignals Text File Format. Version 1
# {"98:D3:41:FE:30:BA": {"position": 0, "device": "bitalino_rev", "device name": "98:D3:41:FE:30:BA", "device connection": "BTH98:D3:41:FE:30:BA", "sampling rate": 1000, "resolution": [4, 1, 1, 1, 1, 10, 10], "firmware version": 1282, "comments": "", "keywords": "", "mode": 0, "sync interval": 2, "date": "2026-9-25", "time": "12:24:16.645", "channels": [1, 2], "sensor": ["EEGBITREV", "EEGBITREV"], "label": ["A1", "A2"], "column": ["nSeq", "I1", "I2", "O1", "O2", "A1", "A2"], "special": [{}, {}], "digital IO": [0, 0, 1, 1]}}
# EndOfHeader
0	0	0	0	0	456	486	
1	0	0	0	0	455	484	
2	0	0	0	0	451	482	
3	0	0	0	0	446	479	
4	0	0	0	0	444	478	
5	0	0	0	0	444	479	
6	0	0	0	0	446	480	
7	0	0	0	0	449	482	
8	0	0	0	0	450	487	
9	0	0	0	0	453	489	
10	0	0	0	0	457	494	
11	0	0	0	0	462	497	
12	0	0	0	0	462	502	
13	0	0	0	0	463	505	
14	0	0	0	0	462	508	
15	0	0	0	0	462	509	
0	0	0	0	0	460	504	
1	0	0	0	0	457	496	
2	0	0	0	0	455	489	
3	0	0	0	0	456	482	
4	0	0	0	0	463	479	
5	0	0	0	0	470	480	
6	0	0	0	0	477	481	
7	0	0	0	0	483	482	
8	0	0	0	0	489	482	
9	0	0	0	0	493	483	
10	0	0	0	0	496	482	
11	0	0	0	0	501	482	
12	0	0	0	0	504	480	
13	0	0	0	0	507	479	
14	0	0	0	0	508	481	
15	0	0	0	0	506	479	
0	0	0	0	0	504	475	
1	0	0	0	0	502	471	
2	0	0	0	0	500	468	
3	0	0	0	0	499	465	
4	0	0	0	0	500	462	
5	0	0	0	0	503	462	
6	0	0	0	0	509	464	
7	0	0	0	0	515	466	
8	0	0	0	0	519	471	
9	0	0	0	0	520	473	
10	0	0	0	0	521	475	
11	0	0	0	0	520	478	
12	0	0	0	0	516	476	
13	0	0	0	0	510	476	
14	0	0	0	0	504	475	
15	0	0	0	0	497	475	
0	0	0	0	0	493	477	
1	0	0	0	0	488	475	
2	0	0	0	0	484	474	
3	0	0	0	0	483	472	
4	0	0	0	0	484	471	
5	0	0	0	0	487	472	
6	0	0	0	0	492	473	
7	0	0	0	0	496	473	
8	0	0	0	0	499	473	
9	0	0	0	0	504	470	
10	0	0	0	0	505	469	
11	0	0	0	0	509	471	
12	0	0	0	0	512	468	
13	0	0	0	0	516	465	
14	0	0	0	0	519	463	
15	0	0	0	0	519	463	
0	0	0	0	0	517	461	
1	0	0	0	0	516	462	
2	0	0	0	0	516	460	
3	0	0	0	0	514	460	
4	0	0	0	0	510	462	
5	0	0	0	0	508	465	
6	0	0	0	0	502	473	
7	0	0	0	0	498	482	
8	0	0	0	0	499	491	
9	0	0	0	0	501	499	
10	0	0	0	0	498	504	
11	0	0	0	0	495	512	
12	0	0	0	0	492	516	
13	0	0	0	0	492	521	
14	0	0	0	0	493	523	
15	0	0	0	0	492	523	
0	0	0	0	0	488	524	
1	0	0	0	0	487	522	
2	0	0	0	0	484	522	
3	0	0	0	0	481	522	
4	0	0	0	0	476	522	
5	0	0	0	0	477	523	
6	0	0	0	0	482	523	
7	0	0	0	0	487	523	
8	0	0	0	0	493	524	
9	0	0	0	0	500	522	
10	0	0	0	0	508	520	
11	0	0	0	0	511	521	
12	0	0	0	0	516	522	
13	0	0	0	0	517	523	
14	0	0	0	0	516	519	
15	0	0	0	0	515	519	
0	0	0	0	0	511	518	
1	0	0	0	0	506	519	
2	0	0	0	0	503	517	
3	0	0	0	0	499	512	
4	0	0	0	0	496	505	
5	0	0	0	0	493	500	
6	0	0	0	0	489	499	
7	0	0	0	0	485	498	
8	0	0	0	0	480	500	
9	0	0	0	0	476	505	
10	0	0	0	0	473	512	
11	0	0	0	0	471	518	
12	0	0	0	0	471	523	
13	0	0	0	0	468	525	
14	0	0	0	0	467	528	
15	0	0	0	0	471	530	
0	0	0	0	0	472	531	
1	0	0	0	0	475	531	
2	0	0	0	0	475	531	
3	0	0	0	0	473	531	
4	0	0	0	0	472	530	
5	0	0	0	0	473	536	
6	0	0	0	0	475	540	
7	0	0	0	0	476	542	
8	0	0	0	0	477	544	
9	0	0	0	0	479	544	
10	0	0	0	0	485	547	
11	0	0	0	0	493	550	
12	0	0	0	0	500	547	
13	0	0	0	0	505	544	
14	0	0	0	0	508	543	
15	0	0	0	0	508	539	
0	0	0	0	0	508	537	
1	0	0	0	0	506	534	
2	0	0	0	0	507	536	
3	0	0	0	0	507	534	
4	0	0	0	0	504	535	
5	0	0	0	0	501	539	
6	0	0	0	0	498	537	
7	0	0	0	0	499	536	
8	0	0	0	0	499	535	
9	0	0	0	0	496	531	
10	0	0	0	0	496	530	
11	0	0	0	0	496	531	
12	0	0	0	0	499	531	
13	0	0	0	0	504	530	
14	0	0	0	0	508	527	
15	0	0	0	0	513	528	
0	0	0	0	0	519	527	
1	0	0	0	0	519	528	
2	0	0	0	0	520	531	
3	0	0	0	0	518	533	
4	0	0	0	0	515	536	
5	0	0	0	0	511	541	
6	0	0	0	0	506	545	
7	0	0	0	0	502	547	
8	0	0	0	0	499	548	
9	0	0	0	0	502	549	
10	0	0	0	0	506	547	
11	0	0	0	0	511	547	
12	0	0	0	0	512	544	
13	0	0	0	0	512	544	
14	0	0	0	0	513	539	
15	0	0	0	0	510	531	
0	0	0	0	0	502	524	
1	0	0	0	0	495	517	
2	0	0	0	0	492	512	
3	0	0	0	0	487	510	
4	0	0	0	0	481	508	
5	0	0	0	0	476	508	
6	0	0	0	0	472	510	
7	0	0	0	0	468	509	
8	0	0	0	0	463	511	
9	0	0	0	0	465	512	
10	0	0	0	0	470	514	
11	0	0	0	0	474	513	
12	0	0	0	0	478	511	
13	0	0	0	0	480	514	
14	0	0	0	0	480	517	
15	0	0	0	0	482	518	
0	0	0	0	0	485	520	
1	0	0	0	0	487	522	
2	0	0	0	0	488	524	
3	0	0	0	0	489	525	
4	0	0	0	0	491	524	
5	0	0	0	0	492	523	
6	0	0	0	0	490	518	
7	0	0	0	0	487	512	
8	0	0	0	0	487	512	
9	0	0	0	0	486	510	
10	0	0	0	0	485	509	
11	0	0	0	0	487	506	
12	0	0	0	0	486	506	
13	0	0	0	0	484	505	
14	0	0	0	0	486	504	
15	0	0	0	0	492	501	
0	0	0	0	0	499	495	
1	0	0	0	0	503	489	
2	0	0	0	0	508	484	
3	0	0	0	0	511	480	
4	0	0	0	0	510	480	
5	0	0	0	0	508	480	
6	0	0	0	0	508	480	
7	0	0	0	0	507	478	
8	0	0	0	0	501	479	
9	0	0	0	0	496	478	
10	0	0	0	0	492	478	
11	0	0	0	0	487	481	
12	0	0	0	0	482	487	
13	0	0	0	0	475	492	
14	0	0	0	0	470	497	
15	0	0	0	0	463	503	
0	0	0	0	0	457	508	
1	0	0	0	0	453	511	
2	0	0	0	0	454	511	
3	0	0	0	0	456	513	
4	0	0	0	0	460	514	
5	0	0	0	0	462	514	
6	0	0	0	0	464	511	
7	0	0	0	0	464	507	
8	0	0	0	0	462	504	
9	0	0	0	0	456	503	
10	0	0	0	0	453	499	
11	0	0	0	0	451	496	
12	0	0	0	0	452	496	
13	0	0	0	0	455	496	
14	0	0	0	0	455	495	
15	0	0	0	0	458	499	
0	0	0	0	0	462	502	
1	0	0	0	0	468	503	
2	0	0	0	0	473	506	
3	0	0	0	0	478	511	
4	0	0	0	0	481	512	
5	0	0	0	0	480	512	
6	0	0	0	0	478	512	
7	0	0	0	0	475	512	
8	0	0	0	0	470	511	
9	0	0	0	0	465	512	
10	0	0	0	0	462	513	
11	0	0	0	0	461	515	
12	0	0	0	0	463	514	
13	0	0	0	0	467	514	
14	0	0	0	0	470	515	
15	0	0	0	0	472	515	
0	0	0	0	0	473	516	
1	0	0	0	0	472	518	
2	0	0	0	0	473	522	
3	0	0	0	0	476	526	
4	0	0	0	0	476	530	
5	0	0	0	0	475	535	
6	0	0	0	0	472	539	
7	0	0	0	0	471	540	
8	0	0	0	0	472	542	
9	0	0	0	0	472	543	
10	0	0	0	0	473	546	
11	0	0	0	0	475	551	
12	0	0	0	0	480	556	
13	0	0	0	0	486	558	
14	0	0	0	0	487	560	
15	0	0	0	0	487	564	
0	0	0	0	0	488	565	
1	0	0	0	0	491	564	
2	0	0	0	0	492	563	
3	0	0	0	0	492	564	
4	0	0	0	0	490	565	
5	0	0	0	0	492	568	
6	0	0	0	0	497	571	
7	0	0	0	0	503	575	
8	0	0	0	0	508	575	
9	0	0	0	0	510	574	
10	0	0	0	0	513	573	
11	0	0	0	0	512	574	
12	0	0	0	0	510	574	
13	0	0	0	0	508	576	
14	0	0	0	0	507	582	
15	0	0	0	0	506	588	
0	0	0	0	0	508	592	
1	0	0	0	0	512	597	
2	0	0	0	0	516	599	
3	0	0	0	0	522	599	
4	0	0	0	0	527	595	
5	0	0	0	0	531	593	
6	0	0	0	0	535	590	
7	0	0	0	0	535	585	
8	0	0	0	0	535	583	
9	0	0	0	0	537	579	
10	0	0	0	0	538	575	
11	0	0	0	0	540	572	
12	0	0	0	0	539	572	
13	0	0	0	0	540	570	
14	0	0	0	0	543	570	
15	0	0	0	0	545	568	
0	0	0	0	0	548	565	
1	0	0	0	0	552	564	
2	0	0	0	0	558	564	
3	0	0	0	0	563	567	
4	0	0	0	0	569	569	
5	0	0	0	0	575	571	
6	0	0	0	0	579	572	
7	0	0	0	0	579	571	
8	0	0	0	0	579	571	
9	0	0	0	0	578	571	
10	0	0	0	0	578	573	
11	0	0	0	0	574	575	
12	0	0	0	0	569	575	
13	0	0	0	0	567	574	
14	0	0	0	0	563	568	
15	0	0	0	0	555	564	
0	0	0	0	0	546	563	
1	0	0	0	0	537	562	
2	0	0	0	0	534	561	
3	0	0	0	0	532	560	
4	0	0	0	0	531	559	
5	0	0	0	0	529	562	
6	0	0	0	0	530	561	
7	0	0	0	0	529	563	
8	0	0	0	0	527	566	
9	0	0	0	0	527	571	
10	0	0	0	0	523	572	
11	0	0	0	0	518	574	
12	0	0	0	0	514	573	
13	0	0	0	0	509	570	
14	0	0	0	0	504	567	
15	0	0	0	0	496	566	
0	0	0	0	0	492	565	
1	0	0	0	0	490	564	
2	0	0	0	0	490	566	
3	0	0	0	0	489	566	
4	0	0	0	0	486	568	
5	0	0	0	0	484	567	
6	0	0	0	0	484	568	
7	0	0	0	0	490	566	
8	0	0	0	0	494	563	
9	0	0	0	0	496	561	
10	0	0	0	0	491	557	
11	0	0	0	0	486	552	
12	0	0	0	0	484	550	
13	0	0	0	0	483	551	
14	0	0	0	0	483	550	
15	0	0	0	0	480	551	
0	0	0	0	0	475	551	
1	0	0	0	0	470	548	
2	0	0	0	0	463	545	
3	0	0	0	0	459	547	
4	0	0	0	0	455	545	
5	0	0	0	0	451	546	
6	0	0	0	0	446	544	
7	0	0	0	0	442	544	
8	0	0	0	0	441	543	
9	0	0	0	0	444	544	
10	0	0	0	0	447	542	
11	0	0	0	0	449	538	
12	0	0	0	0	452	535	
13	0	0	0	0	452	533	
14	0	0	0	0	449	532	
15	0	0	0	0	448	538	
0	0	0	0	0	449	540	
1	0	0	0	0	451	541	
2	0	0	0	0	451	537	
3	0	0	0	0	450	538	
4	0	0	0	0	452	539	
5	0	0	0	0	454	541	
6	0	0	0	0	456	543	
7	0	0	0	0	460	544	
8	0	0	0	0	463	547	
9	0	0	0	0	463	548	
10	0	0	0	0	462	551	
11	0	0	0	0	462	551	
12	0	0	0	0	458	550	
13	0	0	0	0	455	549	
14	0	0	0	0	454	549	
15	0	0	0	0	449	545	
0	0	0	0	0	447	540	
1	0	0	0	0	447	536	
2	0	0	0	0	445	532	
3	0	0	0	0	443	529	
4	0	0	0	0	445	532	
5	0	0	0	0	447	536	
6	0	0	0	0	448	537	
7	0	0	0	0	447	540	
8	0	0	0	0	446	540	
9	0	0	0	0	444	537	
10	0	0	0	0	441	535	
11	0	0	0	0	440	532	
12	0	0	0	0	437	531	
13	0	0	0	0	435	527	
14	0	0	0	0	436	526	
15	0	0	0	0	438	526	
0	0	0	0	0	435	524	
1	0	0	0	0	433	524	
2	0	0	0	0	433	523	
3	0	0	0	0	435	523	
4	0	0	0	0	432	522	
5	0	0	0	0	427	521	
6	0	0	0	0	423	524	
7	0	0	0	0	423	523	
8	0	0	0	0	423	520	
9	0	0	0	0	423	517	
10	0	0	0	0	423	513	
11	0	0	0	0	424	512	
12	0	0	0	0	425	515	
13	0	0	0	0	423	518	
14	0	0	0	0	417	519	
15	0	0	0	0	413	519	
0	0	0	0	0	410	520	
1	0	0	0	0	411	523	
2	0	0	0	0	411	524	
3	0	0	0	0	413	529	
4	0	0	0	0	417	531	
5	0	0	0	0	421	534	
6	0	0	0	0	427	536	
7	0	0	0	0	430	539	
8	0	0	0	0	431	536	
9	0	0	0	0	432	531	
10	0	0	0	0	434	526	
11	0	0	0	0	437	524	
12	0	0	0	0	440	523	
13	0	0	0	0	440	526	
14	0	0	0	0	439	527	
15	0	0	0	0	438	528	
0	0	0	0	0	438	527	
1	0	0	0	0	437	530	
2	0	0	0	0	437	536	
3	0	0	0	0	438	539	
4	0	0	0	0	440	544	
5	0	0	0	0	444	545	
6	0	0	0	0	446	543	
7	0	0	0	0	451	545	
8	0	0	0	0	457	545	
9	0	0	0	0	466	544	
10	0	0	0	0	476	544	
11	0	0	0	0	484	544	
12	0	0	0	0	494	543	
13	0	0	0	0	499	539	
14	0	0	0	0	501	534	
15	0	0	0	0	503	529	
0	0	0	0	0	509	526	
1	0	0	0	0	515	526	
2	0	0	0	0	520	527	
3	0	0	0	0	523	528	
4	0	0	0	0	524	532	
5	0	0	0	0	525	536	
6	0	0	0	0	525	537	
7	0	0	0	0	526	538	
8	0	0	0	0	524	539	
9	0	0	0	0	524	541	
10	0	0	0	0	522	543	
11	0	0	0	0	518	543	
12	0	0	0	0	514	546	
13	0	0	0	0	509	551	
14	0	0	0	0	505	551	
15	0	0	0	0	503	551	
0	0	0	0	0	502	549	
1	0	0	0	0	500	550	
2	0	0	0	0	497	549	
3	0	0	0	0	489	548	
4	0	0	0	0	481	548	
5	0	0	0	0	472	549	
6	0	0	0	0	467	553	
7	0	0	0	0	464	558	
8	0	0	0	0	466	562	
9	0	0	0	0	470	566	
10	0	0	0	0	477	568	
11	0	0	0	0	484	563	
12	0	0	0	0	483	558	
13	0	0	0	0	482	557	
14	0	0	0	0	478	555	
15	0	0	0	0	474	556	
0	0	0	0	0	468	559	
1	0	0	0	0	462	561	
2	0	0	0	0	460	563	
3	0	0	0	0	457	563	
4	0	0	0	0	455	567	
5	0	0	0	0	452	570	
6	0	0	0	0	451	572	
7	0	0	0	0	451	574	
8	0	0	0	0	455	575	
9	0	0	0	0	460	573	
10	0	0	0	0	467	569	
11	0	0	0	0	472	562	
12	0	0	0	0	476	555	
13	0	0	0	0	481	547	
14	0	0	0	0	484	545	
15	0	0	0	0	485	546	
0	0	0	0	0	487	547	
1	0	0	0	0	492	548	
2	0	0	0	0	495	546	
3	0	0	0	0	495	542	
4	0	0	0	0	493	542	
5	0	0	0	0	491	541	
6	0	0	0	0	490	546	
7	0	0	0	0	492	551	
8	0	0	0	0	498	553	
9	0	0	0	0	503	557	
10	0	0	0	0	508	562	
11	0	0	0	0	515	568	
12	0	0	0	0	521	574	
13	0	0	0	0	525	577	
14	0	0	0	0	527	575	
15	0	0	0	0	531	574	
0	0	0	0	0	532	572	
1	0	0	0	0	530	568	
2	0	0	0	0	523	564	
3	0	0	0	0	512	560	
4	0	0	0	0	504	557	
5	0	0	0	0	494	554	
6	0	0	0	0	483	548	
7	0	0	0	0	473	538	
8	0	0	0	0	463	526	
9	0	0	0	0	452	516	
10	0	0	0	0	443	511	
11	0	0	0	0	438	510	
12	0	0	0	0	438	510	
13	0	0	0	0	438	508	
14	0	0	0	0	441	507	
15	0	0	0	0	444	508	
0	0	0	0	0	443	509	
1	0	0	0	0	444	511	
2	0	0	0	0	441	515	
3	0	0	0	0	439	519	
4	0	0	0	0	432	523	
5	0	0	0	0	428	522	
6	0	0	0	0	423	519	
7	0	0	0	0	415	519	
8	0	0	0	0	410	518	
9	0	0	0	0	407	514	
10	0	0	0	0	404	516	
11	0	0	0	0	402	515	
12	0	0	0	0	401	519	
13	0	0	0	0	403	521	
14	0	0	0	0	403	526	
15	0	0	0	0	401	526	
0	0	0	0	0	399	526	
1	0	0	0	0	394	525	
2	0	0	0	0	388	524	
3	0	0	0	0	381	525	
4	0	0	0	0	376	526	
5	0	0	0	0	376	528	
6	0	0	0	0	372	535	
7	0	0	0	0	371	537	
8	0	0	0	0	367	541	
9	0	0	0	0	366	547	
10	0	0	0	0	369	556	
11	0	0	0	0	371	562	
12	0	0	0	0	371	568	
13	0	0	0	0	370	568	
14	0	0	0	0	371	568	
15	0	0	0	0	374	564	
0	0	0	0	0	380	563	
1	0	0	0	0	384	563	
2	0	0	0	0	384	569	
3	0	0	0	0	382	576	
4	0	0	0	0	381	583	
5	0	0	0	0	381	589	
6	0	0	0	0	383	598	
7	0	0	0	0	382	607	
8	0	0	0	0	382	605	
9	0	0	0	0	381	605	
10	0	0	0	0	382	606	
11	0	0	0	0	385	605	
12	0	0	0	0	394	604	
13	0	0	0	0	403	600	
14	0	0	0	0	412	597	
15	0	0	0	0	419	597	
0	0	0	0	0	420	601	
1	0	0	0	0	422	608	
2	0	0	0	0	419	613	
3	0	0	0	0	416	612	
4	0	0	0	0	411	613	
5	0	0	0	0	403	611	
6	0	0	0	0	399	608	
7	0	0	0	0	397	603	
8	0	0	0	0	393	596	
9	0	0	0	0	393	593	
10	0	0	0	0	396	595	
11	0	0	0	0	398	591	
12	0	0	0	0	400	588	
13	0	0	0	0	405	586	
14	0	0	0	0	412	584	
15	0	0	0	0	421	584	
0	0	0	0	0	430	583	
1	0	0	0	0	438	580	
2	0	0	0	0	443	574	
3	0	0	0	0	444	569	
4	0	0	0	0	445	567	
5	0	0	0	0	445	568	
6	0	0	0	0	444	570	
7	0	0	0	0	439	574	
8	0	0	0	0	432	572	
9	0	0	0	0	430	575	
10	0	0	0	0	426	575	
11	0	0	0	0	422	578	
12	0	0	0	0	419	582	
13	0	0	0	0	417	582	
14	0	0	0	0	418	583	
15	0	0	0	0	421	585	
0	0	0	0	0	425	584	
1	0	0	0	0	429	582	
2	0	0	0	0	429	581	
3	0	0	0	0	427	583	
4	0	0	0	0	424	589	
5	0	0	0	0	420	590	
6	0	0	0	0	415	595	
7	0	0	0	0	409	597	
8	0	0	0	0	405	596	
9	0	0	0	0	403	597	
10	0	0	0	0	401	591	
11	0	0	0	0	402	591	
12	0	0	0	0	406	590	
13	0	0	0	0	412	593	
14	0	0	0	0	417	596	
15	0	0	0	0	421	598	
0	0	0	0	0	423	599	
1	0	0	0	0	426	603	
2	0	0	0	0	429	606	
3	0	0	0	0	432	605	
4	0	0	0	0	432	601	
5	0	0	0	0	428	599	
6	0	0	0	0	422	595	
7	0	0	0	0	412	592	
8	0	0	0	0	403	591	
9	0	0	0	0	397	589	
10	0	0	0	0	395	589	
11	0	0	0	0	392	587	
12	0	0	0	0	395	584	
13	0	0	0	0	398	584	
14	0	0	0	0	400	585	
15	0	0	0	0	406	580	
0	0	0	0	0	412	577	
1	0	0	0	0	417	572	
2	0	0	0	0	422	568	
3	0	0	0	0	426	560	
4	0	0	0	0	428	554	
5	0	0	0	0	427	553	
6	0	0	0	0	427	552	
7	0	0	0	0	431	548	
8	0	0	0	0	435	545	
9	0	0	0	0	440	543	
10	0	0	0	0	444	540	
11	0	0	0	0	450	536	
12	0	0	0	0	456	534	
13	0	0	0	0	458	535	
14	0	0	0	0	464	539	
15	0	0	0	0	473	541	
0	0	0	0	0	484	542	
1	0	0	0	0	493	544	
2	0	0	0	0	499	544	
3	0	0	0	0	504	543	
4	0	0	0	0	507	542	
5	0	0	0	0	508	541	
6	0	0	0	0	504	544	
7	0	0	0	0	498	543	
8	0	0	0	0	491	543	
9	0	0	0	0	481	544	
10	0	0	0	0	471	544	
11	0	0	0	0	460	545	
12	0	0	0	0	448	545	
13	0	0	0	0	440	547	
14	0	0	0	0	432	549	
15	0	0	0	0	429	551	
0	0	0	0	0	429	551	
1	0	0	0	0	431	553	
2	0	0	0	0	433	547	
3	0	0	0	0	437	543	
4	0	0	0	0	439	542	
5	0	0	0	0	441	543	
6	0	0	0	0	443	540	
7	0	0	0	0	446	536	
8	0	0	0	0	447	533	
9	0	0	0	0	446	532	
10	0	0	0	0	447	534	
11	0	0	0	0	447	535	
12	0	0	0	0	442	539	
13	0	0	0	0	438	539	
14	0	0	0	0	433	539	
15	0	0	0	0	432	539	
0	0	0	0	0	433	538	
1	0	0	0	0	436	539	
2	0	0	0	0	439	540	
3	0	0	0	0	441	542	
4	0	0	0	0	441	543	
5	0	0	0	0	442	549	
6	0	0	0	0	439	554	
7	0	0	0	0	437	555	
8	0	0	0	0	435	555	
9	0	0	0	0	432	555	
10	0	0	0	0	428	555	
11	0	0	0	0	425	555	
12	0	0	0	0	424	556	
13	0	0	0	0	422	556	
14	0	0	0	0	421	557	
15	0	0	0	0	425	554	
0	0	0	0	0	427	553	
1	0	0	0	0	431	554	
2	0	0	0	0	434	553	
3	0	0	0	0	438	551	
4	0	0	0	0	443	548	
5	0	0	0	0	446	545	
6	0	0	0	0	447	539	
7	0	0	0	0	449	535	
8	0	0	0	0	455	533	
9	0	0	0	0	455	533	
10	0	0	0	0	452	531	
11	0	0	0	0	450	531	
12	0	0	0	0	444	529	
13	0	0	0	0	440	524	
14	0	0	0	0	437	519	
15	0	0	0	0	436	517	
0	0	0	0	0	438	517	
1	0	0	0	0	441	517	
2	0	0	0	0	446	519	
3	0	0	0	0	452	522	
4	0	0	0	0	462	520	
5	0	0	0	0	472	519	
6	0	0	0	0	480	519	
7	0	0	0	0	482	520	
8	0	0	0	0	481	516	
9	0	0	0	0	479	514	
10	0	0	0	0	476	514	
11	0	0	0	0	471	513	
12	0	0	0	0	466	516	
13	0	0	0	0	463	516	
14	0	0	0	0	460	513	
15	0	0	0	0	459	514	
0	0	0	0	0	460	513	
1	0	0	0	0	462	513	
2	0	0	0	0	464	512	
3	0	0	0	0	462	510	
4	0	0	0	0	463	511	
5	0	0	0	0	465	509	
6	0	0	0	0	470	504	
7	0	0	0	0	475	503	
8	0	0	0	0	479	500	
9	0	0	0	0	482	494	
10	0	0	0	0	484	490	
11	0	0	0	0	483	487	
12	0	0	0	0	480	483	
13	0	0	0	0	475	481	
14	0	0	0	0	470	476	
15	0	0	0	0	465	475	
0	0	0	0	0	459	476	
1	0	0	0	0	454	480	
2	0	0	0	0	451	486	
3	0	0	0	0	449	486	
4	0	0	0	0	450	483	
5	0	0	0	0	452	479	
6	0	0	0	0	451	475	
7	0	0	0	0	451	476	
8	0	0	0	0	449	478	
9	0	0	0	0	450	482	
10	0	0	0	0	453	487	
11	0	0	0	0	453	494	
12	0	0	0	0	452	502	
13	0	0	0	0	451	504	
14	0	0	0	0	450	504	
15	0	0	0	0	449	504	
0	0	0	0	0	447	507	
1	0	0	0	0	443	511	
2	0	0	0	0	438	514	
3	0	0	0	0	433	515	
4	0	0	0	0	430	515	
5	0	0	0	0	430	512	
6	0	0	0	0	432	510	
7	0	0	0	0	431	507	
8	0	0	0	0	431	505	
9	0	0	0	0	432	504	
10	0	0	0	0	433	503	
11	0	0	0	0	432	500	
12	0	0	0	0	428	498	
13	0	0	0	0	426	495	
14	0	0	0	0	422	492	
15	0	0	0	0	422	491	
0	0	0	0	0	422	487	
1	0	0	0	0	420	486	
2	0	0	0	0	420	484	
3	0	0	0	0	421	485	
4	0	0	0	0	420	487	
5	0	0	0	0	419	490	
6	0	0	0	0	417	494	
7	0	0	0	0	416	497	
8	0	0	0	0	416	499	
9	0	0	0	0	417	499	
10	0	0	0	0	419	498	
11	0	0	0	0	423	497	
12	0	0	0	0	425	495	
13	0	0	0	0	425	493	
14	0	0	0	0	427	491	
15	0	0	0	0	430	495	
0	0	0	0	0	430	499	
1	0	0	0	0	438	505	
2	0	0	0	0	445	509	
3	0	0	0	0	452	513	
4	0	0	0	0	465	516	
5	0	0	0	0	473	516	
6	0	0	0	0	482	516	
7	0	0	0	0	491	518	
8	0	0	0	0	499	516	
9	0	0	0	0	504	518	
10	0	0	0	0	507	520	
11	0	0	0	0	508	523	
12	0	0	0	0	507	526	
13	0	0	0	0	504	529	
14	0	0	0	0	499	530	
15	0	0	0	0	494	532	
0	0	0	0	0	489	532	
1	0	0	0	0	484	531	
2	0	0	0	0	481	530	
3	0	0	0	0	479	531	
4	0	0	0	0	476	531	
5	0	0	0	0	475	531	
6	0	0	0	0	472	530	
7	0	0	0	0	472	528	
8	0	0	0	0	472	528	
9	0	0	0	0	473	530	
10	0	0	0	0	473	530	
11	0	0	0	0	472	530	
12	0	0	0	0	472	528	
13	0	0	0	0	473	527	
14	0	0	0	0	474	524	
15	0	0	0	0	473	523	
0	0	0	0	0	472	521	
1	0	0	0	0	471	517	
2	0	0	0	0	470	514	
3	0	0	0	0	468	513	
4	0	0	0	0	467	512	
5	0	0	0	0	470	512	
6	0	0	0	0	475	511	
7	0	0	0	0	483	508	
8	0	0	0	0	491	514	
9	0	0	0	0	500	516	
10	0	0	0	0	505	517	
11	0	0	0	0	512	520	
12	0	0	0	0	517	523	
13	0	0	0	0	518	523	
14	0	0	0	0	516	519	
15	0	0	0	0	518	514	
0	0	0	0	0	517	506	
1	0	0	0	0	514	496	
2	0	0	0	0	509	481	
3	0	0	0	0	507	470	
4	0	0	0	0	508	461	
5	0	0	0	0	511	455	
6	0	0	0	0	515	448	
7	0	0	0	0	522	444	
8	0	0	0	0	528	445	
9	0	0	0	0	534	448	
10	0	0	0	0	541	452	
11	0	0	0	0	543	462	
12	0	0	0	0	544	469	
13	0	0	0	0	544	470	
14	0	0	0	0	546	474	
15	0	0	0	0	551	476	
0	0	0	0	0	556	479	
1	0	0	0	0	561	482	
2	0	0	0	0	563	486	
3	0	0	0	0	563	483	
4	0	0	0	0	563	483	
5	0	0	0	0	566	479	
6	0	0	0	0	568	475	
7	0	0	0	0	571	473	
8	0	0	0	0	573	469	
9	0	0	0	0	575	472	
10	0	0	0	0	577	472	
11	0	0	0	0	574	475	
12	0	0	0	0	573	475	
13	0	0	0	0	571	475	
14	0	0	0	0	570	472	
15	0	0	0	0	566	470	
0	0	0	0	0	560	467	
1	0	0	0	0	557	465	
2	0	0	0	0	552	462	
3	0	0	0	0	548	456	
4	0	0	0	0	546	452	
5	0	0	0	0	541	446	
6	0	0	0	0	535	440	
7	0	0	0	0	527	436	
8	0	0	0	0	519	434	
9	0	0	0	0	512	434	
10	0	0	0	0	511	435	
11	0	0	0	0	511	436	
12	0	0	0	0	512	440	
13	0	0	0	0	512	448	
14	0	0	0	0	511	457	
15	0	0	0	0	512	465	
0	0	0	0	0	512	472	
1	0	0	0	0	507	476	
2	0	0	0	0	501	482	
3	0	0	0	0	494	484	
4	0	0	0	0	488	483	
5	0	0	0	0	484	481	
6	0	0	0	0	481	478	
7	0	0	0	0	480	472	
8	0	0	0	0	482	466	
9	0	0	0	0	487	461	
10	0	0	0	0	493	458	
11	0	0	0	0	497	455	
12	0	0	0	0	503	454	
13	0	0	0	0	508	453	
14	0	0	0	0	512	449	
15	0	0	0	0	518	446	
0	0	0	0	0	521	444	
1	0	0	0	0	518	446	
2	0	0	0	0	516	444	
3	0	0	0	0	516	440	
4	0	0	0	0	518	437	
5	0	0	0	0	523	434	
6	0	0	0	0	527	432	
7	0	0	0	0	532	433	
8	0	0	0	0	535	433	
9	0	0	0	0	535	433	
10	0	0	0	0	536	431	
11	0	0	0	0	539	432	
12	0	0	0	0	541	436	
13	0	0	0	0	545	441	
14	0	0	0	0	547	441	
15	0	0	0	0	547	445	
0	0	0	0	0	547	448	
1	0	0	0	0	546	450	
2	0	0	0	0	545	448	
3	0	0	0	0	543	445	
4	0	0	0	0	539	441	
5	0	0	0	0	535	437	
6	0	0	0	0	529	433	
7	0	0	0	0	524	431	
8	0	0	0	0	524	428	
9	0	0	0	0	525	426	
10	0	0	0	0	529	423	
11	0	0	0	0	533	421	
12	0	0	0	0	539	424	
13	0	0	0	0	545	425	
14	0	0	0	0	551	426	
15	0	0	0	0	557	424	
0	0	0	0	0	563	419	
1	0	0	0	0	565	423	
2	0	0	0	0	566	423	
3	0	0	0	0	566	425	
4	0	0	0	0	564	427	
5	0	0	0	0	564	428	
6	0	0	0	0	563	431	
7	0	0	0	0	558	433	
8	0	0	0	0	553	437	
9	0	0	0	0	546	438	
10	0	0	0	0	538	438	
11	0	0	0	0	531	437	
12	0	0	0	0	527	439	
13	0	0	0	0	528	437	
14	0	0	0	0	530	438	
15	0	0	0	0	533	436	
0	0	0	0	0	537	435	
1	0	0	0	0	539	435	
2	0	0	0	0	540	435	
3	0	0	0	0	543	438	
4	0	0	0	0	542	440	
5	0	0	0	0	541	441	
6	0	0	0	0	540	444	
7	0	0	0	0	536	444	
8	0	0	0	0	531	443	
9	0	0	0	0	527	445	
10	0	0	0	0	525	446	
11	0	0	0	0	522	448	
12	0	0	0	0	520	447	
13	0	0	0	0	520	443	
14	0	0	0	0	521	435	
15	0	0	0	0	523	432	
0	0	0	0	0	523	431	
1	0	0	0	0	521	429	
2	0	0	0	0	521	430	
3	0	0	0	0	519	434	
4	0	0	0	0	519	436	
5	0	0	0	0	519	440	
6	0	0	0	0	519	443	
7	0	0	0	0	523	443	
8	0	0	0	0	526	444	
9	0	0	0	0	528	442	
10	0	0	0	0	529	441	
11	0	0	0	0	535	441	
12	0	0	0	0	542	439	
13	0	0	0	0	548	438	
14	0	0	0	0	552	440	
15	0	0	0	0	554	440	
0	0	0	0	0	553	443	
1	0	0	0	0	552	444	
2	0	0	0	0	552	447	
3	0	0	0	0	551	449	
4	0	0	0	0	549	452	
5	0	0	0	0	545	455	
6	0	0	0	0	543	455	
7	0	0	0	0	542	457	
8	0	0	0	0	543	458	
9	0	0	0	0	545	460	
10	0	0	0	0	545	461	
11	0	0	0	0	545	464	
12	0	0	0	0	547	466	
13	0	0	0	0	546	463	
14	0	0	0	0	548	460	
15	0	0	0	0	552	455	
0	0	0	0	0	555	449	
1	0	0	0	0	561	446	
2	0	0	0	0	568	444	
3	0	0	0	0	575	443	
4	0	0	0	0	576	449	
5	0	0	0	0	578	453	
6	0	0	0	0	582	456	
7	0	0	0	0	583	456	
8	0	0	0	0	582	454	
9	0	0	0	0	581	453	
10	0	0	0	0	582	455	
11	0	0	0	0	582	455	
12	0	0	0	0	581	456	
13	0	0	0	0	578	455	
14	0	0	0	0	578	453	
15	0	0	0	0	579	455	
0	0	0	0	0	578	455	
1	0	0	0	0	580	453	
2	0	0	0	0	581	454	
3	0	0	0	0	584	458	
4	0	0	0	0	586	461	
5	0	0	0	0	583	464	
6	0	0	0	0	578	466	
7	0	0	0	0	571	473	
8	0	0	0	0	563	478	
9	0	0	0	0	553	483	
10	0	0	0	0	544	487	
11	0	0	0	0	536	491	
12	0	0	0	0	530	492	
13	0	0	0	0	527	496	
14	0	0	0	0	525	499	
15	0	0	0	0	528	501	
0	0	0	0	0	536	501	
1	0	0	0	0	540	507	
2	0	0	0	0	545	511	
3	0	0	0	0	551	514	
4	0	0	0	0	558	516	
5	0	0	0	0	560	518	
6	0	0	0	0	561	518	
7	0	0	0	0	564	515	
8	0	0	0	0	567	512	
9	0	0	0	0	569	512	
10	0	0	0	0	569	511	
11	0	0	0	0	572	511	
12	0	0	0	0	574	510	
13	0	0	0	0	578	509	
14	0	0	0	0	579	508	
15	0	0	0	0	582	507	
0	0	0	0	0	583	507	
1	0	0	0	0	583	504	
2	0	0	0	0	586	504	
3	0	0	0	0	588	504	
4	0	0	0	0	590	504	
5	0	0	0	0	592	507	
6	0	0	0	0	595	509	
7	0	0	0	0	598	511	
8	0	0	0	0	601	512	
9	0	0	0	0	604	511	
10	0	0	0	0	604	510	
11	0	0	0	0	600	515	
12	0	0	0	0	594	515	
13	0	0	0	0	585	513	
14	0	0	0	0	580	513	
15	0	0	0	0	579	513	
0	0	0	0	0	578	515	
1	0	0	0	0	580	518	
2	0	0	0	0	584	522	
3	0	0	0	0	587	542	
4	0	0	0	0	591	565	
5	0	0	0	0	594	585	
6	0	0	0	0	599	598	
7	0	0	0	0	604	598	
8	0	0	0	0	604	585	
9	0	0	0	0	601	569	
10	0	0	0	0	597	550	
11	0	0	0	0	595	534	
12	0	0	0	0	591	522	
13	0	0	0	0	587	515	
14	0	0	0	0	580	508	
15	0	0	0	0	573	504	
0	0	0	0	0	566	502	
1	0	0	0	0	564	503	
2	0	0	0	0	566	505	
3	0	0	0	0	570	507	
4	0	0	0	0	575	509	
5	0	0	0	0	577	511	
6	0	0	0	0	576	514	
7	0	0	0	0	577	517	
8	0	0	0	0	575	519	
9	0	0	0	0	574	520	
10	0	0	0	0	569	522	
11	0	0	0	0	565	524	
12	0	0	0	0	561	526	
13	0	0	0	0	558	530	
14	0	0	0	0	552	530	
15	0	0	0	0	549	533	
0	0	0	0	0	542	536	
1	0	0	0	0	536	540	
2	0	0	0	0	532	545	
3	0	0	0	0	532	549	
4	0	0	0	0	537	558	
5	0	0	0	0	542	568	
6	0	0	0	0	547	575	
7	0	0	0	0	551	582	
8	0	0	0	0	552	591	
9	0	0	0	0	553	599	
10	0	0	0	0	555	608	
11	0	0	0	0	556	617	
12	0	0	0	0	559	630	
13	0	0	0	0	558	641	
14	0	0	0	0	556	652	
15	0	0	0	0	551	661	
0	0	0	0	0	547	664	
1	0	0	0	0	545	668	
2	0	0	0	0	542	671	
3	0	0	0	0	540	672	
4	0	0	0	0	538	674	
5	0	0	0	0	535	680	
6	0	0	0	0	532	685	
7	0	0	0	0	527	689	
8	0	0	0	0	521	694	
9	0	0	0	0	517	697	
10	0	0	0	0	512	698	
11	0	0	0	0	507	701	
12	0	0	0	0	502	702	
13	0	0	0	0	497	703	
14	0	0	0	0	491	704	
15	0	0	0	0	487	703	
0	0	0	0	0	482	705	
1	0	0	0	0	474	704	
2	0	0	0	0	472	702	
3	0	0	0	0	471	700	
4	0	0	0	0	473	700	
5	0	0	0	0	474	698	
6	0	0	0	0	476	697	
7	0	0	0	0	477	698	
8	0	0	0	0	476	703	
9	0	0	0	0	474	705	
10	0	0	0	0	470	705	
11	0	0	0	0	467	702	
12	0	0	0	0	463	699	
13	0	0	0	0	460	698	
14	0	0	0	0	460	698	
15	0	0	0	0	463	695	
0	0	0	0	0	470	694	
1	0	0	0	0	477	692	
2	0	0	0	0	483	689	
3	0	0	0	0	490	686	
4	0	0	0	0	500	682	
5	0	0	0	0	508	680	
6	0	0	0	0	510	679	
7	0	0	0	0	512	672	
8	0	0	0	0	513	670	
9	0	0	0	0	513	669	
10	0	0	0	0	508	666	
11	0	0	0	0	501	665	
12	0	0	0	0	493	663	
13	0	0	0	0	484	664	
14	0	0	0	0	480	666	
15	0	0	0	0	478	663	
0	0	0	0	0	477	663	
1	0	0	0	0	478	664	
2	0	0	0	0	485	662	
3	0	0	0	0	493	663	
4	0	0	0	0	502	662	
5	0	0	0	0	511	660	
6	0	0	0	0	523	657	
7	0	0	0	0	529	655	
8	0	0	0	0	535	655	
9	0	0	0	0	543	655	
10	0	0	0	0	547	651	
11	0	0	0	0	548	649	
12	0	0	0	0	548	649	
13	0	0	0	0	543	648	
14	0	0	0	0	540	649	
15	0	0	0	0	536	648	
0	0	0	0	0	532	648	
1	0	0	0	0	532	648	
2	0	0	0	0	536	648	
3	0	0	0	0	542	650	
4	0	0	0	0	549	654	
5	0	0	0	0	556	655	
6	0	0	0	0	559	654	
7	0	0	0	0	558	654	
8	0	0	0	0	555	655	
9	0	0	0	0	550	661	
10	0	0	0	0	544	666	
11	0	0	0	0	539	666	
12	0	0	0	0	536	668	
13	0	0	0	0	534	667	
14	0	0	0	0	532	664	
15	0	0	0	0	530	663	
0	0	0	0	0	527	660	
1	0	0	0	0	522	661	
2	0	0	0	0	516	659	
3	0	0	0	0	511	654	
4	0	0	0	0	508	647	
5	0	0	0	0	508	640	
6	0	0	0	0	512	636	
7	0	0	0	0	517	634	
8	0	0	0	0	521	631	
9	0	0	0	0	532	632	
10	0	0	0	0	541	636	
11	0	0	0	0	545	638	
12	0	0	0	0	548	641	
13	0	0	0	0	547	647	
14	0	0	0	0	546	651	
15	0	0	0	0	543	653	
0	0	0	0	0	538	654	
1	0	0	0	0	534	655	
2	0	0	0	0	529	656	
3	0	0	0	0	521	657	
4	0	0	0	0	513	657	
5	0	0	0	0	508	658	
6	0	0	0	0	503	660	
7	0	0	0	0	503	661	
8	0	0	0	0	505	664	
9	0	0	0	0	507	661	
10	0	0	0	0	505	665	
11	0	0	0	0	504	665	
12	0	0	0	0	502	662	
13	0	0	0	0	498	657	
14	0	0	0	0	495	652	
15	0	0	0	0	494	648	
0	0	0	0	0	491	642	
1	0	0	0	0	487	643	
2	0	0	0	0	483	644	
3	0	0	0	0	480	643	
4	0	0	0	0	477	642	
5	0	0	0	0	473	642	
6	0	0	0	0	469	642	
7	0	0	0	0	470	645	
8	0	0	0	0	471	647	
9	0	0	0	0	473	644	
10	0	0	0	0	477	643	
11	0	0	0	0	478	642	
12	0	0	0	0	480	644	
13	0	0	0	0	483	647	
14	0	0	0	0	481	651	
15	0	0	0	0	480	656	
0	0	0	0	0	481	660	
1	0	0	0	0	480	664	
2	0	0	0	0	476	669	
3	0	0	0	0	471	674	
4	0	0	0	0	466	678	
5	0	0	0	0	464	684	
6	0	0	0	0	463	687	
7	0	0	0	0	464	691	
8	0	0	0	0	466	694	
9	0	0	0	0	468	696	
10	0	0	0	0	475	699	
11	0	0	0	0	481	699	
12	0	0	0	0	484	692	
13	0	0	0	0	491	686	
14	0	0	0	0	491	678	
15	0	0	0	0	491	673	
0	0	0	0	0	492	670	
1	0	0	0	0	496	664	
2	0	0	0	0	499	659	
3	0	0	0	0	500	653	
4	0	0	0	0	504	646	
5	0	0	0	0	503	646	
6	0	0	0	0	503	648	
7	0	0	0	0	501	647	
8	0	0	0	0	499	646	
9	0	0	0	0	496	644	
10	0	0	0	0	495	644	
11	0	0	0	0	490	644	
12	0	0	0	0	486	646	
13	0	0	0	0	479	650	
14	0	0	0	0	474	647	
15	0	0	0	0	467	644	
0	0	0	0	0	460	641	
1	0	0	0	0	448	636	
2	0	0	0	0	438	628	
3	0	0	0	0	430	623	
4	0	0	0	0	422	620	
5	0	0	0	0	413	613	
6	0	0	0	0	405	609	
7	0	0	0	0	401	604	
8	0	0	0	0	400	601	
9	0	0	0	0	403	600	
10	0	0	0	0	409	595	
11	0	0	0	0	417	592	
12	0	0	0	0	423	587	
13	0	0	0	0	427	582	
14	0	0	0	0	429	578	
15	0	0	0	0	431	576	
0	0	0	0	0	432	575	
1	0	0	0	0	433	570	
2	0	0	0	0	435	568	
3	0	0	0	0	438	568	
4	0	0	0	0	438	566	
5	0	0	0	0	439	563	
6	0	0	0	0	438	560	
7	0	0	0	0	438	560	
8	0	0	0	0	440	557	
9	0	0	0	0	444	553	
10	0	0	0	0	451	551	
11	0	0	0	0	453	550	
12	0	0	0	0	458	551	
13	0	0	0	0	463	555	
14	0	0	0	0	467	561	
15	0	0	0	0	473	569	
0	0	0	0	0	476	572	
1	0	0	0	0	476	577	
2	0	0	0	0	480	579	
3	0	0	0	0	479	578	
4	0	0	0	0	476	574	
5	0	0	0	0	474	570	
6	0	0	0	0	470	571	
7	0	0	0	0	464	575	
8	0	0	0	0	460	578	
9	0	0	0	0	456	583	
10	0	0	0	0	454	588	
11	0	0	0	0	451	591	
12	0	0	0	0	451	596	
13	0	0	0	0	454	604	
14	0	0	0	0	456	606	
15	0	0	0	0	462	608	
0	0	0	0	0	464	609	
1	0	0	0	0	464	612	
2	0	0	0	0	461	614	
3	0	0	0	0	455	617	
4	0	0	0	0	455	623	
5	0	0	0	0	455	628	
6	0	0	0	0	455	635	
7	0	0	0	0	452	637	
8	0	0	0	0	451	636	
9	0	0	0	0	451	635	
10	0	0	0	0	455	633	
11	0	0	0	0	459	632	
12	0	0	0	0	460	628	
13	0	0	0	0	460	630	
14	0	0	0	0	461	625	
15	0	0	0	0	462	624	
0	0	0	0	0	463	621	
1	0	0	0	0	465	615	
2	0	0	0	0	464	610	
3	0	0	0	0	461	605	
4	0	0	0	0	458	606	
5	0	0	0	0	455	607	
6	0	0	0	0	452	605	
7	0	0	0	0	451	606	
8	0	0	0	0	451	605	
9	0	0	0	0	448	603	
10	0	0	0	0	450	601	
11	0	0	0	0	452	592	
12	0	0	0	0	455	587	
13	0	0	0	0	460	579	
14	0	0	0	0	463	574	
15	0	0	0	0	467	569	
0	0	0	0	0	467	567	
1	0	0	0	0	466	568	
2	0	0	0	0	461	566	
3	0	0	0	0	450	565	
4	0	0	0	0	440	568	
5	0	0	0	0	432	573	
6	0	0	0	0	425	573	
7	0	0	0	0	419	574	
8	0	0	0	0	416	578	
9	0	0	0	0	419	582	
10	0	0	0	0	423	585	
11	0	0	0	0	428	584	
12	0	0	0	0	432	585	
13	0	0	0	0	435	586	
14	0	0	0	0	438	584	
15	0	0	0	0	442	583	
0	0	0	0	0	444	585	
1	0	0	0	0	445	587	
2	0	0	0	0	449	591	
3	0	0	0	0	455	589	
4	0	0	0	0	459	585	
5	0	0	0	0	461	582	
6	0	0	0	0	464	575	
7	0	0	0	0	469	572	
8	0	0	0	0	472	566	
9	0	0	0	0	475	560	
10	0	0	0	0	479	555	
11	0	0	0	0	484	553	
12	0	0	0	0	490	552	
13	0	0	0	0	497	549	
14	0	0	0	0	501	545	
15	0	0	0	0	505	544	
0	0	0	0	0	509	543	
1	0	0	0	0	511	542	
2	0	0	0	0	515	541	
3	0	0	0	0	518	540	
4	0	0	0	0	519	537	
5	0	0	0	0	516	537	
6	0	0	0	0	510	539	
7	0	0	0	0	502	539	
8	0	0	0	0	495	537	
9	0	0	0	0	488	537	
10	0	0	0	0	484	536	
11	0	0	0	0	480	535	
12	0	0	0	0	480	536	
13	0	0	0	0	480	538	
14	0	0	0	0	482	540	
15	0	0	0	0	486	544	
0	0	0	0	0	492	547	
1	0	0	0	0	499	551	
2	0	0	0	0	505	555	
3	0	0	0	0	510	557	
4	0	0	0	0	513	556	
5	0	0	0	0	516	551	
6	0	0	0	0	512	547	
7	0	0	0	0	508	543	
8	0	0	0	0	502	542	
9	0	0	0	0	496	542	
10	0	0	0	0	491	542	
11	0	0	0	0	486	545	
12	0	0	0	0	483	548	
13	0	0	0	0	482	549	
14	0	0	0	0	480	550	
15	0	0	0	0	475	548	
0	0	0	0	0	472	547	
1	0	0	0	0	470	549	
2	0	0	0	0	468	550	
3	0	0	0	0	467	548	
4	0	0	0	0	466	543	
5	0	0	0	0	463	542	
6	0	0	0	0	461	543	
7	0	0	0	0	460	547	
8	0	0	0	0	462	550	
9	0	0	0	0	464	551	
10	0	0	0	0	464	553	
11	0	0	0	0	467	553	
12	0	0	0	0	468	556	
13	0	0	0	0	471	557	
14	0	0	0	0	472	558	
15	0	0	0	0	477	556	
0	0	0	0	0	482	552	
1	0	0	0	0	488	549	
2	0	0	0	0	490	544	
3	0	0	0	0	492	538	
4	0	0	0	0	497	533	
5	0	0	0	0	500	529	
6	0	0	0	0	500	525	
7	0	0	0	0	498	525	
8	0	0	0	0	497	520	
9	0	0	0	0	494	515	
10	0	0	0	0	489	512	
11	0	0	0	0	484	510	
12	0	0	0	0	482	507	
13	0	0	0	0	482	503	
14	0	0	0	0	480	501	
15	0	0	0	0	479	500	
0	0	0	0	0	477	503	
1	0	0	0	0	478	506	
2	0	0	0	0	479	511	
3	0	0	0	0	481	515	
4	0	0	0	0	481	522	
5	0	0	0	0	480	528	
6	0	0	0	0	477	531	
7	0	0	0	0	478	534	
8	0	0	0	0	481	536	
9	0	0	0	0	484	536	
10	0	0	0	0	487	536	
11	0	0	0	0	484	535	
12	0	0	0	0	481	533	
13	0	0	0	0	480	529	
14	0	0	0	0	478	525	
15	0	0	0	0	481	524	
0	0	0	0	0	484	526	
1	0	0	0	0	484	530	
2	0	0	0	0	486	530	
3	0	0	0	0	487	531	
4	0	0	0	0	487	531	
5	0	0	0	0	492	531	
6	0	0	0	0	494	531	
7	0	0	0	0	495	529	
8	0	0	0	0	494	531	
9	0	0	0	0	489	535	
10	0	0	0	0	485	538	
11	0	0	0	0	481	536	
12	0	0	0	0	479	534	
13	0	0	0	0	478	532	
14	0	0	0	0	476	532	
15	0	0	0	0	473	531	
0	0	0	0	0	471	534	
1	0	0	0	0	464	536	
2	0	0	0	0	458	536	
3	0	0	0	0	458	540	
4	0	0	0	0	460	545	
5	0	0	0	0	462	547	
6	0	0	0	0	467	542	
7	0	0	0	0	471	537	
8	0	0	0	0	476	536	
9	0	0	0	0	478	532	
10	0	0	0	0	481	531	
11	0	0	0	0	483	527	
12	0	0	0	0	484	526	
13	0	0	0	0	484	526	
14	0	0	0	0	485	527	
15	0	0	0	0	490	529	
0	0	0	0	0	495	531	
1	0	0	0	0	503	529	
2	0	0	0	0	511	528	
3	0	0	0	0	517	522	
4	0	0	0	0	523	515	
5	0	0	0	0	526	507	
6	0	0	0	0	526	502	
7	0	0	0	0	527	502	
8	0	0	0	0	527	504	
9	0	0	0	0	524	505	
10	0	0	0	0	518	505	
11	0	0	0	0	512	503	
12	0	0	0	0	505	501	
13	0	0	0	0	500	501	
14	0	0	0	0	498	499	
15	0	0	0	0	496	496	
0	0	0	0	0	495	495	
1	0	0	0	0	496	493	
2	0	0	0	0	498	492	
3	0	0	0	0	503	491	
4	0	0	0	0	508	489	
5	0	0	0	0	516	489	
6	0	0	0	0	524	491	
7	0	0	0	0	529	493	
8	0	0	0	0	532	492	
9	0	0	0	0	535	488	
10	0	0	0	0	535	483	
11	0	0	0	0	531	480	
12	0	0	0	0	528	479	
13	0	0	0	0	527	478	
14	0	0	0	0	527	480	
15	0	0	0	0	529	482	
0	0	0	0	0	536	486	
1	0	0	0	0	546	481	
2	0	0	0	0	556	476	
3	0	0	0	0	564	470	
4	0	0	0	0	571	464	
5	0	0	0	0	578	458	
6	0	0	0	0	582	456	
7	0	0	0	0	587	455	
8	0	0	0	0	593	457	
9	0	0	0	0	598	456	
10	0	0	0	0	599	456	
11	0	0	0	0	598	457	
12	0	0	0	0	596	461	
13	0	0	0	0	589	463	
14	0	0	0	0	579	463	
15	0	0	0	0	575	463	
0	0	0	0	0	569	463	
1	0	0	0	0	565	459	
2	0	0	0	0	563	453	
3	0	0	0	0	560	448	
4	0	0	0	0	556	445	
5	0	0	0	0	550	443	
6	0	0	0	0	545	446	
7	0	0	0	0	543	455	
8	0	0	0	0	541	460	
9	0	0	0	0	540	460	
10	0	0	0	0	536	456	
11	0	0	0	0	529	456	
12	0	0	0	0	523	456	
13	0	0	0	0	520	454	
14	0	0	0	0	517	453	
15	0	0	0	0	518	453	
0	0	0	0	0	515	456	
1	0	0	0	0	515	457	
2	0	0	0	0	515	457	
3	0	0	0	0	515	456	
4	0	0	0	0	517	453	
5	0	0	0	0	520	450	
6	0	0	0	0	523	447	
7	0	0	0	0	526	444	
8	0	0	0	0	526	444	
9	0	0	0	0	524	444	
10	0	0	0	0	524	445	
11	0	0	0	0	524	445	
12	0	0	0	0	520	446	
13	0	0	0	0	517	447	
14	0	0	0	0	515	445	
15	0	0	0	0	517	441	
0	0	0	0	0	517	434	
1	0	0	0	0	514	429	
2	0	0	0	0	511	423	
3	0	0	0	0	511	419	
4	0	0	0	0	515	417	
5	0	0	0	0	515	419	
6	0	0	0	0	517	417	
7	0	0	0	0	519	419	
8	0	0	0	0	518	421	
9	0	0	0	0	518	423	
10	0	0	0	0	524	423	
11	0	0	0	0	529	423	
12	0	0	0	0	532	424	
13	0	0	0	0	532	419	
14	0	0	0	0	531	415	
15	0	0	0	0	533	413	
0	0	0	0	0	531	413	
1	0	0	0	0	531	412	
2	0	0	0	0	533	410	
3	0	0	0	0	536	406	
4	0	0	0	0	542	412	
5	0	0	0	0	547	415	
6	0	0	0	0	555	416	
7	0	0	0	0	565	414	
8	0	0	0	0	573	410	
9	0	0	0	0	576	407	
10	0	0	0	0	579	408	
11	0	0	0	0	583	412	
12	0	0	0	0	587	416	
13	0	0	0	0	589	421	
14	0	0	0	0	585	423	
15	0	0	0	0	578	429	
0	0	0	0	0	571	432	
1	0	0	0	0	563	434	
2	0	0	0	0	557	435	
3	0	0	0	0	551	438	
4	0	0	0	0	546	443	
5	0	0	0	0	545	448	
6	0	0	0	0	545	451	
7	0	0	0	0	544	451	
8	0	0	0	0	545	451	
9	0	0	0	0	545	452	
10	0	0	0	0	544	453	
11	0	0	0	0	541	453	
12	0	0	0	0	540	457	
13	0	0	0	0	540	462	
14	0	0	0	0	539	468	
15	0	0	0	0	533	472	
0	0	0	0	0	528	475	
1	0	0	0	0	523	477	
2	0	0	0	0	516	476	
3	0	0	0	0	512	475	
4	0	0	0	0	510	472	
5	0	0	0	0	511	471	
6	0	0	0	0	514	471	
7	0	0	0	0	517	472	
8	0	0	0	0	522	469	
9	0	0	0	0	526	463	
10	0	0	0	0	530	459	
11	0	0	0	0	534	455	
12	0	0	0	0	536	449	
13	0	0	0	0	538	447	
14	0	0	0	0	542	444	
15	0	0	0	0	544	441	
0	0	0	0	0	546	436	
1	0	0	0	0	546	435	
2	0	0	0	0	545	431	
3	0	0	0	0	544	431	
4	0	0	0	0	541	433	
5	0	0	0	0	533	436	
6	0	0	0	0	527	437	
7	0	0	0	0	521	442	
8	0	0	0	0	518	443	
9	0	0	0	0	517	441	
10	0	0	0	0	515	438	
11	0	0	0	0	516	434	
12	0	0	0	0	514	433	
13	0	0	0	0	511	431	
14	0	0	0	0	507	432	
15	0	0	0	0	504	439	
0	0	0	0	0	504	443	
1	0	0	0	0	498	444	
2	0	0	0	0	496	443	
3	0	0	0	0	496	436	
4	0	0	0	0	497	432	
5	0	0	0	0	497	428	
6	0	0	0	0	500	425	
7	0	0	0	0	503	422	
8	0	0	0	0	508	422	
9	0	0	0	0	512	423	
10	0	0	0	0	516	427	
11	0	0	0	0	520	423	
12	0	0	0	0	526	422	
13	0	0	0	0	531	419	
14	0	0	0	0	536	416	
15	0	0	0	0	536	411	
0	0	0	0	0	530	408	
1	0	0	0	0	526	408	
2	0	0	0	0	522	407	
3	0	0	0	0	519	404	
4	0	0	0	0	518	409	
5	0	0	0	0	514	409	
6	0	0	0	0	512	407	
7	0	0	0	0	513	403	
8	0	0	0	0	513	399	
9	0	0	0	0	513	398	
10	0	0	0	0	512	399	
11	0	0	0	0	512	402	
12	0	0	0	0	511	406	
13	0	0	0	0	511	406	
14	0	0	0	0	510	406	
15	0	0	0	0	505	402	
0	0	0	0	0	498	397	
1	0	0	0	0	489	392	
2	0	0	0	0	483	388	
3	0	0	0	0	479	386	
4	0	0	0	0	474	386	
5	0	0	0	0	473	390	
6	0	0	0	0	471	393	
7	0	0	0	0	466	396	
8	0	0	0	0	465	398	
9	0	0	0	0	469	399	
10	0	0	0	0	478	401	
11	0	0	0	0	486	403	
12	0	0	0	0	499	406	
13	0	0	0	0	516	412	
14	0	0	0	0	537	415	
15	0	0	0	0	556	418	
0	0	0	0	0	571	423	
1	0	0	0	0	580	425	
2	0	0	0	0	585	430	
3	0	0	0	0	584	436	
4	0	0	0	0	580	444	
5	0	0	0	0	567	447	
6	0	0	0	0	556	446	
7	0	0	0	0	545	452	
8	0	0	0	0	536	455	
9	0	0	0	0	531	459	
10	0	0	0	0	526	463	
11	0	0	0	0	521	469	
12	0	0	0	0	518	471	
13	0	0	0	0	516	473	
14	0	0	0	0	518	478	
15	0	0	0	0	517	483	
0	0	0	0	0	519	487	
1	0	0	0	0	520	489	
2	0	0	0	0	520	491	
3	0	0	0	0	517	494	
4	0	0	0	0	511	495	
5	0	0	0	0	504	493	
6	0	0	0	0	496	492	
7	0	0	0	0	488	494	
8	0	0	0	0	483	496	
9	0	0	0	0	476	496	
10	0	0	0	0	473	495	
11	0	0	0	0	472	490	
12	0	0	0	0	474	487	
13	0	0	0	0	477	487	
14	0	0	0	0	481	487	
15	0	0	0	0	489	487	
0	0	0	0	0	496	490	
1	0	0	0	0	500	494	
2	0	0	0	0	499	500	
3	0	0	0	0	496	507	
4	0	0	0	0	491	514	
5	0	0	0	0	482	520	
6	0	0	0	0	474	526	
7	0	0	0	0	472	533	
8	0	0	0	0	470	536	
9	0	0	0	0	468	540	
10	0	0	0	0	468	543	
11	0	0	0	0	470	545	
12	0	0	0	0	471	551	
13	0	0	0	0	474	557	
14	0	0	0	0	478	562	
15	0	0	0	0	480	568	
0	0	0	0	0	484	576	
1	0	0	0	0	488	583	
2	0	0	0	0	488	585	
3	0	0	0	0	486	590	
4	0	0	0	0	481	594	
5	0	0	0	0	476	598	
6	0	0	0	0	472	601	
7	0	0	0	0	465	596	
8	0	0	0	0	460	591	
9	0	0	0	0	458	589	
10	0	0	0	0	456	585	
11	0	0	0	0	455	585	
12	0	0	0	0	452	579	
13	0	0	0	0	451	579	
14	0	0	0	0	451	577	
15	0	0	0	0	451	575	
0	0	0	0	0	451	576	
1	0	0	0	0	451	576	
2	0	0	0	0	452	577	
3	0	0	0	0	455	579	
4	0	0	0	0	455	583	
5	0	0	0	0	458	587	
6	0	0	0	0	460	583	
7	0	0	0	0	461	581	
8	0	0	0	0	464	577	
9	0	0	0	0	465	573	
10	0	0	0	0	467	572	
11	0	0	0	0	468	570	
12	0	0	0	0	474	571	
13	0	0	0	0	480	573	
14	0	0	0	0	488	575	
15	0	0	0	0	495	579	
0	0	0	0	0	499	583	
1	0	0	0	0	502	588	
2	0	0	0	0	501	593	
3	0	0	0	0	500	593	
4	0	0	0	0	499	595	
5	0	0	0	0	495	596	
6	0	0	0	0	492	599	
7	0	0	0	0	487	595	
8	0	0	0	0	480	592	
9	0	0	0	0	476	591	
10	0	0	0	0	471	592	
11	0	0	0	0	464	596	
12	0	0	0	0	455	601	
13	0	0	0	0	449	601	
14	0	0	0	0	446	603	
15	0	0	0	0	446	601	
0	0	0	0	0	448	598	
1	0	0	0	0	448	592	
2	0	0	0	0	448	588	
3	0	0	0	0	444	583	
4	0	0	0	0	443	578	
5	0	0	0	0	443	577	
6	0	0	0	0	441	580	
7	0	0	0	0	441	579	
8	0	0	0	0	440	575	
9	0	0	0	0	440	568	
10	0	0	0	0	441	560	
11	0	0	0	0	443	556	
12	0	0	0	0	446	552	
13	0	0	0	0	451	553	
14	0	0	0	0	456	552	
15	0	0	0	0	461	548	
0	0	0	0	0	466	547	
1	0	0	0	0	472	547	
2	0	0	0	0	474	545	
3	0	0	0	0	474	548	
4	0	0	0	0	473	553	
5	0	0	0	0	475	559	
6	0	0	0	0	475	567	
7	0	0	0	0	476	574	
8	0	0	0	0	480	578	
9	0	0	0	0	487	582	
10	0	0	0	0	488	586	
11	0	0	0	0	491	593	
12	0	0	0	0	494	600	
13	0	0	0	0	500	607	
14	0	0	0	0	504	613	
15	0	0	0	0	508	618	
0	0	0	0	0	511	620	
1	0	0	0	0	513	627	
2	0	0	0	0	516	632	
3	0	0	0	0	519	637	
4	0	0	0	0	519	642	
5	0	0	0	0	517	643	
6	0	0	0	0	512	651	
7	0	0	0	0	507	656	
8	0	0	0	0	500	656	
9	0	0	0	0	492	656	
10	0	0	0	0	481	653	
11	0	0	0	0	472	652	
12	0	0	0	0	460	647	
13	0	0	0	0	451	643	
14	0	0	0	0	447	638	
15	0	0	0	0	446	630	
0	0	0	0	0	443	623	
1	0	0	0	0	441	616	
2	0	0	0	0	446	610	
3	0	0	0	0	452	604	
4	0	0	0	0	457	601	
5	0	0	0	0	463	599	
6	0	0	0	0	468	596	
7	0	0	0	0	474	595	
8	0	0	0	0	479	592	
9	0	0	0	0	481	593	
10	0	0	0	0	484	596	
11	0	0	0	0	486	601	
12	0	0	0	0	490	607	
13	0	0	0	0	496	607	
14	0	0	0	0	500	606	
15	0	0	0	0	504	606	
0	0	0	0	0	507	606	
1	0	0	0	0	510	606	
2	0	0	0	0	510	609	
3	0	0	0	0	511	610	
4	0	0	0	0	513	612	
5	0	0	0	0	512	612	
6	0	0	0	0	511	613	
7	0	0	0	0	506	612	
8	0	0	0	0	502	611	
9	0	0	0	0	504	608	
10	0	0	0	0	504	605	
11	0	0	0	0	503	600	
12	0	0	0	0	503	593	
13	0	0	0	0	505	588	
14	0	0	0	0	506	583	
15	0	0	0	0	505	576	
0	0	0	0	0	503	569	
1	0	0	0	0	500	563	
2	0	0	0	0	500	562	
3	0	0	0	0	501	563	
4	0	0	0	0	510	565	
5	0	0	0	0	519	568	
6	0	0	0	0	524	573	
7	0	0	0	0	524	575	
8	0	0	0	0	519	577	
9	0	0	0	0	512	577	
10	0	0	0	0	505	576	
11	0	0	0	0	493	576	
12	0	0	0	0	482	576	
13	0	0	0	0	472	575	
14	0	0	0	0	461	572	
15	0	0	0	0	452	575	
0	0	0	0	0	443	575	
1	0	0	0	0	435	574	
2	0	0	0	0	428	574	
3	0	0	0	0	423	572	
4	0	0	0	0	420	572	
5	0	0	0	0	420	571	
6	0	0	0	0	418	569	
7	0	0	0	0	419	566	
8	0	0	0	0	419	558	
9	0	0	0	0	419	553	
10	0	0	0	0	418	547	
11	0	0	0	0	418	544	
12	0	0	0	0	419	544	
13	0	0	0	0	420	544	
14	0	0	0	0	423	543	
15	0	0	0	0	425	543	
0	0	0	0	0	425	543	
1	0	0	0	0	424	543	
2	0	0	0	0	422	543	
3	0	0	0	0	420	542	
4	0	0	0	0	419	540	
5	0	0	0	0	424	541	
6	0	0	0	0	430	544	
7	0	0	0	0	437	547	
8	0	0	0	0	441	551	
9	0	0	0	0	446	552	
10	0	0	0	0	447	553	
11	0	0	0	0	447	554	
12	0	0	0	0	444	554	
13	0	0	0	0	438	553	
14	0	0	0	0	434	552	
15	0	0	0	0	430	551	
0	0	0	0	0	424	554	
1	0	0	0	0	422	555	
2	0	0	0	0	425	551	
3	0	0	0	0	430	547	
4	0	0	0	0	436	544	
5	0	0	0	0	439	544	
6	0	0	0	0	438	545	
7	0	0	0	0	441	544	
8	0	0	0	0	439	540	
9	0	0	0	0	439	533	
10	0	0	0	0	438	529	
11	0	0	0	0	435	524	
12	0	0	0	0	433	519	
13	0	0	0	0	430	516	
14	0	0	0	0	431	511	
15	0	0	0	0	431	505	
0	0	0	0	0	431	497	
1	0	0	0	0	433	492	
2	0	0	0	0	434	486	
3	0	0	0	0	435	482	
4	0	0	0	0	439	481	
5	0	0	0	0	443	475	
6	0	0	0	0	448	470	
7	0	0	0	0	456	468	
8	0	0	0	0	457	465	
9	0	0	0	0	455	465	
10	0	0	0	0	452	467	
11	0	0	0	0	448	471	
12	0	0	0	0	442	476	
13	0	0	0	0	436	482	
14	0	0	0	0	432	491	
15	0	0	0	0	428	493	
0	0	0	0	0	423	495	
1	0	0	0	0	420	497	
2	0	0	0	0	416	500	
3	0	0	0	0	417	503	
4	0	0	0	0	421	508	
5	0	0	0	0	424	510	
6	0	0	0	0	431	509	
7	0	0	0	0	439	504	
8	0	0	0	0	444	500	
9	0	0	0	0	448	498	
10	0	0	0	0	453	498	
11	0	0	0	0	457	497	
12	0	0	0	0	461	498	
13	0	0	0	0	462	497	
14	0	0	0	0	462	494	
15	0	0	0	0	459	493	
0	0	0	0	0	455	492	
1	0	0	0	0	450	492	
2	0	0	0	0	447	491	
3	0	0	0	0	445	492	
4	0	0	0	0	446	498	
5	0	0	0	0	450	502	
6	0	0	0	0	454	500	
7	0	0	0	0	456	497	
8	0	0	0	0	456	497	
9	0	0	0	0	457	498	
10	0	0	0	0	460	502	
11	0	0	0	0	460	504	
12	0	0	0	0	458	508	
13	0	0	0	0	455	511	
14	0	0	0	0	452	508	
15	0	0	0	0	450	504	
0	0	0	0	0	451	503	
1	0	0	0	0	452	503	
2	0	0	0	0	454	501	
3	0	0	0	0	456	500	
4	0	0	0	0	459	500	
5	0	0	0	0	461	502	
6	0	0	0	0	463	499	
7	0	0	0	0	465	496	
8	0	0	0	0	469	492	
9	0	0	0	0	473	489	
10	0	0	0	0	478	488	
11	0	0	0	0	480	487	
12	0	0	0	0	476	484	
13	0	0	0	0	473	484	
14	0	0	0	0	470	487	
15	0	0	0	0	468	487	
0	0	0	0	0	462	487	
1	0	0	0	0	456	487	
2	0	0	0	0	451	487	
3	0	0	0	0	448	490	
4	0	0	0	0	446	495	
5	0	0	0	0	448	498	
6	0	0	0	0	452	499	
7	0	0	0	0	456	498	
8	0	0	0	0	460	499	
9	0	0	0	0	464	497	
10	0	0	0	0	471	495	
11	0	0	0	0	475	491	
12	0	0	0	0	476	489	
13	0	0	0	0	476	488	
14	0	0	0	0	474	488	
15	0	0	0	0	466	487	
0	0	0	0	0	459	484	
1	0	0	0	0	451	481	
2	0	0	0	0	442	479	
3	0	0	0	0	432	476	
4	0	0	0	0	422	471	
5	0	0	0	0	413	467	
6	0	0	0	0	407	463	
7	0	0	0	0	404	464	
8	0	0	0	0	398	463	
9	0	0	0	0	396	464	
10	0	0	0	0	397	467	
11	0	0	0	0	397	468	
12	0	0	0	0	397	472	
13	0	0	0	0	399	476	
14	0	0	0	0	403	475	
15	0	0	0	0	404	471	
0	0	0	0	0	405	467	
1	0	0	0	0	405	464	
2	0	0	0	0	403	465	
3	0	0	0	0	401	465	
4	0	0	0	0	399	467	
5	0	0	0	0	399	471	
6	0	0	0	0	399	468	
7	0	0	0	0	402	465	
8	0	0	0	0	405	460	
9	0	0	0	0	410	451	
10	0	0	0	0	416	445	
11	0	0	0	0	427	441	
12	0	0	0	0	430	440	
13	0	0	0	0	434	444	
14	0	0	0	0	434	448	
15	0	0	0	0	435	450	
0	0	0	0	0	430	451	
1	0	0	0	0	427	449	
2	0	0	0	0	425	449	
3	0	0	0	0	428	448	
4	0	0	0	0	429	444	
5	0	0	0	0	429	440	
6	0	0	0	0	431	436	
7	0	0	0	0	436	431	
8	0	0	0	0	443	428	
9	0	0	0	0	448	425	
10	0	0	0	0	454	425	
11	0	0	0	0	462	423	
12	0	0	0	0	471	420	
13	0	0	0	0	475	416	
14	0	0	0	0	481	413	
15	0	0	0	0	484	412	
0	0	0	0	0	483	412	
1	0	0	0	0	480	408	
2	0	0	0	0	479	407	
3	0	0	0	0	478	408	
4	0	0	0	0	476	413	
5	0	0	0	0	478	420	
6	0	0	0	0	478	427	
7	0	0	0	0	478	432	
8	0	0	0	0	480	439	
9	0	0	0	0	481	439	
10	0	0	0	0	486	437	
11	0	0	0	0	489	432	
12	0	0	0	0	494	425	
13	0	0	0	0	499	420	
14	0	0	0	0	504	419	
15	0	0	0	0	509	416	
0	0	0	0	0	510	414	
1	0	0	0	0	512	407	
2	0	0	0	0	516	400	
3	0	0	0	0	516	395	
4	0	0	0	0	515	391	
5	0	0	0	0	511	391	
6	0	0	0	0	508	389	
7	0	0	0	0	501	384	
8	0	0	0	0	498	380	
9	0	0	0	0	498	372	
10	0	0	0	0	503	369	
11	0	0	0	0	509	364	
12	0	0	0	0	513	358	
13	0	0	0	0	520	356	
14	0	0	0	0	527	355	
15	0	0	0	0	531	353	
0	0	0	0	0	537	355	
1	0	0	0	0	537	351	
2	0	0	0	0	531	358	
3	0	0	0	0	524	361	
4	0	0	0	0	516	363	
5	0	0	0	0	507	366	
6	0	0	0	0	496	372	
7	0	0	0	0	488	379	
8	0	0	0	0	481	382	
9	0	0	0	0	478	382	
10	0	0	0	0	478	387	
11	0	0	0	0	479	389	
12	0	0	0	0	479	390	
13	0	0	0	0	480	394	
14	0	0	0	0	485	398	
15	0	0	0	0	488	398	
0	0	0	0	0	490	396	
1	0	0	0	0	489	389	
2	0	0	0	0	491	386	
3	0	0	0	0	490	385	
4	0	0	0	0	487	383	
5	0	0	0	0	487	381	
6	0	0	0	0	486	380	
7	0	0	0	0	483	379	
8	0	0	0	0	480	378	
9	0	0	0	0	479	376	
10	0	0	0	0	479	376	
11	0	0	0	0	479	378	
12	0	0	0	0	480	380	
13	0	0	0	0	483	384	
14	0	0	0	0	486	385	
15	0	0	0	0	490	389	
0	0	0	0	0	496	395	
1	0	0	0	0	502	397	
2	0	0	0	0	504	399	
3	0	0	0	0	506	402	
4	0	0	0	0	502	404	
5	0	0	0	0	496	405	
6	0	0	0	0	490	400	
7	0	0	0	0	489	400	
8	0	0	0	0	489	399	
9	0	0	0	0	495	399	
10	0	0	0	0	499	396	
11	0	0	0	0	500	390	
12	0	0	0	0	504	388	
13	0	0	0	0	511	383	
14	0	0	0	0	518	379	
15	0	0	0	0	523	376	
0	0	0	0	0	525	372	
1	0	0	0	0	525	370	
2	0	0	0	0	521	369	
3	0	0	0	0	513	373	
4	0	0	0	0	508	375	
5	0	0	0	0	501	379	
6	0	0	0	0	496	379	
7	0	0	0	0	492	381	
8	0	0	0	0	491	382	
9	0	0	0	0	492	384	
10	0	0	0	0	497	384	
11	0	0	0	0	503	386	
12	0	0	0	0	508	386	
13	0	0	0	0	514	388	
14	0	0	0	0	520	383	
15	0	0	0	0	530	382	
0	0	0	0	0	537	384	
1	0	0	0	0	544	383	
2	0	0	0	0	547	385	
3	0	0	0	0	548	389	
4	0	0	0	0	550	391	
5	0	0	0	0	550	393	
6	0	0	0	0	548	393	
7	0	0	0	0	543	398	
8	0	0	0	0	543	396	
9	0	0	0	0	543	394	
10	0	0	0	0	545	392	
11	0	0	0	0	547	391	
12	0	0	0	0	548	399	
13	0	0	0	0	551	401	
14	0	0	0	0	558	403	
15	0	0	0	0	564	407	
0	0	0	0	0	572	403	
1	0	0	0	0	577	404	
2	0	0	0	0	582	402	
3	0	0	0	0	583	399	
4	0	0	0	0	580	397	
5	0	0	0	0	579	395	
6	0	0	0	0	575	389	
7	0	0	0	0	570	385	
8	0	0	0	0	566	380	
9	0	0	0	0	560	384	
10	0	0	0	0	557	383	
11	0	0	0	0	551	382	
12	0	0	0	0	549	384	
13	0	0	0	0	547	385	
14	0	0	0	0	548	385	
15	0	0	0	0	550	389	
0	0	0	0	0	551	396	
1	0	0	0	0	555	401	
2	0	0	0	0	560	406	
3	0	0	0	0	567	411	
4	0	0	0	0	571	415	
5	0	0	0	0	573	414	
6	0	0	0	0	575	411	
7	0	0	0	0	577	408	
8	0	0	0	0	577	408	
9	0	0	0	0	575	410	
10	0	0	0	0	575	411	
11	0	0	0	0	573	409	
12	0	0	0	0	566	410	
13	0	0	0	0	562	412	
14	0	0	0	0	560	414	
15	0	0	0	0	560	414	
0	0	0	0	0	563	415	
1	0	0	0	0	568	416	
2	0	0	0	0	569	415	
3	0	0	0	0	565	414	
4	0	0	0	0	563	412	
5	0	0	0	0	561	411	
6	0	0	0	0	556	410	
7	0	0	0	0	552	411	
8	0	0	0	0	552	411	
9	0	0	0	0	551	413	
10	0	0	0	0	547	415	
11	0	0	0	0	537	416	
12	0	0	0	0	534	413	
13	0	0	0	0	529	411	
14	0	0	0	0	527	408	
15	0	0	0	0	528	403	
0	0	0	0	0	532	401	
1	0	0	0	0	538	399	
2	0	0	0	0	547	398	
3	0	0	0	0	553	399	
4	0	0	0	0	559	401	
5	0	0	0	0	563	405	
6	0	0	0	0	561	412	
7	0	0	0	0	558	413	
8	0	0	0	0	551	417	
9	0	0	0	0	543	420	
10	0	0	0	0	536	425	
11	0	0	0	0	531	431	
12	0	0	0	0	527	434	
13	0	0	0	0	529	445	
14	0	0	0	0	533	450	
15	0	0	0	0	538	453	
0	0	0	0	0	547	456	
1	0	0	0	0	559	457	
2	0	0	0	0	572	459	
3	0	0	0	0	582	460	
4	0	0	0	0	590	457	
5	0	0	0	0	596	455	
6	0	0	0	0	598	455	
7	0	0	0	0	602	455	
8	0	0	0	0	607	454	
9	0	0	0	0	611	448	
10	0	0	0	0	616	447	
11	0	0	0	0	618	444	
12	0	0	0	0	623	440	
13	0	0	0	0	625	435	
14	0	0	0	0	629	430	
15	0	0	0	0	632	427	
0	0	0	0	0	631	424	
1	0	0	0	0	632	420	
2	0	0	0	0	633	417	
3	0	0	0	0	630	415	
4	0	0	0	0	628	416	
5	0	0	0	0	627	426	
6	0	0	0	0	628	427	
7	0	0	0	0	625	424	
8	0	0	0	0	622	423	
9	0	0	0	0	615	420	
10	0	0	0	0	606	419	
11	0	0	0	0	594	424	
12	0	0	0	0	582	432	
13	0	0	0	0	572	439	
14	0	0	0	0	562	445	
15	0	0	0	0	554	453	
0	0	0	0	0	551	458	
1	0	0	0	0	551	460	
2	0	0	0	0	548	459	
3	0	0	0	0	545	460	
4	0	0	0	0	542	459	
5	0	0	0	0	540	460	
6	0	0	0	0	540	460	
7	0	0	0	0	539	461	
8	0	0	0	0	536	461	
9	0	0	0	0	536	462	
10	0	0	0	0	534	466	
11	0	0	0	0	533	470	
12	0	0	0	0	535	470	
13	0	0	0	0	536	467	
14	0	0	0	0	541	464	
15	0	0	0	0	545	462	
0	0	0	0	0	551	459	
1	0	0	0	0	557	459	
2	0	0	0	0	561	460	
3	0	0	0	0	567	457	
4	0	0	0	0	572	457	
5	0	0	0	0	579	461	
6	0	0	0	0	584	464	
7	0	0	0	0	589	465	
8	0	0	0	0	591	468	
9	0	0	0	0	592	466	
10	0	0	0	0	591	466	
11	0	0	0	0	588	465	
12	0	0	0	0	583	465	
13	0	0	0	0	575	465	
14	0	0	0	0	567	466	
15	0	0	0	0	558	469	
0	0	0	0	0	550	468	
1	0	0	0	0	541	464	
2	0	0	0	0	535	461	
3	0	0	0	0	533	460	
4	0	0	0	0	534	460	
5	0	0	0	0	536	465	
6	0	0	0	0	536	472	
7	0	0	0	0	534	474	
8	0	0	0	0	532	476	
9	0	0	0	0	535	476	
10	0	0	0	0	540	476	
11	0	0	0	0	543	475	
12	0	0	0	0	546	474	
13	0	0	0	0	550	475	
14	0	0	0	0	552	472	
15	0	0	0	0	552	466	
0	0	0	0	0	554	463	
1	0	0	0	0	555	463	
2	0	0	0	0	557	467	
3	0	0	0	0	559	468	
4	0	0	0	0	556	468	
5	0	0	0	0	558	465	
6	0	0	0	0	563	465	
7	0	0	0	0	566	463	
8	0	0	0	0	569	467	
9	0	0	0	0	572	463	
10	0	0	0	0	575	460	
11	0	0	0	0	575	457	
12	0	0	0	0	575	455	
13	0	0	0	0	576	457	
14	0	0	0	0	578	458	
15	0	0	0	0	577	462	
0	0	0	0	0	575	468	
1	0	0	0	0	575	475	
2	0	0	0	0	574	477	
3	0	0	0	0	575	479	
4	0	0	0	0	574	483	
5	0	0	0	0	575	490	
6	0	0	0	0	572	492	
7	0	0	0	0	571	494	
8	0	0	0	0	569	497	
9	0	0	0	0	571	495	
10	0	0	0	0	575	492	
11	0	0	0	0	577	492	
12	0	0	0	0	574	494	
13	0	0	0	0	571	498	
14	0	0	0	0	568	501	
15	0	0	0	0	564	501	
0	0	0	0	0	561	503	
1	0	0	0	0	560	504	
2	0	0	0	0	560	508	
3	0	0	0	0	561	512	
4	0	0	0	0	562	514	
5	0	0	0	0	563	519	
6	0	0	0	0	563	522	
7	0	0	0	0	565	524	
8	0	0	0	0	568	525	
9	0	0	0	0	570	523	
10	0	0	0	0	569	519	
11	0	0	0	0	569	519	
12	0	0	0	0	568	518	
13	0	0	0	0	562	515	
14	0	0	0	0	554	511	
15	0	0	0	0	547	510	
0	0	0	0	0	543	507	
1	0	0	0	0	543	507	
2	0	0	0	0	544	510	
3	0	0	0	0	546	513	
4	0	0	0	0	549	514	
5	0	0	0	0	555	514	
6	0	0	0	0	561	512	
7	0	0	0	0	567	508	
8	0	0	0	0	572	507	
9	0	0	0	0	577	504	
10	0	0	0	0	581	501	
11	0	0	0	0	582	499	
12	0	0	0	0	579	499	
13	0	0	0	0	573	499	
14	0	0	0	0	568	502	
15	0	0	0	0	561	507	
0	0	0	0	0	553	511	
1	0	0	0	0	548	512	
2	0	0	0	0	547	513	
3	0	0	0	0	544	515	
4	0	0	0	0	542	519	
5	0	0	0	0	541	518	
6	0	0	0	0	542	515	
7	0	0	0	0	543	516	
8	0	0	0	0	546	515	
9	0	0	0	0	550	513	
10	0	0	0	0	558	511	
11	0	0	0	0	566	513	
12	0	0	0	0	570	515	
13	0	0	0	0	570	518	
14	0	0	0	0	568	520	
15	0	0	0	0	561	519	
0	0	0	0	0	555	516	
1	0	0	0	0	547	511	
2	0	0	0	0	540	509	
3	0	0	0	0	534	508	
4	0	0	0	0	531	510	
5	0	0	0	0	530	512	
6	0	0	0	0	534	513	
7	0	0	0	0	541	518	
8	0	0	0	0	547	518	
9	0	0	0	0	552	519	
10	0	0	0	0	557	516	
11	0	0	0	0	559	515	
12	0	0	0	0	561	516	
13	0	0	0	0	563	516	
14	0	0	0	0	566	511	
15	0	0	0	0	568	509	
0	0	0	0	0	567	508	
1	0	0	0	0	568	508	
2	0	0	0	0	567	505	
3	0	0	0	0	565	504	
4	0	0	0	0	564	504	
5	0	0	0	0	564	502	
6	0	0	0	0	561	502	
7	0	0	0	0	559	500	
8	0	0	0	0	556	500	
9	0	0	0	0	555	498	
10	0	0	0	0	551	496	
11	0	0	0	0	551	495	
12	0	0	0	0	551	491	
13	0	0	0	0	548	488	
14	0	0	0	0	545	487	
15	0	0	0	0	542	485	
0	0	0	0	0	536	483	
1	0	0	0	0	526	484	
2	0	0	0	0	515	487	
3	0	0	0	0	508	489	
4	0	0	0	0	503	490	
5	0	0	0	0	502	491	
6	0	0	0	0	503	494	
7	0	0	0	0	503	494	
8	0	0	0	0	500	495	
9	0	0	0	0	499	495	
10	0	0	0	0	500	497	
11	0	0	0	0	507	497	
12	0	0	0	0	510	499	
13	0	0	0	0	513	501	
14	0	0	0	0	515	502	
15	0	0	0	0	517	499	
0	0	0	0	0	517	498	
1	0	0	0	0	515	499	
2	0	0	0	0	513	496	
3	0	0	0	0	512	493	
4	0	0	0	0	508	495	
5	0	0	0	0	506	498	
6	0	0	0	0	504	504	
7	0	0	0	0	504	509	
8	0	0	0	0	512	510	
9	0	0	0	0	517	511	
10	0	0	0	0	523	509	
11	0	0	0	0	528	508	
12	0	0	0	0	536	508	
13	0	0	0	0	540	508	
14	0	0	0	0	542	506	
15	0	0	0	0	541	507	
0	0	0	0	0	540	508	
1	0	0	0	0	540	512	
2	0	0	0	0	540	513	
3	0	0	0	0	539	512	
4	0	0	0	0	538	510	
5	0	0	0	0	537	510	
6	0	0	0	0	536	512	
7	0	0	0	0	537	515	
8	0	0	0	0	537	519	
9	0	0	0	0	539	526	
10	0	0	0	0	540	530	
11	0	0	0	0	545	535	
12	0	0	0	0	550	538	
13	0	0	0	0	558	545	
14	0	0	0	0	563	550	
15	0	0	0	0	566	550	
0	0	0	0	0	571	545	
1	0	0	0	0	572	542	
2	0	0	0	0	571	541	
3	0	0	0	0	566	541	
4	0	0	0	0	560	541	
5	0	0	0	0	558	543	
6	0	0	0	0	554	545	
7	0	0	0	0	550	547	
8	0	0	0	0	547	551	
9	0	0	0	0	546	555	
10	0	0	0	0	547	557	
11	0	0	0	0	551	557	
12	0	0	0	0	555	553	
13	0	0	0	0	559	551	
14	0	0	0	0	557	547	
15	0	0	0	0	558	544	
0	0	0	0	0	559	542	
1	0	0	0	0	562	544	
2	0	0	0	0	563	543	
3	0	0	0	0	563	541	
4	0	0	0	0	560	540	
5	0	0	0	0	558	537	
6	0	0	0	0	558	534	
7	0	0	0	0	556	527	
8	0	0	0	0	555	523	
9	0	0	0	0	551	519	
10	0	0	0	0	556	517	
11	0	0	0	0	561	516	
12	0	0	0	0	561	513	
13	0	0	0	0	558	512	
14	0	0	0	0	558	514	
15	0	0	0	0	558	516	
0	0	0	0	0	559	516	
1	0	0	0	0	561	517	
2	0	0	0	0	568	519	
3	0	0	0	0	576	517	
4	0	0	0	0	584	517	
5	0	0	0	0	591	520	
6	0	0	0	0	597	525	
7	0	0	0	0	604	530	
8	0	0	0	0	606	536	
9	0	0	0	0	604	544	
10	0	0	0	0	600	553	
11	0	0	0	0	597	563	
12	0	0	0	0	593	570	
13	0	0	0	0	593	576	
14	0	0	0	0	593	583	
15	0	0	0	0	592	587	
0	0	0	0	0	591	590	
1	0	0	0	0	591	590	
2	0	0	0	0	591	595	
3	0	0	0	0	590	598	
4	0	0	0	0	588	600	
5	0	0	0	0	583	599	
6	0	0	0	0	575	596	
7	0	0	0	0	570	594	
8	0	0	0	0	567	593	
9	0	0	0	0	564	593	
10	0	0	0	0	567	597	
11	0	0	0	0	572	601	
12	0	0	0	0	577	604	
13	0	0	0	0	582	607	
14	0	0	0	0	582	608	
15	0	0	0	0	583	604	
0	0	0	0	0	585	599	
1	0	0	0	0	589	592	
2	0	0	0	0	591	586	
3	0	0	0	0	596	582	
4	0	0	0	0	601	577	
5	0	0	0	0	601	573	
6	0	0	0	0	601	571	
7	0	0	0	0	601	568	
8	0	0	0	0	597	561	
9	0	0	0	0	597	551	
10	0	0	0	0	598	541	
11	0	0	0	0	599	531	
12	0	0	0	0	598	526	
13	0	0	0	0	601	526	
14	0	0	0	0	604	527	
15	0	0	0	0	604	532	
0	0	0	0	0	603	538	
1	0	0	0	0	600	545	
2	0	0	0	0	596	551	
3	0	0	0	0	588	554	
4	0	0	0	0	575	557	
5	0	0	0	0	558	557	
6	0	0	0	0	543	558	
7	0	0	0	0	533	560	
8	0	0	0	0	524	568	
9	0	0	0	0	518	578	
10	0	0	0	0	511	589	
11	0	0	0	0	502	599	
12	0	0	0	0	495	607	
13	0	0	0	0	489	614	
14	0	0	0	0	482	619	
15	0	0	0	0	478	626	
0	0	0	0	0	475	632	
1	0	0	0	0	472	637	
2	0	0	0	0	472	639	
3	0	0	0	0	470	640	
4	0	0	0	0	469	633	
5	0	0	0	0	466	627	
6	0	0	0	0	465	624	
7	0	0	0	0	468	621	
8	0	0	0	0	473	622	
9	0	0	0	0	477	624	
10	0	0	0	0	478	624	
11	0	0	0	0	482	620	
12	0	0	0	0	490	614	
13	0	0	0	0	497	609	
14	0	0	0	0	508	606	
15	0	0	0	0	516	600	
0	0	0	0	0	524	593	
1	0	0	0	0	528	591	
2	0	0	0	0	532	594	
3	0	0	0	0	533	601	
4	0	0	0	0	529	611	
5	0	0	0	0	522	619	
6	0	0	0	0	515	627	
7	0	0	0	0	502	628	
8	0	0	0	0	490	629	
9	0	0	0	0	477	625	
10	0	0	0	0	466	621	
11	0	0	0	0	457	618	
12	0	0	0	0	451	615	
13	0	0	0	0	444	619	
14	0	0	0	0	436	626	
15	0	0	0	0	430	632	
0	0	0	0	0	428	637	
1	0	0	0	0	430	638	
2	0	0	0	0	433	638	
3	0	0	0	0	435	633	
4	0	0	0	0	442	628	
5	0	0	0	0	446	618	
6	0	0	0	0	451	610	
7	0	0	0	0	454	599	
8	0	0	0	0	458	589	
9	0	0	0	0	461	579	
10	0	0	0	0	467	567	
11	0	0	0	0	471	557	
12	0	0	0	0	473	549	
13	0	0	0	0	472	544	
14	0	0	0	0	473	543	
15	0	0	0	0	477	540	
0	0	0	0	0	483	534	
1	0	0	0	0	491	529	
2	0	0	0	0	499	524	
3	0	0	0	0	509	522	
4	0	0	0	0	516	521	
5	0	0	0	0	519	523	
6	0	0	0	0	519	531	
7	0	0	0	0	518	537	
8	0	0	0	0	513	544	
9	0	0	0	0	504	548	
10	0	0	0	0	497	550	
11	0	0	0	0	490	551	
12	0	0	0	0	483	551	
13	0	0	0	0	476	543	
14	0	0	0	0	467	536	
15	0	0	0	0	461	527	
0	0	0	0	0	461	519	
1	0	0	0	0	465	515	
2	0	0	0	0	470	514	
3	0	0	0	0	472	515	
4	0	0	0	0	474	518	
5	0	0	0	0	478	521	
6	0	0	0	0	482	526	
7	0	0	0	0	484	531	
8	0	0	0	0	484	536	
9	0	0	0	0	480	540	
10	0	0	0	0	472	545	
11	0	0	0	0	464	552	
12	0	0	0	0	458	559	
13	0	0	0	0	456	567	
14	0	0	0	0	458	568	
15	0	0	0	0	461	565	
0	0	0	0	0	463	559	
1	0	0	0	0	472	551	
2	0	0	0	0	481	541	
3	0	0	0	0	493	529	
4	0	0	0	0	506	517	
5	0	0	0	0	518	506	
6	0	0	0	0	524	500	
7	0	0	0	0	529	498	
8	0	0	0	0	531	499	
9	0	0	0	0	524	502	
10	0	0	0	0	511	508	
11	0	0	0	0	499	512	
12	0	0	0	0	485	517	
13	0	0	0	0	474	522	
14	0	0	0	0	465	528	
15	0	0	0	0	460	533	
0	0	0	0	0	460	536	
1	0	0	0	0	463	537	
2	0	0	0	0	463	536	
3	0	0	0	0	466	536	
4	0	0	0	0	468	534	
5	0	0	0	0	472	533	
6	0	0	0	0	476	533	
7	0	0	0	0	480	534	
8	0	0	0	0	479	533	
9	0	0	0	0	477	533	
10	0	0	0	0	472	537	
11	0	0	0	0	467	537	
12	0	0	0	0	460	534	
13	0	0	0	0	455	531	
14	0	0	0	0	450	529	
15	0	0	0	0	444	526	
0	0	0	0	0	438	525	
1	0	0	0	0	430	523	
2	0	0	0	0	425	519	
3	0	0	0	0	425	516	
4	0	0	0	0	428	509	
5	0	0	0	0	432	504	
6	0	0	0	0	435	503	
7	0	0	0	0	436	503	
8	0	0	0	0	435	505	
9	0	0	0	0	436	506	
10	0	0	0	0	439	507	
11	0	0	0	0	439	507	
12	0	0	0	0	436	508	
13	0	0	0	0	430	508	
14	0	0	0	0	424	506	
15	0	0	0	0	421	498	
0	0	0	0	0	421	492	
1	0	0	0	0	426	487	
2	0	0	0	0	430	480	
3	0	0	0	0	435	478	
4	0	0	0	0	438	475	
5	0	0	0	0	441	475	
6	0	0	0	0	446	472	
7	0	0	0	0	451	466	
8	0	0	0	0	455	464	
9	0	0	0	0	459	466	
10	0	0	0	0	461	471	
11	0	0	0	0	462	477	
12	0	0	0	0	464	481	
13	0	0	0	0	465	482	
14	0	0	0	0	465	480	
15	0	0	0	0	465	478	
0	0	0	0	0	468	476	
1	0	0	0	0	469	473	
2	0	0	0	0	470	473	
3	0	0	0	0	473	474	
4	0	0	0	0	478	472	
5	0	0	0	0	481	471	
6	0	0	0	0	486	473	
7	0	0	0	0	490	479	
8	0	0	0	0	491	483	
9	0	0	0	0	490	486	
10	0	0	0	0	490	488	
11	0	0	0	0	487	488	
12	0	0	0	0	479	485	
13	0	0	0	0	472	482	
14	0	0	0	0	469	480	
15	0	0	0	0	466	479	
0	0	0	0	0	465	478	
1	0	0	0	0	464	476	
2	0	0	0	0	466	474	
3	0	0	0	0	468	474	
4	0	0	0	0	477	473	
5	0	0	0	0	486	470	
6	0	0	0	0	489	465	
7	0	0	0	0	491	463	
8	0	0	0	0	493	465	
9	0	0	0	0	492	467	
10	0	0	0	0	490	468	
11	0	0	0	0	488	468	
12	0	0	0	0	488	472	
13	0	0	0	0	491	474	
14	0	0	0	0	494	475	
15	0	0	0	0	496	476	
0	0	0	0	0	499	478	
1	0	0	0	0	504	479	
2	0	0	0	0	507	484	
3	0	0	0	0	506	492	
4	0	0	0	0	505	497	
5	0	0	0	0	507	497	
6	0	0	0	0	511	497	
7	0	0	0	0	518	497	
8	0	0	0	0	519	499	
9	0	0	0	0	516	500	
10	0	0	0	0	513	503	
11	0	0	0	0	510	507	
12	0	0	0	0	505	510	
13	0	0	0	0	500	510	
14	0	0	0	0	495	509	
15	0	0	0	0	490	513	
0	0	0	0	0	485	514	
1	0	0	0	0	482	513	
2	0	0	0	0	483	514	
3	0	0	0	0	480	516	
4	0	0	0	0	476	516	
5	0	0	0	0	475	516	
6	0	0	0	0	473	517	
7	0	0	0	0	474	516	
8	0	0	0	0	476	515	
9	0	0	0	0	480	514	
10	0	0	0	0	483	515	
11	0	0	0	0	483	518	
12	0	0	0	0	482	519	
13	0	0	0	0	482	517	
14	0	0	0	0	485	519	
15	0	0	0	0	485	521	
0	0	0	0	0	486	524	
1	0	0	0	0	485	526	
2	0	0	0	0	487	525	
3	0	0	0	0	489	523	
4	0	0	0	0	490	522	
5	0	0	0	0	487	522	
6	0	0	0	0	486	523	
7	0	0	0	0	488	522	
8	0	0	0	0	492	518	
9	0	0	0	0	496	521	
10	0	0	0	0	496	526	
11	0	0	0	0	496	534	
12	0	0	0	0	497	547	
13	0	0	0	0	501	560	
14	0	0	0	0	500	575	
15	0	0	0	0	499	587	
0	0	0	0	0	498	601	
1	0	0	0	0	494	615	
2	0	0	0	0	491	625	
3	0	0	0	0	485	636	
4	0	0	0	0	481	646	
5	0	0	0	0	480	654	
6	0	0	0	0	480	663	
7	0	0	0	0	478	665	
8	0	0	0	0	479	672	
9	0	0	0	0	481	679	
10	0	0	0	0	480	681	
11	0	0	0	0	484	681	
12	0	0	0	0	487	679	
13	0	0	0	0	488	677	
14	0	0	0	0	487	676	
15	0	0	0	0	484	676	
0	0	0	0	0	484	679	
1	0	0	0	0	481	686	
2	0	0	0	0	483	691	
3	0	0	0	0	485	699	
4	0	0	0	0	487	702	
5	0	0	0	0	489	700	
6	0	0	0	0	493	699	
7	0	0	0	0	498	699	
8	0	0	0	0	502	699	
9	0	0	0	0	506	697	
10	0	0	0	0	511	694	
11	0	0	0	0	516	688	
12	0	0	0	0	521	683	
13	0	0	0	0	525	677	
14	0	0	0	0	526	673	
15	0	0	0	0	528	671	
0	0	0	0	0	529	669	
1	0	0	0	0	528	667	
2	0	0	0	0	529	662	
3	0	0	0	0	529	656	
4	0	0	0	0	526	652	
5	0	0	0	0	525	650	
6	0	0	0	0	524	651	
7	0	0	0	0	527	655	
8	0	0	0	0	533	656	
9	0	0	0	0	539	648	
10	0	0	0	0	547	633	
11	0	0	0	0	555	618	
12	0	0	0	0	561	604	
13	0	0	0	0	564	592	
14	0	0	0	0	566	585	
15	0	0	0	0	565	584	
0	0	0	0	0	566	592	
1	0	0	0	0	567	600	
2	0	0	0	0	564	610	
3	0	0	0	0	559	621	
4	0	0	0	0	552	630	
5	0	0	0	0	546	640	
6	0	0	0	0	542	641	
7	0	0	0	0	542	632	
8	0	0	0	0	542	615	
9	0	0	0	0	545	597	
10	0	0	0	0	547	584	
11	0	0	0	0	553	579	
12	0	0	0	0	557	577	
13	0	0	0	0	563	578	
14	0	0	0	0	569	583	
15	0	0	0	0	574	591	
0	0	0	0	0	580	590	
1	0	0	0	0	582	584	
2	0	0	0	0	581	577	
3	0	0	0	0	583	570	
4	0	0	0	0	583	562	
5	0	0	0	0	580	557	
6	0	0	0	0	577	554	
7	0	0	0	0	569	554	
8	0	0	0	0	561	556	
9	0	0	0	0	556	562	
10	0	0	0	0	552	573	
11	0	0	0	0	550	590	
12	0	0	0	0	552	602	
13	0	0	0	0	555	610	
14	0	0	0	0	557	615	
15	0	0	0	0	557	619	
0	0	0	0	0	560	623	
1	0	0	0	0	558	622	
2	0	0	0	0	555	624	
3	0	0	0	0	551	622	
4	0	0	0	0	545	622	
5	0	0	0	0	537	622	
6	0	0	0	0	533	621	
7	0	0	0	0	530	615	
8	0	0	0	0	528	609	
9	0	0	0	0	529	603	
10	0	0	0	0	534	593	
11	0	0	0	0	538	581	
12	0	0	0	0	544	571	
13	0	0	0	0	549	558	
14	0	0	0	0	551	548	
15	0	0	0	0	553	543	
0	0	0	0	0	558	537	
1	0	0	0	0	563	535	
2	0	0	0	0	568	536	
3	0	0	0	0	571	540	
4	0	0	0	0	571	543	
5	0	0	0	0	568	546	
6	0	0	0	0	560	550	
7	0	0	0	0	554	556	
8	0	0	0	0	550	560	
9	0	0	0	0	546	559	
10	0	0	0	0	546	557	
11	0	0	0	0	547	555	
12	0	0	0	0	550	554	
13	0	0	0	0	553	551	
14	0	0	0	0	554	545	
15	0	0	0	0	553	536	
0	0	0	0	0	554	527	
1	0	0	0	0	553	522	
2	0	0	0	0	552	519	
3	0	0	0	0	550	518	
4	0	0	0	0	545	519	
5	0	0	0	0	541	523	
6	0	0	0	0	534	526	
7	0	0	0	0	529	528	
8	0	0	0	0	527	529	
9	0	0	0	0	525	528	
10	0	0	0	0	531	528	
11	0	0	0	0	536	527	
12	0	0	0	0	541	530	
13	0	0	0	0	547	532	
14	0	0	0	0	548	536	
15	0	0	0	0	550	537	
0	0	0	0	0	551	539	
1	0	0	0	0	547	537	
2	0	0	0	0	543	535	
3	0	0	0	0	540	532	
4	0	0	0	0	540	525	
5	0	0	0	0	540	520	
6	0	0	0	0	539	522	
7	0	0	0	0	539	523	
8	0	0	0	0	540	522	
9	0	0	0	0	541	520	
10	0	0	0	0	539	520	
11	0	0	0	0	537	521	
12	0	0	0	0	539	519	
13	0	0	0	0	543	515	
14	0	0	0	0	551	510	
15	0	0	0	0	563	508	
0	0	0	0	0	576	507	
1	0	0	0	0	587	507	
2	0	0	0	0	595	505	
3	0	0	0	0	596	507	
4	0	0	0	0	591	511	
5	0	0	0	0	582	515	
6	0	0	0	0	565	518	
7	0	0	0	0	551	521	
8	0	0	0	0	536	529	
9	0	0	0	0	522	536	
10	0	0	0	0	507	539	
11	0	0	0	0	500	542	
12	0	0	0	0	495	546	
13	0	0	0	0	495	553	
14	0	0	0	0	497	554	
15	0	0	0	0	501	553	
0	0	0	0	0	503	554	
1	0	0	0	0	507	555	
2	0	0	0	0	508	557	
3	0	0	0	0	504	563	
4	0	0	0	0	497	569	
5	0	0	0	0	489	573	
6	0	0	0	0	478	575	
7	0	0	0	0	467	579	
8	0	0	0	0	457	583	
9	0	0	0	0	452	583	
10	0	0	0	0	448	581	
11	0	0	0	0	444	579	
12	0	0	0	0	441	576	
13	0	0	0	0	444	578	
14	0	0	0	0	449	579	
15	0	0	0	0	454	580	
0	0	0	0	0	457	575	
1	0	0	0	0	462	572	
2	0	0	0	0	467	566	
3	0	0	0	0	474	559	
4	0	0	0	0	477	551	
5	0	0	0	0	475	547	
6	0	0	0	0	476	542	
7	0	0	0	0	477	535	
8	0	0	0	0	475	530	
9	0	0	0	0	476	526	
10	0	0	0	0	475	524	
11	0	0	0	0	474	522	
12	0	0	0	0	476	523	
13	0	0	0	0	479	523	
14	0	0	0	0	484	523	
15	0	0	0	0	486	524	
0	0	0	0	0	487	521	
1	0	0	0	0	487	520	
2	0	0	0	0	485	518	
3	0	0	0	0	484	519	
4	0	0	0	0	484	519	
5	0	0	0	0	488	519	
6	0	0	0	0	490	516	
7	0	0	0	0	491	514	
8	0	0	0	0	489	513	
9	0	0	0	0	488	511	
10	0	0	0	0	487	512	
11	0	0	0	0	489	515	
12	0	0	0	0	490	514	
13	0	0	0	0	488	512	
14	0	0	0	0	487	510	
15	0	0	0	0	486	503	
0	0	0	0	0	486	496	
1	0	0	0	0	489	491	
2	0	0	0	0	494	488	
3	0	0	0	0	494	483	
4	0	0	0	0	492	475	
5	0	0	0	0	487	468	
6	0	0	0	0	482	462	
7	0	0	0	0	480	460	
8	0	0	0	0	476	459	
9	0	0	0	0	475	461	
10	0	0	0	0	473	466	
11	0	0	0	0	468	470	
12	0	0	0	0	464	472	
13	0	0	0	0	461	475	
14	0	0	0	0	463	479	
15	0	0	0	0	465	486	
0	0	0	0	0	468	493	
1	0	0	0	0	473	496	
2	0	0	0	0	477	498	
3	0	0	0	0	482	502	
4	0	0	0	0	487	502	
5	0	0	0	0	495	503	
6	0	0	0	0	499	502	
7	0	0	0	0	497	500	
8	0	0	0	0	495	499	
9	0	0	0	0	491	499	
10	0	0	0	0	492	497	
11	0	0	0	0	492	496	
12	0	0	0	0	496	492	
13	0	0	0	0	499	493	
14	0	0	0	0	501	493	
15	0	0	0	0	506	492	
0	0	0	0	0	510	490	
1	0	0	0	0	518	488	
2	0	0	0	0	525	483	
3	0	0	0	0	529	473	
4	0	0	0	0	533	467	
5	0	0	0	0	532	458	
6	0	0	0	0	527	448	
7	0	0	0	0	515	444	
8	0	0	0	0	503	441	
9	0	0	0	0	494	443	
10	0	0	0	0	488	440	
11	0	0	0	0	484	438	
12	0	0	0	0	487	434	
13	0	0	0	0	490	430	
14	0	0	0	0	494	429	
15	0	0	0	0	499	432	
0	0	0	0	0	506	435	
1	0	0	0	0	512	440	
2	0	0	0	0	518	448	
3	0	0	0	0	523	459	
4	0	0	0	0	528	466	
5	0	0	0	0	534	472	
6	0	0	0	0	536	479	
7	0	0	0	0	539	486	
8	0	0	0	0	543	491	
9	0	0	0	0	546	493	
10	0	0	0	0	545	495	
11	0	0	0	0	541	498	
12	0	0	0	0	541	502	
13	0	0	0	0	540	502	
14	0	0	0	0	540	501	
15	0	0	0	0	540	500	
0	0	0	0	0	542	496	
1	0	0	0	0	548	495	
2	0	0	0	0	553	493	
3	0	0	0	0	554	491	
4	0	0	0	0	553	490	
5	0	0	0	0	553	486	
6	0	0	0	0	550	479	
7	0	0	0	0	543	473	
8	0	0	0	0	535	470	
9	0	0	0	0	524	469	
10	0	0	0	0	514	469	
11	0	0	0	0	509	471	
12	0	0	0	0	504	474	
13	0	0	0	0	499	479	
14	0	0	0	0	499	484	
15	0	0	0	0	500	488	
0	0	0	0	0	504	491	
1	0	0	0	0	505	491	
2	0	0	0	0	508	493	
3	0	0	0	0	511	495	
4	0	0	0	0	516	494	
5	0	0	0	0	523	490	
6	0	0	0	0	529	487	
7	0	0	0	0	532	484	
8	0	0	0	0	536	489	
9	0	0	0	0	539	496	
10	0	0	0	0	541	500	
11	0	0	0	0	542	499	
12	0	0	0	0	545	502	
13	0	0	0	0	545	504	
14	0	0	0	0	546	505	
15	0	0	0	0	547	507	
0	0	0	0	0	545	507	
1	0	0	0	0	546	506	
2	0	0	0	0	547	507	
3	0	0	0	0	548	506	
4	0	0	0	0	551	504	
5	0	0	0	0	554	502	
6	0	0	0	0	559	499	
7	0	0	0	0	564	496	
8	0	0	0	0	574	487	
9	0	0	0	0	577	480	
10	0	0	0	0	577	474	
11	0	0	0	0	574	465	
12	0	0	0	0	572	453	
13	0	0	0	0	567	444	
14	0	0	0	0	559	440	
15	0	0	0	0	552	440	
0	0	0	0	0	550	442	
1	0	0	0	0	550	447	
2	0	0	0	0	552	449	
3	0	0	0	0	551	455	
4	0	0	0	0	551	464	
5	0	0	0	0	550	474	
6	0	0	0	0	549	480	
7	0	0	0	0	551	487	
8	0	0	0	0	553	487	
9	0	0	0	0	549	483	
10	0	0	0	0	543	477	
11	0	0	0	0	540	468	
12	0	0	0	0	536	457	
13	0	0	0	0	534	452	
14	0	0	0	0	534	450	
15	0	0	0	0	535	451	
0	0	0	0	0	539	446	
1	0	0	0	0	548	444	
2	0	0	0	0	557	443	
3	0	0	0	0	565	447	
4	0	0	0	0	572	454	
5	0	0	0	0	582	463	
6	0	0	0	0	589	470	
7	0	0	0	0	591	474	
8	0	0	0	0	587	476	
9	0	0	0	0	577	480	
10	0	0	0	0	567	489	
11	0	0	0	0	555	499	
12	0	0	0	0	548	508	
13	0	0	0	0	536	514	
14	0	0	0	0	524	519	
15	0	0	0	0	513	519	
0	0	0	0	0	506	517	
1	0	0	0	0	502	518	
2	0	0	0	0	497	519	
3	0	0	0	0	493	522	
4	0	0	0	0	490	528	
5	0	0	0	0	486	533	
6	0	0	0	0	480	538	
7	0	0	0	0	473	535	
8	0	0	0	0	468	529	
9	0	0	0	0	462	531	
10	0	0	0	0	457	540	
11	0	0	0	0	449	548	
12	0	0	0	0	443	553	
13	0	0	0	0	440	558	
14	0	0	0	0	434	555	
15	0	0	0	0	427	551	
0	0	0	0	0	419	542	
1	0	0	0	0	416	531	
2	0	0	0	0	413	517	
3	0	0	0	0	412	505	
4	0	0	0	0	414	493	
5	0	0	0	0	416	486	
6	0	0	0	0	422	484	
7	0	0	0	0	429	484	
8	0	0	0	0	432	485	
9	0	0	0	0	430	486	
10	0	0	0	0	433	491	
11	0	0	0	0	436	495	
12	0	0	0	0	436	499	
13	0	0	0	0	439	500	
14	0	0	0	0	443	500	
15	0	0	0	0	444	499	
0	0	0	0	0	447	499	
1	0	0	0	0	447	500	
2	0	0	0	0	448	502	
3	0	0	0	0	452	500	
4	0	0	0	0	452	498	
5	0	0	0	0	453	498	
6	0	0	0	0	454	499	
7	0	0	0	0	458	500	
8	0	0	0	0	466	499	
9	0	0	0	0	474	501	
10	0	0	0	0	482	504	
11	0	0	0	0	489	506	
12	0	0	0	0	494	508	
13	0	0	0	0	499	515	
14	0	0	0	0	502	519	
15	0	0	0	0	501	523	
0	0	0	0	0	498	524	
1	0	0	0	0	495	524	
2	0	0	0	0	493	526	
3	0	0	0	0	490	529	
4	0	0	0	0	487	534	
5	0	0	0	0	484	535	
6	0	0	0	0	484	535	
7	0	0	0	0	482	534	
8	0	0	0	0	481	529	
9	0	0	0	0	483	522	
10	0	0	0	0	483	514	
11	0	0	0	0	484	508	
12	0	0	0	0	484	499	
13	0	0	0	0	487	491	
14	0	0	0	0	488	488	
15	0	0	0	0	490	486	
0	0	0	0	0	492	484	
1	0	0	0	0	491	481	
2	0	0	0	0	487	478	
3	0	0	0	0	484	475	
4	0	0	0	0	480	473	
5	0	0	0	0	483	476	
6	0	0	0	0	489	477	
7	0	0	0	0	495	478	
8	0	0	0	0	496	479	
9	0	0	0	0	492	480	
10	0	0	0	0	483	482	
11	0	0	0	0	474	485	
12	0	0	0	0	467	487	
13	0	0	0	0	460	490	
14	0	0	0	0	452	494	
15	0	0	0	0	443	496	
0	0	0	0	0	434	498	
1	0	0	0	0	424	503	
2	0	0	0	0	415	510	
3	0	0	0	0	409	519	
4	0	0	0	0	406	528	
5	0	0	0	0	410	526	
6	0	0	0	0	414	523	
7	0	0	0	0	422	518	
8	0	0	0	0	432	509	
9	0	0	0	0	441	507	
10	0	0	0	0	448	509	
11	0	0	0	0	451	514	
12	0	0	0	0	454	516	
13	0	0	0	0	457	519	
14	0	0	0	0	463	524	
15	0	0	0	0	471	537	
0	0	0	0	0	478	550	
1	0	0	0	0	481	561	
2	0	0	0	0	485	562	
3	0	0	0	0	486	554	
4	0	0	0	0	488	541	
5	0	0	0	0	493	526	
6	0	0	0	0	497	511	
7	0	0	0	0	496	500	
8	0	0	0	0	495	491	
9	0	0	0	0	493	484	
10	0	0	0	0	489	477	
11	0	0	0	0	484	469	
12	0	0	0	0	484	462	
13	0	0	0	0	482	457	
14	0	0	0	0	479	458	
15	0	0	0	0	478	460	
0	0	0	0	0	477	463	
1	0	0	0	0	474	466	
2	0	0	0	0	474	468	
3	0	0	0	0	474	467	
4	0	0	0	0	473	466	
5	0	0	0	0	475	464	
6	0	0	0	0	478	459	
7	0	0	0	0	486	450	
8	0	0	0	0	493	447	
9	0	0	0	0	497	449	
10	0	0	0	0	498	455	
11	0	0	0	0	495	461	
12	0	0	0	0	490	467	
13	0	0	0	0	485	472	
14	0	0	0	0	480	476	
15	0	0	0	0	474	476	
0	0	0	0	0	469	477	
1	0	0	0	0	464	478	
2	0	0	0	0	460	481	
3	0	0	0	0	459	482	
4	0	0	0	0	459	481	
5	0	0	0	0	455	480	
6	0	0	0	0	450	480	
7	0	0	0	0	450	476	
8	0	0	0	0	445	469	
9	0	0	0	0	441	465	
10	0	0	0	0	444	465	
11	0	0	0	0	446	468	
12	0	0	0	0	451	470	
13	0	0	0	0	457	472	
14	0	0	0	0	464	471	
15	0	0	0	0	474	469	
0	0	0	0	0	483	471	
1	0	0	0	0	486	473	
2	0	0	0	0	484	477	
3	0	0	0	0	481	483	
4	0	0	0	0	482	487	
5	0	0	0	0	482	487	
6	0	0	0	0	480	480	
7	0	0	0	0	477	476	
8	0	0	0	0	481	471	
9	0	0	0	0	489	467	
10	0	0	0	0	496	462	
11	0	0	0	0	504	457	
12	0	0	0	0	512	454	
13	0	0	0	0	519	450	
14	0	0	0	0	526	448	
15	0	0	0	0	531	447	
0	0	0	0	0	533	445	
1	0	0	0	0	533	443	
2	0	0	0	0	531	446	
3	0	0	0	0	531	451	
4	0	0	0	0	528	454	
5	0	0	0	0	525	454	
6	0	0	0	0	523	450	
7	0	0	0	0	518	440	
8	0	0	0	0	513	432	
9	0	0	0	0	510	424	
10	0	0	0	0	508	420	
11	0	0	0	0	510	415	
12	0	0	0	0	510	412	
13	0	0	0	0	510	410	
14	0	0	0	0	511	408	
15	0	0	0	0	515	407	
0	0	0	0	0	521	410	
1	0	0	0	0	524	412	
2	0	0	0	0	523	419	
3	0	0	0	0	521	425	
4	0	0	0	0	521	433	
5	0	0	0	0	523	443	
6	0	0	0	0	527	448	
7	0	0	0	0	533	446	
8	0	0	0	0	541	435	
9	0	0	0	0	547	421	
10	0	0	0	0	557	411	
11	0	0	0	0	566	397	
12	0	0	0	0	572	384	
13	0	0	0	0	573	375	
14	0	0	0	0	575	372	
15	0	0	0	0	580	372	
0	0	0	0	0	582	372	
1	0	0	0	0	583	370	
2	0	0	0	0	584	375	
3	0	0	0	0	589	372	
4	0	0	0	0	595	370	
5	0	0	0	0	601	371	
6	0	0	0	0	604	369	
7	0	0	0	0	601	371	
8	0	0	0	0	601	378	
9	0	0	0	0	600	385	
10	0	0	0	0	600	386	
11	0	0	0	0	599	384	
12	0	0	0	0	595	384	
13	0	0	0	0	594	384	
14	0	0	0	0	595	371	
15	0	0	0	0	597	360	
0	0	0	0	0	598	344	
1	0	0	0	0	600	325	
2	0	0	0	0	601	315	
3	0	0	0	0	603	302	
4	0	0	0	0	607	292	
5	0	0	0	0	612	290	
6	0	0	0	0	615	281	
7	0	0	0	0	616	289	
8	0	0	0	0	614	290	
9	0	0	0	0	609	292	
10	0	0	0	0	605	302	
11	0	0	0	0	600	315	
12	0	0	0	0	593	341	
13	0	0	0	0	592	364	
14	0	0	0	0	589	381	
15	0	0	0	0	586	401	
0	0	0	0	0	585	412	
1	0	0	0	0	589	419	
2	0	0	0	0	591	423	
3	0	0	0	0	590	427	
4	0	0	0	0	582	435	
5	0	0	0	0	571	436	
6	0	0	0	0	558	435	
7	0	0	0	0	546	431	
8	0	0	0	0	534	430	
9	0	0	0	0	525	430	
10	0	0	0	0	518	429	
11	0	0	0	0	515	425	
12	0	0	0	0	516	426	
13	0	0	0	0	520	425	
14	0	0	0	0	528	422	
15	0	0	0	0	536	417	
0	0	0	0	0	541	414	
1	0	0	0	0	550	414	
2	0	0	0	0	555	418	
3	0	0	0	0	558	419	
4	0	0	0	0	558	421	
5	0	0	0	0	562	418	
6	0	0	0	0	569	415	
7	0	0	0	0	573	417	
8	0	0	0	0	577	421	
9	0	0	0	0	579	420	
10	0	0	0	0	581	417	
11	0	0	0	0	582	413	
12	0	0	0	0	577	414	
13	0	0	0	0	575	411	
14	0	0	0	0	575	411	
15	0	0	0	0	575	413	
0	0	0	0	0	580	415	
1	0	0	0	0	590	420	
2	0	0	0	0	599	426	
3	0	0	0	0	605	429	
4	0	0	0	0	609	438	
5	0	0	0	0	608	444	
6	0	0	0	0	607	445	
7	0	0	0	0	606	445	
8	0	0	0	0	602	444	
9	0	0	0	0	601	443	
10	0	0	0	0	606	441	
11	0	0	0	0	612	445	
12	0	0	0	0	617	448	
13	0	0	0	0	622	450	
14	0	0	0	0	627	450	
15	0	0	0	0	632	446	
0	0	0	0	0	639	441	
1	0	0	0	0	646	438	
2	0	0	0	0	654	437	
3	0	0	0	0	657	437	
4	0	0	0	0	659	433	
5	0	0	0	0	662	424	
6	0	0	0	0	663	428	
7	0	0	0	0	662	423	
8	0	0	0	0	657	414	
9	0	0	0	0	654	412	
10	0	0	0	0	654	408	
11	0	0	0	0	653	404	
12	0	0	0	0	653	399	
13	0	0	0	0	653	395	
14	0	0	0	0	649	401	
15	0	0	0	0	645	405	
0	0	0	0	0	642	410	
1	0	0	0	0	640	425	
2	0	0	0	0	639	439	
3	0	0	0	0	642	446	
4	0	0	0	0	645	447	
5	0	0	0	0	647	446	
6	0	0	0	0	649	449	
7	0	0	0	0	648	449	
8	0	0	0	0	646	449	
9	0	0	0	0	643	458	
10	0	0	0	0	639	460	
11	0	0	0	0	638	465	
12	0	0	0	0	638	472	
13	0	0	0	0	637	480	
14	0	0	0	0	635	487	
15	0	0	0	0	639	493	
0	0	0	0	0	640	493	
1	0	0	0	0	641	494	
2	0	0	0	0	638	497	
3	0	0	0	0	636	502	
4	0	0	0	0	633	507	
5	0	0	0	0	632	508	
6	0	0	0	0	627	509	
7	0	0	0	0	623	507	
8	0	0	0	0	614	507	
9	0	0	0	0	604	506	
10	0	0	0	0	599	504	
11	0	0	0	0	595	504	
12	0	0	0	0	593	501	
13	0	0	0	0	590	499	
14	0	0	0	0	586	499	
15	0	0	0	0	581	498	
0	0	0	0	0	576	498	
1	0	0	0	0	577	496	
2	0	0	0	0	583	492	
3	0	0	0	0	590	488	
4	0	0	0	0	597	480	
5	0	0	0	0	604	472	
6	0	0	0	0	607	470	
7	0	0	0	0	609	472	
8	0	0	0	0	608	482	
9	0	0	0	0	606	489	
10	0	0	0	0	600	490	
11	0	0	0	0	590	492	
12	0	0	0	0	585	496	
13	0	0	0	0	583	496	
14	0	0	0	0	579	496	
15	0	0	0	0	574	498	
0	0	0	0	0	573	501	
1	0	0	0	0	576	502	
2	0	0	0	0	575	508	
3	0	0	0	0	577	514	
4	0	0	0	0	578	520	
5	0	0	0	0	579	526	
6	0	0	0	0	578	529	
7	0	0	0	0	580	528	
8	0	0	0	0	581	526	
9	0	0	0	0	578	520	
10	0	0	0	0	574	516	
11	0	0	0	0	569	512	
12	0	0	0	0	563	506	
13	0	0	0	0	553	501	
14	0	0	0	0	543	499	
15	0	0	0	0	535	500	
0	0	0	0	0	529	501	
1	0	0	0	0	527	502	
2	0	0	0	0	526	503	
3	0	0	0	0	525	503	
4	0	0	0	0	524	505	
5	0	0	0	0	524	507	
6	0	0	0	0	528	507	
7	0	0	0	0	532	505	
8	0	0	0	0	536	504	
9	0	0	0	0	532	500	
10	0	0	0	0	526	499	
11	0	0	0	0	518	500	
12	0	0	0	0	512	494	
13	0	0	0	0	508	481	
14	0	0	0	0	507	472	
15	0	0	0	0	506	467	
0	0	0	0	0	504	470	
1	0	0	0	0	501	478	
2	0	0	0	0	499	487	
3	0	0	0	0	499	493	
4	0	0	0	0	497	496	
5	0	0	0	0	495	499	
6	0	0	0	0	495	501	
7	0	0	0	0	496	501	
8	0	0	0	0	497	501	
9	0	0	0	0	499	499	
10	0	0	0	0	501	495	
11	0	0	0	0	504	494	
12	0	0	0	0	504	493	
13	0	0	0	0	502	495	
14	0	0	0	0	504	502	
15	0	0	0	0	504	510	
0	0	0	0	0	504	514	
1	0	0	0	0	503	515	
2	0	0	0	0	504	518	
3	0	0	0	0	505	517	
4	0	0	0	0	508	516	
5	0	0	0	0	514	515	
6	0	0	0	0	519	516	
7	0	0	0	0	523	518	
8	0	0	0	0	521	516	
9	0	0	0	0	518	513	
10	0	0	0	0	515	507	
11	0	0	0	0	513	502	
12	0	0	0	0	507	496	
13	0	0	0	0	496	482	
14	0	0	0	0	486	468	
15	0	0	0	0	480	463	
0	0	0	0	0	473	460	
1	0	0	0	0	469	455	
2	0	0	0	0	470	450	
3	0	0	0	0	473	445	
4	0	0	0	0	476	442	
5	0	0	0	0	481	442	
6	0	0	0	0	487	446	
7	0	0	0	0	494	449	
8	0	0	0	0	499	453	
9	0	0	0	0	501	458	
10	0	0	0	0	505	459	
11	0	0	0	0	507	463	
12	0	0	0	0	505	471	
13	0	0	0	0	502	480	
14	0	0	0	0	498	492	
15	0	0	0	0	500	499	
0	0	0	0	0	504	507	
1	0	0	0	0	511	513	
2	0	0	0	0	521	527	
3	0	0	0	0	530	541	
4	0	0	0	0	541	551	
5	0	0	0	0	549	557	
6	0	0	0	0	555	553	
7	0	0	0	0	558	548	
8	0	0	0	0	558	545	
9	0	0	0	0	556	547	
10	0	0	0	0	552	550	
11	0	0	0	0	545	553	
12	0	0	0	0	540	553	
13	0	0	0	0	533	550	
14	0	0	0	0	524	543	
15	0	0	0	0	517	537	
0	0	0	0	0	510	532	
1	0	0	0	0	502	530	
2	0	0	0	0	497	531	
3	0	0	0	0	494	529	
4	0	0	0	0	491	528	
5	0	0	0	0	494	527	
6	0	0	0	0	498	524	
7	0	0	0	0	501	523	
8	0	0	0	0	503	524	
9	0	0	0	0	503	524	
10	0	0	0	0	505	523	
11	0	0	0	0	508	521	
12	0	0	0	0	509	517	
13	0	0	0	0	514	513	
14	0	0	0	0	516	510	
15	0	0	0	0	516	507	
0	0	0	0	0	515	505	
1	0	0	0	0	512	503	
2	0	0	0	0	511	503	
3	0	0	0	0	512	508	
4	0	0	0	0	513	513	
5	0	0	0	0	512	518	
6	0	0	0	0	512	521	
7	0	0	0	0	510	520	
8	0	0	0	0	509	520	
9	0	0	0	0	509	521	
10	0	0	0	0	508	524	
11	0	0	0	0	511	528	
12	0	0	0	0	512	532	
13	0	0	0	0	511	536	
14	0	0	0	0	510	540	
15	0	0	0	0	507	542	
0	0	0	0	0	504	540	
1	0	0	0	0	502	536	
2	0	0	0	0	501	532	
3	0	0	0	0	500	529	
4	0	0	0	0	501	529	
5	0	0	0	0	498	531	
6	0	0	0	0	496	533	
7	0	0	0	0	498	536	
8	0	0	0	0	497	539	
9	0	0	0	0	498	543	
10	0	0	0	0	498	549	
11	0	0	0	0	497	549	
12	0	0	0	0	495	545	
13	0	0	0	0	491	536	
14	0	0	0	0	487	526	
15	0	0	0	0	483	511	
0	0	0	0	0	478	500	
1	0	0	0	0	476	500	
2	0	0	0	0	475	504	
3	0	0	0	0	477	505	
4	0	0	0	0	479	503	
5	0	0	0	0	482	499	
6	0	0	0	0	484	494	
7	0	0	0	0	487	489	
8	0	0	0	0	491	489	
9	0	0	0	0	495	491	
10	0	0	0	0	504	492	
11	0	0	0	0	512	494	
12	0	0	0	0	520	497	
13	0	0	0	0	528	502	
14	0	0	0	0	536	503	
15	0	0	0	0	543	503	
0	0	0	0	0	547	504	
1	0	0	0	0	545	508	
2	0	0	0	0	542	515	
3	0	0	0	0	538	521	
4	0	0	0	0	535	522	
5	0	0	0	0	533	521	
6	0	0	0	0	531	522	
7	0	0	0	0	534	524	
8	0	0	0	0	543	529	
9	0	0	0	0	553	531	
10	0	0	0	0	564	533	
11	0	0	0	0	568	535	
12	0	0	0	0	574	533	
13	0	0	0	0	578	528	
14	0	0	0	0	577	524	
15	0	0	0	0	572	514	
0	0	0	0	0	567	500	
1	0	0	0	0	564	493	
2	0	0	0	0	561	494	
3	0	0	0	0	555	497	
4	0	0	0	0	546	504	
5	0	0	0	0	534	512	
6	0	0	0	0	527	519	
7	0	0	0	0	522	524	
8	0	0	0	0	518	531	
9	0	0	0	0	513	536	
10	0	0	0	0	511	539	
11	0	0	0	0	512	543	
12	0	0	0	0	515	543	
13	0	0	0	0	521	545	
14	0	0	0	0	525	546	
15	0	0	0	0	527	550	
0	0	0	0	0	528	554	
1	0	0	0	0	533	554	
2	0	0	0	0	535	556	
3	0	0	0	0	535	559	
4	0	0	0	0	533	563	
5	0	0	0	0	536	568	
6	0	0	0	0	543	570	
7	0	0	0	0	550	572	
8	0	0	0	0	553	570	
9	0	0	0	0	556	569	
10	0	0	0	0	559	568	
11	0	0	0	0	561	566	
12	0	0	0	0	562	564	
13	0	0	0	0	563	565	
14	0	0	0	0	563	565	
15	0	0	0	0	562	567	
0	0	0	0	0	562	575	
1	0	0	0	0	557	588	
2	0	0	0	0	552	603	
3	0	0	0	0	546	614	
4	0	0	0	0	540	618	
5	0	0	0	0	536	615	
6	0	0	0	0	530	606	
7	0	0	0	0	521	593	
8	0	0	0	0	513	583	
9	0	0	0	0	504	573	
10	0	0	0	0	494	568	
11	0	0	0	0	486	563	
12	0	0	0	0	483	558	
13	0	0	0	0	480	554	
14	0	0	0	0	479	553	
15	0	0	0	0	480	551	
0	0	0	0	0	480	555	
1	0	0	0	0	483	559	
2	0	0	0	0	487	564	
3	0	0	0	0	493	572	
4	0	0	0	0	496	578	
5	0	0	0	0	496	579	
6	0	0	0	0	494	579	
7	0	0	0	0	491	575	
8	0	0	0	0	487	570	
9	0	0	0	0	486	567	
10	0	0	0	0	486	561	
11	0	0	0	0	490	559	
12	0	0	0	0	494	552	
13	0	0	0	0	497	542	
14	0	0	0	0	499	531	
15	0	0	0	0	500	519	
0	0	0	0	0	498	508	
1	0	0	0	0	494	500	
2	0	0	0	0	491	496	
3	0	0	0	0	487	491	
4	0	0	0	0	481	483	
5	0	0	0	0	478	473	
6	0	0	0	0	475	468	
7	0	0	0	0	473	462	
8	0	0	0	0	475	460	
9	0	0	0	0	481	465	
10	0	0	0	0	488	471	
11	0	0	0	0	496	483	
12	0	0	0	0	502	493	
13	0	0	0	0	507	501	
14	0	0	0	0	513	505	
15	0	0	0	0	519	507	
0	0	0	0	0	524	505	
1	0	0	0	0	524	501	
2	0	0	0	0	524	495	
3	0	0	0	0	523	489	
4	0	0	0	0	523	479	
5	0	0	0	0	520	473	
6	0	0	0	0	519	474	
7	0	0	0	0	520	482	
8	0	0	0	0	517	494	
9	0	0	0	0	514	501	
10	0	0	0	0	512	503	
11	0	0	0	0	512	502	
12	0	0	0	0	510	503	
13	0	0	0	0	510	503	
14	0	0	0	0	508	503	
15	0	0	0	0	503	502	
0	0	0	0	0	498	507	
1	0	0	0	0	500	515	
2	0	0	0	0	500	523	
3	0	0	0	0	501	524	
4	0	0	0	0	500	527	
5	0	0	0	0	496	528	
6	0	0	0	0	496	529	
7	0	0	0	0	497	531	
8	0	0	0	0	499	531	
9	0	0	0	0	499	527	
10	0	0	0	0	495	527	
11	0	0	0	0	487	527	
12	0	0	0	0	481	527	
13	0	0	0	0	480	528	
14	0	0	0	0	480	530	
15	0	0	0	0	483	529	
0	0	0	0	0	487	529	
1	0	0	0	0	488	527	
2	0	0	0	0	487	523	
3	0	0	0	0	480	522	
4	0	0	0	0	473	519	
5	0	0	0	0	469	519	
6	0	0	0	0	465	521	
7	0	0	0	0	461	524	
8	0	0	0	0	457	528	
9	0	0	0	0	455	534	
10	0	0	0	0	456	539	
11	0	0	0	0	457	544	
12	0	0	0	0	462	556	
13	0	0	0	0	468	567	
14	0	0	0	0	476	577	
15	0	0	0	0	481	583	
0	0	0	0	0	485	579	
1	0	0	0	0	480	575	
2	0	0	0	0	475	575	
3	0	0	0	0	472	571	
4	0	0	0	0	465	573	
5	0	0	0	0	463	571	
6	0	0	0	0	460	572	
7	0	0	0	0	461	574	
8	0	0	0	0	456	576	
9	0	0	0	0	457	582	
10	0	0	0	0	460	588	
11	0	0	0	0	460	592	
12	0	0	0	0	461	595	
13	0	0	0	0	464	596	
14	0	0	0	0	471	600	
15	0	0	0	0	482	599	
0	0	0	0	0	490	598	
1	0	0	0	0	497	590	
2	0	0	0	0	504	583	
3	0	0	0	0	511	575	
4	0	0	0	0	515	570	
5	0	0	0	0	519	568	
6	0	0	0	0	524	575	
7	0	0	0	0	528	583	
8	0	0	0	0	528	594	
9	0	0	0	0	523	598	
10	0	0	0	0	516	598	
11	0	0	0	0	508	595	
12	0	0	0	0	504	586	
13	0	0	0	0	499	576	
14	0	0	0	0	495	565	
15	0	0	0	0	493	557	
0	0	0	0	0	492	555	
1	0	0	0	0	489	555	
2	0	0	0	0	485	554	
3	0	0	0	0	476	551	
4	0	0	0	0	469	551	
5	0	0	0	0	463	555	
6	0	0	0	0	459	561	
7	0	0	0	0	457	565	
8	0	0	0	0	457	563	
9	0	0	0	0	457	562	
10	0	0	0	0	456	559	
11	0	0	0	0	459	549	
12	0	0	0	0	459	536	
13	0	0	0	0	460	516	
14	0	0	0	0	457	499	
15	0	0	0	0	457	484	
0	0	0	0	0	462	473	
1	0	0	0	0	465	461	
2	0	0	0	0	468	447	
3	0	0	0	0	475	435	
4	0	0	0	0	484	423	
5	0	0	0	0	487	418	
6	0	0	0	0	489	415	
7	0	0	0	0	487	416	
8	0	0	0	0	482	417	
9	0	0	0	0	483	419	
10	0	0	0	0	484	420	
11	0	0	0	0	487	423	
12	0	0	0	0	488	427	
13	0	0	0	0	494	424	
14	0	0	0	0	502	421	
15	0	0	0	0	512	424	
0	0	0	0	0	522	420	
1	0	0	0	0	529	421	
2	0	0	0	0	539	420	
3	0	0	0	0	550	418	
4	0	0	0	0	560	415	
5	0	0	0	0	570	407	
6	0	0	0	0	579	402	
7	0	0	0	0	583	398	
8	0	0	0	0	587	396	
9	0	0	0	0	588	405	
10	0	0	0	0	591	411	
11	0	0	0	0	590	418	
12	0	0	0	0	586	427	
13	0	0	0	0	583	433	
14	0	0	0	0	579	437	
15	0	0	0	0	576	440	
0	0	0	0	0	576	448	
1	0	0	0	0	576	458	
2	0	0	0	0	578	468	
3	0	0	0	0	579	478	
4	0	0	0	0	579	485	
5	0	0	0	0	578	491	
6	0	0	0	0	579	496	
7	0	0	0	0	581	507	
8	0	0	0	0	579	519	
9	0	0	0	0	576	528	
10	0	0	0	0	574	537	
11	0	0	0	0	567	540	
12	0	0	0	0	558	540	
13	0	0	0	0	549	542	
14	0	0	0	0	539	544	
15	0	0	0	0	534	540	
0	0	0	0	0	528	533	
1	0	0	0	0	524	524	
2	0	0	0	0	523	517	
3	0	0	0	0	522	511	
4	0	0	0	0	522	511	
5	0	0	0	0	522	515	
6	0	0	0	0	519	525	
7	0	0	0	0	518	538	
8	0	0	0	0	522	546	
9	0	0	0	0	525	542	
10	0	0	0	0	526	527	
11	0	0	0	0	526	511	
12	0	0	0	0	526	496	
13	0	0	0	0	527	486	
14	0	0	0	0	528	475	
15	0	0	0	0	528	466	
0	0	0	0	0	528	459	
1	0	0	0	0	528	455	
2	0	0	0	0	530	452	
3	0	0	0	0	534	452	
4	0	0	0	0	542	452	
5	0	0	0	0	548	454	
6	0	0	0	0	552	463	
7	0	0	0	0	556	470	
8	0	0	0	0	559	476	
9	0	0	0	0	558	479	
10	0	0	0	0	560	483	
11	0	0	0	0	564	487	
12	0	0	0	0	566	491	
13	0	0	0	0	568	491	
14	0	0	0	0	571	493	
15	0	0	0	0	568	492	
0	0	0	0	0	567	487	
1	0	0	0	0	568	481	
2	0	0	0	0	571	472	
3	0	0	0	0	575	465	
4	0	0	0	0	579	461	
5	0	0	0	0	580	453	
6	0	0	0	0	580	446	
7	0	0	0	0	583	440	
8	0	0	0	0	584	436	
9	0	0	0	0	582	433	
10	0	0	0	0	576	431	
11	0	0	0	0	569	429	
12	0	0	0	0	560	426	
13	0	0	0	0	555	423	
14	0	0	0	0	553	424	
15	0	0	0	0	551	432	
0	0	0	0	0	548	442	
1	0	0	0	0	547	452	
2	0	0	0	0	550	464	
3	0	0	0	0	554	471	
4	0	0	0	0	558	475	
5	0	0	0	0	561	475	
6	0	0	0	0	566	476	
7	0	0	0	0	570	475	
8	0	0	0	0	574	471	
9	0	0	0	0	575	468	
10	0	0	0	0	569	468	
11	0	0	0	0	561	465	
12	0	0	0	0	553	462	
13	0	0	0	0	544	460	
14	0	0	0	0	535	460	
15	0	0	0	0	529	458	
0	0	0	0	0	528	455	
1	0	0	0	0	526	450	
2	0	0	0	0	525	448	
3	0	0	0	0	526	448	
4	0	0	0	0	529	451	
5	0	0	0	0	531	457	
6	0	0	0	0	532	462	
7	0	0	0	0	532	470	
8	0	0	0	0	531	476	
9	0	0	0	0	529	480	
10	0	0	0	0	525	485	
11	0	0	0	0	522	497	
12	0	0	0	0	516	510	
13	0	0	0	0	509	524	
14	0	0	0	0	503	527	
15	0	0	0	0	495	524	
0	0	0	0	0	487	518	
1	0	0	0	0	482	511	
2	0	0	0	0	478	505	
3	0	0	0	0	480	508	
4	0	0	0	0	483	519	
5	0	0	0	0	489	525	
6	0	0	0	0	499	524	
7	0	0	0	0	508	515	
8	0	0	0	0	515	504	
9	0	0	0	0	520	493	
10	0	0	0	0	524	489	
11	0	0	0	0	526	486	
12	0	0	0	0	528	485	
13	0	0	0	0	529	488	
14	0	0	0	0	529	494	
15	0	0	0	0	529	501	
0	0	0	0	0	529	505	
1	0	0	0	0	529	511	
2	0	0	0	0	528	518	
3	0	0	0	0	530	519	
4	0	0	0	0	531	519	
5	0	0	0	0	536	519	
6	0	0	0	0	541	518	
7	0	0	0	0	545	515	
8	0	0	0	0	550	510	
9	0	0	0	0	553	507	
10	0	0	0	0	559	503	
11	0	0	0	0	568	500	
12	0	0	0	0	577	498	
13	0	0	0	0	584	499	
14	0	0	0	0	587	508	
15	0	0	0	0	588	520	
0	0	0	0	0	587	528	
1	0	0	0	0	582	527	
2	0	0	0	0	575	523	
3	0	0	0	0	570	515	
4	0	0	0	0	566	505	
5	0	0	0	0	564	500	
6	0	0	0	0	566	502	
7	0	0	0	0	572	503	
8	0	0	0	0	579	507	
9	0	0	0	0	585	512	
10	0	0	0	0	588	516	
11	0	0	0	0	588	518	
12	0	0	0	0	589	522	
13	0	0	0	0	592	526	
14	0	0	0	0	594	527	
15	0	0	0	0	597	531	
0	0	0	0	0	600	534	
1	0	0	0	0	598	534	
2	0	0	0	0	597	530	
3	0	0	0	0	594	525	
4	0	0	0	0	592	524	
5	0	0	0	0	593	521	
6	0	0	0	0	592	518	
7	0	0	0	0	590	517	
8	0	0	0	0	587	512	
9	0	0	0	0	585	508	
10	0	0	0	0	583	510	
11	0	0	0	0	583	513	
12	0	0	0	0	581	513	
13	0	0	0	0	577	512	
14	0	0	0	0	575	510	
15	0	0	0	0	574	509	
0	0	0	0	0	572	507	
1	0	0	0	0	571	503	
2	0	0	0	0	567	502	
3	0	0	0	0	563	501	
4	0	0	0	0	560	504	
5	0	0	0	0	559	507	
6	0	0	0	0	561	511	
7	0	0	0	0	564	515	
8	0	0	0	0	564	518	
9	0	0	0	0	568	523	
10	0	0	0	0	575	527	
11	0	0	0	0	586	526	
12	0	0	0	0	600	523	
13	0	0	0	0	614	528	
14	0	0	0	0	627	531	
15	0	0	0	0	634	527	
0	0	0	0	0	637	519	
1	0	0	0	0	640	513	
2	0	0	0	0	635	508	
3	0	0	0	0	627	504	
4	0	0	0	0	617	503	
5	0	0	0	0	606	497	
6	0	0	0	0	601	495	
7	0	0	0	0	598	502	
8	0	0	0	0	600	511	
9	0	0	0	0	600	522	
10	0	0	0	0	598	530	
11	0	0	0	0	597	536	
12	0	0	0	0	600	540	
13	0	0	0	0	597	536	
14	0	0	0	0	592	534	
15	0	0	0	0	584	534	
0	0	0	0	0	577	536	
1	0	0	0	0	570	543	
2	0	0	0	0	563	555	
3	0	0	0	0	560	563	
4	0	0	0	0	560	569	
5	0	0	0	0	561	573	
6	0	0	0	0	567	574	
7	0	0	0	0	569	571	
8	0	0	0	0	572	566	
9	0	0	0	0	574	556	
10	0	0	0	0	578	543	
11	0	0	0	0	583	534	
12	0	0	0	0	590	528	
13	0	0	0	0	601	527	
14	0	0	0	0	615	532	
15	0	0	0	0	625	540	
0	0	0	0	0	630	546	
1	0	0	0	0	634	552	
2	0	0	0	0	636	558	
3	0	0	0	0	628	561	
4	0	0	0	0	618	564	
5	0	0	0	0	608	565	
6	0	0	0	0	596	564	
7	0	0	0	0	588	561	
8	0	0	0	0	580	556	
9	0	0	0	0	572	549	
10	0	0	0	0	566	547	
11	0	0	0	0	558	545	
12	0	0	0	0	555	545	
13	0	0	0	0	553	547	
14	0	0	0	0	553	548	
15	0	0	0	0	551	551	
0	0	0	0	0	550	555	
1	0	0	0	0	547	557	
2	0	0	0	0	543	558	
3	0	0	0	0	537	558	
4	0	0	0	0	528	556	
5	0	0	0	0	518	552	
6	0	0	0	0	510	548	
7	0	0	0	0	506	549	
8	0	0	0	0	506	552	
9	0	0	0	0	507	557	
10	0	0	0	0	508	563	
11	0	0	0	0	507	570	
12	0	0	0	0	512	575	
13	0	0	0	0	515	578	
14	0	0	0	0	517	580	
15	0	0	0	0	514	578	
0	0	0	0	0	512	575	
1	0	0	0	0	510	575	
2	0	0	0	0	509	579	
3	0	0	0	0	507	584	
4	0	0	0	0	504	588	
5	0	0	0	0	500	590	
6	0	0	0	0	496	588	
7	0	0	0	0	490	586	
8	0	0	0	0	487	583	
9	0	0	0	0	484	583	
10	0	0	0	0	486	581	
11	0	0	0	0	489	578	
12	0	0	0	0	492	571	
13	0	0	0	0	494	556	
14	0	0	0	0	497	540	
15	0	0	0	0	501	527	
0	0	0	0	0	500	520	
1	0	0	0	0	501	521	
2	0	0	0	0	502	527	
3	0	0	0	0	499	531	
4	0	0	0	0	496	535	
5	0	0	0	0	493	540	
6	0	0	0	0	488	549	
7	0	0	0	0	483	567	
8	0	0	0	0	477	587	
9	0	0	0	0	473	605	
10	0	0	0	0	471	608	
11	0	0	0	0	472	601	
12	0	0	0	0	475	589	
13	0	0	0	0	475	576	
14	0	0	0	0	478	565	
15	0	0	0	0	484	561	
0	0	0	0	0	489	560	
1	0	0	0	0	494	558	
2	0	0	0	0	494	557	
3	0	0	0	0	492	556	
4	0	0	0	0	492	551	
5	0	0	0	0	485	546	
6	0	0	0	0	480	542	
7	0	0	0	0	480	537	
8	0	0	0	0	483	531	
9	0	0	0	0	490	526	
10	0	0	0	0	494	522	
11	0	0	0	0	499	521	
12	0	0	0	0	506	517	
13	0	0	0	0	511	512	
14	0	0	0	0	514	504	
15	0	0	0	0	516	502	
0	0	0	0	0	519	501	
1	0	0	0	0	520	505	
2	0	0	0	0	521	508	
3	0	0	0	0	518	506	
4	0	0	0	0	514	503	
5	0	0	0	0	508	504	
6	0	0	0	0	505	504	
7	0	0	0	0	510	505	
8	0	0	0	0	515	508	
9	0	0	0	0	524	507	
10	0	0	0	0	531	504	
11	0	0	0	0	539	501	
12	0	0	0	0	547	499	
13	0	0	0	0	551	496	
14	0	0	0	0	551	494	
15	0	0	0	0	550	495	
0	0	0	0	0	549	504	
1	0	0	0	0	545	514	
2	0	0	0	0	540	519	
3	0	0	0	0	536	521	
4	0	0	0	0	536	515	
5	0	0	0	0	532	508	
6	0	0	0	0	531	500	
7	0	0	0	0	528	495	
8	0	0	0	0	526	493	
9	0	0	0	0	518	497	
10	0	0	0	0	511	502	
11	0	0	0	0	508	506	
12	0	0	0	0	505	512	
13	0	0	0	0	504	519	
14	0	0	0	0	505	525	
15	0	0	0	0	508	529	
0	0	0	0	0	507	532	
1	0	0	0	0	505	531	
2	0	0	0	0	504	529	
3	0	0	0	0	501	527	
4	0	0	0	0	497	524	
5	0	0	0	0	494	522	
6	0	0	0	0	492	522	
7	0	0	0	0	493	519	
8	0	0	0	0	497	517	
9	0	0	0	0	502	509	
10	0	0	0	0	506	492	
11	0	0	0	0	511	480	
12	0	0	0	0	513	469	
13	0	0	0	0	515	465	
14	0	0	0	0	517	465	
15	0	0	0	0	524	468	
0	0	0	0	0	536	478	
1	0	0	0	0	545	496	
2	0	0	0	0	550	512	
3	0	0	0	0	550	524	
4	0	0	0	0	548	529	
5	0	0	0	0	542	528	
6	0	0	0	0	536	524	
7	0	0	0	0	530	517	
8	0	0	0	0	523	514	
9	0	0	0	0	513	512	
10	0	0	0	0	504	516	
11	0	0	0	0	497	521	
12	0	0	0	0	494	529	
13	0	0	0	0	493	533	
14	0	0	0	0	498	531	
15	0	0	0	0	500	531	
0	0	0	0	0	501	535	
1	0	0	0	0	505	540	
2	0	0	0	0	511	538	
3	0	0	0	0	514	534	
4	0	0	0	0	516	528	
5	0	0	0	0	516	524	
6	0	0	0	0	514	513	
7	0	0	0	0	511	502	
8	0	0	0	0	507	492	
9	0	0	0	0	501	487	
10	0	0	0	0	496	481	
11	0	0	0	0	492	477	
12	0	0	0	0	487	473	
13	0	0	0	0	487	478	
14	0	0	0	0	493	488	
15	0	0	0	0	500	499	
0	0	0	0	0	505	507	
1	0	0	0	0	509	511	
2	0	0	0	0	513	512	
3	0	0	0	0	518	512	
4	0	0	0	0	523	516	
5	0	0	0	0	527	516	
6	0	0	0	0	535	515	
7	0	0	0	0	541	514	
8	0	0	0	0	547	513	
9	0	0	0	0	549	511	
10	0	0	0	0	547	508	
11	0	0	0	0	543	511	
12	0	0	0	0	543	516	
13	0	0	0	0	540	519	
14	0	0	0	0	535	518	
15	0	0	0	0	533	512	
0	0	0	0	0	530	504	
1	0	0	0	0	525	499	
2	0	0	0	0	518	494	
3	0	0	0	0	508	491	
4	0	0	0	0	496	491	
5	0	0	0	0	490	492	
6	0	0	0	0	487	497	
7	0	0	0	0	483	504	
8	0	0	0	0	483	513	
9	0	0	0	0	486	519	
10	0	0	0	0	495	523	
11	0	0	0	0	499	527	
12	0	0	0	0	503	531	
13	0	0	0	0	510	534	
14	0	0	0	0	516	528	
15	0	0	0	0	521	520	
0	0	0	0	0	527	518	
1	0	0	0	0	533	518	
2	0	0	0	0	543	521	
3	0	0	0	0	555	527	
4	0	0	0	0	564	534	
5	0	0	0	0	572	535	
6	0	0	0	0	574	530	
7	0	0	0	0	573	523	
8	0	0	0	0	572	516	
9	0	0	0	0	572	512	
10	0	0	0	0	570	511	
11	0	0	0	0	569	513	
12	0	0	0	0	567	519	
13	0	0	0	0	564	533	
14	0	0	0	0	563	548	
15	0	0	0	0	560	556	
0	0	0	0	0	559	556	
1	0	0	0	0	556	549	
2	0	0	0	0	553	544	
3	0	0	0	0	550	539	
4	0	0	0	0	548	537	
5	0	0	0	0	550	538	
6	0	0	0	0	550	536	
7	0	0	0	0	551	536	
8	0	0	0	0	554	533	
9	0	0	0	0	556	532	
10	0	0	0	0	554	530	
11	0	0	0	0	550	529	
12	0	0	0	0	547	531	
13	0	0	0	0	540	528	
14	0	0	0	0	537	527	
15	0	0	0	0	534	526	
0	0	0	0	0	531	526	
1	0	0	0	0	528	532	
2	0	0	0	0	529	545	
3	0	0	0	0	526	556	
4	0	0	0	0	520	561	
5	0	0	0	0	514	558	
6	0	0	0	0	515	546	
7	0	0	0	0	519	536	
8	0	0	0	0	522	528	
9	0	0	0	0	525	520	
10	0	0	0	0	525	516	
11	0	0	0	0	529	510	
12	0	0	0	0	531	504	
13	0	0	0	0	529	499	
14	0	0	0	0	528	496	
15	0	0	0	0	526	495	
0	0	0	0	0	522	500	
1	0	0	0	0	519	508	
2	0	0	0	0	517	512	
3	0	0	0	0	516	510	
4	0	0	0	0	512	510	
5	0	0	0	0	508	511	
6	0	0	0	0	500	518	
7	0	0	0	0	494	525	
8	0	0	0	0	491	530	
9	0	0	0	0	485	535	
10	0	0	0	0	482	540	
11	0	0	0	0	480	538	
12	0	0	0	0	482	536	
13	0	0	0	0	481	531	
14	0	0	0	0	481	523	
15	0	0	0	0	481	517	
0	0	0	0	0	484	511	
1	0	0	0	0	487	507	
2	0	0	0	0	488	504	
3	0	0	0	0	489	505	
4	0	0	0	0	489	506	
5	0	0	0	0	489	507	
6	0	0	0	0	492	505	
7	0	0	0	0	494	499	
8	0	0	0	0	497	492	
9	0	0	0	0	498	484	
10	0	0	0	0	497	478	
11	0	0	0	0	499	469	
12	0	0	0	0	497	460	
13	0	0	0	0	497	454	
14	0	0	0	0	496	449	
15	0	0	0	0	497	451	
0	0	0	0	0	496	463	
1	0	0	0	0	496	472	
2	0	0	0	0	497	473	
3	0	0	0	0	500	475	
4	0	0	0	0	506	480	
5	0	0	0	0	509	487	
6	0	0	0	0	512	496	
7	0	0	0	0	516	510	
8	0	0	0	0	523	523	
9	0	0	0	0	529	532	
10	0	0	0	0	527	536	
11	0	0	0	0	523	539	
12	0	0	0	0	516	540	
13	0	0	0	0	513	541	
14	0	0	0	0	511	541	
15	0	0	0	0	509	539	
0	0	0	0	0	508	536	
1	0	0	0	0	506	536	
2	0	0	0	0	504	531	
3	0	0	0	0	504	527	
4	0	0	0	0	499	524	
5	0	0	0	0	493	519	
6	0	0	0	0	493	514	
7	0	0	0	0	494	514	
8	0	0	0	0	499	512	
9	0	0	0	0	504	511	
10	0	0	0	0	510	511	
11	0	0	0	0	515	510	
12	0	0	0	0	516	511	
13	0	0	0	0	518	515	
14	0	0	0	0	519	519	
15	0	0	0	0	519	521	
0	0	0	0	0	515	524	
1	0	0	0	0	513	529	
2	0	0	0	0	507	535	
3	0	0	0	0	504	539	
4	0	0	0	0	502	537	
5	0	0	0	0	500	534	
6	0	0	0	0	497	527	
7	0	0	0	0	497	523	
8	0	0	0	0	500	527	
9	0	0	0	0	507	541	
10	0	0	0	0	517	553	
11	0	0	0	0	524	557	
12	0	0	0	0	526	550	
13	0	0	0	0	521	539	
14	0	0	0	0	515	527	
15	0	0	0	0	509	522	
0	0	0	0	0	504	521	
1	0	0	0	0	502	525	
2	0	0	0	0	495	529	
3	0	0	0	0	487	533	
4	0	0	0	0	477	539	
5	0	0	0	0	469	542	
6	0	0	0	0	463	545	
7	0	0	0	0	458	547	
8	0	0	0	0	452	547	
9	0	0	0	0	451	550	
10	0	0	0	0	449	551	
11	0	0	0	0	447	555	
12	0	0	0	0	447	560	
13	0	0	0	0	446	564	
14	0	0	0	0	445	568	
15	0	0	0	0	443	571	
0	0	0	0	0	440	570	
1	0	0	0	0	439	567	
2	0	0	0	0	435	556	
3	0	0	0	0	433	548	
4	0	0	0	0	431	539	
5	0	0	0	0	434	529	
6	0	0	0	0	439	521	
7	0	0	0	0	443	512	
8	0	0	0	0	446	506	
9	0	0	0	0	446	503	
10	0	0	0	0	447	503	
11	0	0	0	0	443	503	
12	0	0	0	0	436	509	
13	0	0	0	0	427	514	
14	0	0	0	0	420	515	
15	0	0	0	0	414	516	
0	0	0	0	0	410	513	
1	0	0	0	0	411	515	
2	0	0	0	0	416	522	
3	0	0	0	0	423	527	
4	0	0	0	0	429	527	
5	0	0	0	0	433	520	
6	0	0	0	0	436	510	
7	0	0	0	0	436	497	
8	0	0	0	0	440	488	
9	0	0	0	0	447	486	
10	0	0	0	0	454	489	
11	0	0	0	0	457	493	
12	0	0	0	0	457	497	
13	0	0	0	0	453	499	
14	0	0	0	0	444	502	
15	0	0	0	0	433	504	
0	0	0	0	0	424	504	
1	0	0	0	0	417	501	
2	0	0	0	0	414	496	
3	0	0	0	0	411	490	
4	0	0	0	0	408	489	
5	0	0	0	0	409	487	
6	0	0	0	0	409	487	
7	0	0	0	0	406	487	
8	0	0	0	0	405	486	
9	0	0	0	0	408	483	
10	0	0	0	0	414	478	
11	0	0	0	0	420	477	
12	0	0	0	0	424	477	
13	0	0	0	0	428	477	
14	0	0	0	0	432	483	
15	0	0	0	0	435	490	
0	0	0	0	0	437	500	
1	0	0	0	0	436	506	
2	0	0	0	0	437	519	
3	0	0	0	0	439	536	
4	0	0	0	0	440	552	
5	0	0	0	0	439	564	
6	0	0	0	0	439	569	
7	0	0	0	0	438	566	
8	0	0	0	0	438	561	
9	0	0	0	0	439	554	
10	0	0	0	0	441	547	
11	0	0	0	0	443	544	
12	0	0	0	0	447	543	
13	0	0	0	0	451	545	
14	0	0	0	0	456	547	
15	0	0	0	0	461	550	
0	0	0	0	0	463	557	
1	0	0	0	0	463	562	
2	0	0	0	0	460	563	
3	0	0	0	0	455	562	
4	0	0	0	0	457	551	
5	0	0	0	0	460	542	
6	0	0	0	0	460	539	
7	0	0	0	0	457	539	
8	0	0	0	0	455	540	
9	0	0	0	0	451	543	
10	0	0	0	0	449	548	
11	0	0	0	0	452	552	
12	0	0	0	0	460	556	
13	0	0	0	0	468	559	
14	0	0	0	0	470	561	
15	0	0	0	0	465	561	
0	0	0	0	0	459	563	
1	0	0	0	0	451	563	
2	0	0	0	0	447	564	
3	0	0	0	0	439	565	
4	0	0	0	0	431	568	
5	0	0	0	0	423	571	
6	0	0	0	0	415	572	
7	0	0	0	0	408	571	
8	0	0	0	0	401	567	
9	0	0	0	0	396	563	
10	0	0	0	0	395	553	
11	0	0	0	0	392	544	
12	0	0	0	0	396	538	
13	0	0	0	0	402	537	
14	0	0	0	0	409	539	
15	0	0	0	0	413	546	
0	0	0	0	0	419	557	
1	0	0	0	0	424	568	
2	0	0	0	0	428	576	
3	0	0	0	0	427	579	
4	0	0	0	0	428	571	
5	0	0	0	0	432	557	
6	0	0	0	0	434	542	
7	0	0	0	0	431	529	
8	0	0	0	0	428	519	
9	0	0	0	0	426	512	
10	0	0	0	0	427	510	
11	0	0	0	0	427	508	
12	0	0	0	0	423	511	
13	0	0	0	0	422	516	
14	0	0	0	0	423	520	
15	0	0	0	0	425	520	
0	0	0	0	0	431	524	
1	0	0	0	0	435	525	
2	0	0	0	0	441	527	
3	0	0	0	0	448	523	
4	0	0	0	0	456	523	
5	0	0	0	0	460	523	
6	0	0	0	0	457	516	
7	0	0	0	0	456	509	
8	0	0	0	0	455	502	
9	0	0	0	0	453	500	
10	0	0	0	0	452	501	
11	0	0	0	0	453	504	
12	0	0	0	0	455	509	
13	0	0	0	0	454	513	
14	0	0	0	0	455	517	
15	0	0	0	0	452	523	
0	0	0	0	0	448	529	
1	0	0	0	0	448	533	
2	0	0	0	0	448	532	
3	0	0	0	0	447	531	
4	0	0	0	0	449	535	
5	0	0	0	0	450	543	
6	0	0	0	0	449	547	
7	0	0	0	0	451	545	
8	0	0	0	0	449	543	
9	0	0	0	0	451	539	
10	0	0	0	0	450	536	
11	0	0	0	0	449	539	
12	0	0	0	0	447	543	
13	0	0	0	0	444	547	
14	0	0	0	0	442	544	
15	0	0	0	0	444	540	
0	0	0	0	0	445	532	
1	0	0	0	0	446	519	
2	0	0	0	0	446	507	
3	0	0	0	0	440	495	
4	0	0	0	0	436	486	
5	0	0	0	0	434	478	
6	0	0	0	0	436	472	
7	0	0	0	0	440	471	
8	0	0	0	0	444	475	
9	0	0	0	0	443	480	
10	0	0	0	0	440	484	
11	0	0	0	0	433	489	
12	0	0	0	0	423	495	
13	0	0	0	0	418	502	
14	0	0	0	0	413	508	
15	0	0	0	0	406	512	
0	0	0	0	0	401	518	
1	0	0	0	0	395	525	
2	0	0	0	0	383	531	
3	0	0	0	0	368	531	
4	0	0	0	0	359	524	
5	0	0	0	0	357	520	
6	0	0	0	0	355	517	
7	0	0	0	0	355	516	
8	0	0	0	0	359	516	
9	0	0	0	0	365	517	
10	0	0	0	0	373	520	
11	0	0	0	0	382	527	
12	0	0	0	0	391	536	
13	0	0	0	0	399	545	
14	0	0	0	0	402	553	
15	0	0	0	0	401	560	
0	0	0	0	0	400	571	
1	0	0	0	0	401	583	
2	0	0	0	0	410	591	
3	0	0	0	0	419	596	
4	0	0	0	0	429	593	
5	0	0	0	0	441	583	
6	0	0	0	0	451	566	
7	0	0	0	0	458	544	
8	0	0	0	0	461	522	
9	0	0	0	0	459	503	
10	0	0	0	0	452	488	
11	0	0	0	0	448	478	
12	0	0	0	0	446	465	
13	0	0	0	0	448	449	
14	0	0	0	0	455	437	
15	0	0	0	0	463	427	
0	0	0	0	0	478	419	
1	0	0	0	0	492	418	
2	0	0	0	0	503	425	
3	0	0	0	0	510	431	
4	0	0	0	0	511	432	
5	0	0	0	0	515	435	
6	0	0	0	0	518	436	
7	0	0	0	0	520	435	
8	0	0	0	0	524	436	
9	0	0	0	0	529	437	
10	0	0	0	0	535	436	
11	0	0	0	0	537	432	
12	0	0	0	0	543	428	
13	0	0	0	0	547	425	
14	0	0	0	0	551	428	
15	0	0	0	0	551	433	
0	0	0	0	0	549	441	
1	0	0	0	0	548	454	
2	0	0	0	0	541	467	
3	0	0	0	0	532	475	
4	0	0	0	0	525	481	
5	0	0	0	0	522	484	
6	0	0	0	0	515	487	
7	0	0	0	0	512	491	
8	0	0	0	0	508	490	
9	0	0	0	0	506	486	
10	0	0	0	0	505	481	
11	0	0	0	0	504	477	
12	0	0	0	0	504	479	
13	0	0	0	0	509	487	
14	0	0	0	0	513	503	
15	0	0	0	0	517	515	
0	0	0	0	0	522	521	
1	0	0	0	0	528	520	
2	0	0	0	0	534	516	
3	0	0	0	0	537	512	
4	0	0	0	0	544	508	
5	0	0	0	0	548	500	
6	0	0	0	0	550	494	
7	0	0	0	0	550	481	
8	0	0	0	0	548	470	
9	0	0	0	0	544	461	
10	0	0	0	0	542	457	
11	0	0	0	0	539	455	
12	0	0	0	0	532	459	
13	0	0	0	0	525	463	
14	0	0	0	0	519	466	
15	0	0	0	0	519	473	
0	0	0	0	0	518	477	
1	0	0	0	0	515	483	
2	0	0	0	0	515	491	
3	0	0	0	0	514	500	
4	0	0	0	0	510	508	
5	0	0	0	0	507	510	
6	0	0	0	0	508	508	
7	0	0	0	0	515	508	
8	0	0	0	0	525	507	
9	0	0	0	0	529	506	
10	0	0	0	0	527	500	
11	0	0	0	0	526	497	
12	0	0	0	0	521	497	
13	0	0	0	0	519	501	
14	0	0	0	0	514	505	
15	0	0	0	0	506	513	
0	0	0	0	0	500	521	
1	0	0	0	0	499	529	
2	0	0	0	0	496	532	
3	0	0	0	0	491	527	
4	0	0	0	0	489	513	
5	0	0	0	0	487	502	
6	0	0	0	0	481	496	
7	0	0	0	0	478	491	
8	0	0	0	0	477	488	
9	0	0	0	0	478	488	
10	0	0	0	0	476	492	
11	0	0	0	0	472	493	
12	0	0	0	0	468	494	
13	0	0	0	0	470	500	
14	0	0	0	0	476	503	
15	0	0	0	0	483	509	
0	0	0	0	0	488	516	
1	0	0	0	0	492	523	
2	0	0	0	0	491	531	
3	0	0	0	0	497	538	
4	0	0	0	0	502	540	
5	0	0	0	0	504	538	
6	0	0	0	0	504	531	
7	0	0	0	0	500	527	
8	0	0	0	0	499	525	
9	0	0	0	0	498	524	
10	0	0	0	0	501	524	
11	0	0	0	0	504	524	
12	0	0	0	0	506	524	
13	0	0	0	0	507	521	
14	0	0	0	0	508	516	
15	0	0	0	0	512	510	
0	0	0	0	0	521	507	
1	0	0	0	0	527	505	
2	0	0	0	0	535	501	
3	0	0	0	0	541	496	
4	0	0	0	0	547	495	
5	0	0	0	0	554	495	
6	0	0	0	0	564	495	
7	0	0	0	0	574	503	
8	0	0	0	0	582	516	
9	0	0	0	0	588	533	
10	0	0	0	0	590	557	
11	0	0	0	0	591	581	
12	0	0	0	0	590	604	
13	0	0	0	0	588	620	
14	0	0	0	0	581	626	
15	0	0	0	0	575	624	
0	0	0	0	0	567	622	
1	0	0	0	0	558	621	
2	0	0	0	0	551	625	
3	0	0	0	0	548	627	
4	0	0	0	0	548	626	
5	0	0	0	0	547	624	
6	0	0	0	0	551	631	
7	0	0	0	0	553	639	
8	0	0	0	0	551	650	
9	0	0	0	0	548	660	
10	0	0	0	0	545	668	
11	0	0	0	0	544	675	
12	0	0	0	0	546	682	
13	0	0	0	0	550	687	
14	0	0	0	0	548	687	
15	0	0	0	0	548	683	
0	0	0	0	0	547	675	
1	0	0	0	0	546	667	
2	0	0	0	0	546	660	
3	0	0	0	0	546	655	
4	0	0	0	0	546	655	
5	0	0	0	0	551	652	
6	0	0	0	0	554	651	
7	0	0	0	0	555	651	
8	0	0	0	0	560	657	
9	0	0	0	0	561	662	
10	0	0	0	0	557	663	
11	0	0	0	0	550	662	
12	0	0	0	0	542	665	
13	0	0	0	0	536	666	
14	0	0	0	0	532	669	
15	0	0	0	0	529	676	
0	0	0	0	0	526	676	
1	0	0	0	0	528	675	
2	0	0	0	0	529	669	
3	0	0	0	0	530	663	
4	0	0	0	0	532	656	
5	0	0	0	0	535	651	
6	0	0	0	0	542	649	
7	0	0	0	0	545	647	
8	0	0	0	0	547	651	
9	0	0	0	0	547	653	
10	0	0	0	0	544	652	
11	0	0	0	0	543	648	
12	0	0	0	0	542	642	
13	0	0	0	0	542	635	
14	0	0	0	0	540	626	
15	0	0	0	0	537	615	
0	0	0	0	0	534	605	
1	0	0	0	0	540	596	
2	0	0	0	0	545	590	
3	0	0	0	0	550	586	
4	0	0	0	0	556	582	
5	0	0	0	0	561	580	
6	0	0	0	0	567	579	
7	0	0	0	0	572	579	
8	0	0	0	0	577	590	
9	0	0	0	0	581	606	
10	0	0	0	0	582	620	
11	0	0	0	0	575	627	
12	0	0	0	0	569	627	
13	0	0	0	0	562	623	
14	0	0	0	0	557	620	
15	0	0	0	0	553	612	
0	0	0	0	0	545	602	
1	0	0	0	0	540	594	
2	0	0	0	0	536	587	
3	0	0	0	0	537	582	
4	0	0	0	0	543	579	
5	0	0	0	0	546	577	
6	0	0	0	0	550	574	
7	0	0	0	0	553	572	
8	0	0	0	0	557	572	
9	0	0	0	0	560	577	
10	0	0	0	0	562	588	
11	0	0	0	0	559	603	
12	0	0	0	0	556	609	
13	0	0	0	0	554	613	
14	0	0	0	0	554	613	
15	0	0	0	0	555	607	
0	0	0	0	0	555	599	
1	0	0	0	0	558	585	
2	0	0	0	0	561	571	
3	0	0	0	0	562	558	
4	0	0	0	0	562	550	
5	0	0	0	0	563	545	
6	0	0	0	0	566	545	
7	0	0	0	0	572	547	
8	0	0	0	0	575	552	
9	0	0	0	0	579	559	
10	0	0	0	0	584	562	
11	0	0	0	0	582	564	
12	0	0	0	0	576	564	
13	0	0	0	0	568	561	
14	0	0	0	0	563	560	
15	0	0	0	0	558	562	
0	0	0	0	0	552	561	
1	0	0	0	0	545	562	
2	0	0	0	0	542	567	
3	0	0	0	0	541	567	
4	0	0	0	0	542	562	
5	0	0	0	0	541	557	
6	0	0	0	0	545	556	
7	0	0	0	0	550	557	
8	0	0	0	0	555	555	
9	0	0	0	0	560	551	
10	0	0	0	0	567	547	
11	0	0	0	0	574	538	
12	0	0	0	0	574	531	
13	0	0	0	0	568	527	
14	0	0	0	0	563	529	
15	0	0	0	0	559	534	
0	0	0	0	0	552	541	
1	0	0	0	0	543	548	
2	0	0	0	0	531	557	
3	0	0	0	0	520	567	
4	0	0	0	0	512	575	
5	0	0	0	0	505	575	
6	0	0	0	0	503	568	
7	0	0	0	0	505	559	
8	0	0	0	0	508	548	
9	0	0	0	0	513	540	
10	0	0	0	0	516	540	
11	0	0	0	0	518	542	
12	0	0	0	0	519	544	
13	0	0	0	0	518	539	
14	0	0	0	0	518	530	
15	0	0	0	0	518	523	
0	0	0	0	0	518	518	
1	0	0	0	0	518	514	
2	0	0	0	0	516	511	
3	0	0	0	0	515	511	
4	0	0	0	0	510	511	
5	0	0	0	0	508	509	
6	0	0	0	0	509	508	
7	0	0	0	0	513	508	
8	0	0	0	0	512	513	
9	0	0	0	0	512	519	
10	0	0	0	0	514	522	
11	0	0	0	0	512	528	
12	0	0	0	0	508	531	
13	0	0	0	0	498	536	
14	0	0	0	0	487	540	
15	0	0	0	0	480	549	
0	0	0	0	0	474	560	
1	0	0	0	0	469	568	
2	0	0	0	0	464	575	
3	0	0	0	0	461	573	
4	0	0	0	0	457	571	
5	0	0	0	0	454	567	
6	0	0	0	0	453	559	
7	0	0	0	0	457	552	
8	0	0	0	0	464	551	
9	0	0	0	0	477	549	
10	0	0	0	0	487	547	
11	0	0	0	0	499	547	
12	0	0	0	0	511	546	
13	0	0	0	0	519	544	
14	0	0	0	0	519	542	
15	0	0	0	0	515	539	
0	0	0	0	0	508	535	
1	0	0	0	0	499	532	
2	0	0	0	0	492	529	
3	0	0	0	0	491	527	
4	0	0	0	0	492	524	
5	0	0	0	0	488	519	
6	0	0	0	0	484	519	
7	0	0	0	0	484	516	
8	0	0	0	0	487	513	
9	0	0	0	0	490	505	
10	0	0	0	0	495	502	
11	0	0	0	0	503	498	
12	0	0	0	0	515	498	
13	0	0	0	0	526	503	
14	0	0	0	0	539	507	
15	0	0	0	0	551	515	
0	0	0	0	0	556	525	
1	0	0	0	0	559	531	
2	0	0	0	0	559	535	
3	0	0	0	0	554	536	
4	0	0	0	0	545	536	
5	0	0	0	0	534	536	
6	0	0	0	0	521	535	
7	0	0	0	0	508	531	
8	0	0	0	0	497	523	
9	0	0	0	0	489	516	
10	0	0	0	0	486	519	
11	0	0	0	0	488	525	
12	0	0	0	0	493	531	
13	0	0	0	0	496	537	
14	0	0	0	0	498	543	
15	0	0	0	0	498	545	
0	0	0	0	0	499	548	
1	0	0	0	0	500	547	
2	0	0	0	0	499	548	
3	0	0	0	0	496	549	
4	0	0	0	0	489	551	
5	0	0	0	0	483	548	
6	0	0	0	0	478	541	
7	0	0	0	0	473	535	
8	0	0	0	0	472	537	
9	0	0	0	0	472	544	
10	0	0	0	0	473	551	
11	0	0	0	0	473	551	
12	0	0	0	0	478	547	
13	0	0	0	0	480	543	
14	0	0	0	0	482	540	
15	0	0	0	0	485	537	
0	0	0	0	0	486	540	
1	0	0	0	0	484	543	
2	0	0	0	0	483	550	
3	0	0	0	0	476	556	
4	0	0	0	0	471	559	
5	0	0	0	0	468	560	
6	0	0	0	0	467	558	
7	0	0	0	0	463	559	
8	0	0	0	0	460	564	
9	0	0	0	0	462	570	
10	0	0	0	0	468	575	
11	0	0	0	0	473	577	
12	0	0	0	0	479	576	
13	0	0	0	0	491	572	
14	0	0	0	0	505	566	
15	0	0	0	0	518	556	
0	0	0	0	0	530	543	
1	0	0	0	0	537	530	
2	0	0	0	0	543	522	
3	0	0	0	0	544	519	
4	0	0	0	0	542	524	
5	0	0	0	0	536	529	
6	0	0	0	0	529	533	
7	0	0	0	0	523	537	
8	0	0	0	0	521	539	
9	0	0	0	0	519	542	
10	0	0	0	0	515	543	
11	0	0	0	0	511	544	
12	0	0	0	0	509	543	
13	0	0	0	0	505	541	
14	0	0	0	0	499	543	
15	0	0	0	0	492	548	
0	0	0	0	0	491	553	
1	0	0	0	0	491	557	
2	0	0	0	0	487	559	
3	0	0	0	0	486	558	
4	0	0	0	0	487	557	
5	0	0	0	0	489	558	
6	0	0	0	0	488	555	
7	0	0	0	0	481	555	
8	0	0	0	0	473	554	
9	0	0	0	0	464	551	
10	0	0	0	0	460	550	
11	0	0	0	0	459	548	
12	0	0	0	0	464	551	
13	0	0	0	0	470	559	
14	0	0	0	0	475	567	
15	0	0	0	0	480	576	
0	0	0	0	0	487	582	
1	0	0	0	0	493	587	
2	0	0	0	0	497	589	
3	0	0	0	0	502	586	
4	0	0	0	0	505	582	
5	0	0	0	0	504	578	
6	0	0	0	0	504	576	
7	0	0	0	0	501	572	
8	0	0	0	0	499	564	
9	0	0	0	0	496	557	
10	0	0	0	0	497	553	
11	0	0	0	0	502	556	
12	0	0	0	0	507	566	
13	0	0	0	0	511	578	
14	0	0	0	0	515	583	
15	0	0	0	0	517	579	
0	0	0	0	0	513	573	
1	0	0	0	0	506	566	
2	0	0	0	0	499	559	
3	0	0	0	0	493	547	
4	0	0	0	0	488	540	
5	0	0	0	0	483	537	
6	0	0	0	0	479	532	
7	0	0	0	0	474	522	
8	0	0	0	0	472	509	
9	0	0	0	0	464	503	
10	0	0	0	0	455	497	
11	0	0	0	0	445	495	
12	0	0	0	0	437	495	
13	0	0	0	0	433	502	
14	0	0	0	0	435	508	
15	0	0	0	0	440	513	
0	0	0	0	0	444	518	
1	0	0	0	0	449	521	
2	0	0	0	0	455	524	
3	0	0	0	0	460	525	
4	0	0	0	0	460	531	
5	0	0	0	0	460	531	
6	0	0	0	0	459	533	
7	0	0	0	0	455	539	
8	0	0	0	0	451	543	
9	0	0	0	0	446	544	
10	0	0	0	0	440	542	
11	0	0	0	0	433	543	
12	0	0	0	0	423	540	
13	0	0	0	0	417	540	
14	0	0	0	0	414	539	
15	0	0	0	0	407	541	
0	0	0	0	0	401	538	
1	0	0	0	0	401	538	
2	0	0	0	0	407	535	
3	0	0	0	0	413	530	
4	0	0	0	0	418	528	
5	0	0	0	0	422	527	
6	0	0	0	0	426	531	
7	0	0	0	0	430	529	
8	0	0	0	0	432	525	
9	0	0	0	0	431	518	
10	0	0	0	0	426	512	
11	0	0	0	0	424	507	
12	0	0	0	0	426	506	
13	0	0	0	0	428	510	
14	0	0	0	0	428	518	
15	0	0	0	0	430	526	
0	0	0	0	0	426	532	
1	0	0	0	0	419	540	
2	0	0	0	0	411	541	
3	0	0	0	0	407	542	
4	0	0	0	0	402	542	
5	0	0	0	0	400	539	
6	0	0	0	0	396	536	
7	0	0	0	0	393	532	
8	0	0	0	0	393	527	
9	0	0	0	0	393	522	
10	0	0	0	0	398	523	
11	0	0	0	0	402	527	
12	0	0	0	0	406	527	
13	0	0	0	0	410	520	
14	0	0	0	0	414	511	
15	0	0	0	0	415	499	
0	0	0	0	0	418	492	
1	0	0	0	0	423	487	
2	0	0	0	0	427	483	
3	0	0	0	0	428	478	
4	0	0	0	0	430	474	
5	0	0	0	0	435	469	
6	0	0	0	0	443	465	
7	0	0	0	0	445	468	
8	0	0	0	0	444	474	
9	0	0	0	0	443	480	
10	0	0	0	0	440	487	
11	0	0	0	0	440	490	
12	0	0	0	0	443	489	
13	0	0	0	0	451	486	
14	0	0	0	0	457	481	
15	0	0	0	0	466	479	
0	0	0	0	0	473	476	
1	0	0	0	0	475	476	
2	0	0	0	0	473	475	
3	0	0	0	0	469	478	
4	0	0	0	0	460	477	
5	0	0	0	0	455	475	
6	0	0	0	0	448	477	
7	0	0	0	0	441	477	
8	0	0	0	0	439	475	
9	0	0	0	0	440	472	
10	0	0	0	0	440	465	
11	0	0	0	0	440	461	
12	0	0	0	0	441	458	
13	0	0	0	0	447	455	
14	0	0	0	0	450	458	
15	0	0	0	0	454	467	
0	0	0	0	0	457	479	
1	0	0	0	0	463	484	
2	0	0	0	0	471	486	
3	0	0	0	0	477	483	
4	0	0	0	0	483	481	
5	0	0	0	0	487	476	
6	0	0	0	0	492	473	
7	0	0	0	0	498	471	
8	0	0	0	0	505	464	
9	0	0	0	0	510	455	
10	0	0	0	0	511	451	
11	0	0	0	0	507	449	
12	0	0	0	0	502	448	
13	0	0	0	0	495	444	
14	0	0	0	0	489	444	
15	0	0	0	0	484	451	
0	0	0	0	0	480	454	
1	0	0	0	0	472	458	
2	0	0	0	0	467	469	
3	0	0	0	0	463	482	
4	0	0	0	0	460	487	
5	0	0	0	0	458	489	
6	0	0	0	0	454	484	
7	0	0	0	0	452	475	
8	0	0	0	0	452	464	
9	0	0	0	0	453	455	
10	0	0	0	0	453	451	
11	0	0	0	0	454	447	
12	0	0	0	0	455	444	
13	0	0	0	0	457	443	
14	0	0	0	0	460	440	
15	0	0	0	0	467	443	
0	0	0	0	0	476	441	
1	0	0	0	0	482	434	
2	0	0	0	0	489	432	
3	0	0	0	0	489	433	
4	0	0	0	0	485	437	
5	0	0	0	0	483	443	
6	0	0	0	0	483	450	
7	0	0	0	0	487	452	
8	0	0	0	0	491	452	
9	0	0	0	0	496	454	
10	0	0	0	0	502	458	
11	0	0	0	0	504	462	
12	0	0	0	0	500	465	
13	0	0	0	0	498	464	
14	0	0	0	0	497	454	
15	0	0	0	0	497	443	
0	0	0	0	0	501	433	
1	0	0	0	0	503	423	
2	0	0	0	0	501	415	
3	0	0	0	0	501	408	
4	0	0	0	0	503	401	
5	0	0	0	0	508	403	
6	0	0	0	0	512	403	
7	0	0	0	0	512	403	
8	0	0	0	0	513	405	
9	0	0	0	0	516	410	
10	0	0	0	0	516	416	
11	0	0	0	0	512	421	
12	0	0	0	0	507	423	
13	0	0	0	0	503	425	
14	0	0	0	0	503	423	
15	0	0	0	0	502	419	
0	0	0	0	0	503	417	
1	0	0	0	0	507	413	
2	0	0	0	0	507	402	
3	0	0	0	0	511	395	
4	0	0	0	0	517	385	
5	0	0	0	0	520	379	
6	0	0	0	0	523	380	
7	0	0	0	0	525	384	
8	0	0	0	0	523	385	
9	0	0	0	0	523	389	
10	0	0	0	0	526	394	
11	0	0	0	0	529	400	
12	0	0	0	0	532	403	
13	0	0	0	0	532	406	
14	0	0	0	0	529	413	
15	0	0	0	0	528	420	
0	0	0	0	0	527	425	
1	0	0	0	0	525	424	
2	0	0	0	0	527	424	
3	0	0	0	0	533	423	
4	0	0	0	0	538	421	
5	0	0	0	0	543	422	
6	0	0	0	0	547	426	
7	0	0	0	0	550	433	
8	0	0	0	0	554	441	
9	0	0	0	0	562	451	
10	0	0	0	0	568	457	
11	0	0	0	0	571	458	
12	0	0	0	0	574	460	
13	0	0	0	0	574	458	
14	0	0	0	0	570	456	
15	0	0	0	0	568	454	
0	0	0	0	0	568	450	
1	0	0	0	0	569	444	
2	0	0	0	0	574	438	
3	0	0	0	0	580	435	
4	0	0	0	0	585	435	
5	0	0	0	0	590	441	
6	0	0	0	0	593	447	
7	0	0	0	0	598	451	
8	0	0	0	0	604	449	
9	0	0	0	0	609	443	
10	0	0	0	0	610	440	
11	0	0	0	0	607	435	
12	0	0	0	0	601	429	
13	0	0	0	0	595	424	
14	0	0	0	0	586	421	
15	0	0	0	0	575	423	
0	0	0	0	0	563	425	
1	0	0	0	0	553	423	
2	0	0	0	0	545	419	
3	0	0	0	0	541	419	
4	0	0	0	0	537	421	
5	0	0	0	0	537	423	
6	0	0	0	0	539	430	
7	0	0	0	0	543	440	
8	0	0	0	0	550	447	
9	0	0	0	0	556	450	
10	0	0	0	0	561	447	
11	0	0	0	0	564	437	
12	0	0	0	0	566	430	
13	0	0	0	0	565	423	
14	0	0	0	0	563	423	
15	0	0	0	0	560	423	
0	0	0	0	0	556	419	
1	0	0	0	0	550	413	
2	0	0	0	0	544	410	
3	0	0	0	0	538	409	
4	0	0	0	0	530	407	
5	0	0	0	0	527	403	
6	0	0	0	0	524	401	
7	0	0	0	0	524	398	
8	0	0	0	0	526	397	
9	0	0	0	0	528	404	
10	0	0	0	0	529	411	
11	0	0	0	0	531	417	
12	0	0	0	0	530	423	
13	0	0	0	0	529	427	
14	0	0	0	0	527	428	
15	0	0	0	0	523	426	
0	0	0	0	0	520	420	
1	0	0	0	0	520	415	
2	0	0	0	0	516	415	
3	0	0	0	0	515	423	
4	0	0	0	0	512	436	
5	0	0	0	0	510	448	
6	0	0	0	0	511	457	
7	0	0	0	0	515	467	
8	0	0	0	0	521	480	
9	0	0	0	0	524	489	
10	0	0	0	0	526	496	
11	0	0	0	0	526	497	
12	0	0	0	0	526	492	
13	0	0	0	0	526	485	
14	0	0	0	0	525	479	
15	0	0	0	0	524	476	
0	0	0	0	0	524	477	
1	0	0	0	0	521	476	
2	0	0	0	0	521	479	
3	0	0	0	0	519	477	
4	0	0	0	0	512	473	
5	0	0	0	0	508	467	
6	0	0	0	0	507	460	
7	0	0	0	0	505	453	
8	0	0	0	0	506	450	
9	0	0	0	0	507	451	
10	0	0	0	0	511	448	
11	0	0	0	0	516	446	
12	0	0	0	0	516	447	
13	0	0	0	0	512	453	
14	0	0	0	0	504	454	
15	0	0	0	0	495	454	
0	0	0	0	0	490	451	
1	0	0	0	0	487	452	
2	0	0	0	0	482	452	
3	0	0	0	0	480	452	
4	0	0	0	0	480	449	
5	0	0	0	0	485	448	
6	0	0	0	0	492	451	
7	0	0	0	0	497	455	
8	0	0	0	0	502	463	
9	0	0	0	0	504	471	
10	0	0	0	0	507	476	
11	0	0	0	0	507	480	
12	0	0	0	0	505	480	
13	0	0	0	0	503	481	
14	0	0	0	0	504	480	
15	0	0	0	0	507	476	
0	0	0	0	0	509	474	
1	0	0	0	0	510	472	
2	0	0	0	0	511	470	
3	0	0	0	0	508	468	
4	0	0	0	0	511	467	
5	0	0	0	0	511	470	
6	0	0	0	0	511	471	
7	0	0	0	0	507	472	
8	0	0	0	0	503	473	
9	0	0	0	0	495	476	
10	0	0	0	0	491	477	
11	0	0	0	0	486	478	
12	0	0	0	0	484	479	
13	0	0	0	0	485	483	
14	0	0	0	0	483	493	
15	0	0	0	0	481	499	
0	0	0	0	0	475	503	
1	0	0	0	0	469	504	
2	0	0	0	0	465	499	
3	0	0	0	0	462	491	
4	0	0	0	0	466	479	
5	0	0	0	0	473	468	
6	0	0	0	0	480	459	
7	0	0	0	0	485	454	
8	0	0	0	0	488	451	
9	0	0	0	0	489	449	
10	0	0	0	0	494	450	
11	0	0	0	0	505	451	
12	0	0	0	0	512	460	
13	0	0	0	0	517	468	
14	0	0	0	0	523	476	
15	0	0	0	0	529	480	
0	0	0	0	0	532	482	
1	0	0	0	0	536	480	
2	0	0	0	0	539	476	
3	0	0	0	0	534	470	
4	0	0	0	0	526	463	
5	0	0	0	0	515	460	
6	0	0	0	0	504	459	
7	0	0	0	0	494	456	
8	0	0	0	0	487	454	
9	0	0	0	0	481	450	
10	0	0	0	0	477	442	
11	0	0	0	0	470	434	
12	0	0	0	0	464	430	
13	0	0	0	0	460	432	
14	0	0	0	0	459	438	
15	0	0	0	0	459	444	
0	0	0	0	0	458	449	
1	0	0	0	0	452	453	
2	0	0	0	0	444	457	
3	0	0	0	0	434	459	
4	0	0	0	0	430	462	
5	0	0	0	0	431	462	
6	0	0	0	0	432	462	
7	0	0	0	0	432	461	
8	0	0	0	0	434	459	
9	0	0	0	0	440	459	
10	0	0	0	0	449	463	
11	0	0	0	0	462	465	
12	0	0	0	0	474	470	
13	0	0	0	0	482	475	
14	0	0	0	0	489	480	
15	0	0	0	0	493	486	
0	0	0	0	0	497	488	
1	0	0	0	0	501	492	
2	0	0	0	0	504	499	
3	0	0	0	0	510	508	
4	0	0	0	0	511	516	
5	0	0	0	0	510	522	
6	0	0	0	0	507	524	
7	0	0	0	0	508	524	
8	0	0	0	0	510	524	
9	0	0	0	0	512	523	
10	0	0	0	0	515	521	
11	0	0	0	0	515	518	
12	0	0	0	0	517	515	
13	0	0	0	0	519	515	
14	0	0	0	0	521	519	
15	0	0	0	0	526	523	
0	0	0	0	0	529	525	
1	0	0	0	0	530	522	
2	0	0	0	0	531	522	
3	0	0	0	0	531	528	
4	0	0	0	0	525	533	
5	0	0	0	0	519	535	
6	0	0	0	0	508	532	
7	0	0	0	0	501	526	
8	0	0	0	0	495	517	
9	0	0	0	0	492	511	
10	0	0	0	0	490	505	
11	0	0	0	0	492	496	
12	0	0	0	0	500	488	
13	0	0	0	0	507	484	
14	0	0	0	0	511	481	
15	0	0	0	0	518	478	
0	0	0	0	0	525	476	
1	0	0	0	0	535	473	
2	0	0	0	0	540	471	
3	0	0	0	0	542	475	
4	0	0	0	0	542	478	
5	0	0	0	0	540	480	
6	0	0	0	0	536	481	
7	0	0	0	0	532	487	
8	0	0	0	0	528	493	
9	0	0	0	0	528	500	
10	0	0	0	0	524	507	
11	0	0	0	0	519	513	
12	0	0	0	0	514	515	
13	0	0	0	0	514	514	
14	0	0	0	0	516	514	
15	0	0	0	0	520	512	
0	0	0	0	0	527	511	
1	0	0	0	0	534	512	
2	0	0	0	0	541	510	
3	0	0	0	0	547	504	
4	0	0	0	0	553	497	
5	0	0	0	0	555	496	
6	0	0	0	0	553	498	
7	0	0	0	0	554	502	
8	0	0	0	0	555	506	
9	0	0	0	0	556	508	
10	0	0	0	0	555	509	
11	0	0	0	0	551	510	
12	0	0	0	0	550	512	
13	0	0	0	0	551	513	
14	0	0	0	0	551	511	
15	0	0	0	0	556	509	
0	0	0	0	0	564	505	
1	0	0	0	0	573	507	
2	0	0	0	0	582	506	
3	0	0	0	0	588	500	
4	0	0	0	0	592	500	
5	0	0	0	0	596	501	
6	0	0	0	0	598	497	
7	0	0	0	0	595	493	
8	0	0	0	0	592	492	
9	0	0	0	0	590	494	
10	0	0	0	0	587	496	
11	0	0	0	0	585	496	
12	0	0	0	0	584	499	
13	0	0	0	0	583	504	
14	0	0	0	0	587	509	
15	0	0	0	0	592	515	
0	0	0	0	0	601	518	
1	0	0	0	0	607	518	
2	0	0	0	0	608	519	
3	0	0	0	0	610	519	
4	0	0	0	0	609	524	
5	0	0	0	0	607	531	
6	0	0	0	0	603	537	
7	0	0	0	0	599	542	
8	0	0	0	0	590	546	
9	0	0	0	0	583	547	
10	0	0	0	0	583	549	
11	0	0	0	0	583	551	
12	0	0	0	0	585	551	
13	0	0	0	0	591	548	
14	0	0	0	0	597	542	
15	0	0	0	0	599	535	
0	0	0	0	0	602	533	
1	0	0	0	0	604	529	
2	0	0	0	0	604	525	
3	0	0	0	0	600	519	
4	0	0	0	0	597	513	
5	0	0	0	0	596	507	
6	0	0	0	0	591	498	
7	0	0	0	0	585	490	
8	0	0	0	0	581	485	
9	0	0	0	0	577	483	
10	0	0	0	0	576	481	
11	0	0	0	0	572	483	
12	0	0	0	0	572	486	
13	0	0	0	0	575	489	
14	0	0	0	0	577	490	
15	0	0	0	0	578	489	
0	0	0	0	0	577	488	
1	0	0	0	0	576	491	
2	0	0	0	0	575	496	
3	0	0	0	0	576	497	
4	0	0	0	0	580	497	
5	0	0	0	0	588	493	
6	0	0	0	0	601	488	
7	0	0	0	0	608	480	
8	0	0	0	0	611	465	
9	0	0	0	0	607	450	
10	0	0	0	0	601	446	
11	0	0	0	0	593	445	
12	0	0	0	0	585	450	
13	0	0	0	0	582	463	
14	0	0	0	0	582	477	
15	0	0	0	0	580	488	
0	0	0	0	0	580	500	
1	0	0	0	0	579	507	
2	0	0	0	0	582	508	
3	0	0	0	0	585	508	
4	0	0	0	0	591	505	
5	0	0	0	0	598	498	
6	0	0	0	0	604	493	
7	0	0	0	0	604	486	
8	0	0	0	0	602	481	
9	0	0	0	0	600	482	
10	0	0	0	0	597	478	
11	0	0	0	0	594	479	
12	0	0	0	0	594	476	
13	0	0	0	0	594	469	
14	0	0	0	0	594	461	
15	0	0	0	0	596	454	
0	0	0	0	0	598	449	
1	0	0	0	0	601	441	
2	0	0	0	0	603	434	
3	0	0	0	0	607	429	
4	0	0	0	0	611	430	
5	0	0	0	0	615	432	
6	0	0	0	0	619	437	
7	0	0	0	0	622	445	
8	0	0	0	0	622	448	
9	0	0	0	0	618	448	
10	0	0	0	0	611	454	
11	0	0	0	0	608	459	
12	0	0	0	0	608	462	
13	0	0	0	0	610	470	
14	0	0	0	0	608	477	
15	0	0	0	0	604	487	
0	0	0	0	0	604	493	
1	0	0	0	0	606	497	
2	0	0	0	0	611	501	
3	0	0	0	0	616	503	
4	0	0	0	0	618	505	
5	0	0	0	0	620	504	
6	0	0	0	0	619	497	
7	0	0	0	0	619	492	
8	0	0	0	0	619	486	
9	0	0	0	0	616	475	
10	0	0	0	0	614	464	
11	0	0	0	0	613	455	
12	0	0	0	0	615	453	
13	0	0	0	0	618	450	
14	0	0	0	0	620	446	
15	0	0	0	0	619	441	
0	0	0	0	0	617	437	
1	0	0	0	0	624	441	
2	0	0	0	0	632	439	
3	0	0	0	0	639	432	
4	0	0	0	0	648	431	
5	0	0	0	0	656	427	
6	0	0	0	0	658	416	
7	0	0	0	0	657	417	
8	0	0	0	0	654	415	
9	0	0	0	0	647	412	
10	0	0	0	0	640	413	
11	0	0	0	0	631	414	
12	0	0	0	0	623	417	
13	0	0	0	0	611	423	
14	0	0	0	0	599	428	
15	0	0	0	0	590	436	
0	0	0	0	0	580	443	
1	0	0	0	0	572	446	
2	0	0	0	0	569	450	
3	0	0	0	0	572	462	
4	0	0	0	0	571	477	
5	0	0	0	0	573	490	
6	0	0	0	0	579	497	
7	0	0	0	0	581	498	
8	0	0	0	0	586	499	
9	0	0	0	0	595	497	
10	0	0	0	0	601	495	
11	0	0	0	0	606	492	
12	0	0	0	0	607	492	
13	0	0	0	0	607	493	
14	0	0	0	0	604	496	
15	0	0	0	0	599	494	
0	0	0	0	0	594	495	
1	0	0	0	0	589	491	
2	0	0	0	0	584	489	
3	0	0	0	0	577	490	
4	0	0	0	0	571	490	
5	0	0	0	0	568	492	
6	0	0	0	0	566	492	
7	0	0	0	0	566	497	
8	0	0	0	0	567	505	
9	0	0	0	0	568	512	
10	0	0	0	0	568	519	
11	0	0	0	0	565	523	
12	0	0	0	0	561	526	
13	0	0	0	0	558	527	
14	0	0	0	0	556	527	
15	0	0	0	0	555	526	
0	0	0	0	0	558	520	
1	0	0	0	0	558	518	
2	0	0	0	0	560	515	
3	0	0	0	0	560	514	
4	0	0	0	0	559	513	
5	0	0	0	0	560	503	
6	0	0	0	0	559	488	
7	0	0	0	0	560	479	
8	0	0	0	0	561	476	
9	0	0	0	0	564	475	
10	0	0	0	0	564	477	
11	0	0	0	0	566	481	
12	0	0	0	0	568	484	
13	0	0	0	0	569	491	
14	0	0	0	0	568	496	
15	0	0	0	0	564	503	
0	0	0	0	0	561	508	
1	0	0	0	0	556	506	
2	0	0	0	0	550	497	
3	0	0	0	0	544	486	
4	0	0	0	0	542	477	
5	0	0	0	0	542	469	
6	0	0	0	0	543	462	
7	0	0	0	0	543	459	
8	0	0	0	0	547	457	
9	0	0	0	0	551	458	
10	0	0	0	0	556	462	
11	0	0	0	0	560	463	
12	0	0	0	0	560	463	
13	0	0	0	0	556	459	
14	0	0	0	0	556	455	
15	0	0	0	0	557	452	
0	0	0	0	0	560	452	
1	0	0	0	0	564	450	
2	0	0	0	0	567	448	
3	0	0	0	0	572	451	
4	0	0	0	0	575	456	
5	0	0	0	0	579	459	
6	0	0	0	0	584	463	
7	0	0	0	0	585	467	
8	0	0	0	0	585	469	
9	0	0	0	0	587	473	
10	0	0	0	0	587	481	
11	0	0	0	0	583	484	
12	0	0	0	0	578	482	
13	0	0	0	0	572	480	
14	0	0	0	0	568	481	
15	0	0	0	0	563	482	
0	0	0	0	0	558	481	
1	0	0	0	0	552	478	
2	0	0	0	0	546	474	
3	0	0	0	0	541	475	
4	0	0	0	0	542	474	
5	0	0	0	0	548	476	
6	0	0	0	0	553	478	
7	0	0	0	0	556	478	
8	0	0	0	0	551	482	
9	0	0	0	0	545	492	
10	0	0	0	0	539	505	
11	0	0	0	0	536	523	
12	0	0	0	0	534	534	
13	0	0	0	0	532	544	
14	0	0	0	0	532	549	
15	0	0	0	0	531	552	
0	0	0	0	0	529	556	
1	0	0	0	0	528	563	
2	0	0	0	0	525	566	
3	0	0	0	0	524	562	
4	0	0	0	0	523	554	
5	0	0	0	0	524	545	
6	0	0	0	0	527	537	
7	0	0	0	0	531	533	
8	0	0	0	0	536	537	
9	0	0	0	0	543	543	
10	0	0	0	0	549	551	
11	0	0	0	0	551	560	
12	0	0	0	0	548	567	
13	0	0	0	0	546	566	
14	0	0	0	0	543	563	
15	0	0	0	0	537	558	
0	0	0	0	0	528	548	
1	0	0	0	0	519	541	
2	0	0	0	0	516	535	
3	0	0	0	0	516	528	
4	0	0	0	0	511	523	
5	0	0	0	0	507	519	
6	0	0	0	0	500	514	
7	0	0	0	0	497	510	
8	0	0	0	0	499	511	
9	0	0	0	0	502	513	
10	0	0	0	0	505	511	
11	0	0	0	0	505	506	
12	0	0	0	0	509	504	
13	0	0	0	0	518	509	
14	0	0	0	0	523	517	
15	0	0	0	0	522	521	
0	0	0	0	0	519	527	
1	0	0	0	0	520	529	
2	0	0	0	0	523	531	
3	0	0	0	0	527	542	
4	0	0	0	0	529	551	
5	0	0	0	0	529	559	
6	0	0	0	0	527	563	
7	0	0	0	0	529	563	
8	0	0	0	0	532	566	
9	0	0	0	0	532	567	
10	0	0	0	0	532	564	
11	0	0	0	0	531	560	
12	0	0	0	0	533	557	
13	0	0	0	0	534	551	
14	0	0	0	0	530	545	
15	0	0	0	0	526	540	
0	0	0	0	0	519	541	
1	0	0	0	0	509	543	
2	0	0	0	0	503	545	
3	0	0	0	0	505	545	
4	0	0	0	0	506	544	
5	0	0	0	0	508	545	
6	0	0	0	0	510	548	
7	0	0	0	0	515	553	
8	0	0	0	0	519	556	
9	0	0	0	0	523	558	
10	0	0	0	0	528	560	
11	0	0	0	0	535	559	
12	0	0	0	0	537	555	
13	0	0	0	0	535	548	
14	0	0	0	0	531	542	
15	0	0	0	0	532	541	
0	0	0	0	0	531	543	
1	0	0	0	0	527	545	
2	0	0	0	0	526	547	
3	0	0	0	0	526	549	
4	0	0	0	0	527	549	
5	0	0	0	0	533	549	
6	0	0	0	0	541	546	
7	0	0	0	0	547	540	
8	0	0	0	0	552	531	
9	0	0	0	0	556	521	
10	0	0	0	0	558	513	
11	0	0	0	0	560	506	
12	0	0	0	0	561	499	
13	0	0	0	0	563	487	
14	0	0	0	0	562	476	
15	0	0	0	0	563	466	
0	0	0	0	0	561	465	
1	0	0	0	0	558	462	
2	0	0	0	0	555	467	
3	0	0	0	0	552	474	
4	0	0	0	0	546	478	
5	0	0	0	0	541	480	
6	0	0	0	0	537	482	
7	0	0	0	0	532	487	
8	0	0	0	0	528	493	
9	0	0	0	0	523	499	
10	0	0	0	0	518	501	
11	0	0	0	0	515	502	
12	0	0	0	0	511	502	
13	0	0	0	0	508	499	
14	0	0	0	0	506	494	
15	0	0	0	0	504	487	
0	0	0	0	0	501	483	
1	0	0	0	0	499	481	
2	0	0	0	0	494	480	
3	0	0	0	0	487	482	
4	0	0	0	0	476	482	
5	0	0	0	0	463	474	
6	0	0	0	0	448	467	
7	0	0	0	0	434	464	
8	0	0	0	0	421	463	
9	0	0	0	0	413	463	
10	0	0	0	0	412	459	
11	0	0	0	0	421	459	
12	0	0	0	0	432	462	
13	0	0	0	0	442	467	
14	0	0	0	0	451	475	
15	0	0	0	0	460	481	
0	0	0	0	0	468	484	
1	0	0	0	0	475	483	
2	0	0	0	0	480	479	
3	0	0	0	0	487	481	
4	0	0	0	0	492	489	
5	0	0	0	0	497	499	
6	0	0	0	0	500	501	
7	0	0	0	0	497	494	
8	0	0	0	0	493	482	
9	0	0	0	0	489	475	
10	0	0	0	0	489	474	
11	0	0	0	0	494	480	
12	0	0	0	0	499	487	
13	0	0	0	0	507	494	
14	0	0	0	0	513	500	
15	0	0	0	0	519	508	
0	0	0	0	0	520	517	
1	0	0	0	0	517	525	
2	0	0	0	0	515	529	
3	0	0	0	0	510	533	
4	0	0	0	0	504	535	
5	0	0	0	0	497	536	
6	0	0	0	0	489	539	
7	0	0	0	0	485	540	
8	0	0	0	0	481	543	
9	0	0	0	0	478	540	
10	0	0	0	0	476	537	
11	0	0	0	0	471	532	
12	0	0	0	0	467	523	
13	0	0	0	0	466	513	
14	0	0	0	0	470	504	
15	0	0	0	0	476	495	
0	0	0	0	0	480	486	
1	0	0	0	0	487	484	
2	0	0	0	0	493	483	
3	0	0	0	0	497	483	
4	0	0	0	0	500	484	
5	0	0	0	0	498	485	
6	0	0	0	0	493	484	
7	0	0	0	0	485	484	
8	0	0	0	0	479	488	
9	0	0	0	0	472	492	
10	0	0	0	0	467	497	
11	0	0	0	0	463	503	
12	0	0	0	0	464	510	
13	0	0	0	0	463	514	
14	0	0	0	0	466	521	
15	0	0	0	0	470	523	
0	0	0	0	0	472	521	
1	0	0	0	0	476	517	
2	0	0	0	0	478	512	
3	0	0	0	0	477	507	
4	0	0	0	0	477	499	
5	0	0	0	0	474	491	
6	0	0	0	0	473	483	
7	0	0	0	0	468	478	
8	0	0	0	0	464	475	
9	0	0	0	0	462	475	
10	0	0	0	0	462	477	
11	0	0	0	0	463	483	
12	0	0	0	0	466	488	
13	0	0	0	0	470	490	
14	0	0	0	0	473	494	
15	0	0	0	0	479	496	
0	0	0	0	0	485	497	
1	0	0	0	0	493	496	
2	0	0	0	0	501	496	
3	0	0	0	0	508	497	
4	0	0	0	0	514	499	
5	0	0	0	0	518	500	
6	0	0	0	0	520	500	
7	0	0	0	0	522	500	
8	0	0	0	0	521	500	
9	0	0	0	0	518	505	
10	0	0	0	0	517	515	
11	0	0	0	0	518	522	
12	0	0	0	0	517	525	
13	0	0	0	0	513	523	
14	0	0	0	0	513	515	
15	0	0	0	0	513	505	
0	0	0	0	0	514	496	
1	0	0	0	0	517	488	
2	0	0	0	0	519	483	
3	0	0	0	0	524	483	
4	0	0	0	0	528	487	
5	0	0	0	0	532	491	
6	0	0	0	0	529	495	
7	0	0	0	0	529	499	
8	0	0	0	0	526	504	
9	0	0	0	0	520	508	
10	0	0	0	0	514	509	
11	0	0	0	0	507	510	
12	0	0	0	0	506	509	
13	0	0	0	0	508	511	
14	0	0	0	0	510	512	
15	0	0	0	0	512	510	
0	0	0	0	0	516	508	
1	0	0	0	0	518	508	
2	0	0	0	0	516	512	
3	0	0	0	0	513	517	
4	0	0	0	0	512	521	
5	0	0	0	0	509	525	
6	0	0	0	0	504	528	
7	0	0	0	0	499	529	
8	0	0	0	0	497	529	
9	0	0	0	0	496	527	
10	0	0	0	0	488	530	
11	0	0	0	0	484	532	
12	0	0	0	0	482	534	
13	0	0	0	0	479	537	
14	0	0	0	0	475	540	
15	0	0	0	0	471	543	
0	0	0	0	0	475	539	
1	0	0	0	0	484	531	
2	0	0	0	0	493	522	
3	0	0	0	0	505	509	
4	0	0	0	0	515	501	
5	0	0	0	0	522	499	
6	0	0	0	0	523	502	
7	0	0	0	0	518	509	
8	0	0	0	0	515	515	
9	0	0	0	0	508	520	
10	0	0	0	0	503	524	
11	0	0	0	0	502	528	
12	0	0	0	0	500	529	
13	0	0	0	0	496	526	
14	0	0	0	0	493	523	
15	0	0	0	0	493	522	
0	0	0	0	0	491	522	
1	0	0	0	0	486	519	
2	0	0	0	0	486	519	
3	0	0	0	0	485	520	
4	0	0	0	0	486	526	
5	0	0	0	0	488	531	
6	0	0	0	0	489	534	
7	0	0	0	0	490	537	
8	0	0	0	0	489	542	
9	0	0	0	0	492	540	
10	0	0	0	0	496	538	
11	0	0	0	0	498	538	
12	0	0	0	0	496	539	
13	0	0	0	0	493	541	
14	0	0	0	0	491	543	
15	0	0	0	0	490	543	
0	0	0	0	0	490	542	
1	0	0	0	0	491	540	
2	0	0	0	0	487	541	
3	0	0	0	0	486	542	
4	0	0	0	0	489	545	
5	0	0	0	0	492	547	
6	0	0	0	0	495	551	
7	0	0	0	0	494	557	
8	0	0	0	0	487	561	
9	0	0	0	0	483	567	
10	0	0	0	0	475	567	
11	0	0	0	0	463	562	
12	0	0	0	0	450	557	
13	0	0	0	0	441	550	
14	0	0	0	0	436	541	
15	0	0	0	0	437	535	
0	0	0	0	0	444	531	
1	0	0	0	0	448	527	
2	0	0	0	0	452	520	
3	0	0	0	0	460	514	
4	0	0	0	0	473	512	
5	0	0	0	0	484	516	
6	0	0	0	0	494	523	
7	0	0	0	0	501	532	
8	0	0	0	0	510	543	
9	0	0	0	0	516	554	
10	0	0	0	0	517	562	
11	0	0	0	0	519	570	
12	0	0	0	0	520	576	
13	0	0	0	0	519	581	
14	0	0	0	0	518	584	
15	0	0	0	0	513	585	
0	0	0	0	0	504	584	
1	0	0	0	0	499	581	
2	0	0	0	0	499	577	
3	0	0	0	0	502	575	
4	0	0	0	0	502	570	
5	0	0	0	0	504	568	
6	0	0	0	0	507	562	
7	0	0	0	0	506	563	
8	0	0	0	0	504	568	
9	0	0	0	0	498	572	
10	0	0	0	0	491	578	
11	0	0	0	0	482	586	
12	0	0	0	0	475	594	
13	0	0	0	0	471	601	
14	0	0	0	0	469	604	
15	0	0	0	0	469	605	
0	0	0	0	0	468	606	
1	0	0	0	0	472	601	
2	0	0	0	0	477	603	
3	0	0	0	0	480	606	
4	0	0	0	0	485	606	
5	0	0	0	0	491	603	
6	0	0	0	0	494	602	
7	0	0	0	0	494	601	
8	0	0	0	0	494	600	
9	0	0	0	0	495	599	
10	0	0	0	0	493	604	
11	0	0	0	0	489	609	
12	0	0	0	0	486	614	
13	0	0	0	0	483	618	
14	0	0	0	0	479	621	
15	0	0	0	0	475	620	
0	0	0	0	0	468	625	
1	0	0	0	0	463	629	
2	0	0	0	0	457	635	
3	0	0	0	0	454	645	
4	0	0	0	0	458	647	
5	0	0	0	0	461	644	
6	0	0	0	0	462	632	
7	0	0	0	0	458	617	
8	0	0	0	0	453	606	
9	0	0	0	0	449	600	
10	0	0	0	0	446	598	
11	0	0	0	0	444	597	
12	0	0	0	0	440	591	
13	0	0	0	0	435	583	
14	0	0	0	0	435	579	
15	0	0	0	0	439	576	
0	0	0	0	0	443	574	
1	0	0	0	0	453	575	
2	0	0	0	0	464	582	
3	0	0	0	0	473	594	
4	0	0	0	0	487	596	
5	0	0	0	0	502	597	
6	0	0	0	0	513	598	
7	0	0	0	0	524	600	
8	0	0	0	0	529	603	
9	0	0	0	0	529	601	
10	0	0	0	0	527	596	
11	0	0	0	0	524	589	
12	0	0	0	0	516	583	
13	0	0	0	0	508	579	
14	0	0	0	0	508	579	
15	0	0	0	0	507	579	
0	0	0	0	0	505	579	
1	0	0	0	0	503	582	
2	0	0	0	0	495	586	
3	0	0	0	0	487	593	
4	0	0	0	0	482	598	
5	0	0	0	0	482	600	
6	0	0	0	0	483	604	
7	0	0	0	0	484	609	
8	0	0	0	0	486	611	
9	0	0	0	0	489	614	
10	0	0	0	0	488	614	
11	0	0	0	0	485	616	
12	0	0	0	0	481	617	
13	0	0	0	0	473	619	
14	0	0	0	0	461	617	
15	0	0	0	0	450	615	
0	0	0	0	0	440	613	
1	0	0	0	0	431	607	
2	0	0	0	0	427	603	
3	0	0	0	0	430	601	
4	0	0	0	0	437	596	
5	0	0	0	0	443	590	
6	0	0	0	0	447	579	
7	0	0	0	0	448	569	
8	0	0	0	0	449	562	
9	0	0	0	0	456	557	
10	0	0	0	0	463	556	
11	0	0	0	0	470	561	
12	0	0	0	0	476	569	
13	0	0	0	0	479	577	
14	0	0	0	0	480	582	
15	0	0	0	0	481	583	
0	0	0	0	0	480	583	
1	0	0	0	0	481	578	
2	0	0	0	0	480	577	
3	0	0	0	0	477	576	
4	0	0	0	0	475	577	
5	0	0	0	0	478	582	
6	0	0	0	0	483	592	
7	0	0	0	0	487	604	
8	0	0	0	0	488	618	
9	0	0	0	0	484	621	
10	0	0	0	0	480	619	
11	0	0	0	0	478	611	
12	0	0	0	0	475	600	
13	0	0	0	0	470	584	
14	0	0	0	0	465	570	
15	0	0	0	0	461	560	
0	0	0	0	0	460	556	
1	0	0	0	0	455	559	
2	0	0	0	0	451	563	
3	0	0	0	0	448	567	
4	0	0	0	0	448	575	
5	0	0	0	0	450	580	
6	0	0	0	0	450	582	
7	0	0	0	0	455	579	
8	0	0	0	0	463	576	
9	0	0	0	0	477	574	
10	0	0	0	0	492	568	
11	0	0	0	0	504	564	
12	0	0	0	0	511	560	
13	0	0	0	0	514	557	
14	0	0	0	0	517	555	
15	0	0	0	0	517	551	
0	0	0	0	0	514	546	
1	0	0	0	0	515	536	
2	0	0	0	0	518	524	
3	0	0	0	0	522	516	
4	0	0	0	0	527	513	
5	0	0	0	0	525	514	
6	0	0	0	0	522	520	
7	0	0	0	0	519	528	
8	0	0	0	0	520	538	
9	0	0	0	0	526	547	
10	0	0	0	0	531	555	
11	0	0	0	0	537	558	
12	0	0	0	0	544	557	
13	0	0	0	0	546	555	
14	0	0	0	0	548	556	
15	0	0	0	0	548	554	
0	0	0	0	0	548	550	
1	0	0	0	0	545	542	
2	0	0	0	0	543	529	
3	0	0	0	0	543	519	
4	0	0	0	0	536	508	
5	0	0	0	0	528	498	
6	0	0	0	0	517	495	
7	0	0	0	0	505	494	
8	0	0	0	0	495	502	
9	0	0	0	0	487	515	
10	0	0	0	0	479	531	
11	0	0	0	0	474	543	
12	0	0	0	0	472	548	
13	0	0	0	0	472	546	
14	0	0	0	0	472	539	
15	0	0	0	0	469	528	
0	0	0	0	0	465	518	
1	0	0	0	0	461	507	
2	0	0	0	0	455	499	
3	0	0	0	0	448	492	
4	0	0	0	0	441	487	
5	0	0	0	0	438	484	
6	0	0	0	0	440	484	
7	0	0	0	0	446	487	
8	0	0	0	0	452	494	
9	0	0	0	0	461	502	
10	0	0	0	0	470	509	
11	0	0	0	0	483	512	
12	0	0	0	0	493	513	
13	0	0	0	0	495	516	
14	0	0	0	0	496	514	
15	0	0	0	0	497	510	
0	0	0	0	0	497	507	
1	0	0	0	0	499	499	
2	0	0	0	0	498	499	
3	0	0	0	0	498	501	
4	0	0	0	0	497	500	
5	0	0	0	0	496	496	
6	0	0	0	0	496	492	
7	0	0	0	0	493	487	
8	0	0	0	0	493	479	
9	0	0	0	0	493	472	
10	0	0	0	0	497	472	
11	0	0	0	0	503	471	
12	0	0	0	0	508	472	
13	0	0	0	0	509	473	
14	0	0	0	0	508	471	
15	0	0	0	0	504	467	
0	0	0	0	0	504	461	
1	0	0	0	0	500	457	
2	0	0	0	0	495	451	
3	0	0	0	0	492	444	
4	0	0	0	0	488	438	
5	0	0	0	0	487	435	
6	0	0	0	0	492	433	
7	0	0	0	0	492	433	
8	0	0	0	0	491	437	
9	0	0	0	0	490	444	
10	0	0	0	0	493	455	
11	0	0	0	0	494	464	
12	0	0	0	0	495	473	
13	0	0	0	0	497	476	
14	0	0	0	0	502	473	
15	0	0	0	0	505	470	
0	0	0	0	0	510	470	
1	0	0	0	0	512	472	
2	0	0	0	0	512	474	
3	0	0	0	0	512	476	
4	0	0	0	0	512	483	
5	0	0	0	0	508	488	
6	0	0	0	0	502	494	
7	0	0	0	0	493	502	
8	0	0	0	0	485	510	
9	0	0	0	0	482	521	
10	0	0	0	0	483	531	
11	0	0	0	0	487	534	
12	0	0	0	0	492	535	
13	0	0	0	0	495	533	
14	0	0	0	0	496	531	
15	0	0	0	0	496	532	
0	0	0	0	0	504	537	
1	0	0	0	0	507	543	
2	0	0	0	0	502	548	
3	0	0	0	0	498	551	
4	0	0	0	0	498	543	
5	0	0	0	0	502	535	
6	0	0	0	0	504	528	
7	0	0	0	0	503	523	
8	0	0	0	0	500	521	
9	0	0	0	0	495	519	
10	0	0	0	0	489	519	
11	0	0	0	0	482	523	
12	0	0	0	0	475	527	
13	0	0	0	0	472	534	
14	0	0	0	0	471	541	
15	0	0	0	0	468	544	
0	0	0	0	0	466	543	
1	0	0	0	0	461	541	
2	0	0	0	0	459	538	
3	0	0	0	0	463	535	
4	0	0	0	0	470	533	
5	0	0	0	0	478	530	
6	0	0	0	0	481	526	
7	0	0	0	0	485	519	
8	0	0	0	0	487	512	
9	0	0	0	0	486	509	
10	0	0	0	0	484	511	
11	0	0	0	0	483	512	
12	0	0	0	0	481	510	
13	0	0	0	0	480	511	
14	0	0	0	0	480	516	
15	0	0	0	0	481	524	
0	0	0	0	0	482	529	
1	0	0	0	0	476	537	
2	0	0	0	0	465	543	
3	0	0	0	0	455	547	
4	0	0	0	0	445	551	
5	0	0	0	0	438	548	
6	0	0	0	0	431	546	
7	0	0	0	0	424	547	
8	0	0	0	0	417	545	
9	0	0	0	0	413	543	
10	0	0	0	0	414	544	
11	0	0	0	0	420	540	
12	0	0	0	0	428	538	
13	0	0	0	0	438	534	
14	0	0	0	0	451	531	
15	0	0	0	0	463	528	
0	0	0	0	0	472	528	
1	0	0	0	0	475	528	
2	0	0	0	0	476	526	
3	0	0	0	0	478	523	
4	0	0	0	0	485	518	
5	0	0	0	0	491	512	
6	0	0	0	0	498	508	
7	0	0	0	0	501	511	
8	0	0	0	0	507	519	
9	0	0	0	0	512	531	
10	0	0	0	0	515	541	
11	0	0	0	0	517	545	
12	0	0	0	0	516	544	
13	0	0	0	0	511	536	
14	0	0	0	0	504	522	
15	0	0	0	0	499	507	
0	0	0	0	0	494	492	
1	0	0	0	0	492	484	
2	0	0	0	0	493	478	
3	0	0	0	0	491	472	
4	0	0	0	0	488	472	
5	0	0	0	0	487	476	
6	0	0	0	0	485	481	
7	0	0	0	0	478	486	
8	0	0	0	0	472	490	
9	0	0	0	0	468	493	
10	0	0	0	0	464	499	
11	0	0	0	0	465	512	
12	0	0	0	0	472	526	
13	0	0	0	0	479	547	
14	0	0	0	0	488	568	
15	0	0	0	0	494	589	
0	0	0	0	0	499	602	
1	0	0	0	0	505	607	
2	0	0	0	0	507	606	
3	0	0	0	0	509	604	
4	0	0	0	0	511	599	
5	0	0	0	0	513	589	
6	0	0	0	0	513	584	
7	0	0	0	0	508	582	
8	0	0	0	0	505	579	
9	0	0	0	0	509	572	
10	0	0	0	0	513	564	
11	0	0	0	0	514	561	
12	0	0	0	0	516	556	
13	0	0	0	0	516	551	
14	0	0	0	0	515	546	
15	0	0	0	0	516	545	
0	0	0	0	0	511	544	
1	0	0	0	0	507	544	
2	0	0	0	0	507	544	
3	0	0	0	0	512	547	
4	0	0	0	0	516	547	
5	0	0	0	0	523	550	
6	0	0	0	0	528	548	
7	0	0	0	0	532	545	
8	0	0	0	0	537	542	
9	0	0	0	0	539	540	
10	0	0	0	0	538	538	
11	0	0	0	0	536	535	
12	0	0	0	0	534	532	
13	0	0	0	0	527	532	
14	0	0	0	0	520	532	
15	0	0	0	0	515	535	
0	0	0	0	0	512	540	
1	0	0	0	0	511	543	
2	0	0	0	0	510	544	
3	0	0	0	0	514	542	
4	0	0	0	0	516	539	
5	0	0	0	0	518	530	
6	0	0	0	0	521	523	
7	0	0	0	0	520	519	
8	0	0	0	0	520	523	
9	0	0	0	0	521	529	
10	0	0	0	0	523	536	
11	0	0	0	0	522	543	
12	0	0	0	0	521	547	
13	0	0	0	0	519	548	
14	0	0	0	0	516	547	
15	0	0	0	0	513	547	
0	0	0	0	0	510	550	
1	0	0	0	0	508	555	
2	0	0	0	0	506	559	
3	0	0	0	0	504	559	
4	0	0	0	0	507	553	
5	0	0	0	0	511	544	
6	0	0	0	0	511	533	
7	0	0	0	0	507	522	
8	0	0	0	0	502	513	
9	0	0	0	0	496	504	
10	0	0	0	0	487	494	
11	0	0	0	0	478	486	
12	0	0	0	0	475	483	
13	0	0	0	0	476	481	
14	0	0	0	0	479	475	
15	0	0	0	0	483	469	
0	0	0	0	0	486	464	
1	0	0	0	0	492	460	
2	0	0	0	0	499	459	
3	0	0	0	0	508	455	
4	0	0	0	0	519	458	
5	0	0	0	0	529	461	
6	0	0	0	0	536	470	
7	0	0	0	0	536	477	
8	0	0	0	0	529	482	
9	0	0	0	0	522	486	
10	0	0	0	0	512	486	
11	0	0	0	0	498	484	
12	0	0	0	0	484	486	
13	0	0	0	0	474	490	
14	0	0	0	0	464	500	
15	0	0	0	0	454	510	
0	0	0	0	0	440	521	
1	0	0	0	0	429	527	
2	0	0	0	0	424	531	
3	0	0	0	0	425	531	
4	0	0	0	0	429	531	
5	0	0	0	0	429	534	
6	0	0	0	0	427	536	
7	0	0	0	0	427	537	
8	0	0	0	0	427	540	
9	0	0	0	0	431	542	
10	0	0	0	0	439	540	
11	0	0	0	0	447	540	
12	0	0	0	0	455	539	
13	0	0	0	0	460	542	
14	0	0	0	0	464	546	
15	0	0	0	0	467	550	
0	0	0	0	0	466	553	
1	0	0	0	0	468	555	
2	0	0	0	0	469	552	
3	0	0	0	0	467	549	
4	0	0	0	0	463	547	
5	0	0	0	0	457	548	
6	0	0	0	0	451	547	
7	0	0	0	0	446	539	
8	0	0	0	0	445	527	
9	0	0	0	0	441	515	
10	0	0	0	0	439	511	
11	0	0	0	0	441	509	
12	0	0	0	0	445	506	
13	0	0	0	0	451	502	
14	0	0	0	0	457	497	
15	0	0	0	0	465	494	
0	0	0	0	0	472	493	
1	0	0	0	0	476	497	
2	0	0	0	0	476	503	
3	0	0	0	0	476	511	
4	0	0	0	0	475	523	
5	0	0	0	0	471	537	
6	0	0	0	0	462	553	
7	0	0	0	0	462	561	
8	0	0	0	0	466	566	
9	0	0	0	0	470	569	
10	0	0	0	0	478	570	
11	0	0	0	0	484	575	
12	0	0	0	0	487	581	
13	0	0	0	0	488	591	
14	0	0	0	0	487	604	
15	0	0	0	0	486	616	
0	0	0	0	0	484	625	
1	0	0	0	0	487	631	
2	0	0	0	0	488	635	
3	0	0	0	0	492	638	
4	0	0	0	0	498	642	
5	0	0	0	0	503	645	
6	0	0	0	0	509	651	
7	0	0	0	0	509	653	
8	0	0	0	0	507	657	
9	0	0	0	0	501	656	
10	0	0	0	0	494	654	
11	0	0	0	0	485	652	
12	0	0	0	0	477	652	
13	0	0	0	0	468	649	
14	0	0	0	0	462	649	
15	0	0	0	0	463	646	
0	0	0	0	0	463	641	
1	0	0	0	0	463	635	
2	0	0	0	0	467	632	
3	0	0	0	0	469	637	
4	0	0	0	0	472	647	
5	0	0	0	0	482	654	
6	0	0	0	0	494	655	
7	0	0	0	0	505	659	
8	0	0	0	0	514	658	
9	0	0	0	0	526	659	
10	0	0	0	0	535	658	
11	0	0	0	0	529	659	
12	0	0	0	0	520	660	
13	0	0	0	0	507	659	
14	0	0	0	0	496	658	
15	0	0	0	0	489	655	
0	0	0	0	0	484	652	
1	0	0	0	0	482	650	
2	0	0	0	0	479	647	
3	0	0	0	0	476	640	
4	0	0	0	0	477	636	
5	0	0	0	0	482	633	
6	0	0	0	0	486	631	
7	0	0	0	0	492	630	
8	0	0	0	0	495	629	
9	0	0	0	0	494	631	
10	0	0	0	0	494	637	
11	0	0	0	0	494	641	
12	0	0	0	0	489	647	
13	0	0	0	0	486	646	
14	0	0	0	0	486	639	
15	0	0	0	0	486	633	
0	0	0	0	0	483	627	
1	0	0	0	0	475	621	
2	0	0	0	0	470	612	
3	0	0	0	0	467	607	
4	0	0	0	0	466	603	
5	0	0	0	0	465	600	
6	0	0	0	0	467	600	
7	0	0	0	0	473	600	
8	0	0	0	0	480	599	
9	0	0	0	0	490	599	
10	0	0	0	0	497	601	
11	0	0	0	0	505	603	
12	0	0	0	0	515	603	
13	0	0	0	0	523	598	
14	0	0	0	0	531	589	
15	0	0	0	0	541	579	
0	0	0	0	0	549	571	
1	0	0	0	0	556	564	
2	0	0	0	0	564	561	
3	0	0	0	0	567	558	
4	0	0	0	0	569	552	
5	0	0	0	0	571	546	
6	0	0	0	0	577	539	
7	0	0	0	0	585	526	
8	0	0	0	0	590	507	
9	0	0	0	0	591	484	
10	0	0	0	0	591	463	
11	0	0	0	0	586	448	
12	0	0	0	0	583	432	
13	0	0	0	0	580	416	
14	0	0	0	0	576	406	
15	0	0	0	0	572	397	
0	0	0	0	0	563	391	
1	0	0	0	0	553	388	
2	0	0	0	0	542	383	
3	0	0	0	0	531	384	
4	0	0	0	0	523	382	
5	0	0	0	0	517	374	
6	0	0	0	0	511	367	
7	0	0	0	0	505	358	
8	0	0	0	0	506	351	
9	0	0	0	0	512	350	
10	0	0	0	0	518	348	
11	0	0	0	0	519	352	
12	0	0	0	0	523	347	
13	0	0	0	0	523	343	
14	0	0	0	0	528	344	
15	0	0	0	0	534	344	
0	0	0	0	0	540	351	
1	0	0	0	0	544	352	
2	0	0	0	0	545	342	
3	0	0	0	0	543	333	
4	0	0	0	0	540	326	
5	0	0	0	0	536	322	
6	0	0	0	0	529	324	
7	0	0	0	0	521	327	
8	0	0	0	0	515	331	
9	0	0	0	0	510	338	
10	0	0	0	0	509	347	
11	0	0	0	0	512	365	
12	0	0	0	0	513	383	
13	0	0	0	0	513	403	
14	0	0	0	0	508	419	
15	0	0	0	0	500	432	
0	0	0	0	0	496	438	
1	0	0	0	0	488	436	
2	0	0	0	0	479	428	
3	0	0	0	0	472	414	
4	0	0	0	0	468	398	
5	0	0	0	0	468	382	
6	0	0	0	0	474	368	
7	0	0	0	0	482	360	
8	0	0	0	0	487	353	
9	0	0	0	0	489	350	
10	0	0	0	0	488	343	
11	0	0	0	0	489	344	
12	0	0	0	0	493	345	
13	0	0	0	0	497	350	
14	0	0	0	0	497	361	
15	0	0	0	0	497	368	
0	0	0	0	0	495	375	
1	0	0	0	0	491	377	
2	0	0	0	0	488	371	
3	0	0	0	0	484	368	
4	0	0	0	0	480	366	
5	0	0	0	0	472	363	
6	0	0	0	0	467	365	
7	0	0	0	0	468	371	
8	0	0	0	0	476	377	
9	0	0	0	0	481	382	
10	0	0	0	0	490	383	
11	0	0	0	0	499	384	
12	0	0	0	0	504	381	
13	0	0	0	0	507	380	
14	0	0	0	0	506	379	
15	0	0	0	0	506	373	
0	0	0	0	0	505	367	
1	0	0	0	0	504	366	
2	0	0	0	0	503	368	
3	0	0	0	0	506	369	
4	0	0	0	0	505	370	
5	0	0	0	0	499	368	
6	0	0	0	0	494	370	
7	0	0	0	0	491	372	
8	0	0	0	0	488	370	
9	0	0	0	0	487	366	
10	0	0	0	0	491	361	
11	0	0	0	0	494	360	
12	0	0	0	0	499	360	
13	0	0	0	0	503	360	
14	0	0	0	0	507	368	
15	0	0	0	0	509	371	
0	0	0	0	0	513	374	
1	0	0	0	0	522	383	
2	0	0	0	0	531	391	
3	0	0	0	0	532	398	
4	0	0	0	0	532	401	
5	0	0	0	0	532	399	
6	0	0	0	0	531	399	
7	0	0	0	0	531	396	
8	0	0	0	0	528	399	
9	0	0	0	0	526	407	
10	0	0	0	0	523	413	
11	0	0	0	0	523	423	
12	0	0	0	0	526	428	
13	0	0	0	0	531	428	
14	0	0	0	0	540	427	
15	0	0	0	0	550	421	
0	0	0	0	0	553	417	
1	0	0	0	0	547	413	
2	0	0	0	0	536	408	
3	0	0	0	0	520	406	
4	0	0	0	0	508	399	
5	0	0	0	0	501	389	
6	0	0	0	0	497	384	
7	0	0	0	0	494	382	
8	0	0	0	0	489	382	
9	0	0	0	0	483	389	
10	0	0	0	0	480	394	
11	0	0	0	0	477	397	
12	0	0	0	0	480	400	
13	0	0	0	0	489	404	
14	0	0	0	0	501	414	
15	0	0	0	0	511	427	
0	0	0	0	0	522	442	
1	0	0	0	0	530	455	
2	0	0	0	0	536	466	
3	0	0	0	0	539	476	
4	0	0	0	0	534	486	
5	0	0	0	0	525	493	
6	0	0	0	0	514	498	
7	0	0	0	0	504	496	
8	0	0	0	0	496	492	
9	0	0	0	0	496	486	
10	0	0	0	0	497	480	
11	0	0	0	0	495	477	
12	0	0	0	0	496	476	
13	0	0	0	0	495	470	
14	0	0	0	0	493	462	
15	0	0	0	0	487	456	
0	0	0	0	0	489	453	
1	0	0	0	0	494	450	
2	0	0	0	0	497	450	
3	0	0	0	0	500	450	
4	0	0	0	0	500	448	
5	0	0	0	0	501	444	
6	0	0	0	0	504	440	
7	0	0	0	0	505	438	
8	0	0	0	0	505	435	
9	0	0	0	0	500	433	
10	0	0	0	0	496	434	
11	0	0	0	0	494	438	
12	0	0	0	0	492	449	
13	0	0	0	0	493	458	
14	0	0	0	0	492	471	
15	0	0	0	0	491	483	
0	0	0	0	0	493	492	
1	0	0	0	0	497	498	
2	0	0	0	0	502	502	
3	0	0	0	0	503	502	
4	0	0	0	0	505	496	
5	0	0	0	0	511	486	
6	0	0	0	0	515	475	
7	0	0	0	0	515	463	
8	0	0	0	0	514	451	
9	0	0	0	0	512	433	
10	0	0	0	0	511	416	
11	0	0	0	0	515	403	
12	0	0	0	0	520	387	
13	0	0	0	0	527	379	
14	0	0	0	0	536	370	
15	0	0	0	0	548	364	
0	0	0	0	0	561	366	
1	0	0	0	0	568	363	
2	0	0	0	0	574	358	
3	0	0	0	0	579	358	
4	0	0	0	0	588	361	
5	0	0	0	0	593	364	
6	0	0	0	0	596	370	
7	0	0	0	0	593	372	
8	0	0	0	0	584	379	
9	0	0	0	0	582	390	
10	0	0	0	0	585	397	
11	0	0	0	0	589	405	
12	0	0	0	0	593	406	
13	0	0	0	0	596	404	
14	0	0	0	0	599	403	
15	0	0	0	0	595	399	
0	0	0	0	0	588	397	
1	0	0	0	0	583	393	
2	0	0	0	0	577	392	
3	0	0	0	0	571	395	
4	0	0	0	0	567	399	
5	0	0	0	0	565	408	
6	0	0	0	0	566	417	
7	0	0	0	0	566	422	
8	0	0	0	0	564	423	
9	0	0	0	0	562	419	
10	0	0	0	0	563	412	
11	0	0	0	0	566	408	
12	0	0	0	0	571	401	
13	0	0	0	0	573	397	
14	0	0	0	0	573	401	
15	0	0	0	0	569	404	
0	0	0	0	0	567	415	
1	0	0	0	0	564	421	
2	0	0	0	0	563	423	
3	0	0	0	0	565	432	
4	0	0	0	0	569	436	
5	0	0	0	0	574	436	
6	0	0	0	0	573	435	
7	0	0	0	0	574	438	
8	0	0	0	0	575	440	
9	0	0	0	0	578	438	
10	0	0	0	0	582	430	
11	0	0	0	0	584	421	
12	0	0	0	0	585	414	
13	0	0	0	0	586	415	
14	0	0	0	0	585	418	
15	0	0	0	0	582	422	
0	0	0	0	0	576	429	
1	0	0	0	0	571	444	
2	0	0	0	0	572	456	
3	0	0	0	0	576	468	
4	0	0	0	0	580	479	
5	0	0	0	0	585	486	
6	0	0	0	0	587	489	
7	0	0	0	0	585	493	
8	0	0	0	0	582	495	
9	0	0	0	0	578	500	
10	0	0	0	0	572	507	
11	0	0	0	0	564	512	
12	0	0	0	0	558	519	
13	0	0	0	0	553	518	
14	0	0	0	0	549	515	
15	0	0	0	0	542	511	
0	0	0	0	0	537	507	
1	0	0	0	0	536	503	
2	0	0	0	0	535	501	
3	0	0	0	0	537	501	
4	0	0	0	0	543	502	
5	0	0	0	0	546	501	
6	0	0	0	0	544	501	
7	0	0	0	0	539	501	
8	0	0	0	0	534	499	
9	0	0	0	0	533	496	
10	0	0	0	0	533	489	
11	0	0	0	0	532	482	
12	0	0	0	0	531	477	
13	0	0	0	0	530	474	
14	0	0	0	0	527	477	
15	0	0	0	0	526	482	
0	0	0	0	0	527	487	
1	0	0	0	0	528	496	
2	0	0	0	0	533	505	
3	0	0	0	0	536	508	
4	0	0	0	0	536	509	
5	0	0	0	0	536	509	
6	0	0	0	0	537	510	
7	0	0	0	0	537	511	
8	0	0	0	0	536	515	
9	0	0	0	0	530	520	
10	0	0	0	0	524	527	
11	0	0	0	0	516	534	
12	0	0	0	0	508	536	
13	0	0	0	0	506	535	
14	0	0	0	0	503	534	
15	0	0	0	0	499	534	
0	0	0	0	0	499	528	
1	0	0	0	0	502	521	
2	0	0	0	0	506	512	
3	0	0	0	0	514	507	
4	0	0	0	0	526	507	
5	0	0	0	0	539	504	
6	0	0	0	0	547	498	
7	0	0	0	0	553	495	
8	0	0	0	0	554	489	
9	0	0	0	0	549	486	
10	0	0	0	0	545	487	
11	0	0	0	0	542	490	
12	0	0	0	0	534	494	
13	0	0	0	0	526	497	
14	0	0	0	0	517	506	
15	0	0	0	0	511	514	
0	0	0	0	0	506	519	
1	0	0	0	0	502	515	
2	0	0	0	0	494	512	
3	0	0	0	0	489	504	
4	0	0	0	0	491	496	
5	0	0	0	0	495	492	
6	0	0	0	0	502	487	
7	0	0	0	0	508	483	
8	0	0	0	0	508	480	
9	0	0	0	0	502	477	
10	0	0	0	0	496	478	
11	0	0	0	0	488	478	
12	0	0	0	0	487	476	
13	0	0	0	0	492	477	
14	0	0	0	0	497	472	
15	0	0	0	0	503	464	
0	0	0	0	0	509	455	
1	0	0	0	0	512	449	
2	0	0	0	0	515	447	
3	0	0	0	0	519	445	
4	0	0	0	0	527	446	
5	0	0	0	0	533	446	
6	0	0	0	0	536	448	
7	0	0	0	0	537	452	
8	0	0	0	0	536	456	
9	0	0	0	0	532	458	
10	0	0	0	0	524	469	
11	0	0	0	0	510	479	
12	0	0	0	0	498	487	
13	0	0	0	0	491	492	
14	0	0	0	0	486	494	
15	0	0	0	0	484	496	
0	0	0	0	0	482	499	
1	0	0	0	0	479	505	
2	0	0	0	0	480	512	
3	0	0	0	0	480	523	
4	0	0	0	0	483	536	
5	0	0	0	0	486	542	
6	0	0	0	0	488	543	
7	0	0	0	0	494	540	
8	0	0	0	0	500	535	
9	0	0	0	0	497	527	
10	0	0	0	0	489	518	
11	0	0	0	0	480	505	
12	0	0	0	0	468	499	
13	0	0	0	0	455	503	
14	0	0	0	0	444	507	
15	0	0	0	0	440	510	
0	0	0	0	0	437	508	
1	0	0	0	0	435	502	
2	0	0	0	0	440	498	
3	0	0	0	0	446	499	
4	0	0	0	0	455	500	
5	0	0	0	0	465	498	
6	0	0	0	0	478	494	
7	0	0	0	0	489	490	
8	0	0	0	0	501	487	
9	0	0	0	0	514	485	
10	0	0	0	0	524	482	
11	0	0	0	0	529	481	
12	0	0	0	0	533	483	
13	0	0	0	0	535	486	
14	0	0	0	0	533	487	
15	0	0	0	0	534	489	
0	0	0	0	0	534	487	
1	0	0	0	0	526	483	
2	0	0	0	0	518	482	
3	0	0	0	0	507	481	
4	0	0	0	0	498	479	
5	0	0	0	0	491	476	
6	0	0	0	0	489	471	
7	0	0	0	0	492	469	
8	0	0	0	0	495	469	
9	0	0	0	0	497	468	
10	0	0	0	0	499	468	
11	0	0	0	0	499	467	
12	0	0	0	0	493	465	
13	0	0	0	0	486	462	
14	0	0	0	0	478	455	
15	0	0	0	0	472	449	
0	0	0	0	0	471	448	
1	0	0	0	0	471	448	
2	0	0	0	0	473	447	
3	0	0	0	0	474	448	
4	0	0	0	0	476	449	
5	0	0	0	0	478	452	
6	0	0	0	0	483	457	
7	0	0	0	0	487	461	
8	0	0	0	0	492	469	
9	0	0	0	0	492	478	
10	0	0	0	0	493	485	
11	0	0	0	0	494	492	
12	0	0	0	0	495	495	
13	0	0	0	0	496	499	
14	0	0	0	0	494	505	
15	0	0	0	0	490	509	
0	0	0	0	0	484	511	
1	0	0	0	0	479	511	
2	0	0	0	0	474	511	
3	0	0	0	0	472	510	
4	0	0	0	0	472	506	
5	0	0	0	0	470	497	
6	0	0	0	0	470	480	
7	0	0	0	0	472	466	
8	0	0	0	0	476	456	
9	0	0	0	0	483	448	
10	0	0	0	0	488	442	
11	0	0	0	0	490	443	
12	0	0	0	0	493	448	
13	0	0	0	0	489	457	
14	0	0	0	0	483	467	
15	0	0	0	0	478	472	
0	0	0	0	0	474	478	
1	0	0	0	0	474	481	
2	0	0	0	0	478	481	
3	0	0	0	0	486	478	
4	0	0	0	0	494	471	
5	0	0	0	0	499	464	
6	0	0	0	0	503	460	
7	0	0	0	0	505	457	
8	0	0	0	0	508	456	
9	0	0	0	0	510	453	
10	0	0	0	0	515	453	
11	0	0	0	0	519	456	
12	0	0	0	0	518	460	
13	0	0	0	0	512	467	
14	0	0	0	0	508	470	
15	0	0	0	0	504	472	
0	0	0	0	0	499	474	
1	0	0	0	0	493	476	
2	0	0	0	0	488	476	
3	0	0	0	0	488	474	
4	0	0	0	0	490	471	
5	0	0	0	0	492	468	
6	0	0	0	0	495	470	
7	0	0	0	0	498	472	
8	0	0	0	0	499	475	
9	0	0	0	0	501	476	
10	0	0	0	0	506	480	
11	0	0	0	0	510	480	
12	0	0	0	0	514	477	
13	0	0	0	0	516	475	
14	0	0	0	0	519	477	
15	0	0	0	0	524	485	
0	0	0	0	0	528	495	
1	0	0	0	0	532	500	
2	0	0	0	0	531	501	
3	0	0	0	0	525	498	
4	0	0	0	0	516	497	
5	0	0	0	0	507	497	
6	0	0	0	0	501	495	
7	0	0	0	0	495	492	
8	0	0	0	0	486	487	
9	0	0	0	0	477	476	
10	0	0	0	0	472	462	
11	0	0	0	0	473	451	
12	0	0	0	0	475	445	
13	0	0	0	0	480	445	
14	0	0	0	0	483	446	
15	0	0	0	0	485	448	
0	0	0	0	0	485	448	
1	0	0	0	0	481	446	
2	0	0	0	0	476	445	
3	0	0	0	0	469	443	
4	0	0	0	0	466	440	
5	0	0	0	0	466	440	
6	0	0	0	0	466	443	
7	0	0	0	0	465	444	
8	0	0	0	0	463	447	
9	0	0	0	0	461	451	
10	0	0	0	0	464	455	
11	0	0	0	0	474	462	
12	0	0	0	0	485	472	
13	0	0	0	0	492	480	
14	0	0	0	0	502	492	
15	0	0	0	0	512	500	
0	0	0	0	0	521	505	
1	0	0	0	0	528	508	
2	0	0	0	0	535	506	
3	0	0	0	0	536	505	
4	0	0	0	0	542	505	
5	0	0	0	0	549	507	
6	0	0	0	0	555	505	
7	0	0	0	0	560	507	
8	0	0	0	0	563	510	
9	0	0	0	0	563	510	
10	0	0	0	0	563	510	
11	0	0	0	0	563	510	
12	0	0	0	0	563	508	
13	0	0	0	0	561	507	
14	0	0	0	0	557	505	
15	0	0	0	0	551	509	
0	0	0	0	0	540	515	
1	0	0	0	0	531	519	
2	0	0	0	0	524	522	
3	0	0	0	0	517	527	
4	0	0	0	0	516	531	
5	0	0	0	0	517	536	
6	0	0	0	0	517	538	
7	0	0	0	0	510	537	
8	0	0	0	0	508	537	
9	0	0	0	0	509	532	
10	0	0	0	0	509	527	
11	0	0	0	0	512	522	
12	0	0	0	0	515	522	
13	0	0	0	0	516	524	
14	0	0	0	0	518	525	
15	0	0	0	0	518	524	
0	0	0	0	0	518	521	
1	0	0	0	0	516	514	
2	0	0	0	0	518	508	
3	0	0	0	0	519	506	
4	0	0	0	0	519	505	
5	0	0	0	0	518	506	
6	0	0	0	0	519	509	
7	0	0	0	0	519	510	
8	0	0	0	0	519	511	
9	0	0	0	0	518	511	
10	0	0	0	0	519	509	
11	0	0	0	0	526	507	
12	0	0	0	0	531	508	
13	0	0	0	0	529	512	
14	0	0	0	0	521	515	
15	0	0	0	0	512	517	
0	0	0	0	0	504	516	
1	0	0	0	0	503	519	
2	0	0	0	0	504	522	
3	0	0	0	0	505	524	
4	0	0	0	0	507	529	
5	0	0	0	0	507	533	
6	0	0	0	0	507	538	
7	0	0	0	0	505	540	
8	0	0	0	0	504	541	
9	0	0	0	0	502	544	
10	0	0	0	0	507	548	
11	0	0	0	0	515	550	
12	0	0	0	0	524	550	
13	0	0	0	0	536	548	
14	0	0	0	0	546	548	
15	0	0	0	0	554	548	
0	0	0	0	0	566	554	
1	0	0	0	0	574	557	
2	0	0	0	0	578	560	
3	0	0	0	0	576	564	
4	0	0	0	0	571	567	
5	0	0	0	0	568	564	
6	0	0	0	0	563	557	
7	0	0	0	0	556	551	
8	0	0	0	0	550	549	
9	0	0	0	0	546	548	
10	0	0	0	0	542	551	
11	0	0	0	0	540	556	
12	0	0	0	0	541	563	
13	0	0	0	0	545	575	
14	0	0	0	0	545	583	
15	0	0	0	0	546	584	
0	0	0	0	0	545	585	
1	0	0	0	0	539	584	
2	0	0	0	0	535	587	
3	0	0	0	0	528	590	
4	0	0	0	0	520	593	
5	0	0	0	0	508	596	
6	0	0	0	0	497	595	
7	0	0	0	0	491	593	
8	0	0	0	0	491	597	
9	0	0	0	0	490	602	
10	0	0	0	0	491	605	
11	0	0	0	0	492	603	
12	0	0	0	0	495	598	
13	0	0	0	0	502	591	
14	0	0	0	0	514	586	
15	0	0	0	0	524	584	
0	0	0	0	0	528	585	
1	0	0	0	0	531	587	
2	0	0	0	0	537	588	
3	0	0	0	0	542	591	
4	0	0	0	0	545	594	
5	0	0	0	0	544	594	
6	0	0	0	0	544	591	
7	0	0	0	0	542	588	
8	0	0	0	0	534	587	
9	0	0	0	0	527	587	
10	0	0	0	0	518	585	
11	0	0	0	0	511	586	
12	0	0	0	0	502	589	
13	0	0	0	0	493	591	
14	0	0	0	0	487	594	
15	0	0	0	0	487	598	
0	0	0	0	0	490	603	
1	0	0	0	0	493	608	
2	0	0	0	0	496	608	
3	0	0	0	0	497	604	
4	0	0	0	0	499	598	
5	0	0	0	0	502	591	
6	0	0	0	0	510	588	
7	0	0	0	0	516	590	
8	0	0	0	0	520	595	
9	0	0	0	0	522	601	
10	0	0	0	0	527	606	
11	0	0	0	0	534	606	
12	0	0	0	0	538	604	
13	0	0	0	0	539	601	
14	0	0	0	0	534	597	
15	0	0	0	0	530	590	
0	0	0	0	0	525	579	
1	0	0	0	0	519	570	
2	0	0	0	0	512	569	
3	0	0	0	0	504	573	
4	0	0	0	0	499	579	
5	0	0	0	0	492	593	
6	0	0	0	0	483	607	
7	0	0	0	0	472	617	
8	0	0	0	0	461	627	
9	0	0	0	0	452	633	
10	0	0	0	0	447	638	
11	0	0	0	0	448	640	
12	0	0	0	0	453	642	
13	0	0	0	0	461	642	
14	0	0	0	0	471	643	
15	0	0	0	0	474	649	
0	0	0	0	0	478	666	
1	0	0	0	0	485	679	
2	0	0	0	0	489	680	
3	0	0	0	0	491	675	
4	0	0	0	0	485	657	
5	0	0	0	0	481	641	
6	0	0	0	0	477	621	
7	0	0	0	0	467	602	
8	0	0	0	0	455	590	
9	0	0	0	0	447	579	
10	0	0	0	0	444	575	
11	0	0	0	0	441	571	
12	0	0	0	0	441	568	
13	0	0	0	0	448	567	
14	0	0	0	0	455	564	
15	0	0	0	0	469	562	
0	0	0	0	0	487	563	
1	0	0	0	0	504	560	
2	0	0	0	0	519	553	
3	0	0	0	0	528	552	
4	0	0	0	0	530	554	
5	0	0	0	0	525	558	
6	0	0	0	0	519	564	
7	0	0	0	0	511	566	
8	0	0	0	0	499	569	
9	0	0	0	0	486	573	
10	0	0	0	0	471	578	
11	0	0	0	0	458	577	
12	0	0	0	0	449	575	
13	0	0	0	0	443	573	
14	0	0	0	0	440	569	
15	0	0	0	0	439	568	
0	0	0	0	0	439	568	
1	0	0	0	0	443	568	
2	0	0	0	0	444	571	
3	0	0	0	0	446	574	
4	0	0	0	0	444	575	
5	0	0	0	0	446	574	
6	0	0	0	0	443	571	
7	0	0	0	0	438	567	
8	0	0	0	0	434	567	
9	0	0	0	0	428	564	
10	0	0	0	0	421	566	
11	0	0	0	0	409	571	
12	0	0	0	0	397	575	
13	0	0	0	0	382	581	
14	0	0	0	0	371	586	
15	0	0	0	0	363	585	
0	0	0	0	0	357	585	
1	0	0	0	0	358	578	
2	0	0	0	0	363	577	
3	0	0	0	0	370	579	
4	0	0	0	0	374	588	
5	0	0	0	0	376	603	
6	0	0	0	0	379	616	
7	0	0	0	0	377	631	
8	0	0	0	0	376	641	
9	0	0	0	0	375	647	
10	0	0	0	0	373	647	
11	0	0	0	0	375	647	
12	0	0	0	0	378	638	
13	0	0	0	0	378	627	
14	0	0	0	0	376	614	
15	0	0	0	0	372	603	
0	0	0	0	0	370	595	
1	0	0	0	0	371	588	
2	0	0	0	0	374	583	
3	0	0	0	0	379	581	
4	0	0	0	0	384	580	
5	0	0	0	0	390	581	
6	0	0	0	0	396	584	
7	0	0	0	0	399	581	
8	0	0	0	0	398	576	
9	0	0	0	0	398	571	
10	0	0	0	0	398	567	
11	0	0	0	0	401	563	
12	0	0	0	0	406	560	
13	0	0	0	0	409	560	
14	0	0	0	0	412	562	
15	0	0	0	0	417	558	
0	0	0	0	0	420	553	
1	0	0	0	0	423	551	
2	0	0	0	0	427	549	
3	0	0	0	0	431	547	
4	0	0	0	0	436	548	
5	0	0	0	0	440	553	
6	0	0	0	0	439	561	
7	0	0	0	0	436	566	
8	0	0	0	0	431	570	
9	0	0	0	0	426	570	
10	0	0	0	0	427	565	
11	0	0	0	0	433	564	
12	0	0	0	0	442	557	
13	0	0	0	0	451	544	
14	0	0	0	0	460	529	
15	0	0	0	0	467	518	
0	0	0	0	0	470	516	
1	0	0	0	0	477	516	
2	0	0	0	0	482	515	
3	0	0	0	0	483	514	
4	0	0	0	0	486	511	
5	0	0	0	0	487	503	
6	0	0	0	0	490	497	
7	0	0	0	0	488	491	
8	0	0	0	0	488	487	
9	0	0	0	0	487	488	
10	0	0	0	0	484	492	
11	0	0	0	0	483	497	
12	0	0	0	0	481	504	
13	0	0	0	0	479	510	
14	0	0	0	0	479	511	
15	0	0	0	0	475	517	
0	0	0	0	0	471	525	
1	0	0	0	0	465	535	
2	0	0	0	0	461	544	
3	0	0	0	0	463	550	
4	0	0	0	0	463	552	
5	0	0	0	0	462	556	
6	0	0	0	0	462	561	
7	0	0	0	0	465	560	
8	0	0	0	0	471	558	
9	0	0	0	0	473	553	
10	0	0	0	0	474	547	
11	0	0	0	0	478	536	
12	0	0	0	0	487	523	
13	0	0	0	0	497	512	
14	0	0	0	0	506	510	
15	0	0	0	0	511	515	
0	0	0	0	0	515	521	
1	0	0	0	0	509	523	
2	0	0	0	0	508	523	
3	0	0	0	0	504	519	
4	0	0	0	0	504	518	
5	0	0	0	0	510	523	
6	0	0	0	0	521	530	
7	0	0	0	0	532	538	
8	0	0	0	0	543	542	
9	0	0	0	0	548	542	
10	0	0	0	0	551	540	
11	0	0	0	0	552	537	
12	0	0	0	0	551	532	
13	0	0	0	0	548	527	
14	0	0	0	0	536	526	
15	0	0	0	0	526	527	
0	0	0	0	0	517	527	
1	0	0	0	0	514	531	
2	0	0	0	0	512	533	
3	0	0	0	0	510	528	
4	0	0	0	0	509	521	
5	0	0	0	0	511	516	
6	0	0	0	0	512	515	
7	0	0	0	0	514	513	
8	0	0	0	0	515	514	
9	0	0	0	0	517	517	
10	0	0	0	0	520	519	
11	0	0	0	0	517	518	
12	0	0	0	0	510	519	
13	0	0	0	0	501	522	
14	0	0	0	0	494	528	
15	0	0	0	0	485	533	
0	0	0	0	0	480	535	
1	0	0	0	0	480	537	
2	0	0	0	0	483	537	
3	0	0	0	0	486	535	
4	0	0	0	0	491	535	
5	0	0	0	0	496	536	
6	0	0	0	0	499	535	
7	0	0	0	0	504	531	
8	0	0	0	0	505	527	
9	0	0	0	0	505	526	
10	0	0	0	0	504	526	
11	0	0	0	0	502	526	
12	0	0	0	0	499	523	
13	0	0	0	0	498	519	
14	0	0	0	0	499	511	
15	0	0	0	0	499	508	
0	0	0	0	0	501	513	
1	0	0	0	0	500	523	
2	0	0	0	0	493	528	
3	0	0	0	0	488	526	
4	0	0	0	0	487	523	
5	0	0	0	0	491	518	
6	0	0	0	0	494	511	
7	0	0	0	0	497	503	
8	0	0	0	0	496	496	
9	0	0	0	0	491	492	
10	0	0	0	0	482	491	
11	0	0	0	0	476	487	
12	0	0	0	0	474	481	
13	0	0	0	0	475	475	
14	0	0	0	0	477	474	
15	0	0	0	0	480	483	
0	0	0	0	0	483	492	
1	0	0	0	0	483	500	
2	0	0	0	0	483	509	
3	0	0	0	0	481	518	
4	0	0	0	0	482	529	
5	0	0	0	0	484	538	
6	0	0	0	0	492	547	
7	0	0	0	0	499	553	
8	0	0	0	0	512	556	
9	0	0	0	0	526	553	
10	0	0	0	0	532	550	
11	0	0	0	0	534	544	
12	0	0	0	0	530	539	
13	0	0	0	0	525	532	
14	0	0	0	0	523	525	
15	0	0	0	0	524	518	
0	0	0	0	0	529	509	
1	0	0	0	0	537	506	
2	0	0	0	0	542	505	
3	0	0	0	0	540	503	
4	0	0	0	0	538	502	
5	0	0	0	0	538	501	
6	0	0	0	0	535	501	
7	0	0	0	0	533	502	
8	0	0	0	0	530	500	
9	0	0	0	0	527	500	
10	0	0	0	0	526	502	
11	0	0	0	0	527	501	
12	0	0	0	0	525	503	
13	0	0	0	0	521	505	
14	0	0	0	0	515	510	
15	0	0	0	0	508	515	
0	0	0	0	0	500	518	
1	0	0	0	0	494	518	
2	0	0	0	0	488	515	
3	0	0	0	0	484	516	
4	0	0	0	0	480	519	
5	0	0	0	0	477	524	
6	0	0	0	0	476	528	
7	0	0	0	0	475	531	
8	0	0	0	0	477	539	
9	0	0	0	0	480	553	
10	0	0	0	0	486	565	
11	0	0	0	0	492	573	
12	0	0	0	0	500	572	
13	0	0	0	0	509	568	
14	0	0	0	0	516	559	
15	0	0	0	0	517	545	
0	0	0	0	0	517	531	
1	0	0	0	0	510	517	
2	0	0	0	0	505	506	
3	0	0	0	0	505	494	
4	0	0	0	0	508	484	
5	0	0	0	0	508	478	
6	0	0	0	0	508	473	
7	0	0	0	0	511	476	
8	0	0	0	0	515	476	
9	0	0	0	0	523	478	
10	0	0	0	0	530	480	
11	0	0	0	0	540	478	
12	0	0	0	0	549	479	
13	0	0	0	0	561	483	
14	0	0	0	0	572	488	
15	0	0	0	0	578	494	
0	0	0	0	0	583	499	
1	0	0	0	0	582	505	
2	0	0	0	0	579	504	
3	0	0	0	0	574	504	
4	0	0	0	0	569	504	
5	0	0	0	0	568	503	
6	0	0	0	0	572	504	
7	0	0	0	0	575	503	
8	0	0	0	0	584	508	
9	0	0	0	0	591	515	
10	0	0	0	0	596	522	
11	0	0	0	0	600	528	
12	0	0	0	0	606	536	
13	0	0	0	0	611	539	
14	0	0	0	0	615	541	
15	0	0	0	0	619	548	
0	0	0	0	0	620	551	
1	0	0	0	0	620	551	
2	0	0	0	0	613	545	
3	0	0	0	0	606	538	
4	0	0	0	0	601	529	
5	0	0	0	0	599	518	
6	0	0	0	0	600	504	
7	0	0	0	0	602	493	
8	0	0	0	0	605	487	
9	0	0	0	0	608	487	
10	0	0	0	0	610	486	
11	0	0	0	0	613	487	
12	0	0	0	0	619	492	
13	0	0	0	0	628	494	
14	0	0	0	0	636	499	
15	0	0	0	0	636	504	
0	0	0	0	0	636	504	
1	0	0	0	0	636	504	
2	0	0	0	0	632	504	
3	0	0	0	0	624	501	
4	0	0	0	0	614	502	
5	0	0	0	0	604	505	
6	0	0	0	0	592	505	
7	0	0	0	0	581	507	
8	0	0	0	0	571	506	
9	0	0	0	0	565	507	
10	0	0	0	0	560	507	
11	0	0	0	0	559	504	
12	0	0	0	0	560	499	
13	0	0	0	0	563	495	
14	0	0	0	0	568	493	
15	0	0	0	0	571	492	
0	0	0	0	0	575	494	
1	0	0	0	0	583	496	
2	0	0	0	0	589	497	
3	0	0	0	0	591	499	
4	0	0	0	0	596	500	
5	0	0	0	0	604	498	
6	0	0	0	0	614	492	
7	0	0	0	0	622	487	
8	0	0	0	0	629	487	
9	0	0	0	0	630	486	
10	0	0	0	0	629	484	
11	0	0	0	0	622	481	
12	0	0	0	0	611	475	
13	0	0	0	0	602	470	
14	0	0	0	0	594	463	
15	0	0	0	0	583	461	
0	0	0	0	0	576	460	
1	0	0	0	0	575	464	
2	0	0	0	0	574	469	
3	0	0	0	0	574	470	
4	0	0	0	0	573	467	
5	0	0	0	0	569	463	
6	0	0	0	0	563	460	
7	0	0	0	0	554	460	
8	0	0	0	0	545	458	
9	0	0	0	0	535	455	
10	0	0	0	0	531	454	
11	0	0	0	0	531	448	
12	0	0	0	0	535	443	
13	0	0	0	0	541	442	
14	0	0	0	0	546	444	
15	0	0	0	0	550	453	
0	0	0	0	0	551	459	
1	0	0	0	0	550	463	
2	0	0	0	0	551	463	
3	0	0	0	0	549	460	
4	0	0	0	0	550	458	
5	0	0	0	0	551	454	
6	0	0	0	0	548	453	
7	0	0	0	0	547	457	
8	0	0	0	0	545	464	
9	0	0	0	0	543	475	
10	0	0	0	0	540	484	
11	0	0	0	0	539	487	
12	0	0	0	0	541	486	
13	0	0	0	0	545	486	
14	0	0	0	0	549	486	
15	0	0	0	0	551	485	
0	0	0	0	0	549	492	
1	0	0	0	0	550	500	
2	0	0	0	0	553	507	
3	0	0	0	0	555	513	
4	0	0	0	0	552	520	
5	0	0	0	0	548	530	
6	0	0	0	0	542	539	
7	0	0	0	0	536	543	
8	0	0	0	0	527	541	
9	0	0	0	0	519	535	
10	0	0	0	0	510	528	
11	0	0	0	0	505	523	
12	0	0	0	0	502	524	
13	0	0	0	0	504	531	
14	0	0	0	0	509	536	
15	0	0	0	0	511	543	
0	0	0	0	0	511	547	
1	0	0	0	0	512	550	
2	0	0	0	0	515	549	
3	0	0	0	0	515	550	
4	0	0	0	0	508	553	
5	0	0	0	0	500	553	
6	0	0	0	0	493	554	
7	0	0	0	0	488	554	
8	0	0	0	0	488	552	
9	0	0	0	0	495	552	
10	0	0	0	0	505	550	
11	0	0	0	0	511	547	
12	0	0	0	0	513	547	
13	0	0	0	0	511	548	
14	0	0	0	0	512	552	
15	0	0	0	0	515	560	
0	0	0	0	0	516	567	
1	0	0	0	0	518	571	
2	0	0	0	0	513	568	
3	0	0	0	0	507	556	
4	0	0	0	0	502	541	
5	0	0	0	0	498	529	
6	0	0	0	0	497	525	
7	0	0	0	0	498	530	
8	0	0	0	0	499	540	
9	0	0	0	0	494	548	
10	0	0	0	0	486	551	
11	0	0	0	0	475	553	
12	0	0	0	0	470	553	
13	0	0	0	0	467	553	
14	0	0	0	0	469	549	
15	0	0	0	0	475	539	
0	0	0	0	0	483	530	
1	0	0	0	0	487	522	
2	0	0	0	0	489	514	
3	0	0	0	0	486	507	
4	0	0	0	0	479	503	
5	0	0	0	0	472	504	
6	0	0	0	0	467	507	
7	0	0	0	0	463	510	
8	0	0	0	0	459	512	
9	0	0	0	0	457	515	
10	0	0	0	0	455	516	
11	0	0	0	0	451	518	
12	0	0	0	0	446	519	
13	0	0	0	0	445	516	
14	0	0	0	0	448	512	
15	0	0	0	0	456	507	
0	0	0	0	0	465	502	
1	0	0	0	0	472	496	
2	0	0	0	0	479	489	
3	0	0	0	0	489	484	
4	0	0	0	0	500	485	
5	0	0	0	0	506	488	
6	0	0	0	0	510	495	
7	0	0	0	0	509	501	
8	0	0	0	0	504	508	
9	0	0	0	0	498	514	
10	0	0	0	0	496	516	
11	0	0	0	0	492	512	
12	0	0	0	0	487	508	
13	0	0	0	0	483	501	
14	0	0	0	0	484	494	
15	0	0	0	0	488	485	
0	0	0	0	0	489	476	
1	0	0	0	0	492	465	
2	0	0	0	0	498	454	
3	0	0	0	0	504	446	
4	0	0	0	0	512	440	
5	0	0	0	0	521	439	
6	0	0	0	0	530	441	
7	0	0	0	0	534	444	
8	0	0	0	0	532	445	
9	0	0	0	0	528	442	
10	0	0	0	0	521	440	
11	0	0	0	0	513	434	
12	0	0	0	0	512	432	
13	0	0	0	0	512	431	
14	0	0	0	0	514	430	
15	0	0	0	0	519	430	
0	0	0	0	0	529	440	
1	0	0	0	0	536	449	
2	0	0	0	0	539	457	
3	0	0	0	0	540	464	
4	0	0	0	0	539	470	
5	0	0	0	0	541	470	
6	0	0	0	0	544	467	
7	0	0	0	0	547	456	
8	0	0	0	0	548	447	
9	0	0	0	0	548	437	
10	0	0	0	0	546	430	
11	0	0	0	0	550	430	
12	0	0	0	0	549	432	
13	0	0	0	0	544	434	
14	0	0	0	0	539	435	
15	0	0	0	0	536	435	
0	0	0	0	0	534	437	
1	0	0	0	0	534	438	
2	0	0	0	0	537	435	
3	0	0	0	0	538	430	
4	0	0	0	0	535	426	
5	0	0	0	0	528	427	
6	0	0	0	0	519	431	
7	0	0	0	0	510	440	
8	0	0	0	0	500	449	
9	0	0	0	0	495	458	
10	0	0	0	0	489	462	
11	0	0	0	0	485	464	
12	0	0	0	0	485	463	
13	0	0	0	0	485	462	
14	0	0	0	0	484	465	
15	0	0	0	0	483	469	
0	0	0	0	0	487	468	
1	0	0	0	0	497	469	
2	0	0	0	0	509	469	
3	0	0	0	0	520	470	
4	0	0	0	0	529	472	
5	0	0	0	0	534	467	
6	0	0	0	0	539	465	
7	0	0	0	0	544	461	
8	0	0	0	0	547	452	
9	0	0	0	0	544	442	
10	0	0	0	0	542	433	
11	0	0	0	0	536	428	
12	0	0	0	0	534	427	
13	0	0	0	0	535	429	
14	0	0	0	0	536	430	
15	0	0	0	0	539	433	
0	0	0	0	0	543	433	
1	0	0	0	0	548	436	
2	0	0	0	0	549	435	
3	0	0	0	0	548	433	
4	0	0	0	0	543	433	
5	0	0	0	0	539	440	
6	0	0	0	0	535	446	
7	0	0	0	0	531	450	
8	0	0	0	0	528	455	
9	0	0	0	0	522	457	
10	0	0	0	0	515	460	
11	0	0	0	0	507	458	
12	0	0	0	0	496	455	
13	0	0	0	0	488	455	
14	0	0	0	0	481	452	
15	0	0	0	0	476	450	
0	0	0	0	0	475	450	
1	0	0	0	0	479	453	
2	0	0	0	0	482	458	
3	0	0	0	0	486	463	
4	0	0	0	0	490	467	
5	0	0	0	0	495	464	
6	0	0	0	0	501	463	
7	0	0	0	0	507	457	
8	0	0	0	0	508	451	
9	0	0	0	0	510	450	
10	0	0	0	0	513	448	
11	0	0	0	0	516	448	
12	0	0	0	0	518	452	
13	0	0	0	0	519	454	
14	0	0	0	0	518	459	
15	0	0	0	0	514	461	
0	0	0	0	0	514	460	
1	0	0	0	0	514	459	
2	0	0	0	0	518	466	
3	0	0	0	0	519	471	
4	0	0	0	0	520	472	
5	0	0	0	0	527	473	
6	0	0	0	0	533	479	
7	0	0	0	0	538	484	
8	0	0	0	0	539	484	
9	0	0	0	0	537	483	
10	0	0	0	0	535	481	
11	0	0	0	0	532	479	
12	0	0	0	0	534	474	
13	0	0	0	0	541	470	
14	0	0	0	0	545	465	
15	0	0	0	0	545	463	
0	0	0	0	0	543	459	
1	0	0	0	0	543	456	
2	0	0	0	0	543	452	
3	0	0	0	0	547	448	
4	0	0	0	0	550	444	
5	0	0	0	0	558	444	
6	0	0	0	0	562	444	
7	0	0	0	0	563	443	
8	0	0	0	0	564	441	
9	0	0	0	0	561	443	
10	0	0	0	0	558	443	
11	0	0	0	0	553	441	
12	0	0	0	0	547	436	
13	0	0	0	0	545	433	
14	0	0	0	0	543	432	
15	0	0	0	0	539	434	
0	0	0	0	0	537	433	
1	0	0	0	0	535	433	
2	0	0	0	0	536	435	
3	0	0	0	0	538	435	
4	0	0	0	0	536	440	
5	0	0	0	0	534	445	
6	0	0	0	0	534	452	
7	0	0	0	0	537	461	
8	0	0	0	0	539	470	
9	0	0	0	0	537	478	
10	0	0	0	0	538	481	
11	0	0	0	0	539	482	
12	0	0	0	0	539	482	
13	0	0	0	0	536	478	
14	0	0	0	0	529	469	
15	0	0	0	0	520	457	
0	0	0	0	0	514	443	
1	0	0	0	0	512	430	
2	0	0	0	0	514	420	
3	0	0	0	0	520	412	
4	0	0	0	0	526	409	
5	0	0	0	0	531	409	
6	0	0	0	0	534	409	
7	0	0	0	0	537	413	
8	0	0	0	0	540	417	
9	0	0	0	0	543	419	
10	0	0	0	0	544	421	
11	0	0	0	0	545	418	
12	0	0	0	0	544	420	
13	0	0	0	0	543	423	
14	0	0	0	0	543	430	
15	0	0	0	0	548	439	
0	0	0	0	0	553	456	
1	0	0	0	0	555	476	
2	0	0	0	0	555	490	
3	0	0	0	0	547	497	
4	0	0	0	0	536	504	
5	0	0	0	0	531	508	
6	0	0	0	0	529	505	
7	0	0	0	0	531	505	
8	0	0	0	0	530	496	
9	0	0	0	0	528	487	
10	0	0	0	0	529	478	
11	0	0	0	0	528	475	
12	0	0	0	0	526	471	
13	0	0	0	0	525	467	
14	0	0	0	0	524	465	
15	0	0	0	0	526	463	
0	0	0	0	0	532	464	
1	0	0	0	0	540	467	
2	0	0	0	0	550	467	
3	0	0	0	0	556	467	
4	0	0	0	0	561	462	
5	0	0	0	0	567	463	
6	0	0	0	0	573	462	
7	0	0	0	0	576	463	
8	0	0	0	0	575	463	
9	0	0	0	0	572	466	
10	0	0	0	0	568	481	
11	0	0	0	0	565	498	
12	0	0	0	0	564	515	
13	0	0	0	0	562	524	
14	0	0	0	0	558	527	
15	0	0	0	0	554	525	
0	0	0	0	0	545	522	
1	0	0	0	0	537	523	
2	0	0	0	0	531	524	
3	0	0	0	0	531	525	
4	0	0	0	0	536	522	
5	0	0	0	0	539	520	
6	0	0	0	0	536	518	
7	0	0	0	0	529	519	
8	0	0	0	0	525	517	
9	0	0	0	0	524	514	
10	0	0	0	0	526	510	
11	0	0	0	0	531	508	
12	0	0	0	0	540	503	
13	0	0	0	0	547	496	
14	0	0	0	0	551	490	
15	0	0	0	0	556	485	
0	0	0	0	0	560	482	
1	0	0	0	0	563	476	
2	0	0	0	0	558	474	
3	0	0	0	0	554	469	
4	0	0	0	0	549	469	
5	0	0	0	0	545	473	
6	0	0	0	0	547	482	
7	0	0	0	0	549	493	
8	0	0	0	0	542	504	
9	0	0	0	0	532	510	
10	0	0	0	0	525	516	
11	0	0	0	0	524	521	
12	0	0	0	0	528	526	
13	0	0	0	0	532	527	
14	0	0	0	0	537	532	
15	0	0	0	0	542	535	
0	0	0	0	0	545	539	
1	0	0	0	0	548	538	
2	0	0	0	0	550	534	
3	0	0	0	0	547	526	
4	0	0	0	0	544	520	
5	0	0	0	0	540	512	
6	0	0	0	0	540	505	
7	0	0	0	0	541	500	
8	0	0	0	0	548	494	
9	0	0	0	0	559	489	
10	0	0	0	0	568	487	
11	0	0	0	0	575	486	
12	0	0	0	0	580	483	
13	0	0	0	0	589	483	
14	0	0	0	0	598	480	
15	0	0	0	0	604	473	
0	0	0	0	0	607	469	
1	0	0	0	0	609	472	
2	0	0	0	0	608	476	
3	0	0	0	0	610	478	
4	0	0	0	0	610	481	
5	0	0	0	0	611	483	
6	0	0	0	0	610	486	
7	0	0	0	0	609	491	
8	0	0	0	0	607	496	
9	0	0	0	0	608	499	
10	0	0	0	0	609	510	
11	0	0	0	0	613	521	
12	0	0	0	0	614	532	
13	0	0	0	0	618	542	
14	0	0	0	0	619	545	
15	0	0	0	0	615	540	
0	0	0	0	0	610	532	
1	0	0	0	0	603	525	
2	0	0	0	0	595	519	
3	0	0	0	0	592	509	
4	0	0	0	0	592	497	
5	0	0	0	0	590	488	
6	0	0	0	0	588	480	
7	0	0	0	0	589	478	
8	0	0	0	0	590	476	
9	0	0	0	0	595	475	
10	0	0	0	0	604	477	
11	0	0	0	0	619	481	
12	0	0	0	0	633	487	
13	0	0	0	0	646	492	
14	0	0	0	0	651	493	
15	0	0	0	0	650	489	
0	0	0	0	0	644	487	
1	0	0	0	0	635	481	
2	0	0	0	0	622	475	
3	0	0	0	0	608	468	
4	0	0	0	0	599	465	
5	0	0	0	0	589	468	
6	0	0	0	0	578	476	
7	0	0	0	0	568	481	
8	0	0	0	0	559	481	
9	0	0	0	0	552	480	
10	0	0	0	0	544	474	
11	0	0	0	0	536	468	
12	0	0	0	0	528	463	
13	0	0	0	0	524	461	
14	0	0	0	0	524	462	
15	0	0	0	0	527	463	
0	0	0	0	0	528	465	
1	0	0	0	0	529	469	
2	0	0	0	0	533	476	
3	0	0	0	0	542	487	
4	0	0	0	0	549	501	
5	0	0	0	0	551	512	
6	0	0	0	0	552	524	
7	0	0	0	0	549	531	
8	0	0	0	0	545	534	
9	0	0	0	0	542	533	
10	0	0	0	0	539	529	
11	0	0	0	0	539	527	
12	0	0	0	0	541	526	
13	0	0	0	0	547	523	
14	0	0	0	0	554	516	
15	0	0	0	0	557	506	
0	0	0	0	0	558	495	
1	0	0	0	0	559	488	
2	0	0	0	0	560	487	
3	0	0	0	0	557	495	
4	0	0	0	0	551	503	
5	0	0	0	0	550	511	
6	0	0	0	0	550	520	
7	0	0	0	0	555	530	
8	0	0	0	0	560	537	
9	0	0	0	0	566	543	
10	0	0	0	0	566	546	
11	0	0	0	0	565	544	
12	0	0	0	0	560	546	
13	0	0	0	0	554	548	
14	0	0	0	0	553	545	
15	0	0	0	0	555	537	
0	0	0	0	0	555	527	
1	0	0	0	0	556	518	
2	0	0	0	0	559	509	
3	0	0	0	0	559	498	
4	0	0	0	0	560	483	
5	0	0	0	0	561	471	
6	0	0	0	0	564	462	
7	0	0	0	0	563	455	
8	0	0	0	0	560	453	
9	0	0	0	0	559	450	
10	0	0	0	0	556	447	
11	0	0	0	0	559	445	
12	0	0	0	0	569	443	
13	0	0	0	0	582	446	
14	0	0	0	0	590	449	
15	0	0	0	0	596	458	
0	0	0	0	0	597	467	
1	0	0	0	0	595	477	
2	0	0	0	0	583	482	
3	0	0	0	0	569	485	
4	0	0	0	0	559	485	
5	0	0	0	0	551	487	
6	0	0	0	0	545	491	
7	0	0	0	0	543	496	
8	0	0	0	0	541	499	
9	0	0	0	0	531	502	
10	0	0	0	0	519	505	
11	0	0	0	0	511	510	
12	0	0	0	0	507	514	
13	0	0	0	0	505	512	
14	0	0	0	0	508	504	
15	0	0	0	0	513	490	
0	0	0	0	0	520	476	
1	0	0	0	0	531	464	
2	0	0	0	0	542	455	
3	0	0	0	0	549	451	
4	0	0	0	0	550	450	
5	0	0	0	0	551	452	
6	0	0	0	0	548	457	
7	0	0	0	0	546	463	
8	0	0	0	0	546	470	
9	0	0	0	0	547	471	
10	0	0	0	0	545	469	
11	0	0	0	0	539	466	
12	0	0	0	0	528	464	
13	0	0	0	0	518	468	
14	0	0	0	0	511	487	
15	0	0	0	0	508	518	
0	0	0	0	0	510	543	
1	0	0	0	0	512	554	
2	0	0	0	0	511	559	
3	0	0	0	0	512	567	
4	0	0	0	0	517	570	
5	0	0	0	0	519	566	
6	0	0	0	0	519	552	
7	0	0	0	0	518	534	
8	0	0	0	0	515	516	
9	0	0	0	0	514	502	
10	0	0	0	0	514	492	
11	0	0	0	0	514	490	
12	0	0	0	0	517	499	
13	0	0	0	0	523	508	
14	0	0	0	0	532	519	
15	0	0	0	0	543	529	
0	0	0	0	0	551	537	
1	0	0	0	0	555	542	
2	0	0	0	0	561	545	
3	0	0	0	0	569	544	
4	0	0	0	0	577	542	
5	0	0	0	0	580	542	
6	0	0	0	0	583	540	
7	0	0	0	0	578	536	
8	0	0	0	0	570	531	
9	0	0	0	0	565	524	
10	0	0	0	0	558	519	
11	0	0	0	0	555	514	
12	0	0	0	0	556	512	
13	0	0	0	0	559	513	
14	0	0	0	0	568	510	
15	0	0	0	0	575	506	
0	0	0	0	0	583	499	
1	0	0	0	0	588	496	
2	0	0	0	0	591	492	
3	0	0	0	0	591	494	
4	0	0	0	0	593	497	
5	0	0	0	0	597	500	
6	0	0	0	0	601	502	
7	0	0	0	0	602	499	
8	0	0	0	0	596	498	
9	0	0	0	0	590	497	
10	0	0	0	0	587	495	
11	0	0	0	0	587	501	
12	0	0	0	0	586	517	
13	0	0	0	0	586	535	
14	0	0	0	0	583	545	
15	0	0	0	0	580	545	
0	0	0	0	0	576	544	
1	0	0	0	0	575	549	
2	0	0	0	0	579	554	
3	0	0	0	0	585	558	
4	0	0	0	0	590	562	
5	0	0	0	0	588	563	
6	0	0	0	0	583	561	
7	0	0	0	0	577	561	
8	0	0	0	0	571	560	
9	0	0	0	0	569	557	
10	0	0	0	0	566	551	
11	0	0	0	0	562	546	
12	0	0	0	0	555	541	
13	0	0	0	0	548	536	
14	0	0	0	0	546	536	
15	0	0	0	0	547	535	
0	0	0	0	0	546	529	
1	0	0	0	0	545	522	
2	0	0	0	0	547	520	
3	0	0	0	0	545	518	
4	0	0	0	0	545	515	
5	0	0	0	0	544	511	
6	0	0	0	0	543	507	
7	0	0	0	0	543	500	
8	0	0	0	0	541	493	
9	0	0	0	0	540	484	
10	0	0	0	0	534	480	
11	0	0	0	0	528	475	
12	0	0	0	0	526	468	
13	0	0	0	0	525	463	
14	0	0	0	0	527	459	
15	0	0	0	0	526	458	
0	0	0	0	0	519	457	
1	0	0	0	0	515	458	
2	0	0	0	0	512	459	
3	0	0	0	0	515	457	
4	0	0	0	0	519	456	
5	0	0	0	0	527	455	
6	0	0	0	0	532	458	
7	0	0	0	0	539	464	
8	0	0	0	0	540	465	
9	0	0	0	0	536	468	
10	0	0	0	0	530	470	
11	0	0	0	0	522	472	
12	0	0	0	0	512	475	
13	0	0	0	0	504	477	
14	0	0	0	0	496	480	
15	0	0	0	0	493	489	
0	0	0	0	0	492	499	
1	0	0	0	0	490	508	
2	0	0	0	0	491	513	
3	0	0	0	0	495	518	
4	0	0	0	0	498	525	
5	0	0	0	0	508	532	
6	0	0	0	0	517	535	
7	0	0	0	0	526	537	
8	0	0	0	0	535	538	
9	0	0	0	0	541	544	
10	0	0	0	0	539	558	
11	0	0	0	0	531	569	
12	0	0	0	0	526	575	
13	0	0	0	0	521	573	
14	0	0	0	0	518	559	
15	0	0	0	0	516	543	
0	0	0	0	0	516	530	
1	0	0	0	0	518	519	
2	0	0	0	0	524	508	
3	0	0	0	0	532	495	
4	0	0	0	0	541	483	
5	0	0	0	0	550	476	
6	0	0	0	0	558	477	
7	0	0	0	0	566	485	
8	0	0	0	0	574	496	
9	0	0	0	0	576	504	
10	0	0	0	0	575	511	
11	0	0	0	0	567	513	
12	0	0	0	0	557	519	
13	0	0	0	0	550	525	
14	0	0	0	0	536	526	
15	0	0	0	0	523	521	
0	0	0	0	0	512	513	
1	0	0	0	0	505	504	
2	0	0	0	0	504	500	
3	0	0	0	0	507	499	
4	0	0	0	0	511	499	
5	0	0	0	0	518	500	
6	0	0	0	0	528	503	
7	0	0	0	0	539	505	
8	0	0	0	0	547	508	
9	0	0	0	0	552	511	
10	0	0	0	0	553	514	
11	0	0	0	0	553	515	
12	0	0	0	0	547	510	
13	0	0	0	0	540	505	
14	0	0	0	0	531	502	
15	0	0	0	0	526	502	
0	0	0	0	0	522	501	
1	0	0	0	0	518	502	
2	0	0	0	0	512	506	
3	0	0	0	0	508	512	
4	0	0	0	0	504	519	
5	0	0	0	0	502	521	
6	0	0	0	0	504	524	
7	0	0	0	0	511	522	
8	0	0	0	0	513	519	
9	0	0	0	0	514	519	
10	0	0	0	0	510	524	
11	0	0	0	0	502	530	
12	0	0	0	0	493	537	
13	0	0	0	0	484	540	
14	0	0	0	0	483	538	
15	0	0	0	0	489	536	
0	0	0	0	0	502	533	
1	0	0	0	0	508	536	
2	0	0	0	0	507	537	
3	0	0	0	0	504	543	
4	0	0	0	0	501	544	
5	0	0	0	0	496	542	
6	0	0	0	0	489	536	
7	0	0	0	0	485	532	
8	0	0	0	0	483	531	
9	0	0	0	0	479	534	
10	0	0	0	0	474	545	
11	0	0	0	0	464	545	
12	0	0	0	0	459	545	
13	0	0	0	0	453	540	
14	0	0	0	0	445	535	
15	0	0	0	0	433	527	
0	0	0	0	0	424	524	
1	0	0	0	0	419	524	
2	0	0	0	0	414	532	
3	0	0	0	0	412	537	
4	0	0	0	0	415	535	
5	0	0	0	0	419	537	
6	0	0	0	0	422	542	
7	0	0	0	0	427	545	
8	0	0	0	0	428	551	
9	0	0	0	0	426	555	
10	0	0	0	0	424	560	
11	0	0	0	0	428	565	
12	0	0	0	0	431	564	
13	0	0	0	0	431	564	
14	0	0	0	0	433	568	
15	0	0	0	0	431	569	
0	0	0	0	0	433	572	
1	0	0	0	0	440	572	
2	0	0	0	0	445	573	
3	0	0	0	0	447	574	
4	0	0	0	0	445	572	
5	0	0	0	0	445	568	
6	0	0	0	0	447	567	
7	0	0	0	0	453	572	
8	0	0	0	0	465	579	
9	0	0	0	0	478	584	
10	0	0	0	0	488	582	
11	0	0	0	0	492	572	
12	0	0	0	0	494	556	
13	0	0	0	0	497	547	
14	0	0	0	0	498	541	
15	0	0	0	0	495	543	
0	0	0	0	0	487	551	
1	0	0	0	0	477	559	
2	0	0	0	0	465	566	
3	0	0	0	0	456	574	
4	0	0	0	0	447	582	
5	0	0	0	0	435	591	
6	0	0	0	0	425	600	
7	0	0	0	0	419	609	
8	0	0	0	0	417	616	
9	0	0	0	0	422	619	
10	0	0	0	0	431	624	
11	0	0	0	0	441	635	
12	0	0	0	0	444	640	
13	0	0	0	0	451	646	
14	0	0	0	0	455	645	
15	0	0	0	0	460	638	
0	0	0	0	0	464	624	
1	0	0	0	0	465	610	
2	0	0	0	0	467	600	
3	0	0	0	0	469	597	
4	0	0	0	0	473	594	
5	0	0	0	0	476	595	
6	0	0	0	0	477	592	
7	0	0	0	0	484	590	
8	0	0	0	0	496	588	
9	0	0	0	0	503	588	
10	0	0	0	0	508	589	
11	0	0	0	0	512	591	
12	0	0	0	0	511	594	
13	0	0	0	0	507	596	
14	0	0	0	0	501	598	
15	0	0	0	0	494	600	
0	0	0	0	0	488	604	
1	0	0	0	0	483	607	
2	0	0	0	0	477	611	
3	0	0	0	0	472	616	
4	0	0	0	0	469	623	
5	0	0	0	0	472	627	
6	0	0	0	0	474	629	
7	0	0	0	0	473	630	
8	0	0	0	0	471	626	
9	0	0	0	0	464	617	
10	0	0	0	0	457	618	
11	0	0	0	0	455	623	
12	0	0	0	0	451	625	
13	0	0	0	0	446	623	
14	0	0	0	0	441	612	
15	0	0	0	0	439	598	
0	0	0	0	0	434	585	
1	0	0	0	0	428	575	
2	0	0	0	0	422	569	
3	0	0	0	0	417	566	
4	0	0	0	0	419	571	
5	0	0	0	0	425	575	
6	0	0	0	0	440	579	
7	0	0	0	0	452	583	
8	0	0	0	0	463	587	
9	0	0	0	0	473	584	
10	0	0	0	0	478	579	
11	0	0	0	0	478	572	
12	0	0	0	0	472	564	
13	0	0	0	0	463	561	
14	0	0	0	0	454	555	
15	0	0	0	0	444	550	
0	0	0	0	0	432	549	
1	0	0	0	0	421	553	
2	0	0	0	0	416	557	
3	0	0	0	0	413	563	
4	0	0	0	0	415	570	
5	0	0	0	0	419	576	
6	0	0	0	0	425	581	
7	0	0	0	0	430	583	
8	0	0	0	0	434	581	
9	0	0	0	0	436	578	
10	0	0	0	0	443	576	
11	0	0	0	0	445	574	
12	0	0	0	0	447	568	
13	0	0	0	0	447	562	
14	0	0	0	0	444	552	
15	0	0	0	0	443	540	
0	0	0	0	0	441	527	
1	0	0	0	0	440	519	
2	0	0	0	0	438	512	
3	0	0	0	0	436	504	
4	0	0	0	0	435	503	
5	0	0	0	0	436	504	
6	0	0	0	0	440	503	
7	0	0	0	0	445	503	
8	0	0	0	0	449	513	
9	0	0	0	0	453	527	
10	0	0	0	0	456	541	
11	0	0	0	0	459	543	
12	0	0	0	0	461	540	
13	0	0	0	0	463	536	
14	0	0	0	0	463	532	
15	0	0	0	0	457	533	
0	0	0	0	0	451	536	
1	0	0	0	0	445	546	
2	0	0	0	0	438	551	
3	0	0	0	0	435	553	
4	0	0	0	0	435	554	
5	0	0	0	0	434	553	
6	0	0	0	0	431	555	
7	0	0	0	0	430	558	
8	0	0	0	0	431	560	
9	0	0	0	0	432	558	
10	0	0	0	0	435	555	
11	0	0	0	0	433	547	
12	0	0	0	0	429	538	
13	0	0	0	0	419	528	
14	0	0	0	0	408	519	
15	0	0	0	0	399	511	
0	0	0	0	0	391	504	
1	0	0	0	0	384	498	
2	0	0	0	0	380	496	
3	0	0	0	0	379	496	
4	0	0	0	0	376	496	
5	0	0	0	0	374	498	
6	0	0	0	0	375	499	
7	0	0	0	0	379	500	
8	0	0	0	0	383	503	
9	0	0	0	0	391	504	
10	0	0	0	0	401	500	
11	0	0	0	0	411	493	
12	0	0	0	0	423	488	
13	0	0	0	0	435	485	
14	0	0	0	0	442	484	
15	0	0	0	0	449	487	
0	0	0	0	0	452	492	
1	0	0	0	0	452	500	
2	0	0	0	0	449	519	
3	0	0	0	0	446	536	
4	0	0	0	0	440	555	
5	0	0	0	0	435	573	
6	0	0	0	0	431	595	
7	0	0	0	0	428	615	
8	0	0	0	0	428	636	
9	0	0	0	0	431	653	
10	0	0	0	0	437	667	
11	0	0	0	0	444	676	
12	0	0	0	0	450	684	
13	0	0	0	0	458	691	
14	0	0	0	0	465	699	
15	0	0	0	0	471	703	
0	0	0	0	0	477	704	
1	0	0	0	0	487	702	
2	0	0	0	0	493	696	
3	0	0	0	0	498	688	
4	0	0	0	0	500	676	
5	0	0	0	0	500	667	
6	0	0	0	0	500	664	
7	0	0	0	0	499	667	
8	0	0	0	0	493	671	
9	0	0	0	0	485	671	
10	0	0	0	0	478	668	
11	0	0	0	0	475	667	
12	0	0	0	0	476	666	
13	0	0	0	0	481	670	
14	0	0	0	0	486	675	
15	0	0	0	0	494	677	
0	0	0	0	0	498	674	
1	0	0	0	0	498	669	
2	0	0	0	0	496	664	
3	0	0	0	0	492	661	
4	0	0	0	0	487	656	
5	0	0	0	0	486	652	
6	0	0	0	0	483	647	
7	0	0	0	0	478	642	
8	0	0	0	0	476	640	
9	0	0	0	0	475	636	
10	0	0	0	0	476	631	
11	0	0	0	0	479	624	
12	0	0	0	0	483	624	
13	0	0	0	0	488	627	
14	0	0	0	0	498	630	
15	0	0	0	0	507	631	
0	0	0	0	0	516	626	
1	0	0	0	0	522	618	
2	0	0	0	0	524	610	
3	0	0	0	0	519	601	
4	0	0	0	0	513	591	
5	0	0	0	0	505	589	
6	0	0	0	0	502	596	
7	0	0	0	0	495	607	
8	0	0	0	0	489	620	
9	0	0	0	0	487	630	
10	0	0	0	0	479	638	
11	0	0	0	0	471	647	
12	0	0	0	0	465	653	
13	0	0	0	0	462	652	
14	0	0	0	0	459	646	
15	0	0	0	0	459	639	
0	0	0	0	0	463	633	
1	0	0	0	0	468	620	
2	0	0	0	0	472	605	
3	0	0	0	0	478	590	
4	0	0	0	0	484	577	
5	0	0	0	0	487	562	
6	0	0	0	0	484	543	
7	0	0	0	0	480	519	
8	0	0	0	0	481	495	
9	0	0	0	0	485	479	
10	0	0	0	0	489	474	
11	0	0	0	0	493	475	
12	0	0	0	0	494	479	
13	0	0	0	0	494	481	
14	0	0	0	0	500	481	
15	0	0	0	0	506	481	
0	0	0	0	0	508	479	
1	0	0	0	0	509	474	
2	0	0	0	0	508	470	
3	0	0	0	0	504	465	
4	0	0	0	0	502	464	
5	0	0	0	0	500	464	
6	0	0	0	0	500	467	
7	0	0	0	0	502	473	
8	0	0	0	0	499	483	
9	0	0	0	0	496	487	
10	0	0	0	0	496	486	
11	0	0	0	0	492	480	
12	0	0	0	0	491	475	
13	0	0	0	0	489	470	
14	0	0	0	0	488	464	
15	0	0	0	0	487	463	
0	0	0	0	0	483	461	
1	0	0	0	0	480	456	
2	0	0	0	0	477	455	
3	0	0	0	0	480	455	
4	0	0	0	0	482	459	
5	0	0	0	0	487	466	
6	0	0	0	0	490	463	
7	0	0	0	0	492	462	
8	0	0	0	0	489	464	
9	0	0	0	0	490	472	
10	0	0	0	0	491	480	
11	0	0	0	0	495	488	
12	0	0	0	0	496	495	
13	0	0	0	0	498	498	
14	0	0	0	0	500	497	
15	0	0	0	0	498	492	
0	0	0	0	0	493	487	
1	0	0	0	0	487	485	
2	0	0	0	0	483	483	
3	0	0	0	0	480	487	
4	0	0	0	0	480	492	
5	0	0	0	0	482	500	
6	0	0	0	0	487	505	
7	0	0	0	0	490	502	
8	0	0	0	0	493	502	
9	0	0	0	0	495	508	
10	0	0	0	0	496	511	
11	0	0	0	0	496	508	
12	0	0	0	0	498	505	
13	0	0	0	0	498	500	
14	0	0	0	0	501	497	
15	0	0	0	0	507	495	
0	0	0	0	0	509	489	
1	0	0	0	0	512	480	
2	0	0	0	0	512	472	
3	0	0	0	0	510	465	
4	0	0	0	0	510	457	
5	0	0	0	0	511	451	
6	0	0	0	0	507	445	
7	0	0	0	0	503	440	
8	0	0	0	0	502	434	
9	0	0	0	0	502	432	
10	0	0	0	0	499	428	
11	0	0	0	0	496	423	
12	0	0	0	0	490	417	
13	0	0	0	0	481	409	
14	0	0	0	0	471	406	
15	0	0	0	0	467	405	
0	0	0	0	0	467	409	
1	0	0	0	0	467	412	
2	0	0	0	0	470	412	
3	0	0	0	0	475	412	
4	0	0	0	0	478	414	
5	0	0	0	0	482	415	
6	0	0	0	0	483	413	
7	0	0	0	0	484	411	
8	0	0	0	0	484	411	
9	0	0	0	0	483	419	
10	0	0	0	0	480	428	
11	0	0	0	0	478	437	
12	0	0	0	0	471	445	
13	0	0	0	0	466	448	
14	0	0	0	0	463	455	
15	0	0	0	0	459	460	
0	0	0	0	0	455	462	
1	0	0	0	0	452	461	
2	0	0	0	0	452	456	
3	0	0	0	0	452	447	
4	0	0	0	0	452	435	
5	0	0	0	0	455	422	
6	0	0	0	0	457	418	
7	0	0	0	0	463	420	
8	0	0	0	0	465	423	
9	0	0	0	0	467	428	
10	0	0	0	0	471	431	
11	0	0	0	0	468	433	
12	0	0	0	0	465	436	
13	0	0	0	0	462	439	
14	0	0	0	0	455	440	
15	0	0	0	0	449	442	
0	0	0	0	0	443	448	
1	0	0	0	0	441	457	
2	0	0	0	0	439	465	
3	0	0	0	0	434	472	
4	0	0	0	0	431	481	
5	0	0	0	0	428	490	
6	0	0	0	0	428	494	
7	0	0	0	0	431	496	
8	0	0	0	0	436	492	
9	0	0	0	0	444	487	
10	0	0	0	0	451	479	
11	0	0	0	0	463	473	
12	0	0	0	0	477	470	
13	0	0	0	0	482	465	
14	0	0	0	0	486	463	
15	0	0	0	0	487	462	
0	0	0	0	0	492	463	
1	0	0	0	0	500	462	
2	0	0	0	0	511	457	
3	0	0	0	0	519	449	
4	0	0	0	0	524	441	
5	0	0	0	0	527	436	
6	0	0	0	0	527	429	
7	0	0	0	0	527	425	
8	0	0	0	0	531	422	
9	0	0	0	0	536	421	
10	0	0	0	0	543	422	
11	0	0	0	0	545	419	
12	0	0	0	0	543	412	
13	0	0	0	0	539	408	
14	0	0	0	0	535	408	
15	0	0	0	0	526	409	
0	0	0	0	0	518	410	
1	0	0	0	0	513	414	
2	0	0	0	0	512	415	
3	0	0	0	0	514	422	
4	0	0	0	0	521	433	
5	0	0	0	0	530	438	
6	0	0	0	0	539	445	
7	0	0	0	0	547	450	
8	0	0	0	0	551	454	
9	0	0	0	0	554	458	
10	0	0	0	0	556	461	
11	0	0	0	0	555	463	
12	0	0	0	0	553	467	
13	0	0	0	0	550	476	
14	0	0	0	0	548	490	
15	0	0	0	0	547	503	
0	0	0	0	0	544	516	
1	0	0	0	0	541	525	
2	0	0	0	0	538	522	
3	0	0	0	0	540	513	
4	0	0	0	0	543	501	
5	0	0	0	0	550	488	
6	0	0	0	0	551	474	
7	0	0	0	0	552	456	
8	0	0	0	0	551	440	
9	0	0	0	0	550	427	
10	0	0	0	0	550	419	
11	0	0	0	0	551	414	
12	0	0	0	0	551	410	
13	0	0	0	0	550	408	
14	0	0	0	0	543	411	
15	0	0	0	0	539	410	
0	0	0	0	0	539	408	
1	0	0	0	0	540	407	
2	0	0	0	0	542	402	
3	0	0	0	0	543	397	
4	0	0	0	0	539	395	
5	0	0	0	0	528	388	
6	0	0	0	0	520	392	
7	0	0	0	0	518	398	
8	0	0	0	0	517	404	
9	0	0	0	0	513	404	
10	0	0	0	0	509	401	
11	0	0	0	0	510	399	
12	0	0	0	0	512	400	
13	0	0	0	0	518	399	
14	0	0	0	0	527	400	
15	0	0	0	0	533	396	
0	0	0	0	0	537	388	
1	0	0	0	0	540	376	
2	0	0	0	0	544	371	
3	0	0	0	0	551	367	
4	0	0	0	0	558	366	
5	0	0	0	0	560	367	
6	0	0	0	0	566	370	
7	0	0	0	0	571	375	
8	0	0	0	0	577	374	
9	0	0	0	0	584	382	
10	0	0	0	0	593	385	
11	0	0	0	0	599	388	
12	0	0	0	0	605	385	
13	0	0	0	0	610	381	
14	0	0	0	0	612	376	
15	0	0	0	0	610	369	
0	0	0	0	0	603	367	
1	0	0	0	0	592	376	
2	0	0	0	0	583	385	
3	0	0	0	0	577	390	
4	0	0	0	0	572	389	
5	0	0	0	0	570	385	
6	0	0	0	0	569	387	
7	0	0	0	0	568	389	
8	0	0	0	0	569	395	
9	0	0	0	0	573	399	
10	0	0	0	0	578	398	
11	0	0	0	0	581	401	
12	0	0	0	0	586	401	
13	0	0	0	0	589	397	
14	0	0	0	0	588	393	
15	0	0	0	0	582	391	
0	0	0	0	0	576	389	
1	0	0	0	0	568	388	
2	0	0	0	0	561	380	
3	0	0	0	0	553	381	
4	0	0	0	0	551	384	
5	0	0	0	0	554	391	
6	0	0	0	0	561	398	
7	0	0	0	0	566	406	
8	0	0	0	0	575	415	
9	0	0	0	0	585	421	
10	0	0	0	0	590	420	
11	0	0	0	0	592	422	
12	0	0	0	0	593	422	
13	0	0	0	0	593	425	
14	0	0	0	0	590	429	
15	0	0	0	0	586	434	
0	0	0	0	0	583	436	
1	0	0	0	0	580	439	
2	0	0	0	0	575	437	
3	0	0	0	0	570	438	
4	0	0	0	0	568	435	
5	0	0	0	0	570	432	
6	0	0	0	0	575	432	
7	0	0	0	0	576	428	
8	0	0	0	0	578	430	
9	0	0	0	0	577	436	
10	0	0	0	0	575	444	
11	0	0	0	0	574	451	
12	0	0	0	0	572	456	
13	0	0	0	0	566	460	
14	0	0	0	0	560	458	
15	0	0	0	0	560	459	
0	0	0	0	0	553	457	
1	0	0	0	0	548	455	
2	0	0	0	0	542	450	
3	0	0	0	0	536	451	
4	0	0	0	0	531	451	
5	0	0	0	0	525	447	
6	0	0	0	0	519	446	
7	0	0	0	0	515	444	
8	0	0	0	0	514	445	
9	0	0	0	0	515	451	
10	0	0	0	0	520	454	
11	0	0	0	0	524	454	
12	0	0	0	0	527	454	
13	0	0	0	0	524	453	
14	0	0	0	0	527	450	
15	0	0	0	0	527	446	
0	0	0	0	0	525	441	
1	0	0	0	0	520	444	
2	0	0	0	0	516	447	
3	0	0	0	0	510	443	
4	0	0	0	0	505	439	
5	0	0	0	0	504	433	
6	0	0	0	0	504	427	
7	0	0	0	0	503	423	
8	0	0	0	0	500	421	
9	0	0	0	0	497	423	
10	0	0	0	0	499	429	
11	0	0	0	0	501	435	
12	0	0	0	0	504	444	
13	0	0	0	0	509	451	
14	0	0	0	0	515	456	
15	0	0	0	0	513	460	
0	0	0	0	0	511	463	
1	0	0	0	0	508	463	
2	0	0	0	0	504	462	
3	0	0	0	0	498	459	
4	0	0	0	0	490	457	
5	0	0	0	0	484	458	
6	0	0	0	0	480	462	
7	0	0	0	0	476	470	
8	0	0	0	0	475	483	
9	0	0	0	0	475	493	
10	0	0	0	0	481	499	
11	0	0	0	0	488	500	
12	0	0	0	0	495	495	
13	0	0	0	0	503	489	
14	0	0	0	0	505	491	
15	0	0	0	0	504	495	
0	0	0	0	0	499	503	
1	0	0	0	0	494	511	
2	0	0	0	0	491	515	
3	0	0	0	0	485	521	
4	0	0	0	0	481	529	
5	0	0	0	0	479	538	
6	0	0	0	0	476	545	
7	0	0	0	0	472	547	
8	0	0	0	0	469	543	
9	0	0	0	0	466	534	
10	0	0	0	0	463	524	
11	0	0	0	0	463	514	
12	0	0	0	0	460	502	
13	0	0	0	0	458	487	
14	0	0	0	0	454	476	
15	0	0	0	0	452	469	
0	0	0	0	0	455	467	
1	0	0	0	0	457	471	
2	0	0	0	0	459	481	
3	0	0	0	0	459	495	
4	0	0	0	0	455	504	
5	0	0	0	0	455	507	
6	0	0	0	0	455	505	
7	0	0	0	0	453	502	
8	0	0	0	0	451	492	
9	0	0	0	0	449	482	
10	0	0	0	0	445	475	
11	0	0	0	0	442	474	
12	0	0	0	0	445	476	
13	0	0	0	0	452	483	
14	0	0	0	0	457	488	
15	0	0	0	0	462	487	
0	0	0	0	0	475	486	
1	0	0	0	0	481	486	
2	0	0	0	0	488	479	
3	0	0	0	0	492	468	
4	0	0	0	0	492	459	
5	0	0	0	0	485	451	
6	0	0	0	0	476	440	
7	0	0	0	0	468	433	
8	0	0	0	0	462	431	
9	0	0	0	0	458	432	
10	0	0	0	0	454	439	
11	0	0	0	0	457	455	
12	0	0	0	0	463	469	
13	0	0	0	0	470	482	
14	0	0	0	0	480	487	
15	0	0	0	0	491	489	
0	0	0	0	0	499	485	
1	0	0	0	0	502	480	
2	0	0	0	0	502	477	
3	0	0	0	0	500	481	
4	0	0	0	0	494	481	
5	0	0	0	0	487	476	
6	0	0	0	0	483	471	
7	0	0	0	0	480	465	
8	0	0	0	0	477	458	
9	0	0	0	0	472	453	
10	0	0	0	0	469	454	
11	0	0	0	0	464	456	
12	0	0	0	0	461	459	
13	0	0	0	0	459	463	
14	0	0	0	0	457	467	
15	0	0	0	0	456	465	
0	0	0	0	0	460	459	
1	0	0	0	0	463	452	
2	0	0	0	0	469	452	
3	0	0	0	0	474	452	
4	0	0	0	0	476	452	
5	0	0	0	0	480	457	
6	0	0	0	0	481	464	
7	0	0	0	0	482	473	
8	0	0	0	0	482	480	
9	0	0	0	0	485	485	
10	0	0	0	0	487	487	
11	0	0	0	0	487	487	
12	0	0	0	0	489	487	
13	0	0	0	0	492	491	
14	0	0	0	0	498	500	
15	0	0	0	0	503	508	
0	0	0	0	0	505	515	
1	0	0	0	0	506	520	
2	0	0	0	0	504	526	
3	0	0	0	0	503	531	
4	0	0	0	0	502	530	
5	0	0	0	0	501	528	
6	0	0	0	0	500	535	
7	0	0	0	0	498	541	
8	0	0	0	0	496	540	
9	0	0	0	0	494	541	
10	0	0	0	0	491	542	
11	0	0	0	0	492	544	
12	0	0	0	0	495	544	
13	0	0	0	0	499	546	
14	0	0	0	0	502	550	
15	0	0	0	0	510	551	
0	0	0	0	0	518	550	
1	0	0	0	0	524	549	
2	0	0	0	0	531	547	
3	0	0	0	0	536	544	
4	0	0	0	0	535	541	
5	0	0	0	0	537	534	
6	0	0	0	0	535	529	
7	0	0	0	0	531	521	
8	0	0	0	0	527	512	
9	0	0	0	0	520	502	
10	0	0	0	0	518	499	
11	0	0	0	0	519	498	
12	0	0	0	0	524	499	
13	0	0	0	0	530	502	
14	0	0	0	0	534	511	
15	0	0	0	0	536	517	
0	0	0	0	0	535	516	
1	0	0	0	0	531	512	
2	0	0	0	0	527	509	
3	0	0	0	0	523	510	
4	0	0	0	0	518	515	
5	0	0	0	0	512	523	
6	0	0	0	0	508	533	
7	0	0	0	0	504	544	
8	0	0	0	0	501	548	
9	0	0	0	0	497	547	
10	0	0	0	0	495	543	
11	0	0	0	0	492	543	
12	0	0	0	0	491	540	
13	0	0	0	0	488	538	
14	0	0	0	0	487	535	
15	0	0	0	0	484	529	
0	0	0	0	0	486	526	
1	0	0	0	0	492	524	
2	0	0	0	0	498	521	
3	0	0	0	0	504	522	
4	0	0	0	0	508	520	
5	0	0	0	0	512	518	
6	0	0	0	0	515	519	
7	0	0	0	0	517	521	
8	0	0	0	0	519	524	
9	0	0	0	0	519	529	
10	0	0	0	0	522	532	
11	0	0	0	0	525	533	
12	0	0	0	0	526	534	
13	0	0	0	0	524	529	
14	0	0	0	0	517	523	
15	0	0	0	0	507	515	
0	0	0	0	0	499	506	
1	0	0	0	0	490	504	
2	0	0	0	0	483	505	
3	0	0	0	0	478	512	
4	0	0	0	0	476	517	
5	0	0	0	0	477	516	
6	0	0	0	0	478	508	
7	0	0	0	0	478	494	
8	0	0	0	0	479	482	
9	0	0	0	0	480	467	
10	0	0	0	0	481	456	
11	0	0	0	0	487	452	
12	0	0	0	0	493	451	
13	0	0	0	0	499	453	
14	0	0	0	0	504	456	
15	0	0	0	0	507	463	
0	0	0	0	0	506	468	
1	0	0	0	0	506	475	
2	0	0	0	0	504	483	
3	0	0	0	0	503	487	
4	0	0	0	0	499	488	
5	0	0	0	0	497	487	
6	0	0	0	0	495	487	
7	0	0	0	0	494	488	
8	0	0	0	0	494	495	
9	0	0	0	0	495	501	
10	0	0	0	0	498	505	
11	0	0	0	0	502	506	
12	0	0	0	0	503	508	
13	0	0	0	0	506	516	
14	0	0	0	0	505	521	
15	0	0	0	0	507	525	
0	0	0	0	0	506	527	
1	0	0	0	0	508	524	
2	0	0	0	0	508	520	
3	0	0	0	0	514	511	
4	0	0	0	0	521	499	
5	0	0	0	0	527	486	
6	0	0	0	0	533	470	
7	0	0	0	0	531	461	
8	0	0	0	0	529	457	
9	0	0	0	0	526	459	
10	0	0	0	0	524	465	
11	0	0	0	0	520	474	
12	0	0	0	0	517	475	
13	0	0	0	0	514	473	
14	0	0	0	0	512	471	
15	0	0	0	0	511	470	
0	0	0	0	0	513	469	
1	0	0	0	0	518	471	
2	0	0	0	0	527	472	
3	0	0	0	0	536	474	
4	0	0	0	0	543	479	
5	0	0	0	0	544	478	
6	0	0	0	0	546	476	
7	0	0	0	0	549	468	
8	0	0	0	0	548	462	
9	0	0	0	0	547	461	
10	0	0	0	0	550	463	
11	0	0	0	0	553	463	
12	0	0	0	0	557	461	
13	0	0	0	0	559	456	
14	0	0	0	0	558	459	
15	0	0	0	0	555	460	
0	0	0	0	0	549	463	
1	0	0	0	0	547	468	
2	0	0	0	0	548	471	
3	0	0	0	0	552	474	
4	0	0	0	0	557	475	
5	0	0	0	0	564	473	
6	0	0	0	0	572	472	
7	0	0	0	0	578	461	
8	0	0	0	0	580	453	
9	0	0	0	0	580	451	
10	0	0	0	0	578	450	
11	0	0	0	0	570	451	
12	0	0	0	0	563	451	
13	0	0	0	0	556	455	
14	0	0	0	0	551	455	
15	0	0	0	0	544	451	
0	0	0	0	0	540	445	
1	0	0	0	0	541	439	
2	0	0	0	0	542	435	
3	0	0	0	0	540	433	
4	0	0	0	0	536	436	
5	0	0	0	0	534	437	
6	0	0	0	0	537	435	
7	0	0	0	0	540	432	
8	0	0	0	0	540	432	
9	0	0	0	0	536	435	
10	0	0	0	0	529	437	
11	0	0	0	0	523	443	
12	0	0	0	0	517	448	
13	0	0	0	0	508	452	
14	0	0	0	0	496	454	
15	0	0	0	0	491	458	
0	0	0	0	0	490	462	
1	0	0	0	0	488	469	
2	0	0	0	0	485	476	
3	0	0	0	0	480	484	
4	0	0	0	0	477	496	
5	0	0	0	0	472	504	
6	0	0	0	0	472	507	
7	0	0	0	0	477	503	
8	0	0	0	0	485	492	
9	0	0	0	0	488	478	
10	0	0	0	0	484	470	
11	0	0	0	0	480	463	
12	0	0	0	0	475	462	
13	0	0	0	0	470	462	
14	0	0	0	0	465	461	
15	0	0	0	0	459	456	
0	0	0	0	0	457	451	
1	0	0	0	0	455	447	
2	0	0	0	0	450	444	
3	0	0	0	0	444	438	
4	0	0	0	0	441	431	
5	0	0	0	0	437	426	
6	0	0	0	0	430	430	
7	0	0	0	0	420	438	
8	0	0	0	0	412	448	
9	0	0	0	0	411	455	
10	0	0	0	0	415	461	
11	0	0	0	0	421	465	
12	0	0	0	0	428	470	
13	0	0	0	0	434	476	
14	0	0	0	0	437	478	
15	0	0	0	0	439	473	
0	0	0	0	0	439	466	
1	0	0	0	0	437	461	
2	0	0	0	0	433	454	
3	0	0	0	0	434	448	
4	0	0	0	0	439	446	
5	0	0	0	0	444	444	
6	0	0	0	0	449	441	
7	0	0	0	0	454	442	
8	0	0	0	0	456	446	
9	0	0	0	0	460	452	
10	0	0	0	0	466	457	
11	0	0	0	0	468	464	
12	0	0	0	0	467	472	
13	0	0	0	0	465	483	
14	0	0	0	0	463	494	
15	0	0	0	0	462	504	
0	0	0	0	0	459	507	
1	0	0	0	0	454	500	
2	0	0	0	0	448	492	
3	0	0	0	0	441	489	
4	0	0	0	0	438	483	
5	0	0	0	0	438	478	
6	0	0	0	0	439	476	
7	0	0	0	0	438	476	
8	0	0	0	0	438	479	
9	0	0	0	0	443	479	
10	0	0	0	0	444	480	
11	0	0	0	0	449	483	
12	0	0	0	0	452	476	
13	0	0	0	0	454	469	
14	0	0	0	0	451	466	
15	0	0	0	0	452	465	
0	0	0	0	0	452	465	
1	0	0	0	0	451	468	
2	0	0	0	0	450	471	
3	0	0	0	0	450	476	
4	0	0	0	0	449	476	
5	0	0	0	0	447	479	
6	0	0	0	0	443	483	
7	0	0	0	0	442	486	
8	0	0	0	0	445	490	
9	0	0	0	0	450	496	
10	0	0	0	0	456	500	
11	0	0	0	0	458	499	
12	0	0	0	0	456	495	
13	0	0	0	0	455	490	
14	0	0	0	0	455	486	
15	0	0	0	0	455	480	
0	0	0	0	0	455	476	
1	0	0	0	0	452	474	
2	0	0	0	0	448	475	
3	0	0	0	0	448	474	
4	0	0	0	0	450	471	
5	0	0	0	0	451	467	
6	0	0	0	0	450	463	
7	0	0	0	0	449	462	
8	0	0	0	0	447	466	
9	0	0	0	0	443	475	
10	0	0	0	0	440	490	
11	0	0	0	0	438	505	
12	0	0	0	0	438	520	
13	0	0	0	0	439	531	
14	0	0	0	0	441	536	
15	0	0	0	0	442	535	
0	0	0	0	0	445	539	
1	0	0	0	0	450	541	
2	0	0	0	0	454	541	
3	0	0	0	0	455	541	
4	0	0	0	0	455	539	
5	0	0	0	0	459	539	
6	0	0	0	0	462	539	
7	0	0	0	0	463	538	
8	0	0	0	0	468	536	
9	0	0	0	0	478	536	
10	0	0	0	0	491	536	
11	0	0	0	0	502	537	
12	0	0	0	0	507	538	
13	0	0	0	0	508	540	
14	0	0	0	0	510	543	
15	0	0	0	0	508	543	
0	0	0	0	0	504	545	
1	0	0	0	0	496	549	
2	0	0	0	0	483	551	
3	0	0	0	0	472	555	
4	0	0	0	0	462	556	
5	0	0	0	0	452	556	
6	0	0	0	0	445	555	
7	0	0	0	0	444	554	
8	0	0	0	0	446	556	
9	0	0	0	0	453	552	
10	0	0	0	0	461	550	
11	0	0	0	0	468	550	
12	0	0	0	0	477	551	
13	0	0	0	0	484	556	
14	0	0	0	0	491	563	
15	0	0	0	0	496	569	
0	0	0	0	0	500	572	
1	0	0	0	0	504	568	
2	0	0	0	0	507	565	
3	0	0	0	0	512	561	
4	0	0	0	0	515	557	
5	0	0	0	0	521	552	
6	0	0	0	0	527	543	
7	0	0	0	0	528	536	
8	0	0	0	0	529	532	
9	0	0	0	0	529	533	
10	0	0	0	0	527	538	
11	0	0	0	0	523	542	
12	0	0	0	0	511	542	
13	0	0	0	0	499	539	
14	0	0	0	0	491	533	
15	0	0	0	0	484	525	
0	0	0	0	0	478	521	
1	0	0	0	0	474	519	
2	0	0	0	0	468	517	
3	0	0	0	0	463	516	
4	0	0	0	0	459	512	
5	0	0	0	0	458	505	
6	0	0	0	0	460	500	
7	0	0	0	0	463	495	
8	0	0	0	0	467	490	
9	0	0	0	0	467	491	
10	0	0	0	0	470	497	
11	0	0	0	0	475	502	
12	0	0	0	0	483	504	
13	0	0	0	0	493	509	
14	0	0	0	0	504	515	
15	0	0	0	0	514	520	
0	0	0	0	0	516	525	
1	0	0	0	0	519	530	
2	0	0	0	0	520	536	
3	0	0	0	0	519	542	
4	0	0	0	0	521	545	
5	0	0	0	0	524	548	
6	0	0	0	0	528	546	
7	0	0	0	0	536	544	
8	0	0	0	0	544	543	
9	0	0	0	0	548	542	
10	0	0	0	0	549	538	
11	0	0	0	0	548	530	
12	0	0	0	0	546	522	
13	0	0	0	0	546	517	
14	0	0	0	0	545	515	
15	0	0	0	0	538	514	
0	0	0	0	0	530	510	
1	0	0	0	0	522	505	
2	0	0	0	0	516	504	
3	0	0	0	0	508	508	
4	0	0	0	0	502	508	
5	0	0	0	0	500	509	
6	0	0	0	0	498	511	
7	0	0	0	0	496	516	
8	0	0	0	0	493	523	
9	0	0	0	0	490	525	
10	0	0	0	0	487	522	
11	0	0	0	0	483	518	
12	0	0	0	0	480	521	
13	0	0	0	0	478	525	
14	0	0	0	0	483	524	
15	0	0	0	0	490	524	
0	0	0	0	0	490	521	
1	0	0	0	0	489	521	
2	0	0	0	0	487	526	
3	0	0	0	0	485	531	
4	0	0	0	0	481	535	
5	0	0	0	0	479	543	
6	0	0	0	0	472	549	
7	0	0	0	0	466	552	
8	0	0	0	0	462	556	
9	0	0	0	0	462	560	
10	0	0	0	0	460	562	
11	0	0	0	0	459	562	
12	0	0	0	0	459	563	
13	0	0	0	0	458	565	
14	0	0	0	0	453	568	
15	0	0	0	0	451	571	
0	0	0	0	0	449	570	
1	0	0	0	0	444	566	
2	0	0	0	0	439	567	
3	0	0	0	0	434	572	
4	0	0	0	0	427	574	
5	0	0	0	0	423	576	
6	0	0	0	0	421	574	
7	0	0	0	0	423	574	
8	0	0	0	0	425	573	
9	0	0	0	0	428	571	
10	0	0	0	0	433	568	
11	0	0	0	0	439	563	
12	0	0	0	0	447	558	
13	0	0	0	0	455	558	
14	0	0	0	0	457	561	
15	0	0	0	0	460	563	
0	0	0	0	0	460	567	
1	0	0	0	0	464	569	
2	0	0	0	0	468	570	
3	0	0	0	0	467	572	
4	0	0	0	0	464	576	
5	0	0	0	0	456	582	
6	0	0	0	0	448	584	
7	0	0	0	0	440	589	
8	0	0	0	0	434	591	
9	0	0	0	0	430	590	
10	0	0	0	0	426	587	
11	0	0	0	0	423	583	
12	0	0	0	0	427	581	
13	0	0	0	0	432	582	
14	0	0	0	0	442	578	
15	0	0	0	0	453	583	
0	0	0	0	0	466	589	
1	0	0	0	0	481	595	
2	0	0	0	0	493	596	
3	0	0	0	0	500	595	
4	0	0	0	0	504	590	
5	0	0	0	0	504	582	
6	0	0	0	0	503	576	
7	0	0	0	0	501	571	
8	0	0	0	0	500	566	
9	0	0	0	0	498	561	
10	0	0	0	0	496	562	
11	0	0	0	0	500	559	
12	0	0	0	0	506	563	
13	0	0	0	0	515	567	
14	0	0	0	0	521	571	
15	0	0	0	0	523	571	
0	0	0	0	0	522	570	
1	0	0	0	0	519	568	
2	0	0	0	0	517	571	
3	0	0	0	0	519	572	
4	0	0	0	0	521	573	
5	0	0	0	0	519	571	
6	0	0	0	0	513	567	
7	0	0	0	0	505	562	
8	0	0	0	0	494	557	
9	0	0	0	0	486	553	
10	0	0	0	0	481	556	
11	0	0	0	0	479	562	
12	0	0	0	0	479	569	
13	0	0	0	0	485	575	
14	0	0	0	0	497	577	
15	0	0	0	0	507	576	
0	0	0	0	0	514	578	
1	0	0	0	0	524	579	
2	0	0	0	0	534	580	
3	0	0	0	0	540	577	
4	0	0	0	0	541	580	
5	0	0	0	0	541	581	
6	0	0	0	0	537	580	
7	0	0	0	0	532	577	
8	0	0	0	0	523	579	
9	0	0	0	0	513	583	
10	0	0	0	0	508	592	
11	0	0	0	0	505	598	
12	0	0	0	0	507	602	
13	0	0	0	0	511	605	
14	0	0	0	0	512	605	
15	0	0	0	0	513	601	
0	0	0	0	0	514	592	
1	0	0	0	0	516	588	
2	0	0	0	0	523	589	
3	0	0	0	0	527	588	
4	0	0	0	0	528	587	
5	0	0	0	0	529	583	
6	0	0	0	0	528	575	
7	0	0	0	0	522	564	
8	0	0	0	0	515	554	
9	0	0	0	0	509	544	
10	0	0	0	0	501	537	
11	0	0	0	0	496	533	
12	0	0	0	0	493	530	
13	0	0	0	0	492	531	
14	0	0	0	0	491	534	
15	0	0	0	0	489	537	
0	0	0	0	0	485	545	
1	0	0	0	0	480	551	
2	0	0	0	0	477	553	
3	0	0	0	0	476	555	
4	0	0	0	0	474	552	
5	0	0	0	0	473	548	
6	0	0	0	0	471	541	
7	0	0	0	0	467	538	
8	0	0	0	0	461	541	
9	0	0	0	0	460	543	
10	0	0	0	0	462	544	
11	0	0	0	0	464	546	
12	0	0	0	0	466	548	
13	0	0	0	0	469	549	
14	0	0	0	0	473	552	
15	0	0	0	0	477	557	
0	0	0	0	0	480	561	
1	0	0	0	0	479	564	
2	0	0	0	0	477	566	
3	0	0	0	0	479	562	
4	0	0	0	0	483	559	
5	0	0	0	0	486	556	
6	0	0	0	0	493	550	
7	0	0	0	0	495	545	
8	0	0	0	0	498	542	
9	0	0	0	0	503	539	
10	0	0	0	0	508	538	
11	0	0	0	0	518	541	
12	0	0	0	0	525	543	
13	0	0	0	0	531	545	
14	0	0	0	0	536	550	
15	0	0	0	0	540	558	
0	0	0	0	0	543	563	
1	0	0	0	0	547	561	
2	0	0	0	0	551	554	
3	0	0	0	0	552	545	
4	0	0	0	0	551	540	
5	0	0	0	0	555	534	
6	0	0	0	0	557	527	
7	0	0	0	0	558	521	
8	0	0	0	0	557	519	
9	0	0	0	0	556	516	
10	0	0	0	0	556	515	
11	0	0	0	0	558	518	
12	0	0	0	0	563	522	
13	0	0	0	0	566	525	
14	0	0	0	0	567	529	
15	0	0	0	0	563	531	
0	0	0	0	0	560	535	
1	0	0	0	0	555	536	
2	0	0	0	0	548	539	
3	0	0	0	0	541	542	
4	0	0	0	0	541	545	
5	0	0	0	0	543	550	
6	0	0	0	0	549	553	
7	0	0	0	0	555	554	
8	0	0	0	0	551	552	
9	0	0	0	0	543	552	
10	0	0	0	0	532	553	
11	0	0	0	0	522	552	
12	0	0	0	0	517	548	
13	0	0	0	0	515	537	
14	0	0	0	0	518	526	
15	0	0	0	0	520	518	
0	0	0	0	0	519	512	
1	0	0	0	0	517	505	
2	0	0	0	0	510	497	
3	0	0	0	0	504	492	
4	0	0	0	0	501	492	
5	0	0	0	0	500	496	
6	0	0	0	0	503	504	
7	0	0	0	0	507	514	
8	0	0	0	0	511	526	
9	0	0	0	0	513	539	
10	0	0	0	0	517	552	
11	0	0	0	0	518	563	
12	0	0	0	0	519	572	
13	0	0	0	0	518	578	
14	0	0	0	0	514	577	
15	0	0	0	0	507	575	
0	0	0	0	0	501	577	
1	0	0	0	0	496	577	
2	0	0	0	0	494	575	
3	0	0	0	0	493	574	
4	0	0	0	0	491	574	
5	0	0	0	0	489	571	
6	0	0	0	0	487	570	
7	0	0	0	0	485	569	
8	0	0	0	0	484	570	
9	0	0	0	0	483	571	
10	0	0	0	0	484	571	
11	0	0	0	0	486	567	
12	0	0	0	0	485	561	
13	0	0	0	0	480	557	
14	0	0	0	0	475	555	
15	0	0	0	0	472	552	
0	0	0	0	0	468	548	
1	0	0	0	0	468	547	
2	0	0	0	0	465	548	
3	0	0	0	0	460	551	
4	0	0	0	0	455	550	
5	0	0	0	0	448	549	
6	0	0	0	0	443	547	
7	0	0	0	0	441	547	
8	0	0	0	0	441	546	
9	0	0	0	0	437	542	
10	0	0	0	0	432	539	
11	0	0	0	0	427	535	
12	0	0	0	0	420	528	
13	0	0	0	0	409	525	
14	0	0	0	0	404	531	
15	0	0	0	0	403	542	
0	0	0	0	0	409	555	
1	0	0	0	0	420	569	
2	0	0	0	0	437	584	
3	0	0	0	0	454	596	
4	0	0	0	0	471	607	
5	0	0	0	0	486	608	
6	0	0	0	0	496	603	
7	0	0	0	0	501	592	
8	0	0	0	0	503	581	
9	0	0	0	0	505	574	
10	0	0	0	0	505	569	
11	0	0	0	0	504	560	
12	0	0	0	0	500	550	
13	0	0	0	0	493	543	
14	0	0	0	0	483	532	
15	0	0	0	0	473	523	
0	0	0	0	0	466	516	
1	0	0	0	0	465	509	
2	0	0	0	0	468	499	
3	0	0	0	0	467	491	
4	0	0	0	0	467	487	
5	0	0	0	0	464	486	
6	0	0	0	0	463	492	
7	0	0	0	0	469	501	
8	0	0	0	0	474	508	
9	0	0	0	0	478	510	
10	0	0	0	0	475	512	
11	0	0	0	0	473	515	
12	0	0	0	0	473	514	
13	0	0	0	0	472	511	
14	0	0	0	0	475	510	
15	0	0	0	0	476	509	
0	0	0	0	0	477	506	
1	0	0	0	0	477	503	
2	0	0	0	0	481	504	
3	0	0	0	0	486	506	
4	0	0	0	0	494	509	
5	0	0	0	0	502	514	
6	0	0	0	0	510	520	
7	0	0	0	0	517	526	
8	0	0	0	0	528	534	
9	0	0	0	0	539	539	
10	0	0	0	0	549	541	
11	0	0	0	0	554	541	
12	0	0	0	0	556	541	
13	0	0	0	0	554	543	
14	0	0	0	0	552	545	
15	0	0	0	0	550	542	
0	0	0	0	0	547	536	
1	0	0	0	0	543	524	
2	0	0	0	0	541	514	
3	0	0	0	0	540	505	
4	0	0	0	0	536	500	
5	0	0	0	0	537	501	
6	0	0	0	0	534	502	
7	0	0	0	0	531	502	
8	0	0	0	0	532	505	
9	0	0	0	0	540	515	
10	0	0	0	0	550	527	
11	0	0	0	0	553	543	
12	0	0	0	0	558	556	
13	0	0	0	0	564	563	
14	0	0	0	0	568	567	
15	0	0	0	0	571	572	
0	0	0	0	0	574	586	
1	0	0	0	0	580	602	
2	0	0	0	0	584	611	
3	0	0	0	0	584	608	
4	0	0	0	0	587	598	
5	0	0	0	0	594	578	
6	0	0	0	0	596	558	
7	0	0	0	0	594	537	
8	0	0	0	0	587	520	
9	0	0	0	0	579	513	
10	0	0	0	0	573	508	
11	0	0	0	0	568	508	
12	0	0	0	0	565	513	
13	0	0	0	0	561	518	
14	0	0	0	0	555	522	
15	0	0	0	0	545	527	
0	0	0	0	0	537	528	
1	0	0	0	0	529	527	
2	0	0	0	0	523	524	
3	0	0	0	0	519	520	
4	0	0	0	0	521	517	
5	0	0	0	0	528	516	
6	0	0	0	0	542	516	
7	0	0	0	0	556	515	
8	0	0	0	0	568	513	
9	0	0	0	0	577	510	
10	0	0	0	0	581	508	
11	0	0	0	0	574	510	
12	0	0	0	0	569	511	
13	0	0	0	0	564	512	
14	0	0	0	0	557	512	
15	0	0	0	0	551	512	
0	0	0	0	0	548	511	
1	0	0	0	0	543	512	
2	0	0	0	0	540	517	
3	0	0	0	0	542	523	
4	0	0	0	0	543	530	
5	0	0	0	0	543	532	
6	0	0	0	0	542	531	
7	0	0	0	0	540	532	
8	0	0	0	0	537	531	
9	0	0	0	0	534	528	
10	0	0	0	0	527	520	
11	0	0	0	0	519	513	
12	0	0	0	0	512	507	
13	0	0	0	0	504	503	
14	0	0	0	0	501	500	
15	0	0	0	0	503	499	
0	0	0	0	0	502	499	
1	0	0	0	0	497	494	
2	0	0	0	0	487	489	
3	0	0	0	0	478	492	
4	0	0	0	0	469	496	
5	0	0	0	0	462	500	
6	0	0	0	0	463	502	
7	0	0	0	0	466	499	
8	0	0	0	0	470	496	
9	0	0	0	0	476	495	
10	0	0	0	0	483	491	
11	0	0	0	0	492	487	
12	0	0	0	0	498	487	
13	0	0	0	0	507	494	
14	0	0	0	0	514	505	
15	0	0	0	0	518	514	
0	0	0	0	0	521	515	
1	0	0	0	0	521	516	
2	0	0	0	0	520	519	
3	0	0	0	0	521	524	
4	0	0	0	0	519	527	
5	0	0	0	0	520	528	
6	0	0	0	0	522	528	
7	0	0	0	0	525	527	
8	0	0	0	0	527	521	
9	0	0	0	0	533	512	
10	0	0	0	0	543	505	
11	0	0	0	0	557	499	
12	0	0	0	0	572	492	
13	0	0	0	0	582	487	
14	0	0	0	0	588	488	
15	0	0	0	0	582	495	
0	0	0	0	0	563	504	
1	0	0	0	0	534	511	
2	0	0	0	0	504	512	
3	0	0	0	0	476	512	
4	0	0	0	0	454	516	
5	0	0	0	0	435	519	
6	0	0	0	0	422	523	
7	0	0	0	0	412	528	
8	0	0	0	0	409	528	
9	0	0	0	0	414	529	
10	0	0	0	0	417	532	
11	0	0	0	0	424	531	
12	0	0	0	0	431	535	
13	0	0	0	0	438	543	
14	0	0	0	0	446	551	
15	0	0	0	0	450	553	
0	0	0	0	0	458	555	
1	0	0	0	0	463	560	
2	0	0	0	0	461	561	
3	0	0	0	0	454	563	
4	0	0	0	0	444	566	
5	0	0	0	0	431	570	
6	0	0	0	0	423	574	
7	0	0	0	0	417	578	
8	0	0	0	0	412	581	
9	0	0	0	0	402	582	
10	0	0	0	0	392	586	
11	0	0	0	0	386	587	
12	0	0	0	0	385	590	
13	0	0	0	0	390	591	
14	0	0	0	0	398	593	
15	0	0	0	0	409	598	
0	0	0	0	0	420	600	
1	0	0	0	0	430	596	
2	0	0	0	0	435	593	
3	0	0	0	0	437	592	
4	0	0	0	0	442	597	
5	0	0	0	0	448	602	
6	0	0	0	0	459	604	
7	0	0	0	0	472	606	
8	0	0	0	0	485	605	
9	0	0	0	0	495	596	
10	0	0	0	0	502	586	
11	0	0	0	0	506	577	
12	0	0	0	0	512	567	
13	0	0	0	0	516	559	
14	0	0	0	0	521	557	
15	0	0	0	0	524	558	
0	0	0	0	0	523	560	
1	0	0	0	0	522	560	
2	0	0	0	0	519	561	
3	0	0	0	0	515	561	
4	0	0	0	0	508	561	
5	0	0	0	0	503	563	
6	0	0	0	0	493	568	
7	0	0	0	0	480	572	
8	0	0	0	0	471	575	
9	0	0	0	0	469	575	
10	0	0	0	0	471	575	
11	0	0	0	0	475	577	
12	0	0	0	0	480	580	
13	0	0	0	0	489	588	
14	0	0	0	0	495	593	
15	0	0	0	0	503	598	
0	0	0	0	0	513	605	
1	0	0	0	0	527	608	
2	0	0	0	0	539	610	
3	0	0	0	0	547	608	
4	0	0	0	0	553	600	
5	0	0	0	0	554	587	
6	0	0	0	0	555	572	
7	0	0	0	0	556	558	
8	0	0	0	0	556	547	
9	0	0	0	0	556	542	
10	0	0	0	0	558	541	
11	0	0	0	0	557	542	
12	0	0	0	0	553	545	
13	0	0	0	0	551	543	
14	0	0	0	0	550	540	
15	0	0	0	0	555	537	
0	0	0	0	0	560	535	
1	0	0	0	0	563	526	
2	0	0	0	0	567	515	
3	0	0	0	0	570	509	
4	0	0	0	0	574	509	
5	0	0	0	0	577	511	
6	0	0	0	0	578	517	
7	0	0	0	0	578	526	
8	0	0	0	0	577	531	
9	0	0	0	0	575	537	
10	0	0	0	0	574	545	
11	0	0	0	0	576	553	
12	0	0	0	0	576	557	
13	0	0	0	0	576	558	
14	0	0	0	0	579	560	
15	0	0	0	0	585	563	
0	0	0	0	0	586	572	
1	0	0	0	0	582	579	
2	0	0	0	0	577	581	
3	0	0	0	0	572	583	
4	0	0	0	0	564	581	
5	0	0	0	0	559	571	
6	0	0	0	0	554	562	
7	0	0	0	0	555	553	
8	0	0	0	0	556	546	
9	0	0	0	0	560	539	
10	0	0	0	0	565	532	
11	0	0	0	0	572	529	
12	0	0	0	0	574	527	
13	0	0	0	0	573	530	
14	0	0	0	0	569	531	
15	0	0	0	0	564	535	
0	0	0	0	0	551	545	
1	0	0	0	0	535	559	
2	0	0	0	0	523	575	
3	0	0	0	0	515	588	
4	0	0	0	0	511	599	
5	0	0	0	0	501	603	
6	0	0	0	0	490	605	
7	0	0	0	0	473	605	
8	0	0	0	0	458	606	
9	0	0	0	0	447	599	
10	0	0	0	0	439	586	
11	0	0	0	0	435	574	
12	0	0	0	0	436	563	
13	0	0	0	0	437	559	
14	0	0	0	0	440	556	
15	0	0	0	0	441	558	
0	0	0	0	0	444	560	
1	0	0	0	0	443	556	
2	0	0	0	0	442	557	
3	0	0	0	0	440	561	
4	0	0	0	0	435	566	
5	0	0	0	0	428	567	
6	0	0	0	0	416	561	
7	0	0	0	0	407	556	
8	0	0	0	0	397	550	
9	0	0	0	0	392	543	
10	0	0	0	0	387	536	
11	0	0	0	0	382	532	
12	0	0	0	0	384	527	
13	0	0	0	0	388	529	
14	0	0	0	0	393	532	
15	0	0	0	0	397	536	
0	0	0	0	0	400	544	
1	0	0	0	0	403	550	
2	0	0	0	0	407	555	
3	0	0	0	0	413	559	
4	0	0	0	0	417	562	
5	0	0	0	0	423	566	
6	0	0	0	0	427	571	
7	0	0	0	0	428	575	
8	0	0	0	0	424	574	
9	0	0	0	0	418	570	
10	0	0	0	0	412	561	
11	0	0	0	0	406	559	
12	0	0	0	0	400	556	
13	0	0	0	0	397	549	
14	0	0	0	0	395	544	
15	0	0	0	0	399	545	
0	0	0	0	0	404	547	
1	0	0	0	0	411	547	
2	0	0	0	0	417	543	
3	0	0	0	0	421	537	
4	0	0	0	0	427	537	
5	0	0	0	0	426	538	
6	0	0	0	0	422	544	
7	0	0	0	0	419	552	
8	0	0	0	0	417	558	
9	0	0	0	0	414	560	
10	0	0	0	0	414	556	
11	0	0	0	0	415	551	
12	0	0	0	0	417	545	
13	0	0	0	0	419	542	
14	0	0	0	0	422	539	
15	0	0	0	0	423	535	
0	0	0	0	0	423	530	
1	0	0	0	0	423	521	
2	0	0	0	0	420	511	
3	0	0	0	0	423	503	
4	0	0	0	0	429	495	
5	0	0	0	0	437	489	
6	0	0	0	0	448	489	
7	0	0	0	0	456	492	
8	0	0	0	0	462	496	
9	0	0	0	0	462	500	
10	0	0	0	0	460	501	
11	0	0	0	0	456	509	
12	0	0	0	0	451	521	
13	0	0	0	0	447	534	
14	0	0	0	0	441	541	
15	0	0	0	0	438	542	
0	0	0	0	0	443	537	
1	0	0	0	0	452	531	
2	0	0	0	0	465	530	
3	0	0	0	0	476	531	
4	0	0	0	0	484	535	
5	0	0	0	0	486	539	
6	0	0	0	0	489	541	
7	0	0	0	0	492	541	
8	0	0	0	0	495	541	
9	0	0	0	0	497	541	
10	0	0	0	0	495	543	
11	0	0	0	0	491	543	
12	0	0	0	0	485	541	
13	0	0	0	0	475	536	
14	0	0	0	0	460	528	
15	0	0	0	0	447	519	
0	0	0	0	0	444	518	
1	0	0	0	0	449	524	
2	0	0	0	0	458	536	
3	0	0	0	0	465	548	
4	0	0	0	0	469	563	
5	0	0	0	0	476	575	
6	0	0	0	0	485	587	
7	0	0	0	0	497	592	
8	0	0	0	0	510	587	
9	0	0	0	0	518	572	
10	0	0	0	0	519	553	
11	0	0	0	0	516	540	
12	0	0	0	0	509	527	
13	0	0	0	0	503	516	
14	0	0	0	0	502	502	
15	0	0	0	0	505	489	
0	0	0	0	0	509	483	
1	0	0	0	0	513	482	
2	0	0	0	0	523	482	
3	0	0	0	0	534	480	
4	0	0	0	0	543	481	
5	0	0	0	0	552	490	
6	0	0	0	0	556	499	
7	0	0	0	0	556	506	
8	0	0	0	0	551	514	
9	0	0	0	0	547	520	
10	0	0	0	0	536	523	
11	0	0	0	0	523	522	
12	0	0	0	0	509	521	
13	0	0	0	0	500	521	
14	0	0	0	0	493	518	
15	0	0	0	0	488	514	
0	0	0	0	0	485	514	
1	0	0	0	0	484	513	
2	0	0	0	0	484	519	
3	0	0	0	0	485	527	
4	0	0	0	0	489	536	
5	0	0	0	0	495	543	
6	0	0	0	0	502	551	
7	0	0	0	0	504	557	
8	0	0	0	0	503	564	
9	0	0	0	0	500	569	
10	0	0	0	0	495	572	
11	0	0	0	0	485	572	
12	0	0	0	0	472	571	
13	0	0	0	0	459	568	
14	0	0	0	0	448	567	
15	0	0	0	0	443	567	
0	0	0	0	0	440	571	
1	0	0	0	0	442	577	
2	0	0	0	0	448	579	
3	0	0	0	0	453	575	
4	0	0	0	0	460	570	
5	0	0	0	0	463	568	
6	0	0	0	0	464	559	
7	0	0	0	0	463	556	
8	0	0	0	0	465	555	
9	0	0	0	0	471	548	
10	0	0	0	0	480	543	
11	0	0	0	0	490	532	
12	0	0	0	0	494	521	
13	0	0	0	0	493	517	
14	0	0	0	0	488	510	
15	0	0	0	0	482	499	
0	0	0	0	0	473	484	
1	0	0	0	0	463	465	
2	0	0	0	0	457	452	
3	0	0	0	0	455	443	
4	0	0	0	0	456	433	
5	0	0	0	0	462	431	
6	0	0	0	0	467	434	
7	0	0	0	0	473	440	
8	0	0	0	0	479	443	
9	0	0	0	0	482	452	
10	0	0	0	0	483	461	
11	0	0	0	0	480	469	
12	0	0	0	0	477	479	
13	0	0	0	0	471	484	
14	0	0	0	0	466	486	
15	0	0	0	0	457	486	
0	0	0	0	0	451	488	
1	0	0	0	0	445	487	
2	0	0	0	0	437	483	
3	0	0	0	0	430	479	
4	0	0	0	0	424	474	
5	0	0	0	0	422	467	
6	0	0	0	0	415	463	
7	0	0	0	0	408	462	
8	0	0	0	0	402	465	
9	0	0	0	0	398	476	
10	0	0	0	0	395	489	
11	0	0	0	0	396	494	
12	0	0	0	0	396	489	
13	0	0	0	0	400	481	
14	0	0	0	0	404	473	
15	0	0	0	0	414	465	
0	0	0	0	0	422	463	
1	0	0	0	0	424	459	
2	0	0	0	0	426	456	
3	0	0	0	0	427	457	
4	0	0	0	0	427	461	
5	0	0	0	0	427	464	
6	0	0	0	0	430	471	
7	0	0	0	0	432	476	
8	0	0	0	0	433	479	
9	0	0	0	0	436	480	
10	0	0	0	0	439	477	
11	0	0	0	0	444	470	
12	0	0	0	0	449	463	
13	0	0	0	0	454	459	
14	0	0	0	0	457	461	
15	0	0	0	0	462	466	
0	0	0	0	0	463	475	
1	0	0	0	0	466	483	
2	0	0	0	0	471	491	
3	0	0	0	0	473	495	
4	0	0	0	0	474	492	
5	0	0	0	0	474	486	
6	0	0	0	0	471	483	
7	0	0	0	0	468	493	
8	0	0	0	0	469	505	
9	0	0	0	0	475	516	
10	0	0	0	0	481	531	
11	0	0	0	0	487	547	
12	0	0	0	0	491	556	
13	0	0	0	0	488	562	
14	0	0	0	0	483	564	
15	0	0	0	0	475	566	
0	0	0	0	0	467	566	
1	0	0	0	0	459	564	
2	0	0	0	0	448	559	
3	0	0	0	0	441	552	
4	0	0	0	0	430	547	
5	0	0	0	0	425	543	
6	0	0	0	0	424	547	
7	0	0	0	0	429	553	
8	0	0	0	0	436	558	
9	0	0	0	0	445	564	
10	0	0	0	0	457	568	
11	0	0	0	0	468	568	
12	0	0	0	0	473	567	
13	0	0	0	0	476	566	
14	0	0	0	0	475	567	
15	0	0	0	0	476	567	
0	0	0	0	0	476	565	
1	0	0	0	0	471	569	
2	0	0	0	0	467	575	
3	0	0	0	0	467	576	
4	0	0	0	0	469	575	
5	0	0	0	0	471	574	
6	0	0	0	0	474	571	
7	0	0	0	0	476	566	
8	0	0	0	0	480	557	
9	0	0	0	0	480	551	
10	0	0	0	0	479	541	
11	0	0	0	0	477	532	
12	0	0	0	0	473	525	
13	0	0	0	0	473	521	
14	0	0	0	0	475	519	
15	0	0	0	0	480	519	
0	0	0	0	0	483	513	
1	0	0	0	0	478	509	
2	0	0	0	0	471	508	
3	0	0	0	0	466	510	
4	0	0	0	0	460	512	
5	0	0	0	0	453	512	
6	0	0	0	0	445	508	
7	0	0	0	0	440	503	
8	0	0	0	0	438	501	
9	0	0	0	0	438	501	
10	0	0	0	0	440	500	
11	0	0	0	0	445	497	
12	0	0	0	0	449	491	
13	0	0	0	0	455	484	
14	0	0	0	0	461	478	
15	0	0	0	0	466	476	
0	0	0	0	0	467	482	
1	0	0	0	0	465	487	
2	0	0	0	0	467	493	
3	0	0	0	0	466	494	
4	0	0	0	0	463	494	
5	0	0	0	0	464	498	
6	0	0	0	0	464	499	
7	0	0	0	0	467	499	
8	0	0	0	0	467	492	
9	0	0	0	0	467	488	
10	0	0	0	0	470	485	
11	0	0	0	0	477	486	
12	0	0	0	0	483	489	
13	0	0	0	0	494	492	
14	0	0	0	0	504	495	
15	0	0	0	0	514	497	
0	0	0	0	0	516	498	
1	0	0	0	0	515	497	
2	0	0	0	0	513	501	
3	0	0	0	0	511	503	
4	0	0	0	0	507	500	
5	0	0	0	0	504	501	
6	0	0	0	0	503	502	
7	0	0	0	0	502	502	
8	0	0	0	0	499	502	
9	0	0	0	0	499	498	
10	0	0	0	0	499	493	
11	0	0	0	0	502	492	
12	0	0	0	0	509	494	
13	0	0	0	0	519	496	
14	0	0	0	0	527	497	
15	0	0	0	0	534	499	
0	0	0	0	0	539	503	
1	0	0	0	0	542	506	
2	0	0	0	0	544	506	
3	0	0	0	0	542	507	
4	0	0	0	0	536	506	
5	0	0	0	0	524	507	
6	0	0	0	0	513	507	
7	0	0	0	0	510	505	
8	0	0	0	0	510	503	
9	0	0	0	0	512	503	
10	0	0	0	0	516	508	
11	0	0	0	0	518	512	
12	0	0	0	0	520	516	
13	0	0	0	0	526	523	
14	0	0	0	0	531	529	
15	0	0	0	0	536	536	
0	0	0	0	0	539	537	
1	0	0	0	0	537	538	
2	0	0	0	0	533	540	
3	0	0	0	0	531	540	
4	0	0	0	0	532	539	
5	0	0	0	0	536	536	
6	0	0	0	0	535	537	
7	0	0	0	0	528	535	
8	0	0	0	0	522	532	
9	0	0	0	0	518	534	
10	0	0	0	0	515	535	
11	0	0	0	0	518	537	
12	0	0	0	0	523	538	
13	0	0	0	0	524	541	
14	0	0	0	0	525	546	
15	0	0	0	0	522	550	
0	0	0	0	0	519	552	
1	0	0	0	0	515	551	
2	0	0	0	0	513	551	
3	0	0	0	0	514	553	
4	0	0	0	0	517	551	
5	0	0	0	0	520	547	
6	0	0	0	0	521	542	
7	0	0	0	0	521	538	
8	0	0	0	0	522	534	
9	0	0	0	0	524	532	
10	0	0	0	0	529	529	
11	0	0	0	0	535	531	
12	0	0	0	0	540	536	
13	0	0	0	0	547	541	
14	0	0	0	0	554	549	
15	0	0	0	0	558	557	
0	0	0	0	0	553	564	
1	0	0	0	0	548	570	
2	0	0	0	0	541	572	
3	0	0	0	0	533	574	
4	0	0	0	0	527	576	
5	0	0	0	0	524	578	
6	0	0	0	0	521	575	
7	0	0	0	0	520	575	
8	0	0	0	0	522	572	
9	0	0	0	0	522	568	
10	0	0	0	0	517	566	
11	0	0	0	0	506	566	
12	0	0	0	0	495	566	
13	0	0	0	0	482	567	
14	0	0	0	0	468	566	
15	0	0	0	0	455	563	
0	0	0	0	0	443	562	
1	0	0	0	0	431	568	
2	0	0	0	0	425	574	
3	0	0	0	0	422	581	
4	0	0	0	0	423	591	
5	0	0	0	0	428	600	
6	0	0	0	0	433	608	
7	0	0	0	0	438	615	
8	0	0	0	0	444	626	
9	0	0	0	0	449	639	
10	0	0	0	0	450	650	
11	0	0	0	0	447	662	
12	0	0	0	0	445	665	
13	0	0	0	0	439	670	
14	0	0	0	0	433	672	
15	0	0	0	0	428	676	
0	0	0	0	0	427	674	
1	0	0	0	0	432	667	
2	0	0	0	0	437	660	
3	0	0	0	0	438	649	
4	0	0	0	0	435	637	
5	0	0	0	0	435	627	
6	0	0	0	0	433	619	
7	0	0	0	0	432	615	
8	0	0	0	0	430	619	
9	0	0	0	0	430	623	
10	0	0	0	0	430	627	
11	0	0	0	0	429	632	
12	0	0	0	0	431	633	
13	0	0	0	0	434	633	
14	0	0	0	0	438	636	
15	0	0	0	0	443	643	
0	0	0	0	0	445	642	
1	0	0	0	0	446	637	
2	0	0	0	0	450	631	
3	0	0	0	0	457	623	
4	0	0	0	0	467	620	
5	0	0	0	0	476	622	
6	0	0	0	0	480	625	
7	0	0	0	0	479	631	
8	0	0	0	0	476	637	
9	0	0	0	0	472	647	
10	0	0	0	0	467	658	
11	0	0	0	0	464	665	
12	0	0	0	0	466	669	
13	0	0	0	0	466	671	
14	0	0	0	0	468	668	
15	0	0	0	0	469	665	
0	0	0	0	0	466	660	
1	0	0	0	0	462	654	
2	0	0	0	0	459	644	
3	0	0	0	0	455	630	
4	0	0	0	0	449	612	
5	0	0	0	0	445	595	
6	0	0	0	0	445	589	
7	0	0	0	0	446	591	
8	0	0	0	0	448	600	
9	0	0	0	0	451	607	
10	0	0	0	0	455	609	
11	0	0	0	0	455	607	
12	0	0	0	0	453	600	
13	0	0	0	0	451	593	
14	0	0	0	0	450	589	
15	0	0	0	0	449	582	
0	0	0	0	0	450	579	
1	0	0	0	0	453	578	
2	0	0	0	0	459	574	
3	0	0	0	0	468	573	
4	0	0	0	0	475	572	
5	0	0	0	0	479	571	
6	0	0	0	0	481	570	
7	0	0	0	0	482	571	
8	0	0	0	0	480	569	
9	0	0	0	0	473	566	
10	0	0	0	0	465	560	
11	0	0	0	0	461	554	
12	0	0	0	0	456	555	
13	0	0	0	0	455	548	
14	0	0	0	0	454	541	
15	0	0	0	0	458	536	
0	0	0	0	0	462	534	
1	0	0	0	0	463	536	
2	0	0	0	0	462	540	
3	0	0	0	0	459	545	
4	0	0	0	0	457	553	
5	0	0	0	0	457	555	
6	0	0	0	0	457	555	
7	0	0	0	0	456	551	
8	0	0	0	0	452	546	
9	0	0	0	0	448	539	
10	0	0	0	0	445	531	
11	0	0	0	0	446	521	
12	0	0	0	0	447	508	
13	0	0	0	0	449	494	
14	0	0	0	0	456	484	
15	0	0	0	0	462	479	
0	0	0	0	0	466	478	
1	0	0	0	0	469	487	
2	0	0	0	0	466	496	
3	0	0	0	0	463	508	
4	0	0	0	0	462	520	
5	0	0	0	0	458	532	
6	0	0	0	0	458	540	
7	0	0	0	0	456	541	
8	0	0	0	0	451	542	
9	0	0	0	0	443	539	
10	0	0	0	0	429	532	
11	0	0	0	0	420	524	
12	0	0	0	0	415	524	
13	0	0	0	0	417	523	
14	0	0	0	0	421	525	
15	0	0	0	0	428	529	
0	0	0	0	0	435	531	
1	0	0	0	0	443	537	
2	0	0	0	0	451	544	
3	0	0	0	0	455	549	
4	0	0	0	0	454	548	
5	0	0	0	0	448	537	
6	0	0	0	0	444	526	
7	0	0	0	0	444	517	
8	0	0	0	0	443	507	
9	0	0	0	0	438	500	
10	0	0	0	0	431	493	
11	0	0	0	0	426	484	
12	0	0	0	0	423	476	
13	0	0	0	0	420	467	
14	0	0	0	0	419	456	
15	0	0	0	0	422	448	
0	0	0	0	0	423	441	
1	0	0	0	0	430	438	
2	0	0	0	0	437	436	
3	0	0	0	0	446	440	
4	0	0	0	0	456	445	
5	0	0	0	0	465	451	
6	0	0	0	0	472	455	
7	0	0	0	0	476	456	
8	0	0	0	0	482	458	
9	0	0	0	0	487	462	
10	0	0	0	0	489	469	
11	0	0	0	0	494	476	
12	0	0	0	0	495	482	
13	0	0	0	0	493	484	
14	0	0	0	0	494	484	
15	0	0	0	0	491	483	
0	0	0	0	0	485	483	
1	0	0	0	0	483	483	
2	0	0	0	0	479	481	
3	0	0	0	0	473	480	
4	0	0	0	0	470	481	
5	0	0	0	0	465	480	
6	0	0	0	0	460	481	
7	0	0	0	0	454	483	
8	0	0	0	0	452	484	
9	0	0	0	0	448	479	
10	0	0	0	0	447	477	
11	0	0	0	0	447	476	
12	0	0	0	0	447	476	
13	0	0	0	0	447	476	
14	0	0	0	0	446	476	
15	0	0	0	0	445	479	
0	0	0	0	0	446	479	
1	0	0	0	0	451	479	
2	0	0	0	0	459	482	
3	0	0	0	0	463	486	
4	0	0	0	0	468	489	
5	0	0	0	0	471	495	
6	0	0	0	0	470	496	
7	0	0	0	0	468	498	
8	0	0	0	0	467	498	
9	0	0	0	0	469	501	
10	0	0	0	0	471	502	
11	0	0	0	0	469	502	
12	0	0	0	0	460	502	
13	0	0	0	0	453	504	
14	0	0	0	0	445	507	
15	0	0	0	0	435	508	
0	0	0	0	0	428	504	
1	0	0	0	0	420	500	
2	0	0	0	0	417	495	
3	0	0	0	0	416	491	
4	0	0	0	0	410	482	
5	0	0	0	0	405	465	
6	0	0	0	0	402	451	
7	0	0	0	0	404	446	
8	0	0	0	0	408	444	
9	0	0	0	0	418	446	
10	0	0	0	0	430	449	
11	0	0	0	0	440	460	
12	0	0	0	0	442	474	
13	0	0	0	0	443	484	
14	0	0	0	0	442	491	
15	0	0	0	0	439	494	
0	0	0	0	0	440	495	
1	0	0	0	0	440	494	
2	0	0	0	0	440	492	
3	0	0	0	0	439	492	
4	0	0	0	0	436	492	
5	0	0	0	0	437	493	
6	0	0	0	0	439	496	
7	0	0	0	0	442	502	
8	0	0	0	0	446	505	
9	0	0	0	0	448	503	
10	0	0	0	0	450	496	
11	0	0	0	0	452	491	
12	0	0	0	0	454	487	
13	0	0	0	0	456	487	
14	0	0	0	0	457	489	
15	0	0	0	0	456	494	
0	0	0	0	0	450	499	
1	0	0	0	0	444	505	
2	0	0	0	0	440	508	
3	0	0	0	0	438	511	
4	0	0	0	0	435	511	
5	0	0	0	0	436	508	
6	0	0	0	0	440	504	
7	0	0	0	0	448	500	
8	0	0	0	0	455	491	
9	0	0	0	0	463	481	
10	0	0	0	0	468	477	
11	0	0	0	0	472	473	
12	0	0	0	0	473	466	
13	0	0	0	0	470	463	
14	0	0	0	0	469	462	
15	0	0	0	0	469	463	
0	0	0	0	0	473	468	
1	0	0	0	0	478	477	
2	0	0	0	0	484	482	
3	0	0	0	0	490	484	
4	0	0	0	0	496	479	
5	0	0	0	0	502	472	
6	0	0	0	0	509	468	
7	0	0	0	0	519	464	
8	0	0	0	0	531	459	
9	0	0	0	0	542	454	
10	0	0	0	0	550	452	
11	0	0	0	0	553	455	
12	0	0	0	0	555	457	
13	0	0	0	0	551	457	
14	0	0	0	0	548	457	
15	0	0	0	0	542	455	
0	0	0	0	0	539	454	
1	0	0	0	0	534	459	
2	0	0	0	0	529	463	
3	0	0	0	0	523	469	
4	0	0	0	0	519	474	
5	0	0	0	0	511	479	
6	0	0	0	0	505	480	
7	0	0	0	0	502	477	
8	0	0	0	0	500	479	
9	0	0	0	0	502	483	
10	0	0	0	0	507	485	
11	0	0	0	0	510	487	
12	0	0	0	0	516	487	
13	0	0	0	0	521	487	
14	0	0	0	0	526	486	
15	0	0	0	0	524	487	
0	0	0	0	0	524	489	
1	0	0	0	0	527	494	
2	0	0	0	0	529	498	
3	0	0	0	0	530	505	
4	0	0	0	0	534	511	
5	0	0	0	0	535	510	
6	0	0	0	0	532	507	
7	0	0	0	0	532	501	
8	0	0	0	0	531	495	
9	0	0	0	0	533	490	
10	0	0	0	0	538	490	
11	0	0	0	0	543	487	
12	0	0	0	0	545	487	
13	0	0	0	0	546	490	
14	0	0	0	0	546	489	
15	0	0	0	0	546	488	
0	0	0	0	0	542	486	
1	0	0	0	0	535	484	
2	0	0	0	0	527	483	
3	0	0	0	0	520	482	
4	0	0	0	0	517	476	
5	0	0	0	0	519	470	
6	0	0	0	0	522	467	
7	0	0	0	0	525	461	
8	0	0	0	0	528	452	
9	0	0	0	0	530	446	
10	0	0	0	0	532	441	
11	0	0	0	0	533	434	
12	0	0	0	0	532	430	
13	0	0	0	0	531	434	
14	0	0	0	0	529	441	
15	0	0	0	0	521	448	
0	0	0	0	0	510	451	
1	0	0	0	0	501	455	
2	0	0	0	0	491	464	
3	0	0	0	0	486	473	
4	0	0	0	0	482	480	
5	0	0	0	0	477	483	
6	0	0	0	0	475	481	
7	0	0	0	0	473	478	
8	0	0	0	0	472	476	
9	0	0	0	0	470	473	
10	0	0	0	0	471	474	
11	0	0	0	0	472	476	
12	0	0	0	0	478	477	
13	0	0	0	0	484	477	
14	0	0	0	0	488	479	
15	0	0	0	0	494	478	
0	0	0	0	0	500	477	
1	0	0	0	0	507	475	
2	0	0	0	0	516	473	
3	0	0	0	0	523	467	
4	0	0	0	0	529	462	
5	0	0	0	0	535	454	
6	0	0	0	0	540	450	
7	0	0	0	0	547	450	
8	0	0	0	0	551	449	
9	0	0	0	0	552	450	
10	0	0	0	0	552	450	
11	0	0	0	0	551	449	
12	0	0	0	0	544	448	
13	0	0	0	0	536	446	
14	0	0	0	0	531	444	
15	0	0	0	0	526	442	
0	0	0	0	0	524	436	
1	0	0	0	0	521	426	
2	0	0	0	0	519	414	
3	0	0	0	0	518	408	
4	0	0	0	0	520	405	
5	0	0	0	0	522	404	
6	0	0	0	0	523	406	
7	0	0	0	0	526	409	
8	0	0	0	0	529	415	
9	0	0	0	0	532	425	
10	0	0	0	0	536	437	
11	0	0	0	0	540	450	
12	0	0	0	0	539	457	
13	0	0	0	0	540	459	
14	0	0	0	0	543	460	
15	0	0	0	0	550	462	
0	0	0	0	0	555	460	
1	0	0	0	0	556	455	
2	0	0	0	0	552	449	
3	0	0	0	0	545	442	
4	0	0	0	0	536	440	
5	0	0	0	0	529	440	
6	0	0	0	0	524	442	
7	0	0	0	0	517	446	
8	0	0	0	0	516	450	
9	0	0	0	0	518	454	
10	0	0	0	0	524	455	
11	0	0	0	0	534	455	
12	0	0	0	0	544	458	
13	0	0	0	0	550	459	
14	0	0	0	0	551	458	
15	0	0	0	0	551	459	
0	0	0	0	0	552	460	
1	0	0	0	0	554	461	
2	0	0	0	0	557	463	
3	0	0	0	0	562	464	
4	0	0	0	0	564	461	
5	0	0	0	0	568	454	
6	0	0	0	0	571	449	
7	0	0	0	0	576	450	
8	0	0	0	0	583	448	
9	0	0	0	0	588	448	
10	0	0	0	0	592	445	
11	0	0	0	0	597	439	
12	0	0	0	0	604	433	
13	0	0	0	0	614	432	
14	0	0	0	0	623	433	
15	0	0	0	0	629	435	
0	0	0	0	0	633	444	
1	0	0	0	0	633	451	
2	0	0	0	0	632	457	
3	0	0	0	0	628	461	
4	0	0	0	0	625	461	
5	0	0	0	0	620	464	
6	0	0	0	0	614	467	
7	0	0	0	0	613	470	
8	0	0	0	0	612	463	
9	0	0	0	0	608	459	
10	0	0	0	0	607	456	
11	0	0	0	0	608	455	
12	0	0	0	0	610	457	
13	0	0	0	0	612	465	
14	0	0	0	0	615	479	
15	0	0	0	0	616	494	
0	0	0	0	0	616	511	
1	0	0	0	0	615	524	
2	0	0	0	0	618	532	
3	0	0	0	0	620	535	
4	0	0	0	0	618	532	
5	0	0	0	0	618	529	
6	0	0	0	0	617	519	
7	0	0	0	0	615	508	
8	0	0	0	0	614	496	
9	0	0	0	0	616	485	
10	0	0	0	0	617	473	
11	0	0	0	0	614	463	
12	0	0	0	0	609	454	
13	0	0	0	0	604	447	
14	0	0	0	0	597	443	
15	0	0	0	0	591	442	
0	0	0	0	0	583	444	
1	0	0	0	0	577	448	
2	0	0	0	0	574	452	
3	0	0	0	0	569	452	
4	0	0	0	0	571	449	
5	0	0	0	0	571	442	
6	0	0	0	0	568	438	
7	0	0	0	0	566	430	
8	0	0	0	0	564	425	
9	0	0	0	0	561	423	
10	0	0	0	0	556	419	
11	0	0	0	0	552	421	
12	0	0	0	0	547	423	
13	0	0	0	0	543	425	
14	0	0	0	0	540	429	
15	0	0	0	0	537	431	
0	0	0	0	0	533	436	
1	0	0	0	0	531	440	
2	0	0	0	0	528	445	
3	0	0	0	0	524	448	
4	0	0	0	0	522	445	
5	0	0	0	0	521	443	
6	0	0	0	0	519	444	
7	0	0	0	0	517	448	
8	0	0	0	0	515	453	
9	0	0	0	0	514	454	
10	0	0	0	0	511	452	
11	0	0	0	0	509	448	
12	0	0	0	0	509	447	
13	0	0	0	0	515	453	
14	0	0	0	0	524	464	
15	0	0	0	0	528	480	
0	0	0	0	0	527	494	
1	0	0	0	0	524	503	
2	0	0	0	0	518	507	
3	0	0	0	0	513	511	
4	0	0	0	0	511	518	
5	0	0	0	0	509	523	
6	0	0	0	0	509	522	
7	0	0	0	0	509	519	
8	0	0	0	0	511	515	
9	0	0	0	0	510	508	
10	0	0	0	0	507	500	
11	0	0	0	0	507	492	
12	0	0	0	0	510	494	
13	0	0	0	0	516	502	
14	0	0	0	0	525	513	
15	0	0	0	0	531	528	
0	0	0	0	0	536	549	
1	0	0	0	0	538	565	
2	0	0	0	0	536	575	
3	0	0	0	0	537	583	
4	0	0	0	0	537	592	
5	0	0	0	0	538	602	
6	0	0	0	0	542	612	
7	0	0	0	0	544	620	
8	0	0	0	0	548	627	
9	0	0	0	0	549	636	
10	0	0	0	0	551	647	
11	0	0	0	0	555	654	
12	0	0	0	0	557	659	
13	0	0	0	0	557	660	
14	0	0	0	0	560	664	
15	0	0	0	0	562	663	
0	0	0	0	0	561	662	
1	0	0	0	0	560	658	
2	0	0	0	0	559	655	
3	0	0	0	0	556	652	
4	0	0	0	0	548	652	
5	0	0	0	0	543	653	
6	0	0	0	0	538	655	
7	0	0	0	0	534	664	
8	0	0	0	0	530	674	
9	0	0	0	0	526	680	
10	0	0	0	0	519	685	
11	0	0	0	0	513	689	
12	0	0	0	0	511	687	
13	0	0	0	0	512	686	
14	0	0	0	0	516	685	
15	0	0	0	0	518	684	
0	0	0	0	0	522	683	
1	0	0	0	0	529	679	
2	0	0	0	0	533	674	
3	0	0	0	0	534	673	
4	0	0	0	0	536	668	
5	0	0	0	0	540	664	
6	0	0	0	0	541	660	
7	0	0	0	0	541	655	
8	0	0	0	0	539	654	
9	0	0	0	0	534	652	
10	0	0	0	0	526	652	
11	0	0	0	0	518	655	
12	0	0	0	0	507	659	
13	0	0	0	0	496	664	
14	0	0	0	0	489	661	
15	0	0	0	0	484	662	
0	0	0	0	0	480	666	
1	0	0	0	0	480	667	
2	0	0	0	0	484	660	
3	0	0	0	0	490	656	
4	0	0	0	0	495	654	
5	0	0	0	0	499	660	
6	0	0	0	0	504	664	
7	0	0	0	0	508	666	
8	0	0	0	0	513	667	
9	0	0	0	0	519	668	
10	0	0	0	0	520	670	
11	0	0	0	0	521	665	
12	0	0	0	0	519	653	
13	0	0	0	0	517	642	
14	0	0	0	0	516	630	
15	0	0	0	0	516	619	
0	0	0	0	0	516	607	
1	0	0	0	0	513	592	
2	0	0	0	0	508	579	
3	0	0	0	0	502	566	
4	0	0	0	0	497	556	
5	0	0	0	0	495	551	
6	0	0	0	0	496	551	
7	0	0	0	0	502	554	
8	0	0	0	0	509	567	
9	0	0	0	0	511	578	
10	0	0	0	0	513	585	
11	0	0	0	0	515	588	
12	0	0	0	0	518	585	
13	0	0	0	0	516	579	
14	0	0	0	0	515	570	
15	0	0	0	0	516	563	
0	0	0	0	0	517	559	
1	0	0	0	0	513	553	
2	0	0	0	0	512	546	
3	0	0	0	0	511	537	
4	0	0	0	0	508	529	
5	0	0	0	0	509	517	
6	0	0	0	0	509	508	
7	0	0	0	0	510	499	
8	0	0	0	0	510	493	
9	0	0	0	0	509	488	
10	0	0	0	0	507	486	
11	0	0	0	0	506	486	
12	0	0	0	0	502	489	
13	0	0	0	0	498	492	
14	0	0	0	0	496	495	
15	0	0	0	0	494	500	
0	0	0	0	0	494	504	
1	0	0	0	0	495	508	
2	0	0	0	0	497	510	
3	0	0	0	0	503	509	
4	0	0	0	0	507	512	
5	0	0	0	0	510	514	
6	0	0	0	0	514	515	
7	0	0	0	0	518	515	
8	0	0	0	0	519	519	
9	0	0	0	0	523	520	
10	0	0	0	0	524	520	
11	0	0	0	0	527	519	
12	0	0	0	0	531	518	
13	0	0	0	0	531	513	
14	0	0	0	0	532	511	
15	0	0	0	0	536	510	
0	0	0	0	0	538	508	
1	0	0	0	0	539	505	
2	0	0	0	0	541	500	
3	0	0	0	0	538	497	
4	0	0	0	0	537	492	
5	0	0	0	0	536	488	
6	0	0	0	0	536	485	
7	0	0	0	0	537	483	
8	0	0	0	0	535	484	
9	0	0	0	0	531	484	
10	0	0	0	0	532	485	
11	0	0	0	0	538	486	
12	0	0	0	0	540	485	
13	0	0	0	0	539	485	
14	0	0	0	0	536	483	
15	0	0	0	0	532	479	
0	0	0	0	0	528	480	
1	0	0	0	0	525	482	
2	0	0	0	0	522	487	
3	0	0	0	0	521	495	
4	0	0	0	0	520	509	
5	0	0	0	0	519	524	
6	0	0	0	0	515	534	
7	0	0	0	0	508	541	
8	0	0	0	0	500	542	
9	0	0	0	0	487	539	
10	0	0	0	0	476	531	
11	0	0	0	0	468	523	
12	0	0	0	0	462	516	
13	0	0	0	0	455	515	
14	0	0	0	0	454	519	
15	0	0	0	0	452	526	
0	0	0	0	0	451	534	
1	0	0	0	0	449	545	
2	0	0	0	0	444	556	
3	0	0	0	0	439	567	
4	0	0	0	0	439	568	
5	0	0	0	0	440	568	
6	0	0	0	0	440	560	
7	0	0	0	0	444	549	
8	0	0	0	0	448	541	
9	0	0	0	0	452	527	
10	0	0	0	0	455	519	
11	0	0	0	0	459	508	
12	0	0	0	0	463	497	
13	0	0	0	0	467	488	
14	0	0	0	0	468	480	
15	0	0	0	0	469	476	
0	0	0	0	0	468	474	
1	0	0	0	0	467	467	
2	0	0	0	0	465	466	
3	0	0	0	0	464	471	
4	0	0	0	0	464	473	
5	0	0	0	0	463	480	
6	0	0	0	0	465	481	
7	0	0	0	0	467	477	
8	0	0	0	0	472	473	
9	0	0	0	0	479	472	
10	0	0	0	0	488	471	
11	0	0	0	0	496	473	
12	0	0	0	0	505	478	
13	0	0	0	0	507	482	
14	0	0	0	0	502	484	
15	0	0	0	0	498	486	
0	0	0	0	0	496	489	
1	0	0	0	0	496	492	
2	0	0	0	0	498	493	
3	0	0	0	0	503	496	
4	0	0	0	0	508	496	
5	0	0	0	0	512	496	
6	0	0	0	0	515	499	
7	0	0	0	0	515	498	
8	0	0	0	0	511	498	
9	0	0	0	0	509	494	
10	0	0	0	0	507	490	
11	0	0	0	0	503	487	
12	0	0	0	0	498	487	
13	0	0	0	0	495	482	
14	0	0	0	0	494	479	
15	0	0	0	0	491	474	
0	0	0	0	0	489	470	
1	0	0	0	0	487	465	
2	0	0	0	0	483	462	
3	0	0	0	0	480	456	
4	0	0	0	0	481	455	
5	0	0	0	0	484	450	
6	0	0	0	0	492	448	
7	0	0	0	0	499	445	
8	0	0	0	0	506	443	
9	0	0	0	0	511	444	
10	0	0	0	0	520	443	
11	0	0	0	0	525	439	
12	0	0	0	0	526	437	
13	0	0	0	0	524	437	
14	0	0	0	0	525	439	
15	0	0	0	0	527	446	
0	0	0	0	0	529	451	
1	0	0	0	0	524	458	
2	0	0	0	0	519	470	
3	0	0	0	0	515	477	
4	0	0	0	0	511	484	
5	0	0	0	0	507	487	
6	0	0	0	0	504	489	
7	0	0	0	0	504	488	
8	0	0	0	0	509	482	
9	0	0	0	0	514	472	
10	0	0	0	0	521	463	
11	0	0	0	0	527	454	
12	0	0	0	0	531	449	
13	0	0	0	0	530	443	
14	0	0	0	0	529	438	
15	0	0	0	0	531	434	
0	0	0	0	0	535	431	
1	0	0	0	0	536	428	
2	0	0	0	0	536	428	
3	0	0	0	0	532	423	
4	0	0	0	0	528	419	
5	0	0	0	0	521	412	
6	0	0	0	0	516	404	
7	0	0	0	0	515	404	
8	0	0	0	0	518	399	
9	0	0	0	0	524	394	
10	0	0	0	0	531	390	
11	0	0	0	0	538	384	
12	0	0	0	0	544	375	
13	0	0	0	0	548	368	
14	0	0	0	0	548	356	
15	0	0	0	0	550	348	
0	0	0	0	0	550	341	
1	0	0	0	0	550	333	
2	0	0	0	0	548	336	
3	0	0	0	0	549	339	
4	0	0	0	0	550	339	
5	0	0	0	0	551	344	
6	0	0	0	0	557	346	
7	0	0	0	0	566	348	
8	0	0	0	0	574	352	
9	0	0	0	0	582	350	
10	0	0	0	0	591	359	
11	0	0	0	0	596	364	
12	0	0	0	0	600	368	
13	0	0	0	0	603	375	
14	0	0	0	0	606	375	
15	0	0	0	0	608	387	
0	0	0	0	0	609	395	
1	0	0	0	0	608	404	
2	0	0	0	0	607	417	
3	0	0	0	0	606	423	
4	0	0	0	0	604	425	
5	0	0	0	0	607	422	
6	0	0	0	0	608	420	
7	0	0	0	0	607	426	
8	0	0	0	0	605	426	
9	0	0	0	0	603	422	
10	0	0	0	0	602	424	
11	0	0	0	0	603	425	
12	0	0	0	0	604	424	
13	0	0	0	0	603	423	
14	0	0	0	0	598	415	
15	0	0	0	0	588	414	
0	0	0	0	0	575	409	
1	0	0	0	0	565	406	
2	0	0	0	0	558	404	
3	0	0	0	0	555	399	
4	0	0	0	0	553	398	
5	0	0	0	0	546	392	
6	0	0	0	0	540	386	
7	0	0	0	0	541	387	
8	0	0	0	0	544	384	
9	0	0	0	0	551	383	
10	0	0	0	0	559	377	
11	0	0	0	0	568	375	
12	0	0	0	0	571	371	
13	0	0	0	0	575	367	
14	0	0	0	0	579	375	
15	0	0	0	0	584	380	
0	0	0	0	0	588	383	
1	0	0	0	0	588	384	
2	0	0	0	0	585	380	
3	0	0	0	0	582	378	
4	0	0	0	0	576	375	
5	0	0	0	0	573	372	
6	0	0	0	0	572	380	
7	0	0	0	0	574	384	
8	0	0	0	0	575	393	
9	0	0	0	0	575	401	
10	0	0	0	0	578	406	
11	0	0	0	0	577	418	
12	0	0	0	0	575	426	
13	0	0	0	0	574	428	
14	0	0	0	0	574	429	
15	0	0	0	0	573	426	
0	0	0	0	0	575	419	
1	0	0	0	0	582	417	
2	0	0	0	0	584	416	
3	0	0	0	0	584	418	
4	0	0	0	0	585	417	
5	0	0	0	0	583	419	
6	0	0	0	0	581	423	
7	0	0	0	0	580	428	
8	0	0	0	0	581	435	
9	0	0	0	0	582	437	
10	0	0	0	0	582	437	
11	0	0	0	0	586	439	
12	0	0	0	0	588	439	
13	0	0	0	0	592	436	
14	0	0	0	0	597	437	
15	0	0	0	0	600	441	
0	0	0	0	0	598	449	
1	0	0	0	0	595	460	
2	0	0	0	0	589	470	
3	0	0	0	0	581	483	
4	0	0	0	0	570	492	
5	0	0	0	0	560	497	
6	0	0	0	0	551	494	
7	0	0	0	0	543	492	
8	0	0	0	0	538	492	
9	0	0	0	0	537	493	
10	0	0	0	0	540	494	
11	0	0	0	0	543	500	
12	0	0	0	0	549	505	
13	0	0	0	0	559	509	
14	0	0	0	0	570	510	
15	0	0	0	0	581	512	
0	0	0	0	0	592	517	
1	0	0	0	0	602	519	
2	0	0	0	0	611	519	
3	0	0	0	0	618	519	
4	0	0	0	0	621	511	
5	0	0	0	0	620	503	
6	0	0	0	0	618	498	
7	0	0	0	0	614	496	
8	0	0	0	0	609	497	
9	0	0	0	0	611	499	
10	0	0	0	0	613	506	
11	0	0	0	0	615	513	
12	0	0	0	0	622	516	
13	0	0	0	0	623	516	
14	0	0	0	0	622	513	
15	0	0	0	0	624	512	
0	0	0	0	0	625	507	
1	0	0	0	0	621	502	
2	0	0	0	0	616	495	
3	0	0	0	0	613	491	
4	0	0	0	0	611	487	
5	0	0	0	0	609	487	
6	0	0	0	0	609	486	
7	0	0	0	0	604	483	
8	0	0	0	0	599	487	
9	0	0	0	0	595	491	
10	0	0	0	0	590	494	
11	0	0	0	0	588	497	
12	0	0	0	0	587	501	
13	0	0	0	0	585	503	
14	0	0	0	0	583	504	
15	0	0	0	0	586	509	
0	0	0	0	0	590	516	
1	0	0	0	0	593	519	
2	0	0	0	0	598	519	
3	0	0	0	0	601	517	
4	0	0	0	0	602	513	
5	0	0	0	0	601	505	
6	0	0	0	0	596	499	
7	0	0	0	0	590	493	
8	0	0	0	0	588	490	
9	0	0	0	0	588	483	
10	0	0	0	0	592	479	
11	0	0	0	0	597	477	
12	0	0	0	0	602	476	
13	0	0	0	0	608	478	
14	0	0	0	0	610	483	
15	0	0	0	0	617	485	
0	0	0	0	0	618	490	
1	0	0	0	0	619	492	
2	0	0	0	0	620	488	
3	0	0	0	0	620	481	
4	0	0	0	0	618	470	
5	0	0	0	0	611	459	
6	0	0	0	0	603	449	
7	0	0	0	0	592	438	
8	0	0	0	0	590	436	
9	0	0	0	0	588	435	
10	0	0	0	0	587	437	
11	0	0	0	0	585	444	
12	0	0	0	0	585	450	
13	0	0	0	0	586	456	
14	0	0	0	0	590	460	
15	0	0	0	0	593	463	
0	0	0	0	0	598	463	
1	0	0	0	0	602	460	
2	0	0	0	0	604	459	
3	0	0	0	0	606	455	
4	0	0	0	0	604	452	
5	0	0	0	0	600	457	
6	0	0	0	0	596	459	
7	0	0	0	0	590	464	
8	0	0	0	0	586	470	
9	0	0	0	0	583	476	
10	0	0	0	0	583	484	
11	0	0	0	0	582	491	
12	0	0	0	0	581	493	
13	0	0	0	0	582	494	
14	0	0	0	0	583	491	
15	0	0	0	0	583	484	
0	0	0	0	0	587	481	
1	0	0	0	0	591	479	
2	0	0	0	0	598	485	
3	0	0	0	0	604	487	
4	0	0	0	0	607	486	
5	0	0	0	0	609	485	
6	0	0	0	0	609	483	
7	0	0	0	0	604	482	
8	0	0	0	0	595	480	
9	0	0	0	0	585	478	
10	0	0	0	0	576	482	
11	0	0	0	0	569	482	
12	0	0	0	0	563	483	
13	0	0	0	0	556	482	
14	0	0	0	0	550	477	
15	0	0	0	0	546	477	
0	0	0	0	0	541	480	
1	0	0	0	0	538	486	
2	0	0	0	0	536	490	
3	0	0	0	0	536	494	
4	0	0	0	0	535	498	
5	0	0	0	0	530	502	
6	0	0	0	0	524	507	
7	0	0	0	0	519	511	
8	0	0	0	0	514	521	
9	0	0	0	0	509	535	
10	0	0	0	0	504	541	
11	0	0	0	0	497	543	
12	0	0	0	0	493	540	
13	0	0	0	0	494	537	
14	0	0	0	0	496	537	
15	0	0	0	0	500	541	
0	0	0	0	0	503	545	
1	0	0	0	0	507	547	
2	0	0	0	0	509	553	
3	0	0	0	0	510	558	
4	0	0	0	0	515	558	
5	0	0	0	0	521	557	
6	0	0	0	0	528	553	
7	0	0	0	0	536	547	
8	0	0	0	0	541	537	
9	0	0	0	0	539	526	
10	0	0	0	0	534	518	
11	0	0	0	0	533	509	
12	0	0	0	0	532	500	
13	0	0	0	0	532	494	
14	0	0	0	0	534	487	
15	0	0	0	0	537	480	
0	0	0	0	0	537	472	
1	0	0	0	0	539	465	
2	0	0	0	0	545	463	
3	0	0	0	0	553	463	
4	0	0	0	0	562	462	
5	0	0	0	0	568	466	
6	0	0	0	0	567	472	
7	0	0	0	0	565	480	
8	0	0	0	0	563	484	
9	0	0	0	0	560	485	
10	0	0	0	0	556	484	
11	0	0	0	0	551	481	
12	0	0	0	0	547	476	
13	0	0	0	0	545	471	
14	0	0	0	0	545	470	
15	0	0	0	0	544	468	
0	0	0	0	0	544	465	
1	0	0	0	0	548	460	
2	0	0	0	0	554	461	
3	0	0	0	0	559	463	
4	0	0	0	0	561	465	
5	0	0	0	0	566	470	
6	0	0	0	0	571	474	
7	0	0	0	0	574	475	
8	0	0	0	0	578	472	
9	0	0	0	0	580	475	
10	0	0	0	0	581	480	
11	0	0	0	0	580	487	
12	0	0	0	0	580	496	
13	0	0	0	0	575	502	
14	0	0	0	0	573	507	
15	0	0	0	0	573	510	
0	0	0	0	0	575	518	
1	0	0	0	0	577	521	
2	0	0	0	0	580	524	
3	0	0	0	0	586	526	
4	0	0	0	0	591	524	
5	0	0	0	0	597	523	
6	0	0	0	0	604	520	
7	0	0	0	0	610	514	
8	0	0	0	0	619	508	
9	0	0	0	0	627	497	
10	0	0	0	0	632	483	
11	0	0	0	0	633	467	
12	0	0	0	0	629	449	
13	0	0	0	0	624	438	
14	0	0	0	0	620	427	
15	0	0	0	0	615	418	
0	0	0	0	0	607	412	
1	0	0	0	0	608	407	
2	0	0	0	0	609	403	
3	0	0	0	0	614	403	
4	0	0	0	0	619	399	
5	0	0	0	0	620	402	
6	0	0	0	0	624	401	
7	0	0	0	0	629	394	
8	0	0	0	0	632	392	
9	0	0	0	0	636	393	
10	0	0	0	0	640	394	
11	0	0	0	0	639	395	
12	0	0	0	0	638	391	
13	0	0	0	0	635	399	
14	0	0	0	0	632	403	
15	0	0	0	0	633	407	
0	0	0	0	0	636	408	
1	0	0	0	0	640	411	
2	0	0	0	0	647	420	
3	0	0	0	0	655	427	
4	0	0	0	0	660	429	
5	0	0	0	0	665	426	
6	0	0	0	0	670	419	
7	0	0	0	0	669	409	
8	0	0	0	0	666	400	
9	0	0	0	0	662	386	
10	0	0	0	0	659	382	
11	0	0	0	0	652	376	
12	0	0	0	0	646	372	
13	0	0	0	0	638	372	
14	0	0	0	0	632	367	
15	0	0	0	0	625	375	
0	0	0	0	0	619	383	
1	0	0	0	0	612	391	
2	0	0	0	0	604	400	
3	0	0	0	0	596	407	
4	0	0	0	0	593	409	
5	0	0	0	0	595	407	
6	0	0	0	0	600	403	
7	0	0	0	0	602	403	
8	0	0	0	0	603	397	
9	0	0	0	0	605	393	
10	0	0	0	0	610	389	
11	0	0	0	0	614	386	
12	0	0	0	0	615	387	
13	0	0	0	0	615	388	
14	0	0	0	0	614	385	
15	0	0	0	0	612	395	
0	0	0	0	0	611	401	
1	0	0	0	0	613	409	
2	0	0	0	0	612	416	
3	0	0	0	0	614	421	
4	0	0	0	0	615	427	
5	0	0	0	0	620	434	
6	0	0	0	0	626	436	
7	0	0	0	0	633	441	
8	0	0	0	0	641	440	
9	0	0	0	0	643	439	
10	0	0	0	0	645	436	
11	0	0	0	0	646	430	
12	0	0	0	0	647	430	
13	0	0	0	0	647	428	
14	0	0	0	0	642	425	
15	0	0	0	0	639	420	
0	0	0	0	0	635	412	
1	0	0	0	0	637	407	
2	0	0	0	0	641	407	
3	0	0	0	0	643	403	
4	0	0	0	0	643	404	
5	0	0	0	0	645	403	
6	0	0	0	0	647	402	
7	0	0	0	0	650	400	
8	0	0	0	0	655	392	
9	0	0	0	0	659	387	
10	0	0	0	0	657	380	
11	0	0	0	0	655	368	
12	0	0	0	0	656	366	
13	0	0	0	0	652	363	
14	0	0	0	0	646	359	
15	0	0	0	0	642	364	
0	0	0	0	0	637	368	
1	0	0	0	0	636	374	
2	0	0	0	0	633	378	
3	0	0	0	0	632	372	
4	0	0	0	0	633	377	
5	0	0	0	0	634	377	
6	0	0	0	0	633	376	
7	0	0	0	0	632	374	
8	0	0	0	0	631	370	
9	0	0	0	0	630	365	
10	0	0	0	0	628	365	
11	0	0	0	0	625	362	
12	0	0	0	0	624	376	
13	0	0	0	0	623	387	
14	0	0	0	0	620	395	
15	0	0	0	0	614	401	
0	0	0	0	0	608	404	
1	0	0	0	0	607	412	
2	0	0	0	0	600	417	
3	0	0	0	0	592	420	
4	0	0	0	0	587	422	
5	0	0	0	0	577	420	
6	0	0	0	0	571	412	
7	0	0	0	0	568	409	
8	0	0	0	0	565	407	
9	0	0	0	0	566	409	
10	0	0	0	0	571	414	
11	0	0	0	0	577	419	
12	0	0	0	0	583	425	
13	0	0	0	0	589	432	
14	0	0	0	0	596	440	
15	0	0	0	0	598	454	
0	0	0	0	0	595	466	
1	0	0	0	0	595	478	
2	0	0	0	0	595	483	
3	0	0	0	0	593	483	
4	0	0	0	0	591	486	
5	0	0	0	0	595	487	
6	0	0	0	0	599	489	
7	0	0	0	0	600	492	
8	0	0	0	0	596	494	
9	0	0	0	0	592	492	
10	0	0	0	0	585	488	
11	0	0	0	0	580	483	
12	0	0	0	0	579	477	
13	0	0	0	0	579	471	
14	0	0	0	0	580	469	
15	0	0	0	0	580	468	
0	0	0	0	0	573	468	
1	0	0	0	0	563	467	
2	0	0	0	0	555	466	
3	0	0	0	0	550	464	
4	0	0	0	0	546	468	
5	0	0	0	0	544	469	
6	0	0	0	0	543	468	
7	0	0	0	0	541	468	
8	0	0	0	0	540	471	
9	0	0	0	0	539	470	
10	0	0	0	0	543	473	
11	0	0	0	0	548	472	
12	0	0	0	0	558	478	
13	0	0	0	0	563	480	
14	0	0	0	0	567	483	
15	0	0	0	0	572	483	
0	0	0	0	0	571	481	
1	0	0	0	0	567	479	
2	0	0	0	0	561	477	
3	0	0	0	0	556	474	
4	0	0	0	0	549	479	
5	0	0	0	0	541	485	
6	0	0	0	0	534	489	
7	0	0	0	0	527	494	
8	0	0	0	0	524	498	
9	0	0	0	0	523	502	
10	0	0	0	0	523	509	
11	0	0	0	0	523	514	
12	0	0	0	0	525	519	
13	0	0	0	0	527	520	
14	0	0	0	0	526	517	
15	0	0	0	0	524	515	
0	0	0	0	0	521	517	
1	0	0	0	0	518	515	
2	0	0	0	0	515	510	
3	0	0	0	0	514	504	
4	0	0	0	0	519	498	
5	0	0	0	0	523	489	
6	0	0	0	0	530	482	
7	0	0	0	0	536	474	
8	0	0	0	0	543	466	
9	0	0	0	0	550	462	
10	0	0	0	0	554	461	
11	0	0	0	0	560	459	
12	0	0	0	0	561	459	
13	0	0	0	0	558	457	
14	0	0	0	0	550	457	
15	0	0	0	0	541	455	
0	0	0	0	0	531	455	
1	0	0	0	0	523	451	
2	0	0	0	0	516	446	
3	0	0	0	0	512	443	
4	0	0	0	0	508	444	
5	0	0	0	0	502	444	
6	0	0	0	0	497	447	
7	0	0	0	0	495	451	
8	0	0	0	0	496	451	
9	0	0	0	0	498	449	
10	0	0	0	0	495	448	
11	0	0	0	0	491	449	
12	0	0	0	0	487	451	
13	0	0	0	0	483	454	
14	0	0	0	0	476	457	
15	0	0	0	0	469	461	
0	0	0	0	0	465	465	
1	0	0	0	0	463	465	
2	0	0	0	0	462	463	
3	0	0	0	0	464	459	
4	0	0	0	0	463	456	
5	0	0	0	0	459	461	
6	0	0	0	0	455	467	
7	0	0	0	0	452	472	
8	0	0	0	0	450	475	
9	0	0	0	0	451	478	
10	0	0	0	0	452	477	
11	0	0	0	0	456	475	
12	0	0	0	0	462	480	
13	0	0	0	0	469	488	
14	0	0	0	0	479	499	
15	0	0	0	0	489	506	
0	0	0	0	0	496	504	
1	0	0	0	0	502	500	
2	0	0	0	0	506	495	
3	0	0	0	0	509	491	
4	0	0	0	0	511	483	
5	0	0	0	0	510	479	
6	0	0	0	0	505	473	
7	0	0	0	0	503	467	
8	0	0	0	0	503	462	
9	0	0	0	0	500	456	
10	0	0	0	0	500	453	
11	0	0	0	0	503	450	
12	0	0	0	0	512	446	
13	0	0	0	0	520	444	
14	0	0	0	0	529	442	
15	0	0	0	0	531	441	
0	0	0	0	0	534	442	
1	0	0	0	0	537	440	
2	0	0	0	0	541	436	
3	0	0	0	0	543	436	
4	0	0	0	0	545	440	
5	0	0	0	0	543	444	
6	0	0	0	0	541	448	
7	0	0	0	0	540	454	
8	0	0	0	0	538	458	
9	0	0	0	0	537	457	
10	0	0	0	0	536	454	
11	0	0	0	0	536	449	
12	0	0	0	0	540	445	
13	0	0	0	0	541	439	
14	0	0	0	0	543	434	
15	0	0	0	0	548	431	
0	0	0	0	0	551	426	
1	0	0	0	0	553	423	
2	0	0	0	0	553	417	
3	0	0	0	0	553	419	
4	0	0	0	0	554	420	
5	0	0	0	0	556	422	
6	0	0	0	0	556	423	
7	0	0	0	0	549	423	
8	0	0	0	0	539	424	
9	0	0	0	0	528	432	
10	0	0	0	0	518	439	
11	0	0	0	0	508	445	
12	0	0	0	0	503	447	
13	0	0	0	0	499	450	
14	0	0	0	0	499	453	
15	0	0	0	0	503	456	
0	0	0	0	0	505	460	
1	0	0	0	0	506	465	
2	0	0	0	0	504	469	
3	0	0	0	0	503	474	
4	0	0	0	0	500	476	
5	0	0	0	0	499	475	
6	0	0	0	0	502	470	
7	0	0	0	0	503	465	
8	0	0	0	0	504	459	
9	0	0	0	0	509	454	
10	0	0	0	0	510	451	
11	0	0	0	0	511	450	
12	0	0	0	0	512	447	
13	0	0	0	0	512	443	
14	0	0	0	0	510	434	
15	0	0	0	0	512	427	
0	0	0	0	0	517	423	
1	0	0	0	0	519	420	
2	0	0	0	0	523	420	
3	0	0	0	0	529	419	
4	0	0	0	0	532	417	
5	0	0	0	0	532	419	
6	0	0	0	0	530	419	
7	0	0	0	0	530	420	
8	0	0	0	0	531	421	
9	0	0	0	0	530	422	
10	0	0	0	0	532	422	
11	0	0	0	0	534	421	
12	0	0	0	0	534	422	
13	0	0	0	0	533	430	
14	0	0	0	0	535	435	
15	0	0	0	0	533	435	
0	0	0	0	0	531	436	
1	0	0	0	0	527	436	
2	0	0	0	0	526	439	
3	0	0	0	0	528	441	
4	0	0	0	0	532	441	
5	0	0	0	0	539	444	
6	0	0	0	0	546	451	
7	0	0	0	0	549	455	
8	0	0	0	0	550	457	
9	0	0	0	0	547	455	
10	0	0	0	0	541	452	
11	0	0	0	0	534	449	
12	0	0	0	0	527	446	
13	0	0	0	0	523	444	
14	0	0	0	0	519	444	
15	0	0	0	0	514	444	
0	0	0	0	0	510	448	
1	0	0	0	0	510	454	
2	0	0	0	0	514	461	
3	0	0	0	0	519	467	
4	0	0	0	0	524	472	
5	0	0	0	0	529	475	
6	0	0	0	0	532	477	
7	0	0	0	0	529	476	
8	0	0	0	0	523	473	
9	0	0	0	0	517	466	
10	0	0	0	0	515	458	
11	0	0	0	0	516	448	
12	0	0	0	0	521	443	
13	0	0	0	0	526	441	
14	0	0	0	0	530	438	
15	0	0	0	0	540	440	
0	0	0	0	0	550	446	
1	0	0	0	0	557	453	
2	0	0	0	0	563	455	
3	0	0	0	0	568	457	
4	0	0	0	0	572	455	
5	0	0	0	0	574	458	
6	0	0	0	0	574	460	
7	0	0	0	0	572	465	
8	0	0	0	0	567	467	
9	0	0	0	0	560	469	
10	0	0	0	0	553	473	
11	0	0	0	0	548	477	
12	0	0	0	0	545	478	
13	0	0	0	0	540	482	
14	0	0	0	0	538	483	
15	0	0	0	0	534	482	
0	0	0	0	0	531	483	
1	0	0	0	0	524	486	
2	0	0	0	0	518	486	
3	0	0	0	0	514	482	
4	0	0	0	0	510	479	
5	0	0	0	0	508	481	
6	0	0	0	0	504	482	
7	0	0	0	0	497	483	
8	0	0	0	0	493	486	
9	0	0	0	0	489	486	
10	0	0	0	0	485	484	
11	0	0	0	0	484	480	
12	0	0	0	0	483	476	
13	0	0	0	0	483	468	
14	0	0	0	0	480	460	
15	0	0	0	0	476	456	
0	0	0	0	0	477	456	
1	0	0	0	0	480	456	
2	0	0	0	0	483	458	
3	0	0	0	0	488	460	
4	0	0	0	0	493	463	
5	0	0	0	0	494	466	
6	0	0	0	0	498	465	
7	0	0	0	0	505	463	
8	0	0	0	0	510	463	
9	0	0	0	0	511	462	
10	0	0	0	0	513	462	
11	0	0	0	0	515	465	
12	0	0	0	0	516	463	
13	0	0	0	0	517	462	
14	0	0	0	0	518	464	
15	0	0	0	0	521	466	
0	0	0	0	0	526	469	
1	0	0	0	0	529	475	
2	0	0	0	0	531	480	
3	0	0	0	0	534	486	
4	0	0	0	0	534	489	
5	0	0	0	0	536	485	
6	0	0	0	0	537	481	
7	0	0	0	0	540	478	
8	0	0	0	0	545	476	
9	0	0	0	0	544	473	
10	0	0	0	0	541	473	
11	0	0	0	0	536	470	
12	0	0	0	0	532	467	
13	0	0	0	0	526	462	
14	0	0	0	0	525	454	
15	0	0	0	0	527	445	
0	0	0	0	0	529	440	
1	0	0	0	0	532	439	
2	0	0	0	0	535	440	
3	0	0	0	0	537	439	
4	0	0	0	0	544	434	
5	0	0	0	0	549	428	
6	0	0	0	0	550	430	
7	0	0	0	0	550	433	
8	0	0	0	0	545	434	
9	0	0	0	0	543	434	
10	0	0	0	0	539	434	
11	0	0	0	0	534	434	
12	0	0	0	0	526	433	
13	0	0	0	0	520	432	
14	0	0	0	0	512	434	
15	0	0	0	0	504	440	
0	0	0	0	0	496	442	
1	0	0	0	0	491	443	
2	0	0	0	0	483	440	
3	0	0	0	0	480	440	
4	0	0	0	0	480	446	
5	0	0	0	0	482	452	
6	0	0	0	0	485	458	
7	0	0	0	0	489	461	
8	0	0	0	0	492	467	
9	0	0	0	0	496	474	
10	0	0	0	0	496	479	
11	0	0	0	0	495	482	
12	0	0	0	0	496	480	
13	0	0	0	0	499	478	
14	0	0	0	0	502	476	
15	0	0	0	0	504	475	
0	0	0	0	0	507	476	
1	0	0	0	0	507	477	
2	0	0	0	0	508	478	
3	0	0	0	0	508	478	
4	0	0	0	0	508	476	
5	0	0	0	0	506	472	
6	0	0	0	0	505	471	
7	0	0	0	0	509	473	
8	0	0	0	0	517	472	
9	0	0	0	0	521	468	
10	0	0	0	0	519	463	
11	0	0	0	0	513	461	
12	0	0	0	0	511	462	
13	0	0	0	0	512	463	
14	0	0	0	0	517	466	
15	0	0	0	0	521	468	
0	0	0	0	0	524	467	
1	0	0	0	0	526	465	
2	0	0	0	0	530	461	
3	0	0	0	0	536	460	
4	0	0	0	0	543	461	
5	0	0	0	0	545	462	
6	0	0	0	0	544	464	
7	0	0	0	0	546	465	
8	0	0	0	0	552	469	
9	0	0	0	0	560	473	
10	0	0	0	0	566	473	
11	0	0	0	0	567	474	
12	0	0	0	0	562	471	
13	0	0	0	0	554	468	
14	0	0	0	0	549	465	
15	0	0	0	0	543	461	
0	0	0	0	0	540	457	
1	0	0	0	0	540	457	
2	0	0	0	0	541	463	
3	0	0	0	0	543	473	
4	0	0	0	0	550	486	
5	0	0	0	0	558	496	
6	0	0	0	0	565	505	
7	0	0	0	0	568	513	
8	0	0	0	0	573	521	
9	0	0	0	0	575	527	
10	0	0	0	0	571	531	
11	0	0	0	0	564	535	
12	0	0	0	0	558	537	
13	0	0	0	0	553	537	
14	0	0	0	0	549	540	
15	0	0	0	0	544	540	
0	0	0	0	0	540	542	
1	0	0	0	0	534	540	
2	0	0	0	0	529	537	
3	0	0	0	0	523	533	
4	0	0	0	0	521	530	
5	0	0	0	0	519	533	
6	0	0	0	0	520	536	
7	0	0	0	0	520	537	
8	0	0	0	0	520	537	
9	0	0	0	0	520	539	
10	0	0	0	0	519	540	
11	0	0	0	0	515	539	
12	0	0	0	0	510	539	
13	0	0	0	0	504	535	
14	0	0	0	0	506	529	
15	0	0	0	0	510	525	
0	0	0	0	0	513	519	
1	0	0	0	0	519	514	
2	0	0	0	0	520	510	
3	0	0	0	0	521	506	
4	0	0	0	0	522	502	
5	0	0	0	0	524	499	
6	0	0	0	0	524	504	
7	0	0	0	0	523	505	
8	0	0	0	0	525	503	
9	0	0	0	0	529	500	
10	0	0	0	0	532	497	
11	0	0	0	0	535	495	
12	0	0	0	0	538	490	
13	0	0	0	0	543	490	
14	0	0	0	0	546	491	
15	0	0	0	0	548	493	
0	0	0	0	0	546	491	
1	0	0	0	0	541	487	
2	0	0	0	0	537	487	
3	0	0	0	0	531	486	
4	0	0	0	0	523	483	
5	0	0	0	0	514	480	
6	0	0	0	0	507	478	
7	0	0	0	0	500	476	
8	0	0	0	0	500	476	
9	0	0	0	0	504	478	
10	0	0	0	0	507	478	
11	0	0	0	0	511	480	
12	0	0	0	0	515	482	
13	0	0	0	0	517	491	
14	0	0	0	0	513	501	
15	0	0	0	0	508	510	
0	0	0	0	0	503	519	
1	0	0	0	0	498	524	
2	0	0	0	0	497	525	
3	0	0	0	0	495	524	
4	0	0	0	0	496	520	
5	0	0	0	0	496	515	
6	0	0	0	0	496	510	
7	0	0	0	0	497	504	
8	0	0	0	0	497	501	
9	0	0	0	0	496	502	
10	0	0	0	0	494	501	
11	0	0	0	0	495	502	
12	0	0	0	0	497	501	
13	0	0	0	0	500	499	
14	0	0	0	0	503	499	
15	0	0	0	0	505	497	
0	0	0	0	0	507	494	
1	0	0	0	0	510	494	
2	0	0	0	0	511	492	
3	0	0	0	0	509	489	
4	0	0	0	0	507	489	
5	0	0	0	0	505	489	
6	0	0	0	0	505	488	
7	0	0	0	0	503	487	
8	0	0	0	0	503	489	
9	0	0	0	0	504	492	
10	0	0	0	0	503	490	
11	0	0	0	0	502	484	
12	0	0	0	0	501	481	
13	0	0	0	0	499	481	
14	0	0	0	0	497	483	
15	0	0	0	0	492	487	
0	0	0	0	0	487	488	
1	0	0	0	0	482	489	
2	0	0	0	0	480	489	
3	0	0	0	0	476	492	
4	0	0	0	0	475	495	
5	0	0	0	0	477	496	
6	0	0	0	0	480	498	
7	0	0	0	0	484	499	
8	0	0	0	0	488	504	
9	0	0	0	0	494	509	
10	0	0	0	0	502	515	
11	0	0	0	0	504	519	
12	0	0	0	0	505	521	
13	0	0	0	0	501	522	
14	0	0	0	0	493	525	
15	0	0	0	0	489	524	
0	0	0	0	0	486	523	
1	0	0	0	0	486	524	
2	0	0	0	0	487	527	
3	0	0	0	0	492	529	
4	0	0	0	0	495	533	
5	0	0	0	0	497	537	
6	0	0	0	0	497	537	
7	0	0	0	0	498	533	
8	0	0	0	0	496	530	
9	0	0	0	0	496	531	
10	0	0	0	0	495	536	
11	0	0	0	0	493	546	
12	0	0	0	0	492	557	
13	0	0	0	0	493	564	
14	0	0	0	0	493	567	
15	0	0	0	0	491	567	
0	0	0	0	0	489	569	
1	0	0	0	0	485	571	
2	0	0	0	0	482	572	
3	0	0	0	0	481	571	
4	0	0	0	0	476	563	
5	0	0	0	0	473	556	
6	0	0	0	0	472	551	
7	0	0	0	0	475	547	
8	0	0	0	0	481	547	
9	0	0	0	0	487	553	
10	0	0	0	0	491	560	
11	0	0	0	0	495	564	
12	0	0	0	0	501	563	
13	0	0	0	0	509	563	
14	0	0	0	0	515	564	
15	0	0	0	0	515	564	
0	0	0	0	0	515	560	
1	0	0	0	0	516	554	
2	0	0	0	0	516	548	
3	0	0	0	0	516	543	
4	0	0	0	0	516	543	
5	0	0	0	0	515	544	
6	0	0	0	0	514	543	
7	0	0	0	0	515	542	
8	0	0	0	0	513	541	
9	0	0	0	0	515	541	
10	0	0	0	0	515	540	
11	0	0	0	0	518	541	
12	0	0	0	0	519	539	
13	0	0	0	0	520	536	
14	0	0	0	0	521	531	
15	0	0	0	0	522	529	
0	0	0	0	0	520	529	
1	0	0	0	0	516	534	
2	0	0	0	0	515	537	
3	0	0	0	0	516	543	
4	0	0	0	0	517	542	
5	0	0	0	0	519	540	
6	0	0	0	0	525	541	
7	0	0	0	0	531	539	
8	0	0	0	0	539	537	
9	0	0	0	0	543	539	
10	0	0	0	0	549	541	
11	0	0	0	0	557	544	
12	0	0	0	0	561	548	
13	0	0	0	0	564	551	
14	0	0	0	0	563	551	
15	0	0	0	0	560	550	
0	0	0	0	0	559	552	
1	0	0	0	0	560	552	
2	0	0	0	0	559	555	
3	0	0	0	0	559	561	
4	0	0	0	0	556	568	
5	0	0	0	0	554	577	
6	0	0	0	0	553	584	
7	0	0	0	0	553	586	
8	0	0	0	0	553	583	
9	0	0	0	0	553	579	
10	0	0	0	0	553	576	
11	0	0	0	0	556	572	
12	0	0	0	0	564	571	
13	0	0	0	0	569	567	
14	0	0	0	0	576	566	
15	0	0	0	0	582	566	
0	0	0	0	0	587	567	
1	0	0	0	0	590	568	
2	0	0	0	0	590	572	
3	0	0	0	0	588	575	
4	0	0	0	0	584	575	
5	0	0	0	0	579	573	
6	0	0	0	0	571	572	
7	0	0	0	0	562	571	
8	0	0	0	0	552	567	
9	0	0	0	0	545	563	
10	0	0	0	0	540	557	
11	0	0	0	0	534	554	
12	0	0	0	0	532	551	
13	0	0	0	0	532	550	
14	0	0	0	0	530	550	
15	0	0	0	0	527	547	
0	0	0	0	0	521	544	
1	0	0	0	0	519	544	
2	0	0	0	0	520	548	
3	0	0	0	0	520	553	
4	0	0	0	0	519	557	
5	0	0	0	0	519	559	
6	0	0	0	0	519	559	
7	0	0	0	0	518	560	
8	0	0	0	0	519	560	
9	0	0	0	0	520	559	
10	0	0	0	0	517	557	
11	0	0	0	0	510	551	
12	0	0	0	0	504	547	
13	0	0	0	0	499	546	
14	0	0	0	0	494	544	
15	0	0	0	0	487	544	
0	0	0	0	0	481	546	
1	0	0	0	0	475	548	
2	0	0	0	0	469	550	
3	0	0	0	0	464	550	
4	0	0	0	0	460	553	
5	0	0	0	0	458	556	
6	0	0	0	0	453	560	
7	0	0	0	0	448	559	
8	0	0	0	0	444	554	
9	0	0	0	0	440	547	
10	0	0	0	0	435	541	
11	0	0	0	0	434	535	
12	0	0	0	0	433	529	
13	0	0	0	0	434	527	
14	0	0	0	0	438	526	
15	0	0	0	0	446	531	
0	0	0	0	0	455	534	
1	0	0	0	0	461	538	
2	0	0	0	0	463	540	
3	0	0	0	0	463	537	
4	0	0	0	0	462	535	
5	0	0	0	0	456	537	
6	0	0	0	0	448	543	
7	0	0	0	0	443	546	
8	0	0	0	0	439	548	
9	0	0	0	0	435	547	
10	0	0	0	0	433	542	
11	0	0	0	0	431	534	
12	0	0	0	0	427	522	
13	0	0	0	0	423	517	
14	0	0	0	0	420	509	
15	0	0	0	0	419	507	
0	0	0	0	0	417	505	
1	0	0	0	0	419	505	
2	0	0	0	0	421	502	
3	0	0	0	0	423	501	
4	0	0	0	0	424	504	
5	0	0	0	0	419	508	
6	0	0	0	0	411	511	
7	0	0	0	0	399	519	
8	0	0	0	0	387	524	
9	0	0	0	0	380	524	
10	0	0	0	0	377	522	
11	0	0	0	0	377	518	
12	0	0	0	0	382	512	
13	0	0	0	0	388	508	
14	0	0	0	0	396	509	
15	0	0	0	0	408	515	
0	0	0	0	0	420	524	
1	0	0	0	0	429	536	
2	0	0	0	0	430	541	
3	0	0	0	0	425	547	
4	0	0	0	0	417	551	
5	0	0	0	0	407	555	
6	0	0	0	0	396	555	
7	0	0	0	0	387	555	
8	0	0	0	0	377	551	
9	0	0	0	0	367	550	
10	0	0	0	0	360	548	
11	0	0	0	0	354	548	
12	0	0	0	0	348	544	
13	0	0	0	0	343	543	
14	0	0	0	0	343	543	
15	0	0	0	0	343	540	
0	0	0	0	0	344	536	
1	0	0	0	0	345	531	
2	0	0	0	0	348	527	
3	0	0	0	0	353	528	
4	0	0	0	0	358	527	
5	0	0	0	0	359	526	
6	0	0	0	0	355	523	
7	0	0	0	0	354	516	
8	0	0	0	0	358	513	
9	0	0	0	0	363	509	
10	0	0	0	0	373	508	
11	0	0	0	0	380	505	
12	0	0	0	0	390	502	
13	0	0	0	0	399	501	
14	0	0	0	0	406	501	
15	0	0	0	0	411	501	
0	0	0	0	0	416	504	
1	0	0	0	0	419	505	
2	0	0	0	0	419	507	
3	0	0	0	0	419	508	
4	0	0	0	0	420	509	
5	0	0	0	0	422	510	
6	0	0	0	0	423	510	
7	0	0	0	0	424	510	
8	0	0	0	0	424	509	
9	0	0	0	0	424	508	
10	0	0	0	0	421	500	
11	0	0	0	0	413	492	
12	0	0	0	0	405	485	
13	0	0	0	0	398	479	
14	0	0	0	0	396	478	
15	0	0	0	0	396	476	
0	0	0	0	0	401	476	
1	0	0	0	0	408	477	
2	0	0	0	0	409	475	
3	0	0	0	0	409	478	
4	0	0	0	0	412	481	
5	0	0	0	0	417	484	
6	0	0	0	0	423	491	
7	0	0	0	0	425	499	
8	0	0	0	0	426	502	
9	0	0	0	0	427	502	
10	0	0	0	0	427	501	
11	0	0	0	0	425	499	
12	0	0	0	0	425	498	
13	0	0	0	0	421	497	
14	0	0	0	0	416	497	
15	0	0	0	0	417	500	
0	0	0	0	0	425	511	
1	0	0	0	0	433	520	
2	0	0	0	0	440	527	
3	0	0	0	0	448	530	
4	0	0	0	0	456	534	
5	0	0	0	0	465	532	
6	0	0	0	0	473	528	
7	0	0	0	0	480	521	
8	0	0	0	0	487	515	
9	0	0	0	0	491	511	
10	0	0	0	0	491	511	
11	0	0	0	0	489	513	
12	0	0	0	0	484	518	
13	0	0	0	0	484	518	
14	0	0	0	0	479	518	
15	0	0	0	0	475	518	
0	0	0	0	0	470	512	
1	0	0	0	0	462	505	
2	0	0	0	0	455	504	
3	0	0	0	0	450	503	
4	0	0	0	0	446	496	
5	0	0	0	0	442	490	
6	0	0	0	0	441	487	
7	0	0	0	0	440	484	
8	0	0	0	0	441	476	
9	0	0	0	0	443	467	
10	0	0	0	0	445	458	
11	0	0	0	0	446	455	
12	0	0	0	0	451	455	
13	0	0	0	0	456	454	
14	0	0	0	0	461	453	
15	0	0	0	0	465	455	
0	0	0	0	0	467	457	
1	0	0	0	0	472	455	
2	0	0	0	0	476	456	
3	0	0	0	0	479	455	
4	0	0	0	0	484	454	
5	0	0	0	0	490	452	
6	0	0	0	0	495	452	
7	0	0	0	0	498	452	
8	0	0	0	0	502	459	
9	0	0	0	0	507	464	
10	0	0	0	0	505	468	
11	0	0	0	0	502	472	
12	0	0	0	0	497	476	
13	0	0	0	0	491	476	
14	0	0	0	0	490	478	
15	0	0	0	0	491	480	
0	0	0	0	0	494	480	
1	0	0	0	0	499	478	
2	0	0	0	0	506	476	
3	0	0	0	0	511	476	
4	0	0	0	0	516	477	
5	0	0	0	0	515	481	
6	0	0	0	0	512	483	
7	0	0	0	0	508	481	
8	0	0	0	0	504	481	
9	0	0	0	0	502	483	
10	0	0	0	0	501	483	
11	0	0	0	0	497	482	
12	0	0	0	0	492	480	
13	0	0	0	0	482	478	
14	0	0	0	0	475	477	
15	0	0	0	0	467	478	
0	0	0	0	0	461	486	
1	0	0	0	0	455	495	
2	0	0	0	0	450	502	
3	0	0	0	0	448	506	
4	0	0	0	0	446	511	
5	0	0	0	0	449	513	
6	0	0	0	0	459	512	
7	0	0	0	0	469	511	
8	0	0	0	0	479	505	
9	0	0	0	0	492	504	
10	0	0	0	0	504	505	
11	0	0	0	0	515	502	
12	0	0	0	0	518	495	
13	0	0	0	0	519	491	
14	0	0	0	0	516	487	
15	0	0	0	0	512	484	
0	0	0	0	0	509	481	
1	0	0	0	0	508	479	
2	0	0	0	0	507	472	
3	0	0	0	0	504	468	
4	0	0	0	0	504	465	
5	0	0	0	0	503	460	
6	0	0	0	0	500	451	
7	0	0	0	0	502	448	
8	0	0	0	0	503	448	
9	0	0	0	0	504	448	
10	0	0	0	0	504	449	
11	0	0	0	0	501	451	
12	0	0	0	0	497	453	
13	0	0	0	0	493	455	
14	0	0	0	0	485	460	
15	0	0	0	0	476	462	
0	0	0	0	0	467	460	
1	0	0	0	0	463	460	
2	0	0	0	0	463	464	
3	0	0	0	0	463	467	
4	0	0	0	0	463	465	
5	0	0	0	0	466	464	
6	0	0	0	0	466	463	
7	0	0	0	0	468	465	
8	0	0	0	0	469	467	
9	0	0	0	0	471	469	
10	0	0	0	0	472	472	
11	0	0	0	0	471	474	
12	0	0	0	0	471	472	
13	0	0	0	0	468	469	
14	0	0	0	0	459	465	
15	0	0	0	0	447	461	
0	0	0	0	0	438	458	
1	0	0	0	0	431	460	
2	0	0	0	0	423	463	
3	0	0	0	0	417	469	
4	0	0	0	0	415	472	
5	0	0	0	0	413	476	
6	0	0	0	0	411	472	
7	0	0	0	0	412	471	
8	0	0	0	0	414	474	
9	0	0	0	0	419	483	
10	0	0	0	0	431	492	
11	0	0	0	0	444	497	
12	0	0	0	0	455	499	
13	0	0	0	0	460	499	
14	0	0	0	0	460	496	
15	0	0	0	0	459	492	
0	0	0	0	0	458	485	
1	0	0	0	0	456	480	
2	0	0	0	0	451	480	
3	0	0	0	0	448	480	
4	0	0	0	0	446	484	
5	0	0	0	0	444	490	
6	0	0	0	0	443	493	
7	0	0	0	0	446	491	
8	0	0	0	0	452	489	
9	0	0	0	0	456	484	
10	0	0	0	0	460	480	
11	0	0	0	0	463	474	
12	0	0	0	0	469	467	
13	0	0	0	0	475	461	
14	0	0	0	0	478	452	
15	0	0	0	0	479	447	
0	0	0	0	0	480	443	
1	0	0	0	0	482	439	
2	0	0	0	0	486	435	
3	0	0	0	0	488	433	
4	0	0	0	0	489	428	
5	0	0	0	0	493	424	
6	0	0	0	0	491	424	
7	0	0	0	0	487	428	
8	0	0	0	0	484	431	
9	0	0	0	0	480	440	
10	0	0	0	0	479	448	
11	0	0	0	0	484	456	
12	0	0	0	0	488	454	
13	0	0	0	0	495	449	
14	0	0	0	0	501	443	
15	0	0	0	0	506	435	
0	0	0	0	0	510	431	
1	0	0	0	0	513	432	
2	0	0	0	0	515	431	
3	0	0	0	0	512	432	
4	0	0	0	0	511	434	
5	0	0	0	0	509	434	
6	0	0	0	0	509	434	
7	0	0	0	0	509	436	
8	0	0	0	0	510	439	
9	0	0	0	0	512	444	
10	0	0	0	0	512	449	
11	0	0	0	0	512	452	
12	0	0	0	0	514	460	
13	0	0	0	0	512	467	
14	0	0	0	0	508	472	
15	0	0	0	0	502	477	
0	0	0	0	0	496	483	
1	0	0	0	0	493	487	
2	0	0	0	0	487	486	
3	0	0	0	0	480	482	
4	0	0	0	0	470	479	
5	0	0	0	0	460	481	
6	0	0	0	0	454	493	
7	0	0	0	0	454	504	
8	0	0	0	0	460	515	
9	0	0	0	0	468	523	
10	0	0	0	0	480	523	
11	0	0	0	0	490	517	
12	0	0	0	0	502	506	
13	0	0	0	0	514	492	
14	0	0	0	0	519	474	
15	0	0	0	0	524	459	
0	0	0	0	0	526	447	
1	0	0	0	0	526	439	
2	0	0	0	0	527	430	
3	0	0	0	0	525	422	
4	0	0	0	0	524	415	
5	0	0	0	0	524	413	
6	0	0	0	0	526	412	
7	0	0	0	0	528	414	
8	0	0	0	0	529	411	
9	0	0	0	0	527	406	
10	0	0	0	0	527	403	
11	0	0	0	0	528	400	
12	0	0	0	0	533	398	
13	0	0	0	0	541	390	
14	0	0	0	0	551	391	
15	0	0	0	0	562	384	
0	0	0	0	0	576	374	
1	0	0	0	0	588	372	
2	0	0	0	0	593	371	
3	0	0	0	0	597	368	
4	0	0	0	0	602	371	
5	0	0	0	0	607	369	
6	0	0	0	0	610	367	
7	0	0	0	0	614	370	
8	0	0	0	0	617	376	
9	0	0	0	0	619	384	
10	0	0	0	0	622	397	
11	0	0	0	0	626	403	
12	0	0	0	0	635	410	
13	0	0	0	0	638	410	
14	0	0	0	0	638	407	
15	0	0	0	0	637	406	
0	0	0	0	0	633	406	
1	0	0	0	0	627	406	
2	0	0	0	0	623	408	
3	0	0	0	0	621	410	
4	0	0	0	0	619	412	
5	0	0	0	0	616	415	
6	0	0	0	0	613	420	
7	0	0	0	0	607	429	
8	0	0	0	0	603	435	
9	0	0	0	0	596	441	
10	0	0	0	0	587	450	
11	0	0	0	0	580	460	
12	0	0	0	0	576	467	
13	0	0	0	0	573	473	
14	0	0	0	0	573	475	
15	0	0	0	0	571	476	
0	0	0	0	0	568	474	
1	0	0	0	0	562	474	
2	0	0	0	0	556	476	
3	0	0	0	0	548	477	
4	0	0	0	0	540	480	
5	0	0	0	0	532	484	
6	0	0	0	0	525	487	
7	0	0	0	0	517	486	
8	0	0	0	0	512	485	
9	0	0	0	0	507	482	
10	0	0	0	0	500	481	
11	0	0	0	0	496	482	
12	0	0	0	0	494	484	
13	0	0	0	0	489	478	
14	0	0	0	0	488	471	
15	0	0	0	0	492	470	
0	0	0	0	0	499	472	
1	0	0	0	0	504	471	
2	0	0	0	0	508	467	
3	0	0	0	0	511	461	
4	0	0	0	0	511	450	
5	0	0	0	0	512	444	
6	0	0	0	0	512	440	
7	0	0	0	0	512	438	
8	0	0	0	0	511	440	
9	0	0	0	0	508	441	
10	0	0	0	0	504	443	
11	0	0	0	0	503	448	
12	0	0	0	0	504	451	
13	0	0	0	0	506	451	
14	0	0	0	0	509	451	
15	0	0	0	0	511	450	
0	0	0	0	0	511	452	
1	0	0	0	0	507	457	
2	0	0	0	0	503	459	
3	0	0	0	0	502	462	
4	0	0	0	0	503	467	
5	0	0	0	0	500	473	
6	0	0	0	0	493	480	
7	0	0	0	0	492	489	
8	0	0	0	0	491	495	
9	0	0	0	0	495	499	
10	0	0	0	0	501	501	
11	0	0	0	0	505	501	
12	0	0	0	0	505	496	
13	0	0	0	0	505	489	
14	0	0	0	0	508	483	
15	0	0	0	0	510	482	
0	0	0	0	0	510	479	
1	0	0	0	0	510	477	
2	0	0	0	0	509	476	
3	0	0	0	0	504	474	
4	0	0	0	0	496	469	
5	0	0	0	0	490	463	
6	0	0	0	0	484	459	
7	0	0	0	0	480	457	
8	0	0	0	0	474	458	
9	0	0	0	0	468	460	
10	0	0	0	0	462	462	
11	0	0	0	0	455	463	
12	0	0	0	0	456	467	
13	0	0	0	0	458	473	
14	0	0	0	0	465	476	
15	0	0	0	0	467	478	
0	0	0	0	0	470	480	
1	0	0	0	0	473	486	
2	0	0	0	0	478	491	
3	0	0	0	0	483	499	
4	0	0	0	0	487	503	
5	0	0	0	0	487	505	
6	0	0	0	0	483	506	
7	0	0	0	0	477	509	
8	0	0	0	0	469	509	
9	0	0	0	0	464	509	
10	0	0	0	0	459	505	
11	0	0	0	0	458	500	
12	0	0	0	0	462	492	
13	0	0	0	0	467	489	
14	0	0	0	0	473	487	
15	0	0	0	0	481	483	
0	0	0	0	0	487	483	
1	0	0	0	0	486	482	
2	0	0	0	0	487	483	
3	0	0	0	0	488	485	
4	0	0	0	0	487	489	
5	0	0	0	0	489	491	
6	0	0	0	0	486	495	
7	0	0	0	0	482	499	
8	0	0	0	0	475	505	
9	0	0	0	0	469	509	
10	0	0	0	0	461	515	
11	0	0	0	0	454	519	
12	0	0	0	0	443	524	
13	0	0	0	0	437	525	
14	0	0	0	0	432	521	
15	0	0	0	0	428	517	
0	0	0	0	0	428	511	
1	0	0	0	0	428	509	
2	0	0	0	0	427	507	
3	0	0	0	0	425	505	
4	0	0	0	0	427	503	
5	0	0	0	0	429	498	
6	0	0	0	0	431	492	
7	0	0	0	0	431	489	
8	0	0	0	0	432	489	
9	0	0	0	0	429	497	
10	0	0	0	0	423	505	
11	0	0	0	0	417	513	
12	0	0	0	0	414	515	
13	0	0	0	0	411	515	
14	0	0	0	0	409	516	
15	0	0	0	0	409	516	
0	0	0	0	0	411	517	
1	0	0	0	0	417	523	
2	0	0	0	0	423	529	
3	0	0	0	0	430	532	
4	0	0	0	0	433	537	
5	0	0	0	0	435	539	
6	0	0	0	0	435	540	
7	0	0	0	0	434	540	
8	0	0	0	0	434	541	
9	0	0	0	0	433	543	
10	0	0	0	0	432	548	
11	0	0	0	0	429	554	
12	0	0	0	0	429	562	
13	0	0	0	0	431	569	
14	0	0	0	0	435	576	
15	0	0	0	0	440	583	
0	0	0	0	0	445	587	
1	0	0	0	0	451	591	
2	0	0	0	0	455	590	
3	0	0	0	0	460	590	
4	0	0	0	0	463	591	
5	0	0	0	0	470	590	
6	0	0	0	0	476	586	
7	0	0	0	0	480	587	
8	0	0	0	0	488	587	
9	0	0	0	0	494	591	
10	0	0	0	0	493	589	
11	0	0	0	0	485	587	
12	0	0	0	0	479	587	
13	0	0	0	0	476	584	
14	0	0	0	0	474	582	
15	0	0	0	0	473	581	
0	0	0	0	0	473	583	
1	0	0	0	0	475	588	
2	0	0	0	0	478	593	
3	0	0	0	0	480	593	
4	0	0	0	0	483	595	
5	0	0	0	0	483	598	
6	0	0	0	0	482	598	
7	0	0	0	0	483	593	
8	0	0	0	0	487	592	
9	0	0	0	0	492	591	
10	0	0	0	0	496	590	
11	0	0	0	0	495	591	
12	0	0	0	0	494	591	
13	0	0	0	0	492	593	
14	0	0	0	0	491	598	
15	0	0	0	0	488	602	
0	0	0	0	0	492	604	
1	0	0	0	0	497	604	
2	0	0	0	0	505	602	
3	0	0	0	0	515	600	
4	0	0	0	0	524	598	
5	0	0	0	0	531	595	
6	0	0	0	0	535	594	
7	0	0	0	0	535	595	
8	0	0	0	0	539	595	
9	0	0	0	0	542	591	
10	0	0	0	0	544	585	
11	0	0	0	0	543	577	
12	0	0	0	0	542	568	
13	0	0	0	0	541	561	
14	0	0	0	0	541	553	
15	0	0	0	0	543	549	
0	0	0	0	0	548	550	
1	0	0	0	0	553	555	
2	0	0	0	0	554	560	
3	0	0	0	0	557	568	
4	0	0	0	0	561	575	
5	0	0	0	0	567	580	
6	0	0	0	0	571	584	
7	0	0	0	0	572	588	
8	0	0	0	0	571	592	
9	0	0	0	0	567	593	
10	0	0	0	0	563	588	
11	0	0	0	0	556	587	
12	0	0	0	0	550	582	
13	0	0	0	0	542	576	
14	0	0	0	0	535	575	
15	0	0	0	0	528	576	
0	0	0	0	0	524	576	
1	0	0	0	0	524	577	
2	0	0	0	0	527	578	
3	0	0	0	0	532	575	
4	0	0	0	0	534	572	
5	0	0	0	0	537	570	
6	0	0	0	0	543	568	
7	0	0	0	0	548	568	
8	0	0	0	0	551	567	
9	0	0	0	0	553	568	
10	0	0	0	0	558	567	
11	0	0	0	0	560	564	
12	0	0	0	0	558	560	
13	0	0	0	0	559	555	
14	0	0	0	0	554	551	
15	0	0	0	0	551	547	
0	0	0	0	0	547	544	
1	0	0	0	0	543	540	
2	0	0	0	0	539	537	
3	0	0	0	0	534	533	
4	0	0	0	0	529	528	
5	0	0	0	0	530	529	
6	0	0	0	0	530	533	
7	0	0	0	0	529	539	
8	0	0	0	0	535	548	
9	0	0	0	0	540	559	
10	0	0	0	0	541	564	
11	0	0	0	0	541	566	
12	0	0	0	0	543	567	
13	0	0	0	0	543	566	
14	0	0	0	0	541	566	
15	0	0	0	0	542	568	
0	0	0	0	0	545	568	
1	0	0	0	0	546	567	
2	0	0	0	0	543	564	
3	0	0	0	0	540	563	
4	0	0	0	0	536	563	
5	0	0	0	0	533	561	
6	0	0	0	0	528	558	
7	0	0	0	0	526	549	
8	0	0	0	0	526	545	
9	0	0	0	0	523	542	
10	0	0	0	0	519	536	
11	0	0	0	0	520	536	
12	0	0	0	0	521	536	
13	0	0	0	0	522	539	
14	0	0	0	0	523	541	
15	0	0	0	0	523	547	
0	0	0	0	0	520	553	
1	0	0	0	0	515	556	
2	0	0	0	0	504	560	
3	0	0	0	0	494	568	
4	0	0	0	0	487	573	
5	0	0	0	0	485	576	
6	0	0	0	0	485	575	
7	0	0	0	0	488	571	
8	0	0	0	0	492	564	
9	0	0	0	0	496	558	
10	0	0	0	0	498	551	
11	0	0	0	0	501	545	
12	0	0	0	0	505	541	
13	0	0	0	0	507	540	
14	0	0	0	0	507	542	
15	0	0	0	0	505	543	
0	0	0	0	0	500	539	
1	0	0	0	0	493	535	
2	0	0	0	0	486	531	
3	0	0	0	0	479	528	
4	0	0	0	0	475	527	
5	0	0	0	0	472	527	
6	0	0	0	0	474	531	
7	0	0	0	0	479	533	
8	0	0	0	0	486	537	
9	0	0	0	0	492	544	
10	0	0	0	0	496	551	
11	0	0	0	0	498	559	
12	0	0	0	0	496	560	
13	0	0	0	0	493	557	
14	0	0	0	0	492	557	
15	0	0	0	0	486	555	
0	0	0	0	0	481	556	
1	0	0	0	0	479	561	
2	0	0	0	0	479	566	
3	0	0	0	0	480	571	
4	0	0	0	0	481	568	
5	0	0	0	0	481	563	
6	0	0	0	0	486	559	
7	0	0	0	0	492	558	
8	0	0	0	0	498	561	
9	0	0	0	0	502	563	
10	0	0	0	0	504	561	
11	0	0	0	0	499	558	
12	0	0	0	0	492	556	
13	0	0	0	0	487	553	
14	0	0	0	0	485	550	
15	0	0	0	0	483	547	
0	0	0	0	0	481	546	
1	0	0	0	0	476	543	
2	0	0	0	0	471	542	
3	0	0	0	0	467	540	
4	0	0	0	0	465	539	
5	0	0	0	0	464	539	
6	0	0	0	0	466	539	
7	0	0	0	0	473	539	
8	0	0	0	0	483	540	
9	0	0	0	0	495	540	
10	0	0	0	0	507	544	
11	0	0	0	0	513	550	
12	0	0	0	0	519	554	
13	0	0	0	0	524	561	
14	0	0	0	0	526	566	
15	0	0	0	0	526	569	
0	0	0	0	0	528	573	
1	0	0	0	0	527	574	
2	0	0	0	0	525	570	
3	0	0	0	0	526	568	
4	0	0	0	0	526	565	
5	0	0	0	0	525	566	
6	0	0	0	0	529	566	
7	0	0	0	0	534	565	
8	0	0	0	0	540	563	
9	0	0	0	0	543	559	
10	0	0	0	0	541	558	
11	0	0	0	0	541	559	
12	0	0	0	0	543	559	
13	0	0	0	0	545	556	
14	0	0	0	0	544	551	
15	0	0	0	0	543	543	
0	0	0	0	0	539	540	
1	0	0	0	0	537	538	
2	0	0	0	0	539	536	
3	0	0	0	0	543	535	
4	0	0	0	0	548	535	
5	0	0	0	0	553	540	
6	0	0	0	0	555	543	
7	0	0	0	0	554	550	
8	0	0	0	0	550	555	
9	0	0	0	0	544	563	
10	0	0	0	0	540	570	
11	0	0	0	0	534	572	
12	0	0	0	0	528	573	
13	0	0	0	0	524	568	
14	0	0	0	0	521	560	
15	0	0	0	0	517	556	
0	0	0	0	0	515	551	
1	0	0	0	0	513	543	
2	0	0	0	0	511	536	
3	0	0	0	0	509	529	
4	0	0	0	0	508	524	
5	0	0	0	0	510	524	
6	0	0	0	0	515	527	
7	0	0	0	0	523	531	
8	0	0	0	0	533	536	
9	0	0	0	0	536	543	
10	0	0	0	0	537	548	
11	0	0	0	0	540	556	
12	0	0	0	0	542	566	
13	0	0	0	0	546	575	
14	0	0	0	0	551	583	
15	0	0	0	0	553	588	
0	0	0	0	0	554	595	
1	0	0	0	0	551	600	
2	0	0	0	0	544	601	
3	0	0	0	0	537	605	
4	0	0	0	0	527	607	
5	0	0	0	0	520	605	
6	0	0	0	0	512	601	
7	0	0	0	0	506	596	
8	0	0	0	0	499	592	
9	0	0	0	0	496	589	
10	0	0	0	0	500	585	
11	0	0	0	0	508	582	
12	0	0	0	0	513	575	
13	0	0	0	0	520	565	
14	0	0	0	0	527	555	
15	0	0	0	0	534	546	
0	0	0	0	0	540	537	
1	0	0	0	0	546	530	
2	0	0	0	0	552	520	
3	0	0	0	0	554	515	
4	0	0	0	0	555	515	
5	0	0	0	0	553	518	
6	0	0	0	0	550	519	
7	0	0	0	0	545	516	
8	0	0	0	0	540	518	
9	0	0	0	0	536	523	
10	0	0	0	0	536	531	
11	0	0	0	0	537	539	
12	0	0	0	0	541	547	
13	0	0	0	0	547	551	
14	0	0	0	0	558	557	
15	0	0	0	0	568	558	
0	0	0	0	0	577	560	
1	0	0	0	0	585	563	
2	0	0	0	0	588	567	
3	0	0	0	0	589	567	
4	0	0	0	0	585	560	
5	0	0	0	0	584	550	
6	0	0	0	0	583	541	
7	0	0	0	0	576	537	
8	0	0	0	0	571	540	
9	0	0	0	0	570	542	
10	0	0	0	0	575	543	
11	0	0	0	0	584	542	
12	0	0	0	0	590	540	
13	0	0	0	0	595	539	
14	0	0	0	0	596	536	
15	0	0	0	0	594	540	
0	0	0	0	0	591	548	
1	0	0	0	0	587	555	
2	0	0	0	0	579	563	
3	0	0	0	0	572	569	
4	0	0	0	0	568	575	
5	0	0	0	0	560	575	
6	0	0	0	0	549	570	
7	0	0	0	0	544	570	
8	0	0	0	0	543	571	
9	0	0	0	0	543	567	
10	0	0	0	0	542	564	
11	0	0	0	0	540	561	
12	0	0	0	0	538	560	
13	0	0	0	0	536	561	
14	0	0	0	0	535	560	
15	0	0	0	0	536	559	
0	0	0	0	0	537	557	
1	0	0	0	0	544	557	
2	0	0	0	0	550	558	
3	0	0	0	0	556	559	
4	0	0	0	0	560	560	
5	0	0	0	0	562	557	
6	0	0	0	0	562	548	
7	0	0	0	0	560	537	
8	0	0	0	0	557	527	
9	0	0	0	0	552	519	
10	0	0	0	0	544	515	
11	0	0	0	0	538	511	
12	0	0	0	0	534	507	
13	0	0	0	0	531	506	
14	0	0	0	0	531	510	
15	0	0	0	0	533	517	
0	0	0	0	0	538	524	
1	0	0	0	0	542	525	
2	0	0	0	0	548	522	
3	0	0	0	0	553	519	
4	0	0	0	0	555	519	
5	0	0	0	0	554	524	
6	0	0	0	0	551	531	
7	0	0	0	0	547	539	
8	0	0	0	0	543	545	
9	0	0	0	0	538	550	
10	0	0	0	0	538	558	
11	0	0	0	0	543	567	
12	0	0	0	0	550	573	
13	0	0	0	0	559	576	
14	0	0	0	0	568	578	
15	0	0	0	0	578	578	
0	0	0	0	0	584	572	
1	0	0	0	0	590	563	
2	0	0	0	0	596	555	
3	0	0	0	0	602	546	
4	0	0	0	0	607	540	
5	0	0	0	0	610	535	
6	0	0	0	0	611	534	
7	0	0	0	0	611	531	
8	0	0	0	0	606	531	
9	0	0	0	0	601	536	
10	0	0	0	0	595	543	
11	0	0	0	0	588	547	
12	0	0	0	0	583	545	
13	0	0	0	0	580	543	
14	0	0	0	0	578	543	
15	0	0	0	0	577	547	
0	0	0	0	0	579	547	
1	0	0	0	0	585	547	
2	0	0	0	0	589	547	
3	0	0	0	0	592	548	
4	0	0	0	0	596	550	
5	0	0	0	0	600	551	
6	0	0	0	0	605	553	
7	0	0	0	0	613	556	
8	0	0	0	0	617	560	
9	0	0	0	0	618	568	
10	0	0	0	0	614	572	
11	0	0	0	0	612	572	
12	0	0	0	0	608	568	
13	0	0	0	0	603	563	
14	0	0	0	0	593	554	
15	0	0	0	0	585	546	
0	0	0	0	0	578	543	
1	0	0	0	0	571	543	
2	0	0	0	0	567	545	
3	0	0	0	0	567	548	
4	0	0	0	0	565	549	
5	0	0	0	0	563	550	
6	0	0	0	0	562	550	
7	0	0	0	0	562	551	
8	0	0	0	0	562	549	
9	0	0	0	0	558	547	
10	0	0	0	0	551	545	
11	0	0	0	0	543	545	
12	0	0	0	0	537	546	
13	0	0	0	0	534	552	
14	0	0	0	0	532	558	
15	0	0	0	0	534	564	
0	0	0	0	0	535	566	
1	0	0	0	0	539	564	
2	0	0	0	0	541	563	
3	0	0	0	0	544	559	
4	0	0	0	0	552	556	
5	0	0	0	0	559	553	
6	0	0	0	0	562	548	
7	0	0	0	0	560	538	
8	0	0	0	0	558	522	
9	0	0	0	0	552	506	
10	0	0	0	0	542	492	
11	0	0	0	0	535	485	
12	0	0	0	0	532	483	
13	0	0	0	0	530	486	
14	0	0	0	0	531	486	
15	0	0	0	0	532	481	
0	0	0	0	0	533	476	
1	0	0	0	0	537	470	
2	0	0	0	0	541	470	
3	0	0	0	0	544	471	
4	0	0	0	0	546	472	
5	0	0	0	0	549	476	
6	0	0	0	0	551	483	
7	0	0	0	0	549	488	
8	0	0	0	0	545	497	
9	0	0	0	0	535	505	
10	0	0	0	0	523	512	
11	0	0	0	0	511	514	
12	0	0	0	0	499	513	
13	0	0	0	0	488	511	
14	0	0	0	0	479	512	
15	0	0	0	0	471	514	
0	0	0	0	0	464	517	
1	0	0	0	0	459	518	
2	0	0	0	0	460	520	
3	0	0	0	0	467	525	
4	0	0	0	0	474	531	
5	0	0	0	0	476	536	
6	0	0	0	0	477	537	
7	0	0	0	0	479	534	
8	0	0	0	0	478	526	
9	0	0	0	0	473	519	
10	0	0	0	0	469	515	
11	0	0	0	0	467	511	
12	0	0	0	0	464	513	
13	0	0	0	0	465	517	
14	0	0	0	0	466	521	
15	0	0	0	0	463	526	
0	0	0	0	0	461	528	
1	0	0	0	0	459	534	
2	0	0	0	0	456	545	
3	0	0	0	0	454	560	
4	0	0	0	0	452	579	
5	0	0	0	0	451	593	
6	0	0	0	0	453	607	
7	0	0	0	0	452	622	
8	0	0	0	0	454	635	
9	0	0	0	0	452	646	
10	0	0	0	0	451	657	
11	0	0	0	0	448	671	
12	0	0	0	0	446	682	
13	0	0	0	0	446	690	
14	0	0	0	0	447	696	
15	0	0	0	0	449	702	
0	0	0	0	0	454	707	
1	0	0	0	0	457	714	
2	0	0	0	0	458	719	
3	0	0	0	0	455	718	
4	0	0	0	0	454	714	
5	0	0	0	0	455	710	
6	0	0	0	0	461	705	
7	0	0	0	0	466	702	
8	0	0	0	0	468	702	
9	0	0	0	0	467	704	
10	0	0	0	0	468	706	
11	0	0	0	0	467	711	
12	0	0	0	0	464	715	
13	0	0	0	0	459	719	
14	0	0	0	0	456	724	
15	0	0	0	0	455	729	
0	0	0	0	0	456	731	
1	0	0	0	0	456	730	
2	0	0	0	0	459	725	
3	0	0	0	0	462	723	
4	0	0	0	0	464	719	
5	0	0	0	0	466	713	
6	0	0	0	0	468	710	
7	0	0	0	0	469	705	
8	0	0	0	0	471	701	
9	0	0	0	0	472	702	
10	0	0	0	0	470	704	
11	0	0	0	0	464	705	
12	0	0	0	0	459	705	
13	0	0	0	0	455	706	
14	0	0	0	0	455	709	
15	0	0	0	0	457	709	
0	0	0	0	0	455	707	
1	0	0	0	0	455	705	
2	0	0	0	0	456	690	
3	0	0	0	0	459	683	
4	0	0	0	0	461	678	
5	0	0	0	0	465	673	
6	0	0	0	0	469	671	
7	0	0	0	0	477	672	
8	0	0	0	0	486	678	
9	0	0	0	0	496	681	
10	0	0	0	0	503	686	
11	0	0	0	0	509	688	
12	0	0	0	0	518	685	
13	0	0	0	0	522	684	
14	0	0	0	0	528	682	
15	0	0	0	0	532	680	
0	0	0	0	0	531	680	
1	0	0	0	0	529	675	
2	0	0	0	0	526	675	
3	0	0	0	0	525	676	
4	0	0	0	0	527	675	
5	0	0	0	0	527	672	
6	0	0	0	0	529	670	
7	0	0	0	0	534	668	
8	0	0	0	0	539	665	
9	0	0	0	0	537	660	
10	0	0	0	0	534	658	
11	0	0	0	0	533	655	
12	0	0	0	0	532	649	
13	0	0	0	0	532	645	
14	0	0	0	0	531	642	
15	0	0	0	0	526	639	
0	0	0	0	0	522	628	
1	0	0	0	0	520	620	
2	0	0	0	0	516	610	
3	0	0	0	0	517	601	
4	0	0	0	0	520	596	
5	0	0	0	0	524	590	
6	0	0	0	0	529	577	
7	0	0	0	0	531	566	
8	0	0	0	0	534	560	
9	0	0	0	0	538	560	
10	0	0	0	0	543	563	
11	0	0	0	0	548	570	
12	0	0	0	0	548	578	
13	0	0	0	0	545	587	
14	0	0	0	0	539	592	
15	0	0	0	0	531	596	
0	0	0	0	0	522	600	
1	0	0	0	0	515	601	
2	0	0	0	0	510	607	
3	0	0	0	0	505	609	
4	0	0	0	0	499	616	
5	0	0	0	0	492	620	
6	0	0	0	0	487	627	
7	0	0	0	0	484	633	
8	0	0	0	0	484	636	
9	0	0	0	0	488	636	
10	0	0	0	0	488	635	
11	0	0	0	0	485	632	
12	0	0	0	0	480	627	
13	0	0	0	0	477	622	
14	0	0	0	0	473	616	
15	0	0	0	0	472	606	
0	0	0	0	0	469	595	
1	0	0	0	0	467	590	
2	0	0	0	0	468	590	
3	0	0	0	0	471	591	
4	0	0	0	0	476	595	
5	0	0	0	0	479	598	
6	0	0	0	0	485	600	
7	0	0	0	0	494	602	
8	0	0	0	0	502	607	
9	0	0	0	0	507	611	
10	0	0	0	0	509	611	
11	0	0	0	0	511	610	
12	0	0	0	0	510	605	
13	0	0	0	0	508	599	
14	0	0	0	0	506	591	
15	0	0	0	0	504	585	
0	0	0	0	0	503	580	
1	0	0	0	0	498	577	
2	0	0	0	0	499	573	
3	0	0	0	0	503	569	
4	0	0	0	0	504	566	
5	0	0	0	0	505	563	
6	0	0	0	0	504	561	
7	0	0	0	0	507	560	
8	0	0	0	0	510	558	
9	0	0	0	0	514	554	
10	0	0	0	0	521	551	
11	0	0	0	0	526	550	
12	0	0	0	0	531	550	
13	0	0	0	0	534	551	
14	0	0	0	0	536	550	
15	0	0	0	0	536	549	
0	0	0	0	0	536	548	
1	0	0	0	0	532	545	
2	0	0	0	0	527	540	
3	0	0	0	0	520	535	
4	0	0	0	0	513	532	
5	0	0	0	0	506	526	
6	0	0	0	0	501	523	
7	0	0	0	0	496	519	
8	0	0	0	0	492	517	
9	0	0	0	0	491	518	
10	0	0	0	0	492	518	
11	0	0	0	0	496	521	
12	0	0	0	0	498	524	
13	0	0	0	0	502	526	
14	0	0	0	0	509	526	
15	0	0	0	0	513	525	
0	0	0	0	0	516	521	
1	0	0	0	0	513	517	
2	0	0	0	0	508	514	
3	0	0	0	0	502	517	
4	0	0	0	0	496	523	
5	0	0	0	0	494	531	
6	0	0	0	0	494	532	
7	0	0	0	0	492	536	
8	0	0	0	0	490	538	
9	0	0	0	0	490	541	
10	0	0	0	0	496	543	
11	0	0	0	0	509	546	
12	0	0	0	0	520	545	
13	0	0	0	0	529	544	
14	0	0	0	0	534	541	
15	0	0	0	0	533	534	
0	0	0	0	0	530	528	
1	0	0	0	0	526	526	
2	0	0	0	0	521	525	
3	0	0	0	0	514	524	
4	0	0	0	0	509	524	
5	0	0	0	0	502	526	
6	0	0	0	0	493	527	
7	0	0	0	0	485	529	
8	0	0	0	0	478	534	
9	0	0	0	0	473	538	
10	0	0	0	0	470	542	
11	0	0	0	0	466	543	
12	0	0	0	0	463	543	
13	0	0	0	0	461	545	
14	0	0	0	0	463	545	
15	0	0	0	0	464	545	
0	0	0	0	0	466	543	
1	0	0	0	0	460	543	
2	0	0	0	0	455	542	
3	0	0	0	0	451	540	
4	0	0	0	0	448	540	
5	0	0	0	0	444	538	
6	0	0	0	0	436	536	
7	0	0	0	0	434	530	
8	0	0	0	0	436	524	
9	0	0	0	0	443	518	
10	0	0	0	0	451	509	
11	0	0	0	0	464	500	
12	0	0	0	0	478	493	
13	0	0	0	0	487	488	
14	0	0	0	0	496	485	
15	0	0	0	0	503	488	
0	0	0	0	0	512	496	
1	0	0	0	0	519	503	
2	0	0	0	0	519	505	
3	0	0	0	0	515	508	
4	0	0	0	0	506	513	
5	0	0	0	0	498	515	
6	0	0	0	0	492	518	
7	0	0	0	0	491	524	
8	0	0	0	0	488	531	
9	0	0	0	0	484	539	
10	0	0	0	0	482	546	
11	0	0	0	0	485	554	
12	0	0	0	0	488	556	
13	0	0	0	0	493	556	
14	0	0	0	0	496	555	
15	0	0	0	0	496	550	
0	0	0	0	0	495	543	
1	0	0	0	0	496	538	
2	0	0	0	0	494	533	
3	0	0	0	0	492	527	
4	0	0	0	0	490	523	
5	0	0	0	0	487	523	
6	0	0	0	0	486	522	
7	0	0	0	0	487	524	
8	0	0	0	0	489	524	
9	0	0	0	0	492	526	
10	0	0	0	0	493	524	
11	0	0	0	0	492	524	
12	0	0	0	0	494	526	
13	0	0	0	0	499	526	
14	0	0	0	0	499	525	
15	0	0	0	0	501	525	
0	0	0	0	0	503	527	
1	0	0	0	0	506	529	
2	0	0	0	0	512	531	
3	0	0	0	0	515	536	
4	0	0	0	0	517	542	
5	0	0	0	0	518	547	
6	0	0	0	0	515	552	
7	0	0	0	0	514	555	
8	0	0	0	0	515	560	
9	0	0	0	0	515	566	
10	0	0	0	0	513	571	
11	0	0	0	0	509	572	
12	0	0	0	0	504	572	
13	0	0	0	0	500	572	
14	0	0	0	0	495	569	
15	0	0	0	0	491	567	
0	0	0	0	0	486	565	
1	0	0	0	0	483	564	
2	0	0	0	0	479	560	
3	0	0	0	0	476	557	
4	0	0	0	0	476	552	
5	0	0	0	0	478	549	
6	0	0	0	0	479	548	
7	0	0	0	0	480	548	
8	0	0	0	0	482	548	
9	0	0	0	0	482	545	
10	0	0	0	0	483	543	
11	0	0	0	0	487	542	
12	0	0	0	0	491	539	
13	0	0	0	0	496	537	
14	0	0	0	0	498	534	
15	0	0	0	0	502	532	
0	0	0	0	0	507	531	
1	0	0	0	0	513	532	
2	0	0	0	0	516	536	
3	0	0	0	0	518	541	
4	0	0	0	0	518	540	
5	0	0	0	0	516	538	
6	0	0	0	0	517	532	
7	0	0	0	0	515	527	
8	0	0	0	0	511	523	
9	0	0	0	0	508	516	
10	0	0	0	0	504	512	
11	0	0	0	0	503	510	
12	0	0	0	0	503	506	
13	0	0	0	0	507	502	
14	0	0	0	0	511	495	
15	0	0	0	0	514	489	
0	0	0	0	0	515	484	
1	0	0	0	0	516	481	
2	0	0	0	0	513	478	
3	0	0	0	0	508	475	
4	0	0	0	0	503	473	
5	0	0	0	0	501	472	
6	0	0	0	0	493	473	
7	0	0	0	0	483	472	
8	0	0	0	0	476	475	
9	0	0	0	0	470	479	
10	0	0	0	0	470	485	
11	0	0	0	0	473	490	
12	0	0	0	0	472	492	
13	0	0	0	0	472	491	
14	0	0	0	0	473	488	
15	0	0	0	0	482	487	
0	0	0	0	0	492	486	
1	0	0	0	0	504	480	
2	0	0	0	0	512	476	
3	0	0	0	0	520	473	
4	0	0	0	0	528	473	
5	0	0	0	0	536	476	
6	0	0	0	0	547	478	
7	0	0	0	0	554	477	
8	0	0	0	0	556	473	
9	0	0	0	0	558	470	
10	0	0	0	0	553	467	
11	0	0	0	0	548	459	
12	0	0	0	0	544	455	
13	0	0	0	0	536	451	
14	0	0	0	0	530	448	
15	0	0	0	0	524	446	
0	0	0	0	0	518	443	
1	0	0	0	0	510	437	
2	0	0	0	0	504	434	
3	0	0	0	0	500	432	
4	0	0	0	0	497	431	
5	0	0	0	0	495	435	
6	0	0	0	0	490	439	
7	0	0	0	0	490	443	
8	0	0	0	0	494	446	
9	0	0	0	0	495	447	
10	0	0	0	0	498	449	
11	0	0	0	0	504	454	
12	0	0	0	0	510	461	
13	0	0	0	0	514	467	
14	0	0	0	0	516	477	
15	0	0	0	0	519	489	
0	0	0	0	0	523	500	
1	0	0	0	0	524	508	
2	0	0	0	0	524	516	
3	0	0	0	0	520	523	
4	0	0	0	0	520	528	
5	0	0	0	0	521	530	
6	0	0	0	0	524	525	
7	0	0	0	0	525	515	
8	0	0	0	0	520	504	
9	0	0	0	0	515	495	
10	0	0	0	0	504	487	
11	0	0	0	0	489	477	
12	0	0	0	0	475	467	
13	0	0	0	0	464	458	
14	0	0	0	0	455	451	
15	0	0	0	0	448	444	
0	0	0	0	0	439	440	
1	0	0	0	0	432	439	
2	0	0	0	0	422	436	
3	0	0	0	0	414	432	
4	0	0	0	0	410	433	
5	0	0	0	0	413	440	
6	0	0	0	0	418	451	
7	0	0	0	0	422	459	
8	0	0	0	0	423	463	
9	0	0	0	0	419	465	
10	0	0	0	0	413	466	
11	0	0	0	0	406	471	
12	0	0	0	0	400	476	
13	0	0	0	0	399	479	
14	0	0	0	0	397	488	
15	0	0	0	0	396	495	
0	0	0	0	0	402	503	
1	0	0	0	0	406	508	
2	0	0	0	0	408	512	
3	0	0	0	0	408	515	
4	0	0	0	0	411	511	
5	0	0	0	0	416	509	
6	0	0	0	0	416	508	
7	0	0	0	0	416	504	
8	0	0	0	0	416	495	
9	0	0	0	0	416	486	
10	0	0	0	0	415	480	
11	0	0	0	0	410	479	
12	0	0	0	0	401	479	
13	0	0	0	0	391	483	
14	0	0	0	0	387	488	
15	0	0	0	0	380	492	
0	0	0	0	0	372	494	
1	0	0	0	0	369	492	
2	0	0	0	0	367	489	
3	0	0	0	0	368	486	
4	0	0	0	0	372	485	
5	0	0	0	0	379	483	
6	0	0	0	0	384	486	
7	0	0	0	0	388	484	
8	0	0	0	0	391	488	
9	0	0	0	0	394	492	
10	0	0	0	0	395	495	
11	0	0	0	0	393	495	
12	0	0	0	0	393	500	
13	0	0	0	0	391	503	
14	0	0	0	0	386	505	
15	0	0	0	0	380	507	
0	0	0	0	0	374	505	
1	0	0	0	0	368	505	
2	0	0	0	0	367	502	
3	0	0	0	0	368	501	
4	0	0	0	0	371	499	
5	0	0	0	0	376	499	
6	0	0	0	0	380	497	
7	0	0	0	0	384	497	
8	0	0	0	0	390	500	
9	0	0	0	0	397	503	
10	0	0	0	0	399	504	
11	0	0	0	0	402	501	
12	0	0	0	0	399	497	
13	0	0	0	0	396	494	
14	0	0	0	0	394	495	
15	0	0	0	0	391	497	
0	0	0	0	0	394	499	
1	0	0	0	0	397	497	
2	0	0	0	0	398	499	
3	0	0	0	0	401	500	
4	0	0	0	0	401	501	
5	0	0	0	0	400	502	
6	0	0	0	0	399	507	
7	0	0	0	0	396	512	
8	0	0	0	0	393	515	
9	0	0	0	0	387	517	
10	0	0	0	0	379	519	
11	0	0	0	0	371	517	
12	0	0	0	0	365	512	
13	0	0	0	0	360	506	
14	0	0	0	0	356	504	
15	0	0	0	0	351	497	
0	0	0	0	0	350	491	
1	0	0	0	0	350	487	
2	0	0	0	0	351	486	
3	0	0	0	0	348	483	
4	0	0	0	0	345	480	
5	0	0	0	0	348	484	
6	0	0	0	0	352	491	
7	0	0	0	0	355	499	
8	0	0	0	0	361	509	
9	0	0	0	0	368	518	
10	0	0	0	0	369	523	
11	0	0	0	0	372	521	
12	0	0	0	0	374	518	
13	0	0	0	0	373	511	
14	0	0	0	0	369	506	
15	0	0	0	0	363	500	
0	0	0	0	0	361	495	
1	0	0	0	0	358	491	
2	0	0	0	0	358	487	
3	0	0	0	0	356	485	
4	0	0	0	0	358	486	
5	0	0	0	0	364	488	
6	0	0	0	0	371	489	
7	0	0	0	0	380	489	
8	0	0	0	0	390	493	
9	0	0	0	0	399	496	
10	0	0	0	0	406	503	
11	0	0	0	0	412	508	
12	0	0	0	0	416	517	
13	0	0	0	0	419	527	
14	0	0	0	0	422	531	
15	0	0	0	0	423	534	
0	0	0	0	0	423	534	
1	0	0	0	0	420	527	
2	0	0	0	0	416	521	
3	0	0	0	0	414	513	
4	0	0	0	0	413	503	
5	0	0	0	0	411	492	
6	0	0	0	0	413	484	
7	0	0	0	0	420	483	
8	0	0	0	0	423	484	
9	0	0	0	0	423	483	
10	0	0	0	0	420	486	
11	0	0	0	0	417	493	
12	0	0	0	0	410	499	
13	0	0	0	0	406	501	
14	0	0	0	0	403	496	
15	0	0	0	0	402	495	
0	0	0	0	0	401	492	
1	0	0	0	0	402	487	
2	0	0	0	0	404	486	
3	0	0	0	0	408	487	
4	0	0	0	0	412	485	
5	0	0	0	0	421	483	
6	0	0	0	0	428	484	
7	0	0	0	0	433	480	
8	0	0	0	0	439	478	
9	0	0	0	0	440	474	
10	0	0	0	0	435	465	
11	0	0	0	0	430	462	
12	0	0	0	0	425	460	
13	0	0	0	0	420	455	
14	0	0	0	0	416	451	
15	0	0	0	0	412	446	
0	0	0	0	0	409	443	
1	0	0	0	0	406	443	
2	0	0	0	0	405	447	
3	0	0	0	0	402	451	
4	0	0	0	0	398	455	
5	0	0	0	0	393	457	
6	0	0	0	0	393	452	
7	0	0	0	0	394	449	
8	0	0	0	0	394	450	
9	0	0	0	0	394	452	
10	0	0	0	0	396	455	
11	0	0	0	0	399	459	
12	0	0	0	0	403	466	
13	0	0	0	0	408	472	
14	0	0	0	0	412	475	
15	0	0	0	0	414	476	
0	0	0	0	0	416	479	
1	0	0	0	0	416	484	
2	0	0	0	0	419	487	
3	0	0	0	0	420	488	
4	0	0	0	0	420	488	
5	0	0	0	0	424	487	
6	0	0	0	0	430	484	
7	0	0	0	0	438	477	
8	0	0	0	0	444	471	
9	0	0	0	0	445	464	
10	0	0	0	0	444	459	
11	0	0	0	0	441	452	
12	0	0	0	0	440	448	
13	0	0	0	0	439	448	
14	0	0	0	0	437	453	
15	0	0	0	0	436	458	
0	0	0	0	0	440	463	
1	0	0	0	0	444	465	
2	0	0	0	0	451	470	
3	0	0	0	0	460	473	
4	0	0	0	0	472	475	
5	0	0	0	0	484	475	
6	0	0	0	0	491	472	
7	0	0	0	0	501	473	
8	0	0	0	0	510	474	
9	0	0	0	0	519	468	
10	0	0	0	0	523	462	
11	0	0	0	0	527	460	
12	0	0	0	0	531	455	
13	0	0	0	0	537	453	
14	0	0	0	0	540	454	
15	0	0	0	0	541	455	
0	0	0	0	0	540	455	
1	0	0	0	0	539	454	
2	0	0	0	0	535	451	
3	0	0	0	0	533	452	
4	0	0	0	0	530	455	
5	0	0	0	0	528	460	
6	0	0	0	0	532	462	
7	0	0	0	0	534	461	
8	0	0	0	0	533	463	
9	0	0	0	0	532	465	
10	0	0	0	0	536	468	
11	0	0	0	0	542	467	
12	0	0	0	0	547	465	
13	0	0	0	0	553	459	
14	0	0	0	0	556	452	
15	0	0	0	0	557	447	
0	0	0	0	0	556	443	
1	0	0	0	0	556	445	
2	0	0	0	0	556	447	
3	0	0	0	0	555	451	
4	0	0	0	0	551	452	
5	0	0	0	0	547	452	
6	0	0	0	0	544	454	
7	0	0	0	0	542	457	
8	0	0	0	0	545	460	
9	0	0	0	0	547	465	
10	0	0	0	0	549	470	
11	0	0	0	0	552	477	
12	0	0	0	0	558	483	
13	0	0	0	0	563	490	
14	0	0	0	0	565	493	
15	0	0	0	0	564	494	
0	0	0	0	0	562	487	
1	0	0	0	0	562	481	
2	0	0	0	0	564	477	
3	0	0	0	0	565	469	
4	0	0	0	0	565	457	
5	0	0	0	0	560	445	
6	0	0	0	0	554	436	
7	0	0	0	0	553	432	
8	0	0	0	0	557	431	
9	0	0	0	0	565	430	
10	0	0	0	0	573	426	
11	0	0	0	0	581	419	
12	0	0	0	0	587	413	
13	0	0	0	0	591	403	
14	0	0	0	0	595	386	
15	0	0	0	0	599	383	
0	0	0	0	0	604	379	
1	0	0	0	0	609	375	
2	0	0	0	0	611	375	
3	0	0	0	0	609	373	
4	0	0	0	0	604	374	
5	0	0	0	0	598	378	
6	0	0	0	0	595	379	
7	0	0	0	0	594	383	
8	0	0	0	0	595	382	
9	0	0	0	0	600	380	
10	0	0	0	0	604	376	
11	0	0	0	0	615	370	
12	0	0	0	0	628	362	
13	0	0	0	0	638	358	
14	0	0	0	0	643	346	
15	0	0	0	0	643	349	
0	0	0	0	0	638	352	
1	0	0	0	0	629	347	
2	0	0	0	0	620	350	
3	0	0	0	0	611	354	
4	0	0	0	0	603	364	
5	0	0	0	0	596	373	
6	0	0	0	0	591	375	
7	0	0	0	0	589	376	
8	0	0	0	0	589	374	
9	0	0	0	0	588	371	
10	0	0	0	0	587	378	
11	0	0	0	0	587	381	
12	0	0	0	0	587	385	
13	0	0	0	0	589	390	
14	0	0	0	0	593	390	
15	0	0	0	0	594	399	
0	0	0	0	0	595	404	
1	0	0	0	0	593	408	
2	0	0	0	0	591	413	
3	0	0	0	0	588	415	
4	0	0	0	0	583	417	
5	0	0	0	0	580	421	
6	0	0	0	0	578	424	
7	0	0	0	0	576	429	
8	0	0	0	0	572	433	
9	0	0	0	0	568	440	
10	0	0	0	0	565	448	
11	0	0	0	0	561	456	
12	0	0	0	0	559	459	
13	0	0	0	0	557	460	
14	0	0	0	0	557	460	
15	0	0	0	0	558	461	
0	0	0	0	0	558	459	
1	0	0	0	0	557	456	
2	0	0	0	0	555	454	
3	0	0	0	0	553	451	
4	0	0	0	0	550	448	
5	0	0	0	0	546	450	
6	0	0	0	0	545	449	
7	0	0	0	0	547	449	
8	0	0	0	0	551	448	
9	0	0	0	0	555	445	
10	0	0	0	0	558	440	
11	0	0	0	0	560	440	
12	0	0	0	0	563	439	
13	0	0	0	0	566	443	
14	0	0	0	0	571	439	
15	0	0	0	0	574	430	
0	0	0	0	0	572	419	
1	0	0	0	0	571	410	
2	0	0	0	0	569	407	
3	0	0	0	0	567	405	
4	0	0	0	0	563	401	
5	0	0	0	0	559	406	
6	0	0	0	0	552	407	
7	0	0	0	0	542	407	
8	0	0	0	0	532	416	
9	0	0	0	0	527	426	
10	0	0	0	0	525	438	
11	0	0	0	0	528	449	
12	0	0	0	0	539	465	
13	0	0	0	0	546	482	
14	0	0	0	0	554	493	
15	0	0	0	0	561	499	
0	0	0	0	0	563	503	
1	0	0	0	0	561	507	
2	0	0	0	0	555	510	
3	0	0	0	0	544	510	
4	0	0	0	0	534	510	
5	0	0	0	0	527	509	
6	0	0	0	0	519	506	
7	0	0	0	0	509	500	
8	0	0	0	0	500	491	
9	0	0	0	0	496	486	
10	0	0	0	0	493	481	
11	0	0	0	0	488	480	
12	0	0	0	0	481	480	
13	0	0	0	0	476	482	
14	0	0	0	0	474	482	
15	0	0	0	0	472	478	
0	0	0	0	0	468	474	
1	0	0	0	0	464	471	
2	0	0	0	0	462	471	
3	0	0	0	0	460	475	
4	0	0	0	0	461	476	
5	0	0	0	0	463	476	
6	0	0	0	0	463	475	
7	0	0	0	0	464	472	
8	0	0	0	0	463	469	
9	0	0	0	0	466	464	
10	0	0	0	0	470	457	
11	0	0	0	0	471	456	
12	0	0	0	0	473	460	
13	0	0	0	0	475	466	
14	0	0	0	0	474	474	
15	0	0	0	0	472	486	
0	0	0	0	0	469	500	
1	0	0	0	0	469	514	
2	0	0	0	0	472	524	
3	0	0	0	0	476	530	
4	0	0	0	0	478	537	
5	0	0	0	0	480	541	
6	0	0	0	0	482	542	
7	0	0	0	0	481	543	
8	0	0	0	0	478	542	
9	0	0	0	0	478	539	
10	0	0	0	0	481	534	
11	0	0	0	0	484	529	
12	0	0	0	0	486	524	
13	0	0	0	0	488	516	
14	0	0	0	0	488	509	
15	0	0	0	0	488	505	
0	0	0	0	0	487	499	
1	0	0	0	0	486	491	
2	0	0	0	0	487	483	
3	0	0	0	0	493	476	
4	0	0	0	0	499	471	
5	0	0	0	0	507	469	
6	0	0	0	0	511	466	
7	0	0	0	0	511	463	
8	0	0	0	0	508	463	
9	0	0	0	0	507	467	
10	0	0	0	0	510	474	
11	0	0	0	0	512	480	
12	0	0	0	0	513	483	
13	0	0	0	0	518	487	
14	0	0	0	0	523	492	
15	0	0	0	0	528	495	
0	0	0	0	0	532	495	
1	0	0	0	0	539	494	
2	0	0	0	0	547	492	
3	0	0	0	0	550	491	
4	0	0	0	0	552	493	
5	0	0	0	0	557	499	
6	0	0	0	0	557	504	
7	0	0	0	0	551	502	
8	0	0	0	0	543	501	
9	0	0	0	0	531	500	
10	0	0	0	0	520	501	
11	0	0	0	0	513	504	
12	0	0	0	0	508	503	
13	0	0	0	0	503	502	
14	0	0	0	0	499	497	
15	0	0	0	0	497	496	
0	0	0	0	0	500	493	
1	0	0	0	0	502	489	
2	0	0	0	0	505	486	
3	0	0	0	0	509	482	
4	0	0	0	0	515	481	
5	0	0	0	0	523	481	
6	0	0	0	0	528	481	
7	0	0	0	0	533	481	
8	0	0	0	0	535	481	
9	0	0	0	0	536	479	
10	0	0	0	0	532	478	
11	0	0	0	0	527	479	
12	0	0	0	0	521	481	
13	0	0	0	0	519	487	
14	0	0	0	0	522	491	
15	0	0	0	0	526	499	
0	0	0	0	0	528	508	
1	0	0	0	0	526	515	
2	0	0	0	0	524	520	
3	0	0	0	0	521	526	
4	0	0	0	0	519	526	
5	0	0	0	0	514	524	
6	0	0	0	0	510	518	
7	0	0	0	0	508	512	
8	0	0	0	0	504	507	
9	0	0	0	0	503	507	
10	0	0	0	0	499	505	
11	0	0	0	0	495	501	
12	0	0	0	0	492	500	
13	0	0	0	0	488	499	
14	0	0	0	0	487	497	
15	0	0	0	0	486	495	
0	0	0	0	0	488	492	
1	0	0	0	0	492	488	
2	0	0	0	0	496	483	
3	0	0	0	0	502	480	
4	0	0	0	0	513	481	
5	0	0	0	0	528	483	
6	0	0	0	0	545	493	
7	0	0	0	0	563	501	
8	0	0	0	0	574	507	
9	0	0	0	0	579	514	
10	0	0	0	0	578	519	
11	0	0	0	0	572	520	
12	0	0	0	0	568	522	
13	0	0	0	0	565	522	
14	0	0	0	0	561	526	
15	0	0	0	0	561	528	
0	0	0	0	0	559	534	
1	0	0	0	0	555	541	
2	0	0	0	0	557	549	
3	0	0	0	0	564	558	
4	0	0	0	0	569	558	
5	0	0	0	0	572	557	
6	0	0	0	0	575	555	
7	0	0	0	0	575	553	
8	0	0	0	0	575	556	
9	0	0	0	0	575	555	
10	0	0	0	0	575	546	
11	0	0	0	0	574	535	
12	0	0	0	0	571	522	
13	0	0	0	0	568	513	
14	0	0	0	0	562	504	
15	0	0	0	0	558	493	
0	0	0	0	0	557	487	
1	0	0	0	0	559	489	
2	0	0	0	0	564	488	
3	0	0	0	0	568	492	
4	0	0	0	0	571	491	
5	0	0	0	0	575	494	
6	0	0	0	0	583	496	
7	0	0	0	0	590	500	
8	0	0	0	0	597	506	
9	0	0	0	0	595	510	
10	0	0	0	0	590	513	
11	0	0	0	0	583	512	
12	0	0	0	0	576	516	
13	0	0	0	0	568	520	
14	0	0	0	0	560	526	
15	0	0	0	0	551	531	
0	0	0	0	0	540	539	
1	0	0	0	0	529	546	
2	0	0	0	0	523	551	
3	0	0	0	0	518	547	
4	0	0	0	0	519	540	
5	0	0	0	0	518	530	
6	0	0	0	0	518	523	
7	0	0	0	0	516	516	
8	0	0	0	0	515	511	
9	0	0	0	0	511	510	
10	0	0	0	0	510	508	
11	0	0	0	0	506	506	
12	0	0	0	0	500	504	
13	0	0	0	0	496	502	
14	0	0	0	0	491	501	
15	0	0	0	0	487	503	
0	0	0	0	0	484	505	
1	0	0	0	0	485	508	
2	0	0	0	0	484	510	
3	0	0	0	0	486	515	
4	0	0	0	0	489	515	
5	0	0	0	0	495	515	
6	0	0	0	0	499	511	
7	0	0	0	0	506	507	
8	0	0	0	0	513	503	
9	0	0	0	0	515	505	
10	0	0	0	0	518	508	
11	0	0	0	0	520	511	
12	0	0	0	0	521	513	
13	0	0	0	0	520	512	
14	0	0	0	0	518	510	
15	0	0	0	0	513	508	
0	0	0	0	0	512	509	
1	0	0	0	0	517	513	
2	0	0	0	0	522	518	
3	0	0	0	0	528	521	
4	0	0	0	0	535	525	
5	0	0	0	0	539	526	
6	0	0	0	0	543	525	
7	0	0	0	0	544	521	
8	0	0	0	0	548	515	
9	0	0	0	0	553	510	
10	0	0	0	0	554	503	
11	0	0	0	0	553	496	
12	0	0	0	0	550	492	
13	0	0	0	0	544	482	
14	0	0	0	0	537	475	
15	0	0	0	0	527	468	
0	0	0	0	0	521	465	
1	0	0	0	0	518	464	
2	0	0	0	0	515	464	
3	0	0	0	0	515	466	
4	0	0	0	0	517	467	
5	0	0	0	0	523	467	
6	0	0	0	0	529	465	
7	0	0	0	0	535	464	
8	0	0	0	0	538	463	
9	0	0	0	0	540	463	
10	0	0	0	0	544	467	
11	0	0	0	0	547	474	
12	0	0	0	0	549	479	
13	0	0	0	0	550	485	
14	0	0	0	0	550	494	
15	0	0	0	0	551	504	
0	0	0	0	0	548	511	
1	0	0	0	0	546	517	
2	0	0	0	0	543	521	
3	0	0	0	0	545	521	
4	0	0	0	0	546	521	
5	0	0	0	0	551	520	
6	0	0	0	0	559	521	
7	0	0	0	0	567	523	
8	0	0	0	0	571	523	
9	0	0	0	0	572	523	
10	0	0	0	0	568	519	
11	0	0	0	0	567	518	
12	0	0	0	0	567	519	
13	0	0	0	0	567	522	
14	0	0	0	0	561	520	
15	0	0	0	0	553	515	
0	0	0	0	0	547	508	
1	0	0	0	0	537	503	
2	0	0	0	0	532	500	
3	0	0	0	0	531	501	
4	0	0	0	0	532	503	
5	0	0	0	0	532	504	
6	0	0	0	0	535	507	
7	0	0	0	0	536	510	
8	0	0	0	0	539	513	
9	0	0	0	0	540	519	
10	0	0	0	0	542	525	
11	0	0	0	0	546	531	
12	0	0	0	0	551	535	
13	0	0	0	0	556	535	
14	0	0	0	0	559	534	
15	0	0	0	0	561	536	
0	0	0	0	0	560	540	
1	0	0	0	0	558	540	
2	0	0	0	0	555	542	
3	0	0	0	0	551	547	
4	0	0	0	0	543	546	
5	0	0	0	0	537	547	
6	0	0	0	0	532	551	
7	0	0	0	0	530	552	
8	0	0	0	0	530	551	
9	0	0	0	0	531	550	
10	0	0	0	0	532	547	
11	0	0	0	0	533	543	
12	0	0	0	0	534	542	
13	0	0	0	0	532	544	
14	0	0	0	0	532	543	
15	0	0	0	0	532	543	
0	0	0	0	0	532	540	
1	0	0	0	0	530	538	
2	0	0	0	0	528	539	
3	0	0	0	0	523	539	
4	0	0	0	0	519	536	
5	0	0	0	0	517	534	
6	0	0	0	0	515	533	
7	0	0	0	0	518	531	
8	0	0	0	0	518	528	
9	0	0	0	0	515	523	
10	0	0	0	0	510	517	
11	0	0	0	0	509	515	
12	0	0	0	0	509	522	
13	0	0	0	0	512	526	
14	0	0	0	0	515	531	
15	0	0	0	0	518	542	
0	0	0	0	0	524	551	
1	0	0	0	0	527	559	
2	0	0	0	0	528	560	
3	0	0	0	0	533	557	
4	0	0	0	0	536	555	
5	0	0	0	0	539	553	
6	0	0	0	0	540	553	
7	0	0	0	0	542	555	
8	0	0	0	0	542	555	
9	0	0	0	0	546	551	
10	0	0	0	0	551	550	
11	0	0	0	0	554	550	
12	0	0	0	0	556	547	
13	0	0	0	0	556	550	
14	0	0	0	0	556	554	
15	0	0	0	0	557	557	
0	0	0	0	0	559	560	
1	0	0	0	0	560	561	
2	0	0	0	0	559	560	
3	0	0	0	0	556	561	
4	0	0	0	0	551	561	
5	0	0	0	0	549	558	
6	0	0	0	0	548	555	
7	0	0	0	0	551	555	
8	0	0	0	0	558	556	
9	0	0	0	0	561	561	
10	0	0	0	0	565	565	
11	0	0	0	0	568	568	
12	0	0	0	0	570	569	
13	0	0	0	0	574	567	
14	0	0	0	0	578	562	
15	0	0	0	0	579	557	
0	0	0	0	0	576	553	
1	0	0	0	0	572	547	
2	0	0	0	0	566	541	
3	0	0	0	0	563	535	
4	0	0	0	0	559	531	
5	0	0	0	0	552	525	
6	0	0	0	0	550	520	
7	0	0	0	0	544	519	
8	0	0	0	0	541	517	
9	0	0	0	0	537	515	
10	0	0	0	0	536	515	
11	0	0	0	0	536	514	
12	0	0	0	0	531	516	
13	0	0	0	0	524	514	
14	0	0	0	0	520	509	
15	0	0	0	0	514	505	
0	0	0	0	0	510	507	
1	0	0	0	0	505	514	
2	0	0	0	0	499	523	
3	0	0	0	0	499	529	
4	0	0	0	0	502	535	
5	0	0	0	0	507	537	
6	0	0	0	0	508	535	
7	0	0	0	0	509	534	
8	0	0	0	0	508	534	
9	0	0	0	0	511	537	
10	0	0	0	0	512	545	
11	0	0	0	0	519	554	
12	0	0	0	0	528	560	
13	0	0	0	0	537	563	
14	0	0	0	0	546	566	
15	0	0	0	0	556	568	
0	0	0	0	0	565	563	
1	0	0	0	0	570	553	
2	0	0	0	0	570	546	
3	0	0	0	0	568	543	
4	0	0	0	0	565	543	
5	0	0	0	0	560	548	
6	0	0	0	0	556	553	
7	0	0	0	0	553	559	
8	0	0	0	0	550	562	
9	0	0	0	0	548	561	
10	0	0	0	0	551	559	
11	0	0	0	0	556	558	
12	0	0	0	0	563	559	
13	0	0	0	0	570	558	
14	0	0	0	0	572	558	
15	0	0	0	0	569	555	
0	0	0	0	0	563	554	
1	0	0	0	0	558	553	
2	0	0	0	0	551	551	
3	0	0	0	0	549	556	
4	0	0	0	0	547	563	
5	0	0	0	0	545	567	
6	0	0	0	0	540	569	
7	0	0	0	0	536	564	
8	0	0	0	0	531	558	
9	0	0	0	0	529	549	
10	0	0	0	0	531	545	
11	0	0	0	0	536	545	
12	0	0	0	0	546	544	
13	0	0	0	0	557	546	
14	0	0	0	0	566	546	
15	0	0	0	0	571	551	
0	0	0	0	0	574	555	
1	0	0	0	0	575	559	
2	0	0	0	0	573	560	
3	0	0	0	0	571	560	
4	0	0	0	0	567	559	
5	0	0	0	0	565	559	
6	0	0	0	0	564	558	
7	0	0	0	0	565	556	
8	0	0	0	0	563	555	
9	0	0	0	0	559	555	
10	0	0	0	0	553	558	
11	0	0	0	0	550	561	
12	0	0	0	0	548	560	
13	0	0	0	0	551	556	
14	0	0	0	0	555	547	
15	0	0	0	0	558	540	
0	0	0	0	0	558	529	
1	0	0	0	0	559	522	
2	0	0	0	0	556	516	
3	0	0	0	0	550	510	
4	0	0	0	0	547	509	
5	0	0	0	0	542	509	
6	0	0	0	0	538	512	
7	0	0	0	0	536	516	
8	0	0	0	0	534	520	
9	0	0	0	0	535	524	
10	0	0	0	0	534	530	
11	0	0	0	0	536	540	
12	0	0	0	0	543	547	
13	0	0	0	0	549	555	
14	0	0	0	0	556	564	
15	0	0	0	0	566	572	
0	0	0	0	0	572	574	
1	0	0	0	0	575	572	
2	0	0	0	0	576	568	
3	0	0	0	0	578	561	
4	0	0	0	0	579	556	
5	0	0	0	0	577	550	
6	0	0	0	0	569	543	
7	0	0	0	0	563	536	
8	0	0	0	0	559	529	
9	0	0	0	0	557	527	
10	0	0	0	0	557	527	
11	0	0	0	0	559	532	
12	0	0	0	0	564	542	
13	0	0	0	0	571	551	
14	0	0	0	0	578	554	
15	0	0	0	0	589	556	
0	0	0	0	0	599	553	
1	0	0	0	0	606	550	
2	0	0	0	0	612	546	
3	0	0	0	0	614	542	
4	0	0	0	0	610	540	
5	0	0	0	0	608	537	
6	0	0	0	0	604	539	
7	0	0	0	0	596	537	
8	0	0	0	0	585	536	
9	0	0	0	0	577	532	
10	0	0	0	0	569	527	
11	0	0	0	0	562	526	
12	0	0	0	0	558	527	
13	0	0	0	0	556	533	
14	0	0	0	0	555	539	
15	0	0	0	0	556	543	
0	0	0	0	0	558	547	
1	0	0	0	0	555	548	
2	0	0	0	0	554	549	
3	0	0	0	0	553	555	
4	0	0	0	0	555	559	
5	0	0	0	0	555	563	
6	0	0	0	0	556	565	
7	0	0	0	0	561	571	
8	0	0	0	0	566	578	
9	0	0	0	0	568	579	
10	0	0	0	0	564	575	
11	0	0	0	0	561	572	
12	0	0	0	0	558	571	
13	0	0	0	0	558	573	
14	0	0	0	0	561	575	
15	0	0	0	0	562	579	
0	0	0	0	0	562	587	
1	0	0	0	0	563	594	
2	0	0	0	0	566	598	
3	0	0	0	0	564	598	
4	0	0	0	0	562	595	
5	0	0	0	0	559	590	
6	0	0	0	0	555	582	
7	0	0	0	0	551	572	
8	0	0	0	0	546	560	
9	0	0	0	0	547	551	
10	0	0	0	0	552	546	
11	0	0	0	0	556	547	
12	0	0	0	0	558	552	
13	0	0	0	0	558	558	
14	0	0	0	0	559	565	
15	0	0	0	0	557	568	
0	0	0	0	0	555	569	
1	0	0	0	0	554	569	
2	0	0	0	0	554	568	
3	0	0	0	0	552	567	
4	0	0	0	0	553	565	
5	0	0	0	0	551	563	
6	0	0	0	0	548	560	
7	0	0	0	0	545	555	
8	0	0	0	0	542	548	
9	0	0	0	0	542	543	
10	0	0	0	0	540	534	
11	0	0	0	0	540	529	
12	0	0	0	0	540	524	
13	0	0	0	0	542	521	
14	0	0	0	0	546	518	
15	0	0	0	0	551	519	
0	0	0	0	0	558	524	
1	0	0	0	0	564	524	
2	0	0	0	0	571	521	
3	0	0	0	0	575	516	
4	0	0	0	0	578	509	
5	0	0	0	0	577	505	
6	0	0	0	0	571	507	
7	0	0	0	0	563	508	
8	0	0	0	0	559	514	
9	0	0	0	0	557	523	
10	0	0	0	0	553	532	
11	0	0	0	0	552	544	
12	0	0	0	0	551	556	
13	0	0	0	0	551	566	
14	0	0	0	0	548	572	
15	0	0	0	0	544	576	
0	0	0	0	0	542	577	
1	0	0	0	0	540	575	
2	0	0	0	0	541	574	
3	0	0	0	0	541	571	
4	0	0	0	0	536	564	
5	0	0	0	0	530	559	
6	0	0	0	0	523	555	
7	0	0	0	0	515	556	
8	0	0	0	0	508	559	
9	0	0	0	0	500	560	
10	0	0	0	0	495	557	
11	0	0	0	0	493	554	
12	0	0	0	0	491	551	
13	0	0	0	0	491	551	
14	0	0	0	0	491	548	
15	0	0	0	0	494	547	
0	0	0	0	0	503	543	
1	0	0	0	0	511	539	
2	0	0	0	0	522	535	
3	0	0	0	0	526	532	
4	0	0	0	0	528	529	
5	0	0	0	0	527	526	
6	0	0	0	0	529	523	
7	0	0	0	0	529	520	
8	0	0	0	0	531	521	
9	0	0	0	0	533	518	
10	0	0	0	0	534	518	
11	0	0	0	0	535	524	
12	0	0	0	0	536	528	
13	0	0	0	0	536	532	
14	0	0	0	0	534	531	
15	0	0	0	0	532	533	
0	0	0	0	0	528	536	
1	0	0	0	0	529	541	
2	0	0	0	0	532	544	
3	0	0	0	0	531	542	
4	0	0	0	0	528	537	
5	0	0	0	0	526	533	
6	0	0	0	0	527	531	
7	0	0	0	0	534	530	
8	0	0	0	0	545	532	
9	0	0	0	0	553	534	
10	0	0	0	0	561	537	
11	0	0	0	0	564	543	
12	0	0	0	0	564	548	
13	0	0	0	0	564	551	
14	0	0	0	0	563	549	
15	0	0	0	0	561	545	
0	0	0	0	0	561	536	
1	0	0	0	0	563	528	
2	0	0	0	0	563	524	
3	0	0	0	0	566	524	
4	0	0	0	0	569	526	
5	0	0	0	0	571	530	
6	0	0	0	0	572	536	
7	0	0	0	0	571	541	
8	0	0	0	0	569	546	
9	0	0	0	0	567	549	
10	0	0	0	0	560	546	
11	0	0	0	0	552	539	
12	0	0	0	0	540	531	
13	0	0	0	0	528	526	
14	0	0	0	0	516	523	
15	0	0	0	0	500	519	
0	0	0	0	0	488	516	
1	0	0	0	0	478	515	
2	0	0	0	0	469	515	
3	0	0	0	0	464	516	
4	0	0	0	0	459	513	
5	0	0	0	0	457	508	
6	0	0	0	0	458	507	
7	0	0	0	0	463	508	
8	0	0	0	0	472	511	
9	0	0	0	0	483	512	
10	0	0	0	0	492	513	
11	0	0	0	0	499	513	
12	0	0	0	0	505	516	
13	0	0	0	0	505	519	
14	0	0	0	0	507	520	
15	0	0	0	0	504	518	
0	0	0	0	0	503	514	
1	0	0	0	0	500	511	
2	0	0	0	0	497	508	
3	0	0	0	0	495	508	
4	0	0	0	0	496	516	
5	0	0	0	0	497	523	
6	0	0	0	0	499	529	
7	0	0	0	0	499	535	
8	0	0	0	0	499	537	
9	0	0	0	0	501	538	
10	0	0	0	0	504	539	
11	0	0	0	0	501	537	
12	0	0	0	0	498	538	
13	0	0	0	0	494	537	
14	0	0	0	0	488	537	
15	0	0	0	0	479	537	
0	0	0	0	0	472	540	
1	0	0	0	0	467	543	
2	0	0	0	0	464	546	
3	0	0	0	0	464	554	
4	0	0	0	0	468	555	
5	0	0	0	0	478	556	
6	0	0	0	0	487	556	
7	0	0	0	0	494	550	
8	0	0	0	0	502	549	
9	0	0	0	0	507	551	
10	0	0	0	0	514	552	
11	0	0	0	0	516	553	
12	0	0	0	0	518	552	
13	0	0	0	0	518	551	
14	0	0	0	0	514	549	
15	0	0	0	0	510	544	
0	0	0	0	0	503	541	
1	0	0	0	0	499	536	
2	0	0	0	0	496	532	
3	0	0	0	0	496	532	
4	0	0	0	0	501	532	
5	0	0	0	0	506	532	
6	0	0	0	0	511	530	
7	0	0	0	0	515	528	
8	0	0	0	0	523	530	
9	0	0	0	0	527	534	
10	0	0	0	0	526	541	
11	0	0	0	0	521	544	
12	0	0	0	0	516	545	
13	0	0	0	0	511	545	
14	0	0	0	0	509	544	
15	0	0	0	0	502	547	
0	0	0	0	0	497	547	
1	0	0	0	0	496	545	
2	0	0	0	0	495	545	
3	0	0	0	0	495	545	
4	0	0	0	0	492	548	
5	0	0	0	0	489	549	
6	0	0	0	0	492	552	
7	0	0	0	0	497	556	
8	0	0	0	0	500	556	
9	0	0	0	0	505	549	
10	0	0	0	0	511	542	
11	0	0	0	0	515	536	
12	0	0	0	0	518	533	
13	0	0	0	0	516	531	
14	0	0	0	0	514	530	
15	0	0	0	0	508	523	
0	0	0	0	0	502	512	
1	0	0	0	0	496	505	
2	0	0	0	0	490	498	
3	0	0	0	0	487	491	
4	0	0	0	0	487	491	
5	0	0	0	0	490	496	
6	0	0	0	0	497	501	
7	0	0	0	0	506	511	
8	0	0	0	0	517	523	
9	0	0	0	0	528	534	
10	0	0	0	0	536	544	
11	0	0	0	0	540	551	
12	0	0	0	0	539	561	
13	0	0	0	0	539	569	
14	0	0	0	0	535	574	
15	0	0	0	0	529	579	
0	0	0	0	0	520	580	
1	0	0	0	0	512	581	
2	0	0	0	0	505	581	
3	0	0	0	0	499	576	
4	0	0	0	0	496	574	
5	0	0	0	0	494	568	
6	0	0	0	0	494	564	
7	0	0	0	0	494	560	
8	0	0	0	0	496	553	
9	0	0	0	0	499	547	
10	0	0	0	0	500	536	
11	0	0	0	0	502	527	
12	0	0	0	0	508	517	
13	0	0	0	0	512	508	
14	0	0	0	0	511	502	
15	0	0	0	0	508	503	
0	0	0	0	0	503	510	
1	0	0	0	0	495	514	
2	0	0	0	0	489	516	
3	0	0	0	0	483	512	
4	0	0	0	0	480	504	
5	0	0	0	0	477	496	
6	0	0	0	0	476	490	
7	0	0	0	0	474	489	
8	0	0	0	0	474	491	
9	0	0	0	0	477	496	
10	0	0	0	0	483	502	
11	0	0	0	0	489	504	
12	0	0	0	0	492	503	
13	0	0	0	0	488	499	
14	0	0	0	0	477	499	
15	0	0	0	0	468	504	
0	0	0	0	0	463	511	
1	0	0	0	0	459	515	
2	0	0	0	0	456	517	
3	0	0	0	0	457	520	
4	0	0	0	0	457	522	
5	0	0	0	0	456	524	
6	0	0	0	0	454	527	
7	0	0	0	0	452	529	
8	0	0	0	0	452	532	
9	0	0	0	0	452	531	
10	0	0	0	0	456	531	
11	0	0	0	0	462	529	
12	0	0	0	0	465	524	
13	0	0	0	0	466	515	
14	0	0	0	0	467	509	
15	0	0	0	0	468	506	
0	0	0	0	0	470	501	
1	0	0	0	0	471	501	
2	0	0	0	0	470	499	
3	0	0	0	0	470	502	
4	0	0	0	0	469	507	
5	0	0	0	0	468	511	
6	0	0	0	0	467	517	
7	0	0	0	0	465	519	
8	0	0	0	0	466	519	
9	0	0	0	0	470	516	
10	0	0	0	0	476	511	
11	0	0	0	0	480	508	
12	0	0	0	0	481	506	
13	0	0	0	0	489	504	
14	0	0	0	0	495	506	
15	0	0	0	0	498	508	
0	0	0	0	0	496	509	
1	0	0	0	0	489	513	
2	0	0	0	0	475	521	
3	0	0	0	0	463	527	
4	0	0	0	0	451	531	
5	0	0	0	0	447	533	
6	0	0	0	0	443	532	
7	0	0	0	0	441	534	
8	0	0	0	0	442	534	
9	0	0	0	0	444	529	
10	0	0	0	0	449	527	
11	0	0	0	0	455	529	
12	0	0	0	0	462	534	
13	0	0	0	0	469	538	
14	0	0	0	0	476	542	
15	0	0	0	0	480	546	
0	0	0	0	0	482	549	
1	0	0	0	0	482	549	
2	0	0	0	0	482	547	
3	0	0	0	0	486	542	
4	0	0	0	0	491	536	
5	0	0	0	0	491	528	
6	0	0	0	0	491	521	
7	0	0	0	0	493	511	
8	0	0	0	0	495	497	
9	0	0	0	0	496	487	
10	0	0	0	0	499	483	
11	0	0	0	0	503	482	
12	0	0	0	0	510	483	
13	0	0	0	0	513	485	
14	0	0	0	0	518	488	
15	0	0	0	0	519	489	
0	0	0	0	0	520	490	
1	0	0	0	0	524	494	
2	0	0	0	0	527	496	
3	0	0	0	0	527	498	
4	0	0	0	0	524	505	
5	0	0	0	0	520	514	
6	0	0	0	0	514	523	
7	0	0	0	0	510	532	
8	0	0	0	0	508	541	
9	0	0	0	0	505	547	
10	0	0	0	0	499	553	
11	0	0	0	0	497	555	
12	0	0	0	0	499	555	
13	0	0	0	0	502	554	
14	0	0	0	0	505	548	
15	0	0	0	0	508	540	
0	0	0	0	0	509	532	
1	0	0	0	0	507	527	
2	0	0	0	0	504	519	
3	0	0	0	0	504	518	
4	0	0	0	0	508	519	
5	0	0	0	0	511	521	
6	0	0	0	0	515	519	
7	0	0	0	0	521	518	
8	0	0	0	0	527	513	
9	0	0	0	0	531	508	
10	0	0	0	0	531	502	
11	0	0	0	0	531	495	
12	0	0	0	0	533	487	
13	0	0	0	0	531	482	
14	0	0	0	0	531	480	
15	0	0	0	0	528	480	
0	0	0	0	0	526	485	
1	0	0	0	0	523	486	
2	0	0	0	0	521	486	
3	0	0	0	0	521	488	
4	0	0	0	0	519	494	
5	0	0	0	0	515	501	
6	0	0	0	0	509	507	
7	0	0	0	0	503	513	
8	0	0	0	0	499	518	
9	0	0	0	0	497	525	
10	0	0	0	0	496	527	
11	0	0	0	0	496	528	
12	0	0	0	0	496	533	
13	0	0	0	0	497	538	
14	0	0	0	0	502	545	
15	0	0	0	0	506	549	
0	0	0	0	0	510	543	
1	0	0	0	0	512	533	
2	0	0	0	0	513	527	
3	0	0	0	0	515	520	
4	0	0	0	0	516	514	
5	0	0	0	0	514	511	
6	0	0	0	0	510	508	
7	0	0	0	0	505	504	
8	0	0	0	0	502	499	
9	0	0	0	0	500	499	
10	0	0	0	0	500	504	
11	0	0	0	0	500	511	
12	0	0	0	0	501	512	
13	0	0	0	0	499	513	
14	0	0	0	0	498	514	
15	0	0	0	0	496	511	
0	0	0	0	0	497	508	
1	0	0	0	0	495	508	
2	0	0	0	0	491	507	
3	0	0	0	0	489	504	
4	0	0	0	0	490	504	
5	0	0	0	0	493	507	
6	0	0	0	0	496	510	
7	0	0	0	0	495	513	
8	0	0	0	0	493	515	
9	0	0	0	0	494	517	
10	0	0	0	0	499	519	
11	0	0	0	0	509	519	
12	0	0	0	0	522	516	
13	0	0	0	0	529	512	
14	0	0	0	0	536	509	
15	0	0	0	0	543	504	
0	0	0	0	0	549	498	
1	0	0	0	0	550	493	
2	0	0	0	0	551	489	
3	0	0	0	0	553	487	
4	0	0	0	0	551	486	
5	0	0	0	0	551	487	
6	0	0	0	0	553	487	
7	0	0	0	0	554	488	
8	0	0	0	0	553	494	
9	0	0	0	0	548	498	
10	0	0	0	0	542	499	
11	0	0	0	0	536	497	
12	0	0	0	0	529	496	
13	0	0	0	0	527	494	
14	0	0	0	0	529	495	
15	0	0	0	0	536	490	
0	0	0	0	0	543	489	
1	0	0	0	0	551	492	
2	0	0	0	0	562	496	
3	0	0	0	0	570	501	
4	0	0	0	0	572	508	
5	0	0	0	0	573	513	
6	0	0	0	0	572	519	
7	0	0	0	0	567	524	
8	0	0	0	0	561	525	
9	0	0	0	0	556	522	
10	0	0	0	0	552	515	
11	0	0	0	0	547	508	
12	0	0	0	0	544	505	
13	0	0	0	0	543	499	
14	0	0	0	0	543	495	
15	0	0	0	0	547	494	
0	0	0	0	0	555	499	
1	0	0	0	0	566	506	
2	0	0	0	0	575	511	
3	0	0	0	0	582	518	
4	0	0	0	0	580	520	
5	0	0	0	0	577	520	
6	0	0	0	0	575	519	
7	0	0	0	0	574	515	
8	0	0	0	0	572	511	
9	0	0	0	0	567	507	
10	0	0	0	0	556	507	
11	0	0	0	0	543	507	
12	0	0	0	0	530	507	
13	0	0	0	0	520	506	
14	0	0	0	0	513	504	
15	0	0	0	0	511	501	
0	0	0	0	0	509	498	
1	0	0	0	0	506	496	
2	0	0	0	0	503	495	
3	0	0	0	0	503	492	
4	0	0	0	0	505	489	
5	0	0	0	0	510	493	
6	0	0	0	0	515	493	
7	0	0	0	0	520	495	
8	0	0	0	0	522	492	
9	0	0	0	0	521	491	
10	0	0	0	0	523	491	
11	0	0	0	0	523	489	
12	0	0	0	0	520	492	
13	0	0	0	0	516	498	
14	0	0	0	0	515	506	
15	0	0	0	0	512	516	
0	0	0	0	0	511	520	
1	0	0	0	0	510	516	
2	0	0	0	0	512	511	
3	0	0	0	0	515	507	
4	0	0	0	0	517	505	
5	0	0	0	0	517	505	
6	0	0	0	0	516	504	
7	0	0	0	0	513	504	
8	0	0	0	0	513	502	
9	0	0	0	0	514	502	
10	0	0	0	0	515	505	
11	0	0	0	0	519	511	
12	0	0	0	0	524	516	
13	0	0	0	0	529	517	
14	0	0	0	0	531	519	
15	0	0	0	0	530	522	
0	0	0	0	0	528	525	
1	0	0	0	0	531	528	
2	0	0	0	0	531	528	
3	0	0	0	0	531	526	
4	0	0	0	0	532	524	
5	0	0	0	0	529	524	
6	0	0	0	0	527	519	
7	0	0	0	0	525	518	
8	0	0	0	0	520	518	
9	0	0	0	0	511	516	
10	0	0	0	0	505	519	
11	0	0	0	0	499	523	
12	0	0	0	0	492	526	
13	0	0	0	0	487	524	
14	0	0	0	0	484	517	
15	0	0	0	0	480	508	
0	0	0	0	0	480	501	
1	0	0	0	0	483	496	
2	0	0	0	0	484	492	
3	0	0	0	0	484	492	
4	0	0	0	0	487	501	
5	0	0	0	0	491	513	
6	0	0	0	0	496	522	
7	0	0	0	0	503	528	
8	0	0	0	0	511	534	
9	0	0	0	0	519	541	
10	0	0	0	0	523	548	
11	0	0	0	0	523	555	
12	0	0	0	0	519	558	
13	0	0	0	0	515	563	
14	0	0	0	0	511	566	
15	0	0	0	0	508	567	
0	0	0	0	0	504	563	
1	0	0	0	0	500	559	
2	0	0	0	0	497	555	
3	0	0	0	0	498	548	
4	0	0	0	0	500	546	
5	0	0	0	0	500	549	
6	0	0	0	0	503	552	
7	0	0	0	0	504	558	
8	0	0	0	0	502	556	
9	0	0	0	0	500	547	
10	0	0	0	0	494	537	
11	0	0	0	0	485	526	
12	0	0	0	0	474	520	
13	0	0	0	0	468	519	
14	0	0	0	0	466	511	
15	0	0	0	0	467	505	
0	0	0	0	0	465	499	
1	0	0	0	0	463	496	
2	0	0	0	0	462	496	
3	0	0	0	0	467	495	
4	0	0	0	0	473	496	
5	0	0	0	0	482	498	
6	0	0	0	0	491	503	
7	0	0	0	0	496	510	
8	0	0	0	0	500	514	
9	0	0	0	0	504	522	
10	0	0	0	0	507	533	
11	0	0	0	0	509	543	
12	0	0	0	0	509	551	
13	0	0	0	0	508	555	
14	0	0	0	0	508	552	
15	0	0	0	0	508	548	
0	0	0	0	0	508	543	
1	0	0	0	0	511	540	
2	0	0	0	0	512	535	
3	0	0	0	0	508	532	
4	0	0	0	0	503	534	
5	0	0	0	0	499	534	
6	0	0	0	0	502	538	
7	0	0	0	0	510	543	
8	0	0	0	0	520	549	
9	0	0	0	0	528	556	
10	0	0	0	0	531	563	
11	0	0	0	0	528	567	
12	0	0	0	0	523	572	
13	0	0	0	0	513	574	
14	0	0	0	0	507	571	
15	0	0	0	0	498	568	
0	0	0	0	0	490	566	
1	0	0	0	0	486	564	
2	0	0	0	0	484	559	
3	0	0	0	0	486	557	
4	0	0	0	0	490	558	
5	0	0	0	0	492	559	
6	0	0	0	0	497	558	
7	0	0	0	0	503	555	
8	0	0	0	0	511	556	
9	0	0	0	0	525	558	
10	0	0	0	0	536	563	
11	0	0	0	0	542	571	
12	0	0	0	0	544	574	
13	0	0	0	0	546	580	
14	0	0	0	0	547	584	
15	0	0	0	0	549	586	
0	0	0	0	0	549	586	
1	0	0	0	0	550	581	
2	0	0	0	0	549	573	
3	0	0	0	0	545	567	
4	0	0	0	0	539	565	
5	0	0	0	0	531	564	
6	0	0	0	0	525	566	
7	0	0	0	0	524	566	
8	0	0	0	0	524	564	
9	0	0	0	0	526	565	
10	0	0	0	0	525	569	
11	0	0	0	0	524	573	
12	0	0	0	0	520	575	
13	0	0	0	0	518	576	
14	0	0	0	0	516	575	
15	0	0	0	0	517	571	
0	0	0	0	0	515	563	
1	0	0	0	0	516	556	
2	0	0	0	0	514	552	
3	0	0	0	0	516	552	
4	0	0	0	0	521	546	
5	0	0	0	0	527	540	
6	0	0	0	0	533	535	
7	0	0	0	0	541	536	
8	0	0	0	0	548	541	
9	0	0	0	0	560	548	
10	0	0	0	0	570	554	
11	0	0	0	0	576	558	
12	0	0	0	0	577	559	
13	0	0	0	0	574	563	
14	0	0	0	0	570	568	
15	0	0	0	0	568	570	
0	0	0	0	0	565	571	
1	0	0	0	0	558	574	
2	0	0	0	0	549	578	
3	0	0	0	0	539	577	
4	0	0	0	0	531	578	
5	0	0	0	0	522	577	
6	0	0	0	0	511	577	
7	0	0	0	0	500	575	
8	0	0	0	0	489	571	
9	0	0	0	0	478	568	
10	0	0	0	0	473	563	
11	0	0	0	0	472	563	
12	0	0	0	0	471	564	
13	0	0	0	0	468	567	
14	0	0	0	0	467	571	
15	0	0	0	0	466	572	
0	0	0	0	0	468	569	
1	0	0	0	0	473	561	
2	0	0	0	0	479	551	
3	0	0	0	0	489	547	
4	0	0	0	0	503	543	
5	0	0	0	0	519	541	
6	0	0	0	0	536	542	
7	0	0	0	0	550	541	
8	0	0	0	0	561	543	
9	0	0	0	0	569	542	
10	0	0	0	0	577	539	
11	0	0	0	0	582	538	
12	0	0	0	0	586	537	
13	0	0	0	0	586	533	
14	0	0	0	0	583	531	
15	0	0	0	0	576	530	
0	0	0	0	0	569	529	
1	0	0	0	0	561	527	
2	0	0	0	0	552	527	
3	0	0	0	0	543	529	
4	0	0	0	0	536	532	
5	0	0	0	0	535	538	
6	0	0	0	0	533	542	
7	0	0	0	0	534	543	
8	0	0	0	0	536	544	
9	0	0	0	0	536	546	
10	0	0	0	0	536	546	
11	0	0	0	0	538	543	
12	0	0	0	0	539	537	
13	0	0	0	0	539	530	
14	0	0	0	0	538	521	
15	0	0	0	0	537	510	
0	0	0	0	0	533	502	
1	0	0	0	0	529	497	
2	0	0	0	0	524	498	
3	0	0	0	0	519	503	
4	0	0	0	0	519	511	
5	0	0	0	0	521	521	
6	0	0	0	0	525	531	
7	0	0	0	0	527	540	
8	0	0	0	0	531	545	
9	0	0	0	0	540	547	
10	0	0	0	0	545	544	
11	0	0	0	0	555	540	
12	0	0	0	0	566	536	
13	0	0	0	0	574	531	
14	0	0	0	0	582	521	
15	0	0	0	0	588	512	
0	0	0	0	0	589	505	
1	0	0	0	0	585	497	
2	0	0	0	0	575	488	
3	0	0	0	0	560	484	
4	0	0	0	0	546	487	
5	0	0	0	0	538	492	
6	0	0	0	0	529	491	
7	0	0	0	0	520	487	
8	0	0	0	0	516	483	
9	0	0	0	0	514	479	
10	0	0	0	0	515	481	
11	0	0	0	0	516	491	
12	0	0	0	0	517	504	
13	0	0	0	0	520	519	
14	0	0	0	0	527	530	
15	0	0	0	0	533	540	
0	0	0	0	0	537	549	
1	0	0	0	0	537	551	
2	0	0	0	0	538	553	
3	0	0	0	0	536	551	
4	0	0	0	0	531	549	
5	0	0	0	0	525	550	
6	0	0	0	0	522	553	
7	0	0	0	0	518	551	
8	0	0	0	0	513	550	
9	0	0	0	0	507	548	
10	0	0	0	0	503	547	
11	0	0	0	0	500	547	
12	0	0	0	0	496	540	
13	0	0	0	0	495	531	
14	0	0	0	0	495	526	
15	0	0	0	0	500	528	
0	0	0	0	0	507	531	
1	0	0	0	0	513	534	
2	0	0	0	0	516	534	
3	0	0	0	0	514	531	
4	0	0	0	0	512	526	
5	0	0	0	0	511	524	
6	0	0	0	0	506	520	
7	0	0	0	0	500	515	
8	0	0	0	0	494	511	
9	0	0	0	0	495	503	
10	0	0	0	0	495	494	
11	0	0	0	0	495	488	
12	0	0	0	0	497	484	
13	0	0	0	0	500	482	
14	0	0	0	0	506	479	
15	0	0	0	0	513	476	
0	0	0	0	0	518	473	
1	0	0	0	0	523	471	
2	0	0	0	0	524	473	
3	0	0	0	0	524	480	
4	0	0	0	0	521	489	
5	0	0	0	0	517	499	
6	0	0	0	0	515	504	
7	0	0	0	0	513	504	
8	0	0	0	0	510	502	
9	0	0	0	0	509	496	
10	0	0	0	0	511	488	
11	0	0	0	0	514	480	
12	0	0	0	0	518	472	
13	0	0	0	0	525	460	
14	0	0	0	0	529	450	
15	0	0	0	0	535	439	
0	0	0	0	0	539	428	
1	0	0	0	0	539	419	
2	0	0	0	0	540	414	
3	0	0	0	0	541	411	
4	0	0	0	0	542	406	
5	0	0	0	0	543	403	
6	0	0	0	0	543	399	
7	0	0	0	0	545	396	
8	0	0	0	0	551	398	
9	0	0	0	0	553	401	
10	0	0	0	0	556	405	
11	0	0	0	0	563	409	
12	0	0	0	0	569	409	
13	0	0	0	0	572	410	
14	0	0	0	0	576	412	
15	0	0	0	0	577	415	
0	0	0	0	0	575	422	
1	0	0	0	0	572	424	
2	0	0	0	0	567	423	
3	0	0	0	0	558	420	
4	0	0	0	0	548	416	
5	0	0	0	0	540	413	
6	0	0	0	0	536	416	
7	0	0	0	0	536	428	
8	0	0	0	0	541	440	
9	0	0	0	0	544	453	
10	0	0	0	0	552	460	
11	0	0	0	0	560	463	
12	0	0	0	0	563	464	
13	0	0	0	0	563	465	
14	0	0	0	0	563	467	
15	0	0	0	0	562	467	
0	0	0	0	0	560	467	
1	0	0	0	0	560	467	
2	0	0	0	0	560	465	
3	0	0	0	0	560	467	
4	0	0	0	0	560	467	
5	0	0	0	0	561	471	
6	0	0	0	0	560	476	
7	0	0	0	0	560	485	
8	0	0	0	0	561	491	
9	0	0	0	0	558	493	
10	0	0	0	0	551	487	
11	0	0	0	0	543	480	
12	0	0	0	0	535	473	
13	0	0	0	0	531	470	
14	0	0	0	0	532	467	
15	0	0	0	0	535	470	
0	0	0	0	0	541	477	
1	0	0	0	0	546	488	
2	0	0	0	0	552	499	
3	0	0	0	0	558	512	
4	0	0	0	0	560	520	
5	0	0	0	0	561	524	
6	0	0	0	0	561	526	
7	0	0	0	0	559	530	
8	0	0	0	0	553	528	
9	0	0	0	0	548	530	
10	0	0	0	0	545	529	
11	0	0	0	0	542	529	
12	0	0	0	0	537	528	
13	0	0	0	0	534	526	
14	0	0	0	0	531	523	
15	0	0	0	0	529	518	
0	0	0	0	0	527	513	
1	0	0	0	0	528	510	
2	0	0	0	0	532	511	
3	0	0	0	0	536	516	
4	0	0	0	0	539	519	
5	0	0	0	0	538	519	
6	0	0	0	0	534	515	
7	0	0	0	0	532	510	
8	0	0	0	0	528	498	
9	0	0	0	0	526	490	
10	0	0	0	0	526	488	
11	0	0	0	0	526	489	
12	0	0	0	0	523	489	
13	0	0	0	0	523	490	
14	0	0	0	0	520	492	
15	0	0	0	0	517	495	
0	0	0	0	0	512	499	
1	0	0	0	0	510	505	
2	0	0	0	0	511	513	
3	0	0	0	0	511	521	
4	0	0	0	0	508	527	
5	0	0	0	0	504	531	
6	0	0	0	0	502	532	
7	0	0	0	0	499	531	
8	0	0	0	0	494	527	
9	0	0	0	0	493	521	
10	0	0	0	0	492	515	
11	0	0	0	0	488	510	
12	0	0	0	0	489	508	
13	0	0	0	0	492	511	
14	0	0	0	0	496	515	
15	0	0	0	0	503	516	
0	0	0	0	0	508	518	
1	0	0	0	0	508	516	
2	0	0	0	0	510	514	
3	0	0	0	0	510	509	
4	0	0	0	0	503	503	
5	0	0	0	0	498	496	
6	0	0	0	0	493	492	
7	0	0	0	0	487	484	
8	0	0	0	0	486	478	
9	0	0	0	0	485	473	
10	0	0	0	0	486	468	
11	0	0	0	0	487	472	
12	0	0	0	0	487	476	
13	0	0	0	0	486	478	
14	0	0	0	0	483	484	
15	0	0	0	0	479	492	
0	0	0	0	0	478	501	
1	0	0	0	0	479	515	
2	0	0	0	0	481	532	
3	0	0	0	0	486	543	
4	0	0	0	0	492	549	
5	0	0	0	0	496	548	
6	0	0	0	0	495	539	
7	0	0	0	0	492	525	
8	0	0	0	0	487	509	
9	0	0	0	0	484	494	
10	0	0	0	0	481	482	
11	0	0	0	0	478	467	
12	0	0	0	0	480	455	
13	0	0	0	0	483	451	
14	0	0	0	0	487	451	
15	0	0	0	0	492	460	
0	0	0	0	0	498	471	
1	0	0	0	0	505	479	
2	0	0	0	0	511	485	
3	0	0	0	0	518	486	
4	0	0	0	0	529	482	
5	0	0	0	0	540	476	
6	0	0	0	0	549	467	
7	0	0	0	0	557	459	
8	0	0	0	0	560	453	
9	0	0	0	0	558	446	
10	0	0	0	0	550	440	
11	0	0	0	0	543	435	
12	0	0	0	0	537	435	
13	0	0	0	0	530	436	
14	0	0	0	0	531	440	
15	0	0	0	0	532	443	
0	0	0	0	0	531	444	
1	0	0	0	0	531	444	
2	0	0	0	0	535	442	
3	0	0	0	0	544	441	
4	0	0	0	0	553	439	
5	0	0	0	0	560	434	
6	0	0	0	0	567	433	
7	0	0	0	0	569	433	
8	0	0	0	0	572	438	
9	0	0	0	0	571	440	
10	0	0	0	0	571	443	
11	0	0	0	0	568	445	
12	0	0	0	0	565	447	
13	0	0	0	0	560	452	
14	0	0	0	0	553	455	
15	0	0	0	0	547	460	
0	0	0	0	0	545	463	
1	0	0	0	0	544	462	
2	0	0	0	0	547	462	
3	0	0	0	0	551	468	
4	0	0	0	0	556	473	
5	0	0	0	0	556	479	
6	0	0	0	0	554	487	
7	0	0	0	0	549	494	
8	0	0	0	0	544	495	
9	0	0	0	0	542	497	
10	0	0	0	0	545	499	
11	0	0	0	0	549	502	
12	0	0	0	0	551	503	
13	0	0	0	0	555	500	
14	0	0	0	0	559	496	
15	0	0	0	0	560	492	
0	0	0	0	0	561	490	
1	0	0	0	0	558	491	
2	0	0	0	0	555	496	
3	0	0	0	0	552	499	
4	0	0	0	0	552	498	
5	0	0	0	0	555	496	
6	0	0	0	0	552	493	
7	0	0	0	0	549	487	
8	0	0	0	0	545	481	
9	0	0	0	0	538	479	
10	0	0	0	0	531	475	
11	0	0	0	0	526	474	
12	0	0	0	0	523	476	
13	0	0	0	0	519	478	
14	0	0	0	0	515	482	
15	0	0	0	0	513	487	
0	0	0	0	0	513	487	
1	0	0	0	0	511	487	
2	0	0	0	0	509	484	
3	0	0	0	0	509	484	
4	0	0	0	0	512	490	
5	0	0	0	0	515	495	
6	0	0	0	0	519	497	
7	0	0	0	0	523	499	
8	0	0	0	0	528	500	
9	0	0	0	0	529	499	
10	0	0	0	0	528	495	
11	0	0	0	0	524	492	
12	0	0	0	0	516	492	
13	0	0	0	0	510	494	
14	0	0	0	0	507	498	
15	0	0	0	0	508	504	
0	0	0	0	0	510	511	
1	0	0	0	0	510	515	
2	0	0	0	0	512	524	
3	0	0	0	0	514	532	
4	0	0	0	0	517	542	
5	0	0	0	0	520	553	
6	0	0	0	0	525	565	
7	0	0	0	0	533	573	
8	0	0	0	0	537	573	
9	0	0	0	0	533	572	
10	0	0	0	0	522	566	
11	0	0	0	0	512	558	
12	0	0	0	0	502	550	
13	0	0	0	0	494	541	
14	0	0	0	0	487	536	
15	0	0	0	0	479	535	
0	0	0	0	0	469	531	
1	0	0	0	0	464	527	
2	0	0	0	0	465	521	
3	0	0	0	0	464	517	
4	0	0	0	0	464	514	
5	0	0	0	0	468	515	
6	0	0	0	0	476	519	
7	0	0	0	0	487	519	
8	0	0	0	0	499	519	
9	0	0	0	0	510	519	
10	0	0	0	0	519	519	
11	0	0	0	0	524	519	
12	0	0	0	0	526	519	
13	0	0	0	0	528	521	
14	0	0	0	0	528	524	
15	0	0	0	0	527	528	
0	0	0	0	0	526	530	
1	0	0	0	0	524	532	
2	0	0	0	0	520	532	
3	0	0	0	0	518	529	
4	0	0	0	0	518	523	
5	0	0	0	0	520	514	
6	0	0	0	0	526	509	
7	0	0	0	0	533	507	
8	0	0	0	0	540	502	
9	0	0	0	0	543	497	
10	0	0	0	0	545	492	
11	0	0	0	0	547	490	
12	0	0	0	0	542	491	
13	0	0	0	0	537	495	
14	0	0	0	0	536	499	
15	0	0	0	0	531	501	
0	0	0	0	0	526	500	
1	0	0	0	0	523	502	
2	0	0	0	0	518	502	
3	0	0	0	0	511	500	
4	0	0	0	0	508	503	
5	0	0	0	0	504	504	
6	0	0	0	0	504	502	
7	0	0	0	0	504	505	
8	0	0	0	0	507	507	
9	0	0	0	0	507	508	
10	0	0	0	0	506	512	
11	0	0	0	0	504	512	
12	0	0	0	0	502	515	
13	0	0	0	0	499	518	
14	0	0	0	0	495	518	
15	0	0	0	0	491	515	
0	0	0	0	0	486	511	
1	0	0	0	0	476	506	
2	0	0	0	0	465	499	
3	0	0	0	0	453	495	
4	0	0	0	0	445	494	
5	0	0	0	0	438	498	
6	0	0	0	0	440	503	
7	0	0	0	0	448	508	
8	0	0	0	0	458	515	
9	0	0	0	0	469	523	
10	0	0	0	0	480	526	
11	0	0	0	0	489	529	
12	0	0	0	0	496	532	
13	0	0	0	0	502	537	
14	0	0	0	0	505	544	
15	0	0	0	0	506	554	
0	0	0	0	0	512	561	
1	0	0	0	0	516	567	
2	0	0	0	0	516	569	
3	0	0	0	0	517	568	
4	0	0	0	0	518	567	
5	0	0	0	0	519	560	
6	0	0	0	0	517	556	
7	0	0	0	0	515	555	
8	0	0	0	0	512	551	
9	0	0	0	0	509	545	
10	0	0	0	0	503	537	
11	0	0	0	0	498	527	
12	0	0	0	0	495	516	
13	0	0	0	0	493	506	
14	0	0	0	0	492	498	
15	0	0	0	0	489	490	
0	0	0	0	0	487	485	
1	0	0	0	0	488	487	
2	0	0	0	0	491	492	
3	0	0	0	0	491	499	
4	0	0	0	0	492	505	
5	0	0	0	0	490	508	
6	0	0	0	0	486	510	
7	0	0	0	0	481	515	
8	0	0	0	0	480	520	
9	0	0	0	0	483	521	
10	0	0	0	0	488	523	
11	0	0	0	0	488	529	
12	0	0	0	0	489	539	
13	0	0	0	0	489	548	
14	0	0	0	0	487	551	
15	0	0	0	0	485	552	
0	0	0	0	0	479	553	
1	0	0	0	0	470	551	
2	0	0	0	0	462	552	
3	0	0	0	0	455	551	
4	0	0	0	0	453	549	
5	0	0	0	0	454	545	
6	0	0	0	0	453	540	
7	0	0	0	0	451	530	
8	0	0	0	0	452	523	
9	0	0	0	0	458	516	
10	0	0	0	0	463	510	
11	0	0	0	0	467	502	
12	0	0	0	0	471	493	
13	0	0	0	0	473	485	
14	0	0	0	0	476	478	
15	0	0	0	0	481	475	
0	0	0	0	0	485	476	
1	0	0	0	0	487	478	
2	0	0	0	0	486	483	
3	0	0	0	0	487	487	
4	0	0	0	0	492	492	
5	0	0	0	0	497	496	
6	0	0	0	0	504	499	
7	0	0	0	0	509	500	
8	0	0	0	0	508	501	
9	0	0	0	0	510	500	
10	0	0	0	0	512	496	
11	0	0	0	0	516	493	
12	0	0	0	0	521	492	
13	0	0	0	0	526	489	
14	0	0	0	0	530	484	
15	0	0	0	0	531	476	
0	0	0	0	0	531	468	
1	0	0	0	0	529	459	
2	0	0	0	0	524	451	
3	0	0	0	0	516	443	
4	0	0	0	0	508	438	
5	0	0	0	0	504	432	
6	0	0	0	0	499	433	
7	0	0	0	0	499	441	
8	0	0	0	0	504	451	
9	0	0	0	0	507	459	
10	0	0	0	0	508	467	
11	0	0	0	0	507	472	
12	0	0	0	0	506	472	
13	0	0	0	0	504	469	
14	0	0	0	0	506	466	
15	0	0	0	0	507	469	
0	0	0	0	0	507	476	
1	0	0	0	0	508	480	
2	0	0	0	0	506	482	
3	0	0	0	0	505	489	
4	0	0	0	0	502	495	
5	0	0	0	0	501	500	
6	0	0	0	0	500	505	
7	0	0	0	0	499	506	
8	0	0	0	0	496	504	
9	0	0	0	0	498	498	
10	0	0	0	0	498	492	
11	0	0	0	0	494	485	
12	0	0	0	0	490	481	
13	0	0	0	0	489	485	
14	0	0	0	0	489	490	
15	0	0	0	0	485	494	
0	0	0	0	0	478	493	
1	0	0	0	0	475	495	
2	0	0	0	0	477	499	
3	0	0	0	0	481	501	
4	0	0	0	0	484	502	
5	0	0	0	0	485	504	
6	0	0	0	0	488	505	
7	0	0	0	0	489	507	
8	0	0	0	0	490	511	
9	0	0	0	0	488	519	
10	0	0	0	0	484	527	
11	0	0	0	0	482	533	
12	0	0	0	0	480	539	
13	0	0	0	0	483	538	
14	0	0	0	0	486	537	
15	0	0	0	0	489	533	
0	0	0	0	0	494	526	
1	0	0	0	0	497	520	
2	0	0	0	0	501	517	
3	0	0	0	0	503	515	
4	0	0	0	0	500	512	
5	0	0	0	0	497	509	
6	0	0	0	0	494	504	
7	0	0	0	0	490	504	
8	0	0	0	0	488	504	
9	0	0	0	0	490	507	
10	0	0	0	0	494	511	
11	0	0	0	0	497	515	
12	0	0	0	0	499	521	
13	0	0	0	0	501	528	
14	0	0	0	0	505	531	
15	0	0	0	0	509	532	
0	0	0	0	0	511	532	
1	0	0	0	0	514	536	
2	0	0	0	0	515	539	
3	0	0	0	0	515	540	
4	0	0	0	0	512	542	
5	0	0	0	0	508	542	
6	0	0	0	0	500	541	
7	0	0	0	0	493	538	
8	0	0	0	0	489	534	
9	0	0	0	0	483	528	
10	0	0	0	0	478	522	
11	0	0	0	0	476	520	
12	0	0	0	0	477	518	
13	0	0	0	0	483	513	
14	0	0	0	0	490	511	
15	0	0	0	0	497	510	
0	0	0	0	0	503	512	
1	0	0	0	0	508	513	
2	0	0	0	0	513	517	
3	0	0	0	0	518	518	
4	0	0	0	0	524	519	
5	0	0	0	0	528	516	
6	0	0	0	0	533	511	
7	0	0	0	0	536	507	
8	0	0	0	0	534	508	
9	0	0	0	0	531	513	
10	0	0	0	0	531	515	
11	0	0	0	0	529	515	
12	0	0	0	0	526	512	
13	0	0	0	0	524	508	
14	0	0	0	0	519	504	
15	0	0	0	0	514	498	
0	0	0	0	0	507	490	
1	0	0	0	0	499	483	
2	0	0	0	0	491	481	
3	0	0	0	0	487	480	
4	0	0	0	0	484	479	
5	0	0	0	0	483	483	
6	0	0	0	0	482	483	
7	0	0	0	0	481	487	
8	0	0	0	0	479	491	
9	0	0	0	0	478	497	
10	0	0	0	0	475	504	
11	0	0	0	0	473	511	
12	0	0	0	0	477	515	
13	0	0	0	0	478	520	
14	0	0	0	0	482	523	
15	0	0	0	0	485	523	
0	0	0	0	0	488	521	
1	0	0	0	0	493	519	
2	0	0	0	0	494	516	
3	0	0	0	0	495	515	
4	0	0	0	0	497	516	
5	0	0	0	0	500	518	
6	0	0	0	0	505	517	
7	0	0	0	0	508	513	
8	0	0	0	0	512	510	
9	0	0	0	0	514	511	
10	0	0	0	0	515	513	
11	0	0	0	0	517	515	
12	0	0	0	0	518	513	
13	0	0	0	0	515	512	
14	0	0	0	0	516	513	
15	0	0	0	0	519	515	
0	0	0	0	0	522	516	
1	0	0	0	0	525	521	
2	0	0	0	0	528	524	
3	0	0	0	0	530	525	
4	0	0	0	0	530	528	
5	0	0	0	0	533	529	
6	0	0	0	0	536	528	
7	0	0	0	0	535	530	
8	0	0	0	0	532	531	
9	0	0	0	0	524	535	
10	0	0	0	0	520	537	
11	0	0	0	0	516	538	
12	0	0	0	0	513	540	
13	0	0	0	0	510	545	
14	0	0	0	0	510	548	
15	0	0	0	0	513	551	
0	0	0	0	0	518	548	
1	0	0	0	0	523	549	
2	0	0	0	0	525	548	
3	0	0	0	0	528	549	
4	0	0	0	0	534	549	
5	0	0	0	0	536	548	
6	0	0	0	0	537	547	
7	0	0	0	0	536	543	
8	0	0	0	0	534	542	
9	0	0	0	0	530	542	
10	0	0	0	0	526	543	
11	0	0	0	0	523	544	
12	0	0	0	0	522	547	
13	0	0	0	0	520	551	
14	0	0	0	0	519	556	
15	0	0	0	0	515	567	
0	0	0	0	0	513	580	
1	0	0	0	0	510	598	
2	0	0	0	0	508	621	
3	0	0	0	0	507	647	
4	0	0	0	0	509	675	
5	0	0	0	0	512	701	
6	0	0	0	0	519	725	
7	0	0	0	0	519	748	
8	0	0	0	0	522	768	
9	0	0	0	0	523	777	
10	0	0	0	0	524	777	
11	0	0	0	0	525	770	
12	0	0	0	0	525	761	
13	0	0	0	0	526	754	
14	0	0	0	0	530	745	
15	0	0	0	0	534	738	
0	0	0	0	0	533	732	
1	0	0	0	0	532	722	
2	0	0	0	0	532	711	
3	0	0	0	0	540	700	
4	0	0	0	0	550	690	
5	0	0	0	0	560	674	
6	0	0	0	0	566	664	
7	0	0	0	0	565	656	
8	0	0	0	0	564	652	
9	0	0	0	0	563	650	
10	0	0	0	0	559	646	
11	0	0	0	0	557	646	
12	0	0	0	0	558	650	
13	0	0	0	0	559	654	
14	0	0	0	0	561	657	
15	0	0	0	0	562	662	
0	0	0	0	0	567	668	
1	0	0	0	0	574	674	
2	0	0	0	0	578	679	
3	0	0	0	0	583	684	
4	0	0	0	0	586	686	
5	0	0	0	0	590	688	
6	0	0	0	0	596	691	
7	0	0	0	0	600	697	
8	0	0	0	0	600	704	
9	0	0	0	0	600	710	
10	0	0	0	0	597	710	
11	0	0	0	0	595	707	
12	0	0	0	0	598	702	
13	0	0	0	0	601	694	
14	0	0	0	0	603	684	
15	0	0	0	0	607	677	
0	0	0	0	0	606	672	
1	0	0	0	0	603	671	
2	0	0	0	0	601	668	
3	0	0	0	0	601	664	
4	0	0	0	0	598	662	
5	0	0	0	0	599	660	
6	0	0	0	0	597	657	
7	0	0	0	0	594	655	
8	0	0	0	0	591	651	
9	0	0	0	0	590	645	
10	0	0	0	0	589	642	
11	0	0	0	0	586	638	
12	0	0	0	0	589	636	
13	0	0	0	0	593	635	
14	0	0	0	0	598	634	
15	0	0	0	0	601	632	
0	0	0	0	0	596	632	
1	0	0	0	0	590	639	
2	0	0	0	0	585	644	
3	0	0	0	0	581	646	
4	0	0	0	0	576	648	
5	0	0	0	0	575	648	
6	0	0	0	0	579	648	
7	0	0	0	0	583	650	
8	0	0	0	0	587	646	
9	0	0	0	0	589	639	
10	0	0	0	0	588	631	
11	0	0	0	0	584	621	
12	0	0	0	0	580	611	
13	0	0	0	0	580	598	
14	0	0	0	0	582	588	
15	0	0	0	0	584	580	
0	0	0	0	0	584	575	
1	0	0	0	0	582	576	
2	0	0	0	0	580	578	
3	0	0	0	0	580	578	
4	0	0	0	0	580	576	
5	0	0	0	0	577	571	
6	0	0	0	0	577	565	
7	0	0	0	0	580	558	
8	0	0	0	0	585	551	
9	0	0	0	0	591	547	
10	0	0	0	0	597	547	
11	0	0	0	0	603	551	
12	0	0	0	0	603	557	
13	0	0	0	0	602	558	
14	0	0	0	0	599	556	
15	0	0	0	0	598	551	
0	0	0	0	0	596	544	
1	0	0	0	0	594	542	
2	0	0	0	0	591	542	
3	0	0	0	0	583	538	
4	0	0	0	0	575	535	
5	0	0	0	0	569	534	
6	0	0	0	0	565	533	
7	0	0	0	0	562	529	
8	0	0	0	0	561	525	
9	0	0	0	0	560	520	
10	0	0	0	0	558	517	
11	0	0	0	0	560	518	
12	0	0	0	0	563	521	
13	0	0	0	0	566	524	
14	0	0	0	0	566	527	
15	0	0	0	0	566	530	
0	0	0	0	0	566	534	
1	0	0	0	0	566	532	
2	0	0	0	0	561	526	
3	0	0	0	0	558	519	
4	0	0	0	0	557	508	
5	0	0	0	0	558	504	
6	0	0	0	0	562	504	
7	0	0	0	0	566	510	
8	0	0	0	0	570	515	
9	0	0	0	0	576	519	
10	0	0	0	0	583	524	
11	0	0	0	0	587	530	
12	0	0	0	0	588	534	
13	0	0	0	0	587	537	
14	0	0	0	0	583	539	
15	0	0	0	0	575	539	
0	0	0	0	0	564	539	
1	0	0	0	0	551	541	
2	0	0	0	0	540	539	
3	0	0	0	0	531	532	
4	0	0	0	0	527	529	
5	0	0	0	0	524	527	
6	0	0	0	0	519	524	
7	0	0	0	0	517	521	
8	0	0	0	0	519	519	
9	0	0	0	0	522	520	
10	0	0	0	0	524	525	
11	0	0	0	0	528	527	
12	0	0	0	0	529	527	
13	0	0	0	0	527	526	
14	0	0	0	0	526	523	
15	0	0	0	0	520	526	
0	0	0	0	0	513	532	
1	0	0	0	0	508	540	
2	0	0	0	0	504	546	
3	0	0	0	0	500	544	
4	0	0	0	0	494	543	
5	0	0	0	0	491	543	
6	0	0	0	0	489	542	
7	0	0	0	0	489	542	
8	0	0	0	0	490	541	
9	0	0	0	0	489	536	
10	0	0	0	0	491	534	
11	0	0	0	0	488	535	
12	0	0	0	0	489	534	
13	0	0	0	0	494	530	
14	0	0	0	0	496	524	
15	0	0	0	0	495	514	
0	0	0	0	0	494	508	
1	0	0	0	0	494	504	
2	0	0	0	0	495	500	
3	0	0	0	0	501	498	
4	0	0	0	0	506	497	
5	0	0	0	0	510	498	
6	0	0	0	0	513	497	
7	0	0	0	0	521	494	
8	0	0	0	0	527	493	
9	0	0	0	0	536	494	
10	0	0	0	0	543	496	
11	0	0	0	0	551	495	
12	0	0	0	0	556	492	
13	0	0	0	0	555	486	
14	0	0	0	0	551	482	
15	0	0	0	0	543	477	
0	0	0	0	0	530	471	
1	0	0	0	0	520	472	
2	0	0	0	0	515	474	
3	0	0	0	0	513	481	
4	0	0	0	0	511	488	
5	0	0	0	0	513	492	
6	0	0	0	0	518	492	
7	0	0	0	0	520	492	
8	0	0	0	0	522	489	
9	0	0	0	0	525	485	
10	0	0	0	0	529	482	
11	0	0	0	0	530	477	
12	0	0	0	0	530	473	
13	0	0	0	0	536	469	
14	0	0	0	0	540	463	
15	0	0	0	0	543	458	
0	0	0	0	0	547	456	
1	0	0	0	0	547	454	
2	0	0	0	0	550	450	
3	0	0	0	0	555	446	
4	0	0	0	0	559	444	
5	0	0	0	0	562	443	
6	0	0	0	0	562	443	
7	0	0	0	0	563	439	
8	0	0	0	0	567	433	
9	0	0	0	0	574	426	
10	0	0	0	0	582	425	
11	0	0	0	0	587	427	
12	0	0	0	0	594	428	
13	0	0	0	0	600	431	
14	0	0	0	0	601	433	
15	0	0	0	0	602	433	
0	0	0	0	0	596	435	
1	0	0	0	0	588	440	
2	0	0	0	0	575	445	
3	0	0	0	0	566	444	
4	0	0	0	0	556	446	
5	0	0	0	0	547	448	
6	0	0	0	0	540	446	
7	0	0	0	0	537	443	
8	0	0	0	0	539	441	
9	0	0	0	0	542	440	
10	0	0	0	0	549	436	
11	0	0	0	0	553	429	
12	0	0	0	0	556	424	
13	0	0	0	0	552	419	
14	0	0	0	0	553	418	
15	0	0	0	0	559	422	
0	0	0	0	0	563	425	
1	0	0	0	0	560	431	
2	0	0	0	0	554	438	
3	0	0	0	0	548	444	
4	0	0	0	0	540	446	
5	0	0	0	0	530	445	
6	0	0	0	0	521	446	
7	0	0	0	0	511	446	
8	0	0	0	0	504	447	
9	0	0	0	0	500	454	
10	0	0	0	0	497	464	
11	0	0	0	0	495	475	
12	0	0	0	0	493	482	
13	0	0	0	0	493	490	
14	0	0	0	0	496	497	
15	0	0	0	0	496	502	
0	0	0	0	0	493	505	
1	0	0	0	0	484	509	
2	0	0	0	0	477	509	
3	0	0	0	0	468	507	
4	0	0	0	0	462	503	
5	0	0	0	0	460	493	
6	0	0	0	0	459	487	
7	0	0	0	0	456	482	
8	0	0	0	0	454	476	
9	0	0	0	0	453	469	
10	0	0	0	0	456	464	
11	0	0	0	0	458	458	
12	0	0	0	0	461	451	
13	0	0	0	0	468	448	
14	0	0	0	0	473	447	
15	0	0	0	0	478	448	
0	0	0	0	0	483	446	
1	0	0	0	0	484	444	
2	0	0	0	0	483	444	
3	0	0	0	0	484	445	
4	0	0	0	0	488	446	
5	0	0	0	0	489	445	
6	0	0	0	0	492	440	
7	0	0	0	0	492	435	
8	0	0	0	0	491	432	
9	0	0	0	0	489	432	
10	0	0	0	0	489	439	
11	0	0	0	0	487	446	
12	0	0	0	0	489	454	
13	0	0	0	0	491	460	
14	0	0	0	0	493	467	
15	0	0	0	0	492	471	
0	0	0	0	0	491	471	
1	0	0	0	0	491	472	
2	0	0	0	0	487	476	
3	0	0	0	0	483	483	
4	0	0	0	0	479	490	
5	0	0	0	0	478	493	
6	0	0	0	0	478	492	
7	0	0	0	0	479	488	
8	0	0	0	0	483	484	
9	0	0	0	0	487	482	
10	0	0	0	0	487	482	
11	0	0	0	0	487	484	
12	0	0	0	0	487	482	
13	0	0	0	0	490	484	
14	0	0	0	0	496	490	
15	0	0	0	0	503	495	
0	0	0	0	0	512	498	
1	0	0	0	0	517	500	
2	0	0	0	0	519	502	
3	0	0	0	0	513	501	
4	0	0	0	0	506	494	
5	0	0	0	0	497	484	
6	0	0	0	0	488	469	
7	0	0	0	0	481	457	
8	0	0	0	0	477	446	
9	0	0	0	0	473	435	
10	0	0	0	0	471	426	
11	0	0	0	0	471	419	
12	0	0	0	0	474	417	
13	0	0	0	0	475	416	
14	0	0	0	0	475	419	
15	0	0	0	0	478	423	
0	0	0	0	0	480	433	
1	0	0	0	0	487	444	
2	0	0	0	0	495	455	
3	0	0	0	0	502	462	
4	0	0	0	0	507	467	
5	0	0	0	0	508	470	
6	0	0	0	0	508	471	
7	0	0	0	0	507	468	
8	0	0	0	0	507	469	
9	0	0	0	0	508	466	
10	0	0	0	0	511	458	
11	0	0	0	0	518	451	
12	0	0	0	0	525	447	
13	0	0	0	0	532	444	
14	0	0	0	0	540	443	
15	0	0	0	0	543	441	
0	0	0	0	0	542	440	
1	0	0	0	0	535	443	
2	0	0	0	0	530	448	
3	0	0	0	0	527	453	
4	0	0	0	0	524	458	
5	0	0	0	0	522	464	
6	0	0	0	0	520	468	
7	0	0	0	0	521	476	
8	0	0	0	0	521	480	
9	0	0	0	0	520	483	
10	0	0	0	0	521	483	
11	0	0	0	0	520	483	
12	0	0	0	0	518	484	
13	0	0	0	0	515	483	
14	0	0	0	0	512	480	
15	0	0	0	0	512	481	
0	0	0	0	0	511	487	
1	0	0	0	0	510	492	
2	0	0	0	0	508	497	
3	0	0	0	0	506	499	
4	0	0	0	0	504	499	
5	0	0	0	0	502	500	
6	0	0	0	0	504	505	
7	0	0	0	0	504	509	
8	0	0	0	0	502	514	
9	0	0	0	0	499	518	
10	0	0	0	0	498	520	
11	0	0	0	0	503	517	
12	0	0	0	0	507	512	
13	0	0	0	0	508	505	
14	0	0	0	0	512	497	
15	0	0	0	0	516	489	
0	0	0	0	0	521	484	
1	0	0	0	0	527	481	
2	0	0	0	0	535	475	
3	0	0	0	0	535	469	
4	0	0	0	0	536	466	
5	0	0	0	0	535	465	
6	0	0	0	0	534	464	
7	0	0	0	0	531	467	
8	0	0	0	0	528	466	
9	0	0	0	0	528	467	
10	0	0	0	0	528	462	
11	0	0	0	0	527	456	
12	0	0	0	0	530	450	
13	0	0	0	0	536	445	
14	0	0	0	0	544	443	
15	0	0	0	0	551	443	
0	0	0	0	0	554	442	
1	0	0	0	0	556	439	
2	0	0	0	0	561	435	
3	0	0	0	0	568	438	
4	0	0	0	0	574	440	
5	0	0	0	0	577	441	
6	0	0	0	0	575	441	
7	0	0	0	0	570	444	
8	0	0	0	0	563	448	
9	0	0	0	0	555	451	
10	0	0	0	0	547	451	
11	0	0	0	0	539	449	
12	0	0	0	0	531	450	
13	0	0	0	0	526	450	
14	0	0	0	0	523	451	
15	0	0	0	0	520	449	
0	0	0	0	0	521	453	
1	0	0	0	0	524	454	
2	0	0	0	0	526	454	
3	0	0	0	0	527	453	
4	0	0	0	0	527	456	
5	0	0	0	0	523	458	
6	0	0	0	0	521	456	
7	0	0	0	0	519	455	
8	0	0	0	0	517	455	
9	0	0	0	0	517	455	
10	0	0	0	0	514	449	
11	0	0	0	0	509	446	
12	0	0	0	0	505	444	
13	0	0	0	0	505	441	
14	0	0	0	0	507	438	
15	0	0	0	0	510	434	
0	0	0	0	0	513	433	
1	0	0	0	0	520	436	
2	0	0	0	0	526	446	
3	0	0	0	0	529	451	
4	0	0	0	0	534	455	
5	0	0	0	0	535	453	
6	0	0	0	0	535	443	
7	0	0	0	0	536	431	
8	0	0	0	0	531	421	
9	0	0	0	0	524	416	
10	0	0	0	0	518	413	
11	0	0	0	0	514	414	
12	0	0	0	0	511	417	
13	0	0	0	0	510	420	
14	0	0	0	0	509	422	
15	0	0	0	0	510	427	
0	0	0	0	0	512	432	
1	0	0	0	0	514	438	
2	0	0	0	0	515	443	
3	0	0	0	0	520	447	
4	0	0	0	0	524	452	
5	0	0	0	0	524	456	
6	0	0	0	0	523	463	
7	0	0	0	0	521	468	
8	0	0	0	0	515	471	
9	0	0	0	0	510	474	
10	0	0	0	0	507	476	
11	0	0	0	0	502	477	
12	0	0	0	0	497	481	
13	0	0	0	0	492	482	
14	0	0	0	0	489	484	
15	0	0	0	0	490	485	
0	0	0	0	0	492	481	
1	0	0	0	0	494	478	
2	0	0	0	0	495	476	
3	0	0	0	0	496	476	
4	0	0	0	0	496	478	
5	0	0	0	0	499	480	
6	0	0	0	0	501	483	
7	0	0	0	0	501	483	
8	0	0	0	0	499	484	
9	0	0	0	0	494	486	
10	0	0	0	0	489	487	
11	0	0	0	0	482	488	
12	0	0	0	0	478	490	
13	0	0	0	0	476	488	
14	0	0	0	0	476	488	
15	0	0	0	0	477	491	
0	0	0	0	0	474	493	
1	0	0	0	0	472	493	
2	0	0	0	0	472	494	
3	0	0	0	0	472	496	
4	0	0	0	0	472	500	
5	0	0	0	0	472	505	
6	0	0	0	0	475	512	
7	0	0	0	0	477	516	
8	0	0	0	0	480	519	
9	0	0	0	0	481	526	
10	0	0	0	0	481	529	
11	0	0	0	0	480	530	
12	0	0	0	0	481	529	
13	0	0	0	0	488	528	
14	0	0	0	0	495	528	
15	0	0	0	0	500	526	
0	0	0	0	0	507	523	
1	0	0	0	0	510	521	
2	0	0	0	0	510	516	
3	0	0	0	0	509	513	
4	0	0	0	0	509	508	
5	0	0	0	0	508	500	
6	0	0	0	0	508	499	
7	0	0	0	0	507	497	
8	0	0	0	0	505	494	
9	0	0	0	0	505	491	
10	0	0	0	0	505	487	
11	0	0	0	0	504	484	
12	0	0	0	0	501	479	
13	0	0	0	0	499	479	
14	0	0	0	0	497	483	
15	0	0	0	0	495	488	
0	0	0	0	0	495	495	
1	0	0	0	0	495	502	
2	0	0	0	0	500	506	
3	0	0	0	0	504	511	
4	0	0	0	0	506	516	
5	0	0	0	0	508	518	
6	0	0	0	0	513	519	
7	0	0	0	0	519	521	
8	0	0	0	0	527	521	
9	0	0	0	0	529	522	
10	0	0	0	0	528	527	
11	0	0	0	0	523	533	
12	0	0	0	0	514	538	
13	0	0	0	0	504	545	
14	0	0	0	0	494	554	
15	0	0	0	0	484	560	
0	0	0	0	0	472	562	
1	0	0	0	0	463	565	
2	0	0	0	0	457	566	
3	0	0	0	0	451	565	
4	0	0	0	0	445	567	
5	0	0	0	0	444	567	
6	0	0	0	0	445	565	
7	0	0	0	0	444	564	
8	0	0	0	0	445	567	
9	0	0	0	0	443	568	
10	0	0	0	0	440	572	
11	0	0	0	0	436	573	
12	0	0	0	0	434	572	
13	0	0	0	0	432	572	
14	0	0	0	0	433	575	
15	0	0	0	0	433	568	
0	0	0	0	0	435	560	
1	0	0	0	0	443	552	
2	0	0	0	0	448	539	
3	0	0	0	0	448	528	
4	0	0	0	0	451	523	
5	0	0	0	0	457	518	
6	0	0	0	0	462	515	
7	0	0	0	0	465	511	
8	0	0	0	0	469	511	
9	0	0	0	0	474	506	
10	0	0	0	0	480	499	
11	0	0	0	0	486	492	
12	0	0	0	0	492	487	
13	0	0	0	0	497	483	
14	0	0	0	0	500	479	
15	0	0	0	0	503	480	
0	0	0	0	0	502	483	
1	0	0	0	0	499	486	
2	0	0	0	0	494	489	
3	0	0	0	0	489	492	
4	0	0	0	0	483	492	
5	0	0	0	0	477	492	
6	0	0	0	0	473	494	
7	0	0	0	0	470	491	
8	0	0	0	0	469	489	
9	0	0	0	0	471	489	
10	0	0	0	0	474	494	
11	0	0	0	0	476	497	
12	0	0	0	0	478	499	
13	0	0	0	0	478	496	
14	0	0	0	0	474	492	
15	0	0	0	0	470	489	
0	0	0	0	0	463	487	
1	0	0	0	0	457	483	
2	0	0	0	0	451	478	
3	0	0	0	0	449	473	
4	0	0	0	0	449	467	
5	0	0	0	0	452	461	
6	0	0	0	0	455	456	
7	0	0	0	0	457	457	
8	0	0	0	0	462	458	
9	0	0	0	0	466	455	
10	0	0	0	0	471	452	
11	0	0	0	0	478	454	
12	0	0	0	0	488	460	
13	0	0	0	0	498	465	
14	0	0	0	0	506	465	
15	0	0	0	0	511	464	
0	0	0	0	0	512	460	
1	0	0	0	0	512	459	
2	0	0	0	0	511	462	
3	0	0	0	0	510	469	
4	0	0	0	0	509	478	
5	0	0	0	0	507	482	
6	0	0	0	0	504	489	
7	0	0	0	0	499	493	
8	0	0	0	0	497	499	
9	0	0	0	0	498	503	
10	0	0	0	0	496	505	
11	0	0	0	0	493	509	
12	0	0	0	0	491	509	
13	0	0	0	0	489	508	
14	0	0	0	0	484	508	
15	0	0	0	0	476	508	
0	0	0	0	0	468	508	
1	0	0	0	0	460	513	
2	0	0	0	0	454	522	
3	0	0	0	0	448	529	
4	0	0	0	0	446	532	
5	0	0	0	0	444	532	
6	0	0	0	0	444	535	
7	0	0	0	0	444	539	
8	0	0	0	0	447	542	
9	0	0	0	0	448	544	
10	0	0	0	0	448	547	
11	0	0	0	0	448	546	
12	0	0	0	0	449	544	
13	0	0	0	0	448	537	
14	0	0	0	0	443	535	
15	0	0	0	0	442	534	
0	0	0	0	0	440	533	
1	0	0	0	0	435	536	
2	0	0	0	0	432	535	
3	0	0	0	0	428	536	
4	0	0	0	0	422	536	
5	0	0	0	0	415	536	
6	0	0	0	0	415	536	
7	0	0	0	0	416	533	
8	0	0	0	0	421	529	
9	0	0	0	0	427	524	
10	0	0	0	0	431	517	
11	0	0	0	0	433	519	
12	0	0	0	0	436	521	
13	0	0	0	0	438	519	
14	0	0	0	0	438	515	
15	0	0	0	0	439	511	
0	0	0	0	0	436	508	
1	0	0	0	0	433	508	
2	0	0	0	0	433	514	
3	0	0	0	0	436	516	
4	0	0	0	0	441	520	
5	0	0	0	0	445	516	
6	0	0	0	0	446	511	
7	0	0	0	0	445	504	
8	0	0	0	0	448	502	
9	0	0	0	0	452	504	
10	0	0	0	0	459	508	
11	0	0	0	0	463	511	
12	0	0	0	0	466	512	
13	0	0	0	0	471	512	
14	0	0	0	0	476	513	
15	0	0	0	0	481	513	
0	0	0	0	0	484	511	
1	0	0	0	0	485	511	
2	0	0	0	0	482	509	
3	0	0	0	0	478	506	
4	0	0	0	0	473	500	
5	0	0	0	0	473	493	
6	0	0	0	0	476	487	
7	0	0	0	0	478	479	
8	0	0	0	0	483	474	
9	0	0	0	0	488	469	
10	0	0	0	0	492	463	
11	0	0	0	0	498	463	
12	0	0	0	0	503	466	
13	0	0	0	0	504	476	
14	0	0	0	0	500	489	
15	0	0	0	0	493	499	
0	0	0	0	0	486	505	
1	0	0	0	0	479	508	
2	0	0	0	0	471	509	
3	0	0	0	0	463	508	
4	0	0	0	0	454	508	
5	0	0	0	0	446	514	
6	0	0	0	0	443	523	
7	0	0	0	0	442	532	
8	0	0	0	0	439	544	
9	0	0	0	0	439	552	
10	0	0	0	0	437	559	
11	0	0	0	0	435	561	
12	0	0	0	0	432	559	
13	0	0	0	0	431	560	
14	0	0	0	0	427	561	
15	0	0	0	0	427	554	
0	0	0	0	0	423	546	
1	0	0	0	0	417	537	
2	0	0	0	0	412	529	
3	0	0	0	0	407	519	
4	0	0	0	0	404	513	
5	0	0	0	0	400	505	
6	0	0	0	0	394	498	
7	0	0	0	0	395	494	
8	0	0	0	0	397	493	
9	0	0	0	0	399	494	
10	0	0	0	0	402	497	
11	0	0	0	0	404	504	
12	0	0	0	0	407	510	
13	0	0	0	0	412	515	
14	0	0	0	0	415	522	
15	0	0	0	0	415	531	
0	0	0	0	0	416	539	
1	0	0	0	0	417	546	
2	0	0	0	0	417	550	
3	0	0	0	0	419	550	
4	0	0	0	0	424	552	
5	0	0	0	0	428	554	
6	0	0	0	0	430	561	
7	0	0	0	0	436	566	
8	0	0	0	0	440	567	
9	0	0	0	0	442	563	
10	0	0	0	0	444	558	
11	0	0	0	0	447	555	
12	0	0	0	0	451	553	
13	0	0	0	0	462	549	
14	0	0	0	0	473	546	
15	0	0	0	0	483	540	
0	0	0	0	0	492	532	
1	0	0	0	0	498	526	
2	0	0	0	0	499	521	
3	0	0	0	0	499	519	
4	0	0	0	0	500	519	
5	0	0	0	0	501	518	
6	0	0	0	0	501	515	
7	0	0	0	0	497	512	
8	0	0	0	0	494	510	
9	0	0	0	0	492	510	
10	0	0	0	0	492	513	
11	0	0	0	0	491	519	
12	0	0	0	0	491	522	
13	0	0	0	0	494	524	
14	0	0	0	0	497	529	
15	0	0	0	0	503	536	
0	0	0	0	0	508	542	
1	0	0	0	0	514	548	
2	0	0	0	0	515	549	
3	0	0	0	0	515	544	
4	0	0	0	0	512	542	
5	0	0	0	0	510	544	
6	0	0	0	0	510	546	
7	0	0	0	0	511	547	
8	0	0	0	0	511	545	
9	0	0	0	0	510	543	
10	0	0	0	0	512	538	
11	0	0	0	0	514	532	
12	0	0	0	0	518	525	
13	0	0	0	0	521	520	
14	0	0	0	0	523	515	
15	0	0	0	0	524	511	
0	0	0	0	0	527	510	
1	0	0	0	0	531	508	
2	0	0	0	0	534	507	
3	0	0	0	0	534	502	
4	0	0	0	0	528	496	
5	0	0	0	0	523	492	
6	0	0	0	0	516	487	
7	0	0	0	0	512	483	
8	0	0	0	0	511	483	
9	0	0	0	0	512	484	
10	0	0	0	0	516	483	
11	0	0	0	0	519	484	
12	0	0	0	0	519	490	
13	0	0	0	0	519	496	
14	0	0	0	0	523	499	
15	0	0	0	0	529	505	
0	0	0	0	0	534	509	
1	0	0	0	0	532	515	
2	0	0	0	0	528	519	
3	0	0	0	0	524	518	
4	0	0	0	0	521	516	
5	0	0	0	0	515	509	
6	0	0	0	0	502	503	
7	0	0	0	0	490	497	
8	0	0	0	0	480	495	
9	0	0	0	0	473	495	
10	0	0	0	0	467	496	
11	0	0	0	0	463	499	
12	0	0	0	0	458	504	
13	0	0	0	0	457	508	
14	0	0	0	0	460	511	
15	0	0	0	0	465	509	
0	0	0	0	0	470	510	
1	0	0	0	0	473	505	
2	0	0	0	0	474	502	
3	0	0	0	0	476	497	
4	0	0	0	0	478	488	
5	0	0	0	0	482	480	
6	0	0	0	0	486	472	
7	0	0	0	0	487	468	
8	0	0	0	0	489	465	
9	0	0	0	0	489	463	
10	0	0	0	0	487	465	
11	0	0	0	0	487	470	
12	0	0	0	0	487	476	
13	0	0	0	0	487	484	
14	0	0	0	0	487	487	
15	0	0	0	0	487	488	
0	0	0	0	0	486	492	
1	0	0	0	0	482	499	
2	0	0	0	0	483	505	
3	0	0	0	0	489	510	
4	0	0	0	0	495	513	
5	0	0	0	0	501	518	
6	0	0	0	0	507	521	
7	0	0	0	0	514	521	
8	0	0	0	0	521	520	
9	0	0	0	0	523	519	
10	0	0	0	0	518	520	
11	0	0	0	0	512	521	
12	0	0	0	0	507	523	
13	0	0	0	0	500	523	
14	0	0	0	0	497	517	
15	0	0	0	0	494	507	
0	0	0	0	0	492	498	
1	0	0	0	0	492	493	
2	0	0	0	0	493	492	
3	0	0	0	0	495	492	
4	0	0	0	0	495	498	
5	0	0	0	0	494	514	
6	0	0	0	0	489	537	
7	0	0	0	0	484	556	
8	0	0	0	0	478	574	
9	0	0	0	0	471	587	
10	0	0	0	0	466	599	
11	0	0	0	0	462	605	
12	0	0	0	0	457	612	
13	0	0	0	0	451	621	
14	0	0	0	0	446	634	
15	0	0	0	0	442	645	
0	0	0	0	0	441	658	
1	0	0	0	0	441	667	
2	0	0	0	0	441	673	
3	0	0	0	0	440	674	
4	0	0	0	0	442	673	
5	0	0	0	0	441	673	
6	0	0	0	0	440	673	
7	0	0	0	0	438	677	
8	0	0	0	0	436	682	
9	0	0	0	0	434	683	
10	0	0	0	0	433	683	
11	0	0	0	0	431	679	
12	0	0	0	0	429	674	
13	0	0	0	0	431	672	
14	0	0	0	0	432	671	
15	0	0	0	0	437	666	
0	0	0	0	0	440	662	
1	0	0	0	0	444	660	
2	0	0	0	0	452	659	
3	0	0	0	0	458	655	
4	0	0	0	0	466	647	
5	0	0	0	0	476	640	
6	0	0	0	0	482	639	
7	0	0	0	0	483	635	
8	0	0	0	0	481	632	
9	0	0	0	0	480	627	
10	0	0	0	0	479	617	
11	0	0	0	0	481	609	
12	0	0	0	0	482	605	
13	0	0	0	0	485	600	
14	0	0	0	0	486	604	
15	0	0	0	0	485	608	
0	0	0	0	0	484	609	
1	0	0	0	0	483	613	
2	0	0	0	0	487	615	
3	0	0	0	0	490	614	
4	0	0	0	0	492	608	
5	0	0	0	0	496	604	
6	0	0	0	0	503	600	
7	0	0	0	0	506	600	
8	0	0	0	0	509	598	
9	0	0	0	0	510	598	
10	0	0	0	0	505	596	
11	0	0	0	0	503	597	
12	0	0	0	0	503	597	
13	0	0	0	0	499	593	
14	0	0	0	0	495	588	
15	0	0	0	0	495	580	
0	0	0	0	0	499	574	
1	0	0	0	0	504	569	
2	0	0	0	0	509	565	
3	0	0	0	0	514	560	
4	0	0	0	0	520	560	
5	0	0	0	0	529	562	
6	0	0	0	0	539	568	
7	0	0	0	0	548	576	
8	0	0	0	0	558	584	
9	0	0	0	0	560	588	
10	0	0	0	0	558	591	
11	0	0	0	0	553	590	
12	0	0	0	0	550	592	
13	0	0	0	0	551	592	
14	0	0	0	0	553	593	
15	0	0	0	0	555	592	
0	0	0	0	0	550	587	
1	0	0	0	0	546	578	
2	0	0	0	0	541	572	
3	0	0	0	0	538	566	
4	0	0	0	0	536	559	
5	0	0	0	0	535	559	
6	0	0	0	0	538	560	
7	0	0	0	0	540	561	
8	0	0	0	0	539	560	
9	0	0	0	0	536	558	
10	0	0	0	0	531	556	
11	0	0	0	0	525	556	
12	0	0	0	0	520	553	
13	0	0	0	0	519	546	
14	0	0	0	0	519	537	
15	0	0	0	0	518	526	
0	0	0	0	0	520	518	
1	0	0	0	0	528	511	
2	0	0	0	0	536	509	
3	0	0	0	0	544	508	
4	0	0	0	0	551	508	
5	0	0	0	0	555	506	
6	0	0	0	0	558	504	
7	0	0	0	0	556	504	
8	0	0	0	0	555	508	
9	0	0	0	0	555	517	
10	0	0	0	0	555	519	
11	0	0	0	0	552	515	
12	0	0	0	0	543	512	
13	0	0	0	0	534	506	
14	0	0	0	0	526	504	
15	0	0	0	0	519	506	
0	0	0	0	0	514	508	
1	0	0	0	0	508	508	
2	0	0	0	0	501	510	
3	0	0	0	0	496	510	
4	0	0	0	0	492	507	
5	0	0	0	0	490	499	
6	0	0	0	0	489	494	
7	0	0	0	0	489	489	
8	0	0	0	0	493	483	
9	0	0	0	0	497	477	
10	0	0	0	0	499	467	
11	0	0	0	0	503	461	
12	0	0	0	0	504	453	
13	0	0	0	0	504	444	
14	0	0	0	0	505	438	
15	0	0	0	0	508	435	
0	0	0	0	0	513	440	
1	0	0	0	0	515	441	
2	0	0	0	0	519	444	
3	0	0	0	0	524	443	
4	0	0	0	0	530	444	
5	0	0	0	0	537	448	
6	0	0	0	0	543	449	
7	0	0	0	0	546	452	
8	0	0	0	0	545	460	
9	0	0	0	0	543	465	
10	0	0	0	0	537	467	
11	0	0	0	0	527	468	
12	0	0	0	0	519	468	
13	0	0	0	0	511	466	
14	0	0	0	0	506	466	
15	0	0	0	0	501	464	
0	0	0	0	0	495	465	
1	0	0	0	0	490	465	
2	0	0	0	0	487	465	
3	0	0	0	0	489	462	
4	0	0	0	0	495	463	
5	0	0	0	0	504	466	
6	0	0	0	0	511	464	
7	0	0	0	0	517	463	
8	0	0	0	0	523	463	
9	0	0	0	0	531	468	
10	0	0	0	0	541	477	
11	0	0	0	0	547	487	
12	0	0	0	0	553	493	
13	0	0	0	0	557	492	
14	0	0	0	0	560	489	
15	0	0	0	0	562	485	
0	0	0	0	0	564	479	
1	0	0	0	0	564	466	
2	0	0	0	0	564	457	
3	0	0	0	0	564	449	
4	0	0	0	0	564	447	
5	0	0	0	0	564	446	
6	0	0	0	0	568	448	
7	0	0	0	0	572	450	
8	0	0	0	0	572	453	
9	0	0	0	0	572	456	
10	0	0	0	0	571	459	
11	0	0	0	0	566	463	
12	0	0	0	0	561	469	
13	0	0	0	0	557	475	
14	0	0	0	0	548	484	
15	0	0	0	0	537	492	
0	0	0	0	0	527	496	
1	0	0	0	0	517	499	
2	0	0	0	0	508	503	
3	0	0	0	0	499	505	
4	0	0	0	0	495	510	
5	0	0	0	0	495	515	
6	0	0	0	0	496	519	
7	0	0	0	0	502	521	
8	0	0	0	0	510	523	
9	0	0	0	0	516	521	
10	0	0	0	0	522	519	
11	0	0	0	0	524	518	
12	0	0	0	0	530	521	
13	0	0	0	0	534	525	
14	0	0	0	0	536	527	
15	0	0	0	0	534	529	
0	0	0	0	0	528	530	
1	0	0	0	0	523	531	
2	0	0	0	0	517	532	
3	0	0	0	0	510	530	
4	0	0	0	0	504	525	
5	0	0	0	0	500	519	
6	0	0	0	0	499	516	
7	0	0	0	0	499	515	
8	0	0	0	0	503	514	
9	0	0	0	0	510	515	
10	0	0	0	0	512	513	
11	0	0	0	0	514	512	
12	0	0	0	0	516	507	
13	0	0	0	0	515	503	
14	0	0	0	0	513	502	
15	0	0	0	0	510	501	
0	0	0	0	0	507	503	
1	0	0	0	0	502	506	
2	0	0	0	0	504	508	
3	0	0	0	0	505	511	
4	0	0	0	0	510	514	
5	0	0	0	0	516	519	
6	0	0	0	0	527	523	
7	0	0	0	0	537	528	
8	0	0	0	0	548	527	
9	0	0	0	0	557	527	
10	0	0	0	0	563	524	
11	0	0	0	0	566	521	
12	0	0	0	0	567	519	
13	0	0	0	0	568	520	
14	0	0	0	0	566	524	
15	0	0	0	0	564	527	
0	0	0	0	0	558	532	
1	0	0	0	0	551	535	
2	0	0	0	0	544	537	
3	0	0	0	0	535	542	
4	0	0	0	0	525	544	
5	0	0	0	0	511	542	
6	0	0	0	0	500	539	
7	0	0	0	0	494	536	
8	0	0	0	0	493	532	
9	0	0	0	0	495	530	
10	0	0	0	0	494	529	
11	0	0	0	0	495	528	
12	0	0	0	0	499	528	
13	0	0	0	0	501	526	
14	0	0	0	0	503	521	
15	0	0	0	0	506	518	
0	0	0	0	0	508	516	
1	0	0	0	0	511	515	
2	0	0	0	0	511	512	
3	0	0	0	0	510	510	
4	0	0	0	0	508	505	
5	0	0	0	0	507	498	
6	0	0	0	0	509	492	
7	0	0	0	0	510	482	
8	0	0	0	0	512	470	
9	0	0	0	0	516	462	
10	0	0	0	0	523	453	
11	0	0	0	0	531	447	
12	0	0	0	0	540	445	
13	0	0	0	0	547	446	
14	0	0	0	0	553	448	
15	0	0	0	0	560	450	
0	0	0	0	0	563	455	
1	0	0	0	0	568	460	
2	0	0	0	0	569	463	
3	0	0	0	0	569	471	
4	0	0	0	0	570	476	
5	0	0	0	0	569	480	
6	0	0	0	0	563	482	
7	0	0	0	0	557	481	
8	0	0	0	0	553	481	
9	0	0	0	0	550	479	
10	0	0	0	0	548	476	
11	0	0	0	0	545	478	
12	0	0	0	0	543	480	
13	0	0	0	0	544	479	
14	0	0	0	0	545	478	
15	0	0	0	0	548	480	
0	0	0	0	0	550	480	
1	0	0	0	0	549	476	
2	0	0	0	0	545	472	
3	0	0	0	0	541	469	
4	0	0	0	0	539	467	
5	0	0	0	0	537	464	
6	0	0	0	0	534	462	
7	0	0	0	0	531	463	
8	0	0	0	0	524	461	
9	0	0	0	0	515	460	
10	0	0	0	0	505	459	
11	0	0	0	0	495	458	
12	0	0	0	0	495	458	
13	0	0	0	0	496	458	
14	0	0	0	0	499	460	
15	0	0	0	0	507	461	
0	0	0	0	0	513	464	
1	0	0	0	0	518	468	
2	0	0	0	0	522	476	
3	0	0	0	0	523	483	
4	0	0	0	0	526	487	
5	0	0	0	0	524	488	
6	0	0	0	0	520	490	
7	0	0	0	0	515	493	
8	0	0	0	0	512	497	
9	0	0	0	0	510	499	
10	0	0	0	0	510	500	
11	0	0	0	0	513	501	
12	0	0	0	0	520	495	
13	0	0	0	0	529	489	
14	0	0	0	0	537	483	
15	0	0	0	0	546	479	
0	0	0	0	0	551	479	
1	0	0	0	0	554	481	
2	0	0	0	0	551	480	
3	0	0	0	0	545	479	
4	0	0	0	0	534	478	
5	0	0	0	0	526	475	
6	0	0	0	0	519	473	
7	0	0	0	0	510	475	
8	0	0	0	0	502	476	
9	0	0	0	0	494	476	
10	0	0	0	0	491	475	
11	0	0	0	0	491	475	
12	0	0	0	0	488	475	
13	0	0	0	0	487	475	
14	0	0	0	0	487	473	
15	0	0	0	0	490	473	
0	0	0	0	0	494	478	
1	0	0	0	0	498	485	
2	0	0	0	0	505	495	
3	0	0	0	0	510	504	
4	0	0	0	0	509	511	
5	0	0	0	0	504	519	
6	0	0	0	0	501	525	
7	0	0	0	0	499	527	
8	0	0	0	0	496	524	
9	0	0	0	0	493	524	
10	0	0	0	0	492	525	
11	0	0	0	0	499	525	
12	0	0	0	0	504	519	
13	0	0	0	0	512	513	
14	0	0	0	0	521	505	
15	0	0	0	0	529	499	
0	0	0	0	0	537	496	
1	0	0	0	0	543	493	
2	0	0	0	0	548	488	
3	0	0	0	0	549	488	
4	0	0	0	0	550	491	
5	0	0	0	0	549	494	
6	0	0	0	0	543	496	
7	0	0	0	0	538	498	
8	0	0	0	0	531	503	
9	0	0	0	0	525	508	
10	0	0	0	0	519	513	
11	0	0	0	0	515	514	
12	0	0	0	0	512	518	
13	0	0	0	0	512	524	
14	0	0	0	0	513	528	
15	0	0	0	0	516	535	
0	0	0	0	0	517	541	
1	0	0	0	0	516	551	
2	0	0	0	0	515	554	
3	0	0	0	0	513	555	
4	0	0	0	0	513	555	
5	0	0	0	0	512	547	
6	0	0	0	0	510	541	
7	0	0	0	0	507	533	
8	0	0	0	0	501	526	
9	0	0	0	0	499	519	
10	0	0	0	0	503	513	
11	0	0	0	0	507	511	
12	0	0	0	0	508	507	
13	0	0	0	0	511	505	
14	0	0	0	0	515	506	
15	0	0	0	0	519	507	
0	0	0	0	0	520	511	
1	0	0	0	0	522	519	
2	0	0	0	0	520	525	
3	0	0	0	0	519	528	
4	0	0	0	0	519	531	
5	0	0	0	0	516	530	
6	0	0	0	0	511	527	
7	0	0	0	0	504	526	
8	0	0	0	0	498	524	
9	0	0	0	0	491	526	
10	0	0	0	0	483	527	
11	0	0	0	0	478	529	
12	0	0	0	0	475	535	
13	0	0	0	0	478	540	
14	0	0	0	0	483	546	
15	0	0	0	0	489	556	
0	0	0	0	0	498	568	
1	0	0	0	0	507	577	
2	0	0	0	0	515	583	
3	0	0	0	0	520	583	
4	0	0	0	0	522	575	
5	0	0	0	0	522	569	
6	0	0	0	0	522	562	
7	0	0	0	0	520	556	
8	0	0	0	0	518	554	
9	0	0	0	0	515	551	
10	0	0	0	0	511	550	
11	0	0	0	0	506	547	
12	0	0	0	0	501	540	
13	0	0	0	0	498	534	
14	0	0	0	0	500	528	
15	0	0	0	0	503	525	
0	0	0	0	0	506	525	
1	0	0	0	0	506	526	
2	0	0	0	0	509	530	
3	0	0	0	0	513	536	
4	0	0	0	0	519	543	
5	0	0	0	0	523	546	
6	0	0	0	0	527	550	
7	0	0	0	0	530	556	
8	0	0	0	0	533	555	
9	0	0	0	0	532	555	
10	0	0	0	0	528	553	
11	0	0	0	0	524	550	
12	0	0	0	0	521	547	
13	0	0	0	0	519	544	
14	0	0	0	0	516	540	
15	0	0	0	0	519	540	
0	0	0	0	0	524	544	
1	0	0	0	0	529	545	
2	0	0	0	0	530	545	
3	0	0	0	0	532	542	
4	0	0	0	0	535	539	
5	0	0	0	0	537	536	
6	0	0	0	0	539	534	
7	0	0	0	0	537	530	
8	0	0	0	0	536	527	
9	0	0	0	0	529	525	
10	0	0	0	0	523	522	
11	0	0	0	0	514	515	
12	0	0	0	0	508	510	
13	0	0	0	0	504	504	
14	0	0	0	0	499	499	
15	0	0	0	0	496	496	
0	0	0	0	0	493	498	
1	0	0	0	0	494	501	
2	0	0	0	0	499	508	
3	0	0	0	0	502	515	
4	0	0	0	0	505	518	
5	0	0	0	0	508	518	
6	0	0	0	0	511	517	
7	0	0	0	0	517	516	
8	0	0	0	0	525	516	
9	0	0	0	0	525	515	
10	0	0	0	0	524	514	
11	0	0	0	0	517	512	
12	0	0	0	0	507	510	
13	0	0	0	0	496	505	
14	0	0	0	0	491	501	
15	0	0	0	0	489	497	
0	0	0	0	0	488	496	
1	0	0	0	0	491	495	
2	0	0	0	0	494	496	
3	0	0	0	0	497	499	
4	0	0	0	0	504	506	
5	0	0	0	0	513	512	
6	0	0	0	0	523	516	
7	0	0	0	0	527	517	
8	0	0	0	0	525	521	
9	0	0	0	0	520	521	
10	0	0	0	0	513	521	
11	0	0	0	0	506	520	
12	0	0	0	0	501	523	
13	0	0	0	0	498	526	
14	0	0	0	0	493	527	
15	0	0	0	0	487	531	
0	0	0	0	0	483	535	
1	0	0	0	0	480	540	
2	0	0	0	0	480	550	
3	0	0	0	0	480	555	
4	0	0	0	0	479	558	
5	0	0	0	0	481	555	
6	0	0	0	0	482	547	
7	0	0	0	0	481	538	
8	0	0	0	0	482	531	
9	0	0	0	0	481	527	
10	0	0	0	0	479	521	
11	0	0	0	0	480	516	
12	0	0	0	0	481	510	
13	0	0	0	0	486	507	
14	0	0	0	0	492	508	
15	0	0	0	0	497	513	
0	0	0	0	0	504	518	
1	0	0	0	0	509	521	
2	0	0	0	0	514	523	
3	0	0	0	0	521	525	
4	0	0	0	0	527	526	
5	0	0	0	0	533	525	
6	0	0	0	0	539	521	
7	0	0	0	0	543	518	
8	0	0	0	0	544	512	
9	0	0	0	0	545	509	
10	0	0	0	0	545	512	
11	0	0	0	0	545	518	
12	0	0	0	0	539	524	
13	0	0	0	0	532	526	
14	0	0	0	0	521	528	
15	0	0	0	0	510	531	
0	0	0	0	0	503	535	
1	0	0	0	0	502	535	
2	0	0	0	0	506	532	
3	0	0	0	0	512	528	
4	0	0	0	0	517	524	
5	0	0	0	0	522	523	
6	0	0	0	0	523	524	
7	0	0	0	0	524	525	
8	0	0	0	0	523	526	
9	0	0	0	0	520	524	
10	0	0	0	0	518	520	
11	0	0	0	0	519	517	
12	0	0	0	0	521	514	
13	0	0	0	0	523	512	
14	0	0	0	0	524	508	
15	0	0	0	0	526	502	
0	0	0	0	0	530	497	
1	0	0	0	0	532	492	
2	0	0	0	0	535	488	
3	0	0	0	0	534	487	
4	0	0	0	0	532	493	
5	0	0	0	0	532	500	
6	0	0	0	0	538	508	
7	0	0	0	0	546	516	
8	0	0	0	0	551	522	
9	0	0	0	0	551	524	
10	0	0	0	0	545	524	
11	0	0	0	0	536	525	
12	0	0	0	0	528	524	
13	0	0	0	0	525	521	
14	0	0	0	0	524	519	
15	0	0	0	0	518	513	
0	0	0	0	0	516	506	
1	0	0	0	0	520	501	
2	0	0	0	0	527	496	
3	0	0	0	0	530	488	
4	0	0	0	0	532	482	
5	0	0	0	0	533	477	
6	0	0	0	0	532	470	
7	0	0	0	0	530	468	
8	0	0	0	0	530	465	
9	0	0	0	0	529	462	
10	0	0	0	0	527	463	
11	0	0	0	0	527	470	
12	0	0	0	0	527	475	
13	0	0	0	0	529	480	
14	0	0	0	0	528	489	
15	0	0	0	0	527	498	
0	0	0	0	0	523	505	
1	0	0	0	0	517	511	
2	0	0	0	0	513	513	
3	0	0	0	0	509	516	
4	0	0	0	0	506	518	
5	0	0	0	0	505	517	
6	0	0	0	0	507	519	
7	0	0	0	0	508	519	
8	0	0	0	0	510	521	
9	0	0	0	0	513	520	
10	0	0	0	0	514	518	
11	0	0	0	0	511	515	
12	0	0	0	0	512	518	
13	0	0	0	0	513	519	
14	0	0	0	0	513	521	
15	0	0	0	0	512	521	
0	0	0	0	0	511	519	
1	0	0	0	0	512	516	
2	0	0	0	0	514	513	
3	0	0	0	0	517	510	
4	0	0	0	0	521	505	
5	0	0	0	0	523	498	
6	0	0	0	0	524	493	
7	0	0	0	0	526	484	
8	0	0	0	0	526	477	
9	0	0	0	0	526	471	
10	0	0	0	0	527	467	
11	0	0	0	0	525	466	
12	0	0	0	0	520	469	
13	0	0	0	0	518	474	
14	0	0	0	0	515	477	
15	0	0	0	0	507	479	
0	0	0	0	0	497	480	
1	0	0	0	0	491	483	
2	0	0	0	0	485	485	
3	0	0	0	0	478	487	
4	0	0	0	0	474	489	
5	0	0	0	0	472	492	
6	0	0	0	0	473	496	
7	0	0	0	0	473	502	
8	0	0	0	0	477	508	
9	0	0	0	0	477	511	
10	0	0	0	0	476	515	
11	0	0	0	0	472	519	
12	0	0	0	0	469	524	
13	0	0	0	0	467	531	
14	0	0	0	0	464	532	
15	0	0	0	0	459	531	
0	0	0	0	0	457	523	
1	0	0	0	0	453	512	
2	0	0	0	0	449	499	
3	0	0	0	0	447	488	
4	0	0	0	0	444	479	
5	0	0	0	0	446	471	
6	0	0	0	0	452	463	
7	0	0	0	0	458	457	
8	0	0	0	0	462	452	
9	0	0	0	0	463	449	
10	0	0	0	0	460	446	
11	0	0	0	0	460	444	
12	0	0	0	0	463	446	
13	0	0	0	0	464	452	
14	0	0	0	0	465	464	
15	0	0	0	0	463	470	
0	0	0	0	0	462	472	
1	0	0	0	0	462	473	
2	0	0	0	0	463	477	
3	0	0	0	0	463	476	
4	0	0	0	0	463	475	
5	0	0	0	0	465	473	
6	0	0	0	0	468	472	
7	0	0	0	0	469	476	
8	0	0	0	0	473	481	
9	0	0	0	0	480	486	
10	0	0	0	0	487	488	
11	0	0	0	0	496	493	
12	0	0	0	0	502	495	
13	0	0	0	0	506	495	
14	0	0	0	0	507	488	
15	0	0	0	0	509	480	
0	0	0	0	0	515	472	
1	0	0	0	0	519	470	
2	0	0	0	0	523	471	
3	0	0	0	0	523	475	
4	0	0	0	0	523	480	
5	0	0	0	0	524	486	
6	0	0	0	0	526	491	
7	0	0	0	0	529	497	
8	0	0	0	0	532	502	
9	0	0	0	0	534	504	
10	0	0	0	0	530	505	
11	0	0	0	0	525	504	
12	0	0	0	0	522	506	
13	0	0	0	0	520	508	
14	0	0	0	0	518	512	
15	0	0	0	0	514	517	
0	0	0	0	0	509	516	
1	0	0	0	0	502	515	
2	0	0	0	0	495	514	
3	0	0	0	0	492	510	
4	0	0	0	0	489	510	
5	0	0	0	0	487	508	
6	0	0	0	0	483	507	
7	0	0	0	0	480	507	
8	0	0	0	0	478	508	
9	0	0	0	0	479	508	
10	0	0	0	0	481	509	
11	0	0	0	0	486	515	
12	0	0	0	0	491	521	
13	0	0	0	0	495	523	
14	0	0	0	0	497	518	
15	0	0	0	0	501	512	
0	0	0	0	0	504	504	
1	0	0	0	0	509	494	
2	0	0	0	0	513	486	
3	0	0	0	0	513	479	
4	0	0	0	0	511	473	
5	0	0	0	0	507	464	
6	0	0	0	0	499	455	
7	0	0	0	0	491	446	
8	0	0	0	0	484	445	
9	0	0	0	0	482	446	
10	0	0	0	0	481	447	
11	0	0	0	0	480	451	
12	0	0	0	0	479	460	
13	0	0	0	0	479	471	
14	0	0	0	0	480	481	
15	0	0	0	0	481	491	
0	0	0	0	0	481	499	
1	0	0	0	0	480	506	
2	0	0	0	0	479	511	
3	0	0	0	0	478	517	
4	0	0	0	0	476	523	
5	0	0	0	0	476	536	
6	0	0	0	0	478	546	
7	0	0	0	0	479	551	
8	0	0	0	0	482	552	
9	0	0	0	0	486	553	
10	0	0	0	0	489	551	
11	0	0	0	0	491	543	
12	0	0	0	0	495	537	
13	0	0	0	0	496	529	
14	0	0	0	0	497	515	
15	0	0	0	0	498	502	
0	0	0	0	0	500	490	
1	0	0	0	0	501	478	
2	0	0	0	0	499	466	
3	0	0	0	0	498	459	
4	0	0	0	0	497	454	
5	0	0	0	0	495	451	
6	0	0	0	0	491	444	
7	0	0	0	0	489	440	
8	0	0	0	0	485	439	
9	0	0	0	0	476	440	
10	0	0	0	0	469	439	
11	0	0	0	0	461	440	
12	0	0	0	0	455	440	
13	0	0	0	0	454	440	
14	0	0	0	0	455	440	
15	0	0	0	0	462	439	
0	0	0	0	0	470	440	
1	0	0	0	0	479	445	
2	0	0	0	0	487	452	
3	0	0	0	0	492	459	
4	0	0	0	0	496	465	
5	0	0	0	0	502	471	
6	0	0	0	0	507	475	
7	0	0	0	0	513	478	
8	0	0	0	0	516	475	
9	0	0	0	0	517	476	
10	0	0	0	0	515	477	
11	0	0	0	0	513	480	
12	0	0	0	0	516	481	
13	0	0	0	0	521	483	
14	0	0	0	0	527	484	
15	0	0	0	0	529	484	
0	0	0	0	0	531	480	
1	0	0	0	0	534	474	
2	0	0	0	0	534	466	
3	0	0	0	0	533	457	
4	0	0	0	0	534	451	
5	0	0	0	0	534	447	
6	0	0	0	0	531	450	
7	0	0	0	0	527	452	
8	0	0	0	0	525	456	
9	0	0	0	0	523	463	
10	0	0	0	0	522	468	
11	0	0	0	0	524	475	
12	0	0	0	0	525	480	
13	0	0	0	0	527	486	
14	0	0	0	0	531	488	
15	0	0	0	0	534	490	
0	0	0	0	0	536	493	
1	0	0	0	0	539	493	
2	0	0	0	0	543	491	
3	0	0	0	0	545	493	
4	0	0	0	0	545	496	
5	0	0	0	0	541	499	
6	0	0	0	0	534	495	
7	0	0	0	0	528	489	
8	0	0	0	0	521	480	
9	0	0	0	0	517	475	
10	0	0	0	0	517	473	
11	0	0	0	0	518	470	
12	0	0	0	0	518	464	
13	0	0	0	0	517	458	
14	0	0	0	0	513	453	
15	0	0	0	0	506	450	
0	0	0	0	0	501	448	
1	0	0	0	0	496	445	
2	0	0	0	0	496	446	
3	0	0	0	0	500	454	
4	0	0	0	0	504	466	
5	0	0	0	0	510	478	
6	0	0	0	0	515	487	
7	0	0	0	0	519	494	
8	0	0	0	0	519	497	
9	0	0	0	0	518	501	
10	0	0	0	0	513	501	
11	0	0	0	0	508	500	
12	0	0	0	0	504	502	
13	0	0	0	0	504	502	
14	0	0	0	0	509	499	
15	0	0	0	0	509	493	
0	0	0	0	0	512	489	
1	0	0	0	0	514	486	
2	0	0	0	0	516	481	
3	0	0	0	0	515	479	
4	0	0	0	0	513	479	
5	0	0	0	0	509	478	
6	0	0	0	0	505	475	
7	0	0	0	0	497	474	
8	0	0	0	0	487	471	
9	0	0	0	0	475	469	
10	0	0	0	0	467	469	
11	0	0	0	0	462	467	
12	0	0	0	0	456	462	
13	0	0	0	0	455	461	
14	0	0	0	0	454	461	
15	0	0	0	0	455	461	
0	0	0	0	0	456	464	
1	0	0	0	0	455	468	
2	0	0	0	0	456	475	
3	0	0	0	0	452	483	
4	0	0	0	0	449	490	
5	0	0	0	0	451	495	
6	0	0	0	0	449	498	
7	0	0	0	0	445	499	
8	0	0	0	0	438	501	
9	0	0	0	0	435	500	
10	0	0	0	0	434	498	
11	0	0	0	0	434	491	
12	0	0	0	0	438	486	
13	0	0	0	0	442	485	
14	0	0	0	0	446	485	
15	0	0	0	0	449	486	
0	0	0	0	0	452	484	
1	0	0	0	0	455	483	
2	0	0	0	0	457	481	
3	0	0	0	0	457	477	
4	0	0	0	0	459	473	
5	0	0	0	0	460	473	
6	0	0	0	0	461	476	
7	0	0	0	0	463	480	
8	0	0	0	0	463	484	
9	0	0	0	0	462	486	
10	0	0	0	0	459	483	
11	0	0	0	0	456	483	
12	0	0	0	0	457	487	
13	0	0	0	0	460	489	
14	0	0	0	0	467	492	
15	0	0	0	0	475	492	
0	0	0	0	0	484	491	
1	0	0	0	0	492	488	
2	0	0	0	0	501	485	
3	0	0	0	0	508	491	
4	0	0	0	0	513	496	
5	0	0	0	0	520	499	
6	0	0	0	0	524	500	
7	0	0	0	0	528	502	
8	0	0	0	0	532	502	
9	0	0	0	0	535	505	
10	0	0	0	0	537	512	
11	0	0	0	0	536	521	
12	0	0	0	0	535	527	
13	0	0	0	0	533	532	
14	0	0	0	0	535	532	
15	0	0	0	0	535	530	
0	0	0	0	0	535	524	
1	0	0	0	0	539	518	
2	0	0	0	0	541	512	
3	0	0	0	0	543	504	
4	0	0	0	0	545	497	
5	0	0	0	0	546	491	
6	0	0	0	0	545	483	
7	0	0	0	0	540	479	
8	0	0	0	0	535	476	
9	0	0	0	0	528	476	
10	0	0	0	0	523	480	
11	0	0	0	0	517	484	
12	0	0	0	0	513	489	
13	0	0	0	0	511	494	
14	0	0	0	0	509	500	
15	0	0	0	0	505	508	
0	0	0	0	0	500	517	
1	0	0	0	0	497	527	
2	0	0	0	0	492	540	
3	0	0	0	0	490	548	
4	0	0	0	0	489	550	
5	0	0	0	0	489	548	
6	0	0	0	0	490	544	
7	0	0	0	0	492	540	
8	0	0	0	0	494	537	
9	0	0	0	0	498	536	
10	0	0	0	0	501	538	
11	0	0	0	0	502	543	
12	0	0	0	0	504	549	
13	0	0	0	0	505	551	
14	0	0	0	0	507	554	
15	0	0	0	0	510	557	
0	0	0	0	0	517	559	
1	0	0	0	0	523	559	
2	0	0	0	0	530	556	
3	0	0	0	0	535	555	
4	0	0	0	0	535	553	
5	0	0	0	0	536	550	
6	0	0	0	0	533	543	
7	0	0	0	0	528	537	
8	0	0	0	0	528	532	
9	0	0	0	0	525	529	
10	0	0	0	0	521	527	
11	0	0	0	0	520	524	
12	0	0	0	0	519	520	
13	0	0	0	0	518	516	
14	0	0	0	0	512	516	
15	0	0	0	0	507	517	
0	0	0	0	0	504	521	
1	0	0	0	0	500	523	
2	0	0	0	0	496	522	
3	0	0	0	0	495	518	
4	0	0	0	0	495	516	
5	0	0	0	0	496	514	
6	0	0	0	0	497	512	
7	0	0	0	0	496	508	
8	0	0	0	0	499	501	
9	0	0	0	0	502	497	
10	0	0	0	0	504	489	
11	0	0	0	0	506	484	
12	0	0	0	0	506	479	
13	0	0	0	0	504	481	
14	0	0	0	0	505	484	
15	0	0	0	0	508	488	
0	0	0	0	0	508	492	
1	0	0	0	0	512	494	
2	0	0	0	0	515	496	
3	0	0	0	0	515	503	
4	0	0	0	0	519	512	
5	0	0	0	0	524	524	
6	0	0	0	0	524	533	
7	0	0	0	0	524	539	
8	0	0	0	0	522	546	
9	0	0	0	0	523	549	
10	0	0	0	0	526	554	
11	0	0	0	0	531	557	
12	0	0	0	0	533	559	
13	0	0	0	0	535	559	
14	0	0	0	0	535	560	
15	0	0	0	0	532	559	
0	0	0	0	0	529	555	
1	0	0	0	0	526	551	
2	0	0	0	0	524	550	
3	0	0	0	0	527	553	
4	0	0	0	0	531	556	
5	0	0	0	0	538	555	
6	0	0	0	0	545	552	
7	0	0	0	0	557	546	
8	0	0	0	0	569	539	
9	0	0	0	0	579	532	
10	0	0	0	0	585	529	
11	0	0	0	0	590	526	
12	0	0	0	0	592	527	
13	0	0	0	0	592	526	
14	0	0	0	0	590	528	
15	0	0	0	0	586	531	
0	0	0	0	0	583	533	
1	0	0	0	0	583	539	
2	0	0	0	0	580	540	
3	0	0	0	0	579	540	
4	0	0	0	0	577	537	
5	0	0	0	0	577	535	
6	0	0	0	0	579	532	
7	0	0	0	0	580	528	
8	0	0	0	0	579	524	
9	0	0	0	0	576	516	
10	0	0	0	0	574	507	
11	0	0	0	0	568	496	
12	0	0	0	0	561	490	
13	0	0	0	0	559	485	
14	0	0	0	0	557	478	
15	0	0	0	0	558	475	
0	0	0	0	0	562	472	
1	0	0	0	0	566	474	
2	0	0	0	0	572	476	
3	0	0	0	0	576	474	
4	0	0	0	0	579	471	
5	0	0	0	0	583	467	
6	0	0	0	0	587	469	
7	0	0	0	0	592	473	
8	0	0	0	0	596	480	
9	0	0	0	0	599	490	
10	0	0	0	0	599	501	
11	0	0	0	0	596	515	
12	0	0	0	0	592	528	
13	0	0	0	0	584	541	
14	0	0	0	0	576	550	
15	0	0	0	0	570	554	
0	0	0	0	0	568	553	
1	0	0	0	0	567	548	
2	0	0	0	0	567	543	
3	0	0	0	0	566	538	
4	0	0	0	0	567	534	
5	0	0	0	0	571	532	
6	0	0	0	0	578	534	
7	0	0	0	0	585	535	
8	0	0	0	0	593	537	
9	0	0	0	0	600	536	
10	0	0	0	0	602	534	
11	0	0	0	0	601	533	
12	0	0	0	0	598	532	
13	0	0	0	0	595	531	
14	0	0	0	0	590	533	
15	0	0	0	0	583	535	
0	0	0	0	0	577	532	
1	0	0	0	0	577	527	
2	0	0	0	0	580	520	
3	0	0	0	0	586	516	
4	0	0	0	0	593	517	
5	0	0	0	0	599	518	
6	0	0	0	0	604	518	
7	0	0	0	0	608	518	
8	0	0	0	0	609	518	
9	0	0	0	0	612	518	
10	0	0	0	0	614	522	
11	0	0	0	0	612	528	
12	0	0	0	0	605	534	
13	0	0	0	0	600	538	
14	0	0	0	0	592	539	
15	0	0	0	0	581	538	
0	0	0	0	0	570	533	
1	0	0	0	0	563	530	
2	0	0	0	0	556	531	
3	0	0	0	0	551	534	
4	0	0	0	0	549	541	
5	0	0	0	0	547	550	
6	0	0	0	0	545	560	
7	0	0	0	0	542	567	
8	0	0	0	0	541	575	
9	0	0	0	0	542	578	
10	0	0	0	0	540	575	
11	0	0	0	0	540	568	
12	0	0	0	0	540	558	
13	0	0	0	0	542	540	
14	0	0	0	0	547	519	
15	0	0	0	0	550	497	
0	0	0	0	0	555	481	
1	0	0	0	0	559	469	
2	0	0	0	0	561	463	
3	0	0	0	0	560	459	
4	0	0	0	0	559	456	
5	0	0	0	0	557	457	
6	0	0	0	0	555	457	
7	0	0	0	0	551	457	
8	0	0	0	0	547	461	
9	0	0	0	0	545	463	
10	0	0	0	0	542	463	
11	0	0	0	0	539	466	
12	0	0	0	0	541	473	
13	0	0	0	0	542	482	
14	0	0	0	0	539	487	
15	0	0	0	0	536	486	
0	0	0	0	0	531	483	
1	0	0	0	0	526	479	
2	0	0	0	0	524	473	
3	0	0	0	0	519	471	
4	0	0	0	0	516	473	
5	0	0	0	0	515	478	
6	0	0	0	0	515	481	
7	0	0	0	0	515	486	
8	0	0	0	0	515	488	
9	0	0	0	0	514	490	
10	0	0	0	0	515	490	
11	0	0	0	0	515	488	
12	0	0	0	0	516	484	
13	0	0	0	0	520	475	
14	0	0	0	0	527	468	
15	0	0	0	0	535	459	
0	0	0	0	0	542	454	
1	0	0	0	0	549	447	
2	0	0	0	0	555	441	
3	0	0	0	0	557	438	
4	0	0	0	0	562	437	
5	0	0	0	0	567	440	
6	0	0	0	0	574	443	
7	0	0	0	0	576	441	
8	0	0	0	0	577	433	
9	0	0	0	0	576	424	
10	0	0	0	0	573	417	
11	0	0	0	0	568	409	
12	0	0	0	0	563	404	
13	0	0	0	0	557	406	
14	0	0	0	0	553	409	
15	0	0	0	0	544	415	
0	0	0	0	0	536	421	
1	0	0	0	0	529	424	
2	0	0	0	0	524	426	
3	0	0	0	0	518	427	
4	0	0	0	0	515	428	
5	0	0	0	0	518	428	
6	0	0	0	0	519	425	
7	0	0	0	0	519	426	
8	0	0	0	0	522	428	
9	0	0	0	0	523	428	
10	0	0	0	0	519	429	
11	0	0	0	0	515	432	
12	0	0	0	0	508	439	
13	0	0	0	0	504	444	
14	0	0	0	0	499	452	
15	0	0	0	0	499	462	
0	0	0	0	0	497	467	
1	0	0	0	0	494	471	
2	0	0	0	0	489	476	
3	0	0	0	0	484	481	
4	0	0	0	0	485	483	
5	0	0	0	0	486	484	
6	0	0	0	0	489	486	
7	0	0	0	0	492	486	
8	0	0	0	0	495	480	
9	0	0	0	0	497	475	
10	0	0	0	0	503	467	
11	0	0	0	0	512	463	
12	0	0	0	0	521	459	
13	0	0	0	0	528	459	
14	0	0	0	0	535	458	
15	0	0	0	0	542	455	
0	0	0	0	0	551	455	
1	0	0	0	0	554	454	
2	0	0	0	0	552	452	
3	0	0	0	0	547	449	
4	0	0	0	0	537	445	
5	0	0	0	0	525	446	
6	0	0	0	0	512	446	
7	0	0	0	0	502	440	
8	0	0	0	0	497	429	
9	0	0	0	0	492	419	
10	0	0	0	0	489	408	
11	0	0	0	0	487	399	
12	0	0	0	0	486	392	
13	0	0	0	0	487	390	
14	0	0	0	0	489	391	
15	0	0	0	0	496	393	
0	0	0	0	0	503	397	
1	0	0	0	0	505	399	
2	0	0	0	0	507	406	
3	0	0	0	0	506	410	
4	0	0	0	0	505	412	
5	0	0	0	0	507	415	
6	0	0	0	0	506	417	
7	0	0	0	0	504	422	
8	0	0	0	0	503	425	
9	0	0	0	0	502	429	
10	0	0	0	0	502	435	
11	0	0	0	0	504	439	
12	0	0	0	0	505	441	
13	0	0	0	0	510	443	
14	0	0	0	0	514	450	
15	0	0	0	0	518	457	
0	0	0	0	0	518	463	
1	0	0	0	0	517	468	
2	0	0	0	0	515	470	
3	0	0	0	0	514	474	
4	0	0	0	0	511	480	
5	0	0	0	0	502	483	
6	0	0	0	0	494	484	
7	0	0	0	0	485	482	
8	0	0	0	0	478	478	
9	0	0	0	0	471	477	
10	0	0	0	0	468	476	
11	0	0	0	0	466	476	
12	0	0	0	0	465	474	
13	0	0	0	0	465	476	
14	0	0	0	0	464	478	
15	0	0	0	0	466	481	
0	0	0	0	0	469	485	
1	0	0	0	0	471	492	
2	0	0	0	0	472	501	
3	0	0	0	0	470	509	
4	0	0	0	0	469	514	
5	0	0	0	0	467	517	
6	0	0	0	0	463	513	
7	0	0	0	0	457	506	
8	0	0	0	0	454	498	
9	0	0	0	0	452	496	
10	0	0	0	0	450	496	
11	0	0	0	0	450	496	
12	0	0	0	0	449	496	
13	0	0	0	0	447	496	
14	0	0	0	0	446	497	
15	0	0	0	0	447	495	
0	0	0	0	0	456	494	
1	0	0	0	0	467	492	
2	0	0	0	0	475	491	
3	0	0	0	0	483	493	
4	0	0	0	0	491	496	
5	0	0	0	0	498	500	
6	0	0	0	0	503	503	
7	0	0	0	0	506	504	
8	0	0	0	0	511	502	
9	0	0	0	0	512	497	
10	0	0	0	0	510	487	
11	0	0	0	0	506	479	
12	0	0	0	0	507	470	
13	0	0	0	0	510	462	
14	0	0	0	0	517	457	
15	0	0	0	0	525	451	
0	0	0	0	0	534	448	
1	0	0	0	0	543	446	
2	0	0	0	0	550	446	
3	0	0	0	0	552	447	
4	0	0	0	0	550	449	
5	0	0	0	0	543	452	
6	0	0	0	0	533	460	
7	0	0	0	0	520	470	
8	0	0	0	0	510	484	
9	0	0	0	0	500	495	
10	0	0	0	0	492	500	
11	0	0	0	0	487	503	
12	0	0	0	0	486	504	
13	0	0	0	0	484	506	
14	0	0	0	0	484	503	
15	0	0	0	0	490	497	
0	0	0	0	0	496	493	
1	0	0	0	0	498	490	
2	0	0	0	0	499	492	
3	0	0	0	0	501	496	
4	0	0	0	0	501	499	
5	0	0	0	0	499	501	
6	0	0	0	0	496	505	
7	0	0	0	0	488	508	
8	0	0	0	0	480	508	
9	0	0	0	0	472	500	
10	0	0	0	0	464	490	
11	0	0	0	0	457	477	
12	0	0	0	0	460	465	
13	0	0	0	0	464	454	
14	0	0	0	0	471	446	
15	0	0	0	0	477	440	
0	0	0	0	0	483	439	
1	0	0	0	0	487	442	
2	0	0	0	0	491	447	
3	0	0	0	0	496	455	
4	0	0	0	0	501	466	
5	0	0	0	0	504	477	
6	0	0	0	0	507	487	
7	0	0	0	0	506	496	
8	0	0	0	0	507	504	
9	0	0	0	0	504	510	
10	0	0	0	0	499	516	
11	0	0	0	0	492	520	
12	0	0	0	0	483	521	
13	0	0	0	0	472	520	
14	0	0	0	0	464	521	
15	0	0	0	0	459	517	
0	0	0	0	0	457	513	
1	0	0	0	0	457	511	
2	0	0	0	0	456	509	
3	0	0	0	0	460	510	
4	0	0	0	0	462	511	
5	0	0	0	0	467	514	
6	0	0	0	0	473	517	
7	0	0	0	0	476	519	
8	0	0	0	0	476	519	
9	0	0	0	0	474	524	
10	0	0	0	0	474	527	
11	0	0	0	0	474	531	
12	0	0	0	0	470	529	
13	0	0	0	0	463	530	
14	0	0	0	0	458	533	
15	0	0	0	0	459	536	
0	0	0	0	0	458	539	
1	0	0	0	0	456	539	
2	0	0	0	0	455	539	
3	0	0	0	0	458	531	
4	0	0	0	0	464	528	
5	0	0	0	0	469	526	
6	0	0	0	0	473	531	
7	0	0	0	0	478	535	
8	0	0	0	0	483	541	
9	0	0	0	0	489	547	
10	0	0	0	0	492	551	
11	0	0	0	0	491	551	
12	0	0	0	0	489	550	
13	0	0	0	0	484	545	
14	0	0	0	0	481	538	
15	0	0	0	0	483	529	
0	0	0	0	0	485	521	
1	0	0	0	0	490	516	
2	0	0	0	0	500	513	
3	0	0	0	0	512	510	
4	0	0	0	0	523	508	
5	0	0	0	0	534	508	
6	0	0	0	0	540	508	
7	0	0	0	0	543	506	
8	0	0	0	0	547	506	
9	0	0	0	0	550	508	
10	0	0	0	0	550	514	
11	0	0	0	0	549	519	
12	0	0	0	0	545	524	
13	0	0	0	0	539	523	
14	0	0	0	0	534	521	
15	0	0	0	0	527	519	
0	0	0	0	0	521	518	
1	0	0	0	0	515	516	
2	0	0	0	0	512	510	
3	0	0	0	0	514	507	
4	0	0	0	0	515	504	
5	0	0	0	0	517	504	
6	0	0	0	0	519	504	
7	0	0	0	0	525	508	
8	0	0	0	0	532	512	
9	0	0	0	0	537	515	
10	0	0	0	0	542	519	
11	0	0	0	0	540	519	
12	0	0	0	0	537	517	
13	0	0	0	0	534	515	
14	0	0	0	0	531	515	
15	0	0	0	0	531	515	
0	0	0	0	0	529	514	
1	0	0	0	0	527	512	
2	0	0	0	0	526	511	
3	0	0	0	0	523	511	
4	0	0	0	0	523	512	
5	0	0	0	0	520	513	
6	0	0	0	0	517	515	
7	0	0	0	0	515	517	
8	0	0	0	0	512	516	
9	0	0	0	0	512	512	
10	0	0	0	0	509	508	
11	0	0	0	0	507	504	
12	0	0	0	0	504	498	
13	0	0	0	0	498	492	
14	0	0	0	0	495	489	
15	0	0	0	0	493	492	
0	0	0	0	0	490	495	
1	0	0	0	0	490	497	
2	0	0	0	0	492	502	
3	0	0	0	0	495	510	
4	0	0	0	0	501	525	
5	0	0	0	0	508	540	
6	0	0	0	0	511	548	
7	0	0	0	0	512	555	
8	0	0	0	0	512	556	
9	0	0	0	0	515	554	
10	0	0	0	0	521	553	
11	0	0	0	0	523	553	
12	0	0	0	0	523	550	
13	0	0	0	0	519	549	
14	0	0	0	0	516	547	
15	0	0	0	0	514	547	
0	0	0	0	0	512	549	
1	0	0	0	0	512	547	
2	0	0	0	0	515	547	
3	0	0	0	0	515	547	
4	0	0	0	0	515	546	
5	0	0	0	0	515	543	
6	0	0	0	0	514	545	
7	0	0	0	0	512	544	
8	0	0	0	0	509	542	
9	0	0	0	0	506	540	
10	0	0	0	0	501	540	
11	0	0	0	0	496	536	
12	0	0	0	0	488	531	
13	0	0	0	0	480	526	
14	0	0	0	0	469	525	
15	0	0	0	0	459	529	
0	0	0	0	0	454	535	
1	0	0	0	0	452	545	
2	0	0	0	0	456	550	
3	0	0	0	0	459	556	
4	0	0	0	0	462	561	
5	0	0	0	0	466	564	
6	0	0	0	0	469	562	
7	0	0	0	0	468	556	
8	0	0	0	0	469	547	
9	0	0	0	0	470	541	
10	0	0	0	0	472	536	
11	0	0	0	0	474	532	
12	0	0	0	0	478	535	
13	0	0	0	0	477	538	
14	0	0	0	0	477	540	
15	0	0	0	0	476	543	
0	0	0	0	0	470	549	
1	0	0	0	0	466	555	
2	0	0	0	0	462	560	
3	0	0	0	0	457	566	
4	0	0	0	0	453	572	
5	0	0	0	0	448	569	
6	0	0	0	0	441	569	
7	0	0	0	0	437	571	
8	0	0	0	0	435	572	
9	0	0	0	0	439	576	
10	0	0	0	0	445	579	
11	0	0	0	0	451	581	
12	0	0	0	0	458	585	
13	0	0	0	0	464	593	
14	0	0	0	0	471	600	
15	0	0	0	0	473	608	
0	0	0	0	0	473	613	
1	0	0	0	0	479	616	
2	0	0	0	0	484	619	
3	0	0	0	0	490	623	
4	0	0	0	0	495	632	
5	0	0	0	0	502	637	
6	0	0	0	0	510	639	
7	0	0	0	0	517	638	
8	0	0	0	0	526	630	
9	0	0	0	0	532	622	
10	0	0	0	0	537	614	
11	0	0	0	0	537	605	
12	0	0	0	0	536	601	
13	0	0	0	0	534	600	
14	0	0	0	0	527	599	
15	0	0	0	0	518	597	
0	0	0	0	0	511	596	
1	0	0	0	0	504	595	
2	0	0	0	0	500	593	
3	0	0	0	0	498	595	
4	0	0	0	0	499	602	
5	0	0	0	0	502	606	
6	0	0	0	0	505	605	
7	0	0	0	0	509	602	
8	0	0	0	0	511	599	
9	0	0	0	0	511	595	
10	0	0	0	0	508	593	
11	0	0	0	0	499	590	
12	0	0	0	0	494	586	
13	0	0	0	0	490	588	
14	0	0	0	0	489	586	
15	0	0	0	0	485	586	
0	0	0	0	0	476	589	
1	0	0	0	0	470	594	
2	0	0	0	0	464	601	
3	0	0	0	0	457	606	
4	0	0	0	0	453	613	
5	0	0	0	0	451	616	
6	0	0	0	0	449	619	
7	0	0	0	0	444	621	
8	0	0	0	0	435	620	
9	0	0	0	0	429	620	
10	0	0	0	0	426	622	
11	0	0	0	0	430	625	
12	0	0	0	0	439	628	
13	0	0	0	0	448	627	
14	0	0	0	0	457	621	
15	0	0	0	0	459	616	
0	0	0	0	0	460	613	
1	0	0	0	0	453	607	
2	0	0	0	0	448	608	
3	0	0	0	0	445	608	
4	0	0	0	0	444	608	
5	0	0	0	0	449	611	
6	0	0	0	0	457	615	
7	0	0	0	0	466	616	
8	0	0	0	0	472	619	
9	0	0	0	0	478	624	
10	0	0	0	0	482	627	
11	0	0	0	0	485	628	
12	0	0	0	0	488	627	
13	0	0	0	0	491	618	
14	0	0	0	0	494	604	
15	0	0	0	0	495	594	
0	0	0	0	0	493	587	
1	0	0	0	0	491	584	
2	0	0	0	0	489	582	
3	0	0	0	0	489	580	
4	0	0	0	0	489	575	
5	0	0	0	0	490	572	
6	0	0	0	0	490	572	
7	0	0	0	0	489	574	
8	0	0	0	0	492	575	
9	0	0	0	0	493	578	
10	0	0	0	0	493	577	
11	0	0	0	0	495	575	
12	0	0	0	0	495	569	
13	0	0	0	0	496	567	
14	0	0	0	0	496	564	
15	0	0	0	0	496	566	
0	0	0	0	0	492	567	
1	0	0	0	0	488	566	
2	0	0	0	0	484	562	
3	0	0	0	0	483	555	
4	0	0	0	0	477	547	
5	0	0	0	0	471	539	
6	0	0	0	0	467	532	
7	0	0	0	0	466	530	
8	0	0	0	0	463	531	
9	0	0	0	0	464	532	
10	0	0	0	0	463	537	
11	0	0	0	0	467	540	
12	0	0	0	0	474	538	
13	0	0	0	0	480	538	
14	0	0	0	0	487	539	
15	0	0	0	0	489	540	
0	0	0	0	0	487	540	
1	0	0	0	0	481	538	
2	0	0	0	0	479	536	
3	0	0	0	0	477	535	
4	0	0	0	0	476	536	
5	0	0	0	0	475	538	
6	0	0	0	0	472	541	
7	0	0	0	0	471	540	
8	0	0	0	0	472	535	
9	0	0	0	0	473	531	
10	0	0	0	0	476	527	
11	0	0	0	0	478	524	
12	0	0	0	0	479	525	
13	0	0	0	0	478	527	
14	0	0	0	0	477	524	
15	0	0	0	0	477	517	
0	0	0	0	0	478	508	
1	0	0	0	0	480	503	
2	0	0	0	0	483	499	
3	0	0	0	0	488	502	
4	0	0	0	0	492	510	
5	0	0	0	0	495	519	
6	0	0	0	0	497	524	
7	0	0	0	0	498	524	
8	0	0	0	0	494	521	
9	0	0	0	0	488	515	
10	0	0	0	0	486	510	
11	0	0	0	0	485	507	
12	0	0	0	0	489	505	
13	0	0	0	0	493	504	
14	0	0	0	0	498	507	
15	0	0	0	0	502	509	
0	0	0	0	0	505	510	
1	0	0	0	0	508	511	
2	0	0	0	0	506	511	
3	0	0	0	0	502	510	
4	0	0	0	0	496	509	
5	0	0	0	0	491	507	
6	0	0	0	0	486	509	
7	0	0	0	0	481	513	
8	0	0	0	0	476	511	
9	0	0	0	0	471	511	
10	0	0	0	0	469	505	
11	0	0	0	0	472	505	
12	0	0	0	0	477	504	
13	0	0	0	0	484	506	
14	0	0	0	0	490	506	
15	0	0	0	0	494	507	
0	0	0	0	0	494	504	
1	0	0	0	0	490	502	
2	0	0	0	0	486	499	
3	0	0	0	0	483	494	
4	0	0	0	0	480	489	
5	0	0	0	0	473	487	
6	0	0	0	0	466	487	
7	0	0	0	0	464	494	
8	0	0	0	0	467	504	
9	0	0	0	0	471	509	
10	0	0	0	0	475	510	
11	0	0	0	0	482	508	
12	0	0	0	0	491	505	
13	0	0	0	0	501	500	
14	0	0	0	0	508	496	
15	0	0	0	0	512	495	
0	0	0	0	0	514	495	
1	0	0	0	0	515	499	
2	0	0	0	0	515	503	
3	0	0	0	0	515	508	
4	0	0	0	0	510	514	
5	0	0	0	0	503	520	
6	0	0	0	0	498	524	
7	0	0	0	0	496	522	
8	0	0	0	0	494	520	
9	0	0	0	0	489	519	
10	0	0	0	0	485	518	
11	0	0	0	0	480	518	
12	0	0	0	0	479	516	
13	0	0	0	0	480	517	
14	0	0	0	0	482	518	
15	0	0	0	0	482	519	
0	0	0	0	0	478	520	
1	0	0	0	0	474	523	
2	0	0	0	0	473	525	
3	0	0	0	0	472	524	
4	0	0	0	0	470	524	
5	0	0	0	0	469	527	
6	0	0	0	0	465	528	
7	0	0	0	0	457	528	
8	0	0	0	0	451	529	
9	0	0	0	0	443	531	
10	0	0	0	0	433	534	
11	0	0	0	0	428	533	
12	0	0	0	0	423	533	
13	0	0	0	0	420	528	
14	0	0	0	0	420	520	
15	0	0	0	0	423	513	
0	0	0	0	0	425	507	
1	0	0	0	0	430	501	
2	0	0	0	0	433	496	
3	0	0	0	0	435	496	
4	0	0	0	0	435	494	
5	0	0	0	0	433	491	
6	0	0	0	0	431	487	
7	0	0	0	0	430	482	
8	0	0	0	0	429	478	
9	0	0	0	0	428	473	
10	0	0	0	0	426	471	
11	0	0	0	0	425	467	
12	0	0	0	0	427	462	
13	0	0	0	0	428	463	
14	0	0	0	0	432	465	
15	0	0	0	0	435	470	
0	0	0	0	0	440	473	
1	0	0	0	0	448	472	
2	0	0	0	0	456	473	
3	0	0	0	0	464	472	
4	0	0	0	0	471	470	
5	0	0	0	0	477	465	
6	0	0	0	0	478	459	
7	0	0	0	0	474	451	
8	0	0	0	0	471	447	
9	0	0	0	0	469	447	
10	0	0	0	0	469	446	
11	0	0	0	0	474	448	
12	0	0	0	0	476	451	
13	0	0	0	0	476	452	
14	0	0	0	0	475	453	
15	0	0	0	0	471	456	
0	0	0	0	0	467	460	
1	0	0	0	0	461	467	
2	0	0	0	0	461	477	
3	0	0	0	0	461	487	
4	0	0	0	0	461	497	
5	0	0	0	0	459	504	
6	0	0	0	0	458	513	
7	0	0	0	0	457	519	
8	0	0	0	0	455	524	
9	0	0	0	0	452	524	
10	0	0	0	0	448	526	
11	0	0	0	0	445	528	
12	0	0	0	0	440	532	
13	0	0	0	0	438	536	
14	0	0	0	0	440	541	
15	0	0	0	0	445	547	
0	0	0	0	0	450	549	
1	0	0	0	0	454	553	
2	0	0	0	0	458	558	
3	0	0	0	0	463	554	
4	0	0	0	0	469	551	
5	0	0	0	0	473	550	
6	0	0	0	0	477	548	
7	0	0	0	0	479	541	
8	0	0	0	0	479	535	
9	0	0	0	0	480	529	
10	0	0	0	0	480	522	
11	0	0	0	0	477	517	
12	0	0	0	0	476	509	
13	0	0	0	0	477	505	
14	0	0	0	0	480	504	
15	0	0	0	0	482	505	
0	0	0	0	0	485	503	
1	0	0	0	0	487	500	
2	0	0	0	0	487	496	
3	0	0	0	0	489	496	
4	0	0	0	0	485	497	
5	0	0	0	0	478	499	
6	0	0	0	0	469	501	
7	0	0	0	0	463	501	
8	0	0	0	0	455	504	
9	0	0	0	0	452	511	
10	0	0	0	0	454	524	
11	0	0	0	0	456	534	
12	0	0	0	0	461	541	
13	0	0	0	0	462	543	
14	0	0	0	0	460	540	
15	0	0	0	0	456	540	
0	0	0	0	0	455	539	
1	0	0	0	0	455	537	
2	0	0	0	0	459	536	
3	0	0	0	0	463	533	
4	0	0	0	0	467	531	
5	0	0	0	0	475	528	
6	0	0	0	0	480	527	
7	0	0	0	0	483	521	
8	0	0	0	0	485	514	
9	0	0	0	0	487	513	
10	0	0	0	0	489	513	
11	0	0	0	0	486	516	
12	0	0	0	0	482	522	
13	0	0	0	0	476	523	
14	0	0	0	0	472	525	
15	0	0	0	0	470	527	
0	0	0	0	0	466	530	
1	0	0	0	0	464	531	
2	0	0	0	0	466	529	
3	0	0	0	0	470	529	
4	0	0	0	0	476	531	
5	0	0	0	0	485	534	
6	0	0	0	0	496	535	
7	0	0	0	0	507	535	
8	0	0	0	0	511	539	
9	0	0	0	0	512	542	
10	0	0	0	0	510	541	
11	0	0	0	0	507	541	
12	0	0	0	0	505	540	
13	0	0	0	0	505	537	
14	0	0	0	0	503	532	
15	0	0	0	0	502	531	
0	0	0	0	0	504	529	
1	0	0	0	0	505	531	
2	0	0	0	0	509	530	
3	0	0	0	0	513	527	
4	0	0	0	0	519	522	
5	0	0	0	0	522	516	
6	0	0	0	0	525	511	
7	0	0	0	0	522	508	
8	0	0	0	0	522	506	
9	0	0	0	0	519	506	
10	0	0	0	0	515	507	
11	0	0	0	0	510	511	
12	0	0	0	0	506	516	
13	0	0	0	0	505	519	
14	0	0	0	0	501	520	
15	0	0	0	0	495	526	
0	0	0	0	0	489	528	
1	0	0	0	0	484	531	
2	0	0	0	0	488	532	
3	0	0	0	0	496	531	
4	0	0	0	0	503	530	
5	0	0	0	0	507	531	
6	0	0	0	0	512	530	
7	0	0	0	0	524	526	
8	0	0	0	0	532	519	
9	0	0	0	0	536	513	
10	0	0	0	0	537	509	
11	0	0	0	0	536	506	
12	0	0	0	0	533	502	
13	0	0	0	0	528	499	
14	0	0	0	0	528	494	
15	0	0	0	0	529	488	
0	0	0	0	0	531	484	
1	0	0	0	0	526	480	
2	0	0	0	0	520	472	
3	0	0	0	0	514	467	
4	0	0	0	0	509	463	
5	0	0	0	0	510	465	
6	0	0	0	0	515	469	
7	0	0	0	0	522	473	
8	0	0	0	0	529	481	
9	0	0	0	0	535	484	
10	0	0	0	0	536	484	
11	0	0	0	0	539	482	
12	0	0	0	0	540	481	
13	0	0	0	0	539	478	
14	0	0	0	0	540	474	
15	0	0	0	0	544	469	
0	0	0	0	0	547	469	
1	0	0	0	0	547	471	
2	0	0	0	0	547	474	
3	0	0	0	0	547	477	
4	0	0	0	0	545	477	
5	0	0	0	0	541	476	
6	0	0	0	0	538	474	
7	0	0	0	0	536	476	
8	0	0	0	0	537	482	
9	0	0	0	0	540	487	
10	0	0	0	0	540	492	
11	0	0	0	0	537	496	
12	0	0	0	0	539	499	
13	0	0	0	0	538	500	
14	0	0	0	0	536	504	
15	0	0	0	0	534	504	
0	0	0	0	0	533	505	
1	0	0	0	0	530	508	
2	0	0	0	0	531	511	
3	0	0	0	0	537	516	
4	0	0	0	0	543	518	
5	0	0	0	0	551	520	
6	0	0	0	0	559	521	
7	0	0	0	0	566	523	
8	0	0	0	0	572	522	
9	0	0	0	0	577	522	
10	0	0	0	0	582	523	
11	0	0	0	0	584	522	
12	0	0	0	0	583	520	
13	0	0	0	0	582	517	
14	0	0	0	0	574	518	
15	0	0	0	0	569	518	
0	0	0	0	0	568	519	
1	0	0	0	0	567	517	
2	0	0	0	0	569	518	
3	0	0	0	0	574	519	
4	0	0	0	0	581	520	
5	0	0	0	0	591	522	
6	0	0	0	0	601	522	
7	0	0	0	0	610	521	
8	0	0	0	0	617	518	
9	0	0	0	0	624	513	
10	0	0	0	0	627	510	
11	0	0	0	0	620	506	
12	0	0	0	0	611	504	
13	0	0	0	0	603	501	
14	0	0	0	0	598	499	
15	0	0	0	0	596	495	
0	0	0	0	0	593	492	
1	0	0	0	0	590	492	
2	0	0	0	0	586	491	
3	0	0	0	0	584	493	
4	0	0	0	0	585	495	
5	0	0	0	0	583	497	
6	0	0	0	0	585	499	
7	0	0	0	0	588	498	
8	0	0	0	0	592	496	
9	0	0	0	0	597	492	
10	0	0	0	0	600	490	
11	0	0	0	0	598	493	
12	0	0	0	0	590	500	
13	0	0	0	0	582	510	
14	0	0	0	0	574	516	
15	0	0	0	0	563	519	
0	0	0	0	0	551	522	
1	0	0	0	0	540	524	
2	0	0	0	0	531	522	
3	0	0	0	0	524	515	
4	0	0	0	0	521	509	
5	0	0	0	0	524	504	
6	0	0	0	0	525	500	
7	0	0	0	0	528	497	
8	0	0	0	0	537	496	
9	0	0	0	0	544	497	
10	0	0	0	0	552	498	
11	0	0	0	0	563	501	
12	0	0	0	0	572	505	
13	0	0	0	0	578	506	
14	0	0	0	0	582	505	
15	0	0	0	0	583	501	
0	0	0	0	0	582	496	
1	0	0	0	0	580	493	
2	0	0	0	0	581	490	
3	0	0	0	0	579	486	
4	0	0	0	0	579	489	
5	0	0	0	0	581	489	
6	0	0	0	0	579	485	
7	0	0	0	0	575	487	
8	0	0	0	0	571	484	
9	0	0	0	0	566	482	
10	0	0	0	0	563	481	
11	0	0	0	0	559	487	
12	0	0	0	0	555	492	
13	0	0	0	0	551	497	
14	0	0	0	0	547	505	
15	0	0	0	0	543	516	
0	0	0	0	0	541	525	
1	0	0	0	0	543	534	
2	0	0	0	0	548	540	
3	0	0	0	0	553	543	
4	0	0	0	0	554	543	
5	0	0	0	0	551	539	
6	0	0	0	0	547	536	
7	0	0	0	0	542	530	
8	0	0	0	0	536	527	
9	0	0	0	0	533	524	
10	0	0	0	0	532	523	
11	0	0	0	0	535	526	
12	0	0	0	0	537	529	
13	0	0	0	0	540	530	
14	0	0	0	0	540	531	
15	0	0	0	0	539	528	
0	0	0	0	0	531	527	
1	0	0	0	0	527	524	
2	0	0	0	0	520	521	
3	0	0	0	0	516	518	
4	0	0	0	0	513	518	
5	0	0	0	0	511	520	
6	0	0	0	0	512	523	
7	0	0	0	0	516	525	
8	0	0	0	0	519	528	
9	0	0	0	0	525	534	
10	0	0	0	0	532	539	
11	0	0	0	0	543	543	
12	0	0	0	0	552	548	
13	0	0	0	0	560	551	
14	0	0	0	0	565	556	
15	0	0	0	0	568	551	
0	0	0	0	0	566	537	
1	0	0	0	0	564	523	
2	0	0	0	0	559	509	
3	0	0	0	0	552	498	
4	0	0	0	0	543	489	
5	0	0	0	0	536	484	
6	0	0	0	0	533	484	
7	0	0	0	0	528	482	
8	0	0	0	0	523	478	
9	0	0	0	0	518	480	
10	0	0	0	0	518	482	
11	0	0	0	0	522	488	
12	0	0	0	0	524	497	
13	0	0	0	0	528	505	
14	0	0	0	0	531	512	
15	0	0	0	0	533	516	
0	0	0	0	0	533	520	
1	0	0	0	0	530	521	
2	0	0	0	0	527	520	
3	0	0	0	0	522	523	
4	0	0	0	0	519	526	
5	0	0	0	0	512	531	
6	0	0	0	0	504	535	
7	0	0	0	0	497	536	
8	0	0	0	0	493	537	
9	0	0	0	0	493	540	
10	0	0	0	0	494	541	
11	0	0	0	0	497	538	
12	0	0	0	0	503	536	
13	0	0	0	0	510	531	
14	0	0	0	0	518	527	
15	0	0	0	0	528	523	
0	0	0	0	0	534	520	
1	0	0	0	0	537	512	
2	0	0	0	0	543	507	
3	0	0	0	0	549	503	
4	0	0	0	0	551	498	
5	0	0	0	0	553	496	
6	0	0	0	0	556	495	
7	0	0	0	0	558	493	
8	0	0	0	0	559	496	
9	0	0	0	0	562	500	
10	0	0	0	0	566	505	
11	0	0	0	0	569	509	
12	0	0	0	0	571	512	
13	0	0	0	0	572	511	
14	0	0	0	0	575	506	
15	0	0	0	0	578	502	
0	0	0	0	0	580	499	
1	0	0	0	0	583	496	
2	0	0	0	0	582	492	
3	0	0	0	0	579	487	
4	0	0	0	0	579	487	
5	0	0	0	0	581	487	
6	0	0	0	0	582	488	
7	0	0	0	0	577	489	
8	0	0	0	0	571	489	
9	0	0	0	0	565	487	
10	0	0	0	0	559	489	
11	0	0	0	0	551	492	
12	0	0	0	0	543	494	
13	0	0	0	0	536	497	
14	0	0	0	0	530	499	
15	0	0	0	0	526	505	
0	0	0	0	0	525	510	
1	0	0	0	0	523	512	
2	0	0	0	0	515	513	
3	0	0	0	0	506	510	
4	0	0	0	0	495	506	
5	0	0	0	0	486	505	
6	0	0	0	0	480	501	
7	0	0	0	0	477	498	
8	0	0	0	0	481	496	
9	0	0	0	0	487	496	
10	0	0	0	0	491	498	
11	0	0	0	0	494	494	
12	0	0	0	0	498	492	
13	0	0	0	0	499	489	
14	0	0	0	0	499	487	
15	0	0	0	0	494	492	
0	0	0	0	0	492	495	
1	0	0	0	0	492	497	
2	0	0	0	0	493	499	
3	0	0	0	0	491	501	
4	0	0	0	0	493	502	
5	0	0	0	0	496	504	
6	0	0	0	0	499	505	
7	0	0	0	0	506	512	
8	0	0	0	0	514	515	
9	0	0	0	0	518	521	
10	0	0	0	0	521	526	
11	0	0	0	0	524	527	
12	0	0	0	0	525	524	
13	0	0	0	0	528	521	
14	0	0	0	0	530	519	
15	0	0	0	0	531	519	
0	0	0	0	0	533	520	
1	0	0	0	0	532	522	
2	0	0	0	0	531	526	
3	0	0	0	0	527	532	
4	0	0	0	0	522	541	
5	0	0	0	0	517	546	
6	0	0	0	0	508	551	
7	0	0	0	0	497	560	
8	0	0	0	0	488	567	
9	0	0	0	0	479	566	
10	0	0	0	0	468	553	
11	0	0	0	0	461	537	
12	0	0	0	0	459	521	
13	0	0	0	0	459	507	
14	0	0	0	0	460	494	
15	0	0	0	0	461	485	
0	0	0	0	0	464	480	
1	0	0	0	0	467	476	
2	0	0	0	0	472	472	
3	0	0	0	0	477	468	
4	0	0	0	0	486	465	
5	0	0	0	0	493	466	
6	0	0	0	0	501	468	
7	0	0	0	0	506	472	
8	0	0	0	0	506	473	
9	0	0	0	0	505	472	
10	0	0	0	0	502	472	
11	0	0	0	0	500	475	
12	0	0	0	0	496	481	
13	0	0	0	0	495	488	
14	0	0	0	0	499	495	
15	0	0	0	0	507	502	
0	0	0	0	0	517	506	
1	0	0	0	0	526	514	
2	0	0	0	0	532	525	
3	0	0	0	0	534	538	
4	0	0	0	0	534	548	
5	0	0	0	0	531	556	
6	0	0	0	0	527	559	
7	0	0	0	0	525	555	
8	0	0	0	0	521	546	
9	0	0	0	0	517	536	
10	0	0	0	0	515	526	
11	0	0	0	0	513	518	
12	0	0	0	0	511	509	
13	0	0	0	0	509	504	
14	0	0	0	0	508	500	
15	0	0	0	0	510	503	
0	0	0	0	0	508	506	
1	0	0	0	0	504	509	
2	0	0	0	0	501	513	
3	0	0	0	0	499	516	
4	0	0	0	0	497	518	
5	0	0	0	0	497	518	
6	0	0	0	0	496	517	
7	0	0	0	0	493	519	
8	0	0	0	0	489	524	
9	0	0	0	0	485	533	
10	0	0	0	0	484	542	
11	0	0	0	0	480	549	
12	0	0	0	0	476	554	
13	0	0	0	0	472	555	
14	0	0	0	0	470	558	
15	0	0	0	0	467	560	
0	0	0	0	0	468	564	
1	0	0	0	0	473	572	
2	0	0	0	0	476	571	
3	0	0	0	0	479	575	
4	0	0	0	0	484	576	
5	0	0	0	0	486	576	
6	0	0	0	0	484	571	
7	0	0	0	0	484	564	
8	0	0	0	0	484	555	
9	0	0	0	0	483	544	
10	0	0	0	0	480	534	
11	0	0	0	0	476	524	
12	0	0	0	0	469	514	
13	0	0	0	0	458	504	
14	0	0	0	0	447	495	
15	0	0	0	0	440	486	
0	0	0	0	0	438	483	
1	0	0	0	0	437	483	
2	0	0	0	0	436	487	
3	0	0	0	0	441	489	
4	0	0	0	0	446	489	
5	0	0	0	0	450	489	
6	0	0	0	0	453	489	
7	0	0	0	0	454	491	
8	0	0	0	0	451	491	
9	0	0	0	0	449	489	
10	0	0	0	0	443	492	
11	0	0	0	0	435	495	
12	0	0	0	0	428	498	
13	0	0	0	0	424	502	
14	0	0	0	0	423	506	
15	0	0	0	0	424	513	
0	0	0	0	0	425	519	
1	0	0	0	0	423	525	
2	0	0	0	0	423	532	
3	0	0	0	0	423	539	
4	0	0	0	0	419	542	
5	0	0	0	0	418	540	
6	0	0	0	0	417	536	
7	0	0	0	0	420	534	
8	0	0	0	0	424	529	
9	0	0	0	0	427	527	
10	0	0	0	0	429	520	
11	0	0	0	0	432	518	
12	0	0	0	0	431	515	
13	0	0	0	0	432	510	
14	0	0	0	0	438	506	
15	0	0	0	0	443	504	
0	0	0	0	0	448	499	
1	0	0	0	0	451	500	
2	0	0	0	0	454	499	
3	0	0	0	0	458	500	
4	0	0	0	0	462	501	
5	0	0	0	0	466	502	
6	0	0	0	0	472	499	
7	0	0	0	0	473	502	
8	0	0	0	0	475	508	
9	0	0	0	0	476	518	
10	0	0	0	0	479	528	
11	0	0	0	0	479	533	
12	0	0	0	0	478	535	
13	0	0	0	0	480	532	
14	0	0	0	0	482	530	
15	0	0	0	0	487	529	
0	0	0	0	0	490	527	
1	0	0	0	0	492	527	
2	0	0	0	0	496	529	
3	0	0	0	0	499	530	
4	0	0	0	0	505	533	
5	0	0	0	0	510	535	
6	0	0	0	0	511	536	
7	0	0	0	0	508	534	
8	0	0	0	0	505	533	
9	0	0	0	0	502	530	
10	0	0	0	0	499	525	
11	0	0	0	0	493	518	
12	0	0	0	0	489	511	
13	0	0	0	0	483	507	
14	0	0	0	0	481	505	
15	0	0	0	0	485	505	
0	0	0	0	0	484	504	
1	0	0	0	0	485	502	
2	0	0	0	0	489	502	
3	0	0	0	0	492	501	
4	0	0	0	0	493	501	
5	0	0	0	0	495	500	
6	0	0	0	0	497	499	
7	0	0	0	0	498	499	
8	0	0	0	0	494	501	
9	0	0	0	0	492	504	
10	0	0	0	0	487	507	
11	0	0	0	0	483	508	
12	0	0	0	0	483	510	
13	0	0	0	0	484	512	
14	0	0	0	0	486	513	
15	0	0	0	0	484	517	
0	0	0	0	0	486	522	
1	0	0	0	0	491	526	
2	0	0	0	0	497	530	
3	0	0	0	0	498	531	
4	0	0	0	0	499	533	
5	0	0	0	0	495	534	
6	0	0	0	0	490	529	
7	0	0	0	0	483	524	
8	0	0	0	0	479	520	
9	0	0	0	0	472	517	
10	0	0	0	0	464	515	
11	0	0	0	0	455	510	
12	0	0	0	0	446	508	
13	0	0	0	0	438	504	
14	0	0	0	0	434	499	
15	0	0	0	0	433	495	
0	0	0	0	0	433	491	
1	0	0	0	0	434	490	
2	0	0	0	0	438	491	
3	0	0	0	0	444	492	
4	0	0	0	0	448	492	
5	0	0	0	0	448	486	
6	0	0	0	0	451	483	
7	0	0	0	0	457	483	
8	0	0	0	0	464	482	
9	0	0	0	0	471	479	
10	0	0	0	0	475	477	
11	0	0	0	0	480	478	
12	0	0	0	0	483	481	
13	0	0	0	0	483	485	
14	0	0	0	0	487	483	
15	0	0	0	0	490	485	
0	0	0	0	0	491	489	
1	0	0	0	0	488	496	
2	0	0	0	0	482	501	
3	0	0	0	0	476	504	
4	0	0	0	0	470	503	
5	0	0	0	0	465	501	
6	0	0	0	0	463	498	
7	0	0	0	0	458	494	
8	0	0	0	0	454	491	
9	0	0	0	0	454	488	
10	0	0	0	0	457	487	
11	0	0	0	0	459	488	
12	0	0	0	0	459	492	
13	0	0	0	0	458	492	
14	0	0	0	0	455	491	
15	0	0	0	0	451	487	
0	0	0	0	0	444	482	
1	0	0	0	0	442	474	
2	0	0	0	0	440	467	
3	0	0	0	0	442	464	
4	0	0	0	0	444	466	
5	0	0	0	0	447	470	
6	0	0	0	0	449	478	
7	0	0	0	0	451	487	
8	0	0	0	0	451	495	
9	0	0	0	0	454	499	
10	0	0	0	0	456	500	
11	0	0	0	0	459	499	
12	0	0	0	0	462	496	
13	0	0	0	0	461	498	
14	0	0	0	0	458	499	
15	0	0	0	0	457	501	
0	0	0	0	0	452	503	
1	0	0	0	0	448	508	
2	0	0	0	0	446	507	
3	0	0	0	0	444	510	
4	0	0	0	0	439	513	
5	0	0	0	0	438	519	
6	0	0	0	0	439	525	
7	0	0	0	0	441	529	
8	0	0	0	0	446	529	
9	0	0	0	0	451	527	
10	0	0	0	0	459	520	
11	0	0	0	0	469	513	
12	0	0	0	0	473	507	
13	0	0	0	0	476	504	
14	0	0	0	0	476	504	
15	0	0	0	0	472	507	
0	0	0	0	0	465	509	
1	0	0	0	0	457	513	
2	0	0	0	0	448	515	
3	0	0	0	0	439	516	
4	0	0	0	0	431	515	
5	0	0	0	0	425	514	
6	0	0	0	0	423	515	
7	0	0	0	0	426	517	
8	0	0	0	0	430	518	
9	0	0	0	0	432	514	
10	0	0	0	0	436	508	
11	0	0	0	0	438	503	
12	0	0	0	0	445	495	
13	0	0	0	0	451	490	
14	0	0	0	0	458	490	
15	0	0	0	0	462	491	
0	0	0	0	0	464	489	
1	0	0	0	0	464	487	
2	0	0	0	0	470	489	
3	0	0	0	0	476	491	
4	0	0	0	0	482	493	
5	0	0	0	0	485	493	
6	0	0	0	0	481	492	
7	0	0	0	0	473	493	
8	0	0	0	0	464	495	
9	0	0	0	0	457	493	
10	0	0	0	0	458	493	
11	0	0	0	0	459	495	
12	0	0	0	0	457	500	
13	0	0	0	0	451	504	
14	0	0	0	0	449	509	
15	0	0	0	0	449	510	
0	0	0	0	0	448	507	
1	0	0	0	0	451	502	
2	0	0	0	0	455	498	
3	0	0	0	0	456	498	
4	0	0	0	0	457	500	
5	0	0	0	0	457	502	
6	0	0	0	0	460	502	
7	0	0	0	0	459	503	
8	0	0	0	0	455	503	
9	0	0	0	0	453	504	
10	0	0	0	0	451	504	
11	0	0	0	0	451	503	
12	0	0	0	0	455	500	
13	0	0	0	0	461	501	
14	0	0	0	0	465	507	
15	0	0	0	0	468	512	
0	0	0	0	0	468	515	
1	0	0	0	0	465	522	
2	0	0	0	0	462	527	
3	0	0	0	0	460	529	
4	0	0	0	0	456	530	
5	0	0	0	0	454	528	
6	0	0	0	0	454	526	
7	0	0	0	0	452	526	
8	0	0	0	0	450	525	
9	0	0	0	0	449	527	
10	0	0	0	0	452	522	
11	0	0	0	0	457	522	
12	0	0	0	0	463	524	
13	0	0	0	0	472	526	
14	0	0	0	0	481	529	
15	0	0	0	0	489	532	
0	0	0	0	0	494	542	
1	0	0	0	0	497	552	
2	0	0	0	0	499	557	
3	0	0	0	0	502	557	
4	0	0	0	0	507	551	
5	0	0	0	0	508	543	
6	0	0	0	0	509	536	
7	0	0	0	0	510	527	
8	0	0	0	0	512	525	
9	0	0	0	0	513	526	
10	0	0	0	0	515	530	
11	0	0	0	0	516	534	
12	0	0	0	0	517	534	
13	0	0	0	0	519	534	
14	0	0	0	0	519	532	
15	0	0	0	0	523	526	
0	0	0	0	0	530	521	
1	0	0	0	0	536	518	
2	0	0	0	0	541	516	
3	0	0	0	0	543	515	
4	0	0	0	0	543	514	
5	0	0	0	0	541	509	
6	0	0	0	0	540	505	
7	0	0	0	0	540	505	
8	0	0	0	0	542	508	
9	0	0	0	0	543	511	
10	0	0	0	0	546	514	
11	0	0	0	0	548	516	
12	0	0	0	0	552	519	
13	0	0	0	0	555	524	
14	0	0	0	0	553	525	
15	0	0	0	0	549	530	
0	0	0	0	0	545	535	
1	0	0	0	0	543	540	
2	0	0	0	0	546	541	
3	0	0	0	0	547	534	
4	0	0	0	0	549	525	
5	0	0	0	0	549	514	
6	0	0	0	0	552	506	
7	0	0	0	0	558	499	
8	0	0	0	0	563	493	
9	0	0	0	0	567	493	
10	0	0	0	0	570	493	
11	0	0	0	0	574	497	
12	0	0	0	0	574	498	
13	0	0	0	0	575	499	
14	0	0	0	0	576	499	
15	0	0	0	0	580	504	
0	0	0	0	0	584	510	
1	0	0	0	0	590	516	
2	0	0	0	0	591	521	
3	0	0	0	0	589	522	
4	0	0	0	0	587	521	
5	0	0	0	0	585	523	
6	0	0	0	0	584	524	
7	0	0	0	0	584	524	
8	0	0	0	0	589	527	
9	0	0	0	0	589	528	
10	0	0	0	0	587	529	
11	0	0	0	0	583	528	
12	0	0	0	0	582	527	
13	0	0	0	0	583	530	
14	0	0	0	0	587	536	
15	0	0	0	0	589	548	
0	0	0	0	0	588	563	
1	0	0	0	0	590	575	
2	0	0	0	0	591	588	
3	0	0	0	0	595	598	
4	0	0	0	0	596	606	
5	0	0	0	0	596	614	
6	0	0	0	0	594	618	
7	0	0	0	0	596	626	
8	0	0	0	0	600	635	
9	0	0	0	0	603	645	
10	0	0	0	0	601	654	
11	0	0	0	0	600	664	
12	0	0	0	0	600	673	
13	0	0	0	0	600	678	
14	0	0	0	0	599	680	
15	0	0	0	0	598	682	
0	0	0	0	0	595	686	
1	0	0	0	0	592	694	
2	0	0	0	0	593	702	
3	0	0	0	0	595	703	
4	0	0	0	0	596	704	
5	0	0	0	0	595	702	
6	0	0	0	0	595	700	
7	0	0	0	0	599	697	
8	0	0	0	0	601	689	
9	0	0	0	0	602	687	
10	0	0	0	0	601	684	
11	0	0	0	0	599	681	
12	0	0	0	0	594	678	
13	0	0	0	0	585	676	
14	0	0	0	0	579	675	
15	0	0	0	0	577	670	
0	0	0	0	0	578	664	
1	0	0	0	0	582	661	
2	0	0	0	0	586	661	
3	0	0	0	0	590	666	
4	0	0	0	0	589	670	
5	0	0	0	0	585	670	
6	0	0	0	0	583	662	
7	0	0	0	0	576	652	
8	0	0	0	0	570	646	
9	0	0	0	0	564	637	
10	0	0	0	0	558	633	
11	0	0	0	0	559	632	
12	0	0	0	0	561	635	
13	0	0	0	0	562	639	
14	0	0	0	0	565	643	
15	0	0	0	0	571	648	
0	0	0	0	0	575	652	
1	0	0	0	0	579	647	
2	0	0	0	0	580	642	
3	0	0	0	0	578	636	
4	0	0	0	0	575	629	
5	0	0	0	0	576	624	
6	0	0	0	0	575	619	
7	0	0	0	0	568	620	
8	0	0	0	0	564	625	
9	0	0	0	0	560	629	
10	0	0	0	0	556	630	
11	0	0	0	0	552	632	
12	0	0	0	0	550	636	
13	0	0	0	0	547	640	
14	0	0	0	0	545	643	
15	0	0	0	0	545	647	
0	0	0	0	0	549	654	
1	0	0	0	0	557	659	
2	0	0	0	0	563	662	
3	0	0	0	0	564	659	
4	0	0	0	0	565	655	
5	0	0	0	0	565	648	
6	0	0	0	0	563	638	
7	0	0	0	0	563	625	
8	0	0	0	0	567	614	
9	0	0	0	0	568	604	
10	0	0	0	0	568	600	
11	0	0	0	0	566	595	
12	0	0	0	0	559	591	
13	0	0	0	0	551	585	
14	0	0	0	0	545	580	
15	0	0	0	0	541	575	
0	0	0	0	0	541	574	
1	0	0	0	0	543	575	
2	0	0	0	0	544	576	
3	0	0	0	0	547	578	
4	0	0	0	0	547	576	
5	0	0	0	0	547	573	
6	0	0	0	0	545	568	
7	0	0	0	0	540	566	
8	0	0	0	0	532	564	
9	0	0	0	0	528	565	
10	0	0	0	0	525	562	
11	0	0	0	0	524	556	
12	0	0	0	0	524	551	
13	0	0	0	0	527	547	
14	0	0	0	0	530	544	
15	0	0	0	0	536	544	
0	0	0	0	0	538	548	
1	0	0	0	0	541	555	
2	0	0	0	0	543	563	
3	0	0	0	0	546	573	
4	0	0	0	0	548	579	
5	0	0	0	0	543	584	
6	0	0	0	0	537	583	
7	0	0	0	0	536	582	
8	0	0	0	0	534	576	
9	0	0	0	0	529	572	
10	0	0	0	0	524	566	
11	0	0	0	0	518	564	
12	0	0	0	0	512	563	
13	0	0	0	0	507	559	
14	0	0	0	0	506	553	
15	0	0	0	0	509	544	
0	0	0	0	0	511	537	
1	0	0	0	0	510	533	
2	0	0	0	0	515	533	
3	0	0	0	0	523	537	
4	0	0	0	0	530	542	
5	0	0	0	0	533	546	
6	0	0	0	0	535	551	
7	0	0	0	0	536	553	
8	0	0	0	0	538	556	
9	0	0	0	0	535	553	
10	0	0	0	0	531	551	
11	0	0	0	0	525	543	
12	0	0	0	0	516	540	
13	0	0	0	0	508	537	
14	0	0	0	0	503	536	
15	0	0	0	0	503	537	
0	0	0	0	0	506	539	
1	0	0	0	0	508	543	
2	0	0	0	0	509	544	
3	0	0	0	0	512	543	
4	0	0	0	0	516	540	
5	0	0	0	0	519	537	
6	0	0	0	0	520	534	
7	0	0	0	0	522	531	
8	0	0	0	0	524	526	
9	0	0	0	0	522	526	
10	0	0	0	0	520	527	
11	0	0	0	0	518	524	
12	0	0	0	0	514	520	
13	0	0	0	0	506	513	
14	0	0	0	0	498	506	
15	0	0	0	0	493	503	
0	0	0	0	0	487	502	
1	0	0	0	0	480	502	
2	0	0	0	0	473	502	
3	0	0	0	0	465	505	
4	0	0	0	0	463	516	
5	0	0	0	0	468	530	
6	0	0	0	0	472	545	
7	0	0	0	0	479	560	
8	0	0	0	0	487	569	
9	0	0	0	0	492	572	
10	0	0	0	0	497	573	
11	0	0	0	0	503	575	
12	0	0	0	0	510	575	
13	0	0	0	0	516	572	
14	0	0	0	0	519	565	
15	0	0	0	0	519	559	
0	0	0	0	0	518	551	
1	0	0	0	0	522	542	
2	0	0	0	0	528	537	
3	0	0	0	0	537	529	
4	0	0	0	0	545	526	
5	0	0	0	0	556	527	
6	0	0	0	0	567	530	
7	0	0	0	0	572	535	
8	0	0	0	0	571	539	
9	0	0	0	0	571	543	
10	0	0	0	0	569	547	
11	0	0	0	0	568	548	
12	0	0	0	0	565	550	
13	0	0	0	0	563	549	
14	0	0	0	0	557	547	
15	0	0	0	0	552	545	
0	0	0	0	0	551	541	
1	0	0	0	0	553	540	
2	0	0	0	0	556	538	
3	0	0	0	0	563	537	
4	0	0	0	0	571	536	
5	0	0	0	0	578	535	
6	0	0	0	0	590	536	
7	0	0	0	0	599	539	
8	0	0	0	0	610	548	
9	0	0	0	0	617	558	
10	0	0	0	0	620	565	
11	0	0	0	0	620	563	
12	0	0	0	0	617	551	
13	0	0	0	0	617	536	
14	0	0	0	0	615	522	
15	0	0	0	0	613	509	
0	0	0	0	0	611	503	
1	0	0	0	0	605	499	
2	0	0	0	0	600	498	
3	0	0	0	0	598	497	
4	0	0	0	0	596	496	
5	0	0	0	0	598	496	
6	0	0	0	0	601	499	
7	0	0	0	0	606	500	
8	0	0	0	0	610	499	
9	0	0	0	0	611	498	
10	0	0	0	0	609	499	
11	0	0	0	0	607	501	
12	0	0	0	0	607	505	
13	0	0	0	0	603	509	
14	0	0	0	0	595	515	
15	0	0	0	0	589	520	
0	0	0	0	0	579	526	
1	0	0	0	0	570	530	
2	0	0	0	0	564	536	
3	0	0	0	0	561	540	
4	0	0	0	0	557	542	
5	0	0	0	0	558	541	
6	0	0	0	0	560	540	
7	0	0	0	0	561	538	
8	0	0	0	0	560	536	
9	0	0	0	0	558	533	
10	0	0	0	0	560	527	
11	0	0	0	0	560	525	
12	0	0	0	0	560	521	
13	0	0	0	0	561	519	
14	0	0	0	0	562	517	
15	0	0	0	0	562	519	
0	0	0	0	0	557	521	
1	0	0	0	0	548	526	
2	0	0	0	0	543	527	
3	0	0	0	0	542	531	
4	0	0	0	0	543	534	
5	0	0	0	0	543	540	
6	0	0	0	0	547	543	
7	0	0	0	0	551	547	
8	0	0	0	0	553	550	
9	0	0	0	0	555	552	
10	0	0	0	0	554	556	
11	0	0	0	0	550	558	
12	0	0	0	0	543	558	
13	0	0	0	0	536	558	
14	0	0	0	0	529	559	
15	0	0	0	0	524	559	
0	0	0	0	0	518	551	
1	0	0	0	0	511	540	
2	0	0	0	0	504	531	
3	0	0	0	0	504	524	
4	0	0	0	0	505	518	
5	0	0	0	0	505	515	
6	0	0	0	0	505	506	
7	0	0	0	0	510	500	
8	0	0	0	0	518	495	
9	0	0	0	0	530	489	
10	0	0	0	0	543	487	
11	0	0	0	0	559	488	
12	0	0	0	0	571	490	
13	0	0	0	0	576	495	
14	0	0	0	0	578	500	
15	0	0	0	0	574	510	
0	0	0	0	0	559	521	
1	0	0	0	0	544	537	
2	0	0	0	0	530	551	
3	0	0	0	0	519	564	
4	0	0	0	0	516	574	
5	0	0	0	0	516	577	
6	0	0	0	0	515	578	
7	0	0	0	0	517	575	
8	0	0	0	0	519	568	
9	0	0	0	0	519	560	
10	0	0	0	0	518	550	
11	0	0	0	0	521	539	
12	0	0	0	0	527	532	
13	0	0	0	0	536	525	
14	0	0	0	0	543	515	
15	0	0	0	0	547	502	
0	0	0	0	0	550	489	
1	0	0	0	0	548	480	
2	0	0	0	0	547	477	
3	0	0	0	0	548	473	
4	0	0	0	0	551	472	
5	0	0	0	0	553	476	
6	0	0	0	0	552	479	
7	0	0	0	0	555	485	
8	0	0	0	0	560	491	
9	0	0	0	0	563	492	
10	0	0	0	0	566	492	
11	0	0	0	0	571	484	
12	0	0	0	0	578	472	
13	0	0	0	0	583	461	
14	0	0	0	0	582	455	
15	0	0	0	0	579	451	
0	0	0	0	0	575	454	
1	0	0	0	0	574	456	
2	0	0	0	0	571	462	
3	0	0	0	0	569	467	
4	0	0	0	0	568	469	
5	0	0	0	0	565	471	
6	0	0	0	0	564	472	
7	0	0	0	0	563	472	
8	0	0	0	0	563	474	
9	0	0	0	0	562	476	
10	0	0	0	0	559	479	
11	0	0	0	0	557	483	
12	0	0	0	0	554	486	
13	0	0	0	0	548	485	
14	0	0	0	0	546	483	
15	0	0	0	0	542	483	
0	0	0	0	0	537	482	
1	0	0	0	0	533	486	
2	0	0	0	0	531	483	
3	0	0	0	0	527	480	
4	0	0	0	0	526	480	
5	0	0	0	0	526	481	
6	0	0	0	0	527	486	
7	0	0	0	0	529	491	
8	0	0	0	0	531	495	
9	0	0	0	0	529	495	
10	0	0	0	0	534	493	
11	0	0	0	0	541	486	
12	0	0	0	0	547	482	
13	0	0	0	0	552	476	
14	0	0	0	0	556	470	
15	0	0	0	0	559	470	
0	0	0	0	0	559	471	
1	0	0	0	0	556	474	
2	0	0	0	0	552	475	
3	0	0	0	0	547	473	
4	0	0	0	0	543	474	
5	0	0	0	0	540	470	
6	0	0	0	0	539	465	
7	0	0	0	0	540	459	
8	0	0	0	0	536	452	
9	0	0	0	0	531	447	
10	0	0	0	0	531	444	
11	0	0	0	0	532	443	
12	0	0	0	0	534	447	
13	0	0	0	0	532	448	
14	0	0	0	0	529	449	
15	0	0	0	0	524	452	
0	0	0	0	0	516	456	
1	0	0	0	0	511	460	
2	0	0	0	0	504	462	
3	0	0	0	0	501	463	
4	0	0	0	0	499	465	
5	0	0	0	0	496	467	
6	0	0	0	0	496	469	
7	0	0	0	0	496	470	
8	0	0	0	0	500	467	
9	0	0	0	0	504	463	
10	0	0	0	0	508	459	
11	0	0	0	0	510	455	
12	0	0	0	0	507	461	
13	0	0	0	0	508	470	
14	0	0	0	0	510	480	
15	0	0	0	0	511	487	
0	0	0	0	0	513	492	
1	0	0	0	0	517	494	
2	0	0	0	0	517	500	
3	0	0	0	0	512	503	
4	0	0	0	0	505	503	
5	0	0	0	0	503	506	
6	0	0	0	0	500	506	
7	0	0	0	0	502	504	
8	0	0	0	0	504	501	
9	0	0	0	0	506	496	
10	0	0	0	0	512	487	
11	0	0	0	0	514	476	
12	0	0	0	0	517	465	
13	0	0	0	0	517	456	
14	0	0	0	0	518	451	
15	0	0	0	0	518	451	
0	0	0	0	0	516	454	
1	0	0	0	0	508	457	
2	0	0	0	0	499	460	
3	0	0	0	0	493	464	
4	0	0	0	0	488	470	
5	0	0	0	0	487	475	
6	0	0	0	0	486	477	
7	0	0	0	0	481	477	
8	0	0	0	0	473	476	
9	0	0	0	0	467	475	
10	0	0	0	0	465	475	
11	0	0	0	0	467	474	
12	0	0	0	0	470	472	
13	0	0	0	0	477	471	
14	0	0	0	0	487	474	
15	0	0	0	0	496	473	
0	0	0	0	0	504	473	
1	0	0	0	0	511	472	
2	0	0	0	0	517	472	
3	0	0	0	0	519	472	
4	0	0	0	0	522	472	
5	0	0	0	0	524	471	
6	0	0	0	0	525	468	
7	0	0	0	0	525	463	
8	0	0	0	0	524	461	
9	0	0	0	0	523	456	
10	0	0	0	0	522	451	
11	0	0	0	0	521	446	
12	0	0	0	0	520	440	
13	0	0	0	0	519	435	
14	0	0	0	0	518	429	
15	0	0	0	0	517	421	
0	0	0	0	0	518	414	
1	0	0	0	0	515	409	
2	0	0	0	0	509	406	
3	0	0	0	0	507	403	
4	0	0	0	0	508	404	
5	0	0	0	0	509	403	
6	0	0	0	0	509	404	
7	0	0	0	0	508	409	
8	0	0	0	0	511	415	
9	0	0	0	0	519	423	
10	0	0	0	0	525	428	
11	0	0	0	0	529	436	
12	0	0	0	0	528	443	
13	0	0	0	0	524	452	
14	0	0	0	0	518	459	
15	0	0	0	0	513	465	
0	0	0	0	0	512	472	
1	0	0	0	0	512	481	
2	0	0	0	0	511	491	
3	0	0	0	0	507	501	
4	0	0	0	0	504	507	
5	0	0	0	0	501	510	
6	0	0	0	0	500	512	
7	0	0	0	0	498	509	
8	0	0	0	0	497	502	
9	0	0	0	0	496	494	
10	0	0	0	0	495	488	
11	0	0	0	0	497	483	
12	0	0	0	0	500	478	
13	0	0	0	0	502	472	
14	0	0	0	0	506	460	
15	0	0	0	0	513	447	
0	0	0	0	0	520	438	
1	0	0	0	0	526	429	
2	0	0	0	0	533	421	
3	0	0	0	0	543	416	
4	0	0	0	0	550	415	
5	0	0	0	0	551	414	
6	0	0	0	0	550	418	
7	0	0	0	0	548	419	
8	0	0	0	0	546	423	
9	0	0	0	0	543	429	
10	0	0	0	0	542	435	
11	0	0	0	0	542	440	
12	0	0	0	0	543	445	
13	0	0	0	0	542	447	
14	0	0	0	0	542	449	
15	0	0	0	0	546	452	
0	0	0	0	0	547	452	
1	0	0	0	0	544	450	
2	0	0	0	0	540	451	
3	0	0	0	0	533	451	
4	0	0	0	0	529	452	
5	0	0	0	0	526	455	
6	0	0	0	0	523	464	
7	0	0	0	0	519	472	
8	0	0	0	0	516	479	
9	0	0	0	0	515	482	
10	0	0	0	0	514	485	
11	0	0	0	0	512	491	
12	0	0	0	0	508	491	
13	0	0	0	0	510	493	
14	0	0	0	0	515	497	
15	0	0	0	0	521	501	
0	0	0	0	0	527	503	
1	0	0	0	0	533	504	
2	0	0	0	0	541	504	
3	0	0	0	0	547	507	
4	0	0	0	0	550	514	
5	0	0	0	0	547	523	
6	0	0	0	0	543	529	
7	0	0	0	0	540	530	
8	0	0	0	0	536	528	
9	0	0	0	0	531	523	
10	0	0	0	0	524	515	
11	0	0	0	0	519	507	
12	0	0	0	0	515	497	
13	0	0	0	0	508	484	
14	0	0	0	0	504	472	
15	0	0	0	0	503	456	
0	0	0	0	0	502	440	
1	0	0	0	0	500	430	
2	0	0	0	0	500	428	
3	0	0	0	0	503	433	
4	0	0	0	0	509	438	
5	0	0	0	0	515	442	
6	0	0	0	0	523	443	
7	0	0	0	0	527	442	
8	0	0	0	0	531	441	
9	0	0	0	0	533	438	
10	0	0	0	0	530	438	
11	0	0	0	0	522	437	
12	0	0	0	0	516	437	
13	0	0	0	0	513	435	
14	0	0	0	0	507	434	
15	0	0	0	0	500	431	
0	0	0	0	0	496	428	
1	0	0	0	0	496	427	
2	0	0	0	0	498	427	
3	0	0	0	0	501	428	
4	0	0	0	0	504	424	
5	0	0	0	0	506	422	
6	0	0	0	0	507	419	
7	0	0	0	0	503	419	
8	0	0	0	0	498	419	
9	0	0	0	0	493	419	
10	0	0	0	0	490	418	
11	0	0	0	0	492	416	
12	0	0	0	0	494	415	
13	0	0	0	0	499	413	
14	0	0	0	0	508	411	
15	0	0	0	0	516	406	
0	0	0	0	0	522	399	
1	0	0	0	0	527	391	
2	0	0	0	0	534	388	
3	0	0	0	0	542	391	
4	0	0	0	0	551	391	
5	0	0	0	0	558	402	
6	0	0	0	0	563	408	
7	0	0	0	0	565	412	
8	0	0	0	0	563	417	
9	0	0	0	0	560	419	
10	0	0	0	0	560	422	
11	0	0	0	0	558	423	
12	0	0	0	0	558	417	
13	0	0	0	0	556	417	
14	0	0	0	0	554	417	
15	0	0	0	0	552	422	
0	0	0	0	0	553	424	
1	0	0	0	0	552	426	
2	0	0	0	0	550	437	
3	0	0	0	0	550	445	
4	0	0	0	0	553	451	
5	0	0	0	0	558	451	
6	0	0	0	0	560	444	
7	0	0	0	0	559	432	
8	0	0	0	0	557	423	
9	0	0	0	0	557	419	
10	0	0	0	0	556	423	
11	0	0	0	0	555	420	
12	0	0	0	0	552	415	
13	0	0	0	0	549	410	
14	0	0	0	0	547	403	
15	0	0	0	0	547	404	
0	0	0	0	0	549	406	
1	0	0	0	0	551	405	
2	0	0	0	0	549	403	
3	0	0	0	0	546	396	
4	0	0	0	0	542	390	
5	0	0	0	0	537	391	
6	0	0	0	0	535	391	
7	0	0	0	0	531	400	
8	0	0	0	0	527	408	
9	0	0	0	0	525	414	
10	0	0	0	0	525	419	
11	0	0	0	0	524	428	
12	0	0	0	0	524	433	
13	0	0	0	0	519	442	
14	0	0	0	0	515	452	
15	0	0	0	0	512	457	
0	0	0	0	0	510	464	
1	0	0	0	0	509	469	
2	0	0	0	0	511	468	
3	0	0	0	0	513	463	
4	0	0	0	0	516	456	
5	0	0	0	0	521	449	
6	0	0	0	0	524	444	
7	0	0	0	0	524	439	
8	0	0	0	0	525	434	
9	0	0	0	0	525	432	
10	0	0	0	0	524	432	
11	0	0	0	0	523	432	
12	0	0	0	0	516	435	
13	0	0	0	0	508	435	
14	0	0	0	0	502	435	
15	0	0	0	0	497	434	
0	0	0	0	0	492	433	
1	0	0	0	0	487	438	
2	0	0	0	0	484	443	
3	0	0	0	0	487	446	
4	0	0	0	0	492	451	
5	0	0	0	0	496	452	
6	0	0	0	0	503	451	
7	0	0	0	0	504	446	
8	0	0	0	0	501	442	
9	0	0	0	0	501	444	
10	0	0	0	0	502	453	
11	0	0	0	0	501	459	
12	0	0	0	0	499	462	
13	0	0	0	0	501	464	
14	0	0	0	0	497	464	
15	0	0	0	0	494	457	
0	0	0	0	0	492	454	
1	0	0	0	0	492	451	
2	0	0	0	0	494	445	
3	0	0	0	0	495	438	
4	0	0	0	0	492	428	
5	0	0	0	0	489	414	
6	0	0	0	0	487	402	
7	0	0	0	0	486	391	
8	0	0	0	0	484	382	
9	0	0	0	0	481	376	
10	0	0	0	0	480	366	
11	0	0	0	0	481	364	
12	0	0	0	0	480	364	
13	0	0	0	0	476	367	
14	0	0	0	0	470	371	
15	0	0	0	0	467	380	
0	0	0	0	0	466	391	
1	0	0	0	0	468	400	
2	0	0	0	0	471	406	
3	0	0	0	0	472	411	
4	0	0	0	0	473	416	
5	0	0	0	0	472	423	
6	0	0	0	0	475	428	
7	0	0	0	0	478	431	
8	0	0	0	0	478	433	
9	0	0	0	0	479	433	
10	0	0	0	0	480	432	
11	0	0	0	0	483	428	
12	0	0	0	0	484	428	
13	0	0	0	0	488	433	
14	0	0	0	0	494	440	
15	0	0	0	0	497	451	
0	0	0	0	0	496	463	
1	0	0	0	0	493	469	
2	0	0	0	0	487	471	
3	0	0	0	0	484	469	
4	0	0	0	0	483	465	
5	0	0	0	0	484	462	
6	0	0	0	0	483	458	
7	0	0	0	0	483	454	
8	0	0	0	0	481	451	
9	0	0	0	0	476	451	
10	0	0	0	0	472	451	
11	0	0	0	0	466	455	
12	0	0	0	0	465	460	
13	0	0	0	0	466	463	
14	0	0	0	0	468	464	
15	0	0	0	0	470	461	
0	0	0	0	0	468	457	
1	0	0	0	0	465	455	
2	0	0	0	0	462	451	
3	0	0	0	0	459	451	
4	0	0	0	0	455	449	
5	0	0	0	0	457	448	
6	0	0	0	0	458	449	
7	0	0	0	0	462	454	
8	0	0	0	0	471	456	
9	0	0	0	0	480	457	
10	0	0	0	0	489	456	
11	0	0	0	0	496	459	
12	0	0	0	0	502	461	
13	0	0	0	0	505	460	
14	0	0	0	0	511	460	
15	0	0	0	0	514	459	
0	0	0	0	0	515	456	
1	0	0	0	0	515	459	
2	0	0	0	0	517	457	
3	0	0	0	0	516	456	
4	0	0	0	0	518	459	
5	0	0	0	0	520	462	
6	0	0	0	0	516	468	
7	0	0	0	0	510	476	
8	0	0	0	0	504	485	
9	0	0	0	0	497	491	
10	0	0	0	0	490	501	
11	0	0	0	0	483	508	
12	0	0	0	0	473	512	
13	0	0	0	0	462	516	
14	0	0	0	0	454	519	
15	0	0	0	0	448	516	
0	0	0	0	0	440	510	
1	0	0	0	0	431	501	
2	0	0	0	0	427	491	
3	0	0	0	0	424	477	
4	0	0	0	0	423	469	
5	0	0	0	0	423	463	
6	0	0	0	0	423	462	
7	0	0	0	0	428	463	
8	0	0	0	0	434	466	
9	0	0	0	0	442	468	
10	0	0	0	0	449	471	
11	0	0	0	0	460	475	
12	0	0	0	0	472	482	
13	0	0	0	0	482	484	
14	0	0	0	0	487	484	
15	0	0	0	0	488	484	
0	0	0	0	0	483	484	
1	0	0	0	0	479	487	
2	0	0	0	0	479	493	
3	0	0	0	0	480	500	
4	0	0	0	0	483	504	
5	0	0	0	0	485	510	
6	0	0	0	0	484	519	
7	0	0	0	0	480	526	
8	0	0	0	0	476	530	
9	0	0	0	0	475	531	
10	0	0	0	0	479	531	
11	0	0	0	0	484	530	
12	0	0	0	0	488	529	
13	0	0	0	0	492	529	
14	0	0	0	0	495	531	
15	0	0	0	0	499	537	
0	0	0	0	0	504	540	
1	0	0	0	0	503	542	
2	0	0	0	0	501	541	
3	0	0	0	0	499	536	
4	0	0	0	0	502	529	
5	0	0	0	0	506	519	
6	0	0	0	0	511	511	
7	0	0	0	0	516	507	
8	0	0	0	0	523	508	
9	0	0	0	0	528	513	
10	0	0	0	0	531	519	
11	0	0	0	0	531	525	
12	0	0	0	0	527	531	
13	0	0	0	0	520	536	
14	0	0	0	0	514	539	
15	0	0	0	0	509	546	
0	0	0	0	0	507	549	
1	0	0	0	0	502	548	
2	0	0	0	0	498	547	
3	0	0	0	0	495	542	
4	0	0	0	0	489	538	
5	0	0	0	0	484	536	
6	0	0	0	0	487	540	
7	0	0	0	0	491	544	
8	0	0	0	0	495	548	
9	0	0	0	0	496	552	
10	0	0	0	0	497	555	
11	0	0	0	0	499	551	
12	0	0	0	0	501	550	
13	0	0	0	0	500	549	
14	0	0	0	0	501	548	
15	0	0	0	0	502	546	
0	0	0	0	0	497	544	
1	0	0	0	0	489	543	
2	0	0	0	0	478	537	
3	0	0	0	0	469	534	
4	0	0	0	0	463	534	
5	0	0	0	0	456	537	
6	0	0	0	0	455	538	
7	0	0	0	0	455	537	
8	0	0	0	0	459	536	
9	0	0	0	0	462	534	
10	0	0	0	0	467	532	
11	0	0	0	0	472	531	
12	0	0	0	0	473	533	
13	0	0	0	0	474	534	
14	0	0	0	0	474	534	
15	0	0	0	0	472	533	
0	0	0	0	0	470	531	
1	0	0	0	0	468	526	
2	0	0	0	0	464	526	
3	0	0	0	0	460	532	
4	0	0	0	0	459	535	
5	0	0	0	0	461	539	
6	0	0	0	0	462	537	
7	0	0	0	0	460	533	
8	0	0	0	0	464	529	
9	0	0	0	0	467	526	
10	0	0	0	0	468	525	
11	0	0	0	0	477	521	
12	0	0	0	0	486	517	
13	0	0	0	0	496	515	
14	0	0	0	0	507	515	
15	0	0	0	0	513	518	
0	0	0	0	0	519	523	
1	0	0	0	0	520	528	
2	0	0	0	0	518	535	
3	0	0	0	0	514	542	
4	0	0	0	0	507	551	
5	0	0	0	0	498	558	
6	0	0	0	0	490	563	
7	0	0	0	0	483	563	
8	0	0	0	0	477	562	
9	0	0	0	0	473	561	
10	0	0	0	0	468	558	
11	0	0	0	0	467	553	
12	0	0	0	0	469	551	
13	0	0	0	0	476	549	
14	0	0	0	0	483	549	
15	0	0	0	0	487	548	
0	0	0	0	0	494	548	
1	0	0	0	0	498	550	
2	0	0	0	0	501	547	
3	0	0	0	0	505	543	
4	0	0	0	0	506	537	
5	0	0	0	0	505	531	
6	0	0	0	0	504	524	
7	0	0	0	0	505	516	
8	0	0	0	0	508	508	
9	0	0	0	0	512	498	
10	0	0	0	0	518	492	
11	0	0	0	0	522	488	
12	0	0	0	0	524	488	
13	0	0	0	0	526	491	
14	0	0	0	0	528	492	
15	0	0	0	0	530	494	
0	0	0	0	0	532	494	
1	0	0	0	0	535	492	
2	0	0	0	0	537	492	
3	0	0	0	0	540	492	
4	0	0	0	0	537	492	
5	0	0	0	0	531	498	
6	0	0	0	0	528	503	
7	0	0	0	0	527	511	
8	0	0	0	0	527	518	
9	0	0	0	0	527	520	
10	0	0	0	0	530	527	
11	0	0	0	0	531	531	
12	0	0	0	0	534	533	
13	0	0	0	0	534	536	
14	0	0	0	0	539	538	
15	0	0	0	0	543	543	
0	0	0	0	0	546	545	
1	0	0	0	0	550	545	
2	0	0	0	0	555	545	
3	0	0	0	0	558	547	
4	0	0	0	0	558	553	
5	0	0	0	0	558	558	
6	0	0	0	0	559	563	
7	0	0	0	0	554	564	
8	0	0	0	0	549	561	
9	0	0	0	0	547	559	
10	0	0	0	0	547	551	
11	0	0	0	0	544	542	
12	0	0	0	0	541	537	
13	0	0	0	0	536	533	
14	0	0	0	0	532	532	
15	0	0	0	0	528	535	
0	0	0	0	0	524	536	
1	0	0	0	0	519	536	
2	0	0	0	0	519	535	
3	0	0	0	0	519	533	
4	0	0	0	0	519	533	
5	0	0	0	0	516	532	
6	0	0	0	0	516	530	
7	0	0	0	0	515	528	
8	0	0	0	0	514	525	
9	0	0	0	0	510	521	
10	0	0	0	0	506	516	
11	0	0	0	0	505	514	
12	0	0	0	0	505	518	
13	0	0	0	0	505	519	
14	0	0	0	0	506	525	
15	0	0	0	0	508	526	
0	0	0	0	0	510	526	
1	0	0	0	0	512	525	
2	0	0	0	0	512	525	
3	0	0	0	0	513	525	
4	0	0	0	0	518	524	
5	0	0	0	0	521	519	
6	0	0	0	0	523	512	
7	0	0	0	0	526	508	
8	0	0	0	0	529	509	
9	0	0	0	0	528	511	
10	0	0	0	0	526	513	
11	0	0	0	0	525	515	
12	0	0	0	0	526	514	
13	0	0	0	0	525	513	
14	0	0	0	0	524	510	
15	0	0	0	0	525	510	
0	0	0	0	0	530	508	
1	0	0	0	0	536	508	
2	0	0	0	0	542	509	
3	0	0	0	0	548	505	
4	0	0	0	0	552	504	
5	0	0	0	0	551	502	
6	0	0	0	0	547	500	
7	0	0	0	0	543	497	
8	0	0	0	0	540	499	
9	0	0	0	0	540	504	
10	0	0	0	0	544	509	
11	0	0	0	0	549	513	
12	0	0	0	0	553	516	
13	0	0	0	0	557	514	
14	0	0	0	0	561	515	
15	0	0	0	0	566	513	
0	0	0	0	0	571	506	
1	0	0	0	0	576	502	
2	0	0	0	0	579	499	
3	0	0	0	0	583	502	
4	0	0	0	0	587	505	
5	0	0	0	0	589	510	
6	0	0	0	0	587	513	
7	0	0	0	0	580	514	
8	0	0	0	0	575	515	
9	0	0	0	0	570	515	
10	0	0	0	0	565	514	
11	0	0	0	0	563	511	
12	0	0	0	0	563	511	
13	0	0	0	0	565	511	
14	0	0	0	0	569	513	
15	0	0	0	0	574	514	
0	0	0	0	0	583	516	
1	0	0	0	0	590	516	
2	0	0	0	0	594	516	
3	0	0	0	0	597	519	
4	0	0	0	0	598	524	
5	0	0	0	0	599	525	
6	0	0	0	0	600	527	
7	0	0	0	0	600	528	
8	0	0	0	0	597	532	
9	0	0	0	0	589	541	
10	0	0	0	0	581	549	
11	0	0	0	0	570	558	
12	0	0	0	0	560	563	
13	0	0	0	0	551	563	
14	0	0	0	0	546	565	
15	0	0	0	0	541	566	
0	0	0	0	0	542	570	
1	0	0	0	0	543	574	
2	0	0	0	0	543	574	
3	0	0	0	0	542	577	
4	0	0	0	0	539	576	
5	0	0	0	0	537	572	
6	0	0	0	0	536	567	
7	0	0	0	0	534	562	
8	0	0	0	0	531	559	
9	0	0	0	0	529	555	
10	0	0	0	0	524	554	
11	0	0	0	0	515	558	
12	0	0	0	0	507	561	
13	0	0	0	0	499	561	
14	0	0	0	0	495	557	
15	0	0	0	0	495	552	
0	0	0	0	0	495	547	
1	0	0	0	0	496	546	
2	0	0	0	0	500	548	
3	0	0	0	0	504	551	
4	0	0	0	0	507	552	
5	0	0	0	0	508	555	
6	0	0	0	0	509	559	
7	0	0	0	0	510	566	
8	0	0	0	0	508	568	
9	0	0	0	0	507	566	
10	0	0	0	0	506	558	
11	0	0	0	0	505	552	
12	0	0	0	0	503	550	
13	0	0	0	0	499	550	
14	0	0	0	0	499	550	
15	0	0	0	0	504	553	
0	0	0	0	0	510	559	
1	0	0	0	0	518	564	
2	0	0	0	0	525	572	
3	0	0	0	0	531	579	
4	0	0	0	0	536	583	
5	0	0	0	0	541	583	
6	0	0	0	0	543	582	
7	0	0	0	0	543	580	
8	0	0	0	0	541	576	
9	0	0	0	0	536	574	
10	0	0	0	0	527	573	
11	0	0	0	0	519	567	
12	0	0	0	0	513	563	
13	0	0	0	0	509	559	
14	0	0	0	0	507	556	
15	0	0	0	0	504	557	
0	0	0	0	0	497	560	
1	0	0	0	0	496	566	
2	0	0	0	0	494	575	
3	0	0	0	0	492	581	
4	0	0	0	0	494	585	
5	0	0	0	0	497	587	
6	0	0	0	0	499	584	
7	0	0	0	0	502	587	
8	0	0	0	0	499	589	
9	0	0	0	0	496	591	
10	0	0	0	0	492	592	
11	0	0	0	0	486	587	
12	0	0	0	0	481	585	
13	0	0	0	0	478	580	
14	0	0	0	0	475	576	
15	0	0	0	0	476	572	
0	0	0	0	0	476	569	
1	0	0	0	0	478	571	
2	0	0	0	0	478	572	
3	0	0	0	0	480	579	
4	0	0	0	0	483	580	
5	0	0	0	0	484	577	
6	0	0	0	0	486	573	
7	0	0	0	0	483	567	
8	0	0	0	0	482	562	
9	0	0	0	0	482	558	
10	0	0	0	0	480	553	
11	0	0	0	0	479	550	
12	0	0	0	0	481	547	
13	0	0	0	0	483	543	
14	0	0	0	0	483	539	
15	0	0	0	0	486	532	
0	0	0	0	0	488	527	
1	0	0	0	0	490	523	
2	0	0	0	0	494	521	
3	0	0	0	0	495	521	
4	0	0	0	0	494	522	
5	0	0	0	0	494	522	
6	0	0	0	0	496	529	
7	0	0	0	0	499	532	
8	0	0	0	0	502	533	
9	0	0	0	0	502	528	
10	0	0	0	0	502	523	
11	0	0	0	0	498	520	
12	0	0	0	0	494	518	
13	0	0	0	0	487	514	
14	0	0	0	0	483	510	
15	0	0	0	0	480	513	
0	0	0	0	0	479	516	
1	0	0	0	0	474	522	
2	0	0	0	0	473	531	
3	0	0	0	0	477	540	
4	0	0	0	0	483	549	
5	0	0	0	0	487	555	
6	0	0	0	0	489	556	
7	0	0	0	0	487	552	
8	0	0	0	0	484	542	
9	0	0	0	0	484	536	
10	0	0	0	0	482	535	
11	0	0	0	0	478	532	
12	0	0	0	0	472	526	
13	0	0	0	0	467	519	
14	0	0	0	0	462	516	
15	0	0	0	0	455	512	
0	0	0	0	0	451	507	
1	0	0	0	0	449	504	
2	0	0	0	0	452	504	
3	0	0	0	0	458	507	
4	0	0	0	0	467	512	
5	0	0	0	0	477	514	
6	0	0	0	0	484	512	
7	0	0	0	0	489	515	
8	0	0	0	0	492	519	
9	0	0	0	0	493	521	
10	0	0	0	0	493	524	
11	0	0	0	0	496	525	
12	0	0	0	0	498	526	
13	0	0	0	0	496	531	
14	0	0	0	0	487	537	
15	0	0	0	0	472	543	
0	0	0	0	0	457	549	
1	0	0	0	0	444	555	
2	0	0	0	0	436	561	
3	0	0	0	0	432	566	
4	0	0	0	0	433	569	
5	0	0	0	0	433	571	
6	0	0	0	0	439	569	
7	0	0	0	0	446	570	
8	0	0	0	0	456	574	
9	0	0	0	0	465	578	
10	0	0	0	0	469	583	
11	0	0	0	0	475	588	
12	0	0	0	0	477	589	
13	0	0	0	0	476	591	
14	0	0	0	0	471	594	
15	0	0	0	0	463	596	
0	0	0	0	0	453	597	
1	0	0	0	0	443	600	
2	0	0	0	0	434	607	
3	0	0	0	0	425	614	
4	0	0	0	0	416	615	
5	0	0	0	0	411	614	
6	0	0	0	0	407	608	
7	0	0	0	0	409	593	
8	0	0	0	0	413	585	
9	0	0	0	0	416	577	
10	0	0	0	0	423	571	
11	0	0	0	0	429	568	
12	0	0	0	0	433	562	
13	0	0	0	0	436	557	
14	0	0	0	0	435	557	
15	0	0	0	0	436	556	
0	0	0	0	0	435	556	
1	0	0	0	0	433	551	
2	0	0	0	0	431	543	
3	0	0	0	0	428	536	
4	0	0	0	0	432	533	
5	0	0	0	0	437	535	
6	0	0	0	0	445	536	
7	0	0	0	0	454	536	
8	0	0	0	0	464	539	
9	0	0	0	0	475	543	
10	0	0	0	0	486	549	
11	0	0	0	0	490	555	
12	0	0	0	0	493	563	
13	0	0	0	0	493	564	
14	0	0	0	0	492	566	
15	0	0	0	0	492	569	
0	0	0	0	0	492	568	
1	0	0	0	0	493	568	
2	0	0	0	0	489	566	
3	0	0	0	0	484	562	
4	0	0	0	0	483	560	
5	0	0	0	0	484	551	
6	0	0	0	0	487	547	
7	0	0	0	0	489	537	
8	0	0	0	0	489	526	
9	0	0	0	0	490	517	
10	0	0	0	0	489	508	
11	0	0	0	0	487	504	
12	0	0	0	0	484	504	
13	0	0	0	0	480	503	
14	0	0	0	0	477	501	
15	0	0	0	0	475	501	
0	0	0	0	0	475	502	
1	0	0	0	0	476	501	
2	0	0	0	0	480	499	
3	0	0	0	0	483	500	
4	0	0	0	0	483	501	
5	0	0	0	0	484	508	
6	0	0	0	0	487	514	
7	0	0	0	0	489	520	
8	0	0	0	0	489	524	
9	0	0	0	0	493	526	
10	0	0	0	0	497	526	
11	0	0	0	0	499	527	
12	0	0	0	0	501	528	
13	0	0	0	0	504	527	
14	0	0	0	0	508	529	
15	0	0	0	0	513	536	
0	0	0	0	0	512	541	
1	0	0	0	0	509	543	
2	0	0	0	0	504	540	
3	0	0	0	0	501	536	
4	0	0	0	0	499	531	
5	0	0	0	0	499	529	
6	0	0	0	0	498	527	
7	0	0	0	0	500	525	
8	0	0	0	0	503	525	
9	0	0	0	0	504	521	
10	0	0	0	0	507	515	
11	0	0	0	0	513	511	
12	0	0	0	0	519	511	
13	0	0	0	0	526	510	
14	0	0	0	0	530	510	
15	0	0	0	0	527	511	
0	0	0	0	0	529	514	
1	0	0	0	0	530	516	
2	0	0	0	0	534	521	
3	0	0	0	0	537	527	
4	0	0	0	0	541	529	
5	0	0	0	0	543	526	
6	0	0	0	0	545	520	
7	0	0	0	0	548	515	
8	0	0	0	0	548	512	
9	0	0	0	0	547	510	
10	0	0	0	0	548	508	
11	0	0	0	0	552	506	
12	0	0	0	0	554	508	
13	0	0	0	0	556	510	
14	0	0	0	0	560	515	
15	0	0	0	0	559	519	
0	0	0	0	0	556	527	
1	0	0	0	0	551	535	
2	0	0	0	0	545	543	
3	0	0	0	0	542	550	
4	0	0	0	0	539	551	
5	0	0	0	0	539	548	
6	0	0	0	0	540	542	
7	0	0	0	0	544	534	
8	0	0	0	0	552	529	
9	0	0	0	0	558	526	
10	0	0	0	0	563	526	
11	0	0	0	0	567	525	
12	0	0	0	0	566	526	
13	0	0	0	0	565	526	
14	0	0	0	0	564	526	
15	0	0	0	0	564	522	
0	0	0	0	0	563	520	
1	0	0	0	0	565	519	
2	0	0	0	0	561	520	
3	0	0	0	0	559	524	
4	0	0	0	0	555	529	
5	0	0	0	0	550	530	
6	0	0	0	0	545	529	
7	0	0	0	0	542	525	
8	0	0	0	0	536	524	
9	0	0	0	0	538	524	
10	0	0	0	0	544	525	
11	0	0	0	0	554	529	
12	0	0	0	0	563	532	
13	0	0	0	0	568	536	
14	0	0	0	0	571	538	
15	0	0	0	0	575	538	
0	0	0	0	0	580	540	
1	0	0	0	0	584	540	
2	0	0	0	0	588	540	
3	0	0	0	0	589	540	
4	0	0	0	0	587	540	
5	0	0	0	0	582	544	
6	0	0	0	0	576	548	
7	0	0	0	0	569	551	
8	0	0	0	0	567	554	
9	0	0	0	0	566	556	
10	0	0	0	0	567	554	
11	0	0	0	0	569	551	
12	0	0	0	0	574	547	
13	0	0	0	0	579	545	
14	0	0	0	0	584	543	
15	0	0	0	0	588	543	
0	0	0	0	0	593	548	
1	0	0	0	0	601	551	
2	0	0	0	0	606	556	
3	0	0	0	0	608	560	
4	0	0	0	0	607	561	
5	0	0	0	0	604	561	
6	0	0	0	0	595	563	
7	0	0	0	0	584	562	
8	0	0	0	0	575	558	
9	0	0	0	0	569	553	
10	0	0	0	0	566	552	
11	0	0	0	0	561	557	
12	0	0	0	0	557	563	
13	0	0	0	0	556	567	
14	0	0	0	0	554	570	
15	0	0	0	0	554	572	
0	0	0	0	0	554	578	
1	0	0	0	0	558	584	
2	0	0	0	0	557	582	
3	0	0	0	0	554	577	
4	0	0	0	0	550	567	
5	0	0	0	0	546	556	
6	0	0	0	0	544	549	
7	0	0	0	0	543	542	
8	0	0	0	0	543	536	
9	0	0	0	0	543	534	
10	0	0	0	0	542	532	
11	0	0	0	0	541	533	
12	0	0	0	0	540	533	
13	0	0	0	0	544	535	
14	0	0	0	0	549	536	
15	0	0	0	0	551	540	
0	0	0	0	0	552	544	
1	0	0	0	0	556	548	
2	0	0	0	0	559	551	
3	0	0	0	0	562	556	
4	0	0	0	0	566	558	
5	0	0	0	0	570	561	
6	0	0	0	0	571	562	
7	0	0	0	0	572	561	
8	0	0	0	0	575	559	
9	0	0	0	0	579	554	
10	0	0	0	0	580	552	
11	0	0	0	0	580	547	
12	0	0	0	0	581	544	
13	0	0	0	0	576	539	
14	0	0	0	0	571	533	
15	0	0	0	0	569	522	
0	0	0	0	0	568	512	
1	0	0	0	0	572	509	
2	0	0	0	0	575	510	
3	0	0	0	0	578	516	
4	0	0	0	0	580	522	
5	0	0	0	0	583	525	
6	0	0	0	0	586	522	
7	0	0	0	0	587	517	
8	0	0	0	0	584	512	
9	0	0	0	0	579	509	
10	0	0	0	0	573	501	
11	0	0	0	0	568	500	
12	0	0	0	0	566	503	
13	0	0	0	0	564	509	
14	0	0	0	0	558	516	
15	0	0	0	0	556	522	
0	0	0	0	0	561	526	
1	0	0	0	0	568	529	
2	0	0	0	0	571	533	
3	0	0	0	0	569	531	
4	0	0	0	0	569	529	
5	0	0	0	0	568	527	
6	0	0	0	0	569	528	
7	0	0	0	0	571	531	
8	0	0	0	0	571	531	
9	0	0	0	0	570	532	
10	0	0	0	0	571	532	
11	0	0	0	0	572	534	
12	0	0	0	0	572	535	
13	0	0	0	0	573	536	
14	0	0	0	0	573	535	
15	0	0	0	0	574	533	
0	0	0	0	0	575	533	
1	0	0	0	0	574	531	
2	0	0	0	0	575	528	
3	0	0	0	0	572	523	
4	0	0	0	0	571	525	
5	0	0	0	0	574	527	
6	0	0	0	0	575	528	
7	0	0	0	0	575	528	
8	0	0	0	0	574	525	
9	0	0	0	0	570	523	
10	0	0	0	0	562	514	
11	0	0	0	0	553	506	
12	0	0	0	0	550	505	
13	0	0	0	0	547	504	
14	0	0	0	0	548	502	
15	0	0	0	0	549	503	
0	0	0	0	0	552	503	
1	0	0	0	0	556	504	
2	0	0	0	0	558	499	
3	0	0	0	0	559	497	
4	0	0	0	0	560	496	
5	0	0	0	0	562	493	
6	0	0	0	0	561	491	
7	0	0	0	0	560	489	
8	0	0	0	0	556	483	
9	0	0	0	0	552	480	
10	0	0	0	0	550	478	
11	0	0	0	0	542	478	
12	0	0	0	0	530	479	
13	0	0	0	0	521	483	
14	0	0	0	0	513	487	
15	0	0	0	0	508	492	
0	0	0	0	0	505	495	
1	0	0	0	0	507	496	
2	0	0	0	0	508	502	
3	0	0	0	0	509	510	
4	0	0	0	0	506	516	
5	0	0	0	0	505	520	
6	0	0	0	0	503	524	
7	0	0	0	0	498	532	
8	0	0	0	0	494	540	
9	0	0	0	0	489	542	
10	0	0	0	0	487	544	
11	0	0	0	0	486	544	
12	0	0	0	0	486	543	
13	0	0	0	0	482	542	
14	0	0	0	0	483	539	
15	0	0	0	0	485	530	
0	0	0	0	0	485	519	
1	0	0	0	0	487	509	
2	0	0	0	0	493	501	
3	0	0	0	0	502	495	
4	0	0	0	0	510	488	
5	0	0	0	0	516	481	
6	0	0	0	0	524	480	
7	0	0	0	0	528	481	
8	0	0	0	0	526	482	
9	0	0	0	0	521	484	
10	0	0	0	0	519	489	
11	0	0	0	0	515	498	
12	0	0	0	0	510	506	
13	0	0	0	0	503	508	
14	0	0	0	0	496	504	
15	0	0	0	0	492	500	
0	0	0	0	0	490	496	
1	0	0	0	0	489	496	
2	0	0	0	0	492	497	
3	0	0	0	0	502	498	
4	0	0	0	0	515	501	
5	0	0	0	0	528	505	
6	0	0	0	0	540	509	
7	0	0	0	0	546	514	
8	0	0	0	0	552	519	
9	0	0	0	0	555	521	
10	0	0	0	0	553	525	
11	0	0	0	0	547	527	
12	0	0	0	0	544	527	
13	0	0	0	0	542	529	
14	0	0	0	0	536	526	
15	0	0	0	0	534	519	
0	0	0	0	0	537	509	
1	0	0	0	0	542	498	
2	0	0	0	0	545	490	
3	0	0	0	0	545	484	
4	0	0	0	0	547	483	
5	0	0	0	0	548	486	
6	0	0	0	0	550	492	
7	0	0	0	0	550	497	
8	0	0	0	0	547	504	
9	0	0	0	0	543	513	
10	0	0	0	0	538	520	
11	0	0	0	0	533	525	
12	0	0	0	0	529	529	
13	0	0	0	0	527	535	
14	0	0	0	0	523	540	
15	0	0	0	0	523	543	
0	0	0	0	0	524	546	
1	0	0	0	0	526	550	
2	0	0	0	0	527	551	
3	0	0	0	0	526	551	
4	0	0	0	0	525	549	
5	0	0	0	0	523	547	
6	0	0	0	0	525	542	
7	0	0	0	0	528	540	
8	0	0	0	0	533	540	
9	0	0	0	0	539	536	
10	0	0	0	0	540	531	
11	0	0	0	0	542	524	
12	0	0	0	0	543	519	
13	0	0	0	0	540	518	
14	0	0	0	0	533	514	
15	0	0	0	0	527	511	
0	0	0	0	0	520	509	
1	0	0	0	0	516	509	
2	0	0	0	0	516	510	
3	0	0	0	0	518	510	
4	0	0	0	0	520	510	
5	0	0	0	0	523	509	
6	0	0	0	0	525	505	
7	0	0	0	0	526	500	
8	0	0	0	0	529	496	
9	0	0	0	0	534	497	
10	0	0	0	0	540	500	
11	0	0	0	0	547	502	
12	0	0	0	0	551	501	
13	0	0	0	0	552	504	
14	0	0	0	0	553	510	
15	0	0	0	0	555	519	
0	0	0	0	0	558	524	
1	0	0	0	0	562	525	
2	0	0	0	0	567	518	
3	0	0	0	0	575	509	
4	0	0	0	0	579	504	
5	0	0	0	0	580	504	
6	0	0	0	0	578	502	
7	0	0	0	0	579	505	
8	0	0	0	0	579	505	
9	0	0	0	0	576	504	
10	0	0	0	0	569	504	
11	0	0	0	0	563	506	
12	0	0	0	0	555	508	
13	0	0	0	0	546	508	
14	0	0	0	0	542	513	
15	0	0	0	0	536	516	
0	0	0	0	0	529	513	
1	0	0	0	0	524	515	
2	0	0	0	0	524	517	
3	0	0	0	0	530	518	
4	0	0	0	0	539	520	
5	0	0	0	0	545	525	
6	0	0	0	0	555	528	
7	0	0	0	0	561	528	
8	0	0	0	0	568	527	
9	0	0	0	0	575	528	
10	0	0	0	0	577	530	
11	0	0	0	0	578	532	
12	0	0	0	0	577	532	
13	0	0	0	0	574	531	
14	0	0	0	0	568	532	
15	0	0	0	0	568	537	
0	0	0	0	0	565	546	
1	0	0	0	0	562	552	
2	0	0	0	0	557	556	
3	0	0	0	0	552	556	
4	0	0	0	0	550	552	
5	0	0	0	0	551	543	
6	0	0	0	0	551	534	
7	0	0	0	0	550	526	
8	0	0	0	0	548	519	
9	0	0	0	0	551	514	
10	0	0	0	0	556	510	
11	0	0	0	0	562	505	
12	0	0	0	0	566	497	
13	0	0	0	0	567	492	
14	0	0	0	0	564	489	
15	0	0	0	0	560	488	
0	0	0	0	0	555	488	
1	0	0	0	0	550	490	
2	0	0	0	0	543	492	
3	0	0	0	0	536	495	
4	0	0	0	0	532	497	
5	0	0	0	0	529	493	
6	0	0	0	0	528	492	
7	0	0	0	0	531	494	
8	0	0	0	0	531	496	
9	0	0	0	0	538	498	
10	0	0	0	0	547	502	
11	0	0	0	0	554	506	
12	0	0	0	0	560	509	
13	0	0	0	0	567	508	
14	0	0	0	0	572	510	
15	0	0	0	0	572	519	
0	0	0	0	0	573	532	
1	0	0	0	0	574	540	
2	0	0	0	0	574	540	
3	0	0	0	0	574	538	
4	0	0	0	0	571	538	
5	0	0	0	0	565	535	
6	0	0	0	0	559	537	
7	0	0	0	0	551	543	
8	0	0	0	0	551	549	
9	0	0	0	0	550	551	
10	0	0	0	0	551	550	
11	0	0	0	0	554	545	
12	0	0	0	0	563	538	
13	0	0	0	0	569	529	
14	0	0	0	0	569	515	
15	0	0	0	0	567	502	
0	0	0	0	0	567	495	
1	0	0	0	0	569	489	
2	0	0	0	0	571	488	
3	0	0	0	0	573	492	
4	0	0	0	0	572	496	
5	0	0	0	0	568	504	
6	0	0	0	0	562	515	
7	0	0	0	0	556	523	
8	0	0	0	0	551	531	
9	0	0	0	0	547	536	
10	0	0	0	0	546	541	
11	0	0	0	0	548	542	
12	0	0	0	0	552	540	
13	0	0	0	0	560	537	
14	0	0	0	0	567	538	
15	0	0	0	0	573	542	
0	0	0	0	0	582	545	
1	0	0	0	0	589	545	
2	0	0	0	0	595	539	
3	0	0	0	0	598	531	
4	0	0	0	0	599	523	
5	0	0	0	0	598	513	
6	0	0	0	0	596	504	
7	0	0	0	0	592	494	
8	0	0	0	0	587	484	
9	0	0	0	0	581	475	
10	0	0	0	0	579	467	
11	0	0	0	0	579	467	
12	0	0	0	0	580	471	
13	0	0	0	0	582	474	
14	0	0	0	0	586	479	
15	0	0	0	0	589	482	
0	0	0	0	0	587	484	
1	0	0	0	0	583	487	
2	0	0	0	0	580	489	
3	0	0	0	0	573	493	
4	0	0	0	0	563	494	
5	0	0	0	0	556	496	
6	0	0	0	0	550	497	
7	0	0	0	0	542	499	
8	0	0	0	0	534	504	
9	0	0	0	0	524	508	
10	0	0	0	0	514	506	
11	0	0	0	0	509	502	
12	0	0	0	0	507	494	
13	0	0	0	0	510	484	
14	0	0	0	0	512	483	
15	0	0	0	0	514	482	
0	0	0	0	0	515	484	
1	0	0	0	0	515	486	
2	0	0	0	0	512	487	
3	0	0	0	0	504	485	
4	0	0	0	0	491	477	
5	0	0	0	0	478	464	
6	0	0	0	0	467	454	
7	0	0	0	0	462	448	
8	0	0	0	0	462	453	
9	0	0	0	0	464	460	
10	0	0	0	0	467	465	
11	0	0	0	0	470	473	
12	0	0	0	0	472	482	
13	0	0	0	0	472	486	
14	0	0	0	0	473	490	
15	0	0	0	0	472	491	
0	0	0	0	0	471	490	
1	0	0	0	0	471	486	
2	0	0	0	0	470	485	
3	0	0	0	0	468	483	
4	0	0	0	0	467	485	
5	0	0	0	0	464	489	
6	0	0	0	0	462	490	
7	0	0	0	0	463	491	
8	0	0	0	0	463	489	
9	0	0	0	0	462	491	
10	0	0	0	0	462	492	
11	0	0	0	0	462	497	
12	0	0	0	0	462	503	
13	0	0	0	0	463	503	
14	0	0	0	0	462	503	
15	0	0	0	0	459	508	
0	0	0	0	0	459	514	
1	0	0	0	0	463	520	
2	0	0	0	0	467	528	
3	0	0	0	0	471	529	
4	0	0	0	0	469	529	
5	0	0	0	0	461	525	
6	0	0	0	0	453	520	
7	0	0	0	0	448	510	
8	0	0	0	0	444	505	
9	0	0	0	0	440	504	
10	0	0	0	0	438	504	
11	0	0	0	0	437	504	
12	0	0	0	0	435	505	
13	0	0	0	0	433	503	
14	0	0	0	0	433	499	
15	0	0	0	0	435	498	
0	0	0	0	0	438	496	
1	0	0	0	0	436	498	
2	0	0	0	0	432	499	
3	0	0	0	0	428	500	
4	0	0	0	0	423	504	
5	0	0	0	0	422	509	
6	0	0	0	0	417	512	
7	0	0	0	0	411	515	
8	0	0	0	0	404	512	
9	0	0	0	0	397	508	
10	0	0	0	0	396	501	
11	0	0	0	0	396	496	
12	0	0	0	0	401	494	
13	0	0	0	0	408	493	
14	0	0	0	0	412	488	
15	0	0	0	0	411	487	
0	0	0	0	0	409	487	
1	0	0	0	0	408	484	
2	0	0	0	0	407	487	
3	0	0	0	0	408	487	
4	0	0	0	0	409	492	
5	0	0	0	0	405	497	
6	0	0	0	0	404	501	
7	0	0	0	0	403	508	
8	0	0	0	0	403	514	
9	0	0	0	0	402	517	
10	0	0	0	0	401	524	
11	0	0	0	0	401	528	
12	0	0	0	0	400	529	
13	0	0	0	0	402	527	
14	0	0	0	0	404	523	
15	0	0	0	0	408	524	
0	0	0	0	0	412	521	
1	0	0	0	0	412	517	
2	0	0	0	0	413	512	
3	0	0	0	0	414	504	
4	0	0	0	0	412	499	
5	0	0	0	0	410	493	
6	0	0	0	0	411	487	
7	0	0	0	0	409	481	
8	0	0	0	0	408	479	
9	0	0	0	0	404	477	
10	0	0	0	0	400	479	
11	0	0	0	0	396	481	
12	0	0	0	0	399	484	
13	0	0	0	0	404	491	
14	0	0	0	0	413	497	
15	0	0	0	0	422	499	
0	0	0	0	0	428	501	
1	0	0	0	0	433	506	
2	0	0	0	0	439	511	
3	0	0	0	0	441	516	
4	0	0	0	0	444	523	
5	0	0	0	0	441	531	
6	0	0	0	0	437	536	
7	0	0	0	0	429	536	
8	0	0	0	0	423	533	
9	0	0	0	0	420	530	
10	0	0	0	0	421	531	
11	0	0	0	0	424	532	
12	0	0	0	0	425	526	
13	0	0	0	0	425	520	
14	0	0	0	0	423	517	
15	0	0	0	0	423	515	
0	0	0	0	0	423	515	
1	0	0	0	0	427	514	
2	0	0	0	0	431	513	
3	0	0	0	0	436	516	
4	0	0	0	0	440	511	
5	0	0	0	0	439	506	
6	0	0	0	0	437	499	
7	0	0	0	0	433	494	
8	0	0	0	0	431	486	
9	0	0	0	0	428	479	
10	0	0	0	0	428	471	
11	0	0	0	0	435	460	
12	0	0	0	0	440	454	
13	0	0	0	0	448	447	
14	0	0	0	0	456	442	
15	0	0	0	0	465	440	
0	0	0	0	0	472	437	
1	0	0	0	0	478	435	
2	0	0	0	0	485	438	
3	0	0	0	0	487	444	
4	0	0	0	0	488	448	
5	0	0	0	0	492	455	
6	0	0	0	0	492	464	
7	0	0	0	0	487	475	
8	0	0	0	0	481	487	
9	0	0	0	0	476	497	
10	0	0	0	0	471	505	
11	0	0	0	0	460	510	
12	0	0	0	0	448	512	
13	0	0	0	0	439	511	
14	0	0	0	0	432	507	
15	0	0	0	0	426	500	
0	0	0	0	0	421	496	
1	0	0	0	0	416	493	
2	0	0	0	0	415	492	
3	0	0	0	0	413	490	
4	0	0	0	0	409	492	
5	0	0	0	0	406	499	
6	0	0	0	0	400	506	
7	0	0	0	0	395	511	
8	0	0	0	0	390	509	
9	0	0	0	0	385	503	
10	0	0	0	0	381	487	
11	0	0	0	0	378	468	
12	0	0	0	0	376	452	
13	0	0	0	0	378	445	
14	0	0	0	0	380	444	
15	0	0	0	0	382	448	
0	0	0	0	0	385	453	
1	0	0	0	0	387	463	
2	0	0	0	0	393	473	
3	0	0	0	0	401	478	
4	0	0	0	0	412	479	
5	0	0	0	0	428	480	
6	0	0	0	0	439	479	
7	0	0	0	0	444	480	
8	0	0	0	0	450	481	
9	0	0	0	0	454	482	
10	0	0	0	0	460	481	
11	0	0	0	0	466	478	
12	0	0	0	0	467	475	
13	0	0	0	0	465	471	
14	0	0	0	0	465	468	
15	0	0	0	0	463	470	
0	0	0	0	0	455	472	
1	0	0	0	0	445	474	
2	0	0	0	0	435	471	
3	0	0	0	0	423	468	
4	0	0	0	0	409	467	
5	0	0	0	0	394	465	
6	0	0	0	0	380	460	
7	0	0	0	0	371	458	
8	0	0	0	0	365	462	
9	0	0	0	0	358	465	
10	0	0	0	0	354	467	
11	0	0	0	0	349	469	
12	0	0	0	0	348	471	
13	0	0	0	0	349	469	
14	0	0	0	0	349	466	
15	0	0	0	0	351	465	
0	0	0	0	0	354	467	
1	0	0	0	0	360	469	
2	0	0	0	0	369	474	
3	0	0	0	0	376	475	
4	0	0	0	0	384	472	
5	0	0	0	0	392	470	
6	0	0	0	0	397	470	
7	0	0	0	0	401	470	
8	0	0	0	0	405	471	
9	0	0	0	0	408	471	
10	0	0	0	0	413	471	
11	0	0	0	0	417	472	
12	0	0	0	0	420	470	
13	0	0	0	0	422	466	
14	0	0	0	0	422	463	
15	0	0	0	0	424	458	
0	0	0	0	0	428	457	
1	0	0	0	0	432	457	
2	0	0	0	0	437	457	
3	0	0	0	0	444	459	
4	0	0	0	0	448	465	
5	0	0	0	0	448	472	
6	0	0	0	0	444	477	
7	0	0	0	0	443	478	
8	0	0	0	0	442	472	
9	0	0	0	0	443	469	
10	0	0	0	0	443	468	
11	0	0	0	0	443	468	
12	0	0	0	0	444	471	
13	0	0	0	0	447	470	
14	0	0	0	0	446	471	
15	0	0	0	0	446	476	
0	0	0	0	0	450	482	
1	0	0	0	0	456	489	
2	0	0	0	0	465	493	
3	0	0	0	0	473	499	
4	0	0	0	0	476	504	
5	0	0	0	0	472	504	
6	0	0	0	0	468	507	
7	0	0	0	0	465	508	
8	0	0	0	0	460	503	
9	0	0	0	0	455	494	
10	0	0	0	0	453	487	
11	0	0	0	0	449	483	
12	0	0	0	0	450	478	
13	0	0	0	0	452	473	
14	0	0	0	0	452	468	
15	0	0	0	0	454	463	
0	0	0	0	0	455	460	
1	0	0	0	0	458	456	
2	0	0	0	0	461	450	
3	0	0	0	0	465	443	
4	0	0	0	0	472	440	
5	0	0	0	0	482	440	
6	0	0	0	0	490	443	
7	0	0	0	0	497	446	
8	0	0	0	0	503	449	
9	0	0	0	0	504	451	
10	0	0	0	0	504	451	
11	0	0	0	0	503	452	
12	0	0	0	0	503	454	
13	0	0	0	0	503	457	
14	0	0	0	0	503	459	
15	0	0	0	0	497	462	
0	0	0	0	0	492	463	
1	0	0	0	0	485	468	
2	0	0	0	0	476	476	
3	0	0	0	0	467	482	
4	0	0	0	0	459	483	
5	0	0	0	0	455	483	
6	0	0	0	0	449	480	
7	0	0	0	0	443	476	
8	0	0	0	0	444	470	
9	0	0	0	0	445	463	
10	0	0	0	0	447	457	
11	0	0	0	0	449	449	
12	0	0	0	0	450	440	
13	0	0	0	0	452	435	
14	0	0	0	0	456	435	
15	0	0	0	0	460	436	
0	0	0	0	0	465	441	
1	0	0	0	0	470	449	
2	0	0	0	0	470	458	
3	0	0	0	0	471	463	
4	0	0	0	0	473	466	
5	0	0	0	0	475	468	
6	0	0	0	0	475	468	
7	0	0	0	0	477	466	
8	0	0	0	0	479	464	
9	0	0	0	0	479	462	
10	0	0	0	0	478	463	
11	0	0	0	0	480	467	
12	0	0	0	0	482	470	
13	0	0	0	0	484	476	
14	0	0	0	0	489	482	
15	0	0	0	0	495	489	
0	0	0	0	0	502	494	
1	0	0	0	0	510	497	
2	0	0	0	0	515	500	
3	0	0	0	0	516	506	
4	0	0	0	0	513	513	
5	0	0	0	0	510	517	
6	0	0	0	0	506	523	
7	0	0	0	0	500	530	
8	0	0	0	0	495	539	
9	0	0	0	0	489	548	
10	0	0	0	0	488	556	
11	0	0	0	0	486	561	
12	0	0	0	0	479	563	
13	0	0	0	0	473	566	
14	0	0	0	0	467	568	
15	0	0	0	0	462	573	
0	0	0	0	0	455	574	
1	0	0	0	0	447	574	
2	0	0	0	0	447	574	
3	0	0	0	0	448	572	
4	0	0	0	0	446	569	
5	0	0	0	0	444	563	
6	0	0	0	0	445	558	
7	0	0	0	0	448	559	
8	0	0	0	0	459	563	
9	0	0	0	0	472	575	
10	0	0	0	0	484	585	
11	0	0	0	0	495	597	
12	0	0	0	0	503	606	
13	0	0	0	0	503	604	
14	0	0	0	0	499	601	
15	0	0	0	0	494	596	
0	0	0	0	0	487	594	
1	0	0	0	0	483	594	
2	0	0	0	0	481	593	
3	0	0	0	0	478	592	
4	0	0	0	0	473	593	
5	0	0	0	0	472	598	
6	0	0	0	0	470	604	
7	0	0	0	0	466	615	
8	0	0	0	0	463	620	
9	0	0	0	0	464	628	
10	0	0	0	0	466	639	
11	0	0	0	0	473	645	
12	0	0	0	0	478	653	
13	0	0	0	0	480	657	
14	0	0	0	0	482	658	
15	0	0	0	0	487	660	
0	0	0	0	0	492	662	
1	0	0	0	0	496	667	
2	0	0	0	0	497	670	
3	0	0	0	0	496	672	
4	0	0	0	0	495	673	
5	0	0	0	0	493	678	
6	0	0	0	0	495	674	
7	0	0	0	0	495	673	
8	0	0	0	0	497	673	
9	0	0	0	0	496	673	
10	0	0	0	0	496	675	
11	0	0	0	0	496	674	
12	0	0	0	0	496	675	
13	0	0	0	0	496	673	
14	0	0	0	0	497	671	
15	0	0	0	0	499	668	
0	0	0	0	0	497	663	
1	0	0	0	0	495	655	
2	0	0	0	0	496	655	
3	0	0	0	0	500	660	
4	0	0	0	0	504	662	
5	0	0	0	0	505	662	
6	0	0	0	0	506	657	
7	0	0	0	0	506	653	
8	0	0	0	0	505	647	
9	0	0	0	0	505	639	
10	0	0	0	0	507	635	
11	0	0	0	0	505	631	
12	0	0	0	0	505	625	
13	0	0	0	0	506	615	
14	0	0	0	0	506	604	
15	0	0	0	0	507	595	
0	0	0	0	0	510	589	
1	0	0	0	0	515	585	
2	0	0	0	0	517	583	
3	0	0	0	0	518	581	
4	0	0	0	0	519	583	
5	0	0	0	0	516	588	
6	0	0	0	0	513	595	
7	0	0	0	0	508	603	
8	0	0	0	0	500	608	
9	0	0	0	0	490	613	
10	0	0	0	0	481	616	
11	0	0	0	0	477	621	
12	0	0	0	0	473	628	
13	0	0	0	0	469	626	
14	0	0	0	0	463	630	
15	0	0	0	0	457	632	
0	0	0	0	0	448	632	
1	0	0	0	0	443	632	
2	0	0	0	0	436	631	
3	0	0	0	0	431	632	
4	0	0	0	0	427	632	
5	0	0	0	0	427	636	
6	0	0	0	0	428	640	
7	0	0	0	0	433	647	
8	0	0	0	0	440	658	
9	0	0	0	0	447	663	
10	0	0	0	0	454	663	
11	0	0	0	0	461	663	
12	0	0	0	0	468	652	
13	0	0	0	0	476	645	
14	0	0	0	0	483	640	
15	0	0	0	0	492	636	
0	0	0	0	0	502	635	
1	0	0	0	0	512	633	
2	0	0	0	0	520	633	
3	0	0	0	0	525	629	
4	0	0	0	0	527	625	
5	0	0	0	0	528	619	
6	0	0	0	0	528	614	
7	0	0	0	0	530	615	
8	0	0	0	0	534	617	
9	0	0	0	0	533	619	
10	0	0	0	0	531	620	
11	0	0	0	0	528	619	
12	0	0	0	0	524	618	
13	0	0	0	0	516	619	
14	0	0	0	0	513	622	
15	0	0	0	0	510	620	
0	0	0	0	0	511	615	
1	0	0	0	0	512	607	
2	0	0	0	0	514	599	
3	0	0	0	0	515	591	
4	0	0	0	0	516	587	
5	0	0	0	0	515	585	
6	0	0	0	0	513	585	
7	0	0	0	0	512	582	
8	0	0	0	0	512	577	
9	0	0	0	0	515	569	
10	0	0	0	0	523	566	
11	0	0	0	0	532	563	
12	0	0	0	0	539	564	
13	0	0	0	0	551	567	
14	0	0	0	0	563	568	
15	0	0	0	0	577	572	
0	0	0	0	0	585	572	
1	0	0	0	0	585	568	
2	0	0	0	0	582	565	
3	0	0	0	0	579	560	
4	0	0	0	0	579	553	
5	0	0	0	0	578	547	
6	0	0	0	0	573	542	
7	0	0	0	0	566	543	
8	0	0	0	0	558	547	
9	0	0	0	0	550	549	
10	0	0	0	0	541	545	
11	0	0	0	0	535	543	
12	0	0	0	0	533	547	
13	0	0	0	0	535	545	
14	0	0	0	0	545	547	
15	0	0	0	0	554	548	
0	0	0	0	0	563	557	
1	0	0	0	0	572	566	
2	0	0	0	0	576	569	
3	0	0	0	0	576	571	
4	0	0	0	0	574	572	
5	0	0	0	0	572	572	
6	0	0	0	0	569	569	
7	0	0	0	0	569	561	
8	0	0	0	0	569	555	
9	0	0	0	0	570	550	
10	0	0	0	0	569	548	
11	0	0	0	0	567	545	
12	0	0	0	0	562	542	
13	0	0	0	0	562	540	
14	0	0	0	0	563	538	
15	0	0	0	0	566	536	
0	0	0	0	0	566	533	
1	0	0	0	0	561	530	
2	0	0	0	0	552	530	
3	0	0	0	0	543	530	
4	0	0	0	0	530	529	
5	0	0	0	0	517	529	
6	0	0	0	0	508	527	
7	0	0	0	0	499	522	
8	0	0	0	0	492	517	
9	0	0	0	0	489	518	
10	0	0	0	0	489	527	
11	0	0	0	0	494	534	
12	0	0	0	0	504	543	
13	0	0	0	0	511	552	
14	0	0	0	0	519	562	
15	0	0	0	0	527	569	
0	0	0	0	0	530	574	
1	0	0	0	0	536	581	
2	0	0	0	0	539	588	
3	0	0	0	0	537	595	
4	0	0	0	0	533	600	
5	0	0	0	0	527	596	
6	0	0	0	0	518	591	
7	0	0	0	0	509	583	
8	0	0	0	0	500	577	
9	0	0	0	0	495	569	
10	0	0	0	0	494	562	
11	0	0	0	0	496	553	
12	0	0	0	0	502	546	
13	0	0	0	0	506	538	
14	0	0	0	0	508	533	
15	0	0	0	0	507	530	
0	0	0	0	0	507	529	
1	0	0	0	0	506	531	
2	0	0	0	0	502	528	
3	0	0	0	0	496	522	
4	0	0	0	0	487	516	
5	0	0	0	0	480	515	
6	0	0	0	0	473	517	
7	0	0	0	0	467	519	
8	0	0	0	0	461	519	
9	0	0	0	0	456	519	
10	0	0	0	0	448	523	
11	0	0	0	0	446	527	
12	0	0	0	0	450	533	
13	0	0	0	0	456	541	
14	0	0	0	0	465	546	
15	0	0	0	0	473	551	
0	0	0	0	0	480	559	
1	0	0	0	0	482	561	
2	0	0	0	0	488	566	
3	0	0	0	0	494	567	
4	0	0	0	0	497	566	
5	0	0	0	0	497	559	
6	0	0	0	0	496	551	
7	0	0	0	0	494	544	
8	0	0	0	0	499	544	
9	0	0	0	0	504	540	
10	0	0	0	0	510	536	
11	0	0	0	0	515	532	
12	0	0	0	0	517	530	
13	0	0	0	0	519	532	
14	0	0	0	0	522	537	
15	0	0	0	0	522	542	
0	0	0	0	0	519	544	
1	0	0	0	0	516	543	
2	0	0	0	0	517	541	
3	0	0	0	0	513	538	
4	0	0	0	0	515	536	
5	0	0	0	0	519	534	
6	0	0	0	0	523	529	
7	0	0	0	0	527	526	
8	0	0	0	0	533	526	
9	0	0	0	0	534	524	
10	0	0	0	0	531	524	
11	0	0	0	0	526	521	
12	0	0	0	0	521	519	
13	0	0	0	0	517	515	
14	0	0	0	0	514	513	
15	0	0	0	0	516	507	
0	0	0	0	0	521	499	
1	0	0	0	0	529	490	
2	0	0	0	0	536	481	
3	0	0	0	0	543	477	
4	0	0	0	0	551	482	
5	0	0	0	0	557	487	
6	0	0	0	0	561	488	
7	0	0	0	0	561	491	
8	0	0	0	0	561	490	
9	0	0	0	0	560	487	
10	0	0	0	0	555	486	
11	0	0	0	0	553	489	
12	0	0	0	0	551	494	
13	0	0	0	0	552	499	
14	0	0	0	0	550	504	
15	0	0	0	0	552	505	
0	0	0	0	0	556	507	
1	0	0	0	0	557	513	
2	0	0	0	0	556	518	
3	0	0	0	0	559	519	
4	0	0	0	0	562	517	
5	0	0	0	0	561	519	
6	0	0	0	0	558	517	
7	0	0	0	0	551	511	
8	0	0	0	0	545	503	
9	0	0	0	0	540	499	
10	0	0	0	0	535	497	
11	0	0	0	0	527	496	
12	0	0	0	0	519	496	
13	0	0	0	0	506	496	
14	0	0	0	0	493	495	
15	0	0	0	0	482	494	
0	0	0	0	0	476	496	
1	0	0	0	0	475	497	
2	0	0	0	0	476	500	
3	0	0	0	0	477	504	
4	0	0	0	0	480	507	
5	0	0	0	0	483	514	
6	0	0	0	0	487	519	
7	0	0	0	0	488	524	
8	0	0	0	0	487	527	
9	0	0	0	0	488	528	
10	0	0	0	0	489	524	
11	0	0	0	0	487	522	
12	0	0	0	0	487	519	
13	0	0	0	0	485	512	
14	0	0	0	0	487	503	
15	0	0	0	0	492	497	
0	0	0	0	0	500	492	
1	0	0	0	0	510	490	
2	0	0	0	0	523	488	
3	0	0	0	0	534	487	
4	0	0	0	0	538	487	
5	0	0	0	0	540	487	
6	0	0	0	0	539	487	
7	0	0	0	0	537	489	
8	0	0	0	0	535	489	
9	0	0	0	0	534	490	
10	0	0	0	0	529	494	
11	0	0	0	0	526	497	
12	0	0	0	0	523	500	
13	0	0	0	0	521	502	
14	0	0	0	0	521	502	
15	0	0	0	0	526	502	
0	0	0	0	0	534	504	
1	0	0	0	0	544	509	
2	0	0	0	0	551	513	
3	0	0	0	0	556	511	
4	0	0	0	0	563	505	
5	0	0	0	0	564	500	
6	0	0	0	0	566	498	
7	0	0	0	0	565	495	
8	0	0	0	0	562	494	
9	0	0	0	0	562	491	
10	0	0	0	0	563	487	
11	0	0	0	0	563	483	
12	0	0	0	0	565	480	
13	0	0	0	0	563	477	
14	0	0	0	0	557	478	
15	0	0	0	0	549	479	
0	0	0	0	0	543	476	
1	0	0	0	0	540	474	
2	0	0	0	0	536	475	
3	0	0	0	0	537	475	
4	0	0	0	0	539	476	
5	0	0	0	0	543	478	
6	0	0	0	0	549	482	
7	0	0	0	0	556	487	
8	0	0	0	0	560	492	
9	0	0	0	0	564	497	
10	0	0	0	0	560	503	
11	0	0	0	0	552	511	
12	0	0	0	0	546	519	
13	0	0	0	0	536	525	
14	0	0	0	0	525	526	
15	0	0	0	0	517	524	
0	0	0	0	0	512	523	
1	0	0	0	0	508	523	
2	0	0	0	0	504	519	
3	0	0	0	0	504	515	
4	0	0	0	0	508	512	
5	0	0	0	0	515	507	
6	0	0	0	0	521	503	
7	0	0	0	0	526	501	
8	0	0	0	0	531	499	
9	0	0	0	0	539	496	
10	0	0	0	0	545	493	
11	0	0	0	0	549	491	
12	0	0	0	0	550	491	
13	0	0	0	0	552	488	
14	0	0	0	0	555	484	
15	0	0	0	0	553	481	
0	0	0	0	0	549	476	
1	0	0	0	0	544	470	
2	0	0	0	0	546	466	
3	0	0	0	0	548	462	
4	0	0	0	0	555	464	
5	0	0	0	0	564	467	
6	0	0	0	0	571	476	
7	0	0	0	0	576	487	
8	0	0	0	0	579	497	
9	0	0	0	0	579	503	
10	0	0	0	0	580	504	
11	0	0	0	0	576	503	
12	0	0	0	0	572	500	
13	0	0	0	0	568	497	
14	0	0	0	0	564	495	
15	0	0	0	0	562	491	
0	0	0	0	0	561	491	
1	0	0	0	0	566	497	
2	0	0	0	0	572	504	
3	0	0	0	0	580	508	
4	0	0	0	0	582	512	
5	0	0	0	0	583	515	
6	0	0	0	0	578	518	
7	0	0	0	0	573	518	
8	0	0	0	0	567	519	
9	0	0	0	0	562	519	
10	0	0	0	0	550	518	
11	0	0	0	0	538	516	
12	0	0	0	0	530	508	
13	0	0	0	0	519	503	
14	0	0	0	0	509	498	
15	0	0	0	0	501	496	
0	0	0	0	0	494	497	
1	0	0	0	0	490	502	
2	0	0	0	0	490	505	
3	0	0	0	0	497	510	
4	0	0	0	0	507	512	
5	0	0	0	0	519	512	
6	0	0	0	0	530	514	
7	0	0	0	0	539	514	
8	0	0	0	0	544	512	
9	0	0	0	0	550	509	
10	0	0	0	0	551	505	
11	0	0	0	0	547	500	
12	0	0	0	0	542	500	
13	0	0	0	0	537	501	
14	0	0	0	0	530	500	
15	0	0	0	0	525	502	
0	0	0	0	0	524	503	
1	0	0	0	0	523	502	
2	0	0	0	0	521	502	
3	0	0	0	0	523	503	
4	0	0	0	0	528	498	
5	0	0	0	0	530	495	
6	0	0	0	0	530	492	
7	0	0	0	0	531	487	
8	0	0	0	0	532	483	
9	0	0	0	0	533	476	
10	0	0	0	0	534	465	
11	0	0	0	0	534	460	
12	0	0	0	0	536	457	
13	0	0	0	0	533	455	
14	0	0	0	0	527	455	
15	0	0	0	0	520	455	
0	0	0	0	0	514	457	
1	0	0	0	0	512	459	
2	0	0	0	0	512	463	
3	0	0	0	0	515	465	
4	0	0	0	0	518	465	
5	0	0	0	0	521	465	
6	0	0	0	0	526	468	
7	0	0	0	0	534	471	
8	0	0	0	0	541	471	
9	0	0	0	0	550	473	
10	0	0	0	0	555	475	
11	0	0	0	0	560	473	
12	0	0	0	0	564	472	
13	0	0	0	0	564	467	
14	0	0	0	0	563	461	
15	0	0	0	0	561	460	
0	0	0	0	0	556	456	
1	0	0	0	0	547	449	
2	0	0	0	0	540	440	
3	0	0	0	0	536	438	
4	0	0	0	0	536	440	
5	0	0	0	0	543	443	
6	0	0	0	0	549	446	
7	0	0	0	0	555	452	
8	0	0	0	0	561	461	
9	0	0	0	0	566	471	
10	0	0	0	0	572	482	
11	0	0	0	0	579	491	
12	0	0	0	0	586	496	
13	0	0	0	0	590	497	
14	0	0	0	0	589	493	
15	0	0	0	0	583	487	
0	0	0	0	0	576	480	
1	0	0	0	0	565	473	
2	0	0	0	0	555	471	
3	0	0	0	0	544	471	
4	0	0	0	0	537	472	
5	0	0	0	0	529	475	
6	0	0	0	0	522	480	
7	0	0	0	0	515	487	
8	0	0	0	0	513	493	
9	0	0	0	0	512	499	
10	0	0	0	0	511	503	
11	0	0	0	0	511	507	
12	0	0	0	0	513	511	
13	0	0	0	0	514	514	
14	0	0	0	0	513	515	
15	0	0	0	0	508	510	
0	0	0	0	0	497	502	
1	0	0	0	0	483	496	
2	0	0	0	0	468	491	
3	0	0	0	0	455	493	
4	0	0	0	0	446	499	
5	0	0	0	0	436	511	
6	0	0	0	0	428	518	
7	0	0	0	0	424	520	
8	0	0	0	0	423	525	
9	0	0	0	0	425	526	
10	0	0	0	0	428	524	
11	0	0	0	0	436	523	
12	0	0	0	0	445	519	
13	0	0	0	0	453	519	
14	0	0	0	0	457	520	
15	0	0	0	0	460	520	
0	0	0	0	0	460	522	
1	0	0	0	0	462	518	
2	0	0	0	0	461	511	
3	0	0	0	0	461	504	
4	0	0	0	0	464	499	
5	0	0	0	0	465	491	
6	0	0	0	0	467	483	
7	0	0	0	0	471	480	
8	0	0	0	0	475	484	
9	0	0	0	0	477	491	
10	0	0	0	0	487	495	
11	0	0	0	0	497	497	
12	0	0	0	0	505	502	
13	0	0	0	0	507	505	
14	0	0	0	0	508	510	
15	0	0	0	0	506	517	
0	0	0	0	0	501	521	
1	0	0	0	0	495	522	
2	0	0	0	0	487	520	
3	0	0	0	0	484	519	
4	0	0	0	0	483	517	
5	0	0	0	0	479	511	
6	0	0	0	0	475	508	
7	0	0	0	0	472	497	
8	0	0	0	0	469	488	
9	0	0	0	0	469	478	
10	0	0	0	0	470	468	
11	0	0	0	0	472	459	
12	0	0	0	0	473	450	
13	0	0	0	0	471	445	
14	0	0	0	0	468	440	
15	0	0	0	0	467	435	
0	0	0	0	0	465	432	
1	0	0	0	0	462	432	
2	0	0	0	0	461	433	
3	0	0	0	0	461	438	
4	0	0	0	0	461	444	
5	0	0	0	0	461	450	
6	0	0	0	0	463	458	
7	0	0	0	0	466	469	
8	0	0	0	0	467	479	
9	0	0	0	0	467	490	
10	0	0	0	0	467	497	
11	0	0	0	0	471	499	
12	0	0	0	0	476	496	
13	0	0	0	0	479	492	
14	0	0	0	0	484	489	
15	0	0	0	0	489	489	
0	0	0	0	0	491	487	
1	0	0	0	0	488	483	
2	0	0	0	0	487	474	
3	0	0	0	0	484	462	
4	0	0	0	0	485	449	
5	0	0	0	0	486	438	
6	0	0	0	0	484	425	
7	0	0	0	0	483	416	
8	0	0	0	0	482	412	
9	0	0	0	0	479	408	
10	0	0	0	0	477	407	
11	0	0	0	0	471	405	
12	0	0	0	0	470	403	
13	0	0	0	0	472	403	
14	0	0	0	0	475	406	
15	0	0	0	0	477	412	
0	0	0	0	0	481	421	
1	0	0	0	0	482	426	
2	0	0	0	0	482	429	
3	0	0	0	0	485	432	
4	0	0	0	0	488	436	
5	0	0	0	0	493	440	
6	0	0	0	0	497	446	
7	0	0	0	0	500	450	
8	0	0	0	0	503	451	
9	0	0	0	0	505	451	
10	0	0	0	0	505	451	
11	0	0	0	0	498	452	
12	0	0	0	0	489	455	
13	0	0	0	0	481	455	
14	0	0	0	0	477	455	
15	0	0	0	0	477	452	
0	0	0	0	0	481	449	
1	0	0	0	0	481	450	
2	0	0	0	0	477	448	
3	0	0	0	0	473	443	
4	0	0	0	0	470	437	
5	0	0	0	0	470	435	
6	0	0	0	0	468	432	
7	0	0	0	0	467	428	
8	0	0	0	0	467	420	
9	0	0	0	0	464	412	
10	0	0	0	0	457	408	
11	0	0	0	0	456	408	
12	0	0	0	0	456	411	
13	0	0	0	0	455	415	
14	0	0	0	0	460	419	
15	0	0	0	0	463	423	
0	0	0	0	0	467	426	
1	0	0	0	0	467	430	
2	0	0	0	0	467	431	
3	0	0	0	0	464	431	
4	0	0	0	0	463	429	
5	0	0	0	0	458	427	
6	0	0	0	0	453	429	
7	0	0	0	0	448	433	
8	0	0	0	0	444	438	
9	0	0	0	0	441	440	
10	0	0	0	0	436	442	
11	0	0	0	0	430	440	
12	0	0	0	0	427	436	
13	0	0	0	0	423	433	
14	0	0	0	0	418	431	
15	0	0	0	0	417	432	
0	0	0	0	0	422	433	
1	0	0	0	0	427	438	
2	0	0	0	0	432	446	
3	0	0	0	0	435	450	
4	0	0	0	0	437	450	
5	0	0	0	0	439	449	
6	0	0	0	0	440	449	
7	0	0	0	0	440	445	
8	0	0	0	0	436	438	
9	0	0	0	0	429	431	
10	0	0	0	0	420	421	
11	0	0	0	0	414	414	
12	0	0	0	0	411	415	
13	0	0	0	0	408	421	
14	0	0	0	0	409	429	
15	0	0	0	0	413	439	
0	0	0	0	0	417	445	
1	0	0	0	0	419	452	
2	0	0	0	0	418	452	
3	0	0	0	0	421	450	
4	0	0	0	0	424	451	
5	0	0	0	0	430	450	
6	0	0	0	0	434	450	
7	0	0	0	0	438	449	
8	0	0	0	0	444	450	
9	0	0	0	0	447	449	
10	0	0	0	0	452	451	
11	0	0	0	0	459	455	
12	0	0	0	0	464	455	
13	0	0	0	0	472	453	
14	0	0	0	0	479	451	
15	0	0	0	0	482	448	
0	0	0	0	0	483	442	
1	0	0	0	0	484	436	
2	0	0	0	0	483	435	
3	0	0	0	0	482	435	
4	0	0	0	0	484	436	
5	0	0	0	0	487	439	
6	0	0	0	0	489	439	
7	0	0	0	0	491	443	
8	0	0	0	0	493	445	
9	0	0	0	0	495	447	
10	0	0	0	0	491	447	
11	0	0	0	0	487	443	
12	0	0	0	0	485	440	
13	0	0	0	0	485	440	
14	0	0	0	0	486	440	
15	0	0	0	0	488	447	
0	0	0	0	0	493	453	
1	0	0	0	0	495	457	
2	0	0	0	0	497	460	
3	0	0	0	0	498	464	
4	0	0	0	0	500	467	
5	0	0	0	0	503	465	
6	0	0	0	0	508	466	
7	0	0	0	0	514	464	
8	0	0	0	0	522	462	
9	0	0	0	0	526	463	
10	0	0	0	0	526	460	
11	0	0	0	0	527	454	
12	0	0	0	0	527	444	
13	0	0	0	0	523	436	
14	0	0	0	0	519	428	
15	0	0	0	0	518	420	
0	0	0	0	0	515	414	
1	0	0	0	0	516	413	
2	0	0	0	0	517	414	
3	0	0	0	0	519	415	
4	0	0	0	0	522	419	
5	0	0	0	0	530	423	
6	0	0	0	0	537	427	
7	0	0	0	0	540	432	
8	0	0	0	0	535	433	
9	0	0	0	0	527	431	
10	0	0	0	0	523	427	
11	0	0	0	0	519	423	
12	0	0	0	0	515	419	
13	0	0	0	0	510	417	
14	0	0	0	0	503	409	
15	0	0	0	0	497	398	
0	0	0	0	0	496	391	
1	0	0	0	0	498	387	
2	0	0	0	0	501	383	
3	0	0	0	0	508	382	
4	0	0	0	0	516	381	
5	0	0	0	0	525	380	
6	0	0	0	0	530	376	
7	0	0	0	0	536	365	
8	0	0	0	0	538	360	
9	0	0	0	0	536	358	
10	0	0	0	0	530	356	
11	0	0	0	0	526	363	
12	0	0	0	0	522	364	
13	0	0	0	0	517	368	
14	0	0	0	0	513	375	
15	0	0	0	0	511	381	
0	0	0	0	0	507	383	
1	0	0	0	0	504	388	
2	0	0	0	0	504	394	
3	0	0	0	0	507	407	
4	0	0	0	0	511	417	
5	0	0	0	0	514	423	
6	0	0	0	0	514	427	
7	0	0	0	0	515	433	
8	0	0	0	0	519	438	
9	0	0	0	0	520	444	
10	0	0	0	0	520	452	
11	0	0	0	0	519	460	
12	0	0	0	0	515	458	
13	0	0	0	0	510	452	
14	0	0	0	0	511	447	
15	0	0	0	0	515	439	
0	0	0	0	0	518	430	
1	0	0	0	0	521	423	
2	0	0	0	0	527	418	
3	0	0	0	0	533	412	
4	0	0	0	0	540	407	
5	0	0	0	0	544	406	
6	0	0	0	0	550	405	
7	0	0	0	0	556	405	
8	0	0	0	0	562	404	
9	0	0	0	0	569	403	
10	0	0	0	0	571	399	
11	0	0	0	0	571	389	
12	0	0	0	0	571	383	
13	0	0	0	0	568	376	
14	0	0	0	0	560	373	
15	0	0	0	0	554	377	
0	0	0	0	0	551	382	
1	0	0	0	0	548	382	
2	0	0	0	0	544	386	
3	0	0	0	0	539	388	
4	0	0	0	0	535	393	
5	0	0	0	0	535	401	
6	0	0	0	0	533	411	
7	0	0	0	0	534	429	
8	0	0	0	0	539	443	
9	0	0	0	0	543	453	
10	0	0	0	0	545	459	
11	0	0	0	0	548	463	
12	0	0	0	0	549	463	
13	0	0	0	0	546	464	
14	0	0	0	0	546	463	
15	0	0	0	0	544	460	
0	0	0	0	0	542	456	
1	0	0	0	0	541	455	
2	0	0	0	0	541	451	
3	0	0	0	0	539	448	
4	0	0	0	0	540	447	
5	0	0	0	0	541	451	
6	0	0	0	0	544	453	
7	0	0	0	0	550	453	
8	0	0	0	0	556	448	
9	0	0	0	0	560	445	
10	0	0	0	0	560	438	
11	0	0	0	0	558	428	
12	0	0	0	0	558	421	
13	0	0	0	0	560	415	
14	0	0	0	0	565	412	
15	0	0	0	0	568	412	
0	0	0	0	0	569	414	
1	0	0	0	0	569	420	
2	0	0	0	0	568	420	
3	0	0	0	0	561	422	
4	0	0	0	0	552	432	
5	0	0	0	0	547	446	
6	0	0	0	0	545	462	
7	0	0	0	0	544	483	
8	0	0	0	0	542	497	
9	0	0	0	0	540	500	
10	0	0	0	0	538	500	
11	0	0	0	0	537	499	
12	0	0	0	0	535	498	
13	0	0	0	0	536	498	
14	0	0	0	0	538	493	
15	0	0	0	0	539	487	
0	0	0	0	0	538	480	
1	0	0	0	0	542	471	
2	0	0	0	0	547	460	
3	0	0	0	0	551	450	
4	0	0	0	0	561	442	
5	0	0	0	0	574	435	
6	0	0	0	0	585	430	
7	0	0	0	0	593	423	
8	0	0	0	0	597	413	
9	0	0	0	0	598	403	
10	0	0	0	0	588	394	
11	0	0	0	0	579	384	
12	0	0	0	0	574	380	
13	0	0	0	0	571	388	
14	0	0	0	0	569	396	
15	0	0	0	0	565	401	
0	0	0	0	0	562	408	
1	0	0	0	0	559	414	
2	0	0	0	0	555	421	
3	0	0	0	0	552	428	
4	0	0	0	0	551	433	
5	0	0	0	0	553	438	
6	0	0	0	0	560	445	
7	0	0	0	0	565	451	
8	0	0	0	0	573	461	
9	0	0	0	0	582	468	
10	0	0	0	0	586	470	
11	0	0	0	0	590	467	
12	0	0	0	0	595	467	
13	0	0	0	0	599	467	
14	0	0	0	0	601	468	
15	0	0	0	0	604	468	
0	0	0	0	0	601	467	
1	0	0	0	0	600	467	
2	0	0	0	0	595	466	
3	0	0	0	0	591	465	
4	0	0	0	0	588	464	
5	0	0	0	0	589	466	
6	0	0	0	0	593	468	
7	0	0	0	0	596	467	
8	0	0	0	0	599	463	
9	0	0	0	0	601	459	
10	0	0	0	0	603	459	
11	0	0	0	0	600	460	
12	0	0	0	0	595	462	
13	0	0	0	0	588	467	
14	0	0	0	0	577	474	
15	0	0	0	0	566	476	
0	0	0	0	0	552	473	
1	0	0	0	0	540	473	
2	0	0	0	0	527	473	
3	0	0	0	0	516	477	
4	0	0	0	0	510	480	
5	0	0	0	0	505	484	
6	0	0	0	0	501	489	
7	0	0	0	0	497	489	
8	0	0	0	0	497	491	
9	0	0	0	0	495	494	
10	0	0	0	0	496	497	
11	0	0	0	0	498	499	
12	0	0	0	0	497	496	
13	0	0	0	0	495	492	
14	0	0	0	0	495	490	
15	0	0	0	0	492	486	
0	0	0	0	0	493	483	
1	0	0	0	0	492	482	
2	0	0	0	0	493	481	
3	0	0	0	0	494	479	
4	0	0	0	0	495	475	
5	0	0	0	0	495	476	
6	0	0	0	0	494	477	
7	0	0	0	0	496	479	
8	0	0	0	0	502	476	
9	0	0	0	0	509	468	
10	0	0	0	0	515	463	
11	0	0	0	0	520	462	
12	0	0	0	0	527	461	
13	0	0	0	0	533	467	
14	0	0	0	0	534	478	
15	0	0	0	0	536	486	
0	0	0	0	0	536	496	
1	0	0	0	0	530	509	
2	0	0	0	0	523	518	
3	0	0	0	0	515	527	
4	0	0	0	0	510	536	
5	0	0	0	0	505	543	
6	0	0	0	0	504	547	
7	0	0	0	0	503	546	
8	0	0	0	0	504	542	
9	0	0	0	0	504	535	
10	0	0	0	0	502	530	
11	0	0	0	0	500	531	
12	0	0	0	0	498	533	
13	0	0	0	0	493	534	
14	0	0	0	0	487	531	
15	0	0	0	0	483	523	
0	0	0	0	0	486	517	
1	0	0	0	0	488	515	
2	0	0	0	0	491	515	
3	0	0	0	0	494	513	
4	0	0	0	0	495	513	
5	0	0	0	0	496	512	
6	0	0	0	0	495	514	
7	0	0	0	0	492	518	
8	0	0	0	0	495	524	
9	0	0	0	0	502	528	
10	0	0	0	0	509	534	
11	0	0	0	0	516	539	
12	0	0	0	0	520	541	
13	0	0	0	0	526	547	
14	0	0	0	0	530	550	
15	0	0	0	0	532	550	
0	0	0	0	0	534	545	
1	0	0	0	0	533	535	
2	0	0	0	0	530	525	
3	0	0	0	0	526	520	
4	0	0	0	0	521	521	
5	0	0	0	0	514	522	
6	0	0	0	0	499	517	
7	0	0	0	0	485	515	
8	0	0	0	0	471	509	
9	0	0	0	0	461	506	
10	0	0	0	0	459	508	
11	0	0	0	0	460	509	
12	0	0	0	0	465	510	
13	0	0	0	0	472	509	
14	0	0	0	0	483	507	
15	0	0	0	0	494	507	
0	0	0	0	0	505	509	
1	0	0	0	0	513	513	
2	0	0	0	0	513	520	
3	0	0	0	0	510	524	
4	0	0	0	0	505	527	
5	0	0	0	0	502	531	
6	0	0	0	0	499	538	
7	0	0	0	0	495	543	
8	0	0	0	0	492	551	
9	0	0	0	0	493	557	
10	0	0	0	0	493	558	
11	0	0	0	0	494	562	
12	0	0	0	0	501	566	
13	0	0	0	0	508	568	
14	0	0	0	0	513	570	
15	0	0	0	0	516	570	
0	0	0	0	0	520	570	
1	0	0	0	0	519	567	
2	0	0	0	0	517	563	
3	0	0	0	0	510	559	
4	0	0	0	0	503	559	
5	0	0	0	0	495	560	
6	0	0	0	0	492	564	
7	0	0	0	0	493	569	
8	0	0	0	0	496	571	
9	0	0	0	0	500	573	
10	0	0	0	0	507	572	
11	0	0	0	0	510	568	
12	0	0	0	0	512	564	
13	0	0	0	0	516	558	
14	0	0	0	0	521	553	
15	0	0	0	0	527	551	
0	0	0	0	0	534	548	
1	0	0	0	0	544	546	
2	0	0	0	0	553	542	
3	0	0	0	0	557	531	
4	0	0	0	0	555	519	
5	0	0	0	0	550	510	
6	0	0	0	0	544	505	
7	0	0	0	0	541	498	
8	0	0	0	0	540	498	
9	0	0	0	0	540	504	
10	0	0	0	0	540	512	
11	0	0	0	0	541	520	
12	0	0	0	0	538	525	
13	0	0	0	0	532	527	
14	0	0	0	0	524	529	
15	0	0	0	0	516	539	
0	0	0	0	0	512	553	
1	0	0	0	0	506	570	
2	0	0	0	0	502	585	
3	0	0	0	0	501	592	
4	0	0	0	0	498	598	
5	0	0	0	0	496	606	
6	0	0	0	0	499	615	
7	0	0	0	0	503	621	
8	0	0	0	0	508	623	
9	0	0	0	0	513	620	
10	0	0	0	0	517	612	
11	0	0	0	0	519	600	
12	0	0	0	0	519	584	
13	0	0	0	0	518	572	
14	0	0	0	0	514	560	
15	0	0	0	0	513	552	
0	0	0	0	0	515	546	
1	0	0	0	0	514	541	
2	0	0	0	0	512	539	
3	0	0	0	0	510	537	
4	0	0	0	0	508	534	
5	0	0	0	0	504	531	
6	0	0	0	0	499	528	
7	0	0	0	0	498	527	
8	0	0	0	0	497	528	
9	0	0	0	0	498	532	
10	0	0	0	0	503	538	
11	0	0	0	0	512	544	
12	0	0	0	0	524	552	
13	0	0	0	0	536	559	
14	0	0	0	0	548	567	
15	0	0	0	0	556	569	
0	0	0	0	0	559	568	
1	0	0	0	0	561	562	
2	0	0	0	0	561	551	
3	0	0	0	0	556	538	
4	0	0	0	0	548	527	
5	0	0	0	0	541	516	
6	0	0	0	0	532	510	
7	0	0	0	0	526	507	
8	0	0	0	0	522	506	
9	0	0	0	0	520	507	
10	0	0	0	0	520	514	
11	0	0	0	0	526	524	
12	0	0	0	0	527	529	
13	0	0	0	0	529	531	
14	0	0	0	0	532	528	
15	0	0	0	0	537	527	
0	0	0	0	0	544	525	
1	0	0	0	0	551	528	
2	0	0	0	0	557	533	
3	0	0	0	0	558	537	
4	0	0	0	0	555	545	
5	0	0	0	0	550	555	
6	0	0	0	0	544	563	
7	0	0	0	0	537	567	
8	0	0	0	0	531	570	
9	0	0	0	0	524	569	
10	0	0	0	0	519	569	
11	0	0	0	0	515	567	
12	0	0	0	0	514	560	
13	0	0	0	0	513	560	
14	0	0	0	0	510	561	
15	0	0	0	0	508	568	
0	0	0	0	0	506	572	
1	0	0	0	0	509	574	
2	0	0	0	0	515	574	
3	0	0	0	0	519	570	
4	0	0	0	0	519	566	
5	0	0	0	0	513	563	
6	0	0	0	0	508	560	
7	0	0	0	0	500	557	
8	0	0	0	0	490	553	
9	0	0	0	0	483	548	
10	0	0	0	0	476	543	
11	0	0	0	0	472	539	
12	0	0	0	0	472	536	
13	0	0	0	0	473	532	
14	0	0	0	0	475	533	
15	0	0	0	0	483	539	
0	0	0	0	0	492	550	
1	0	0	0	0	503	563	
2	0	0	0	0	511	574	
3	0	0	0	0	513	583	
4	0	0	0	0	513	587	
5	0	0	0	0	512	592	
6	0	0	0	0	510	597	
7	0	0	0	0	504	599	
8	0	0	0	0	503	597	
9	0	0	0	0	504	593	
10	0	0	0	0	507	584	
11	0	0	0	0	505	575	
12	0	0	0	0	503	570	
13	0	0	0	0	496	563	
14	0	0	0	0	490	555	
15	0	0	0	0	485	551	
0	0	0	0	0	480	550	
1	0	0	0	0	473	552	
2	0	0	0	0	469	557	
3	0	0	0	0	473	562	
4	0	0	0	0	480	565	
5	0	0	0	0	484	567	
6	0	0	0	0	487	571	
7	0	0	0	0	491	575	
8	0	0	0	0	495	578	
9	0	0	0	0	500	577	
10	0	0	0	0	499	571	
11	0	0	0	0	494	563	
12	0	0	0	0	487	552	
13	0	0	0	0	480	543	
14	0	0	0	0	477	534	
15	0	0	0	0	476	521	
0	0	0	0	0	480	511	
1	0	0	0	0	487	507	
2	0	0	0	0	494	505	
3	0	0	0	0	502	504	
4	0	0	0	0	510	510	
5	0	0	0	0	514	518	
6	0	0	0	0	514	528	
7	0	0	0	0	512	536	
8	0	0	0	0	510	541	
9	0	0	0	0	509	540	
10	0	0	0	0	504	537	
11	0	0	0	0	499	535	
12	0	0	0	0	496	530	
13	0	0	0	0	493	530	
14	0	0	0	0	489	533	
15	0	0	0	0	487	539	
0	0	0	0	0	487	545	
1	0	0	0	0	491	549	
2	0	0	0	0	498	556	
3	0	0	0	0	508	557	
4	0	0	0	0	519	556	
5	0	0	0	0	528	551	
6	0	0	0	0	535	544	
7	0	0	0	0	537	538	
8	0	0	0	0	538	536	
9	0	0	0	0	536	538	
10	0	0	0	0	536	538	
11	0	0	0	0	537	536	
12	0	0	0	0	540	529	
13	0	0	0	0	543	524	
14	0	0	0	0	544	522	
15	0	0	0	0	545	523	
0	0	0	0	0	547	520	
1	0	0	0	0	545	519	
2	0	0	0	0	544	524	
3	0	0	0	0	547	528	
4	0	0	0	0	550	532	
5	0	0	0	0	554	542	
6	0	0	0	0	559	552	
7	0	0	0	0	563	559	
8	0	0	0	0	560	566	
9	0	0	0	0	555	571	
10	0	0	0	0	550	571	
11	0	0	0	0	545	572	
12	0	0	0	0	540	575	
13	0	0	0	0	536	575	
14	0	0	0	0	532	571	
15	0	0	0	0	529	567	
0	0	0	0	0	524	562	
1	0	0	0	0	519	553	
2	0	0	0	0	518	546	
3	0	0	0	0	517	540	
4	0	0	0	0	513	538	
5	0	0	0	0	509	538	
6	0	0	0	0	509	537	
7	0	0	0	0	512	537	
8	0	0	0	0	515	535	
9	0	0	0	0	516	535	
10	0	0	0	0	516	531	
11	0	0	0	0	516	524	
12	0	0	0	0	522	516	
13	0	0	0	0	529	511	
14	0	0	0	0	536	508	
15	0	0	0	0	543	506	
0	0	0	0	0	545	507	
1	0	0	0	0	543	512	
2	0	0	0	0	539	519	
3	0	0	0	0	539	523	
4	0	0	0	0	541	522	
5	0	0	0	0	547	522	
6	0	0	0	0	557	525	
7	0	0	0	0	564	531	
8	0	0	0	0	568	540	
9	0	0	0	0	572	550	
10	0	0	0	0	574	556	
11	0	0	0	0	571	557	
12	0	0	0	0	564	553	
13	0	0	0	0	555	549	
14	0	0	0	0	547	545	
15	0	0	0	0	541	541	
0	0	0	0	0	535	535	
1	0	0	0	0	531	528	
2	0	0	0	0	528	523	
3	0	0	0	0	527	524	
4	0	0	0	0	528	526	
5	0	0	0	0	526	528	
6	0	0	0	0	525	527	
7	0	0	0	0	523	529	
8	0	0	0	0	516	531	
9	0	0	0	0	510	532	
10	0	0	0	0	502	530	
11	0	0	0	0	491	523	
12	0	0	0	0	480	513	
13	0	0	0	0	472	499	
14	0	0	0	0	467	488	
15	0	0	0	0	467	480	
0	0	0	0	0	471	472	
1	0	0	0	0	474	464	
2	0	0	0	0	478	461	
3	0	0	0	0	485	464	
4	0	0	0	0	492	472	
5	0	0	0	0	499	485	
6	0	0	0	0	509	499	
7	0	0	0	0	517	512	
8	0	0	0	0	527	525	
9	0	0	0	0	532	537	
10	0	0	0	0	536	545	
11	0	0	0	0	537	547	
12	0	0	0	0	540	546	
13	0	0	0	0	542	544	
14	0	0	0	0	543	542	
15	0	0	0	0	539	540	
0	0	0	0	0	534	540	
1	0	0	0	0	533	543	
2	0	0	0	0	534	548	
3	0	0	0	0	534	554	
4	0	0	0	0	536	556	
5	0	0	0	0	535	554	
6	0	0	0	0	532	551	
7	0	0	0	0	529	546	
8	0	0	0	0	529	546	
9	0	0	0	0	530	550	
10	0	0	0	0	531	556	
11	0	0	0	0	531	562	
12	0	0	0	0	533	569	
13	0	0	0	0	535	570	
14	0	0	0	0	537	574	
15	0	0	0	0	539	579	
0	0	0	0	0	540	586	
1	0	0	0	0	542	588	
2	0	0	0	0	542	589	
3	0	0	0	0	545	583	
4	0	0	0	0	546	573	
5	0	0	0	0	543	570	
6	0	0	0	0	540	572	
7	0	0	0	0	542	576	
8	0	0	0	0	547	581	
9	0	0	0	0	555	586	
10	0	0	0	0	562	592	
11	0	0	0	0	567	595	
12	0	0	0	0	568	595	
13	0	0	0	0	573	591	
14	0	0	0	0	576	582	
15	0	0	0	0	579	569	
0	0	0	0	0	581	554	
1	0	0	0	0	583	543	
2	0	0	0	0	586	539	
3	0	0	0	0	583	533	
4	0	0	0	0	582	529	
5	0	0	0	0	579	528	
6	0	0	0	0	577	525	
7	0	0	0	0	573	521	
8	0	0	0	0	572	525	
9	0	0	0	0	573	531	
10	0	0	0	0	576	539	
11	0	0	0	0	577	544	
12	0	0	0	0	575	544	
13	0	0	0	0	572	539	
14	0	0	0	0	570	532	
15	0	0	0	0	569	528	
0	0	0	0	0	568	528	
1	0	0	0	0	570	533	
2	0	0	0	0	568	539	
3	0	0	0	0	567	545	
4	0	0	0	0	562	550	
5	0	0	0	0	559	552	
6	0	0	0	0	558	556	
7	0	0	0	0	559	563	
8	0	0	0	0	562	575	
9	0	0	0	0	564	588	
10	0	0	0	0	567	600	
11	0	0	0	0	567	607	
12	0	0	0	0	564	607	
13	0	0	0	0	557	606	
14	0	0	0	0	551	601	
15	0	0	0	0	544	597	
0	0	0	0	0	538	596	
1	0	0	0	0	533	595	
2	0	0	0	0	531	593	
3	0	0	0	0	531	591	
4	0	0	0	0	531	590	
5	0	0	0	0	537	591	
6	0	0	0	0	545	588	
7	0	0	0	0	554	584	
8	0	0	0	0	565	576	
9	0	0	0	0	575	568	
10	0	0	0	0	582	554	
11	0	0	0	0	591	543	
12	0	0	0	0	598	535	
13	0	0	0	0	604	528	
14	0	0	0	0	608	521	
15	0	0	0	0	611	518	
0	0	0	0	0	609	515	
1	0	0	0	0	603	518	
2	0	0	0	0	595	527	
3	0	0	0	0	588	540	
4	0	0	0	0	579	555	
5	0	0	0	0	571	569	
6	0	0	0	0	564	577	
7	0	0	0	0	560	584	
8	0	0	0	0	558	589	
9	0	0	0	0	555	595	
10	0	0	0	0	555	597	
11	0	0	0	0	557	592	
12	0	0	0	0	559	590	
13	0	0	0	0	563	591	
14	0	0	0	0	568	595	
15	0	0	0	0	575	597	
0	0	0	0	0	583	597	
1	0	0	0	0	589	592	
2	0	0	0	0	588	583	
3	0	0	0	0	587	576	
4	0	0	0	0	583	567	
5	0	0	0	0	580	563	
6	0	0	0	0	574	561	
7	0	0	0	0	566	558	
8	0	0	0	0	561	554	
9	0	0	0	0	557	553	
10	0	0	0	0	551	551	
11	0	0	0	0	545	555	
12	0	0	0	0	541	560	
13	0	0	0	0	537	569	
14	0	0	0	0	528	580	
15	0	0	0	0	518	586	
0	0	0	0	0	510	593	
1	0	0	0	0	503	601	
2	0	0	0	0	498	603	
3	0	0	0	0	495	606	
4	0	0	0	0	491	603	
5	0	0	0	0	492	597	
6	0	0	0	0	495	593	
7	0	0	0	0	500	591	
8	0	0	0	0	509	589	
9	0	0	0	0	518	586	
10	0	0	0	0	522	581	
11	0	0	0	0	526	575	
12	0	0	0	0	524	567	
13	0	0	0	0	523	564	
14	0	0	0	0	521	560	
15	0	0	0	0	520	557	
0	0	0	0	0	518	557	
1	0	0	0	0	513	553	
2	0	0	0	0	510	551	
3	0	0	0	0	508	546	
4	0	0	0	0	508	546	
5	0	0	0	0	509	551	
6	0	0	0	0	507	559	
7	0	0	0	0	506	566	
8	0	0	0	0	502	573	
9	0	0	0	0	495	576	
10	0	0	0	0	490	575	
11	0	0	0	0	486	577	
12	0	0	0	0	483	581	
13	0	0	0	0	480	586	
14	0	0	0	0	484	588	
15	0	0	0	0	491	590	
0	0	0	0	0	496	592	
1	0	0	0	0	500	598	
2	0	0	0	0	500	604	
3	0	0	0	0	500	609	
4	0	0	0	0	498	610	
5	0	0	0	0	495	607	
6	0	0	0	0	490	601	
7	0	0	0	0	485	588	
8	0	0	0	0	480	575	
9	0	0	0	0	476	566	
10	0	0	0	0	473	556	
11	0	0	0	0	473	543	
12	0	0	0	0	475	532	
13	0	0	0	0	480	527	
14	0	0	0	0	490	529	
15	0	0	0	0	495	533	
0	0	0	0	0	501	539	
1	0	0	0	0	507	544	
2	0	0	0	0	511	551	
3	0	0	0	0	512	553	
4	0	0	0	0	510	552	
5	0	0	0	0	504	550	
6	0	0	0	0	497	550	
7	0	0	0	0	490	550	
8	0	0	0	0	484	548	
9	0	0	0	0	477	546	
10	0	0	0	0	472	543	
11	0	0	0	0	469	541	
12	0	0	0	0	468	541	
13	0	0	0	0	470	545	
14	0	0	0	0	473	551	
15	0	0	0	0	474	557	
0	0	0	0	0	475	560	
1	0	0	0	0	475	558	
2	0	0	0	0	471	552	
3	0	0	0	0	463	545	
4	0	0	0	0	455	539	
5	0	0	0	0	448	534	
6	0	0	0	0	438	528	
7	0	0	0	0	428	527	
8	0	0	0	0	422	527	
9	0	0	0	0	420	528	
10	0	0	0	0	418	528	
11	0	0	0	0	419	526	
12	0	0	0	0	423	524	
13	0	0	0	0	426	523	
14	0	0	0	0	430	521	
15	0	0	0	0	438	521	
0	0	0	0	0	446	523	
1	0	0	0	0	454	524	
2	0	0	0	0	460	528	
3	0	0	0	0	462	534	
4	0	0	0	0	460	539	
5	0	0	0	0	461	542	
6	0	0	0	0	460	539	
7	0	0	0	0	459	534	
8	0	0	0	0	459	527	
9	0	0	0	0	459	527	
10	0	0	0	0	463	529	
11	0	0	0	0	467	533	
12	0	0	0	0	471	534	
13	0	0	0	0	473	536	
14	0	0	0	0	474	534	
15	0	0	0	0	477	533	
0	0	0	0	0	481	534	
1	0	0	0	0	484	538	
2	0	0	0	0	485	545	
3	0	0	0	0	486	551	
4	0	0	0	0	483	555	
5	0	0	0	0	484	563	
6	0	0	0	0	488	564	
7	0	0	0	0	490	569	
8	0	0	0	0	487	573	
9	0	0	0	0	487	576	
10	0	0	0	0	490	580	
11	0	0	0	0	494	584	
12	0	0	0	0	496	583	
13	0	0	0	0	498	587	
14	0	0	0	0	497	585	
15	0	0	0	0	494	584	
0	0	0	0	0	492	587	
1	0	0	0	0	485	591	
2	0	0	0	0	483	595	
3	0	0	0	0	486	597	
4	0	0	0	0	491	594	
5	0	0	0	0	499	591	
6	0	0	0	0	508	589	
7	0	0	0	0	519	583	
8	0	0	0	0	524	578	
9	0	0	0	0	526	574	
10	0	0	0	0	527	568	
11	0	0	0	0	529	560	
12	0	0	0	0	528	553	
13	0	0	0	0	525	548	
14	0	0	0	0	519	546	
15	0	0	0	0	514	543	
0	0	0	0	0	510	545	
1	0	0	0	0	505	546	
2	0	0	0	0	500	548	
3	0	0	0	0	496	553	
4	0	0	0	0	493	561	
5	0	0	0	0	491	569	
6	0	0	0	0	491	574	
7	0	0	0	0	491	577	
8	0	0	0	0	485	575	
9	0	0	0	0	479	572	
10	0	0	0	0	476	566	
11	0	0	0	0	475	559	
12	0	0	0	0	478	549	
13	0	0	0	0	478	542	
14	0	0	0	0	477	538	
15	0	0	0	0	477	539	
0	0	0	0	0	478	546	
1	0	0	0	0	480	557	
2	0	0	0	0	483	566	
3	0	0	0	0	486	569	
4	0	0	0	0	487	571	
5	0	0	0	0	487	572	
6	0	0	0	0	484	572	
7	0	0	0	0	476	571	
8	0	0	0	0	466	573	
9	0	0	0	0	461	574	
10	0	0	0	0	460	577	
11	0	0	0	0	460	580	
12	0	0	0	0	460	583	
13	0	0	0	0	458	584	
14	0	0	0	0	455	581	
15	0	0	0	0	456	576	
0	0	0	0	0	460	572	
1	0	0	0	0	460	565	
2	0	0	0	0	461	563	
3	0	0	0	0	461	558	
4	0	0	0	0	466	555	
5	0	0	0	0	469	548	
6	0	0	0	0	472	542	
7	0	0	0	0	473	539	
8	0	0	0	0	470	536	
9	0	0	0	0	464	537	
10	0	0	0	0	456	539	
11	0	0	0	0	450	544	
12	0	0	0	0	449	551	
13	0	0	0	0	449	560	
14	0	0	0	0	449	563	
15	0	0	0	0	451	566	
0	0	0	0	0	453	566	
1	0	0	0	0	453	562	
2	0	0	0	0	454	555	
3	0	0	0	0	459	546	
4	0	0	0	0	463	538	
5	0	0	0	0	464	532	
6	0	0	0	0	462	528	
7	0	0	0	0	458	524	
8	0	0	0	0	455	521	
9	0	0	0	0	455	520	
10	0	0	0	0	453	520	
11	0	0	0	0	453	520	
12	0	0	0	0	455	520	
13	0	0	0	0	460	521	
14	0	0	0	0	463	519	
15	0	0	0	0	467	517	
0	0	0	0	0	471	515	
1	0	0	0	0	473	512	
2	0	0	0	0	478	513	
3	0	0	0	0	483	518	
4	0	0	0	0	489	526	
5	0	0	0	0	496	534	
6	0	0	0	0	500	545	
7	0	0	0	0	505	554	
8	0	0	0	0	508	558	
9	0	0	0	0	511	559	
10	0	0	0	0	513	559	
11	0	0	0	0	513	550	
12	0	0	0	0	514	533	
13	0	0	0	0	511	516	
14	0	0	0	0	508	499	
15	0	0	0	0	507	486	
0	0	0	0	0	507	475	
1	0	0	0	0	503	469	
2	0	0	0	0	499	464	
3	0	0	0	0	494	462	
4	0	0	0	0	492	464	
5	0	0	0	0	491	471	
6	0	0	0	0	491	481	
7	0	0	0	0	489	489	
8	0	0	0	0	492	498	
9	0	0	0	0	493	505	
10	0	0	0	0	495	510	
11	0	0	0	0	495	515	
12	0	0	0	0	491	521	
13	0	0	0	0	482	527	
14	0	0	0	0	476	528	
15	0	0	0	0	467	530	
0	0	0	0	0	458	532	
1	0	0	0	0	451	535	
2	0	0	0	0	449	538	
3	0	0	0	0	449	540	
4	0	0	0	0	453	541	
5	0	0	0	0	460	542	
6	0	0	0	0	470	540	
7	0	0	0	0	481	538	
8	0	0	0	0	492	537	
9	0	0	0	0	498	542	
10	0	0	0	0	501	546	
11	0	0	0	0	497	551	
12	0	0	0	0	489	552	
13	0	0	0	0	483	552	
14	0	0	0	0	480	556	
15	0	0	0	0	478	560	
0	0	0	0	0	481	560	
1	0	0	0	0	486	556	
2	0	0	0	0	492	549	
3	0	0	0	0	496	537	
4	0	0	0	0	499	527	
5	0	0	0	0	498	513	
6	0	0	0	0	500	500	
7	0	0	0	0	503	493	
8	0	0	0	0	506	492	
9	0	0	0	0	507	494	
10	0	0	0	0	508	496	
11	0	0	0	0	511	497	
12	0	0	0	0	512	500	
13	0	0	0	0	512	504	
14	0	0	0	0	515	508	
15	0	0	0	0	515	511	
0	0	0	0	0	513	512	
1	0	0	0	0	511	516	
2	0	0	0	0	508	520	
3	0	0	0	0	504	529	
4	0	0	0	0	498	537	
5	0	0	0	0	493	543	
6	0	0	0	0	492	549	
7	0	0	0	0	492	555	
8	0	0	0	0	493	555	
9	0	0	0	0	499	556	
10	0	0	0	0	508	559	
11	0	0	0	0	516	560	
12	0	0	0	0	522	560	
13	0	0	0	0	525	557	
14	0	0	0	0	528	548	
15	0	0	0	0	534	538	
0	0	0	0	0	540	527	
1	0	0	0	0	546	519	
2	0	0	0	0	552	513	
3	0	0	0	0	559	504	
4	0	0	0	0	563	493	
5	0	0	0	0	569	484	
6	0	0	0	0	573	476	
7	0	0	0	0	574	472	
8	0	0	0	0	579	469	
9	0	0	0	0	584	468	
10	0	0	0	0	588	465	
11	0	0	0	0	588	462	
12	0	0	0	0	585	464	
13	0	0	0	0	580	462	
14	0	0	0	0	574	457	
15	0	0	0	0	567	455	
0	0	0	0	0	560	454	
1	0	0	0	0	558	455	
2	0	0	0	0	559	457	
3	0	0	0	0	561	453	
4	0	0	0	0	560	448	
5	0	0	0	0	559	438	
6	0	0	0	0	560	419	
7	0	0	0	0	566	400	
8	0	0	0	0	574	387	
9	0	0	0	0	580	377	
10	0	0	0	0	586	371	
11	0	0	0	0	589	368	
12	0	0	0	0	590	370	
13	0	0	0	0	589	371	
14	0	0	0	0	584	372	
15	0	0	0	0	582	375	
0	0	0	0	0	577	376	
1	0	0	0	0	571	383	
2	0	0	0	0	566	391	
3	0	0	0	0	560	399	
4	0	0	0	0	556	410	
5	0	0	0	0	552	416	
6	0	0	0	0	555	421	
7	0	0	0	0	557	427	
8	0	0	0	0	561	439	
9	0	0	0	0	564	455	
10	0	0	0	0	565	472	
11	0	0	0	0	566	485	
12	0	0	0	0	564	491	
13	0	0	0	0	563	492	
14	0	0	0	0	557	494	
15	0	0	0	0	551	494	
0	0	0	0	0	544	494	
1	0	0	0	0	541	494	
2	0	0	0	0	543	496	
3	0	0	0	0	550	496	
4	0	0	0	0	558	498	
5	0	0	0	0	564	502	
6	0	0	0	0	568	505	
7	0	0	0	0	572	504	
8	0	0	0	0	578	502	
9	0	0	0	0	584	500	
10	0	0	0	0	590	496	
11	0	0	0	0	594	491	
12	0	0	0	0	595	483	
13	0	0	0	0	593	480	
14	0	0	0	0	589	475	
15	0	0	0	0	583	471	
0	0	0	0	0	575	468	
1	0	0	0	0	568	466	
2	0	0	0	0	565	465	
3	0	0	0	0	562	468	
4	0	0	0	0	562	475	
5	0	0	0	0	561	480	
6	0	0	0	0	564	485	
7	0	0	0	0	567	487	
8	0	0	0	0	569	492	
9	0	0	0	0	570	499	
10	0	0	0	0	568	509	
11	0	0	0	0	568	515	
12	0	0	0	0	569	518	
13	0	0	0	0	569	517	
14	0	0	0	0	564	518	
15	0	0	0	0	559	516	
0	0	0	0	0	551	512	
1	0	0	0	0	546	505	
2	0	0	0	0	539	497	
3	0	0	0	0	530	491	
4	0	0	0	0	522	486	
5	0	0	0	0	519	480	
6	0	0	0	0	520	471	
7	0	0	0	0	525	462	
8	0	0	0	0	527	458	
9	0	0	0	0	527	456	
10	0	0	0	0	525	454	
11	0	0	0	0	523	448	
12	0	0	0	0	518	445	
13	0	0	0	0	514	446	
14	0	0	0	0	512	449	
15	0	0	0	0	512	451	
0	0	0	0	0	515	455	
1	0	0	0	0	516	461	
2	0	0	0	0	520	469	
3	0	0	0	0	523	483	
4	0	0	0	0	523	498	
5	0	0	0	0	519	510	
6	0	0	0	0	512	513	
7	0	0	0	0	505	511	
8	0	0	0	0	500	505	
9	0	0	0	0	499	503	
10	0	0	0	0	501	505	
11	0	0	0	0	504	510	
12	0	0	0	0	509	515	
13	0	0	0	0	513	520	
14	0	0	0	0	518	527	
15	0	0	0	0	524	532	
0	0	0	0	0	526	531	
1	0	0	0	0	526	530	
2	0	0	0	0	530	529	
3	0	0	0	0	532	526	
4	0	0	0	0	535	523	
5	0	0	0	0	540	524	
6	0	0	0	0	547	524	
7	0	0	0	0	553	526	
8	0	0	0	0	556	526	
9	0	0	0	0	560	527	
10	0	0	0	0	562	530	
11	0	0	0	0	562	536	
12	0	0	0	0	560	536	
13	0	0	0	0	558	536	
14	0	0	0	0	556	537	
15	0	0	0	0	552	542	
0	0	0	0	0	547	545	
1	0	0	0	0	542	550	
2	0	0	0	0	537	556	
3	0	0	0	0	536	561	
4	0	0	0	0	535	564	
5	0	0	0	0	531	560	
6	0	0	0	0	528	552	
7	0	0	0	0	526	536	
8	0	0	0	0	524	521	
9	0	0	0	0	523	510	
10	0	0	0	0	524	504	
11	0	0	0	0	527	504	
12	0	0	0	0	532	501	
13	0	0	0	0	537	498	
14	0	0	0	0	542	496	
15	0	0	0	0	544	499	
0	0	0	0	0	549	498	
1	0	0	0	0	554	496	
2	0	0	0	0	559	491	
3	0	0	0	0	559	487	
4	0	0	0	0	557	479	
5	0	0	0	0	551	471	
6	0	0	0	0	543	465	
7	0	0	0	0	536	459	
8	0	0	0	0	531	457	
9	0	0	0	0	526	461	
10	0	0	0	0	524	462	
11	0	0	0	0	524	468	
12	0	0	0	0	524	475	
13	0	0	0	0	525	481	
14	0	0	0	0	528	487	
15	0	0	0	0	532	491	
0	0	0	0	0	535	492	
1	0	0	0	0	538	496	
2	0	0	0	0	539	500	
3	0	0	0	0	539	505	
4	0	0	0	0	541	513	
5	0	0	0	0	544	520	
6	0	0	0	0	545	528	
7	0	0	0	0	546	536	
8	0	0	0	0	549	543	
9	0	0	0	0	551	543	
10	0	0	0	0	552	542	
11	0	0	0	0	553	536	
12	0	0	0	0	554	533	
13	0	0	0	0	555	530	
14	0	0	0	0	556	529	
15	0	0	0	0	559	527	
0	0	0	0	0	562	525	
1	0	0	0	0	562	522	
2	0	0	0	0	560	518	
3	0	0	0	0	553	514	
4	0	0	0	0	547	511	
5	0	0	0	0	541	506	
6	0	0	0	0	533	502	
7	0	0	0	0	528	500	
8	0	0	0	0	525	499	
9	0	0	0	0	526	496	
10	0	0	0	0	530	489	
11	0	0	0	0	539	483	
12	0	0	0	0	543	475	
13	0	0	0	0	543	470	
14	0	0	0	0	542	467	
15	0	0	0	0	540	470	
0	0	0	0	0	543	469	
1	0	0	0	0	547	472	
2	0	0	0	0	549	478	
3	0	0	0	0	550	483	
4	0	0	0	0	547	484	
5	0	0	0	0	543	485	
6	0	0	0	0	537	487	
7	0	0	0	0	530	490	
8	0	0	0	0	525	494	
9	0	0	0	0	518	499	
10	0	0	0	0	511	502	
11	0	0	0	0	503	497	
12	0	0	0	0	502	491	
13	0	0	0	0	502	480	
14	0	0	0	0	503	475	
15	0	0	0	0	503	472	
0	0	0	0	0	500	470	
1	0	0	0	0	498	470	
2	0	0	0	0	497	472	
3	0	0	0	0	495	476	
4	0	0	0	0	495	481	
5	0	0	0	0	492	486	
6	0	0	0	0	489	491	
7	0	0	0	0	491	495	
8	0	0	0	0	490	498	
9	0	0	0	0	489	498	
10	0	0	0	0	487	500	
11	0	0	0	0	484	499	
12	0	0	0	0	481	500	
13	0	0	0	0	480	503	
14	0	0	0	0	478	504	
15	0	0	0	0	476	505	
0	0	0	0	0	475	508	
1	0	0	0	0	473	509	
2	0	0	0	0	471	508	
3	0	0	0	0	466	507	
4	0	0	0	0	465	508	
5	0	0	0	0	464	515	
6	0	0	0	0	460	528	
7	0	0	0	0	453	544	
8	0	0	0	0	446	563	
9	0	0	0	0	439	577	
10	0	0	0	0	436	590	
11	0	0	0	0	436	603	
12	0	0	0	0	434	615	
13	0	0	0	0	431	625	
14	0	0	0	0	432	627	
15	0	0	0	0	435	632	
0	0	0	0	0	442	636	
1	0	0	0	0	450	636	
2	0	0	0	0	455	635	
3	0	0	0	0	455	631	
4	0	0	0	0	455	627	
5	0	0	0	0	451	624	
6	0	0	0	0	444	621	
7	0	0	0	0	440	620	
8	0	0	0	0	435	622	
9	0	0	0	0	431	621	
10	0	0	0	0	425	620	
11	0	0	0	0	419	612	
12	0	0	0	0	417	607	
13	0	0	0	0	418	604	
14	0	0	0	0	422	603	
15	0	0	0	0	431	604	
0	0	0	0	0	443	604	
1	0	0	0	0	456	607	
2	0	0	0	0	464	609	
3	0	0	0	0	469	610	
4	0	0	0	0	473	614	
5	0	0	0	0	472	617	
6	0	0	0	0	471	617	
7	0	0	0	0	470	617	
8	0	0	0	0	467	614	
9	0	0	0	0	469	614	
10	0	0	0	0	470	611	
11	0	0	0	0	472	611	
12	0	0	0	0	473	611	
13	0	0	0	0	470	611	
14	0	0	0	0	467	607	
15	0	0	0	0	470	608	
0	0	0	0	0	468	607	
1	0	0	0	0	465	611	
2	0	0	0	0	461	613	
3	0	0	0	0	461	614	
4	0	0	0	0	458	616	
5	0	0	0	0	451	617	
6	0	0	0	0	444	612	
7	0	0	0	0	435	612	
8	0	0	0	0	425	607	
9	0	0	0	0	414	604	
10	0	0	0	0	402	600	
11	0	0	0	0	393	600	
12	0	0	0	0	390	598	
13	0	0	0	0	392	603	
14	0	0	0	0	399	608	
15	0	0	0	0	410	614	
0	0	0	0	0	423	619	
1	0	0	0	0	433	628	
2	0	0	0	0	442	638	
3	0	0	0	0	451	642	
4	0	0	0	0	459	643	
5	0	0	0	0	468	646	
6	0	0	0	0	478	646	
7	0	0	0	0	486	647	
8	0	0	0	0	491	644	
9	0	0	0	0	495	644	
10	0	0	0	0	497	647	
11	0	0	0	0	499	648	
12	0	0	0	0	498	650	
13	0	0	0	0	499	645	
14	0	0	0	0	499	644	
15	0	0	0	0	494	646	
0	0	0	0	0	491	647	
1	0	0	0	0	489	648	
2	0	0	0	0	486	652	
3	0	0	0	0	486	657	
4	0	0	0	0	489	659	
5	0	0	0	0	494	659	
6	0	0	0	0	501	654	
7	0	0	0	0	510	645	
8	0	0	0	0	518	630	
9	0	0	0	0	520	611	
10	0	0	0	0	519	592	
11	0	0	0	0	517	575	
12	0	0	0	0	515	566	
13	0	0	0	0	514	561	
14	0	0	0	0	515	560	
15	0	0	0	0	517	559	
0	0	0	0	0	520	559	
1	0	0	0	0	524	556	
2	0	0	0	0	528	557	
3	0	0	0	0	531	560	
4	0	0	0	0	532	561	
5	0	0	0	0	530	563	
6	0	0	0	0	527	568	
7	0	0	0	0	527	575	
8	0	0	0	0	527	582	
9	0	0	0	0	524	591	
10	0	0	0	0	522	598	
11	0	0	0	0	514	601	
12	0	0	0	0	504	598	
13	0	0	0	0	495	595	
14	0	0	0	0	487	591	
15	0	0	0	0	481	586	
0	0	0	0	0	478	582	
1	0	0	0	0	476	576	
2	0	0	0	0	477	570	
3	0	0	0	0	479	566	
4	0	0	0	0	481	557	
5	0	0	0	0	483	549	
6	0	0	0	0	487	549	
7	0	0	0	0	491	551	
8	0	0	0	0	491	553	
9	0	0	0	0	491	556	
10	0	0	0	0	488	557	
11	0	0	0	0	486	556	
12	0	0	0	0	480	554	
13	0	0	0	0	476	553	
14	0	0	0	0	474	553	
15	0	0	0	0	475	555	
0	0	0	0	0	477	556	
1	0	0	0	0	482	558	
2	0	0	0	0	488	561	
3	0	0	0	0	494	569	
4	0	0	0	0	497	575	
5	0	0	0	0	498	582	
6	0	0	0	0	496	585	
7	0	0	0	0	494	587	
8	0	0	0	0	491	583	
9	0	0	0	0	488	580	
10	0	0	0	0	488	578	
11	0	0	0	0	489	577	
12	0	0	0	0	492	574	
13	0	0	0	0	494	573	
14	0	0	0	0	497	573	
15	0	0	0	0	501	570	
0	0	0	0	0	503	568	
1	0	0	0	0	504	568	
2	0	0	0	0	507	564	
3	0	0	0	0	507	559	
4	0	0	0	0	505	556	
5	0	0	0	0	506	547	
6	0	0	0	0	506	540	
7	0	0	0	0	504	536	
8	0	0	0	0	504	537	
9	0	0	0	0	504	542	
10	0	0	0	0	505	549	
11	0	0	0	0	503	553	
12	0	0	0	0	497	555	
13	0	0	0	0	491	557	
14	0	0	0	0	488	563	
15	0	0	0	0	484	568	
0	0	0	0	0	483	568	
1	0	0	0	0	481	572	
2	0	0	0	0	477	572	
3	0	0	0	0	473	568	
4	0	0	0	0	471	558	
5	0	0	0	0	469	549	
6	0	0	0	0	466	540	
7	0	0	0	0	461	531	
8	0	0	0	0	453	524	
9	0	0	0	0	446	513	
10	0	0	0	0	441	509	
11	0	0	0	0	436	504	
12	0	0	0	0	432	499	
13	0	0	0	0	431	496	
14	0	0	0	0	432	494	
15	0	0	0	0	437	495	
0	0	0	0	0	446	504	
1	0	0	0	0	455	511	
2	0	0	0	0	461	516	
3	0	0	0	0	467	515	
4	0	0	0	0	472	516	
5	0	0	0	0	475	516	
6	0	0	0	0	474	514	
7	0	0	0	0	472	512	
8	0	0	0	0	472	508	
9	0	0	0	0	472	508	
10	0	0	0	0	469	507	
11	0	0	0	0	463	501	
12	0	0	0	0	461	492	
13	0	0	0	0	459	486	
14	0	0	0	0	457	477	
15	0	0	0	0	454	470	
0	0	0	0	0	453	464	
1	0	0	0	0	452	460	
2	0	0	0	0	452	459	
3	0	0	0	0	453	457	
4	0	0	0	0	459	457	
5	0	0	0	0	464	456	
6	0	0	0	0	468	456	
7	0	0	0	0	474	452	
8	0	0	0	0	476	448	
9	0	0	0	0	478	442	
10	0	0	0	0	483	440	
11	0	0	0	0	487	436	
12	0	0	0	0	488	433	
13	0	0	0	0	487	431	
14	0	0	0	0	487	430	
15	0	0	0	0	488	430	
0	0	0	0	0	493	435	
1	0	0	0	0	499	443	
2	0	0	0	0	507	456	
3	0	0	0	0	512	467	
4	0	0	0	0	519	478	
5	0	0	0	0	522	488	
6	0	0	0	0	524	494	
7	0	0	0	0	527	499	
8	0	0	0	0	529	499	
9	0	0	0	0	527	497	
10	0	0	0	0	526	492	
11	0	0	0	0	528	489	
12	0	0	0	0	529	486	
13	0	0	0	0	529	484	
14	0	0	0	0	531	488	
15	0	0	0	0	534	489	
0	0	0	0	0	531	488	
1	0	0	0	0	526	489	
2	0	0	0	0	515	492	
3	0	0	0	0	504	495	
4	0	0	0	0	498	492	
5	0	0	0	0	493	486	
6	0	0	0	0	492	476	
7	0	0	0	0	493	467	
8	0	0	0	0	496	461	
9	0	0	0	0	500	457	
10	0	0	0	0	503	457	
11	0	0	0	0	506	456	
12	0	0	0	0	502	457	
13	0	0	0	0	493	453	
14	0	0	0	0	485	448	
15	0	0	0	0	475	442	
0	0	0	0	0	467	445	
1	0	0	0	0	463	448	
2	0	0	0	0	462	447	
3	0	0	0	0	461	448	
4	0	0	0	0	458	451	
5	0	0	0	0	460	457	
6	0	0	0	0	461	462	
7	0	0	0	0	463	467	
8	0	0	0	0	468	473	
9	0	0	0	0	473	481	
10	0	0	0	0	483	489	
11	0	0	0	0	491	494	
12	0	0	0	0	491	498	
13	0	0	0	0	487	498	
14	0	0	0	0	487	496	
15	0	0	0	0	484	496	
0	0	0	0	0	481	496	
1	0	0	0	0	483	496	
2	0	0	0	0	487	495	
3	0	0	0	0	489	491	
4	0	0	0	0	493	487	
5	0	0	0	0	497	483	
6	0	0	0	0	501	479	
7	0	0	0	0	504	475	
8	0	0	0	0	507	472	
9	0	0	0	0	505	471	
10	0	0	0	0	499	471	
11	0	0	0	0	493	471	
12	0	0	0	0	489	473	
13	0	0	0	0	486	473	
14	0	0	0	0	483	469	
15	0	0	0	0	482	464	
0	0	0	0	0	480	462	
1	0	0	0	0	475	461	
2	0	0	0	0	472	456	
3	0	0	0	0	472	451	
4	0	0	0	0	473	447	
5	0	0	0	0	475	444	
6	0	0	0	0	475	445	
7	0	0	0	0	473	447	
8	0	0	0	0	472	447	
9	0	0	0	0	472	448	
10	0	0	0	0	475	446	
11	0	0	0	0	477	445	
12	0	0	0	0	476	444	
13	0	0	0	0	478	445	
14	0	0	0	0	478	444	
15	0	0	0	0	478	445	
0	0	0	0	0	479	443	
1	0	0	0	0	477	437	
2	0	0	0	0	474	428	
3	0	0	0	0	472	414	
4	0	0	0	0	470	403	
5	0	0	0	0	475	401	
6	0	0	0	0	480	399	
7	0	0	0	0	487	404	
8	0	0	0	0	493	409	
9	0	0	0	0	498	412	
10	0	0	0	0	505	418	
11	0	0	0	0	512	428	
12	0	0	0	0	519	438	
13	0	0	0	0	524	451	
14	0	0	0	0	525	463	
15	0	0	0	0	526	474	
0	0	0	0	0	529	483	
1	0	0	0	0	526	486	
2	0	0	0	0	519	484	
3	0	0	0	0	514	478	
4	0	0	0	0	511	469	
5	0	0	0	0	509	463	
6	0	0	0	0	507	463	
7	0	0	0	0	506	461	
8	0	0	0	0	508	462	
9	0	0	0	0	514	462	
10	0	0	0	0	518	464	
11	0	0	0	0	523	467	
12	0	0	0	0	524	471	
13	0	0	0	0	522	472	
14	0	0	0	0	519	470	
15	0	0	0	0	513	468	
0	0	0	0	0	509	467	
1	0	0	0	0	506	465	
2	0	0	0	0	503	463	
3	0	0	0	0	505	460	
4	0	0	0	0	508	458	
5	0	0	0	0	510	457	
6	0	0	0	0	510	460	
7	0	0	0	0	512	466	
8	0	0	0	0	519	472	
9	0	0	0	0	527	481	
10	0	0	0	0	535	489	
11	0	0	0	0	544	497	
12	0	0	0	0	553	503	
13	0	0	0	0	556	507	
14	0	0	0	0	553	508	
15	0	0	0	0	550	504	
0	0	0	0	0	546	498	
1	0	0	0	0	537	492	
2	0	0	0	0	529	490	
3	0	0	0	0	519	491	
4	0	0	0	0	509	491	
5	0	0	0	0	501	489	
6	0	0	0	0	496	487	
7	0	0	0	0	493	487	
8	0	0	0	0	489	479	
9	0	0	0	0	483	472	
10	0	0	0	0	477	468	
11	0	0	0	0	475	469	
12	0	0	0	0	476	470	
13	0	0	0	0	478	471	
14	0	0	0	0	477	473	
15	0	0	0	0	478	477	
0	0	0	0	0	479	483	
1	0	0	0	0	481	487	
2	0	0	0	0	484	488	
3	0	0	0	0	487	490	
4	0	0	0	0	492	489	
5	0	0	0	0	492	486	
6	0	0	0	0	494	483	
7	0	0	0	0	494	480	
8	0	0	0	0	495	480	
9	0	0	0	0	495	484	
10	0	0	0	0	498	489	
11	0	0	0	0	503	493	
12	0	0	0	0	507	496	
13	0	0	0	0	509	500	
14	0	0	0	0	511	504	
15	0	0	0	0	513	506	
0	0	0	0	0	514	507	
1	0	0	0	0	513	509	
2	0	0	0	0	515	514	
3	0	0	0	0	513	521	
4	0	0	0	0	513	523	
5	0	0	0	0	513	526	
6	0	0	0	0	511	527	
7	0	0	0	0	511	528	
8	0	0	0	0	512	527	
9	0	0	0	0	511	528	
10	0	0	0	0	508	528	
11	0	0	0	0	509	527	
12	0	0	0	0	508	528	
13	0	0	0	0	508	531	
14	0	0	0	0	509	531	
15	0	0	0	0	511	524	
0	0	0	0	0	514	524	
1	0	0	0	0	516	526	
2	0	0	0	0	518	529	
3	0	0	0	0	514	528	
4	0	0	0	0	510	522	
5	0	0	0	0	507	518	
6	0	0	0	0	508	515	
7	0	0	0	0	509	513	
8	0	0	0	0	504	511	
9	0	0	0	0	502	514	
10	0	0	0	0	498	516	
11	0	0	0	0	496	517	
12	0	0	0	0	492	515	
13	0	0	0	0	487	513	
14	0	0	0	0	488	510	
15	0	0	0	0	492	507	
0	0	0	0	0	495	504	
1	0	0	0	0	497	502	
2	0	0	0	0	500	498	
3	0	0	0	0	500	494	
4	0	0	0	0	498	488	
5	0	0	0	0	497	488	
6	0	0	0	0	497	486	
7	0	0	0	0	499	483	
8	0	0	0	0	502	483	
9	0	0	0	0	504	484	
10	0	0	0	0	504	489	
11	0	0	0	0	505	497	
12	0	0	0	0	506	508	
13	0	0	0	0	511	520	
14	0	0	0	0	519	533	
15	0	0	0	0	526	547	
0	0	0	0	0	536	557	
1	0	0	0	0	546	558	
2	0	0	0	0	555	553	
3	0	0	0	0	561	547	
4	0	0	0	0	566	543	
5	0	0	0	0	572	534	
6	0	0	0	0	572	526	
7	0	0	0	0	572	520	
8	0	0	0	0	571	517	
9	0	0	0	0	569	512	
10	0	0	0	0	568	512	
11	0	0	0	0	569	512	
12	0	0	0	0	572	514	
13	0	0	0	0	572	513	
14	0	0	0	0	570	511	
15	0	0	0	0	564	507	
0	0	0	0	0	560	504	
1	0	0	0	0	553	500	
2	0	0	0	0	547	492	
3	0	0	0	0	544	481	
4	0	0	0	0	539	476	
5	0	0	0	0	532	468	
6	0	0	0	0	529	466	
7	0	0	0	0	528	464	
8	0	0	0	0	530	462	
9	0	0	0	0	532	467	
10	0	0	0	0	534	472	
11	0	0	0	0	536	476	
12	0	0	0	0	534	482	
13	0	0	0	0	536	492	
14	0	0	0	0	540	503	
15	0	0	0	0	543	508	
0	0	0	0	0	547	509	
1	0	0	0	0	550	504	
2	0	0	0	0	547	497	
3	0	0	0	0	543	491	
4	0	0	0	0	537	489	
5	0	0	0	0	533	489	
6	0	0	0	0	529	494	
7	0	0	0	0	524	497	
8	0	0	0	0	520	496	
9	0	0	0	0	515	492	
10	0	0	0	0	507	489	
11	0	0	0	0	499	485	
12	0	0	0	0	492	480	
13	0	0	0	0	487	474	
14	0	0	0	0	485	468	
15	0	0	0	0	486	465	
0	0	0	0	0	487	463	
1	0	0	0	0	490	463	
2	0	0	0	0	497	464	
3	0	0	0	0	502	467	
4	0	0	0	0	504	472	
5	0	0	0	0	500	476	
6	0	0	0	0	497	480	
7	0	0	0	0	493	480	
8	0	0	0	0	488	481	
9	0	0	0	0	487	478	
10	0	0	0	0	487	470	
11	0	0	0	0	485	462	
12	0	0	0	0	483	457	
13	0	0	0	0	478	457	
14	0	0	0	0	476	460	
15	0	0	0	0	475	469	
0	0	0	0	0	475	480	
1	0	0	0	0	472	484	
2	0	0	0	0	467	489	
3	0	0	0	0	462	491	
4	0	0	0	0	463	493	
5	0	0	0	0	463	494	
6	0	0	0	0	465	495	
7	0	0	0	0	466	496	
8	0	0	0	0	467	500	
9	0	0	0	0	468	499	
10	0	0	0	0	467	499	
11	0	0	0	0	463	499	
12	0	0	0	0	461	501	
13	0	0	0	0	460	502	
14	0	0	0	0	463	498	
15	0	0	0	0	469	493	
0	0	0	0	0	479	490	
1	0	0	0	0	490	489	
2	0	0	0	0	502	486	
3	0	0	0	0	519	485	
4	0	0	0	0	532	488	
5	0	0	0	0	539	492	
6	0	0	0	0	542	498	
7	0	0	0	0	540	503	
8	0	0	0	0	534	510	
9	0	0	0	0	531	511	
10	0	0	0	0	521	507	
11	0	0	0	0	511	504	
12	0	0	0	0	500	500	
13	0	0	0	0	493	496	
14	0	0	0	0	491	492	
15	0	0	0	0	490	494	
0	0	0	0	0	487	497	
1	0	0	0	0	485	499	
2	0	0	0	0	486	497	
3	0	0	0	0	491	491	
4	0	0	0	0	497	484	
5	0	0	0	0	500	482	
6	0	0	0	0	503	480	
7	0	0	0	0	501	480	
8	0	0	0	0	499	477	
9	0	0	0	0	499	473	
10	0	0	0	0	504	469	
11	0	0	0	0	511	469	
12	0	0	0	0	516	467	
13	0	0	0	0	523	466	
14	0	0	0	0	528	471	
15	0	0	0	0	535	474	
0	0	0	0	0	535	477	
1	0	0	0	0	534	480	
2	0	0	0	0	535	484	
3	0	0	0	0	533	488	
4	0	0	0	0	533	489	
5	0	0	0	0	534	489	
6	0	0	0	0	535	492	
7	0	0	0	0	536	494	
8	0	0	0	0	538	493	
9	0	0	0	0	539	489	
10	0	0	0	0	543	489	
11	0	0	0	0	545	492	
12	0	0	0	0	546	496	
13	0	0	0	0	545	496	
14	0	0	0	0	541	497	
15	0	0	0	0	539	502	
0	0	0	0	0	540	506	
1	0	0	0	0	540	507	
2	0	0	0	0	537	505	
3	0	0	0	0	534	501	
4	0	0	0	0	531	495	
5	0	0	0	0	528	489	
6	0	0	0	0	525	484	
7	0	0	0	0	525	481	
8	0	0	0	0	528	480	
9	0	0	0	0	531	478	
10	0	0	0	0	535	478	
11	0	0	0	0	538	477	
12	0	0	0	0	540	476	
13	0	0	0	0	543	474	
14	0	0	0	0	544	473	
15	0	0	0	0	545	475	
0	0	0	0	0	547	480	
1	0	0	0	0	549	485	
2	0	0	0	0	551	487	
3	0	0	0	0	551	487	
4	0	0	0	0	547	484	
5	0	0	0	0	543	482	
6	0	0	0	0	539	483	
7	0	0	0	0	539	479	
8	0	0	0	0	540	476	
9	0	0	0	0	542	475	
10	0	0	0	0	543	473	
11	0	0	0	0	544	467	
12	0	0	0	0	543	462	
13	0	0	0	0	540	460	
14	0	0	0	0	537	458	
15	0	0	0	0	532	456	
0	0	0	0	0	529	455	
1	0	0	0	0	528	455	
2	0	0	0	0	531	459	
3	0	0	0	0	535	463	
4	0	0	0	0	540	463	
5	0	0	0	0	541	466	
6	0	0	0	0	539	468	
7	0	0	0	0	534	471	
8	0	0	0	0	533	476	
9	0	0	0	0	534	481	
10	0	0	0	0	533	487	
11	0	0	0	0	531	488	
12	0	0	0	0	528	485	
13	0	0	0	0	525	483	
14	0	0	0	0	518	478	
15	0	0	0	0	512	477	
0	0	0	0	0	505	475	
1	0	0	0	0	498	475	
2	0	0	0	0	494	473	
3	0	0	0	0	494	475	
4	0	0	0	0	496	480	
5	0	0	0	0	498	488	
6	0	0	0	0	501	498	
7	0	0	0	0	505	509	
8	0	0	0	0	509	519	
9	0	0	0	0	515	524	
10	0	0	0	0	523	529	
11	0	0	0	0	530	531	
12	0	0	0	0	536	526	
13	0	0	0	0	543	512	
14	0	0	0	0	545	494	
15	0	0	0	0	549	475	
0	0	0	0	0	552	454	
1	0	0	0	0	555	440	
2	0	0	0	0	557	431	
3	0	0	0	0	561	421	
4	0	0	0	0	572	415	
5	0	0	0	0	586	410	
6	0	0	0	0	598	408	
7	0	0	0	0	606	409	
8	0	0	0	0	613	413	
9	0	0	0	0	622	421	
10	0	0	0	0	630	425	
11	0	0	0	0	632	429	
12	0	0	0	0	632	433	
13	0	0	0	0	632	431	
14	0	0	0	0	632	421	
15	0	0	0	0	631	408	
0	0	0	0	0	627	394	
1	0	0	0	0	625	391	
2	0	0	0	0	625	385	
3	0	0	0	0	623	381	
4	0	0	0	0	623	380	
5	0	0	0	0	621	377	
6	0	0	0	0	622	382	
7	0	0	0	0	626	385	
8	0	0	0	0	635	386	
9	0	0	0	0	639	391	
10	0	0	0	0	641	396	
11	0	0	0	0	640	402	
12	0	0	0	0	638	409	
13	0	0	0	0	637	409	
14	0	0	0	0	637	409	
15	0	0	0	0	639	408	
0	0	0	0	0	641	407	
1	0	0	0	0	640	409	
2	0	0	0	0	636	409	
3	0	0	0	0	632	417	
4	0	0	0	0	626	419	
5	0	0	0	0	624	416	
6	0	0	0	0	618	412	
7	0	0	0	0	616	409	
8	0	0	0	0	620	411	
9	0	0	0	0	620	415	
10	0	0	0	0	622	419	
11	0	0	0	0	623	433	
12	0	0	0	0	624	447	
13	0	0	0	0	623	455	
14	0	0	0	0	620	458	
15	0	0	0	0	617	455	
0	0	0	0	0	614	455	
1	0	0	0	0	607	450	
2	0	0	0	0	595	444	
3	0	0	0	0	586	439	
4	0	0	0	0	578	428	
5	0	0	0	0	573	422	
6	0	0	0	0	570	409	
7	0	0	0	0	571	397	
8	0	0	0	0	572	388	
9	0	0	0	0	574	383	
10	0	0	0	0	576	382	
11	0	0	0	0	580	384	
12	0	0	0	0	582	388	
13	0	0	0	0	577	391	
14	0	0	0	0	572	396	
15	0	0	0	0	566	401	
0	0	0	0	0	557	402	
1	0	0	0	0	549	402	
2	0	0	0	0	542	402	
3	0	0	0	0	539	403	
4	0	0	0	0	537	401	
5	0	0	0	0	538	401	
6	0	0	0	0	540	407	
7	0	0	0	0	543	408	
8	0	0	0	0	541	410	
9	0	0	0	0	540	409	
10	0	0	0	0	536	404	
11	0	0	0	0	530	408	
12	0	0	0	0	520	412	
13	0	0	0	0	513	418	
14	0	0	0	0	504	425	
15	0	0	0	0	497	430	
0	0	0	0	0	492	434	
1	0	0	0	0	487	438	
2	0	0	0	0	481	440	
3	0	0	0	0	478	440	
4	0	0	0	0	474	439	
5	0	0	0	0	474	432	
6	0	0	0	0	474	422	
7	0	0	0	0	474	410	
8	0	0	0	0	474	403	
9	0	0	0	0	472	399	
10	0	0	0	0	471	393	
11	0	0	0	0	469	387	
12	0	0	0	0	472	387	
13	0	0	0	0	471	384	
14	0	0	0	0	472	386	
15	0	0	0	0	475	390	
0	0	0	0	0	479	392	
1	0	0	0	0	479	393	
2	0	0	0	0	477	392	
3	0	0	0	0	476	387	
4	0	0	0	0	473	382	
5	0	0	0	0	471	376	
6	0	0	0	0	474	372	
7	0	0	0	0	480	376	
8	0	0	0	0	487	380	
9	0	0	0	0	493	385	
10	0	0	0	0	499	392	
11	0	0	0	0	507	398	
12	0	0	0	0	512	406	
13	0	0	0	0	515	408	
14	0	0	0	0	518	412	
15	0	0	0	0	515	413	
0	0	0	0	0	514	412	
1	0	0	0	0	512	411	
2	0	0	0	0	513	413	
3	0	0	0	0	513	412	
4	0	0	0	0	516	415	
5	0	0	0	0	515	417	
6	0	0	0	0	513	420	
7	0	0	0	0	513	425	
8	0	0	0	0	511	433	
9	0	0	0	0	505	436	
10	0	0	0	0	499	432	
11	0	0	0	0	495	425	
12	0	0	0	0	491	424	
13	0	0	0	0	487	421	
14	0	0	0	0	483	418	
15	0	0	0	0	479	415	
0	0	0	0	0	474	415	
1	0	0	0	0	472	416	
2	0	0	0	0	472	421	
3	0	0	0	0	468	423	
4	0	0	0	0	468	423	
5	0	0	0	0	471	423	
6	0	0	0	0	472	425	
7	0	0	0	0	472	429	
8	0	0	0	0	472	431	
9	0	0	0	0	472	432	
10	0	0	0	0	469	431	
11	0	0	0	0	463	431	
12	0	0	0	0	459	432	
13	0	0	0	0	457	435	
14	0	0	0	0	459	440	
15	0	0	0	0	465	446	
0	0	0	0	0	469	447	
1	0	0	0	0	470	446	
2	0	0	0	0	471	441	
3	0	0	0	0	471	435	
4	0	0	0	0	469	426	
5	0	0	0	0	467	418	
6	0	0	0	0	468	415	
7	0	0	0	0	472	417	
8	0	0	0	0	481	423	
9	0	0	0	0	492	431	
10	0	0	0	0	501	435	
11	0	0	0	0	505	436	
12	0	0	0	0	504	436	
13	0	0	0	0	501	436	
14	0	0	0	0	498	436	
15	0	0	0	0	497	436	
0	0	0	0	0	497	438	
1	0	0	0	0	497	445	
2	0	0	0	0	496	451	
3	0	0	0	0	492	456	
4	0	0	0	0	485	460	
5	0	0	0	0	476	463	
6	0	0	0	0	469	463	
7	0	0	0	0	463	462	
8	0	0	0	0	457	458	
9	0	0	0	0	454	453	
10	0	0	0	0	448	451	
11	0	0	0	0	440	454	
12	0	0	0	0	432	458	
13	0	0	0	0	429	461	
14	0	0	0	0	431	465	
15	0	0	0	0	436	472	
0	0	0	0	0	444	479	
1	0	0	0	0	448	482	
2	0	0	0	0	453	484	
3	0	0	0	0	459	483	
4	0	0	0	0	463	483	
5	0	0	0	0	470	484	
6	0	0	0	0	472	483	
7	0	0	0	0	471	479	
8	0	0	0	0	467	475	
9	0	0	0	0	462	475	
10	0	0	0	0	457	478	
11	0	0	0	0	452	483	
12	0	0	0	0	453	493	
13	0	0	0	0	456	503	
14	0	0	0	0	461	505	
15	0	0	0	0	466	502	
0	0	0	0	0	473	498	
1	0	0	0	0	480	492	
2	0	0	0	0	484	487	
3	0	0	0	0	483	485	
4	0	0	0	0	479	483	
5	0	0	0	0	476	481	
6	0	0	0	0	471	478	
7	0	0	0	0	468	478	
8	0	0	0	0	468	480	
9	0	0	0	0	470	485	
10	0	0	0	0	469	493	
11	0	0	0	0	467	497	
12	0	0	0	0	466	496	
13	0	0	0	0	469	493	
14	0	0	0	0	471	494	
15	0	0	0	0	472	496	
0	0	0	0	0	473	496	
1	0	0	0	0	476	495	
2	0	0	0	0	478	493	
3	0	0	0	0	479	492	
4	0	0	0	0	480	494	
5	0	0	0	0	480	496	
6	0	0	0	0	480	502	
7	0	0	0	0	483	509	
8	0	0	0	0	487	513	
9	0	0	0	0	493	517	
10	0	0	0	0	496	516	
11	0	0	0	0	500	516	
12	0	0	0	0	503	517	
13	0	0	0	0	508	520	
14	0	0	0	0	513	524	
15	0	0	0	0	517	529	
0	0	0	0	0	521	530	
1	0	0	0	0	526	525	
2	0	0	0	0	532	519	
3	0	0	0	0	539	514	
4	0	0	0	0	542	512	
5	0	0	0	0	542	509	
6	0	0	0	0	541	508	
7	0	0	0	0	539	505	
8	0	0	0	0	540	504	
9	0	0	0	0	538	506	
10	0	0	0	0	536	504	
11	0	0	0	0	531	501	
12	0	0	0	0	532	497	
13	0	0	0	0	538	496	
14	0	0	0	0	544	496	
15	0	0	0	0	553	501	
0	0	0	0	0	561	508	
1	0	0	0	0	569	513	
2	0	0	0	0	574	514	
3	0	0	0	0	577	519	
4	0	0	0	0	577	528	
5	0	0	0	0	576	542	
6	0	0	0	0	572	553	
7	0	0	0	0	567	560	
8	0	0	0	0	561	560	
9	0	0	0	0	553	558	
10	0	0	0	0	543	551	
11	0	0	0	0	535	548	
12	0	0	0	0	529	548	
13	0	0	0	0	525	552	
14	0	0	0	0	521	554	
15	0	0	0	0	521	558	
0	0	0	0	0	521	561	
1	0	0	0	0	521	563	
2	0	0	0	0	521	564	
3	0	0	0	0	525	566	
4	0	0	0	0	526	563	
5	0	0	0	0	527	558	
6	0	0	0	0	528	553	
7	0	0	0	0	527	547	
8	0	0	0	0	524	539	
9	0	0	0	0	521	530	
10	0	0	0	0	516	525	
11	0	0	0	0	510	519	
12	0	0	0	0	506	513	
13	0	0	0	0	502	511	
14	0	0	0	0	499	509	
15	0	0	0	0	498	503	
0	0	0	0	0	498	497	
1	0	0	0	0	498	493	
2	0	0	0	0	501	489	
3	0	0	0	0	506	486	
4	0	0	0	0	512	488	
5	0	0	0	0	519	494	
6	0	0	0	0	523	501	
7	0	0	0	0	526	509	
8	0	0	0	0	529	516	
9	0	0	0	0	532	524	
10	0	0	0	0	540	529	
11	0	0	0	0	543	536	
12	0	0	0	0	545	543	
13	0	0	0	0	545	548	
14	0	0	0	0	547	548	
15	0	0	0	0	553	542	
0	0	0	0	0	561	532	
1	0	0	0	0	567	521	
2	0	0	0	0	568	512	
3	0	0	0	0	568	503	
4	0	0	0	0	570	495	
5	0	0	0	0	571	489	
6	0	0	0	0	571	485	
7	0	0	0	0	570	481	
8	0	0	0	0	569	480	
9	0	0	0	0	567	477	
10	0	0	0	0	557	473	
11	0	0	0	0	547	473	
12	0	0	0	0	537	477	
13	0	0	0	0	530	487	
14	0	0	0	0	529	499	
15	0	0	0	0	530	514	
0	0	0	0	0	533	528	
1	0	0	0	0	534	534	
2	0	0	0	0	538	539	
3	0	0	0	0	544	544	
4	0	0	0	0	551	547	
5	0	0	0	0	552	546	
6	0	0	0	0	550	543	
7	0	0	0	0	544	542	
8	0	0	0	0	539	542	
9	0	0	0	0	533	541	
10	0	0	0	0	526	537	
11	0	0	0	0	521	533	
12	0	0	0	0	520	532	
13	0	0	0	0	522	533	
14	0	0	0	0	522	538	
15	0	0	0	0	524	540	
0	0	0	0	0	527	542	
1	0	0	0	0	529	543	
2	0	0	0	0	530	545	
3	0	0	0	0	531	546	
4	0	0	0	0	534	544	
5	0	0	0	0	538	543	
6	0	0	0	0	539	538	
7	0	0	0	0	537	534	
8	0	0	0	0	539	532	
9	0	0	0	0	537	529	
10	0	0	0	0	534	525	
11	0	0	0	0	525	517	
12	0	0	0	0	518	510	
13	0	0	0	0	511	502	
14	0	0	0	0	509	496	
15	0	0	0	0	509	494	
0	0	0	0	0	507	492	
1	0	0	0	0	501	491	
2	0	0	0	0	497	493	
3	0	0	0	0	494	498	
4	0	0	0	0	492	508	
5	0	0	0	0	490	521	
6	0	0	0	0	494	534	
7	0	0	0	0	499	549	
8	0	0	0	0	504	560	
9	0	0	0	0	505	566	
10	0	0	0	0	502	568	
11	0	0	0	0	497	568	
12	0	0	0	0	486	564	
13	0	0	0	0	477	559	
14	0	0	0	0	472	554	
15	0	0	0	0	470	546	
0	0	0	0	0	472	536	
1	0	0	0	0	475	527	
2	0	0	0	0	480	515	
3	0	0	0	0	486	503	
4	0	0	0	0	488	488	
5	0	0	0	0	491	477	
6	0	0	0	0	493	468	
7	0	0	0	0	500	464	
8	0	0	0	0	507	464	
9	0	0	0	0	516	469	
10	0	0	0	0	522	478	
11	0	0	0	0	523	495	
12	0	0	0	0	518	518	
13	0	0	0	0	516	540	
14	0	0	0	0	513	555	
15	0	0	0	0	512	562	
0	0	0	0	0	505	560	
1	0	0	0	0	499	555	
2	0	0	0	0	493	543	
3	0	0	0	0	488	526	
4	0	0	0	0	487	505	
5	0	0	0	0	481	479	
6	0	0	0	0	474	454	
7	0	0	0	0	470	435	
8	0	0	0	0	468	425	
9	0	0	0	0	475	424	
10	0	0	0	0	487	429	
11	0	0	0	0	499	437	
12	0	0	0	0	509	451	
13	0	0	0	0	512	466	
14	0	0	0	0	510	484	
15	0	0	0	0	502	499	
0	0	0	0	0	490	511	
1	0	0	0	0	479	520	
2	0	0	0	0	472	533	
3	0	0	0	0	467	539	
4	0	0	0	0	468	542	
5	0	0	0	0	475	539	
6	0	0	0	0	478	526	
7	0	0	0	0	482	510	
8	0	0	0	0	493	494	
9	0	0	0	0	504	480	
10	0	0	0	0	509	473	
11	0	0	0	0	511	471	
12	0	0	0	0	511	472	
13	0	0	0	0	508	475	
14	0	0	0	0	502	480	
15	0	0	0	0	498	482	
0	0	0	0	0	497	484	
1	0	0	0	0	496	483	
2	0	0	0	0	494	475	
3	0	0	0	0	496	463	
4	0	0	0	0	498	446	
5	0	0	0	0	500	422	
6	0	0	0	0	504	395	
7	0	0	0	0	509	368	
8	0	0	0	0	513	351	
9	0	0	0	0	516	347	
10	0	0	0	0	518	355	
11	0	0	0	0	519	367	
12	0	0	0	0	522	385	
13	0	0	0	0	528	404	
14	0	0	0	0	531	423	
15	0	0	0	0	529	440	
0	0	0	0	0	522	455	
1	0	0	0	0	512	467	
2	0	0	0	0	500	483	
3	0	0	0	0	487	502	
4	0	0	0	0	471	522	
5	0	0	0	0	457	540	
6	0	0	0	0	440	543	
7	0	0	0	0	425	537	
8	0	0	0	0	412	529	
9	0	0	0	0	401	514	
10	0	0	0	0	393	497	
11	0	0	0	0	388	492	
12	0	0	0	0	399	492	
13	0	0	0	0	422	499	
14	0	0	0	0	444	503	
15	0	0	0	0	460	502	
0	0	0	0	0	468	502	
1	0	0	0	0	467	502	
2	0	0	0	0	464	506	
3	0	0	0	0	463	511	
4	0	0	0	0	462	512	
5	0	0	0	0	461	508	
6	0	0	0	0	463	502	
7	0	0	0	0	465	496	
8	0	0	0	0	468	492	
9	0	0	0	0	472	492	
10	0	0	0	0	473	492	
11	0	0	0	0	474	493	
12	0	0	0	0	476	487	
13	0	0	0	0	475	483	
14	0	0	0	0	475	478	
15	0	0	0	0	471	473	
0	0	0	0	0	462	468	
1	0	0	0	0	457	465	
2	0	0	0	0	451	463	
3	0	0	0	0	448	460	
4	0	0	0	0	447	455	
5	0	0	0	0	451	449	
6	0	0	0	0	453	444	
7	0	0	0	0	450	443	
8	0	0	0	0	447	443	
9	0	0	0	0	450	449	
10	0	0	0	0	457	459	
11	0	0	0	0	464	466	
12	0	0	0	0	472	474	
13	0	0	0	0	476	484	
14	0	0	0	0	479	495	
15	0	0	0	0	483	507	
0	0	0	0	0	486	520	
1	0	0	0	0	489	525	
2	0	0	0	0	493	529	
3	0	0	0	0	499	534	
4	0	0	0	0	507	536	
5	0	0	0	0	516	535	
6	0	0	0	0	522	532	
7	0	0	0	0	528	529	
8	0	0	0	0	533	527	
9	0	0	0	0	537	532	
10	0	0	0	0	543	541	
11	0	0	0	0	547	553	
12	0	0	0	0	549	558	
13	0	0	0	0	547	558	
14	0	0	0	0	546	555	
15	0	0	0	0	540	550	
0	0	0	0	0	531	545	
1	0	0	0	0	525	539	
2	0	0	0	0	519	537	
3	0	0	0	0	512	539	
4	0	0	0	0	506	539	
5	0	0	0	0	502	540	
6	0	0	0	0	497	536	
7	0	0	0	0	495	533	
8	0	0	0	0	496	527	
9	0	0	0	0	496	524	
10	0	0	0	0	496	525	
11	0	0	0	0	498	528	
12	0	0	0	0	506	533	
13	0	0	0	0	511	540	
14	0	0	0	0	513	548	
15	0	0	0	0	515	556	
0	0	0	0	0	521	562	
1	0	0	0	0	529	565	
2	0	0	0	0	538	563	
3	0	0	0	0	546	559	
4	0	0	0	0	556	553	
5	0	0	0	0	568	545	
6	0	0	0	0	582	542	
7	0	0	0	0	591	543	
8	0	0	0	0	595	547	
9	0	0	0	0	600	553	
10	0	0	0	0	603	557	
11	0	0	0	0	606	557	
12	0	0	0	0	603	555	
13	0	0	0	0	598	551	
14	0	0	0	0	591	550	
15	0	0	0	0	583	546	
0	0	0	0	0	575	545	
1	0	0	0	0	572	543	
2	0	0	0	0	566	540	
3	0	0	0	0	561	538	
4	0	0	0	0	556	531	
5	0	0	0	0	550	527	
6	0	0	0	0	543	527	
7	0	0	0	0	535	528	
8	0	0	0	0	526	527	
9	0	0	0	0	521	528	
10	0	0	0	0	518	527	
11	0	0	0	0	515	525	
12	0	0	0	0	515	527	
13	0	0	0	0	516	528	
14	0	0	0	0	519	530	
15	0	0	0	0	519	528	
0	0	0	0	0	518	522	
1	0	0	0	0	519	516	
2	0	0	0	0	519	512	
3	0	0	0	0	522	513	
4	0	0	0	0	525	517	
5	0	0	0	0	526	524	
6	0	0	0	0	526	535	
7	0	0	0	0	524	546	
8	0	0	0	0	521	558	
9	0	0	0	0	521	565	
10	0	0	0	0	519	569	
11	0	0	0	0	518	574	
12	0	0	0	0	517	575	
13	0	0	0	0	513	575	
14	0	0	0	0	508	571	
15	0	0	0	0	504	564	
0	0	0	0	0	498	556	
1	0	0	0	0	492	547	
2	0	0	0	0	487	538	
3	0	0	0	0	486	531	
4	0	0	0	0	480	527	
5	0	0	0	0	472	527	
6	0	0	0	0	465	531	
7	0	0	0	0	460	535	
8	0	0	0	0	459	534	
9	0	0	0	0	460	536	
10	0	0	0	0	462	537	
11	0	0	0	0	462	535	
12	0	0	0	0	466	531	
13	0	0	0	0	475	523	
14	0	0	0	0	481	514	
15	0	0	0	0	485	506	
0	0	0	0	0	490	496	
1	0	0	0	0	496	492	
2	0	0	0	0	499	490	
3	0	0	0	0	502	493	
4	0	0	0	0	505	499	
5	0	0	0	0	504	502	
6	0	0	0	0	506	505	
7	0	0	0	0	507	508	
8	0	0	0	0	506	513	
9	0	0	0	0	508	516	
10	0	0	0	0	510	520	
11	0	0	0	0	511	520	
12	0	0	0	0	512	519	
13	0	0	0	0	514	517	
14	0	0	0	0	517	517	
15	0	0	0	0	520	518	
0	0	0	0	0	521	519	
1	0	0	0	0	522	526	
2	0	0	0	0	519	531	
3	0	0	0	0	515	535	
4	0	0	0	0	511	536	
5	0	0	0	0	511	537	
6	0	0	0	0	508	536	
7	0	0	0	0	507	530	
8	0	0	0	0	508	525	
9	0	0	0	0	510	517	
10	0	0	0	0	510	508	
11	0	0	0	0	511	497	
12	0	0	0	0	517	494	
13	0	0	0	0	519	499	
14	0	0	0	0	523	510	
15	0	0	0	0	524	523	
0	0	0	0	0	523	539	
1	0	0	0	0	521	551	
2	0	0	0	0	515	560	
3	0	0	0	0	510	568	
4	0	0	0	0	503	569	
5	0	0	0	0	492	566	
6	0	0	0	0	482	558	
7	0	0	0	0	472	549	
8	0	0	0	0	464	542	
9	0	0	0	0	464	534	
10	0	0	0	0	466	525	
11	0	0	0	0	471	514	
12	0	0	0	0	480	504	
13	0	0	0	0	491	496	
14	0	0	0	0	499	487	
15	0	0	0	0	508	481	
0	0	0	0	0	518	482	
1	0	0	0	0	525	486	
2	0	0	0	0	533	494	
3	0	0	0	0	541	502	
4	0	0	0	0	551	511	
5	0	0	0	0	565	518	
6	0	0	0	0	577	526	
7	0	0	0	0	583	532	
8	0	0	0	0	581	541	
9	0	0	0	0	578	547	
10	0	0	0	0	577	549	
11	0	0	0	0	575	548	
12	0	0	0	0	572	547	
13	0	0	0	0	572	548	
14	0	0	0	0	574	553	
15	0	0	0	0	577	560	
0	0	0	0	0	584	570	
1	0	0	0	0	589	583	
2	0	0	0	0	596	591	
3	0	0	0	0	601	593	
4	0	0	0	0	602	589	
5	0	0	0	0	596	582	
6	0	0	0	0	588	572	
7	0	0	0	0	575	561	
8	0	0	0	0	560	553	
9	0	0	0	0	547	547	
10	0	0	0	0	540	544	
11	0	0	0	0	534	547	
12	0	0	0	0	534	548	
13	0	0	0	0	538	548	
14	0	0	0	0	544	551	
15	0	0	0	0	548	552	
0	0	0	0	0	555	552	
1	0	0	0	0	557	553	
2	0	0	0	0	559	551	
3	0	0	0	0	561	549	
4	0	0	0	0	561	543	
5	0	0	0	0	560	535	
6	0	0	0	0	557	525	
7	0	0	0	0	553	514	
8	0	0	0	0	549	507	
9	0	0	0	0	550	504	
10	0	0	0	0	553	509	
11	0	0	0	0	560	515	
12	0	0	0	0	568	520	
13	0	0	0	0	574	528	
14	0	0	0	0	578	541	
15	0	0	0	0	583	557	
0	0	0	0	0	588	572	
1	0	0	0	0	591	585	
2	0	0	0	0	586	597	
3	0	0	0	0	576	608	
4	0	0	0	0	568	623	
5	0	0	0	0	557	632	
6	0	0	0	0	544	637	
7	0	0	0	0	528	640	
8	0	0	0	0	513	637	
9	0	0	0	0	497	627	
10	0	0	0	0	484	611	
11	0	0	0	0	478	592	
12	0	0	0	0	471	572	
13	0	0	0	0	468	545	
14	0	0	0	0	470	523	
15	0	0	0	0	475	505	
0	0	0	0	0	480	492	
1	0	0	0	0	484	480	
2	0	0	0	0	487	470	
3	0	0	0	0	487	463	
4	0	0	0	0	487	455	
5	0	0	0	0	484	445	
6	0	0	0	0	477	441	
7	0	0	0	0	471	447	
8	0	0	0	0	467	456	
9	0	0	0	0	463	463	
10	0	0	0	0	463	469	
11	0	0	0	0	462	472	
12	0	0	0	0	463	469	
13	0	0	0	0	468	469	
14	0	0	0	0	475	477	
15	0	0	0	0	479	491	
0	0	0	0	0	483	514	
1	0	0	0	0	487	547	
2	0	0	0	0	493	580	
3	0	0	0	0	500	611	
4	0	0	0	0	507	630	
5	0	0	0	0	512	632	
6	0	0	0	0	515	629	
7	0	0	0	0	519	625	
8	0	0	0	0	532	624	
9	0	0	0	0	546	622	
10	0	0	0	0	552	615	
11	0	0	0	0	557	606	
12	0	0	0	0	567	596	
13	0	0	0	0	578	588	
14	0	0	0	0	587	579	
15	0	0	0	0	591	571	
0	0	0	0	0	588	560	
1	0	0	0	0	582	547	
2	0	0	0	0	580	539	
3	0	0	0	0	574	531	
4	0	0	0	0	567	515	
5	0	0	0	0	557	486	
6	0	0	0	0	549	455	
7	0	0	0	0	542	419	
8	0	0	0	0	535	390	
9	0	0	0	0	527	371	
10	0	0	0	0	521	356	
11	0	0	0	0	519	360	
12	0	0	0	0	515	369	
13	0	0	0	0	519	385	
14	0	0	0	0	525	406	
15	0	0	0	0	535	421	
0	0	0	0	0	546	435	
1	0	0	0	0	559	444	
2	0	0	0	0	565	451	
3	0	0	0	0	568	451	
4	0	0	0	0	568	451	
5	0	0	0	0	568	451	
6	0	0	0	0	571	457	
7	0	0	0	0	568	464	
8	0	0	0	0	566	474	
9	0	0	0	0	563	478	
10	0	0	0	0	563	483	
11	0	0	0	0	563	488	
12	0	0	0	0	566	492	
13	0	0	0	0	568	503	
14	0	0	0	0	573	518	
15	0	0	0	0	581	535	
0	0	0	0	0	590	553	
1	0	0	0	0	595	573	
2	0	0	0	0	592	581	
3	0	0	0	0	588	585	
4	0	0	0	0	583	583	
5	0	0	0	0	581	578	
6	0	0	0	0	581	564	
7	0	0	0	0	583	544	
8	0	0	0	0	581	521	
9	0	0	0	0	575	500	
10	0	0	0	0	562	481	
11	0	0	0	0	542	472	
12	0	0	0	0	524	467	
13	0	0	0	0	503	463	
14	0	0	0	0	486	459	
15	0	0	0	0	478	452	
0	0	0	0	0	480	442	
1	0	0	0	0	487	432	
2	0	0	0	0	496	420	
3	0	0	0	0	506	413	
4	0	0	0	0	517	408	
5	0	0	0	0	519	408	
6	0	0	0	0	514	409	
7	0	0	0	0	506	412	
8	0	0	0	0	495	420	
9	0	0	0	0	486	432	
10	0	0	0	0	481	445	
11	0	0	0	0	478	460	
12	0	0	0	0	478	472	
13	0	0	0	0	479	485	
14	0	0	0	0	483	490	
15	0	0	0	0	480	492	
0	0	0	0	0	473	491	
1	0	0	0	0	468	492	
2	0	0	0	0	466	500	
3	0	0	0	0	467	518	
4	0	0	0	0	470	536	
5	0	0	0	0	473	554	
6	0	0	0	0	475	568	
7	0	0	0	0	478	575	
8	0	0	0	0	480	579	
9	0	0	0	0	480	579	
10	0	0	0	0	477	573	
11	0	0	0	0	473	562	
12	0	0	0	0	467	550	
13	0	0	0	0	458	539	
14	0	0	0	0	449	529	
15	0	0	0	0	438	520	
0	0	0	0	0	425	511	
1	0	0	0	0	415	505	
2	0	0	0	0	411	506	
3	0	0	0	0	414	518	
4	0	0	0	0	421	534	
5	0	0	0	0	432	552	
6	0	0	0	0	444	571	
7	0	0	0	0	457	585	
8	0	0	0	0	469	593	
9	0	0	0	0	480	596	
10	0	0	0	0	486	588	
11	0	0	0	0	494	582	
12	0	0	0	0	507	579	
13	0	0	0	0	522	580	
14	0	0	0	0	535	579	
15	0	0	0	0	543	586	
0	0	0	0	0	547	595	
1	0	0	0	0	543	601	
2	0	0	0	0	539	605	
3	0	0	0	0	530	601	
4	0	0	0	0	518	592	
5	0	0	0	0	505	575	
6	0	0	0	0	493	562	
7	0	0	0	0	484	546	
8	0	0	0	0	473	529	
9	0	0	0	0	469	518	
10	0	0	0	0	472	505	
11	0	0	0	0	476	494	
12	0	0	0	0	481	486	
13	0	0	0	0	488	480	
14	0	0	0	0	502	479	
15	0	0	0	0	511	475	
0	0	0	0	0	515	475	
1	0	0	0	0	522	480	
2	0	0	0	0	527	488	
3	0	0	0	0	529	500	
4	0	0	0	0	529	515	
5	0	0	0	0	531	528	
6	0	0	0	0	531	536	
7	0	0	0	0	530	543	
8	0	0	0	0	533	545	
9	0	0	0	0	536	544	
10	0	0	0	0	538	539	
11	0	0	0	0	542	535	
12	0	0	0	0	545	535	
13	0	0	0	0	548	532	
14	0	0	0	0	555	530	
15	0	0	0	0	558	531	
0	0	0	0	0	558	536	
1	0	0	0	0	554	543	
2	0	0	0	0	548	550	
3	0	0	0	0	543	550	
4	0	0	0	0	536	546	
5	0	0	0	0	528	542	
6	0	0	0	0	523	530	
7	0	0	0	0	516	514	
8	0	0	0	0	505	497	
9	0	0	0	0	495	480	
10	0	0	0	0	492	467	
11	0	0	0	0	490	456	
12	0	0	0	0	493	448	
13	0	0	0	0	495	441	
14	0	0	0	0	494	439	
15	0	0	0	0	490	443	
0	0	0	0	0	485	448	
1	0	0	0	0	480	455	
2	0	0	0	0	478	459	
3	0	0	0	0	478	460	
4	0	0	0	0	483	462	
5	0	0	0	0	490	465	
6	0	0	0	0	496	472	
7	0	0	0	0	501	481	
8	0	0	0	0	505	491	
9	0	0	0	0	511	497	
10	0	0	0	0	514	502	
11	0	0	0	0	515	506	
12	0	0	0	0	519	509	
13	0	0	0	0	524	511	
14	0	0	0	0	528	512	
15	0	0	0	0	533	513	
0	0	0	0	0	540	514	
1	0	0	0	0	545	513	
2	0	0	0	0	551	515	
3	0	0	0	0	558	524	
4	0	0	0	0	564	537	
5	0	0	0	0	568	555	
6	0	0	0	0	568	573	
7	0	0	0	0	563	586	
8	0	0	0	0	558	598	
9	0	0	0	0	553	608	
10	0	0	0	0	549	612	
11	0	0	0	0	544	615	
12	0	0	0	0	538	612	
13	0	0	0	0	531	604	
14	0	0	0	0	524	595	
15	0	0	0	0	520	588	
0	0	0	0	0	519	582	
1	0	0	0	0	517	573	
2	0	0	0	0	514	567	
3	0	0	0	0	509	568	
4	0	0	0	0	504	583	
5	0	0	0	0	507	609	
6	0	0	0	0	513	640	
7	0	0	0	0	518	661	
8	0	0	0	0	519	669	
9	0	0	0	0	518	670	
10	0	0	0	0	515	665	
11	0	0	0	0	509	654	
12	0	0	0	0	505	636	
13	0	0	0	0	504	620	
14	0	0	0	0	504	606	
15	0	0	0	0	501	589	
0	0	0	0	0	494	565	
1	0	0	0	0	486	539	
2	0	0	0	0	476	517	
3	0	0	0	0	470	498	
4	0	0	0	0	471	490	
5	0	0	0	0	475	485	
6	0	0	0	0	482	486	
7	0	0	0	0	494	492	
8	0	0	0	0	508	499	
9	0	0	0	0	523	508	
10	0	0	0	0	533	511	
11	0	0	0	0	534	508	
12	0	0	0	0	534	504	
13	0	0	0	0	532	504	
14	0	0	0	0	527	506	
15	0	0	0	0	519	508	
0	0	0	0	0	512	510	
1	0	0	0	0	503	512	
2	0	0	0	0	495	512	
3	0	0	0	0	492	514	
4	0	0	0	0	486	515	
5	0	0	0	0	481	516	
6	0	0	0	0	476	517	
7	0	0	0	0	468	518	
8	0	0	0	0	464	515	
9	0	0	0	0	460	512	
10	0	0	0	0	457	509	
11	0	0	0	0	454	504	
12	0	0	0	0	448	501	
13	0	0	0	0	443	497	
14	0	0	0	0	440	497	
15	0	0	0	0	441	496	
0	0	0	0	0	448	494	
1	0	0	0	0	451	492	
2	0	0	0	0	454	488	
3	0	0	0	0	455	485	
4	0	0	0	0	456	481	
5	0	0	0	0	456	476	
6	0	0	0	0	458	479	
7	0	0	0	0	460	481	
8	0	0	0	0	465	488	
9	0	0	0	0	476	494	
10	0	0	0	0	489	500	
11	0	0	0	0	503	506	
12	0	0	0	0	513	514	
13	0	0	0	0	517	524	
14	0	0	0	0	518	536	
15	0	0	0	0	520	552	
0	0	0	0	0	520	568	
1	0	0	0	0	514	581	
2	0	0	0	0	506	585	
3	0	0	0	0	496	580	
4	0	0	0	0	488	569	
5	0	0	0	0	482	556	
6	0	0	0	0	481	543	
7	0	0	0	0	480	535	
8	0	0	0	0	482	536	
9	0	0	0	0	488	541	
10	0	0	0	0	496	546	
11	0	0	0	0	504	550	
12	0	0	0	0	510	551	
13	0	0	0	0	519	550	
14	0	0	0	0	525	551	
15	0	0	0	0	529	551	
0	0	0	0	0	531	552	
1	0	0	0	0	529	550	
2	0	0	0	0	525	544	
3	0	0	0	0	517	540	
4	0	0	0	0	507	537	
5	0	0	0	0	494	536	
6	0	0	0	0	481	538	
7	0	0	0	0	470	540	
8	0	0	0	0	460	543	
9	0	0	0	0	455	550	
10	0	0	0	0	454	565	
11	0	0	0	0	455	583	
12	0	0	0	0	453	596	
13	0	0	0	0	452	604	
14	0	0	0	0	451	605	
15	0	0	0	0	449	597	
0	0	0	0	0	451	587	
1	0	0	0	0	454	578	
2	0	0	0	0	457	573	
3	0	0	0	0	459	569	
4	0	0	0	0	457	563	
5	0	0	0	0	457	558	
6	0	0	0	0	455	552	
7	0	0	0	0	456	545	
8	0	0	0	0	460	539	
9	0	0	0	0	465	534	
10	0	0	0	0	466	525	
11	0	0	0	0	466	512	
12	0	0	0	0	465	499	
13	0	0	0	0	468	490	
14	0	0	0	0	471	490	
15	0	0	0	0	480	498	
0	0	0	0	0	491	509	
1	0	0	0	0	507	519	
2	0	0	0	0	517	527	
3	0	0	0	0	524	531	
4	0	0	0	0	531	530	
5	0	0	0	0	534	530	
6	0	0	0	0	535	527	
7	0	0	0	0	534	522	
8	0	0	0	0	531	514	
9	0	0	0	0	527	502	
10	0	0	0	0	524	492	
11	0	0	0	0	523	490	
12	0	0	0	0	522	494	
13	0	0	0	0	521	501	
14	0	0	0	0	523	507	
15	0	0	0	0	527	515	
0	0	0	0	0	530	520	
1	0	0	0	0	535	524	
2	0	0	0	0	541	523	
3	0	0	0	0	546	519	
4	0	0	0	0	545	511	
5	0	0	0	0	545	500	
6	0	0	0	0	548	492	
7	0	0	0	0	550	482	
8	0	0	0	0	551	476	
9	0	0	0	0	551	469	
10	0	0	0	0	550	467	
11	0	0	0	0	552	470	
12	0	0	0	0	554	476	
13	0	0	0	0	559	487	
14	0	0	0	0	567	507	
15	0	0	0	0	572	528	
0	0	0	0	0	576	543	
1	0	0	0	0	579	544	
2	0	0	0	0	576	539	
3	0	0	0	0	573	528	
4	0	0	0	0	566	523	
5	0	0	0	0	555	519	
6	0	0	0	0	545	516	
7	0	0	0	0	536	511	
8	0	0	0	0	533	509	
9	0	0	0	0	531	516	
10	0	0	0	0	529	528	
11	0	0	0	0	527	539	
12	0	0	0	0	524	551	
13	0	0	0	0	520	559	
14	0	0	0	0	515	568	
15	0	0	0	0	509	579	
0	0	0	0	0	501	589	
1	0	0	0	0	498	597	
2	0	0	0	0	496	600	
3	0	0	0	0	497	601	
4	0	0	0	0	497	598	
5	0	0	0	0	495	589	
6	0	0	0	0	490	577	
7	0	0	0	0	481	568	
8	0	0	0	0	473	560	
9	0	0	0	0	464	550	
10	0	0	0	0	461	545	
11	0	0	0	0	463	543	
12	0	0	0	0	466	542	
13	0	0	0	0	472	543	
14	0	0	0	0	477	543	
15	0	0	0	0	488	540	
0	0	0	0	0	496	540	
1	0	0	0	0	505	540	
2	0	0	0	0	508	541	
3	0	0	0	0	511	543	
4	0	0	0	0	506	541	
5	0	0	0	0	501	544	
6	0	0	0	0	497	553	
7	0	0	0	0	496	562	
8	0	0	0	0	499	574	
9	0	0	0	0	504	585	
10	0	0	0	0	506	600	
11	0	0	0	0	511	618	
12	0	0	0	0	519	637	
13	0	0	0	0	522	650	
14	0	0	0	0	525	655	
15	0	0	0	0	527	648	
0	0	0	0	0	533	632	
1	0	0	0	0	539	615	
2	0	0	0	0	547	597	
3	0	0	0	0	553	574	
4	0	0	0	0	554	547	
5	0	0	0	0	553	519	
6	0	0	0	0	551	501	
7	0	0	0	0	547	492	
8	0	0	0	0	546	486	
9	0	0	0	0	544	483	
10	0	0	0	0	540	479	
11	0	0	0	0	535	480	
12	0	0	0	0	529	487	
13	0	0	0	0	524	490	
14	0	0	0	0	516	495	
15	0	0	0	0	508	501	
0	0	0	0	0	507	511	
1	0	0	0	0	507	523	
2	0	0	0	0	507	537	
3	0	0	0	0	508	545	
4	0	0	0	0	510	553	
5	0	0	0	0	511	553	
6	0	0	0	0	512	550	
7	0	0	0	0	509	546	
8	0	0	0	0	502	547	
9	0	0	0	0	496	550	
10	0	0	0	0	494	556	
11	0	0	0	0	492	560	
12	0	0	0	0	491	562	
13	0	0	0	0	492	568	
14	0	0	0	0	491	577	
15	0	0	0	0	491	584	
0	0	0	0	0	492	599	
1	0	0	0	0	496	612	
2	0	0	0	0	502	625	
3	0	0	0	0	508	634	
4	0	0	0	0	515	633	
5	0	0	0	0	521	629	
6	0	0	0	0	531	621	
7	0	0	0	0	543	610	
8	0	0	0	0	551	596	
9	0	0	0	0	556	581	
10	0	0	0	0	558	569	
11	0	0	0	0	560	562	
12	0	0	0	0	556	561	
13	0	0	0	0	551	565	
14	0	0	0	0	551	573	
15	0	0	0	0	550	586	
0	0	0	0	0	550	594	
1	0	0	0	0	547	601	
2	0	0	0	0	548	603	
3	0	0	0	0	550	604	
4	0	0	0	0	553	600	
5	0	0	0	0	559	593	
6	0	0	0	0	566	584	
7	0	0	0	0	570	574	
8	0	0	0	0	574	566	
9	0	0	0	0	571	566	
10	0	0	0	0	566	574	
11	0	0	0	0	560	584	
12	0	0	0	0	553	599	
13	0	0	0	0	543	614	
14	0	0	0	0	534	624	
15	0	0	0	0	528	629	
0	0	0	0	0	524	632	
1	0	0	0	0	522	634	
2	0	0	0	0	523	628	
3	0	0	0	0	526	614	
4	0	0	0	0	529	595	
5	0	0	0	0	532	579	
6	0	0	0	0	537	569	
7	0	0	0	0	542	567	
8	0	0	0	0	545	572	
9	0	0	0	0	546	579	
10	0	0	0	0	548	589	
11	0	0	0	0	547	599	
12	0	0	0	0	545	603	
13	0	0	0	0	543	597	
14	0	0	0	0	540	589	
15	0	0	0	0	538	581	
0	0	0	0	0	537	572	
1	0	0	0	0	536	567	
2	0	0	0	0	534	568	
3	0	0	0	0	537	577	
4	0	0	0	0	545	591	
5	0	0	0	0	556	604	
6	0	0	0	0	564	616	
7	0	0	0	0	568	625	
8	0	0	0	0	569	628	
9	0	0	0	0	566	627	
10	0	0	0	0	557	618	
11	0	0	0	0	546	609	
12	0	0	0	0	535	598	
13	0	0	0	0	526	583	
14	0	0	0	0	515	573	
15	0	0	0	0	505	568	
0	0	0	0	0	498	566	
1	0	0	0	0	492	562	
2	0	0	0	0	488	559	
3	0	0	0	0	486	552	
4	0	0	0	0	487	544	
5	0	0	0	0	486	540	
6	0	0	0	0	483	533	
7	0	0	0	0	480	527	
8	0	0	0	0	477	520	
9	0	0	0	0	474	513	
10	0	0	0	0	475	508	
11	0	0	0	0	475	506	
12	0	0	0	0	477	507	
13	0	0	0	0	479	510	
14	0	0	0	0	483	517	
15	0	0	0	0	485	526	
0	0	0	0	0	484	538	
1	0	0	0	0	485	552	
2	0	0	0	0	487	563	
3	0	0	0	0	489	571	
4	0	0	0	0	494	575	
5	0	0	0	0	498	580	
6	0	0	0	0	503	586	
7	0	0	0	0	511	595	
8	0	0	0	0	517	602	
9	0	0	0	0	525	606	
10	0	0	0	0	531	603	
11	0	0	0	0	539	596	
12	0	0	0	0	545	591	
13	0	0	0	0	549	590	
14	0	0	0	0	550	588	
15	0	0	0	0	546	583	
0	0	0	0	0	540	573	
1	0	0	0	0	535	561	
2	0	0	0	0	536	552	
3	0	0	0	0	539	544	
4	0	0	0	0	543	531	
5	0	0	0	0	548	520	
6	0	0	0	0	555	511	
7	0	0	0	0	563	505	
8	0	0	0	0	574	504	
9	0	0	0	0	584	506	
10	0	0	0	0	593	510	
11	0	0	0	0	597	515	
12	0	0	0	0	591	522	
13	0	0	0	0	582	531	
14	0	0	0	0	571	542	
15	0	0	0	0	557	555	
0	0	0	0	0	541	570	
1	0	0	0	0	526	587	
2	0	0	0	0	514	602	
3	0	0	0	0	504	612	
4	0	0	0	0	498	618	
5	0	0	0	0	494	620	
6	0	0	0	0	494	619	
7	0	0	0	0	495	619	
8	0	0	0	0	500	618	
9	0	0	0	0	510	611	
10	0	0	0	0	516	606	
11	0	0	0	0	518	598	
12	0	0	0	0	518	589	
13	0	0	0	0	512	583	
14	0	0	0	0	507	581	
15	0	0	0	0	502	579	
0	0	0	0	0	497	578	
1	0	0	0	0	492	579	
2	0	0	0	0	490	579	
3	0	0	0	0	489	585	
4	0	0	0	0	487	589	
5	0	0	0	0	485	595	
6	0	0	0	0	484	608	
7	0	0	0	0	486	617	
8	0	0	0	0	489	624	
9	0	0	0	0	493	630	
10	0	0	0	0	500	631	
11	0	0	0	0	508	624	
12	0	0	0	0	513	620	
13	0	0	0	0	518	615	
14	0	0	0	0	520	608	
15	0	0	0	0	520	604	
0	0	0	0	0	522	602	
1	0	0	0	0	520	597	
2	0	0	0	0	519	589	
3	0	0	0	0	519	575	
4	0	0	0	0	518	560	
5	0	0	0	0	517	542	
6	0	0	0	0	518	521	
7	0	0	0	0	524	504	
8	0	0	0	0	527	497	
9	0	0	0	0	530	499	
10	0	0	0	0	530	509	
11	0	0	0	0	532	523	
12	0	0	0	0	534	539	
13	0	0	0	0	536	553	
14	0	0	0	0	536	566	
15	0	0	0	0	537	577	
0	0	0	0	0	536	583	
1	0	0	0	0	533	583	
2	0	0	0	0	530	580	
3	0	0	0	0	527	578	
4	0	0	0	0	523	572	
5	0	0	0	0	520	568	
6	0	0	0	0	518	563	
7	0	0	0	0	516	555	
8	0	0	0	0	515	546	
9	0	0	0	0	514	539	
10	0	0	0	0	515	537	
11	0	0	0	0	514	540	
12	0	0	0	0	515	547	
13	0	0	0	0	518	559	
14	0	0	0	0	519	573	
15	0	0	0	0	519	582	
0	0	0	0	0	519	592	
1	0	0	0	0	521	602	
2	0	0	0	0	521	608	
3	0	0	0	0	516	614	
4	0	0	0	0	510	615	
5	0	0	0	0	504	614	
6	0	0	0	0	495	613	
7	0	0	0	0	485	616	
8	0	0	0	0	478	623	
9	0	0	0	0	473	632	
10	0	0	0	0	472	641	
11	0	0	0	0	473	653	
12	0	0	0	0	474	664	
13	0	0	0	0	474	678	
14	0	0	0	0	476	692	
15	0	0	0	0	481	697	
0	0	0	0	0	485	705	
1	0	0	0	0	491	710	
2	0	0	0	0	492	711	
3	0	0	0	0	490	705	
4	0	0	0	0	487	690	
5	0	0	0	0	482	673	
6	0	0	0	0	480	653	
7	0	0	0	0	477	630	
8	0	0	0	0	474	610	
9	0	0	0	0	471	599	
10	0	0	0	0	471	595	
11	0	0	0	0	474	598	
12	0	0	0	0	478	608	
13	0	0	0	0	480	612	
14	0	0	0	0	481	617	
15	0	0	0	0	476	622	
0	0	0	0	0	472	626	
1	0	0	0	0	467	630	
2	0	0	0	0	460	631	
3	0	0	0	0	453	631	
4	0	0	0	0	447	627	
5	0	0	0	0	445	624	
6	0	0	0	0	440	619	
7	0	0	0	0	440	613	
8	0	0	0	0	443	611	
9	0	0	0	0	445	611	
10	0	0	0	0	444	611	
11	0	0	0	0	444	609	
12	0	0	0	0	443	610	
13	0	0	0	0	446	606	
14	0	0	0	0	449	597	
15	0	0	0	0	449	593	
0	0	0	0	0	447	593	
1	0	0	0	0	445	597	
2	0	0	0	0	440	601	
3	0	0	0	0	430	603	
4	0	0	0	0	425	606	
5	0	0	0	0	422	609	
6	0	0	0	0	421	612	
7	0	0	0	0	419	616	
8	0	0	0	0	419	627	
9	0	0	0	0	419	632	
10	0	0	0	0	419	639	
11	0	0	0	0	419	643	
12	0	0	0	0	416	647	
13	0	0	0	0	415	650	
14	0	0	0	0	419	649	
15	0	0	0	0	424	648	
0	0	0	0	0	429	640	
1	0	0	0	0	432	632	
2	0	0	0	0	431	624	
3	0	0	0	0	427	619	
4	0	0	0	0	423	614	
5	0	0	0	0	420	608	
6	0	0	0	0	419	603	
7	0	0	0	0	422	593	
8	0	0	0	0	423	587	
9	0	0	0	0	428	579	
10	0	0	0	0	439	572	
11	0	0	0	0	447	564	
12	0	0	0	0	452	551	
13	0	0	0	0	455	534	
14	0	0	0	0	457	516	
15	0	0	0	0	461	503	
0	0	0	0	0	464	494	
1	0	0	0	0	466	489	
2	0	0	0	0	469	484	
3	0	0	0	0	471	483	
4	0	0	0	0	471	483	
5	0	0	0	0	468	483	
6	0	0	0	0	467	486	
7	0	0	0	0	469	490	
8	0	0	0	0	468	495	
9	0	0	0	0	464	502	
10	0	0	0	0	460	512	
11	0	0	0	0	454	524	
12	0	0	0	0	449	537	
13	0	0	0	0	443	545	
14	0	0	0	0	438	549	
15	0	0	0	0	435	554	
0	0	0	0	0	433	559	
1	0	0	0	0	434	559	
2	0	0	0	0	434	559	
3	0	0	0	0	431	555	
4	0	0	0	0	429	549	
5	0	0	0	0	430	542	
6	0	0	0	0	430	540	
7	0	0	0	0	427	543	
8	0	0	0	0	422	550	
9	0	0	0	0	420	558	
10	0	0	0	0	416	567	
11	0	0	0	0	412	577	
12	0	0	0	0	406	591	
13	0	0	0	0	404	596	
14	0	0	0	0	402	599	
15	0	0	0	0	400	599	
0	0	0	0	0	401	594	
1	0	0	0	0	404	588	
2	0	0	0	0	410	575	
3	0	0	0	0	416	561	
4	0	0	0	0	419	553	
5	0	0	0	0	418	544	
6	0	0	0	0	417	545	
7	0	0	0	0	414	549	
8	0	0	0	0	407	548	
9	0	0	0	0	401	551	
10	0	0	0	0	398	557	
11	0	0	0	0	398	563	
12	0	0	0	0	401	563	
13	0	0	0	0	402	562	
14	0	0	0	0	406	560	
15	0	0	0	0	408	557	
0	0	0	0	0	405	551	
1	0	0	0	0	401	544	
2	0	0	0	0	399	539	
3	0	0	0	0	400	534	
4	0	0	0	0	405	535	
5	0	0	0	0	414	536	
6	0	0	0	0	422	536	
7	0	0	0	0	425	540	
8	0	0	0	0	425	543	
9	0	0	0	0	422	545	
10	0	0	0	0	421	545	
11	0	0	0	0	422	541	
12	0	0	0	0	422	543	
13	0	0	0	0	419	545	
14	0	0	0	0	419	555	
15	0	0	0	0	420	566	
0	0	0	0	0	423	572	
1	0	0	0	0	426	576	
2	0	0	0	0	433	575	
3	0	0	0	0	443	575	
4	0	0	0	0	451	576	
5	0	0	0	0	454	577	
6	0	0	0	0	453	574	
7	0	0	0	0	450	569	
8	0	0	0	0	446	560	
9	0	0	0	0	438	551	
10	0	0	0	0	427	543	
11	0	0	0	0	417	535	
12	0	0	0	0	412	531	
13	0	0	0	0	412	528	
14	0	0	0	0	416	526	
15	0	0	0	0	420	520	
0	0	0	0	0	424	512	
1	0	0	0	0	428	504	
2	0	0	0	0	431	498	
3	0	0	0	0	435	493	
4	0	0	0	0	440	487	
5	0	0	0	0	448	483	
6	0	0	0	0	455	475	
7	0	0	0	0	458	468	
8	0	0	0	0	463	468	
9	0	0	0	0	468	470	
10	0	0	0	0	474	473	
11	0	0	0	0	481	478	
12	0	0	0	0	487	480	
13	0	0	0	0	489	480	
14	0	0	0	0	492	477	
15	0	0	0	0	496	470	
0	0	0	0	0	503	466	
1	0	0	0	0	506	465	
2	0	0	0	0	511	472	
3	0	0	0	0	519	480	
4	0	0	0	0	530	484	
5	0	0	0	0	537	480	
6	0	0	0	0	542	472	
7	0	0	0	0	543	462	
8	0	0	0	0	540	455	
9	0	0	0	0	537	451	
10	0	0	0	0	534	449	
11	0	0	0	0	530	451	
12	0	0	0	0	526	454	
13	0	0	0	0	523	454	
14	0	0	0	0	524	457	
15	0	0	0	0	524	464	
0	0	0	0	0	528	472	
1	0	0	0	0	529	477	
2	0	0	0	0	527	483	
3	0	0	0	0	524	492	
4	0	0	0	0	519	504	
5	0	0	0	0	515	516	
6	0	0	0	0	510	528	
7	0	0	0	0	501	536	
8	0	0	0	0	490	543	
9	0	0	0	0	483	548	
10	0	0	0	0	477	550	
11	0	0	0	0	478	547	
12	0	0	0	0	476	537	
13	0	0	0	0	476	521	
14	0	0	0	0	473	505	
15	0	0	0	0	471	490	
0	0	0	0	0	469	475	
1	0	0	0	0	470	454	
2	0	0	0	0	469	432	
3	0	0	0	0	470	414	
4	0	0	0	0	470	401	
5	0	0	0	0	471	391	
6	0	0	0	0	469	387	
7	0	0	0	0	468	389	
8	0	0	0	0	467	393	
9	0	0	0	0	467	405	
10	0	0	0	0	466	417	
11	0	0	0	0	468	429	
12	0	0	0	0	471	443	
13	0	0	0	0	476	455	
14	0	0	0	0	481	468	
15	0	0	0	0	483	480	
0	0	0	0	0	483	488	
1	0	0	0	0	483	496	
2	0	0	0	0	484	502	
3	0	0	0	0	489	506	
4	0	0	0	0	496	508	
5	0	0	0	0	500	504	
6	0	0	0	0	500	499	
7	0	0	0	0	497	496	
8	0	0	0	0	493	496	
9	0	0	0	0	482	494	
10	0	0	0	0	473	494	
11	0	0	0	0	467	494	
12	0	0	0	0	463	495	
13	0	0	0	0	460	495	
14	0	0	0	0	460	502	
15	0	0	0	0	463	507	
0	0	0	0	0	464	513	
1	0	0	0	0	466	518	
2	0	0	0	0	470	520	
3	0	0	0	0	474	520	
4	0	0	0	0	474	518	
5	0	0	0	0	475	513	
6	0	0	0	0	476	505	
7	0	0	0	0	474	494	
8	0	0	0	0	470	480	
9	0	0	0	0	462	468	
10	0	0	0	0	455	461	
11	0	0	0	0	449	458	
12	0	0	0	0	446	457	
13	0	0	0	0	440	460	
14	0	0	0	0	436	464	
15	0	0	0	0	431	467	
0	0	0	0	0	430	467	
1	0	0	0	0	428	467	
2	0	0	0	0	430	468	
3	0	0	0	0	435	472	
4	0	0	0	0	439	478	
5	0	0	0	0	443	483	
6	0	0	0	0	444	488	
7	0	0	0	0	450	496	
8	0	0	0	0	457	503	
9	0	0	0	0	463	508	
10	0	0	0	0	463	513	
11	0	0	0	0	461	520	
12	0	0	0	0	460	525	
13	0	0	0	0	460	527	
14	0	0	0	0	462	526	
15	0	0	0	0	464	526	
0	0	0	0	0	463	528	
1	0	0	0	0	461	527	
2	0	0	0	0	461	520	
3	0	0	0	0	462	504	
4	0	0	0	0	467	486	
5	0	0	0	0	477	469	
6	0	0	0	0	484	457	
7	0	0	0	0	492	450	
8	0	0	0	0	496	444	
9	0	0	0	0	497	441	
10	0	0	0	0	502	439	
11	0	0	0	0	503	440	
12	0	0	0	0	505	446	
13	0	0	0	0	509	449	
14	0	0	0	0	509	451	
15	0	0	0	0	508	453	
0	0	0	0	0	510	461	
1	0	0	0	0	513	469	
2	0	0	0	0	516	478	
3	0	0	0	0	518	485	
4	0	0	0	0	515	492	
5	0	0	0	0	511	501	
6	0	0	0	0	508	511	
7	0	0	0	0	505	518	
8	0	0	0	0	499	524	
9	0	0	0	0	494	528	
10	0	0	0	0	491	534	
11	0	0	0	0	490	536	
12	0	0	0	0	487	537	
13	0	0	0	0	486	536	
14	0	0	0	0	487	536	
15	0	0	0	0	484	530	
0	0	0	0	0	485	521	
1	0	0	0	0	484	513	
2	0	0	0	0	487	510	
3	0	0	0	0	493	504	
4	0	0	0	0	496	500	
5	0	0	0	0	498	494	
6	0	0	0	0	500	482	
7	0	0	0	0	504	470	
8	0	0	0	0	507	458	
9	0	0	0	0	512	449	
10	0	0	0	0	516	440	
11	0	0	0	0	515	433	
12	0	0	0	0	513	428	
13	0	0	0	0	509	429	
14	0	0	0	0	503	432	
15	0	0	0	0	502	435	
0	0	0	0	0	506	439	
1	0	0	0	0	512	440	
2	0	0	0	0	516	438	
3	0	0	0	0	516	440	
4	0	0	0	0	515	441	
5	0	0	0	0	515	443	
6	0	0	0	0	510	448	
7	0	0	0	0	501	451	
8	0	0	0	0	489	455	
9	0	0	0	0	481	459	
10	0	0	0	0	478	465	
11	0	0	0	0	478	473	
12	0	0	0	0	480	482	
13	0	0	0	0	476	494	
14	0	0	0	0	471	505	
15	0	0	0	0	465	517	
0	0	0	0	0	461	524	
1	0	0	0	0	461	524	
2	0	0	0	0	461	520	
3	0	0	0	0	462	517	
4	0	0	0	0	465	512	
5	0	0	0	0	473	509	
6	0	0	0	0	485	508	
7	0	0	0	0	494	505	
8	0	0	0	0	500	506	
9	0	0	0	0	504	506	
10	0	0	0	0	504	502	
11	0	0	0	0	502	494	
12	0	0	0	0	497	483	
13	0	0	0	0	494	474	
14	0	0	0	0	493	463	
15	0	0	0	0	497	457	
0	0	0	0	0	498	455	
1	0	0	0	0	496	456	
2	0	0	0	0	488	455	
3	0	0	0	0	480	454	
4	0	0	0	0	475	454	
5	0	0	0	0	476	455	
6	0	0	0	0	478	454	
7	0	0	0	0	482	448	
8	0	0	0	0	489	445	
9	0	0	0	0	494	443	
10	0	0	0	0	500	438	
11	0	0	0	0	504	433	
12	0	0	0	0	508	435	
13	0	0	0	0	508	439	
14	0	0	0	0	507	440	
15	0	0	0	0	506	442	
0	0	0	0	0	506	439	
1	0	0	0	0	505	434	
2	0	0	0	0	505	427	
3	0	0	0	0	505	420	
4	0	0	0	0	504	417	
5	0	0	0	0	504	419	
6	0	0	0	0	503	422	
7	0	0	0	0	504	425	
8	0	0	0	0	507	425	
9	0	0	0	0	509	426	
10	0	0	0	0	511	427	
11	0	0	0	0	512	425	
12	0	0	0	0	515	426	
13	0	0	0	0	515	426	
14	0	0	0	0	513	428	
15	0	0	0	0	509	432	
0	0	0	0	0	503	436	
1	0	0	0	0	499	442	
2	0	0	0	0	499	445	
3	0	0	0	0	500	444	
4	0	0	0	0	502	445	
5	0	0	0	0	505	448	
6	0	0	0	0	506	449	
7	0	0	0	0	505	453	
8	0	0	0	0	504	461	
9	0	0	0	0	504	470	
10	0	0	0	0	502	477	
11	0	0	0	0	499	481	
12	0	0	0	0	501	486	
13	0	0	0	0	504	491	
14	0	0	0	0	504	500	
15	0	0	0	0	502	510	
0	0	0	0	0	501	514	
1	0	0	0	0	497	510	
2	0	0	0	0	494	503	
3	0	0	0	0	492	494	
4	0	0	0	0	491	483	
5	0	0	0	0	488	472	
6	0	0	0	0	486	462	
7	0	0	0	0	487	454	
8	0	0	0	0	490	448	
9	0	0	0	0	494	442	
10	0	0	0	0	500	437	
11	0	0	0	0	507	432	
12	0	0	0	0	513	432	
13	0	0	0	0	520	431	
14	0	0	0	0	520	430	
15	0	0	0	0	519	432	
0	0	0	0	0	515	433	
1	0	0	0	0	512	442	
2	0	0	0	0	510	451	
3	0	0	0	0	508	459	
4	0	0	0	0	508	462	
5	0	0	0	0	506	464	
6	0	0	0	0	503	462	
7	0	0	0	0	499	455	
8	0	0	0	0	496	450	
9	0	0	0	0	496	446	
10	0	0	0	0	501	443	
11	0	0	0	0	508	444	
12	0	0	0	0	519	448	
13	0	0	0	0	530	455	
14	0	0	0	0	539	465	
15	0	0	0	0	543	473	
0	0	0	0	0	547	478	
1	0	0	0	0	547	476	
2	0	0	0	0	546	470	
3	0	0	0	0	544	462	
4	0	0	0	0	543	452	
5	0	0	0	0	545	444	
6	0	0	0	0	549	437	
7	0	0	0	0	553	426	
8	0	0	0	0	556	414	
9	0	0	0	0	558	409	
10	0	0	0	0	558	403	
11	0	0	0	0	558	394	
12	0	0	0	0	558	391	
13	0	0	0	0	561	394	
14	0	0	0	0	561	397	
15	0	0	0	0	565	410	
0	0	0	0	0	569	421	
1	0	0	0	0	571	430	
2	0	0	0	0	570	439	
3	0	0	0	0	563	450	
4	0	0	0	0	556	460	
5	0	0	0	0	551	465	
6	0	0	0	0	544	467	
7	0	0	0	0	537	466	
8	0	0	0	0	532	464	
9	0	0	0	0	529	461	
10	0	0	0	0	527	460	
11	0	0	0	0	528	461	
12	0	0	0	0	530	462	
13	0	0	0	0	532	463	
14	0	0	0	0	537	466	
15	0	0	0	0	542	469	
0	0	0	0	0	546	468	
1	0	0	0	0	546	465	
2	0	0	0	0	547	462	
3	0	0	0	0	551	462	
4	0	0	0	0	551	464	
5	0	0	0	0	552	469	
6	0	0	0	0	560	475	
7	0	0	0	0	569	476	
8	0	0	0	0	574	476	
9	0	0	0	0	577	476	
10	0	0	0	0	579	476	
11	0	0	0	0	578	471	
12	0	0	0	0	579	465	
13	0	0	0	0	579	461	
14	0	0	0	0	579	464	
15	0	0	0	0	580	465	
0	0	0	0	0	578	466	
1	0	0	0	0	573	469	
2	0	0	0	0	570	473	
3	0	0	0	0	566	481	
4	0	0	0	0	557	484	
5	0	0	0	0	548	485	
6	0	0	0	0	543	483	
7	0	0	0	0	538	483	
8	0	0	0	0	537	483	
9	0	0	0	0	540	480	
10	0	0	0	0	544	476	
11	0	0	0	0	547	471	
12	0	0	0	0	547	467	
13	0	0	0	0	547	460	
14	0	0	0	0	545	454	
15	0	0	0	0	542	448	
0	0	0	0	0	539	443	
1	0	0	0	0	535	437	
2	0	0	0	0	530	432	
3	0	0	0	0	521	429	
4	0	0	0	0	516	432	
5	0	0	0	0	509	439	
6	0	0	0	0	507	445	
7	0	0	0	0	504	445	
8	0	0	0	0	503	441	
9	0	0	0	0	505	437	
10	0	0	0	0	504	429	
11	0	0	0	0	504	424	
12	0	0	0	0	511	417	
13	0	0	0	0	518	413	
14	0	0	0	0	529	411	
15	0	0	0	0	538	416	
0	0	0	0	0	547	417	
1	0	0	0	0	555	420	
2	0	0	0	0	559	425	
3	0	0	0	0	559	428	
4	0	0	0	0	558	432	
5	0	0	0	0	558	432	
6	0	0	0	0	558	435	
7	0	0	0	0	558	438	
8	0	0	0	0	556	435	
9	0	0	0	0	552	439	
10	0	0	0	0	550	442	
11	0	0	0	0	547	445	
12	0	0	0	0	544	447	
13	0	0	0	0	540	452	
14	0	0	0	0	540	457	
15	0	0	0	0	539	462	
0	0	0	0	0	536	465	
1	0	0	0	0	534	468	
2	0	0	0	0	534	468	
3	0	0	0	0	533	470	
4	0	0	0	0	533	476	
5	0	0	0	0	532	488	
6	0	0	0	0	532	504	
7	0	0	0	0	535	517	
8	0	0	0	0	540	527	
9	0	0	0	0	545	531	
10	0	0	0	0	551	528	
11	0	0	0	0	559	521	
12	0	0	0	0	565	508	
13	0	0	0	0	571	491	
14	0	0	0	0	575	474	
15	0	0	0	0	577	461	
0	0	0	0	0	577	455	
1	0	0	0	0	580	451	
2	0	0	0	0	585	452	
3	0	0	0	0	587	455	
4	0	0	0	0	589	459	
5	0	0	0	0	585	459	
6	0	0	0	0	583	462	
7	0	0	0	0	579	467	
8	0	0	0	0	580	471	
9	0	0	0	0	583	476	
10	0	0	0	0	584	476	
11	0	0	0	0	584	476	
12	0	0	0	0	584	470	
13	0	0	0	0	585	467	
14	0	0	0	0	588	464	
15	0	0	0	0	591	465	
0	0	0	0	0	597	468	
1	0	0	0	0	601	470	
2	0	0	0	0	604	473	
3	0	0	0	0	602	473	
4	0	0	0	0	596	471	
5	0	0	0	0	589	472	
6	0	0	0	0	582	473	
7	0	0	0	0	578	476	
8	0	0	0	0	572	476	
9	0	0	0	0	568	473	
10	0	0	0	0	564	469	
11	0	0	0	0	563	468	
12	0	0	0	0	567	469	
13	0	0	0	0	572	472	
14	0	0	0	0	575	471	
15	0	0	0	0	578	470	
0	0	0	0	0	583	474	
1	0	0	0	0	587	474	
2	0	0	0	0	589	473	
3	0	0	0	0	586	474	
4	0	0	0	0	582	473	
5	0	0	0	0	580	475	
6	0	0	0	0	576	477	
7	0	0	0	0	568	476	
8	0	0	0	0	559	474	
9	0	0	0	0	551	471	
10	0	0	0	0	542	467	
11	0	0	0	0	540	466	
12	0	0	0	0	539	467	
13	0	0	0	0	541	469	
14	0	0	0	0	543	475	
15	0	0	0	0	547	487	
0	0	0	0	0	552	498	
1	0	0	0	0	553	508	
2	0	0	0	0	556	511	
3	0	0	0	0	558	510	
4	0	0	0	0	560	508	
5	0	0	0	0	560	503	
6	0	0	0	0	555	498	
7	0	0	0	0	548	496	
8	0	0	0	0	541	500	
9	0	0	0	0	534	508	
10	0	0	0	0	532	514	
11	0	0	0	0	534	524	
12	0	0	0	0	537	530	
13	0	0	0	0	540	534	
14	0	0	0	0	544	534	
15	0	0	0	0	548	530	
0	0	0	0	0	551	523	
1	0	0	0	0	552	514	
2	0	0	0	0	552	503	
3	0	0	0	0	554	490	
4	0	0	0	0	555	476	
5	0	0	0	0	556	469	
6	0	0	0	0	559	462	
7	0	0	0	0	564	455	
8	0	0	0	0	567	452	
9	0	0	0	0	569	448	
10	0	0	0	0	575	445	
11	0	0	0	0	583	439	
12	0	0	0	0	592	430	
13	0	0	0	0	603	423	
14	0	0	0	0	610	422	
15	0	0	0	0	612	422	
0	0	0	0	0	616	429	
1	0	0	0	0	621	432	
2	0	0	0	0	625	431	
3	0	0	0	0	627	432	
4	0	0	0	0	631	430	
5	0	0	0	0	632	430	
6	0	0	0	0	628	436	
7	0	0	0	0	625	445	
8	0	0	0	0	624	449	
9	0	0	0	0	623	450	
10	0	0	0	0	622	446	
11	0	0	0	0	620	442	
12	0	0	0	0	617	431	
13	0	0	0	0	612	423	
14	0	0	0	0	606	423	
15	0	0	0	0	601	423	
0	0	0	0	0	596	421	
1	0	0	0	0	590	419	
2	0	0	0	0	588	420	
3	0	0	0	0	587	423	
4	0	0	0	0	588	426	
5	0	0	0	0	594	432	
6	0	0	0	0	601	434	
7	0	0	0	0	607	436	
8	0	0	0	0	608	438	
9	0	0	0	0	610	440	
10	0	0	0	0	615	441	
11	0	0	0	0	620	442	
12	0	0	0	0	623	445	
13	0	0	0	0	625	445	
14	0	0	0	0	627	440	
15	0	0	0	0	631	435	
0	0	0	0	0	635	432	
1	0	0	0	0	638	430	
2	0	0	0	0	641	423	
3	0	0	0	0	641	419	
4	0	0	0	0	639	413	
5	0	0	0	0	641	412	
6	0	0	0	0	643	412	
7	0	0	0	0	647	413	
8	0	0	0	0	652	417	
9	0	0	0	0	652	417	
10	0	0	0	0	649	413	
11	0	0	0	0	643	407	
12	0	0	0	0	641	395	
13	0	0	0	0	636	387	
14	0	0	0	0	630	381	
15	0	0	0	0	624	372	
0	0	0	0	0	619	373	
1	0	0	0	0	615	372	
2	0	0	0	0	612	371	
3	0	0	0	0	613	370	
4	0	0	0	0	615	368	
5	0	0	0	0	621	377	
6	0	0	0	0	626	383	
7	0	0	0	0	631	385	
8	0	0	0	0	636	390	
9	0	0	0	0	636	390	
10	0	0	0	0	633	390	
11	0	0	0	0	628	391	
12	0	0	0	0	618	393	
13	0	0	0	0	611	394	
14	0	0	0	0	606	396	
15	0	0	0	0	599	400	
0	0	0	0	0	595	406	
1	0	0	0	0	593	412	
2	0	0	0	0	595	411	
3	0	0	0	0	600	414	
4	0	0	0	0	608	412	
5	0	0	0	0	614	404	
6	0	0	0	0	620	405	
7	0	0	0	0	624	401	
8	0	0	0	0	627	396	
9	0	0	0	0	630	398	
10	0	0	0	0	628	400	
11	0	0	0	0	626	398	
12	0	0	0	0	623	402	
13	0	0	0	0	620	403	
14	0	0	0	0	616	404	
15	0	0	0	0	611	405	
0	0	0	0	0	605	403	
1	0	0	0	0	601	403	
2	0	0	0	0	595	404	
3	0	0	0	0	591	408	
4	0	0	0	0	586	411	
5	0	0	0	0	584	416	
6	0	0	0	0	584	420	
7	0	0	0	0	587	416	
8	0	0	0	0	591	408	
9	0	0	0	0	595	399	
10	0	0	0	0	598	394	
11	0	0	0	0	603	390	
12	0	0	0	0	604	386	
13	0	0	0	0	604	381	
14	0	0	0	0	601	376	
15	0	0	0	0	601	367	
0	0	0	0	0	596	364	
1	0	0	0	0	594	362	
2	0	0	0	0	593	359	
3	0	0	0	0	592	366	
4	0	0	0	0	591	371	
5	0	0	0	0	590	372	
6	0	0	0	0	589	377	
7	0	0	0	0	585	383	
8	0	0	0	0	582	384	
9	0	0	0	0	581	387	
10	0	0	0	0	579	389	
11	0	0	0	0	575	391	
12	0	0	0	0	569	394	
13	0	0	0	0	563	394	
14	0	0	0	0	561	395	
15	0	0	0	0	558	391	
0	0	0	0	0	552	387	
1	0	0	0	0	548	384	
2	0	0	0	0	547	381	
3	0	0	0	0	541	378	
4	0	0	0	0	541	379	
5	0	0	0	0	542	378	
6	0	0	0	0	541	390	
7	0	0	0	0	541	400	
8	0	0	0	0	540	408	
9	0	0	0	0	539	419	
10	0	0	0	0	534	426	
11	0	0	0	0	528	430	
12	0	0	0	0	521	435	
13	0	0	0	0	513	438	
14	0	0	0	0	507	443	
15	0	0	0	0	504	444	
0	0	0	0	0	502	440	
1	0	0	0	0	495	435	
2	0	0	0	0	490	428	
3	0	0	0	0	488	421	
4	0	0	0	0	490	411	
5	0	0	0	0	495	404	
6	0	0	0	0	497	402	
7	0	0	0	0	500	399	
8	0	0	0	0	504	398	
9	0	0	0	0	506	403	
10	0	0	0	0	511	410	
11	0	0	0	0	512	416	
12	0	0	0	0	512	422	
13	0	0	0	0	510	426	
14	0	0	0	0	505	428	
15	0	0	0	0	497	427	
0	0	0	0	0	493	425	
1	0	0	0	0	489	420	
2	0	0	0	0	486	417	
3	0	0	0	0	483	415	
4	0	0	0	0	483	412	
5	0	0	0	0	486	407	
6	0	0	0	0	491	403	
7	0	0	0	0	495	399	
8	0	0	0	0	500	395	
9	0	0	0	0	506	392	
10	0	0	0	0	518	391	
11	0	0	0	0	528	395	
12	0	0	0	0	537	399	
13	0	0	0	0	541	403	
14	0	0	0	0	539	414	
15	0	0	0	0	532	419	
0	0	0	0	0	522	422	
1	0	0	0	0	510	423	
2	0	0	0	0	497	423	
3	0	0	0	0	485	423	
4	0	0	0	0	478	426	
5	0	0	0	0	473	433	
6	0	0	0	0	475	450	
7	0	0	0	0	477	465	
8	0	0	0	0	481	479	
9	0	0	0	0	485	488	
10	0	0	0	0	492	488	
11	0	0	0	0	495	483	
12	0	0	0	0	500	477	
13	0	0	0	0	501	471	
14	0	0	0	0	504	463	
15	0	0	0	0	507	452	
0	0	0	0	0	507	441	
1	0	0	0	0	506	428	
2	0	0	0	0	504	416	
3	0	0	0	0	504	406	
4	0	0	0	0	504	400	
5	0	0	0	0	507	399	
6	0	0	0	0	512	402	
7	0	0	0	0	518	408	
8	0	0	0	0	521	414	
9	0	0	0	0	523	423	
10	0	0	0	0	524	427	
11	0	0	0	0	527	426	
12	0	0	0	0	530	427	
13	0	0	0	0	532	427	
14	0	0	0	0	534	424	
15	0	0	0	0	533	420	
0	0	0	0	0	534	420	
1	0	0	0	0	536	422	
2	0	0	0	0	536	419	
3	0	0	0	0	534	415	
4	0	0	0	0	529	414	
5	0	0	0	0	522	419	
6	0	0	0	0	518	422	
7	0	0	0	0	516	423	
8	0	0	0	0	513	421	
9	0	0	0	0	511	416	
10	0	0	0	0	514	417	
11	0	0	0	0	521	415	
12	0	0	0	0	525	418	
13	0	0	0	0	528	420	
14	0	0	0	0	532	425	
15	0	0	0	0	532	430	
0	0	0	0	0	529	437	
1	0	0	0	0	523	442	
2	0	0	0	0	518	447	
3	0	0	0	0	510	451	
4	0	0	0	0	502	455	
5	0	0	0	0	495	460	
6	0	0	0	0	491	462	
7	0	0	0	0	488	464	
8	0	0	0	0	487	467	
9	0	0	0	0	486	471	
10	0	0	0	0	486	478	
11	0	0	0	0	486	479	
12	0	0	0	0	489	478	
13	0	0	0	0	491	474	
14	0	0	0	0	491	467	
15	0	0	0	0	493	462	
0	0	0	0	0	497	459	
1	0	0	0	0	504	459	
2	0	0	0	0	510	467	
3	0	0	0	0	516	478	
4	0	0	0	0	524	493	
5	0	0	0	0	532	505	
6	0	0	0	0	541	517	
7	0	0	0	0	545	528	
8	0	0	0	0	542	536	
9	0	0	0	0	538	542	
10	0	0	0	0	530	546	
11	0	0	0	0	521	548	
12	0	0	0	0	512	550	
13	0	0	0	0	505	553	
14	0	0	0	0	497	554	
15	0	0	0	0	489	551	
0	0	0	0	0	476	546	
1	0	0	0	0	460	536	
2	0	0	0	0	446	528	
3	0	0	0	0	435	523	
4	0	0	0	0	432	526	
5	0	0	0	0	433	531	
6	0	0	0	0	436	540	
7	0	0	0	0	438	549	
8	0	0	0	0	435	560	
9	0	0	0	0	432	569	
10	0	0	0	0	430	576	
11	0	0	0	0	431	576	
12	0	0	0	0	428	575	
13	0	0	0	0	422	571	
14	0	0	0	0	418	568	
15	0	0	0	0	418	570	
0	0	0	0	0	423	571	
1	0	0	0	0	430	571	
2	0	0	0	0	438	573	
3	0	0	0	0	443	574	
4	0	0	0	0	443	572	
5	0	0	0	0	437	567	
6	0	0	0	0	430	560	
7	0	0	0	0	426	558	
8	0	0	0	0	422	556	
9	0	0	0	0	417	558	
10	0	0	0	0	414	561	
11	0	0	0	0	414	564	
12	0	0	0	0	416	569	
13	0	0	0	0	419	569	
14	0	0	0	0	422	567	
15	0	0	0	0	425	569	
0	0	0	0	0	426	571	
1	0	0	0	0	424	561	
2	0	0	0	0	423	554	
3	0	0	0	0	423	544	
4	0	0	0	0	425	538	
5	0	0	0	0	431	533	
6	0	0	0	0	435	527	
7	0	0	0	0	433	523	
8	0	0	0	0	436	526	
9	0	0	0	0	439	524	
10	0	0	0	0	438	519	
11	0	0	0	0	434	515	
12	0	0	0	0	427	510	
13	0	0	0	0	419	508	
14	0	0	0	0	412	507	
15	0	0	0	0	406	502	
0	0	0	0	0	401	499	
1	0	0	0	0	398	499	
2	0	0	0	0	395	499	
3	0	0	0	0	391	498	
4	0	0	0	0	389	491	
5	0	0	0	0	385	484	
6	0	0	0	0	383	481	
7	0	0	0	0	380	483	
8	0	0	0	0	380	484	
9	0	0	0	0	379	481	
10	0	0	0	0	375	486	
11	0	0	0	0	372	496	
12	0	0	0	0	374	511	
13	0	0	0	0	374	529	
14	0	0	0	0	372	541	
15	0	0	0	0	371	554	
0	0	0	0	0	372	563	
1	0	0	0	0	374	567	
2	0	0	0	0	373	572	
3	0	0	0	0	373	568	
4	0	0	0	0	373	567	
5	0	0	0	0	368	566	
6	0	0	0	0	364	569	
7	0	0	0	0	359	569	
8	0	0	0	0	353	566	
9	0	0	0	0	346	557	
10	0	0	0	0	343	547	
11	0	0	0	0	341	537	
12	0	0	0	0	344	527	
13	0	0	0	0	347	519	
14	0	0	0	0	355	511	
15	0	0	0	0	367	504	
0	0	0	0	0	381	499	
1	0	0	0	0	393	494	
2	0	0	0	0	403	492	
3	0	0	0	0	412	494	
4	0	0	0	0	419	494	
5	0	0	0	0	421	494	
6	0	0	0	0	422	496	
7	0	0	0	0	425	500	
8	0	0	0	0	427	504	
9	0	0	0	0	424	504	
10	0	0	0	0	422	504	
11	0	0	0	0	415	502	
12	0	0	0	0	410	503	
13	0	0	0	0	412	506	
14	0	0	0	0	419	513	
15	0	0	0	0	426	524	
0	0	0	0	0	433	536	
1	0	0	0	0	440	545	
2	0	0	0	0	446	551	
3	0	0	0	0	449	550	
4	0	0	0	0	453	547	
5	0	0	0	0	453	549	
6	0	0	0	0	449	557	
7	0	0	0	0	443	564	
8	0	0	0	0	443	572	
9	0	0	0	0	445	575	
10	0	0	0	0	450	575	
11	0	0	0	0	458	577	
12	0	0	0	0	473	580	
13	0	0	0	0	483	579	
14	0	0	0	0	492	579	
15	0	0	0	0	502	575	
0	0	0	0	0	510	565	
1	0	0	0	0	517	558	
2	0	0	0	0	521	551	
3	0	0	0	0	524	548	
4	0	0	0	0	524	545	
5	0	0	0	0	520	542	
6	0	0	0	0	521	546	
7	0	0	0	0	519	553	
8	0	0	0	0	519	558	
9	0	0	0	0	519	560	
10	0	0	0	0	513	557	
11	0	0	0	0	508	547	
12	0	0	0	0	501	537	
13	0	0	0	0	497	529	
14	0	0	0	0	493	523	
15	0	0	0	0	492	518	
0	0	0	0	0	493	514	
1	0	0	0	0	497	512	
2	0	0	0	0	502	511	
3	0	0	0	0	507	512	
4	0	0	0	0	510	519	
5	0	0	0	0	510	526	
6	0	0	0	0	508	532	
7	0	0	0	0	508	540	
8	0	0	0	0	508	546	
9	0	0	0	0	507	551	
10	0	0	0	0	504	551	
11	0	0	0	0	502	549	
12	0	0	0	0	500	545	
13	0	0	0	0	499	548	
14	0	0	0	0	499	553	
15	0	0	0	0	503	560	
0	0	0	0	0	510	566	
1	0	0	0	0	515	571	
2	0	0	0	0	521	577	
3	0	0	0	0	527	577	
4	0	0	0	0	530	577	
5	0	0	0	0	531	576	
6	0	0	0	0	531	574	
7	0	0	0	0	530	571	
8	0	0	0	0	526	566	
9	0	0	0	0	519	560	
10	0	0	0	0	510	555	
11	0	0	0	0	500	549	
12	0	0	0	0	488	539	
13	0	0	0	0	477	533	
14	0	0	0	0	465	532	
15	0	0	0	0	462	537	
0	0	0	0	0	467	546	
1	0	0	0	0	477	558	
2	0	0	0	0	488	565	
3	0	0	0	0	503	570	
4	0	0	0	0	514	574	
5	0	0	0	0	520	579	
6	0	0	0	0	524	580	
7	0	0	0	0	524	582	
8	0	0	0	0	526	583	
9	0	0	0	0	523	583	
10	0	0	0	0	519	580	
11	0	0	0	0	510	576	
12	0	0	0	0	499	572	
13	0	0	0	0	490	570	
14	0	0	0	0	483	568	
15	0	0	0	0	477	566	
0	0	0	0	0	473	565	
1	0	0	0	0	468	566	
2	0	0	0	0	462	565	
3	0	0	0	0	458	567	
4	0	0	0	0	459	569	
5	0	0	0	0	463	570	
6	0	0	0	0	469	572	
7	0	0	0	0	473	569	
8	0	0	0	0	478	569	
9	0	0	0	0	480	564	
10	0	0	0	0	476	555	
11	0	0	0	0	471	550	
12	0	0	0	0	464	545	
13	0	0	0	0	456	543	
14	0	0	0	0	453	549	
15	0	0	0	0	452	554	
0	0	0	0	0	453	561	
1	0	0	0	0	455	575	
2	0	0	0	0	464	588	
3	0	0	0	0	471	598	
4	0	0	0	0	474	602	
5	0	0	0	0	475	607	
6	0	0	0	0	479	608	
7	0	0	0	0	481	607	
8	0	0	0	0	480	600	
9	0	0	0	0	484	586	
10	0	0	0	0	488	571	
11	0	0	0	0	494	560	
12	0	0	0	0	499	553	
13	0	0	0	0	501	548	
14	0	0	0	0	503	542	
15	0	0	0	0	509	537	
0	0	0	0	0	516	536	
1	0	0	0	0	522	532	
2	0	0	0	0	524	528	
3	0	0	0	0	526	521	
4	0	0	0	0	527	512	
5	0	0	0	0	531	504	
6	0	0	0	0	537	497	
7	0	0	0	0	544	492	
8	0	0	0	0	552	489	
9	0	0	0	0	557	486	
10	0	0	0	0	558	483	
11	0	0	0	0	563	487	
12	0	0	0	0	567	495	
13	0	0	0	0	571	502	
14	0	0	0	0	575	510	
15	0	0	0	0	575	515	
0	0	0	0	0	575	515	
1	0	0	0	0	574	516	
2	0	0	0	0	577	515	
3	0	0	0	0	579	516	
4	0	0	0	0	579	519	
5	0	0	0	0	579	524	
6	0	0	0	0	581	527	
7	0	0	0	0	582	529	
8	0	0	0	0	579	534	
9	0	0	0	0	574	537	
10	0	0	0	0	567	541	
11	0	0	0	0	560	543	
12	0	0	0	0	555	548	
13	0	0	0	0	551	551	
14	0	0	0	0	547	551	
15	0	0	0	0	541	552	
0	0	0	0	0	534	551	
1	0	0	0	0	527	548	
2	0	0	0	0	525	547	
3	0	0	0	0	524	546	
4	0	0	0	0	519	548	
5	0	0	0	0	515	551	
6	0	0	0	0	513	556	
7	0	0	0	0	516	560	
8	0	0	0	0	520	564	
9	0	0	0	0	528	568	
10	0	0	0	0	540	573	
11	0	0	0	0	547	580	
12	0	0	0	0	551	583	
13	0	0	0	0	555	583	
14	0	0	0	0	559	574	
15	0	0	0	0	556	561	
0	0	0	0	0	552	548	
1	0	0	0	0	547	539	
2	0	0	0	0	545	536	
3	0	0	0	0	541	538	
4	0	0	0	0	537	542	
5	0	0	0	0	532	547	
6	0	0	0	0	530	552	
7	0	0	0	0	528	559	
8	0	0	0	0	529	562	
9	0	0	0	0	534	561	
10	0	0	0	0	537	558	
11	0	0	0	0	539	554	
12	0	0	0	0	536	550	
13	0	0	0	0	539	540	
14	0	0	0	0	543	535	
15	0	0	0	0	550	529	
0	0	0	0	0	556	523	
1	0	0	0	0	558	515	
2	0	0	0	0	556	508	
3	0	0	0	0	551	499	
4	0	0	0	0	544	491	
5	0	0	0	0	534	484	
6	0	0	0	0	522	478	
7	0	0	0	0	515	479	
8	0	0	0	0	508	482	
9	0	0	0	0	503	487	
10	0	0	0	0	500	491	
11	0	0	0	0	498	496	
12	0	0	0	0	495	503	
13	0	0	0	0	491	507	
14	0	0	0	0	486	508	
15	0	0	0	0	483	502	
0	0	0	0	0	481	499	
1	0	0	0	0	482	495	
2	0	0	0	0	488	494	
3	0	0	0	0	496	494	
4	0	0	0	0	502	493	
5	0	0	0	0	505	496	
6	0	0	0	0	508	500	
7	0	0	0	0	511	501	
8	0	0	0	0	514	504	
9	0	0	0	0	512	507	
10	0	0	0	0	510	508	
11	0	0	0	0	510	507	
12	0	0	0	0	510	502	
13	0	0	0	0	511	499	
14	0	0	0	0	509	497	
15	0	0	0	0	505	495	
0	0	0	0	0	499	493	
1	0	0	0	0	497	494	
2	0	0	0	0	494	498	
3	0	0	0	0	495	500	
4	0	0	0	0	492	508	
5	0	0	0	0	487	513	
6	0	0	0	0	483	520	
7	0	0	0	0	483	527	
8	0	0	0	0	489	532	
9	0	0	0	0	498	540	
10	0	0	0	0	503	549	
11	0	0	0	0	510	557	
12	0	0	0	0	514	560	
13	0	0	0	0	516	553	
14	0	0	0	0	523	544	
15	0	0	0	0	532	531	
0	0	0	0	0	540	523	
1	0	0	0	0	548	518	
2	0	0	0	0	555	516	
3	0	0	0	0	562	521	
4	0	0	0	0	570	529	
5	0	0	0	0	576	539	
6	0	0	0	0	583	548	
7	0	0	0	0	582	555	
8	0	0	0	0	581	560	
9	0	0	0	0	578	559	
10	0	0	0	0	575	555	
11	0	0	0	0	571	549	
12	0	0	0	0	564	543	
13	0	0	0	0	557	539	
14	0	0	0	0	552	541	
15	0	0	0	0	546	546	
0	0	0	0	0	541	557	
1	0	0	0	0	537	570	
2	0	0	0	0	533	573	
3	0	0	0	0	529	573	
4	0	0	0	0	528	572	
5	0	0	0	0	527	565	
6	0	0	0	0	528	555	
7	0	0	0	0	531	543	
8	0	0	0	0	535	527	
9	0	0	0	0	543	511	
10	0	0	0	0	551	500	
11	0	0	0	0	559	496	
12	0	0	0	0	566	496	
13	0	0	0	0	573	500	
14	0	0	0	0	579	503	
15	0	0	0	0	585	504	
0	0	0	0	0	587	505	
1	0	0	0	0	586	511	
2	0	0	0	0	583	514	
3	0	0	0	0	580	519	
4	0	0	0	0	579	523	
5	0	0	0	0	579	527	
6	0	0	0	0	577	531	
7	0	0	0	0	575	531	
8	0	0	0	0	569	527	
9	0	0	0	0	566	525	
10	0	0	0	0	568	526	
11	0	0	0	0	570	530	
12	0	0	0	0	571	531	
13	0	0	0	0	574	532	
14	0	0	0	0	573	531	
15	0	0	0	0	573	530	
0	0	0	0	0	572	529	
1	0	0	0	0	574	526	
2	0	0	0	0	571	526	
3	0	0	0	0	568	528	
4	0	0	0	0	566	532	
5	0	0	0	0	563	536	
6	0	0	0	0	561	540	
7	0	0	0	0	553	541	
8	0	0	0	0	543	540	
9	0	0	0	0	536	543	
10	0	0	0	0	529	543	
11	0	0	0	0	527	542	
12	0	0	0	0	525	537	
13	0	0	0	0	523	532	
14	0	0	0	0	524	534	
15	0	0	0	0	528	536	
0	0	0	0	0	528	532	
1	0	0	0	0	529	527	
2	0	0	0	0	530	519	
3	0	0	0	0	529	511	
4	0	0	0	0	530	501	
5	0	0	0	0	531	492	
6	0	0	0	0	531	485	
7	0	0	0	0	531	479	
8	0	0	0	0	538	476	
9	0	0	0	0	543	473	
10	0	0	0	0	550	473	
11	0	0	0	0	556	475	
12	0	0	0	0	563	474	
13	0	0	0	0	570	473	
14	0	0	0	0	575	472	
15	0	0	0	0	579	470	
0	0	0	0	0	577	466	
1	0	0	0	0	575	464	
2	0	0	0	0	569	462	
3	0	0	0	0	563	458	
4	0	0	0	0	555	450	
5	0	0	0	0	550	447	
6	0	0	0	0	544	444	
7	0	0	0	0	540	443	
8	0	0	0	0	536	447	
9	0	0	0	0	531	457	
10	0	0	0	0	523	470	
11	0	0	0	0	514	481	
12	0	0	0	0	507	490	
13	0	0	0	0	502	495	
14	0	0	0	0	495	498	
15	0	0	0	0	487	498	
0	0	0	0	0	479	497	
1	0	0	0	0	468	499	
2	0	0	0	0	460	505	
3	0	0	0	0	454	511	
4	0	0	0	0	452	519	
5	0	0	0	0	454	529	
6	0	0	0	0	462	533	
7	0	0	0	0	470	531	
8	0	0	0	0	480	527	
9	0	0	0	0	488	521	
10	0	0	0	0	496	512	
11	0	0	0	0	500	500	
12	0	0	0	0	503	496	
13	0	0	0	0	508	495	
14	0	0	0	0	513	496	
15	0	0	0	0	519	498	
0	0	0	0	0	525	498	
1	0	0	0	0	527	494	
2	0	0	0	0	525	493	
3	0	0	0	0	525	493	
4	0	0	0	0	525	494	
5	0	0	0	0	523	496	
6	0	0	0	0	522	500	
7	0	0	0	0	519	502	
8	0	0	0	0	521	504	
9	0	0	0	0	521	504	
10	0	0	0	0	522	506	
11	0	0	0	0	526	508	
12	0	0	0	0	530	509	
13	0	0	0	0	533	513	
14	0	0	0	0	538	516	
15	0	0	0	0	541	517	
0	0	0	0	0	542	517	
1	0	0	0	0	541	515	
2	0	0	0	0	541	513	
3	0	0	0	0	539	512	
4	0	0	0	0	535	515	
5	0	0	0	0	530	520	
6	0	0	0	0	524	525	
7	0	0	0	0	516	521	
8	0	0	0	0	512	513	
9	0	0	0	0	510	505	
10	0	0	0	0	510	501	
11	0	0	0	0	511	503	
12	0	0	0	0	514	507	
13	0	0	0	0	515	512	
14	0	0	0	0	523	519	
15	0	0	0	0	530	524	
0	0	0	0	0	535	531	
1	0	0	0	0	536	540	
2	0	0	0	0	537	546	
3	0	0	0	0	539	548	
4	0	0	0	0	544	550	
5	0	0	0	0	548	552	
6	0	0	0	0	548	552	
7	0	0	0	0	545	547	
8	0	0	0	0	540	533	
9	0	0	0	0	535	517	
10	0	0	0	0	531	502	
11	0	0	0	0	526	491	
12	0	0	0	0	523	482	
13	0	0	0	0	519	477	
14	0	0	0	0	519	479	
15	0	0	0	0	524	481	
0	0	0	0	0	530	479	
1	0	0	0	0	534	471	
2	0	0	0	0	537	456	
3	0	0	0	0	537	445	
4	0	0	0	0	538	439	
5	0	0	0	0	537	444	
6	0	0	0	0	536	450	
7	0	0	0	0	538	464	
8	0	0	0	0	538	478	
9	0	0	0	0	540	488	
10	0	0	0	0	540	497	
11	0	0	0	0	542	504	
12	0	0	0	0	544	512	
13	0	0	0	0	547	519	
14	0	0	0	0	552	524	
15	0	0	0	0	557	527	
0	0	0	0	0	560	532	
1	0	0	0	0	561	534	
2	0	0	0	0	559	535	
3	0	0	0	0	551	532	
4	0	0	0	0	542	529	
5	0	0	0	0	534	524	
6	0	0	0	0	527	521	
7	0	0	0	0	526	519	
8	0	0	0	0	520	516	
9	0	0	0	0	514	511	
10	0	0	0	0	505	509	
11	0	0	0	0	498	504	
12	0	0	0	0	490	501	
13	0	0	0	0	482	495	
14	0	0	0	0	476	492	
15	0	0	0	0	471	488	
0	0	0	0	0	471	484	
1	0	0	0	0	471	481	
2	0	0	0	0	471	476	
3	0	0	0	0	473	471	
4	0	0	0	0	477	468	
5	0	0	0	0	476	467	
6	0	0	0	0	473	476	
7	0	0	0	0	469	486	
8	0	0	0	0	467	500	
9	0	0	0	0	464	512	
10	0	0	0	0	458	517	
11	0	0	0	0	451	521	
12	0	0	0	0	445	522	
13	0	0	0	0	440	520	
14	0	0	0	0	438	522	
15	0	0	0	0	437	524	
0	0	0	0	0	441	526	
1	0	0	0	0	449	527	
2	0	0	0	0	460	526	
3	0	0	0	0	471	527	
4	0	0	0	0	483	526	
5	0	0	0	0	491	525	
6	0	0	0	0	496	523	
7	0	0	0	0	500	521	
8	0	0	0	0	502	521	
9	0	0	0	0	498	522	
10	0	0	0	0	495	521	
11	0	0	0	0	489	520	
12	0	0	0	0	484	519	
13	0	0	0	0	480	519	
14	0	0	0	0	480	522	
15	0	0	0	0	486	524	
0	0	0	0	0	491	527	
1	0	0	0	0	496	528	
2	0	0	0	0	500	525	
3	0	0	0	0	499	522	
4	0	0	0	0	498	521	
5	0	0	0	0	497	522	
6	0	0	0	0	498	526	
7	0	0	0	0	499	535	
8	0	0	0	0	499	546	
9	0	0	0	0	497	556	
10	0	0	0	0	494	560	
11	0	0	0	0	489	556	
12	0	0	0	0	482	546	
13	0	0	0	0	478	536	
14	0	0	0	0	477	527	
15	0	0	0	0	478	524	
0	0	0	0	0	477	524	
1	0	0	0	0	476	525	
2	0	0	0	0	475	524	
3	0	0	0	0	477	525	
4	0	0	0	0	480	524	
5	0	0	0	0	487	523	
6	0	0	0	0	496	519	
7	0	0	0	0	503	513	
8	0	0	0	0	503	510	
9	0	0	0	0	498	508	
10	0	0	0	0	491	505	
11	0	0	0	0	480	506	
12	0	0	0	0	470	507	
13	0	0	0	0	466	511	
14	0	0	0	0	460	515	
15	0	0	0	0	456	518	
0	0	0	0	0	458	520	
1	0	0	0	0	460	522	
2	0	0	0	0	465	521	
3	0	0	0	0	473	517	
4	0	0	0	0	485	511	
5	0	0	0	0	496	502	
6	0	0	0	0	507	495	
7	0	0	0	0	513	496	
8	0	0	0	0	518	500	
9	0	0	0	0	523	508	
10	0	0	0	0	526	515	
11	0	0	0	0	530	514	
12	0	0	0	0	534	511	
13	0	0	0	0	536	512	
14	0	0	0	0	537	514	
15	0	0	0	0	540	518	
0	0	0	0	0	540	525	
1	0	0	0	0	536	531	
2	0	0	0	0	530	533	
3	0	0	0	0	526	531	
4	0	0	0	0	524	524	
5	0	0	0	0	523	517	
6	0	0	0	0	519	512	
7	0	0	0	0	514	510	
8	0	0	0	0	511	512	
9	0	0	0	0	511	518	
10	0	0	0	0	512	523	
11	0	0	0	0	517	531	
12	0	0	0	0	520	543	
13	0	0	0	0	518	554	
14	0	0	0	0	515	565	
15	0	0	0	0	514	572	
0	0	0	0	0	512	579	
1	0	0	0	0	512	585	
2	0	0	0	0	514	591	
3	0	0	0	0	518	591	
4	0	0	0	0	519	590	
5	0	0	0	0	520	587	
6	0	0	0	0	523	582	
7	0	0	0	0	522	580	
8	0	0	0	0	519	577	
9	0	0	0	0	521	572	
10	0	0	0	0	523	570	
11	0	0	0	0	524	568	
12	0	0	0	0	523	563	
13	0	0	0	0	523	556	
14	0	0	0	0	517	551	
15	0	0	0	0	512	546	
0	0	0	0	0	510	548	
1	0	0	0	0	510	552	
2	0	0	0	0	515	563	
3	0	0	0	0	522	573	
4	0	0	0	0	529	575	
5	0	0	0	0	533	575	
6	0	0	0	0	532	570	
7	0	0	0	0	530	565	
8	0	0	0	0	525	561	
9	0	0	0	0	518	554	
10	0	0	0	0	510	545	
11	0	0	0	0	504	537	
12	0	0	0	0	500	531	
13	0	0	0	0	503	525	
14	0	0	0	0	502	523	
15	0	0	0	0	502	519	
0	0	0	0	0	502	518	
1	0	0	0	0	502	521	
2	0	0	0	0	500	524	
3	0	0	0	0	499	527	
4	0	0	0	0	500	527	
5	0	0	0	0	502	522	
6	0	0	0	0	503	516	
7	0	0	0	0	508	510	
8	0	0	0	0	514	506	
9	0	0	0	0	519	500	
10	0	0	0	0	523	494	
11	0	0	0	0	522	487	
12	0	0	0	0	518	482	
13	0	0	0	0	511	475	
14	0	0	0	0	505	471	
15	0	0	0	0	504	474	
0	0	0	0	0	506	476	
1	0	0	0	0	509	478	
2	0	0	0	0	512	479	
3	0	0	0	0	515	479	
4	0	0	0	0	517	480	
5	0	0	0	0	513	480	
6	0	0	0	0	511	480	
7	0	0	0	0	508	481	
8	0	0	0	0	505	481	
9	0	0	0	0	501	478	
10	0	0	0	0	495	475	
11	0	0	0	0	492	472	
12	0	0	0	0	495	473	
13	0	0	0	0	503	477	
14	0	0	0	0	511	484	
15	0	0	0	0	520	489	
0	0	0	0	0	527	501	
1	0	0	0	0	536	514	
2	0	0	0	0	545	525	
3	0	0	0	0	551	537	
4	0	0	0	0	554	543	
5	0	0	0	0	556	545	
6	0	0	0	0	555	542	
7	0	0	0	0	553	536	
8	0	0	0	0	552	526	
9	0	0	0	0	550	515	
10	0	0	0	0	547	506	
11	0	0	0	0	543	499	
12	0	0	0	0	538	490	
13	0	0	0	0	536	481	
14	0	0	0	0	534	477	
15	0	0	0	0	533	475	
0	0	0	0	0	528	472	
1	0	0	0	0	523	466	
2	0	0	0	0	520	462	
3	0	0	0	0	522	456	
4	0	0	0	0	523	447	
5	0	0	0	0	526	437	
6	0	0	0	0	529	430	
7	0	0	0	0	530	425	
8	0	0	0	0	529	425	
9	0	0	0	0	525	425	
10	0	0	0	0	522	428	
11	0	0	0	0	519	433	
12	0	0	0	0	513	440	
13	0	0	0	0	508	447	
14	0	0	0	0	503	457	
15	0	0	0	0	500	467	
0	0	0	0	0	502	473	
1	0	0	0	0	499	476	
2	0	0	0	0	495	478	
3	0	0	0	0	491	479	
4	0	0	0	0	492	480	
5	0	0	0	0	492	481	
6	0	0	0	0	494	480	
7	0	0	0	0	501	478	
8	0	0	0	0	511	478	
9	0	0	0	0	522	482	
10	0	0	0	0	526	482	
11	0	0	0	0	525	482	
12	0	0	0	0	521	485	
13	0	0	0	0	515	493	
14	0	0	0	0	508	503	
15	0	0	0	0	503	510	
0	0	0	0	0	502	517	
1	0	0	0	0	501	524	
2	0	0	0	0	499	530	
3	0	0	0	0	497	531	
4	0	0	0	0	498	524	
5	0	0	0	0	494	515	
6	0	0	0	0	490	507	
7	0	0	0	0	487	497	
8	0	0	0	0	487	494	
9	0	0	0	0	488	491	
10	0	0	0	0	496	490	
11	0	0	0	0	503	489	
12	0	0	0	0	512	488	
13	0	0	0	0	519	489	
14	0	0	0	0	520	491	
15	0	0	0	0	519	487	
0	0	0	0	0	513	486	
1	0	0	0	0	509	488	
2	0	0	0	0	505	492	
3	0	0	0	0	500	496	
4	0	0	0	0	494	502	
5	0	0	0	0	491	507	
6	0	0	0	0	486	513	
7	0	0	0	0	487	520	
8	0	0	0	0	494	531	
9	0	0	0	0	499	537	
10	0	0	0	0	503	539	
11	0	0	0	0	504	538	
12	0	0	0	0	508	536	
13	0	0	0	0	508	536	
14	0	0	0	0	506	538	
15	0	0	0	0	502	544	
0	0	0	0	0	500	555	
1	0	0	0	0	499	563	
2	0	0	0	0	495	568	
3	0	0	0	0	492	565	
4	0	0	0	0	489	557	
5	0	0	0	0	483	548	
6	0	0	0	0	481	545	
7	0	0	0	0	481	543	
8	0	0	0	0	478	542	
9	0	0	0	0	473	545	
10	0	0	0	0	474	549	
11	0	0	0	0	476	552	
12	0	0	0	0	480	553	
13	0	0	0	0	487	551	
14	0	0	0	0	492	552	
15	0	0	0	0	495	555	
0	0	0	0	0	497	557	
1	0	0	0	0	499	563	
2	0	0	0	0	500	571	
3	0	0	0	0	502	575	
4	0	0	0	0	503	581	
5	0	0	0	0	504	583	
6	0	0	0	0	502	584	
7	0	0	0	0	501	584	
8	0	0	0	0	500	580	
9	0	0	0	0	501	575	
10	0	0	0	0	504	572	
11	0	0	0	0	504	563	
12	0	0	0	0	502	554	
13	0	0	0	0	501	545	
14	0	0	0	0	496	534	
15	0	0	0	0	491	528	
0	0	0	0	0	489	526	
1	0	0	0	0	486	527	
2	0	0	0	0	484	531	
3	0	0	0	0	483	531	
4	0	0	0	0	481	530	
5	0	0	0	0	481	534	
6	0	0	0	0	482	532	
7	0	0	0	0	484	530	
8	0	0	0	0	484	528	
9	0	0	0	0	483	530	
10	0	0	0	0	483	528	
11	0	0	0	0	487	528	
12	0	0	0	0	491	524	
13	0	0	0	0	494	517	
14	0	0	0	0	501	513	
15	0	0	0	0	512	510	
0	0	0	0	0	527	509	
1	0	0	0	0	536	505	
2	0	0	0	0	537	504	
3	0	0	0	0	536	506	
4	0	0	0	0	534	508	
5	0	0	0	0	529	511	
6	0	0	0	0	526	515	
7	0	0	0	0	524	519	
8	0	0	0	0	519	521	
9	0	0	0	0	514	521	
10	0	0	0	0	510	520	
11	0	0	0	0	504	518	
12	0	0	0	0	495	515	
13	0	0	0	0	492	517	
14	0	0	0	0	493	523	
15	0	0	0	0	497	531	
0	0	0	0	0	501	539	
1	0	0	0	0	504	547	
2	0	0	0	0	506	553	
3	0	0	0	0	505	558	
4	0	0	0	0	503	558	
5	0	0	0	0	500	552	
6	0	0	0	0	496	546	
7	0	0	0	0	495	540	
8	0	0	0	0	492	532	
9	0	0	0	0	491	524	
10	0	0	0	0	487	519	
11	0	0	0	0	483	519	
12	0	0	0	0	483	517	
13	0	0	0	0	488	513	
14	0	0	0	0	494	508	
15	0	0	0	0	498	504	
0	0	0	0	0	502	503	
1	0	0	0	0	504	505	
2	0	0	0	0	506	509	
3	0	0	0	0	509	514	
4	0	0	0	0	508	520	
5	0	0	0	0	508	520	
6	0	0	0	0	505	518	
7	0	0	0	0	502	512	
8	0	0	0	0	501	509	
9	0	0	0	0	504	507	
10	0	0	0	0	511	504	
11	0	0	0	0	515	503	
12	0	0	0	0	519	504	
13	0	0	0	0	524	504	
14	0	0	0	0	531	507	
15	0	0	0	0	539	511	
0	0	0	0	0	543	518	
1	0	0	0	0	544	526	
2	0	0	0	0	544	531	
3	0	0	0	0	542	534	
4	0	0	0	0	540	533	
5	0	0	0	0	544	529	
6	0	0	0	0	548	526	
7	0	0	0	0	551	525	
8	0	0	0	0	551	522	
9	0	0	0	0	552	519	
10	0	0	0	0	553	516	
11	0	0	0	0	556	515	
12	0	0	0	0	561	518	
13	0	0	0	0	567	523	
14	0	0	0	0	573	528	
15	0	0	0	0	577	531	
0	0	0	0	0	580	530	
1	0	0	0	0	581	531	
2	0	0	0	0	583	531	
3	0	0	0	0	583	528	
4	0	0	0	0	578	529	
5	0	0	0	0	573	535	
6	0	0	0	0	568	540	
7	0	0	0	0	563	543	
8	0	0	0	0	563	542	
9	0	0	0	0	563	540	
10	0	0	0	0	558	540	
11	0	0	0	0	556	538	
12	0	0	0	0	556	537	
13	0	0	0	0	551	536	
14	0	0	0	0	547	536	
15	0	0	0	0	542	534	
0	0	0	0	0	538	535	
1	0	0	0	0	532	531	
2	0	0	0	0	527	524	
3	0	0	0	0	523	522	
4	0	0	0	0	519	525	
5	0	0	0	0	518	526	
6	0	0	0	0	517	527	
7	0	0	0	0	517	530	
8	0	0	0	0	519	533	
9	0	0	0	0	524	537	
10	0	0	0	0	530	542	
11	0	0	0	0	537	549	
12	0	0	0	0	540	557	
13	0	0	0	0	550	564	
14	0	0	0	0	560	573	
15	0	0	0	0	572	578	
0	0	0	0	0	577	581	
1	0	0	0	0	578	582	
2	0	0	0	0	578	582	
3	0	0	0	0	582	577	
4	0	0	0	0	587	573	
5	0	0	0	0	586	567	
6	0	0	0	0	580	559	
7	0	0	0	0	575	552	
8	0	0	0	0	571	553	
9	0	0	0	0	568	554	
10	0	0	0	0	567	555	
11	0	0	0	0	568	552	
12	0	0	0	0	566	544	
13	0	0	0	0	561	539	
14	0	0	0	0	555	534	
15	0	0	0	0	550	535	
0	0	0	0	0	546	537	
1	0	0	0	0	545	543	
2	0	0	0	0	545	554	
3	0	0	0	0	547	564	
4	0	0	0	0	552	567	
5	0	0	0	0	558	563	
6	0	0	0	0	563	556	
7	0	0	0	0	568	552	
8	0	0	0	0	570	546	
9	0	0	0	0	574	543	
10	0	0	0	0	576	543	
11	0	0	0	0	577	546	
12	0	0	0	0	579	550	
13	0	0	0	0	583	550	
14	0	0	0	0	588	550	
15	0	0	0	0	593	546	
0	0	0	0	0	598	543	
1	0	0	0	0	602	541	
2	0	0	0	0	603	542	
3	0	0	0	0	601	545	
4	0	0	0	0	599	547	
5	0	0	0	0	592	548	
6	0	0	0	0	584	548	
7	0	0	0	0	577	547	
8	0	0	0	0	576	546	
9	0	0	0	0	578	545	
10	0	0	0	0	580	545	
11	0	0	0	0	586	549	
12	0	0	0	0	592	557	
13	0	0	0	0	596	563	
14	0	0	0	0	594	567	
15	0	0	0	0	588	566	
0	0	0	0	0	580	560	
1	0	0	0	0	574	553	
2	0	0	0	0	568	548	
3	0	0	0	0	561	545	
4	0	0	0	0	556	544	
5	0	0	0	0	552	542	
6	0	0	0	0	547	543	
7	0	0	0	0	545	545	
8	0	0	0	0	543	548	
9	0	0	0	0	546	553	
10	0	0	0	0	547	559	
11	0	0	0	0	548	563	
12	0	0	0	0	549	569	
13	0	0	0	0	550	576	
14	0	0	0	0	547	585	
15	0	0	0	0	548	590	
0	0	0	0	0	550	589	
1	0	0	0	0	548	585	
2	0	0	0	0	541	575	
3	0	0	0	0	536	564	
4	0	0	0	0	536	553	
5	0	0	0	0	538	547	
6	0	0	0	0	540	546	
7	0	0	0	0	540	544	
8	0	0	0	0	543	546	
9	0	0	0	0	549	545	
10	0	0	0	0	556	543	
11	0	0	0	0	558	541	
12	0	0	0	0	558	534	
13	0	0	0	0	560	526	
14	0	0	0	0	558	520	
15	0	0	0	0	559	518	
0	0	0	0	0	559	515	
1	0	0	0	0	560	514	
2	0	0	0	0	563	514	
3	0	0	0	0	561	515	
4	0	0	0	0	559	518	
5	0	0	0	0	558	520	
6	0	0	0	0	557	523	
7	0	0	0	0	552	531	
8	0	0	0	0	547	540	
9	0	0	0	0	545	551	
10	0	0	0	0	540	554	
11	0	0	0	0	535	552	
12	0	0	0	0	535	550	
13	0	0	0	0	537	545	
14	0	0	0	0	536	544	
15	0	0	0	0	537	547	
0	0	0	0	0	540	551	
1	0	0	0	0	551	557	
2	0	0	0	0	568	560	
3	0	0	0	0	581	561	
4	0	0	0	0	591	561	
5	0	0	0	0	595	560	
6	0	0	0	0	599	556	
7	0	0	0	0	601	548	
8	0	0	0	0	602	537	
9	0	0	0	0	597	523	
10	0	0	0	0	590	507	
11	0	0	0	0	587	496	
12	0	0	0	0	583	487	
13	0	0	0	0	580	483	
14	0	0	0	0	576	478	
15	0	0	0	0	574	472	
0	0	0	0	0	570	466	
1	0	0	0	0	561	460	
2	0	0	0	0	553	455	
3	0	0	0	0	545	455	
4	0	0	0	0	541	455	
5	0	0	0	0	542	457	
6	0	0	0	0	541	455	
7	0	0	0	0	543	454	
8	0	0	0	0	550	455	
9	0	0	0	0	556	463	
10	0	0	0	0	562	473	
11	0	0	0	0	567	483	
12	0	0	0	0	569	492	
13	0	0	0	0	575	496	
14	0	0	0	0	578	500	
15	0	0	0	0	577	500	
0	0	0	0	0	572	502	
1	0	0	0	0	568	509	
2	0	0	0	0	563	523	
3	0	0	0	0	554	538	
4	0	0	0	0	546	554	
5	0	0	0	0	544	564	
6	0	0	0	0	549	569	
7	0	0	0	0	561	573	
8	0	0	0	0	574	576	
9	0	0	0	0	582	575	
10	0	0	0	0	589	564	
11	0	0	0	0	595	547	
12	0	0	0	0	598	527	
13	0	0	0	0	596	507	
14	0	0	0	0	591	490	
15	0	0	0	0	583	475	
0	0	0	0	0	575	459	
1	0	0	0	0	570	444	
2	0	0	0	0	566	429	
3	0	0	0	0	568	419	
4	0	0	0	0	567	413	
5	0	0	0	0	569	412	
6	0	0	0	0	573	413	
7	0	0	0	0	575	415	
8	0	0	0	0	575	415	
9	0	0	0	0	575	414	
10	0	0	0	0	574	414	
11	0	0	0	0	574	412	
12	0	0	0	0	572	415	
13	0	0	0	0	570	419	
14	0	0	0	0	570	422	
15	0	0	0	0	567	425	
0	0	0	0	0	561	431	
1	0	0	0	0	557	433	
2	0	0	0	0	555	436	
3	0	0	0	0	553	434	
4	0	0	0	0	551	433	
5	0	0	0	0	549	431	
6	0	0	0	0	548	428	
7	0	0	0	0	552	424	
8	0	0	0	0	555	418	
9	0	0	0	0	556	415	
10	0	0	0	0	555	409	
11	0	0	0	0	551	405	
12	0	0	0	0	544	401	
13	0	0	0	0	535	398	
14	0	0	0	0	530	397	
15	0	0	0	0	528	397	
0	0	0	0	0	531	393	
1	0	0	0	0	536	393	
2	0	0	0	0	539	392	
3	0	0	0	0	540	391	
4	0	0	0	0	542	392	
5	0	0	0	0	543	392	
6	0	0	0	0	545	394	
7	0	0	0	0	549	398	
8	0	0	0	0	551	402	
9	0	0	0	0	554	404	
10	0	0	0	0	556	400	
11	0	0	0	0	558	399	
12	0	0	0	0	560	402	
13	0	0	0	0	564	405	
14	0	0	0	0	564	408	
15	0	0	0	0	560	408	
0	0	0	0	0	557	408	
1	0	0	0	0	551	414	
2	0	0	0	0	546	419	
3	0	0	0	0	542	430	
4	0	0	0	0	543	444	
5	0	0	0	0	542	455	
6	0	0	0	0	540	465	
7	0	0	0	0	539	477	
8	0	0	0	0	534	490	
9	0	0	0	0	530	502	
10	0	0	0	0	523	510	
11	0	0	0	0	513	512	
12	0	0	0	0	501	507	
13	0	0	0	0	491	494	
14	0	0	0	0	480	482	
15	0	0	0	0	472	470	
0	0	0	0	0	467	455	
1	0	0	0	0	465	441	
2	0	0	0	0	463	431	
3	0	0	0	0	465	423	
4	0	0	0	0	470	415	
5	0	0	0	0	478	408	
6	0	0	0	0	484	405	
7	0	0	0	0	488	405	
8	0	0	0	0	490	404	
9	0	0	0	0	495	407	
10	0	0	0	0	495	412	
11	0	0	0	0	495	420	
12	0	0	0	0	495	431	
13	0	0	0	0	494	443	
14	0	0	0	0	494	452	
15	0	0	0	0	497	460	
0	0	0	0	0	505	464	
1	0	0	0	0	514	467	
2	0	0	0	0	523	467	
3	0	0	0	0	526	463	
4	0	0	0	0	526	456	
5	0	0	0	0	522	444	
6	0	0	0	0	516	431	
7	0	0	0	0	508	420	
8	0	0	0	0	500	412	
9	0	0	0	0	491	406	
10	0	0	0	0	484	404	
11	0	0	0	0	475	403	
12	0	0	0	0	464	401	
13	0	0	0	0	456	403	
14	0	0	0	0	452	405	
15	0	0	0	0	451	407	
0	0	0	0	0	452	412	
1	0	0	0	0	455	415	
2	0	0	0	0	463	420	
3	0	0	0	0	466	425	
4	0	0	0	0	469	432	
5	0	0	0	0	470	442	
6	0	0	0	0	470	450	
7	0	0	0	0	470	461	
8	0	0	0	0	473	472	
9	0	0	0	0	477	481	
10	0	0	0	0	478	487	
11	0	0	0	0	484	494	
12	0	0	0	0	488	499	
13	0	0	0	0	489	507	
14	0	0	0	0	489	516	
15	0	0	0	0	491	526	
0	0	0	0	0	492	530	
1	0	0	0	0	494	529	
2	0	0	0	0	496	527	
3	0	0	0	0	497	521	
4	0	0	0	0	495	518	
5	0	0	0	0	491	517	
6	0	0	0	0	486	518	
7	0	0	0	0	481	519	
8	0	0	0	0	475	523	
9	0	0	0	0	467	529	
10	0	0	0	0	459	536	
11	0	0	0	0	452	544	
12	0	0	0	0	450	550	
13	0	0	0	0	445	554	
14	0	0	0	0	444	556	
15	0	0	0	0	442	558	
0	0	0	0	0	438	566	
1	0	0	0	0	435	577	
2	0	0	0	0	433	586	
3	0	0	0	0	428	592	
4	0	0	0	0	420	595	
5	0	0	0	0	414	597	
6	0	0	0	0	408	598	
7	0	0	0	0	409	601	
8	0	0	0	0	410	604	
9	0	0	0	0	412	607	
10	0	0	0	0	417	610	
11	0	0	0	0	422	616	
12	0	0	0	0	427	623	
13	0	0	0	0	432	632	
14	0	0	0	0	439	638	
15	0	0	0	0	445	644	
0	0	0	0	0	447	649	
1	0	0	0	0	451	659	
2	0	0	0	0	455	659	
3	0	0	0	0	459	661	
4	0	0	0	0	462	660	
5	0	0	0	0	463	659	
6	0	0	0	0	463	659	
7	0	0	0	0	462	662	
8	0	0	0	0	461	660	
9	0	0	0	0	463	661	
10	0	0	0	0	463	666	
11	0	0	0	0	465	667	
12	0	0	0	0	467	676	
13	0	0	0	0	471	691	
14	0	0	0	0	478	703	
15	0	0	0	0	486	714	
0	0	0	0	0	491	719	
1	0	0	0	0	492	719	
2	0	0	0	0	490	712	
3	0	0	0	0	493	700	
4	0	0	0	0	495	687	
5	0	0	0	0	494	676	
6	0	0	0	0	492	670	
7	0	0	0	0	492	667	
8	0	0	0	0	494	664	
9	0	0	0	0	496	661	
10	0	0	0	0	497	662	
11	0	0	0	0	499	666	
12	0	0	0	0	503	669	
13	0	0	0	0	504	673	
14	0	0	0	0	504	682	
15	0	0	0	0	504	685	
0	0	0	0	0	503	686	
1	0	0	0	0	499	682	
2	0	0	0	0	492	676	
3	0	0	0	0	484	668	
4	0	0	0	0	477	660	
5	0	0	0	0	472	655	
6	0	0	0	0	468	654	
7	0	0	0	0	468	655	
8	0	0	0	0	469	658	
9	0	0	0	0	470	660	
10	0	0	0	0	466	657	
11	0	0	0	0	462	654	
12	0	0	0	0	456	653	
13	0	0	0	0	452	656	
14	0	0	0	0	452	658	
15	0	0	0	0	456	660	
0	0	0	0	0	459	653	
1	0	0	0	0	460	650	
2	0	0	0	0	459	643	
3	0	0	0	0	456	636	
4	0	0	0	0	450	632	
5	0	0	0	0	445	632	
6	0	0	0	0	441	636	
7	0	0	0	0	439	639	
8	0	0	0	0	439	639	
9	0	0	0	0	440	641	
10	0	0	0	0	442	642	
11	0	0	0	0	445	641	
12	0	0	0	0	449	639	
13	0	0	0	0	451	642	
14	0	0	0	0	455	642	
15	0	0	0	0	463	643	
0	0	0	0	0	471	645	
1	0	0	0	0	476	638	
2	0	0	0	0	477	628	
3	0	0	0	0	477	620	
4	0	0	0	0	475	612	
5	0	0	0	0	473	610	
6	0	0	0	0	473	614	
7	0	0	0	0	472	616	
8	0	0	0	0	474	620	
9	0	0	0	0	476	622	
10	0	0	0	0	480	622	
11	0	0	0	0	486	623	
12	0	0	0	0	493	621	
13	0	0	0	0	502	615	
14	0	0	0	0	511	612	
15	0	0	0	0	518	604	
0	0	0	0	0	525	598	
1	0	0	0	0	527	587	
2	0	0	0	0	527	579	
3	0	0	0	0	524	569	
4	0	0	0	0	518	563	
5	0	0	0	0	511	557	
6	0	0	0	0	502	554	
7	0	0	0	0	495	553	
8	0	0	0	0	488	554	
9	0	0	0	0	481	556	
10	0	0	0	0	476	556	
11	0	0	0	0	474	553	
12	0	0	0	0	471	547	
13	0	0	0	0	469	540	
14	0	0	0	0	471	534	
15	0	0	0	0	473	528	
0	0	0	0	0	474	523	
1	0	0	0	0	473	523	
2	0	0	0	0	470	525	
3	0	0	0	0	469	528	
4	0	0	0	0	468	534	
5	0	0	0	0	467	540	
6	0	0	0	0	466	543	
7	0	0	0	0	463	542	
8	0	0	0	0	462	544	
9	0	0	0	0	467	552	
10	0	0	0	0	473	553	
11	0	0	0	0	483	556	
12	0	0	0	0	487	551	
13	0	0	0	0	492	541	
14	0	0	0	0	494	527	
15	0	0	0	0	494	513	
0	0	0	0	0	492	500	
1	0	0	0	0	491	491	
2	0	0	0	0	487	487	
3	0	0	0	0	483	488	
4	0	0	0	0	480	484	
5	0	0	0	0	474	482	
6	0	0	0	0	467	484	
7	0	0	0	0	461	489	
8	0	0	0	0	459	498	
9	0	0	0	0	455	510	
10	0	0	0	0	457	522	
11	0	0	0	0	458	533	
12	0	0	0	0	459	543	
13	0	0	0	0	458	549	
14	0	0	0	0	458	551	
15	0	0	0	0	457	551	
0	0	0	0	0	459	548	
1	0	0	0	0	462	545	
2	0	0	0	0	461	540	
3	0	0	0	0	459	534	
4	0	0	0	0	454	529	
5	0	0	0	0	451	525	
6	0	0	0	0	446	517	
7	0	0	0	0	441	510	
8	0	0	0	0	437	503	
9	0	0	0	0	435	496	
10	0	0	0	0	436	492	
11	0	0	0	0	435	492	
12	0	0	0	0	435	494	
13	0	0	0	0	437	497	
14	0	0	0	0	440	499	
15	0	0	0	0	443	502	
0	0	0	0	0	447	508	
1	0	0	0	0	451	509	
2	0	0	0	0	454	514	
3	0	0	0	0	451	516	
4	0	0	0	0	447	523	
5	0	0	0	0	440	533	
6	0	0	0	0	434	539	
7	0	0	0	0	431	539	
8	0	0	0	0	428	536	
9	0	0	0	0	426	526	
10	0	0	0	0	419	515	
11	0	0	0	0	412	508	
12	0	0	0	0	407	503	
13	0	0	0	0	404	501	
14	0	0	0	0	406	499	
15	0	0	0	0	411	497	
0	0	0	0	0	416	496	
1	0	0	0	0	422	494	
2	0	0	0	0	431	493	
3	0	0	0	0	440	495	
4	0	0	0	0	449	495	
5	0	0	0	0	455	492	
6	0	0	0	0	460	489	
7	0	0	0	0	464	485	
8	0	0	0	0	463	480	
9	0	0	0	0	459	478	
10	0	0	0	0	454	477	
11	0	0	0	0	453	478	
12	0	0	0	0	452	483	
13	0	0	0	0	452	491	
14	0	0	0	0	451	502	
15	0	0	0	0	449	516	
0	0	0	0	0	449	529	
1	0	0	0	0	451	536	
2	0	0	0	0	452	538	
3	0	0	0	0	455	539	
4	0	0	0	0	460	540	
5	0	0	0	0	466	538	
6	0	0	0	0	470	536	
7	0	0	0	0	475	535	
8	0	0	0	0	479	536	
9	0	0	0	0	483	535	
10	0	0	0	0	486	531	
11	0	0	0	0	483	526	
12	0	0	0	0	480	518	
13	0	0	0	0	475	510	
14	0	0	0	0	467	503	
15	0	0	0	0	460	495	
0	0	0	0	0	455	487	
1	0	0	0	0	450	480	
2	0	0	0	0	447	473	
3	0	0	0	0	442	475	
4	0	0	0	0	442	480	
5	0	0	0	0	446	488	
6	0	0	0	0	451	498	
7	0	0	0	0	456	513	
8	0	0	0	0	461	527	
9	0	0	0	0	467	542	
10	0	0	0	0	473	549	
11	0	0	0	0	480	548	
12	0	0	0	0	484	544	
13	0	0	0	0	487	537	
14	0	0	0	0	486	529	
15	0	0	0	0	483	520	
0	0	0	0	0	481	514	
1	0	0	0	0	478	512	
2	0	0	0	0	479	509	
3	0	0	0	0	476	508	
4	0	0	0	0	471	510	
5	0	0	0	0	468	512	
6	0	0	0	0	468	508	
7	0	0	0	0	471	507	
8	0	0	0	0	475	506	
9	0	0	0	0	483	507	
10	0	0	0	0	492	505	
11	0	0	0	0	497	503	
12	0	0	0	0	501	500	
13	0	0	0	0	505	497	
14	0	0	0	0	510	496	
15	0	0	0	0	513	497	
0	0	0	0	0	518	499	
1	0	0	0	0	519	497	
2	0	0	0	0	521	495	
3	0	0	0	0	520	494	
4	0	0	0	0	519	489	
5	0	0	0	0	519	486	
6	0	0	0	0	518	483	
7	0	0	0	0	520	477	
8	0	0	0	0	523	470	
9	0	0	0	0	527	463	
10	0	0	0	0	530	464	
11	0	0	0	0	532	467	
12	0	0	0	0	537	470	
13	0	0	0	0	540	472	
14	0	0	0	0	542	474	
15	0	0	0	0	543	478	
0	0	0	0	0	541	482	
1	0	0	0	0	539	485	
2	0	0	0	0	538	488	
3	0	0	0	0	536	489	
4	0	0	0	0	536	492	
5	0	0	0	0	539	491	
6	0	0	0	0	541	489	
7	0	0	0	0	542	484	
8	0	0	0	0	543	478	
9	0	0	0	0	545	477	
10	0	0	0	0	543	476	
11	0	0	0	0	535	475	
12	0	0	0	0	526	480	
13	0	0	0	0	518	487	
14	0	0	0	0	512	498	
15	0	0	0	0	511	508	
0	0	0	0	0	513	511	
1	0	0	0	0	519	512	
2	0	0	0	0	526	515	
3	0	0	0	0	532	517	
4	0	0	0	0	537	519	
5	0	0	0	0	542	523	
6	0	0	0	0	546	527	
7	0	0	0	0	551	529	
8	0	0	0	0	555	524	
9	0	0	0	0	558	516	
10	0	0	0	0	558	508	
11	0	0	0	0	557	498	
12	0	0	0	0	557	492	
13	0	0	0	0	559	488	
14	0	0	0	0	560	482	
15	0	0	0	0	556	476	
0	0	0	0	0	548	470	
1	0	0	0	0	537	467	
2	0	0	0	0	527	464	
3	0	0	0	0	519	463	
4	0	0	0	0	510	460	
5	0	0	0	0	504	456	
6	0	0	0	0	498	452	
7	0	0	0	0	494	449	
8	0	0	0	0	495	449	
9	0	0	0	0	503	449	
10	0	0	0	0	509	450	
11	0	0	0	0	518	451	
12	0	0	0	0	523	454	
13	0	0	0	0	527	455	
14	0	0	0	0	528	454	
15	0	0	0	0	530	457	
0	0	0	0	0	534	459	
1	0	0	0	0	533	462	
2	0	0	0	0	535	472	
3	0	0	0	0	539	487	
4	0	0	0	0	542	504	
5	0	0	0	0	541	520	
6	0	0	0	0	541	534	
7	0	0	0	0	543	541	
8	0	0	0	0	550	544	
9	0	0	0	0	557	542	
10	0	0	0	0	563	539	
11	0	0	0	0	568	537	
12	0	0	0	0	572	530	
13	0	0	0	0	574	521	
14	0	0	0	0	576	512	
15	0	0	0	0	576	499	
0	0	0	0	0	575	488	
1	0	0	0	0	572	478	
2	0	0	0	0	565	472	
3	0	0	0	0	564	470	
4	0	0	0	0	566	470	
5	0	0	0	0	568	471	
6	0	0	0	0	569	474	
7	0	0	0	0	568	479	
8	0	0	0	0	563	486	
9	0	0	0	0	557	495	
10	0	0	0	0	556	504	
11	0	0	0	0	557	505	
12	0	0	0	0	560	504	
13	0	0	0	0	562	507	
14	0	0	0	0	563	508	
15	0	0	0	0	566	506	
0	0	0	0	0	569	506	
1	0	0	0	0	570	512	
2	0	0	0	0	570	518	
3	0	0	0	0	567	525	
4	0	0	0	0	564	531	
5	0	0	0	0	560	540	
6	0	0	0	0	557	549	
7	0	0	0	0	556	556	
8	0	0	0	0	558	564	
9	0	0	0	0	556	570	
10	0	0	0	0	552	573	
11	0	0	0	0	551	570	
12	0	0	0	0	548	565	
13	0	0	0	0	546	555	
14	0	0	0	0	545	543	
15	0	0	0	0	544	528	
0	0	0	0	0	543	517	
1	0	0	0	0	541	512	
2	0	0	0	0	537	507	
3	0	0	0	0	532	503	
4	0	0	0	0	521	496	
5	0	0	0	0	510	493	
6	0	0	0	0	502	487	
7	0	0	0	0	494	484	
8	0	0	0	0	490	483	
9	0	0	0	0	489	480	
10	0	0	0	0	488	481	
11	0	0	0	0	488	482	
12	0	0	0	0	493	481	
13	0	0	0	0	497	485	
14	0	0	0	0	498	493	
15	0	0	0	0	499	499	
0	0	0	0	0	501	504	
1	0	0	0	0	500	508	
2	0	0	0	0	499	510	
3	0	0	0	0	498	510	
4	0	0	0	0	496	507	
5	0	0	0	0	491	500	
6	0	0	0	0	486	489	
7	0	0	0	0	483	476	
8	0	0	0	0	483	466	
9	0	0	0	0	487	458	
10	0	0	0	0	494	453	
11	0	0	0	0	501	453	
12	0	0	0	0	505	455	
13	0	0	0	0	511	456	
14	0	0	0	0	515	458	
15	0	0	0	0	515	461	
0	0	0	0	0	514	459	
1	0	0	0	0	515	459	
2	0	0	0	0	518	457	
3	0	0	0	0	517	452	
4	0	0	0	0	517	448	
5	0	0	0	0	515	447	
6	0	0	0	0	511	448	
7	0	0	0	0	510	458	
8	0	0	0	0	510	465	
9	0	0	0	0	508	469	
10	0	0	0	0	512	471	
11	0	0	0	0	519	473	
12	0	0	0	0	528	477	
13	0	0	0	0	536	479	
14	0	0	0	0	540	482	
15	0	0	0	0	539	489	
0	0	0	0	0	536	495	
1	0	0	0	0	531	496	
2	0	0	0	0	523	494	
3	0	0	0	0	512	489	
4	0	0	0	0	503	483	
5	0	0	0	0	494	475	
6	0	0	0	0	487	467	
7	0	0	0	0	476	463	
8	0	0	0	0	471	461	
9	0	0	0	0	470	460	
10	0	0	0	0	470	461	
11	0	0	0	0	470	462	
12	0	0	0	0	468	462	
13	0	0	0	0	470	462	
14	0	0	0	0	472	459	
15	0	0	0	0	476	459	
0	0	0	0	0	478	459	
1	0	0	0	0	475	457	
2	0	0	0	0	468	459	
3	0	0	0	0	462	460	
4	0	0	0	0	460	461	
5	0	0	0	0	461	462	
6	0	0	0	0	466	461	
7	0	0	0	0	476	459	
8	0	0	0	0	483	457	
9	0	0	0	0	489	458	
10	0	0	0	0	493	459	
11	0	0	0	0	496	460	
12	0	0	0	0	502	465	
13	0	0	0	0	511	472	
14	0	0	0	0	519	481	
15	0	0	0	0	525	490	
0	0	0	0	0	531	497	
1	0	0	0	0	532	501	
2	0	0	0	0	534	502	
3	0	0	0	0	537	504	
4	0	0	0	0	536	503	
5	0	0	0	0	531	499	
6	0	0	0	0	525	494	
7	0	0	0	0	516	489	
8	0	0	0	0	507	485	
9	0	0	0	0	495	486	
10	0	0	0	0	484	487	
11	0	0	0	0	480	487	
12	0	0	0	0	479	493	
13	0	0	0	0	479	497	
14	0	0	0	0	484	496	
15	0	0	0	0	490	495	
0	0	0	0	0	496	493	
1	0	0	0	0	499	484	
2	0	0	0	0	506	475	
3	0	0	0	0	507	463	
4	0	0	0	0	505	457	
5	0	0	0	0	503	452	
6	0	0	0	0	498	447	
7	0	0	0	0	491	442	
8	0	0	0	0	485	438	
9	0	0	0	0	478	439	
10	0	0	0	0	477	440	
11	0	0	0	0	476	443	
12	0	0	0	0	478	448	
13	0	0	0	0	479	453	
14	0	0	0	0	483	455	
15	0	0	0	0	489	459	
0	0	0	0	0	496	461	
1	0	0	0	0	499	461	
2	0	0	0	0	500	460	
3	0	0	0	0	498	457	
4	0	0	0	0	498	452	
5	0	0	0	0	496	447	
6	0	0	0	0	493	442	
7	0	0	0	0	488	442	
8	0	0	0	0	484	440	
9	0	0	0	0	484	441	
10	0	0	0	0	484	445	
11	0	0	0	0	484	450	
12	0	0	0	0	481	448	
13	0	0	0	0	479	447	
14	0	0	0	0	475	447	
15	0	0	0	0	473	447	
0	0	0	0	0	472	444	
1	0	0	0	0	472	438	
2	0	0	0	0	472	432	
3	0	0	0	0	472	432	
4	0	0	0	0	475	436	
5	0	0	0	0	481	442	
6	0	0	0	0	489	449	
7	0	0	0	0	498	456	
8	0	0	0	0	508	463	
9	0	0	0	0	515	465	
10	0	0	0	0	519	464	
11	0	0	0	0	519	459	
12	0	0	0	0	519	455	
13	0	0	0	0	518	452	
14	0	0	0	0	512	453	
15	0	0	0	0	509	455	
0	0	0	0	0	508	457	
1	0	0	0	0	506	459	
2	0	0	0	0	504	460	
3	0	0	0	0	504	458	
4	0	0	0	0	502	455	
5	0	0	0	0	503	452	
6	0	0	0	0	499	447	
7	0	0	0	0	491	442	
8	0	0	0	0	480	432	
9	0	0	0	0	470	424	
10	0	0	0	0	461	419	
11	0	0	0	0	455	414	
12	0	0	0	0	454	414	
13	0	0	0	0	457	416	
14	0	0	0	0	464	419	
15	0	0	0	0	471	424	
0	0	0	0	0	475	435	
1	0	0	0	0	478	448	
2	0	0	0	0	480	457	
3	0	0	0	0	481	464	
4	0	0	0	0	483	472	
5	0	0	0	0	485	483	
6	0	0	0	0	487	492	
7	0	0	0	0	490	498	
8	0	0	0	0	493	499	
9	0	0	0	0	495	496	
10	0	0	0	0	497	493	
11	0	0	0	0	499	491	
12	0	0	0	0	506	484	
13	0	0	0	0	514	473	
14	0	0	0	0	523	462	
15	0	0	0	0	531	451	
0	0	0	0	0	535	443	
1	0	0	0	0	538	433	
2	0	0	0	0	537	423	
3	0	0	0	0	538	415	
4	0	0	0	0	542	412	
5	0	0	0	0	543	408	
6	0	0	0	0	547	405	
7	0	0	0	0	547	404	
8	0	0	0	0	545	405	
9	0	0	0	0	543	405	
10	0	0	0	0	540	405	
11	0	0	0	0	532	403	
12	0	0	0	0	526	400	
13	0	0	0	0	519	396	
14	0	0	0	0	515	389	
15	0	0	0	0	508	382	
0	0	0	0	0	503	387	
1	0	0	0	0	499	393	
2	0	0	0	0	499	399	
3	0	0	0	0	504	408	
4	0	0	0	0	510	418	
5	0	0	0	0	513	424	
6	0	0	0	0	515	428	
7	0	0	0	0	516	433	
8	0	0	0	0	519	437	
9	0	0	0	0	522	440	
10	0	0	0	0	525	441	
11	0	0	0	0	525	440	
12	0	0	0	0	525	433	
13	0	0	0	0	524	424	
14	0	0	0	0	526	415	
15	0	0	0	0	528	409	
0	0	0	0	0	531	404	
1	0	0	0	0	534	399	
2	0	0	0	0	537	393	
3	0	0	0	0	543	388	
4	0	0	0	0	550	383	
5	0	0	0	0	557	385	
6	0	0	0	0	561	384	
7	0	0	0	0	566	385	
8	0	0	0	0	568	385	
9	0	0	0	0	564	389	
10	0	0	0	0	558	388	
11	0	0	0	0	555	382	
12	0	0	0	0	551	376	
13	0	0	0	0	549	370	
14	0	0	0	0	551	363	
15	0	0	0	0	553	356	
0	0	0	0	0	558	353	
1	0	0	0	0	563	357	
2	0	0	0	0	568	371	
3	0	0	0	0	571	382	
4	0	0	0	0	574	390	
5	0	0	0	0	575	397	
6	0	0	0	0	572	401	
7	0	0	0	0	566	408	
8	0	0	0	0	560	405	
9	0	0	0	0	551	402	
10	0	0	0	0	541	400	
11	0	0	0	0	532	393	
12	0	0	0	0	527	388	
13	0	0	0	0	524	386	
14	0	0	0	0	523	382	
15	0	0	0	0	522	378	
0	0	0	0	0	522	378	
1	0	0	0	0	524	378	
2	0	0	0	0	524	387	
3	0	0	0	0	524	392	
4	0	0	0	0	525	392	
5	0	0	0	0	525	401	
6	0	0	0	0	526	408	
7	0	0	0	0	528	412	
8	0	0	0	0	527	414	
9	0	0	0	0	530	412	
10	0	0	0	0	530	404	
11	0	0	0	0	531	392	
12	0	0	0	0	531	382	
13	0	0	0	0	531	381	
14	0	0	0	0	531	380	
15	0	0	0	0	533	379	
0	0	0	0	0	538	387	
1	0	0	0	0	542	390	
2	0	0	0	0	543	395	
3	0	0	0	0	544	402	
4	0	0	0	0	548	409	
5	0	0	0	0	551	415	
6	0	0	0	0	553	423	
7	0	0	0	0	553	433	
8	0	0	0	0	554	441	
9	0	0	0	0	553	450	
10	0	0	0	0	553	465	
11	0	0	0	0	552	478	
12	0	0	0	0	549	492	
13	0	0	0	0	543	503	
14	0	0	0	0	540	514	
15	0	0	0	0	536	519	
0	0	0	0	0	533	519	
1	0	0	0	0	536	519	
2	0	0	0	0	540	517	
3	0	0	0	0	544	513	
4	0	0	0	0	548	512	
5	0	0	0	0	553	512	
6	0	0	0	0	561	518	
7	0	0	0	0	568	527	
8	0	0	0	0	574	541	
9	0	0	0	0	573	550	
10	0	0	0	0	565	558	
11	0	0	0	0	559	566	
12	0	0	0	0	551	572	
13	0	0	0	0	545	575	
14	0	0	0	0	542	573	
15	0	0	0	0	540	565	
0	0	0	0	0	537	555	
1	0	0	0	0	535	538	
2	0	0	0	0	535	519	
3	0	0	0	0	534	505	
4	0	0	0	0	536	493	
5	0	0	0	0	543	478	
6	0	0	0	0	548	461	
7	0	0	0	0	553	446	
8	0	0	0	0	559	432	
9	0	0	0	0	563	424	
10	0	0	0	0	565	423	
11	0	0	0	0	563	425	
12	0	0	0	0	561	436	
13	0	0	0	0	559	444	
14	0	0	0	0	556	455	
15	0	0	0	0	551	467	
0	0	0	0	0	545	480	
1	0	0	0	0	540	492	
2	0	0	0	0	537	501	
3	0	0	0	0	535	508	
4	0	0	0	0	534	510	
5	0	0	0	0	533	510	
6	0	0	0	0	535	507	
7	0	0	0	0	534	503	
8	0	0	0	0	534	500	
9	0	0	0	0	533	501	
10	0	0	0	0	532	502	
11	0	0	0	0	533	505	
12	0	0	0	0	535	507	
13	0	0	0	0	539	510	
14	0	0	0	0	545	519	
15	0	0	0	0	551	528	
0	0	0	0	0	556	535	
1	0	0	0	0	558	537	
2	0	0	0	0	555	537	
3	0	0	0	0	549	540	
4	0	0	0	0	542	536	
5	0	0	0	0	536	526	
6	0	0	0	0	531	518	
7	0	0	0	0	529	506	
8	0	0	0	0	527	498	
9	0	0	0	0	521	495	
10	0	0	0	0	518	493	
11	0	0	0	0	517	492	
12	0	0	0	0	514	493	
13	0	0	0	0	512	496	
14	0	0	0	0	511	501	
15	0	0	0	0	512	503	
0	0	0	0	0	514	504	
1	0	0	0	0	519	508	
2	0	0	0	0	524	512	
3	0	0	0	0	527	521	
4	0	0	0	0	528	526	
5	0	0	0	0	527	534	
6	0	0	0	0	525	538	
7	0	0	0	0	527	540	
8	0	0	0	0	524	537	
9	0	0	0	0	523	534	
10	0	0	0	0	525	528	
11	0	0	0	0	524	516	
12	0	0	0	0	524	502	
13	0	0	0	0	521	486	
14	0	0	0	0	517	471	
15	0	0	0	0	512	460	
0	0	0	0	0	507	454	
1	0	0	0	0	503	456	
2	0	0	0	0	499	460	
3	0	0	0	0	499	465	
4	0	0	0	0	501	469	
5	0	0	0	0	504	473	
6	0	0	0	0	510	479	
7	0	0	0	0	515	479	
8	0	0	0	0	523	475	
9	0	0	0	0	532	472	
10	0	0	0	0	540	467	
11	0	0	0	0	543	463	
12	0	0	0	0	541	457	
13	0	0	0	0	531	454	
14	0	0	0	0	521	455	
15	0	0	0	0	512	457	
0	0	0	0	0	506	461	
1	0	0	0	0	500	471	
2	0	0	0	0	498	483	
3	0	0	0	0	496	491	
4	0	0	0	0	495	497	
5	0	0	0	0	498	503	
6	0	0	0	0	506	508	
7	0	0	0	0	513	508	
8	0	0	0	0	518	503	
9	0	0	0	0	520	494	
10	0	0	0	0	521	485	
11	0	0	0	0	522	475	
12	0	0	0	0	522	467	
13	0	0	0	0	520	462	
14	0	0	0	0	516	460	
15	0	0	0	0	510	463	
0	0	0	0	0	510	474	
1	0	0	0	0	510	489	
2	0	0	0	0	508	506	
3	0	0	0	0	506	525	
4	0	0	0	0	508	543	
5	0	0	0	0	510	562	
6	0	0	0	0	508	577	
7	0	0	0	0	509	586	
8	0	0	0	0	513	586	
9	0	0	0	0	519	581	
10	0	0	0	0	525	574	
11	0	0	0	0	527	568	
12	0	0	0	0	532	567	
13	0	0	0	0	535	570	
14	0	0	0	0	536	569	
15	0	0	0	0	535	565	
0	0	0	0	0	532	556	
1	0	0	0	0	529	544	
2	0	0	0	0	527	529	
3	0	0	0	0	526	515	
4	0	0	0	0	526	501	
5	0	0	0	0	527	484	
6	0	0	0	0	536	468	
7	0	0	0	0	548	453	
8	0	0	0	0	561	448	
9	0	0	0	0	574	443	
10	0	0	0	0	583	438	
11	0	0	0	0	585	438	
12	0	0	0	0	582	444	
13	0	0	0	0	575	452	
14	0	0	0	0	562	459	
15	0	0	0	0	547	463	
0	0	0	0	0	531	467	
1	0	0	0	0	519	469	
2	0	0	0	0	512	479	
3	0	0	0	0	507	493	
4	0	0	0	0	503	513	
5	0	0	0	0	503	535	
6	0	0	0	0	500	552	
7	0	0	0	0	498	566	
8	0	0	0	0	497	575	
9	0	0	0	0	500	586	
10	0	0	0	0	504	596	
11	0	0	0	0	511	604	
12	0	0	0	0	514	611	
13	0	0	0	0	516	612	
14	0	0	0	0	516	611	
15	0	0	0	0	514	604	
0	0	0	0	0	512	587	
1	0	0	0	0	512	570	
2	0	0	0	0	511	552	
3	0	0	0	0	512	536	
4	0	0	0	0	513	517	
5	0	0	0	0	514	501	
6	0	0	0	0	515	491	
7	0	0	0	0	509	485	
8	0	0	0	0	505	482	
9	0	0	0	0	501	483	
10	0	0	0	0	500	485	
11	0	0	0	0	498	487	
12	0	0	0	0	498	486	
13	0	0	0	0	497	489	
14	0	0	0	0	491	498	
15	0	0	0	0	483	506	
0	0	0	0	0	475	512	
1	0	0	0	0	467	515	
2	0	0	0	0	462	512	
3	0	0	0	0	458	508	
4	0	0	0	0	457	505	
5	0	0	0	0	456	496	
6	0	0	0	0	456	489	
7	0	0	0	0	459	482	
8	0	0	0	0	463	477	
9	0	0	0	0	468	476	
10	0	0	0	0	468	474	
11	0	0	0	0	465	479	
12	0	0	0	0	464	483	
13	0	0	0	0	464	487	
14	0	0	0	0	461	486	
15	0	0	0	0	458	484	
0	0	0	0	0	453	483	
1	0	0	0	0	449	484	
2	0	0	0	0	445	485	
3	0	0	0	0	444	487	
4	0	0	0	0	440	487	
5	0	0	0	0	436	487	
6	0	0	0	0	435	485	
7	0	0	0	0	434	484	
8	0	0	0	0	435	484	
9	0	0	0	0	437	486	
10	0	0	0	0	439	491	
11	0	0	0	0	443	492	
12	0	0	0	0	449	491	
13	0	0	0	0	452	490	
14	0	0	0	0	454	493	
15	0	0	0	0	454	496	
0	0	0	0	0	454	498	
1	0	0	0	0	454	503	
2	0	0	0	0	455	515	
3	0	0	0	0	458	528	
4	0	0	0	0	460	543	
5	0	0	0	0	463	554	
6	0	0	0	0	466	560	
7	0	0	0	0	466	561	
8	0	0	0	0	464	559	
9	0	0	0	0	462	561	
10	0	0	0	0	460	563	
11	0	0	0	0	460	566	
12	0	0	0	0	460	569	
13	0	0	0	0	460	570	
14	0	0	0	0	459	567	
15	0	0	0	0	457	561	
0	0	0	0	0	455	556	
1	0	0	0	0	452	551	
2	0	0	0	0	450	549	
3	0	0	0	0	446	548	
4	0	0	0	0	446	546	
5	0	0	0	0	449	544	
6	0	0	0	0	457	544	
7	0	0	0	0	463	547	
8	0	0	0	0	467	545	
9	0	0	0	0	469	545	
10	0	0	0	0	473	543	
11	0	0	0	0	478	536	
12	0	0	0	0	483	534	
13	0	0	0	0	487	534	
14	0	0	0	0	491	533	
15	0	0	0	0	497	535	
0	0	0	0	0	504	537	
1	0	0	0	0	512	539	
2	0	0	0	0	518	544	
3	0	0	0	0	522	545	
4	0	0	0	0	521	547	
5	0	0	0	0	518	551	
6	0	0	0	0	511	556	
7	0	0	0	0	505	557	
8	0	0	0	0	500	554	
9	0	0	0	0	494	548	
10	0	0	0	0	490	537	
11	0	0	0	0	486	527	
12	0	0	0	0	487	517	
13	0	0	0	0	490	510	
14	0	0	0	0	493	502	
15	0	0	0	0	498	495	
0	0	0	0	0	505	495	
1	0	0	0	0	513	495	
2	0	0	0	0	519	495	
3	0	0	0	0	522	496	
4	0	0	0	0	524	497	
5	0	0	0	0	525	494	
6	0	0	0	0	529	494	
7	0	0	0	0	535	496	
8	0	0	0	0	542	501	
9	0	0	0	0	545	505	
10	0	0	0	0	546	511	
11	0	0	0	0	543	512	
12	0	0	0	0	539	513	
13	0	0	0	0	537	517	
14	0	0	0	0	536	523	
15	0	0	0	0	539	527	
0	0	0	0	0	543	529	
1	0	0	0	0	550	536	
2	0	0	0	0	556	540	
3	0	0	0	0	554	539	
4	0	0	0	0	550	536	
5	0	0	0	0	545	536	
6	0	0	0	0	543	537	
7	0	0	0	0	539	540	
8	0	0	0	0	539	542	
9	0	0	0	0	536	541	
10	0	0	0	0	536	542	
11	0	0	0	0	536	545	
12	0	0	0	0	539	549	
13	0	0	0	0	539	551	
14	0	0	0	0	539	549	
15	0	0	0	0	536	542	
0	0	0	0	0	531	530	
1	0	0	0	0	525	519	
2	0	0	0	0	520	509	
3	0	0	0	0	516	502	
4	0	0	0	0	512	497	
5	0	0	0	0	509	494	
6	0	0	0	0	508	490	
7	0	0	0	0	506	488	
8	0	0	0	0	502	486	
9	0	0	0	0	498	486	
10	0	0	0	0	496	488	
11	0	0	0	0	499	494	
12	0	0	0	0	499	503	
13	0	0	0	0	499	519	
14	0	0	0	0	503	535	
15	0	0	0	0	506	553	
0	0	0	0	0	508	566	
1	0	0	0	0	511	575	
2	0	0	0	0	512	575	
3	0	0	0	0	512	569	
4	0	0	0	0	512	562	
5	0	0	0	0	514	553	
6	0	0	0	0	512	543	
7	0	0	0	0	507	534	
8	0	0	0	0	496	522	
9	0	0	0	0	483	514	
10	0	0	0	0	473	511	
11	0	0	0	0	468	513	
12	0	0	0	0	467	522	
13	0	0	0	0	473	533	
14	0	0	0	0	480	546	
15	0	0	0	0	488	559	
0	0	0	0	0	495	566	
1	0	0	0	0	500	568	
2	0	0	0	0	506	569	
3	0	0	0	0	507	569	
4	0	0	0	0	507	571	
5	0	0	0	0	506	568	
6	0	0	0	0	504	565	
7	0	0	0	0	500	563	
8	0	0	0	0	496	559	
9	0	0	0	0	491	554	
10	0	0	0	0	487	547	
11	0	0	0	0	486	539	
12	0	0	0	0	486	528	
13	0	0	0	0	491	521	
14	0	0	0	0	495	518	
15	0	0	0	0	502	519	
0	0	0	0	0	508	523	
1	0	0	0	0	510	527	
2	0	0	0	0	509	532	
3	0	0	0	0	507	536	
4	0	0	0	0	504	537	
5	0	0	0	0	504	539	
6	0	0	0	0	500	537	
7	0	0	0	0	493	532	
8	0	0	0	0	489	526	
9	0	0	0	0	483	520	
10	0	0	0	0	479	516	
11	0	0	0	0	478	518	
12	0	0	0	0	476	521	
13	0	0	0	0	474	527	
14	0	0	0	0	474	530	
15	0	0	0	0	475	535	
0	0	0	0	0	478	540	
1	0	0	0	0	480	541	
2	0	0	0	0	479	538	
3	0	0	0	0	477	532	
4	0	0	0	0	476	526	
5	0	0	0	0	473	522	
6	0	0	0	0	471	516	
7	0	0	0	0	471	513	
8	0	0	0	0	470	505	
9	0	0	0	0	470	496	
10	0	0	0	0	471	487	
11	0	0	0	0	470	480	
12	0	0	0	0	465	476	
13	0	0	0	0	461	468	
14	0	0	0	0	459	463	
15	0	0	0	0	456	459	
0	0	0	0	0	457	460	
1	0	0	0	0	463	468	
2	0	0	0	0	466	480	
3	0	0	0	0	471	495	
4	0	0	0	0	474	510	
5	0	0	0	0	477	524	
6	0	0	0	0	478	537	
7	0	0	0	0	475	551	
8	0	0	0	0	472	560	
9	0	0	0	0	470	566	
10	0	0	0	0	470	568	
11	0	0	0	0	470	567	
12	0	0	0	0	470	563	
13	0	0	0	0	470	558	
14	0	0	0	0	466	548	
15	0	0	0	0	457	546	
0	0	0	0	0	449	543	
1	0	0	0	0	446	540	
2	0	0	0	0	446	539	
3	0	0	0	0	448	538	
4	0	0	0	0	452	535	
5	0	0	0	0	458	535	
6	0	0	0	0	462	530	
7	0	0	0	0	462	527	
8	0	0	0	0	466	530	
9	0	0	0	0	465	532	
10	0	0	0	0	466	531	
11	0	0	0	0	466	531	
12	0	0	0	0	464	531	
13	0	0	0	0	461	529	
14	0	0	0	0	458	526	
15	0	0	0	0	456	521	
0	0	0	0	0	458	518	
1	0	0	0	0	459	520	
2	0	0	0	0	462	526	
3	0	0	0	0	465	532	
4	0	0	0	0	467	533	
5	0	0	0	0	472	532	
6	0	0	0	0	479	534	
7	0	0	0	0	480	536	
8	0	0	0	0	485	539	
9	0	0	0	0	487	539	
10	0	0	0	0	489	537	
11	0	0	0	0	494	534	
12	0	0	0	0	497	531	
13	0	0	0	0	496	527	
14	0	0	0	0	494	526	
15	0	0	0	0	490	525	
0	0	0	0	0	486	519	
1	0	0	0	0	485	516	
2	0	0	0	0	489	516	
3	0	0	0	0	493	520	
4	0	0	0	0	497	526	
5	0	0	0	0	503	531	
6	0	0	0	0	506	530	
7	0	0	0	0	504	529	
8	0	0	0	0	499	531	
9	0	0	0	0	493	531	
10	0	0	0	0	487	531	
11	0	0	0	0	484	531	
12	0	0	0	0	490	529	
13	0	0	0	0	500	530	
14	0	0	0	0	510	529	
15	0	0	0	0	518	534	
0	0	0	0	0	525	539	
1	0	0	0	0	533	540	
2	0	0	0	0	537	544	
3	0	0	0	0	540	548	
4	0	0	0	0	542	551	
5	0	0	0	0	545	555	
6	0	0	0	0	550	553	
7	0	0	0	0	553	547	
8	0	0	0	0	559	542	
9	0	0	0	0	566	535	
10	0	0	0	0	571	526	
11	0	0	0	0	572	516	
12	0	0	0	0	574	510	
13	0	0	0	0	573	506	
14	0	0	0	0	572	507	
15	0	0	0	0	569	510	
0	0	0	0	0	566	513	
1	0	0	0	0	561	516	
2	0	0	0	0	555	518	
3	0	0	0	0	551	519	
4	0	0	0	0	545	518	
5	0	0	0	0	540	517	
6	0	0	0	0	535	516	
7	0	0	0	0	533	519	
8	0	0	0	0	531	525	
9	0	0	0	0	533	532	
10	0	0	0	0	532	537	
11	0	0	0	0	529	545	
12	0	0	0	0	524	555	
13	0	0	0	0	520	560	
14	0	0	0	0	518	560	
15	0	0	0	0	518	551	
0	0	0	0	0	518	542	
1	0	0	0	0	522	533	
2	0	0	0	0	529	529	
3	0	0	0	0	537	525	
4	0	0	0	0	543	521	
5	0	0	0	0	551	517	
6	0	0	0	0	557	517	
7	0	0	0	0	562	520	
8	0	0	0	0	560	527	
9	0	0	0	0	556	534	
10	0	0	0	0	553	536	
11	0	0	0	0	551	536	
12	0	0	0	0	549	538	
13	0	0	0	0	544	539	
14	0	0	0	0	536	536	
15	0	0	0	0	527	531	
0	0	0	0	0	521	524	
1	0	0	0	0	515	516	
2	0	0	0	0	512	511	
3	0	0	0	0	512	508	
4	0	0	0	0	516	509	
5	0	0	0	0	517	509	
6	0	0	0	0	519	513	
7	0	0	0	0	521	516	
8	0	0	0	0	527	520	
9	0	0	0	0	531	523	
10	0	0	0	0	531	524	
11	0	0	0	0	531	526	
12	0	0	0	0	530	527	
13	0	0	0	0	530	528	
14	0	0	0	0	531	526	
15	0	0	0	0	532	524	
0	0	0	0	0	535	521	
1	0	0	0	0	540	519	
2	0	0	0	0	541	519	
3	0	0	0	0	542	517	
4	0	0	0	0	539	515	
5	0	0	0	0	536	512	
6	0	0	0	0	532	510	
7	0	0	0	0	528	512	
8	0	0	0	0	522	514	
9	0	0	0	0	515	513	
10	0	0	0	0	509	516	
11	0	0	0	0	508	518	
12	0	0	0	0	508	515	
13	0	0	0	0	506	513	
14	0	0	0	0	502	514	
15	0	0	0	0	497	516	
0	0	0	0	0	491	519	
1	0	0	0	0	484	516	
2	0	0	0	0	478	511	
3	0	0	0	0	470	507	
4	0	0	0	0	463	506	
5	0	0	0	0	459	511	
6	0	0	0	0	461	519	
7	0	0	0	0	466	521	
8	0	0	0	0	475	522	
9	0	0	0	0	490	520	
10	0	0	0	0	504	516	
11	0	0	0	0	516	512	
12	0	0	0	0	525	514	
13	0	0	0	0	531	519	
14	0	0	0	0	534	526	
15	0	0	0	0	533	533	
0	0	0	0	0	531	538	
1	0	0	0	0	529	545	
2	0	0	0	0	529	550	
3	0	0	0	0	528	551	
4	0	0	0	0	523	548	
5	0	0	0	0	521	545	
6	0	0	0	0	517	538	
7	0	0	0	0	518	529	
8	0	0	0	0	517	523	
9	0	0	0	0	516	519	
10	0	0	0	0	517	519	
11	0	0	0	0	520	517	
12	0	0	0	0	521	519	
13	0	0	0	0	522	525	
14	0	0	0	0	520	530	
15	0	0	0	0	517	538	
0	0	0	0	0	511	545	
1	0	0	0	0	504	548	
2	0	0	0	0	497	546	
3	0	0	0	0	494	538	
4	0	0	0	0	495	529	
5	0	0	0	0	496	516	
6	0	0	0	0	497	505	
7	0	0	0	0	501	496	
8	0	0	0	0	509	493	
9	0	0	0	0	518	491	
10	0	0	0	0	527	490	
11	0	0	0	0	536	486	
12	0	0	0	0	542	481	
13	0	0	0	0	543	475	
14	0	0	0	0	540	475	
15	0	0	0	0	536	477	
0	0	0	0	0	529	482	
1	0	0	0	0	524	486	
2	0	0	0	0	519	491	
3	0	0	0	0	515	497	
4	0	0	0	0	510	505	
5	0	0	0	0	503	513	
6	0	0	0	0	499	517	
7	0	0	0	0	498	514	
8	0	0	0	0	500	511	
9	0	0	0	0	503	512	
10	0	0	0	0	506	514	
11	0	0	0	0	508	515	
12	0	0	0	0	513	516	
13	0	0	0	0	518	518	
14	0	0	0	0	525	521	
15	0	0	0	0	530	527	
0	0	0	0	0	534	533	
1	0	0	0	0	539	540	
2	0	0	0	0	540	547	
3	0	0	0	0	542	553	
4	0	0	0	0	543	554	
5	0	0	0	0	543	556	
6	0	0	0	0	543	556	
7	0	0	0	0	542	553	
8	0	0	0	0	540	551	
9	0	0	0	0	535	550	
10	0	0	0	0	533	548	
11	0	0	0	0	534	547	
12	0	0	0	0	535	546	
13	0	0	0	0	541	548	
14	0	0	0	0	545	550	
15	0	0	0	0	550	548	
0	0	0	0	0	549	545	
1	0	0	0	0	546	543	
2	0	0	0	0	543	542	
3	0	0	0	0	540	542	
4	0	0	0	0	538	544	
5	0	0	0	0	532	548	
6	0	0	0	0	527	552	
7	0	0	0	0	523	553	
8	0	0	0	0	519	556	
9	0	0	0	0	517	560	
10	0	0	0	0	517	560	
11	0	0	0	0	517	560	
12	0	0	0	0	516	557	
13	0	0	0	0	518	547	
14	0	0	0	0	520	536	
15	0	0	0	0	521	526	
0	0	0	0	0	519	521	
1	0	0	0	0	521	519	
2	0	0	0	0	525	520	
3	0	0	0	0	527	520	
4	0	0	0	0	531	523	
5	0	0	0	0	532	523	
6	0	0	0	0	533	523	
7	0	0	0	0	533	521	
8	0	0	0	0	528	521	
9	0	0	0	0	523	518	
10	0	0	0	0	518	515	
11	0	0	0	0	516	514	
12	0	0	0	0	515	514	
13	0	0	0	0	515	515	
14	0	0	0	0	516	512	
15	0	0	0	0	520	508	
0	0	0	0	0	524	505	
1	0	0	0	0	524	504	
2	0	0	0	0	522	513	
3	0	0	0	0	520	530	
4	0	0	0	0	516	547	
5	0	0	0	0	511	565	
6	0	0	0	0	508	577	
7	0	0	0	0	506	585	
8	0	0	0	0	503	583	
9	0	0	0	0	501	575	
10	0	0	0	0	502	565	
11	0	0	0	0	500	551	
12	0	0	0	0	497	532	
13	0	0	0	0	493	507	
14	0	0	0	0	488	479	
15	0	0	0	0	485	455	
0	0	0	0	0	482	436	
1	0	0	0	0	480	427	
2	0	0	0	0	480	423	
3	0	0	0	0	479	423	
4	0	0	0	0	483	427	
5	0	0	0	0	487	433	
6	0	0	0	0	492	440	
7	0	0	0	0	497	446	
8	0	0	0	0	502	452	
9	0	0	0	0	506	458	
10	0	0	0	0	507	460	
11	0	0	0	0	507	460	
12	0	0	0	0	507	460	
13	0	0	0	0	505	461	
14	0	0	0	0	505	465	
15	0	0	0	0	507	463	
0	0	0	0	0	513	466	
1	0	0	0	0	519	469	
2	0	0	0	0	523	472	
3	0	0	0	0	526	479	
4	0	0	0	0	527	484	
5	0	0	0	0	526	489	
6	0	0	0	0	523	491	
7	0	0	0	0	519	491	
8	0	0	0	0	514	488	
9	0	0	0	0	513	480	
10	0	0	0	0	516	472	
11	0	0	0	0	521	467	
12	0	0	0	0	526	463	
13	0	0	0	0	530	460	
14	0	0	0	0	532	459	
15	0	0	0	0	533	462	
0	0	0	0	0	536	466	
1	0	0	0	0	541	470	
2	0	0	0	0	546	475	
3	0	0	0	0	546	485	
4	0	0	0	0	540	499	
5	0	0	0	0	531	513	
6	0	0	0	0	523	524	
7	0	0	0	0	511	531	
8	0	0	0	0	499	535	
9	0	0	0	0	488	535	
10	0	0	0	0	481	537	
11	0	0	0	0	481	541	
12	0	0	0	0	486	541	
13	0	0	0	0	495	542	
14	0	0	0	0	509	539	
15	0	0	0	0	521	537	
0	0	0	0	0	531	536	
1	0	0	0	0	541	532	
2	0	0	0	0	548	525	
3	0	0	0	0	553	515	
4	0	0	0	0	558	505	
5	0	0	0	0	558	498	
6	0	0	0	0	555	489	
7	0	0	0	0	553	481	
8	0	0	0	0	554	476	
9	0	0	0	0	553	476	
10	0	0	0	0	552	479	
11	0	0	0	0	552	484	
12	0	0	0	0	553	488	
13	0	0	0	0	554	492	
14	0	0	0	0	554	496	
15	0	0	0	0	551	502	
0	0	0	0	0	551	512	
1	0	0	0	0	548	521	
2	0	0	0	0	545	531	
3	0	0	0	0	540	540	
4	0	0	0	0	537	547	
5	0	0	0	0	535	554	
6	0	0	0	0	535	558	
7	0	0	0	0	535	558	
8	0	0	0	0	536	551	
9	0	0	0	0	534	543	
10	0	0	0	0	529	535	
11	0	0	0	0	524	526	
12	0	0	0	0	519	514	
13	0	0	0	0	516	502	
14	0	0	0	0	518	493	
15	0	0	0	0	521	492	
0	0	0	0	0	523	491	
1	0	0	0	0	524	487	
2	0	0	0	0	527	486	
3	0	0	0	0	535	483	
4	0	0	0	0	545	483	
5	0	0	0	0	553	484	
6	0	0	0	0	558	481	
7	0	0	0	0	560	470	
8	0	0	0	0	556	458	
9	0	0	0	0	552	448	
10	0	0	0	0	548	442	
11	0	0	0	0	545	438	
12	0	0	0	0	545	443	
13	0	0	0	0	545	454	
14	0	0	0	0	547	467	
15	0	0	0	0	548	479	
0	0	0	0	0	551	495	
1	0	0	0	0	558	507	
2	0	0	0	0	566	515	
3	0	0	0	0	575	521	
4	0	0	0	0	580	524	
5	0	0	0	0	587	519	
6	0	0	0	0	588	514	
7	0	0	0	0	585	511	
8	0	0	0	0	582	506	
9	0	0	0	0	578	497	
10	0	0	0	0	572	486	
11	0	0	0	0	569	472	
12	0	0	0	0	568	458	
13	0	0	0	0	566	452	
14	0	0	0	0	567	449	
15	0	0	0	0	569	455	
0	0	0	0	0	572	461	
1	0	0	0	0	574	465	
2	0	0	0	0	574	472	
3	0	0	0	0	574	483	
4	0	0	0	0	572	487	
5	0	0	0	0	564	493	
6	0	0	0	0	559	496	
7	0	0	0	0	552	497	
8	0	0	0	0	547	495	
9	0	0	0	0	543	499	
10	0	0	0	0	543	504	
11	0	0	0	0	543	507	
12	0	0	0	0	540	506	
13	0	0	0	0	537	508	
14	0	0	0	0	531	512	
15	0	0	0	0	526	511	
0	0	0	0	0	520	505	
1	0	0	0	0	515	499	
2	0	0	0	0	515	495	
3	0	0	0	0	512	495	
4	0	0	0	0	511	493	
5	0	0	0	0	512	494	
6	0	0	0	0	511	496	
7	0	0	0	0	508	496	
8	0	0	0	0	508	498	
9	0	0	0	0	507	504	
10	0	0	0	0	504	510	
11	0	0	0	0	503	515	
12	0	0	0	0	501	520	
13	0	0	0	0	502	523	
14	0	0	0	0	502	524	
15	0	0	0	0	501	528	
0	0	0	0	0	504	532	
1	0	0	0	0	506	534	
2	0	0	0	0	511	534	
3	0	0	0	0	515	532	
4	0	0	0	0	520	531	
5	0	0	0	0	524	530	
6	0	0	0	0	525	527	
7	0	0	0	0	527	524	
8	0	0	0	0	528	526	
9	0	0	0	0	527	532	
10	0	0	0	0	525	540	
11	0	0	0	0	526	544	
12	0	0	0	0	525	547	
13	0	0	0	0	524	550	
14	0	0	0	0	523	548	
15	0	0	0	0	525	545	
0	0	0	0	0	530	540	
1	0	0	0	0	536	533	
2	0	0	0	0	542	523	
3	0	0	0	0	548	511	
4	0	0	0	0	549	503	
5	0	0	0	0	552	497	
6	0	0	0	0	553	496	
7	0	0	0	0	552	498	
8	0	0	0	0	550	497	
9	0	0	0	0	546	494	
10	0	0	0	0	543	499	
11	0	0	0	0	539	510	
12	0	0	0	0	532	516	
13	0	0	0	0	528	521	
14	0	0	0	0	528	521	
15	0	0	0	0	529	518	
0	0	0	0	0	531	514	
1	0	0	0	0	529	509	
2	0	0	0	0	528	500	
3	0	0	0	0	531	491	
4	0	0	0	0	535	481	
5	0	0	0	0	540	473	
6	0	0	0	0	548	470	
7	0	0	0	0	556	471	
8	0	0	0	0	562	474	
9	0	0	0	0	568	482	
10	0	0	0	0	573	492	
11	0	0	0	0	575	504	
12	0	0	0	0	574	517	
13	0	0	0	0	569	530	
14	0	0	0	0	563	537	
15	0	0	0	0	554	541	
0	0	0	0	0	543	541	
1	0	0	0	0	535	540	
2	0	0	0	0	532	542	
3	0	0	0	0	527	543	
4	0	0	0	0	526	546	
5	0	0	0	0	524	547	
6	0	0	0	0	524	545	
7	0	0	0	0	524	541	
8	0	0	0	0	520	532	
9	0	0	0	0	517	522	
10	0	0	0	0	511	513	
11	0	0	0	0	507	505	
12	0	0	0	0	505	500	
13	0	0	0	0	504	497	
14	0	0	0	0	506	493	
15	0	0	0	0	507	490	
0	0	0	0	0	507	488	
1	0	0	0	0	506	483	
2	0	0	0	0	506	478	
3	0	0	0	0	506	474	
4	0	0	0	0	509	473	
5	0	0	0	0	516	473	
6	0	0	0	0	525	476	
7	0	0	0	0	536	475	
8	0	0	0	0	548	474	
9	0	0	0	0	560	479	
10	0	0	0	0	569	482	
11	0	0	0	0	575	484	
12	0	0	0	0	579	490	
13	0	0	0	0	580	499	
14	0	0	0	0	580	505	
15	0	0	0	0	577	511	
0	0	0	0	0	572	515	
1	0	0	0	0	568	518	
2	0	0	0	0	562	519	
3	0	0	0	0	558	519	
4	0	0	0	0	555	520	
5	0	0	0	0	553	526	
6	0	0	0	0	551	527	
7	0	0	0	0	551	529	
8	0	0	0	0	547	529	
9	0	0	0	0	545	531	
10	0	0	0	0	546	535	
11	0	0	0	0	545	534	
12	0	0	0	0	547	533	
13	0	0	0	0	546	536	
14	0	0	0	0	547	542	
15	0	0	0	0	545	548	
0	0	0	0	0	547	553	
1	0	0	0	0	552	563	
2	0	0	0	0	556	574	
3	0	0	0	0	558	583	
4	0	0	0	0	563	590	
5	0	0	0	0	569	597	
6	0	0	0	0	572	604	
7	0	0	0	0	569	611	
8	0	0	0	0	567	614	
9	0	0	0	0	567	614	
10	0	0	0	0	567	607	
11	0	0	0	0	568	599	
12	0	0	0	0	571	590	
13	0	0	0	0	573	583	
14	0	0	0	0	579	579	
15	0	0	0	0	582	570	
0	0	0	0	0	582	562	
1	0	0	0	0	578	560	
2	0	0	0	0	573	558	
3	0	0	0	0	569	559	
4	0	0	0	0	564	559	
5	0	0	0	0	564	558	
6	0	0	0	0	565	555	
7	0	0	0	0	570	551	
8	0	0	0	0	571	548	
9	0	0	0	0	572	543	
10	0	0	0	0	575	537	
11	0	0	0	0	582	532	
12	0	0	0	0	590	527	
13	0	0	0	0	598	525	
14	0	0	0	0	602	522	
15	0	0	0	0	604	520	
0	0	0	0	0	602	515	
1	0	0	0	0	598	510	
2	0	0	0	0	593	507	
3	0	0	0	0	587	508	
4	0	0	0	0	583	512	
5	0	0	0	0	578	519	
6	0	0	0	0	575	526	
7	0	0	0	0	576	532	
8	0	0	0	0	579	539	
9	0	0	0	0	577	543	
10	0	0	0	0	573	548	
11	0	0	0	0	568	552	
12	0	0	0	0	565	555	
13	0	0	0	0	561	559	
14	0	0	0	0	560	566	
15	0	0	0	0	556	572	
0	0	0	0	0	553	578	
1	0	0	0	0	549	582	
2	0	0	0	0	543	583	
3	0	0	0	0	540	582	
4	0	0	0	0	543	578	
5	0	0	0	0	545	569	
6	0	0	0	0	547	559	
7	0	0	0	0	553	551	
8	0	0	0	0	559	550	
9	0	0	0	0	563	554	
10	0	0	0	0	563	558	
11	0	0	0	0	567	560	
12	0	0	0	0	566	563	
13	0	0	0	0	563	567	
14	0	0	0	0	559	568	
15	0	0	0	0	553	570	
0	0	0	0	0	547	573	
1	0	0	0	0	540	578	
2	0	0	0	0	533	583	
3	0	0	0	0	526	586	
4	0	0	0	0	519	587	
5	0	0	0	0	517	588	
6	0	0	0	0	513	585	
7	0	0	0	0	515	583	
8	0	0	0	0	522	575	
9	0	0	0	0	526	567	
10	0	0	0	0	530	559	
11	0	0	0	0	535	556	
12	0	0	0	0	540	552	
13	0	0	0	0	542	554	
14	0	0	0	0	544	564	
15	0	0	0	0	547	581	
0	0	0	0	0	547	596	
1	0	0	0	0	545	613	
2	0	0	0	0	544	624	
3	0	0	0	0	543	626	
4	0	0	0	0	543	625	
5	0	0	0	0	544	623	
6	0	0	0	0	544	615	
7	0	0	0	0	546	608	
8	0	0	0	0	550	602	
9	0	0	0	0	554	593	
10	0	0	0	0	559	583	
11	0	0	0	0	561	574	
12	0	0	0	0	564	571	
13	0	0	0	0	569	572	
14	0	0	0	0	570	575	
15	0	0	0	0	569	578	
0	0	0	0	0	568	584	
1	0	0	0	0	561	588	
2	0	0	0	0	551	594	
3	0	0	0	0	536	600	
4	0	0	0	0	523	603	
5	0	0	0	0	514	603	
6	0	0	0	0	508	601	
7	0	0	0	0	505	600	
8	0	0	0	0	500	597	
9	0	0	0	0	500	595	
10	0	0	0	0	500	591	
11	0	0	0	0	502	583	
12	0	0	0	0	501	578	
13	0	0	0	0	498	572	
14	0	0	0	0	492	568	
15	0	0	0	0	487	568	
0	0	0	0	0	486	568	
1	0	0	0	0	486	564	
2	0	0	0	0	488	563	
3	0	0	0	0	492	563	
4	0	0	0	0	491	567	
5	0	0	0	0	492	573	
6	0	0	0	0	495	583	
7	0	0	0	0	496	592	
8	0	0	0	0	499	604	
9	0	0	0	0	504	609	
10	0	0	0	0	511	617	
11	0	0	0	0	515	623	
12	0	0	0	0	520	627	
13	0	0	0	0	526	633	
14	0	0	0	0	531	638	
15	0	0	0	0	535	644	
0	0	0	0	0	536	646	
1	0	0	0	0	539	641	
2	0	0	0	0	541	631	
3	0	0	0	0	542	615	
4	0	0	0	0	541	600	
5	0	0	0	0	537	584	
6	0	0	0	0	532	574	
7	0	0	0	0	527	568	
8	0	0	0	0	524	564	
9	0	0	0	0	521	558	
10	0	0	0	0	520	551	
11	0	0	0	0	516	547	
12	0	0	0	0	508	544	
13	0	0	0	0	497	544	
14	0	0	0	0	491	544	
15	0	0	0	0	487	545	
0	0	0	0	0	486	549	
1	0	0	0	0	485	552	
2	0	0	0	0	484	555	
3	0	0	0	0	484	558	
4	0	0	0	0	483	560	
5	0	0	0	0	483	564	
6	0	0	0	0	487	570	
7	0	0	0	0	495	573	
8	0	0	0	0	501	577	
9	0	0	0	0	511	578	
10	0	0	0	0	522	582	
11	0	0	0	0	529	582	
12	0	0	0	0	536	586	
13	0	0	0	0	537	587	
14	0	0	0	0	539	583	
15	0	0	0	0	541	574	
0	0	0	0	0	540	563	
1	0	0	0	0	537	556	
2	0	0	0	0	530	548	
3	0	0	0	0	520	539	
4	0	0	0	0	509	530	
5	0	0	0	0	498	525	
6	0	0	0	0	488	521	
7	0	0	0	0	480	522	
8	0	0	0	0	472	531	
9	0	0	0	0	471	550	
10	0	0	0	0	470	569	
11	0	0	0	0	471	585	
12	0	0	0	0	470	590	
13	0	0	0	0	473	590	
14	0	0	0	0	476	583	
15	0	0	0	0	477	570	
0	0	0	0	0	478	555	
1	0	0	0	0	479	540	
2	0	0	0	0	481	524	
3	0	0	0	0	482	513	
4	0	0	0	0	479	503	
5	0	0	0	0	478	494	
6	0	0	0	0	480	486	
7	0	0	0	0	483	478	
8	0	0	0	0	487	470	
9	0	0	0	0	492	465	
10	0	0	0	0	496	462	
11	0	0	0	0	499	460	
12	0	0	0	0	504	457	
13	0	0	0	0	506	459	
14	0	0	0	0	504	461	
15	0	0	0	0	505	462	
0	0	0	0	0	502	464	
1	0	0	0	0	496	468	
2	0	0	0	0	490	468	
3	0	0	0	0	481	466	
4	0	0	0	0	474	467	
5	0	0	0	0	469	466	
6	0	0	0	0	464	464	
7	0	0	0	0	463	465	
8	0	0	0	0	461	463	
9	0	0	0	0	458	463	
10	0	0	0	0	456	465	
11	0	0	0	0	455	470	
12	0	0	0	0	453	473	
13	0	0	0	0	447	478	
14	0	0	0	0	441	478	
15	0	0	0	0	438	476	
0	0	0	0	0	436	478	
1	0	0	0	0	437	482	
2	0	0	0	0	438	488	
3	0	0	0	0	440	497	
4	0	0	0	0	441	505	
5	0	0	0	0	440	507	
6	0	0	0	0	439	502	
7	0	0	0	0	438	496	
8	0	0	0	0	439	488	
9	0	0	0	0	437	481	
10	0	0	0	0	438	474	
11	0	0	0	0	439	467	
12	0	0	0	0	444	464	
13	0	0	0	0	452	467	
14	0	0	0	0	459	471	
15	0	0	0	0	467	472	
0	0	0	0	0	472	472	
1	0	0	0	0	477	468	
2	0	0	0	0	480	463	
3	0	0	0	0	482	459	
4	0	0	0	0	486	455	
5	0	0	0	0	489	455	
6	0	0	0	0	489	454	
7	0	0	0	0	488	451	
8	0	0	0	0	487	447	
9	0	0	0	0	483	443	
10	0	0	0	0	481	443	
11	0	0	0	0	479	443	
12	0	0	0	0	478	444	
13	0	0	0	0	477	451	
14	0	0	0	0	477	458	
15	0	0	0	0	480	461	
0	0	0	0	0	479	462	
1	0	0	0	0	482	461	
2	0	0	0	0	483	460	
3	0	0	0	0	485	456	
4	0	0	0	0	487	449	
5	0	0	0	0	488	445	
6	0	0	0	0	488	443	
7	0	0	0	0	489	444	
8	0	0	0	0	488	445	
9	0	0	0	0	489	444	
10	0	0	0	0	487	439	
11	0	0	0	0	482	435	
12	0	0	0	0	479	434	
13	0	0	0	0	476	436	
14	0	0	0	0	471	443	
15	0	0	0	0	467	450	
0	0	0	0	0	468	456	
1	0	0	0	0	467	466	
2	0	0	0	0	467	479	
3	0	0	0	0	465	492	
4	0	0	0	0	463	503	
5	0	0	0	0	465	504	
6	0	0	0	0	463	505	
7	0	0	0	0	461	501	
8	0	0	0	0	459	494	
9	0	0	0	0	459	483	
10	0	0	0	0	459	471	
11	0	0	0	0	458	463	
12	0	0	0	0	457	462	
13	0	0	0	0	458	468	
14	0	0	0	0	461	477	
15	0	0	0	0	466	485	
0	0	0	0	0	472	488	
1	0	0	0	0	477	490	
2	0	0	0	0	481	491	
3	0	0	0	0	483	491	
4	0	0	0	0	487	488	
5	0	0	0	0	494	482	
6	0	0	0	0	495	475	
7	0	0	0	0	491	467	
8	0	0	0	0	488	455	
9	0	0	0	0	485	440	
10	0	0	0	0	482	423	
11	0	0	0	0	480	407	
12	0	0	0	0	481	396	
13	0	0	0	0	485	391	
14	0	0	0	0	490	389	
15	0	0	0	0	494	387	
0	0	0	0	0	496	385	
1	0	0	0	0	500	390	
2	0	0	0	0	502	396	
3	0	0	0	0	502	408	
4	0	0	0	0	502	423	
5	0	0	0	0	499	439	
6	0	0	0	0	498	454	
7	0	0	0	0	492	464	
8	0	0	0	0	484	473	
9	0	0	0	0	476	482	
10	0	0	0	0	469	487	
11	0	0	0	0	462	489	
12	0	0	0	0	456	489	
13	0	0	0	0	451	487	
14	0	0	0	0	451	487	
15	0	0	0	0	454	492	
0	0	0	0	0	463	498	
1	0	0	0	0	470	504	
2	0	0	0	0	473	512	
3	0	0	0	0	476	518	
4	0	0	0	0	476	521	
5	0	0	0	0	478	528	
6	0	0	0	0	480	536	
7	0	0	0	0	478	545	
8	0	0	0	0	479	555	
9	0	0	0	0	478	567	
10	0	0	0	0	477	577	
11	0	0	0	0	476	590	
12	0	0	0	0	476	600	
13	0	0	0	0	474	607	
14	0	0	0	0	469	611	
15	0	0	0	0	463	615	
0	0	0	0	0	460	609	
1	0	0	0	0	462	602	
2	0	0	0	0	464	594	
3	0	0	0	0	467	588	
4	0	0	0	0	470	587	
5	0	0	0	0	468	583	
6	0	0	0	0	466	578	
7	0	0	0	0	463	568	
8	0	0	0	0	457	552	
9	0	0	0	0	452	536	
10	0	0	0	0	442	521	
11	0	0	0	0	432	512	
12	0	0	0	0	427	510	
13	0	0	0	0	422	506	
14	0	0	0	0	419	503	
15	0	0	0	0	418	499	
0	0	0	0	0	417	504	
1	0	0	0	0	415	513	
2	0	0	0	0	414	524	
3	0	0	0	0	417	535	
4	0	0	0	0	417	543	
5	0	0	0	0	419	550	
6	0	0	0	0	421	554	
7	0	0	0	0	428	562	
8	0	0	0	0	436	567	
9	0	0	0	0	441	564	
10	0	0	0	0	443	563	
11	0	0	0	0	442	553	
12	0	0	0	0	440	540	
13	0	0	0	0	439	527	
14	0	0	0	0	434	511	
15	0	0	0	0	428	497	
0	0	0	0	0	417	486	
1	0	0	0	0	407	480	
2	0	0	0	0	396	477	
3	0	0	0	0	388	476	
4	0	0	0	0	386	478	
5	0	0	0	0	386	481	
6	0	0	0	0	387	491	
7	0	0	0	0	397	506	
8	0	0	0	0	407	521	
9	0	0	0	0	421	532	
10	0	0	0	0	430	535	
11	0	0	0	0	433	535	
12	0	0	0	0	433	536	
13	0	0	0	0	434	535	
14	0	0	0	0	437	534	
15	0	0	0	0	440	529	
0	0	0	0	0	446	530	
1	0	0	0	0	453	528	
2	0	0	0	0	463	524	
3	0	0	0	0	470	517	
4	0	0	0	0	478	513	
5	0	0	0	0	483	511	
6	0	0	0	0	491	510	
7	0	0	0	0	500	513	
8	0	0	0	0	508	516	
9	0	0	0	0	511	517	
10	0	0	0	0	511	519	
11	0	0	0	0	510	519	
12	0	0	0	0	504	513	
13	0	0	0	0	499	510	
14	0	0	0	0	495	511	
15	0	0	0	0	488	517	
0	0	0	0	0	482	526	
1	0	0	0	0	480	536	
2	0	0	0	0	479	542	
3	0	0	0	0	479	551	
4	0	0	0	0	479	559	
5	0	0	0	0	480	561	
6	0	0	0	0	480	563	
7	0	0	0	0	482	560	
8	0	0	0	0	487	562	
9	0	0	0	0	496	561	
10	0	0	0	0	504	558	
11	0	0	0	0	508	551	
12	0	0	0	0	507	544	
13	0	0	0	0	503	537	
14	0	0	0	0	501	530	
15	0	0	0	0	501	520	
0	0	0	0	0	500	511	
1	0	0	0	0	500	503	
2	0	0	0	0	501	498	
3	0	0	0	0	502	491	
4	0	0	0	0	502	489	
5	0	0	0	0	500	488	
6	0	0	0	0	495	489	
7	0	0	0	0	494	487	
8	0	0	0	0	493	485	
9	0	0	0	0	492	487	
10	0	0	0	0	492	489	
11	0	0	0	0	491	495	
12	0	0	0	0	486	504	
13	0	0	0	0	480	514	
14	0	0	0	0	474	524	
15	0	0	0	0	470	530	
0	0	0	0	0	469	534	
1	0	0	0	0	470	537	
2	0	0	0	0	468	539	
3	0	0	0	0	471	546	
4	0	0	0	0	477	548	
5	0	0	0	0	485	552	
6	0	0	0	0	493	556	
7	0	0	0	0	498	561	
8	0	0	0	0	500	564	
9	0	0	0	0	501	561	
10	0	0	0	0	501	554	
11	0	0	0	0	502	543	
12	0	0	0	0	502	532	
13	0	0	0	0	503	528	
14	0	0	0	0	501	527	
15	0	0	0	0	499	534	
0	0	0	0	0	493	547	
1	0	0	0	0	485	568	
2	0	0	0	0	479	588	
3	0	0	0	0	472	608	
4	0	0	0	0	466	624	
5	0	0	0	0	465	638	
6	0	0	0	0	471	656	
7	0	0	0	0	478	673	
8	0	0	0	0	484	687	
9	0	0	0	0	495	691	
10	0	0	0	0	508	696	
11	0	0	0	0	520	696	
12	0	0	0	0	529	688	
13	0	0	0	0	532	679	
14	0	0	0	0	532	672	
15	0	0	0	0	533	665	
0	0	0	0	0	534	659	
1	0	0	0	0	535	650	
2	0	0	0	0	531	643	
3	0	0	0	0	530	635	
4	0	0	0	0	528	628	
5	0	0	0	0	528	621	
6	0	0	0	0	528	613	
7	0	0	0	0	529	604	
8	0	0	0	0	529	591	
9	0	0	0	0	531	580	
10	0	0	0	0	536	572	
11	0	0	0	0	539	567	
12	0	0	0	0	542	567	
13	0	0	0	0	547	569	
14	0	0	0	0	551	571	
15	0	0	0	0	556	575	
0	0	0	0	0	561	578	
1	0	0	0	0	564	577	
2	0	0	0	0	568	574	
3	0	0	0	0	568	569	
4	0	0	0	0	565	563	
5	0	0	0	0	564	556	
6	0	0	0	0	561	547	
7	0	0	0	0	560	536	
8	0	0	0	0	562	527	
9	0	0	0	0	566	516	
10	0	0	0	0	568	508	
11	0	0	0	0	567	504	
12	0	0	0	0	562	502	
13	0	0	0	0	554	498	
14	0	0	0	0	547	499	
15	0	0	0	0	539	500	
0	0	0	0	0	531	499	
1	0	0	0	0	526	497	
2	0	0	0	0	521	499	
3	0	0	0	0	519	499	
4	0	0	0	0	513	500	
5	0	0	0	0	508	504	
6	0	0	0	0	505	512	
7	0	0	0	0	504	525	
8	0	0	0	0	505	544	
9	0	0	0	0	509	565	
10	0	0	0	0	514	583	
11	0	0	0	0	518	592	
12	0	0	0	0	520	600	
13	0	0	0	0	522	603	
14	0	0	0	0	523	601	
15	0	0	0	0	524	591	
0	0	0	0	0	522	582	
1	0	0	0	0	516	570	
2	0	0	0	0	511	562	
3	0	0	0	0	504	553	
4	0	0	0	0	494	545	
5	0	0	0	0	489	538	
6	0	0	0	0	486	535	
7	0	0	0	0	485	532	
8	0	0	0	0	487	532	
9	0	0	0	0	490	534	
10	0	0	0	0	499	535	
11	0	0	0	0	507	537	
12	0	0	0	0	512	540	
13	0	0	0	0	517	542	
14	0	0	0	0	523	543	
15	0	0	0	0	524	547	
0	0	0	0	0	522	553	
1	0	0	0	0	520	556	
2	0	0	0	0	521	559	
3	0	0	0	0	524	559	
4	0	0	0	0	524	560	
5	0	0	0	0	521	559	
6	0	0	0	0	518	556	
7	0	0	0	0	513	556	
8	0	0	0	0	511	553	
9	0	0	0	0	506	546	
10	0	0	0	0	500	536	
11	0	0	0	0	496	525	
12	0	0	0	0	492	519	
13	0	0	0	0	492	519	
14	0	0	0	0	491	526	
15	0	0	0	0	488	536	
0	0	0	0	0	481	545	
1	0	0	0	0	476	550	
2	0	0	0	0	470	551	
3	0	0	0	0	464	556	
4	0	0	0	0	457	560	
5	0	0	0	0	450	559	
6	0	0	0	0	441	555	
7	0	0	0	0	438	546	
8	0	0	0	0	440	536	
9	0	0	0	0	446	523	
10	0	0	0	0	454	510	
11	0	0	0	0	464	499	
12	0	0	0	0	477	489	
13	0	0	0	0	489	481	
14	0	0	0	0	498	474	
15	0	0	0	0	506	470	
0	0	0	0	0	510	468	
1	0	0	0	0	511	470	
2	0	0	0	0	513	473	
3	0	0	0	0	514	476	
4	0	0	0	0	511	478	
5	0	0	0	0	504	479	
6	0	0	0	0	495	481	
7	0	0	0	0	485	487	
8	0	0	0	0	475	493	
9	0	0	0	0	467	499	
10	0	0	0	0	464	502	
11	0	0	0	0	460	505	
12	0	0	0	0	461	508	
13	0	0	0	0	461	512	
14	0	0	0	0	460	515	
15	0	0	0	0	460	516	
0	0	0	0	0	455	520	
1	0	0	0	0	451	525	
2	0	0	0	0	451	529	
3	0	0	0	0	452	534	
4	0	0	0	0	455	538	
5	0	0	0	0	459	541	
6	0	0	0	0	464	542	
7	0	0	0	0	467	544	
8	0	0	0	0	471	543	
9	0	0	0	0	478	539	
10	0	0	0	0	484	535	
11	0	0	0	0	495	535	
12	0	0	0	0	504	531	
13	0	0	0	0	510	528	
14	0	0	0	0	513	527	
15	0	0	0	0	513	526	
0	0	0	0	0	513	522	
1	0	0	0	0	515	514	
2	0	0	0	0	519	506	
3	0	0	0	0	522	497	
4	0	0	0	0	525	487	
5	0	0	0	0	530	480	
6	0	0	0	0	532	474	
7	0	0	0	0	531	472	
8	0	0	0	0	528	476	
9	0	0	0	0	527	483	
10	0	0	0	0	523	491	
11	0	0	0	0	517	498	
12	0	0	0	0	511	503	
13	0	0	0	0	511	507	
14	0	0	0	0	511	509	
15	0	0	0	0	512	512	
0	0	0	0	0	516	515	
1	0	0	0	0	519	520	
2	0	0	0	0	521	528	
3	0	0	0	0	525	538	
4	0	0	0	0	522	545	
5	0	0	0	0	517	547	
6	0	0	0	0	515	547	
7	0	0	0	0	514	547	
8	0	0	0	0	513	551	
9	0	0	0	0	509	556	
10	0	0	0	0	503	567	
11	0	0	0	0	497	577	
12	0	0	0	0	491	587	
13	0	0	0	0	489	595	
14	0	0	0	0	492	595	
15	0	0	0	0	497	588	
0	0	0	0	0	502	584	
1	0	0	0	0	508	577	
2	0	0	0	0	516	566	
3	0	0	0	0	526	553	
4	0	0	0	0	534	537	
5	0	0	0	0	540	516	
6	0	0	0	0	544	495	
7	0	0	0	0	544	479	
8	0	0	0	0	544	470	
9	0	0	0	0	541	465	
10	0	0	0	0	536	464	
11	0	0	0	0	535	468	
12	0	0	0	0	536	477	
13	0	0	0	0	540	484	
14	0	0	0	0	543	490	
15	0	0	0	0	543	497	
0	0	0	0	0	544	503	
1	0	0	0	0	543	507	
2	0	0	0	0	542	513	
3	0	0	0	0	540	520	
4	0	0	0	0	541	526	
5	0	0	0	0	543	527	
6	0	0	0	0	547	529	
7	0	0	0	0	550	532	
8	0	0	0	0	551	535	
9	0	0	0	0	546	537	
10	0	0	0	0	537	539	
11	0	0	0	0	527	539	
12	0	0	0	0	518	539	
13	0	0	0	0	509	538	
14	0	0	0	0	503	536	
15	0	0	0	0	498	534	
0	0	0	0	0	494	529	
1	0	0	0	0	496	524	
2	0	0	0	0	500	521	
3	0	0	0	0	505	519	
4	0	0	0	0	508	518	
5	0	0	0	0	511	514	
6	0	0	0	0	513	511	
7	0	0	0	0	515	504	
8	0	0	0	0	513	498	
9	0	0	0	0	511	494	
10	0	0	0	0	510	495	
11	0	0	0	0	509	497	
12	0	0	0	0	510	496	
13	0	0	0	0	510	495	
14	0	0	0	0	512	492	
15	0	0	0	0	513	481	
0	0	0	0	0	516	471	
1	0	0	0	0	518	456	
2	0	0	0	0	521	444	
3	0	0	0	0	525	438	
4	0	0	0	0	530	437	
5	0	0	0	0	536	443	
6	0	0	0	0	538	450	
7	0	0	0	0	541	459	
8	0	0	0	0	544	465	
9	0	0	0	0	542	467	
10	0	0	0	0	538	464	
11	0	0	0	0	531	458	
12	0	0	0	0	524	452	
13	0	0	0	0	516	446	
14	0	0	0	0	513	437	
15	0	0	0	0	511	433	
0	0	0	0	0	508	428	
1	0	0	0	0	508	428	
2	0	0	0	0	512	430	
3	0	0	0	0	519	436	
4	0	0	0	0	528	444	
5	0	0	0	0	533	455	
6	0	0	0	0	540	470	
7	0	0	0	0	545	483	
8	0	0	0	0	547	495	
9	0	0	0	0	544	500	
10	0	0	0	0	536	499	
11	0	0	0	0	526	495	
12	0	0	0	0	515	491	
13	0	0	0	0	504	481	
14	0	0	0	0	495	466	
15	0	0	0	0	488	452	
0	0	0	0	0	486	443	
1	0	0	0	0	484	437	
2	0	0	0	0	484	431	
3	0	0	0	0	487	430	
4	0	0	0	0	491	434	
5	0	0	0	0	489	435	
6	0	0	0	0	488	439	
7	0	0	0	0	487	445	
8	0	0	0	0	483	453	
9	0	0	0	0	479	464	
10	0	0	0	0	475	480	
11	0	0	0	0	468	498	
12	0	0	0	0	464	510	
13	0	0	0	0	463	519	
14	0	0	0	0	463	523	
15	0	0	0	0	464	527	
0	0	0	0	0	464	533	
1	0	0	0	0	467	539	
2	0	0	0	0	468	543	
3	0	0	0	0	472	544	
4	0	0	0	0	479	542	
5	0	0	0	0	491	538	
6	0	0	0	0	505	529	
7	0	0	0	0	519	517	
8	0	0	0	0	527	501	
9	0	0	0	0	529	484	
10	0	0	0	0	530	472	
11	0	0	0	0	529	462	
12	0	0	0	0	528	455	
13	0	0	0	0	528	448	
14	0	0	0	0	524	443	
15	0	0	0	0	519	435	
0	0	0	0	0	511	433	
1	0	0	0	0	510	433	
2	0	0	0	0	508	441	
3	0	0	0	0	509	451	
4	0	0	0	0	512	460	
5	0	0	0	0	519	465	
6	0	0	0	0	527	471	
7	0	0	0	0	532	475	
8	0	0	0	0	537	480	
9	0	0	0	0	537	487	
10	0	0	0	0	536	496	
11	0	0	0	0	537	504	
12	0	0	0	0	540	508	
13	0	0	0	0	544	512	
14	0	0	0	0	546	516	
15	0	0	0	0	547	515	
0	0	0	0	0	549	513	
1	0	0	0	0	549	509	
2	0	0	0	0	549	502	
3	0	0	0	0	547	498	
4	0	0	0	0	547	495	
5	0	0	0	0	547	496	
6	0	0	0	0	547	497	
7	0	0	0	0	545	502	
8	0	0	0	0	544	508	
9	0	0	0	0	539	514	
10	0	0	0	0	532	514	
11	0	0	0	0	526	515	
12	0	0	0	0	517	516	
13	0	0	0	0	514	518	
14	0	0	0	0	511	513	
15	0	0	0	0	510	509	
0	0	0	0	0	507	504	
1	0	0	0	0	505	506	
2	0	0	0	0	508	512	
3	0	0	0	0	513	516	
4	0	0	0	0	519	519	
5	0	0	0	0	526	523	
6	0	0	0	0	532	524	
7	0	0	0	0	534	524	
8	0	0	0	0	536	527	
9	0	0	0	0	540	528	
10	0	0	0	0	540	527	
11	0	0	0	0	537	525	
12	0	0	0	0	535	519	
13	0	0	0	0	533	516	
14	0	0	0	0	535	511	
15	0	0	0	0	534	510	
0	0	0	0	0	532	508	
1	0	0	0	0	529	502	
2	0	0	0	0	524	493	
3	0	0	0	0	518	480	
4	0	0	0	0	517	471	
5	0	0	0	0	515	470	
6	0	0	0	0	514	475	
7	0	0	0	0	517	484	
8	0	0	0	0	519	495	
9	0	0	0	0	519	505	
10	0	0	0	0	523	509	
11	0	0	0	0	526	511	
12	0	0	0	0	525	507	
13	0	0	0	0	526	504	
14	0	0	0	0	528	500	
15	0	0	0	0	531	497	
0	0	0	0	0	531	498	
1	0	0	0	0	533	498	
2	0	0	0	0	536	504	
3	0	0	0	0	539	512	
4	0	0	0	0	541	519	
5	0	0	0	0	540	521	
6	0	0	0	0	536	516	
7	0	0	0	0	534	506	
8	0	0	0	0	536	497	
9	0	0	0	0	537	489	
10	0	0	0	0	536	489	
11	0	0	0	0	536	487	
12	0	0	0	0	532	485	
13	0	0	0	0	527	483	
14	0	0	0	0	526	488	
15	0	0	0	0	528	497	
0	0	0	0	0	533	507	
1	0	0	0	0	541	511	
2	0	0	0	0	545	513	
3	0	0	0	0	545	510	
4	0	0	0	0	541	504	
5	0	0	0	0	534	498	
6	0	0	0	0	527	499	
7	0	0	0	0	522	500	
8	0	0	0	0	522	502	
9	0	0	0	0	521	505	
10	0	0	0	0	519	511	
11	0	0	0	0	518	513	
12	0	0	0	0	515	516	
13	0	0	0	0	511	518	
14	0	0	0	0	505	517	
15	0	0	0	0	500	513	
0	0	0	0	0	495	508	
1	0	0	0	0	494	504	
2	0	0	0	0	497	505	
3	0	0	0	0	503	511	
4	0	0	0	0	506	515	
5	0	0	0	0	506	518	
6	0	0	0	0	506	519	
7	0	0	0	0	504	513	
8	0	0	0	0	499	509	
9	0	0	0	0	495	503	
10	0	0	0	0	493	494	
11	0	0	0	0	490	483	
12	0	0	0	0	492	473	
13	0	0	0	0	497	465	
14	0	0	0	0	500	457	
15	0	0	0	0	507	451	
0	0	0	0	0	513	448	
1	0	0	0	0	521	450	
2	0	0	0	0	529	457	
3	0	0	0	0	536	463	
4	0	0	0	0	536	468	
5	0	0	0	0	535	471	
6	0	0	0	0	533	471	
7	0	0	0	0	534	467	
8	0	0	0	0	533	459	
9	0	0	0	0	528	455	
10	0	0	0	0	523	449	
11	0	0	0	0	517	450	
12	0	0	0	0	515	454	
13	0	0	0	0	515	460	
14	0	0	0	0	511	465	
15	0	0	0	0	507	465	
0	0	0	0	0	500	462	
1	0	0	0	0	495	459	
2	0	0	0	0	488	462	
3	0	0	0	0	478	464	
4	0	0	0	0	467	470	
5	0	0	0	0	459	477	
6	0	0	0	0	451	488	
7	0	0	0	0	447	499	
8	0	0	0	0	442	510	
9	0	0	0	0	443	515	
10	0	0	0	0	448	517	
11	0	0	0	0	452	520	
12	0	0	0	0	458	520	
13	0	0	0	0	469	518	
14	0	0	0	0	476	514	
15	0	0	0	0	480	515	
0	0	0	0	0	479	524	
1	0	0	0	0	476	535	
2	0	0	0	0	471	548	
3	0	0	0	0	464	553	
4	0	0	0	0	455	552	
5	0	0	0	0	449	551	
6	0	0	0	0	446	549	
7	0	0	0	0	448	546	
8	0	0	0	0	454	542	
9	0	0	0	0	459	537	
10	0	0	0	0	466	529	
11	0	0	0	0	478	517	
12	0	0	0	0	487	504	
13	0	0	0	0	495	492	
14	0	0	0	0	502	480	
15	0	0	0	0	510	469	
0	0	0	0	0	515	458	
1	0	0	0	0	518	451	
2	0	0	0	0	521	448	
3	0	0	0	0	518	447	
4	0	0	0	0	511	444	
5	0	0	0	0	503	445	
6	0	0	0	0	500	445	
7	0	0	0	0	502	445	
8	0	0	0	0	505	448	
9	0	0	0	0	511	457	
10	0	0	0	0	514	472	
11	0	0	0	0	519	494	
12	0	0	0	0	525	515	
13	0	0	0	0	527	536	
14	0	0	0	0	527	551	
15	0	0	0	0	526	568	
0	0	0	0	0	520	579	
1	0	0	0	0	515	586	
2	0	0	0	0	511	580	
3	0	0	0	0	511	563	
4	0	0	0	0	511	541	
5	0	0	0	0	511	520	
6	0	0	0	0	513	504	
7	0	0	0	0	516	489	
8	0	0	0	0	519	476	
9	0	0	0	0	517	465	
10	0	0	0	0	513	454	
11	0	0	0	0	513	453	
12	0	0	0	0	516	455	
13	0	0	0	0	519	459	
14	0	0	0	0	522	460	
15	0	0	0	0	527	460	
0	0	0	0	0	529	458	
1	0	0	0	0	524	454	
2	0	0	0	0	521	452	
3	0	0	0	0	517	454	
4	0	0	0	0	514	455	
5	0	0	0	0	512	455	
6	0	0	0	0	510	457	
7	0	0	0	0	511	466	
8	0	0	0	0	511	482	
9	0	0	0	0	511	501	
10	0	0	0	0	509	520	
11	0	0	0	0	508	535	
12	0	0	0	0	507	542	
13	0	0	0	0	504	545	
14	0	0	0	0	500	543	
15	0	0	0	0	497	537	
0	0	0	0	0	495	531	
1	0	0	0	0	494	525	
2	0	0	0	0	492	519	
3	0	0	0	0	491	510	
4	0	0	0	0	489	502	
5	0	0	0	0	484	492	
6	0	0	0	0	477	484	
7	0	0	0	0	468	480	
8	0	0	0	0	462	478	
9	0	0	0	0	459	474	
10	0	0	0	0	453	463	
11	0	0	0	0	445	453	
12	0	0	0	0	440	441	
13	0	0	0	0	438	434	
14	0	0	0	0	440	430	
15	0	0	0	0	443	428	
0	0	0	0	0	447	429	
1	0	0	0	0	447	430	
2	0	0	0	0	446	432	
3	0	0	0	0	446	436	
4	0	0	0	0	446	442	
5	0	0	0	0	446	450	
6	0	0	0	0	447	455	
7	0	0	0	0	446	461	
8	0	0	0	0	442	465	
9	0	0	0	0	440	467	
10	0	0	0	0	440	468	
11	0	0	0	0	437	468	
12	0	0	0	0	435	465	
13	0	0	0	0	436	464	
14	0	0	0	0	439	463	
15	0	0	0	0	439	463	
0	0	0	0	0	441	462	
1	0	0	0	0	448	461	
2	0	0	0	0	455	466	
3	0	0	0	0	457	474	
4	0	0	0	0	457	483	
5	0	0	0	0	453	491	
6	0	0	0	0	449	496	
7	0	0	0	0	442	501	
8	0	0	0	0	432	509	
9	0	0	0	0	420	517	
10	0	0	0	0	414	524	
11	0	0	0	0	409	524	
12	0	0	0	0	403	518	
13	0	0	0	0	400	512	
14	0	0	0	0	400	505	
15	0	0	0	0	403	493	
0	0	0	0	0	413	484	
1	0	0	0	0	423	481	
2	0	0	0	0	432	479	
3	0	0	0	0	440	482	
4	0	0	0	0	442	486	
5	0	0	0	0	442	488	
6	0	0	0	0	444	496	
7	0	0	0	0	443	505	
8	0	0	0	0	442	512	
9	0	0	0	0	445	518	
10	0	0	0	0	454	519	
11	0	0	0	0	463	518	
12	0	0	0	0	471	515	
13	0	0	0	0	484	511	
14	0	0	0	0	493	506	
15	0	0	0	0	500	498	
0	0	0	0	0	507	492	
1	0	0	0	0	514	489	
2	0	0	0	0	522	489	
3	0	0	0	0	530	496	
4	0	0	0	0	535	507	
5	0	0	0	0	542	515	
6	0	0	0	0	547	520	
7	0	0	0	0	550	519	
8	0	0	0	0	548	516	
9	0	0	0	0	543	513	
10	0	0	0	0	535	512	
11	0	0	0	0	529	513	
12	0	0	0	0	522	513	
13	0	0	0	0	515	514	
14	0	0	0	0	512	517	
15	0	0	0	0	508	523	
0	0	0	0	0	508	529	
1	0	0	0	0	508	536	
2	0	0	0	0	508	544	
3	0	0	0	0	502	551	
4	0	0	0	0	496	558	
5	0	0	0	0	493	568	
6	0	0	0	0	491	575	
7	0	0	0	0	492	573	
8	0	0	0	0	493	567	
9	0	0	0	0	496	557	
10	0	0	0	0	500	548	
11	0	0	0	0	506	539	
12	0	0	0	0	514	534	
13	0	0	0	0	521	526	
14	0	0	0	0	526	519	
15	0	0	0	0	524	512	
0	0	0	0	0	516	508	
1	0	0	0	0	507	507	
2	0	0	0	0	496	504	
3	0	0	0	0	487	496	
4	0	0	0	0	481	490	
5	0	0	0	0	476	488	
6	0	0	0	0	467	488	
7	0	0	0	0	461	495	
8	0	0	0	0	457	504	
9	0	0	0	0	453	518	
10	0	0	0	0	451	531	
11	0	0	0	0	449	540	
12	0	0	0	0	449	545	
13	0	0	0	0	449	551	
14	0	0	0	0	451	560	
15	0	0	0	0	455	575	
0	0	0	0	0	456	592	
1	0	0	0	0	462	608	
2	0	0	0	0	472	616	
3	0	0	0	0	484	620	
4	0	0	0	0	497	617	
5	0	0	0	0	508	604	
6	0	0	0	0	513	592	
7	0	0	0	0	515	578	
8	0	0	0	0	516	561	
9	0	0	0	0	514	547	
10	0	0	0	0	508	536	
11	0	0	0	0	499	528	
12	0	0	0	0	494	520	
13	0	0	0	0	491	510	
14	0	0	0	0	485	500	
15	0	0	0	0	478	488	
0	0	0	0	0	469	478	
1	0	0	0	0	460	472	
2	0	0	0	0	454	467	
3	0	0	0	0	451	469	
4	0	0	0	0	451	478	
5	0	0	0	0	451	491	
6	0	0	0	0	450	505	
7	0	0	0	0	452	519	
8	0	0	0	0	457	528	
9	0	0	0	0	460	531	
10	0	0	0	0	463	528	
11	0	0	0	0	464	529	
12	0	0	0	0	469	533	
13	0	0	0	0	473	538	
14	0	0	0	0	476	540	
15	0	0	0	0	477	538	
0	0	0	0	0	475	535	
1	0	0	0	0	473	532	
2	0	0	0	0	473	530	
3	0	0	0	0	471	526	
4	0	0	0	0	467	522	
5	0	0	0	0	466	513	
6	0	0	0	0	462	499	
7	0	0	0	0	459	487	
8	0	0	0	0	456	480	
9	0	0	0	0	455	479	
10	0	0	0	0	455	482	
11	0	0	0	0	456	487	
12	0	0	0	0	455	485	
13	0	0	0	0	454	483	
14	0	0	0	0	452	484	
15	0	0	0	0	447	486	
0	0	0	0	0	441	489	
1	0	0	0	0	432	495	
2	0	0	0	0	424	499	
3	0	0	0	0	419	500	
4	0	0	0	0	415	508	
5	0	0	0	0	414	520	
6	0	0	0	0	418	531	
7	0	0	0	0	426	539	
8	0	0	0	0	434	535	
9	0	0	0	0	440	522	
10	0	0	0	0	447	508	
11	0	0	0	0	453	493	
12	0	0	0	0	458	481	
13	0	0	0	0	463	469	
14	0	0	0	0	466	460	
15	0	0	0	0	470	452	
0	0	0	0	0	470	448	
1	0	0	0	0	467	444	
2	0	0	0	0	465	443	
3	0	0	0	0	464	442	
4	0	0	0	0	461	442	
5	0	0	0	0	458	448	
6	0	0	0	0	457	460	
7	0	0	0	0	456	476	
8	0	0	0	0	457	493	
9	0	0	0	0	457	506	
10	0	0	0	0	455	517	
11	0	0	0	0	449	521	
12	0	0	0	0	440	518	
13	0	0	0	0	430	510	
14	0	0	0	0	422	501	
15	0	0	0	0	415	493	
0	0	0	0	0	411	484	
1	0	0	0	0	409	477	
2	0	0	0	0	409	474	
3	0	0	0	0	409	475	
4	0	0	0	0	412	472	
5	0	0	0	0	419	472	
6	0	0	0	0	427	476	
7	0	0	0	0	431	477	
8	0	0	0	0	431	480	
9	0	0	0	0	429	485	
10	0	0	0	0	431	486	
11	0	0	0	0	432	485	
12	0	0	0	0	434	486	
13	0	0	0	0	433	482	
14	0	0	0	0	433	478	
15	0	0	0	0	435	471	
0	0	0	0	0	434	465	
1	0	0	0	0	435	463	
2	0	0	0	0	435	460	
3	0	0	0	0	438	460	
4	0	0	0	0	442	462	
5	0	0	0	0	444	469	
6	0	0	0	0	444	475	
7	0	0	0	0	445	484	
8	0	0	0	0	448	499	
9	0	0	0	0	449	516	
10	0	0	0	0	449	526	
11	0	0	0	0	448	530	
12	0	0	0	0	447	526	
13	0	0	0	0	444	519	
14	0	0	0	0	438	508	
15	0	0	0	0	436	503	
0	0	0	0	0	432	500	
1	0	0	0	0	431	497	
2	0	0	0	0	432	491	
3	0	0	0	0	434	482	
4	0	0	0	0	435	472	
5	0	0	0	0	438	461	
6	0	0	0	0	446	451	
7	0	0	0	0	456	444	
8	0	0	0	0	466	440	
9	0	0	0	0	471	441	
10	0	0	0	0	474	446	
11	0	0	0	0	476	455	
12	0	0	0	0	477	470	
13	0	0	0	0	477	487	
14	0	0	0	0	475	499	
15	0	0	0	0	468	504	
0	0	0	0	0	465	506	
1	0	0	0	0	457	504	
2	0	0	0	0	455	499	
3	0	0	0	0	457	498	
4	0	0	0	0	457	499	
5	0	0	0	0	456	504	
6	0	0	0	0	458	511	
7	0	0	0	0	464	515	
8	0	0	0	0	472	519	
9	0	0	0	0	477	519	
10	0	0	0	0	482	516	
11	0	0	0	0	487	506	
12	0	0	0	0	489	493	
13	0	0	0	0	492	483	
14	0	0	0	0	498	474	
15	0	0	0	0	508	474	
0	0	0	0	0	518	478	
1	0	0	0	0	527	486	
2	0	0	0	0	540	495	
3	0	0	0	0	552	507	
4	0	0	0	0	563	519	
5	0	0	0	0	571	523	
6	0	0	0	0	569	517	
7	0	0	0	0	565	503	
8	0	0	0	0	560	487	
9	0	0	0	0	555	472	
10	0	0	0	0	549	460	
11	0	0	0	0	541	452	
12	0	0	0	0	532	448	
13	0	0	0	0	523	448	
14	0	0	0	0	516	448	
15	0	0	0	0	511	449	
0	0	0	0	0	511	451	
1	0	0	0	0	512	453	
2	0	0	0	0	515	458	
3	0	0	0	0	515	460	
4	0	0	0	0	517	459	
5	0	0	0	0	518	454	
6	0	0	0	0	519	454	
7	0	0	0	0	519	454	
8	0	0	0	0	519	455	
9	0	0	0	0	522	458	
10	0	0	0	0	524	465	
11	0	0	0	0	525	475	
12	0	0	0	0	529	492	
13	0	0	0	0	529	508	
14	0	0	0	0	527	521	
15	0	0	0	0	524	531	
0	0	0	0	0	519	536	
1	0	0	0	0	516	538	
2	0	0	0	0	514	533	
3	0	0	0	0	512	525	
4	0	0	0	0	509	518	
5	0	0	0	0	506	509	
6	0	0	0	0	504	499	
7	0	0	0	0	503	489	
8	0	0	0	0	500	482	
9	0	0	0	0	496	473	
10	0	0	0	0	491	465	
11	0	0	0	0	485	457	
12	0	0	0	0	477	449	
13	0	0	0	0	472	447	
14	0	0	0	0	463	451	
15	0	0	0	0	455	456	
0	0	0	0	0	445	461	
1	0	0	0	0	437	466	
2	0	0	0	0	432	471	
3	0	0	0	0	428	468	
4	0	0	0	0	423	466	
5	0	0	0	0	420	468	
6	0	0	0	0	420	474	
7	0	0	0	0	421	484	
8	0	0	0	0	425	499	
9	0	0	0	0	434	517	
10	0	0	0	0	439	544	
11	0	0	0	0	444	574	
12	0	0	0	0	449	598	
13	0	0	0	0	450	613	
14	0	0	0	0	450	615	
15	0	0	0	0	447	609	
0	0	0	0	0	442	592	
1	0	0	0	0	437	568	
2	0	0	0	0	430	537	
3	0	0	0	0	421	504	
4	0	0	0	0	416	474	
5	0	0	0	0	415	454	
6	0	0	0	0	415	439	
7	0	0	0	0	420	424	
8	0	0	0	0	424	414	
9	0	0	0	0	427	405	
10	0	0	0	0	424	396	
11	0	0	0	0	425	390	
12	0	0	0	0	427	387	
13	0	0	0	0	432	387	
14	0	0	0	0	434	389	
15	0	0	0	0	437	397	
0	0	0	0	0	443	407	
1	0	0	0	0	447	420	
2	0	0	0	0	446	434	
3	0	0	0	0	448	443	
4	0	0	0	0	449	445	
5	0	0	0	0	449	446	
6	0	0	0	0	448	446	
7	0	0	0	0	447	447	
8	0	0	0	0	451	446	
9	0	0	0	0	455	444	
10	0	0	0	0	458	435	
11	0	0	0	0	460	426	
12	0	0	0	0	465	419	
13	0	0	0	0	473	408	
14	0	0	0	0	478	403	
15	0	0	0	0	481	400	
0	0	0	0	0	479	396	
1	0	0	0	0	476	396	
2	0	0	0	0	471	398	
3	0	0	0	0	465	403	
4	0	0	0	0	460	413	
5	0	0	0	0	456	428	
6	0	0	0	0	455	445	
7	0	0	0	0	456	460	
8	0	0	0	0	460	473	
9	0	0	0	0	470	484	
10	0	0	0	0	483	494	
11	0	0	0	0	493	503	
12	0	0	0	0	499	509	
13	0	0	0	0	505	509	
14	0	0	0	0	507	511	
15	0	0	0	0	508	510	
0	0	0	0	0	505	507	
1	0	0	0	0	500	502	
2	0	0	0	0	496	496	
3	0	0	0	0	494	487	
4	0	0	0	0	489	476	
5	0	0	0	0	481	471	
6	0	0	0	0	474	466	
7	0	0	0	0	470	462	
8	0	0	0	0	468	462	
9	0	0	0	0	472	464	
10	0	0	0	0	476	462	
11	0	0	0	0	482	460	
12	0	0	0	0	487	456	
13	0	0	0	0	494	454	
14	0	0	0	0	499	459	
15	0	0	0	0	505	469	
0	0	0	0	0	508	483	
1	0	0	0	0	511	497	
2	0	0	0	0	510	508	
3	0	0	0	0	510	515	
4	0	0	0	0	509	522	
5	0	0	0	0	509	524	
6	0	0	0	0	508	523	
7	0	0	0	0	507	518	
8	0	0	0	0	499	516	
9	0	0	0	0	493	512	
10	0	0	0	0	487	504	
11	0	0	0	0	487	492	
12	0	0	0	0	494	482	
13	0	0	0	0	505	476	
14	0	0	0	0	516	474	
15	0	0	0	0	536	476	
0	0	0	0	0	546	478	
1	0	0	0	0	545	481	
2	0	0	0	0	540	483	
3	0	0	0	0	539	485	
4	0	0	0	0	534	488	
5	0	0	0	0	520	491	
6	0	0	0	0	512	491	
7	0	0	0	0	509	489	
8	0	0	0	0	514	486	
9	0	0	0	0	516	486	
10	0	0	0	0	518	489	
11	0	0	0	0	524	492	
12	0	0	0	0	527	496	
13	0	0	0	0	529	499	
14	0	0	0	0	528	504	
15	0	0	0	0	532	508	
0	0	0	0	0	535	517	
1	0	0	0	0	538	533	
2	0	0	0	0	547	550	
3	0	0	0	0	552	568	
4	0	0	0	0	551	581	
5	0	0	0	0	548	588	
6	0	0	0	0	540	583	
7	0	0	0	0	531	571	
8	0	0	0	0	525	557	
9	0	0	0	0	524	542	
10	0	0	0	0	529	530	
11	0	0	0	0	533	518	
12	0	0	0	0	524	506	
13	0	0	0	0	519	496	
14	0	0	0	0	512	487	
15	0	0	0	0	508	476	
0	0	0	0	0	502	469	
1	0	0	0	0	499	467	
2	0	0	0	0	501	470	
3	0	0	0	0	505	475	
4	0	0	0	0	511	481	
5	0	0	0	0	515	487	
6	0	0	0	0	518	492	
7	0	0	0	0	517	495	
8	0	0	0	0	518	496	
9	0	0	0	0	519	495	
10	0	0	0	0	517	495	
11	0	0	0	0	518	495	
12	0	0	0	0	517	499	
13	0	0	0	0	518	504	
14	0	0	0	0	519	513	
15	0	0	0	0	523	529	
0	0	0	0	0	528	547	
1	0	0	0	0	534	563	
2	0	0	0	0	543	573	
3	0	0	0	0	551	575	
4	0	0	0	0	554	572	
5	0	0	0	0	555	562	
6	0	0	0	0	553	549	
7	0	0	0	0	545	532	
8	0	0	0	0	535	517	
9	0	0	0	0	525	504	
10	0	0	0	0	517	492	
11	0	0	0	0	513	487	
12	0	0	0	0	516	489	
13	0	0	0	0	520	500	
14	0	0	0	0	523	512	
15	0	0	0	0	525	522	
0	0	0	0	0	527	529	
1	0	0	0	0	524	530	
2	0	0	0	0	519	525	
3	0	0	0	0	517	516	
4	0	0	0	0	517	504	
5	0	0	0	0	527	492	
6	0	0	0	0	542	481	
7	0	0	0	0	556	475	
8	0	0	0	0	568	474	
9	0	0	0	0	578	474	
10	0	0	0	0	588	478	
11	0	0	0	0	590	477	
12	0	0	0	0	585	475	
13	0	0	0	0	588	474	
14	0	0	0	0	591	476	
15	0	0	0	0	598	476	
0	0	0	0	0	606	479	
1	0	0	0	0	609	479	
2	0	0	0	0	602	482	
3	0	0	0	0	583	489	
4	0	0	0	0	568	498	
5	0	0	0	0	560	509	
6	0	0	0	0	550	524	
7	0	0	0	0	537	533	
8	0	0	0	0	530	538	
9	0	0	0	0	526	539	
10	0	0	0	0	520	541	
11	0	0	0	0	510	545	
12	0	0	0	0	507	548	
13	0	0	0	0	508	548	
14	0	0	0	0	507	547	
15	0	0	0	0	508	539	
0	0	0	0	0	511	530	
1	0	0	0	0	525	521	
2	0	0	0	0	536	515	
3	0	0	0	0	541	511	
4	0	0	0	0	544	505	
5	0	0	0	0	547	499	
6	0	0	0	0	544	491	
7	0	0	0	0	540	480	
8	0	0	0	0	534	474	
9	0	0	0	0	529	471	
10	0	0	0	0	524	474	
11	0	0	0	0	518	475	
12	0	0	0	0	511	479	
13	0	0	0	0	509	482	
14	0	0	0	0	507	493	
15	0	0	0	0	510	508	
0	0	0	0	0	513	521	
1	0	0	0	0	515	532	
2	0	0	0	0	518	538	
3	0	0	0	0	520	540	
4	0	0	0	0	525	540	
5	0	0	0	0	534	540	
6	0	0	0	0	535	536	
7	0	0	0	0	524	529	
8	0	0	0	0	512	518	
9	0	0	0	0	502	510	
10	0	0	0	0	495	504	
11	0	0	0	0	491	500	
12	0	0	0	0	496	498	
13	0	0	0	0	502	494	
14	0	0	0	0	509	494	
15	0	0	0	0	520	495	
0	0	0	0	0	530	499	
1	0	0	0	0	536	508	
2	0	0	0	0	540	513	
3	0	0	0	0	542	515	
4	0	0	0	0	540	522	
5	0	0	0	0	542	531	
6	0	0	0	0	552	545	
7	0	0	0	0	560	561	
8	0	0	0	0	569	573	
9	0	0	0	0	575	580	
10	0	0	0	0	583	587	
11	0	0	0	0	588	586	
12	0	0	0	0	597	586	
13	0	0	0	0	605	584	
14	0	0	0	0	610	580	
15	0	0	0	0	612	575	
0	0	0	0	0	612	569	
1	0	0	0	0	615	561	
2	0	0	0	0	621	550	
3	0	0	0	0	624	539	
4	0	0	0	0	624	525	
5	0	0	0	0	622	512	
6	0	0	0	0	611	502	
7	0	0	0	0	601	495	
8	0	0	0	0	591	493	
9	0	0	0	0	575	493	
10	0	0	0	0	560	493	
11	0	0	0	0	552	496	
12	0	0	0	0	547	499	
13	0	0	0	0	540	499	
14	0	0	0	0	538	500	
15	0	0	0	0	536	500	
0	0	0	0	0	534	499	
1	0	0	0	0	532	495	
2	0	0	0	0	536	488	
3	0	0	0	0	545	483	
4	0	0	0	0	555	486	
5	0	0	0	0	566	488	
6	0	0	0	0	575	492	
7	0	0	0	0	581	496	
8	0	0	0	0	582	503	
9	0	0	0	0	581	507	
10	0	0	0	0	578	510	
11	0	0	0	0	574	508	
12	0	0	0	0	571	504	
13	0	0	0	0	568	499	
14	0	0	0	0	568	493	
15	0	0	0	0	571	485	
0	0	0	0	0	576	477	
1	0	0	0	0	581	470	
2	0	0	0	0	583	462	
3	0	0	0	0	586	459	
4	0	0	0	0	583	455	
5	0	0	0	0	577	452	
6	0	0	0	0	572	449	
7	0	0	0	0	568	446	
8	0	0	0	0	563	444	
9	0	0	0	0	558	444	
10	0	0	0	0	551	449	
11	0	0	0	0	543	457	
12	0	0	0	0	541	462	
13	0	0	0	0	541	469	
14	0	0	0	0	542	475	
15	0	0	0	0	544	483	
0	0	0	0	0	540	492	
1	0	0	0	0	542	495	
2	0	0	0	0	549	500	
3	0	0	0	0	553	506	
4	0	0	0	0	549	516	
5	0	0	0	0	539	526	
6	0	0	0	0	529	532	
7	0	0	0	0	524	536	
8	0	0	0	0	522	541	
9	0	0	0	0	521	546	
10	0	0	0	0	521	551	
11	0	0	0	0	523	556	
12	0	0	0	0	522	560	
13	0	0	0	0	524	556	
14	0	0	0	0	524	552	
15	0	0	0	0	521	542	
0	0	0	0	0	517	535	
1	0	0	0	0	511	528	
2	0	0	0	0	508	520	
3	0	0	0	0	504	512	
4	0	0	0	0	498	508	
5	0	0	0	0	492	509	
6	0	0	0	0	487	511	
7	0	0	0	0	487	511	
8	0	0	0	0	488	511	
9	0	0	0	0	486	511	
10	0	0	0	0	481	514	
11	0	0	0	0	476	515	
12	0	0	0	0	475	519	
13	0	0	0	0	477	519	
14	0	0	0	0	477	521	
15	0	0	0	0	480	529	
0	0	0	0	0	489	534	
1	0	0	0	0	505	539	
2	0	0	0	0	511	546	
3	0	0	0	0	508	552	
4	0	0	0	0	504	556	
5	0	0	0	0	502	561	
6	0	0	0	0	502	565	
7	0	0	0	0	505	567	
8	0	0	0	0	511	569	
9	0	0	0	0	513	574	
10	0	0	0	0	514	581	
11	0	0	0	0	517	590	
12	0	0	0	0	518	596	
13	0	0	0	0	515	598	
14	0	0	0	0	511	591	
15	0	0	0	0	500	583	
0	0	0	0	0	488	572	
1	0	0	0	0	479	564	
2	0	0	0	0	473	556	
3	0	0	0	0	472	551	
4	0	0	0	0	471	546	
5	0	0	0	0	471	542	
6	0	0	0	0	473	537	
7	0	0	0	0	478	531	
8	0	0	0	0	483	526	
9	0	0	0	0	492	521	
10	0	0	0	0	505	523	
11	0	0	0	0	514	527	
12	0	0	0	0	520	529	
13	0	0	0	0	519	529	
14	0	0	0	0	512	530	
15	0	0	0	0	506	534	
0	0	0	0	0	501	538	
1	0	0	0	0	498	540	
2	0	0	0	0	496	545	
3	0	0	0	0	493	553	
4	0	0	0	0	493	564	
5	0	0	0	0	495	571	
6	0	0	0	0	494	571	
7	0	0	0	0	494	570	
8	0	0	0	0	495	570	
9	0	0	0	0	494	570	
10	0	0	0	0	493	568	
11	0	0	0	0	494	564	
12	0	0	0	0	497	561	
13	0	0	0	0	501	561	
14	0	0	0	0	503	560	
15	0	0	0	0	504	558	
0	0	0	0	0	505	553	
1	0	0	0	0	506	547	
2	0	0	0	0	503	540	
3	0	0	0	0	496	532	
4	0	0	0	0	491	524	
5	0	0	0	0	488	518	
6	0	0	0	0	487	512	
7	0	0	0	0	487	511	
8	0	0	0	0	489	512	
9	0	0	0	0	498	518	
10	0	0	0	0	515	521	
11	0	0	0	0	526	524	
12	0	0	0	0	532	526	
13	0	0	0	0	532	531	
14	0	0	0	0	530	537	
15	0	0	0	0	524	543	
0	0	0	0	0	517	542	
1	0	0	0	0	516	541	
2	0	0	0	0	519	536	
3	0	0	0	0	524	531	
4	0	0	0	0	528	524	
5	0	0	0	0	529	518	
6	0	0	0	0	529	515	
7	0	0	0	0	533	519	
8	0	0	0	0	541	521	
9	0	0	0	0	551	523	
10	0	0	0	0	564	528	
11	0	0	0	0	576	537	
12	0	0	0	0	588	544	
13	0	0	0	0	597	548	
14	0	0	0	0	600	545	
15	0	0	0	0	600	542	
0	0	0	0	0	600	530	
1	0	0	0	0	600	515	
2	0	0	0	0	599	500	
3	0	0	0	0	594	487	
4	0	0	0	0	584	476	
5	0	0	0	0	574	466	
6	0	0	0	0	571	460	
7	0	0	0	0	573	459	
8	0	0	0	0	572	464	
9	0	0	0	0	569	470	
10	0	0	0	0	563	478	
11	0	0	0	0	560	484	
12	0	0	0	0	562	492	
13	0	0	0	0	563	500	
14	0	0	0	0	565	506	
15	0	0	0	0	567	511	
0	0	0	0	0	568	513	
1	0	0	0	0	566	514	
2	0	0	0	0	562	516	
3	0	0	0	0	560	520	
4	0	0	0	0	558	526	
5	0	0	0	0	556	532	
6	0	0	0	0	555	542	
7	0	0	0	0	560	556	
8	0	0	0	0	565	572	
9	0	0	0	0	565	588	
10	0	0	0	0	564	600	
11	0	0	0	0	571	609	
12	0	0	0	0	577	618	
13	0	0	0	0	576	625	
14	0	0	0	0	572	634	
15	0	0	0	0	564	643	
0	0	0	0	0	556	641	
1	0	0	0	0	546	628	
2	0	0	0	0	539	608	
3	0	0	0	0	533	587	
4	0	0	0	0	527	568	
5	0	0	0	0	523	552	
6	0	0	0	0	518	539	
7	0	0	0	0	512	527	
8	0	0	0	0	505	514	
9	0	0	0	0	502	503	
10	0	0	0	0	502	487	
11	0	0	0	0	504	472	
12	0	0	0	0	504	460	
13	0	0	0	0	502	448	
14	0	0	0	0	503	439	
15	0	0	0	0	508	436	
0	0	0	0	0	510	438	
1	0	0	0	0	514	436	
2	0	0	0	0	519	434	
3	0	0	0	0	518	435	
4	0	0	0	0	510	447	
5	0	0	0	0	503	460	
6	0	0	0	0	496	475	
7	0	0	0	0	486	485	
8	0	0	0	0	481	494	
9	0	0	0	0	481	504	
10	0	0	0	0	477	513	
11	0	0	0	0	476	521	
12	0	0	0	0	476	526	
13	0	0	0	0	476	529	
14	0	0	0	0	476	529	
15	0	0	0	0	476	527	
0	0	0	0	0	473	523	
1	0	0	0	0	465	521	
2	0	0	0	0	457	520	
3	0	0	0	0	451	520	
4	0	0	0	0	448	519	
5	0	0	0	0	449	521	
6	0	0	0	0	454	520	
7	0	0	0	0	462	515	
8	0	0	0	0	470	510	
9	0	0	0	0	474	506	
10	0	0	0	0	475	504	
11	0	0	0	0	478	508	
12	0	0	0	0	482	512	
13	0	0	0	0	486	518	
14	0	0	0	0	489	523	
15	0	0	0	0	496	526	
0	0	0	0	0	500	525	
1	0	0	0	0	502	523	
2	0	0	0	0	501	518	
3	0	0	0	0	499	514	
4	0	0	0	0	498	509	
5	0	0	0	0	499	500	
6	0	0	0	0	504	492	
7	0	0	0	0	508	482	
8	0	0	0	0	511	474	
9	0	0	0	0	511	469	
10	0	0	0	0	504	474	
11	0	0	0	0	497	488	
12	0	0	0	0	495	513	
13	0	0	0	0	497	544	
14	0	0	0	0	502	570	
15	0	0	0	0	515	590	
0	0	0	0	0	527	600	
1	0	0	0	0	529	599	
2	0	0	0	0	524	590	
3	0	0	0	0	519	572	
4	0	0	0	0	512	556	
5	0	0	0	0	505	537	
6	0	0	0	0	500	522	
7	0	0	0	0	502	507	
8	0	0	0	0	504	494	
9	0	0	0	0	503	482	
10	0	0	0	0	499	467	
11	0	0	0	0	494	455	
12	0	0	0	0	491	447	
13	0	0	0	0	492	448	
14	0	0	0	0	496	450	
15	0	0	0	0	504	454	
0	0	0	0	0	507	459	
1	0	0	0	0	510	464	
2	0	0	0	0	511	467	
3	0	0	0	0	507	470	
4	0	0	0	0	499	470	
5	0	0	0	0	494	470	
6	0	0	0	0	491	468	
7	0	0	0	0	482	470	
8	0	0	0	0	472	475	
9	0	0	0	0	464	480	
10	0	0	0	0	459	489	
11	0	0	0	0	457	498	
12	0	0	0	0	460	508	
13	0	0	0	0	467	518	
14	0	0	0	0	480	524	
15	0	0	0	0	493	531	
0	0	0	0	0	508	541	
1	0	0	0	0	519	555	
2	0	0	0	0	525	564	
3	0	0	0	0	529	573	
4	0	0	0	0	529	577	
5	0	0	0	0	527	574	
6	0	0	0	0	521	568	
7	0	0	0	0	513	565	
8	0	0	0	0	504	566	
9	0	0	0	0	493	573	
10	0	0	0	0	485	576	
11	0	0	0	0	484	576	
12	0	0	0	0	486	574	
13	0	0	0	0	487	570	
14	0	0	0	0	488	559	
15	0	0	0	0	488	540	
0	0	0	0	0	483	520	
1	0	0	0	0	476	499	
2	0	0	0	0	469	479	
3	0	0	0	0	465	463	
4	0	0	0	0	463	456	
5	0	0	0	0	462	455	
6	0	0	0	0	460	460	
7	0	0	0	0	461	467	
8	0	0	0	0	466	476	
9	0	0	0	0	473	484	
10	0	0	0	0	481	494	
11	0	0	0	0	486	508	
12	0	0	0	0	487	524	
13	0	0	0	0	491	539	
14	0	0	0	0	494	555	
15	0	0	0	0	495	568	
0	0	0	0	0	497	584	
1	0	0	0	0	500	595	
2	0	0	0	0	509	601	
3	0	0	0	0	515	602	
4	0	0	0	0	516	600	
5	0	0	0	0	516	593	
6	0	0	0	0	515	585	
7	0	0	0	0	516	578	
8	0	0	0	0	523	576	
9	0	0	0	0	529	580	
10	0	0	0	0	535	581	
11	0	0	0	0	538	583	
12	0	0	0	0	538	582	
13	0	0	0	0	534	577	
14	0	0	0	0	530	573	
15	0	0	0	0	527	566	
0	0	0	0	0	528	559	
1	0	0	0	0	531	551	
2	0	0	0	0	533	545	
3	0	0	0	0	538	537	
4	0	0	0	0	544	530	
5	0	0	0	0	550	523	
6	0	0	0	0	559	518	
7	0	0	0	0	562	514	
8	0	0	0	0	558	511	
9	0	0	0	0	553	513	
10	0	0	0	0	551	516	
11	0	0	0	0	553	521	
12	0	0	0	0	556	524	
13	0	0	0	0	560	530	
14	0	0	0	0	561	535	
15	0	0	0	0	558	537	
0	0	0	0	0	552	536	
1	0	0	0	0	549	530	
2	0	0	0	0	552	523	
3	0	0	0	0	555	512	
4	0	0	0	0	557	501	
5	0	0	0	0	558	492	
6	0	0	0	0	561	488	
7	0	0	0	0	566	493	
8	0	0	0	0	573	503	
9	0	0	0	0	577	513	
10	0	0	0	0	578	523	
11	0	0	0	0	579	527	
12	0	0	0	0	579	524	
13	0	0	0	0	579	520	
14	0	0	0	0	579	514	
15	0	0	0	0	578	508	
0	0	0	0	0	579	504	
1	0	0	0	0	582	501	
2	0	0	0	0	588	497	
3	0	0	0	0	596	494	
4	0	0	0	0	601	496	
5	0	0	0	0	606	501	
6	0	0	0	0	608	508	
7	0	0	0	0	609	513	
8	0	0	0	0	600	514	
9	0	0	0	0	592	513	
10	0	0	0	0	583	509	
11	0	0	0	0	579	509	
12	0	0	0	0	576	509	
13	0	0	0	0	575	509	
14	0	0	0	0	569	507	
15	0	0	0	0	563	502	
0	0	0	0	0	559	492	
1	0	0	0	0	555	479	
2	0	0	0	0	553	468	
3	0	0	0	0	557	461	
4	0	0	0	0	560	455	
5	0	0	0	0	561	448	
6	0	0	0	0	562	446	
7	0	0	0	0	563	443	
8	0	0	0	0	568	441	
9	0	0	0	0	569	444	
10	0	0	0	0	568	455	
11	0	0	0	0	567	472	
12	0	0	0	0	566	495	
13	0	0	0	0	562	518	
14	0	0	0	0	558	538	
15	0	0	0	0	556	553	
0	0	0	0	0	555	566	
1	0	0	0	0	559	579	
2	0	0	0	0	568	585	
3	0	0	0	0	583	584	
4	0	0	0	0	598	580	
5	0	0	0	0	608	575	
6	0	0	0	0	611	565	
7	0	0	0	0	612	553	
8	0	0	0	0	610	536	
9	0	0	0	0	608	516	
10	0	0	0	0	606	496	
11	0	0	0	0	603	483	
12	0	0	0	0	593	475	
13	0	0	0	0	583	468	
14	0	0	0	0	572	465	
15	0	0	0	0	569	470	
0	0	0	0	0	568	476	
1	0	0	0	0	569	481	
2	0	0	0	0	572	486	
3	0	0	0	0	572	490	
4	0	0	0	0	573	496	
5	0	0	0	0	574	499	
6	0	0	0	0	571	502	
7	0	0	0	0	566	504	
8	0	0	0	0	556	508	
9	0	0	0	0	546	518	
10	0	0	0	0	532	526	
11	0	0	0	0	521	536	
12	0	0	0	0	514	542	
13	0	0	0	0	512	549	
14	0	0	0	0	511	556	
15	0	0	0	0	516	559	
0	0	0	0	0	522	561	
1	0	0	0	0	529	564	
2	0	0	0	0	537	568	
3	0	0	0	0	547	573	
4	0	0	0	0	557	578	
5	0	0	0	0	565	580	
6	0	0	0	0	569	580	
7	0	0	0	0	569	577	
8	0	0	0	0	566	570	
9	0	0	0	0	566	561	
10	0	0	0	0	564	552	
11	0	0	0	0	563	546	
12	0	0	0	0	560	541	
13	0	0	0	0	557	541	
14	0	0	0	0	551	543	
15	0	0	0	0	544	543	
0	0	0	0	0	537	545	
1	0	0	0	0	531	546	
2	0	0	0	0	529	539	
3	0	0	0	0	530	530	
4	0	0	0	0	527	520	
5	0	0	0	0	527	511	
6	0	0	0	0	527	502	
7	0	0	0	0	526	492	
8	0	0	0	0	523	481	
9	0	0	0	0	518	472	
10	0	0	0	0	511	463	
11	0	0	0	0	506	456	
12	0	0	0	0	504	451	
13	0	0	0	0	511	451	
14	0	0	0	0	521	454	
15	0	0	0	0	531	463	
0	0	0	0	0	537	476	
1	0	0	0	0	542	488	
2	0	0	0	0	542	498	
3	0	0	0	0	542	507	
4	0	0	0	0	541	519	
5	0	0	0	0	543	530	
6	0	0	0	0	546	539	
7	0	0	0	0	547	546	
8	0	0	0	0	542	545	
9	0	0	0	0	537	540	
10	0	0	0	0	532	533	
11	0	0	0	0	525	524	
12	0	0	0	0	519	519	
13	0	0	0	0	515	514	
14	0	0	0	0	512	507	
15	0	0	0	0	513	501	
0	0	0	0	0	512	497	
1	0	0	0	0	513	494	
2	0	0	0	0	513	496	
3	0	0	0	0	514	492	
4	0	0	0	0	520	489	
5	0	0	0	0	524	486	
6	0	0	0	0	530	483	
7	0	0	0	0	536	479	
8	0	0	0	0	538	480	
9	0	0	0	0	541	483	
10	0	0	0	0	540	482	
11	0	0	0	0	539	480	
12	0	0	0	0	536	481	
13	0	0	0	0	531	487	
14	0	0	0	0	526	497	
15	0	0	0	0	525	504	
0	0	0	0	0	525	512	
1	0	0	0	0	527	519	
2	0	0	0	0	526	521	
3	0	0	0	0	519	526	
4	0	0	0	0	510	527	
5	0	0	0	0	513	530	
6	0	0	0	0	519	534	
7	0	0	0	0	532	531	
8	0	0	0	0	546	523	
9	0	0	0	0	557	507	
10	0	0	0	0	557	484	
11	0	0	0	0	555	461	
12	0	0	0	0	550	444	
13	0	0	0	0	541	431	
14	0	0	0	0	536	423	
15	0	0	0	0	534	426	
0	0	0	0	0	535	431	
1	0	0	0	0	530	432	
2	0	0	0	0	523	434	
3	0	0	0	0	516	434	
4	0	0	0	0	514	434	
5	0	0	0	0	515	434	
6	0	0	0	0	517	437	
7	0	0	0	0	519	444	
8	0	0	0	0	519	452	
9	0	0	0	0	527	463	
10	0	0	0	0	543	473	
11	0	0	0	0	558	487	
12	0	0	0	0	573	507	
13	0	0	0	0	584	521	
14	0	0	0	0	585	526	
15	0	0	0	0	579	528	
0	0	0	0	0	572	528	
1	0	0	0	0	567	527	
2	0	0	0	0	563	523	
3	0	0	0	0	559	518	
4	0	0	0	0	555	514	
5	0	0	0	0	551	508	
6	0	0	0	0	547	501	
7	0	0	0	0	543	498	
8	0	0	0	0	542	497	
9	0	0	0	0	541	495	
10	0	0	0	0	544	492	
11	0	0	0	0	550	491	
12	0	0	0	0	554	492	
13	0	0	0	0	558	496	
14	0	0	0	0	563	505	
15	0	0	0	0	566	516	
0	0	0	0	0	568	528	
1	0	0	0	0	566	540	
2	0	0	0	0	566	548	
3	0	0	0	0	563	549	
4	0	0	0	0	561	545	
5	0	0	0	0	562	539	
6	0	0	0	0	559	531	
7	0	0	0	0	556	522	
8	0	0	0	0	553	511	
9	0	0	0	0	551	499	
10	0	0	0	0	545	490	
11	0	0	0	0	539	486	
12	0	0	0	0	533	482	
13	0	0	0	0	524	481	
14	0	0	0	0	517	481	
15	0	0	0	0	515	479	
0	0	0	0	0	515	476	
1	0	0	0	0	516	476	
2	0	0	0	0	519	473	
3	0	0	0	0	522	472	
4	0	0	0	0	527	472	
5	0	0	0	0	529	472	
6	0	0	0	0	531	469	
7	0	0	0	0	537	467	
8	0	0	0	0	544	466	
9	0	0	0	0	548	467	
10	0	0	0	0	552	473	
11	0	0	0	0	557	478	
12	0	0	0	0	561	481	
13	0	0	0	0	561	483	
14	0	0	0	0	560	485	
15	0	0	0	0	557	484	
0	0	0	0	0	551	484	
1	0	0	0	0	543	484	
2	0	0	0	0	535	483	
3	0	0	0	0	532	482	
4	0	0	0	0	531	482	
5	0	0	0	0	527	478	
6	0	0	0	0	523	474	
7	0	0	0	0	516	470	
8	0	0	0	0	513	467	
9	0	0	0	0	513	465	
10	0	0	0	0	516	463	
11	0	0	0	0	517	463	
12	0	0	0	0	518	465	
13	0	0	0	0	524	463	
14	0	0	0	0	531	463	
15	0	0	0	0	540	463	
0	0	0	0	0	547	463	
1	0	0	0	0	551	458	
2	0	0	0	0	555	453	
3	0	0	0	0	559	447	
4	0	0	0	0	561	441	
5	0	0	0	0	560	438	
6	0	0	0	0	559	435	
7	0	0	0	0	561	433	
8	0	0	0	0	563	443	
9	0	0	0	0	563	451	
10	0	0	0	0	560	460	
11	0	0	0	0	553	467	
12	0	0	0	0	545	476	
13	0	0	0	0	545	481	
14	0	0	0	0	545	483	
15	0	0	0	0	546	484	
0	0	0	0	0	543	482	
1	0	0	0	0	536	481	
2	0	0	0	0	529	483	
3	0	0	0	0	522	486	
4	0	0	0	0	515	484	
5	0	0	0	0	509	478	
6	0	0	0	0	503	472	
7	0	0	0	0	496	472	
8	0	0	0	0	494	480	
9	0	0	0	0	501	488	
10	0	0	0	0	508	495	
11	0	0	0	0	518	502	
12	0	0	0	0	524	504	
13	0	0	0	0	529	507	
14	0	0	0	0	532	510	
15	0	0	0	0	533	512	
0	0	0	0	0	535	516	
1	0	0	0	0	531	519	
2	0	0	0	0	524	523	
3	0	0	0	0	515	528	
4	0	0	0	0	510	532	
5	0	0	0	0	510	539	
6	0	0	0	0	511	537	
7	0	0	0	0	513	534	
8	0	0	0	0	516	535	
9	0	0	0	0	514	536	
10	0	0	0	0	512	535	
11	0	0	0	0	505	534	
12	0	0	0	0	500	535	
13	0	0	0	0	498	536	
14	0	0	0	0	500	536	
15	0	0	0	0	504	533	
0	0	0	0	0	505	530	
1	0	0	0	0	503	531	
2	0	0	0	0	502	533	
3	0	0	0	0	501	536	
4	0	0	0	0	502	543	
5	0	0	0	0	502	548	
6	0	0	0	0	504	551	
7	0	0	0	0	506	554	
8	0	0	0	0	508	553	
9	0	0	0	0	509	551	
10	0	0	0	0	512	550	
11	0	0	0	0	518	548	
12	0	0	0	0	523	545	
13	0	0	0	0	529	536	
14	0	0	0	0	536	526	
15	0	0	0	0	539	518	
0	0	0	0	0	537	511	
1	0	0	0	0	533	510	
2	0	0	0	0	529	513	
3	0	0	0	0	526	517	
4	0	0	0	0	524	515	
5	0	0	0	0	519	512	
6	0	0	0	0	512	508	
7	0	0	0	0	508	508	
8	0	0	0	0	502	505	
9	0	0	0	0	495	501	
10	0	0	0	0	492	499	
11	0	0	0	0	496	493	
12	0	0	0	0	507	491	
13	0	0	0	0	521	489	
14	0	0	0	0	532	487	
15	0	0	0	0	540	492	
0	0	0	0	0	542	499	
1	0	0	0	0	540	508	
2	0	0	0	0	540	523	
3	0	0	0	0	542	535	
4	0	0	0	0	546	551	
5	0	0	0	0	546	566	
6	0	0	0	0	543	575	
7	0	0	0	0	539	579	
8	0	0	0	0	537	579	
9	0	0	0	0	533	572	
10	0	0	0	0	530	558	
11	0	0	0	0	527	540	
12	0	0	0	0	524	519	
13	0	0	0	0	522	498	
14	0	0	0	0	518	481	
15	0	0	0	0	513	467	
0	0	0	0	0	510	461	
1	0	0	0	0	509	460	
2	0	0	0	0	507	461	
3	0	0	0	0	508	459	
4	0	0	0	0	510	457	
5	0	0	0	0	512	455	
6	0	0	0	0	516	456	
7	0	0	0	0	519	460	
8	0	0	0	0	522	463	
9	0	0	0	0	527	467	
10	0	0	0	0	528	470	
11	0	0	0	0	528	472	
12	0	0	0	0	528	482	
13	0	0	0	0	535	496	
14	0	0	0	0	544	508	
15	0	0	0	0	548	514	
0	0	0	0	0	553	517	
1	0	0	0	0	551	515	
2	0	0	0	0	548	511	
3	0	0	0	0	545	505	
4	0	0	0	0	538	499	
5	0	0	0	0	527	492	
6	0	0	0	0	516	488	
7	0	0	0	0	507	490	
8	0	0	0	0	499	494	
9	0	0	0	0	494	497	
10	0	0	0	0	491	501	
11	0	0	0	0	491	506	
12	0	0	0	0	497	515	
13	0	0	0	0	502	521	
14	0	0	0	0	505	527	
15	0	0	0	0	510	529	
0	0	0	0	0	513	526	
1	0	0	0	0	518	521	
2	0	0	0	0	521	520	
3	0	0	0	0	520	521	
4	0	0	0	0	517	516	
5	0	0	0	0	513	510	
6	0	0	0	0	509	501	
7	0	0	0	0	510	496	
8	0	0	0	0	511	495	
9	0	0	0	0	514	497	
10	0	0	0	0	516	497	
11	0	0	0	0	520	498	
12	0	0	0	0	525	502	
13	0	0	0	0	530	511	
14	0	0	0	0	540	522	
15	0	0	0	0	550	536	
0	0	0	0	0	557	547	
1	0	0	0	0	562	556	
2	0	0	0	0	564	558	
3	0	0	0	0	566	557	
4	0	0	0	0	560	551	
5	0	0	0	0	553	545	
6	0	0	0	0	547	540	
7	0	0	0	0	545	535	
8	0	0	0	0	543	525	
9	0	0	0	0	540	519	
10	0	0	0	0	537	516	
11	0	0	0	0	537	510	
12	0	0	0	0	539	502	
13	0	0	0	0	540	499	
14	0	0	0	0	543	500	
15	0	0	0	0	548	505	
0	0	0	0	0	553	509	
1	0	0	0	0	554	512	
2	0	0	0	0	549	513	
3	0	0	0	0	543	510	
4	0	0	0	0	533	506	
5	0	0	0	0	527	503	
6	0	0	0	0	520	502	
7	0	0	0	0	512	502	
8	0	0	0	0	504	496	
9	0	0	0	0	500	487	
10	0	0	0	0	499	482	
11	0	0	0	0	504	483	
12	0	0	0	0	509	484	
13	0	0	0	0	511	490	
14	0	0	0	0	515	496	
15	0	0	0	0	516	494	
0	0	0	0	0	516	487	
1	0	0	0	0	516	482	
2	0	0	0	0	516	475	
3	0	0	0	0	519	472	
4	0	0	0	0	521	469	
5	0	0	0	0	521	473	
6	0	0	0	0	525	480	
7	0	0	0	0	525	493	
8	0	0	0	0	523	507	
9	0	0	0	0	518	520	
10	0	0	0	0	508	531	
11	0	0	0	0	496	541	
12	0	0	0	0	489	547	
13	0	0	0	0	486	547	
14	0	0	0	0	487	547	
15	0	0	0	0	489	545	
0	0	0	0	0	495	539	
1	0	0	0	0	497	532	
2	0	0	0	0	500	529	
3	0	0	0	0	503	531	
4	0	0	0	0	505	534	
5	0	0	0	0	510	533	
6	0	0	0	0	513	530	
7	0	0	0	0	512	526	
8	0	0	0	0	511	525	
9	0	0	0	0	509	523	
10	0	0	0	0	508	519	
11	0	0	0	0	504	511	
12	0	0	0	0	504	500	
13	0	0	0	0	508	491	
14	0	0	0	0	510	487	
15	0	0	0	0	513	487	
0	0	0	0	0	515	492	
1	0	0	0	0	518	506	
2	0	0	0	0	520	524	
3	0	0	0	0	524	544	
4	0	0	0	0	527	564	
5	0	0	0	0	529	582	
6	0	0	0	0	532	593	
7	0	0	0	0	531	596	
8	0	0	0	0	527	589	
9	0	0	0	0	524	578	
10	0	0	0	0	523	563	
11	0	0	0	0	523	548	
12	0	0	0	0	524	537	
13	0	0	0	0	524	524	
14	0	0	0	0	523	512	
15	0	0	0	0	523	504	
0	0	0	0	0	519	502	
1	0	0	0	0	513	505	
2	0	0	0	0	509	509	
3	0	0	0	0	502	517	
4	0	0	0	0	496	523	
5	0	0	0	0	492	531	
6	0	0	0	0	490	535	
7	0	0	0	0	487	530	
8	0	0	0	0	487	522	
9	0	0	0	0	480	513	
10	0	0	0	0	469	503	
11	0	0	0	0	461	495	
12	0	0	0	0	456	486	
13	0	0	0	0	453	481	
14	0	0	0	0	451	475	
15	0	0	0	0	448	475	
0	0	0	0	0	445	477	
1	0	0	0	0	444	485	
2	0	0	0	0	442	497	
3	0	0	0	0	443	510	
4	0	0	0	0	444	526	
5	0	0	0	0	444	540	
6	0	0	0	0	443	551	
7	0	0	0	0	440	561	
8	0	0	0	0	439	565	
9	0	0	0	0	437	567	
10	0	0	0	0	435	569	
11	0	0	0	0	432	572	
12	0	0	0	0	432	578	
13	0	0	0	0	433	578	
14	0	0	0	0	435	578	
15	0	0	0	0	434	572	
0	0	0	0	0	435	568	
1	0	0	0	0	438	563	
2	0	0	0	0	442	561	
3	0	0	0	0	449	563	
4	0	0	0	0	456	566	
5	0	0	0	0	465	568	
6	0	0	0	0	473	569	
7	0	0	0	0	480	568	
8	0	0	0	0	488	565	
9	0	0	0	0	497	561	
10	0	0	0	0	500	552	
11	0	0	0	0	502	534	
12	0	0	0	0	501	516	
13	0	0	0	0	502	500	
14	0	0	0	0	505	488	
15	0	0	0	0	508	480	
0	0	0	0	0	510	472	
1	0	0	0	0	516	466	
2	0	0	0	0	524	460	
3	0	0	0	0	532	458	
4	0	0	0	0	540	461	
5	0	0	0	0	545	460	
6	0	0	0	0	548	463	
7	0	0	0	0	551	465	
8	0	0	0	0	554	475	
9	0	0	0	0	552	485	
10	0	0	0	0	545	499	
11	0	0	0	0	541	515	
12	0	0	0	0	536	525	
13	0	0	0	0	530	530	
14	0	0	0	0	527	534	
15	0	0	0	0	526	539	
0	0	0	0	0	527	540	
1	0	0	0	0	527	535	
2	0	0	0	0	527	528	
3	0	0	0	0	527	515	
4	0	0	0	0	523	506	
5	0	0	0	0	521	499	
6	0	0	0	0	521	491	
7	0	0	0	0	526	485	
8	0	0	0	0	530	482	
9	0	0	0	0	535	479	
10	0	0	0	0	538	477	
11	0	0	0	0	537	479	
12	0	0	0	0	534	482	
13	0	0	0	0	533	491	
14	0	0	0	0	532	500	
15	0	0	0	0	531	512	
0	0	0	0	0	529	521	
1	0	0	0	0	529	529	
2	0	0	0	0	527	541	
3	0	0	0	0	529	551	
4	0	0	0	0	532	564	
5	0	0	0	0	535	577	
6	0	0	0	0	536	584	
7	0	0	0	0	536	589	
8	0	0	0	0	535	592	
9	0	0	0	0	536	595	
10	0	0	0	0	537	592	
11	0	0	0	0	536	583	
12	0	0	0	0	535	565	
13	0	0	0	0	532	545	
14	0	0	0	0	529	520	
15	0	0	0	0	521	497	
0	0	0	0	0	517	481	
1	0	0	0	0	516	469	
2	0	0	0	0	521	459	
3	0	0	0	0	529	455	
4	0	0	0	0	537	457	
5	0	0	0	0	549	462	
6	0	0	0	0	561	471	
7	0	0	0	0	573	480	
8	0	0	0	0	582	496	
9	0	0	0	0	586	507	
10	0	0	0	0	590	513	
11	0	0	0	0	595	516	
12	0	0	0	0	604	523	
13	0	0	0	0	610	526	
14	0	0	0	0	611	526	
15	0	0	0	0	613	527	
0	0	0	0	0	613	527	
1	0	0	0	0	608	525	
2	0	0	0	0	601	525	
3	0	0	0	0	592	526	
4	0	0	0	0	584	529	
5	0	0	0	0	580	535	
6	0	0	0	0	581	539	
7	0	0	0	0	580	537	
8	0	0	0	0	580	533	
9	0	0	0	0	577	527	
10	0	0	0	0	573	520	
11	0	0	0	0	572	515	
12	0	0	0	0	568	509	
13	0	0	0	0	565	507	
14	0	0	0	0	560	508	
15	0	0	0	0	553	511	
0	0	0	0	0	545	514	
1	0	0	0	0	537	514	
2	0	0	0	0	533	512	
3	0	0	0	0	531	504	
4	0	0	0	0	529	494	
5	0	0	0	0	531	483	
6	0	0	0	0	534	470	
7	0	0	0	0	537	458	
8	0	0	0	0	541	448	
9	0	0	0	0	551	440	
10	0	0	0	0	558	432	
11	0	0	0	0	565	424	
12	0	0	0	0	569	421	
13	0	0	0	0	569	426	
14	0	0	0	0	566	431	
15	0	0	0	0	563	433	
0	0	0	0	0	557	435	
1	0	0	0	0	553	438	
2	0	0	0	0	552	438	
3	0	0	0	0	548	439	
4	0	0	0	0	548	439	
5	0	0	0	0	553	445	
6	0	0	0	0	556	451	
7	0	0	0	0	560	459	
8	0	0	0	0	569	475	
9	0	0	0	0	583	491	
10	0	0	0	0	593	505	
11	0	0	0	0	600	517	
12	0	0	0	0	603	521	
13	0	0	0	0	603	527	
14	0	0	0	0	600	528	
15	0	0	0	0	596	526	
0	0	0	0	0	596	522	
1	0	0	0	0	599	519	
2	0	0	0	0	601	512	
3	0	0	0	0	600	508	
4	0	0	0	0	598	502	
5	0	0	0	0	592	494	
6	0	0	0	0	583	489	
7	0	0	0	0	577	486	
8	0	0	0	0	572	486	
9	0	0	0	0	568	486	
10	0	0	0	0	567	491	
11	0	0	0	0	570	501	
12	0	0	0	0	571	512	
13	0	0	0	0	573	526	
14	0	0	0	0	574	537	
15	0	0	0	0	575	547	
0	0	0	0	0	574	550	
1	0	0	0	0	567	547	
2	0	0	0	0	556	538	
3	0	0	0	0	546	525	
4	0	0	0	0	542	508	
5	0	0	0	0	536	491	
6	0	0	0	0	532	478	
7	0	0	0	0	527	468	
8	0	0	0	0	525	470	
9	0	0	0	0	520	476	
10	0	0	0	0	517	494	
11	0	0	0	0	513	505	
12	0	0	0	0	509	515	
13	0	0	0	0	507	523	
14	0	0	0	0	508	526	
15	0	0	0	0	507	527	
0	0	0	0	0	505	524	
1	0	0	0	0	504	518	
2	0	0	0	0	498	514	
3	0	0	0	0	497	513	
4	0	0	0	0	500	510	
5	0	0	0	0	502	507	
6	0	0	0	0	503	503	
7	0	0	0	0	505	496	
8	0	0	0	0	506	491	
9	0	0	0	0	505	487	
10	0	0	0	0	502	485	
11	0	0	0	0	503	484	
12	0	0	0	0	504	484	
13	0	0	0	0	505	484	
14	0	0	0	0	505	484	
15	0	0	0	0	505	479	
0	0	0	0	0	508	473	
1	0	0	0	0	512	472	
2	0	0	0	0	519	472	
3	0	0	0	0	521	471	
4	0	0	0	0	517	470	
5	0	0	0	0	508	471	
6	0	0	0	0	497	476	
7	0	0	0	0	485	482	
8	0	0	0	0	481	486	
9	0	0	0	0	474	493	
10	0	0	0	0	473	504	
11	0	0	0	0	471	516	
12	0	0	0	0	473	526	
13	0	0	0	0	477	533	
14	0	0	0	0	481	531	
15	0	0	0	0	486	525	
0	0	0	0	0	492	514	
1	0	0	0	0	495	504	
2	0	0	0	0	498	492	
3	0	0	0	0	499	486	
4	0	0	0	0	498	483	
5	0	0	0	0	498	481	
6	0	0	0	0	499	480	
7	0	0	0	0	502	480	
8	0	0	0	0	502	480	
9	0	0	0	0	503	478	
10	0	0	0	0	503	473	
11	0	0	0	0	499	465	
12	0	0	0	0	498	458	
13	0	0	0	0	496	448	
14	0	0	0	0	495	443	
15	0	0	0	0	491	438	
0	0	0	0	0	487	433	
1	0	0	0	0	485	430	
2	0	0	0	0	483	425	
3	0	0	0	0	479	426	
4	0	0	0	0	477	434	
5	0	0	0	0	474	446	
6	0	0	0	0	473	461	
7	0	0	0	0	472	471	
8	0	0	0	0	471	476	
9	0	0	0	0	471	475	
10	0	0	0	0	473	470	
11	0	0	0	0	478	463	
12	0	0	0	0	485	456	
13	0	0	0	0	494	453	
14	0	0	0	0	499	455	
15	0	0	0	0	506	463	
0	0	0	0	0	512	474	
1	0	0	0	0	519	484	
2	0	0	0	0	526	492	
3	0	0	0	0	527	495	
4	0	0	0	0	524	492	
5	0	0	0	0	520	485	
6	0	0	0	0	511	477	
7	0	0	0	0	505	472	
8	0	0	0	0	500	471	
9	0	0	0	0	495	473	
10	0	0	0	0	491	477	
11	0	0	0	0	486	477	
12	0	0	0	0	482	476	
13	0	0	0	0	480	470	
14	0	0	0	0	475	463	
15	0	0	0	0	469	459	
0	0	0	0	0	465	460	
1	0	0	0	0	462	465	
2	0	0	0	0	457	472	
3	0	0	0	0	455	474	
4	0	0	0	0	455	480	
5	0	0	0	0	452	484	
6	0	0	0	0	448	490	
7	0	0	0	0	443	494	
8	0	0	0	0	445	496	
9	0	0	0	0	446	494	
10	0	0	0	0	449	498	
11	0	0	0	0	455	508	
12	0	0	0	0	464	517	
13	0	0	0	0	472	525	
14	0	0	0	0	480	527	
15	0	0	0	0	487	534	
0	0	0	0	0	496	539	
1	0	0	0	0	505	544	
2	0	0	0	0	513	545	
3	0	0	0	0	517	545	
4	0	0	0	0	518	542	
5	0	0	0	0	516	535	
6	0	0	0	0	514	521	
7	0	0	0	0	512	504	
8	0	0	0	0	512	489	
9	0	0	0	0	513	472	
10	0	0	0	0	517	459	
11	0	0	0	0	521	445	
12	0	0	0	0	524	439	
13	0	0	0	0	525	435	
14	0	0	0	0	527	433	
15	0	0	0	0	529	435	
0	0	0	0	0	532	442	
1	0	0	0	0	534	451	
2	0	0	0	0	538	459	
3	0	0	0	0	542	462	
4	0	0	0	0	547	464	
5	0	0	0	0	550	463	
6	0	0	0	0	550	459	
7	0	0	0	0	552	458	
8	0	0	0	0	552	457	
9	0	0	0	0	551	459	
10	0	0	0	0	552	464	
11	0	0	0	0	552	468	
12	0	0	0	0	557	480	
13	0	0	0	0	561	492	
14	0	0	0	0	567	503	
15	0	0	0	0	574	507	
0	0	0	0	0	582	507	
1	0	0	0	0	592	503	
2	0	0	0	0	600	494	
3	0	0	0	0	604	482	
4	0	0	0	0	608	470	
5	0	0	0	0	610	459	
6	0	0	0	0	612	453	
7	0	0	0	0	613	452	
8	0	0	0	0	609	454	
9	0	0	0	0	606	461	
10	0	0	0	0	600	463	
11	0	0	0	0	588	468	
12	0	0	0	0	574	470	
13	0	0	0	0	558	472	
14	0	0	0	0	547	477	
15	0	0	0	0	542	483	
0	0	0	0	0	540	493	
1	0	0	0	0	539	507	
2	0	0	0	0	541	524	
3	0	0	0	0	543	539	
4	0	0	0	0	544	550	
5	0	0	0	0	546	556	
6	0	0	0	0	544	555	
7	0	0	0	0	540	549	
8	0	0	0	0	539	545	
9	0	0	0	0	532	540	
10	0	0	0	0	524	531	
11	0	0	0	0	516	517	
12	0	0	0	0	508	501	
13	0	0	0	0	500	487	
14	0	0	0	0	491	480	
15	0	0	0	0	484	477	
0	0	0	0	0	486	484	
1	0	0	0	0	492	495	
2	0	0	0	0	496	508	
3	0	0	0	0	504	518	
4	0	0	0	0	508	524	
5	0	0	0	0	516	526	
6	0	0	0	0	522	531	
7	0	0	0	0	528	530	
8	0	0	0	0	535	525	
9	0	0	0	0	540	519	
10	0	0	0	0	543	507	
11	0	0	0	0	543	494	
12	0	0	0	0	540	482	
13	0	0	0	0	534	468	
14	0	0	0	0	524	463	
15	0	0	0	0	511	458	
0	0	0	0	0	501	458	
1	0	0	0	0	491	463	
2	0	0	0	0	483	470	
3	0	0	0	0	478	482	
4	0	0	0	0	470	496	
5	0	0	0	0	462	510	
6	0	0	0	0	450	516	
7	0	0	0	0	436	513	
8	0	0	0	0	422	505	
9	0	0	0	0	408	492	
10	0	0	0	0	396	485	
11	0	0	0	0	388	487	
12	0	0	0	0	385	495	
13	0	0	0	0	390	508	
14	0	0	0	0	398	520	
15	0	0	0	0	403	520	
0	0	0	0	0	412	518	
1	0	0	0	0	423	509	
2	0	0	0	0	432	499	
3	0	0	0	0	440	491	
4	0	0	0	0	447	480	
5	0	0	0	0	456	474	
6	0	0	0	0	469	471	
7	0	0	0	0	476	470	
8	0	0	0	0	479	470	
9	0	0	0	0	480	469	
10	0	0	0	0	483	469	
11	0	0	0	0	482	472	
12	0	0	0	0	482	476	
13	0	0	0	0	482	476	
14	0	0	0	0	481	475	
15	0	0	0	0	480	468	
0	0	0	0	0	479	462	
1	0	0	0	0	479	455	
2	0	0	0	0	482	449	
3	0	0	0	0	485	448	
4	0	0	0	0	487	452	
5	0	0	0	0	487	463	
6	0	0	0	0	487	473	
7	0	0	0	0	486	481	
8	0	0	0	0	486	490	
9	0	0	0	0	487	499	
10	0	0	0	0	489	507	
11	0	0	0	0	495	513	
12	0	0	0	0	502	515	
13	0	0	0	0	511	518	
14	0	0	0	0	516	519	
15	0	0	0	0	521	514	
0	0	0	0	0	532	507	
1	0	0	0	0	540	500	
2	0	0	0	0	542	495	
3	0	0	0	0	544	491	
4	0	0	0	0	547	487	
5	0	0	0	0	546	486	
6	0	0	0	0	544	484	
7	0	0	0	0	540	486	
8	0	0	0	0	536	492	
9	0	0	0	0	531	495	
10	0	0	0	0	523	496	
11	0	0	0	0	512	495	
12	0	0	0	0	504	492	
13	0	0	0	0	497	482	
14	0	0	0	0	490	468	
15	0	0	0	0	483	456	
0	0	0	0	0	477	448	
1	0	0	0	0	475	450	
2	0	0	0	0	478	457	
3	0	0	0	0	487	467	
4	0	0	0	0	501	473	
5	0	0	0	0	511	476	
6	0	0	0	0	520	478	
7	0	0	0	0	525	476	
8	0	0	0	0	530	473	
9	0	0	0	0	532	467	
10	0	0	0	0	531	460	
11	0	0	0	0	528	454	
12	0	0	0	0	526	455	
13	0	0	0	0	521	458	
14	0	0	0	0	515	463	
15	0	0	0	0	515	468	
0	0	0	0	0	514	477	
1	0	0	0	0	515	489	
2	0	0	0	0	513	498	
3	0	0	0	0	512	506	
4	0	0	0	0	510	510	
5	0	0	0	0	508	515	
6	0	0	0	0	508	518	
7	0	0	0	0	510	524	
8	0	0	0	0	511	527	
9	0	0	0	0	511	528	
10	0	0	0	0	511	529	
11	0	0	0	0	508	527	
12	0	0	0	0	504	521	
13	0	0	0	0	502	514	
14	0	0	0	0	497	504	
15	0	0	0	0	493	494	
0	0	0	0	0	489	488	
1	0	0	0	0	489	484	
2	0	0	0	0	491	485	
3	0	0	0	0	491	492	
4	0	0	0	0	494	504	
5	0	0	0	0	499	519	
6	0	0	0	0	509	531	
7	0	0	0	0	518	543	
8	0	0	0	0	523	555	
9	0	0	0	0	526	565	
10	0	0	0	0	530	576	
11	0	0	0	0	529	587	
12	0	0	0	0	528	596	
13	0	0	0	0	524	605	
14	0	0	0	0	520	611	
15	0	0	0	0	517	614	
0	0	0	0	0	516	617	
1	0	0	0	0	515	621	
2	0	0	0	0	513	623	
3	0	0	0	0	510	626	
4	0	0	0	0	510	631	
5	0	0	0	0	512	633	
6	0	0	0	0	511	631	
7	0	0	0	0	506	628	
8	0	0	0	0	504	622	
9	0	0	0	0	501	608	
10	0	0	0	0	496	590	
11	0	0	0	0	492	570	
12	0	0	0	0	485	545	
13	0	0	0	0	481	521	
14	0	0	0	0	478	507	
15	0	0	0	0	477	501	
0	0	0	0	0	478	500	
1	0	0	0	0	481	499	
2	0	0	0	0	487	503	
3	0	0	0	0	494	510	
4	0	0	0	0	499	521	
5	0	0	0	0	505	535	
6	0	0	0	0	513	549	
7	0	0	0	0	521	563	
8	0	0	0	0	528	576	
9	0	0	0	0	531	584	
10	0	0	0	0	530	590	
11	0	0	0	0	526	588	
12	0	0	0	0	521	587	
13	0	0	0	0	519	580	
14	0	0	0	0	519	574	
15	0	0	0	0	521	572	
0	0	0	0	0	523	567	
1	0	0	0	0	526	563	
2	0	0	0	0	526	560	
3	0	0	0	0	528	557	
4	0	0	0	0	528	552	
5	0	0	0	0	528	548	
6	0	0	0	0	526	542	
7	0	0	0	0	518	539	
8	0	0	0	0	514	543	
9	0	0	0	0	510	553	
10	0	0	0	0	505	560	
11	0	0	0	0	501	568	
12	0	0	0	0	497	571	
13	0	0	0	0	493	572	
14	0	0	0	0	487	567	
15	0	0	0	0	481	562	
0	0	0	0	0	477	557	
1	0	0	0	0	473	554	
2	0	0	0	0	467	553	
3	0	0	0	0	460	547	
4	0	0	0	0	457	539	
5	0	0	0	0	459	531	
6	0	0	0	0	461	528	
7	0	0	0	0	467	529	
8	0	0	0	0	475	532	
9	0	0	0	0	485	542	
10	0	0	0	0	493	554	
11	0	0	0	0	499	562	
12	0	0	0	0	505	571	
13	0	0	0	0	507	575	
14	0	0	0	0	505	575	
15	0	0	0	0	499	574	
0	0	0	0	0	490	572	
1	0	0	0	0	480	573	
2	0	0	0	0	469	578	
3	0	0	0	0	461	580	
4	0	0	0	0	457	581	
5	0	0	0	0	455	584	
6	0	0	0	0	455	591	
7	0	0	0	0	456	600	
8	0	0	0	0	460	612	
9	0	0	0	0	464	622	
10	0	0	0	0	469	632	
11	0	0	0	0	473	637	
12	0	0	0	0	480	633	
13	0	0	0	0	486	623	
14	0	0	0	0	490	604	
15	0	0	0	0	493	583	
0	0	0	0	0	489	559	
1	0	0	0	0	481	537	
2	0	0	0	0	473	519	
3	0	0	0	0	471	513	
4	0	0	0	0	468	514	
5	0	0	0	0	466	519	
6	0	0	0	0	468	523	
7	0	0	0	0	472	532	
8	0	0	0	0	479	542	
9	0	0	0	0	486	553	
10	0	0	0	0	493	568	
11	0	0	0	0	497	583	
12	0	0	0	0	496	592	
13	0	0	0	0	495	601	
14	0	0	0	0	496	604	
15	0	0	0	0	495	603	
0	0	0	0	0	494	594	
1	0	0	0	0	490	581	
2	0	0	0	0	485	568	
3	0	0	0	0	487	559	
4	0	0	0	0	491	553	
5	0	0	0	0	490	552	
6	0	0	0	0	495	552	
7	0	0	0	0	502	551	
8	0	0	0	0	508	551	
9	0	0	0	0	513	552	
10	0	0	0	0	518	553	
11	0	0	0	0	523	551	
12	0	0	0	0	524	553	
13	0	0	0	0	526	558	
14	0	0	0	0	524	563	
15	0	0	0	0	525	566	
0	0	0	0	0	524	568	
1	0	0	0	0	521	568	
2	0	0	0	0	520	568	
3	0	0	0	0	515	566	
4	0	0	0	0	508	563	
5	0	0	0	0	500	561	
6	0	0	0	0	495	563	
7	0	0	0	0	492	564	
8	0	0	0	0	489	562	
9	0	0	0	0	490	563	
10	0	0	0	0	496	568	
11	0	0	0	0	506	579	
12	0	0	0	0	512	588	
13	0	0	0	0	515	597	
14	0	0	0	0	517	604	
15	0	0	0	0	516	603	
0	0	0	0	0	512	596	
1	0	0	0	0	505	580	
2	0	0	0	0	497	561	
3	0	0	0	0	487	540	
4	0	0	0	0	474	520	
5	0	0	0	0	462	506	
6	0	0	0	0	452	497	
7	0	0	0	0	444	494	
8	0	0	0	0	440	491	
9	0	0	0	0	438	487	
10	0	0	0	0	438	483	
11	0	0	0	0	441	481	
12	0	0	0	0	447	480	
13	0	0	0	0	455	484	
14	0	0	0	0	460	491	
15	0	0	0	0	465	500	
0	0	0	0	0	468	510	
1	0	0	0	0	468	521	
2	0	0	0	0	467	530	
3	0	0	0	0	468	539	
4	0	0	0	0	472	545	
5	0	0	0	0	478	553	
6	0	0	0	0	486	559	
7	0	0	0	0	496	564	
8	0	0	0	0	507	572	
9	0	0	0	0	518	579	
10	0	0	0	0	527	585	
11	0	0	0	0	539	587	
12	0	0	0	0	551	588	
13	0	0	0	0	560	590	
14	0	0	0	0	566	595	
15	0	0	0	0	563	599	
0	0	0	0	0	555	601	
1	0	0	0	0	541	603	
2	0	0	0	0	527	600	
3	0	0	0	0	508	596	
4	0	0	0	0	492	599	
5	0	0	0	0	478	603	
6	0	0	0	0	467	601	
7	0	0	0	0	460	592	
8	0	0	0	0	454	579	
9	0	0	0	0	449	564	
10	0	0	0	0	449	548	
11	0	0	0	0	451	535	
12	0	0	0	0	456	519	
13	0	0	0	0	465	500	
14	0	0	0	0	477	484	
15	0	0	0	0	488	472	
0	0	0	0	0	501	472	
1	0	0	0	0	511	476	
2	0	0	0	0	519	481	
3	0	0	0	0	521	481	
4	0	0	0	0	522	479	
5	0	0	0	0	520	479	
6	0	0	0	0	517	480	
7	0	0	0	0	514	479	
8	0	0	0	0	513	477	
9	0	0	0	0	513	477	
10	0	0	0	0	512	482	
11	0	0	0	0	510	492	
12	0	0	0	0	511	505	
13	0	0	0	0	511	517	
14	0	0	0	0	507	526	
15	0	0	0	0	504	533	
0	0	0	0	0	500	536	
1	0	0	0	0	499	535	
2	0	0	0	0	497	526	
3	0	0	0	0	496	519	
4	0	0	0	0	493	509	
5	0	0	0	0	492	502	
6	0	0	0	0	492	497	
7	0	0	0	0	491	495	
8	0	0	0	0	489	497	
9	0	0	0	0	485	503	
10	0	0	0	0	482	509	
11	0	0	0	0	477	511	
12	0	0	0	0	473	513	
13	0	0	0	0	467	515	
14	0	0	0	0	463	517	
15	0	0	0	0	455	519	
0	0	0	0	0	448	520	
1	0	0	0	0	443	519	
2	0	0	0	0	440	516	
3	0	0	0	0	440	516	
4	0	0	0	0	443	515	
5	0	0	0	0	444	512	
6	0	0	0	0	449	511	
7	0	0	0	0	451	507	
8	0	0	0	0	451	507	
9	0	0	0	0	452	511	
10	0	0	0	0	455	516	
11	0	0	0	0	455	525	
12	0	0	0	0	460	536	
13	0	0	0	0	466	545	
14	0	0	0	0	476	552	
15	0	0	0	0	485	553	
0	0	0	0	0	493	553	
1	0	0	0	0	494	555	
2	0	0	0	0	494	556	
3	0	0	0	0	496	555	
4	0	0	0	0	496	548	
5	0	0	0	0	496	540	
6	0	0	0	0	493	531	
7	0	0	0	0	488	515	
8	0	0	0	0	484	498	
9	0	0	0	0	480	480	
10	0	0	0	0	476	469	
11	0	0	0	0	473	463	
12	0	0	0	0	472	462	
13	0	0	0	0	472	464	
14	0	0	0	0	474	468	
15	0	0	0	0	475	467	
0	0	0	0	0	475	464	
1	0	0	0	0	474	464	
2	0	0	0	0	476	468	
3	0	0	0	0	480	476	
4	0	0	0	0	481	484	
5	0	0	0	0	479	495	
6	0	0	0	0	480	503	
7	0	0	0	0	484	506	
8	0	0	0	0	487	507	
9	0	0	0	0	488	508	
10	0	0	0	0	487	505	
11	0	0	0	0	486	504	
12	0	0	0	0	488	505	
13	0	0	0	0	493	507	
14	0	0	0	0	501	508	
15	0	0	0	0	508	508	
0	0	0	0	0	513	510	
1	0	0	0	0	519	515	
2	0	0	0	0	524	523	
3	0	0	0	0	526	526	
4	0	0	0	0	525	523	
5	0	0	0	0	520	514	
6	0	0	0	0	514	503	
7	0	0	0	0	508	496	
8	0	0	0	0	500	491	
9	0	0	0	0	494	486	
10	0	0	0	0	489	482	
11	0	0	0	0	479	478	
12	0	0	0	0	472	476	
13	0	0	0	0	465	478	
14	0	0	0	0	460	478	
15	0	0	0	0	457	478	
0	0	0	0	0	458	480	
1	0	0	0	0	459	486	
2	0	0	0	0	461	493	
3	0	0	0	0	463	495	
4	0	0	0	0	462	495	
5	0	0	0	0	462	490	
6	0	0	0	0	457	482	
7	0	0	0	0	452	474	
8	0	0	0	0	446	475	
9	0	0	0	0	441	484	
10	0	0	0	0	436	500	
11	0	0	0	0	432	515	
12	0	0	0	0	429	527	
13	0	0	0	0	429	537	
14	0	0	0	0	432	545	
15	0	0	0	0	440	551	
0	0	0	0	0	448	553	
1	0	0	0	0	454	545	
2	0	0	0	0	459	531	
3	0	0	0	0	467	516	
4	0	0	0	0	475	502	
5	0	0	0	0	479	488	
6	0	0	0	0	481	478	
7	0	0	0	0	482	472	
8	0	0	0	0	485	469	
9	0	0	0	0	486	468	
10	0	0	0	0	486	470	
11	0	0	0	0	483	473	
12	0	0	0	0	479	476	
13	0	0	0	0	473	479	
14	0	0	0	0	469	486	
15	0	0	0	0	465	495	
0	0	0	0	0	465	501	
1	0	0	0	0	466	511	
2	0	0	0	0	463	517	
3	0	0	0	0	458	520	
4	0	0	0	0	452	524	
5	0	0	0	0	450	526	
6	0	0	0	0	451	524	
7	0	0	0	0	453	523	
8	0	0	0	0	453	521	
9	0	0	0	0	450	515	
10	0	0	0	0	446	509	
11	0	0	0	0	443	500	
12	0	0	0	0	440	498	
13	0	0	0	0	438	500	
14	0	0	0	0	439	503	
15	0	0	0	0	444	503	
0	0	0	0	0	446	505	
1	0	0	0	0	447	499	
2	0	0	0	0	445	490	
3	0	0	0	0	440	480	
4	0	0	0	0	440	476	
5	0	0	0	0	441	475	
6	0	0	0	0	444	478	
7	0	0	0	0	448	484	
8	0	0	0	0	449	499	
9	0	0	0	0	445	515	
10	0	0	0	0	442	531	
11	0	0	0	0	442	545	
12	0	0	0	0	443	561	
13	0	0	0	0	441	570	
14	0	0	0	0	438	568	
15	0	0	0	0	436	559	
0	0	0	0	0	436	543	
1	0	0	0	0	438	525	
2	0	0	0	0	441	505	
3	0	0	0	0	443	483	
4	0	0	0	0	447	467	
5	0	0	0	0	452	454	
6	0	0	0	0	456	449	
7	0	0	0	0	459	448	
8	0	0	0	0	464	453	
9	0	0	0	0	470	459	
10	0	0	0	0	476	466	
11	0	0	0	0	478	470	
12	0	0	0	0	477	474	
13	0	0	0	0	473	481	
14	0	0	0	0	468	489	
15	0	0	0	0	460	495	
0	0	0	0	0	445	497	
1	0	0	0	0	430	498	
2	0	0	0	0	416	501	
3	0	0	0	0	407	503	
4	0	0	0	0	399	508	
5	0	0	0	0	393	513	
6	0	0	0	0	390	518	
7	0	0	0	0	387	524	
8	0	0	0	0	386	528	
9	0	0	0	0	382	530	
10	0	0	0	0	379	535	
11	0	0	0	0	379	538	
12	0	0	0	0	380	532	
13	0	0	0	0	381	524	
14	0	0	0	0	383	516	
15	0	0	0	0	387	508	
0	0	0	0	0	394	500	
1	0	0	0	0	400	492	
2	0	0	0	0	405	484	
3	0	0	0	0	409	477	
4	0	0	0	0	413	473	
5	0	0	0	0	415	479	
6	0	0	0	0	416	493	
7	0	0	0	0	418	504	
8	0	0	0	0	417	514	
9	0	0	0	0	418	518	
10	0	0	0	0	420	515	
11	0	0	0	0	424	515	
12	0	0	0	0	427	519	
13	0	0	0	0	428	525	
14	0	0	0	0	423	529	
15	0	0	0	0	423	526	
0	0	0	0	0	422	524	
1	0	0	0	0	423	521	
2	0	0	0	0	427	524	
3	0	0	0	0	431	527	
4	0	0	0	0	435	533	
5	0	0	0	0	439	536	
6	0	0	0	0	446	540	
7	0	0	0	0	452	545	
8	0	0	0	0	456	548	
9	0	0	0	0	461	548	
10	0	0	0	0	464	543	
11	0	0	0	0	467	532	
12	0	0	0	0	465	519	
13	0	0	0	0	463	504	
14	0	0	0	0	462	483	
15	0	0	0	0	457	462	
0	0	0	0	0	454	448	
1	0	0	0	0	452	436	
2	0	0	0	0	449	426	
3	0	0	0	0	450	419	
4	0	0	0	0	452	414	
5	0	0	0	0	459	409	
6	0	0	0	0	466	408	
7	0	0	0	0	474	409	
8	0	0	0	0	477	420	
9	0	0	0	0	478	433	
10	0	0	0	0	475	449	
11	0	0	0	0	475	467	
12	0	0	0	0	471	482	
13	0	0	0	0	465	498	
14	0	0	0	0	465	511	
15	0	0	0	0	467	520	
0	0	0	0	0	469	527	
1	0	0	0	0	470	527	
2	0	0	0	0	475	529	
3	0	0	0	0	479	527	
4	0	0	0	0	485	523	
5	0	0	0	0	489	513	
6	0	0	0	0	492	498	
7	0	0	0	0	491	485	
8	0	0	0	0	487	472	
9	0	0	0	0	487	467	
10	0	0	0	0	485	465	
11	0	0	0	0	482	467	
12	0	0	0	0	480	472	
13	0	0	0	0	477	476	
14	0	0	0	0	472	479	
15	0	0	0	0	471	480	
0	0	0	0	0	467	480	
1	0	0	0	0	466	481	
2	0	0	0	0	465	483	
3	0	0	0	0	463	481	
4	0	0	0	0	461	480	
5	0	0	0	0	461	473	
6	0	0	0	0	466	475	
7	0	0	0	0	475	479	
8	0	0	0	0	483	486	
9	0	0	0	0	488	495	
10	0	0	0	0	492	504	
11	0	0	0	0	493	517	
12	0	0	0	0	493	525	
13	0	0	0	0	492	532	
14	0	0	0	0	492	538	
15	0	0	0	0	491	545	
0	0	0	0	0	489	552	
1	0	0	0	0	492	555	
2	0	0	0	0	495	556	
3	0	0	0	0	497	553	
4	0	0	0	0	500	548	
5	0	0	0	0	504	539	
6	0	0	0	0	509	524	
7	0	0	0	0	511	512	
8	0	0	0	0	513	501	
9	0	0	0	0	514	491	
10	0	0	0	0	519	480	
11	0	0	0	0	521	474	
12	0	0	0	0	523	476	
13	0	0	0	0	519	479	
14	0	0	0	0	517	487	
15	0	0	0	0	519	493	
0	0	0	0	0	524	497	
1	0	0	0	0	523	502	
2	0	0	0	0	523	508	
3	0	0	0	0	524	513	
4	0	0	0	0	526	515	
5	0	0	0	0	522	509	
6	0	0	0	0	516	503	
7	0	0	0	0	513	498	
8	0	0	0	0	510	494	
9	0	0	0	0	504	491	
10	0	0	0	0	498	492	
11	0	0	0	0	492	500	
12	0	0	0	0	485	510	
13	0	0	0	0	483	521	
14	0	0	0	0	480	528	
15	0	0	0	0	478	529	
0	0	0	0	0	476	529	
1	0	0	0	0	476	527	
2	0	0	0	0	476	525	
3	0	0	0	0	475	519	
4	0	0	0	0	477	511	
5	0	0	0	0	480	498	
6	0	0	0	0	484	487	
7	0	0	0	0	487	475	
8	0	0	0	0	495	463	
9	0	0	0	0	505	451	
10	0	0	0	0	515	440	
11	0	0	0	0	524	426	
12	0	0	0	0	529	416	
13	0	0	0	0	536	408	
14	0	0	0	0	538	407	
15	0	0	0	0	541	413	
0	0	0	0	0	543	417	
1	0	0	0	0	545	428	
2	0	0	0	0	550	438	
3	0	0	0	0	555	448	
4	0	0	0	0	559	461	
5	0	0	0	0	559	468	
6	0	0	0	0	558	474	
7	0	0	0	0	558	480	
8	0	0	0	0	555	483	
9	0	0	0	0	552	491	
10	0	0	0	0	551	496	
11	0	0	0	0	550	498	
12	0	0	0	0	550	496	
13	0	0	0	0	547	491	
14	0	0	0	0	546	488	
15	0	0	0	0	547	484	
0	0	0	0	0	551	479	
1	0	0	0	0	555	473	
2	0	0	0	0	558	465	
3	0	0	0	0	567	456	
4	0	0	0	0	573	456	
5	0	0	0	0	582	454	
6	0	0	0	0	591	454	
7	0	0	0	0	598	453	
8	0	0	0	0	604	453	
9	0	0	0	0	605	455	
10	0	0	0	0	599	454	
11	0	0	0	0	593	447	
12	0	0	0	0	588	440	
13	0	0	0	0	581	437	
14	0	0	0	0	573	435	
15	0	0	0	0	568	438	
0	0	0	0	0	562	443	
1	0	0	0	0	555	446	
2	0	0	0	0	547	452	
3	0	0	0	0	540	460	
4	0	0	0	0	532	469	
5	0	0	0	0	527	477	
6	0	0	0	0	526	491	
7	0	0	0	0	531	501	
8	0	0	0	0	536	508	
9	0	0	0	0	541	511	
10	0	0	0	0	548	516	
11	0	0	0	0	554	521	
12	0	0	0	0	555	527	
13	0	0	0	0	557	532	
14	0	0	0	0	558	532	
15	0	0	0	0	558	534	
0	0	0	0	0	561	537	
1	0	0	0	0	562	538	
2	0	0	0	0	562	539	
3	0	0	0	0	563	537	
4	0	0	0	0	563	536	
5	0	0	0	0	560	534	
6	0	0	0	0	551	529	
7	0	0	0	0	539	525	
8	0	0	0	0	526	520	
9	0	0	0	0	515	515	
10	0	0	0	0	509	514	
11	0	0	0	0	505	517	
12	0	0	0	0	504	520	
13	0	0	0	0	505	518	
14	0	0	0	0	508	516	
15	0	0	0	0	509	515	
0	0	0	0	0	508	512	
1	0	0	0	0	507	510	
2	0	0	0	0	509	510	
3	0	0	0	0	511	511	
4	0	0	0	0	509	516	
5	0	0	0	0	508	527	
6	0	0	0	0	511	533	
7	0	0	0	0	520	538	
8	0	0	0	0	531	543	
9	0	0	0	0	540	546	
10	0	0	0	0	546	548	
11	0	0	0	0	547	546	
12	0	0	0	0	542	543	
13	0	0	0	0	538	545	
14	0	0	0	0	536	547	
15	0	0	0	0	533	551	
0	0	0	0	0	532	554	
1	0	0	0	0	531	554	
2	0	0	0	0	528	553	
3	0	0	0	0	522	552	
4	0	0	0	0	516	551	
5	0	0	0	0	511	551	
6	0	0	0	0	507	550	
7	0	0	0	0	503	549	
8	0	0	0	0	501	546	
9	0	0	0	0	504	544	
10	0	0	0	0	508	543	
11	0	0	0	0	510	542	
12	0	0	0	0	509	541	
13	0	0	0	0	510	536	
14	0	0	0	0	512	529	
15	0	0	0	0	514	524	
0	0	0	0	0	512	523	
1	0	0	0	0	517	520	
2	0	0	0	0	521	522	
3	0	0	0	0	529	524	
4	0	0	0	0	534	527	
5	0	0	0	0	536	525	
6	0	0	0	0	537	521	
7	0	0	0	0	536	518	
8	0	0	0	0	535	514	
9	0	0	0	0	531	504	
10	0	0	0	0	525	495	
11	0	0	0	0	523	485	
12	0	0	0	0	522	480	
13	0	0	0	0	524	480	
14	0	0	0	0	526	479	
15	0	0	0	0	527	476	
0	0	0	0	0	522	476	
1	0	0	0	0	521	481	
2	0	0	0	0	521	488	
3	0	0	0	0	518	495	
4	0	0	0	0	512	499	
5	0	0	0	0	509	499	
6	0	0	0	0	503	495	
7	0	0	0	0	497	489	
8	0	0	0	0	494	487	
9	0	0	0	0	491	487	
10	0	0	0	0	493	495	
11	0	0	0	0	501	504	
12	0	0	0	0	508	509	
13	0	0	0	0	514	514	
14	0	0	0	0	519	515	
15	0	0	0	0	526	514	
0	0	0	0	0	533	512	
1	0	0	0	0	541	511	
2	0	0	0	0	547	510	
3	0	0	0	0	550	508	
4	0	0	0	0	551	510	
5	0	0	0	0	551	508	
6	0	0	0	0	550	504	
7	0	0	0	0	545	499	
8	0	0	0	0	540	493	
9	0	0	0	0	533	488	
10	0	0	0	0	531	487	
11	0	0	0	0	530	487	
12	0	0	0	0	531	492	
13	0	0	0	0	528	495	
14	0	0	0	0	523	497	
15	0	0	0	0	515	496	
0	0	0	0	0	512	492	
1	0	0	0	0	511	487	
2	0	0	0	0	512	483	
3	0	0	0	0	511	484	
4	0	0	0	0	511	484	
5	0	0	0	0	509	485	
6	0	0	0	0	505	492	
7	0	0	0	0	506	498	
8	0	0	0	0	508	503	
9	0	0	0	0	508	508	
10	0	0	0	0	503	513	
11	0	0	0	0	496	514	
12	0	0	0	0	491	512	
13	0	0	0	0	490	511	
14	0	0	0	0	491	511	
15	0	0	0	0	498	512	
0	0	0	0	0	507	510	
1	0	0	0	0	512	510	
2	0	0	0	0	514	513	
3	0	0	0	0	516	519	
4	0	0	0	0	516	526	
5	0	0	0	0	512	531	
6	0	0	0	0	508	531	
7	0	0	0	0	501	529	
8	0	0	0	0	492	530	
9	0	0	0	0	484	533	
10	0	0	0	0	478	537	
11	0	0	0	0	476	540	
12	0	0	0	0	474	544	
13	0	0	0	0	470	546	
14	0	0	0	0	472	545	
15	0	0	0	0	472	542	
0	0	0	0	0	475	543	
1	0	0	0	0	478	546	
2	0	0	0	0	482	547	
3	0	0	0	0	484	551	
4	0	0	0	0	481	547	
5	0	0	0	0	476	540	
6	0	0	0	0	473	531	
7	0	0	0	0	469	525	
8	0	0	0	0	469	520	
9	0	0	0	0	466	519	
10	0	0	0	0	464	517	
11	0	0	0	0	463	516	
12	0	0	0	0	462	517	
13	0	0	0	0	463	521	
14	0	0	0	0	467	528	
15	0	0	0	0	472	537	
0	0	0	0	0	479	547	
1	0	0	0	0	486	557	
2	0	0	0	0	489	563	
3	0	0	0	0	490	566	
4	0	0	0	0	491	564	
5	0	0	0	0	492	563	
6	0	0	0	0	489	561	
7	0	0	0	0	483	560	
8	0	0	0	0	478	558	
9	0	0	0	0	474	552	
10	0	0	0	0	470	550	
11	0	0	0	0	465	550	
12	0	0	0	0	464	557	
13	0	0	0	0	465	566	
14	0	0	0	0	465	576	
15	0	0	0	0	465	589	
0	0	0	0	0	469	599	
1	0	0	0	0	475	600	
2	0	0	0	0	481	597	
3	0	0	0	0	486	587	
4	0	0	0	0	488	574	
5	0	0	0	0	492	558	
6	0	0	0	0	491	546	
7	0	0	0	0	491	540	
8	0	0	0	0	494	539	
9	0	0	0	0	496	539	
10	0	0	0	0	494	540	
11	0	0	0	0	492	543	
12	0	0	0	0	492	544	
13	0	0	0	0	492	546	
14	0	0	0	0	491	547	
15	0	0	0	0	487	547	
0	0	0	0	0	484	545	
1	0	0	0	0	482	543	
2	0	0	0	0	481	539	
3	0	0	0	0	483	535	
4	0	0	0	0	489	531	
5	0	0	0	0	494	526	
6	0	0	0	0	499	524	
7	0	0	0	0	501	525	
8	0	0	0	0	502	529	
9	0	0	0	0	501	536	
10	0	0	0	0	496	546	
11	0	0	0	0	496	559	
12	0	0	0	0	499	572	
13	0	0	0	0	500	583	
14	0	0	0	0	500	589	
15	0	0	0	0	500	590	
0	0	0	0	0	503	584	
1	0	0	0	0	503	575	
2	0	0	0	0	502	562	
3	0	0	0	0	500	551	
4	0	0	0	0	495	539	
5	0	0	0	0	495	525	
6	0	0	0	0	494	518	
7	0	0	0	0	494	513	
8	0	0	0	0	493	510	
9	0	0	0	0	493	508	
10	0	0	0	0	491	504	
11	0	0	0	0	486	504	
12	0	0	0	0	481	503	
13	0	0	0	0	477	505	
14	0	0	0	0	470	506	
15	0	0	0	0	466	514	
0	0	0	0	0	463	527	
1	0	0	0	0	460	532	
2	0	0	0	0	455	540	
3	0	0	0	0	451	546	
4	0	0	0	0	451	551	
5	0	0	0	0	452	551	
6	0	0	0	0	455	551	
7	0	0	0	0	458	551	
8	0	0	0	0	461	550	
9	0	0	0	0	463	550	
10	0	0	0	0	464	549	
11	0	0	0	0	463	549	
12	0	0	0	0	463	543	
13	0	0	0	0	462	536	
14	0	0	0	0	460	529	
15	0	0	0	0	459	522	
0	0	0	0	0	461	519	
1	0	0	0	0	462	516	
2	0	0	0	0	467	515	
3	0	0	0	0	473	515	
4	0	0	0	0	478	511	
5	0	0	0	0	485	506	
6	0	0	0	0	492	504	
7	0	0	0	0	497	500	
8	0	0	0	0	503	502	
9	0	0	0	0	511	504	
10	0	0	0	0	518	510	
11	0	0	0	0	523	519	
12	0	0	0	0	530	528	
13	0	0	0	0	536	536	
14	0	0	0	0	539	540	
15	0	0	0	0	539	545	
0	0	0	0	0	539	549	
1	0	0	0	0	534	548	
2	0	0	0	0	529	544	
3	0	0	0	0	526	537	
4	0	0	0	0	522	530	
5	0	0	0	0	519	521	
6	0	0	0	0	517	515	
7	0	0	0	0	513	511	
8	0	0	0	0	508	509	
9	0	0	0	0	510	509	
10	0	0	0	0	511	509	
11	0	0	0	0	510	508	
12	0	0	0	0	507	501	
13	0	0	0	0	503	492	
14	0	0	0	0	500	479	
15	0	0	0	0	496	467	
0	0	0	0	0	494	456	
1	0	0	0	0	495	447	
2	0	0	0	0	497	441	
3	0	0	0	0	504	437	
4	0	0	0	0	510	433	
5	0	0	0	0	516	434	
6	0	0	0	0	524	440	
7	0	0	0	0	527	453	
8	0	0	0	0	532	463	
9	0	0	0	0	534	473	
10	0	0	0	0	534	485	
11	0	0	0	0	532	499	
12	0	0	0	0	526	512	
13	0	0	0	0	517	519	
14	0	0	0	0	507	518	
15	0	0	0	0	502	512	
0	0	0	0	0	496	509	
1	0	0	0	0	491	507	
2	0	0	0	0	483	508	
3	0	0	0	0	482	512	
4	0	0	0	0	481	516	
5	0	0	0	0	483	522	
6	0	0	0	0	484	527	
7	0	0	0	0	484	529	
8	0	0	0	0	481	534	
9	0	0	0	0	478	536	
10	0	0	0	0	477	537	
11	0	0	0	0	475	535	
12	0	0	0	0	472	531	
13	0	0	0	0	467	529	
14	0	0	0	0	460	528	
15	0	0	0	0	452	531	
0	0	0	0	0	448	530	
1	0	0	0	0	447	527	
2	0	0	0	0	446	525	
3	0	0	0	0	445	524	
4	0	0	0	0	445	519	
5	0	0	0	0	447	513	
6	0	0	0	0	450	510	
7	0	0	0	0	459	511	
8	0	0	0	0	468	511	
9	0	0	0	0	477	510	
10	0	0	0	0	484	508	
11	0	0	0	0	491	505	
12	0	0	0	0	494	500	
13	0	0	0	0	494	491	
14	0	0	0	0	489	481	
15	0	0	0	0	480	475	
0	0	0	0	0	470	472	
1	0	0	0	0	466	471	
2	0	0	0	0	464	464	
3	0	0	0	0	464	458	
4	0	0	0	0	462	457	
5	0	0	0	0	464	457	
6	0	0	0	0	469	460	
7	0	0	0	0	476	463	
8	0	0	0	0	488	468	
9	0	0	0	0	504	478	
10	0	0	0	0	521	491	
11	0	0	0	0	536	505	
12	0	0	0	0	544	524	
13	0	0	0	0	545	545	
14	0	0	0	0	546	560	
15	0	0	0	0	543	569	
0	0	0	0	0	539	570	
1	0	0	0	0	533	564	
2	0	0	0	0	524	556	
3	0	0	0	0	517	547	
4	0	0	0	0	512	536	
5	0	0	0	0	510	528	
6	0	0	0	0	506	523	
7	0	0	0	0	508	515	
8	0	0	0	0	515	504	
9	0	0	0	0	521	493	
10	0	0	0	0	531	482	
11	0	0	0	0	540	472	
12	0	0	0	0	546	467	
13	0	0	0	0	553	472	
14	0	0	0	0	564	480	
15	0	0	0	0	574	485	
0	0	0	0	0	580	486	
1	0	0	0	0	583	485	
2	0	0	0	0	585	483	
3	0	0	0	0	579	480	
4	0	0	0	0	572	472	
5	0	0	0	0	559	464	
6	0	0	0	0	545	463	
7	0	0	0	0	535	462	
8	0	0	0	0	528	467	
9	0	0	0	0	524	470	
10	0	0	0	0	526	476	
11	0	0	0	0	527	487	
12	0	0	0	0	532	499	
13	0	0	0	0	536	509	
14	0	0	0	0	539	519	
15	0	0	0	0	540	530	
0	0	0	0	0	539	537	
1	0	0	0	0	537	544	
2	0	0	0	0	535	549	
3	0	0	0	0	537	551	
4	0	0	0	0	536	551	
5	0	0	0	0	531	548	
6	0	0	0	0	527	543	
7	0	0	0	0	525	536	
8	0	0	0	0	524	532	
9	0	0	0	0	524	534	
10	0	0	0	0	524	535	
11	0	0	0	0	523	531	
12	0	0	0	0	521	525	
13	0	0	0	0	521	519	
14	0	0	0	0	521	513	
15	0	0	0	0	521	506	
0	0	0	0	0	522	497	
1	0	0	0	0	526	489	
2	0	0	0	0	528	483	
3	0	0	0	0	527	477	
4	0	0	0	0	524	471	
5	0	0	0	0	519	467	
6	0	0	0	0	515	468	
7	0	0	0	0	512	473	
8	0	0	0	0	511	473	
9	0	0	0	0	512	471	
10	0	0	0	0	516	465	
11	0	0	0	0	521	461	
12	0	0	0	0	525	458	
13	0	0	0	0	527	453	
14	0	0	0	0	531	453	
15	0	0	0	0	535	455	
0	0	0	0	0	537	464	
1	0	0	0	0	541	468	
2	0	0	0	0	547	471	
3	0	0	0	0	553	474	
4	0	0	0	0	556	476	
5	0	0	0	0	556	479	
6	0	0	0	0	560	480	
7	0	0	0	0	563	484	
8	0	0	0	0	561	489	
9	0	0	0	0	557	499	
10	0	0	0	0	555	510	
11	0	0	0	0	554	518	
12	0	0	0	0	553	518	
13	0	0	0	0	556	515	
14	0	0	0	0	559	511	
15	0	0	0	0	562	509	
0	0	0	0	0	565	508	
1	0	0	0	0	566	508	
2	0	0	0	0	567	512	
3	0	0	0	0	568	517	
4	0	0	0	0	571	521	
5	0	0	0	0	570	527	
6	0	0	0	0	569	531	
7	0	0	0	0	566	531	
8	0	0	0	0	561	521	
9	0	0	0	0	555	506	
10	0	0	0	0	547	486	
11	0	0	0	0	546	471	
12	0	0	0	0	548	461	
13	0	0	0	0	550	456	
14	0	0	0	0	559	455	
15	0	0	0	0	566	460	
0	0	0	0	0	571	471	
1	0	0	0	0	574	484	
2	0	0	0	0	578	500	
3	0	0	0	0	579	512	
4	0	0	0	0	575	522	
5	0	0	0	0	567	528	
6	0	0	0	0	558	529	
7	0	0	0	0	550	527	
8	0	0	0	0	541	520	
9	0	0	0	0	536	513	
10	0	0	0	0	536	509	
11	0	0	0	0	537	504	
12	0	0	0	0	543	496	
13	0	0	0	0	547	488	
14	0	0	0	0	550	477	
15	0	0	0	0	550	468	
0	0	0	0	0	547	462	
1	0	0	0	0	543	456	
2	0	0	0	0	542	454	
3	0	0	0	0	543	450	
4	0	0	0	0	545	447	
5	0	0	0	0	549	448	
6	0	0	0	0	554	452	
7	0	0	0	0	558	455	
8	0	0	0	0	560	457	
9	0	0	0	0	559	456	
10	0	0	0	0	556	457	
11	0	0	0	0	550	455	
12	0	0	0	0	542	455	
13	0	0	0	0	532	454	
14	0	0	0	0	526	452	
15	0	0	0	0	520	455	
0	0	0	0	0	517	458	
1	0	0	0	0	517	456	
2	0	0	0	0	512	454	
3	0	0	0	0	508	452	
4	0	0	0	0	508	453	
5	0	0	0	0	508	458	
6	0	0	0	0	512	472	
7	0	0	0	0	518	486	
8	0	0	0	0	526	503	
9	0	0	0	0	534	518	
10	0	0	0	0	537	529	
11	0	0	0	0	542	536	
12	0	0	0	0	547	538	
13	0	0	0	0	553	536	
14	0	0	0	0	561	528	
15	0	0	0	0	571	514	
0	0	0	0	0	580	496	
1	0	0	0	0	586	475	
2	0	0	0	0	589	460	
3	0	0	0	0	590	450	
4	0	0	0	0	591	446	
5	0	0	0	0	591	446	
6	0	0	0	0	592	454	
7	0	0	0	0	588	467	
8	0	0	0	0	580	478	
9	0	0	0	0	577	483	
10	0	0	0	0	574	485	
11	0	0	0	0	570	484	
12	0	0	0	0	569	483	
13	0	0	0	0	570	482	
14	0	0	0	0	569	473	
15	0	0	0	0	568	465	
0	0	0	0	0	568	460	
1	0	0	0	0	571	458	
2	0	0	0	0	573	455	
3	0	0	0	0	575	456	
4	0	0	0	0	575	456	
5	0	0	0	0	574	459	
6	0	0	0	0	572	462	
7	0	0	0	0	566	465	
8	0	0	0	0	559	469	
9	0	0	0	0	553	472	
10	0	0	0	0	550	476	
11	0	0	0	0	552	475	
12	0	0	0	0	556	469	
13	0	0	0	0	560	461	
14	0	0	0	0	564	459	
15	0	0	0	0	568	456	
0	0	0	0	0	574	454	
1	0	0	0	0	579	461	
2	0	0	0	0	587	473	
3	0	0	0	0	594	487	
4	0	0	0	0	603	502	
5	0	0	0	0	605	520	
6	0	0	0	0	606	534	
7	0	0	0	0	604	545	
8	0	0	0	0	600	546	
9	0	0	0	0	595	542	
10	0	0	0	0	591	529	
11	0	0	0	0	586	509	
12	0	0	0	0	582	489	
13	0	0	0	0	578	472	
14	0	0	0	0	577	454	
15	0	0	0	0	576	445	
0	0	0	0	0	574	439	
1	0	0	0	0	571	432	
2	0	0	0	0	568	431	
3	0	0	0	0	564	422	
4	0	0	0	0	558	404	
5	0	0	0	0	548	391	
6	0	0	0	0	540	381	
7	0	0	0	0	539	372	
8	0	0	0	0	540	375	
9	0	0	0	0	539	378	
10	0	0	0	0	536	385	
11	0	0	0	0	534	395	
12	0	0	0	0	537	403	
13	0	0	0	0	543	412	
14	0	0	0	0	550	420	
15	0	0	0	0	556	432	
0	0	0	0	0	561	447	
1	0	0	0	0	567	465	
2	0	0	0	0	572	486	
3	0	0	0	0	575	502	
4	0	0	0	0	574	515	
5	0	0	0	0	571	522	
6	0	0	0	0	563	520	
7	0	0	0	0	553	514	
8	0	0	0	0	544	506	
9	0	0	0	0	537	500	
10	0	0	0	0	530	491	
11	0	0	0	0	523	481	
12	0	0	0	0	515	469	
13	0	0	0	0	505	453	
14	0	0	0	0	498	439	
15	0	0	0	0	492	432	
0	0	0	0	0	489	425	
1	0	0	0	0	493	419	
2	0	0	0	0	500	418	
3	0	0	0	0	505	421	
4	0	0	0	0	507	421	
5	0	0	0	0	510	423	
6	0	0	0	0	508	424	
7	0	0	0	0	507	427	
8	0	0	0	0	507	429	
9	0	0	0	0	504	429	
10	0	0	0	0	503	426	
11	0	0	0	0	505	426	
12	0	0	0	0	507	428	
13	0	0	0	0	509	435	
14	0	0	0	0	513	439	
15	0	0	0	0	516	442	
0	0	0	0	0	524	447	
1	0	0	0	0	532	453	
2	0	0	0	0	540	456	
3	0	0	0	0	548	456	
4	0	0	0	0	552	450	
5	0	0	0	0	556	440	
6	0	0	0	0	556	428	
7	0	0	0	0	555	413	
8	0	0	0	0	552	396	
9	0	0	0	0	551	389	
10	0	0	0	0	550	387	
11	0	0	0	0	550	385	
12	0	0	0	0	551	390	
13	0	0	0	0	553	398	
14	0	0	0	0	557	412	
15	0	0	0	0	562	432	
0	0	0	0	0	568	452	
1	0	0	0	0	575	470	
2	0	0	0	0	580	487	
3	0	0	0	0	586	499	
4	0	0	0	0	591	504	
5	0	0	0	0	595	508	
6	0	0	0	0	596	504	
7	0	0	0	0	592	496	
8	0	0	0	0	584	485	
9	0	0	0	0	574	468	
10	0	0	0	0	566	449	
11	0	0	0	0	558	434	
12	0	0	0	0	547	419	
13	0	0	0	0	540	410	
14	0	0	0	0	533	406	
15	0	0	0	0	524	407	
0	0	0	0	0	517	413	
1	0	0	0	0	510	419	
2	0	0	0	0	503	429	
3	0	0	0	0	498	437	
4	0	0	0	0	491	447	
5	0	0	0	0	484	451	
6	0	0	0	0	482	454	
7	0	0	0	0	483	459	
8	0	0	0	0	484	461	
9	0	0	0	0	483	464	
10	0	0	0	0	479	469	
11	0	0	0	0	476	476	
12	0	0	0	0	475	484	
13	0	0	0	0	472	489	
