# OpenSignals Text File Format. Version 1
# {"98:D3:41:FE:30:BA": {"position": 0, "device": "bitalino_rev", "device name": "98:D3:41:FE:30:BA", "device connection": "BTH98:D3:41:FE:30:BA", "sampling rate": 1000, "resolution": [4, 1, 1, 1, 1, 10, 10], "firmware version": 1282, "comments": "", "keywords": "", "mode": 0, "sync interval": 2, "date": "2026-9-25", "time": "12:14:58.989", "channels": [1, 2], "sensor": ["EEGBITREV", "EEGBITREV"], "label": ["A1", "A2"], "column": ["nSeq", "I1", "I2", "O1", "O2", "A1", "A2"], "special": [{}, {}], "digital IO": [0, 0, 1, 1]}}
# EndOfHeader
0	0	0	0	0	371	749	
1	0	0	0	0	375	748	
2	0	0	0	0	375	748	
3	0	0	0	0	374	747	
4	0	0	0	0	372	744	
5	0	0	0	0	375	743	
6	0	0	0	0	379	732	
7	0	0	0	0	383	728	
8	0	0	0	0	385	729	
9	0	0	0	0	383	727	
10	0	0	0	0	384	727	
11	0	0	0	0	394	729	
12	0	0	0	0	410	732	
13	0	0	0	0	422	734	
14	0	0	0	0	423	734	
15	0	0	0	0	419	732	
0	0	0	0	0	409	734	
1	0	0	0	0	397	729	
2	0	0	0	0	383	727	
3	0	0	0	0	371	724	
4	0	0	0	0	362	726	
5	0	0	0	0	357	728	
6	0	0	0	0	356	734	
7	0	0	0	0	359	739	
8	0	0	0	0	358	743	
9	0	0	0	0	353	744	
10	0	0	0	0	348	743	
11	0	0	0	0	341	743	
12	0	0	0	0	333	741	
13	0	0	0	0	328	739	
14	0	0	0	0	325	742	
15	0	0	0	0	323	737	
0	0	0	0	0	324	738	
1	0	0	0	0	327	737	
2	0	0	0	0	331	737	
3	0	0	0	0	337	737	
4	0	0	0	0	346	738	
5	0	0	0	0	356	737	
6	0	0	0	0	367	733	
7	0	0	0	0	374	734	
8	0	0	0	0	376	728	
9	0	0	0	0	375	728	
10	0	0	0	0	374	729	
11	0	0	0	0	377	730	
12	0	0	0	0	384	731	
13	0	0	0	0	391	734	
14	0	0	0	0	396	736	
15	0	0	0	0	401	735	
0	0	0	0	0	406	728	
1	0	0	0	0	413	715	
2	0	0	0	0	426	705	
3	0	0	0	0	446	692	
4	0	0	0	0	464	684	
5	0	0	0	0	471	676	
6	0	0	0	0	469	670	
7	0	0	0	0	460	668	
8	0	0	0	0	449	669	
9	0	0	0	0	436	672	
10	0	0	0	0	424	676	
11	0	0	0	0	414	679	
12	0	0	0	0	405	688	
13	0	0	0	0	401	698	
14	0	0	0	0	401	704	
15	0	0	0	0	404	708	
0	0	0	0	0	410	711	
1	0	0	0	0	411	709	
2	0	0	0	0	410	708	
3	0	0	0	0	406	712	
4	0	0	0	0	402	707	
5	0	0	0	0	399	701	
6	0	0	0	0	400	694	
7	0	0	0	0	400	685	
8	0	0	0	0	403	678	
9	0	0	0	0	401	672	
10	0	0	0	0	400	666	
11	0	0	0	0	401	662	
12	0	0	0	0	402	661	
13	0	0	0	0	406	660	
14	0	0	0	0	405	661	
15	0	0	0	0	405	654	
0	0	0	0	0	404	645	
1	0	0	0	0	405	638	
2	0	0	0	0	403	625	
3	0	0	0	0	404	617	
4	0	0	0	0	407	611	
5	0	0	0	0	407	608	
6	0	0	0	0	403	607	
7	0	0	0	0	403	607	
8	0	0	0	0	410	605	
9	0	0	0	0	418	607	
10	0	0	0	0	429	617	
11	0	0	0	0	443	628	
12	0	0	0	0	451	636	
13	0	0	0	0	457	635	
14	0	0	0	0	461	626	
15	0	0	0	0	458	612	
0	0	0	0	0	455	595	
1	0	0	0	0	455	580	
2	0	0	0	0	455	570	
3	0	0	0	0	458	563	
4	0	0	0	0	460	558	
5	0	0	0	0	462	556	
6	0	0	0	0	462	551	
7	0	0	0	0	459	548	
8	0	0	0	0	459	550	
9	0	0	0	0	462	551	
10	0	0	0	0	465	559	
11	0	0	0	0	468	568	
12	0	0	0	0	479	572	
13	0	0	0	0	492	578	
14	0	0	0	0	505	579	
15	0	0	0	0	515	578	
0	0	0	0	0	522	577	
1	0	0	0	0	528	577	
2	0	0	0	0	528	574	
3	0	0	0	0	527	569	
4	0	0	0	0	527	566	
5	0	0	0	0	530	561	
6	0	0	0	0	533	559	
7	0	0	0	0	526	556	
8	0	0	0	0	515	556	
9	0	0	0	0	501	559	
10	0	0	0	0	485	560	
11	0	0	0	0	466	560	
12	0	0	0	0	448	560	
13	0	0	0	0	435	558	
14	0	0	0	0	426	555	
15	0	0	0	0	421	551	
0	0	0	0	0	421	547	
1	0	0	0	0	422	542	
2	0	0	0	0	423	535	
3	0	0	0	0	425	529	
4	0	0	0	0	431	527	
5	0	0	0	0	440	527	
6	0	0	0	0	447	523	
7	0	0	0	0	453	522	
8	0	0	0	0	457	521	
9	0	0	0	0	463	520	
10	0	0	0	0	468	520	
11	0	0	0	0	472	523	
12	0	0	0	0	474	526	
13	0	0	0	0	476	531	
14	0	0	0	0	478	540	
15	0	0	0	0	483	545	
0	0	0	0	0	483	547	
1	0	0	0	0	480	549	
2	0	0	0	0	479	550	
3	0	0	0	0	480	550	
4	0	0	0	0	480	550	
5	0	0	0	0	483	543	
6	0	0	0	0	487	533	
7	0	0	0	0	489	523	
8	0	0	0	0	494	513	
9	0	0	0	0	499	505	
10	0	0	0	0	505	498	
11	0	0	0	0	512	492	
12	0	0	0	0	517	488	
13	0	0	0	0	523	487	
14	0	0	0	0	527	484	
15	0	0	0	0	534	485	
0	0	0	0	0	541	485	
1	0	0	0	0	543	487	
2	0	0	0	0	545	489	
3	0	0	0	0	548	494	
4	0	0	0	0	551	496	
5	0	0	0	0	555	497	
6	0	0	0	0	556	497	
7	0	0	0	0	556	496	
8	0	0	0	0	556	499	
9	0	0	0	0	556	500	
10	0	0	0	0	551	501	
11	0	0	0	0	549	501	
12	0	0	0	0	545	506	
13	0	0	0	0	539	509	
14	0	0	0	0	537	511	
15	0	0	0	0	534	510	
0	0	0	0	0	533	507	
1	0	0	0	0	535	502	
2	0	0	0	0	537	497	
3	0	0	0	0	539	493	
4	0	0	0	0	541	491	
5	0	0	0	0	547	487	
6	0	0	0	0	560	487	
7	0	0	0	0	573	486	
8	0	0	0	0	577	485	
9	0	0	0	0	575	484	
10	0	0	0	0	573	483	
11	0	0	0	0	565	486	
12	0	0	0	0	555	483	
13	0	0	0	0	543	476	
14	0	0	0	0	529	469	
15	0	0	0	0	522	464	
0	0	0	0	0	516	459	
1	0	0	0	0	518	457	
2	0	0	0	0	525	452	
3	0	0	0	0	535	452	
4	0	0	0	0	545	449	
5	0	0	0	0	552	445	
6	0	0	0	0	559	448	
7	0	0	0	0	563	449	
8	0	0	0	0	566	449	
9	0	0	0	0	568	443	
10	0	0	0	0	568	434	
11	0	0	0	0	567	423	
12	0	0	0	0	561	415	
13	0	0	0	0	553	408	
14	0	0	0	0	547	403	
15	0	0	0	0	543	398	
0	0	0	0	0	543	395	
1	0	0	0	0	543	400	
2	0	0	0	0	545	406	
3	0	0	0	0	549	407	
4	0	0	0	0	552	412	
5	0	0	0	0	551	416	
6	0	0	0	0	552	422	
7	0	0	0	0	552	428	
8	0	0	0	0	551	431	
9	0	0	0	0	550	433	
10	0	0	0	0	549	435	
11	0	0	0	0	547	436	
12	0	0	0	0	547	435	
13	0	0	0	0	544	432	
14	0	0	0	0	543	428	
15	0	0	0	0	541	423	
0	0	0	0	0	540	419	
1	0	0	0	0	539	417	
2	0	0	0	0	537	416	
3	0	0	0	0	537	417	
4	0	0	0	0	540	424	
5	0	0	0	0	540	436	
6	0	0	0	0	537	450	
7	0	0	0	0	531	462	
8	0	0	0	0	524	474	
9	0	0	0	0	518	486	
10	0	0	0	0	515	496	
11	0	0	0	0	515	507	
12	0	0	0	0	524	519	
13	0	0	0	0	545	532	
14	0	0	0	0	573	544	
15	0	0	0	0	596	547	
0	0	0	0	0	611	535	
1	0	0	0	0	627	514	
2	0	0	0	0	640	490	
3	0	0	0	0	646	462	
4	0	0	0	0	643	435	
5	0	0	0	0	639	413	
6	0	0	0	0	631	386	
7	0	0	0	0	623	367	
8	0	0	0	0	620	347	
9	0	0	0	0	622	332	
10	0	0	0	0	624	319	
11	0	0	0	0	631	312	
12	0	0	0	0	638	308	
13	0	0	0	0	644	306	
14	0	0	0	0	650	304	
15	0	0	0	0	655	308	
0	0	0	0	0	657	306	
1	0	0	0	0	662	298	
2	0	0	0	0	665	299	
3	0	0	0	0	665	290	
4	0	0	0	0	666	276	
5	0	0	0	0	668	274	
6	0	0	0	0	668	264	
7	0	0	0	0	671	251	
8	0	0	0	0	671	252	
9	0	0	0	0	674	243	
10	0	0	0	0	680	233	
11	0	0	0	0	687	239	
12	0	0	0	0	691	238	
13	0	0	0	0	695	237	
14	0	0	0	0	701	242	
15	0	0	0	0	704	235	
0	0	0	0	0	708	227	
1	0	0	0	0	717	225	
2	0	0	0	0	723	217	
3	0	0	0	0	724	214	
4	0	0	0	0	726	211	
5	0	0	0	0	729	206	
6	0	0	0	0	728	208	
7	0	0	0	0	721	213	
8	0	0	0	0	714	217	
9	0	0	0	0	711	227	
10	0	0	0	0	718	235	
11	0	0	0	0	726	243	
12	0	0	0	0	724	257	
13	0	0	0	0	721	263	
14	0	0	0	0	718	262	
15	0	0	0	0	715	279	
0	0	0	0	0	707	290	
1	0	0	0	0	696	295	
2	0	0	0	0	684	311	
3	0	0	0	0	672	315	
4	0	0	0	0	661	315	
5	0	0	0	0	649	318	
6	0	0	0	0	638	319	
7	0	0	0	0	630	313	
8	0	0	0	0	623	311	
9	0	0	0	0	616	306	
10	0	0	0	0	609	300	
11	0	0	0	0	606	303	
12	0	0	0	0	604	304	
13	0	0	0	0	605	303	
14	0	0	0	0	609	305	
15	0	0	0	0	614	305	
0	0	0	0	0	622	302	
1	0	0	0	0	627	304	
2	0	0	0	0	630	304	
3	0	0	0	0	632	302	
4	0	0	0	0	633	306	
5	0	0	0	0	637	307	
6	0	0	0	0	644	308	
7	0	0	0	0	652	324	
8	0	0	0	0	656	331	
9	0	0	0	0	661	332	
10	0	0	0	0	663	343	
11	0	0	0	0	664	351	
12	0	0	0	0	665	353	
13	0	0	0	0	665	358	
14	0	0	0	0	664	355	
15	0	0	0	0	660	350	
0	0	0	0	0	653	355	
1	0	0	0	0	647	350	
2	0	0	0	0	639	343	
3	0	0	0	0	633	344	
4	0	0	0	0	628	340	
5	0	0	0	0	625	336	
6	0	0	0	0	624	334	
7	0	0	0	0	623	332	
8	0	0	0	0	620	337	
9	0	0	0	0	619	343	
10	0	0	0	0	620	347	
11	0	0	0	0	623	359	
12	0	0	0	0	627	364	
13	0	0	0	0	628	367	
14	0	0	0	0	632	376	
15	0	0	0	0	636	382	
0	0	0	0	0	638	381	
1	0	0	0	0	637	386	
2	0	0	0	0	632	391	
3	0	0	0	0	624	395	
4	0	0	0	0	617	402	
5	0	0	0	0	611	411	
6	0	0	0	0	608	415	
7	0	0	0	0	600	416	
8	0	0	0	0	597	415	
9	0	0	0	0	593	417	
10	0	0	0	0	589	422	
11	0	0	0	0	586	429	
12	0	0	0	0	586	434	
13	0	0	0	0	595	435	
14	0	0	0	0	611	423	
15	0	0	0	0	622	403	
0	0	0	0	0	624	387	
1	0	0	0	0	625	365	
2	0	0	0	0	627	344	
3	0	0	0	0	631	340	
4	0	0	0	0	632	332	
5	0	0	0	0	628	325	
6	0	0	0	0	625	316	
7	0	0	0	0	622	301	
8	0	0	0	0	620	294	
9	0	0	0	0	621	280	
10	0	0	0	0	624	263	
11	0	0	0	0	627	261	
12	0	0	0	0	627	250	
13	0	0	0	0	622	235	
14	0	0	0	0	616	231	
15	0	0	0	0	612	223	
0	0	0	0	0	606	214	
1	0	0	0	0	603	214	
2	0	0	0	0	603	212	
3	0	0	0	0	604	216	
4	0	0	0	0	604	218	
5	0	0	0	0	605	216	
6	0	0	0	0	606	221	
7	0	0	0	0	613	227	
8	0	0	0	0	623	228	
9	0	0	0	0	633	245	
10	0	0	0	0	640	254	
11	0	0	0	0	646	253	
12	0	0	0	0	647	265	
13	0	0	0	0	647	269	
14	0	0	0	0	648	269	
15	0	0	0	0	648	281	
0	0	0	0	0	648	288	
1	0	0	0	0	652	301	
2	0	0	0	0	655	308	
3	0	0	0	0	660	307	
4	0	0	0	0	663	312	
5	0	0	0	0	662	311	
6	0	0	0	0	657	306	
7	0	0	0	0	651	316	
8	0	0	0	0	639	319	
9	0	0	0	0	628	316	
10	0	0	0	0	615	321	
11	0	0	0	0	600	316	
12	0	0	0	0	586	311	
13	0	0	0	0	574	307	
14	0	0	0	0	564	301	
15	0	0	0	0	558	300	
0	0	0	0	0	555	297	
1	0	0	0	0	553	294	
2	0	0	0	0	552	298	
3	0	0	0	0	554	302	
4	0	0	0	0	550	305	
5	0	0	0	0	548	316	
6	0	0	0	0	546	324	
7	0	0	0	0	543	331	
8	0	0	0	0	546	345	
9	0	0	0	0	549	353	
10	0	0	0	0	551	358	
11	0	0	0	0	551	359	
12	0	0	0	0	553	357	
13	0	0	0	0	557	358	
14	0	0	0	0	561	361	
15	0	0	0	0	565	366	
0	0	0	0	0	571	374	
1	0	0	0	0	582	379	
2	0	0	0	0	599	382	
3	0	0	0	0	615	387	
4	0	0	0	0	623	388	
5	0	0	0	0	625	380	
6	0	0	0	0	622	380	
7	0	0	0	0	614	375	
8	0	0	0	0	602	369	
9	0	0	0	0	589	366	
10	0	0	0	0	577	364	
11	0	0	0	0	569	368	
12	0	0	0	0	564	374	
13	0	0	0	0	562	380	
14	0	0	0	0	555	391	
15	0	0	0	0	547	399	
0	0	0	0	0	543	406	
1	0	0	0	0	543	411	
2	0	0	0	0	548	413	
3	0	0	0	0	551	415	
4	0	0	0	0	554	418	
5	0	0	0	0	557	421	
6	0	0	0	0	558	417	
7	0	0	0	0	558	417	
8	0	0	0	0	560	419	
9	0	0	0	0	562	416	
10	0	0	0	0	560	414	
11	0	0	0	0	561	414	
12	0	0	0	0	561	415	
13	0	0	0	0	560	416	
14	0	0	0	0	561	415	
15	0	0	0	0	562	415	
0	0	0	0	0	560	416	
1	0	0	0	0	557	414	
2	0	0	0	0	560	410	
3	0	0	0	0	567	406	
4	0	0	0	0	569	403	
5	0	0	0	0	572	406	
6	0	0	0	0	575	410	
7	0	0	0	0	579	415	
8	0	0	0	0	582	427	
9	0	0	0	0	583	435	
10	0	0	0	0	582	438	
11	0	0	0	0	577	441	
12	0	0	0	0	574	442	
13	0	0	0	0	565	440	
14	0	0	0	0	551	442	
15	0	0	0	0	540	440	
0	0	0	0	0	531	440	
1	0	0	0	0	523	441	
2	0	0	0	0	514	441	
3	0	0	0	0	509	437	
4	0	0	0	0	503	434	
5	0	0	0	0	493	431	
6	0	0	0	0	489	428	
7	0	0	0	0	487	429	
8	0	0	0	0	481	431	
9	0	0	0	0	476	432	
10	0	0	0	0	471	432	
11	0	0	0	0	466	432	
12	0	0	0	0	462	429	
13	0	0	0	0	461	428	
14	0	0	0	0	467	432	
15	0	0	0	0	484	440	
0	0	0	0	0	507	443	
1	0	0	0	0	519	444	
2	0	0	0	0	524	441	
3	0	0	0	0	526	436	
4	0	0	0	0	517	423	
5	0	0	0	0	505	412	
6	0	0	0	0	488	404	
7	0	0	0	0	470	401	
8	0	0	0	0	452	400	
9	0	0	0	0	438	400	
10	0	0	0	0	426	406	
11	0	0	0	0	422	414	
12	0	0	0	0	423	422	
13	0	0	0	0	428	434	
14	0	0	0	0	435	442	
15	0	0	0	0	444	449	
0	0	0	0	0	449	452	
1	0	0	0	0	454	455	
2	0	0	0	0	456	457	
3	0	0	0	0	457	459	
4	0	0	0	0	459	463	
5	0	0	0	0	456	465	
6	0	0	0	0	455	466	
7	0	0	0	0	456	467	
8	0	0	0	0	458	468	
9	0	0	0	0	457	467	
10	0	0	0	0	458	466	
11	0	0	0	0	460	467	
12	0	0	0	0	463	467	
13	0	0	0	0	467	472	
14	0	0	0	0	476	477	
15	0	0	0	0	483	481	
0	0	0	0	0	489	482	
1	0	0	0	0	494	485	
2	0	0	0	0	496	486	
3	0	0	0	0	499	485	
4	0	0	0	0	501	483	
5	0	0	0	0	504	482	
6	0	0	0	0	506	483	
7	0	0	0	0	511	486	
8	0	0	0	0	515	491	
9	0	0	0	0	518	495	
10	0	0	0	0	519	498	
11	0	0	0	0	524	497	
12	0	0	0	0	529	496	
13	0	0	0	0	532	498	
14	0	0	0	0	536	503	
15	0	0	0	0	536	506	
0	0	0	0	0	536	511	
1	0	0	0	0	533	514	
2	0	0	0	0	531	518	
3	0	0	0	0	527	520	
4	0	0	0	0	524	522	
5	0	0	0	0	520	525	
6	0	0	0	0	516	527	
7	0	0	0	0	513	528	
8	0	0	0	0	508	528	
9	0	0	0	0	509	526	
10	0	0	0	0	512	524	
11	0	0	0	0	518	524	
12	0	0	0	0	524	524	
13	0	0	0	0	532	528	
14	0	0	0	0	542	529	
15	0	0	0	0	551	531	
0	0	0	0	0	553	535	
1	0	0	0	0	553	539	
2	0	0	0	0	556	539	
3	0	0	0	0	563	537	
4	0	0	0	0	571	540	
5	0	0	0	0	579	545	
6	0	0	0	0	576	547	
7	0	0	0	0	568	551	
8	0	0	0	0	560	558	
9	0	0	0	0	550	568	
10	0	0	0	0	540	572	
11	0	0	0	0	525	570	
12	0	0	0	0	508	562	
13	0	0	0	0	495	548	
14	0	0	0	0	484	534	
15	0	0	0	0	475	524	
0	0	0	0	0	468	517	
1	0	0	0	0	463	510	
2	0	0	0	0	458	504	
3	0	0	0	0	457	501	
4	0	0	0	0	458	498	
5	0	0	0	0	456	496	
6	0	0	0	0	455	496	
7	0	0	0	0	459	499	
8	0	0	0	0	461	504	
9	0	0	0	0	466	508	
10	0	0	0	0	476	518	
11	0	0	0	0	490	526	
12	0	0	0	0	505	532	
13	0	0	0	0	515	540	
14	0	0	0	0	521	541	
15	0	0	0	0	524	539	
0	0	0	0	0	524	533	
1	0	0	0	0	519	522	
2	0	0	0	0	516	511	
3	0	0	0	0	511	500	
4	0	0	0	0	508	492	
5	0	0	0	0	507	491	
6	0	0	0	0	505	495	
7	0	0	0	0	504	499	
8	0	0	0	0	506	499	
9	0	0	0	0	506	497	
10	0	0	0	0	506	496	
11	0	0	0	0	508	497	
12	0	0	0	0	514	499	
13	0	0	0	0	516	504	
14	0	0	0	0	513	507	
15	0	0	0	0	512	508	
0	0	0	0	0	510	509	
1	0	0	0	0	507	509	
2	0	0	0	0	505	513	
3	0	0	0	0	503	519	
4	0	0	0	0	501	520	
5	0	0	0	0	502	526	
6	0	0	0	0	504	531	
7	0	0	0	0	506	533	
8	0	0	0	0	506	535	
9	0	0	0	0	509	535	
10	0	0	0	0	509	537	
11	0	0	0	0	509	542	
12	0	0	0	0	511	544	
13	0	0	0	0	510	542	
14	0	0	0	0	508	542	
15	0	0	0	0	504	541	
0	0	0	0	0	499	541	
1	0	0	0	0	491	542	
2	0	0	0	0	480	545	
3	0	0	0	0	467	543	
4	0	0	0	0	457	537	
5	0	0	0	0	449	533	
6	0	0	0	0	443	525	
7	0	0	0	0	438	515	
8	0	0	0	0	436	509	
9	0	0	0	0	436	507	
10	0	0	0	0	440	513	
11	0	0	0	0	445	520	
12	0	0	0	0	447	525	
13	0	0	0	0	443	530	
14	0	0	0	0	443	532	
15	0	0	0	0	451	534	
0	0	0	0	0	464	535	
1	0	0	0	0	476	537	
2	0	0	0	0	480	537	
3	0	0	0	0	479	531	
4	0	0	0	0	478	528	
5	0	0	0	0	471	526	
6	0	0	0	0	463	524	
7	0	0	0	0	456	523	
8	0	0	0	0	451	523	
9	0	0	0	0	449	524	
10	0	0	0	0	451	523	
11	0	0	0	0	453	517	
12	0	0	0	0	457	511	
13	0	0	0	0	462	505	
14	0	0	0	0	467	497	
15	0	0	0	0	474	487	
0	0	0	0	0	484	480	
1	0	0	0	0	498	476	
2	0	0	0	0	507	477	
3	0	0	0	0	512	480	
4	0	0	0	0	516	484	
5	0	0	0	0	520	488	
6	0	0	0	0	523	492	
7	0	0	0	0	527	495	
8	0	0	0	0	531	505	
9	0	0	0	0	536	521	
10	0	0	0	0	541	540	
11	0	0	0	0	544	554	
12	0	0	0	0	550	563	
13	0	0	0	0	551	565	
14	0	0	0	0	551	566	
15	0	0	0	0	551	567	
0	0	0	0	0	547	563	
1	0	0	0	0	543	556	
2	0	0	0	0	534	547	
3	0	0	0	0	524	539	
4	0	0	0	0	516	535	
5	0	0	0	0	506	529	
6	0	0	0	0	497	533	
7	0	0	0	0	493	540	
8	0	0	0	0	492	550	
9	0	0	0	0	492	559	
10	0	0	0	0	488	567	
11	0	0	0	0	486	571	
12	0	0	0	0	483	573	
13	0	0	0	0	481	571	
14	0	0	0	0	477	568	
15	0	0	0	0	474	563	
0	0	0	0	0	472	560	
1	0	0	0	0	473	558	
2	0	0	0	0	472	558	
3	0	0	0	0	468	560	
4	0	0	0	0	468	559	
5	0	0	0	0	467	559	
6	0	0	0	0	469	561	
7	0	0	0	0	470	557	
8	0	0	0	0	472	555	
9	0	0	0	0	473	554	
10	0	0	0	0	471	550	
11	0	0	0	0	470	552	
12	0	0	0	0	467	554	
13	0	0	0	0	465	555	
14	0	0	0	0	461	554	
15	0	0	0	0	459	551	
0	0	0	0	0	458	549	
1	0	0	0	0	458	547	
2	0	0	0	0	462	547	
3	0	0	0	0	464	544	
4	0	0	0	0	465	540	
5	0	0	0	0	463	538	
6	0	0	0	0	463	534	
7	0	0	0	0	463	531	
8	0	0	0	0	465	532	
9	0	0	0	0	471	535	
10	0	0	0	0	480	539	
11	0	0	0	0	485	539	
12	0	0	0	0	483	537	
13	0	0	0	0	481	535	
14	0	0	0	0	483	539	
15	0	0	0	0	488	543	
0	0	0	0	0	499	546	
1	0	0	0	0	510	551	
2	0	0	0	0	517	559	
3	0	0	0	0	524	566	
4	0	0	0	0	529	571	
5	0	0	0	0	529	570	
6	0	0	0	0	530	563	
7	0	0	0	0	528	551	
8	0	0	0	0	526	542	
9	0	0	0	0	520	539	
10	0	0	0	0	516	534	
11	0	0	0	0	516	527	
12	0	0	0	0	515	525	
13	0	0	0	0	515	523	
14	0	0	0	0	520	521	
15	0	0	0	0	529	521	
0	0	0	0	0	544	526	
1	0	0	0	0	552	527	
2	0	0	0	0	556	529	
3	0	0	0	0	556	532	
4	0	0	0	0	548	533	
5	0	0	0	0	540	531	
6	0	0	0	0	524	528	
7	0	0	0	0	507	526	
8	0	0	0	0	489	525	
9	0	0	0	0	475	527	
10	0	0	0	0	468	531	
11	0	0	0	0	468	532	
12	0	0	0	0	470	531	
13	0	0	0	0	473	538	
14	0	0	0	0	480	548	
15	0	0	0	0	489	563	
0	0	0	0	0	499	574	
1	0	0	0	0	506	582	
2	0	0	0	0	508	589	
3	0	0	0	0	511	593	
4	0	0	0	0	513	596	
5	0	0	0	0	516	600	
6	0	0	0	0	519	606	
7	0	0	0	0	524	612	
8	0	0	0	0	527	616	
9	0	0	0	0	531	621	
10	0	0	0	0	535	622	
11	0	0	0	0	539	621	
12	0	0	0	0	544	617	
13	0	0	0	0	549	614	
14	0	0	0	0	553	608	
15	0	0	0	0	558	604	
0	0	0	0	0	558	598	
1	0	0	0	0	556	591	
2	0	0	0	0	553	582	
3	0	0	0	0	547	571	
4	0	0	0	0	545	562	
5	0	0	0	0	545	557	
6	0	0	0	0	545	552	
7	0	0	0	0	549	548	
8	0	0	0	0	557	542	
9	0	0	0	0	566	540	
10	0	0	0	0	574	540	
11	0	0	0	0	579	541	
12	0	0	0	0	582	545	
13	0	0	0	0	585	551	
14	0	0	0	0	588	558	
15	0	0	0	0	592	567	
0	0	0	0	0	592	579	
1	0	0	0	0	593	596	
2	0	0	0	0	592	615	
3	0	0	0	0	588	641	
4	0	0	0	0	579	662	
5	0	0	0	0	567	686	
6	0	0	0	0	547	710	
7	0	0	0	0	527	728	
8	0	0	0	0	506	746	
9	0	0	0	0	488	759	
10	0	0	0	0	473	767	
11	0	0	0	0	461	773	
12	0	0	0	0	457	776	
13	0	0	0	0	464	779	
14	0	0	0	0	480	782	
15	0	0	0	0	491	786	
0	0	0	0	0	491	780	
1	0	0	0	0	487	776	
2	0	0	0	0	475	773	
3	0	0	0	0	460	769	
4	0	0	0	0	450	765	
5	0	0	0	0	439	760	
6	0	0	0	0	431	751	
7	0	0	0	0	424	743	
8	0	0	0	0	423	732	
9	0	0	0	0	429	721	
10	0	0	0	0	436	720	
11	0	0	0	0	441	716	
12	0	0	0	0	446	723	
13	0	0	0	0	448	735	
14	0	0	0	0	446	740	
15	0	0	0	0	442	749	
0	0	0	0	0	435	761	
1	0	0	0	0	428	764	
2	0	0	0	0	423	768	
3	0	0	0	0	420	775	
4	0	0	0	0	422	786	
5	0	0	0	0	426	801	
6	0	0	0	0	428	819	
7	0	0	0	0	427	834	
8	0	0	0	0	425	848	
9	0	0	0	0	421	857	
10	0	0	0	0	415	863	
11	0	0	0	0	415	872	
12	0	0	0	0	415	868	
13	0	0	0	0	414	865	
14	0	0	0	0	411	861	
15	0	0	0	0	409	858	
0	0	0	0	0	409	858	
1	0	0	0	0	403	863	
2	0	0	0	0	398	870	
3	0	0	0	0	390	878	
4	0	0	0	0	387	884	
5	0	0	0	0	385	892	
6	0	0	0	0	383	899	
7	0	0	0	0	381	893	
8	0	0	0	0	380	876	
9	0	0	0	0	383	857	
10	0	0	0	0	397	833	
11	0	0	0	0	411	810	
12	0	0	0	0	435	789	
13	0	0	0	0	463	766	
14	0	0	0	0	492	752	
15	0	0	0	0	517	745	
0	0	0	0	0	536	748	
1	0	0	0	0	545	752	
2	0	0	0	0	548	755	
3	0	0	0	0	542	758	
4	0	0	0	0	530	761	
5	0	0	0	0	518	763	
6	0	0	0	0	504	761	
7	0	0	0	0	489	759	
8	0	0	0	0	478	755	
9	0	0	0	0	469	753	
10	0	0	0	0	465	753	
11	0	0	0	0	468	752	
12	0	0	0	0	480	750	
13	0	0	0	0	495	750	
14	0	0	0	0	502	747	
15	0	0	0	0	507	743	
0	0	0	0	0	507	739	
1	0	0	0	0	503	738	
2	0	0	0	0	499	736	
3	0	0	0	0	499	733	
4	0	0	0	0	503	729	
5	0	0	0	0	505	724	
6	0	0	0	0	508	719	
7	0	0	0	0	512	715	
8	0	0	0	0	515	711	
9	0	0	0	0	513	709	
10	0	0	0	0	504	707	
11	0	0	0	0	493	705	
12	0	0	0	0	486	702	
13	0	0	0	0	478	704	
14	0	0	0	0	472	710	
15	0	0	0	0	464	713	
0	0	0	0	0	456	723	
1	0	0	0	0	449	733	
2	0	0	0	0	442	742	
3	0	0	0	0	434	750	
4	0	0	0	0	430	757	
5	0	0	0	0	429	764	
6	0	0	0	0	433	768	
7	0	0	0	0	439	770	
8	0	0	0	0	445	767	
9	0	0	0	0	452	760	
10	0	0	0	0	462	747	
11	0	0	0	0	466	727	
12	0	0	0	0	472	706	
13	0	0	0	0	476	683	
14	0	0	0	0	480	661	
15	0	0	0	0	482	636	
0	0	0	0	0	486	618	
1	0	0	0	0	493	604	
2	0	0	0	0	504	590	
3	0	0	0	0	515	577	
4	0	0	0	0	529	570	
5	0	0	0	0	544	568	
6	0	0	0	0	558	563	
7	0	0	0	0	570	557	
8	0	0	0	0	577	557	
9	0	0	0	0	579	563	
10	0	0	0	0	575	572	
11	0	0	0	0	564	582	
12	0	0	0	0	553	590	
13	0	0	0	0	539	601	
14	0	0	0	0	528	612	
15	0	0	0	0	524	621	
0	0	0	0	0	521	626	
1	0	0	0	0	520	625	
2	0	0	0	0	519	623	
3	0	0	0	0	522	621	
4	0	0	0	0	527	620	
5	0	0	0	0	532	620	
6	0	0	0	0	537	621	
7	0	0	0	0	540	626	
8	0	0	0	0	538	627	
9	0	0	0	0	535	626	
10	0	0	0	0	534	627	
11	0	0	0	0	530	628	
12	0	0	0	0	531	631	
13	0	0	0	0	532	631	
14	0	0	0	0	531	632	
15	0	0	0	0	527	636	
0	0	0	0	0	520	639	
1	0	0	0	0	515	640	
2	0	0	0	0	511	641	
3	0	0	0	0	508	640	
4	0	0	0	0	510	637	
5	0	0	0	0	514	638	
6	0	0	0	0	521	643	
7	0	0	0	0	531	647	
8	0	0	0	0	544	643	
9	0	0	0	0	561	632	
10	0	0	0	0	575	616	
11	0	0	0	0	581	602	
12	0	0	0	0	583	591	
13	0	0	0	0	582	582	
14	0	0	0	0	577	577	
15	0	0	0	0	568	575	
0	0	0	0	0	555	572	
1	0	0	0	0	540	571	
2	0	0	0	0	525	569	
3	0	0	0	0	511	562	
4	0	0	0	0	499	556	
5	0	0	0	0	490	551	
6	0	0	0	0	483	545	
7	0	0	0	0	477	544	
8	0	0	0	0	473	544	
9	0	0	0	0	471	542	
10	0	0	0	0	471	541	
11	0	0	0	0	469	540	
12	0	0	0	0	468	541	
13	0	0	0	0	467	542	
14	0	0	0	0	462	537	
15	0	0	0	0	456	536	
0	0	0	0	0	449	536	
1	0	0	0	0	443	536	
2	0	0	0	0	440	536	
3	0	0	0	0	442	539	
4	0	0	0	0	446	546	
5	0	0	0	0	454	552	
6	0	0	0	0	463	558	
7	0	0	0	0	473	558	
8	0	0	0	0	484	557	
9	0	0	0	0	496	556	
10	0	0	0	0	502	553	
11	0	0	0	0	504	549	
12	0	0	0	0	510	543	
13	0	0	0	0	516	540	
14	0	0	0	0	521	537	
15	0	0	0	0	525	531	
0	0	0	0	0	529	526	
1	0	0	0	0	529	523	
2	0	0	0	0	527	523	
3	0	0	0	0	522	527	
4	0	0	0	0	519	535	
5	0	0	0	0	515	544	
6	0	0	0	0	515	553	
7	0	0	0	0	516	562	
8	0	0	0	0	517	570	
9	0	0	0	0	517	574	
10	0	0	0	0	514	574	
11	0	0	0	0	515	575	
12	0	0	0	0	513	575	
13	0	0	0	0	507	575	
14	0	0	0	0	500	572	
15	0	0	0	0	495	568	
0	0	0	0	0	487	564	
1	0	0	0	0	480	558	
2	0	0	0	0	476	555	
3	0	0	0	0	471	550	
4	0	0	0	0	470	545	
5	0	0	0	0	470	542	
6	0	0	0	0	470	538	
7	0	0	0	0	474	535	
8	0	0	0	0	484	533	
9	0	0	0	0	499	537	
10	0	0	0	0	516	546	
11	0	0	0	0	528	557	
12	0	0	0	0	537	569	
13	0	0	0	0	541	575	
14	0	0	0	0	541	580	
15	0	0	0	0	534	577	
0	0	0	0	0	522	570	
1	0	0	0	0	511	561	
2	0	0	0	0	499	550	
3	0	0	0	0	491	537	
4	0	0	0	0	485	524	
5	0	0	0	0	483	517	
6	0	0	0	0	486	511	
7	0	0	0	0	490	508	
8	0	0	0	0	488	504	
9	0	0	0	0	486	503	
10	0	0	0	0	486	504	
11	0	0	0	0	487	503	
12	0	0	0	0	487	502	
13	0	0	0	0	489	501	
14	0	0	0	0	496	504	
15	0	0	0	0	502	507	
0	0	0	0	0	507	508	
1	0	0	0	0	511	511	
2	0	0	0	0	514	517	
3	0	0	0	0	513	521	
4	0	0	0	0	512	526	
5	0	0	0	0	509	528	
6	0	0	0	0	501	526	
7	0	0	0	0	492	525	
8	0	0	0	0	486	527	
9	0	0	0	0	481	532	
10	0	0	0	0	476	536	
11	0	0	0	0	473	536	
12	0	0	0	0	471	536	
13	0	0	0	0	466	535	
14	0	0	0	0	457	527	
15	0	0	0	0	448	523	
0	0	0	0	0	440	519	
1	0	0	0	0	435	517	
2	0	0	0	0	431	511	
3	0	0	0	0	429	507	
4	0	0	0	0	427	505	
5	0	0	0	0	426	499	
6	0	0	0	0	428	495	
7	0	0	0	0	433	492	
8	0	0	0	0	438	492	
9	0	0	0	0	444	494	
10	0	0	0	0	452	490	
11	0	0	0	0	461	477	
12	0	0	0	0	468	460	
13	0	0	0	0	475	447	
14	0	0	0	0	476	436	
15	0	0	0	0	478	426	
0	0	0	0	0	477	420	
1	0	0	0	0	472	417	
2	0	0	0	0	468	418	
3	0	0	0	0	464	415	
4	0	0	0	0	462	416	
5	0	0	0	0	455	422	
6	0	0	0	0	446	430	
7	0	0	0	0	439	439	
8	0	0	0	0	433	448	
9	0	0	0	0	432	456	
10	0	0	0	0	434	463	
11	0	0	0	0	437	472	
12	0	0	0	0	441	481	
13	0	0	0	0	448	489	
14	0	0	0	0	455	491	
15	0	0	0	0	463	491	
0	0	0	0	0	465	488	
1	0	0	0	0	463	485	
2	0	0	0	0	460	479	
3	0	0	0	0	455	474	
4	0	0	0	0	451	472	
5	0	0	0	0	449	471	
6	0	0	0	0	447	470	
7	0	0	0	0	442	470	
8	0	0	0	0	435	472	
9	0	0	0	0	429	473	
10	0	0	0	0	423	474	
11	0	0	0	0	420	480	
12	0	0	0	0	419	486	
13	0	0	0	0	415	492	
14	0	0	0	0	418	497	
15	0	0	0	0	432	498	
0	0	0	0	0	450	496	
1	0	0	0	0	467	496	
2	0	0	0	0	472	498	
3	0	0	0	0	472	499	
4	0	0	0	0	469	504	
5	0	0	0	0	464	508	
6	0	0	0	0	458	513	
7	0	0	0	0	449	521	
8	0	0	0	0	440	527	
9	0	0	0	0	429	526	
10	0	0	0	0	419	526	
11	0	0	0	0	413	524	
12	0	0	0	0	411	519	
13	0	0	0	0	409	513	
14	0	0	0	0	414	510	
15	0	0	0	0	424	507	
0	0	0	0	0	436	502	
1	0	0	0	0	448	496	
2	0	0	0	0	455	491	
3	0	0	0	0	459	484	
4	0	0	0	0	462	478	
5	0	0	0	0	463	472	
6	0	0	0	0	463	468	
7	0	0	0	0	458	465	
8	0	0	0	0	449	462	
9	0	0	0	0	438	459	
10	0	0	0	0	424	458	
11	0	0	0	0	415	462	
12	0	0	0	0	407	464	
13	0	0	0	0	404	469	
14	0	0	0	0	401	473	
15	0	0	0	0	401	476	
0	0	0	0	0	405	481	
1	0	0	0	0	408	487	
2	0	0	0	0	413	492	
3	0	0	0	0	416	497	
4	0	0	0	0	417	500	
5	0	0	0	0	415	505	
6	0	0	0	0	409	515	
7	0	0	0	0	404	521	
8	0	0	0	0	402	524	
9	0	0	0	0	403	526	
10	0	0	0	0	402	526	
11	0	0	0	0	398	524	
12	0	0	0	0	396	525	
13	0	0	0	0	394	525	
14	0	0	0	0	395	524	
15	0	0	0	0	392	524	
0	0	0	0	0	391	521	
1	0	0	0	0	388	519	
2	0	0	0	0	387	518	
3	0	0	0	0	386	515	
4	0	0	0	0	385	513	
5	0	0	0	0	387	514	
6	0	0	0	0	388	510	
7	0	0	0	0	389	510	
8	0	0	0	0	387	514	
9	0	0	0	0	384	518	
10	0	0	0	0	385	523	
11	0	0	0	0	384	531	
12	0	0	0	0	381	532	
13	0	0	0	0	380	534	
14	0	0	0	0	382	540	
15	0	0	0	0	386	545	
0	0	0	0	0	395	552	
1	0	0	0	0	401	557	
2	0	0	0	0	406	553	
3	0	0	0	0	407	547	
4	0	0	0	0	402	542	
5	0	0	0	0	395	540	
6	0	0	0	0	388	532	
7	0	0	0	0	379	525	
8	0	0	0	0	370	519	
9	0	0	0	0	360	517	
10	0	0	0	0	355	521	
11	0	0	0	0	351	525	
12	0	0	0	0	350	529	
13	0	0	0	0	351	535	
14	0	0	0	0	353	536	
15	0	0	0	0	355	534	
0	0	0	0	0	357	534	
1	0	0	0	0	364	531	
2	0	0	0	0	366	527	
3	0	0	0	0	366	521	
4	0	0	0	0	371	516	
5	0	0	0	0	376	512	
6	0	0	0	0	384	513	
7	0	0	0	0	389	515	
8	0	0	0	0	391	516	
9	0	0	0	0	393	517	
10	0	0	0	0	397	515	
11	0	0	0	0	403	519	
12	0	0	0	0	411	520	
13	0	0	0	0	419	523	
14	0	0	0	0	424	523	
15	0	0	0	0	432	521	
0	0	0	0	0	437	518	
1	0	0	0	0	440	514	
2	0	0	0	0	438	510	
3	0	0	0	0	435	507	
4	0	0	0	0	428	510	
5	0	0	0	0	423	516	
6	0	0	0	0	419	526	
7	0	0	0	0	414	535	
8	0	0	0	0	411	534	
9	0	0	0	0	408	531	
10	0	0	0	0	404	530	
11	0	0	0	0	407	530	
12	0	0	0	0	414	529	
13	0	0	0	0	421	529	
14	0	0	0	0	427	527	
15	0	0	0	0	432	525	
0	0	0	0	0	441	527	
1	0	0	0	0	447	529	
2	0	0	0	0	449	537	
3	0	0	0	0	452	546	
4	0	0	0	0	451	553	
5	0	0	0	0	449	558	
6	0	0	0	0	445	566	
7	0	0	0	0	439	569	
8	0	0	0	0	430	569	
9	0	0	0	0	420	568	
10	0	0	0	0	412	568	
11	0	0	0	0	399	566	
12	0	0	0	0	389	560	
13	0	0	0	0	384	556	
14	0	0	0	0	384	556	
15	0	0	0	0	386	557	
0	0	0	0	0	393	556	
1	0	0	0	0	408	555	
2	0	0	0	0	429	558	
3	0	0	0	0	450	561	
4	0	0	0	0	459	563	
5	0	0	0	0	460	567	
6	0	0	0	0	457	565	
7	0	0	0	0	448	563	
8	0	0	0	0	435	567	
9	0	0	0	0	422	564	
10	0	0	0	0	409	559	
11	0	0	0	0	398	561	
12	0	0	0	0	389	559	
13	0	0	0	0	386	562	
14	0	0	0	0	387	567	
15	0	0	0	0	389	567	
0	0	0	0	0	391	569	
1	0	0	0	0	393	567	
2	0	0	0	0	398	566	
3	0	0	0	0	401	566	
4	0	0	0	0	403	564	
5	0	0	0	0	403	564	
6	0	0	0	0	401	564	
7	0	0	0	0	399	564	
8	0	0	0	0	400	567	
9	0	0	0	0	403	569	
10	0	0	0	0	408	572	
11	0	0	0	0	408	575	
12	0	0	0	0	411	579	
13	0	0	0	0	411	580	
14	0	0	0	0	412	577	
15	0	0	0	0	413	575	
0	0	0	0	0	416	575	
1	0	0	0	0	419	580	
2	0	0	0	0	427	586	
3	0	0	0	0	433	592	
4	0	0	0	0	437	593	
5	0	0	0	0	443	588	
6	0	0	0	0	448	579	
7	0	0	0	0	450	568	
8	0	0	0	0	450	560	
9	0	0	0	0	445	556	
10	0	0	0	0	440	553	
11	0	0	0	0	439	553	
12	0	0	0	0	439	555	
13	0	0	0	0	433	561	
14	0	0	0	0	427	569	
15	0	0	0	0	424	574	
0	0	0	0	0	424	573	
1	0	0	0	0	427	571	
2	0	0	0	0	431	573	
3	0	0	0	0	436	575	
4	0	0	0	0	440	580	
5	0	0	0	0	448	583	
6	0	0	0	0	454	583	
7	0	0	0	0	461	579	
8	0	0	0	0	465	573	
9	0	0	0	0	467	564	
10	0	0	0	0	468	553	
11	0	0	0	0	469	543	
12	0	0	0	0	472	536	
13	0	0	0	0	472	530	
14	0	0	0	0	475	526	
15	0	0	0	0	479	524	
0	0	0	0	0	483	520	
1	0	0	0	0	485	516	
2	0	0	0	0	488	514	
3	0	0	0	0	493	515	
4	0	0	0	0	497	515	
5	0	0	0	0	501	518	
6	0	0	0	0	507	525	
7	0	0	0	0	512	526	
8	0	0	0	0	513	526	
9	0	0	0	0	514	528	
10	0	0	0	0	511	526	
11	0	0	0	0	507	523	
12	0	0	0	0	501	518	
13	0	0	0	0	494	513	
14	0	0	0	0	483	513	
15	0	0	0	0	476	511	
0	0	0	0	0	471	512	
1	0	0	0	0	466	515	
2	0	0	0	0	464	519	
3	0	0	0	0	465	522	
4	0	0	0	0	465	523	
5	0	0	0	0	471	522	
6	0	0	0	0	478	519	
7	0	0	0	0	484	519	
8	0	0	0	0	488	518	
9	0	0	0	0	491	518	
10	0	0	0	0	490	513	
11	0	0	0	0	493	507	
12	0	0	0	0	497	499	
13	0	0	0	0	500	493	
14	0	0	0	0	504	487	
15	0	0	0	0	507	483	
0	0	0	0	0	504	477	
1	0	0	0	0	498	474	
2	0	0	0	0	488	472	
3	0	0	0	0	482	474	
4	0	0	0	0	476	476	
5	0	0	0	0	467	480	
6	0	0	0	0	459	487	
7	0	0	0	0	449	498	
8	0	0	0	0	443	508	
9	0	0	0	0	440	515	
10	0	0	0	0	441	517	
11	0	0	0	0	444	519	
12	0	0	0	0	444	524	
13	0	0	0	0	447	526	
14	0	0	0	0	445	528	
15	0	0	0	0	441	530	
0	0	0	0	0	434	533	
1	0	0	0	0	430	536	
2	0	0	0	0	425	542	
3	0	0	0	0	421	550	
4	0	0	0	0	422	559	
5	0	0	0	0	421	566	
6	0	0	0	0	423	570	
7	0	0	0	0	427	570	
8	0	0	0	0	432	570	
9	0	0	0	0	432	570	
10	0	0	0	0	432	568	
11	0	0	0	0	437	566	
12	0	0	0	0	440	566	
13	0	0	0	0	441	568	
14	0	0	0	0	443	568	
15	0	0	0	0	440	569	
0	0	0	0	0	440	572	
1	0	0	0	0	437	569	
2	0	0	0	0	436	568	
3	0	0	0	0	435	568	
4	0	0	0	0	433	569	
5	0	0	0	0	431	566	
6	0	0	0	0	428	565	
7	0	0	0	0	428	572	
8	0	0	0	0	428	568	
9	0	0	0	0	425	563	
10	0	0	0	0	425	558	
11	0	0	0	0	425	553	
12	0	0	0	0	428	551	
13	0	0	0	0	431	548	
14	0	0	0	0	433	544	
15	0	0	0	0	435	542	
0	0	0	0	0	436	542	
1	0	0	0	0	441	543	
2	0	0	0	0	447	541	
3	0	0	0	0	454	536	
4	0	0	0	0	460	529	
5	0	0	0	0	465	523	
6	0	0	0	0	472	519	
7	0	0	0	0	477	517	
8	0	0	0	0	479	518	
9	0	0	0	0	480	520	
10	0	0	0	0	483	523	
11	0	0	0	0	491	526	
12	0	0	0	0	496	534	
13	0	0	0	0	502	542	
14	0	0	0	0	505	548	
15	0	0	0	0	506	552	
0	0	0	0	0	507	555	
1	0	0	0	0	509	554	
2	0	0	0	0	509	553	
3	0	0	0	0	509	552	
4	0	0	0	0	507	543	
5	0	0	0	0	506	532	
6	0	0	0	0	504	521	
7	0	0	0	0	503	510	
8	0	0	0	0	503	502	
9	0	0	0	0	505	499	
10	0	0	0	0	506	502	
11	0	0	0	0	504	499	
12	0	0	0	0	497	494	
13	0	0	0	0	492	495	
14	0	0	0	0	486	498	
15	0	0	0	0	479	502	
0	0	0	0	0	474	511	
1	0	0	0	0	476	519	
2	0	0	0	0	475	521	
3	0	0	0	0	477	519	
4	0	0	0	0	482	511	
5	0	0	0	0	487	502	
6	0	0	0	0	489	493	
7	0	0	0	0	489	488	
8	0	0	0	0	487	485	
9	0	0	0	0	488	483	
10	0	0	0	0	489	481	
11	0	0	0	0	493	480	
12	0	0	0	0	496	482	
13	0	0	0	0	497	484	
14	0	0	0	0	495	492	
15	0	0	0	0	493	500	
0	0	0	0	0	489	505	
1	0	0	0	0	488	513	
2	0	0	0	0	484	520	
3	0	0	0	0	480	526	
4	0	0	0	0	476	527	
5	0	0	0	0	473	524	
6	0	0	0	0	472	520	
7	0	0	0	0	472	515	
8	0	0	0	0	476	513	
9	0	0	0	0	480	513	
10	0	0	0	0	480	516	
11	0	0	0	0	481	518	
12	0	0	0	0	480	520	
13	0	0	0	0	478	519	
14	0	0	0	0	478	517	
15	0	0	0	0	479	515	
0	0	0	0	0	479	511	
1	0	0	0	0	479	507	
2	0	0	0	0	480	505	
3	0	0	0	0	480	500	
4	0	0	0	0	476	492	
5	0	0	0	0	472	481	
6	0	0	0	0	469	474	
7	0	0	0	0	469	471	
8	0	0	0	0	469	472	
9	0	0	0	0	473	471	
10	0	0	0	0	476	470	
11	0	0	0	0	479	469	
12	0	0	0	0	482	469	
13	0	0	0	0	485	470	
14	0	0	0	0	484	471	
15	0	0	0	0	481	474	
0	0	0	0	0	479	480	
1	0	0	0	0	481	488	
2	0	0	0	0	484	500	
3	0	0	0	0	487	507	
4	0	0	0	0	489	510	
5	0	0	0	0	489	504	
6	0	0	0	0	484	496	
7	0	0	0	0	480	491	
8	0	0	0	0	474	491	
9	0	0	0	0	475	496	
10	0	0	0	0	479	505	
11	0	0	0	0	483	515	
12	0	0	0	0	489	519	
13	0	0	0	0	495	519	
14	0	0	0	0	496	513	
15	0	0	0	0	500	505	
0	0	0	0	0	505	496	
1	0	0	0	0	510	486	
2	0	0	0	0	513	476	
3	0	0	0	0	513	470	
4	0	0	0	0	510	465	
5	0	0	0	0	504	464	
6	0	0	0	0	500	460	
7	0	0	0	0	500	456	
8	0	0	0	0	499	453	
9	0	0	0	0	498	451	
10	0	0	0	0	499	447	
11	0	0	0	0	499	446	
12	0	0	0	0	499	443	
13	0	0	0	0	500	444	
14	0	0	0	0	505	446	
15	0	0	0	0	511	446	
0	0	0	0	0	519	444	
1	0	0	0	0	528	439	
2	0	0	0	0	535	435	
3	0	0	0	0	538	434	
4	0	0	0	0	544	434	
5	0	0	0	0	550	435	
6	0	0	0	0	553	436	
7	0	0	0	0	551	440	
8	0	0	0	0	544	445	
9	0	0	0	0	536	450	
10	0	0	0	0	531	454	
11	0	0	0	0	527	454	
12	0	0	0	0	526	455	
13	0	0	0	0	525	458	
14	0	0	0	0	526	464	
15	0	0	0	0	524	463	
0	0	0	0	0	524	464	
1	0	0	0	0	524	464	
2	0	0	0	0	521	462	
3	0	0	0	0	519	459	
4	0	0	0	0	519	456	
5	0	0	0	0	520	451	
6	0	0	0	0	521	444	
7	0	0	0	0	519	439	
8	0	0	0	0	516	438	
9	0	0	0	0	512	439	
10	0	0	0	0	511	441	
11	0	0	0	0	512	444	
12	0	0	0	0	513	444	
13	0	0	0	0	514	441	
14	0	0	0	0	517	440	
15	0	0	0	0	522	443	
0	0	0	0	0	527	449	
1	0	0	0	0	533	453	
2	0	0	0	0	540	457	
3	0	0	0	0	545	459	
4	0	0	0	0	550	462	
5	0	0	0	0	550	463	
6	0	0	0	0	548	463	
7	0	0	0	0	545	465	
8	0	0	0	0	543	465	
9	0	0	0	0	540	462	
10	0	0	0	0	540	466	
11	0	0	0	0	544	472	
12	0	0	0	0	553	478	
13	0	0	0	0	563	481	
14	0	0	0	0	572	484	
15	0	0	0	0	581	486	
0	0	0	0	0	588	486	
1	0	0	0	0	594	484	
2	0	0	0	0	596	487	
3	0	0	0	0	596	489	
4	0	0	0	0	594	489	
5	0	0	0	0	597	488	
6	0	0	0	0	599	482	
7	0	0	0	0	595	474	
8	0	0	0	0	590	468	
9	0	0	0	0	587	462	
10	0	0	0	0	584	454	
11	0	0	0	0	584	448	
12	0	0	0	0	585	446	
13	0	0	0	0	583	446	
14	0	0	0	0	579	448	
15	0	0	0	0	575	453	
0	0	0	0	0	573	456	
1	0	0	0	0	572	455	
2	0	0	0	0	568	453	
3	0	0	0	0	564	455	
4	0	0	0	0	565	456	
5	0	0	0	0	564	454	
6	0	0	0	0	562	452	
7	0	0	0	0	560	448	
8	0	0	0	0	559	442	
9	0	0	0	0	555	439	
10	0	0	0	0	551	433	
11	0	0	0	0	548	428	
12	0	0	0	0	547	424	
13	0	0	0	0	547	427	
14	0	0	0	0	551	431	
15	0	0	0	0	554	432	
0	0	0	0	0	557	433	
1	0	0	0	0	562	436	
2	0	0	0	0	567	439	
3	0	0	0	0	568	439	
4	0	0	0	0	571	440	
5	0	0	0	0	572	439	
6	0	0	0	0	569	438	
7	0	0	0	0	566	441	
8	0	0	0	0	563	448	
9	0	0	0	0	563	455	
10	0	0	0	0	563	468	
11	0	0	0	0	566	478	
12	0	0	0	0	566	482	
13	0	0	0	0	565	481	
14	0	0	0	0	565	475	
15	0	0	0	0	568	463	
0	0	0	0	0	573	452	
1	0	0	0	0	581	443	
2	0	0	0	0	589	439	
3	0	0	0	0	597	438	
4	0	0	0	0	604	434	
5	0	0	0	0	612	430	
6	0	0	0	0	618	428	
7	0	0	0	0	622	428	
8	0	0	0	0	620	429	
9	0	0	0	0	618	430	
10	0	0	0	0	615	425	
11	0	0	0	0	615	425	
12	0	0	0	0	618	426	
13	0	0	0	0	620	422	
14	0	0	0	0	626	425	
15	0	0	0	0	633	427	
0	0	0	0	0	640	427	
1	0	0	0	0	647	422	
2	0	0	0	0	649	417	
3	0	0	0	0	651	412	
4	0	0	0	0	651	409	
5	0	0	0	0	646	407	
6	0	0	0	0	641	409	
7	0	0	0	0	633	412	
8	0	0	0	0	625	413	
9	0	0	0	0	620	423	
10	0	0	0	0	614	429	
11	0	0	0	0	612	435	
12	0	0	0	0	609	436	
13	0	0	0	0	607	435	
14	0	0	0	0	605	431	
15	0	0	0	0	607	428	
0	0	0	0	0	611	426	
1	0	0	0	0	615	424	
2	0	0	0	0	615	422	
3	0	0	0	0	612	419	
4	0	0	0	0	606	417	
5	0	0	0	0	603	417	
6	0	0	0	0	598	418	
7	0	0	0	0	589	423	
8	0	0	0	0	582	426	
9	0	0	0	0	575	429	
10	0	0	0	0	572	433	
11	0	0	0	0	569	434	
12	0	0	0	0	566	437	
13	0	0	0	0	567	442	
14	0	0	0	0	571	444	
15	0	0	0	0	577	447	
0	0	0	0	0	581	450	
1	0	0	0	0	585	454	
2	0	0	0	0	589	462	
3	0	0	0	0	592	465	
4	0	0	0	0	591	468	
5	0	0	0	0	588	467	
6	0	0	0	0	582	468	
7	0	0	0	0	572	471	
8	0	0	0	0	562	475	
9	0	0	0	0	554	475	
10	0	0	0	0	550	475	
11	0	0	0	0	549	479	
12	0	0	0	0	552	479	
13	0	0	0	0	555	483	
14	0	0	0	0	556	484	
15	0	0	0	0	560	483	
0	0	0	0	0	563	478	
1	0	0	0	0	564	477	
2	0	0	0	0	564	480	
3	0	0	0	0	566	484	
4	0	0	0	0	572	486	
5	0	0	0	0	577	481	
6	0	0	0	0	585	473	
7	0	0	0	0	590	467	
8	0	0	0	0	592	458	
9	0	0	0	0	594	448	
10	0	0	0	0	594	442	
11	0	0	0	0	592	444	
12	0	0	0	0	589	449	
13	0	0	0	0	583	455	
14	0	0	0	0	577	461	
15	0	0	0	0	570	467	
0	0	0	0	0	564	473	
1	0	0	0	0	558	479	
2	0	0	0	0	556	482	
3	0	0	0	0	553	483	
4	0	0	0	0	551	486	
5	0	0	0	0	550	490	
6	0	0	0	0	554	494	
7	0	0	0	0	558	491	
8	0	0	0	0	559	485	
9	0	0	0	0	560	479	
10	0	0	0	0	562	472	
11	0	0	0	0	566	466	
12	0	0	0	0	570	460	
13	0	0	0	0	572	454	
14	0	0	0	0	574	451	
15	0	0	0	0	575	448	
0	0	0	0	0	576	446	
1	0	0	0	0	576	446	
2	0	0	0	0	579	446	
3	0	0	0	0	586	446	
4	0	0	0	0	595	457	
5	0	0	0	0	604	471	
6	0	0	0	0	611	479	
7	0	0	0	0	616	484	
8	0	0	0	0	620	487	
9	0	0	0	0	623	488	
10	0	0	0	0	621	485	
11	0	0	0	0	616	476	
12	0	0	0	0	615	467	
13	0	0	0	0	611	459	
14	0	0	0	0	608	459	
15	0	0	0	0	604	462	
0	0	0	0	0	601	467	
1	0	0	0	0	600	472	
2	0	0	0	0	597	475	
3	0	0	0	0	594	474	
4	0	0	0	0	594	465	
5	0	0	0	0	593	457	
6	0	0	0	0	592	452	
7	0	0	0	0	591	450	
8	0	0	0	0	589	451	
9	0	0	0	0	583	451	
10	0	0	0	0	577	459	
11	0	0	0	0	572	462	
12	0	0	0	0	567	459	
13	0	0	0	0	564	459	
14	0	0	0	0	562	458	
15	0	0	0	0	561	458	
0	0	0	0	0	562	457	
1	0	0	0	0	563	456	
2	0	0	0	0	566	454	
3	0	0	0	0	568	451	
4	0	0	0	0	571	449	
5	0	0	0	0	574	449	
6	0	0	0	0	577	450	
7	0	0	0	0	582	454	
8	0	0	0	0	587	458	
9	0	0	0	0	591	461	
10	0	0	0	0	595	465	
11	0	0	0	0	598	474	
12	0	0	0	0	601	478	
13	0	0	0	0	607	478	
14	0	0	0	0	612	479	
15	0	0	0	0	617	479	
0	0	0	0	0	615	478	
1	0	0	0	0	614	474	
2	0	0	0	0	614	469	
3	0	0	0	0	609	465	
4	0	0	0	0	606	462	
5	0	0	0	0	598	466	
6	0	0	0	0	589	473	
7	0	0	0	0	579	480	
8	0	0	0	0	569	485	
9	0	0	0	0	560	487	
10	0	0	0	0	551	489	
11	0	0	0	0	545	495	
12	0	0	0	0	544	504	
13	0	0	0	0	543	514	
14	0	0	0	0	541	524	
15	0	0	0	0	541	533	
0	0	0	0	0	542	543	
1	0	0	0	0	543	551	
2	0	0	0	0	542	560	
3	0	0	0	0	548	567	
4	0	0	0	0	559	574	
5	0	0	0	0	575	580	
6	0	0	0	0	585	583	
7	0	0	0	0	588	583	
8	0	0	0	0	585	579	
9	0	0	0	0	583	572	
10	0	0	0	0	575	565	
11	0	0	0	0	563	560	
12	0	0	0	0	546	551	
13	0	0	0	0	531	540	
14	0	0	0	0	518	534	
15	0	0	0	0	508	531	
0	0	0	0	0	501	529	
1	0	0	0	0	495	528	
2	0	0	0	0	491	527	
3	0	0	0	0	488	524	
4	0	0	0	0	486	516	
5	0	0	0	0	482	510	
6	0	0	0	0	481	504	
7	0	0	0	0	483	503	
8	0	0	0	0	490	504	
9	0	0	0	0	500	509	
10	0	0	0	0	507	513	
11	0	0	0	0	512	515	
12	0	0	0	0	519	511	
13	0	0	0	0	524	506	
14	0	0	0	0	532	502	
15	0	0	0	0	537	502	
0	0	0	0	0	541	507	
1	0	0	0	0	545	511	
2	0	0	0	0	549	516	
3	0	0	0	0	544	524	
4	0	0	0	0	534	536	
5	0	0	0	0	527	547	
6	0	0	0	0	525	558	
7	0	0	0	0	524	566	
8	0	0	0	0	527	569	
9	0	0	0	0	531	563	
10	0	0	0	0	534	550	
11	0	0	0	0	537	536	
12	0	0	0	0	542	519	
13	0	0	0	0	551	505	
14	0	0	0	0	559	495	
15	0	0	0	0	567	492	
0	0	0	0	0	580	487	
1	0	0	0	0	594	481	
2	0	0	0	0	607	469	
3	0	0	0	0	621	452	
4	0	0	0	0	638	435	
5	0	0	0	0	655	413	
6	0	0	0	0	668	391	
7	0	0	0	0	679	377	
8	0	0	0	0	692	363	
9	0	0	0	0	704	340	
10	0	0	0	0	715	333	
11	0	0	0	0	725	318	
12	0	0	0	0	732	301	
13	0	0	0	0	735	290	
14	0	0	0	0	734	270	
15	0	0	0	0	732	263	
0	0	0	0	0	726	251	
1	0	0	0	0	722	239	
2	0	0	0	0	720	243	
3	0	0	0	0	721	235	
4	0	0	0	0	723	234	
5	0	0	0	0	728	227	
6	0	0	0	0	732	216	
7	0	0	0	0	734	215	
8	0	0	0	0	728	207	
9	0	0	0	0	721	194	
10	0	0	0	0	714	197	
11	0	0	0	0	706	192	
12	0	0	0	0	700	181	
13	0	0	0	0	692	189	
14	0	0	0	0	689	190	
15	0	0	0	0	689	187	
0	0	0	0	0	690	190	
1	0	0	0	0	690	190	
2	0	0	0	0	689	191	
3	0	0	0	0	686	193	
4	0	0	0	0	680	192	
5	0	0	0	0	681	201	
6	0	0	0	0	682	214	
7	0	0	0	0	680	220	
8	0	0	0	0	679	236	
9	0	0	0	0	678	244	
10	0	0	0	0	679	246	
11	0	0	0	0	683	262	
12	0	0	0	0	685	269	
13	0	0	0	0	687	279	
14	0	0	0	0	687	280	
15	0	0	0	0	684	280	
0	0	0	0	0	680	284	
1	0	0	0	0	673	284	
2	0	0	0	0	671	277	
3	0	0	0	0	668	293	
4	0	0	0	0	663	304	
5	0	0	0	0	657	314	
6	0	0	0	0	649	327	
7	0	0	0	0	639	324	
8	0	0	0	0	633	321	
9	0	0	0	0	627	315	
10	0	0	0	0	624	305	
11	0	0	0	0	618	303	
12	0	0	0	0	613	299	
13	0	0	0	0	606	294	
14	0	0	0	0	604	300	
15	0	0	0	0	604	298	
0	0	0	0	0	606	294	
1	0	0	0	0	608	301	
2	0	0	0	0	608	304	
3	0	0	0	0	607	304	
4	0	0	0	0	607	314	
5	0	0	0	0	608	317	
6	0	0	0	0	609	318	
7	0	0	0	0	612	329	
8	0	0	0	0	619	333	
9	0	0	0	0	624	337	
10	0	0	0	0	624	347	
11	0	0	0	0	625	353	
12	0	0	0	0	624	360	
13	0	0	0	0	623	363	
14	0	0	0	0	620	363	
15	0	0	0	0	615	366	
0	0	0	0	0	612	363	
1	0	0	0	0	608	357	
2	0	0	0	0	601	359	
3	0	0	0	0	596	359	
4	0	0	0	0	590	361	
5	0	0	0	0	587	369	
6	0	0	0	0	584	375	
7	0	0	0	0	583	375	
8	0	0	0	0	584	385	
9	0	0	0	0	588	391	
10	0	0	0	0	590	399	
11	0	0	0	0	593	408	
12	0	0	0	0	595	409	
13	0	0	0	0	596	412	
14	0	0	0	0	600	414	
15	0	0	0	0	600	408	
0	0	0	0	0	599	407	
1	0	0	0	0	595	401	
2	0	0	0	0	593	392	
3	0	0	0	0	591	393	
4	0	0	0	0	593	390	
5	0	0	0	0	596	382	
6	0	0	0	0	596	375	
7	0	0	0	0	597	370	
8	0	0	0	0	596	366	
9	0	0	0	0	594	359	
10	0	0	0	0	591	351	
11	0	0	0	0	589	350	
12	0	0	0	0	588	346	
13	0	0	0	0	588	340	
14	0	0	0	0	589	347	
15	0	0	0	0	590	350	
0	0	0	0	0	589	355	
1	0	0	0	0	590	371	
2	0	0	0	0	594	382	
3	0	0	0	0	599	387	
4	0	0	0	0	601	398	
5	0	0	0	0	605	403	
6	0	0	0	0	607	406	
7	0	0	0	0	604	410	
8	0	0	0	0	601	417	
9	0	0	0	0	595	426	
10	0	0	0	0	588	432	
11	0	0	0	0	582	434	
12	0	0	0	0	577	438	
13	0	0	0	0	575	438	
14	0	0	0	0	575	434	
15	0	0	0	0	577	437	
0	0	0	0	0	579	440	
1	0	0	0	0	580	442	
2	0	0	0	0	578	441	
3	0	0	0	0	575	440	
4	0	0	0	0	573	443	
5	0	0	0	0	566	441	
6	0	0	0	0	556	438	
7	0	0	0	0	549	438	
8	0	0	0	0	544	435	
9	0	0	0	0	540	428	
10	0	0	0	0	537	423	
11	0	0	0	0	536	419	
12	0	0	0	0	538	419	
13	0	0	0	0	543	423	
14	0	0	0	0	550	423	
15	0	0	0	0	555	423	
0	0	0	0	0	558	419	
1	0	0	0	0	561	414	
2	0	0	0	0	563	411	
3	0	0	0	0	566	409	
4	0	0	0	0	569	408	
5	0	0	0	0	569	416	
6	0	0	0	0	572	425	
7	0	0	0	0	575	431	
8	0	0	0	0	580	435	
9	0	0	0	0	587	436	
10	0	0	0	0	594	435	
11	0	0	0	0	597	433	
12	0	0	0	0	600	424	
13	0	0	0	0	595	420	
14	0	0	0	0	591	415	
15	0	0	0	0	584	410	
0	0	0	0	0	577	415	
1	0	0	0	0	566	418	
2	0	0	0	0	559	417	
3	0	0	0	0	549	420	
4	0	0	0	0	540	422	
5	0	0	0	0	534	426	
6	0	0	0	0	532	428	
7	0	0	0	0	531	432	
8	0	0	0	0	530	432	
9	0	0	0	0	529	432	
10	0	0	0	0	533	431	
11	0	0	0	0	540	434	
12	0	0	0	0	546	435	
13	0	0	0	0	552	436	
14	0	0	0	0	556	442	
15	0	0	0	0	561	446	
0	0	0	0	0	564	452	
1	0	0	0	0	568	458	
2	0	0	0	0	571	458	
3	0	0	0	0	575	459	
4	0	0	0	0	577	460	
5	0	0	0	0	581	462	
6	0	0	0	0	583	466	
7	0	0	0	0	583	477	
8	0	0	0	0	579	494	
9	0	0	0	0	573	507	
10	0	0	0	0	569	513	
11	0	0	0	0	563	515	
12	0	0	0	0	557	516	
13	0	0	0	0	554	513	
14	0	0	0	0	551	505	
15	0	0	0	0	546	497	
0	0	0	0	0	543	492	
1	0	0	0	0	541	486	
2	0	0	0	0	540	483	
3	0	0	0	0	535	480	
4	0	0	0	0	524	476	
5	0	0	0	0	515	473	
6	0	0	0	0	507	473	
7	0	0	0	0	502	472	
8	0	0	0	0	496	469	
9	0	0	0	0	490	470	
10	0	0	0	0	484	470	
11	0	0	0	0	477	466	
12	0	0	0	0	472	462	
13	0	0	0	0	468	458	
14	0	0	0	0	472	456	
15	0	0	0	0	479	457	
0	0	0	0	0	484	463	
1	0	0	0	0	488	474	
2	0	0	0	0	493	484	
3	0	0	0	0	497	491	
4	0	0	0	0	502	495	
5	0	0	0	0	504	495	
6	0	0	0	0	508	496	
7	0	0	0	0	513	502	
8	0	0	0	0	514	504	
9	0	0	0	0	514	504	
10	0	0	0	0	510	507	
11	0	0	0	0	505	511	
12	0	0	0	0	501	513	
13	0	0	0	0	494	516	
14	0	0	0	0	488	519	
15	0	0	0	0	485	523	
0	0	0	0	0	486	523	
1	0	0	0	0	485	524	
2	0	0	0	0	483	526	
3	0	0	0	0	478	523	
4	0	0	0	0	472	516	
5	0	0	0	0	467	511	
6	0	0	0	0	464	506	
7	0	0	0	0	461	503	
8	0	0	0	0	458	500	
9	0	0	0	0	456	502	
10	0	0	0	0	458	504	
11	0	0	0	0	463	504	
12	0	0	0	0	468	502	
13	0	0	0	0	472	501	
14	0	0	0	0	475	495	
15	0	0	0	0	478	494	
0	0	0	0	0	483	495	
1	0	0	0	0	490	504	
2	0	0	0	0	498	510	
3	0	0	0	0	508	511	
4	0	0	0	0	517	508	
5	0	0	0	0	519	503	
6	0	0	0	0	521	497	
7	0	0	0	0	523	494	
8	0	0	0	0	521	494	
9	0	0	0	0	521	495	
10	0	0	0	0	519	497	
11	0	0	0	0	516	502	
12	0	0	0	0	509	504	
13	0	0	0	0	504	507	
14	0	0	0	0	499	507	
15	0	0	0	0	495	502	
0	0	0	0	0	495	497	
1	0	0	0	0	496	497	
2	0	0	0	0	498	498	
3	0	0	0	0	496	497	
4	0	0	0	0	495	494	
5	0	0	0	0	492	492	
6	0	0	0	0	494	491	
7	0	0	0	0	497	491	
8	0	0	0	0	502	491	
9	0	0	0	0	508	492	
10	0	0	0	0	511	493	
11	0	0	0	0	516	493	
12	0	0	0	0	521	495	
13	0	0	0	0	526	496	
14	0	0	0	0	531	494	
15	0	0	0	0	532	493	
0	0	0	0	0	528	491	
1	0	0	0	0	523	492	
2	0	0	0	0	517	499	
3	0	0	0	0	514	508	
4	0	0	0	0	510	515	
5	0	0	0	0	507	515	
6	0	0	0	0	503	512	
7	0	0	0	0	501	508	
8	0	0	0	0	503	504	
9	0	0	0	0	504	500	
10	0	0	0	0	505	496	
11	0	0	0	0	500	494	
12	0	0	0	0	492	492	
13	0	0	0	0	488	492	
14	0	0	0	0	487	496	
15	0	0	0	0	490	503	
0	0	0	0	0	491	508	
1	0	0	0	0	491	510	
2	0	0	0	0	492	513	
3	0	0	0	0	495	515	
4	0	0	0	0	496	518	
5	0	0	0	0	496	521	
6	0	0	0	0	494	523	
7	0	0	0	0	494	525	
8	0	0	0	0	495	527	
9	0	0	0	0	497	527	
10	0	0	0	0	499	526	
11	0	0	0	0	496	523	
12	0	0	0	0	494	522	
13	0	0	0	0	489	520	
14	0	0	0	0	484	519	
15	0	0	0	0	483	520	
0	0	0	0	0	487	524	
1	0	0	0	0	495	530	
2	0	0	0	0	502	536	
3	0	0	0	0	509	542	
4	0	0	0	0	514	548	
5	0	0	0	0	518	552	
6	0	0	0	0	518	558	
7	0	0	0	0	514	564	
8	0	0	0	0	512	567	
9	0	0	0	0	509	564	
10	0	0	0	0	506	559	
11	0	0	0	0	500	553	
12	0	0	0	0	496	546	
13	0	0	0	0	495	542	
14	0	0	0	0	495	541	
15	0	0	0	0	498	546	
0	0	0	0	0	500	556	
1	0	0	0	0	506	563	
2	0	0	0	0	513	569	
3	0	0	0	0	519	571	
4	0	0	0	0	523	570	
5	0	0	0	0	524	573	
6	0	0	0	0	527	576	
7	0	0	0	0	527	579	
8	0	0	0	0	521	583	
9	0	0	0	0	517	585	
10	0	0	0	0	510	586	
11	0	0	0	0	502	586	
12	0	0	0	0	493	589	
13	0	0	0	0	484	589	
14	0	0	0	0	473	587	
15	0	0	0	0	467	588	
0	0	0	0	0	467	589	
1	0	0	0	0	467	588	
2	0	0	0	0	471	591	
3	0	0	0	0	473	598	
4	0	0	0	0	476	607	
5	0	0	0	0	480	613	
6	0	0	0	0	486	612	
7	0	0	0	0	489	610	
8	0	0	0	0	493	602	
9	0	0	0	0	495	591	
10	0	0	0	0	492	582	
11	0	0	0	0	487	575	
12	0	0	0	0	484	568	
13	0	0	0	0	480	562	
14	0	0	0	0	475	559	
15	0	0	0	0	470	555	
0	0	0	0	0	471	556	
1	0	0	0	0	471	556	
2	0	0	0	0	469	558	
3	0	0	0	0	466	566	
4	0	0	0	0	458	577	
5	0	0	0	0	454	589	
6	0	0	0	0	453	602	
7	0	0	0	0	453	611	
8	0	0	0	0	456	618	
9	0	0	0	0	456	611	
10	0	0	0	0	457	600	
11	0	0	0	0	460	586	
12	0	0	0	0	463	562	
13	0	0	0	0	466	539	
14	0	0	0	0	464	511	
15	0	0	0	0	466	484	
0	0	0	0	0	471	463	
1	0	0	0	0	473	444	
2	0	0	0	0	476	430	
3	0	0	0	0	480	420	
4	0	0	0	0	490	420	
5	0	0	0	0	502	427	
6	0	0	0	0	512	439	
7	0	0	0	0	524	450	
8	0	0	0	0	534	452	
9	0	0	0	0	544	442	
10	0	0	0	0	555	433	
11	0	0	0	0	567	426	
12	0	0	0	0	575	414	
13	0	0	0	0	585	407	
14	0	0	0	0	593	399	
15	0	0	0	0	599	388	
0	0	0	0	0	605	386	
1	0	0	0	0	609	380	
2	0	0	0	0	614	372	
3	0	0	0	0	614	368	
4	0	0	0	0	617	366	
5	0	0	0	0	615	366	
6	0	0	0	0	614	380	
7	0	0	0	0	609	393	
8	0	0	0	0	603	411	
9	0	0	0	0	593	431	
10	0	0	0	0	586	452	
11	0	0	0	0	579	473	
12	0	0	0	0	572	489	
13	0	0	0	0	562	505	
14	0	0	0	0	554	519	
15	0	0	0	0	545	532	
0	0	0	0	0	541	538	
1	0	0	0	0	540	544	
2	0	0	0	0	541	551	
3	0	0	0	0	543	556	
4	0	0	0	0	543	556	
5	0	0	0	0	543	556	
6	0	0	0	0	542	552	
7	0	0	0	0	542	548	
8	0	0	0	0	545	548	
9	0	0	0	0	551	548	
10	0	0	0	0	559	551	
11	0	0	0	0	569	557	
12	0	0	0	0	582	568	
13	0	0	0	0	595	579	
14	0	0	0	0	604	589	
15	0	0	0	0	611	592	
0	0	0	0	0	615	590	
1	0	0	0	0	616	585	
2	0	0	0	0	614	580	
3	0	0	0	0	607	574	
4	0	0	0	0	601	569	
5	0	0	0	0	595	559	
6	0	0	0	0	588	552	
7	0	0	0	0	578	547	
8	0	0	0	0	566	545	
9	0	0	0	0	555	547	
10	0	0	0	0	545	549	
11	0	0	0	0	538	548	
12	0	0	0	0	530	554	
13	0	0	0	0	523	562	
14	0	0	0	0	519	571	
15	0	0	0	0	519	583	
0	0	0	0	0	522	597	
1	0	0	0	0	523	611	
2	0	0	0	0	526	621	
3	0	0	0	0	529	625	
4	0	0	0	0	534	623	
5	0	0	0	0	534	616	
6	0	0	0	0	529	609	
7	0	0	0	0	526	603	
8	0	0	0	0	525	599	
9	0	0	0	0	529	593	
10	0	0	0	0	532	590	
11	0	0	0	0	532	586	
12	0	0	0	0	537	587	
13	0	0	0	0	541	593	
14	0	0	0	0	547	598	
15	0	0	0	0	549	602	
0	0	0	0	0	553	608	
1	0	0	0	0	555	612	
2	0	0	0	0	556	615	
3	0	0	0	0	556	614	
4	0	0	0	0	558	604	
5	0	0	0	0	562	588	
6	0	0	0	0	565	572	
7	0	0	0	0	564	554	
8	0	0	0	0	564	537	
9	0	0	0	0	565	526	
10	0	0	0	0	568	521	
11	0	0	0	0	573	521	
12	0	0	0	0	577	527	
13	0	0	0	0	581	533	
14	0	0	0	0	582	541	
15	0	0	0	0	579	547	
0	0	0	0	0	573	551	
1	0	0	0	0	564	553	
2	0	0	0	0	554	556	
3	0	0	0	0	548	563	
4	0	0	0	0	546	568	
5	0	0	0	0	545	574	
6	0	0	0	0	546	580	
7	0	0	0	0	546	582	
8	0	0	0	0	544	584	
9	0	0	0	0	540	590	
10	0	0	0	0	535	595	
11	0	0	0	0	531	598	
12	0	0	0	0	528	600	
13	0	0	0	0	529	608	
14	0	0	0	0	530	615	
15	0	0	0	0	531	619	
0	0	0	0	0	534	619	
1	0	0	0	0	537	614	
2	0	0	0	0	539	609	
3	0	0	0	0	542	608	
4	0	0	0	0	543	607	
5	0	0	0	0	543	604	
6	0	0	0	0	546	604	
7	0	0	0	0	547	608	
8	0	0	0	0	543	607	
9	0	0	0	0	540	604	
10	0	0	0	0	536	604	
11	0	0	0	0	536	603	
12	0	0	0	0	537	603	
13	0	0	0	0	538	599	
14	0	0	0	0	541	595	
15	0	0	0	0	543	593	
0	0	0	0	0	544	591	
1	0	0	0	0	544	593	
2	0	0	0	0	545	595	
3	0	0	0	0	547	598	
4	0	0	0	0	548	603	
5	0	0	0	0	548	603	
6	0	0	0	0	548	600	
7	0	0	0	0	547	598	
8	0	0	0	0	549	600	
9	0	0	0	0	552	604	
10	0	0	0	0	558	604	
11	0	0	0	0	565	604	
12	0	0	0	0	572	605	
13	0	0	0	0	579	606	
14	0	0	0	0	585	606	
15	0	0	0	0	588	602	
0	0	0	0	0	587	598	
1	0	0	0	0	585	593	
2	0	0	0	0	578	591	
3	0	0	0	0	569	590	
4	0	0	0	0	556	585	
5	0	0	0	0	541	583	
6	0	0	0	0	529	582	
7	0	0	0	0	518	582	
8	0	0	0	0	508	582	
9	0	0	0	0	499	583	
10	0	0	0	0	492	585	
11	0	0	0	0	488	591	
12	0	0	0	0	487	598	
13	0	0	0	0	483	601	
14	0	0	0	0	483	601	
15	0	0	0	0	483	595	
0	0	0	0	0	483	590	
1	0	0	0	0	487	581	
2	0	0	0	0	489	573	
3	0	0	0	0	488	568	
4	0	0	0	0	484	566	
5	0	0	0	0	481	568	
6	0	0	0	0	481	571	
7	0	0	0	0	480	569	
8	0	0	0	0	478	563	
9	0	0	0	0	476	559	
10	0	0	0	0	475	552	
11	0	0	0	0	475	546	
12	0	0	0	0	474	544	
13	0	0	0	0	472	544	
14	0	0	0	0	469	545	
15	0	0	0	0	468	549	
0	0	0	0	0	466	552	
1	0	0	0	0	463	554	
2	0	0	0	0	459	561	
3	0	0	0	0	457	566	
4	0	0	0	0	457	573	
5	0	0	0	0	464	576	
6	0	0	0	0	472	577	
7	0	0	0	0	478	572	
8	0	0	0	0	481	566	
9	0	0	0	0	482	559	
10	0	0	0	0	483	558	
11	0	0	0	0	481	557	
12	0	0	0	0	479	558	
13	0	0	0	0	477	561	
14	0	0	0	0	474	568	
15	0	0	0	0	472	572	
0	0	0	0	0	477	574	
1	0	0	0	0	478	574	
2	0	0	0	0	477	572	
3	0	0	0	0	478	568	
4	0	0	0	0	479	563	
5	0	0	0	0	480	558	
6	0	0	0	0	478	547	
7	0	0	0	0	473	538	
8	0	0	0	0	476	528	
9	0	0	0	0	479	519	
10	0	0	0	0	483	516	
11	0	0	0	0	487	516	
12	0	0	0	0	488	517	
13	0	0	0	0	489	520	
14	0	0	0	0	489	521	
15	0	0	0	0	487	524	
0	0	0	0	0	483	526	
1	0	0	0	0	477	529	
2	0	0	0	0	467	534	
3	0	0	0	0	456	543	
4	0	0	0	0	445	549	
5	0	0	0	0	439	555	
6	0	0	0	0	435	558	
7	0	0	0	0	436	558	
8	0	0	0	0	440	553	
9	0	0	0	0	444	545	
10	0	0	0	0	448	531	
11	0	0	0	0	450	521	
12	0	0	0	0	455	519	
13	0	0	0	0	460	526	
14	0	0	0	0	466	535	
15	0	0	0	0	474	539	
0	0	0	0	0	484	542	
1	0	0	0	0	492	545	
2	0	0	0	0	501	545	
3	0	0	0	0	510	543	
4	0	0	0	0	519	543	
5	0	0	0	0	529	547	
6	0	0	0	0	537	555	
7	0	0	0	0	544	565	
8	0	0	0	0	549	575	
9	0	0	0	0	553	582	
10	0	0	0	0	554	587	
11	0	0	0	0	553	590	
12	0	0	0	0	555	588	
13	0	0	0	0	554	585	
14	0	0	0	0	554	582	
15	0	0	0	0	552	577	
0	0	0	0	0	548	572	
1	0	0	0	0	545	569	
2	0	0	0	0	541	563	
3	0	0	0	0	538	562	
4	0	0	0	0	534	559	
5	0	0	0	0	528	561	
6	0	0	0	0	523	557	
7	0	0	0	0	516	548	
8	0	0	0	0	508	536	
9	0	0	0	0	502	527	
10	0	0	0	0	501	522	
11	0	0	0	0	499	519	
12	0	0	0	0	498	519	
13	0	0	0	0	497	521	
14	0	0	0	0	498	522	
15	0	0	0	0	498	525	
0	0	0	0	0	499	527	
1	0	0	0	0	497	531	
2	0	0	0	0	498	534	
3	0	0	0	0	500	539	
4	0	0	0	0	504	545	
5	0	0	0	0	508	552	
6	0	0	0	0	511	560	
7	0	0	0	0	514	565	
8	0	0	0	0	518	571	
9	0	0	0	0	524	577	
10	0	0	0	0	527	579	
11	0	0	0	0	531	572	
12	0	0	0	0	534	564	
13	0	0	0	0	534	553	
14	0	0	0	0	534	543	
15	0	0	0	0	532	536	
0	0	0	0	0	531	528	
1	0	0	0	0	530	520	
2	0	0	0	0	527	514	
3	0	0	0	0	524	510	
4	0	0	0	0	521	509	
5	0	0	0	0	519	507	
6	0	0	0	0	514	508	
7	0	0	0	0	509	508	
8	0	0	0	0	503	511	
9	0	0	0	0	498	512	
10	0	0	0	0	494	509	
11	0	0	0	0	493	508	
12	0	0	0	0	492	501	
13	0	0	0	0	493	493	
14	0	0	0	0	494	485	
15	0	0	0	0	493	479	
0	0	0	0	0	492	472	
1	0	0	0	0	489	464	
2	0	0	0	0	488	460	
3	0	0	0	0	483	463	
4	0	0	0	0	478	468	
5	0	0	0	0	476	474	
6	0	0	0	0	480	479	
7	0	0	0	0	483	482	
8	0	0	0	0	483	483	
9	0	0	0	0	485	487	
10	0	0	0	0	486	494	
11	0	0	0	0	487	502	
12	0	0	0	0	487	511	
13	0	0	0	0	484	519	
14	0	0	0	0	476	520	
15	0	0	0	0	470	520	
0	0	0	0	0	468	523	
1	0	0	0	0	470	521	
2	0	0	0	0	473	519	
3	0	0	0	0	477	516	
4	0	0	0	0	486	512	
5	0	0	0	0	494	510	
6	0	0	0	0	499	508	
7	0	0	0	0	498	504	
8	0	0	0	0	493	497	
9	0	0	0	0	488	495	
10	0	0	0	0	484	492	
11	0	0	0	0	486	491	
12	0	0	0	0	489	486	
13	0	0	0	0	495	483	
14	0	0	0	0	496	480	
15	0	0	0	0	495	478	
0	0	0	0	0	493	474	
1	0	0	0	0	490	467	
2	0	0	0	0	491	469	
3	0	0	0	0	495	471	
4	0	0	0	0	498	471	
5	0	0	0	0	506	470	
6	0	0	0	0	517	465	
7	0	0	0	0	527	459	
8	0	0	0	0	531	457	
9	0	0	0	0	531	455	
10	0	0	0	0	527	455	
11	0	0	0	0	524	459	
12	0	0	0	0	519	463	
13	0	0	0	0	511	465	
14	0	0	0	0	500	463	
15	0	0	0	0	488	467	
0	0	0	0	0	478	471	
1	0	0	0	0	473	475	
2	0	0	0	0	470	478	
3	0	0	0	0	472	483	
4	0	0	0	0	475	489	
5	0	0	0	0	480	492	
6	0	0	0	0	484	492	
7	0	0	0	0	488	488	
8	0	0	0	0	492	482	
9	0	0	0	0	494	476	
10	0	0	0	0	491	472	
11	0	0	0	0	487	472	
12	0	0	0	0	483	476	
13	0	0	0	0	482	482	
14	0	0	0	0	482	485	
15	0	0	0	0	481	483	
0	0	0	0	0	481	480	
1	0	0	0	0	483	475	
2	0	0	0	0	484	473	
3	0	0	0	0	486	473	
4	0	0	0	0	492	475	
5	0	0	0	0	497	478	
6	0	0	0	0	500	480	
7	0	0	0	0	502	480	
8	0	0	0	0	505	480	
9	0	0	0	0	502	482	
10	0	0	0	0	494	483	
11	0	0	0	0	486	487	
12	0	0	0	0	480	489	
13	0	0	0	0	476	492	
14	0	0	0	0	470	494	
15	0	0	0	0	465	502	
0	0	0	0	0	462	511	
1	0	0	0	0	460	515	
2	0	0	0	0	457	515	
3	0	0	0	0	457	513	
4	0	0	0	0	457	512	
5	0	0	0	0	457	513	
6	0	0	0	0	461	515	
7	0	0	0	0	468	515	
8	0	0	0	0	474	515	
9	0	0	0	0	479	516	
10	0	0	0	0	479	520	
11	0	0	0	0	480	524	
12	0	0	0	0	477	522	
13	0	0	0	0	472	523	
14	0	0	0	0	471	521	
15	0	0	0	0	468	519	
0	0	0	0	0	469	518	
1	0	0	0	0	469	515	
2	0	0	0	0	472	512	
3	0	0	0	0	471	508	
4	0	0	0	0	468	503	
5	0	0	0	0	466	502	
6	0	0	0	0	464	504	
7	0	0	0	0	457	505	
8	0	0	0	0	450	506	
9	0	0	0	0	446	505	
10	0	0	0	0	443	508	
11	0	0	0	0	445	508	
12	0	0	0	0	448	515	
13	0	0	0	0	447	521	
14	0	0	0	0	445	527	
15	0	0	0	0	444	532	
0	0	0	0	0	443	536	
1	0	0	0	0	444	540	
2	0	0	0	0	446	543	
3	0	0	0	0	448	543	
4	0	0	0	0	453	541	
5	0	0	0	0	457	532	
6	0	0	0	0	463	524	
7	0	0	0	0	468	519	
8	0	0	0	0	467	515	
9	0	0	0	0	471	512	
10	0	0	0	0	474	512	
11	0	0	0	0	475	508	
12	0	0	0	0	475	497	
13	0	0	0	0	472	481	
14	0	0	0	0	467	467	
15	0	0	0	0	463	460	
0	0	0	0	0	457	455	
1	0	0	0	0	455	455	
2	0	0	0	0	455	454	
3	0	0	0	0	459	452	
4	0	0	0	0	466	450	
5	0	0	0	0	478	446	
6	0	0	0	0	497	444	
7	0	0	0	0	515	449	
8	0	0	0	0	529	460	
9	0	0	0	0	543	472	
10	0	0	0	0	551	484	
11	0	0	0	0	551	495	
12	0	0	0	0	543	503	
13	0	0	0	0	532	510	
14	0	0	0	0	516	517	
15	0	0	0	0	495	526	
0	0	0	0	0	477	535	
1	0	0	0	0	461	545	
2	0	0	0	0	447	559	
3	0	0	0	0	436	568	
4	0	0	0	0	432	572	
5	0	0	0	0	437	572	
6	0	0	0	0	451	564	
7	0	0	0	0	471	551	
8	0	0	0	0	495	536	
9	0	0	0	0	511	516	
10	0	0	0	0	521	496	
11	0	0	0	0	526	476	
12	0	0	0	0	527	463	
13	0	0	0	0	524	463	
14	0	0	0	0	518	467	
15	0	0	0	0	508	468	
0	0	0	0	0	499	461	
1	0	0	0	0	489	447	
2	0	0	0	0	483	433	
3	0	0	0	0	480	421	
4	0	0	0	0	479	411	
5	0	0	0	0	478	399	
6	0	0	0	0	479	389	
7	0	0	0	0	482	377	
8	0	0	0	0	492	366	
9	0	0	0	0	507	360	
10	0	0	0	0	523	356	
11	0	0	0	0	540	363	
12	0	0	0	0	555	369	
13	0	0	0	0	566	377	
14	0	0	0	0	579	389	
15	0	0	0	0	588	396	
0	0	0	0	0	594	399	
1	0	0	0	0	598	408	
2	0	0	0	0	599	414	
3	0	0	0	0	601	421	
4	0	0	0	0	601	433	
5	0	0	0	0	602	444	
6	0	0	0	0	606	451	
7	0	0	0	0	610	464	
8	0	0	0	0	611	475	
9	0	0	0	0	612	481	
10	0	0	0	0	616	487	
11	0	0	0	0	619	487	
12	0	0	0	0	622	489	
13	0	0	0	0	626	493	
14	0	0	0	0	628	502	
15	0	0	0	0	630	508	
0	0	0	0	0	630	508	
1	0	0	0	0	628	500	
2	0	0	0	0	625	492	
3	0	0	0	0	623	487	
4	0	0	0	0	623	487	
5	0	0	0	0	625	487	
6	0	0	0	0	632	483	
7	0	0	0	0	639	479	
8	0	0	0	0	647	474	
9	0	0	0	0	656	473	
10	0	0	0	0	667	473	
11	0	0	0	0	677	470	
12	0	0	0	0	685	459	
13	0	0	0	0	689	453	
14	0	0	0	0	692	444	
15	0	0	0	0	692	428	
0	0	0	0	0	691	423	
1	0	0	0	0	689	416	
2	0	0	0	0	689	412	
3	0	0	0	0	695	411	
4	0	0	0	0	701	414	
5	0	0	0	0	708	422	
6	0	0	0	0	715	430	
7	0	0	0	0	718	431	
8	0	0	0	0	720	432	
9	0	0	0	0	721	430	
10	0	0	0	0	723	425	
11	0	0	0	0	723	427	
12	0	0	0	0	721	417	
13	0	0	0	0	718	400	
14	0	0	0	0	713	393	
15	0	0	0	0	707	382	
0	0	0	0	0	700	379	
1	0	0	0	0	696	381	
2	0	0	0	0	693	377	
3	0	0	0	0	690	375	
4	0	0	0	0	687	371	
5	0	0	0	0	687	366	
6	0	0	0	0	688	366	
7	0	0	0	0	688	357	
8	0	0	0	0	689	343	
9	0	0	0	0	689	344	
10	0	0	0	0	689	336	
11	0	0	0	0	688	334	
12	0	0	0	0	683	329	
13	0	0	0	0	681	322	
14	0	0	0	0	681	332	
15	0	0	0	0	684	338	
0	0	0	0	0	685	344	
1	0	0	0	0	681	359	
2	0	0	0	0	675	363	
3	0	0	0	0	668	363	
4	0	0	0	0	664	358	
5	0	0	0	0	664	347	
6	0	0	0	0	664	347	
7	0	0	0	0	665	344	
8	0	0	0	0	665	339	
9	0	0	0	0	664	345	
10	0	0	0	0	662	344	
11	0	0	0	0	662	342	
12	0	0	0	0	662	345	
13	0	0	0	0	657	344	
14	0	0	0	0	654	348	
15	0	0	0	0	653	349	
0	0	0	0	0	652	349	
1	0	0	0	0	647	359	
2	0	0	0	0	639	361	
3	0	0	0	0	633	352	
4	0	0	0	0	627	354	
5	0	0	0	0	624	348	
6	0	0	0	0	621	344	
7	0	0	0	0	622	355	
8	0	0	0	0	627	359	
9	0	0	0	0	635	359	
10	0	0	0	0	641	368	
11	0	0	0	0	645	367	
12	0	0	0	0	646	366	
13	0	0	0	0	641	363	
14	0	0	0	0	640	358	
15	0	0	0	0	634	354	
0	0	0	0	0	628	351	
1	0	0	0	0	622	352	
2	0	0	0	0	617	355	
3	0	0	0	0	611	358	
4	0	0	0	0	603	357	
5	0	0	0	0	596	359	
6	0	0	0	0	594	361	
7	0	0	0	0	596	355	
8	0	0	0	0	601	356	
9	0	0	0	0	601	356	
10	0	0	0	0	599	360	
11	0	0	0	0	595	376	
12	0	0	0	0	586	385	
13	0	0	0	0	573	388	
14	0	0	0	0	559	384	
15	0	0	0	0	547	377	
0	0	0	0	0	536	374	
1	0	0	0	0	525	372	
2	0	0	0	0	521	371	
3	0	0	0	0	520	371	
4	0	0	0	0	527	371	
5	0	0	0	0	533	370	
6	0	0	0	0	537	370	
7	0	0	0	0	540	370	
8	0	0	0	0	544	366	
9	0	0	0	0	547	367	
10	0	0	0	0	551	367	
11	0	0	0	0	556	368	
12	0	0	0	0	559	373	
13	0	0	0	0	559	378	
14	0	0	0	0	557	382	
15	0	0	0	0	554	384	
0	0	0	0	0	551	384	
1	0	0	0	0	546	385	
2	0	0	0	0	543	385	
3	0	0	0	0	543	387	
4	0	0	0	0	542	390	
5	0	0	0	0	542	391	
6	0	0	0	0	543	388	
7	0	0	0	0	541	386	
8	0	0	0	0	535	382	
9	0	0	0	0	532	381	
10	0	0	0	0	531	390	
11	0	0	0	0	531	395	
12	0	0	0	0	531	396	
13	0	0	0	0	528	398	
14	0	0	0	0	528	398	
15	0	0	0	0	527	403	
0	0	0	0	0	528	405	
1	0	0	0	0	532	408	
2	0	0	0	0	535	412	
3	0	0	0	0	539	412	
4	0	0	0	0	542	409	
5	0	0	0	0	543	410	
6	0	0	0	0	543	409	
7	0	0	0	0	544	403	
8	0	0	0	0	548	398	
9	0	0	0	0	554	390	
10	0	0	0	0	556	384	
11	0	0	0	0	557	382	
12	0	0	0	0	559	377	
13	0	0	0	0	563	380	
14	0	0	0	0	572	385	
15	0	0	0	0	579	391	
0	0	0	0	0	584	389	
1	0	0	0	0	589	385	
2	0	0	0	0	591	389	
3	0	0	0	0	595	392	
4	0	0	0	0	600	389	
5	0	0	0	0	601	395	
6	0	0	0	0	599	395	
7	0	0	0	0	591	395	
8	0	0	0	0	583	395	
9	0	0	0	0	575	397	
10	0	0	0	0	563	408	
11	0	0	0	0	553	422	
12	0	0	0	0	544	438	
13	0	0	0	0	536	450	
14	0	0	0	0	528	459	
15	0	0	0	0	525	465	
0	0	0	0	0	526	471	
1	0	0	0	0	525	474	
2	0	0	0	0	522	479	
3	0	0	0	0	520	483	
4	0	0	0	0	517	486	
5	0	0	0	0	516	487	
6	0	0	0	0	519	487	
7	0	0	0	0	518	486	
8	0	0	0	0	515	481	
9	0	0	0	0	510	474	
10	0	0	0	0	502	471	
11	0	0	0	0	494	468	
12	0	0	0	0	491	468	
13	0	0	0	0	488	472	
14	0	0	0	0	488	475	
15	0	0	0	0	488	478	
0	0	0	0	0	492	477	
1	0	0	0	0	497	470	
2	0	0	0	0	499	461	
3	0	0	0	0	502	452	
4	0	0	0	0	500	450	
5	0	0	0	0	496	451	
6	0	0	0	0	496	455	
7	0	0	0	0	492	465	
8	0	0	0	0	490	475	
9	0	0	0	0	489	487	
10	0	0	0	0	487	499	
11	0	0	0	0	481	510	
12	0	0	0	0	474	515	
13	0	0	0	0	470	514	
14	0	0	0	0	467	513	
15	0	0	0	0	462	515	
0	0	0	0	0	455	512	
1	0	0	0	0	450	508	
2	0	0	0	0	449	504	
3	0	0	0	0	448	505	
4	0	0	0	0	448	505	
5	0	0	0	0	449	506	
6	0	0	0	0	451	507	
7	0	0	0	0	453	508	
8	0	0	0	0	451	509	
9	0	0	0	0	450	515	
10	0	0	0	0	452	523	
11	0	0	0	0	456	527	
12	0	0	0	0	457	529	
13	0	0	0	0	460	527	
14	0	0	0	0	462	524	
15	0	0	0	0	461	518	
0	0	0	0	0	457	514	
1	0	0	0	0	456	514	
2	0	0	0	0	454	518	
3	0	0	0	0	451	523	
4	0	0	0	0	448	528	
5	0	0	0	0	449	532	
6	0	0	0	0	451	537	
7	0	0	0	0	450	538	
8	0	0	0	0	448	535	
9	0	0	0	0	448	528	
10	0	0	0	0	446	519	
11	0	0	0	0	446	511	
12	0	0	0	0	449	503	
13	0	0	0	0	455	492	
14	0	0	0	0	459	480	
15	0	0	0	0	465	473	
0	0	0	0	0	472	477	
1	0	0	0	0	481	487	
2	0	0	0	0	487	497	
3	0	0	0	0	491	509	
4	0	0	0	0	491	516	
5	0	0	0	0	491	519	
6	0	0	0	0	488	522	
7	0	0	0	0	487	523	
8	0	0	0	0	483	524	
9	0	0	0	0	480	524	
10	0	0	0	0	477	524	
11	0	0	0	0	470	518	
12	0	0	0	0	463	511	
13	0	0	0	0	460	507	
14	0	0	0	0	458	502	
15	0	0	0	0	455	497	
0	0	0	0	0	454	492	
1	0	0	0	0	455	488	
2	0	0	0	0	457	486	
3	0	0	0	0	462	486	
4	0	0	0	0	466	483	
5	0	0	0	0	471	475	
6	0	0	0	0	475	465	
7	0	0	0	0	480	459	
8	0	0	0	0	487	455	
9	0	0	0	0	496	451	
10	0	0	0	0	504	450	
11	0	0	0	0	509	452	
12	0	0	0	0	515	455	
13	0	0	0	0	519	456	
14	0	0	0	0	521	460	
15	0	0	0	0	525	462	
0	0	0	0	0	524	467	
1	0	0	0	0	524	476	
2	0	0	0	0	521	483	
3	0	0	0	0	518	485	
4	0	0	0	0	518	479	
5	0	0	0	0	517	467	
6	0	0	0	0	515	456	
7	0	0	0	0	516	446	
8	0	0	0	0	519	441	
9	0	0	0	0	520	440	
10	0	0	0	0	524	437	
11	0	0	0	0	526	438	
12	0	0	0	0	521	433	
13	0	0	0	0	520	431	
14	0	0	0	0	523	434	
15	0	0	0	0	530	439	
0	0	0	0	0	537	449	
1	0	0	0	0	545	460	
2	0	0	0	0	553	470	
3	0	0	0	0	559	476	
4	0	0	0	0	558	476	
5	0	0	0	0	553	479	
6	0	0	0	0	548	478	
7	0	0	0	0	540	471	
8	0	0	0	0	528	463	
9	0	0	0	0	515	454	
10	0	0	0	0	501	450	
11	0	0	0	0	491	448	
12	0	0	0	0	486	446	
13	0	0	0	0	480	445	
14	0	0	0	0	476	446	
15	0	0	0	0	474	452	
0	0	0	0	0	473	461	
1	0	0	0	0	479	469	
2	0	0	0	0	483	473	
3	0	0	0	0	492	472	
4	0	0	0	0	497	466	
5	0	0	0	0	499	459	
6	0	0	0	0	499	454	
7	0	0	0	0	503	454	
8	0	0	0	0	505	458	
9	0	0	0	0	507	462	
10	0	0	0	0	504	467	
11	0	0	0	0	500	476	
12	0	0	0	0	496	485	
13	0	0	0	0	489	493	
14	0	0	0	0	483	501	
15	0	0	0	0	478	507	
0	0	0	0	0	472	506	
1	0	0	0	0	467	507	
2	0	0	0	0	467	512	
3	0	0	0	0	467	517	
4	0	0	0	0	470	523	
5	0	0	0	0	472	529	
6	0	0	0	0	474	532	
7	0	0	0	0	476	535	
8	0	0	0	0	478	535	
9	0	0	0	0	478	534	
10	0	0	0	0	477	532	
11	0	0	0	0	476	531	
12	0	0	0	0	475	531	
13	0	0	0	0	476	535	
14	0	0	0	0	480	536	
15	0	0	0	0	484	535	
0	0	0	0	0	487	531	
1	0	0	0	0	491	527	
2	0	0	0	0	494	527	
3	0	0	0	0	498	523	
4	0	0	0	0	505	517	
5	0	0	0	0	508	512	
6	0	0	0	0	507	505	
7	0	0	0	0	506	501	
8	0	0	0	0	504	500	
9	0	0	0	0	502	501	
10	0	0	0	0	503	508	
11	0	0	0	0	505	520	
12	0	0	0	0	509	539	
13	0	0	0	0	512	560	
14	0	0	0	0	516	580	
15	0	0	0	0	518	595	
0	0	0	0	0	518	598	
1	0	0	0	0	518	591	
2	0	0	0	0	516	581	
3	0	0	0	0	515	567	
4	0	0	0	0	512	552	
5	0	0	0	0	511	536	
6	0	0	0	0	509	527	
7	0	0	0	0	503	519	
8	0	0	0	0	501	516	
9	0	0	0	0	497	514	
10	0	0	0	0	491	513	
11	0	0	0	0	483	510	
12	0	0	0	0	476	512	
13	0	0	0	0	470	518	
14	0	0	0	0	463	524	
15	0	0	0	0	458	529	
0	0	0	0	0	453	529	
1	0	0	0	0	454	534	
2	0	0	0	0	456	537	
3	0	0	0	0	459	538	
4	0	0	0	0	457	538	
5	0	0	0	0	458	539	
6	0	0	0	0	457	537	
7	0	0	0	0	453	536	
8	0	0	0	0	447	536	
9	0	0	0	0	446	536	
10	0	0	0	0	449	537	
11	0	0	0	0	455	539	
12	0	0	0	0	461	544	
13	0	0	0	0	469	551	
14	0	0	0	0	472	553	
15	0	0	0	0	477	555	
0	0	0	0	0	482	555	
1	0	0	0	0	483	549	
2	0	0	0	0	484	542	
3	0	0	0	0	486	534	
4	0	0	0	0	488	529	
5	0	0	0	0	492	527	
6	0	0	0	0	499	526	
7	0	0	0	0	506	527	
8	0	0	0	0	514	529	
9	0	0	0	0	520	533	
10	0	0	0	0	523	533	
11	0	0	0	0	525	536	
12	0	0	0	0	527	537	
13	0	0	0	0	527	544	
14	0	0	0	0	524	556	
15	0	0	0	0	521	567	
0	0	0	0	0	517	579	
1	0	0	0	0	509	592	
2	0	0	0	0	497	604	
3	0	0	0	0	484	614	
4	0	0	0	0	473	625	
5	0	0	0	0	463	632	
6	0	0	0	0	453	633	
7	0	0	0	0	444	634	
8	0	0	0	0	436	634	
9	0	0	0	0	434	635	
10	0	0	0	0	432	635	
11	0	0	0	0	435	636	
12	0	0	0	0	438	637	
13	0	0	0	0	438	641	
14	0	0	0	0	435	646	
15	0	0	0	0	431	653	
0	0	0	0	0	428	655	
1	0	0	0	0	427	659	
2	0	0	0	0	425	658	
3	0	0	0	0	423	660	
4	0	0	0	0	420	662	
5	0	0	0	0	414	664	
6	0	0	0	0	409	666	
7	0	0	0	0	404	665	
8	0	0	0	0	404	663	
9	0	0	0	0	409	664	
10	0	0	0	0	412	664	
11	0	0	0	0	415	662	
12	0	0	0	0	422	663	
13	0	0	0	0	428	666	
14	0	0	0	0	430	668	
15	0	0	0	0	429	665	
0	0	0	0	0	429	662	
1	0	0	0	0	426	660	
2	0	0	0	0	427	657	
3	0	0	0	0	429	655	
4	0	0	0	0	430	658	
5	0	0	0	0	437	664	
6	0	0	0	0	444	673	
7	0	0	0	0	450	679	
8	0	0	0	0	456	680	
9	0	0	0	0	460	678	
10	0	0	0	0	463	672	
11	0	0	0	0	468	665	
12	0	0	0	0	472	658	
13	0	0	0	0	474	651	
14	0	0	0	0	475	644	
15	0	0	0	0	472	639	
0	0	0	0	0	467	638	
1	0	0	0	0	460	632	
2	0	0	0	0	455	619	
3	0	0	0	0	449	607	
4	0	0	0	0	448	603	
5	0	0	0	0	450	602	
6	0	0	0	0	451	604	
7	0	0	0	0	452	610	
8	0	0	0	0	451	615	
9	0	0	0	0	449	623	
10	0	0	0	0	448	627	
11	0	0	0	0	451	630	
12	0	0	0	0	455	632	
13	0	0	0	0	459	636	
14	0	0	0	0	461	639	
15	0	0	0	0	460	646	
0	0	0	0	0	459	649	
1	0	0	0	0	456	653	
2	0	0	0	0	455	656	
3	0	0	0	0	452	658	
4	0	0	0	0	446	661	
5	0	0	0	0	439	663	
6	0	0	0	0	437	659	
7	0	0	0	0	436	656	
8	0	0	0	0	435	651	
9	0	0	0	0	435	647	
10	0	0	0	0	435	636	
11	0	0	0	0	435	632	
12	0	0	0	0	439	632	
13	0	0	0	0	444	632	
14	0	0	0	0	448	636	
15	0	0	0	0	450	639	
0	0	0	0	0	454	641	
1	0	0	0	0	459	645	
2	0	0	0	0	463	648	
3	0	0	0	0	467	650	
4	0	0	0	0	467	648	
5	0	0	0	0	467	640	
6	0	0	0	0	465	635	
7	0	0	0	0	460	630	
8	0	0	0	0	452	625	
9	0	0	0	0	444	622	
10	0	0	0	0	439	623	
11	0	0	0	0	439	627	
12	0	0	0	0	443	634	
13	0	0	0	0	448	635	
14	0	0	0	0	452	637	
15	0	0	0	0	454	639	
0	0	0	0	0	456	640	
1	0	0	0	0	460	639	
2	0	0	0	0	462	637	
3	0	0	0	0	467	633	
4	0	0	0	0	472	628	
5	0	0	0	0	477	624	
6	0	0	0	0	479	624	
7	0	0	0	0	479	627	
8	0	0	0	0	480	629	
9	0	0	0	0	483	632	
10	0	0	0	0	481	634	
11	0	0	0	0	478	636	
12	0	0	0	0	473	635	
13	0	0	0	0	468	632	
14	0	0	0	0	466	631	
15	0	0	0	0	464	630	
0	0	0	0	0	461	631	
1	0	0	0	0	460	633	
2	0	0	0	0	455	639	
3	0	0	0	0	457	643	
4	0	0	0	0	455	639	
5	0	0	0	0	452	632	
6	0	0	0	0	444	623	
7	0	0	0	0	435	614	
8	0	0	0	0	429	605	
9	0	0	0	0	427	597	
10	0	0	0	0	431	591	
11	0	0	0	0	434	584	
12	0	0	0	0	437	575	
13	0	0	0	0	442	569	
14	0	0	0	0	449	563	
15	0	0	0	0	455	561	
0	0	0	0	0	458	559	
1	0	0	0	0	458	559	
2	0	0	0	0	458	559	
3	0	0	0	0	454	560	
4	0	0	0	0	457	563	
5	0	0	0	0	463	568	
6	0	0	0	0	464	568	
7	0	0	0	0	465	565	
8	0	0	0	0	466	561	
9	0	0	0	0	467	558	
10	0	0	0	0	469	556	
11	0	0	0	0	471	558	
12	0	0	0	0	471	560	
13	0	0	0	0	473	561	
14	0	0	0	0	474	561	
15	0	0	0	0	475	557	
0	0	0	0	0	475	557	
1	0	0	0	0	470	557	
2	0	0	0	0	464	557	
3	0	0	0	0	460	562	
4	0	0	0	0	460	567	
5	0	0	0	0	459	574	
6	0	0	0	0	457	584	
7	0	0	0	0	454	599	
8	0	0	0	0	452	611	
9	0	0	0	0	451	615	
10	0	0	0	0	443	607	
11	0	0	0	0	439	597	
12	0	0	0	0	431	590	
13	0	0	0	0	427	582	
14	0	0	0	0	423	576	
15	0	0	0	0	419	576	
0	0	0	0	0	421	579	
1	0	0	0	0	425	583	
2	0	0	0	0	428	590	
3	0	0	0	0	432	593	
4	0	0	0	0	435	601	
5	0	0	0	0	436	601	
6	0	0	0	0	437	604	
7	0	0	0	0	443	605	
8	0	0	0	0	449	602	
9	0	0	0	0	455	597	
10	0	0	0	0	460	594	
11	0	0	0	0	460	592	
12	0	0	0	0	461	591	
13	0	0	0	0	462	585	
14	0	0	0	0	462	583	
15	0	0	0	0	466	582	
0	0	0	0	0	469	583	
1	0	0	0	0	473	582	
2	0	0	0	0	477	583	
3	0	0	0	0	481	588	
4	0	0	0	0	485	595	
5	0	0	0	0	486	598	
6	0	0	0	0	487	596	
7	0	0	0	0	482	594	
8	0	0	0	0	479	597	
9	0	0	0	0	476	600	
10	0	0	0	0	473	603	
11	0	0	0	0	471	604	
12	0	0	0	0	468	603	
13	0	0	0	0	465	593	
14	0	0	0	0	462	584	
15	0	0	0	0	456	578	
0	0	0	0	0	449	580	
1	0	0	0	0	447	588	
2	0	0	0	0	445	596	
3	0	0	0	0	447	602	
4	0	0	0	0	451	606	
5	0	0	0	0	459	602	
6	0	0	0	0	462	599	
7	0	0	0	0	464	595	
8	0	0	0	0	467	589	
9	0	0	0	0	467	583	
10	0	0	0	0	463	578	
11	0	0	0	0	457	574	
12	0	0	0	0	449	573	
13	0	0	0	0	444	571	
14	0	0	0	0	443	565	
15	0	0	0	0	441	564	
0	0	0	0	0	440	562	
1	0	0	0	0	440	559	
2	0	0	0	0	443	561	
3	0	0	0	0	445	565	
4	0	0	0	0	447	572	
5	0	0	0	0	448	581	
6	0	0	0	0	448	589	
7	0	0	0	0	450	595	
8	0	0	0	0	454	598	
9	0	0	0	0	462	598	
10	0	0	0	0	468	595	
11	0	0	0	0	468	596	
12	0	0	0	0	468	595	
13	0	0	0	0	468	596	
14	0	0	0	0	469	593	
15	0	0	0	0	474	596	
0	0	0	0	0	481	601	
1	0	0	0	0	487	607	
2	0	0	0	0	494	609	
3	0	0	0	0	497	611	
4	0	0	0	0	499	614	
5	0	0	0	0	497	615	
6	0	0	0	0	495	617	
7	0	0	0	0	492	620	
8	0	0	0	0	487	620	
9	0	0	0	0	483	618	
10	0	0	0	0	482	616	
11	0	0	0	0	485	615	
12	0	0	0	0	486	610	
13	0	0	0	0	489	607	
14	0	0	0	0	494	602	
15	0	0	0	0	497	592	
0	0	0	0	0	502	588	
1	0	0	0	0	507	585	
2	0	0	0	0	509	581	
3	0	0	0	0	508	575	
4	0	0	0	0	503	568	
5	0	0	0	0	496	559	
6	0	0	0	0	487	547	
7	0	0	0	0	476	537	
8	0	0	0	0	468	529	
9	0	0	0	0	464	527	
10	0	0	0	0	458	522	
11	0	0	0	0	452	521	
12	0	0	0	0	449	518	
13	0	0	0	0	444	516	
14	0	0	0	0	437	513	
15	0	0	0	0	432	512	
0	0	0	0	0	431	511	
1	0	0	0	0	432	508	
2	0	0	0	0	433	507	
3	0	0	0	0	436	511	
4	0	0	0	0	443	516	
5	0	0	0	0	448	523	
6	0	0	0	0	455	535	
7	0	0	0	0	462	548	
8	0	0	0	0	467	560	
9	0	0	0	0	471	572	
10	0	0	0	0	471	571	
11	0	0	0	0	468	569	
12	0	0	0	0	465	569	
13	0	0	0	0	460	563	
14	0	0	0	0	457	558	
15	0	0	0	0	459	552	
0	0	0	0	0	464	546	
1	0	0	0	0	471	540	
2	0	0	0	0	479	536	
3	0	0	0	0	486	529	
4	0	0	0	0	490	523	
5	0	0	0	0	494	517	
6	0	0	0	0	498	512	
7	0	0	0	0	500	511	
8	0	0	0	0	503	512	
9	0	0	0	0	505	514	
10	0	0	0	0	507	519	
11	0	0	0	0	506	521	
12	0	0	0	0	507	527	
13	0	0	0	0	506	535	
14	0	0	0	0	506	542	
15	0	0	0	0	509	550	
0	0	0	0	0	508	557	
1	0	0	0	0	507	566	
2	0	0	0	0	510	571	
3	0	0	0	0	510	573	
4	0	0	0	0	508	571	
5	0	0	0	0	506	569	
6	0	0	0	0	505	566	
7	0	0	0	0	505	564	
8	0	0	0	0	506	566	
9	0	0	0	0	505	571	
10	0	0	0	0	502	576	
11	0	0	0	0	499	576	
12	0	0	0	0	496	576	
13	0	0	0	0	496	572	
14	0	0	0	0	493	566	
15	0	0	0	0	492	558	
0	0	0	0	0	494	550	
1	0	0	0	0	497	541	
2	0	0	0	0	500	531	
3	0	0	0	0	506	523	
4	0	0	0	0	511	519	
5	0	0	0	0	515	515	
6	0	0	0	0	519	511	
7	0	0	0	0	525	504	
8	0	0	0	0	529	496	
9	0	0	0	0	533	489	
10	0	0	0	0	536	487	
11	0	0	0	0	540	490	
12	0	0	0	0	540	495	
13	0	0	0	0	541	506	
14	0	0	0	0	536	520	
15	0	0	0	0	527	531	
0	0	0	0	0	516	542	
1	0	0	0	0	504	550	
2	0	0	0	0	492	555	
3	0	0	0	0	484	562	
4	0	0	0	0	475	575	
5	0	0	0	0	467	584	
6	0	0	0	0	466	597	
7	0	0	0	0	470	615	
8	0	0	0	0	472	635	
9	0	0	0	0	473	653	
10	0	0	0	0	472	663	
11	0	0	0	0	468	667	
12	0	0	0	0	470	671	
13	0	0	0	0	468	670	
14	0	0	0	0	469	670	
15	0	0	0	0	472	667	
0	0	0	0	0	474	661	
1	0	0	0	0	474	654	
2	0	0	0	0	473	647	
3	0	0	0	0	474	638	
4	0	0	0	0	473	638	
5	0	0	0	0	472	640	
6	0	0	0	0	474	648	
7	0	0	0	0	475	656	
8	0	0	0	0	476	660	
9	0	0	0	0	476	662	
10	0	0	0	0	476	664	
11	0	0	0	0	473	663	
12	0	0	0	0	471	664	
13	0	0	0	0	466	664	
14	0	0	0	0	464	667	
15	0	0	0	0	463	666	
0	0	0	0	0	460	662	
1	0	0	0	0	457	660	
2	0	0	0	0	453	658	
3	0	0	0	0	451	651	
4	0	0	0	0	453	643	
5	0	0	0	0	454	638	
6	0	0	0	0	454	638	
7	0	0	0	0	456	640	
8	0	0	0	0	462	645	
9	0	0	0	0	469	647	
10	0	0	0	0	475	649	
11	0	0	0	0	477	647	
12	0	0	0	0	478	653	
13	0	0	0	0	476	660	
14	0	0	0	0	474	665	
15	0	0	0	0	471	670	
0	0	0	0	0	467	674	
1	0	0	0	0	462	679	
2	0	0	0	0	455	682	
3	0	0	0	0	448	678	
4	0	0	0	0	441	671	
5	0	0	0	0	435	667	
6	0	0	0	0	431	662	
7	0	0	0	0	425	657	
8	0	0	0	0	424	651	
9	0	0	0	0	428	646	
10	0	0	0	0	432	644	
11	0	0	0	0	436	638	
12	0	0	0	0	438	637	
13	0	0	0	0	437	636	
14	0	0	0	0	435	632	
15	0	0	0	0	436	625	
0	0	0	0	0	436	618	
1	0	0	0	0	437	613	
2	0	0	0	0	441	617	
3	0	0	0	0	446	616	
4	0	0	0	0	448	617	
5	0	0	0	0	452	618	
6	0	0	0	0	455	621	
7	0	0	0	0	458	622	
8	0	0	0	0	460	623	
9	0	0	0	0	460	624	
10	0	0	0	0	459	625	
11	0	0	0	0	460	621	
12	0	0	0	0	461	619	
13	0	0	0	0	463	619	
14	0	0	0	0	470	617	
15	0	0	0	0	473	615	
0	0	0	0	0	472	616	
1	0	0	0	0	465	615	
2	0	0	0	0	462	615	
3	0	0	0	0	459	615	
4	0	0	0	0	455	617	
5	0	0	0	0	451	620	
6	0	0	0	0	448	621	
7	0	0	0	0	447	618	
8	0	0	0	0	449	612	
9	0	0	0	0	449	609	
10	0	0	0	0	449	607	
11	0	0	0	0	448	605	
12	0	0	0	0	444	603	
13	0	0	0	0	443	599	
14	0	0	0	0	439	595	
15	0	0	0	0	432	592	
0	0	0	0	0	430	591	
1	0	0	0	0	431	590	
2	0	0	0	0	434	587	
3	0	0	0	0	435	578	
4	0	0	0	0	441	574	
5	0	0	0	0	448	570	
6	0	0	0	0	456	564	
7	0	0	0	0	463	566	
8	0	0	0	0	468	566	
9	0	0	0	0	471	563	
10	0	0	0	0	472	559	
11	0	0	0	0	471	560	
12	0	0	0	0	469	563	
13	0	0	0	0	467	569	
14	0	0	0	0	461	565	
15	0	0	0	0	456	562	
0	0	0	0	0	450	560	
1	0	0	0	0	444	565	
2	0	0	0	0	438	564	
3	0	0	0	0	429	571	
4	0	0	0	0	419	580	
5	0	0	0	0	414	590	
6	0	0	0	0	411	600	
7	0	0	0	0	414	605	
8	0	0	0	0	418	611	
9	0	0	0	0	425	622	
10	0	0	0	0	433	632	
11	0	0	0	0	439	641	
12	0	0	0	0	442	644	
13	0	0	0	0	444	641	
14	0	0	0	0	444	641	
15	0	0	0	0	441	641	
0	0	0	0	0	437	646	
1	0	0	0	0	429	651	
2	0	0	0	0	421	658	
3	0	0	0	0	411	667	
4	0	0	0	0	401	676	
5	0	0	0	0	391	679	
6	0	0	0	0	382	683	
7	0	0	0	0	379	679	
8	0	0	0	0	378	678	
9	0	0	0	0	377	671	
10	0	0	0	0	376	664	
11	0	0	0	0	378	662	
12	0	0	0	0	382	659	
13	0	0	0	0	387	657	
14	0	0	0	0	390	652	
15	0	0	0	0	390	648	
0	0	0	0	0	389	643	
1	0	0	0	0	388	637	
2	0	0	0	0	387	634	
3	0	0	0	0	388	628	
4	0	0	0	0	390	630	
5	0	0	0	0	393	626	
6	0	0	0	0	396	626	
7	0	0	0	0	399	630	
8	0	0	0	0	403	625	
9	0	0	0	0	408	620	
10	0	0	0	0	413	619	
11	0	0	0	0	413	612	
12	0	0	0	0	413	610	
13	0	0	0	0	414	614	
14	0	0	0	0	412	620	
15	0	0	0	0	407	624	
0	0	0	0	0	399	626	
1	0	0	0	0	391	625	
2	0	0	0	0	386	621	
3	0	0	0	0	383	616	
4	0	0	0	0	382	607	
5	0	0	0	0	383	595	
6	0	0	0	0	389	586	
7	0	0	0	0	393	578	
8	0	0	0	0	397	572	
9	0	0	0	0	396	568	
10	0	0	0	0	397	563	
11	0	0	0	0	401	562	
12	0	0	0	0	407	551	
13	0	0	0	0	415	542	
14	0	0	0	0	420	532	
15	0	0	0	0	425	528	
0	0	0	0	0	432	529	
1	0	0	0	0	436	529	
2	0	0	0	0	436	528	
3	0	0	0	0	437	527	
4	0	0	0	0	439	531	
5	0	0	0	0	441	537	
6	0	0	0	0	442	545	
7	0	0	0	0	441	548	
8	0	0	0	0	442	547	
9	0	0	0	0	440	543	
10	0	0	0	0	441	540	
11	0	0	0	0	443	537	
12	0	0	0	0	446	535	
13	0	0	0	0	451	531	
14	0	0	0	0	454	529	
15	0	0	0	0	459	529	
0	0	0	0	0	465	535	
1	0	0	0	0	472	542	
2	0	0	0	0	478	550	
3	0	0	0	0	482	553	
4	0	0	0	0	485	550	
5	0	0	0	0	492	546	
6	0	0	0	0	503	542	
7	0	0	0	0	512	535	
8	0	0	0	0	519	527	
9	0	0	0	0	521	523	
10	0	0	0	0	521	518	
11	0	0	0	0	522	516	
12	0	0	0	0	519	515	
13	0	0	0	0	515	512	
14	0	0	0	0	510	505	
15	0	0	0	0	508	501	
0	0	0	0	0	507	499	
1	0	0	0	0	504	502	
2	0	0	0	0	505	504	
3	0	0	0	0	502	507	
4	0	0	0	0	494	505	
5	0	0	0	0	490	497	
6	0	0	0	0	486	492	
7	0	0	0	0	485	492	
8	0	0	0	0	484	492	
9	0	0	0	0	481	494	
10	0	0	0	0	477	499	
11	0	0	0	0	477	506	
12	0	0	0	0	479	512	
13	0	0	0	0	481	519	
14	0	0	0	0	480	523	
15	0	0	0	0	480	530	
0	0	0	0	0	478	538	
1	0	0	0	0	473	546	
2	0	0	0	0	468	553	
3	0	0	0	0	467	562	
4	0	0	0	0	469	564	
5	0	0	0	0	469	564	
6	0	0	0	0	469	561	
7	0	0	0	0	471	558	
8	0	0	0	0	473	559	
9	0	0	0	0	476	559	
10	0	0	0	0	478	557	
11	0	0	0	0	480	555	
12	0	0	0	0	483	545	
13	0	0	0	0	486	531	
14	0	0	0	0	489	519	
15	0	0	0	0	492	512	
0	0	0	0	0	495	508	
1	0	0	0	0	501	507	
2	0	0	0	0	509	506	
3	0	0	0	0	517	505	
4	0	0	0	0	527	504	
5	0	0	0	0	531	502	
6	0	0	0	0	533	501	
7	0	0	0	0	533	502	
8	0	0	0	0	532	503	
9	0	0	0	0	527	507	
10	0	0	0	0	517	512	
11	0	0	0	0	500	514	
12	0	0	0	0	484	514	
13	0	0	0	0	468	513	
14	0	0	0	0	457	512	
15	0	0	0	0	448	514	
0	0	0	0	0	443	515	
1	0	0	0	0	438	523	
2	0	0	0	0	433	527	
3	0	0	0	0	433	534	
4	0	0	0	0	433	542	
5	0	0	0	0	430	548	
6	0	0	0	0	427	550	
7	0	0	0	0	420	550	
8	0	0	0	0	414	550	
9	0	0	0	0	411	554	
10	0	0	0	0	410	562	
11	0	0	0	0	409	568	
12	0	0	0	0	410	570	
13	0	0	0	0	415	567	
14	0	0	0	0	418	558	
15	0	0	0	0	421	547	
0	0	0	0	0	427	535	
1	0	0	0	0	431	527	
2	0	0	0	0	434	517	
3	0	0	0	0	435	512	
4	0	0	0	0	435	509	
5	0	0	0	0	433	512	
6	0	0	0	0	428	516	
7	0	0	0	0	427	521	
8	0	0	0	0	427	528	
9	0	0	0	0	426	534	
10	0	0	0	0	425	534	
11	0	0	0	0	424	539	
12	0	0	0	0	426	540	
13	0	0	0	0	429	541	
14	0	0	0	0	433	540	
15	0	0	0	0	437	535	
0	0	0	0	0	443	530	
1	0	0	0	0	449	528	
2	0	0	0	0	458	524	
3	0	0	0	0	466	521	
4	0	0	0	0	471	516	
5	0	0	0	0	476	509	
6	0	0	0	0	479	501	
7	0	0	0	0	485	495	
8	0	0	0	0	486	492	
9	0	0	0	0	486	495	
10	0	0	0	0	487	499	
11	0	0	0	0	487	502	
12	0	0	0	0	484	506	
13	0	0	0	0	484	510	
14	0	0	0	0	488	519	
15	0	0	0	0	493	531	
0	0	0	0	0	496	533	
1	0	0	0	0	496	527	
2	0	0	0	0	497	516	
3	0	0	0	0	499	502	
4	0	0	0	0	499	492	
5	0	0	0	0	501	491	
6	0	0	0	0	502	492	
7	0	0	0	0	502	499	
8	0	0	0	0	500	505	
9	0	0	0	0	498	511	
10	0	0	0	0	494	511	
11	0	0	0	0	486	505	
12	0	0	0	0	476	497	
13	0	0	0	0	467	492	
14	0	0	0	0	462	490	
15	0	0	0	0	462	490	
0	0	0	0	0	467	492	
1	0	0	0	0	473	496	
2	0	0	0	0	481	502	
3	0	0	0	0	490	506	
4	0	0	0	0	495	509	
5	0	0	0	0	503	508	
6	0	0	0	0	508	507	
7	0	0	0	0	511	505	
8	0	0	0	0	511	502	
9	0	0	0	0	509	500	
10	0	0	0	0	503	499	
11	0	0	0	0	494	498	
12	0	0	0	0	487	501	
13	0	0	0	0	484	508	
14	0	0	0	0	485	518	
15	0	0	0	0	489	531	
0	0	0	0	0	495	540	
1	0	0	0	0	497	544	
2	0	0	0	0	499	544	
3	0	0	0	0	501	539	
4	0	0	0	0	502	535	
5	0	0	0	0	504	534	
6	0	0	0	0	505	530	
7	0	0	0	0	503	526	
8	0	0	0	0	502	522	
9	0	0	0	0	503	519	
10	0	0	0	0	504	519	
11	0	0	0	0	503	523	
12	0	0	0	0	505	527	
13	0	0	0	0	510	528	
14	0	0	0	0	514	527	
15	0	0	0	0	519	528	
0	0	0	0	0	524	527	
1	0	0	0	0	527	525	
2	0	0	0	0	532	519	
3	0	0	0	0	536	508	
4	0	0	0	0	537	494	
5	0	0	0	0	541	481	
6	0	0	0	0	548	472	
7	0	0	0	0	556	467	
8	0	0	0	0	562	472	
9	0	0	0	0	566	476	
10	0	0	0	0	564	480	
11	0	0	0	0	562	484	
12	0	0	0	0	558	489	
13	0	0	0	0	551	495	
14	0	0	0	0	537	503	
15	0	0	0	0	530	511	
0	0	0	0	0	523	522	
1	0	0	0	0	515	530	
2	0	0	0	0	511	539	
3	0	0	0	0	507	556	
4	0	0	0	0	508	571	
5	0	0	0	0	510	582	
6	0	0	0	0	512	585	
7	0	0	0	0	515	579	
8	0	0	0	0	515	568	
9	0	0	0	0	512	557	
10	0	0	0	0	512	544	
11	0	0	0	0	515	531	
12	0	0	0	0	520	524	
13	0	0	0	0	524	516	
14	0	0	0	0	525	507	
15	0	0	0	0	522	502	
0	0	0	0	0	519	497	
1	0	0	0	0	519	498	
2	0	0	0	0	520	502	
3	0	0	0	0	518	499	
4	0	0	0	0	518	495	
5	0	0	0	0	519	491	
6	0	0	0	0	521	491	
7	0	0	0	0	522	487	
8	0	0	0	0	523	480	
9	0	0	0	0	524	472	
10	0	0	0	0	523	465	
11	0	0	0	0	526	461	
12	0	0	0	0	528	455	
13	0	0	0	0	530	447	
14	0	0	0	0	528	435	
15	0	0	0	0	526	424	
0	0	0	0	0	523	417	
1	0	0	0	0	519	413	
2	0	0	0	0	517	412	
3	0	0	0	0	516	417	
4	0	0	0	0	512	420	
5	0	0	0	0	511	425	
6	0	0	0	0	509	427	
7	0	0	0	0	510	424	
8	0	0	0	0	511	418	
9	0	0	0	0	510	414	
10	0	0	0	0	508	415	
11	0	0	0	0	503	414	
12	0	0	0	0	499	412	
13	0	0	0	0	500	412	
14	0	0	0	0	504	414	
15	0	0	0	0	504	417	
0	0	0	0	0	501	420	
1	0	0	0	0	503	423	
2	0	0	0	0	505	427	
3	0	0	0	0	509	427	
4	0	0	0	0	512	426	
5	0	0	0	0	511	425	
6	0	0	0	0	511	423	
7	0	0	0	0	515	424	
8	0	0	0	0	520	423	
9	0	0	0	0	524	421	
10	0	0	0	0	527	423	
11	0	0	0	0	531	423	
12	0	0	0	0	533	428	
13	0	0	0	0	531	435	
14	0	0	0	0	525	445	
15	0	0	0	0	521	449	
0	0	0	0	0	523	444	
1	0	0	0	0	530	432	
2	0	0	0	0	541	420	
3	0	0	0	0	549	406	
4	0	0	0	0	551	401	
5	0	0	0	0	548	395	
6	0	0	0	0	542	393	
7	0	0	0	0	536	393	
8	0	0	0	0	526	392	
9	0	0	0	0	511	397	
10	0	0	0	0	496	405	
11	0	0	0	0	479	415	
12	0	0	0	0	461	423	
13	0	0	0	0	451	431	
14	0	0	0	0	447	435	
15	0	0	0	0	444	436	
0	0	0	0	0	443	441	
1	0	0	0	0	451	443	
2	0	0	0	0	463	444	
3	0	0	0	0	480	448	
4	0	0	0	0	499	455	
5	0	0	0	0	515	456	
6	0	0	0	0	526	457	
7	0	0	0	0	536	459	
8	0	0	0	0	546	460	
9	0	0	0	0	555	459	
10	0	0	0	0	566	457	
11	0	0	0	0	576	454	
12	0	0	0	0	583	446	
13	0	0	0	0	584	438	
14	0	0	0	0	582	430	
15	0	0	0	0	578	421	
0	0	0	0	0	574	416	
1	0	0	0	0	571	414	
2	0	0	0	0	565	412	
3	0	0	0	0	557	414	
4	0	0	0	0	551	419	
5	0	0	0	0	547	428	
6	0	0	0	0	544	431	
7	0	0	0	0	540	425	
8	0	0	0	0	536	418	
9	0	0	0	0	532	409	
10	0	0	0	0	526	408	
11	0	0	0	0	524	408	
12	0	0	0	0	524	410	
13	0	0	0	0	524	414	
14	0	0	0	0	524	421	
15	0	0	0	0	522	428	
0	0	0	0	0	523	431	
1	0	0	0	0	528	435	
2	0	0	0	0	531	440	
3	0	0	0	0	532	444	
4	0	0	0	0	534	445	
5	0	0	0	0	535	448	
6	0	0	0	0	538	448	
7	0	0	0	0	540	445	
8	0	0	0	0	542	439	
9	0	0	0	0	544	435	
10	0	0	0	0	548	433	
11	0	0	0	0	553	434	
12	0	0	0	0	560	438	
13	0	0	0	0	564	434	
14	0	0	0	0	566	432	
15	0	0	0	0	566	423	
0	0	0	0	0	563	416	
1	0	0	0	0	553	413	
2	0	0	0	0	541	416	
3	0	0	0	0	532	425	
4	0	0	0	0	524	434	
5	0	0	0	0	515	446	
6	0	0	0	0	507	459	
7	0	0	0	0	503	470	
8	0	0	0	0	499	476	
9	0	0	0	0	500	475	
10	0	0	0	0	501	467	
11	0	0	0	0	504	456	
12	0	0	0	0	511	449	
13	0	0	0	0	515	448	
14	0	0	0	0	519	451	
15	0	0	0	0	524	455	
0	0	0	0	0	531	457	
1	0	0	0	0	535	456	
2	0	0	0	0	540	455	
3	0	0	0	0	546	447	
4	0	0	0	0	549	439	
5	0	0	0	0	549	432	
6	0	0	0	0	545	429	
7	0	0	0	0	540	428	
8	0	0	0	0	535	427	
9	0	0	0	0	531	428	
10	0	0	0	0	532	432	
11	0	0	0	0	536	438	
12	0	0	0	0	535	445	
13	0	0	0	0	534	448	
14	0	0	0	0	528	450	
15	0	0	0	0	521	447	
0	0	0	0	0	515	443	
1	0	0	0	0	510	435	
2	0	0	0	0	502	431	
3	0	0	0	0	495	430	
4	0	0	0	0	492	430	
5	0	0	0	0	488	428	
6	0	0	0	0	486	424	
7	0	0	0	0	488	427	
8	0	0	0	0	492	433	
9	0	0	0	0	494	438	
10	0	0	0	0	500	443	
11	0	0	0	0	503	446	
12	0	0	0	0	508	448	
13	0	0	0	0	510	448	
14	0	0	0	0	511	446	
15	0	0	0	0	513	447	
0	0	0	0	0	514	443	
1	0	0	0	0	516	438	
2	0	0	0	0	517	436	
3	0	0	0	0	516	436	
4	0	0	0	0	512	441	
5	0	0	0	0	509	447	
6	0	0	0	0	505	457	
7	0	0	0	0	505	460	
8	0	0	0	0	509	458	
9	0	0	0	0	512	458	
10	0	0	0	0	517	462	
11	0	0	0	0	523	465	
12	0	0	0	0	526	465	
13	0	0	0	0	530	462	
14	0	0	0	0	531	460	
15	0	0	0	0	530	464	
0	0	0	0	0	533	471	
1	0	0	0	0	535	482	
2	0	0	0	0	535	495	
3	0	0	0	0	536	505	
4	0	0	0	0	535	510	
5	0	0	0	0	537	517	
6	0	0	0	0	537	529	
7	0	0	0	0	537	544	
8	0	0	0	0	538	558	
9	0	0	0	0	539	572	
10	0	0	0	0	540	581	
11	0	0	0	0	542	585	
12	0	0	0	0	543	581	
13	0	0	0	0	544	574	
14	0	0	0	0	542	567	
15	0	0	0	0	540	562	
0	0	0	0	0	534	560	
1	0	0	0	0	532	561	
2	0	0	0	0	536	561	
3	0	0	0	0	540	562	
4	0	0	0	0	543	567	
5	0	0	0	0	543	571	
6	0	0	0	0	540	571	
7	0	0	0	0	533	571	
8	0	0	0	0	532	572	
9	0	0	0	0	533	568	
10	0	0	0	0	535	566	
11	0	0	0	0	536	568	
12	0	0	0	0	539	572	
13	0	0	0	0	541	571	
14	0	0	0	0	544	568	
15	0	0	0	0	551	567	
0	0	0	0	0	558	567	
1	0	0	0	0	563	567	
2	0	0	0	0	564	565	
3	0	0	0	0	561	560	
4	0	0	0	0	556	554	
5	0	0	0	0	551	551	
6	0	0	0	0	551	551	
7	0	0	0	0	551	547	
8	0	0	0	0	555	537	
9	0	0	0	0	560	525	
10	0	0	0	0	564	519	
11	0	0	0	0	572	513	
12	0	0	0	0	583	515	
13	0	0	0	0	591	520	
14	0	0	0	0	594	525	
15	0	0	0	0	598	527	
0	0	0	0	0	600	534	
1	0	0	0	0	597	543	
2	0	0	0	0	591	552	
3	0	0	0	0	582	567	
4	0	0	0	0	568	584	
5	0	0	0	0	557	598	
6	0	0	0	0	548	601	
7	0	0	0	0	541	604	
8	0	0	0	0	536	603	
9	0	0	0	0	532	603	
10	0	0	0	0	531	603	
11	0	0	0	0	530	598	
12	0	0	0	0	528	593	
13	0	0	0	0	528	587	
14	0	0	0	0	529	577	
15	0	0	0	0	536	570	
0	0	0	0	0	543	565	
1	0	0	0	0	549	563	
2	0	0	0	0	553	561	
3	0	0	0	0	553	559	
4	0	0	0	0	551	559	
5	0	0	0	0	551	560	
6	0	0	0	0	550	560	
7	0	0	0	0	551	561	
8	0	0	0	0	546	562	
9	0	0	0	0	544	564	
10	0	0	0	0	543	564	
11	0	0	0	0	543	563	
12	0	0	0	0	540	560	
13	0	0	0	0	536	560	
14	0	0	0	0	538	561	
15	0	0	0	0	542	559	
0	0	0	0	0	543	552	
1	0	0	0	0	545	543	
2	0	0	0	0	542	534	
3	0	0	0	0	537	528	
4	0	0	0	0	533	524	
5	0	0	0	0	529	519	
6	0	0	0	0	526	518	
7	0	0	0	0	523	520	
8	0	0	0	0	520	520	
9	0	0	0	0	516	514	
10	0	0	0	0	509	507	
11	0	0	0	0	508	502	
12	0	0	0	0	510	498	
13	0	0	0	0	514	496	
14	0	0	0	0	520	497	
15	0	0	0	0	519	498	
0	0	0	0	0	515	499	
1	0	0	0	0	513	496	
2	0	0	0	0	514	495	
3	0	0	0	0	514	494	
4	0	0	0	0	514	493	
5	0	0	0	0	515	497	
6	0	0	0	0	518	505	
7	0	0	0	0	524	513	
8	0	0	0	0	527	518	
9	0	0	0	0	523	518	
10	0	0	0	0	519	513	
11	0	0	0	0	515	509	
12	0	0	0	0	510	502	
13	0	0	0	0	505	494	
14	0	0	0	0	505	487	
15	0	0	0	0	504	486	
0	0	0	0	0	508	486	
1	0	0	0	0	513	488	
2	0	0	0	0	518	490	
3	0	0	0	0	521	493	
4	0	0	0	0	525	497	
5	0	0	0	0	528	501	
6	0	0	0	0	532	508	
7	0	0	0	0	534	514	
8	0	0	0	0	534	515	
9	0	0	0	0	531	516	
10	0	0	0	0	527	515	
11	0	0	0	0	521	512	
12	0	0	0	0	516	508	
13	0	0	0	0	515	506	
14	0	0	0	0	518	509	
15	0	0	0	0	523	515	
0	0	0	0	0	533	513	
1	0	0	0	0	543	504	
2	0	0	0	0	545	492	
3	0	0	0	0	547	478	
4	0	0	0	0	544	472	
5	0	0	0	0	536	469	
6	0	0	0	0	527	471	
7	0	0	0	0	521	469	
8	0	0	0	0	519	465	
9	0	0	0	0	524	465	
10	0	0	0	0	531	466	
11	0	0	0	0	537	467	
12	0	0	0	0	540	471	
13	0	0	0	0	536	478	
14	0	0	0	0	529	487	
15	0	0	0	0	520	498	
0	0	0	0	0	514	508	
1	0	0	0	0	510	516	
2	0	0	0	0	508	521	
3	0	0	0	0	513	530	
4	0	0	0	0	512	536	
5	0	0	0	0	511	543	
6	0	0	0	0	511	550	
7	0	0	0	0	510	554	
8	0	0	0	0	508	556	
9	0	0	0	0	505	552	
10	0	0	0	0	502	548	
11	0	0	0	0	499	537	
12	0	0	0	0	499	529	
13	0	0	0	0	499	526	
14	0	0	0	0	501	527	
15	0	0	0	0	500	527	
0	0	0	0	0	500	523	
1	0	0	0	0	499	518	
2	0	0	0	0	498	510	
3	0	0	0	0	499	504	
4	0	0	0	0	503	500	
5	0	0	0	0	505	499	
6	0	0	0	0	505	500	
7	0	0	0	0	507	504	
8	0	0	0	0	510	505	
9	0	0	0	0	515	507	
10	0	0	0	0	522	507	
11	0	0	0	0	526	510	
12	0	0	0	0	522	510	
13	0	0	0	0	519	507	
14	0	0	0	0	517	505	
15	0	0	0	0	514	505	
0	0	0	0	0	512	507	
1	0	0	0	0	511	510	
2	0	0	0	0	509	511	
3	0	0	0	0	506	511	
4	0	0	0	0	502	512	
5	0	0	0	0	499	511	
6	0	0	0	0	495	508	
7	0	0	0	0	491	506	
8	0	0	0	0	485	508	
9	0	0	0	0	481	506	
10	0	0	0	0	478	500	
11	0	0	0	0	476	491	
12	0	0	0	0	470	480	
13	0	0	0	0	464	475	
14	0	0	0	0	463	474	
15	0	0	0	0	462	473	
0	0	0	0	0	461	475	
1	0	0	0	0	462	476	
2	0	0	0	0	462	472	
3	0	0	0	0	464	469	
4	0	0	0	0	469	462	
5	0	0	0	0	472	456	
6	0	0	0	0	476	451	
7	0	0	0	0	481	449	
8	0	0	0	0	481	451	
9	0	0	0	0	483	456	
10	0	0	0	0	484	461	
11	0	0	0	0	485	470	
12	0	0	0	0	486	478	
13	0	0	0	0	486	484	
14	0	0	0	0	488	490	
15	0	0	0	0	493	496	
0	0	0	0	0	494	503	
1	0	0	0	0	498	512	
2	0	0	0	0	500	518	
3	0	0	0	0	505	522	
4	0	0	0	0	513	525	
5	0	0	0	0	522	521	
6	0	0	0	0	530	513	
7	0	0	0	0	539	505	
8	0	0	0	0	544	499	
9	0	0	0	0	544	496	
10	0	0	0	0	545	496	
11	0	0	0	0	543	498	
12	0	0	0	0	539	499	
13	0	0	0	0	534	502	
14	0	0	0	0	529	507	
15	0	0	0	0	527	511	
0	0	0	0	0	522	511	
1	0	0	0	0	516	505	
2	0	0	0	0	513	501	
3	0	0	0	0	511	502	
4	0	0	0	0	510	503	
5	0	0	0	0	512	505	
6	0	0	0	0	515	510	
7	0	0	0	0	520	518	
8	0	0	0	0	527	524	
9	0	0	0	0	533	530	
10	0	0	0	0	538	538	
11	0	0	0	0	541	542	
12	0	0	0	0	541	546	
13	0	0	0	0	536	551	
14	0	0	0	0	530	555	
15	0	0	0	0	521	551	
0	0	0	0	0	511	546	
1	0	0	0	0	499	540	
2	0	0	0	0	492	531	
3	0	0	0	0	489	525	
4	0	0	0	0	486	524	
5	0	0	0	0	485	527	
6	0	0	0	0	487	534	
7	0	0	0	0	486	540	
8	0	0	0	0	483	545	
9	0	0	0	0	481	548	
10	0	0	0	0	480	548	
11	0	0	0	0	481	544	
12	0	0	0	0	480	539	
13	0	0	0	0	479	531	
14	0	0	0	0	482	525	
15	0	0	0	0	487	518	
0	0	0	0	0	493	517	
1	0	0	0	0	499	515	
2	0	0	0	0	507	514	
3	0	0	0	0	513	511	
4	0	0	0	0	518	503	
5	0	0	0	0	519	492	
6	0	0	0	0	519	476	
7	0	0	0	0	520	461	
8	0	0	0	0	519	454	
9	0	0	0	0	519	457	
10	0	0	0	0	518	468	
11	0	0	0	0	519	478	
12	0	0	0	0	520	483	
13	0	0	0	0	518	486	
14	0	0	0	0	519	482	
15	0	0	0	0	518	479	
0	0	0	0	0	519	477	
1	0	0	0	0	521	469	
2	0	0	0	0	524	457	
3	0	0	0	0	528	451	
4	0	0	0	0	537	451	
5	0	0	0	0	538	451	
6	0	0	0	0	536	452	
7	0	0	0	0	533	455	
8	0	0	0	0	533	456	
9	0	0	0	0	537	463	
10	0	0	0	0	541	467	
11	0	0	0	0	543	471	
12	0	0	0	0	542	472	
13	0	0	0	0	540	471	
14	0	0	0	0	540	467	
15	0	0	0	0	539	466	
0	0	0	0	0	538	466	
1	0	0	0	0	536	468	
2	0	0	0	0	535	472	
3	0	0	0	0	533	470	
4	0	0	0	0	533	466	
5	0	0	0	0	532	460	
6	0	0	0	0	533	453	
7	0	0	0	0	534	447	
8	0	0	0	0	537	445	
9	0	0	0	0	542	446	
10	0	0	0	0	543	452	
11	0	0	0	0	545	460	
12	0	0	0	0	547	465	
13	0	0	0	0	547	464	
14	0	0	0	0	545	461	
15	0	0	0	0	540	454	
0	0	0	0	0	533	451	
1	0	0	0	0	524	448	
2	0	0	0	0	518	450	
3	0	0	0	0	514	451	
4	0	0	0	0	511	451	
5	0	0	0	0	511	454	
6	0	0	0	0	511	455	
7	0	0	0	0	513	456	
8	0	0	0	0	518	454	
9	0	0	0	0	519	450	
10	0	0	0	0	515	447	
11	0	0	0	0	512	440	
12	0	0	0	0	510	436	
13	0	0	0	0	509	432	
14	0	0	0	0	507	430	
15	0	0	0	0	505	427	
0	0	0	0	0	502	425	
1	0	0	0	0	504	425	
2	0	0	0	0	507	425	
3	0	0	0	0	509	428	
4	0	0	0	0	509	430	
5	0	0	0	0	508	432	
6	0	0	0	0	510	434	
7	0	0	0	0	512	439	
8	0	0	0	0	517	444	
9	0	0	0	0	522	448	
10	0	0	0	0	524	452	
11	0	0	0	0	527	452	
12	0	0	0	0	529	453	
13	0	0	0	0	532	457	
14	0	0	0	0	535	458	
15	0	0	0	0	536	457	
0	0	0	0	0	532	454	
1	0	0	0	0	528	450	
2	0	0	0	0	525	447	
3	0	0	0	0	519	446	
4	0	0	0	0	513	443	
5	0	0	0	0	508	443	
6	0	0	0	0	504	444	
7	0	0	0	0	502	445	
8	0	0	0	0	500	449	
9	0	0	0	0	497	449	
10	0	0	0	0	496	449	
11	0	0	0	0	494	451	
12	0	0	0	0	495	453	
13	0	0	0	0	499	452	
14	0	0	0	0	501	451	
15	0	0	0	0	507	446	
0	0	0	0	0	511	449	
1	0	0	0	0	514	455	
2	0	0	0	0	513	459	
3	0	0	0	0	516	464	
4	0	0	0	0	519	464	
5	0	0	0	0	519	461	
6	0	0	0	0	517	459	
7	0	0	0	0	517	455	
8	0	0	0	0	520	459	
9	0	0	0	0	526	467	
10	0	0	0	0	531	479	
11	0	0	0	0	536	493	
12	0	0	0	0	538	506	
13	0	0	0	0	540	519	
14	0	0	0	0	538	527	
15	0	0	0	0	530	528	
0	0	0	0	0	520	521	
1	0	0	0	0	514	512	
2	0	0	0	0	508	501	
3	0	0	0	0	500	488	
4	0	0	0	0	495	482	
5	0	0	0	0	492	483	
6	0	0	0	0	489	484	
7	0	0	0	0	486	484	
8	0	0	0	0	483	485	
9	0	0	0	0	479	488	
10	0	0	0	0	472	493	
11	0	0	0	0	464	498	
12	0	0	0	0	456	504	
13	0	0	0	0	455	502	
14	0	0	0	0	456	497	
15	0	0	0	0	462	490	
0	0	0	0	0	470	483	
1	0	0	0	0	482	480	
2	0	0	0	0	496	480	
3	0	0	0	0	509	485	
4	0	0	0	0	519	489	
5	0	0	0	0	527	490	
6	0	0	0	0	529	489	
7	0	0	0	0	530	488	
8	0	0	0	0	531	487	
9	0	0	0	0	532	487	
10	0	0	0	0	538	487	
11	0	0	0	0	544	487	
12	0	0	0	0	551	490	
13	0	0	0	0	551	493	
14	0	0	0	0	550	495	
15	0	0	0	0	545	493	
0	0	0	0	0	543	490	
1	0	0	0	0	543	489	
2	0	0	0	0	541	487	
3	0	0	0	0	538	486	
4	0	0	0	0	534	483	
5	0	0	0	0	527	476	
6	0	0	0	0	518	466	
7	0	0	0	0	508	461	
8	0	0	0	0	498	463	
9	0	0	0	0	488	465	
10	0	0	0	0	481	463	
11	0	0	0	0	480	460	
12	0	0	0	0	483	461	
13	0	0	0	0	487	460	
14	0	0	0	0	494	458	
15	0	0	0	0	504	456	
0	0	0	0	0	512	461	
1	0	0	0	0	520	466	
2	0	0	0	0	526	472	
3	0	0	0	0	531	475	
4	0	0	0	0	530	475	
5	0	0	0	0	531	469	
6	0	0	0	0	531	459	
7	0	0	0	0	531	446	
8	0	0	0	0	533	440	
9	0	0	0	0	537	439	
10	0	0	0	0	538	441	
11	0	0	0	0	542	449	
12	0	0	0	0	541	455	
13	0	0	0	0	542	459	
14	0	0	0	0	540	460	
15	0	0	0	0	540	459	
0	0	0	0	0	541	460	
1	0	0	0	0	540	458	
2	0	0	0	0	536	458	
3	0	0	0	0	532	459	
4	0	0	0	0	528	460	
5	0	0	0	0	524	460	
6	0	0	0	0	524	464	
7	0	0	0	0	524	470	
8	0	0	0	0	518	478	
9	0	0	0	0	514	487	
10	0	0	0	0	512	501	
11	0	0	0	0	511	512	
12	0	0	0	0	516	523	
13	0	0	0	0	523	530	
14	0	0	0	0	531	531	
15	0	0	0	0	539	525	
0	0	0	0	0	546	520	
1	0	0	0	0	547	516	
2	0	0	0	0	546	512	
3	0	0	0	0	543	507	
4	0	0	0	0	540	503	
5	0	0	0	0	536	504	
6	0	0	0	0	529	505	
7	0	0	0	0	523	508	
8	0	0	0	0	518	513	
9	0	0	0	0	517	518	
10	0	0	0	0	517	522	
11	0	0	0	0	516	523	
12	0	0	0	0	515	525	
13	0	0	0	0	515	527	
14	0	0	0	0	517	528	
15	0	0	0	0	520	527	
0	0	0	0	0	523	523	
1	0	0	0	0	525	518	
2	0	0	0	0	528	517	
3	0	0	0	0	531	514	
4	0	0	0	0	531	514	
5	0	0	0	0	531	512	
6	0	0	0	0	531	510	
7	0	0	0	0	531	508	
8	0	0	0	0	531	501	
9	0	0	0	0	530	498	
10	0	0	0	0	532	498	
11	0	0	0	0	535	502	
12	0	0	0	0	538	506	
13	0	0	0	0	541	504	
14	0	0	0	0	541	502	
15	0	0	0	0	537	497	
0	0	0	0	0	536	495	
1	0	0	0	0	537	492	
2	0	0	0	0	541	492	
3	0	0	0	0	543	495	
4	0	0	0	0	543	496	
5	0	0	0	0	542	498	
6	0	0	0	0	538	498	
7	0	0	0	0	535	497	
8	0	0	0	0	531	495	
9	0	0	0	0	529	494	
10	0	0	0	0	531	494	
11	0	0	0	0	529	497	
12	0	0	0	0	525	497	
13	0	0	0	0	521	497	
14	0	0	0	0	518	497	
15	0	0	0	0	516	499	
0	0	0	0	0	518	506	
1	0	0	0	0	516	511	
2	0	0	0	0	515	513	
3	0	0	0	0	516	509	
4	0	0	0	0	515	504	
5	0	0	0	0	517	497	
6	0	0	0	0	520	492	
7	0	0	0	0	524	491	
8	0	0	0	0	527	486	
9	0	0	0	0	526	483	
10	0	0	0	0	524	482	
11	0	0	0	0	526	474	
12	0	0	0	0	525	467	
13	0	0	0	0	524	462	
14	0	0	0	0	524	460	
15	0	0	0	0	526	461	
0	0	0	0	0	523	463	
1	0	0	0	0	522	469	
2	0	0	0	0	520	477	
3	0	0	0	0	519	485	
4	0	0	0	0	518	492	
5	0	0	0	0	514	501	
6	0	0	0	0	511	511	
7	0	0	0	0	507	515	
8	0	0	0	0	507	516	
9	0	0	0	0	508	513	
10	0	0	0	0	508	515	
11	0	0	0	0	507	521	
12	0	0	0	0	503	523	
13	0	0	0	0	504	526	
14	0	0	0	0	502	527	
15	0	0	0	0	501	527	
0	0	0	0	0	499	527	
1	0	0	0	0	503	524	
2	0	0	0	0	507	521	
3	0	0	0	0	511	527	
4	0	0	0	0	512	535	
5	0	0	0	0	513	543	
6	0	0	0	0	515	543	
7	0	0	0	0	520	542	
8	0	0	0	0	527	539	
9	0	0	0	0	536	533	
10	0	0	0	0	542	529	
11	0	0	0	0	547	523	
12	0	0	0	0	554	517	
13	0	0	0	0	559	510	
14	0	0	0	0	563	505	
15	0	0	0	0	565	500	
0	0	0	0	0	570	500	
1	0	0	0	0	576	504	
2	0	0	0	0	586	509	
3	0	0	0	0	593	515	
4	0	0	0	0	595	519	
5	0	0	0	0	593	520	
6	0	0	0	0	590	523	
7	0	0	0	0	584	523	
8	0	0	0	0	577	519	
9	0	0	0	0	568	517	
10	0	0	0	0	560	517	
11	0	0	0	0	552	511	
12	0	0	0	0	544	501	
13	0	0	0	0	540	494	
14	0	0	0	0	540	494	
15	0	0	0	0	542	500	
0	0	0	0	0	546	509	
1	0	0	0	0	546	513	
2	0	0	0	0	547	514	
3	0	0	0	0	542	511	
4	0	0	0	0	539	503	
5	0	0	0	0	535	494	
6	0	0	0	0	531	487	
7	0	0	0	0	527	478	
8	0	0	0	0	521	473	
9	0	0	0	0	518	472	
10	0	0	0	0	517	481	
11	0	0	0	0	519	497	
12	0	0	0	0	525	517	
13	0	0	0	0	531	530	
14	0	0	0	0	532	535	
15	0	0	0	0	531	535	
0	0	0	0	0	536	532	
1	0	0	0	0	544	531	
2	0	0	0	0	551	530	
3	0	0	0	0	558	527	
4	0	0	0	0	560	524	
5	0	0	0	0	562	523	
6	0	0	0	0	563	524	
7	0	0	0	0	566	524	
8	0	0	0	0	570	528	
9	0	0	0	0	572	532	
10	0	0	0	0	570	537	
11	0	0	0	0	564	541	
12	0	0	0	0	557	548	
13	0	0	0	0	550	552	
14	0	0	0	0	546	554	
15	0	0	0	0	546	551	
0	0	0	0	0	546	543	
1	0	0	0	0	545	534	
2	0	0	0	0	544	523	
3	0	0	0	0	546	511	
4	0	0	0	0	549	501	
5	0	0	0	0	550	495	
6	0	0	0	0	554	492	
7	0	0	0	0	555	495	
8	0	0	0	0	555	499	
9	0	0	0	0	556	503	
10	0	0	0	0	560	504	
11	0	0	0	0	564	507	
12	0	0	0	0	568	509	
13	0	0	0	0	570	514	
14	0	0	0	0	572	515	
15	0	0	0	0	577	521	
0	0	0	0	0	579	531	
1	0	0	0	0	582	540	
2	0	0	0	0	585	540	
3	0	0	0	0	590	536	
4	0	0	0	0	591	538	
5	0	0	0	0	590	541	
6	0	0	0	0	589	544	
7	0	0	0	0	587	552	
8	0	0	0	0	587	560	
9	0	0	0	0	588	569	
10	0	0	0	0	586	574	
11	0	0	0	0	584	572	
12	0	0	0	0	580	571	
13	0	0	0	0	575	568	
14	0	0	0	0	572	567	
15	0	0	0	0	571	567	
0	0	0	0	0	572	566	
1	0	0	0	0	577	564	
2	0	0	0	0	585	561	
3	0	0	0	0	590	555	
4	0	0	0	0	593	545	
5	0	0	0	0	594	537	
6	0	0	0	0	591	535	
7	0	0	0	0	591	534	
8	0	0	0	0	586	534	
9	0	0	0	0	583	539	
10	0	0	0	0	579	549	
11	0	0	0	0	580	559	
12	0	0	0	0	582	568	
13	0	0	0	0	582	574	
14	0	0	0	0	582	574	
15	0	0	0	0	580	575	
0	0	0	0	0	580	567	
1	0	0	0	0	579	558	
2	0	0	0	0	580	551	
3	0	0	0	0	583	547	
4	0	0	0	0	585	543	
5	0	0	0	0	586	539	
6	0	0	0	0	588	538	
7	0	0	0	0	591	540	
8	0	0	0	0	595	542	
9	0	0	0	0	600	538	
10	0	0	0	0	604	534	
11	0	0	0	0	608	536	
12	0	0	0	0	613	537	
13	0	0	0	0	617	539	
14	0	0	0	0	620	539	
15	0	0	0	0	625	537	
0	0	0	0	0	630	539	
1	0	0	0	0	632	537	
2	0	0	0	0	635	536	
3	0	0	0	0	633	540	
4	0	0	0	0	628	542	
5	0	0	0	0	622	545	
6	0	0	0	0	615	544	
7	0	0	0	0	606	543	
8	0	0	0	0	596	537	
9	0	0	0	0	590	534	
10	0	0	0	0	583	532	
11	0	0	0	0	580	528	
12	0	0	0	0	575	527	
13	0	0	0	0	567	523	
14	0	0	0	0	563	522	
15	0	0	0	0	563	523	
0	0	0	0	0	567	524	
1	0	0	0	0	571	522	
2	0	0	0	0	571	517	
3	0	0	0	0	572	513	
4	0	0	0	0	573	510	
5	0	0	0	0	570	506	
6	0	0	0	0	569	504	
7	0	0	0	0	565	504	
8	0	0	0	0	563	507	
9	0	0	0	0	563	512	
10	0	0	0	0	562	518	
11	0	0	0	0	557	520	
12	0	0	0	0	551	524	
13	0	0	0	0	549	522	
14	0	0	0	0	546	519	
15	0	0	0	0	539	507	
0	0	0	0	0	531	495	
1	0	0	0	0	521	485	
2	0	0	0	0	512	476	
3	0	0	0	0	505	469	
4	0	0	0	0	504	467	
5	0	0	0	0	507	466	
6	0	0	0	0	511	468	
7	0	0	0	0	518	470	
8	0	0	0	0	524	471	
9	0	0	0	0	530	473	
10	0	0	0	0	536	474	
11	0	0	0	0	542	476	
12	0	0	0	0	548	481	
13	0	0	0	0	547	487	
14	0	0	0	0	543	492	
15	0	0	0	0	537	497	
0	0	0	0	0	533	500	
1	0	0	0	0	526	504	
2	0	0	0	0	519	507	
3	0	0	0	0	512	508	
4	0	0	0	0	505	509	
5	0	0	0	0	502	513	
6	0	0	0	0	504	518	
7	0	0	0	0	509	520	
8	0	0	0	0	517	515	
9	0	0	0	0	522	513	
10	0	0	0	0	525	511	
11	0	0	0	0	525	509	
12	0	0	0	0	524	505	
13	0	0	0	0	524	497	
14	0	0	0	0	527	489	
15	0	0	0	0	530	485	
0	0	0	0	0	536	479	
1	0	0	0	0	541	472	
2	0	0	0	0	546	463	
3	0	0	0	0	549	457	
4	0	0	0	0	552	454	
5	0	0	0	0	556	455	
6	0	0	0	0	562	461	
7	0	0	0	0	568	466	
8	0	0	0	0	574	471	
9	0	0	0	0	579	472	
10	0	0	0	0	582	470	
11	0	0	0	0	583	469	
12	0	0	0	0	588	467	
13	0	0	0	0	592	466	
14	0	0	0	0	596	465	
15	0	0	0	0	599	464	
0	0	0	0	0	601	460	
1	0	0	0	0	606	455	
2	0	0	0	0	612	452	
3	0	0	0	0	617	447	
4	0	0	0	0	621	449	
5	0	0	0	0	625	452	
6	0	0	0	0	627	463	
7	0	0	0	0	626	473	
8	0	0	0	0	624	483	
9	0	0	0	0	619	500	
10	0	0	0	0	615	508	
11	0	0	0	0	611	506	
12	0	0	0	0	607	497	
13	0	0	0	0	600	490	
14	0	0	0	0	591	487	
15	0	0	0	0	586	481	
0	0	0	0	0	583	480	
1	0	0	0	0	584	486	
2	0	0	0	0	583	489	
3	0	0	0	0	580	491	
4	0	0	0	0	577	491	
5	0	0	0	0	573	493	
6	0	0	0	0	569	497	
7	0	0	0	0	568	503	
8	0	0	0	0	568	507	
9	0	0	0	0	565	510	
10	0	0	0	0	563	512	
11	0	0	0	0	565	515	
12	0	0	0	0	564	518	
13	0	0	0	0	565	518	
14	0	0	0	0	566	518	
15	0	0	0	0	569	517	
0	0	0	0	0	571	514	
1	0	0	0	0	572	511	
2	0	0	0	0	572	507	
3	0	0	0	0	568	504	
4	0	0	0	0	566	499	
5	0	0	0	0	563	497	
6	0	0	0	0	557	495	
7	0	0	0	0	554	491	
8	0	0	0	0	550	487	
9	0	0	0	0	547	487	
10	0	0	0	0	545	482	
11	0	0	0	0	545	480	
12	0	0	0	0	547	482	
13	0	0	0	0	548	492	
14	0	0	0	0	551	505	
15	0	0	0	0	553	512	
0	0	0	0	0	552	511	
1	0	0	0	0	551	504	
2	0	0	0	0	550	494	
3	0	0	0	0	549	480	
4	0	0	0	0	547	467	
5	0	0	0	0	544	454	
6	0	0	0	0	540	441	
7	0	0	0	0	536	430	
8	0	0	0	0	531	424	
9	0	0	0	0	530	425	
10	0	0	0	0	528	427	
11	0	0	0	0	524	429	
12	0	0	0	0	520	429	
13	0	0	0	0	516	428	
14	0	0	0	0	511	427	
15	0	0	0	0	508	422	
0	0	0	0	0	507	422	
1	0	0	0	0	504	423	
2	0	0	0	0	503	424	
3	0	0	0	0	500	423	
4	0	0	0	0	498	421	
5	0	0	0	0	498	419	
6	0	0	0	0	499	417	
7	0	0	0	0	503	421	
8	0	0	0	0	508	427	
9	0	0	0	0	510	432	
10	0	0	0	0	511	432	
11	0	0	0	0	514	429	
12	0	0	0	0	515	424	
13	0	0	0	0	518	422	
14	0	0	0	0	522	422	
15	0	0	0	0	529	428	
0	0	0	0	0	538	431	
1	0	0	0	0	547	431	
2	0	0	0	0	556	424	
3	0	0	0	0	562	417	
4	0	0	0	0	567	413	
5	0	0	0	0	572	408	
6	0	0	0	0	574	403	
7	0	0	0	0	570	403	
8	0	0	0	0	563	401	
9	0	0	0	0	560	398	
10	0	0	0	0	556	397	
11	0	0	0	0	552	392	
12	0	0	0	0	553	388	
13	0	0	0	0	554	385	
14	0	0	0	0	556	378	
15	0	0	0	0	559	371	
0	0	0	0	0	564	359	
1	0	0	0	0	568	352	
2	0	0	0	0	569	350	
3	0	0	0	0	568	345	
4	0	0	0	0	568	348	
5	0	0	0	0	566	348	
6	0	0	0	0	564	343	
7	0	0	0	0	563	345	
8	0	0	0	0	567	347	
9	0	0	0	0	569	352	
10	0	0	0	0	572	357	
11	0	0	0	0	577	361	
12	0	0	0	0	579	374	
13	0	0	0	0	578	381	
14	0	0	0	0	577	384	
15	0	0	0	0	576	397	
0	0	0	0	0	577	404	
1	0	0	0	0	579	409	
2	0	0	0	0	580	418	
3	0	0	0	0	581	422	
4	0	0	0	0	581	417	
5	0	0	0	0	583	411	
6	0	0	0	0	581	402	
7	0	0	0	0	578	399	
8	0	0	0	0	572	396	
9	0	0	0	0	569	391	
10	0	0	0	0	569	399	
11	0	0	0	0	568	406	
12	0	0	0	0	569	412	
13	0	0	0	0	571	415	
14	0	0	0	0	572	415	
15	0	0	0	0	573	420	
0	0	0	0	0	579	423	
1	0	0	0	0	585	429	
2	0	0	0	0	590	435	
3	0	0	0	0	589	439	
4	0	0	0	0	590	440	
5	0	0	0	0	590	441	
6	0	0	0	0	591	440	
7	0	0	0	0	590	442	
8	0	0	0	0	588	444	
9	0	0	0	0	583	448	
10	0	0	0	0	579	454	
11	0	0	0	0	578	454	
12	0	0	0	0	578	449	
13	0	0	0	0	578	441	
14	0	0	0	0	580	433	
15	0	0	0	0	582	424	
0	0	0	0	0	586	416	
1	0	0	0	0	591	416	
2	0	0	0	0	599	420	
3	0	0	0	0	606	425	
4	0	0	0	0	610	435	
5	0	0	0	0	610	444	
6	0	0	0	0	609	451	
7	0	0	0	0	608	460	
8	0	0	0	0	604	466	
9	0	0	0	0	601	478	
10	0	0	0	0	596	484	
11	0	0	0	0	588	492	
12	0	0	0	0	580	497	
13	0	0	0	0	577	506	
14	0	0	0	0	577	511	
15	0	0	0	0	580	516	
0	0	0	0	0	584	523	
1	0	0	0	0	585	529	
2	0	0	0	0	589	534	
3	0	0	0	0	593	541	
4	0	0	0	0	595	547	
5	0	0	0	0	596	552	
6	0	0	0	0	597	556	
7	0	0	0	0	595	555	
8	0	0	0	0	590	547	
9	0	0	0	0	583	534	
10	0	0	0	0	577	521	
11	0	0	0	0	571	507	
12	0	0	0	0	572	495	
13	0	0	0	0	573	487	
14	0	0	0	0	574	482	
15	0	0	0	0	577	473	
0	0	0	0	0	583	465	
1	0	0	0	0	588	460	
2	0	0	0	0	590	454	
3	0	0	0	0	592	454	
4	0	0	0	0	592	462	
5	0	0	0	0	592	473	
6	0	0	0	0	590	485	
7	0	0	0	0	587	497	
8	0	0	0	0	584	506	
9	0	0	0	0	583	507	
10	0	0	0	0	579	508	
11	0	0	0	0	575	514	
12	0	0	0	0	570	523	
13	0	0	0	0	562	531	
14	0	0	0	0	555	539	
15	0	0	0	0	550	546	
0	0	0	0	0	547	551	
1	0	0	0	0	544	550	
2	0	0	0	0	543	551	
3	0	0	0	0	546	555	
4	0	0	0	0	551	556	
5	0	0	0	0	557	559	
6	0	0	0	0	563	559	
7	0	0	0	0	566	555	
8	0	0	0	0	563	544	
9	0	0	0	0	556	534	
10	0	0	0	0	547	528	
11	0	0	0	0	540	520	
12	0	0	0	0	534	513	
13	0	0	0	0	529	504	
14	0	0	0	0	527	493	
15	0	0	0	0	530	483	
0	0	0	0	0	534	476	
1	0	0	0	0	535	472	
2	0	0	0	0	535	469	
3	0	0	0	0	537	467	
4	0	0	0	0	540	467	
5	0	0	0	0	542	467	
6	0	0	0	0	540	466	
7	0	0	0	0	535	473	
8	0	0	0	0	531	479	
9	0	0	0	0	527	485	
10	0	0	0	0	522	488	
11	0	0	0	0	517	492	
12	0	0	0	0	509	492	
13	0	0	0	0	499	492	
14	0	0	0	0	492	495	
15	0	0	0	0	484	499	
0	0	0	0	0	478	506	
1	0	0	0	0	475	507	
2	0	0	0	0	477	503	
3	0	0	0	0	479	500	
4	0	0	0	0	483	503	
5	0	0	0	0	487	508	
6	0	0	0	0	492	516	
7	0	0	0	0	498	521	
8	0	0	0	0	500	527	
9	0	0	0	0	501	534	
10	0	0	0	0	498	537	
11	0	0	0	0	496	541	
12	0	0	0	0	496	542	
13	0	0	0	0	496	540	
14	0	0	0	0	493	535	
15	0	0	0	0	494	526	
0	0	0	0	0	498	520	
1	0	0	0	0	502	513	
2	0	0	0	0	505	507	
3	0	0	0	0	507	502	
4	0	0	0	0	508	500	
5	0	0	0	0	508	501	
6	0	0	0	0	509	503	
7	0	0	0	0	508	504	
8	0	0	0	0	511	503	
9	0	0	0	0	514	502	
10	0	0	0	0	517	502	
11	0	0	0	0	520	501	
12	0	0	0	0	525	504	
13	0	0	0	0	527	505	
14	0	0	0	0	529	504	
15	0	0	0	0	533	505	
0	0	0	0	0	536	506	
1	0	0	0	0	538	509	
2	0	0	0	0	541	512	
3	0	0	0	0	547	515	
4	0	0	0	0	554	515	
5	0	0	0	0	563	515	
6	0	0	0	0	572	515	
7	0	0	0	0	580	513	
8	0	0	0	0	585	507	
9	0	0	0	0	585	505	
10	0	0	0	0	579	504	
11	0	0	0	0	572	505	
12	0	0	0	0	570	508	
13	0	0	0	0	564	508	
14	0	0	0	0	561	505	
15	0	0	0	0	558	500	
0	0	0	0	0	553	498	
1	0	0	0	0	553	496	
2	0	0	0	0	551	494	
3	0	0	0	0	550	491	
4	0	0	0	0	547	494	
5	0	0	0	0	542	497	
6	0	0	0	0	537	496	
7	0	0	0	0	536	495	
8	0	0	0	0	532	496	
9	0	0	0	0	528	502	
10	0	0	0	0	523	514	
11	0	0	0	0	515	528	
12	0	0	0	0	511	538	
13	0	0	0	0	507	542	
14	0	0	0	0	500	542	
15	0	0	0	0	494	538	
0	0	0	0	0	488	533	
1	0	0	0	0	484	527	
2	0	0	0	0	482	522	
3	0	0	0	0	483	518	
4	0	0	0	0	485	514	
5	0	0	0	0	488	512	
6	0	0	0	0	491	507	
7	0	0	0	0	494	504	
8	0	0	0	0	494	500	
9	0	0	0	0	493	496	
10	0	0	0	0	487	489	
11	0	0	0	0	480	487	
12	0	0	0	0	478	487	
13	0	0	0	0	477	490	
14	0	0	0	0	472	494	
15	0	0	0	0	471	495	
0	0	0	0	0	471	492	
1	0	0	0	0	472	492	
2	0	0	0	0	474	495	
3	0	0	0	0	478	499	
4	0	0	0	0	481	504	
5	0	0	0	0	487	505	
6	0	0	0	0	491	505	
7	0	0	0	0	488	508	
8	0	0	0	0	481	510	
9	0	0	0	0	476	508	
10	0	0	0	0	473	507	
11	0	0	0	0	471	507	
12	0	0	0	0	470	507	
13	0	0	0	0	469	513	
14	0	0	0	0	467	523	
15	0	0	0	0	466	528	
0	0	0	0	0	467	530	
1	0	0	0	0	470	527	
2	0	0	0	0	473	518	
3	0	0	0	0	478	509	
4	0	0	0	0	484	499	
5	0	0	0	0	491	495	
6	0	0	0	0	493	490	
7	0	0	0	0	494	488	
8	0	0	0	0	494	487	
9	0	0	0	0	493	492	
10	0	0	0	0	492	496	
11	0	0	0	0	489	500	
12	0	0	0	0	492	501	
13	0	0	0	0	500	499	
14	0	0	0	0	507	497	
15	0	0	0	0	513	494	
0	0	0	0	0	515	490	
1	0	0	0	0	515	487	
2	0	0	0	0	517	486	
3	0	0	0	0	515	485	
4	0	0	0	0	511	483	
5	0	0	0	0	504	482	
6	0	0	0	0	494	480	
7	0	0	0	0	483	479	
8	0	0	0	0	471	478	
9	0	0	0	0	463	475	
10	0	0	0	0	458	476	
11	0	0	0	0	452	485	
12	0	0	0	0	448	497	
13	0	0	0	0	442	507	
14	0	0	0	0	434	510	
15	0	0	0	0	426	509	
0	0	0	0	0	422	507	
1	0	0	0	0	419	504	
2	0	0	0	0	420	499	
3	0	0	0	0	425	497	
4	0	0	0	0	436	497	
5	0	0	0	0	449	499	
6	0	0	0	0	462	500	
7	0	0	0	0	475	499	
8	0	0	0	0	484	497	
9	0	0	0	0	488	496	
10	0	0	0	0	493	496	
11	0	0	0	0	499	496	
12	0	0	0	0	504	492	
13	0	0	0	0	509	487	
14	0	0	0	0	510	483	
15	0	0	0	0	507	481	
0	0	0	0	0	501	479	
1	0	0	0	0	495	476	
2	0	0	0	0	489	470	
3	0	0	0	0	487	467	
4	0	0	0	0	486	464	
5	0	0	0	0	483	462	
6	0	0	0	0	480	463	
7	0	0	0	0	479	465	
8	0	0	0	0	480	468	
9	0	0	0	0	483	471	
10	0	0	0	0	484	474	
11	0	0	0	0	486	474	
12	0	0	0	0	488	471	
13	0	0	0	0	488	466	
14	0	0	0	0	487	462	
15	0	0	0	0	485	458	
0	0	0	0	0	484	452	
1	0	0	0	0	486	446	
2	0	0	0	0	492	443	
3	0	0	0	0	501	447	
4	0	0	0	0	510	455	
5	0	0	0	0	519	465	
6	0	0	0	0	525	473	
7	0	0	0	0	531	476	
8	0	0	0	0	538	476	
9	0	0	0	0	545	474	
10	0	0	0	0	550	477	
11	0	0	0	0	553	483	
12	0	0	0	0	553	488	
13	0	0	0	0	549	488	
14	0	0	0	0	542	491	
15	0	0	0	0	536	493	
0	0	0	0	0	531	497	
1	0	0	0	0	527	502	
2	0	0	0	0	526	503	
3	0	0	0	0	525	502	
4	0	0	0	0	524	502	
5	0	0	0	0	523	505	
6	0	0	0	0	521	505	
7	0	0	0	0	516	500	
8	0	0	0	0	510	493	
9	0	0	0	0	503	492	
10	0	0	0	0	496	494	
11	0	0	0	0	490	493	
12	0	0	0	0	489	494	
13	0	0	0	0	494	499	
14	0	0	0	0	510	507	
15	0	0	0	0	524	516	
0	0	0	0	0	536	523	
1	0	0	0	0	544	529	
2	0	0	0	0	547	535	
3	0	0	0	0	546	537	
4	0	0	0	0	545	531	
5	0	0	0	0	548	523	
6	0	0	0	0	548	513	
7	0	0	0	0	548	501	
8	0	0	0	0	543	492	
9	0	0	0	0	538	479	
10	0	0	0	0	535	466	
11	0	0	0	0	533	455	
12	0	0	0	0	528	445	
13	0	0	0	0	522	436	
14	0	0	0	0	518	434	
15	0	0	0	0	514	437	
0	0	0	0	0	512	439	
1	0	0	0	0	510	440	
2	0	0	0	0	508	439	
3	0	0	0	0	503	433	
4	0	0	0	0	496	431	
5	0	0	0	0	492	435	
6	0	0	0	0	487	439	
7	0	0	0	0	483	443	
8	0	0	0	0	475	444	
9	0	0	0	0	470	444	
10	0	0	0	0	467	441	
11	0	0	0	0	464	439	
12	0	0	0	0	461	438	
13	0	0	0	0	461	440	
14	0	0	0	0	464	442	
15	0	0	0	0	468	446	
0	0	0	0	0	473	454	
1	0	0	0	0	480	460	
2	0	0	0	0	483	464	
3	0	0	0	0	483	467	
4	0	0	0	0	480	467	
5	0	0	0	0	475	465	
6	0	0	0	0	467	464	
7	0	0	0	0	458	465	
8	0	0	0	0	446	467	
9	0	0	0	0	440	467	
10	0	0	0	0	430	470	
11	0	0	0	0	424	474	
12	0	0	0	0	420	482	
13	0	0	0	0	416	490	
14	0	0	0	0	415	493	
15	0	0	0	0	418	490	
0	0	0	0	0	421	486	
1	0	0	0	0	423	480	
2	0	0	0	0	427	473	
3	0	0	0	0	435	467	
4	0	0	0	0	441	460	
5	0	0	0	0	449	457	
6	0	0	0	0	454	455	
7	0	0	0	0	451	451	
8	0	0	0	0	452	447	
9	0	0	0	0	452	444	
10	0	0	0	0	456	442	
11	0	0	0	0	462	442	
12	0	0	0	0	471	442	
13	0	0	0	0	481	442	
14	0	0	0	0	487	444	
15	0	0	0	0	488	444	
0	0	0	0	0	493	447	
1	0	0	0	0	493	449	
2	0	0	0	0	489	456	
3	0	0	0	0	486	463	
4	0	0	0	0	480	473	
5	0	0	0	0	473	484	
6	0	0	0	0	469	494	
7	0	0	0	0	464	507	
8	0	0	0	0	466	516	
9	0	0	0	0	468	522	
10	0	0	0	0	469	522	
11	0	0	0	0	471	526	
12	0	0	0	0	475	532	
13	0	0	0	0	482	539	
14	0	0	0	0	491	541	
15	0	0	0	0	498	537	
0	0	0	0	0	502	531	
1	0	0	0	0	505	526	
2	0	0	0	0	508	524	
3	0	0	0	0	510	522	
4	0	0	0	0	511	522	
5	0	0	0	0	505	521	
6	0	0	0	0	498	519	
7	0	0	0	0	487	517	
8	0	0	0	0	478	518	
9	0	0	0	0	470	518	
10	0	0	0	0	464	523	
11	0	0	0	0	468	533	
12	0	0	0	0	473	542	
13	0	0	0	0	477	545	
14	0	0	0	0	478	545	
15	0	0	0	0	478	543	
0	0	0	0	0	475	539	
1	0	0	0	0	473	535	
2	0	0	0	0	469	529	
3	0	0	0	0	462	524	
4	0	0	0	0	456	519	
5	0	0	0	0	450	517	
6	0	0	0	0	444	515	
7	0	0	0	0	438	508	
8	0	0	0	0	439	496	
9	0	0	0	0	440	483	
10	0	0	0	0	442	479	
11	0	0	0	0	451	483	
12	0	0	0	0	462	492	
13	0	0	0	0	471	505	
14	0	0	0	0	476	516	
15	0	0	0	0	480	522	
0	0	0	0	0	484	525	
1	0	0	0	0	486	527	
2	0	0	0	0	482	531	
3	0	0	0	0	474	547	
4	0	0	0	0	468	568	
5	0	0	0	0	464	588	
6	0	0	0	0	462	601	
7	0	0	0	0	463	614	
8	0	0	0	0	462	620	
9	0	0	0	0	461	624	
10	0	0	0	0	458	620	
11	0	0	0	0	457	611	
12	0	0	0	0	454	597	
13	0	0	0	0	451	579	
14	0	0	0	0	447	556	
15	0	0	0	0	444	537	
0	0	0	0	0	441	527	
1	0	0	0	0	440	523	
2	0	0	0	0	441	517	
3	0	0	0	0	444	507	
4	0	0	0	0	444	497	
5	0	0	0	0	441	485	
6	0	0	0	0	437	471	
7	0	0	0	0	434	460	
8	0	0	0	0	433	452	
9	0	0	0	0	435	447	
10	0	0	0	0	444	447	
11	0	0	0	0	453	453	
12	0	0	0	0	460	461	
13	0	0	0	0	466	471	
14	0	0	0	0	468	475	
15	0	0	0	0	466	475	
0	0	0	0	0	460	472	
1	0	0	0	0	450	468	
2	0	0	0	0	439	461	
3	0	0	0	0	430	456	
4	0	0	0	0	423	456	
5	0	0	0	0	422	459	
6	0	0	0	0	423	464	
7	0	0	0	0	428	476	
8	0	0	0	0	432	482	
9	0	0	0	0	433	488	
10	0	0	0	0	436	492	
11	0	0	0	0	437	493	
12	0	0	0	0	440	494	
13	0	0	0	0	446	492	
14	0	0	0	0	449	493	
15	0	0	0	0	452	495	
0	0	0	0	0	451	494	
1	0	0	0	0	450	494	
2	0	0	0	0	449	491	
3	0	0	0	0	453	487	
4	0	0	0	0	457	484	
5	0	0	0	0	462	483	
6	0	0	0	0	467	483	
7	0	0	0	0	473	483	
8	0	0	0	0	478	483	
9	0	0	0	0	480	482	
10	0	0	0	0	479	476	
11	0	0	0	0	479	476	
12	0	0	0	0	481	483	
13	0	0	0	0	487	489	
14	0	0	0	0	491	497	
15	0	0	0	0	493	505	
0	0	0	0	0	494	512	
1	0	0	0	0	496	521	
2	0	0	0	0	498	533	
3	0	0	0	0	496	540	
4	0	0	0	0	492	548	
5	0	0	0	0	487	559	
6	0	0	0	0	483	568	
7	0	0	0	0	482	576	
8	0	0	0	0	481	579	
9	0	0	0	0	477	579	
10	0	0	0	0	471	573	
11	0	0	0	0	467	565	
12	0	0	0	0	462	559	
13	0	0	0	0	461	551	
14	0	0	0	0	460	540	
15	0	0	0	0	457	536	
0	0	0	0	0	455	532	
1	0	0	0	0	452	531	
2	0	0	0	0	451	532	
3	0	0	0	0	451	533	
4	0	0	0	0	452	531	
5	0	0	0	0	456	529	
6	0	0	0	0	464	532	
7	0	0	0	0	472	537	
8	0	0	0	0	480	544	
9	0	0	0	0	487	547	
10	0	0	0	0	493	545	
11	0	0	0	0	496	543	
12	0	0	0	0	495	539	
13	0	0	0	0	495	534	
14	0	0	0	0	493	534	
15	0	0	0	0	491	535	
0	0	0	0	0	488	536	
1	0	0	0	0	484	540	
2	0	0	0	0	483	543	
3	0	0	0	0	481	548	
4	0	0	0	0	480	554	
5	0	0	0	0	476	557	
6	0	0	0	0	471	559	
7	0	0	0	0	464	556	
8	0	0	0	0	457	549	
9	0	0	0	0	450	543	
10	0	0	0	0	444	536	
11	0	0	0	0	435	528	
12	0	0	0	0	428	526	
13	0	0	0	0	423	526	
14	0	0	0	0	420	526	
15	0	0	0	0	419	527	
0	0	0	0	0	421	524	
1	0	0	0	0	420	524	
2	0	0	0	0	419	522	
3	0	0	0	0	417	524	
4	0	0	0	0	415	525	
5	0	0	0	0	410	527	
6	0	0	0	0	409	529	
7	0	0	0	0	409	534	
8	0	0	0	0	415	545	
9	0	0	0	0	420	550	
10	0	0	0	0	424	555	
11	0	0	0	0	425	559	
12	0	0	0	0	425	566	
13	0	0	0	0	422	571	
14	0	0	0	0	423	578	
15	0	0	0	0	427	593	
0	0	0	0	0	439	609	
1	0	0	0	0	452	622	
2	0	0	0	0	462	624	
3	0	0	0	0	464	617	
4	0	0	0	0	463	604	
5	0	0	0	0	465	591	
6	0	0	0	0	468	579	
7	0	0	0	0	467	561	
8	0	0	0	0	463	542	
9	0	0	0	0	461	527	
10	0	0	0	0	458	517	
11	0	0	0	0	455	508	
12	0	0	0	0	451	498	
13	0	0	0	0	452	492	
14	0	0	0	0	457	487	
15	0	0	0	0	468	486	
0	0	0	0	0	478	490	
1	0	0	0	0	487	502	
2	0	0	0	0	500	514	
3	0	0	0	0	509	524	
4	0	0	0	0	513	534	
5	0	0	0	0	513	542	
6	0	0	0	0	510	553	
7	0	0	0	0	505	565	
8	0	0	0	0	503	573	
9	0	0	0	0	497	580	
10	0	0	0	0	492	587	
11	0	0	0	0	482	590	
12	0	0	0	0	473	595	
13	0	0	0	0	462	598	
14	0	0	0	0	451	598	
15	0	0	0	0	443	600	
0	0	0	0	0	436	598	
1	0	0	0	0	427	591	
2	0	0	0	0	423	581	
3	0	0	0	0	420	568	
4	0	0	0	0	417	556	
5	0	0	0	0	417	546	
6	0	0	0	0	420	539	
7	0	0	0	0	424	535	
8	0	0	0	0	427	536	
9	0	0	0	0	432	537	
10	0	0	0	0	436	539	
11	0	0	0	0	441	539	
12	0	0	0	0	443	532	
13	0	0	0	0	444	524	
14	0	0	0	0	449	523	
15	0	0	0	0	461	525	
0	0	0	0	0	476	529	
1	0	0	0	0	490	531	
2	0	0	0	0	501	532	
3	0	0	0	0	508	528	
4	0	0	0	0	511	521	
5	0	0	0	0	512	511	
6	0	0	0	0	511	504	
7	0	0	0	0	511	502	
8	0	0	0	0	508	499	
9	0	0	0	0	502	496	
10	0	0	0	0	498	492	
11	0	0	0	0	494	487	
12	0	0	0	0	490	484	
13	0	0	0	0	487	478	
14	0	0	0	0	480	475	
15	0	0	0	0	477	475	
0	0	0	0	0	474	479	
1	0	0	0	0	475	480	
2	0	0	0	0	471	476	
3	0	0	0	0	469	470	
4	0	0	0	0	469	465	
5	0	0	0	0	472	463	
6	0	0	0	0	476	465	
7	0	0	0	0	484	470	
8	0	0	0	0	491	480	
9	0	0	0	0	501	491	
10	0	0	0	0	510	505	
11	0	0	0	0	520	519	
12	0	0	0	0	527	531	
13	0	0	0	0	531	542	
14	0	0	0	0	534	551	
15	0	0	0	0	534	558	
0	0	0	0	0	534	560	
1	0	0	0	0	534	562	
2	0	0	0	0	530	563	
3	0	0	0	0	527	564	
4	0	0	0	0	527	563	
5	0	0	0	0	523	560	
6	0	0	0	0	516	563	
7	0	0	0	0	508	568	
8	0	0	0	0	501	574	
9	0	0	0	0	494	572	
10	0	0	0	0	491	563	
11	0	0	0	0	485	549	
12	0	0	0	0	477	535	
13	0	0	0	0	469	525	
14	0	0	0	0	466	519	
15	0	0	0	0	463	513	
0	0	0	0	0	461	508	
1	0	0	0	0	459	507	
2	0	0	0	0	458	505	
3	0	0	0	0	459	502	
4	0	0	0	0	457	498	
5	0	0	0	0	460	494	
6	0	0	0	0	466	484	
7	0	0	0	0	472	477	
8	0	0	0	0	480	475	
9	0	0	0	0	491	483	
10	0	0	0	0	499	496	
11	0	0	0	0	506	507	
12	0	0	0	0	511	515	
13	0	0	0	0	513	519	
14	0	0	0	0	513	524	
15	0	0	0	0	514	524	
0	0	0	0	0	513	524	
1	0	0	0	0	514	521	
2	0	0	0	0	514	523	
3	0	0	0	0	517	524	
4	0	0	0	0	522	525	
5	0	0	0	0	527	521	
6	0	0	0	0	528	518	
7	0	0	0	0	524	513	
8	0	0	0	0	516	512	
9	0	0	0	0	509	510	
10	0	0	0	0	499	507	
11	0	0	0	0	490	505	
12	0	0	0	0	482	505	
13	0	0	0	0	479	508	
14	0	0	0	0	478	509	
15	0	0	0	0	479	511	
0	0	0	0	0	477	512	
1	0	0	0	0	473	512	
2	0	0	0	0	472	513	
3	0	0	0	0	472	515	
4	0	0	0	0	470	515	
5	0	0	0	0	471	518	
6	0	0	0	0	475	520	
7	0	0	0	0	484	523	
8	0	0	0	0	497	526	
9	0	0	0	0	510	526	
10	0	0	0	0	517	521	
11	0	0	0	0	522	518	
12	0	0	0	0	527	519	
13	0	0	0	0	533	523	
14	0	0	0	0	537	522	
15	0	0	0	0	539	516	
0	0	0	0	0	537	506	
1	0	0	0	0	537	493	
2	0	0	0	0	536	486	
3	0	0	0	0	532	486	
4	0	0	0	0	531	490	
5	0	0	0	0	533	499	
6	0	0	0	0	535	508	
7	0	0	0	0	538	512	
8	0	0	0	0	542	514	
9	0	0	0	0	543	515	
10	0	0	0	0	547	513	
11	0	0	0	0	548	508	
12	0	0	0	0	548	503	
13	0	0	0	0	552	500	
14	0	0	0	0	558	496	
15	0	0	0	0	562	489	
0	0	0	0	0	562	478	
1	0	0	0	0	561	471	
2	0	0	0	0	560	466	
3	0	0	0	0	557	463	
4	0	0	0	0	559	462	
5	0	0	0	0	563	464	
6	0	0	0	0	566	470	
7	0	0	0	0	564	478	
8	0	0	0	0	560	486	
9	0	0	0	0	552	495	
10	0	0	0	0	543	500	
11	0	0	0	0	536	499	
12	0	0	0	0	533	499	
13	0	0	0	0	534	496	
14	0	0	0	0	538	492	
15	0	0	0	0	542	489	
0	0	0	0	0	544	490	
1	0	0	0	0	547	493	
2	0	0	0	0	551	499	
3	0	0	0	0	553	506	
4	0	0	0	0	553	510	
5	0	0	0	0	551	513	
6	0	0	0	0	547	515	
7	0	0	0	0	537	514	
8	0	0	0	0	526	516	
9	0	0	0	0	515	518	
10	0	0	0	0	505	522	
11	0	0	0	0	500	527	
12	0	0	0	0	493	539	
13	0	0	0	0	491	549	
14	0	0	0	0	488	558	
15	0	0	0	0	489	562	
0	0	0	0	0	488	568	
1	0	0	0	0	485	566	
2	0	0	0	0	478	563	
3	0	0	0	0	474	554	
4	0	0	0	0	474	547	
5	0	0	0	0	476	540	
6	0	0	0	0	482	530	
7	0	0	0	0	485	521	
8	0	0	0	0	486	518	
9	0	0	0	0	487	516	
10	0	0	0	0	486	515	
11	0	0	0	0	483	509	
12	0	0	0	0	482	498	
13	0	0	0	0	484	483	
14	0	0	0	0	485	470	
15	0	0	0	0	485	464	
0	0	0	0	0	487	467	
1	0	0	0	0	485	472	
2	0	0	0	0	482	479	
3	0	0	0	0	476	484	
4	0	0	0	0	466	487	
5	0	0	0	0	459	491	
6	0	0	0	0	454	496	
7	0	0	0	0	451	502	
8	0	0	0	0	449	508	
9	0	0	0	0	449	513	
10	0	0	0	0	453	517	
11	0	0	0	0	456	519	
12	0	0	0	0	463	521	
13	0	0	0	0	473	524	
14	0	0	0	0	485	528	
15	0	0	0	0	492	528	
0	0	0	0	0	496	526	
1	0	0	0	0	501	531	
2	0	0	0	0	507	535	
3	0	0	0	0	513	537	
4	0	0	0	0	515	536	
5	0	0	0	0	516	534	
6	0	0	0	0	511	527	
7	0	0	0	0	504	519	
8	0	0	0	0	495	513	
9	0	0	0	0	492	514	
10	0	0	0	0	492	518	
11	0	0	0	0	492	521	
12	0	0	0	0	494	529	
13	0	0	0	0	498	538	
14	0	0	0	0	505	547	
15	0	0	0	0	513	554	
0	0	0	0	0	518	558	
1	0	0	0	0	517	559	
2	0	0	0	0	512	561	
3	0	0	0	0	504	561	
4	0	0	0	0	496	562	
5	0	0	0	0	489	561	
6	0	0	0	0	484	559	
7	0	0	0	0	483	556	
8	0	0	0	0	480	555	
9	0	0	0	0	477	557	
10	0	0	0	0	477	559	
11	0	0	0	0	481	559	
12	0	0	0	0	487	556	
13	0	0	0	0	497	556	
14	0	0	0	0	510	558	
15	0	0	0	0	521	562	
0	0	0	0	0	529	564	
1	0	0	0	0	535	567	
2	0	0	0	0	541	565	
3	0	0	0	0	547	558	
4	0	0	0	0	551	545	
5	0	0	0	0	552	529	
6	0	0	0	0	549	511	
7	0	0	0	0	543	498	
8	0	0	0	0	535	490	
9	0	0	0	0	527	489	
10	0	0	0	0	521	493	
11	0	0	0	0	516	500	
12	0	0	0	0	512	510	
13	0	0	0	0	511	521	
14	0	0	0	0	516	528	
15	0	0	0	0	523	532	
0	0	0	0	0	531	535	
1	0	0	0	0	534	539	
2	0	0	0	0	537	543	
3	0	0	0	0	537	543	
4	0	0	0	0	536	544	
5	0	0	0	0	531	542	
6	0	0	0	0	521	535	
7	0	0	0	0	511	526	
8	0	0	0	0	504	523	
9	0	0	0	0	498	524	
10	0	0	0	0	494	530	
11	0	0	0	0	496	535	
12	0	0	0	0	498	540	
13	0	0	0	0	499	547	
14	0	0	0	0	505	552	
15	0	0	0	0	508	559	
0	0	0	0	0	511	563	
1	0	0	0	0	514	566	
2	0	0	0	0	521	565	
3	0	0	0	0	527	559	
4	0	0	0	0	532	555	
5	0	0	0	0	536	554	
6	0	0	0	0	537	556	
7	0	0	0	0	534	558	
8	0	0	0	0	530	559	
9	0	0	0	0	522	558	
10	0	0	0	0	515	557	
11	0	0	0	0	511	559	
12	0	0	0	0	504	558	
13	0	0	0	0	496	560	
14	0	0	0	0	487	559	
15	0	0	0	0	478	555	
0	0	0	0	0	471	553	
1	0	0	0	0	467	553	
2	0	0	0	0	467	560	
3	0	0	0	0	472	566	
4	0	0	0	0	479	569	
5	0	0	0	0	485	570	
6	0	0	0	0	489	568	
7	0	0	0	0	494	567	
8	0	0	0	0	502	565	
9	0	0	0	0	513	559	
10	0	0	0	0	524	559	
11	0	0	0	0	527	556	
12	0	0	0	0	527	556	
13	0	0	0	0	526	557	
14	0	0	0	0	526	556	
15	0	0	0	0	525	555	
0	0	0	0	0	521	553	
1	0	0	0	0	514	553	
2	0	0	0	0	508	549	
3	0	0	0	0	502	545	
4	0	0	0	0	499	539	
5	0	0	0	0	496	531	
6	0	0	0	0	496	526	
7	0	0	0	0	496	521	
8	0	0	0	0	496	521	
9	0	0	0	0	495	522	
10	0	0	0	0	496	520	
11	0	0	0	0	497	520	
12	0	0	0	0	496	517	
13	0	0	0	0	496	513	
14	0	0	0	0	495	511	
15	0	0	0	0	496	514	
0	0	0	0	0	504	526	
1	0	0	0	0	512	537	
2	0	0	0	0	518	543	
3	0	0	0	0	518	542	
4	0	0	0	0	515	543	
5	0	0	0	0	512	546	
6	0	0	0	0	508	551	
7	0	0	0	0	505	556	
8	0	0	0	0	503	560	
9	0	0	0	0	500	561	
10	0	0	0	0	499	559	
11	0	0	0	0	500	558	
12	0	0	0	0	501	558	
13	0	0	0	0	502	562	
14	0	0	0	0	503	566	
15	0	0	0	0	505	567	
0	0	0	0	0	507	561	
1	0	0	0	0	504	558	
2	0	0	0	0	496	553	
3	0	0	0	0	488	548	
4	0	0	0	0	484	542	
5	0	0	0	0	483	541	
6	0	0	0	0	487	541	
7	0	0	0	0	490	543	
8	0	0	0	0	495	548	
9	0	0	0	0	501	552	
10	0	0	0	0	511	556	
11	0	0	0	0	518	559	
12	0	0	0	0	521	559	
13	0	0	0	0	523	560	
14	0	0	0	0	523	556	
15	0	0	0	0	521	556	
0	0	0	0	0	517	559	
1	0	0	0	0	516	558	
2	0	0	0	0	512	551	
3	0	0	0	0	509	540	
4	0	0	0	0	507	526	
5	0	0	0	0	507	514	
6	0	0	0	0	507	504	
7	0	0	0	0	508	497	
8	0	0	0	0	516	493	
9	0	0	0	0	527	487	
10	0	0	0	0	539	481	
11	0	0	0	0	547	475	
12	0	0	0	0	552	472	
13	0	0	0	0	553	473	
14	0	0	0	0	550	480	
15	0	0	0	0	543	487	
0	0	0	0	0	533	495	
1	0	0	0	0	523	502	
2	0	0	0	0	506	508	
3	0	0	0	0	492	517	
4	0	0	0	0	482	525	
5	0	0	0	0	474	532	
6	0	0	0	0	465	539	
7	0	0	0	0	451	547	
8	0	0	0	0	440	558	
9	0	0	0	0	431	568	
10	0	0	0	0	422	583	
11	0	0	0	0	418	603	
12	0	0	0	0	415	621	
13	0	0	0	0	412	637	
14	0	0	0	0	407	646	
15	0	0	0	0	400	647	
0	0	0	0	0	393	644	
1	0	0	0	0	383	641	
2	0	0	0	0	375	647	
3	0	0	0	0	370	651	
4	0	0	0	0	367	656	
5	0	0	0	0	365	663	
6	0	0	0	0	368	672	
7	0	0	0	0	372	677	
8	0	0	0	0	377	679	
9	0	0	0	0	383	679	
10	0	0	0	0	386	680	
11	0	0	0	0	387	676	
12	0	0	0	0	387	672	
13	0	0	0	0	385	671	
14	0	0	0	0	384	670	
15	0	0	0	0	380	668	
0	0	0	0	0	380	664	
1	0	0	0	0	380	658	
2	0	0	0	0	376	654	
3	0	0	0	0	374	655	
4	0	0	0	0	373	656	
5	0	0	0	0	373	662	
6	0	0	0	0	377	671	
7	0	0	0	0	383	679	
8	0	0	0	0	390	688	
9	0	0	0	0	396	694	
10	0	0	0	0	402	692	
11	0	0	0	0	408	687	
12	0	0	0	0	415	676	
13	0	0	0	0	420	664	
14	0	0	0	0	424	655	
15	0	0	0	0	427	650	
0	0	0	0	0	425	649	
1	0	0	0	0	423	644	
2	0	0	0	0	422	641	
3	0	0	0	0	425	642	
4	0	0	0	0	429	643	
5	0	0	0	0	434	642	
6	0	0	0	0	440	643	
7	0	0	0	0	445	644	
8	0	0	0	0	451	644	
9	0	0	0	0	458	644	
10	0	0	0	0	461	643	
11	0	0	0	0	460	644	
12	0	0	0	0	459	641	
13	0	0	0	0	459	636	
14	0	0	0	0	458	636	
15	0	0	0	0	456	629	
0	0	0	0	0	454	628	
1	0	0	0	0	451	630	
2	0	0	0	0	451	627	
3	0	0	0	0	451	628	
4	0	0	0	0	455	625	
5	0	0	0	0	457	620	
6	0	0	0	0	458	612	
7	0	0	0	0	458	607	
8	0	0	0	0	455	606	
9	0	0	0	0	452	604	
10	0	0	0	0	452	598	
11	0	0	0	0	449	591	
12	0	0	0	0	449	588	
13	0	0	0	0	451	583	
14	0	0	0	0	454	581	
15	0	0	0	0	462	582	
0	0	0	0	0	470	579	
1	0	0	0	0	479	575	
2	0	0	0	0	492	582	
3	0	0	0	0	507	592	
4	0	0	0	0	516	603	
5	0	0	0	0	525	612	
6	0	0	0	0	531	620	
7	0	0	0	0	533	627	
8	0	0	0	0	533	627	
9	0	0	0	0	536	622	
10	0	0	0	0	538	615	
11	0	0	0	0	536	609	
12	0	0	0	0	532	603	
13	0	0	0	0	529	596	
14	0	0	0	0	527	595	
15	0	0	0	0	525	595	
0	0	0	0	0	522	597	
1	0	0	0	0	515	602	
2	0	0	0	0	505	602	
3	0	0	0	0	497	598	
4	0	0	0	0	489	593	
5	0	0	0	0	477	587	
6	0	0	0	0	468	580	
7	0	0	0	0	463	572	
8	0	0	0	0	465	563	
9	0	0	0	0	466	559	
10	0	0	0	0	467	556	
11	0	0	0	0	470	552	
12	0	0	0	0	469	552	
13	0	0	0	0	468	556	
14	0	0	0	0	463	558	
15	0	0	0	0	462	563	
0	0	0	0	0	460	568	
1	0	0	0	0	457	571	
2	0	0	0	0	453	568	
3	0	0	0	0	448	561	
4	0	0	0	0	443	553	
5	0	0	0	0	441	548	
6	0	0	0	0	441	548	
7	0	0	0	0	442	555	
8	0	0	0	0	444	559	
9	0	0	0	0	447	564	
10	0	0	0	0	453	563	
11	0	0	0	0	459	560	
12	0	0	0	0	462	557	
13	0	0	0	0	467	555	
14	0	0	0	0	473	555	
15	0	0	0	0	479	555	
0	0	0	0	0	486	548	
1	0	0	0	0	488	538	
2	0	0	0	0	488	530	
3	0	0	0	0	489	528	
4	0	0	0	0	491	531	
5	0	0	0	0	487	539	
6	0	0	0	0	485	549	
7	0	0	0	0	483	553	
8	0	0	0	0	481	555	
9	0	0	0	0	476	553	
10	0	0	0	0	474	551	
11	0	0	0	0	475	549	
12	0	0	0	0	472	547	
13	0	0	0	0	468	543	
14	0	0	0	0	466	537	
15	0	0	0	0	465	530	
0	0	0	0	0	468	521	
1	0	0	0	0	470	518	
2	0	0	0	0	473	519	
3	0	0	0	0	479	518	
4	0	0	0	0	480	515	
5	0	0	0	0	483	513	
6	0	0	0	0	485	515	
7	0	0	0	0	487	513	
8	0	0	0	0	485	515	
9	0	0	0	0	481	521	
10	0	0	0	0	479	531	
11	0	0	0	0	479	539	
12	0	0	0	0	476	543	
13	0	0	0	0	472	543	
14	0	0	0	0	472	541	
15	0	0	0	0	478	536	
0	0	0	0	0	480	535	
1	0	0	0	0	484	532	
2	0	0	0	0	487	534	
3	0	0	0	0	486	537	
4	0	0	0	0	485	537	
5	0	0	0	0	484	536	
6	0	0	0	0	485	536	
7	0	0	0	0	488	534	
8	0	0	0	0	494	531	
9	0	0	0	0	501	530	
10	0	0	0	0	506	527	
11	0	0	0	0	511	522	
12	0	0	0	0	515	519	
13	0	0	0	0	518	515	
14	0	0	0	0	520	514	
15	0	0	0	0	519	515	
0	0	0	0	0	519	518	
1	0	0	0	0	522	520	
2	0	0	0	0	519	519	
3	0	0	0	0	516	520	
4	0	0	0	0	513	521	
5	0	0	0	0	507	519	
6	0	0	0	0	496	514	
7	0	0	0	0	484	511	
8	0	0	0	0	474	509	
9	0	0	0	0	467	511	
10	0	0	0	0	463	514	
11	0	0	0	0	462	519	
12	0	0	0	0	462	523	
13	0	0	0	0	463	528	
14	0	0	0	0	465	529	
15	0	0	0	0	467	530	
0	0	0	0	0	471	530	
1	0	0	0	0	475	525	
2	0	0	0	0	478	521	
3	0	0	0	0	481	517	
4	0	0	0	0	481	513	
5	0	0	0	0	478	510	
6	0	0	0	0	474	507	
7	0	0	0	0	474	503	
8	0	0	0	0	475	500	
9	0	0	0	0	476	498	
10	0	0	0	0	476	499	
11	0	0	0	0	479	503	
12	0	0	0	0	486	508	
13	0	0	0	0	491	515	
14	0	0	0	0	497	519	
15	0	0	0	0	497	517	
0	0	0	0	0	494	514	
1	0	0	0	0	490	515	
2	0	0	0	0	486	515	
3	0	0	0	0	482	509	
4	0	0	0	0	479	505	
5	0	0	0	0	476	504	
6	0	0	0	0	477	506	
7	0	0	0	0	480	508	
8	0	0	0	0	483	512	
9	0	0	0	0	488	513	
10	0	0	0	0	492	514	
11	0	0	0	0	488	517	
12	0	0	0	0	487	523	
13	0	0	0	0	490	526	
14	0	0	0	0	495	533	
15	0	0	0	0	503	542	
0	0	0	0	0	509	550	
1	0	0	0	0	513	553	
2	0	0	0	0	519	554	
3	0	0	0	0	525	552	
4	0	0	0	0	523	543	
5	0	0	0	0	525	527	
6	0	0	0	0	528	515	
7	0	0	0	0	531	507	
8	0	0	0	0	531	499	
9	0	0	0	0	531	496	
10	0	0	0	0	529	496	
11	0	0	0	0	530	498	
12	0	0	0	0	532	499	
13	0	0	0	0	533	499	
14	0	0	0	0	536	504	
15	0	0	0	0	537	509	
0	0	0	0	0	536	515	
1	0	0	0	0	534	518	
2	0	0	0	0	531	518	
3	0	0	0	0	526	516	
4	0	0	0	0	521	509	
5	0	0	0	0	518	502	
6	0	0	0	0	517	500	
7	0	0	0	0	517	501	
8	0	0	0	0	521	502	
9	0	0	0	0	527	507	
10	0	0	0	0	532	511	
11	0	0	0	0	540	517	
12	0	0	0	0	547	519	
13	0	0	0	0	550	518	
14	0	0	0	0	550	521	
15	0	0	0	0	544	521	
0	0	0	0	0	536	520	
1	0	0	0	0	527	516	
2	0	0	0	0	519	512	
3	0	0	0	0	514	508	
4	0	0	0	0	511	503	
5	0	0	0	0	508	502	
6	0	0	0	0	506	508	
7	0	0	0	0	507	513	
8	0	0	0	0	505	515	
9	0	0	0	0	505	513	
10	0	0	0	0	507	510	
11	0	0	0	0	509	508	
12	0	0	0	0	511	509	
13	0	0	0	0	512	506	
14	0	0	0	0	513	504	
15	0	0	0	0	517	500	
0	0	0	0	0	521	495	
1	0	0	0	0	528	496	
2	0	0	0	0	531	498	
3	0	0	0	0	530	500	
4	0	0	0	0	529	508	
5	0	0	0	0	525	512	
6	0	0	0	0	525	514	
7	0	0	0	0	528	511	
8	0	0	0	0	536	510	
9	0	0	0	0	543	510	
10	0	0	0	0	546	512	
11	0	0	0	0	551	515	
12	0	0	0	0	557	517	
13	0	0	0	0	560	515	
14	0	0	0	0	562	512	
15	0	0	0	0	563	510	
0	0	0	0	0	562	505	
1	0	0	0	0	561	498	
2	0	0	0	0	562	494	
3	0	0	0	0	561	492	
4	0	0	0	0	555	492	
5	0	0	0	0	553	494	
6	0	0	0	0	551	492	
7	0	0	0	0	548	481	
8	0	0	0	0	546	465	
9	0	0	0	0	543	444	
10	0	0	0	0	542	427	
11	0	0	0	0	542	415	
12	0	0	0	0	544	415	
13	0	0	0	0	545	421	
14	0	0	0	0	545	425	
15	0	0	0	0	545	430	
0	0	0	0	0	547	431	
1	0	0	0	0	548	436	
2	0	0	0	0	548	447	
3	0	0	0	0	549	460	
4	0	0	0	0	553	472	
5	0	0	0	0	557	478	
6	0	0	0	0	558	478	
7	0	0	0	0	560	475	
8	0	0	0	0	561	468	
9	0	0	0	0	560	461	
10	0	0	0	0	559	450	
11	0	0	0	0	558	437	
12	0	0	0	0	553	429	
13	0	0	0	0	550	428	
14	0	0	0	0	549	432	
15	0	0	0	0	552	439	
0	0	0	0	0	556	451	
1	0	0	0	0	555	462	
2	0	0	0	0	558	473	
3	0	0	0	0	558	480	
4	0	0	0	0	553	483	
5	0	0	0	0	550	478	
6	0	0	0	0	547	469	
7	0	0	0	0	541	461	
8	0	0	0	0	540	456	
9	0	0	0	0	540	454	
10	0	0	0	0	538	455	
11	0	0	0	0	537	457	
12	0	0	0	0	537	461	
13	0	0	0	0	537	464	
14	0	0	0	0	537	463	
15	0	0	0	0	540	462	
0	0	0	0	0	543	460	
1	0	0	0	0	553	457	
2	0	0	0	0	562	454	
3	0	0	0	0	568	448	
4	0	0	0	0	569	437	
5	0	0	0	0	572	426	
6	0	0	0	0	576	423	
7	0	0	0	0	583	428	
8	0	0	0	0	588	436	
9	0	0	0	0	588	451	
10	0	0	0	0	586	473	
11	0	0	0	0	585	489	
12	0	0	0	0	583	499	
13	0	0	0	0	582	502	
14	0	0	0	0	579	504	
15	0	0	0	0	574	510	
0	0	0	0	0	567	513	
1	0	0	0	0	559	512	
2	0	0	0	0	555	515	
3	0	0	0	0	552	518	
4	0	0	0	0	549	520	
5	0	0	0	0	547	516	
6	0	0	0	0	547	509	
7	0	0	0	0	548	496	
8	0	0	0	0	553	486	
9	0	0	0	0	556	479	
10	0	0	0	0	557	476	
11	0	0	0	0	558	474	
12	0	0	0	0	558	472	
13	0	0	0	0	558	470	
14	0	0	0	0	557	468	
15	0	0	0	0	558	465	
0	0	0	0	0	559	463	
1	0	0	0	0	562	462	
2	0	0	0	0	564	459	
3	0	0	0	0	563	459	
4	0	0	0	0	563	458	
5	0	0	0	0	562	459	
6	0	0	0	0	563	455	
7	0	0	0	0	566	452	
8	0	0	0	0	568	452	
9	0	0	0	0	568	460	
10	0	0	0	0	568	474	
11	0	0	0	0	568	487	
12	0	0	0	0	566	497	
13	0	0	0	0	563	499	
14	0	0	0	0	561	493	
15	0	0	0	0	556	481	
0	0	0	0	0	556	468	
1	0	0	0	0	554	458	
2	0	0	0	0	553	455	
3	0	0	0	0	550	457	
4	0	0	0	0	547	463	
5	0	0	0	0	543	471	
6	0	0	0	0	536	480	
7	0	0	0	0	527	493	
8	0	0	0	0	516	507	
9	0	0	0	0	504	518	
10	0	0	0	0	498	529	
11	0	0	0	0	488	539	
12	0	0	0	0	480	546	
13	0	0	0	0	473	553	
14	0	0	0	0	468	554	
15	0	0	0	0	463	555	
0	0	0	0	0	460	553	
1	0	0	0	0	462	552	
2	0	0	0	0	462	550	
3	0	0	0	0	461	541	
4	0	0	0	0	462	527	
5	0	0	0	0	465	511	
6	0	0	0	0	467	498	
7	0	0	0	0	473	492	
8	0	0	0	0	480	494	
9	0	0	0	0	485	499	
10	0	0	0	0	492	508	
11	0	0	0	0	499	519	
12	0	0	0	0	501	528	
13	0	0	0	0	499	540	
14	0	0	0	0	496	551	
15	0	0	0	0	500	559	
0	0	0	0	0	512	559	
1	0	0	0	0	529	557	
2	0	0	0	0	546	553	
3	0	0	0	0	557	553	
4	0	0	0	0	556	553	
5	0	0	0	0	554	547	
6	0	0	0	0	549	539	
7	0	0	0	0	541	536	
8	0	0	0	0	530	536	
9	0	0	0	0	516	536	
10	0	0	0	0	505	527	
11	0	0	0	0	496	518	
12	0	0	0	0	486	511	
13	0	0	0	0	480	504	
14	0	0	0	0	481	497	
15	0	0	0	0	485	494	
0	0	0	0	0	492	495	
1	0	0	0	0	502	497	
2	0	0	0	0	511	504	
3	0	0	0	0	520	511	
4	0	0	0	0	523	513	
5	0	0	0	0	523	513	
6	0	0	0	0	521	513	
7	0	0	0	0	519	512	
8	0	0	0	0	516	511	
9	0	0	0	0	512	508	
10	0	0	0	0	512	504	
11	0	0	0	0	511	502	
12	0	0	0	0	506	504	
13	0	0	0	0	497	504	
14	0	0	0	0	493	504	
15	0	0	0	0	491	506	
0	0	0	0	0	490	507	
1	0	0	0	0	491	509	
2	0	0	0	0	492	511	
3	0	0	0	0	494	514	
4	0	0	0	0	497	513	
5	0	0	0	0	502	510	
6	0	0	0	0	507	502	
7	0	0	0	0	509	492	
8	0	0	0	0	511	485	
9	0	0	0	0	511	477	
10	0	0	0	0	509	469	
11	0	0	0	0	510	464	
12	0	0	0	0	514	460	
13	0	0	0	0	520	459	
14	0	0	0	0	527	459	
15	0	0	0	0	533	464	
0	0	0	0	0	537	471	
1	0	0	0	0	541	471	
2	0	0	0	0	542	464	
3	0	0	0	0	547	460	
4	0	0	0	0	556	459	
5	0	0	0	0	572	468	
6	0	0	0	0	583	480	
7	0	0	0	0	588	488	
8	0	0	0	0	590	498	
9	0	0	0	0	588	507	
10	0	0	0	0	582	516	
11	0	0	0	0	569	523	
12	0	0	0	0	551	520	
13	0	0	0	0	532	516	
14	0	0	0	0	512	513	
15	0	0	0	0	495	506	
0	0	0	0	0	486	503	
1	0	0	0	0	478	504	
2	0	0	0	0	476	503	
3	0	0	0	0	476	498	
4	0	0	0	0	477	492	
5	0	0	0	0	480	483	
6	0	0	0	0	485	476	
7	0	0	0	0	489	472	
8	0	0	0	0	493	472	
9	0	0	0	0	498	476	
10	0	0	0	0	502	484	
11	0	0	0	0	504	487	
12	0	0	0	0	510	487	
13	0	0	0	0	516	482	
14	0	0	0	0	524	477	
15	0	0	0	0	529	472	
0	0	0	0	0	536	468	
1	0	0	0	0	545	465	
2	0	0	0	0	553	471	
3	0	0	0	0	556	481	
4	0	0	0	0	555	495	
5	0	0	0	0	545	509	
6	0	0	0	0	529	524	
7	0	0	0	0	510	535	
8	0	0	0	0	492	547	
9	0	0	0	0	476	560	
10	0	0	0	0	464	568	
11	0	0	0	0	461	572	
12	0	0	0	0	455	577	
13	0	0	0	0	453	585	
14	0	0	0	0	449	591	
15	0	0	0	0	440	598	
0	0	0	0	0	429	604	
1	0	0	0	0	423	609	
2	0	0	0	0	422	618	
3	0	0	0	0	424	625	
4	0	0	0	0	427	632	
5	0	0	0	0	430	643	
6	0	0	0	0	432	654	
7	0	0	0	0	434	667	
8	0	0	0	0	431	680	
9	0	0	0	0	422	697	
10	0	0	0	0	415	711	
11	0	0	0	0	409	719	
12	0	0	0	0	400	720	
13	0	0	0	0	395	719	
14	0	0	0	0	396	718	
15	0	0	0	0	400	711	
0	0	0	0	0	409	703	
1	0	0	0	0	412	695	
2	0	0	0	0	415	688	
3	0	0	0	0	416	678	
4	0	0	0	0	413	674	
5	0	0	0	0	416	675	
6	0	0	0	0	416	676	
7	0	0	0	0	417	674	
8	0	0	0	0	421	669	
9	0	0	0	0	423	662	
10	0	0	0	0	425	657	
11	0	0	0	0	423	655	
12	0	0	0	0	422	653	
13	0	0	0	0	428	652	
14	0	0	0	0	440	650	
15	0	0	0	0	456	652	
0	0	0	0	0	471	660	
1	0	0	0	0	477	671	
2	0	0	0	0	479	676	
3	0	0	0	0	479	677	
4	0	0	0	0	478	668	
5	0	0	0	0	471	655	
6	0	0	0	0	456	639	
7	0	0	0	0	444	622	
8	0	0	0	0	432	610	
9	0	0	0	0	421	600	
10	0	0	0	0	412	591	
11	0	0	0	0	412	588	
12	0	0	0	0	418	590	
13	0	0	0	0	422	595	
14	0	0	0	0	431	600	
15	0	0	0	0	440	607	
0	0	0	0	0	447	616	
1	0	0	0	0	451	619	
2	0	0	0	0	454	623	
3	0	0	0	0	451	622	
4	0	0	0	0	449	619	
5	0	0	0	0	447	611	
6	0	0	0	0	445	604	
7	0	0	0	0	443	601	
8	0	0	0	0	439	596	
9	0	0	0	0	439	581	
10	0	0	0	0	440	571	
11	0	0	0	0	439	566	
12	0	0	0	0	439	562	
13	0	0	0	0	439	564	
14	0	0	0	0	438	566	
15	0	0	0	0	437	568	
0	0	0	0	0	440	573	
1	0	0	0	0	444	577	
2	0	0	0	0	449	575	
3	0	0	0	0	456	573	
4	0	0	0	0	464	566	
5	0	0	0	0	470	555	
6	0	0	0	0	472	543	
7	0	0	0	0	470	534	
8	0	0	0	0	468	530	
9	0	0	0	0	465	526	
10	0	0	0	0	461	526	
11	0	0	0	0	460	527	
12	0	0	0	0	460	531	
13	0	0	0	0	462	535	
14	0	0	0	0	469	540	
15	0	0	0	0	479	542	
0	0	0	0	0	487	546	
1	0	0	0	0	489	548	
2	0	0	0	0	489	547	
3	0	0	0	0	487	544	
4	0	0	0	0	481	542	
5	0	0	0	0	474	544	
6	0	0	0	0	468	547	
7	0	0	0	0	465	550	
8	0	0	0	0	461	551	
9	0	0	0	0	461	554	
10	0	0	0	0	461	552	
11	0	0	0	0	462	547	
12	0	0	0	0	461	536	
13	0	0	0	0	463	525	
14	0	0	0	0	465	514	
15	0	0	0	0	472	508	
0	0	0	0	0	476	506	
1	0	0	0	0	477	511	
2	0	0	0	0	475	521	
3	0	0	0	0	473	533	
4	0	0	0	0	473	535	
5	0	0	0	0	471	527	
6	0	0	0	0	469	519	
7	0	0	0	0	467	505	
8	0	0	0	0	465	492	
9	0	0	0	0	460	482	
10	0	0	0	0	457	474	
11	0	0	0	0	455	471	
12	0	0	0	0	452	472	
13	0	0	0	0	451	476	
14	0	0	0	0	451	482	
15	0	0	0	0	450	490	
0	0	0	0	0	448	500	
1	0	0	0	0	448	511	
2	0	0	0	0	451	519	
3	0	0	0	0	455	523	
4	0	0	0	0	459	525	
5	0	0	0	0	461	526	
6	0	0	0	0	460	527	
7	0	0	0	0	459	527	
8	0	0	0	0	455	531	
9	0	0	0	0	451	540	
10	0	0	0	0	447	546	
11	0	0	0	0	447	549	
12	0	0	0	0	450	544	
13	0	0	0	0	452	536	
14	0	0	0	0	448	525	
15	0	0	0	0	443	514	
0	0	0	0	0	441	503	
1	0	0	0	0	441	492	
2	0	0	0	0	441	484	
3	0	0	0	0	441	479	
4	0	0	0	0	444	474	
5	0	0	0	0	451	467	
6	0	0	0	0	462	460	
7	0	0	0	0	468	453	
8	0	0	0	0	467	449	
9	0	0	0	0	467	451	
10	0	0	0	0	468	455	
11	0	0	0	0	473	465	
12	0	0	0	0	477	477	
13	0	0	0	0	480	486	
14	0	0	0	0	483	496	
15	0	0	0	0	490	506	
0	0	0	0	0	499	512	
1	0	0	0	0	507	515	
2	0	0	0	0	514	518	
3	0	0	0	0	517	521	
4	0	0	0	0	512	520	
5	0	0	0	0	508	519	
6	0	0	0	0	502	515	
7	0	0	0	0	496	510	
8	0	0	0	0	492	506	
9	0	0	0	0	494	499	
10	0	0	0	0	500	488	
11	0	0	0	0	505	478	
12	0	0	0	0	508	470	
13	0	0	0	0	511	463	
14	0	0	0	0	512	459	
15	0	0	0	0	513	458	
0	0	0	0	0	519	464	
1	0	0	0	0	534	473	
2	0	0	0	0	550	483	
3	0	0	0	0	559	488	
4	0	0	0	0	562	492	
5	0	0	0	0	561	488	
6	0	0	0	0	557	486	
7	0	0	0	0	553	485	
8	0	0	0	0	542	487	
9	0	0	0	0	531	497	
10	0	0	0	0	521	510	
11	0	0	0	0	513	524	
12	0	0	0	0	511	540	
13	0	0	0	0	514	555	
14	0	0	0	0	516	565	
15	0	0	0	0	520	571	
0	0	0	0	0	521	574	
1	0	0	0	0	526	574	
2	0	0	0	0	529	574	
3	0	0	0	0	527	578	
4	0	0	0	0	525	577	
5	0	0	0	0	519	573	
6	0	0	0	0	514	564	
7	0	0	0	0	510	553	
8	0	0	0	0	508	543	
9	0	0	0	0	507	530	
10	0	0	0	0	512	524	
11	0	0	0	0	519	519	
12	0	0	0	0	525	515	
13	0	0	0	0	530	511	
14	0	0	0	0	535	509	
15	0	0	0	0	539	508	
0	0	0	0	0	542	508	
1	0	0	0	0	543	507	
2	0	0	0	0	546	504	
3	0	0	0	0	547	503	
4	0	0	0	0	549	503	
5	0	0	0	0	550	506	
6	0	0	0	0	548	510	
7	0	0	0	0	542	517	
8	0	0	0	0	539	517	
9	0	0	0	0	536	515	
10	0	0	0	0	536	513	
11	0	0	0	0	533	511	
12	0	0	0	0	531	510	
13	0	0	0	0	528	508	
14	0	0	0	0	530	517	
15	0	0	0	0	530	528	
0	0	0	0	0	528	535	
1	0	0	0	0	526	537	
2	0	0	0	0	523	531	
3	0	0	0	0	521	519	
4	0	0	0	0	519	505	
5	0	0	0	0	519	495	
6	0	0	0	0	519	487	
7	0	0	0	0	515	486	
8	0	0	0	0	509	485	
9	0	0	0	0	503	486	
10	0	0	0	0	498	487	
11	0	0	0	0	495	484	
12	0	0	0	0	493	472	
13	0	0	0	0	494	459	
14	0	0	0	0	498	451	
15	0	0	0	0	503	450	
0	0	0	0	0	511	452	
1	0	0	0	0	516	456	
2	0	0	0	0	521	463	
3	0	0	0	0	524	473	
4	0	0	0	0	527	483	
5	0	0	0	0	530	495	
6	0	0	0	0	531	510	
7	0	0	0	0	532	525	
8	0	0	0	0	533	540	
9	0	0	0	0	532	549	
10	0	0	0	0	528	551	
11	0	0	0	0	522	552	
12	0	0	0	0	518	551	
13	0	0	0	0	516	555	
14	0	0	0	0	514	562	
15	0	0	0	0	512	563	
0	0	0	0	0	511	562	
1	0	0	0	0	507	561	
2	0	0	0	0	500	552	
3	0	0	0	0	493	543	
4	0	0	0	0	492	534	
5	0	0	0	0	489	527	
6	0	0	0	0	491	518	
7	0	0	0	0	492	508	
8	0	0	0	0	494	497	
9	0	0	0	0	503	490	
10	0	0	0	0	514	485	
11	0	0	0	0	524	483	
12	0	0	0	0	533	484	
13	0	0	0	0	543	483	
14	0	0	0	0	556	486	
15	0	0	0	0	566	491	
0	0	0	0	0	573	492	
1	0	0	0	0	579	493	
2	0	0	0	0	582	487	
3	0	0	0	0	587	483	
4	0	0	0	0	589	477	
5	0	0	0	0	586	479	
6	0	0	0	0	582	483	
7	0	0	0	0	579	492	
8	0	0	0	0	577	497	
9	0	0	0	0	574	500	
10	0	0	0	0	570	502	
11	0	0	0	0	566	502	
12	0	0	0	0	560	502	
13	0	0	0	0	550	498	
14	0	0	0	0	540	493	
15	0	0	0	0	526	484	
0	0	0	0	0	513	477	
1	0	0	0	0	501	473	
2	0	0	0	0	495	468	
3	0	0	0	0	495	466	
4	0	0	0	0	496	463	
5	0	0	0	0	504	462	
6	0	0	0	0	512	461	
7	0	0	0	0	520	462	
8	0	0	0	0	527	462	
9	0	0	0	0	534	463	
10	0	0	0	0	541	465	
11	0	0	0	0	549	472	
12	0	0	0	0	555	480	
13	0	0	0	0	560	492	
14	0	0	0	0	563	501	
15	0	0	0	0	565	510	
0	0	0	0	0	568	518	
1	0	0	0	0	569	524	
2	0	0	0	0	569	530	
3	0	0	0	0	570	532	
4	0	0	0	0	571	534	
5	0	0	0	0	574	534	
6	0	0	0	0	575	536	
7	0	0	0	0	574	532	
8	0	0	0	0	569	527	
9	0	0	0	0	564	521	
10	0	0	0	0	558	512	
11	0	0	0	0	549	500	
12	0	0	0	0	542	496	
13	0	0	0	0	538	494	
14	0	0	0	0	533	498	
15	0	0	0	0	529	504	
0	0	0	0	0	528	512	
1	0	0	0	0	528	516	
2	0	0	0	0	527	515	
3	0	0	0	0	525	508	
4	0	0	0	0	521	504	
5	0	0	0	0	515	502	
6	0	0	0	0	508	502	
7	0	0	0	0	502	504	
8	0	0	0	0	501	510	
9	0	0	0	0	500	518	
10	0	0	0	0	499	522	
11	0	0	0	0	500	528	
12	0	0	0	0	503	536	
13	0	0	0	0	508	542	
14	0	0	0	0	516	545	
15	0	0	0	0	522	547	
0	0	0	0	0	526	545	
1	0	0	0	0	526	540	
2	0	0	0	0	526	536	
3	0	0	0	0	524	530	
4	0	0	0	0	525	524	
5	0	0	0	0	526	521	
6	0	0	0	0	529	520	
7	0	0	0	0	535	528	
8	0	0	0	0	540	539	
9	0	0	0	0	545	546	
10	0	0	0	0	550	544	
11	0	0	0	0	555	536	
12	0	0	0	0	559	524	
13	0	0	0	0	560	516	
14	0	0	0	0	562	512	
15	0	0	0	0	564	509	
0	0	0	0	0	563	506	
1	0	0	0	0	560	505	
2	0	0	0	0	556	500	
3	0	0	0	0	553	497	
4	0	0	0	0	548	494	
5	0	0	0	0	542	489	
6	0	0	0	0	534	488	
7	0	0	0	0	525	491	
8	0	0	0	0	514	492	
9	0	0	0	0	508	488	
10	0	0	0	0	503	487	
11	0	0	0	0	500	486	
12	0	0	0	0	504	489	
13	0	0	0	0	506	496	
14	0	0	0	0	507	512	
15	0	0	0	0	504	529	
0	0	0	0	0	498	540	
1	0	0	0	0	494	542	
2	0	0	0	0	493	544	
3	0	0	0	0	494	543	
4	0	0	0	0	496	538	
5	0	0	0	0	498	531	
6	0	0	0	0	503	527	
7	0	0	0	0	509	527	
8	0	0	0	0	514	527	
9	0	0	0	0	516	525	
10	0	0	0	0	517	522	
11	0	0	0	0	518	516	
12	0	0	0	0	516	514	
13	0	0	0	0	512	511	
14	0	0	0	0	507	502	
15	0	0	0	0	500	491	
0	0	0	0	0	496	480	
1	0	0	0	0	492	470	
2	0	0	0	0	489	461	
3	0	0	0	0	487	455	
4	0	0	0	0	484	454	
5	0	0	0	0	485	456	
6	0	0	0	0	486	456	
7	0	0	0	0	487	457	
8	0	0	0	0	488	455	
9	0	0	0	0	491	448	
10	0	0	0	0	493	446	
11	0	0	0	0	498	447	
12	0	0	0	0	503	453	
13	0	0	0	0	508	462	
14	0	0	0	0	514	476	
15	0	0	0	0	519	485	
0	0	0	0	0	521	487	
1	0	0	0	0	520	484	
2	0	0	0	0	519	481	
3	0	0	0	0	523	482	
4	0	0	0	0	524	482	
5	0	0	0	0	521	480	
6	0	0	0	0	517	477	
7	0	0	0	0	515	473	
8	0	0	0	0	513	468	
9	0	0	0	0	511	465	
10	0	0	0	0	506	464	
11	0	0	0	0	502	467	
12	0	0	0	0	497	468	
13	0	0	0	0	495	470	
14	0	0	0	0	495	473	
15	0	0	0	0	494	474	
0	0	0	0	0	487	469	
1	0	0	0	0	480	462	
2	0	0	0	0	475	454	
3	0	0	0	0	475	452	
4	0	0	0	0	479	459	
5	0	0	0	0	486	467	
6	0	0	0	0	497	474	
7	0	0	0	0	512	476	
8	0	0	0	0	524	474	
9	0	0	0	0	536	472	
10	0	0	0	0	547	469	
11	0	0	0	0	556	470	
12	0	0	0	0	558	472	
13	0	0	0	0	558	472	
14	0	0	0	0	557	471	
15	0	0	0	0	556	467	
0	0	0	0	0	551	464	
1	0	0	0	0	543	460	
2	0	0	0	0	533	457	
3	0	0	0	0	519	450	
4	0	0	0	0	505	444	
5	0	0	0	0	493	436	
6	0	0	0	0	484	432	
7	0	0	0	0	478	431	
8	0	0	0	0	475	430	
9	0	0	0	0	479	426	
10	0	0	0	0	485	421	
11	0	0	0	0	491	415	
12	0	0	0	0	492	413	
13	0	0	0	0	495	413	
14	0	0	0	0	494	422	
15	0	0	0	0	492	430	
0	0	0	0	0	492	435	
1	0	0	0	0	489	437	
2	0	0	0	0	483	438	
3	0	0	0	0	480	440	
4	0	0	0	0	481	444	
5	0	0	0	0	487	447	
6	0	0	0	0	499	448	
7	0	0	0	0	512	448	
8	0	0	0	0	528	451	
9	0	0	0	0	540	459	
10	0	0	0	0	544	462	
11	0	0	0	0	544	463	
12	0	0	0	0	545	462	
13	0	0	0	0	543	459	
14	0	0	0	0	537	459	
15	0	0	0	0	533	460	
0	0	0	0	0	527	463	
1	0	0	0	0	524	459	
2	0	0	0	0	519	454	
3	0	0	0	0	515	455	
4	0	0	0	0	511	453	
5	0	0	0	0	504	449	
6	0	0	0	0	501	445	
7	0	0	0	0	497	443	
8	0	0	0	0	494	440	
9	0	0	0	0	494	434	
10	0	0	0	0	495	431	
11	0	0	0	0	497	433	
12	0	0	0	0	502	436	
13	0	0	0	0	506	441	
14	0	0	0	0	512	454	
15	0	0	0	0	520	467	
0	0	0	0	0	526	480	
1	0	0	0	0	531	490	
2	0	0	0	0	538	499	
3	0	0	0	0	547	504	
4	0	0	0	0	556	508	
5	0	0	0	0	563	513	
6	0	0	0	0	565	512	
7	0	0	0	0	567	510	
8	0	0	0	0	568	505	
9	0	0	0	0	567	495	
10	0	0	0	0	567	481	
11	0	0	0	0	565	467	
12	0	0	0	0	560	453	
13	0	0	0	0	556	444	
14	0	0	0	0	554	435	
15	0	0	0	0	550	432	
0	0	0	0	0	547	432	
1	0	0	0	0	553	439	
2	0	0	0	0	560	448	
3	0	0	0	0	564	458	
4	0	0	0	0	567	467	
5	0	0	0	0	568	475	
6	0	0	0	0	566	481	
7	0	0	0	0	568	487	
8	0	0	0	0	569	492	
9	0	0	0	0	575	493	
10	0	0	0	0	583	495	
11	0	0	0	0	590	497	
12	0	0	0	0	598	496	
13	0	0	0	0	607	496	
14	0	0	0	0	608	502	
15	0	0	0	0	607	508	
0	0	0	0	0	604	514	
1	0	0	0	0	600	515	
2	0	0	0	0	598	512	
3	0	0	0	0	595	511	
4	0	0	0	0	594	509	
5	0	0	0	0	590	504	
6	0	0	0	0	587	503	
7	0	0	0	0	588	500	
8	0	0	0	0	589	500	
9	0	0	0	0	588	500	
10	0	0	0	0	583	500	
11	0	0	0	0	581	505	
12	0	0	0	0	581	509	
13	0	0	0	0	580	509	
14	0	0	0	0	577	504	
15	0	0	0	0	574	497	
0	0	0	0	0	571	493	
1	0	0	0	0	568	492	
2	0	0	0	0	567	495	
3	0	0	0	0	573	499	
4	0	0	0	0	579	505	
5	0	0	0	0	584	513	
6	0	0	0	0	592	519	
7	0	0	0	0	598	523	
8	0	0	0	0	604	527	
9	0	0	0	0	610	534	
10	0	0	0	0	617	541	
11	0	0	0	0	624	545	
12	0	0	0	0	625	543	
13	0	0	0	0	624	538	
14	0	0	0	0	620	529	
15	0	0	0	0	615	523	
0	0	0	0	0	609	519	
1	0	0	0	0	603	520	
2	0	0	0	0	600	526	
3	0	0	0	0	596	532	
4	0	0	0	0	593	531	
5	0	0	0	0	591	522	
6	0	0	0	0	593	511	
7	0	0	0	0	588	500	
8	0	0	0	0	581	495	
9	0	0	0	0	576	496	
10	0	0	0	0	574	508	
11	0	0	0	0	578	516	
12	0	0	0	0	584	523	
13	0	0	0	0	589	524	
14	0	0	0	0	591	527	
15	0	0	0	0	596	526	
0	0	0	0	0	607	523	
1	0	0	0	0	616	521	
2	0	0	0	0	624	516	
3	0	0	0	0	627	514	
4	0	0	0	0	628	513	
5	0	0	0	0	627	508	
6	0	0	0	0	623	504	
7	0	0	0	0	620	504	
8	0	0	0	0	616	508	
9	0	0	0	0	609	509	
10	0	0	0	0	600	508	
11	0	0	0	0	593	506	
12	0	0	0	0	586	506	
13	0	0	0	0	583	503	
14	0	0	0	0	582	501	
15	0	0	0	0	580	501	
0	0	0	0	0	579	502	
1	0	0	0	0	579	501	
2	0	0	0	0	581	505	
3	0	0	0	0	577	510	
4	0	0	0	0	573	515	
5	0	0	0	0	570	516	
6	0	0	0	0	568	515	
7	0	0	0	0	565	515	
8	0	0	0	0	563	512	
9	0	0	0	0	562	510	
10	0	0	0	0	560	504	
11	0	0	0	0	560	499	
12	0	0	0	0	559	493	
13	0	0	0	0	559	490	
14	0	0	0	0	560	486	
15	0	0	0	0	565	480	
0	0	0	0	0	574	473	
1	0	0	0	0	582	473	
2	0	0	0	0	585	470	
3	0	0	0	0	586	461	
4	0	0	0	0	583	450	
5	0	0	0	0	583	437	
6	0	0	0	0	584	430	
7	0	0	0	0	583	429	
8	0	0	0	0	580	431	
9	0	0	0	0	573	438	
10	0	0	0	0	569	448	
11	0	0	0	0	569	459	
12	0	0	0	0	566	470	
13	0	0	0	0	565	481	
14	0	0	0	0	570	495	
15	0	0	0	0	572	503	
0	0	0	0	0	575	506	
1	0	0	0	0	580	503	
2	0	0	0	0	583	501	
3	0	0	0	0	581	500	
4	0	0	0	0	579	497	
5	0	0	0	0	579	496	
6	0	0	0	0	578	496	
7	0	0	0	0	575	497	
8	0	0	0	0	568	502	
9	0	0	0	0	560	509	
10	0	0	0	0	557	519	
11	0	0	0	0	557	527	
12	0	0	0	0	561	532	
13	0	0	0	0	565	527	
14	0	0	0	0	568	512	
15	0	0	0	0	574	492	
0	0	0	0	0	582	470	
1	0	0	0	0	588	450	
2	0	0	0	0	594	432	
3	0	0	0	0	601	417	
4	0	0	0	0	611	401	
5	0	0	0	0	617	382	
6	0	0	0	0	627	361	
7	0	0	0	0	642	340	
8	0	0	0	0	655	335	
9	0	0	0	0	668	326	
10	0	0	0	0	681	325	
11	0	0	0	0	694	323	
12	0	0	0	0	704	315	
13	0	0	0	0	711	318	
14	0	0	0	0	713	318	
15	0	0	0	0	714	313	
0	0	0	0	0	713	321	
1	0	0	0	0	711	324	
2	0	0	0	0	711	335	
3	0	0	0	0	716	343	
4	0	0	0	0	719	342	
5	0	0	0	0	722	354	
6	0	0	0	0	722	360	
7	0	0	0	0	717	371	
8	0	0	0	0	707	377	
9	0	0	0	0	698	380	
10	0	0	0	0	689	382	
11	0	0	0	0	676	377	
12	0	0	0	0	662	367	
13	0	0	0	0	652	363	
14	0	0	0	0	644	355	
15	0	0	0	0	641	349	
0	0	0	0	0	643	355	
1	0	0	0	0	645	355	
2	0	0	0	0	643	356	
3	0	0	0	0	642	368	
4	0	0	0	0	640	375	
5	0	0	0	0	640	381	
6	0	0	0	0	639	386	
7	0	0	0	0	639	391	
8	0	0	0	0	640	402	
9	0	0	0	0	639	406	
10	0	0	0	0	637	399	
11	0	0	0	0	629	395	
12	0	0	0	0	620	383	
13	0	0	0	0	613	376	
14	0	0	0	0	611	374	
15	0	0	0	0	615	374	
0	0	0	0	0	621	377	
1	0	0	0	0	631	380	
2	0	0	0	0	639	377	
3	0	0	0	0	644	374	
4	0	0	0	0	647	372	
5	0	0	0	0	649	372	
6	0	0	0	0	647	379	
7	0	0	0	0	639	385	
8	0	0	0	0	630	394	
9	0	0	0	0	626	409	
10	0	0	0	0	625	416	
11	0	0	0	0	624	423	
12	0	0	0	0	624	428	
13	0	0	0	0	629	435	
14	0	0	0	0	632	437	
15	0	0	0	0	636	435	
0	0	0	0	0	642	431	
1	0	0	0	0	645	426	
2	0	0	0	0	650	422	
3	0	0	0	0	652	416	
4	0	0	0	0	653	404	
5	0	0	0	0	652	389	
6	0	0	0	0	647	380	
7	0	0	0	0	644	370	
8	0	0	0	0	638	358	
9	0	0	0	0	631	361	
10	0	0	0	0	623	360	
11	0	0	0	0	618	366	
12	0	0	0	0	612	375	
13	0	0	0	0	605	381	
14	0	0	0	0	598	388	
15	0	0	0	0	592	386	
0	0	0	0	0	586	383	
1	0	0	0	0	582	380	
2	0	0	0	0	583	379	
3	0	0	0	0	583	385	
4	0	0	0	0	586	387	
5	0	0	0	0	591	387	
6	0	0	0	0	599	384	
7	0	0	0	0	605	383	
8	0	0	0	0	607	384	
9	0	0	0	0	610	384	
10	0	0	0	0	611	387	
11	0	0	0	0	611	395	
12	0	0	0	0	611	395	
13	0	0	0	0	609	400	
14	0	0	0	0	603	406	
15	0	0	0	0	594	408	
0	0	0	0	0	583	414	
1	0	0	0	0	576	419	
2	0	0	0	0	575	429	
3	0	0	0	0	579	440	
4	0	0	0	0	583	447	
5	0	0	0	0	588	456	
6	0	0	0	0	596	459	
7	0	0	0	0	608	459	
8	0	0	0	0	615	457	
9	0	0	0	0	616	456	
10	0	0	0	0	611	451	
11	0	0	0	0	602	448	
12	0	0	0	0	589	446	
13	0	0	0	0	575	448	
14	0	0	0	0	560	449	
15	0	0	0	0	548	455	
0	0	0	0	0	539	465	
1	0	0	0	0	535	468	
2	0	0	0	0	536	461	
3	0	0	0	0	538	454	
4	0	0	0	0	540	447	
5	0	0	0	0	537	438	
6	0	0	0	0	532	432	
7	0	0	0	0	530	430	
8	0	0	0	0	532	431	
9	0	0	0	0	532	433	
10	0	0	0	0	533	436	
11	0	0	0	0	537	444	
12	0	0	0	0	549	445	
13	0	0	0	0	561	451	
14	0	0	0	0	568	455	
15	0	0	0	0	572	456	
0	0	0	0	0	575	455	
1	0	0	0	0	577	451	
2	0	0	0	0	575	452	
3	0	0	0	0	571	456	
4	0	0	0	0	568	462	
5	0	0	0	0	565	473	
6	0	0	0	0	563	481	
7	0	0	0	0	561	483	
8	0	0	0	0	558	481	
9	0	0	0	0	551	478	
10	0	0	0	0	544	475	
11	0	0	0	0	538	473	
12	0	0	0	0	534	469	
13	0	0	0	0	532	464	
14	0	0	0	0	531	461	
15	0	0	0	0	530	456	
0	0	0	0	0	531	450	
1	0	0	0	0	531	441	
2	0	0	0	0	528	435	
3	0	0	0	0	524	427	
4	0	0	0	0	521	422	
5	0	0	0	0	521	424	
6	0	0	0	0	524	431	
7	0	0	0	0	531	440	
8	0	0	0	0	542	451	
9	0	0	0	0	548	458	
10	0	0	0	0	552	463	
11	0	0	0	0	552	473	
12	0	0	0	0	552	478	
13	0	0	0	0	551	487	
14	0	0	0	0	551	494	
15	0	0	0	0	554	499	
0	0	0	0	0	552	495	
1	0	0	0	0	550	489	
2	0	0	0	0	546	485	
3	0	0	0	0	546	484	
4	0	0	0	0	547	485	
5	0	0	0	0	545	483	
6	0	0	0	0	545	478	
7	0	0	0	0	547	472	
8	0	0	0	0	547	467	
9	0	0	0	0	551	465	
10	0	0	0	0	555	467	
11	0	0	0	0	558	470	
12	0	0	0	0	557	471	
13	0	0	0	0	557	471	
14	0	0	0	0	553	462	
15	0	0	0	0	547	452	
0	0	0	0	0	544	445	
1	0	0	0	0	539	441	
2	0	0	0	0	535	441	
3	0	0	0	0	530	447	
4	0	0	0	0	530	450	
5	0	0	0	0	530	454	
6	0	0	0	0	531	457	
7	0	0	0	0	531	466	
8	0	0	0	0	531	476	
9	0	0	0	0	530	486	
10	0	0	0	0	529	496	
11	0	0	0	0	531	498	
12	0	0	0	0	535	498	
13	0	0	0	0	537	494	
14	0	0	0	0	538	488	
15	0	0	0	0	537	485	
0	0	0	0	0	536	488	
1	0	0	0	0	534	494	
2	0	0	0	0	531	502	
3	0	0	0	0	522	508	
4	0	0	0	0	515	511	
5	0	0	0	0	512	517	
6	0	0	0	0	507	520	
7	0	0	0	0	504	521	
8	0	0	0	0	499	523	
9	0	0	0	0	493	526	
10	0	0	0	0	490	527	
11	0	0	0	0	487	523	
12	0	0	0	0	486	518	
13	0	0	0	0	484	519	
14	0	0	0	0	479	517	
15	0	0	0	0	473	519	
0	0	0	0	0	470	519	
1	0	0	0	0	471	520	
2	0	0	0	0	471	521	
3	0	0	0	0	463	518	
4	0	0	0	0	457	511	
5	0	0	0	0	450	505	
6	0	0	0	0	447	501	
7	0	0	0	0	445	500	
8	0	0	0	0	445	503	
9	0	0	0	0	450	504	
10	0	0	0	0	460	502	
11	0	0	0	0	468	498	
12	0	0	0	0	476	497	
13	0	0	0	0	482	503	
14	0	0	0	0	487	511	
15	0	0	0	0	494	517	
0	0	0	0	0	499	524	
1	0	0	0	0	501	527	
2	0	0	0	0	505	525	
3	0	0	0	0	508	524	
4	0	0	0	0	513	525	
5	0	0	0	0	512	525	
6	0	0	0	0	510	519	
7	0	0	0	0	507	510	
8	0	0	0	0	501	499	
9	0	0	0	0	499	488	
10	0	0	0	0	499	486	
11	0	0	0	0	501	488	
12	0	0	0	0	504	494	
13	0	0	0	0	508	505	
14	0	0	0	0	508	513	
15	0	0	0	0	511	517	
0	0	0	0	0	512	512	
1	0	0	0	0	513	502	
2	0	0	0	0	515	486	
3	0	0	0	0	519	475	
4	0	0	0	0	525	473	
5	0	0	0	0	531	478	
6	0	0	0	0	536	487	
7	0	0	0	0	542	499	
8	0	0	0	0	543	508	
9	0	0	0	0	538	515	
10	0	0	0	0	526	521	
11	0	0	0	0	515	524	
12	0	0	0	0	504	528	
13	0	0	0	0	495	532	
14	0	0	0	0	483	528	
15	0	0	0	0	475	522	
0	0	0	0	0	468	518	
1	0	0	0	0	463	515	
2	0	0	0	0	460	515	
3	0	0	0	0	461	515	
4	0	0	0	0	466	518	
5	0	0	0	0	465	524	
6	0	0	0	0	463	527	
7	0	0	0	0	465	530	
8	0	0	0	0	472	534	
9	0	0	0	0	475	537	
10	0	0	0	0	479	542	
11	0	0	0	0	485	543	
12	0	0	0	0	488	544	
13	0	0	0	0	487	545	
14	0	0	0	0	481	545	
15	0	0	0	0	479	547	
0	0	0	0	0	475	552	
1	0	0	0	0	468	552	
2	0	0	0	0	465	546	
3	0	0	0	0	460	536	
4	0	0	0	0	455	530	
5	0	0	0	0	455	523	
6	0	0	0	0	454	518	
7	0	0	0	0	455	516	
8	0	0	0	0	455	512	
9	0	0	0	0	459	508	
10	0	0	0	0	464	507	
11	0	0	0	0	468	505	
12	0	0	0	0	466	506	
13	0	0	0	0	462	512	
14	0	0	0	0	456	516	
15	0	0	0	0	451	513	
0	0	0	0	0	446	510	
1	0	0	0	0	440	507	
2	0	0	0	0	435	505	
3	0	0	0	0	429	507	
4	0	0	0	0	427	510	
5	0	0	0	0	428	515	
6	0	0	0	0	435	520	
7	0	0	0	0	448	521	
8	0	0	0	0	456	526	
9	0	0	0	0	464	531	
10	0	0	0	0	467	534	
11	0	0	0	0	467	536	
12	0	0	0	0	467	535	
13	0	0	0	0	465	535	
14	0	0	0	0	467	535	
15	0	0	0	0	466	527	
0	0	0	0	0	463	522	
1	0	0	0	0	457	512	
2	0	0	0	0	449	508	
3	0	0	0	0	444	507	
4	0	0	0	0	439	505	
5	0	0	0	0	436	508	
6	0	0	0	0	436	509	
7	0	0	0	0	441	511	
8	0	0	0	0	449	515	
9	0	0	0	0	460	521	
10	0	0	0	0	472	521	
11	0	0	0	0	483	520	
12	0	0	0	0	492	520	
13	0	0	0	0	497	523	
14	0	0	0	0	500	519	
15	0	0	0	0	500	513	
0	0	0	0	0	497	508	
1	0	0	0	0	493	505	
2	0	0	0	0	484	500	
3	0	0	0	0	475	498	
4	0	0	0	0	467	499	
5	0	0	0	0	461	505	
6	0	0	0	0	456	510	
7	0	0	0	0	448	513	
8	0	0	0	0	441	516	
9	0	0	0	0	438	518	
10	0	0	0	0	435	521	
11	0	0	0	0	431	525	
12	0	0	0	0	427	529	
13	0	0	0	0	423	528	
14	0	0	0	0	420	524	
15	0	0	0	0	420	516	
0	0	0	0	0	420	508	
1	0	0	0	0	420	502	
2	0	0	0	0	420	499	
3	0	0	0	0	422	495	
4	0	0	0	0	421	493	
5	0	0	0	0	420	492	
6	0	0	0	0	421	495	
7	0	0	0	0	422	497	
8	0	0	0	0	426	500	
9	0	0	0	0	431	505	
10	0	0	0	0	434	508	
11	0	0	0	0	433	508	
12	0	0	0	0	432	510	
13	0	0	0	0	433	513	
14	0	0	0	0	439	516	
15	0	0	0	0	445	520	
0	0	0	0	0	456	521	
1	0	0	0	0	469	519	
2	0	0	0	0	483	514	
3	0	0	0	0	492	507	
4	0	0	0	0	496	500	
5	0	0	0	0	493	495	
6	0	0	0	0	490	492	
7	0	0	0	0	483	494	
8	0	0	0	0	477	495	
9	0	0	0	0	472	496	
10	0	0	0	0	474	500	
11	0	0	0	0	473	500	
12	0	0	0	0	470	499	
13	0	0	0	0	467	491	
14	0	0	0	0	465	481	
15	0	0	0	0	462	472	
0	0	0	0	0	458	468	
1	0	0	0	0	456	465	
2	0	0	0	0	455	465	
3	0	0	0	0	455	473	
4	0	0	0	0	455	483	
5	0	0	0	0	457	491	
6	0	0	0	0	461	493	
7	0	0	0	0	461	493	
8	0	0	0	0	460	490	
9	0	0	0	0	456	483	
10	0	0	0	0	453	474	
11	0	0	0	0	449	465	
12	0	0	0	0	447	457	
13	0	0	0	0	446	456	
14	0	0	0	0	445	454	
15	0	0	0	0	445	455	
0	0	0	0	0	444	455	
1	0	0	0	0	443	454	
2	0	0	0	0	439	448	
3	0	0	0	0	438	442	
4	0	0	0	0	441	441	
5	0	0	0	0	449	440	
6	0	0	0	0	456	438	
7	0	0	0	0	459	433	
8	0	0	0	0	464	430	
9	0	0	0	0	471	429	
10	0	0	0	0	478	432	
11	0	0	0	0	486	435	
12	0	0	0	0	495	439	
13	0	0	0	0	500	446	
14	0	0	0	0	497	459	
15	0	0	0	0	489	471	
0	0	0	0	0	474	481	
1	0	0	0	0	453	487	
2	0	0	0	0	436	494	
3	0	0	0	0	423	505	
4	0	0	0	0	413	520	
5	0	0	0	0	407	530	
6	0	0	0	0	404	541	
7	0	0	0	0	404	553	
8	0	0	0	0	407	563	
9	0	0	0	0	412	575	
10	0	0	0	0	415	583	
11	0	0	0	0	418	590	
12	0	0	0	0	414	593	
13	0	0	0	0	408	591	
14	0	0	0	0	400	589	
15	0	0	0	0	395	588	
0	0	0	0	0	395	587	
1	0	0	0	0	398	587	
2	0	0	0	0	403	582	
3	0	0	0	0	406	575	
4	0	0	0	0	410	566	
5	0	0	0	0	415	560	
6	0	0	0	0	424	561	
7	0	0	0	0	434	562	
8	0	0	0	0	440	563	
9	0	0	0	0	442	559	
10	0	0	0	0	443	553	
11	0	0	0	0	442	550	
12	0	0	0	0	440	550	
13	0	0	0	0	441	552	
14	0	0	0	0	440	555	
15	0	0	0	0	440	561	
0	0	0	0	0	445	566	
1	0	0	0	0	446	568	
2	0	0	0	0	448	564	
3	0	0	0	0	447	560	
4	0	0	0	0	452	556	
5	0	0	0	0	457	552	
6	0	0	0	0	462	544	
7	0	0	0	0	467	539	
8	0	0	0	0	469	536	
9	0	0	0	0	472	536	
10	0	0	0	0	477	541	
11	0	0	0	0	481	546	
12	0	0	0	0	484	550	
13	0	0	0	0	488	550	
14	0	0	0	0	492	549	
15	0	0	0	0	496	551	
0	0	0	0	0	502	554	
1	0	0	0	0	504	561	
2	0	0	0	0	501	567	
3	0	0	0	0	499	572	
4	0	0	0	0	500	577	
5	0	0	0	0	500	581	
6	0	0	0	0	504	587	
7	0	0	0	0	509	591	
8	0	0	0	0	515	593	
9	0	0	0	0	517	591	
10	0	0	0	0	519	588	
11	0	0	0	0	519	583	
12	0	0	0	0	519	576	
13	0	0	0	0	517	572	
14	0	0	0	0	511	570	
15	0	0	0	0	500	566	
0	0	0	0	0	491	564	
1	0	0	0	0	487	563	
2	0	0	0	0	486	559	
3	0	0	0	0	484	552	
4	0	0	0	0	483	540	
5	0	0	0	0	483	526	
6	0	0	0	0	483	511	
7	0	0	0	0	482	500	
8	0	0	0	0	481	492	
9	0	0	0	0	476	489	
10	0	0	0	0	470	490	
11	0	0	0	0	463	494	
12	0	0	0	0	457	501	
13	0	0	0	0	453	513	
14	0	0	0	0	448	526	
15	0	0	0	0	447	537	
0	0	0	0	0	447	548	
1	0	0	0	0	447	553	
2	0	0	0	0	447	563	
3	0	0	0	0	449	568	
4	0	0	0	0	453	574	
5	0	0	0	0	456	572	
6	0	0	0	0	459	570	
7	0	0	0	0	460	566	
8	0	0	0	0	457	563	
9	0	0	0	0	453	564	
10	0	0	0	0	450	563	
11	0	0	0	0	448	559	
12	0	0	0	0	443	556	
13	0	0	0	0	436	558	
14	0	0	0	0	431	561	
15	0	0	0	0	427	558	
0	0	0	0	0	426	555	
1	0	0	0	0	429	554	
2	0	0	0	0	433	555	
3	0	0	0	0	442	553	
4	0	0	0	0	448	551	
5	0	0	0	0	453	548	
6	0	0	0	0	455	540	
7	0	0	0	0	460	532	
8	0	0	0	0	469	527	
9	0	0	0	0	477	527	
10	0	0	0	0	483	529	
11	0	0	0	0	488	536	
12	0	0	0	0	494	543	
13	0	0	0	0	495	550	
14	0	0	0	0	496	555	
15	0	0	0	0	496	558	
0	0	0	0	0	499	560	
1	0	0	0	0	500	563	
2	0	0	0	0	502	566	
3	0	0	0	0	505	567	
4	0	0	0	0	506	565	
5	0	0	0	0	502	563	
6	0	0	0	0	496	560	
7	0	0	0	0	488	558	
8	0	0	0	0	479	557	
9	0	0	0	0	468	551	
10	0	0	0	0	457	547	
11	0	0	0	0	448	544	
12	0	0	0	0	440	548	
13	0	0	0	0	435	550	
14	0	0	0	0	432	548	
15	0	0	0	0	432	542	
0	0	0	0	0	435	534	
1	0	0	0	0	443	528	
2	0	0	0	0	451	522	
3	0	0	0	0	457	519	
4	0	0	0	0	465	520	
5	0	0	0	0	474	520	
6	0	0	0	0	480	516	
7	0	0	0	0	485	516	
8	0	0	0	0	489	518	
9	0	0	0	0	495	517	
10	0	0	0	0	497	513	
11	0	0	0	0	499	508	
12	0	0	0	0	496	501	
13	0	0	0	0	496	494	
14	0	0	0	0	492	488	
15	0	0	0	0	487	485	
0	0	0	0	0	484	484	
1	0	0	0	0	483	487	
2	0	0	0	0	485	488	
3	0	0	0	0	481	492	
4	0	0	0	0	479	495	
5	0	0	0	0	477	503	
6	0	0	0	0	478	514	
7	0	0	0	0	477	527	
8	0	0	0	0	478	540	
9	0	0	0	0	481	551	
10	0	0	0	0	482	557	
11	0	0	0	0	484	557	
12	0	0	0	0	485	556	
13	0	0	0	0	482	553	
14	0	0	0	0	481	549	
15	0	0	0	0	484	547	
0	0	0	0	0	491	547	
1	0	0	0	0	495	547	
2	0	0	0	0	504	543	
3	0	0	0	0	507	540	
4	0	0	0	0	510	536	
5	0	0	0	0	515	533	
6	0	0	0	0	525	531	
7	0	0	0	0	533	529	
8	0	0	0	0	537	524	
9	0	0	0	0	539	518	
10	0	0	0	0	537	511	
11	0	0	0	0	532	504	
12	0	0	0	0	527	499	
13	0	0	0	0	523	497	
14	0	0	0	0	519	500	
15	0	0	0	0	516	504	
0	0	0	0	0	515	509	
1	0	0	0	0	515	515	
2	0	0	0	0	511	520	
3	0	0	0	0	505	525	
4	0	0	0	0	502	532	
5	0	0	0	0	500	538	
6	0	0	0	0	500	543	
7	0	0	0	0	503	548	
8	0	0	0	0	507	550	
9	0	0	0	0	512	551	
10	0	0	0	0	511	546	
11	0	0	0	0	505	536	
12	0	0	0	0	502	530	
13	0	0	0	0	498	525	
14	0	0	0	0	493	521	
15	0	0	0	0	491	516	
0	0	0	0	0	494	510	
1	0	0	0	0	502	504	
2	0	0	0	0	513	502	
3	0	0	0	0	527	504	
4	0	0	0	0	541	507	
5	0	0	0	0	553	512	
6	0	0	0	0	566	522	
7	0	0	0	0	577	525	
8	0	0	0	0	584	526	
9	0	0	0	0	592	525	
10	0	0	0	0	596	523	
11	0	0	0	0	598	518	
12	0	0	0	0	596	510	
13	0	0	0	0	592	503	
14	0	0	0	0	585	495	
15	0	0	0	0	575	486	
0	0	0	0	0	560	479	
1	0	0	0	0	545	475	
2	0	0	0	0	531	469	
3	0	0	0	0	519	467	
4	0	0	0	0	509	471	
5	0	0	0	0	503	480	
6	0	0	0	0	497	488	
7	0	0	0	0	496	491	
8	0	0	0	0	498	492	
9	0	0	0	0	499	494	
10	0	0	0	0	497	496	
11	0	0	0	0	495	498	
12	0	0	0	0	495	499	
13	0	0	0	0	492	505	
14	0	0	0	0	493	517	
15	0	0	0	0	498	534	
0	0	0	0	0	501	544	
1	0	0	0	0	502	551	
2	0	0	0	0	503	556	
3	0	0	0	0	504	557	
4	0	0	0	0	502	561	
5	0	0	0	0	500	566	
6	0	0	0	0	496	568	
7	0	0	0	0	492	574	
8	0	0	0	0	486	575	
9	0	0	0	0	481	574	
10	0	0	0	0	476	571	
11	0	0	0	0	473	566	
12	0	0	0	0	468	563	
13	0	0	0	0	466	559	
14	0	0	0	0	465	554	
15	0	0	0	0	466	550	
0	0	0	0	0	464	545	
1	0	0	0	0	461	536	
2	0	0	0	0	457	527	
3	0	0	0	0	453	519	
4	0	0	0	0	450	510	
5	0	0	0	0	452	504	
6	0	0	0	0	459	503	
7	0	0	0	0	465	502	
8	0	0	0	0	472	503	
9	0	0	0	0	486	505	
10	0	0	0	0	498	511	
11	0	0	0	0	504	519	
12	0	0	0	0	507	531	
13	0	0	0	0	508	538	
14	0	0	0	0	513	545	
15	0	0	0	0	524	547	
0	0	0	0	0	535	546	
1	0	0	0	0	544	543	
2	0	0	0	0	550	536	
3	0	0	0	0	553	529	
4	0	0	0	0	557	525	
5	0	0	0	0	561	525	
6	0	0	0	0	561	527	
7	0	0	0	0	560	530	
8	0	0	0	0	559	532	
9	0	0	0	0	560	533	
10	0	0	0	0	558	532	
11	0	0	0	0	554	531	
12	0	0	0	0	548	533	
13	0	0	0	0	544	536	
14	0	0	0	0	543	535	
15	0	0	0	0	542	528	
0	0	0	0	0	541	517	
1	0	0	0	0	539	508	
2	0	0	0	0	536	504	
3	0	0	0	0	535	502	
4	0	0	0	0	535	500	
5	0	0	0	0	534	503	
6	0	0	0	0	536	506	
7	0	0	0	0	539	506	
8	0	0	0	0	545	507	
9	0	0	0	0	554	513	
10	0	0	0	0	566	523	
11	0	0	0	0	572	535	
12	0	0	0	0	570	543	
13	0	0	0	0	563	552	
14	0	0	0	0	555	559	
15	0	0	0	0	546	559	
0	0	0	0	0	540	557	
1	0	0	0	0	537	552	
2	0	0	0	0	535	545	
3	0	0	0	0	536	539	
4	0	0	0	0	536	538	
5	0	0	0	0	535	538	
6	0	0	0	0	536	536	
7	0	0	0	0	536	535	
8	0	0	0	0	537	534	
9	0	0	0	0	537	531	
10	0	0	0	0	537	523	
11	0	0	0	0	536	516	
12	0	0	0	0	532	514	
13	0	0	0	0	528	513	
14	0	0	0	0	524	512	
15	0	0	0	0	519	516	
0	0	0	0	0	519	519	
1	0	0	0	0	517	519	
2	0	0	0	0	515	521	
3	0	0	0	0	512	523	
4	0	0	0	0	510	526	
5	0	0	0	0	505	529	
6	0	0	0	0	503	527	
7	0	0	0	0	500	519	
8	0	0	0	0	494	516	
9	0	0	0	0	484	511	
10	0	0	0	0	479	505	
11	0	0	0	0	478	507	
12	0	0	0	0	481	516	
13	0	0	0	0	483	529	
14	0	0	0	0	486	542	
15	0	0	0	0	493	551	
0	0	0	0	0	494	552	
1	0	0	0	0	491	555	
2	0	0	0	0	491	553	
3	0	0	0	0	490	549	
4	0	0	0	0	490	544	
5	0	0	0	0	492	536	
6	0	0	0	0	490	535	
7	0	0	0	0	487	534	
8	0	0	0	0	482	534	
9	0	0	0	0	475	535	
10	0	0	0	0	473	540	
11	0	0	0	0	475	539	
12	0	0	0	0	484	542	
13	0	0	0	0	499	545	
14	0	0	0	0	513	550	
15	0	0	0	0	523	552	
0	0	0	0	0	529	553	
1	0	0	0	0	529	552	
2	0	0	0	0	527	550	
3	0	0	0	0	522	547	
4	0	0	0	0	513	544	
5	0	0	0	0	504	538	
6	0	0	0	0	496	537	
7	0	0	0	0	486	536	
8	0	0	0	0	475	536	
9	0	0	0	0	468	535	
10	0	0	0	0	463	532	
11	0	0	0	0	460	532	
12	0	0	0	0	459	534	
13	0	0	0	0	460	532	
14	0	0	0	0	464	534	
15	0	0	0	0	472	536	
0	0	0	0	0	480	537	
1	0	0	0	0	486	538	
2	0	0	0	0	492	537	
3	0	0	0	0	497	533	
4	0	0	0	0	501	527	
5	0	0	0	0	502	522	
6	0	0	0	0	502	515	
7	0	0	0	0	497	512	
8	0	0	0	0	491	512	
9	0	0	0	0	484	517	
10	0	0	0	0	478	525	
11	0	0	0	0	472	536	
12	0	0	0	0	467	544	
13	0	0	0	0	466	547	
14	0	0	0	0	464	550	
15	0	0	0	0	463	556	
0	0	0	0	0	464	563	
1	0	0	0	0	466	568	
2	0	0	0	0	467	567	
3	0	0	0	0	464	566	
4	0	0	0	0	466	563	
5	0	0	0	0	471	561	
6	0	0	0	0	477	558	
7	0	0	0	0	483	553	
8	0	0	0	0	486	549	
9	0	0	0	0	490	543	
10	0	0	0	0	489	540	
11	0	0	0	0	490	536	
12	0	0	0	0	489	536	
13	0	0	0	0	487	534	
14	0	0	0	0	486	534	
15	0	0	0	0	487	533	
0	0	0	0	0	485	533	
1	0	0	0	0	486	529	
2	0	0	0	0	488	528	
3	0	0	0	0	492	527	
4	0	0	0	0	495	527	
5	0	0	0	0	500	531	
6	0	0	0	0	504	535	
7	0	0	0	0	509	537	
8	0	0	0	0	509	536	
9	0	0	0	0	505	535	
10	0	0	0	0	502	532	
11	0	0	0	0	502	528	
12	0	0	0	0	503	523	
13	0	0	0	0	503	518	
14	0	0	0	0	501	514	
15	0	0	0	0	501	509	
0	0	0	0	0	501	507	
1	0	0	0	0	501	501	
2	0	0	0	0	504	502	
3	0	0	0	0	510	505	
4	0	0	0	0	518	515	
5	0	0	0	0	524	525	
6	0	0	0	0	527	534	
7	0	0	0	0	530	539	
8	0	0	0	0	536	537	
9	0	0	0	0	540	529	
10	0	0	0	0	540	521	
11	0	0	0	0	537	519	
12	0	0	0	0	533	523	
13	0	0	0	0	527	525	
14	0	0	0	0	519	528	
15	0	0	0	0	510	529	
0	0	0	0	0	500	526	
1	0	0	0	0	492	525	
2	0	0	0	0	482	531	
3	0	0	0	0	479	540	
4	0	0	0	0	476	547	
5	0	0	0	0	475	552	
6	0	0	0	0	476	550	
7	0	0	0	0	478	547	
8	0	0	0	0	478	543	
9	0	0	0	0	474	543	
10	0	0	0	0	471	547	
11	0	0	0	0	466	551	
12	0	0	0	0	463	555	
13	0	0	0	0	460	559	
14	0	0	0	0	452	564	
15	0	0	0	0	448	568	
0	0	0	0	0	447	575	
1	0	0	0	0	450	579	
2	0	0	0	0	454	579	
3	0	0	0	0	455	579	
4	0	0	0	0	453	573	
5	0	0	0	0	449	564	
6	0	0	0	0	448	556	
7	0	0	0	0	455	545	
8	0	0	0	0	465	535	
9	0	0	0	0	475	521	
10	0	0	0	0	481	511	
11	0	0	0	0	487	502	
12	0	0	0	0	493	492	
13	0	0	0	0	502	481	
14	0	0	0	0	513	476	
15	0	0	0	0	518	474	
0	0	0	0	0	515	473	
1	0	0	0	0	511	477	
2	0	0	0	0	506	481	
3	0	0	0	0	494	491	
4	0	0	0	0	483	507	
5	0	0	0	0	475	526	
6	0	0	0	0	467	544	
7	0	0	0	0	460	558	
8	0	0	0	0	454	568	
9	0	0	0	0	448	574	
10	0	0	0	0	439	582	
11	0	0	0	0	433	586	
12	0	0	0	0	432	593	
13	0	0	0	0	430	601	
14	0	0	0	0	427	606	
15	0	0	0	0	422	609	
0	0	0	0	0	419	608	
1	0	0	0	0	420	604	
2	0	0	0	0	420	599	
3	0	0	0	0	420	590	
4	0	0	0	0	426	579	
5	0	0	0	0	430	571	
6	0	0	0	0	435	559	
7	0	0	0	0	440	544	
8	0	0	0	0	447	529	
9	0	0	0	0	450	515	
10	0	0	0	0	453	504	
11	0	0	0	0	456	494	
12	0	0	0	0	457	486	
13	0	0	0	0	462	483	
14	0	0	0	0	463	482	
15	0	0	0	0	463	485	
0	0	0	0	0	466	488	
1	0	0	0	0	471	497	
2	0	0	0	0	472	505	
3	0	0	0	0	474	512	
4	0	0	0	0	476	515	
5	0	0	0	0	475	514	
6	0	0	0	0	476	512	
7	0	0	0	0	479	515	
8	0	0	0	0	490	522	
9	0	0	0	0	506	526	
10	0	0	0	0	522	528	
11	0	0	0	0	531	531	
12	0	0	0	0	534	535	
13	0	0	0	0	534	537	
14	0	0	0	0	534	538	
15	0	0	0	0	533	537	
0	0	0	0	0	534	537	
1	0	0	0	0	532	536	
2	0	0	0	0	530	531	
3	0	0	0	0	527	526	
4	0	0	0	0	524	520	
5	0	0	0	0	526	512	
6	0	0	0	0	527	505	
7	0	0	0	0	531	499	
8	0	0	0	0	532	500	
9	0	0	0	0	533	501	
10	0	0	0	0	533	505	
11	0	0	0	0	529	509	
12	0	0	0	0	524	513	
13	0	0	0	0	515	519	
14	0	0	0	0	511	526	
15	0	0	0	0	507	535	
0	0	0	0	0	502	545	
1	0	0	0	0	497	552	
2	0	0	0	0	495	559	
3	0	0	0	0	493	566	
4	0	0	0	0	493	569	
5	0	0	0	0	491	571	
6	0	0	0	0	490	568	
7	0	0	0	0	488	562	
8	0	0	0	0	492	553	
9	0	0	0	0	492	540	
10	0	0	0	0	492	526	
11	0	0	0	0	493	516	
12	0	0	0	0	496	505	
13	0	0	0	0	494	498	
14	0	0	0	0	487	492	
15	0	0	0	0	486	485	
0	0	0	0	0	486	479	
1	0	0	0	0	488	472	
2	0	0	0	0	488	463	
3	0	0	0	0	487	454	
4	0	0	0	0	489	447	
5	0	0	0	0	491	436	
6	0	0	0	0	493	424	
7	0	0	0	0	495	412	
8	0	0	0	0	497	408	
9	0	0	0	0	501	415	
10	0	0	0	0	506	432	
11	0	0	0	0	511	451	
12	0	0	0	0	512	470	
13	0	0	0	0	515	489	
14	0	0	0	0	521	505	
15	0	0	0	0	524	518	
0	0	0	0	0	524	528	
1	0	0	0	0	522	536	
2	0	0	0	0	519	543	
3	0	0	0	0	514	547	
4	0	0	0	0	511	547	
5	0	0	0	0	509	539	
6	0	0	0	0	508	525	
7	0	0	0	0	507	515	
8	0	0	0	0	505	505	
9	0	0	0	0	507	499	
10	0	0	0	0	508	494	
11	0	0	0	0	508	493	
12	0	0	0	0	507	493	
13	0	0	0	0	507	491	
14	0	0	0	0	506	488	
15	0	0	0	0	508	489	
0	0	0	0	0	508	492	
1	0	0	0	0	512	497	
2	0	0	0	0	519	504	
3	0	0	0	0	525	512	
4	0	0	0	0	522	523	
5	0	0	0	0	521	532	
6	0	0	0	0	524	536	
7	0	0	0	0	527	532	
8	0	0	0	0	528	530	
9	0	0	0	0	524	527	
10	0	0	0	0	519	526	
11	0	0	0	0	512	523	
12	0	0	0	0	503	518	
13	0	0	0	0	499	513	
14	0	0	0	0	494	507	
15	0	0	0	0	487	496	
0	0	0	0	0	486	485	
1	0	0	0	0	484	481	
2	0	0	0	0	486	486	
3	0	0	0	0	495	490	
4	0	0	0	0	505	496	
5	0	0	0	0	519	499	
6	0	0	0	0	531	502	
7	0	0	0	0	542	502	
8	0	0	0	0	552	498	
9	0	0	0	0	562	495	
10	0	0	0	0	572	494	
11	0	0	0	0	581	495	
12	0	0	0	0	585	494	
13	0	0	0	0	583	492	
14	0	0	0	0	583	490	
15	0	0	0	0	583	491	
0	0	0	0	0	577	495	
1	0	0	0	0	572	499	
2	0	0	0	0	567	499	
3	0	0	0	0	560	500	
4	0	0	0	0	556	502	
5	0	0	0	0	550	504	
6	0	0	0	0	546	508	
7	0	0	0	0	543	515	
8	0	0	0	0	541	516	
9	0	0	0	0	542	515	
10	0	0	0	0	543	518	
11	0	0	0	0	547	519	
12	0	0	0	0	552	519	
13	0	0	0	0	554	520	
14	0	0	0	0	555	521	
15	0	0	0	0	555	522	
0	0	0	0	0	552	520	
1	0	0	0	0	549	519	
2	0	0	0	0	548	516	
3	0	0	0	0	548	513	
4	0	0	0	0	549	515	
5	0	0	0	0	551	516	
6	0	0	0	0	552	517	
7	0	0	0	0	551	518	
8	0	0	0	0	552	517	
9	0	0	0	0	555	512	
10	0	0	0	0	558	508	
11	0	0	0	0	565	504	
12	0	0	0	0	571	496	
13	0	0	0	0	576	491	
14	0	0	0	0	577	494	
15	0	0	0	0	576	504	
0	0	0	0	0	573	515	
1	0	0	0	0	568	522	
2	0	0	0	0	558	525	
3	0	0	0	0	550	524	
4	0	0	0	0	545	517	
5	0	0	0	0	543	508	
6	0	0	0	0	543	501	
7	0	0	0	0	539	493	
8	0	0	0	0	538	486	
9	0	0	0	0	540	481	
10	0	0	0	0	544	478	
11	0	0	0	0	546	472	
12	0	0	0	0	550	465	
13	0	0	0	0	551	462	
14	0	0	0	0	551	462	
15	0	0	0	0	550	465	
0	0	0	0	0	543	474	
1	0	0	0	0	536	480	
2	0	0	0	0	534	483	
3	0	0	0	0	537	486	
4	0	0	0	0	543	491	
5	0	0	0	0	552	494	
6	0	0	0	0	561	497	
7	0	0	0	0	568	505	
8	0	0	0	0	570	508	
9	0	0	0	0	569	510	
10	0	0	0	0	568	513	
11	0	0	0	0	563	516	
12	0	0	0	0	556	520	
13	0	0	0	0	551	528	
14	0	0	0	0	549	539	
15	0	0	0	0	547	552	
0	0	0	0	0	543	558	
1	0	0	0	0	539	558	
2	0	0	0	0	535	551	
3	0	0	0	0	529	542	
4	0	0	0	0	524	532	
5	0	0	0	0	519	524	
6	0	0	0	0	513	519	
7	0	0	0	0	510	516	
8	0	0	0	0	507	513	
9	0	0	0	0	508	509	
10	0	0	0	0	510	502	
11	0	0	0	0	515	493	
12	0	0	0	0	522	486	
13	0	0	0	0	523	480	
14	0	0	0	0	522	478	
15	0	0	0	0	523	478	
0	0	0	0	0	519	480	
1	0	0	0	0	515	487	
2	0	0	0	0	514	498	
3	0	0	0	0	513	510	
4	0	0	0	0	512	519	
5	0	0	0	0	509	531	
6	0	0	0	0	505	543	
7	0	0	0	0	501	551	
8	0	0	0	0	495	558	
9	0	0	0	0	487	563	
10	0	0	0	0	480	563	
11	0	0	0	0	479	564	
12	0	0	0	0	479	567	
13	0	0	0	0	480	566	
14	0	0	0	0	483	566	
15	0	0	0	0	484	560	
0	0	0	0	0	487	552	
1	0	0	0	0	491	543	
2	0	0	0	0	496	532	
3	0	0	0	0	501	526	
4	0	0	0	0	504	524	
5	0	0	0	0	503	523	
6	0	0	0	0	500	524	
7	0	0	0	0	499	528	
8	0	0	0	0	495	533	
9	0	0	0	0	488	540	
10	0	0	0	0	483	541	
11	0	0	0	0	480	544	
12	0	0	0	0	477	546	
13	0	0	0	0	472	545	
14	0	0	0	0	465	543	
15	0	0	0	0	460	542	
0	0	0	0	0	458	540	
1	0	0	0	0	458	537	
2	0	0	0	0	460	532	
3	0	0	0	0	464	528	
4	0	0	0	0	469	521	
5	0	0	0	0	471	511	
6	0	0	0	0	471	504	
7	0	0	0	0	474	500	
8	0	0	0	0	476	497	
9	0	0	0	0	480	496	
10	0	0	0	0	484	497	
11	0	0	0	0	488	497	
12	0	0	0	0	494	497	
13	0	0	0	0	496	495	
14	0	0	0	0	495	491	
15	0	0	0	0	494	486	
0	0	0	0	0	492	481	
1	0	0	0	0	490	475	
2	0	0	0	0	490	472	
3	0	0	0	0	487	472	
4	0	0	0	0	479	474	
5	0	0	0	0	473	475	
6	0	0	0	0	474	478	
7	0	0	0	0	479	480	
8	0	0	0	0	483	479	
9	0	0	0	0	486	479	
10	0	0	0	0	486	482	
11	0	0	0	0	484	480	
12	0	0	0	0	482	481	
13	0	0	0	0	478	484	
14	0	0	0	0	475	483	
15	0	0	0	0	471	481	
0	0	0	0	0	471	479	
1	0	0	0	0	469	473	
2	0	0	0	0	470	470	
3	0	0	0	0	469	468	
4	0	0	0	0	466	468	
5	0	0	0	0	465	467	
6	0	0	0	0	461	462	
7	0	0	0	0	458	450	
8	0	0	0	0	453	432	
9	0	0	0	0	446	418	
10	0	0	0	0	441	410	
11	0	0	0	0	443	405	
12	0	0	0	0	449	403	
13	0	0	0	0	461	408	
14	0	0	0	0	475	415	
15	0	0	0	0	488	419	
0	0	0	0	0	504	425	
1	0	0	0	0	519	432	
2	0	0	0	0	535	440	
3	0	0	0	0	547	446	
4	0	0	0	0	554	455	
5	0	0	0	0	556	464	
6	0	0	0	0	558	477	
7	0	0	0	0	556	483	
8	0	0	0	0	551	485	
9	0	0	0	0	546	481	
10	0	0	0	0	540	478	
11	0	0	0	0	534	475	
12	0	0	0	0	524	474	
13	0	0	0	0	515	473	
14	0	0	0	0	507	468	
15	0	0	0	0	498	465	
0	0	0	0	0	492	462	
1	0	0	0	0	488	459	
2	0	0	0	0	484	459	
3	0	0	0	0	481	462	
4	0	0	0	0	483	465	
5	0	0	0	0	481	471	
6	0	0	0	0	483	470	
7	0	0	0	0	487	470	
8	0	0	0	0	491	468	
9	0	0	0	0	495	468	
10	0	0	0	0	501	471	
11	0	0	0	0	508	473	
12	0	0	0	0	512	468	
13	0	0	0	0	512	460	
14	0	0	0	0	509	447	
15	0	0	0	0	509	440	
0	0	0	0	0	511	438	
1	0	0	0	0	516	437	
2	0	0	0	0	519	440	
3	0	0	0	0	520	446	
4	0	0	0	0	521	447	
5	0	0	0	0	523	446	
6	0	0	0	0	524	444	
7	0	0	0	0	527	444	
8	0	0	0	0	529	449	
9	0	0	0	0	531	455	
10	0	0	0	0	534	463	
11	0	0	0	0	538	470	
12	0	0	0	0	541	475	
13	0	0	0	0	541	479	
14	0	0	0	0	543	483	
15	0	0	0	0	540	484	
0	0	0	0	0	536	483	
1	0	0	0	0	533	481	
2	0	0	0	0	533	475	
3	0	0	0	0	536	469	
4	0	0	0	0	539	462	
5	0	0	0	0	531	458	
6	0	0	0	0	517	455	
7	0	0	0	0	505	454	
8	0	0	0	0	495	456	
9	0	0	0	0	483	459	
10	0	0	0	0	473	464	
11	0	0	0	0	465	468	
12	0	0	0	0	456	465	
13	0	0	0	0	448	457	
14	0	0	0	0	444	449	
15	0	0	0	0	443	445	
0	0	0	0	0	450	448	
1	0	0	0	0	462	454	
2	0	0	0	0	473	460	
3	0	0	0	0	486	468	
4	0	0	0	0	496	476	
5	0	0	0	0	508	481	
6	0	0	0	0	522	486	
7	0	0	0	0	535	489	
8	0	0	0	0	543	489	
9	0	0	0	0	544	487	
10	0	0	0	0	541	486	
11	0	0	0	0	535	482	
12	0	0	0	0	524	475	
13	0	0	0	0	514	469	
14	0	0	0	0	505	463	
15	0	0	0	0	500	464	
0	0	0	0	0	500	463	
1	0	0	0	0	499	461	
2	0	0	0	0	497	457	
3	0	0	0	0	496	454	
4	0	0	0	0	491	449	
5	0	0	0	0	483	439	
6	0	0	0	0	477	432	
7	0	0	0	0	472	431	
8	0	0	0	0	469	432	
9	0	0	0	0	467	440	
10	0	0	0	0	465	446	
11	0	0	0	0	462	451	
12	0	0	0	0	463	460	
13	0	0	0	0	466	474	
14	0	0	0	0	467	485	
15	0	0	0	0	473	493	
0	0	0	0	0	483	498	
1	0	0	0	0	493	498	
2	0	0	0	0	503	495	
3	0	0	0	0	512	491	
4	0	0	0	0	519	488	
5	0	0	0	0	527	489	
6	0	0	0	0	532	492	
7	0	0	0	0	540	500	
8	0	0	0	0	546	507	
9	0	0	0	0	549	511	
10	0	0	0	0	550	517	
11	0	0	0	0	548	526	
12	0	0	0	0	545	534	
13	0	0	0	0	542	536	
14	0	0	0	0	539	535	
15	0	0	0	0	535	534	
0	0	0	0	0	529	536	
1	0	0	0	0	523	538	
2	0	0	0	0	519	539	
3	0	0	0	0	512	539	
4	0	0	0	0	504	536	
5	0	0	0	0	498	534	
6	0	0	0	0	494	530	
7	0	0	0	0	491	530	
8	0	0	0	0	490	534	
9	0	0	0	0	497	534	
10	0	0	0	0	503	537	
11	0	0	0	0	507	536	
12	0	0	0	0	515	536	
13	0	0	0	0	523	539	
14	0	0	0	0	523	541	
15	0	0	0	0	521	547	
0	0	0	0	0	518	556	
1	0	0	0	0	519	566	
2	0	0	0	0	523	573	
3	0	0	0	0	530	574	
4	0	0	0	0	536	567	
5	0	0	0	0	541	556	
6	0	0	0	0	547	540	
7	0	0	0	0	551	526	
8	0	0	0	0	551	520	
9	0	0	0	0	548	518	
10	0	0	0	0	544	521	
11	0	0	0	0	538	528	
12	0	0	0	0	526	534	
13	0	0	0	0	512	543	
14	0	0	0	0	499	547	
15	0	0	0	0	487	551	
0	0	0	0	0	475	551	
1	0	0	0	0	467	556	
2	0	0	0	0	460	562	
3	0	0	0	0	457	568	
4	0	0	0	0	456	573	
5	0	0	0	0	458	580	
6	0	0	0	0	460	584	
7	0	0	0	0	460	589	
8	0	0	0	0	463	598	
9	0	0	0	0	469	603	
10	0	0	0	0	474	608	
11	0	0	0	0	477	609	
12	0	0	0	0	478	609	
13	0	0	0	0	476	606	
14	0	0	0	0	473	599	
15	0	0	0	0	474	586	
0	0	0	0	0	471	574	
1	0	0	0	0	472	563	
2	0	0	0	0	471	557	
3	0	0	0	0	468	558	
4	0	0	0	0	461	559	
5	0	0	0	0	453	556	
6	0	0	0	0	447	549	
7	0	0	0	0	440	541	
8	0	0	0	0	433	540	
9	0	0	0	0	426	540	
10	0	0	0	0	417	550	
11	0	0	0	0	414	559	
12	0	0	0	0	406	569	
13	0	0	0	0	399	577	
14	0	0	0	0	398	583	
15	0	0	0	0	397	588	
0	0	0	0	0	397	591	
1	0	0	0	0	402	592	
2	0	0	0	0	408	591	
3	0	0	0	0	415	592	
4	0	0	0	0	419	587	
5	0	0	0	0	415	579	
6	0	0	0	0	410	571	
7	0	0	0	0	405	566	
8	0	0	0	0	403	566	
9	0	0	0	0	403	563	
10	0	0	0	0	406	560	
11	0	0	0	0	411	560	
12	0	0	0	0	415	567	
13	0	0	0	0	417	572	
14	0	0	0	0	418	578	
15	0	0	0	0	420	582	
0	0	0	0	0	424	588	
1	0	0	0	0	427	595	
2	0	0	0	0	431	600	
3	0	0	0	0	430	603	
4	0	0	0	0	429	606	
5	0	0	0	0	430	606	
6	0	0	0	0	432	604	
7	0	0	0	0	432	602	
8	0	0	0	0	433	596	
9	0	0	0	0	436	585	
10	0	0	0	0	439	572	
11	0	0	0	0	444	562	
12	0	0	0	0	448	556	
13	0	0	0	0	448	549	
14	0	0	0	0	446	541	
15	0	0	0	0	445	532	
0	0	0	0	0	444	527	
1	0	0	0	0	443	523	
2	0	0	0	0	440	525	
3	0	0	0	0	439	528	
4	0	0	0	0	441	535	
5	0	0	0	0	447	541	
6	0	0	0	0	455	547	
7	0	0	0	0	470	551	
8	0	0	0	0	481	555	
9	0	0	0	0	492	557	
10	0	0	0	0	498	561	
11	0	0	0	0	503	566	
12	0	0	0	0	499	566	
13	0	0	0	0	495	566	
14	0	0	0	0	488	567	
15	0	0	0	0	484	567	
0	0	0	0	0	486	569	
1	0	0	0	0	488	572	
2	0	0	0	0	494	575	
3	0	0	0	0	497	572	
4	0	0	0	0	499	564	
5	0	0	0	0	502	549	
6	0	0	0	0	505	529	
7	0	0	0	0	507	510	
8	0	0	0	0	510	493	
9	0	0	0	0	518	481	
10	0	0	0	0	524	479	
11	0	0	0	0	527	479	
12	0	0	0	0	527	480	
13	0	0	0	0	523	480	
14	0	0	0	0	518	483	
15	0	0	0	0	510	487	
0	0	0	0	0	504	491	
1	0	0	0	0	500	496	
2	0	0	0	0	499	504	
3	0	0	0	0	499	512	
4	0	0	0	0	502	521	
5	0	0	0	0	510	536	
6	0	0	0	0	515	547	
7	0	0	0	0	521	553	
8	0	0	0	0	525	557	
9	0	0	0	0	527	558	
10	0	0	0	0	526	558	
11	0	0	0	0	524	559	
12	0	0	0	0	519	560	
13	0	0	0	0	512	563	
14	0	0	0	0	504	568	
15	0	0	0	0	497	569	
0	0	0	0	0	491	568	
1	0	0	0	0	487	563	
2	0	0	0	0	479	552	
3	0	0	0	0	476	538	
4	0	0	0	0	469	525	
5	0	0	0	0	460	517	
6	0	0	0	0	454	515	
7	0	0	0	0	455	517	
8	0	0	0	0	458	520	
9	0	0	0	0	459	528	
10	0	0	0	0	459	533	
11	0	0	0	0	460	534	
12	0	0	0	0	458	531	
13	0	0	0	0	459	527	
14	0	0	0	0	457	524	
15	0	0	0	0	455	519	
0	0	0	0	0	454	520	
1	0	0	0	0	454	523	
2	0	0	0	0	452	524	
3	0	0	0	0	450	522	
4	0	0	0	0	451	523	
5	0	0	0	0	455	524	
6	0	0	0	0	461	527	
7	0	0	0	0	468	530	
8	0	0	0	0	472	534	
9	0	0	0	0	473	536	
10	0	0	0	0	473	539	
11	0	0	0	0	475	537	
12	0	0	0	0	477	535	
13	0	0	0	0	480	535	
14	0	0	0	0	481	533	
15	0	0	0	0	478	529	
0	0	0	0	0	468	523	
1	0	0	0	0	459	514	
2	0	0	0	0	449	506	
3	0	0	0	0	439	504	
4	0	0	0	0	437	507	
5	0	0	0	0	438	509	
6	0	0	0	0	439	508	
7	0	0	0	0	440	506	
8	0	0	0	0	444	504	
9	0	0	0	0	451	504	
10	0	0	0	0	460	501	
11	0	0	0	0	467	500	
12	0	0	0	0	471	497	
13	0	0	0	0	475	494	
14	0	0	0	0	473	491	
15	0	0	0	0	473	491	
0	0	0	0	0	477	494	
1	0	0	0	0	483	492	
2	0	0	0	0	490	490	
3	0	0	0	0	494	489	
4	0	0	0	0	494	494	
5	0	0	0	0	492	503	
6	0	0	0	0	489	513	
7	0	0	0	0	484	521	
8	0	0	0	0	477	525	
9	0	0	0	0	472	528	
10	0	0	0	0	480	533	
11	0	0	0	0	487	540	
12	0	0	0	0	494	548	
13	0	0	0	0	501	557	
14	0	0	0	0	508	564	
15	0	0	0	0	519	572	
0	0	0	0	0	525	582	
1	0	0	0	0	527	592	
2	0	0	0	0	529	601	
3	0	0	0	0	532	606	
4	0	0	0	0	534	604	
5	0	0	0	0	533	594	
6	0	0	0	0	530	580	
7	0	0	0	0	529	560	
8	0	0	0	0	526	541	
9	0	0	0	0	522	520	
10	0	0	0	0	517	505	
11	0	0	0	0	511	496	
12	0	0	0	0	503	495	
13	0	0	0	0	494	496	
14	0	0	0	0	487	498	
15	0	0	0	0	479	499	
0	0	0	0	0	475	502	
1	0	0	0	0	475	506	
2	0	0	0	0	476	510	
3	0	0	0	0	481	519	
4	0	0	0	0	485	527	
5	0	0	0	0	486	538	
6	0	0	0	0	488	551	
7	0	0	0	0	489	564	
8	0	0	0	0	492	575	
9	0	0	0	0	492	584	
10	0	0	0	0	489	588	
11	0	0	0	0	485	587	
12	0	0	0	0	480	585	
13	0	0	0	0	478	584	
14	0	0	0	0	479	580	
15	0	0	0	0	478	581	
0	0	0	0	0	476	581	
1	0	0	0	0	477	581	
2	0	0	0	0	474	581	
3	0	0	0	0	472	577	
4	0	0	0	0	467	574	
5	0	0	0	0	461	566	
6	0	0	0	0	454	560	
7	0	0	0	0	448	555	
8	0	0	0	0	447	551	
9	0	0	0	0	449	549	
10	0	0	0	0	454	549	
11	0	0	0	0	464	550	
12	0	0	0	0	476	554	
13	0	0	0	0	486	554	
14	0	0	0	0	491	551	
15	0	0	0	0	496	546	
0	0	0	0	0	500	543	
1	0	0	0	0	501	542	
2	0	0	0	0	504	544	
3	0	0	0	0	506	547	
4	0	0	0	0	508	548	
5	0	0	0	0	508	551	
6	0	0	0	0	506	556	
7	0	0	0	0	505	561	
8	0	0	0	0	508	569	
9	0	0	0	0	515	573	
10	0	0	0	0	520	569	
11	0	0	0	0	525	562	
12	0	0	0	0	534	557	
13	0	0	0	0	545	551	
14	0	0	0	0	552	543	
15	0	0	0	0	559	532	
0	0	0	0	0	564	523	
1	0	0	0	0	565	515	
2	0	0	0	0	564	502	
3	0	0	0	0	561	492	
4	0	0	0	0	558	484	
5	0	0	0	0	552	480	
6	0	0	0	0	546	478	
7	0	0	0	0	542	478	
8	0	0	0	0	536	483	
9	0	0	0	0	531	489	
10	0	0	0	0	527	498	
11	0	0	0	0	524	508	
12	0	0	0	0	518	515	
13	0	0	0	0	512	518	
14	0	0	0	0	505	516	
15	0	0	0	0	497	511	
0	0	0	0	0	496	510	
1	0	0	0	0	496	512	
2	0	0	0	0	495	517	
3	0	0	0	0	491	525	
4	0	0	0	0	487	532	
5	0	0	0	0	487	536	
6	0	0	0	0	490	537	
7	0	0	0	0	495	539	
8	0	0	0	0	498	540	
9	0	0	0	0	502	542	
10	0	0	0	0	506	545	
11	0	0	0	0	507	550	
12	0	0	0	0	510	554	
13	0	0	0	0	516	558	
14	0	0	0	0	526	566	
15	0	0	0	0	532	576	
0	0	0	0	0	535	585	
1	0	0	0	0	538	587	
2	0	0	0	0	536	587	
3	0	0	0	0	530	583	
4	0	0	0	0	528	575	
5	0	0	0	0	528	563	
6	0	0	0	0	528	552	
7	0	0	0	0	529	546	
8	0	0	0	0	532	543	
9	0	0	0	0	531	543	
10	0	0	0	0	534	547	
11	0	0	0	0	538	554	
12	0	0	0	0	543	557	
13	0	0	0	0	545	559	
14	0	0	0	0	549	558	
15	0	0	0	0	551	555	
0	0	0	0	0	545	550	
1	0	0	0	0	540	546	
2	0	0	0	0	536	542	
3	0	0	0	0	537	540	
4	0	0	0	0	539	543	
5	0	0	0	0	543	545	
6	0	0	0	0	548	543	
7	0	0	0	0	552	540	
8	0	0	0	0	555	536	
9	0	0	0	0	558	534	
10	0	0	0	0	557	534	
11	0	0	0	0	555	538	
12	0	0	0	0	557	544	
13	0	0	0	0	560	551	
14	0	0	0	0	561	558	
15	0	0	0	0	562	563	
0	0	0	0	0	563	559	
1	0	0	0	0	565	549	
2	0	0	0	0	567	536	
3	0	0	0	0	564	520	
4	0	0	0	0	561	507	
5	0	0	0	0	556	495	
6	0	0	0	0	549	489	
7	0	0	0	0	543	489	
8	0	0	0	0	541	498	
9	0	0	0	0	540	511	
10	0	0	0	0	539	522	
11	0	0	0	0	543	530	
12	0	0	0	0	547	530	
13	0	0	0	0	547	531	
14	0	0	0	0	546	539	
15	0	0	0	0	546	548	
0	0	0	0	0	545	557	
1	0	0	0	0	544	566	
2	0	0	0	0	542	568	
3	0	0	0	0	538	564	
4	0	0	0	0	536	560	
5	0	0	0	0	538	555	
6	0	0	0	0	541	550	
7	0	0	0	0	543	545	
8	0	0	0	0	548	540	
9	0	0	0	0	554	531	
10	0	0	0	0	560	519	
11	0	0	0	0	563	503	
12	0	0	0	0	566	494	
13	0	0	0	0	566	487	
14	0	0	0	0	571	482	
15	0	0	0	0	573	475	
0	0	0	0	0	572	468	
1	0	0	0	0	569	465	
2	0	0	0	0	569	464	
3	0	0	0	0	569	466	
4	0	0	0	0	567	472	
5	0	0	0	0	565	483	
6	0	0	0	0	561	492	
7	0	0	0	0	556	498	
8	0	0	0	0	552	499	
9	0	0	0	0	551	499	
10	0	0	0	0	551	502	
11	0	0	0	0	550	504	
12	0	0	0	0	550	510	
13	0	0	0	0	550	518	
14	0	0	0	0	549	529	
15	0	0	0	0	549	539	
0	0	0	0	0	543	540	
1	0	0	0	0	538	542	
2	0	0	0	0	532	539	
3	0	0	0	0	527	529	
4	0	0	0	0	521	516	
5	0	0	0	0	513	500	
6	0	0	0	0	505	488	
7	0	0	0	0	500	481	
8	0	0	0	0	497	480	
9	0	0	0	0	496	479	
10	0	0	0	0	497	485	
11	0	0	0	0	504	492	
12	0	0	0	0	509	497	
13	0	0	0	0	513	503	
14	0	0	0	0	513	505	
15	0	0	0	0	511	509	
0	0	0	0	0	516	513	
1	0	0	0	0	524	516	
2	0	0	0	0	533	523	
3	0	0	0	0	539	529	
4	0	0	0	0	542	540	
5	0	0	0	0	543	549	
6	0	0	0	0	544	556	
7	0	0	0	0	547	563	
8	0	0	0	0	551	566	
9	0	0	0	0	552	564	
10	0	0	0	0	552	560	
11	0	0	0	0	551	548	
12	0	0	0	0	546	539	
13	0	0	0	0	542	529	
14	0	0	0	0	534	518	
15	0	0	0	0	525	505	
0	0	0	0	0	516	489	
1	0	0	0	0	511	477	
2	0	0	0	0	506	468	
3	0	0	0	0	504	466	
4	0	0	0	0	502	469	
5	0	0	0	0	503	479	
6	0	0	0	0	504	496	
7	0	0	0	0	504	511	
8	0	0	0	0	508	524	
9	0	0	0	0	512	534	
10	0	0	0	0	517	540	
11	0	0	0	0	523	548	
12	0	0	0	0	528	559	
13	0	0	0	0	532	577	
14	0	0	0	0	535	601	
15	0	0	0	0	537	625	
0	0	0	0	0	534	636	
1	0	0	0	0	528	633	
2	0	0	0	0	519	624	
3	0	0	0	0	509	609	
4	0	0	0	0	501	594	
5	0	0	0	0	499	580	
6	0	0	0	0	495	568	
7	0	0	0	0	492	562	
8	0	0	0	0	494	552	
9	0	0	0	0	494	539	
10	0	0	0	0	495	518	
11	0	0	0	0	494	489	
12	0	0	0	0	495	462	
13	0	0	0	0	495	443	
14	0	0	0	0	495	432	
15	0	0	0	0	497	425	
0	0	0	0	0	500	418	
1	0	0	0	0	497	410	
2	0	0	0	0	496	405	
3	0	0	0	0	502	406	
4	0	0	0	0	518	412	
5	0	0	0	0	537	424	
6	0	0	0	0	552	449	
7	0	0	0	0	559	473	
8	0	0	0	0	562	500	
9	0	0	0	0	561	528	
10	0	0	0	0	558	553	
11	0	0	0	0	552	569	
12	0	0	0	0	543	579	
13	0	0	0	0	534	578	
14	0	0	0	0	524	568	
15	0	0	0	0	513	547	
0	0	0	0	0	504	521	
1	0	0	0	0	498	487	
2	0	0	0	0	496	452	
3	0	0	0	0	493	420	
4	0	0	0	0	488	388	
5	0	0	0	0	483	356	
6	0	0	0	0	483	339	
7	0	0	0	0	487	329	
8	0	0	0	0	496	332	
9	0	0	0	0	503	343	
10	0	0	0	0	510	359	
11	0	0	0	0	517	380	
12	0	0	0	0	520	397	
13	0	0	0	0	522	416	
14	0	0	0	0	527	432	
15	0	0	0	0	536	443	
0	0	0	0	0	544	452	
1	0	0	0	0	550	461	
2	0	0	0	0	551	463	
3	0	0	0	0	551	469	
4	0	0	0	0	549	471	
5	0	0	0	0	545	475	
6	0	0	0	0	540	481	
7	0	0	0	0	536	487	
8	0	0	0	0	540	497	
9	0	0	0	0	546	505	
10	0	0	0	0	550	509	
11	0	0	0	0	547	514	
12	0	0	0	0	543	525	
13	0	0	0	0	538	540	
14	0	0	0	0	533	550	
15	0	0	0	0	531	551	
0	0	0	0	0	528	548	
1	0	0	0	0	525	537	
2	0	0	0	0	521	526	
3	0	0	0	0	515	516	
4	0	0	0	0	511	509	
5	0	0	0	0	511	505	
6	0	0	0	0	514	498	
7	0	0	0	0	518	491	
8	0	0	0	0	522	486	
9	0	0	0	0	526	478	
10	0	0	0	0	528	468	
11	0	0	0	0	528	457	
12	0	0	0	0	527	446	
13	0	0	0	0	523	442	
14	0	0	0	0	520	448	
15	0	0	0	0	520	463	
0	0	0	0	0	521	476	
1	0	0	0	0	524	484	
2	0	0	0	0	524	487	
3	0	0	0	0	524	491	
4	0	0	0	0	521	492	
5	0	0	0	0	521	495	
6	0	0	0	0	515	501	
7	0	0	0	0	513	504	
8	0	0	0	0	511	510	
9	0	0	0	0	511	523	
10	0	0	0	0	511	539	
11	0	0	0	0	512	553	
12	0	0	0	0	512	556	
13	0	0	0	0	510	552	
14	0	0	0	0	505	547	
15	0	0	0	0	504	543	
0	0	0	0	0	503	542	
1	0	0	0	0	502	544	
2	0	0	0	0	504	545	
3	0	0	0	0	513	547	
4	0	0	0	0	520	546	
5	0	0	0	0	526	542	
6	0	0	0	0	526	539	
7	0	0	0	0	528	537	
8	0	0	0	0	533	534	
9	0	0	0	0	536	526	
10	0	0	0	0	536	523	
11	0	0	0	0	539	521	
12	0	0	0	0	542	518	
13	0	0	0	0	543	515	
14	0	0	0	0	544	515	
15	0	0	0	0	546	517	
0	0	0	0	0	550	523	
1	0	0	0	0	554	529	
2	0	0	0	0	556	537	
3	0	0	0	0	559	544	
4	0	0	0	0	558	555	
5	0	0	0	0	556	565	
6	0	0	0	0	550	574	
7	0	0	0	0	544	579	
8	0	0	0	0	541	585	
9	0	0	0	0	539	587	
10	0	0	0	0	537	590	
11	0	0	0	0	542	594	
12	0	0	0	0	549	603	
13	0	0	0	0	560	614	
14	0	0	0	0	568	624	
15	0	0	0	0	574	630	
0	0	0	0	0	579	635	
1	0	0	0	0	580	639	
2	0	0	0	0	580	645	
3	0	0	0	0	579	652	
4	0	0	0	0	579	657	
5	0	0	0	0	580	662	
6	0	0	0	0	580	662	
7	0	0	0	0	577	660	
8	0	0	0	0	574	652	
9	0	0	0	0	568	641	
10	0	0	0	0	564	628	
11	0	0	0	0	556	625	
12	0	0	0	0	545	629	
13	0	0	0	0	531	630	
14	0	0	0	0	521	632	
15	0	0	0	0	516	636	
0	0	0	0	0	512	642	
1	0	0	0	0	507	653	
2	0	0	0	0	500	662	
3	0	0	0	0	492	667	
4	0	0	0	0	485	670	
5	0	0	0	0	481	670	
6	0	0	0	0	478	665	
7	0	0	0	0	473	659	
8	0	0	0	0	470	658	
9	0	0	0	0	468	662	
10	0	0	0	0	469	663	
11	0	0	0	0	473	658	
12	0	0	0	0	482	652	
13	0	0	0	0	494	643	
14	0	0	0	0	509	636	
15	0	0	0	0	522	626	
0	0	0	0	0	527	621	
1	0	0	0	0	528	620	
2	0	0	0	0	527	623	
3	0	0	0	0	527	628	
4	0	0	0	0	525	634	
5	0	0	0	0	524	636	
6	0	0	0	0	526	637	
7	0	0	0	0	527	637	
8	0	0	0	0	531	634	
9	0	0	0	0	535	629	
10	0	0	0	0	535	619	
11	0	0	0	0	534	611	
12	0	0	0	0	534	609	
13	0	0	0	0	539	614	
14	0	0	0	0	543	620	
15	0	0	0	0	551	627	
0	0	0	0	0	560	628	
1	0	0	0	0	561	623	
2	0	0	0	0	559	614	
3	0	0	0	0	555	599	
4	0	0	0	0	545	583	
5	0	0	0	0	533	569	
6	0	0	0	0	524	560	
7	0	0	0	0	519	555	
8	0	0	0	0	513	554	
9	0	0	0	0	513	557	
10	0	0	0	0	518	563	
11	0	0	0	0	527	570	
12	0	0	0	0	537	574	
13	0	0	0	0	547	579	
14	0	0	0	0	553	583	
15	0	0	0	0	553	583	
0	0	0	0	0	551	579	
1	0	0	0	0	549	572	
2	0	0	0	0	543	563	
3	0	0	0	0	538	553	
4	0	0	0	0	532	539	
5	0	0	0	0	527	527	
6	0	0	0	0	521	522	
7	0	0	0	0	516	528	
8	0	0	0	0	510	536	
9	0	0	0	0	500	543	
10	0	0	0	0	489	545	
11	0	0	0	0	480	541	
12	0	0	0	0	473	534	
13	0	0	0	0	468	525	
14	0	0	0	0	463	513	
15	0	0	0	0	460	504	
0	0	0	0	0	464	499	
1	0	0	0	0	468	499	
2	0	0	0	0	476	505	
3	0	0	0	0	485	513	
4	0	0	0	0	491	526	
5	0	0	0	0	495	537	
6	0	0	0	0	499	547	
7	0	0	0	0	504	557	
8	0	0	0	0	507	563	
9	0	0	0	0	509	568	
10	0	0	0	0	512	569	
11	0	0	0	0	513	568	
12	0	0	0	0	511	564	
13	0	0	0	0	508	559	
14	0	0	0	0	506	552	
15	0	0	0	0	502	545	
0	0	0	0	0	498	539	
1	0	0	0	0	497	536	
2	0	0	0	0	498	533	
3	0	0	0	0	496	532	
4	0	0	0	0	492	534	
5	0	0	0	0	488	534	
6	0	0	0	0	485	537	
7	0	0	0	0	481	542	
8	0	0	0	0	479	550	
9	0	0	0	0	480	560	
10	0	0	0	0	483	574	
11	0	0	0	0	487	589	
12	0	0	0	0	492	591	
13	0	0	0	0	496	588	
14	0	0	0	0	505	582	
15	0	0	0	0	512	576	
0	0	0	0	0	519	571	
1	0	0	0	0	523	561	
2	0	0	0	0	524	553	
3	0	0	0	0	527	546	
4	0	0	0	0	527	540	
5	0	0	0	0	528	535	
6	0	0	0	0	527	532	
7	0	0	0	0	527	530	
8	0	0	0	0	526	527	
9	0	0	0	0	526	526	
10	0	0	0	0	522	523	
11	0	0	0	0	517	523	
12	0	0	0	0	513	528	
13	0	0	0	0	511	532	
14	0	0	0	0	514	535	
15	0	0	0	0	519	541	
0	0	0	0	0	525	547	
1	0	0	0	0	528	553	
2	0	0	0	0	531	558	
3	0	0	0	0	531	559	
4	0	0	0	0	526	561	
5	0	0	0	0	524	569	
6	0	0	0	0	523	573	
7	0	0	0	0	520	569	
8	0	0	0	0	522	561	
9	0	0	0	0	528	548	
10	0	0	0	0	535	535	
11	0	0	0	0	544	527	
12	0	0	0	0	547	519	
13	0	0	0	0	548	512	
14	0	0	0	0	551	511	
15	0	0	0	0	551	514	
0	0	0	0	0	550	518	
1	0	0	0	0	549	523	
2	0	0	0	0	547	526	
3	0	0	0	0	544	532	
4	0	0	0	0	544	535	
5	0	0	0	0	543	537	
6	0	0	0	0	540	539	
7	0	0	0	0	536	537	
8	0	0	0	0	536	536	
9	0	0	0	0	536	527	
10	0	0	0	0	538	512	
11	0	0	0	0	542	497	
12	0	0	0	0	544	495	
13	0	0	0	0	546	502	
14	0	0	0	0	546	511	
15	0	0	0	0	547	516	
0	0	0	0	0	543	515	
1	0	0	0	0	538	510	
2	0	0	0	0	530	504	
3	0	0	0	0	521	500	
4	0	0	0	0	515	497	
5	0	0	0	0	508	499	
6	0	0	0	0	504	500	
7	0	0	0	0	497	503	
8	0	0	0	0	493	508	
9	0	0	0	0	489	518	
10	0	0	0	0	487	527	
11	0	0	0	0	488	538	
12	0	0	0	0	491	544	
13	0	0	0	0	497	547	
14	0	0	0	0	506	547	
15	0	0	0	0	516	547	
0	0	0	0	0	527	546	
1	0	0	0	0	537	538	
2	0	0	0	0	543	530	
3	0	0	0	0	547	520	
4	0	0	0	0	551	513	
5	0	0	0	0	552	509	
6	0	0	0	0	553	510	
7	0	0	0	0	551	510	
8	0	0	0	0	547	507	
9	0	0	0	0	545	510	
10	0	0	0	0	545	515	
11	0	0	0	0	549	520	
12	0	0	0	0	551	525	
13	0	0	0	0	552	528	
14	0	0	0	0	551	532	
15	0	0	0	0	546	536	
0	0	0	0	0	544	537	
1	0	0	0	0	541	534	
2	0	0	0	0	537	528	
3	0	0	0	0	536	522	
4	0	0	0	0	537	518	
5	0	0	0	0	534	513	
6	0	0	0	0	531	514	
7	0	0	0	0	529	516	
8	0	0	0	0	527	513	
9	0	0	0	0	524	510	
10	0	0	0	0	522	508	
11	0	0	0	0	521	505	
12	0	0	0	0	518	505	
13	0	0	0	0	518	506	
14	0	0	0	0	518	504	
15	0	0	0	0	519	503	
0	0	0	0	0	522	500	
1	0	0	0	0	525	496	
2	0	0	0	0	525	490	
3	0	0	0	0	527	484	
4	0	0	0	0	528	478	
5	0	0	0	0	530	471	
6	0	0	0	0	533	466	
7	0	0	0	0	535	463	
8	0	0	0	0	536	458	
9	0	0	0	0	536	456	
10	0	0	0	0	534	455	
11	0	0	0	0	532	457	
12	0	0	0	0	531	461	
13	0	0	0	0	527	468	
14	0	0	0	0	525	480	
15	0	0	0	0	524	495	
0	0	0	0	0	522	508	
1	0	0	0	0	523	515	
2	0	0	0	0	523	520	
3	0	0	0	0	525	524	
4	0	0	0	0	524	527	
5	0	0	0	0	525	526	
6	0	0	0	0	529	520	
7	0	0	0	0	533	508	
8	0	0	0	0	538	492	
9	0	0	0	0	543	475	
10	0	0	0	0	551	458	
11	0	0	0	0	556	444	
12	0	0	0	0	557	432	
13	0	0	0	0	560	427	
14	0	0	0	0	563	427	
15	0	0	0	0	569	430	
0	0	0	0	0	575	441	
1	0	0	0	0	581	451	
2	0	0	0	0	587	453	
3	0	0	0	0	591	455	
4	0	0	0	0	591	454	
5	0	0	0	0	590	454	
6	0	0	0	0	587	454	
7	0	0	0	0	581	450	
8	0	0	0	0	574	455	
9	0	0	0	0	567	460	
10	0	0	0	0	560	463	
11	0	0	0	0	556	468	
12	0	0	0	0	553	469	
13	0	0	0	0	551	468	
14	0	0	0	0	546	471	
15	0	0	0	0	539	473	
0	0	0	0	0	531	479	
1	0	0	0	0	529	484	
2	0	0	0	0	530	485	
3	0	0	0	0	532	484	
4	0	0	0	0	533	483	
5	0	0	0	0	529	480	
6	0	0	0	0	524	475	
7	0	0	0	0	518	467	
8	0	0	0	0	513	455	
9	0	0	0	0	507	447	
10	0	0	0	0	502	440	
11	0	0	0	0	495	436	
12	0	0	0	0	491	434	
13	0	0	0	0	493	441	
14	0	0	0	0	501	449	
15	0	0	0	0	509	456	
0	0	0	0	0	519	465	
1	0	0	0	0	528	469	
2	0	0	0	0	538	477	
3	0	0	0	0	542	484	
4	0	0	0	0	545	491	
5	0	0	0	0	547	498	
6	0	0	0	0	548	506	
7	0	0	0	0	549	512	
8	0	0	0	0	547	521	
9	0	0	0	0	546	527	
10	0	0	0	0	543	531	
11	0	0	0	0	540	530	
12	0	0	0	0	534	530	
13	0	0	0	0	529	528	
14	0	0	0	0	527	524	
15	0	0	0	0	524	520	
0	0	0	0	0	521	519	
1	0	0	0	0	516	519	
2	0	0	0	0	513	518	
3	0	0	0	0	513	516	
4	0	0	0	0	515	515	
5	0	0	0	0	517	514	
6	0	0	0	0	520	516	
7	0	0	0	0	525	513	
8	0	0	0	0	531	508	
9	0	0	0	0	535	505	
10	0	0	0	0	536	502	
11	0	0	0	0	536	501	
12	0	0	0	0	535	499	
13	0	0	0	0	536	498	
14	0	0	0	0	543	500	
15	0	0	0	0	547	504	
0	0	0	0	0	552	511	
1	0	0	0	0	558	524	
2	0	0	0	0	558	536	
3	0	0	0	0	557	546	
4	0	0	0	0	556	551	
5	0	0	0	0	557	558	
6	0	0	0	0	561	564	
7	0	0	0	0	564	569	
8	0	0	0	0	564	573	
9	0	0	0	0	560	569	
10	0	0	0	0	554	561	
11	0	0	0	0	548	553	
12	0	0	0	0	543	544	
13	0	0	0	0	536	537	
14	0	0	0	0	529	536	
15	0	0	0	0	521	536	
0	0	0	0	0	513	533	
1	0	0	0	0	502	527	
2	0	0	0	0	497	523	
3	0	0	0	0	498	524	
4	0	0	0	0	509	530	
5	0	0	0	0	521	539	
6	0	0	0	0	532	544	
7	0	0	0	0	540	549	
8	0	0	0	0	542	551	
9	0	0	0	0	544	548	
10	0	0	0	0	545	544	
11	0	0	0	0	544	541	
12	0	0	0	0	543	537	
13	0	0	0	0	545	534	
14	0	0	0	0	549	526	
15	0	0	0	0	553	521	
0	0	0	0	0	550	515	
1	0	0	0	0	547	512	
2	0	0	0	0	544	510	
3	0	0	0	0	542	511	
4	0	0	0	0	542	519	
5	0	0	0	0	547	524	
6	0	0	0	0	549	523	
7	0	0	0	0	547	521	
8	0	0	0	0	540	521	
9	0	0	0	0	536	525	
10	0	0	0	0	530	529	
11	0	0	0	0	526	532	
12	0	0	0	0	521	531	
13	0	0	0	0	515	527	
14	0	0	0	0	511	529	
15	0	0	0	0	507	527	
0	0	0	0	0	507	529	
1	0	0	0	0	508	528	
2	0	0	0	0	506	530	
3	0	0	0	0	502	538	
4	0	0	0	0	501	547	
5	0	0	0	0	504	555	
6	0	0	0	0	509	567	
7	0	0	0	0	514	574	
8	0	0	0	0	518	576	
9	0	0	0	0	524	577	
10	0	0	0	0	528	579	
11	0	0	0	0	532	576	
12	0	0	0	0	535	569	
13	0	0	0	0	531	561	
14	0	0	0	0	530	551	
15	0	0	0	0	532	538	
0	0	0	0	0	527	522	
1	0	0	0	0	521	504	
2	0	0	0	0	519	490	
3	0	0	0	0	516	479	
4	0	0	0	0	516	472	
5	0	0	0	0	521	469	
6	0	0	0	0	527	470	
7	0	0	0	0	532	474	
8	0	0	0	0	540	480	
9	0	0	0	0	547	487	
10	0	0	0	0	550	492	
11	0	0	0	0	549	497	
12	0	0	0	0	550	499	
13	0	0	0	0	548	497	
14	0	0	0	0	543	495	
15	0	0	0	0	540	491	
0	0	0	0	0	542	486	
1	0	0	0	0	542	479	
2	0	0	0	0	544	474	
3	0	0	0	0	544	471	
4	0	0	0	0	536	474	
5	0	0	0	0	523	477	
6	0	0	0	0	507	483	
7	0	0	0	0	498	500	
8	0	0	0	0	501	518	
9	0	0	0	0	512	533	
10	0	0	0	0	522	541	
11	0	0	0	0	532	545	
12	0	0	0	0	548	548	
13	0	0	0	0	559	551	
14	0	0	0	0	568	551	
15	0	0	0	0	579	549	
0	0	0	0	0	587	551	
1	0	0	0	0	598	555	
2	0	0	0	0	604	558	
3	0	0	0	0	604	555	
4	0	0	0	0	599	548	
5	0	0	0	0	591	541	
6	0	0	0	0	585	531	
7	0	0	0	0	579	519	
8	0	0	0	0	575	507	
9	0	0	0	0	568	495	
10	0	0	0	0	560	480	
11	0	0	0	0	552	465	
12	0	0	0	0	543	448	
13	0	0	0	0	532	437	
14	0	0	0	0	525	427	
15	0	0	0	0	521	421	
0	0	0	0	0	519	418	
1	0	0	0	0	523	418	
2	0	0	0	0	528	420	
3	0	0	0	0	535	424	
4	0	0	0	0	539	432	
5	0	0	0	0	542	444	
6	0	0	0	0	550	456	
7	0	0	0	0	556	465	
8	0	0	0	0	560	475	
9	0	0	0	0	564	483	
10	0	0	0	0	568	494	
11	0	0	0	0	566	502	
12	0	0	0	0	561	508	
13	0	0	0	0	559	508	
14	0	0	0	0	556	505	
15	0	0	0	0	551	496	
0	0	0	0	0	547	486	
1	0	0	0	0	541	472	
2	0	0	0	0	534	464	
3	0	0	0	0	528	460	
4	0	0	0	0	527	458	
5	0	0	0	0	521	458	
6	0	0	0	0	513	459	
7	0	0	0	0	506	462	
8	0	0	0	0	499	464	
9	0	0	0	0	497	470	
10	0	0	0	0	501	480	
11	0	0	0	0	508	492	
12	0	0	0	0	519	503	
13	0	0	0	0	526	513	
14	0	0	0	0	532	516	
15	0	0	0	0	540	515	
0	0	0	0	0	542	513	
1	0	0	0	0	538	508	
2	0	0	0	0	534	499	
3	0	0	0	0	529	489	
4	0	0	0	0	525	473	
5	0	0	0	0	518	455	
6	0	0	0	0	511	438	
7	0	0	0	0	503	423	
8	0	0	0	0	496	412	
9	0	0	0	0	493	405	
10	0	0	0	0	492	404	
11	0	0	0	0	495	406	
12	0	0	0	0	502	410	
13	0	0	0	0	506	417	
14	0	0	0	0	510	427	
15	0	0	0	0	515	433	
0	0	0	0	0	521	442	
1	0	0	0	0	525	452	
2	0	0	0	0	528	460	
3	0	0	0	0	530	466	
4	0	0	0	0	527	467	
5	0	0	0	0	520	466	
6	0	0	0	0	511	461	
7	0	0	0	0	499	455	
8	0	0	0	0	490	445	
9	0	0	0	0	481	442	
10	0	0	0	0	473	442	
11	0	0	0	0	473	446	
12	0	0	0	0	479	448	
13	0	0	0	0	494	456	
14	0	0	0	0	509	463	
15	0	0	0	0	526	468	
0	0	0	0	0	542	475	
1	0	0	0	0	553	476	
2	0	0	0	0	564	473	
3	0	0	0	0	575	472	
4	0	0	0	0	583	470	
5	0	0	0	0	583	465	
6	0	0	0	0	579	458	
7	0	0	0	0	574	451	
8	0	0	0	0	571	448	
9	0	0	0	0	573	446	
10	0	0	0	0	578	445	
11	0	0	0	0	582	443	
12	0	0	0	0	582	441	
13	0	0	0	0	582	442	
14	0	0	0	0	580	444	
15	0	0	0	0	577	444	
0	0	0	0	0	574	443	
1	0	0	0	0	570	441	
2	0	0	0	0	564	441	
3	0	0	0	0	556	438	
4	0	0	0	0	547	433	
5	0	0	0	0	536	432	
6	0	0	0	0	527	432	
7	0	0	0	0	520	431	
8	0	0	0	0	520	427	
9	0	0	0	0	519	421	
10	0	0	0	0	520	418	
11	0	0	0	0	523	414	
12	0	0	0	0	522	415	
13	0	0	0	0	522	414	
14	0	0	0	0	526	414	
15	0	0	0	0	532	416	
0	0	0	0	0	539	418	
1	0	0	0	0	544	422	
2	0	0	0	0	547	426	
3	0	0	0	0	549	433	
4	0	0	0	0	550	440	
5	0	0	0	0	555	446	
6	0	0	0	0	560	455	
7	0	0	0	0	563	461	
8	0	0	0	0	564	467	
9	0	0	0	0	567	472	
10	0	0	0	0	564	478	
11	0	0	0	0	559	477	
12	0	0	0	0	551	472	
13	0	0	0	0	542	462	
14	0	0	0	0	536	458	
15	0	0	0	0	530	459	
0	0	0	0	0	524	464	
1	0	0	0	0	516	465	
2	0	0	0	0	509	463	
3	0	0	0	0	503	459	
4	0	0	0	0	501	457	
5	0	0	0	0	503	456	
6	0	0	0	0	510	457	
7	0	0	0	0	519	456	
8	0	0	0	0	522	451	
9	0	0	0	0	522	442	
10	0	0	0	0	526	436	
11	0	0	0	0	532	428	
12	0	0	0	0	539	421	
13	0	0	0	0	546	412	
14	0	0	0	0	556	404	
15	0	0	0	0	562	400	
0	0	0	0	0	565	397	
1	0	0	0	0	561	399	
2	0	0	0	0	557	408	
3	0	0	0	0	556	419	
4	0	0	0	0	555	427	
5	0	0	0	0	551	432	
6	0	0	0	0	544	438	
7	0	0	0	0	537	444	
8	0	0	0	0	527	444	
9	0	0	0	0	519	442	
10	0	0	0	0	505	445	
11	0	0	0	0	495	450	
12	0	0	0	0	490	455	
13	0	0	0	0	487	460	
14	0	0	0	0	485	460	
15	0	0	0	0	485	464	
0	0	0	0	0	487	466	
1	0	0	0	0	492	463	
2	0	0	0	0	501	458	
3	0	0	0	0	509	454	
4	0	0	0	0	520	454	
5	0	0	0	0	534	456	
6	0	0	0	0	544	457	
7	0	0	0	0	554	455	
8	0	0	0	0	561	449	
9	0	0	0	0	566	444	
10	0	0	0	0	567	436	
11	0	0	0	0	566	435	
12	0	0	0	0	563	433	
13	0	0	0	0	559	433	
14	0	0	0	0	553	436	
15	0	0	0	0	550	436	
0	0	0	0	0	543	437	
1	0	0	0	0	531	435	
2	0	0	0	0	518	434	
3	0	0	0	0	504	433	
4	0	0	0	0	493	433	
5	0	0	0	0	481	436	
6	0	0	0	0	473	444	
7	0	0	0	0	465	452	
8	0	0	0	0	459	459	
9	0	0	0	0	460	463	
10	0	0	0	0	464	464	
11	0	0	0	0	465	463	
12	0	0	0	0	467	461	
13	0	0	0	0	472	454	
14	0	0	0	0	477	448	
15	0	0	0	0	484	444	
0	0	0	0	0	493	440	
1	0	0	0	0	504	445	
2	0	0	0	0	513	453	
3	0	0	0	0	522	458	
4	0	0	0	0	529	460	
5	0	0	0	0	534	463	
6	0	0	0	0	537	469	
7	0	0	0	0	540	472	
8	0	0	0	0	544	469	
9	0	0	0	0	544	466	
10	0	0	0	0	544	460	
11	0	0	0	0	540	457	
12	0	0	0	0	539	452	
13	0	0	0	0	536	452	
14	0	0	0	0	533	455	
15	0	0	0	0	531	462	
0	0	0	0	0	529	462	
1	0	0	0	0	530	464	
2	0	0	0	0	531	470	
3	0	0	0	0	530	476	
4	0	0	0	0	525	483	
5	0	0	0	0	517	483	
6	0	0	0	0	508	476	
7	0	0	0	0	500	467	
8	0	0	0	0	489	454	
9	0	0	0	0	475	441	
10	0	0	0	0	460	432	
11	0	0	0	0	446	426	
12	0	0	0	0	434	425	
13	0	0	0	0	428	427	
14	0	0	0	0	428	433	
15	0	0	0	0	428	441	
0	0	0	0	0	435	451	
1	0	0	0	0	443	460	
2	0	0	0	0	451	471	
3	0	0	0	0	462	483	
4	0	0	0	0	469	496	
5	0	0	0	0	478	504	
6	0	0	0	0	487	510	
7	0	0	0	0	492	508	
8	0	0	0	0	493	504	
9	0	0	0	0	492	504	
10	0	0	0	0	495	505	
11	0	0	0	0	499	505	
12	0	0	0	0	503	507	
13	0	0	0	0	511	506	
14	0	0	0	0	519	499	
15	0	0	0	0	524	483	
0	0	0	0	0	528	462	
1	0	0	0	0	523	435	
2	0	0	0	0	511	414	
3	0	0	0	0	502	404	
4	0	0	0	0	496	411	
5	0	0	0	0	494	426	
6	0	0	0	0	495	445	
7	0	0	0	0	498	463	
8	0	0	0	0	508	477	
9	0	0	0	0	521	487	
10	0	0	0	0	535	496	
11	0	0	0	0	545	497	
12	0	0	0	0	550	492	
13	0	0	0	0	552	482	
14	0	0	0	0	555	471	
15	0	0	0	0	553	455	
0	0	0	0	0	544	443	
1	0	0	0	0	536	432	
2	0	0	0	0	528	428	
3	0	0	0	0	526	433	
4	0	0	0	0	530	445	
5	0	0	0	0	535	455	
6	0	0	0	0	543	469	
7	0	0	0	0	546	481	
8	0	0	0	0	545	489	
9	0	0	0	0	541	493	
10	0	0	0	0	536	487	
11	0	0	0	0	530	477	
12	0	0	0	0	524	463	
13	0	0	0	0	522	451	
14	0	0	0	0	520	448	
15	0	0	0	0	517	449	
0	0	0	0	0	514	454	
1	0	0	0	0	511	465	
2	0	0	0	0	509	476	
3	0	0	0	0	507	481	
4	0	0	0	0	508	487	
5	0	0	0	0	514	491	
6	0	0	0	0	518	496	
7	0	0	0	0	519	501	
8	0	0	0	0	521	503	
9	0	0	0	0	521	502	
10	0	0	0	0	523	502	
11	0	0	0	0	521	502	
12	0	0	0	0	516	504	
13	0	0	0	0	511	506	
14	0	0	0	0	507	506	
15	0	0	0	0	502	502	
0	0	0	0	0	495	498	
1	0	0	0	0	489	495	
2	0	0	0	0	491	493	
3	0	0	0	0	496	488	
4	0	0	0	0	501	486	
5	0	0	0	0	505	479	
6	0	0	0	0	506	474	
7	0	0	0	0	506	470	
8	0	0	0	0	503	467	
9	0	0	0	0	507	467	
10	0	0	0	0	513	469	
11	0	0	0	0	522	476	
12	0	0	0	0	530	487	
13	0	0	0	0	536	502	
14	0	0	0	0	543	520	
15	0	0	0	0	547	540	
0	0	0	0	0	550	559	
1	0	0	0	0	553	570	
2	0	0	0	0	553	576	
3	0	0	0	0	546	579	
4	0	0	0	0	534	578	
5	0	0	0	0	520	574	
6	0	0	0	0	507	565	
7	0	0	0	0	497	555	
8	0	0	0	0	491	544	
9	0	0	0	0	487	535	
10	0	0	0	0	482	526	
11	0	0	0	0	478	519	
12	0	0	0	0	475	516	
13	0	0	0	0	472	517	
14	0	0	0	0	470	525	
15	0	0	0	0	470	539	
0	0	0	0	0	472	550	
1	0	0	0	0	477	559	
2	0	0	0	0	486	562	
3	0	0	0	0	496	556	
4	0	0	0	0	507	545	
5	0	0	0	0	512	535	
6	0	0	0	0	513	527	
7	0	0	0	0	514	526	
8	0	0	0	0	513	529	
9	0	0	0	0	514	536	
10	0	0	0	0	516	543	
11	0	0	0	0	518	550	
12	0	0	0	0	519	556	
13	0	0	0	0	517	559	
14	0	0	0	0	518	560	
15	0	0	0	0	518	557	
0	0	0	0	0	518	549	
1	0	0	0	0	515	538	
2	0	0	0	0	511	526	
3	0	0	0	0	510	513	
4	0	0	0	0	507	501	
5	0	0	0	0	500	492	
6	0	0	0	0	498	486	
7	0	0	0	0	499	485	
8	0	0	0	0	496	490	
9	0	0	0	0	494	500	
10	0	0	0	0	495	512	
11	0	0	0	0	497	523	
12	0	0	0	0	500	527	
13	0	0	0	0	501	525	
14	0	0	0	0	502	517	
15	0	0	0	0	502	504	
0	0	0	0	0	504	488	
1	0	0	0	0	509	476	
2	0	0	0	0	519	467	
3	0	0	0	0	531	462	
4	0	0	0	0	541	459	
5	0	0	0	0	543	458	
6	0	0	0	0	540	464	
7	0	0	0	0	537	470	
8	0	0	0	0	532	479	
9	0	0	0	0	525	486	
10	0	0	0	0	517	494	
11	0	0	0	0	511	499	
12	0	0	0	0	504	499	
13	0	0	0	0	497	494	
14	0	0	0	0	489	489	
15	0	0	0	0	480	480	
0	0	0	0	0	470	470	
1	0	0	0	0	464	462	
2	0	0	0	0	461	454	
3	0	0	0	0	462	444	
4	0	0	0	0	462	436	
5	0	0	0	0	467	433	
6	0	0	0	0	472	433	
7	0	0	0	0	477	438	
8	0	0	0	0	482	446	
9	0	0	0	0	485	456	
10	0	0	0	0	485	464	
11	0	0	0	0	483	468	
12	0	0	0	0	484	466	
13	0	0	0	0	484	462	
14	0	0	0	0	485	457	
15	0	0	0	0	488	454	
0	0	0	0	0	491	458	
1	0	0	0	0	496	463	
2	0	0	0	0	496	467	
3	0	0	0	0	495	464	
4	0	0	0	0	499	458	
5	0	0	0	0	503	451	
6	0	0	0	0	505	444	
7	0	0	0	0	508	442	
8	0	0	0	0	505	450	
9	0	0	0	0	506	461	
10	0	0	0	0	503	476	
11	0	0	0	0	499	489	
12	0	0	0	0	493	497	
13	0	0	0	0	484	504	
14	0	0	0	0	477	512	
15	0	0	0	0	473	516	
0	0	0	0	0	471	517	
1	0	0	0	0	473	516	
2	0	0	0	0	473	513	
3	0	0	0	0	472	510	
4	0	0	0	0	471	508	
5	0	0	0	0	469	508	
6	0	0	0	0	466	511	
7	0	0	0	0	463	513	
8	0	0	0	0	459	515	
9	0	0	0	0	458	510	
10	0	0	0	0	461	505	
11	0	0	0	0	463	499	
12	0	0	0	0	465	497	
13	0	0	0	0	466	492	
14	0	0	0	0	468	490	
15	0	0	0	0	466	486	
0	0	0	0	0	462	483	
1	0	0	0	0	456	482	
2	0	0	0	0	449	486	
3	0	0	0	0	445	492	
4	0	0	0	0	447	496	
5	0	0	0	0	447	499	
6	0	0	0	0	448	508	
7	0	0	0	0	457	519	
8	0	0	0	0	468	535	
9	0	0	0	0	481	547	
10	0	0	0	0	491	552	
11	0	0	0	0	501	551	
12	0	0	0	0	511	544	
13	0	0	0	0	519	538	
14	0	0	0	0	524	531	
15	0	0	0	0	528	527	
0	0	0	0	0	527	522	
1	0	0	0	0	529	512	
2	0	0	0	0	526	502	
3	0	0	0	0	519	487	
4	0	0	0	0	509	477	
5	0	0	0	0	496	469	
6	0	0	0	0	485	467	
7	0	0	0	0	475	475	
8	0	0	0	0	466	482	
9	0	0	0	0	464	484	
10	0	0	0	0	463	481	
11	0	0	0	0	460	483	
12	0	0	0	0	462	487	
13	0	0	0	0	469	500	
14	0	0	0	0	477	510	
15	0	0	0	0	484	515	
0	0	0	0	0	492	515	
1	0	0	0	0	500	513	
2	0	0	0	0	508	511	
3	0	0	0	0	514	508	
4	0	0	0	0	518	511	
5	0	0	0	0	516	514	
6	0	0	0	0	512	516	
7	0	0	0	0	508	513	
8	0	0	0	0	502	504	
9	0	0	0	0	501	496	
10	0	0	0	0	498	487	
11	0	0	0	0	497	478	
12	0	0	0	0	499	472	
13	0	0	0	0	502	468	
14	0	0	0	0	502	467	
15	0	0	0	0	501	461	
0	0	0	0	0	497	456	
1	0	0	0	0	492	455	
2	0	0	0	0	487	457	
3	0	0	0	0	484	462	
4	0	0	0	0	481	464	
5	0	0	0	0	479	462	
6	0	0	0	0	479	459	
7	0	0	0	0	480	456	
8	0	0	0	0	482	453	
9	0	0	0	0	487	454	
10	0	0	0	0	494	455	
11	0	0	0	0	502	457	
12	0	0	0	0	509	454	
13	0	0	0	0	514	449	
14	0	0	0	0	520	451	
15	0	0	0	0	527	457	
0	0	0	0	0	536	471	
1	0	0	0	0	546	480	
2	0	0	0	0	552	487	
3	0	0	0	0	557	486	
4	0	0	0	0	559	486	
5	0	0	0	0	557	486	
6	0	0	0	0	552	494	
7	0	0	0	0	548	504	
8	0	0	0	0	547	510	
9	0	0	0	0	546	516	
10	0	0	0	0	543	525	
11	0	0	0	0	539	531	
12	0	0	0	0	532	536	
13	0	0	0	0	523	537	
14	0	0	0	0	516	534	
15	0	0	0	0	506	526	
0	0	0	0	0	494	517	
1	0	0	0	0	484	512	
2	0	0	0	0	477	514	
3	0	0	0	0	475	520	
4	0	0	0	0	472	534	
5	0	0	0	0	467	546	
6	0	0	0	0	460	553	
7	0	0	0	0	451	557	
8	0	0	0	0	446	550	
9	0	0	0	0	442	542	
10	0	0	0	0	437	533	
11	0	0	0	0	436	526	
12	0	0	0	0	440	524	
13	0	0	0	0	442	524	
14	0	0	0	0	446	524	
15	0	0	0	0	452	519	
0	0	0	0	0	460	519	
1	0	0	0	0	471	519	
2	0	0	0	0	480	518	
3	0	0	0	0	492	516	
4	0	0	0	0	504	519	
5	0	0	0	0	512	526	
6	0	0	0	0	519	531	
7	0	0	0	0	524	535	
8	0	0	0	0	527	532	
9	0	0	0	0	524	524	
10	0	0	0	0	513	515	
11	0	0	0	0	497	502	
12	0	0	0	0	481	488	
13	0	0	0	0	471	472	
14	0	0	0	0	465	462	
15	0	0	0	0	470	455	
0	0	0	0	0	482	456	
1	0	0	0	0	496	462	
2	0	0	0	0	508	469	
3	0	0	0	0	518	474	
4	0	0	0	0	526	479	
5	0	0	0	0	529	483	
6	0	0	0	0	528	487	
7	0	0	0	0	526	490	
8	0	0	0	0	520	492	
9	0	0	0	0	513	496	
10	0	0	0	0	509	499	
11	0	0	0	0	506	496	
12	0	0	0	0	505	492	
13	0	0	0	0	504	482	
14	0	0	0	0	503	472	
15	0	0	0	0	504	460	
0	0	0	0	0	503	454	
1	0	0	0	0	499	450	
2	0	0	0	0	495	448	
3	0	0	0	0	491	450	
4	0	0	0	0	488	454	
5	0	0	0	0	487	464	
6	0	0	0	0	486	476	
7	0	0	0	0	487	485	
8	0	0	0	0	484	491	
9	0	0	0	0	476	496	
10	0	0	0	0	466	502	
11	0	0	0	0	460	512	
12	0	0	0	0	457	521	
13	0	0	0	0	457	529	
14	0	0	0	0	463	536	
15	0	0	0	0	469	539	
0	0	0	0	0	477	541	
1	0	0	0	0	486	538	
2	0	0	0	0	494	531	
3	0	0	0	0	504	528	
4	0	0	0	0	513	527	
5	0	0	0	0	520	528	
6	0	0	0	0	525	530	
7	0	0	0	0	530	531	
8	0	0	0	0	532	531	
9	0	0	0	0	537	527	
10	0	0	0	0	543	523	
11	0	0	0	0	547	517	
12	0	0	0	0	545	514	
13	0	0	0	0	543	508	
14	0	0	0	0	541	504	
15	0	0	0	0	537	502	
0	0	0	0	0	532	501	
1	0	0	0	0	531	499	
2	0	0	0	0	528	498	
3	0	0	0	0	529	495	
4	0	0	0	0	531	493	
5	0	0	0	0	532	489	
6	0	0	0	0	533	482	
7	0	0	0	0	530	471	
8	0	0	0	0	526	466	
9	0	0	0	0	524	469	
10	0	0	0	0	521	478	
11	0	0	0	0	519	494	
12	0	0	0	0	519	509	
13	0	0	0	0	521	521	
14	0	0	0	0	524	529	
15	0	0	0	0	531	535	
0	0	0	0	0	537	539	
1	0	0	0	0	539	542	
2	0	0	0	0	537	545	
3	0	0	0	0	536	549	
4	0	0	0	0	534	551	
5	0	0	0	0	529	551	
6	0	0	0	0	527	539	
7	0	0	0	0	523	526	
8	0	0	0	0	518	517	
9	0	0	0	0	513	507	
10	0	0	0	0	509	499	
11	0	0	0	0	506	492	
12	0	0	0	0	503	491	
13	0	0	0	0	500	494	
14	0	0	0	0	498	499	
15	0	0	0	0	494	505	
0	0	0	0	0	494	510	
1	0	0	0	0	496	514	
2	0	0	0	0	499	516	
3	0	0	0	0	499	520	
4	0	0	0	0	499	527	
5	0	0	0	0	501	532	
6	0	0	0	0	503	535	
7	0	0	0	0	507	536	
8	0	0	0	0	512	536	
9	0	0	0	0	514	539	
10	0	0	0	0	513	538	
11	0	0	0	0	511	540	
12	0	0	0	0	505	544	
13	0	0	0	0	496	548	
14	0	0	0	0	488	553	
15	0	0	0	0	481	559	
0	0	0	0	0	473	554	
1	0	0	0	0	468	551	
2	0	0	0	0	467	545	
3	0	0	0	0	467	536	
4	0	0	0	0	465	524	
5	0	0	0	0	461	510	
6	0	0	0	0	460	496	
7	0	0	0	0	460	485	
8	0	0	0	0	463	482	
9	0	0	0	0	463	483	
10	0	0	0	0	463	492	
11	0	0	0	0	465	501	
12	0	0	0	0	466	512	
13	0	0	0	0	471	522	
14	0	0	0	0	476	535	
15	0	0	0	0	483	544	
0	0	0	0	0	486	553	
1	0	0	0	0	488	560	
2	0	0	0	0	492	565	
3	0	0	0	0	495	566	
4	0	0	0	0	496	561	
5	0	0	0	0	499	555	
6	0	0	0	0	503	547	
7	0	0	0	0	508	546	
8	0	0	0	0	517	547	
9	0	0	0	0	520	547	
10	0	0	0	0	520	547	
11	0	0	0	0	519	550	
12	0	0	0	0	519	552	
13	0	0	0	0	525	561	
14	0	0	0	0	533	566	
15	0	0	0	0	542	567	
0	0	0	0	0	546	563	
1	0	0	0	0	549	560	
2	0	0	0	0	547	564	
3	0	0	0	0	544	571	
4	0	0	0	0	542	572	
5	0	0	0	0	538	571	
6	0	0	0	0	535	569	
7	0	0	0	0	532	568	
8	0	0	0	0	527	565	
9	0	0	0	0	523	560	
10	0	0	0	0	519	556	
11	0	0	0	0	521	551	
12	0	0	0	0	525	547	
13	0	0	0	0	528	542	
14	0	0	0	0	530	545	
15	0	0	0	0	529	549	
0	0	0	0	0	530	551	
1	0	0	0	0	528	550	
2	0	0	0	0	521	547	
3	0	0	0	0	512	544	
4	0	0	0	0	509	544	
5	0	0	0	0	508	545	
6	0	0	0	0	504	548	
7	0	0	0	0	500	547	
8	0	0	0	0	494	544	
9	0	0	0	0	487	539	
10	0	0	0	0	481	533	
11	0	0	0	0	473	532	
12	0	0	0	0	470	535	
13	0	0	0	0	475	540	
14	0	0	0	0	484	542	
15	0	0	0	0	495	540	
0	0	0	0	0	505	531	
1	0	0	0	0	515	521	
2	0	0	0	0	522	513	
3	0	0	0	0	530	507	
4	0	0	0	0	540	503	
5	0	0	0	0	543	504	
6	0	0	0	0	543	504	
7	0	0	0	0	542	505	
8	0	0	0	0	539	504	
9	0	0	0	0	532	506	
10	0	0	0	0	526	513	
11	0	0	0	0	524	526	
12	0	0	0	0	527	539	
13	0	0	0	0	532	550	
14	0	0	0	0	538	562	
15	0	0	0	0	543	575	
0	0	0	0	0	547	589	
1	0	0	0	0	547	603	
2	0	0	0	0	538	612	
3	0	0	0	0	528	617	
4	0	0	0	0	518	617	
5	0	0	0	0	513	612	
6	0	0	0	0	512	605	
7	0	0	0	0	515	593	
8	0	0	0	0	523	578	
9	0	0	0	0	531	566	
10	0	0	0	0	540	563	
11	0	0	0	0	550	564	
12	0	0	0	0	558	568	
13	0	0	0	0	566	566	
14	0	0	0	0	573	563	
15	0	0	0	0	576	559	
0	0	0	0	0	579	558	
1	0	0	0	0	576	562	
2	0	0	0	0	575	566	
3	0	0	0	0	570	568	
4	0	0	0	0	567	568	
5	0	0	0	0	562	569	
6	0	0	0	0	557	567	
7	0	0	0	0	555	561	
8	0	0	0	0	554	557	
9	0	0	0	0	551	553	
10	0	0	0	0	548	553	
11	0	0	0	0	540	555	
12	0	0	0	0	529	559	
13	0	0	0	0	515	568	
14	0	0	0	0	496	579	
15	0	0	0	0	482	593	
0	0	0	0	0	471	609	
1	0	0	0	0	468	624	
2	0	0	0	0	467	631	
3	0	0	0	0	467	635	
4	0	0	0	0	471	638	
5	0	0	0	0	475	636	
6	0	0	0	0	481	631	
7	0	0	0	0	491	620	
8	0	0	0	0	502	608	
9	0	0	0	0	509	595	
10	0	0	0	0	518	587	
11	0	0	0	0	527	584	
12	0	0	0	0	531	582	
13	0	0	0	0	530	581	
14	0	0	0	0	532	582	
15	0	0	0	0	537	576	
0	0	0	0	0	539	569	
1	0	0	0	0	537	560	
2	0	0	0	0	536	555	
3	0	0	0	0	530	547	
4	0	0	0	0	529	540	
5	0	0	0	0	531	531	
6	0	0	0	0	534	521	
7	0	0	0	0	538	518	
8	0	0	0	0	538	517	
9	0	0	0	0	531	520	
10	0	0	0	0	523	528	
11	0	0	0	0	510	542	
12	0	0	0	0	497	557	
13	0	0	0	0	483	571	
14	0	0	0	0	475	579	
15	0	0	0	0	472	584	
0	0	0	0	0	472	588	
1	0	0	0	0	472	592	
2	0	0	0	0	469	592	
3	0	0	0	0	466	585	
4	0	0	0	0	464	578	
5	0	0	0	0	463	572	
6	0	0	0	0	463	566	
7	0	0	0	0	465	560	
8	0	0	0	0	468	555	
9	0	0	0	0	471	547	
10	0	0	0	0	473	543	
11	0	0	0	0	476	538	
12	0	0	0	0	478	534	
13	0	0	0	0	483	527	
14	0	0	0	0	487	524	
15	0	0	0	0	487	521	
0	0	0	0	0	483	521	
1	0	0	0	0	483	519	
2	0	0	0	0	486	518	
3	0	0	0	0	488	518	
4	0	0	0	0	489	519	
5	0	0	0	0	494	524	
6	0	0	0	0	497	531	
7	0	0	0	0	496	539	
8	0	0	0	0	499	548	
9	0	0	0	0	499	565	
10	0	0	0	0	497	583	
11	0	0	0	0	499	601	
12	0	0	0	0	496	612	
13	0	0	0	0	493	615	
14	0	0	0	0	489	615	
15	0	0	0	0	483	608	
0	0	0	0	0	479	595	
1	0	0	0	0	473	585	
2	0	0	0	0	470	575	
3	0	0	0	0	470	568	
4	0	0	0	0	475	569	
5	0	0	0	0	480	571	
6	0	0	0	0	487	569	
7	0	0	0	0	499	567	
8	0	0	0	0	512	564	
9	0	0	0	0	525	563	
10	0	0	0	0	537	562	
11	0	0	0	0	551	556	
12	0	0	0	0	560	546	
13	0	0	0	0	563	531	
14	0	0	0	0	561	515	
15	0	0	0	0	559	503	
0	0	0	0	0	555	494	
1	0	0	0	0	548	498	
2	0	0	0	0	545	514	
3	0	0	0	0	540	532	
4	0	0	0	0	537	545	
5	0	0	0	0	532	553	
6	0	0	0	0	527	560	
7	0	0	0	0	519	563	
8	0	0	0	0	513	564	
9	0	0	0	0	508	561	
10	0	0	0	0	501	556	
11	0	0	0	0	497	551	
12	0	0	0	0	496	543	
13	0	0	0	0	500	537	
14	0	0	0	0	507	533	
15	0	0	0	0	516	533	
0	0	0	0	0	524	532	
1	0	0	0	0	524	534	
2	0	0	0	0	520	536	
3	0	0	0	0	515	536	
4	0	0	0	0	508	535	
5	0	0	0	0	498	532	
6	0	0	0	0	490	527	
7	0	0	0	0	485	524	
8	0	0	0	0	485	523	
9	0	0	0	0	491	527	
10	0	0	0	0	499	535	
11	0	0	0	0	508	545	
12	0	0	0	0	517	553	
13	0	0	0	0	523	559	
14	0	0	0	0	523	559	
15	0	0	0	0	517	558	
0	0	0	0	0	514	559	
1	0	0	0	0	511	564	
2	0	0	0	0	511	575	
3	0	0	0	0	508	588	
4	0	0	0	0	505	604	
5	0	0	0	0	507	614	
6	0	0	0	0	507	613	
7	0	0	0	0	504	611	
8	0	0	0	0	503	606	
9	0	0	0	0	500	600	
10	0	0	0	0	502	595	
11	0	0	0	0	504	589	
12	0	0	0	0	508	582	
13	0	0	0	0	508	571	
14	0	0	0	0	509	557	
15	0	0	0	0	512	549	
0	0	0	0	0	517	543	
1	0	0	0	0	521	533	
2	0	0	0	0	529	523	
3	0	0	0	0	540	515	
4	0	0	0	0	547	507	
5	0	0	0	0	555	501	
6	0	0	0	0	562	499	
7	0	0	0	0	564	498	
8	0	0	0	0	559	496	
9	0	0	0	0	552	496	
10	0	0	0	0	546	497	
11	0	0	0	0	540	500	
12	0	0	0	0	534	502	
13	0	0	0	0	531	506	
14	0	0	0	0	528	506	
15	0	0	0	0	527	506	
0	0	0	0	0	524	512	
1	0	0	0	0	518	520	
2	0	0	0	0	509	531	
3	0	0	0	0	502	534	
4	0	0	0	0	497	540	
5	0	0	0	0	495	544	
6	0	0	0	0	498	547	
7	0	0	0	0	508	549	
8	0	0	0	0	515	548	
9	0	0	0	0	524	543	
10	0	0	0	0	532	533	
11	0	0	0	0	540	523	
12	0	0	0	0	547	510	
13	0	0	0	0	551	498	
14	0	0	0	0	553	487	
15	0	0	0	0	555	480	
0	0	0	0	0	556	473	
1	0	0	0	0	557	466	
2	0	0	0	0	552	461	
3	0	0	0	0	544	458	
4	0	0	0	0	532	457	
5	0	0	0	0	518	462	
6	0	0	0	0	501	465	
7	0	0	0	0	487	464	
8	0	0	0	0	475	460	
9	0	0	0	0	469	461	
10	0	0	0	0	468	465	
11	0	0	0	0	471	470	
12	0	0	0	0	478	477	
13	0	0	0	0	486	482	
14	0	0	0	0	492	487	
15	0	0	0	0	498	494	
0	0	0	0	0	504	500	
1	0	0	0	0	508	507	
2	0	0	0	0	509	515	
3	0	0	0	0	509	519	
4	0	0	0	0	511	521	
5	0	0	0	0	516	524	
6	0	0	0	0	521	529	
7	0	0	0	0	525	532	
8	0	0	0	0	527	533	
9	0	0	0	0	525	528	
10	0	0	0	0	516	520	
11	0	0	0	0	508	514	
12	0	0	0	0	503	512	
13	0	0	0	0	502	514	
14	0	0	0	0	497	517	
15	0	0	0	0	496	519	
0	0	0	0	0	500	521	
1	0	0	0	0	509	519	
2	0	0	0	0	518	517	
3	0	0	0	0	522	512	
4	0	0	0	0	530	509	
5	0	0	0	0	536	507	
6	0	0	0	0	546	510	
7	0	0	0	0	555	519	
8	0	0	0	0	558	532	
9	0	0	0	0	558	544	
10	0	0	0	0	554	553	
11	0	0	0	0	551	561	
12	0	0	0	0	546	565	
13	0	0	0	0	540	568	
14	0	0	0	0	536	568	
15	0	0	0	0	533	568	
0	0	0	0	0	532	562	
1	0	0	0	0	527	552	
2	0	0	0	0	524	546	
3	0	0	0	0	523	542	
4	0	0	0	0	519	537	
5	0	0	0	0	512	535	
6	0	0	0	0	506	535	
7	0	0	0	0	502	534	
8	0	0	0	0	496	535	
9	0	0	0	0	488	536	
10	0	0	0	0	482	536	
11	0	0	0	0	479	541	
12	0	0	0	0	480	542	
13	0	0	0	0	481	537	
14	0	0	0	0	485	527	
15	0	0	0	0	487	518	
0	0	0	0	0	492	513	
1	0	0	0	0	497	509	
2	0	0	0	0	499	505	
3	0	0	0	0	501	501	
4	0	0	0	0	499	495	
5	0	0	0	0	498	490	
6	0	0	0	0	499	492	
7	0	0	0	0	500	498	
8	0	0	0	0	503	511	
9	0	0	0	0	508	521	
10	0	0	0	0	516	527	
11	0	0	0	0	524	528	
12	0	0	0	0	531	526	
13	0	0	0	0	536	520	
14	0	0	0	0	536	512	
15	0	0	0	0	532	508	
0	0	0	0	0	526	508	
1	0	0	0	0	520	504	
2	0	0	0	0	513	502	
3	0	0	0	0	510	500	
4	0	0	0	0	512	499	
5	0	0	0	0	512	499	
6	0	0	0	0	514	502	
7	0	0	0	0	513	507	
8	0	0	0	0	512	512	
9	0	0	0	0	511	518	
10	0	0	0	0	511	519	
11	0	0	0	0	509	518	
12	0	0	0	0	508	518	
13	0	0	0	0	508	518	
14	0	0	0	0	513	513	
15	0	0	0	0	519	506	
0	0	0	0	0	527	501	
1	0	0	0	0	533	499	
2	0	0	0	0	532	499	
3	0	0	0	0	529	496	
4	0	0	0	0	525	497	
5	0	0	0	0	522	497	
6	0	0	0	0	519	500	
7	0	0	0	0	522	507	
8	0	0	0	0	526	508	
9	0	0	0	0	524	507	
10	0	0	0	0	519	499	
11	0	0	0	0	512	487	
12	0	0	0	0	507	478	
13	0	0	0	0	506	472	
14	0	0	0	0	510	469	
15	0	0	0	0	516	470	
0	0	0	0	0	526	475	
1	0	0	0	0	533	483	
2	0	0	0	0	536	496	
3	0	0	0	0	537	506	
4	0	0	0	0	540	517	
5	0	0	0	0	545	525	
6	0	0	0	0	549	533	
7	0	0	0	0	549	540	
8	0	0	0	0	549	551	
9	0	0	0	0	546	559	
10	0	0	0	0	545	560	
11	0	0	0	0	546	559	
12	0	0	0	0	548	553	
13	0	0	0	0	548	545	
14	0	0	0	0	547	537	
15	0	0	0	0	546	527	
0	0	0	0	0	549	523	
1	0	0	0	0	550	524	
2	0	0	0	0	548	524	
3	0	0	0	0	547	524	
4	0	0	0	0	542	527	
5	0	0	0	0	537	529	
6	0	0	0	0	529	533	
7	0	0	0	0	523	537	
8	0	0	0	0	514	540	
9	0	0	0	0	506	539	
10	0	0	0	0	495	540	
11	0	0	0	0	485	542	
12	0	0	0	0	477	540	
13	0	0	0	0	468	536	
14	0	0	0	0	462	535	
15	0	0	0	0	465	539	
0	0	0	0	0	468	551	
1	0	0	0	0	472	567	
2	0	0	0	0	476	582	
3	0	0	0	0	482	592	
4	0	0	0	0	488	600	
5	0	0	0	0	501	612	
6	0	0	0	0	513	615	
7	0	0	0	0	522	611	
8	0	0	0	0	531	598	
9	0	0	0	0	534	580	
10	0	0	0	0	532	562	
11	0	0	0	0	530	547	
12	0	0	0	0	531	533	
13	0	0	0	0	533	519	
14	0	0	0	0	533	506	
15	0	0	0	0	534	492	
0	0	0	0	0	534	475	
1	0	0	0	0	531	459	
2	0	0	0	0	528	450	
3	0	0	0	0	524	446	
4	0	0	0	0	519	444	
5	0	0	0	0	516	439	
6	0	0	0	0	516	440	
7	0	0	0	0	513	447	
8	0	0	0	0	513	461	
9	0	0	0	0	510	481	
10	0	0	0	0	505	502	
11	0	0	0	0	500	521	
12	0	0	0	0	496	540	
13	0	0	0	0	495	558	
14	0	0	0	0	494	569	
15	0	0	0	0	495	576	
0	0	0	0	0	496	582	
1	0	0	0	0	498	589	
2	0	0	0	0	497	598	
3	0	0	0	0	499	614	
4	0	0	0	0	496	623	
5	0	0	0	0	494	627	
6	0	0	0	0	489	632	
7	0	0	0	0	481	633	
8	0	0	0	0	472	637	
9	0	0	0	0	462	637	
10	0	0	0	0	449	639	
11	0	0	0	0	439	644	
12	0	0	0	0	431	646	
13	0	0	0	0	428	645	
14	0	0	0	0	425	640	
15	0	0	0	0	426	637	
0	0	0	0	0	425	636	
1	0	0	0	0	427	632	
2	0	0	0	0	433	625	
3	0	0	0	0	443	620	
4	0	0	0	0	454	608	
5	0	0	0	0	463	597	
6	0	0	0	0	475	593	
7	0	0	0	0	488	593	
8	0	0	0	0	500	596	
9	0	0	0	0	509	596	
10	0	0	0	0	515	593	
11	0	0	0	0	519	588	
12	0	0	0	0	520	583	
13	0	0	0	0	519	576	
14	0	0	0	0	515	570	
15	0	0	0	0	510	566	
0	0	0	0	0	504	561	
1	0	0	0	0	500	554	
2	0	0	0	0	499	548	
3	0	0	0	0	503	545	
4	0	0	0	0	505	542	
5	0	0	0	0	504	540	
6	0	0	0	0	501	540	
7	0	0	0	0	495	543	
8	0	0	0	0	490	551	
9	0	0	0	0	484	554	
10	0	0	0	0	479	554	
11	0	0	0	0	478	552	
12	0	0	0	0	481	556	
13	0	0	0	0	488	556	
14	0	0	0	0	494	548	
15	0	0	0	0	497	535	
0	0	0	0	0	497	519	
1	0	0	0	0	494	503	
2	0	0	0	0	486	491	
3	0	0	0	0	477	486	
4	0	0	0	0	469	492	
5	0	0	0	0	462	504	
6	0	0	0	0	459	522	
7	0	0	0	0	457	536	
8	0	0	0	0	459	549	
9	0	0	0	0	464	556	
10	0	0	0	0	469	557	
11	0	0	0	0	471	552	
12	0	0	0	0	473	545	
13	0	0	0	0	472	536	
14	0	0	0	0	468	524	
15	0	0	0	0	460	515	
0	0	0	0	0	453	510	
1	0	0	0	0	449	507	
2	0	0	0	0	444	505	
3	0	0	0	0	436	506	
4	0	0	0	0	430	510	
5	0	0	0	0	428	509	
6	0	0	0	0	428	503	
7	0	0	0	0	433	494	
8	0	0	0	0	444	487	
9	0	0	0	0	453	479	
10	0	0	0	0	456	472	
11	0	0	0	0	457	463	
12	0	0	0	0	454	463	
13	0	0	0	0	453	471	
14	0	0	0	0	451	483	
15	0	0	0	0	450	487	
0	0	0	0	0	447	483	
1	0	0	0	0	444	473	
2	0	0	0	0	437	461	
3	0	0	0	0	435	451	
4	0	0	0	0	433	446	
5	0	0	0	0	436	452	
6	0	0	0	0	441	463	
7	0	0	0	0	450	475	
8	0	0	0	0	460	486	
9	0	0	0	0	470	493	
10	0	0	0	0	478	499	
11	0	0	0	0	485	503	
12	0	0	0	0	489	504	
13	0	0	0	0	490	506	
14	0	0	0	0	490	511	
15	0	0	0	0	487	519	
0	0	0	0	0	486	525	
1	0	0	0	0	488	527	
2	0	0	0	0	487	530	
3	0	0	0	0	486	530	
4	0	0	0	0	486	527	
5	0	0	0	0	484	523	
6	0	0	0	0	485	519	
7	0	0	0	0	482	516	
8	0	0	0	0	480	516	
9	0	0	0	0	483	520	
10	0	0	0	0	484	523	
11	0	0	0	0	484	519	
12	0	0	0	0	478	512	
13	0	0	0	0	470	508	
14	0	0	0	0	466	498	
15	0	0	0	0	464	487	
0	0	0	0	0	460	480	
1	0	0	0	0	459	479	
2	0	0	0	0	460	482	
3	0	0	0	0	464	481	
4	0	0	0	0	467	479	
5	0	0	0	0	465	478	
6	0	0	0	0	463	479	
7	0	0	0	0	466	484	
8	0	0	0	0	472	494	
9	0	0	0	0	478	506	
10	0	0	0	0	486	521	
11	0	0	0	0	492	532	
12	0	0	0	0	500	543	
13	0	0	0	0	505	549	
14	0	0	0	0	510	556	
15	0	0	0	0	510	564	
0	0	0	0	0	507	577	
1	0	0	0	0	505	584	
2	0	0	0	0	504	595	
3	0	0	0	0	502	599	
4	0	0	0	0	501	596	
5	0	0	0	0	498	592	
6	0	0	0	0	498	588	
7	0	0	0	0	498	583	
8	0	0	0	0	499	574	
9	0	0	0	0	501	563	
10	0	0	0	0	500	548	
11	0	0	0	0	498	532	
12	0	0	0	0	496	515	
13	0	0	0	0	491	494	
14	0	0	0	0	487	472	
15	0	0	0	0	485	455	
0	0	0	0	0	480	447	
1	0	0	0	0	477	446	
2	0	0	0	0	473	447	
3	0	0	0	0	472	450	
4	0	0	0	0	475	455	
5	0	0	0	0	479	457	
6	0	0	0	0	482	460	
7	0	0	0	0	486	463	
8	0	0	0	0	490	463	
9	0	0	0	0	497	465	
10	0	0	0	0	502	463	
11	0	0	0	0	500	459	
12	0	0	0	0	495	452	
13	0	0	0	0	489	446	
14	0	0	0	0	485	444	
15	0	0	0	0	480	441	
0	0	0	0	0	478	444	
1	0	0	0	0	478	452	
2	0	0	0	0	476	467	
3	0	0	0	0	475	482	
4	0	0	0	0	475	492	
5	0	0	0	0	477	501	
6	0	0	0	0	477	506	
7	0	0	0	0	476	504	
8	0	0	0	0	473	500	
9	0	0	0	0	468	495	
10	0	0	0	0	465	489	
11	0	0	0	0	463	480	
12	0	0	0	0	463	469	
13	0	0	0	0	465	458	
14	0	0	0	0	465	454	
15	0	0	0	0	467	458	
0	0	0	0	0	475	466	
1	0	0	0	0	480	475	
2	0	0	0	0	483	479	
3	0	0	0	0	483	482	
4	0	0	0	0	485	481	
5	0	0	0	0	489	479	
6	0	0	0	0	496	479	
7	0	0	0	0	500	478	
8	0	0	0	0	505	478	
9	0	0	0	0	508	478	
10	0	0	0	0	508	477	
11	0	0	0	0	504	475	
12	0	0	0	0	502	474	
13	0	0	0	0	501	472	
14	0	0	0	0	499	471	
15	0	0	0	0	496	468	
0	0	0	0	0	493	465	
1	0	0	0	0	492	462	
2	0	0	0	0	488	455	
3	0	0	0	0	489	449	
4	0	0	0	0	495	446	
5	0	0	0	0	503	450	
6	0	0	0	0	508	460	
7	0	0	0	0	509	467	
8	0	0	0	0	511	467	
9	0	0	0	0	512	462	
10	0	0	0	0	517	456	
11	0	0	0	0	523	448	
12	0	0	0	0	525	440	
13	0	0	0	0	527	434	
14	0	0	0	0	531	438	
15	0	0	0	0	536	448	
0	0	0	0	0	541	463	
1	0	0	0	0	549	480	
2	0	0	0	0	557	498	
3	0	0	0	0	564	511	
4	0	0	0	0	566	516	
5	0	0	0	0	563	516	
6	0	0	0	0	561	515	
7	0	0	0	0	556	512	
8	0	0	0	0	547	510	
9	0	0	0	0	538	509	
10	0	0	0	0	524	510	
11	0	0	0	0	507	507	
12	0	0	0	0	485	504	
13	0	0	0	0	463	504	
14	0	0	0	0	443	512	
15	0	0	0	0	431	515	
0	0	0	0	0	422	515	
1	0	0	0	0	410	514	
2	0	0	0	0	400	515	
3	0	0	0	0	392	523	
4	0	0	0	0	388	532	
5	0	0	0	0	387	544	
6	0	0	0	0	392	556	
7	0	0	0	0	393	560	
8	0	0	0	0	399	563	
9	0	0	0	0	404	564	
10	0	0	0	0	408	567	
11	0	0	0	0	408	571	
12	0	0	0	0	407	578	
13	0	0	0	0	406	581	
14	0	0	0	0	405	581	
15	0	0	0	0	409	578	
0	0	0	0	0	413	572	
1	0	0	0	0	415	561	
2	0	0	0	0	413	551	
3	0	0	0	0	410	541	
4	0	0	0	0	403	529	
5	0	0	0	0	397	521	
6	0	0	0	0	392	515	
7	0	0	0	0	393	515	
8	0	0	0	0	396	518	
9	0	0	0	0	403	519	
10	0	0	0	0	409	520	
11	0	0	0	0	418	523	
12	0	0	0	0	425	527	
13	0	0	0	0	436	536	
14	0	0	0	0	448	543	
15	0	0	0	0	457	551	
0	0	0	0	0	463	561	
1	0	0	0	0	463	565	
2	0	0	0	0	460	567	
3	0	0	0	0	459	568	
4	0	0	0	0	457	568	
5	0	0	0	0	458	574	
6	0	0	0	0	467	579	
7	0	0	0	0	472	582	
8	0	0	0	0	477	583	
9	0	0	0	0	485	585	
10	0	0	0	0	492	588	
11	0	0	0	0	498	588	
12	0	0	0	0	500	585	
13	0	0	0	0	501	583	
14	0	0	0	0	504	583	
15	0	0	0	0	504	584	
0	0	0	0	0	503	583	
1	0	0	0	0	503	587	
2	0	0	0	0	504	595	
3	0	0	0	0	504	602	
4	0	0	0	0	506	602	
5	0	0	0	0	501	599	
6	0	0	0	0	494	593	
7	0	0	0	0	490	583	
8	0	0	0	0	488	573	
9	0	0	0	0	490	562	
10	0	0	0	0	487	553	
11	0	0	0	0	488	546	
12	0	0	0	0	489	543	
13	0	0	0	0	485	541	
14	0	0	0	0	482	545	
15	0	0	0	0	475	553	
0	0	0	0	0	470	565	
1	0	0	0	0	471	579	
2	0	0	0	0	475	592	
3	0	0	0	0	479	600	
4	0	0	0	0	480	606	
5	0	0	0	0	477	611	
6	0	0	0	0	475	610	
7	0	0	0	0	475	607	
8	0	0	0	0	473	602	
9	0	0	0	0	472	595	
10	0	0	0	0	470	589	
11	0	0	0	0	472	583	
12	0	0	0	0	474	583	
13	0	0	0	0	481	590	
14	0	0	0	0	493	594	
15	0	0	0	0	503	599	
0	0	0	0	0	512	604	
1	0	0	0	0	516	596	
2	0	0	0	0	517	579	
3	0	0	0	0	518	559	
4	0	0	0	0	520	543	
5	0	0	0	0	519	533	
6	0	0	0	0	521	527	
7	0	0	0	0	521	524	
8	0	0	0	0	519	523	
9	0	0	0	0	513	519	
10	0	0	0	0	509	518	
11	0	0	0	0	506	519	
12	0	0	0	0	500	524	
13	0	0	0	0	493	528	
14	0	0	0	0	491	529	
15	0	0	0	0	489	527	
0	0	0	0	0	486	528	
1	0	0	0	0	485	531	
2	0	0	0	0	486	535	
3	0	0	0	0	485	539	
4	0	0	0	0	483	542	
5	0	0	0	0	482	546	
6	0	0	0	0	478	549	
7	0	0	0	0	477	552	
8	0	0	0	0	482	558	
9	0	0	0	0	489	562	
10	0	0	0	0	500	564	
11	0	0	0	0	512	567	
12	0	0	0	0	521	567	
13	0	0	0	0	526	565	
14	0	0	0	0	529	560	
15	0	0	0	0	529	556	
0	0	0	0	0	526	548	
1	0	0	0	0	519	539	
2	0	0	0	0	511	530	
3	0	0	0	0	499	522	
4	0	0	0	0	492	516	
5	0	0	0	0	489	511	
6	0	0	0	0	490	509	
7	0	0	0	0	490	508	
8	0	0	0	0	492	507	
9	0	0	0	0	493	502	
10	0	0	0	0	496	495	
11	0	0	0	0	500	489	
12	0	0	0	0	498	486	
13	0	0	0	0	491	488	
14	0	0	0	0	486	491	
15	0	0	0	0	480	494	
0	0	0	0	0	478	500	
1	0	0	0	0	478	506	
2	0	0	0	0	481	508	
3	0	0	0	0	487	507	
4	0	0	0	0	493	510	
5	0	0	0	0	496	513	
6	0	0	0	0	502	520	
7	0	0	0	0	510	524	
8	0	0	0	0	518	526	
9	0	0	0	0	519	522	
10	0	0	0	0	517	516	
11	0	0	0	0	513	509	
12	0	0	0	0	511	503	
13	0	0	0	0	511	498	
14	0	0	0	0	507	494	
15	0	0	0	0	503	492	
0	0	0	0	0	500	495	
1	0	0	0	0	500	504	
2	0	0	0	0	499	513	
3	0	0	0	0	498	518	
4	0	0	0	0	499	525	
5	0	0	0	0	499	533	
6	0	0	0	0	497	536	
7	0	0	0	0	497	537	
8	0	0	0	0	499	539	
9	0	0	0	0	501	537	
10	0	0	0	0	503	536	
11	0	0	0	0	502	535	
12	0	0	0	0	501	537	
13	0	0	0	0	496	537	
14	0	0	0	0	489	537	
15	0	0	0	0	485	536	
0	0	0	0	0	479	531	
1	0	0	0	0	475	534	
2	0	0	0	0	475	531	
3	0	0	0	0	475	526	
4	0	0	0	0	480	517	
5	0	0	0	0	487	506	
6	0	0	0	0	490	489	
7	0	0	0	0	490	469	
8	0	0	0	0	486	451	
9	0	0	0	0	483	440	
10	0	0	0	0	481	428	
11	0	0	0	0	481	422	
12	0	0	0	0	484	420	
13	0	0	0	0	487	422	
14	0	0	0	0	486	425	
15	0	0	0	0	483	431	
0	0	0	0	0	481	440	
1	0	0	0	0	479	451	
2	0	0	0	0	476	460	
3	0	0	0	0	477	468	
4	0	0	0	0	478	476	
5	0	0	0	0	479	478	
6	0	0	0	0	481	481	
7	0	0	0	0	484	481	
8	0	0	0	0	487	480	
9	0	0	0	0	488	473	
10	0	0	0	0	488	468	
11	0	0	0	0	485	463	
12	0	0	0	0	481	460	
13	0	0	0	0	476	461	
14	0	0	0	0	472	465	
15	0	0	0	0	466	469	
0	0	0	0	0	462	470	
1	0	0	0	0	459	470	
2	0	0	0	0	456	471	
3	0	0	0	0	453	470	
4	0	0	0	0	449	471	
5	0	0	0	0	444	472	
6	0	0	0	0	445	476	
7	0	0	0	0	451	480	
8	0	0	0	0	463	487	
9	0	0	0	0	475	496	
10	0	0	0	0	483	499	
11	0	0	0	0	490	504	
12	0	0	0	0	496	504	
13	0	0	0	0	496	504	
14	0	0	0	0	492	503	
15	0	0	0	0	489	496	
0	0	0	0	0	486	486	
1	0	0	0	0	482	476	
2	0	0	0	0	480	475	
3	0	0	0	0	477	475	
4	0	0	0	0	475	473	
5	0	0	0	0	477	472	
6	0	0	0	0	476	469	
7	0	0	0	0	474	461	
8	0	0	0	0	471	455	
9	0	0	0	0	468	450	
10	0	0	0	0	462	446	
11	0	0	0	0	457	441	
12	0	0	0	0	455	435	
13	0	0	0	0	457	430	
14	0	0	0	0	462	430	
15	0	0	0	0	466	434	
0	0	0	0	0	469	440	
1	0	0	0	0	472	445	
2	0	0	0	0	476	451	
3	0	0	0	0	476	451	
4	0	0	0	0	477	452	
5	0	0	0	0	479	464	
6	0	0	0	0	482	480	
7	0	0	0	0	489	496	
8	0	0	0	0	500	512	
9	0	0	0	0	512	530	
10	0	0	0	0	524	546	
11	0	0	0	0	536	555	
12	0	0	0	0	543	559	
13	0	0	0	0	552	557	
14	0	0	0	0	558	555	
15	0	0	0	0	555	551	
0	0	0	0	0	551	545	
1	0	0	0	0	549	534	
2	0	0	0	0	548	522	
3	0	0	0	0	544	511	
4	0	0	0	0	539	500	
5	0	0	0	0	532	491	
6	0	0	0	0	525	483	
7	0	0	0	0	519	474	
8	0	0	0	0	514	462	
9	0	0	0	0	512	447	
10	0	0	0	0	508	433	
11	0	0	0	0	509	418	
12	0	0	0	0	513	408	
13	0	0	0	0	514	404	
14	0	0	0	0	515	407	
15	0	0	0	0	517	409	
0	0	0	0	0	520	410	
1	0	0	0	0	521	410	
2	0	0	0	0	524	411	
3	0	0	0	0	531	417	
4	0	0	0	0	537	425	
5	0	0	0	0	542	433	
6	0	0	0	0	545	441	
7	0	0	0	0	549	447	
8	0	0	0	0	556	452	
9	0	0	0	0	567	455	
10	0	0	0	0	578	454	
11	0	0	0	0	588	455	
12	0	0	0	0	598	448	
13	0	0	0	0	604	444	
14	0	0	0	0	607	447	
15	0	0	0	0	612	452	
0	0	0	0	0	612	452	
1	0	0	0	0	603	447	
2	0	0	0	0	590	438	
3	0	0	0	0	575	433	
4	0	0	0	0	560	428	
5	0	0	0	0	548	425	
6	0	0	0	0	541	423	
7	0	0	0	0	537	423	
8	0	0	0	0	534	427	
9	0	0	0	0	531	432	
10	0	0	0	0	533	433	
11	0	0	0	0	535	436	
12	0	0	0	0	536	437	
13	0	0	0	0	539	436	
14	0	0	0	0	537	436	
15	0	0	0	0	533	435	
0	0	0	0	0	530	436	
1	0	0	0	0	534	433	
2	0	0	0	0	538	430	
3	0	0	0	0	541	429	
4	0	0	0	0	543	432	
5	0	0	0	0	543	437	
6	0	0	0	0	545	444	
7	0	0	0	0	545	452	
8	0	0	0	0	547	460	
9	0	0	0	0	553	467	
10	0	0	0	0	562	477	
11	0	0	0	0	572	487	
12	0	0	0	0	582	499	
13	0	0	0	0	585	509	
14	0	0	0	0	580	512	
15	0	0	0	0	567	514	
0	0	0	0	0	551	516	
1	0	0	0	0	535	513	
2	0	0	0	0	520	505	
3	0	0	0	0	508	492	
4	0	0	0	0	498	477	
5	0	0	0	0	495	463	
6	0	0	0	0	496	452	
7	0	0	0	0	499	444	
8	0	0	0	0	504	438	
9	0	0	0	0	511	435	
10	0	0	0	0	519	434	
11	0	0	0	0	527	436	
12	0	0	0	0	535	440	
13	0	0	0	0	542	444	
14	0	0	0	0	548	447	
15	0	0	0	0	557	454	
0	0	0	0	0	563	460	
1	0	0	0	0	567	465	
2	0	0	0	0	570	471	
3	0	0	0	0	569	475	
4	0	0	0	0	570	476	
5	0	0	0	0	571	478	
6	0	0	0	0	572	480	
7	0	0	0	0	569	481	
8	0	0	0	0	565	482	
9	0	0	0	0	562	482	
10	0	0	0	0	560	483	
11	0	0	0	0	551	484	
12	0	0	0	0	539	484	
13	0	0	0	0	523	488	
14	0	0	0	0	511	496	
15	0	0	0	0	501	506	
0	0	0	0	0	492	512	
1	0	0	0	0	483	513	
2	0	0	0	0	478	514	
3	0	0	0	0	473	514	
4	0	0	0	0	469	515	
5	0	0	0	0	472	515	
6	0	0	0	0	477	512	
7	0	0	0	0	481	508	
8	0	0	0	0	484	505	
9	0	0	0	0	486	504	
10	0	0	0	0	487	508	
11	0	0	0	0	494	514	
12	0	0	0	0	503	520	
13	0	0	0	0	509	526	
14	0	0	0	0	513	534	
15	0	0	0	0	519	544	
0	0	0	0	0	526	548	
1	0	0	0	0	534	544	
2	0	0	0	0	544	537	
3	0	0	0	0	550	527	
4	0	0	0	0	551	515	
5	0	0	0	0	548	506	
6	0	0	0	0	544	498	
7	0	0	0	0	538	493	
8	0	0	0	0	528	490	
9	0	0	0	0	520	486	
10	0	0	0	0	515	483	
11	0	0	0	0	511	485	
12	0	0	0	0	512	494	
13	0	0	0	0	514	504	
14	0	0	0	0	513	510	
15	0	0	0	0	512	516	
0	0	0	0	0	507	521	
1	0	0	0	0	501	525	
2	0	0	0	0	495	535	
3	0	0	0	0	492	555	
4	0	0	0	0	487	571	
5	0	0	0	0	483	587	
6	0	0	0	0	480	598	
7	0	0	0	0	476	605	
8	0	0	0	0	472	609	
9	0	0	0	0	472	614	
10	0	0	0	0	471	619	
11	0	0	0	0	470	622	
12	0	0	0	0	470	615	
13	0	0	0	0	470	606	
14	0	0	0	0	470	590	
15	0	0	0	0	468	574	
0	0	0	0	0	467	555	
1	0	0	0	0	467	532	
2	0	0	0	0	472	512	
3	0	0	0	0	475	497	
4	0	0	0	0	474	489	
5	0	0	0	0	473	482	
6	0	0	0	0	474	477	
7	0	0	0	0	476	474	
8	0	0	0	0	480	475	
9	0	0	0	0	486	480	
10	0	0	0	0	491	491	
11	0	0	0	0	495	499	
12	0	0	0	0	498	509	
13	0	0	0	0	500	516	
14	0	0	0	0	499	521	
15	0	0	0	0	494	526	
0	0	0	0	0	495	540	
1	0	0	0	0	502	554	
2	0	0	0	0	511	563	
3	0	0	0	0	522	567	
4	0	0	0	0	531	568	
5	0	0	0	0	534	561	
6	0	0	0	0	538	551	
7	0	0	0	0	540	537	
8	0	0	0	0	544	521	
9	0	0	0	0	550	506	
10	0	0	0	0	553	491	
11	0	0	0	0	557	478	
12	0	0	0	0	564	467	
13	0	0	0	0	571	462	
14	0	0	0	0	579	455	
15	0	0	0	0	585	448	
0	0	0	0	0	594	439	
1	0	0	0	0	601	419	
2	0	0	0	0	606	408	
3	0	0	0	0	609	398	
4	0	0	0	0	607	390	
5	0	0	0	0	603	385	
6	0	0	0	0	599	380	
7	0	0	0	0	594	379	
8	0	0	0	0	594	376	
9	0	0	0	0	594	374	
10	0	0	0	0	590	378	
11	0	0	0	0	583	389	
12	0	0	0	0	575	400	
13	0	0	0	0	565	404	
14	0	0	0	0	560	396	
15	0	0	0	0	556	389	
0	0	0	0	0	553	376	
1	0	0	0	0	551	364	
2	0	0	0	0	553	352	
3	0	0	0	0	557	338	
4	0	0	0	0	560	328	
5	0	0	0	0	566	318	
6	0	0	0	0	570	303	
7	0	0	0	0	576	305	
8	0	0	0	0	578	305	
9	0	0	0	0	580	316	
10	0	0	0	0	582	327	
11	0	0	0	0	583	334	
12	0	0	0	0	583	342	
13	0	0	0	0	587	349	
14	0	0	0	0	593	352	
15	0	0	0	0	599	366	
0	0	0	0	0	608	371	
1	0	0	0	0	616	375	
2	0	0	0	0	622	373	
3	0	0	0	0	625	367	
4	0	0	0	0	624	375	
5	0	0	0	0	619	373	
6	0	0	0	0	612	373	
7	0	0	0	0	606	376	
8	0	0	0	0	600	376	
9	0	0	0	0	592	384	
10	0	0	0	0	583	393	
11	0	0	0	0	576	401	
12	0	0	0	0	573	415	
13	0	0	0	0	571	426	
14	0	0	0	0	566	441	
15	0	0	0	0	561	460	
0	0	0	0	0	559	479	
1	0	0	0	0	558	491	
2	0	0	0	0	561	501	
3	0	0	0	0	564	507	
4	0	0	0	0	569	507	
5	0	0	0	0	575	503	
6	0	0	0	0	580	497	
7	0	0	0	0	583	490	
8	0	0	0	0	585	474	
9	0	0	0	0	588	458	
10	0	0	0	0	587	442	
11	0	0	0	0	586	428	
12	0	0	0	0	588	417	
13	0	0	0	0	589	408	
14	0	0	0	0	588	401	
15	0	0	0	0	580	393	
0	0	0	0	0	569	387	
1	0	0	0	0	559	395	
2	0	0	0	0	551	403	
3	0	0	0	0	544	414	
4	0	0	0	0	542	424	
5	0	0	0	0	543	435	
6	0	0	0	0	547	446	
7	0	0	0	0	553	453	
8	0	0	0	0	556	455	
9	0	0	0	0	552	463	
10	0	0	0	0	548	472	
11	0	0	0	0	550	483	
12	0	0	0	0	553	498	
13	0	0	0	0	559	507	
14	0	0	0	0	568	511	
15	0	0	0	0	576	508	
0	0	0	0	0	583	506	
1	0	0	0	0	588	504	
2	0	0	0	0	592	506	
3	0	0	0	0	592	507	
4	0	0	0	0	588	512	
5	0	0	0	0	581	515	
6	0	0	0	0	572	523	
7	0	0	0	0	564	522	
8	0	0	0	0	554	522	
9	0	0	0	0	544	515	
10	0	0	0	0	534	510	
11	0	0	0	0	524	502	
12	0	0	0	0	516	493	
13	0	0	0	0	507	488	
14	0	0	0	0	496	487	
15	0	0	0	0	484	486	
0	0	0	0	0	475	491	
1	0	0	0	0	471	494	
2	0	0	0	0	466	499	
3	0	0	0	0	464	503	
4	0	0	0	0	467	510	
5	0	0	0	0	475	519	
6	0	0	0	0	487	523	
7	0	0	0	0	501	524	
8	0	0	0	0	512	522	
9	0	0	0	0	516	515	
10	0	0	0	0	514	510	
11	0	0	0	0	511	506	
12	0	0	0	0	511	504	
13	0	0	0	0	509	503	
14	0	0	0	0	504	499	
15	0	0	0	0	500	493	
0	0	0	0	0	497	491	
1	0	0	0	0	497	496	
2	0	0	0	0	496	508	
3	0	0	0	0	496	515	
4	0	0	0	0	499	523	
5	0	0	0	0	502	527	
6	0	0	0	0	508	527	
7	0	0	0	0	513	523	
8	0	0	0	0	516	520	
9	0	0	0	0	516	517	
10	0	0	0	0	514	513	
11	0	0	0	0	509	509	
12	0	0	0	0	502	506	
13	0	0	0	0	494	510	
14	0	0	0	0	489	513	
15	0	0	0	0	483	514	
0	0	0	0	0	480	513	
1	0	0	0	0	479	512	
2	0	0	0	0	482	515	
3	0	0	0	0	488	520	
4	0	0	0	0	494	533	
5	0	0	0	0	499	546	
6	0	0	0	0	504	562	
7	0	0	0	0	507	573	
8	0	0	0	0	507	577	
9	0	0	0	0	508	576	
10	0	0	0	0	509	574	
11	0	0	0	0	510	561	
12	0	0	0	0	507	547	
13	0	0	0	0	505	528	
14	0	0	0	0	507	515	
15	0	0	0	0	513	506	
0	0	0	0	0	518	502	
1	0	0	0	0	521	500	
2	0	0	0	0	521	500	
3	0	0	0	0	525	499	
4	0	0	0	0	529	498	
5	0	0	0	0	536	499	
6	0	0	0	0	543	500	
7	0	0	0	0	550	504	
8	0	0	0	0	555	509	
9	0	0	0	0	558	513	
10	0	0	0	0	564	518	
11	0	0	0	0	569	524	
12	0	0	0	0	575	527	
13	0	0	0	0	581	531	
14	0	0	0	0	583	532	
15	0	0	0	0	588	528	
0	0	0	0	0	592	527	
1	0	0	0	0	596	524	
2	0	0	0	0	596	518	
3	0	0	0	0	591	508	
4	0	0	0	0	585	496	
5	0	0	0	0	577	483	
6	0	0	0	0	571	479	
7	0	0	0	0	562	476	
8	0	0	0	0	553	472	
9	0	0	0	0	545	469	
10	0	0	0	0	538	471	
11	0	0	0	0	534	471	
12	0	0	0	0	528	473	
13	0	0	0	0	524	468	
14	0	0	0	0	523	461	
15	0	0	0	0	525	457	
0	0	0	0	0	523	454	
1	0	0	0	0	523	455	
2	0	0	0	0	523	464	
3	0	0	0	0	523	478	
4	0	0	0	0	524	492	
5	0	0	0	0	525	502	
6	0	0	0	0	527	507	
7	0	0	0	0	530	507	
8	0	0	0	0	535	506	
9	0	0	0	0	540	505	
10	0	0	0	0	543	510	
11	0	0	0	0	544	519	
12	0	0	0	0	541	525	
13	0	0	0	0	537	523	
14	0	0	0	0	531	514	
15	0	0	0	0	524	503	
0	0	0	0	0	514	492	
1	0	0	0	0	514	487	
2	0	0	0	0	517	487	
3	0	0	0	0	526	488	
4	0	0	0	0	539	496	
5	0	0	0	0	553	502	
6	0	0	0	0	563	500	
7	0	0	0	0	568	500	
8	0	0	0	0	563	507	
9	0	0	0	0	552	516	
10	0	0	0	0	535	528	
11	0	0	0	0	515	543	
12	0	0	0	0	497	561	
13	0	0	0	0	482	580	
14	0	0	0	0	471	596	
15	0	0	0	0	467	604	
0	0	0	0	0	464	607	
1	0	0	0	0	466	607	
2	0	0	0	0	468	611	
3	0	0	0	0	471	613	
4	0	0	0	0	473	619	
5	0	0	0	0	474	631	
6	0	0	0	0	473	642	
7	0	0	0	0	466	649	
8	0	0	0	0	457	663	
9	0	0	0	0	444	676	
10	0	0	0	0	438	693	
11	0	0	0	0	436	708	
12	0	0	0	0	431	718	
13	0	0	0	0	428	725	
14	0	0	0	0	425	725	
15	0	0	0	0	423	723	
0	0	0	0	0	415	721	
1	0	0	0	0	405	718	
2	0	0	0	0	395	712	
3	0	0	0	0	389	711	
4	0	0	0	0	389	716	
5	0	0	0	0	390	722	
6	0	0	0	0	389	728	
7	0	0	0	0	387	735	
8	0	0	0	0	389	751	
9	0	0	0	0	393	755	
10	0	0	0	0	397	760	
11	0	0	0	0	399	768	
12	0	0	0	0	392	774	
13	0	0	0	0	384	781	
14	0	0	0	0	374	785	
15	0	0	0	0	364	780	
0	0	0	0	0	359	777	
1	0	0	0	0	356	779	
2	0	0	0	0	354	783	
3	0	0	0	0	358	788	
4	0	0	0	0	361	788	
5	0	0	0	0	365	780	
6	0	0	0	0	366	771	
7	0	0	0	0	367	760	
8	0	0	0	0	365	756	
9	0	0	0	0	364	754	
10	0	0	0	0	366	758	
11	0	0	0	0	372	765	
12	0	0	0	0	374	771	
13	0	0	0	0	372	774	
14	0	0	0	0	369	774	
15	0	0	0	0	361	771	
0	0	0	0	0	352	763	
1	0	0	0	0	344	752	
2	0	0	0	0	335	743	
3	0	0	0	0	332	738	
4	0	0	0	0	334	732	
5	0	0	0	0	339	721	
6	0	0	0	0	352	711	
7	0	0	0	0	364	706	
8	0	0	0	0	375	702	
9	0	0	0	0	384	696	
10	0	0	0	0	391	690	
11	0	0	0	0	399	687	
12	0	0	0	0	410	687	
13	0	0	0	0	419	682	
14	0	0	0	0	426	680	
15	0	0	0	0	433	679	
0	0	0	0	0	437	675	
1	0	0	0	0	435	671	
2	0	0	0	0	433	671	
3	0	0	0	0	436	674	
4	0	0	0	0	435	684	
5	0	0	0	0	435	689	
6	0	0	0	0	435	694	
7	0	0	0	0	432	694	
8	0	0	0	0	427	686	
9	0	0	0	0	422	676	
10	0	0	0	0	418	670	
11	0	0	0	0	417	665	
12	0	0	0	0	411	668	
13	0	0	0	0	406	670	
14	0	0	0	0	402	673	
15	0	0	0	0	396	675	
0	0	0	0	0	395	677	
1	0	0	0	0	396	676	
2	0	0	0	0	401	676	
3	0	0	0	0	412	674	
4	0	0	0	0	423	668	
5	0	0	0	0	437	659	
6	0	0	0	0	451	645	
7	0	0	0	0	464	632	
8	0	0	0	0	476	627	
9	0	0	0	0	485	621	
10	0	0	0	0	489	620	
11	0	0	0	0	494	618	
12	0	0	0	0	495	623	
13	0	0	0	0	495	631	
14	0	0	0	0	494	637	
15	0	0	0	0	492	644	
0	0	0	0	0	488	655	
1	0	0	0	0	483	663	
2	0	0	0	0	480	667	
3	0	0	0	0	479	668	
4	0	0	0	0	478	664	
5	0	0	0	0	479	657	
6	0	0	0	0	474	654	
7	0	0	0	0	470	658	
8	0	0	0	0	467	671	
9	0	0	0	0	464	675	
10	0	0	0	0	459	679	
11	0	0	0	0	457	680	
12	0	0	0	0	454	675	
13	0	0	0	0	451	665	
14	0	0	0	0	448	651	
15	0	0	0	0	448	632	
0	0	0	0	0	452	616	
1	0	0	0	0	455	604	
2	0	0	0	0	461	595	
3	0	0	0	0	465	591	
4	0	0	0	0	468	589	
5	0	0	0	0	474	584	
6	0	0	0	0	480	579	
7	0	0	0	0	489	572	
8	0	0	0	0	500	570	
9	0	0	0	0	508	571	
10	0	0	0	0	512	574	
11	0	0	0	0	515	573	
12	0	0	0	0	517	572	
13	0	0	0	0	519	573	
14	0	0	0	0	519	573	
15	0	0	0	0	514	571	
0	0	0	0	0	503	571	
1	0	0	0	0	488	574	
2	0	0	0	0	474	574	
3	0	0	0	0	459	567	
4	0	0	0	0	454	559	
5	0	0	0	0	452	550	
6	0	0	0	0	454	545	
7	0	0	0	0	455	539	
8	0	0	0	0	455	536	
9	0	0	0	0	457	539	
10	0	0	0	0	462	546	
11	0	0	0	0	464	559	
12	0	0	0	0	469	575	
13	0	0	0	0	475	587	
14	0	0	0	0	478	600	
15	0	0	0	0	481	612	
0	0	0	0	0	484	621	
1	0	0	0	0	487	622	
2	0	0	0	0	486	617	
3	0	0	0	0	481	606	
4	0	0	0	0	481	591	
5	0	0	0	0	481	570	
6	0	0	0	0	486	546	
7	0	0	0	0	487	524	
8	0	0	0	0	487	505	
9	0	0	0	0	486	496	
10	0	0	0	0	485	492	
11	0	0	0	0	493	487	
12	0	0	0	0	502	483	
13	0	0	0	0	508	483	
14	0	0	0	0	514	481	
15	0	0	0	0	516	487	
0	0	0	0	0	512	499	
1	0	0	0	0	505	512	
2	0	0	0	0	492	525	
3	0	0	0	0	472	540	
4	0	0	0	0	452	555	
5	0	0	0	0	436	572	
6	0	0	0	0	428	583	
7	0	0	0	0	421	590	
8	0	0	0	0	418	597	
9	0	0	0	0	422	606	
10	0	0	0	0	429	614	
11	0	0	0	0	436	617	
12	0	0	0	0	443	624	
13	0	0	0	0	449	624	
14	0	0	0	0	455	625	
15	0	0	0	0	464	627	
0	0	0	0	0	468	625	
1	0	0	0	0	472	625	
2	0	0	0	0	473	627	
3	0	0	0	0	470	622	
4	0	0	0	0	465	615	
5	0	0	0	0	460	609	
6	0	0	0	0	458	604	
7	0	0	0	0	459	602	
8	0	0	0	0	460	604	
9	0	0	0	0	460	611	
10	0	0	0	0	460	621	
11	0	0	0	0	463	631	
12	0	0	0	0	469	641	
13	0	0	0	0	470	650	
14	0	0	0	0	463	657	
15	0	0	0	0	456	665	
0	0	0	0	0	448	669	
1	0	0	0	0	440	662	
2	0	0	0	0	435	653	
3	0	0	0	0	434	635	
4	0	0	0	0	438	615	
5	0	0	0	0	445	600	
6	0	0	0	0	451	591	
7	0	0	0	0	458	587	
8	0	0	0	0	467	584	
9	0	0	0	0	472	583	
10	0	0	0	0	476	580	
11	0	0	0	0	480	577	
12	0	0	0	0	480	574	
13	0	0	0	0	478	572	
14	0	0	0	0	476	562	
15	0	0	0	0	476	556	
0	0	0	0	0	476	551	
1	0	0	0	0	478	544	
2	0	0	0	0	481	537	
3	0	0	0	0	487	532	
4	0	0	0	0	493	532	
5	0	0	0	0	497	537	
6	0	0	0	0	499	544	
7	0	0	0	0	498	555	
8	0	0	0	0	495	563	
9	0	0	0	0	492	572	
10	0	0	0	0	490	579	
11	0	0	0	0	493	590	
12	0	0	0	0	497	599	
13	0	0	0	0	501	606	
14	0	0	0	0	501	609	
15	0	0	0	0	497	610	
0	0	0	0	0	495	613	
1	0	0	0	0	494	616	
2	0	0	0	0	492	609	
3	0	0	0	0	492	600	
4	0	0	0	0	490	590	
5	0	0	0	0	491	574	
6	0	0	0	0	491	559	
7	0	0	0	0	490	545	
8	0	0	0	0	491	531	
9	0	0	0	0	492	522	
10	0	0	0	0	492	512	
11	0	0	0	0	488	502	
12	0	0	0	0	483	493	
13	0	0	0	0	477	486	
14	0	0	0	0	472	483	
15	0	0	0	0	470	485	
0	0	0	0	0	473	493	
1	0	0	0	0	479	502	
2	0	0	0	0	478	507	
3	0	0	0	0	474	511	
4	0	0	0	0	474	519	
5	0	0	0	0	476	528	
6	0	0	0	0	482	535	
7	0	0	0	0	484	540	
8	0	0	0	0	483	540	
9	0	0	0	0	481	532	
10	0	0	0	0	481	522	
11	0	0	0	0	487	515	
12	0	0	0	0	494	510	
13	0	0	0	0	500	508	
14	0	0	0	0	506	504	
15	0	0	0	0	510	496	
0	0	0	0	0	513	487	
1	0	0	0	0	515	481	
2	0	0	0	0	515	472	
3	0	0	0	0	519	468	
4	0	0	0	0	530	473	
5	0	0	0	0	538	480	
6	0	0	0	0	541	491	
7	0	0	0	0	539	501	
8	0	0	0	0	534	507	
9	0	0	0	0	533	507	
10	0	0	0	0	529	504	
11	0	0	0	0	526	500	
12	0	0	0	0	520	498	
13	0	0	0	0	517	497	
14	0	0	0	0	517	496	
15	0	0	0	0	519	493	
0	0	0	0	0	515	491	
1	0	0	0	0	511	491	
2	0	0	0	0	510	496	
3	0	0	0	0	512	504	
4	0	0	0	0	512	512	
5	0	0	0	0	511	514	
6	0	0	0	0	504	507	
7	0	0	0	0	497	491	
8	0	0	0	0	493	472	
9	0	0	0	0	495	457	
10	0	0	0	0	501	449	
11	0	0	0	0	512	446	
12	0	0	0	0	523	447	
13	0	0	0	0	530	448	
14	0	0	0	0	533	452	
15	0	0	0	0	536	455	
0	0	0	0	0	536	455	
1	0	0	0	0	535	451	
2	0	0	0	0	534	441	
3	0	0	0	0	529	427	
4	0	0	0	0	524	415	
5	0	0	0	0	522	408	
6	0	0	0	0	526	404	
7	0	0	0	0	527	408	
8	0	0	0	0	528	412	
9	0	0	0	0	531	419	
10	0	0	0	0	535	424	
11	0	0	0	0	540	432	
12	0	0	0	0	547	435	
13	0	0	0	0	549	437	
14	0	0	0	0	553	437	
15	0	0	0	0	558	437	
0	0	0	0	0	560	439	
1	0	0	0	0	559	440	
2	0	0	0	0	557	439	
3	0	0	0	0	553	440	
4	0	0	0	0	547	446	
5	0	0	0	0	545	450	
6	0	0	0	0	546	455	
7	0	0	0	0	548	459	
8	0	0	0	0	551	465	
9	0	0	0	0	551	470	
10	0	0	0	0	553	477	
11	0	0	0	0	555	479	
12	0	0	0	0	553	480	
13	0	0	0	0	550	479	
14	0	0	0	0	549	477	
15	0	0	0	0	546	473	
0	0	0	0	0	541	465	
1	0	0	0	0	536	453	
2	0	0	0	0	530	444	
3	0	0	0	0	524	434	
4	0	0	0	0	520	419	
5	0	0	0	0	517	404	
6	0	0	0	0	518	393	
7	0	0	0	0	527	391	
8	0	0	0	0	535	388	
9	0	0	0	0	540	386	
10	0	0	0	0	543	384	
11	0	0	0	0	542	382	
12	0	0	0	0	540	384	
13	0	0	0	0	537	387	
14	0	0	0	0	535	390	
15	0	0	0	0	533	396	
0	0	0	0	0	532	407	
1	0	0	0	0	535	424	
2	0	0	0	0	534	448	
3	0	0	0	0	531	472	
4	0	0	0	0	531	489	
5	0	0	0	0	532	500	
6	0	0	0	0	538	509	
7	0	0	0	0	546	515	
8	0	0	0	0	551	519	
9	0	0	0	0	555	521	
10	0	0	0	0	555	517	
11	0	0	0	0	553	506	
12	0	0	0	0	551	488	
13	0	0	0	0	551	467	
14	0	0	0	0	553	447	
15	0	0	0	0	555	428	
0	0	0	0	0	562	415	
1	0	0	0	0	567	401	
2	0	0	0	0	568	385	
3	0	0	0	0	566	370	
4	0	0	0	0	567	353	
5	0	0	0	0	569	345	
6	0	0	0	0	567	341	
7	0	0	0	0	563	334	
8	0	0	0	0	559	333	
9	0	0	0	0	552	328	
10	0	0	0	0	546	327	
11	0	0	0	0	540	334	
12	0	0	0	0	539	347	
13	0	0	0	0	540	364	
14	0	0	0	0	541	380	
15	0	0	0	0	541	391	
0	0	0	0	0	544	408	
1	0	0	0	0	545	424	
2	0	0	0	0	545	434	
3	0	0	0	0	545	443	
4	0	0	0	0	546	446	
5	0	0	0	0	545	445	
6	0	0	0	0	538	443	
7	0	0	0	0	528	437	
8	0	0	0	0	519	432	
9	0	0	0	0	510	430	
10	0	0	0	0	502	431	
11	0	0	0	0	496	433	
12	0	0	0	0	493	430	
13	0	0	0	0	486	423	
14	0	0	0	0	480	418	
15	0	0	0	0	477	411	
0	0	0	0	0	479	404	
1	0	0	0	0	484	403	
2	0	0	0	0	492	407	
3	0	0	0	0	496	414	
4	0	0	0	0	499	417	
5	0	0	0	0	498	419	
6	0	0	0	0	497	420	
7	0	0	0	0	496	420	
8	0	0	0	0	497	417	
9	0	0	0	0	500	422	
10	0	0	0	0	504	427	
11	0	0	0	0	507	431	
12	0	0	0	0	503	442	
13	0	0	0	0	497	457	
14	0	0	0	0	492	472	
15	0	0	0	0	491	483	
0	0	0	0	0	493	492	
1	0	0	0	0	499	495	
2	0	0	0	0	505	493	
3	0	0	0	0	509	488	
4	0	0	0	0	510	481	
5	0	0	0	0	511	477	
6	0	0	0	0	506	472	
7	0	0	0	0	501	467	
8	0	0	0	0	496	463	
9	0	0	0	0	492	458	
10	0	0	0	0	486	455	
11	0	0	0	0	479	455	
12	0	0	0	0	474	454	
13	0	0	0	0	469	451	
14	0	0	0	0	467	446	
15	0	0	0	0	466	440	
0	0	0	0	0	467	432	
1	0	0	0	0	473	423	
2	0	0	0	0	479	417	
3	0	0	0	0	481	411	
4	0	0	0	0	487	409	
5	0	0	0	0	491	412	
6	0	0	0	0	496	418	
7	0	0	0	0	501	424	
8	0	0	0	0	509	428	
9	0	0	0	0	519	428	
10	0	0	0	0	533	431	
11	0	0	0	0	549	436	
12	0	0	0	0	564	441	
13	0	0	0	0	577	445	
14	0	0	0	0	586	448	
15	0	0	0	0	592	444	
0	0	0	0	0	592	443	
1	0	0	0	0	589	439	
2	0	0	0	0	579	428	
3	0	0	0	0	566	419	
4	0	0	0	0	549	408	
5	0	0	0	0	538	392	
6	0	0	0	0	531	381	
7	0	0	0	0	529	373	
8	0	0	0	0	527	369	
9	0	0	0	0	525	374	
10	0	0	0	0	524	390	
11	0	0	0	0	521	402	
12	0	0	0	0	516	407	
13	0	0	0	0	515	409	
14	0	0	0	0	514	409	
15	0	0	0	0	515	402	
0	0	0	0	0	518	392	
1	0	0	0	0	523	386	
2	0	0	0	0	525	380	
3	0	0	0	0	529	374	
4	0	0	0	0	536	371	
5	0	0	0	0	545	369	
6	0	0	0	0	554	373	
7	0	0	0	0	561	381	
8	0	0	0	0	566	392	
9	0	0	0	0	566	408	
10	0	0	0	0	565	423	
11	0	0	0	0	563	433	
12	0	0	0	0	559	441	
13	0	0	0	0	553	445	
14	0	0	0	0	543	443	
15	0	0	0	0	536	438	
0	0	0	0	0	529	428	
1	0	0	0	0	521	419	
2	0	0	0	0	511	411	
3	0	0	0	0	503	405	
4	0	0	0	0	499	401	
5	0	0	0	0	502	403	
6	0	0	0	0	511	410	
7	0	0	0	0	520	424	
8	0	0	0	0	531	437	
9	0	0	0	0	540	445	
10	0	0	0	0	541	455	
11	0	0	0	0	542	465	
12	0	0	0	0	539	472	
13	0	0	0	0	533	479	
14	0	0	0	0	528	482	
15	0	0	0	0	521	481	
0	0	0	0	0	510	481	
1	0	0	0	0	500	481	
2	0	0	0	0	495	482	
3	0	0	0	0	492	481	
4	0	0	0	0	492	481	
5	0	0	0	0	495	482	
6	0	0	0	0	500	488	
7	0	0	0	0	504	496	
8	0	0	0	0	505	503	
9	0	0	0	0	507	508	
10	0	0	0	0	508	512	
11	0	0	0	0	511	516	
12	0	0	0	0	513	519	
13	0	0	0	0	519	516	
14	0	0	0	0	530	513	
15	0	0	0	0	543	510	
0	0	0	0	0	554	505	
1	0	0	0	0	560	499	
2	0	0	0	0	560	489	
3	0	0	0	0	557	478	
4	0	0	0	0	553	471	
5	0	0	0	0	547	463	
6	0	0	0	0	547	463	
7	0	0	0	0	547	462	
8	0	0	0	0	547	459	
9	0	0	0	0	549	457	
10	0	0	0	0	548	452	
11	0	0	0	0	546	448	
12	0	0	0	0	543	447	
13	0	0	0	0	542	451	
14	0	0	0	0	541	455	
15	0	0	0	0	535	461	
0	0	0	0	0	529	472	
1	0	0	0	0	524	489	
2	0	0	0	0	518	503	
3	0	0	0	0	513	510	
4	0	0	0	0	511	514	
5	0	0	0	0	510	517	
6	0	0	0	0	512	520	
7	0	0	0	0	515	520	
8	0	0	0	0	520	516	
9	0	0	0	0	523	507	
10	0	0	0	0	527	498	
11	0	0	0	0	529	488	
12	0	0	0	0	523	474	
13	0	0	0	0	511	464	
14	0	0	0	0	500	457	
15	0	0	0	0	491	455	
0	0	0	0	0	487	455	
1	0	0	0	0	488	460	
2	0	0	0	0	487	461	
3	0	0	0	0	486	461	
4	0	0	0	0	490	461	
5	0	0	0	0	493	459	
6	0	0	0	0	498	456	
7	0	0	0	0	506	451	
8	0	0	0	0	510	446	
9	0	0	0	0	510	446	
10	0	0	0	0	505	448	
11	0	0	0	0	504	449	
12	0	0	0	0	505	452	
13	0	0	0	0	506	456	
14	0	0	0	0	507	457	
15	0	0	0	0	507	455	
0	0	0	0	0	506	451	
1	0	0	0	0	508	457	
2	0	0	0	0	507	466	
3	0	0	0	0	506	473	
4	0	0	0	0	505	479	
5	0	0	0	0	504	486	
6	0	0	0	0	500	497	
7	0	0	0	0	498	508	
8	0	0	0	0	497	517	
9	0	0	0	0	499	525	
10	0	0	0	0	501	529	
11	0	0	0	0	505	529	
12	0	0	0	0	507	524	
13	0	0	0	0	507	515	
14	0	0	0	0	507	505	
15	0	0	0	0	505	491	
0	0	0	0	0	498	475	
1	0	0	0	0	492	463	
2	0	0	0	0	487	458	
3	0	0	0	0	485	456	
4	0	0	0	0	480	456	
5	0	0	0	0	474	457	
6	0	0	0	0	470	459	
7	0	0	0	0	466	459	
8	0	0	0	0	465	462	
9	0	0	0	0	467	462	
10	0	0	0	0	474	459	
11	0	0	0	0	481	458	
12	0	0	0	0	487	456	
13	0	0	0	0	496	456	
14	0	0	0	0	506	460	
15	0	0	0	0	513	463	
0	0	0	0	0	519	464	
1	0	0	0	0	524	464	
2	0	0	0	0	524	459	
3	0	0	0	0	521	452	
4	0	0	0	0	516	450	
5	0	0	0	0	513	452	
6	0	0	0	0	514	460	
7	0	0	0	0	520	465	
8	0	0	0	0	530	467	
9	0	0	0	0	536	465	
10	0	0	0	0	536	463	
11	0	0	0	0	533	460	
12	0	0	0	0	526	458	
13	0	0	0	0	520	455	
14	0	0	0	0	511	453	
15	0	0	0	0	501	451	
0	0	0	0	0	492	451	
1	0	0	0	0	481	447	
2	0	0	0	0	474	445	
3	0	0	0	0	469	444	
4	0	0	0	0	463	441	
5	0	0	0	0	460	439	
6	0	0	0	0	460	437	
7	0	0	0	0	461	432	
8	0	0	0	0	464	430	
9	0	0	0	0	472	433	
10	0	0	0	0	481	439	
11	0	0	0	0	495	445	
12	0	0	0	0	508	450	
13	0	0	0	0	524	454	
14	0	0	0	0	537	454	
15	0	0	0	0	550	454	
0	0	0	0	0	563	455	
1	0	0	0	0	576	455	
2	0	0	0	0	585	463	
3	0	0	0	0	591	474	
4	0	0	0	0	591	484	
5	0	0	0	0	591	496	
6	0	0	0	0	588	499	
7	0	0	0	0	583	496	
8	0	0	0	0	578	490	
9	0	0	0	0	568	481	
10	0	0	0	0	555	472	
11	0	0	0	0	535	459	
12	0	0	0	0	517	447	
13	0	0	0	0	502	438	
14	0	0	0	0	491	430	
15	0	0	0	0	476	423	
0	0	0	0	0	459	418	
1	0	0	0	0	443	418	
2	0	0	0	0	431	423	
3	0	0	0	0	429	435	
4	0	0	0	0	436	449	
5	0	0	0	0	451	465	
6	0	0	0	0	469	479	
7	0	0	0	0	487	490	
8	0	0	0	0	503	497	
9	0	0	0	0	515	499	
10	0	0	0	0	525	500	
11	0	0	0	0	533	496	
12	0	0	0	0	539	489	
13	0	0	0	0	544	480	
14	0	0	0	0	551	472	
15	0	0	0	0	555	467	
0	0	0	0	0	558	462	
1	0	0	0	0	561	458	
2	0	0	0	0	565	460	
3	0	0	0	0	570	464	
4	0	0	0	0	569	464	
5	0	0	0	0	565	467	
6	0	0	0	0	559	465	
7	0	0	0	0	555	464	
8	0	0	0	0	551	464	
9	0	0	0	0	549	467	
10	0	0	0	0	544	468	
11	0	0	0	0	535	465	
12	0	0	0	0	527	461	
13	0	0	0	0	519	455	
14	0	0	0	0	512	451	
15	0	0	0	0	509	449	
0	0	0	0	0	506	447	
1	0	0	0	0	506	445	
2	0	0	0	0	503	451	
3	0	0	0	0	500	461	
4	0	0	0	0	502	476	
5	0	0	0	0	504	492	
6	0	0	0	0	503	503	
7	0	0	0	0	500	506	
8	0	0	0	0	499	504	
9	0	0	0	0	499	502	
10	0	0	0	0	499	497	
11	0	0	0	0	501	491	
12	0	0	0	0	504	483	
13	0	0	0	0	512	475	
14	0	0	0	0	523	467	
15	0	0	0	0	533	462	
0	0	0	0	0	545	466	
1	0	0	0	0	552	473	
2	0	0	0	0	559	480	
3	0	0	0	0	564	482	
4	0	0	0	0	567	483	
5	0	0	0	0	573	485	
6	0	0	0	0	573	485	
7	0	0	0	0	571	483	
8	0	0	0	0	568	476	
9	0	0	0	0	565	472	
10	0	0	0	0	560	468	
11	0	0	0	0	549	460	
12	0	0	0	0	532	450	
13	0	0	0	0	514	438	
14	0	0	0	0	498	433	
15	0	0	0	0	487	436	
0	0	0	0	0	477	444	
1	0	0	0	0	466	451	
2	0	0	0	0	460	464	
3	0	0	0	0	455	482	
4	0	0	0	0	451	495	
5	0	0	0	0	448	500	
6	0	0	0	0	448	500	
7	0	0	0	0	448	503	
8	0	0	0	0	448	504	
9	0	0	0	0	447	505	
10	0	0	0	0	447	503	
11	0	0	0	0	445	503	
12	0	0	0	0	444	505	
13	0	0	0	0	443	510	
14	0	0	0	0	446	517	
15	0	0	0	0	452	525	
0	0	0	0	0	462	529	
1	0	0	0	0	473	531	
2	0	0	0	0	480	535	
3	0	0	0	0	490	542	
4	0	0	0	0	494	544	
5	0	0	0	0	503	543	
6	0	0	0	0	511	536	
7	0	0	0	0	521	535	
8	0	0	0	0	531	531	
9	0	0	0	0	537	526	
10	0	0	0	0	539	519	
11	0	0	0	0	539	518	
12	0	0	0	0	535	517	
13	0	0	0	0	535	519	
14	0	0	0	0	534	521	
15	0	0	0	0	531	521	
0	0	0	0	0	527	523	
1	0	0	0	0	523	524	
2	0	0	0	0	519	524	
3	0	0	0	0	512	520	
4	0	0	0	0	504	513	
5	0	0	0	0	494	507	
6	0	0	0	0	480	498	
7	0	0	0	0	467	496	
8	0	0	0	0	454	493	
9	0	0	0	0	444	490	
10	0	0	0	0	436	485	
11	0	0	0	0	434	478	
12	0	0	0	0	440	473	
13	0	0	0	0	449	471	
14	0	0	0	0	456	476	
15	0	0	0	0	467	480	
0	0	0	0	0	477	484	
1	0	0	0	0	486	487	
2	0	0	0	0	492	489	
3	0	0	0	0	499	491	
4	0	0	0	0	502	494	
5	0	0	0	0	502	494	
6	0	0	0	0	496	491	
7	0	0	0	0	487	486	
8	0	0	0	0	479	481	
9	0	0	0	0	473	480	
10	0	0	0	0	469	484	
11	0	0	0	0	468	492	
12	0	0	0	0	466	497	
13	0	0	0	0	465	498	
14	0	0	0	0	468	494	
15	0	0	0	0	476	485	
0	0	0	0	0	486	472	
1	0	0	0	0	496	457	
2	0	0	0	0	505	439	
3	0	0	0	0	515	423	
4	0	0	0	0	519	413	
5	0	0	0	0	520	409	
6	0	0	0	0	520	415	
7	0	0	0	0	520	426	
8	0	0	0	0	521	436	
9	0	0	0	0	521	447	
10	0	0	0	0	519	459	
11	0	0	0	0	514	462	
12	0	0	0	0	508	469	
13	0	0	0	0	508	477	
14	0	0	0	0	511	486	
15	0	0	0	0	514	495	
0	0	0	0	0	516	500	
1	0	0	0	0	516	503	
2	0	0	0	0	515	510	
3	0	0	0	0	510	519	
4	0	0	0	0	505	537	
5	0	0	0	0	500	553	
6	0	0	0	0	499	563	
7	0	0	0	0	503	568	
8	0	0	0	0	509	567	
9	0	0	0	0	510	559	
10	0	0	0	0	510	545	
11	0	0	0	0	513	525	
12	0	0	0	0	516	502	
13	0	0	0	0	524	482	
14	0	0	0	0	530	464	
15	0	0	0	0	538	448	
0	0	0	0	0	550	437	
1	0	0	0	0	561	425	
2	0	0	0	0	569	415	
3	0	0	0	0	577	410	
4	0	0	0	0	583	404	
5	0	0	0	0	587	400	
6	0	0	0	0	590	398	
7	0	0	0	0	591	396	
8	0	0	0	0	593	404	
9	0	0	0	0	591	417	
10	0	0	0	0	589	431	
11	0	0	0	0	585	448	
12	0	0	0	0	581	465	
13	0	0	0	0	576	480	
14	0	0	0	0	570	493	
15	0	0	0	0	559	500	
0	0	0	0	0	550	504	
1	0	0	0	0	544	511	
2	0	0	0	0	546	516	
3	0	0	0	0	551	515	
4	0	0	0	0	556	506	
5	0	0	0	0	560	487	
6	0	0	0	0	560	465	
7	0	0	0	0	559	445	
8	0	0	0	0	556	432	
9	0	0	0	0	552	430	
10	0	0	0	0	551	440	
11	0	0	0	0	551	452	
12	0	0	0	0	551	474	
13	0	0	0	0	550	491	
14	0	0	0	0	553	504	
15	0	0	0	0	563	512	
0	0	0	0	0	571	516	
1	0	0	0	0	575	513	
2	0	0	0	0	576	502	
3	0	0	0	0	577	493	
4	0	0	0	0	578	483	
5	0	0	0	0	576	471	
6	0	0	0	0	569	461	
7	0	0	0	0	560	450	
8	0	0	0	0	552	435	
9	0	0	0	0	548	423	
10	0	0	0	0	543	415	
11	0	0	0	0	542	414	
12	0	0	0	0	542	412	
13	0	0	0	0	540	414	
14	0	0	0	0	541	411	
15	0	0	0	0	540	403	
0	0	0	0	0	545	404	
1	0	0	0	0	551	410	
2	0	0	0	0	560	423	
3	0	0	0	0	566	430	
4	0	0	0	0	570	433	
5	0	0	0	0	571	442	
6	0	0	0	0	569	451	
7	0	0	0	0	568	459	
8	0	0	0	0	572	474	
9	0	0	0	0	575	482	
10	0	0	0	0	581	488	
11	0	0	0	0	582	491	
12	0	0	0	0	578	488	
13	0	0	0	0	572	485	
14	0	0	0	0	566	481	
15	0	0	0	0	560	479	
0	0	0	0	0	556	478	
1	0	0	0	0	552	476	
2	0	0	0	0	543	478	
3	0	0	0	0	529	482	
4	0	0	0	0	512	484	
5	0	0	0	0	496	486	
6	0	0	0	0	483	488	
7	0	0	0	0	475	490	
8	0	0	0	0	474	496	
9	0	0	0	0	478	501	
10	0	0	0	0	480	499	
11	0	0	0	0	482	496	
12	0	0	0	0	483	489	
13	0	0	0	0	483	487	
14	0	0	0	0	487	487	
15	0	0	0	0	493	494	
0	0	0	0	0	497	503	
1	0	0	0	0	500	510	
2	0	0	0	0	506	515	
3	0	0	0	0	512	521	
4	0	0	0	0	517	524	
5	0	0	0	0	519	528	
6	0	0	0	0	519	532	
7	0	0	0	0	516	536	
8	0	0	0	0	509	539	
9	0	0	0	0	500	539	
10	0	0	0	0	489	536	
11	0	0	0	0	481	526	
12	0	0	0	0	473	514	
13	0	0	0	0	467	503	
14	0	0	0	0	463	496	
15	0	0	0	0	458	494	
0	0	0	0	0	454	493	
1	0	0	0	0	449	492	
2	0	0	0	0	448	494	
3	0	0	0	0	457	499	
4	0	0	0	0	467	509	
5	0	0	0	0	477	516	
6	0	0	0	0	486	520	
7	0	0	0	0	496	523	
8	0	0	0	0	501	529	
9	0	0	0	0	507	537	
10	0	0	0	0	516	546	
11	0	0	0	0	530	556	
12	0	0	0	0	550	566	
13	0	0	0	0	564	570	
14	0	0	0	0	573	571	
15	0	0	0	0	580	571	
0	0	0	0	0	586	568	
1	0	0	0	0	588	564	
2	0	0	0	0	582	559	
3	0	0	0	0	574	543	
4	0	0	0	0	560	522	
5	0	0	0	0	545	498	
6	0	0	0	0	528	476	
7	0	0	0	0	511	460	
8	0	0	0	0	495	446	
9	0	0	0	0	482	437	
10	0	0	0	0	466	428	
11	0	0	0	0	457	420	
12	0	0	0	0	449	415	
13	0	0	0	0	443	417	
14	0	0	0	0	439	416	
15	0	0	0	0	435	417	
0	0	0	0	0	434	421	
1	0	0	0	0	435	428	
2	0	0	0	0	442	440	
3	0	0	0	0	452	452	
4	0	0	0	0	467	465	
5	0	0	0	0	484	472	
6	0	0	0	0	502	478	
7	0	0	0	0	516	484	
8	0	0	0	0	527	492	
9	0	0	0	0	537	503	
10	0	0	0	0	550	520	
11	0	0	0	0	562	535	
12	0	0	0	0	569	547	
13	0	0	0	0	571	550	
14	0	0	0	0	567	551	
15	0	0	0	0	564	554	
0	0	0	0	0	562	556	
1	0	0	0	0	560	558	
2	0	0	0	0	556	559	
3	0	0	0	0	551	556	
4	0	0	0	0	547	548	
5	0	0	0	0	544	540	
6	0	0	0	0	540	533	
7	0	0	0	0	533	525	
8	0	0	0	0	524	521	
9	0	0	0	0	512	521	
10	0	0	0	0	501	523	
11	0	0	0	0	494	523	
12	0	0	0	0	484	520	
13	0	0	0	0	475	516	
14	0	0	0	0	469	513	
15	0	0	0	0	465	515	
0	0	0	0	0	462	519	
1	0	0	0	0	461	522	
2	0	0	0	0	465	523	
3	0	0	0	0	471	526	
4	0	0	0	0	480	529	
5	0	0	0	0	485	533	
6	0	0	0	0	489	541	
7	0	0	0	0	497	546	
8	0	0	0	0	505	552	
9	0	0	0	0	516	564	
10	0	0	0	0	528	579	
11	0	0	0	0	540	590	
12	0	0	0	0	550	596	
13	0	0	0	0	563	603	
14	0	0	0	0	572	609	
15	0	0	0	0	575	611	
0	0	0	0	0	572	607	
1	0	0	0	0	571	598	
2	0	0	0	0	570	586	
3	0	0	0	0	566	576	
4	0	0	0	0	561	573	
5	0	0	0	0	550	573	
6	0	0	0	0	534	574	
7	0	0	0	0	520	579	
8	0	0	0	0	508	588	
9	0	0	0	0	499	600	
10	0	0	0	0	492	611	
11	0	0	0	0	488	611	
12	0	0	0	0	486	611	
13	0	0	0	0	481	608	
14	0	0	0	0	477	600	
15	0	0	0	0	474	589	
0	0	0	0	0	473	574	
1	0	0	0	0	473	561	
2	0	0	0	0	476	550	
3	0	0	0	0	479	543	
4	0	0	0	0	481	547	
5	0	0	0	0	484	554	
6	0	0	0	0	489	563	
7	0	0	0	0	496	572	
8	0	0	0	0	508	572	
9	0	0	0	0	515	568	
10	0	0	0	0	525	560	
11	0	0	0	0	528	549	
12	0	0	0	0	530	531	
13	0	0	0	0	528	515	
14	0	0	0	0	527	504	
15	0	0	0	0	528	498	
0	0	0	0	0	532	495	
1	0	0	0	0	532	489	
2	0	0	0	0	524	480	
3	0	0	0	0	512	475	
4	0	0	0	0	495	471	
5	0	0	0	0	484	471	
6	0	0	0	0	477	469	
7	0	0	0	0	477	469	
8	0	0	0	0	476	470	
9	0	0	0	0	479	466	
10	0	0	0	0	483	461	
11	0	0	0	0	487	465	
12	0	0	0	0	492	475	
13	0	0	0	0	494	488	
14	0	0	0	0	499	503	
15	0	0	0	0	504	514	
0	0	0	0	0	513	519	
1	0	0	0	0	525	520	
2	0	0	0	0	537	518	
3	0	0	0	0	547	514	
4	0	0	0	0	553	511	
5	0	0	0	0	551	506	
6	0	0	0	0	549	502	
7	0	0	0	0	548	499	
8	0	0	0	0	547	499	
9	0	0	0	0	546	499	
10	0	0	0	0	548	501	
11	0	0	0	0	550	504	
12	0	0	0	0	551	499	
13	0	0	0	0	550	495	
14	0	0	0	0	551	491	
15	0	0	0	0	549	489	
0	0	0	0	0	548	487	
1	0	0	0	0	550	486	
2	0	0	0	0	548	490	
3	0	0	0	0	545	496	
4	0	0	0	0	541	505	
5	0	0	0	0	542	520	
6	0	0	0	0	546	534	
7	0	0	0	0	554	552	
8	0	0	0	0	560	568	
9	0	0	0	0	562	579	
10	0	0	0	0	565	590	
11	0	0	0	0	568	599	
12	0	0	0	0	569	601	
13	0	0	0	0	569	595	
14	0	0	0	0	565	581	
15	0	0	0	0	561	562	
0	0	0	0	0	557	548	
1	0	0	0	0	553	538	
2	0	0	0	0	551	527	
3	0	0	0	0	552	524	
4	0	0	0	0	555	523	
5	0	0	0	0	558	523	
6	0	0	0	0	567	524	
7	0	0	0	0	574	534	
8	0	0	0	0	582	549	
9	0	0	0	0	589	562	
10	0	0	0	0	594	571	
11	0	0	0	0	595	575	
12	0	0	0	0	600	577	
13	0	0	0	0	610	579	
14	0	0	0	0	616	578	
15	0	0	0	0	620	574	
0	0	0	0	0	625	568	
1	0	0	0	0	628	563	
2	0	0	0	0	630	560	
3	0	0	0	0	628	554	
4	0	0	0	0	624	550	
5	0	0	0	0	617	547	
6	0	0	0	0	611	543	
7	0	0	0	0	607	540	
8	0	0	0	0	607	540	
9	0	0	0	0	606	537	
10	0	0	0	0	609	530	
11	0	0	0	0	610	522	
12	0	0	0	0	607	517	
13	0	0	0	0	600	515	
14	0	0	0	0	594	517	
15	0	0	0	0	587	517	
0	0	0	0	0	580	516	
1	0	0	0	0	572	511	
2	0	0	0	0	560	505	
3	0	0	0	0	551	502	
4	0	0	0	0	550	506	
5	0	0	0	0	551	512	
6	0	0	0	0	555	524	
7	0	0	0	0	559	539	
8	0	0	0	0	560	555	
9	0	0	0	0	554	562	
10	0	0	0	0	547	565	
11	0	0	0	0	542	568	
12	0	0	0	0	542	574	
13	0	0	0	0	546	583	
14	0	0	0	0	551	588	
15	0	0	0	0	561	591	
0	0	0	0	0	572	588	
1	0	0	0	0	583	578	
2	0	0	0	0	588	562	
3	0	0	0	0	587	546	
4	0	0	0	0	581	529	
5	0	0	0	0	572	512	
6	0	0	0	0	561	501	
7	0	0	0	0	550	494	
8	0	0	0	0	539	487	
9	0	0	0	0	531	481	
10	0	0	0	0	529	477	
11	0	0	0	0	527	473	
12	0	0	0	0	526	472	
13	0	0	0	0	525	474	
14	0	0	0	0	523	478	
15	0	0	0	0	519	478	
0	0	0	0	0	517	484	
1	0	0	0	0	515	496	
2	0	0	0	0	516	508	
3	0	0	0	0	516	516	
4	0	0	0	0	521	515	
5	0	0	0	0	533	505	
6	0	0	0	0	551	490	
7	0	0	0	0	572	477	
8	0	0	0	0	587	465	
9	0	0	0	0	600	459	
10	0	0	0	0	608	457	
11	0	0	0	0	611	458	
12	0	0	0	0	611	455	
13	0	0	0	0	615	449	
14	0	0	0	0	611	451	
15	0	0	0	0	604	449	
0	0	0	0	0	591	449	
1	0	0	0	0	578	446	
2	0	0	0	0	567	446	
3	0	0	0	0	560	443	
4	0	0	0	0	557	432	
5	0	0	0	0	557	416	
6	0	0	0	0	563	402	
7	0	0	0	0	574	392	
8	0	0	0	0	582	387	
9	0	0	0	0	586	394	
10	0	0	0	0	584	404	
11	0	0	0	0	575	412	
12	0	0	0	0	565	431	
13	0	0	0	0	559	450	
14	0	0	0	0	556	469	
15	0	0	0	0	551	477	
0	0	0	0	0	543	475	
1	0	0	0	0	535	468	
2	0	0	0	0	529	462	
3	0	0	0	0	525	455	
4	0	0	0	0	524	453	
5	0	0	0	0	520	455	
6	0	0	0	0	519	458	
7	0	0	0	0	520	461	
8	0	0	0	0	523	462	
9	0	0	0	0	526	468	
10	0	0	0	0	526	472	
11	0	0	0	0	524	473	
12	0	0	0	0	518	478	
13	0	0	0	0	510	483	
14	0	0	0	0	502	488	
15	0	0	0	0	494	489	
0	0	0	0	0	490	490	
1	0	0	0	0	490	490	
2	0	0	0	0	491	491	
3	0	0	0	0	494	492	
4	0	0	0	0	496	492	
5	0	0	0	0	493	493	
6	0	0	0	0	494	501	
7	0	0	0	0	495	517	
8	0	0	0	0	496	548	
9	0	0	0	0	494	585	
10	0	0	0	0	493	617	
11	0	0	0	0	498	640	
12	0	0	0	0	501	652	
13	0	0	0	0	503	641	
14	0	0	0	0	507	617	
15	0	0	0	0	511	580	
0	0	0	0	0	513	534	
1	0	0	0	0	515	484	
2	0	0	0	0	519	443	
3	0	0	0	0	524	413	
4	0	0	0	0	527	393	
5	0	0	0	0	526	386	
6	0	0	0	0	528	385	
7	0	0	0	0	527	387	
8	0	0	0	0	524	399	
9	0	0	0	0	522	409	
10	0	0	0	0	522	418	
11	0	0	0	0	524	427	
12	0	0	0	0	530	435	
13	0	0	0	0	531	443	
14	0	0	0	0	535	444	
15	0	0	0	0	539	440	
0	0	0	0	0	546	432	
1	0	0	0	0	552	422	
2	0	0	0	0	555	410	
3	0	0	0	0	557	403	
4	0	0	0	0	555	397	
5	0	0	0	0	553	393	
6	0	0	0	0	548	390	
7	0	0	0	0	542	388	
8	0	0	0	0	535	389	
9	0	0	0	0	528	391	
10	0	0	0	0	523	391	
11	0	0	0	0	515	396	
12	0	0	0	0	509	397	
13	0	0	0	0	504	400	
14	0	0	0	0	499	400	
15	0	0	0	0	496	404	
0	0	0	0	0	493	413	
1	0	0	0	0	497	425	
2	0	0	0	0	511	443	
3	0	0	0	0	525	468	
4	0	0	0	0	537	497	
5	0	0	0	0	543	522	
6	0	0	0	0	543	541	
7	0	0	0	0	541	553	
8	0	0	0	0	543	559	
9	0	0	0	0	547	558	
10	0	0	0	0	550	552	
11	0	0	0	0	551	541	
12	0	0	0	0	556	532	
13	0	0	0	0	563	526	
14	0	0	0	0	571	523	
15	0	0	0	0	577	515	
0	0	0	0	0	580	502	
1	0	0	0	0	581	488	
2	0	0	0	0	583	477	
3	0	0	0	0	589	467	
4	0	0	0	0	591	460	
5	0	0	0	0	588	455	
6	0	0	0	0	583	455	
7	0	0	0	0	579	458	
8	0	0	0	0	577	460	
9	0	0	0	0	573	468	
10	0	0	0	0	567	470	
11	0	0	0	0	556	472	
12	0	0	0	0	547	478	
13	0	0	0	0	540	482	
14	0	0	0	0	534	485	
15	0	0	0	0	529	487	
0	0	0	0	0	531	489	
1	0	0	0	0	537	490	
2	0	0	0	0	547	492	
3	0	0	0	0	554	493	
4	0	0	0	0	554	498	
5	0	0	0	0	547	506	
6	0	0	0	0	536	513	
7	0	0	0	0	527	519	
8	0	0	0	0	519	524	
9	0	0	0	0	515	527	
10	0	0	0	0	509	528	
11	0	0	0	0	501	529	
12	0	0	0	0	491	533	
13	0	0	0	0	482	537	
14	0	0	0	0	476	541	
15	0	0	0	0	474	547	
0	0	0	0	0	474	550	
1	0	0	0	0	475	556	
2	0	0	0	0	476	560	
3	0	0	0	0	475	562	
4	0	0	0	0	473	565	
5	0	0	0	0	470	568	
6	0	0	0	0	465	568	
7	0	0	0	0	460	573	
8	0	0	0	0	455	579	
9	0	0	0	0	450	580	
10	0	0	0	0	441	574	
11	0	0	0	0	435	563	
12	0	0	0	0	436	551	
13	0	0	0	0	440	531	
14	0	0	0	0	446	510	
15	0	0	0	0	456	490	
0	0	0	0	0	464	470	
1	0	0	0	0	473	454	
2	0	0	0	0	477	446	
3	0	0	0	0	480	446	
4	0	0	0	0	486	444	
5	0	0	0	0	490	445	
6	0	0	0	0	493	453	
7	0	0	0	0	496	460	
8	0	0	0	0	497	467	
9	0	0	0	0	496	477	
10	0	0	0	0	496	489	
11	0	0	0	0	497	498	
12	0	0	0	0	496	502	
13	0	0	0	0	495	511	
14	0	0	0	0	492	523	
15	0	0	0	0	489	542	
0	0	0	0	0	483	560	
1	0	0	0	0	476	574	
2	0	0	0	0	470	588	
3	0	0	0	0	464	600	
4	0	0	0	0	462	606	
5	0	0	0	0	464	610	
6	0	0	0	0	469	609	
7	0	0	0	0	478	599	
8	0	0	0	0	487	580	
9	0	0	0	0	499	555	
10	0	0	0	0	513	529	
11	0	0	0	0	527	499	
12	0	0	0	0	535	473	
13	0	0	0	0	542	448	
14	0	0	0	0	543	435	
15	0	0	0	0	541	427	
0	0	0	0	0	536	418	
1	0	0	0	0	531	419	
2	0	0	0	0	528	421	
3	0	0	0	0	527	430	
4	0	0	0	0	522	443	
5	0	0	0	0	517	456	
6	0	0	0	0	514	471	
7	0	0	0	0	512	484	
8	0	0	0	0	512	494	
9	0	0	0	0	511	499	
10	0	0	0	0	508	499	
11	0	0	0	0	504	496	
12	0	0	0	0	500	489	
13	0	0	0	0	498	487	
14	0	0	0	0	495	483	
15	0	0	0	0	486	476	
0	0	0	0	0	476	471	
1	0	0	0	0	462	472	
2	0	0	0	0	446	478	
3	0	0	0	0	432	493	
4	0	0	0	0	427	514	
5	0	0	0	0	436	538	
6	0	0	0	0	448	560	
7	0	0	0	0	464	574	
8	0	0	0	0	480	575	
9	0	0	0	0	497	565	
10	0	0	0	0	516	550	
11	0	0	0	0	534	534	
12	0	0	0	0	546	518	
13	0	0	0	0	550	502	
14	0	0	0	0	554	488	
15	0	0	0	0	556	478	
0	0	0	0	0	553	471	
1	0	0	0	0	545	466	
2	0	0	0	0	533	470	
3	0	0	0	0	524	475	
4	0	0	0	0	516	480	
5	0	0	0	0	507	486	
6	0	0	0	0	497	497	
7	0	0	0	0	487	505	
8	0	0	0	0	475	510	
9	0	0	0	0	461	512	
10	0	0	0	0	447	514	
11	0	0	0	0	439	513	
12	0	0	0	0	429	511	
13	0	0	0	0	419	507	
14	0	0	0	0	412	502	
15	0	0	0	0	406	498	
0	0	0	0	0	404	497	
1	0	0	0	0	403	496	
2	0	0	0	0	408	491	
3	0	0	0	0	419	483	
4	0	0	0	0	436	479	
5	0	0	0	0	449	476	
6	0	0	0	0	455	473	
7	0	0	0	0	458	472	
8	0	0	0	0	464	475	
9	0	0	0	0	473	483	
10	0	0	0	0	483	499	
11	0	0	0	0	496	516	
12	0	0	0	0	507	529	
13	0	0	0	0	514	535	
14	0	0	0	0	518	540	
15	0	0	0	0	518	536	
0	0	0	0	0	512	529	
1	0	0	0	0	506	521	
2	0	0	0	0	502	509	
3	0	0	0	0	500	493	
4	0	0	0	0	495	477	
5	0	0	0	0	485	467	
6	0	0	0	0	478	464	
7	0	0	0	0	473	466	
8	0	0	0	0	468	467	
9	0	0	0	0	465	469	
10	0	0	0	0	465	477	
11	0	0	0	0	465	484	
12	0	0	0	0	467	486	
13	0	0	0	0	470	485	
14	0	0	0	0	473	484	
15	0	0	0	0	482	486	
0	0	0	0	0	496	490	
1	0	0	0	0	511	507	
2	0	0	0	0	523	526	
3	0	0	0	0	530	540	
4	0	0	0	0	532	545	
5	0	0	0	0	533	539	
6	0	0	0	0	530	527	
7	0	0	0	0	526	518	
8	0	0	0	0	522	512	
9	0	0	0	0	519	504	
10	0	0	0	0	520	501	
11	0	0	0	0	521	499	
12	0	0	0	0	521	498	
13	0	0	0	0	519	498	
14	0	0	0	0	520	492	
15	0	0	0	0	518	487	
0	0	0	0	0	516	486	
1	0	0	0	0	518	493	
2	0	0	0	0	519	507	
3	0	0	0	0	518	524	
4	0	0	0	0	518	536	
5	0	0	0	0	521	550	
6	0	0	0	0	526	565	
7	0	0	0	0	535	578	
8	0	0	0	0	545	586	
9	0	0	0	0	561	595	
10	0	0	0	0	575	601	
11	0	0	0	0	589	605	
12	0	0	0	0	600	602	
13	0	0	0	0	610	595	
14	0	0	0	0	611	587	
15	0	0	0	0	606	577	
0	0	0	0	0	595	563	
1	0	0	0	0	584	549	
2	0	0	0	0	570	541	
3	0	0	0	0	553	533	
4	0	0	0	0	533	527	
5	0	0	0	0	512	524	
6	0	0	0	0	496	524	
7	0	0	0	0	485	523	
8	0	0	0	0	477	519	
9	0	0	0	0	476	515	
10	0	0	0	0	480	514	
11	0	0	0	0	485	511	
12	0	0	0	0	489	504	
13	0	0	0	0	489	497	
14	0	0	0	0	492	491	
15	0	0	0	0	493	488	
0	0	0	0	0	494	491	
1	0	0	0	0	496	502	
2	0	0	0	0	499	511	
3	0	0	0	0	502	520	
4	0	0	0	0	503	531	
5	0	0	0	0	503	542	
6	0	0	0	0	497	545	
7	0	0	0	0	492	544	
8	0	0	0	0	483	540	
9	0	0	0	0	476	536	
10	0	0	0	0	474	535	
11	0	0	0	0	481	539	
12	0	0	0	0	494	547	
13	0	0	0	0	511	558	
14	0	0	0	0	529	571	
15	0	0	0	0	548	580	
0	0	0	0	0	561	581	
1	0	0	0	0	569	579	
2	0	0	0	0	582	577	
3	0	0	0	0	592	575	
4	0	0	0	0	599	576	
5	0	0	0	0	599	572	
6	0	0	0	0	590	570	
7	0	0	0	0	579	565	
8	0	0	0	0	563	561	
9	0	0	0	0	549	556	
10	0	0	0	0	537	554	
11	0	0	0	0	527	554	
12	0	0	0	0	520	557	
13	0	0	0	0	517	559	
14	0	0	0	0	519	561	
15	0	0	0	0	524	561	
0	0	0	0	0	532	563	
1	0	0	0	0	536	563	
2	0	0	0	0	539	565	
3	0	0	0	0	543	568	
4	0	0	0	0	548	567	
5	0	0	0	0	547	560	
6	0	0	0	0	543	550	
7	0	0	0	0	539	536	
8	0	0	0	0	537	519	
9	0	0	0	0	537	507	
10	0	0	0	0	534	497	
11	0	0	0	0	529	493	
12	0	0	0	0	524	483	
13	0	0	0	0	519	475	
14	0	0	0	0	519	471	
15	0	0	0	0	524	468	
0	0	0	0	0	528	472	
1	0	0	0	0	529	480	
2	0	0	0	0	528	485	
3	0	0	0	0	525	492	
4	0	0	0	0	521	504	
5	0	0	0	0	519	524	
6	0	0	0	0	519	543	
7	0	0	0	0	523	559	
8	0	0	0	0	529	568	
9	0	0	0	0	540	572	
10	0	0	0	0	554	574	
11	0	0	0	0	567	569	
12	0	0	0	0	574	560	
13	0	0	0	0	579	545	
14	0	0	0	0	580	526	
15	0	0	0	0	580	507	
0	0	0	0	0	580	488	
1	0	0	0	0	579	472	
2	0	0	0	0	574	462	
3	0	0	0	0	563	456	
4	0	0	0	0	551	452	
5	0	0	0	0	539	449	
6	0	0	0	0	530	446	
7	0	0	0	0	526	446	
8	0	0	0	0	524	447	
9	0	0	0	0	523	449	
10	0	0	0	0	524	448	
11	0	0	0	0	525	450	
12	0	0	0	0	529	456	
13	0	0	0	0	532	457	
14	0	0	0	0	534	457	
15	0	0	0	0	531	454	
0	0	0	0	0	530	454	
1	0	0	0	0	528	451	
2	0	0	0	0	524	447	
3	0	0	0	0	520	440	
4	0	0	0	0	517	441	
5	0	0	0	0	519	444	
6	0	0	0	0	523	443	
7	0	0	0	0	522	441	
8	0	0	0	0	520	444	
9	0	0	0	0	519	453	
10	0	0	0	0	518	466	
11	0	0	0	0	518	473	
12	0	0	0	0	515	480	
13	0	0	0	0	516	489	
14	0	0	0	0	516	504	
15	0	0	0	0	516	521	
0	0	0	0	0	515	540	
1	0	0	0	0	511	560	
2	0	0	0	0	510	576	
3	0	0	0	0	510	585	
4	0	0	0	0	514	589	
5	0	0	0	0	519	590	
6	0	0	0	0	524	587	
7	0	0	0	0	529	577	
8	0	0	0	0	534	565	
9	0	0	0	0	535	552	
10	0	0	0	0	537	540	
11	0	0	0	0	545	529	
12	0	0	0	0	558	517	
13	0	0	0	0	569	504	
14	0	0	0	0	578	493	
15	0	0	0	0	584	483	
0	0	0	0	0	583	471	
1	0	0	0	0	572	460	
2	0	0	0	0	553	449	
3	0	0	0	0	531	440	
4	0	0	0	0	511	435	
5	0	0	0	0	494	441	
6	0	0	0	0	484	457	
7	0	0	0	0	481	482	
8	0	0	0	0	482	511	
9	0	0	0	0	488	543	
10	0	0	0	0	493	563	
11	0	0	0	0	490	574	
12	0	0	0	0	480	572	
13	0	0	0	0	467	560	
14	0	0	0	0	452	548	
15	0	0	0	0	443	537	
0	0	0	0	0	442	526	
1	0	0	0	0	448	515	
2	0	0	0	0	460	502	
3	0	0	0	0	476	490	
4	0	0	0	0	492	481	
5	0	0	0	0	508	473	
6	0	0	0	0	519	465	
7	0	0	0	0	525	454	
8	0	0	0	0	526	442	
9	0	0	0	0	524	425	
10	0	0	0	0	513	402	
11	0	0	0	0	496	382	
12	0	0	0	0	478	371	
13	0	0	0	0	458	369	
14	0	0	0	0	439	376	
15	0	0	0	0	423	395	
0	0	0	0	0	411	419	
1	0	0	0	0	408	443	
2	0	0	0	0	413	461	
3	0	0	0	0	420	475	
4	0	0	0	0	430	483	
5	0	0	0	0	438	487	
6	0	0	0	0	441	488	
7	0	0	0	0	440	486	
8	0	0	0	0	436	485	
9	0	0	0	0	432	487	
10	0	0	0	0	433	490	
11	0	0	0	0	435	489	
12	0	0	0	0	436	485	
13	0	0	0	0	439	482	
14	0	0	0	0	447	480	
15	0	0	0	0	456	483	
0	0	0	0	0	466	491	
1	0	0	0	0	475	498	
2	0	0	0	0	480	505	
3	0	0	0	0	486	511	
4	0	0	0	0	492	513	
5	0	0	0	0	498	511	
6	0	0	0	0	502	503	
7	0	0	0	0	504	490	
8	0	0	0	0	508	475	
9	0	0	0	0	518	461	
10	0	0	0	0	527	453	
11	0	0	0	0	533	449	
12	0	0	0	0	535	442	
13	0	0	0	0	536	435	
14	0	0	0	0	538	438	
15	0	0	0	0	536	446	
0	0	0	0	0	532	465	
1	0	0	0	0	528	487	
2	0	0	0	0	527	505	
3	0	0	0	0	523	517	
4	0	0	0	0	518	525	
5	0	0	0	0	514	531	
6	0	0	0	0	511	536	
7	0	0	0	0	514	537	
8	0	0	0	0	513	534	
9	0	0	0	0	512	531	
10	0	0	0	0	514	528	
11	0	0	0	0	518	524	
12	0	0	0	0	523	512	
13	0	0	0	0	522	497	
14	0	0	0	0	519	476	
15	0	0	0	0	511	451	
0	0	0	0	0	499	426	
1	0	0	0	0	487	407	
2	0	0	0	0	476	399	
3	0	0	0	0	472	399	
4	0	0	0	0	471	400	
5	0	0	0	0	473	401	
6	0	0	0	0	484	409	
7	0	0	0	0	498	419	
8	0	0	0	0	516	429	
9	0	0	0	0	536	436	
10	0	0	0	0	551	441	
11	0	0	0	0	559	440	
12	0	0	0	0	562	436	
13	0	0	0	0	561	437	
14	0	0	0	0	559	444	
15	0	0	0	0	552	453	
0	0	0	0	0	550	463	
1	0	0	0	0	547	470	
2	0	0	0	0	544	480	
3	0	0	0	0	543	485	
4	0	0	0	0	544	480	
5	0	0	0	0	545	473	
6	0	0	0	0	543	466	
7	0	0	0	0	541	460	
8	0	0	0	0	536	463	
9	0	0	0	0	535	467	
10	0	0	0	0	536	473	
11	0	0	0	0	534	473	
12	0	0	0	0	531	472	
13	0	0	0	0	519	464	
14	0	0	0	0	506	449	
15	0	0	0	0	497	438	
0	0	0	0	0	491	435	
1	0	0	0	0	487	440	
2	0	0	0	0	488	448	
3	0	0	0	0	492	460	
4	0	0	0	0	500	472	
5	0	0	0	0	510	483	
6	0	0	0	0	529	493	
7	0	0	0	0	552	503	
8	0	0	0	0	575	516	
9	0	0	0	0	595	521	
10	0	0	0	0	606	522	
11	0	0	0	0	612	520	
12	0	0	0	0	606	522	
13	0	0	0	0	591	527	
14	0	0	0	0	567	536	
15	0	0	0	0	536	543	
0	0	0	0	0	502	547	
1	0	0	0	0	473	553	
2	0	0	0	0	451	565	
3	0	0	0	0	436	578	
4	0	0	0	0	430	588	
5	0	0	0	0	425	598	
6	0	0	0	0	424	602	
7	0	0	0	0	422	606	
8	0	0	0	0	422	608	
9	0	0	0	0	415	609	
10	0	0	0	0	400	608	
11	0	0	0	0	387	608	
12	0	0	0	0	374	610	
13	0	0	0	0	357	617	
14	0	0	0	0	344	622	
15	0	0	0	0	333	627	
0	0	0	0	0	326	639	
1	0	0	0	0	322	654	
2	0	0	0	0	327	668	
3	0	0	0	0	332	682	
4	0	0	0	0	337	692	
5	0	0	0	0	344	702	
6	0	0	0	0	352	710	
7	0	0	0	0	361	713	
8	0	0	0	0	372	713	
9	0	0	0	0	384	717	
10	0	0	0	0	398	723	
11	0	0	0	0	414	728	
12	0	0	0	0	432	738	
13	0	0	0	0	450	745	
14	0	0	0	0	461	750	
15	0	0	0	0	466	752	
0	0	0	0	0	461	756	
1	0	0	0	0	452	758	
2	0	0	0	0	439	758	
3	0	0	0	0	428	748	
4	0	0	0	0	417	733	
5	0	0	0	0	408	718	
6	0	0	0	0	400	693	
7	0	0	0	0	395	667	
8	0	0	0	0	391	643	
9	0	0	0	0	393	624	
10	0	0	0	0	399	609	
11	0	0	0	0	408	604	
12	0	0	0	0	417	601	
13	0	0	0	0	423	604	
14	0	0	0	0	427	617	
15	0	0	0	0	424	631	
0	0	0	0	0	419	650	
1	0	0	0	0	420	672	
2	0	0	0	0	423	700	
3	0	0	0	0	427	735	
4	0	0	0	0	432	769	
5	0	0	0	0	433	792	
6	0	0	0	0	429	802	
7	0	0	0	0	424	798	
8	0	0	0	0	425	784	
9	0	0	0	0	431	768	
10	0	0	0	0	445	751	
11	0	0	0	0	461	732	
12	0	0	0	0	479	712	
13	0	0	0	0	497	694	
14	0	0	0	0	511	671	
15	0	0	0	0	519	649	
0	0	0	0	0	523	637	
1	0	0	0	0	521	633	
2	0	0	0	0	515	634	
3	0	0	0	0	507	632	
4	0	0	0	0	491	635	
5	0	0	0	0	472	640	
6	0	0	0	0	457	647	
7	0	0	0	0	447	649	
8	0	0	0	0	438	651	
9	0	0	0	0	431	647	
10	0	0	0	0	425	638	
11	0	0	0	0	415	623	
12	0	0	0	0	405	609	
13	0	0	0	0	399	596	
14	0	0	0	0	398	579	
15	0	0	0	0	397	571	
0	0	0	0	0	400	572	
1	0	0	0	0	408	573	
2	0	0	0	0	416	581	
3	0	0	0	0	426	588	
4	0	0	0	0	435	590	
5	0	0	0	0	447	593	
6	0	0	0	0	455	596	
7	0	0	0	0	465	598	
8	0	0	0	0	471	599	
9	0	0	0	0	476	593	
10	0	0	0	0	485	588	
11	0	0	0	0	493	586	
12	0	0	0	0	491	582	
13	0	0	0	0	483	579	
14	0	0	0	0	470	579	
15	0	0	0	0	452	579	
0	0	0	0	0	434	580	
1	0	0	0	0	418	583	
2	0	0	0	0	413	590	
3	0	0	0	0	417	598	
4	0	0	0	0	422	606	
5	0	0	0	0	432	613	
6	0	0	0	0	435	615	
7	0	0	0	0	435	615	
8	0	0	0	0	434	611	
9	0	0	0	0	435	609	
10	0	0	0	0	438	604	
11	0	0	0	0	440	598	
12	0	0	0	0	440	595	
13	0	0	0	0	441	591	
14	0	0	0	0	445	582	
15	0	0	0	0	449	575	
0	0	0	0	0	450	568	
1	0	0	0	0	451	563	
2	0	0	0	0	455	562	
3	0	0	0	0	460	563	
4	0	0	0	0	463	563	
5	0	0	0	0	465	565	
6	0	0	0	0	467	571	
7	0	0	0	0	469	581	
8	0	0	0	0	473	588	
9	0	0	0	0	477	598	
10	0	0	0	0	478	601	
11	0	0	0	0	482	601	
12	0	0	0	0	487	603	
13	0	0	0	0	491	600	
14	0	0	0	0	489	595	
15	0	0	0	0	483	583	
0	0	0	0	0	478	567	
1	0	0	0	0	478	549	
2	0	0	0	0	478	538	
3	0	0	0	0	480	541	
4	0	0	0	0	480	551	
5	0	0	0	0	479	566	
6	0	0	0	0	482	582	
7	0	0	0	0	485	590	
8	0	0	0	0	487	587	
9	0	0	0	0	483	575	
10	0	0	0	0	477	561	
11	0	0	0	0	468	545	
12	0	0	0	0	459	529	
13	0	0	0	0	450	515	
14	0	0	0	0	438	504	
15	0	0	0	0	424	496	
0	0	0	0	0	414	495	
1	0	0	0	0	413	499	
2	0	0	0	0	417	503	
3	0	0	0	0	426	505	
4	0	0	0	0	440	505	
5	0	0	0	0	455	506	
6	0	0	0	0	473	511	
7	0	0	0	0	492	519	
8	0	0	0	0	509	524	
9	0	0	0	0	522	529	
10	0	0	0	0	529	534	
11	0	0	0	0	530	538	
12	0	0	0	0	528	539	
13	0	0	0	0	525	536	
14	0	0	0	0	522	528	
15	0	0	0	0	513	517	
0	0	0	0	0	506	507	
1	0	0	0	0	502	499	
2	0	0	0	0	499	489	
3	0	0	0	0	501	481	
4	0	0	0	0	501	478	
5	0	0	0	0	495	476	
6	0	0	0	0	489	478	
7	0	0	0	0	480	481	
8	0	0	0	0	472	485	
9	0	0	0	0	466	492	
10	0	0	0	0	460	500	
11	0	0	0	0	455	513	
12	0	0	0	0	454	528	
13	0	0	0	0	454	547	
14	0	0	0	0	454	560	
15	0	0	0	0	455	577	
0	0	0	0	0	457	597	
1	0	0	0	0	454	620	
2	0	0	0	0	451	644	
3	0	0	0	0	452	668	
4	0	0	0	0	451	680	
5	0	0	0	0	452	691	
6	0	0	0	0	455	697	
7	0	0	0	0	460	700	
8	0	0	0	0	471	709	
9	0	0	0	0	487	720	
10	0	0	0	0	504	736	
11	0	0	0	0	515	748	
12	0	0	0	0	523	752	
13	0	0	0	0	526	750	
14	0	0	0	0	526	745	
15	0	0	0	0	520	742	
0	0	0	0	0	513	740	
1	0	0	0	0	503	735	
2	0	0	0	0	489	729	
3	0	0	0	0	475	726	
4	0	0	0	0	461	727	
5	0	0	0	0	450	728	
6	0	0	0	0	440	731	
7	0	0	0	0	430	733	
8	0	0	0	0	424	737	
9	0	0	0	0	425	738	
10	0	0	0	0	429	735	
11	0	0	0	0	430	731	
12	0	0	0	0	427	732	
13	0	0	0	0	430	735	
14	0	0	0	0	438	736	
15	0	0	0	0	452	731	
0	0	0	0	0	468	724	
1	0	0	0	0	488	719	
2	0	0	0	0	509	720	
3	0	0	0	0	527	724	
4	0	0	0	0	543	732	
5	0	0	0	0	554	744	
6	0	0	0	0	561	754	
7	0	0	0	0	570	761	
8	0	0	0	0	577	760	
9	0	0	0	0	581	751	
10	0	0	0	0	584	736	
11	0	0	0	0	584	717	
12	0	0	0	0	578	701	
13	0	0	0	0	572	689	
14	0	0	0	0	568	681	
15	0	0	0	0	562	681	
0	0	0	0	0	552	687	
1	0	0	0	0	540	696	
2	0	0	0	0	525	702	
3	0	0	0	0	509	692	
4	0	0	0	0	492	679	
5	0	0	0	0	470	671	
6	0	0	0	0	451	666	
7	0	0	0	0	443	668	
8	0	0	0	0	443	670	
9	0	0	0	0	451	669	
10	0	0	0	0	464	668	
11	0	0	0	0	483	670	
12	0	0	0	0	505	668	
13	0	0	0	0	524	661	
14	0	0	0	0	539	651	
15	0	0	0	0	549	636	
0	0	0	0	0	554	620	
1	0	0	0	0	552	607	
2	0	0	0	0	546	596	
3	0	0	0	0	543	583	
4	0	0	0	0	543	569	
5	0	0	0	0	548	551	
6	0	0	0	0	553	536	
7	0	0	0	0	556	527	
8	0	0	0	0	555	519	
9	0	0	0	0	551	516	
10	0	0	0	0	549	516	
11	0	0	0	0	547	516	
12	0	0	0	0	547	520	
13	0	0	0	0	547	525	
14	0	0	0	0	551	529	
15	0	0	0	0	560	534	
0	0	0	0	0	571	538	
1	0	0	0	0	577	541	
2	0	0	0	0	580	550	
3	0	0	0	0	582	555	
4	0	0	0	0	580	556	
5	0	0	0	0	573	557	
6	0	0	0	0	564	557	
7	0	0	0	0	553	557	
8	0	0	0	0	541	561	
9	0	0	0	0	530	568	
10	0	0	0	0	523	577	
11	0	0	0	0	520	585	
12	0	0	0	0	522	591	
13	0	0	0	0	528	597	
14	0	0	0	0	535	606	
15	0	0	0	0	544	616	
0	0	0	0	0	556	624	
1	0	0	0	0	572	635	
2	0	0	0	0	580	643	
3	0	0	0	0	583	647	
4	0	0	0	0	583	644	
5	0	0	0	0	582	632	
6	0	0	0	0	580	617	
7	0	0	0	0	575	599	
8	0	0	0	0	568	582	
9	0	0	0	0	557	568	
10	0	0	0	0	549	559	
11	0	0	0	0	543	559	
12	0	0	0	0	540	562	
13	0	0	0	0	538	564	
14	0	0	0	0	538	569	
15	0	0	0	0	541	572	
0	0	0	0	0	543	575	
1	0	0	0	0	544	574	
2	0	0	0	0	547	569	
3	0	0	0	0	551	566	
4	0	0	0	0	558	565	
5	0	0	0	0	565	569	
6	0	0	0	0	568	573	
7	0	0	0	0	569	580	
8	0	0	0	0	574	591	
9	0	0	0	0	576	604	
10	0	0	0	0	579	619	
11	0	0	0	0	575	628	
12	0	0	0	0	568	630	
13	0	0	0	0	557	625	
14	0	0	0	0	542	615	
15	0	0	0	0	525	600	
0	0	0	0	0	508	583	
1	0	0	0	0	495	566	
2	0	0	0	0	491	548	
3	0	0	0	0	492	527	
4	0	0	0	0	496	505	
5	0	0	0	0	500	489	
6	0	0	0	0	505	483	
7	0	0	0	0	510	488	
8	0	0	0	0	515	500	
9	0	0	0	0	523	508	
10	0	0	0	0	530	516	
11	0	0	0	0	538	523	
12	0	0	0	0	547	531	
13	0	0	0	0	555	541	
14	0	0	0	0	556	547	
15	0	0	0	0	556	545	
0	0	0	0	0	555	535	
1	0	0	0	0	555	526	
2	0	0	0	0	558	518	
3	0	0	0	0	561	516	
4	0	0	0	0	560	519	
5	0	0	0	0	556	530	
6	0	0	0	0	552	541	
7	0	0	0	0	551	551	
8	0	0	0	0	547	563	
9	0	0	0	0	544	575	
10	0	0	0	0	543	583	
11	0	0	0	0	545	585	
12	0	0	0	0	540	583	
13	0	0	0	0	538	578	
14	0	0	0	0	536	569	
15	0	0	0	0	539	559	
0	0	0	0	0	542	550	
1	0	0	0	0	543	542	
2	0	0	0	0	540	530	
3	0	0	0	0	539	513	
4	0	0	0	0	535	500	
5	0	0	0	0	535	487	
6	0	0	0	0	534	478	
7	0	0	0	0	528	468	
8	0	0	0	0	524	457	
9	0	0	0	0	524	449	
10	0	0	0	0	522	444	
11	0	0	0	0	519	435	
12	0	0	0	0	519	432	
13	0	0	0	0	523	434	
14	0	0	0	0	527	439	
15	0	0	0	0	530	442	
0	0	0	0	0	534	444	
1	0	0	0	0	536	444	
2	0	0	0	0	537	445	
3	0	0	0	0	538	449	
4	0	0	0	0	537	452	
5	0	0	0	0	536	455	
6	0	0	0	0	537	463	
7	0	0	0	0	543	471	
8	0	0	0	0	549	480	
9	0	0	0	0	563	489	
10	0	0	0	0	581	493	
11	0	0	0	0	593	494	
12	0	0	0	0	603	488	
13	0	0	0	0	609	481	
14	0	0	0	0	615	477	
15	0	0	0	0	614	472	
0	0	0	0	0	608	467	
1	0	0	0	0	601	464	
2	0	0	0	0	588	464	
3	0	0	0	0	568	466	
4	0	0	0	0	551	467	
5	0	0	0	0	539	471	
6	0	0	0	0	531	475	
7	0	0	0	0	527	477	
8	0	0	0	0	530	479	
9	0	0	0	0	533	480	
10	0	0	0	0	532	475	
11	0	0	0	0	530	467	
12	0	0	0	0	529	458	
13	0	0	0	0	527	458	
14	0	0	0	0	524	460	
15	0	0	0	0	521	463	
0	0	0	0	0	515	465	
1	0	0	0	0	514	465	
2	0	0	0	0	512	462	
3	0	0	0	0	507	454	
4	0	0	0	0	499	448	
5	0	0	0	0	491	443	
6	0	0	0	0	485	441	
7	0	0	0	0	483	443	
8	0	0	0	0	483	443	
9	0	0	0	0	481	436	
10	0	0	0	0	476	425	
11	0	0	0	0	472	409	
12	0	0	0	0	468	399	
13	0	0	0	0	464	391	
14	0	0	0	0	460	388	
15	0	0	0	0	460	392	
0	0	0	0	0	463	406	
1	0	0	0	0	471	422	
2	0	0	0	0	479	440	
3	0	0	0	0	488	456	
4	0	0	0	0	498	472	
5	0	0	0	0	508	482	
6	0	0	0	0	516	485	
7	0	0	0	0	520	487	
8	0	0	0	0	523	488	
9	0	0	0	0	529	489	
10	0	0	0	0	536	487	
11	0	0	0	0	544	487	
12	0	0	0	0	553	488	
13	0	0	0	0	564	495	
14	0	0	0	0	571	503	
15	0	0	0	0	577	505	
0	0	0	0	0	581	504	
1	0	0	0	0	582	500	
2	0	0	0	0	579	488	
3	0	0	0	0	569	473	
4	0	0	0	0	560	460	
5	0	0	0	0	551	450	
6	0	0	0	0	539	440	
7	0	0	0	0	531	431	
8	0	0	0	0	530	429	
9	0	0	0	0	533	427	
10	0	0	0	0	540	423	
11	0	0	0	0	546	420	
12	0	0	0	0	550	420	
13	0	0	0	0	557	424	
14	0	0	0	0	565	435	
15	0	0	0	0	574	450	
0	0	0	0	0	580	467	
1	0	0	0	0	589	483	
2	0	0	0	0	596	495	
3	0	0	0	0	603	500	
4	0	0	0	0	609	502	
5	0	0	0	0	616	501	
6	0	0	0	0	620	497	
7	0	0	0	0	620	490	
8	0	0	0	0	619	482	
9	0	0	0	0	615	474	
10	0	0	0	0	606	466	
11	0	0	0	0	594	457	
12	0	0	0	0	582	449	
13	0	0	0	0	568	443	
14	0	0	0	0	553	439	
15	0	0	0	0	542	438	
0	0	0	0	0	535	436	
1	0	0	0	0	533	437	
2	0	0	0	0	529	432	
3	0	0	0	0	524	428	
4	0	0	0	0	521	421	
5	0	0	0	0	519	414	
6	0	0	0	0	516	405	
7	0	0	0	0	517	401	
8	0	0	0	0	522	399	
9	0	0	0	0	528	400	
10	0	0	0	0	532	407	
11	0	0	0	0	532	414	
12	0	0	0	0	535	420	
13	0	0	0	0	534	422	
14	0	0	0	0	531	419	
15	0	0	0	0	527	418	
0	0	0	0	0	519	416	
1	0	0	0	0	514	419	
2	0	0	0	0	512	423	
3	0	0	0	0	511	427	
4	0	0	0	0	510	429	
5	0	0	0	0	510	429	
6	0	0	0	0	511	426	
7	0	0	0	0	513	424	
8	0	0	0	0	513	423	
9	0	0	0	0	509	422	
10	0	0	0	0	506	419	
11	0	0	0	0	503	414	
12	0	0	0	0	500	403	
13	0	0	0	0	498	393	
14	0	0	0	0	494	384	
15	0	0	0	0	492	381	
0	0	0	0	0	495	385	
1	0	0	0	0	500	390	
2	0	0	0	0	504	401	
3	0	0	0	0	508	410	
4	0	0	0	0	511	415	
5	0	0	0	0	515	413	
6	0	0	0	0	520	411	
7	0	0	0	0	529	411	
8	0	0	0	0	539	410	
9	0	0	0	0	548	410	
10	0	0	0	0	558	415	
11	0	0	0	0	567	421	
12	0	0	0	0	573	427	
13	0	0	0	0	577	427	
14	0	0	0	0	581	419	
15	0	0	0	0	579	409	
0	0	0	0	0	571	398	
1	0	0	0	0	553	386	
2	0	0	0	0	528	378	
3	0	0	0	0	507	367	
4	0	0	0	0	494	357	
5	0	0	0	0	494	358	
6	0	0	0	0	501	367	
7	0	0	0	0	513	385	
8	0	0	0	0	531	408	
9	0	0	0	0	552	429	
10	0	0	0	0	575	449	
11	0	0	0	0	600	462	
12	0	0	0	0	623	472	
13	0	0	0	0	635	475	
14	0	0	0	0	641	466	
15	0	0	0	0	641	457	
0	0	0	0	0	636	445	
1	0	0	0	0	625	430	
2	0	0	0	0	611	419	
3	0	0	0	0	596	411	
4	0	0	0	0	588	407	
5	0	0	0	0	581	406	
6	0	0	0	0	570	407	
7	0	0	0	0	560	408	
8	0	0	0	0	551	404	
9	0	0	0	0	546	401	
10	0	0	0	0	542	402	
11	0	0	0	0	538	408	
12	0	0	0	0	533	415	
13	0	0	0	0	527	423	
14	0	0	0	0	524	429	
15	0	0	0	0	523	434	
0	0	0	0	0	521	439	
1	0	0	0	0	516	440	
2	0	0	0	0	514	440	
3	0	0	0	0	510	439	
4	0	0	0	0	507	438	
5	0	0	0	0	506	440	
6	0	0	0	0	509	443	
7	0	0	0	0	511	443	
8	0	0	0	0	513	448	
9	0	0	0	0	517	448	
10	0	0	0	0	519	446	
11	0	0	0	0	521	444	
12	0	0	0	0	519	441	
13	0	0	0	0	517	438	
14	0	0	0	0	517	434	
15	0	0	0	0	520	436	
0	0	0	0	0	526	449	
1	0	0	0	0	533	462	
2	0	0	0	0	545	482	
3	0	0	0	0	553	499	
4	0	0	0	0	557	516	
5	0	0	0	0	558	530	
6	0	0	0	0	556	539	
7	0	0	0	0	553	541	
8	0	0	0	0	550	540	
9	0	0	0	0	547	538	
10	0	0	0	0	547	537	
11	0	0	0	0	553	537	
12	0	0	0	0	559	534	
13	0	0	0	0	561	527	
14	0	0	0	0	561	517	
15	0	0	0	0	561	502	
0	0	0	0	0	558	482	
1	0	0	0	0	554	457	
2	0	0	0	0	553	436	
3	0	0	0	0	554	418	
4	0	0	0	0	555	400	
5	0	0	0	0	555	385	
6	0	0	0	0	559	367	
7	0	0	0	0	564	347	
8	0	0	0	0	568	331	
9	0	0	0	0	577	314	
10	0	0	0	0	588	306	
11	0	0	0	0	604	295	
12	0	0	0	0	620	281	
13	0	0	0	0	634	284	
14	0	0	0	0	647	280	
15	0	0	0	0	661	275	
0	0	0	0	0	674	280	
1	0	0	0	0	685	273	
2	0	0	0	0	696	265	
3	0	0	0	0	697	259	
4	0	0	0	0	694	241	
5	0	0	0	0	692	231	
6	0	0	0	0	692	221	
7	0	0	0	0	692	211	
8	0	0	0	0	694	208	
9	0	0	0	0	695	199	
10	0	0	0	0	695	183	
11	0	0	0	0	695	183	
12	0	0	0	0	701	175	
13	0	0	0	0	708	159	
14	0	0	0	0	712	140	
15	0	0	0	0	715	119	
0	0	0	0	0	715	105	
1	0	0	0	0	710	88	
2	0	0	0	0	703	71	
3	0	0	0	0	697	68	
4	0	0	0	0	691	62	
5	0	0	0	0	687	53	
6	0	0	0	0	687	44	
7	0	0	0	0	688	34	
8	0	0	0	0	690	28	
9	0	0	0	0	694	23	
10	0	0	0	0	694	17	
11	0	0	0	0	696	17	
12	0	0	0	0	700	18	
13	0	0	0	0	706	19	
14	0	0	0	0	711	32	
15	0	0	0	0	713	43	
0	0	0	0	0	713	51	
1	0	0	0	0	710	62	
2	0	0	0	0	705	73	
3	0	0	0	0	700	84	
4	0	0	0	0	694	89	
5	0	0	0	0	687	90	
6	0	0	0	0	680	100	
7	0	0	0	0	676	98	
8	0	0	0	0	673	101	
9	0	0	0	0	668	103	
10	0	0	0	0	666	99	
11	0	0	0	0	666	107	
12	0	0	0	0	666	108	
13	0	0	0	0	664	113	
14	0	0	0	0	659	115	
15	0	0	0	0	654	107	
0	0	0	0	0	651	103	
1	0	0	0	0	646	96	
2	0	0	0	0	645	89	
3	0	0	0	0	647	99	
4	0	0	0	0	655	106	
5	0	0	0	0	663	115	
6	0	0	0	0	668	127	
7	0	0	0	0	671	134	
8	0	0	0	0	668	143	
9	0	0	0	0	659	147	
10	0	0	0	0	650	149	
11	0	0	0	0	639	161	
12	0	0	0	0	632	167	
13	0	0	0	0	620	171	
14	0	0	0	0	609	184	
15	0	0	0	0	601	185	
0	0	0	0	0	595	188	
1	0	0	0	0	592	192	
2	0	0	0	0	592	191	
3	0	0	0	0	591	205	
4	0	0	0	0	591	215	
5	0	0	0	0	592	224	
6	0	0	0	0	593	248	
7	0	0	0	0	594	262	
8	0	0	0	0	596	276	
9	0	0	0	0	598	280	
10	0	0	0	0	600	280	
11	0	0	0	0	606	288	
12	0	0	0	0	611	295	
13	0	0	0	0	612	297	
14	0	0	0	0	614	304	
15	0	0	0	0	615	303	
0	0	0	0	0	615	291	
1	0	0	0	0	611	294	
2	0	0	0	0	609	290	
3	0	0	0	0	608	283	
4	0	0	0	0	609	287	
5	0	0	0	0	608	287	
6	0	0	0	0	606	292	
7	0	0	0	0	606	294	
8	0	0	0	0	607	294	
9	0	0	0	0	606	304	
10	0	0	0	0	607	310	
11	0	0	0	0	605	311	
12	0	0	0	0	603	326	
13	0	0	0	0	600	335	
14	0	0	0	0	593	342	
15	0	0	0	0	588	344	
0	0	0	0	0	585	348	
1	0	0	0	0	587	349	
2	0	0	0	0	590	341	
3	0	0	0	0	592	328	
4	0	0	0	0	595	327	
5	0	0	0	0	597	326	
6	0	0	0	0	601	323	
7	0	0	0	0	601	332	
8	0	0	0	0	597	332	
9	0	0	0	0	600	334	
10	0	0	0	0	602	334	
11	0	0	0	0	607	327	
12	0	0	0	0	605	323	
13	0	0	0	0	601	316	
14	0	0	0	0	595	303	
15	0	0	0	0	584	297	
0	0	0	0	0	569	285	
1	0	0	0	0	560	273	
2	0	0	0	0	555	283	
3	0	0	0	0	553	295	
4	0	0	0	0	563	318	
5	0	0	0	0	576	354	
6	0	0	0	0	588	382	
7	0	0	0	0	601	408	
8	0	0	0	0	609	422	
9	0	0	0	0	607	429	
10	0	0	0	0	606	426	
11	0	0	0	0	604	416	
12	0	0	0	0	601	403	
13	0	0	0	0	599	390	
14	0	0	0	0	594	370	
15	0	0	0	0	587	347	
0	0	0	0	0	582	334	
1	0	0	0	0	577	319	
2	0	0	0	0	574	309	
3	0	0	0	0	577	311	
4	0	0	0	0	580	316	
5	0	0	0	0	586	328	
6	0	0	0	0	590	342	
7	0	0	0	0	591	355	
8	0	0	0	0	589	367	
9	0	0	0	0	584	375	
10	0	0	0	0	577	380	
11	0	0	0	0	568	383	
12	0	0	0	0	561	380	
13	0	0	0	0	557	376	
14	0	0	0	0	553	375	
15	0	0	0	0	552	374	
0	0	0	0	0	552	374	
1	0	0	0	0	551	376	
2	0	0	0	0	546	377	
3	0	0	0	0	546	375	
4	0	0	0	0	543	379	
5	0	0	0	0	542	383	
6	0	0	0	0	541	390	
7	0	0	0	0	543	403	
8	0	0	0	0	548	416	
9	0	0	0	0	551	428	
10	0	0	0	0	551	446	
11	0	0	0	0	550	460	
12	0	0	0	0	551	472	
13	0	0	0	0	552	474	
14	0	0	0	0	553	464	
15	0	0	0	0	555	451	
0	0	0	0	0	555	432	
1	0	0	0	0	557	415	
2	0	0	0	0	559	402	
3	0	0	0	0	560	393	
4	0	0	0	0	559	387	
5	0	0	0	0	556	388	
6	0	0	0	0	551	393	
7	0	0	0	0	556	403	
8	0	0	0	0	558	411	
9	0	0	0	0	562	414	
10	0	0	0	0	570	423	
11	0	0	0	0	574	429	
12	0	0	0	0	571	438	
13	0	0	0	0	565	451	
14	0	0	0	0	560	459	
15	0	0	0	0	556	464	
0	0	0	0	0	556	471	
1	0	0	0	0	556	483	
2	0	0	0	0	553	495	
3	0	0	0	0	547	500	
4	0	0	0	0	541	500	
5	0	0	0	0	530	494	
6	0	0	0	0	521	488	
7	0	0	0	0	509	479	
8	0	0	0	0	494	469	
9	0	0	0	0	482	457	
10	0	0	0	0	472	443	
11	0	0	0	0	461	427	
12	0	0	0	0	455	412	
13	0	0	0	0	456	401	
14	0	0	0	0	462	396	
15	0	0	0	0	473	403	
0	0	0	0	0	486	416	
1	0	0	0	0	496	430	
2	0	0	0	0	505	444	
3	0	0	0	0	515	459	
4	0	0	0	0	526	469	
5	0	0	0	0	532	481	
6	0	0	0	0	534	489	
7	0	0	0	0	531	495	
8	0	0	0	0	526	504	
9	0	0	0	0	520	507	
10	0	0	0	0	514	506	
11	0	0	0	0	511	497	
12	0	0	0	0	511	486	
13	0	0	0	0	512	475	
14	0	0	0	0	515	464	
15	0	0	0	0	518	459	
0	0	0	0	0	524	465	
1	0	0	0	0	531	472	
2	0	0	0	0	538	481	
3	0	0	0	0	544	488	
4	0	0	0	0	547	496	
5	0	0	0	0	546	500	
6	0	0	0	0	543	504	
7	0	0	0	0	538	508	
8	0	0	0	0	533	511	
9	0	0	0	0	533	516	
10	0	0	0	0	538	523	
11	0	0	0	0	543	532	
12	0	0	0	0	543	539	
13	0	0	0	0	543	542	
14	0	0	0	0	540	542	
15	0	0	0	0	531	535	
0	0	0	0	0	520	527	
1	0	0	0	0	511	516	
2	0	0	0	0	503	504	
3	0	0	0	0	495	490	
4	0	0	0	0	490	472	
5	0	0	0	0	488	461	
6	0	0	0	0	487	455	
7	0	0	0	0	489	455	
8	0	0	0	0	493	459	
9	0	0	0	0	496	467	
10	0	0	0	0	498	480	
11	0	0	0	0	500	491	
12	0	0	0	0	500	502	
13	0	0	0	0	494	511	
14	0	0	0	0	485	521	
15	0	0	0	0	476	531	
0	0	0	0	0	470	543	
1	0	0	0	0	465	558	
2	0	0	0	0	467	567	
3	0	0	0	0	474	575	
4	0	0	0	0	484	582	
5	0	0	0	0	497	583	
6	0	0	0	0	505	582	
7	0	0	0	0	511	577	
8	0	0	0	0	512	568	
9	0	0	0	0	512	558	
10	0	0	0	0	509	548	
11	0	0	0	0	503	536	
12	0	0	0	0	496	531	
13	0	0	0	0	487	529	
14	0	0	0	0	478	533	
15	0	0	0	0	470	540	
0	0	0	0	0	463	542	
1	0	0	0	0	459	540	
2	0	0	0	0	459	543	
3	0	0	0	0	463	543	
4	0	0	0	0	468	545	
5	0	0	0	0	476	542	
6	0	0	0	0	484	535	
7	0	0	0	0	490	527	
8	0	0	0	0	495	528	
9	0	0	0	0	497	534	
10	0	0	0	0	497	536	
11	0	0	0	0	494	534	
12	0	0	0	0	488	528	
13	0	0	0	0	478	516	
14	0	0	0	0	472	507	
15	0	0	0	0	468	496	
0	0	0	0	0	472	496	
1	0	0	0	0	480	505	
2	0	0	0	0	488	515	
3	0	0	0	0	492	524	
4	0	0	0	0	492	533	
5	0	0	0	0	487	542	
6	0	0	0	0	486	555	
7	0	0	0	0	484	561	
8	0	0	0	0	488	563	
9	0	0	0	0	492	559	
10	0	0	0	0	496	556	
11	0	0	0	0	502	550	
12	0	0	0	0	508	544	
13	0	0	0	0	511	536	
14	0	0	0	0	511	529	
15	0	0	0	0	513	524	
0	0	0	0	0	515	523	
1	0	0	0	0	514	526	
2	0	0	0	0	512	529	
3	0	0	0	0	507	531	
4	0	0	0	0	501	531	
5	0	0	0	0	496	531	
6	0	0	0	0	494	534	
7	0	0	0	0	494	535	
8	0	0	0	0	494	536	
9	0	0	0	0	494	534	
10	0	0	0	0	491	531	
11	0	0	0	0	489	530	
12	0	0	0	0	487	533	
13	0	0	0	0	486	541	
14	0	0	0	0	487	548	
15	0	0	0	0	489	550	
0	0	0	0	0	488	550	
1	0	0	0	0	487	544	
2	0	0	0	0	487	540	
3	0	0	0	0	483	536	
4	0	0	0	0	480	533	
5	0	0	0	0	476	536	
6	0	0	0	0	471	537	
7	0	0	0	0	468	539	
8	0	0	0	0	466	544	
9	0	0	0	0	464	554	
10	0	0	0	0	460	564	
11	0	0	0	0	449	575	
12	0	0	0	0	439	580	
13	0	0	0	0	428	588	
14	0	0	0	0	426	592	
15	0	0	0	0	422	598	
0	0	0	0	0	419	600	
1	0	0	0	0	416	604	
2	0	0	0	0	417	607	
3	0	0	0	0	419	608	
4	0	0	0	0	427	609	
5	0	0	0	0	443	611	
6	0	0	0	0	465	611	
7	0	0	0	0	484	604	
8	0	0	0	0	502	596	
9	0	0	0	0	512	582	
10	0	0	0	0	517	571	
11	0	0	0	0	519	558	
12	0	0	0	0	526	540	
13	0	0	0	0	531	523	
14	0	0	0	0	533	513	
15	0	0	0	0	537	516	
0	0	0	0	0	535	532	
1	0	0	0	0	527	553	
2	0	0	0	0	515	575	
3	0	0	0	0	504	597	
4	0	0	0	0	493	607	
5	0	0	0	0	485	611	
6	0	0	0	0	480	613	
7	0	0	0	0	477	611	
8	0	0	0	0	476	613	
9	0	0	0	0	476	622	
10	0	0	0	0	476	627	
11	0	0	0	0	477	633	
12	0	0	0	0	472	637	
13	0	0	0	0	465	636	
14	0	0	0	0	456	628	
15	0	0	0	0	452	616	
0	0	0	0	0	451	603	
1	0	0	0	0	449	588	
2	0	0	0	0	446	575	
3	0	0	0	0	444	559	
4	0	0	0	0	444	546	
5	0	0	0	0	451	540	
6	0	0	0	0	463	529	
7	0	0	0	0	472	523	
8	0	0	0	0	485	519	
9	0	0	0	0	495	522	
10	0	0	0	0	500	530	
11	0	0	0	0	502	538	
12	0	0	0	0	504	551	
13	0	0	0	0	505	567	
14	0	0	0	0	503	582	
15	0	0	0	0	499	596	
0	0	0	0	0	495	609	
1	0	0	0	0	489	617	
2	0	0	0	0	484	619	
3	0	0	0	0	480	621	
4	0	0	0	0	476	620	
5	0	0	0	0	475	618	
6	0	0	0	0	472	617	
7	0	0	0	0	465	611	
8	0	0	0	0	460	601	
9	0	0	0	0	456	591	
10	0	0	0	0	451	580	
11	0	0	0	0	447	572	
12	0	0	0	0	444	568	
13	0	0	0	0	438	563	
14	0	0	0	0	439	564	
15	0	0	0	0	441	565	
0	0	0	0	0	444	574	
1	0	0	0	0	445	583	
2	0	0	0	0	444	587	
3	0	0	0	0	440	592	
4	0	0	0	0	440	590	
5	0	0	0	0	439	583	
6	0	0	0	0	438	573	
7	0	0	0	0	438	566	
8	0	0	0	0	435	561	
9	0	0	0	0	433	551	
10	0	0	0	0	435	543	
11	0	0	0	0	440	540	
12	0	0	0	0	445	543	
13	0	0	0	0	451	550	
14	0	0	0	0	455	561	
15	0	0	0	0	452	573	
0	0	0	0	0	448	589	
1	0	0	0	0	446	600	
2	0	0	0	0	448	614	
3	0	0	0	0	455	620	
4	0	0	0	0	463	619	
5	0	0	0	0	470	615	
6	0	0	0	0	477	611	
7	0	0	0	0	484	606	
8	0	0	0	0	487	600	
9	0	0	0	0	489	591	
10	0	0	0	0	487	578	
11	0	0	0	0	481	563	
12	0	0	0	0	478	555	
13	0	0	0	0	472	548	
14	0	0	0	0	473	543	
15	0	0	0	0	480	545	
0	0	0	0	0	488	544	
1	0	0	0	0	491	539	
2	0	0	0	0	492	537	
3	0	0	0	0	494	531	
4	0	0	0	0	495	524	
5	0	0	0	0	488	515	
6	0	0	0	0	481	505	
7	0	0	0	0	473	499	
8	0	0	0	0	468	495	
9	0	0	0	0	463	492	
10	0	0	0	0	455	488	
11	0	0	0	0	446	484	
12	0	0	0	0	433	483	
13	0	0	0	0	422	484	
14	0	0	0	0	407	484	
15	0	0	0	0	390	484	
0	0	0	0	0	372	485	
1	0	0	0	0	359	488	
2	0	0	0	0	360	497	
3	0	0	0	0	374	514	
4	0	0	0	0	396	537	
5	0	0	0	0	423	563	
6	0	0	0	0	444	590	
7	0	0	0	0	462	609	
8	0	0	0	0	475	621	
9	0	0	0	0	482	618	
10	0	0	0	0	483	606	
11	0	0	0	0	479	588	
12	0	0	0	0	476	568	
13	0	0	0	0	473	551	
14	0	0	0	0	470	542	
15	0	0	0	0	470	548	
0	0	0	0	0	472	569	
1	0	0	0	0	475	598	
2	0	0	0	0	477	635	
3	0	0	0	0	477	668	
4	0	0	0	0	475	694	
5	0	0	0	0	471	712	
6	0	0	0	0	465	716	
7	0	0	0	0	460	703	
8	0	0	0	0	455	676	
9	0	0	0	0	450	639	
10	0	0	0	0	447	590	
11	0	0	0	0	446	556	
12	0	0	0	0	442	533	
13	0	0	0	0	440	517	
14	0	0	0	0	443	513	
15	0	0	0	0	447	515	
0	0	0	0	0	452	514	
1	0	0	0	0	456	509	
2	0	0	0	0	457	503	
3	0	0	0	0	455	492	
4	0	0	0	0	454	486	
5	0	0	0	0	446	480	
6	0	0	0	0	434	478	
7	0	0	0	0	423	474	
8	0	0	0	0	416	470	
9	0	0	0	0	417	472	
10	0	0	0	0	419	469	
11	0	0	0	0	422	465	
12	0	0	0	0	430	466	
13	0	0	0	0	442	478	
14	0	0	0	0	452	494	
15	0	0	0	0	467	515	
0	0	0	0	0	485	533	
1	0	0	0	0	500	553	
2	0	0	0	0	513	572	
3	0	0	0	0	518	586	
4	0	0	0	0	518	599	
5	0	0	0	0	510	613	
6	0	0	0	0	497	628	
7	0	0	0	0	480	648	
8	0	0	0	0	465	668	
9	0	0	0	0	451	684	
10	0	0	0	0	433	697	
11	0	0	0	0	417	705	
12	0	0	0	0	400	710	
13	0	0	0	0	376	707	
14	0	0	0	0	347	705	
15	0	0	0	0	319	706	
0	0	0	0	0	296	716	
1	0	0	0	0	285	730	
2	0	0	0	0	283	741	
3	0	0	0	0	284	755	
4	0	0	0	0	286	765	
5	0	0	0	0	293	776	
6	0	0	0	0	299	786	
7	0	0	0	0	298	787	
8	0	0	0	0	292	790	
9	0	0	0	0	279	790	
10	0	0	0	0	260	785	
11	0	0	0	0	240	775	
12	0	0	0	0	222	769	
13	0	0	0	0	210	775	
14	0	0	0	0	213	800	
15	0	0	0	0	230	825	
0	0	0	0	0	257	858	
1	0	0	0	0	289	885	
2	0	0	0	0	319	902	
3	0	0	0	0	349	913	
4	0	0	0	0	369	918	
5	0	0	0	0	386	916	
6	0	0	0	0	399	912	
7	0	0	0	0	408	909	
8	0	0	0	0	415	915	
9	0	0	0	0	423	925	
10	0	0	0	0	425	934	
11	0	0	0	0	421	936	
12	0	0	0	0	418	936	
13	0	0	0	0	412	920	
14	0	0	0	0	404	904	
15	0	0	0	0	397	888	
0	0	0	0	0	390	864	
1	0	0	0	0	384	832	
2	0	0	0	0	383	791	
3	0	0	0	0	382	750	
4	0	0	0	0	385	722	
5	0	0	0	0	386	703	
6	0	0	0	0	389	694	
7	0	0	0	0	390	691	
8	0	0	0	0	390	685	
9	0	0	0	0	390	679	
10	0	0	0	0	391	673	
11	0	0	0	0	396	671	
12	0	0	0	0	399	672	
13	0	0	0	0	401	674	
14	0	0	0	0	405	680	
15	0	0	0	0	408	687	
0	0	0	0	0	409	696	
1	0	0	0	0	410	709	
2	0	0	0	0	411	720	
3	0	0	0	0	412	727	
4	0	0	0	0	415	729	
5	0	0	0	0	416	732	
6	0	0	0	0	416	725	
7	0	0	0	0	414	725	
8	0	0	0	0	409	734	
9	0	0	0	0	405	737	
10	0	0	0	0	404	743	
11	0	0	0	0	407	755	
12	0	0	0	0	404	762	
13	0	0	0	0	405	768	
14	0	0	0	0	404	769	
15	0	0	0	0	403	763	
0	0	0	0	0	401	753	
1	0	0	0	0	408	747	
2	0	0	0	0	421	744	
3	0	0	0	0	443	743	
4	0	0	0	0	467	736	
5	0	0	0	0	484	728	
6	0	0	0	0	497	724	
7	0	0	0	0	504	707	
8	0	0	0	0	508	694	
9	0	0	0	0	506	681	
10	0	0	0	0	502	671	
11	0	0	0	0	497	663	
12	0	0	0	0	495	664	
13	0	0	0	0	494	670	
14	0	0	0	0	491	682	
15	0	0	0	0	487	689	
0	0	0	0	0	483	694	
1	0	0	0	0	482	695	
2	0	0	0	0	487	691	
3	0	0	0	0	496	679	
4	0	0	0	0	505	664	
5	0	0	0	0	508	645	
6	0	0	0	0	505	627	
7	0	0	0	0	502	607	
8	0	0	0	0	499	589	
9	0	0	0	0	499	575	
10	0	0	0	0	496	563	
11	0	0	0	0	493	556	
12	0	0	0	0	487	557	
13	0	0	0	0	483	567	
14	0	0	0	0	476	572	
15	0	0	0	0	473	579	
0	0	0	0	0	470	585	
1	0	0	0	0	464	589	
2	0	0	0	0	456	591	
3	0	0	0	0	449	591	
4	0	0	0	0	451	596	
5	0	0	0	0	459	604	
6	0	0	0	0	470	612	
7	0	0	0	0	480	614	
8	0	0	0	0	494	613	
9	0	0	0	0	503	609	
10	0	0	0	0	509	609	
11	0	0	0	0	512	610	
12	0	0	0	0	518	611	
13	0	0	0	0	524	616	
14	0	0	0	0	525	620	
15	0	0	0	0	522	620	
0	0	0	0	0	519	617	
1	0	0	0	0	515	612	
2	0	0	0	0	510	608	
3	0	0	0	0	511	602	
4	0	0	0	0	514	604	
5	0	0	0	0	518	604	
6	0	0	0	0	518	603	
7	0	0	0	0	520	607	
8	0	0	0	0	520	608	
9	0	0	0	0	516	607	
10	0	0	0	0	509	605	
11	0	0	0	0	499	600	
12	0	0	0	0	494	599	
13	0	0	0	0	489	594	
14	0	0	0	0	484	595	
15	0	0	0	0	478	597	
0	0	0	0	0	475	602	
1	0	0	0	0	472	608	
2	0	0	0	0	464	611	
3	0	0	0	0	458	611	
4	0	0	0	0	451	617	
5	0	0	0	0	446	623	
6	0	0	0	0	442	629	
7	0	0	0	0	438	632	
8	0	0	0	0	435	636	
9	0	0	0	0	432	641	
10	0	0	0	0	435	643	
11	0	0	0	0	441	647	
12	0	0	0	0	451	653	
13	0	0	0	0	460	656	
14	0	0	0	0	466	653	
15	0	0	0	0	470	643	
0	0	0	0	0	473	628	
1	0	0	0	0	475	611	
2	0	0	0	0	474	593	
3	0	0	0	0	471	583	
4	0	0	0	0	471	574	
5	0	0	0	0	472	567	
6	0	0	0	0	475	558	
7	0	0	0	0	478	547	
8	0	0	0	0	481	536	
9	0	0	0	0	481	532	
10	0	0	0	0	479	535	
11	0	0	0	0	475	540	
12	0	0	0	0	465	547	
13	0	0	0	0	459	551	
14	0	0	0	0	455	556	
15	0	0	0	0	453	561	
0	0	0	0	0	448	565	
1	0	0	0	0	446	571	
2	0	0	0	0	444	574	
3	0	0	0	0	441	574	
4	0	0	0	0	440	576	
5	0	0	0	0	440	569	
6	0	0	0	0	444	563	
7	0	0	0	0	451	558	
8	0	0	0	0	461	553	
9	0	0	0	0	473	551	
10	0	0	0	0	483	545	
11	0	0	0	0	490	536	
12	0	0	0	0	482	523	
13	0	0	0	0	460	504	
14	0	0	0	0	432	485	
15	0	0	0	0	396	475	
0	0	0	0	0	370	479	
1	0	0	0	0	364	499	
2	0	0	0	0	375	530	
3	0	0	0	0	403	565	
4	0	0	0	0	441	595	
5	0	0	0	0	477	611	
6	0	0	0	0	506	614	
7	0	0	0	0	527	609	
8	0	0	0	0	546	596	
9	0	0	0	0	556	581	
10	0	0	0	0	556	563	
11	0	0	0	0	551	542	
12	0	0	0	0	542	520	
13	0	0	0	0	536	503	
14	0	0	0	0	531	490	
15	0	0	0	0	526	485	
0	0	0	0	0	518	483	
1	0	0	0	0	511	483	
2	0	0	0	0	505	483	
3	0	0	0	0	504	484	
4	0	0	0	0	499	488	
5	0	0	0	0	498	494	
6	0	0	0	0	499	500	
7	0	0	0	0	501	507	
8	0	0	0	0	502	514	
9	0	0	0	0	505	520	
10	0	0	0	0	510	524	
11	0	0	0	0	514	526	
12	0	0	0	0	515	523	
13	0	0	0	0	512	518	
14	0	0	0	0	511	518	
15	0	0	0	0	513	514	
0	0	0	0	0	516	512	
1	0	0	0	0	519	512	
2	0	0	0	0	523	514	
3	0	0	0	0	523	513	
4	0	0	0	0	520	504	
5	0	0	0	0	516	488	
6	0	0	0	0	508	473	
7	0	0	0	0	497	463	
8	0	0	0	0	488	459	
9	0	0	0	0	480	457	
10	0	0	0	0	475	459	
11	0	0	0	0	471	465	
12	0	0	0	0	467	470	
13	0	0	0	0	466	474	
14	0	0	0	0	466	481	
15	0	0	0	0	470	488	
0	0	0	0	0	472	502	
1	0	0	0	0	476	520	
2	0	0	0	0	483	543	
3	0	0	0	0	492	563	
4	0	0	0	0	499	578	
5	0	0	0	0	496	588	
6	0	0	0	0	486	592	
7	0	0	0	0	476	588	
8	0	0	0	0	467	575	
9	0	0	0	0	455	559	
10	0	0	0	0	444	540	
11	0	0	0	0	434	520	
12	0	0	0	0	429	498	
13	0	0	0	0	432	480	
14	0	0	0	0	440	467	
15	0	0	0	0	449	465	
0	0	0	0	0	459	468	
1	0	0	0	0	471	472	
2	0	0	0	0	485	475	
3	0	0	0	0	497	481	
4	0	0	0	0	507	494	
5	0	0	0	0	510	510	
6	0	0	0	0	511	520	
7	0	0	0	0	509	517	
8	0	0	0	0	508	512	
9	0	0	0	0	508	505	
10	0	0	0	0	505	496	
11	0	0	0	0	504	483	
12	0	0	0	0	501	468	
13	0	0	0	0	500	461	
14	0	0	0	0	498	463	
15	0	0	0	0	493	470	
0	0	0	0	0	487	476	
1	0	0	0	0	485	481	
2	0	0	0	0	489	486	
3	0	0	0	0	494	492	
4	0	0	0	0	499	496	
5	0	0	0	0	504	497	
6	0	0	0	0	509	492	
7	0	0	0	0	514	484	
8	0	0	0	0	521	474	
9	0	0	0	0	533	470	
10	0	0	0	0	543	466	
11	0	0	0	0	546	464	
12	0	0	0	0	543	461	
13	0	0	0	0	538	459	
14	0	0	0	0	528	454	
15	0	0	0	0	517	452	
0	0	0	0	0	507	449	
1	0	0	0	0	499	445	
2	0	0	0	0	489	443	
3	0	0	0	0	480	447	
4	0	0	0	0	476	453	
5	0	0	0	0	479	462	
6	0	0	0	0	485	472	
7	0	0	0	0	495	485	
8	0	0	0	0	511	503	
9	0	0	0	0	522	524	
10	0	0	0	0	534	541	
11	0	0	0	0	543	555	
12	0	0	0	0	553	560	
13	0	0	0	0	559	553	
14	0	0	0	0	560	544	
15	0	0	0	0	562	536	
0	0	0	0	0	560	530	
1	0	0	0	0	555	524	
2	0	0	0	0	547	516	
3	0	0	0	0	532	511	
4	0	0	0	0	514	501	
5	0	0	0	0	500	489	
6	0	0	0	0	491	476	
7	0	0	0	0	485	460	
8	0	0	0	0	480	444	
9	0	0	0	0	474	429	
10	0	0	0	0	469	415	
11	0	0	0	0	464	404	
12	0	0	0	0	456	398	
13	0	0	0	0	449	396	
14	0	0	0	0	445	396	
15	0	0	0	0	444	391	
0	0	0	0	0	442	389	
1	0	0	0	0	443	397	
2	0	0	0	0	444	412	
3	0	0	0	0	453	432	
4	0	0	0	0	471	462	
5	0	0	0	0	501	496	
6	0	0	0	0	531	528	
7	0	0	0	0	559	559	
8	0	0	0	0	581	575	
9	0	0	0	0	596	578	
10	0	0	0	0	603	570	
11	0	0	0	0	604	552	
12	0	0	0	0	604	536	
13	0	0	0	0	600	519	
14	0	0	0	0	593	500	
15	0	0	0	0	588	479	
0	0	0	0	0	583	459	
1	0	0	0	0	580	448	
2	0	0	0	0	575	446	
3	0	0	0	0	569	453	
4	0	0	0	0	556	457	
5	0	0	0	0	545	463	
6	0	0	0	0	532	470	
7	0	0	0	0	522	474	
8	0	0	0	0	515	477	
9	0	0	0	0	514	481	
10	0	0	0	0	515	483	
11	0	0	0	0	515	483	
12	0	0	0	0	516	480	
13	0	0	0	0	519	479	
14	0	0	0	0	524	479	
15	0	0	0	0	528	480	
0	0	0	0	0	535	486	
1	0	0	0	0	540	493	
2	0	0	0	0	540	495	
3	0	0	0	0	534	499	
4	0	0	0	0	524	507	
5	0	0	0	0	514	512	
6	0	0	0	0	508	512	
7	0	0	0	0	504	508	
8	0	0	0	0	500	502	
9	0	0	0	0	497	497	
10	0	0	0	0	492	496	
11	0	0	0	0	489	504	
12	0	0	0	0	489	513	
13	0	0	0	0	489	525	
14	0	0	0	0	484	534	
15	0	0	0	0	483	542	
0	0	0	0	0	483	548	
1	0	0	0	0	484	553	
2	0	0	0	0	483	563	
3	0	0	0	0	488	580	
4	0	0	0	0	493	601	
5	0	0	0	0	494	622	
6	0	0	0	0	496	642	
7	0	0	0	0	502	643	
8	0	0	0	0	505	636	
9	0	0	0	0	509	612	
10	0	0	0	0	511	580	
11	0	0	0	0	511	547	
12	0	0	0	0	516	514	
13	0	0	0	0	519	483	
14	0	0	0	0	523	457	
15	0	0	0	0	524	433	
0	0	0	0	0	521	412	
1	0	0	0	0	518	395	
2	0	0	0	0	515	389	
3	0	0	0	0	506	391	
4	0	0	0	0	492	391	
5	0	0	0	0	481	396	
6	0	0	0	0	470	405	
7	0	0	0	0	463	421	
8	0	0	0	0	464	443	
9	0	0	0	0	472	465	
10	0	0	0	0	484	488	
11	0	0	0	0	495	504	
12	0	0	0	0	505	511	
13	0	0	0	0	511	509	
14	0	0	0	0	511	502	
15	0	0	0	0	508	494	
0	0	0	0	0	507	489	
1	0	0	0	0	506	488	
2	0	0	0	0	505	492	
3	0	0	0	0	508	496	
4	0	0	0	0	511	506	
5	0	0	0	0	515	517	
6	0	0	0	0	521	527	
7	0	0	0	0	527	534	
8	0	0	0	0	533	532	
9	0	0	0	0	534	530	
10	0	0	0	0	530	522	
11	0	0	0	0	527	505	
12	0	0	0	0	526	486	
13	0	0	0	0	526	469	
14	0	0	0	0	526	456	
15	0	0	0	0	526	449	
0	0	0	0	0	527	441	
1	0	0	0	0	527	443	
2	0	0	0	0	528	451	
3	0	0	0	0	530	459	
4	0	0	0	0	535	468	
5	0	0	0	0	543	472	
6	0	0	0	0	547	470	
7	0	0	0	0	544	472	
8	0	0	0	0	536	472	
9	0	0	0	0	531	474	
10	0	0	0	0	531	480	
11	0	0	0	0	537	483	
12	0	0	0	0	545	478	
13	0	0	0	0	552	474	
14	0	0	0	0	553	467	
15	0	0	0	0	555	463	
0	0	0	0	0	556	463	
1	0	0	0	0	556	461	
2	0	0	0	0	552	458	
3	0	0	0	0	545	457	
4	0	0	0	0	541	462	
5	0	0	0	0	535	465	
6	0	0	0	0	529	467	
7	0	0	0	0	523	467	
8	0	0	0	0	517	466	
9	0	0	0	0	518	463	
10	0	0	0	0	516	467	
11	0	0	0	0	518	477	
12	0	0	0	0	521	492	
13	0	0	0	0	530	509	
14	0	0	0	0	537	528	
15	0	0	0	0	542	538	
0	0	0	0	0	542	539	
1	0	0	0	0	544	538	
2	0	0	0	0	543	536	
3	0	0	0	0	541	531	
4	0	0	0	0	539	516	
5	0	0	0	0	532	499	
6	0	0	0	0	526	483	
7	0	0	0	0	521	469	
8	0	0	0	0	517	455	
9	0	0	0	0	515	439	
10	0	0	0	0	511	416	
11	0	0	0	0	502	397	
12	0	0	0	0	494	377	
13	0	0	0	0	486	364	
14	0	0	0	0	483	366	
15	0	0	0	0	487	377	
0	0	0	0	0	494	395	
1	0	0	0	0	506	415	
2	0	0	0	0	520	434	
3	0	0	0	0	536	453	
4	0	0	0	0	553	473	
5	0	0	0	0	561	489	
6	0	0	0	0	568	502	
7	0	0	0	0	569	512	
8	0	0	0	0	568	517	
9	0	0	0	0	565	522	
10	0	0	0	0	562	525	
11	0	0	0	0	558	524	
12	0	0	0	0	556	519	
13	0	0	0	0	553	513	
14	0	0	0	0	551	506	
15	0	0	0	0	547	501	
0	0	0	0	0	547	499	
1	0	0	0	0	547	499	
2	0	0	0	0	547	499	
3	0	0	0	0	551	498	
4	0	0	0	0	556	496	
5	0	0	0	0	561	501	
6	0	0	0	0	564	505	
7	0	0	0	0	566	509	
8	0	0	0	0	564	512	
9	0	0	0	0	560	514	
10	0	0	0	0	555	515	
11	0	0	0	0	549	516	
12	0	0	0	0	544	519	
13	0	0	0	0	543	527	
14	0	0	0	0	545	535	
15	0	0	0	0	551	549	
0	0	0	0	0	557	562	
1	0	0	0	0	560	576	
2	0	0	0	0	558	588	
3	0	0	0	0	555	599	
4	0	0	0	0	555	604	
5	0	0	0	0	556	601	
6	0	0	0	0	558	596	
7	0	0	0	0	559	587	
8	0	0	0	0	560	577	
9	0	0	0	0	565	564	
10	0	0	0	0	568	550	
11	0	0	0	0	573	537	
12	0	0	0	0	577	528	
13	0	0	0	0	580	522	
14	0	0	0	0	580	515	
15	0	0	0	0	576	508	
0	0	0	0	0	570	494	
1	0	0	0	0	561	476	
2	0	0	0	0	557	460	
3	0	0	0	0	551	449	
4	0	0	0	0	546	446	
5	0	0	0	0	541	448	
6	0	0	0	0	532	458	
7	0	0	0	0	523	474	
8	0	0	0	0	518	495	
9	0	0	0	0	517	517	
10	0	0	0	0	515	537	
11	0	0	0	0	512	558	
12	0	0	0	0	511	579	
13	0	0	0	0	508	600	
14	0	0	0	0	505	620	
15	0	0	0	0	505	635	
0	0	0	0	0	504	642	
1	0	0	0	0	503	641	
2	0	0	0	0	505	636	
3	0	0	0	0	510	623	
4	0	0	0	0	516	606	
5	0	0	0	0	525	584	
6	0	0	0	0	534	560	
7	0	0	0	0	537	533	
8	0	0	0	0	532	497	
9	0	0	0	0	526	460	
10	0	0	0	0	518	419	
11	0	0	0	0	507	380	
12	0	0	0	0	501	345	
13	0	0	0	0	501	321	
14	0	0	0	0	508	319	
15	0	0	0	0	523	322	
0	0	0	0	0	541	326	
1	0	0	0	0	556	335	
2	0	0	0	0	572	340	
3	0	0	0	0	587	344	
4	0	0	0	0	603	348	
5	0	0	0	0	620	344	
6	0	0	0	0	634	332	
7	0	0	0	0	645	327	
8	0	0	0	0	651	311	
9	0	0	0	0	658	292	
10	0	0	0	0	667	280	
11	0	0	0	0	679	273	
12	0	0	0	0	696	269	
13	0	0	0	0	711	272	
14	0	0	0	0	720	278	
15	0	0	0	0	725	270	
0	0	0	0	0	724	264	
1	0	0	0	0	725	262	
2	0	0	0	0	724	259	
3	0	0	0	0	719	249	
4	0	0	0	0	715	240	
5	0	0	0	0	711	217	
6	0	0	0	0	713	191	
7	0	0	0	0	719	187	
8	0	0	0	0	720	180	
9	0	0	0	0	719	174	
10	0	0	0	0	717	185	
11	0	0	0	0	712	191	
12	0	0	0	0	703	196	
13	0	0	0	0	691	214	
14	0	0	0	0	677	225	
15	0	0	0	0	664	232	
0	0	0	0	0	652	247	
1	0	0	0	0	646	262	
2	0	0	0	0	643	278	
3	0	0	0	0	642	295	
4	0	0	0	0	644	323	
5	0	0	0	0	647	342	
6	0	0	0	0	651	351	
7	0	0	0	0	656	364	
8	0	0	0	0	664	366	
9	0	0	0	0	669	368	
10	0	0	0	0	670	371	
11	0	0	0	0	672	368	
12	0	0	0	0	672	358	
13	0	0	0	0	673	355	
14	0	0	0	0	676	347	
15	0	0	0	0	675	334	
0	0	0	0	0	679	333	
1	0	0	0	0	681	332	
2	0	0	0	0	684	326	
3	0	0	0	0	685	326	
4	0	0	0	0	683	318	
5	0	0	0	0	680	307	
6	0	0	0	0	673	307	
7	0	0	0	0	664	300	
8	0	0	0	0	655	292	
9	0	0	0	0	644	289	
10	0	0	0	0	634	291	
11	0	0	0	0	624	291	
12	0	0	0	0	613	289	
13	0	0	0	0	605	302	
14	0	0	0	0	600	311	
15	0	0	0	0	595	314	
0	0	0	0	0	589	323	
1	0	0	0	0	580	324	
2	0	0	0	0	573	326	
3	0	0	0	0	568	333	
4	0	0	0	0	571	344	
5	0	0	0	0	574	357	
6	0	0	0	0	579	369	
7	0	0	0	0	584	375	
8	0	0	0	0	589	375	
9	0	0	0	0	593	367	
10	0	0	0	0	591	371	
11	0	0	0	0	591	371	
12	0	0	0	0	588	373	
13	0	0	0	0	584	383	
14	0	0	0	0	579	394	
15	0	0	0	0	570	400	
0	0	0	0	0	562	403	
1	0	0	0	0	554	407	
2	0	0	0	0	547	398	
3	0	0	0	0	541	384	
4	0	0	0	0	532	379	
5	0	0	0	0	523	379	
6	0	0	0	0	515	381	
7	0	0	0	0	510	392	
8	0	0	0	0	510	402	
9	0	0	0	0	513	414	
10	0	0	0	0	515	418	
11	0	0	0	0	515	419	
12	0	0	0	0	520	415	
13	0	0	0	0	525	411	
14	0	0	0	0	529	408	
15	0	0	0	0	536	407	
0	0	0	0	0	545	408	
1	0	0	0	0	549	409	
2	0	0	0	0	551	411	
3	0	0	0	0	553	411	
4	0	0	0	0	557	409	
5	0	0	0	0	557	407	
6	0	0	0	0	556	403	
7	0	0	0	0	548	401	
8	0	0	0	0	540	399	
9	0	0	0	0	534	398	
10	0	0	0	0	531	398	
11	0	0	0	0	528	401	
12	0	0	0	0	531	402	
13	0	0	0	0	532	401	
14	0	0	0	0	530	399	
15	0	0	0	0	531	400	
0	0	0	0	0	532	407	
1	0	0	0	0	534	414	
2	0	0	0	0	533	419	
3	0	0	0	0	533	418	
4	0	0	0	0	532	413	
5	0	0	0	0	532	410	
6	0	0	0	0	534	408	
7	0	0	0	0	537	408	
8	0	0	0	0	540	407	
9	0	0	0	0	543	408	
10	0	0	0	0	548	419	
11	0	0	0	0	553	435	
12	0	0	0	0	555	448	
13	0	0	0	0	552	455	
14	0	0	0	0	545	456	
15	0	0	0	0	539	452	
0	0	0	0	0	536	446	
1	0	0	0	0	536	441	
2	0	0	0	0	534	437	
3	0	0	0	0	532	435	
4	0	0	0	0	529	433	
5	0	0	0	0	527	429	
6	0	0	0	0	526	433	
7	0	0	0	0	523	441	
8	0	0	0	0	521	448	
9	0	0	0	0	518	459	
10	0	0	0	0	511	467	
11	0	0	0	0	502	465	
12	0	0	0	0	492	460	
13	0	0	0	0	482	457	
14	0	0	0	0	472	456	
15	0	0	0	0	467	458	
0	0	0	0	0	468	467	
1	0	0	0	0	478	478	
2	0	0	0	0	489	491	
3	0	0	0	0	503	501	
4	0	0	0	0	513	509	
5	0	0	0	0	522	515	
6	0	0	0	0	532	521	
7	0	0	0	0	536	524	
8	0	0	0	0	534	522	
9	0	0	0	0	534	516	
10	0	0	0	0	532	509	
11	0	0	0	0	530	498	
12	0	0	0	0	527	489	
13	0	0	0	0	517	479	
14	0	0	0	0	509	475	
15	0	0	0	0	503	472	
0	0	0	0	0	502	470	
1	0	0	0	0	503	468	
2	0	0	0	0	507	464	
3	0	0	0	0	511	459	
4	0	0	0	0	512	458	
5	0	0	0	0	511	462	
6	0	0	0	0	511	466	
7	0	0	0	0	514	468	
8	0	0	0	0	517	471	
9	0	0	0	0	516	475	
10	0	0	0	0	517	478	
11	0	0	0	0	511	475	
12	0	0	0	0	499	469	
13	0	0	0	0	483	465	
14	0	0	0	0	467	465	
15	0	0	0	0	460	475	
0	0	0	0	0	460	491	
1	0	0	0	0	464	505	
2	0	0	0	0	472	515	
3	0	0	0	0	481	526	
4	0	0	0	0	492	534	
5	0	0	0	0	498	539	
6	0	0	0	0	504	543	
7	0	0	0	0	508	546	
8	0	0	0	0	512	551	
9	0	0	0	0	513	552	
10	0	0	0	0	512	553	
11	0	0	0	0	509	553	
12	0	0	0	0	504	555	
13	0	0	0	0	501	554	
14	0	0	0	0	499	551	
15	0	0	0	0	496	548	
0	0	0	0	0	492	543	
1	0	0	0	0	487	539	
2	0	0	0	0	479	533	
3	0	0	0	0	475	528	
4	0	0	0	0	475	521	
5	0	0	0	0	478	518	
6	0	0	0	0	483	521	
7	0	0	0	0	491	525	
8	0	0	0	0	498	516	
9	0	0	0	0	503	507	
10	0	0	0	0	506	503	
11	0	0	0	0	507	503	
12	0	0	0	0	500	506	
13	0	0	0	0	495	514	
14	0	0	0	0	491	522	
15	0	0	0	0	487	523	
0	0	0	0	0	484	521	
1	0	0	0	0	481	514	
2	0	0	0	0	479	504	
3	0	0	0	0	480	499	
4	0	0	0	0	483	496	
5	0	0	0	0	483	497	
6	0	0	0	0	478	493	
7	0	0	0	0	472	486	
8	0	0	0	0	471	482	
9	0	0	0	0	476	482	
10	0	0	0	0	484	484	
11	0	0	0	0	497	486	
12	0	0	0	0	514	491	
13	0	0	0	0	527	504	
14	0	0	0	0	539	515	
15	0	0	0	0	549	524	
0	0	0	0	0	555	529	
1	0	0	0	0	559	536	
2	0	0	0	0	560	553	
3	0	0	0	0	560	569	
4	0	0	0	0	558	582	
5	0	0	0	0	553	583	
6	0	0	0	0	545	574	
7	0	0	0	0	532	560	
8	0	0	0	0	517	545	
9	0	0	0	0	499	529	
10	0	0	0	0	488	515	
11	0	0	0	0	486	507	
12	0	0	0	0	488	505	
13	0	0	0	0	487	500	
14	0	0	0	0	482	490	
15	0	0	0	0	480	481	
0	0	0	0	0	486	478	
1	0	0	0	0	496	479	
2	0	0	0	0	505	479	
3	0	0	0	0	509	483	
4	0	0	0	0	510	491	
5	0	0	0	0	509	504	
6	0	0	0	0	510	519	
7	0	0	0	0	510	528	
8	0	0	0	0	511	537	
9	0	0	0	0	508	543	
10	0	0	0	0	503	544	
11	0	0	0	0	496	540	
12	0	0	0	0	492	541	
13	0	0	0	0	489	542	
14	0	0	0	0	487	542	
15	0	0	0	0	485	538	
0	0	0	0	0	484	535	
1	0	0	0	0	481	527	
2	0	0	0	0	476	518	
3	0	0	0	0	472	510	
4	0	0	0	0	465	504	
5	0	0	0	0	461	504	
6	0	0	0	0	463	510	
7	0	0	0	0	470	519	
8	0	0	0	0	479	527	
9	0	0	0	0	487	531	
10	0	0	0	0	492	533	
11	0	0	0	0	493	533	
12	0	0	0	0	493	531	
13	0	0	0	0	495	531	
14	0	0	0	0	495	529	
15	0	0	0	0	492	526	
0	0	0	0	0	489	520	
1	0	0	0	0	487	514	
2	0	0	0	0	488	512	
3	0	0	0	0	483	519	
4	0	0	0	0	479	534	
5	0	0	0	0	476	545	
6	0	0	0	0	471	555	
7	0	0	0	0	464	556	
8	0	0	0	0	456	556	
9	0	0	0	0	455	546	
10	0	0	0	0	451	537	
11	0	0	0	0	451	530	
12	0	0	0	0	450	527	
13	0	0	0	0	449	528	
14	0	0	0	0	450	536	
15	0	0	0	0	451	543	
0	0	0	0	0	455	547	
1	0	0	0	0	463	551	
2	0	0	0	0	464	552	
3	0	0	0	0	466	550	
4	0	0	0	0	463	543	
5	0	0	0	0	458	531	
6	0	0	0	0	448	515	
7	0	0	0	0	438	499	
8	0	0	0	0	426	492	
9	0	0	0	0	417	491	
10	0	0	0	0	413	497	
11	0	0	0	0	415	506	
12	0	0	0	0	423	518	
13	0	0	0	0	433	528	
14	0	0	0	0	445	540	
15	0	0	0	0	456	546	
0	0	0	0	0	460	547	
1	0	0	0	0	460	544	
2	0	0	0	0	460	541	
3	0	0	0	0	455	536	
4	0	0	0	0	446	528	
5	0	0	0	0	438	522	
6	0	0	0	0	430	514	
7	0	0	0	0	426	505	
8	0	0	0	0	423	499	
9	0	0	0	0	418	501	
10	0	0	0	0	415	508	
11	0	0	0	0	413	516	
12	0	0	0	0	417	522	
13	0	0	0	0	429	527	
14	0	0	0	0	444	529	
15	0	0	0	0	462	526	
0	0	0	0	0	475	524	
1	0	0	0	0	484	525	
2	0	0	0	0	481	526	
3	0	0	0	0	473	526	
4	0	0	0	0	458	525	
5	0	0	0	0	445	525	
6	0	0	0	0	437	531	
7	0	0	0	0	437	530	
8	0	0	0	0	443	530	
9	0	0	0	0	449	525	
10	0	0	0	0	459	523	
11	0	0	0	0	469	523	
12	0	0	0	0	474	526	
13	0	0	0	0	479	527	
14	0	0	0	0	487	530	
15	0	0	0	0	492	532	
0	0	0	0	0	494	531	
1	0	0	0	0	495	531	
2	0	0	0	0	492	527	
3	0	0	0	0	486	518	
4	0	0	0	0	486	511	
5	0	0	0	0	484	514	
6	0	0	0	0	483	529	
7	0	0	0	0	485	546	
8	0	0	0	0	480	566	
9	0	0	0	0	480	580	
10	0	0	0	0	478	584	
11	0	0	0	0	479	586	
12	0	0	0	0	482	587	
13	0	0	0	0	489	582	
14	0	0	0	0	499	577	
15	0	0	0	0	508	575	
0	0	0	0	0	515	571	
1	0	0	0	0	523	565	
2	0	0	0	0	528	559	
3	0	0	0	0	529	553	
4	0	0	0	0	530	549	
5	0	0	0	0	533	547	
6	0	0	0	0	532	547	
7	0	0	0	0	526	542	
8	0	0	0	0	522	536	
9	0	0	0	0	515	536	
10	0	0	0	0	507	534	
11	0	0	0	0	497	536	
12	0	0	0	0	491	535	
13	0	0	0	0	487	535	
14	0	0	0	0	487	534	
15	0	0	0	0	491	528	
0	0	0	0	0	500	523	
1	0	0	0	0	512	521	
2	0	0	0	0	526	518	
3	0	0	0	0	532	512	
4	0	0	0	0	534	504	
5	0	0	0	0	531	491	
6	0	0	0	0	527	476	
7	0	0	0	0	519	460	
8	0	0	0	0	510	451	
9	0	0	0	0	504	449	
10	0	0	0	0	505	460	
11	0	0	0	0	511	478	
12	0	0	0	0	515	496	
13	0	0	0	0	519	509	
14	0	0	0	0	522	513	
15	0	0	0	0	525	515	
0	0	0	0	0	524	512	
1	0	0	0	0	524	505	
2	0	0	0	0	527	498	
3	0	0	0	0	532	493	
4	0	0	0	0	536	490	
5	0	0	0	0	540	487	
6	0	0	0	0	540	483	
7	0	0	0	0	538	476	
8	0	0	0	0	528	464	
9	0	0	0	0	515	453	
10	0	0	0	0	500	445	
11	0	0	0	0	492	441	
12	0	0	0	0	488	443	
13	0	0	0	0	490	449	
14	0	0	0	0	492	458	
15	0	0	0	0	493	467	
0	0	0	0	0	495	475	
1	0	0	0	0	496	485	
2	0	0	0	0	501	497	
3	0	0	0	0	511	510	
4	0	0	0	0	520	518	
5	0	0	0	0	531	520	
6	0	0	0	0	542	525	
7	0	0	0	0	552	530	
8	0	0	0	0	559	532	
9	0	0	0	0	563	531	
10	0	0	0	0	564	527	
11	0	0	0	0	561	524	
12	0	0	0	0	557	517	
13	0	0	0	0	553	513	
14	0	0	0	0	550	508	
15	0	0	0	0	543	506	
0	0	0	0	0	539	503	
1	0	0	0	0	535	502	
2	0	0	0	0	532	499	
3	0	0	0	0	534	499	
4	0	0	0	0	533	498	
5	0	0	0	0	533	499	
6	0	0	0	0	531	496	
7	0	0	0	0	530	504	
8	0	0	0	0	526	519	
9	0	0	0	0	523	536	
10	0	0	0	0	520	549	
11	0	0	0	0	521	558	
12	0	0	0	0	524	560	
13	0	0	0	0	527	557	
14	0	0	0	0	531	555	
15	0	0	0	0	534	556	
0	0	0	0	0	536	556	
1	0	0	0	0	539	556	
2	0	0	0	0	542	560	
3	0	0	0	0	545	570	
4	0	0	0	0	549	583	
5	0	0	0	0	549	599	
6	0	0	0	0	548	608	
7	0	0	0	0	546	612	
8	0	0	0	0	547	607	
9	0	0	0	0	546	600	
10	0	0	0	0	547	592	
11	0	0	0	0	546	585	
12	0	0	0	0	542	577	
13	0	0	0	0	539	567	
14	0	0	0	0	538	558	
15	0	0	0	0	540	552	
0	0	0	0	0	545	552	
1	0	0	0	0	553	552	
2	0	0	0	0	559	554	
3	0	0	0	0	568	556	
4	0	0	0	0	576	558	
5	0	0	0	0	583	556	
6	0	0	0	0	587	556	
7	0	0	0	0	585	553	
8	0	0	0	0	585	548	
9	0	0	0	0	582	544	
10	0	0	0	0	575	542	
11	0	0	0	0	572	541	
12	0	0	0	0	567	536	
13	0	0	0	0	561	534	
14	0	0	0	0	557	535	
15	0	0	0	0	560	540	
0	0	0	0	0	568	548	
1	0	0	0	0	573	554	
2	0	0	0	0	577	556	
3	0	0	0	0	579	559	
4	0	0	0	0	581	566	
5	0	0	0	0	582	576	
6	0	0	0	0	584	588	
7	0	0	0	0	585	600	
8	0	0	0	0	584	609	
9	0	0	0	0	578	619	
10	0	0	0	0	569	620	
11	0	0	0	0	562	620	
12	0	0	0	0	554	619	
13	0	0	0	0	549	616	
14	0	0	0	0	543	611	
15	0	0	0	0	533	604	
0	0	0	0	0	516	591	
1	0	0	0	0	498	582	
2	0	0	0	0	478	578	
3	0	0	0	0	460	579	
4	0	0	0	0	444	583	
5	0	0	0	0	432	588	
6	0	0	0	0	421	596	
7	0	0	0	0	403	601	
8	0	0	0	0	383	601	
9	0	0	0	0	360	601	
10	0	0	0	0	336	603	
11	0	0	0	0	313	609	
12	0	0	0	0	295	616	
13	0	0	0	0	283	620	
14	0	0	0	0	272	620	
15	0	0	0	0	261	622	
0	0	0	0	0	256	625	
1	0	0	0	0	253	630	
2	0	0	0	0	254	630	
3	0	0	0	0	253	629	
4	0	0	0	0	253	624	
5	0	0	0	0	249	616	
6	0	0	0	0	245	604	
7	0	0	0	0	238	596	
8	0	0	0	0	233	588	
9	0	0	0	0	227	582	
10	0	0	0	0	222	576	
11	0	0	0	0	220	575	
12	0	0	0	0	221	582	
13	0	0	0	0	224	590	
14	0	0	0	0	231	597	
15	0	0	0	0	237	603	
0	0	0	0	0	243	606	
1	0	0	0	0	252	604	
2	0	0	0	0	262	600	
3	0	0	0	0	268	592	
4	0	0	0	0	271	591	
5	0	0	0	0	274	586	
6	0	0	0	0	276	586	
7	0	0	0	0	279	591	
8	0	0	0	0	283	597	
9	0	0	0	0	290	606	
10	0	0	0	0	293	615	
11	0	0	0	0	299	618	
12	0	0	0	0	307	620	
13	0	0	0	0	314	619	
14	0	0	0	0	317	624	
15	0	0	0	0	315	628	
0	0	0	0	0	310	632	
1	0	0	0	0	305	635	
2	0	0	0	0	299	633	
3	0	0	0	0	294	628	
4	0	0	0	0	288	624	
5	0	0	0	0	284	622	
6	0	0	0	0	280	621	
7	0	0	0	0	276	624	
8	0	0	0	0	275	621	
9	0	0	0	0	276	614	
10	0	0	0	0	277	604	
11	0	0	0	0	276	591	
12	0	0	0	0	274	581	
13	0	0	0	0	275	577	
14	0	0	0	0	281	574	
15	0	0	0	0	289	580	
0	0	0	0	0	301	587	
1	0	0	0	0	314	594	
2	0	0	0	0	323	601	
3	0	0	0	0	333	605	
4	0	0	0	0	342	607	
5	0	0	0	0	347	609	
6	0	0	0	0	349	607	
7	0	0	0	0	350	604	
8	0	0	0	0	353	602	
9	0	0	0	0	360	600	
10	0	0	0	0	365	603	
11	0	0	0	0	371	608	
12	0	0	0	0	377	619	
13	0	0	0	0	381	622	
14	0	0	0	0	381	621	
15	0	0	0	0	378	621	
0	0	0	0	0	376	615	
1	0	0	0	0	372	601	
2	0	0	0	0	368	591	
3	0	0	0	0	365	583	
4	0	0	0	0	367	575	
5	0	0	0	0	370	561	
6	0	0	0	0	374	552	
7	0	0	0	0	378	544	
8	0	0	0	0	388	538	
9	0	0	0	0	400	535	
10	0	0	0	0	408	531	
11	0	0	0	0	416	531	
12	0	0	0	0	427	535	
13	0	0	0	0	442	539	
14	0	0	0	0	460	546	
15	0	0	0	0	477	555	
0	0	0	0	0	483	563	
1	0	0	0	0	480	567	
2	0	0	0	0	472	570	
3	0	0	0	0	463	568	
4	0	0	0	0	456	564	
5	0	0	0	0	454	558	
6	0	0	0	0	455	551	
7	0	0	0	0	455	545	
8	0	0	0	0	454	540	
9	0	0	0	0	449	531	
10	0	0	0	0	446	523	
11	0	0	0	0	445	518	
12	0	0	0	0	447	518	
13	0	0	0	0	452	521	
14	0	0	0	0	460	530	
15	0	0	0	0	468	539	
0	0	0	0	0	478	545	
1	0	0	0	0	484	550	
2	0	0	0	0	487	553	
3	0	0	0	0	485	556	
4	0	0	0	0	477	560	
5	0	0	0	0	475	563	
6	0	0	0	0	476	569	
7	0	0	0	0	476	575	
8	0	0	0	0	472	574	
9	0	0	0	0	470	571	
10	0	0	0	0	470	567	
11	0	0	0	0	474	561	
12	0	0	0	0	478	553	
13	0	0	0	0	484	548	
14	0	0	0	0	491	543	
15	0	0	0	0	500	539	
0	0	0	0	0	508	535	
1	0	0	0	0	515	533	
2	0	0	0	0	521	534	
3	0	0	0	0	526	537	
4	0	0	0	0	527	536	
5	0	0	0	0	528	533	
6	0	0	0	0	526	529	
7	0	0	0	0	519	527	
8	0	0	0	0	514	529	
9	0	0	0	0	507	535	
10	0	0	0	0	499	548	
11	0	0	0	0	491	568	
12	0	0	0	0	482	584	
13	0	0	0	0	467	597	
14	0	0	0	0	453	604	
15	0	0	0	0	438	605	
0	0	0	0	0	422	604	
1	0	0	0	0	414	610	
2	0	0	0	0	413	617	
3	0	0	0	0	417	625	
4	0	0	0	0	422	639	
5	0	0	0	0	428	653	
6	0	0	0	0	433	669	
7	0	0	0	0	439	681	
8	0	0	0	0	444	684	
9	0	0	0	0	446	679	
10	0	0	0	0	449	670	
11	0	0	0	0	451	659	
12	0	0	0	0	451	646	
13	0	0	0	0	452	632	
14	0	0	0	0	450	621	
15	0	0	0	0	451	618	
0	0	0	0	0	453	620	
1	0	0	0	0	456	624	
2	0	0	0	0	458	622	
3	0	0	0	0	462	619	
4	0	0	0	0	467	612	
5	0	0	0	0	474	606	
6	0	0	0	0	480	597	
7	0	0	0	0	486	585	
8	0	0	0	0	488	576	
9	0	0	0	0	484	569	
10	0	0	0	0	480	563	
11	0	0	0	0	483	561	
12	0	0	0	0	488	561	
13	0	0	0	0	493	568	
14	0	0	0	0	501	578	
15	0	0	0	0	505	583	
0	0	0	0	0	512	588	
1	0	0	0	0	520	593	
2	0	0	0	0	525	601	
3	0	0	0	0	531	614	
4	0	0	0	0	537	625	
5	0	0	0	0	542	630	
6	0	0	0	0	542	627	
7	0	0	0	0	541	621	
8	0	0	0	0	541	615	
9	0	0	0	0	545	617	
10	0	0	0	0	553	616	
11	0	0	0	0	563	614	
12	0	0	0	0	575	608	
13	0	0	0	0	582	594	
14	0	0	0	0	589	576	
15	0	0	0	0	593	559	
0	0	0	0	0	591	544	
1	0	0	0	0	584	528	
2	0	0	0	0	578	512	
3	0	0	0	0	574	499	
4	0	0	0	0	571	496	
5	0	0	0	0	566	497	
6	0	0	0	0	561	501	
7	0	0	0	0	556	508	
8	0	0	0	0	552	518	
9	0	0	0	0	551	527	
10	0	0	0	0	552	539	
11	0	0	0	0	559	550	
12	0	0	0	0	566	562	
13	0	0	0	0	579	568	
14	0	0	0	0	598	570	
15	0	0	0	0	617	567	
0	0	0	0	0	631	560	
1	0	0	0	0	638	550	
2	0	0	0	0	641	534	
3	0	0	0	0	642	515	
4	0	0	0	0	641	499	
5	0	0	0	0	639	483	
6	0	0	0	0	638	473	
7	0	0	0	0	634	463	
8	0	0	0	0	625	452	
9	0	0	0	0	615	454	
10	0	0	0	0	604	454	
11	0	0	0	0	591	451	
12	0	0	0	0	581	441	
13	0	0	0	0	576	432	
14	0	0	0	0	572	432	
15	0	0	0	0	569	441	
0	0	0	0	0	568	451	
1	0	0	0	0	568	464	
2	0	0	0	0	568	472	
3	0	0	0	0	573	475	
4	0	0	0	0	579	476	
5	0	0	0	0	587	478	
6	0	0	0	0	592	482	
7	0	0	0	0	600	489	
8	0	0	0	0	606	497	
9	0	0	0	0	612	510	
10	0	0	0	0	612	521	
11	0	0	0	0	612	527	
12	0	0	0	0	609	530	
13	0	0	0	0	607	530	
14	0	0	0	0	610	527	
15	0	0	0	0	609	527	
0	0	0	0	0	599	524	
1	0	0	0	0	586	518	
2	0	0	0	0	577	510	
3	0	0	0	0	571	509	
4	0	0	0	0	568	513	
5	0	0	0	0	572	517	
6	0	0	0	0	580	517	
7	0	0	0	0	591	515	
8	0	0	0	0	601	504	
9	0	0	0	0	611	492	
10	0	0	0	0	619	479	
11	0	0	0	0	626	471	
12	0	0	0	0	632	468	
13	0	0	0	0	636	468	
14	0	0	0	0	632	466	
15	0	0	0	0	628	463	
0	0	0	0	0	622	466	
1	0	0	0	0	613	469	
2	0	0	0	0	603	477	
3	0	0	0	0	593	498	
4	0	0	0	0	587	523	
5	0	0	0	0	580	543	
6	0	0	0	0	575	559	
7	0	0	0	0	570	565	
8	0	0	0	0	567	563	
9	0	0	0	0	569	556	
10	0	0	0	0	568	547	
11	0	0	0	0	568	542	
12	0	0	0	0	569	537	
13	0	0	0	0	575	531	
14	0	0	0	0	584	519	
15	0	0	0	0	595	509	
0	0	0	0	0	605	500	
1	0	0	0	0	620	492	
2	0	0	0	0	635	481	
3	0	0	0	0	646	469	
4	0	0	0	0	656	459	
5	0	0	0	0	667	444	
6	0	0	0	0	671	432	
7	0	0	0	0	673	428	
8	0	0	0	0	670	421	
9	0	0	0	0	665	419	
10	0	0	0	0	658	423	
11	0	0	0	0	652	429	
12	0	0	0	0	640	433	
13	0	0	0	0	629	431	
14	0	0	0	0	615	428	
15	0	0	0	0	607	434	
0	0	0	0	0	600	440	
1	0	0	0	0	595	444	
2	0	0	0	0	595	456	
3	0	0	0	0	594	464	
4	0	0	0	0	596	471	
5	0	0	0	0	602	480	
6	0	0	0	0	609	488	
7	0	0	0	0	618	499	
8	0	0	0	0	620	507	
9	0	0	0	0	615	510	
10	0	0	0	0	609	511	
11	0	0	0	0	603	514	
12	0	0	0	0	599	519	
13	0	0	0	0	595	528	
14	0	0	0	0	591	534	
15	0	0	0	0	589	535	
0	0	0	0	0	591	531	
1	0	0	0	0	600	527	
2	0	0	0	0	613	520	
3	0	0	0	0	628	514	
4	0	0	0	0	644	507	
5	0	0	0	0	655	496	
6	0	0	0	0	661	494	
7	0	0	0	0	665	492	
8	0	0	0	0	665	489	
9	0	0	0	0	662	486	
10	0	0	0	0	657	485	
11	0	0	0	0	646	479	
12	0	0	0	0	632	470	
13	0	0	0	0	616	460	
14	0	0	0	0	604	451	
15	0	0	0	0	591	444	
0	0	0	0	0	581	437	
1	0	0	0	0	575	430	
2	0	0	0	0	568	422	
3	0	0	0	0	561	413	
4	0	0	0	0	553	411	
5	0	0	0	0	544	412	
6	0	0	0	0	539	418	
7	0	0	0	0	538	430	
8	0	0	0	0	535	442	
9	0	0	0	0	531	457	
10	0	0	0	0	532	475	
11	0	0	0	0	536	491	
12	0	0	0	0	545	507	
13	0	0	0	0	556	515	
14	0	0	0	0	571	513	
15	0	0	0	0	587	508	
0	0	0	0	0	601	503	
1	0	0	0	0	608	496	
2	0	0	0	0	608	492	
3	0	0	0	0	606	488	
4	0	0	0	0	604	487	
5	0	0	0	0	606	497	
6	0	0	0	0	607	504	
7	0	0	0	0	607	510	
8	0	0	0	0	609	512	
9	0	0	0	0	613	510	
10	0	0	0	0	620	508	
11	0	0	0	0	620	503	
12	0	0	0	0	619	501	
13	0	0	0	0	609	493	
14	0	0	0	0	598	488	
15	0	0	0	0	587	476	
0	0	0	0	0	572	460	
1	0	0	0	0	558	446	
2	0	0	0	0	552	435	
3	0	0	0	0	555	440	
4	0	0	0	0	561	449	
5	0	0	0	0	570	459	
6	0	0	0	0	580	464	
7	0	0	0	0	591	466	
8	0	0	0	0	603	470	
9	0	0	0	0	607	469	
10	0	0	0	0	611	469	
11	0	0	0	0	615	471	
12	0	0	0	0	615	472	
13	0	0	0	0	616	468	
14	0	0	0	0	617	473	
15	0	0	0	0	617	489	
0	0	0	0	0	617	514	
1	0	0	0	0	617	542	
2	0	0	0	0	614	561	
3	0	0	0	0	609	572	
4	0	0	0	0	605	574	
5	0	0	0	0	603	569	
6	0	0	0	0	596	563	
7	0	0	0	0	592	558	
8	0	0	0	0	588	551	
9	0	0	0	0	585	541	
10	0	0	0	0	583	530	
11	0	0	0	0	583	519	
12	0	0	0	0	580	512	
13	0	0	0	0	575	509	
14	0	0	0	0	565	506	
15	0	0	0	0	552	507	
0	0	0	0	0	542	510	
1	0	0	0	0	538	512	
2	0	0	0	0	537	513	
3	0	0	0	0	541	510	
4	0	0	0	0	547	505	
5	0	0	0	0	552	505	
6	0	0	0	0	553	509	
7	0	0	0	0	551	515	
8	0	0	0	0	547	521	
9	0	0	0	0	541	521	
10	0	0	0	0	536	516	
11	0	0	0	0	534	508	
12	0	0	0	0	533	501	
13	0	0	0	0	532	498	
14	0	0	0	0	534	494	
15	0	0	0	0	533	488	
0	0	0	0	0	529	480	
1	0	0	0	0	527	470	
2	0	0	0	0	523	463	
3	0	0	0	0	520	457	
4	0	0	0	0	517	454	
5	0	0	0	0	516	451	
6	0	0	0	0	515	455	
7	0	0	0	0	516	461	
8	0	0	0	0	524	472	
9	0	0	0	0	539	488	
10	0	0	0	0	561	502	
11	0	0	0	0	584	516	
12	0	0	0	0	602	532	
13	0	0	0	0	612	544	
14	0	0	0	0	617	553	
15	0	0	0	0	616	551	
0	0	0	0	0	611	543	
1	0	0	0	0	602	534	
2	0	0	0	0	595	521	
3	0	0	0	0	586	514	
4	0	0	0	0	578	505	
5	0	0	0	0	569	493	
6	0	0	0	0	563	483	
7	0	0	0	0	560	479	
8	0	0	0	0	554	478	
9	0	0	0	0	543	477	
10	0	0	0	0	527	476	
11	0	0	0	0	514	475	
12	0	0	0	0	507	475	
13	0	0	0	0	502	478	
14	0	0	0	0	497	483	
15	0	0	0	0	493	485	
0	0	0	0	0	487	486	
1	0	0	0	0	481	480	
2	0	0	0	0	480	476	
3	0	0	0	0	484	476	
4	0	0	0	0	492	480	
5	0	0	0	0	505	487	
6	0	0	0	0	522	501	
7	0	0	0	0	535	522	
8	0	0	0	0	543	543	
9	0	0	0	0	549	558	
10	0	0	0	0	549	563	
11	0	0	0	0	550	558	
12	0	0	0	0	547	547	
13	0	0	0	0	540	531	
14	0	0	0	0	531	516	
15	0	0	0	0	520	503	
0	0	0	0	0	511	494	
1	0	0	0	0	505	486	
2	0	0	0	0	501	476	
3	0	0	0	0	498	464	
4	0	0	0	0	494	455	
5	0	0	0	0	489	446	
6	0	0	0	0	481	444	
7	0	0	0	0	476	442	
8	0	0	0	0	477	442	
9	0	0	0	0	480	441	
10	0	0	0	0	481	443	
11	0	0	0	0	484	448	
12	0	0	0	0	484	455	
13	0	0	0	0	481	465	
14	0	0	0	0	476	477	
15	0	0	0	0	471	489	
0	0	0	0	0	461	501	
1	0	0	0	0	447	509	
2	0	0	0	0	429	516	
3	0	0	0	0	412	522	
4	0	0	0	0	401	529	
5	0	0	0	0	394	531	
6	0	0	0	0	395	532	
7	0	0	0	0	402	539	
8	0	0	0	0	408	548	
9	0	0	0	0	413	566	
10	0	0	0	0	419	576	
11	0	0	0	0	419	582	
12	0	0	0	0	419	583	
13	0	0	0	0	419	580	
14	0	0	0	0	419	577	
15	0	0	0	0	423	568	
0	0	0	0	0	426	556	
1	0	0	0	0	430	546	
2	0	0	0	0	431	535	
3	0	0	0	0	429	524	
4	0	0	0	0	426	510	
5	0	0	0	0	423	492	
6	0	0	0	0	424	479	
7	0	0	0	0	426	475	
8	0	0	0	0	430	482	
9	0	0	0	0	438	495	
10	0	0	0	0	452	512	
11	0	0	0	0	465	529	
12	0	0	0	0	479	541	
13	0	0	0	0	492	551	
14	0	0	0	0	499	556	
15	0	0	0	0	502	563	
0	0	0	0	0	499	569	
1	0	0	0	0	492	570	
2	0	0	0	0	487	567	
3	0	0	0	0	485	561	
4	0	0	0	0	486	556	
5	0	0	0	0	493	551	
6	0	0	0	0	503	542	
7	0	0	0	0	509	533	
8	0	0	0	0	510	519	
9	0	0	0	0	509	505	
10	0	0	0	0	506	497	
11	0	0	0	0	502	492	
12	0	0	0	0	502	488	
13	0	0	0	0	497	488	
14	0	0	0	0	495	490	
15	0	0	0	0	493	494	
0	0	0	0	0	489	499	
1	0	0	0	0	483	501	
2	0	0	0	0	478	503	
3	0	0	0	0	476	504	
4	0	0	0	0	477	513	
5	0	0	0	0	478	521	
6	0	0	0	0	476	525	
7	0	0	0	0	474	524	
8	0	0	0	0	481	518	
9	0	0	0	0	489	514	
10	0	0	0	0	498	515	
11	0	0	0	0	502	513	
12	0	0	0	0	501	511	
13	0	0	0	0	497	513	
14	0	0	0	0	495	516	
15	0	0	0	0	491	520	
0	0	0	0	0	488	527	
1	0	0	0	0	483	533	
2	0	0	0	0	476	535	
3	0	0	0	0	469	533	
4	0	0	0	0	465	531	
5	0	0	0	0	471	529	
6	0	0	0	0	479	531	
7	0	0	0	0	489	537	
8	0	0	0	0	500	545	
9	0	0	0	0	506	555	
10	0	0	0	0	511	569	
11	0	0	0	0	511	577	
12	0	0	0	0	511	585	
13	0	0	0	0	508	587	
14	0	0	0	0	503	588	
15	0	0	0	0	499	580	
0	0	0	0	0	494	571	
1	0	0	0	0	493	561	
2	0	0	0	0	496	550	
3	0	0	0	0	497	539	
4	0	0	0	0	499	530	
5	0	0	0	0	499	524	
6	0	0	0	0	498	519	
7	0	0	0	0	494	513	
8	0	0	0	0	495	505	
9	0	0	0	0	498	501	
10	0	0	0	0	501	500	
11	0	0	0	0	506	498	
12	0	0	0	0	508	497	
13	0	0	0	0	509	495	
14	0	0	0	0	512	496	
15	0	0	0	0	515	500	
0	0	0	0	0	517	501	
1	0	0	0	0	518	496	
2	0	0	0	0	518	492	
3	0	0	0	0	519	492	
4	0	0	0	0	522	495	
5	0	0	0	0	526	504	
6	0	0	0	0	527	515	
7	0	0	0	0	527	527	
8	0	0	0	0	531	539	
9	0	0	0	0	538	549	
10	0	0	0	0	545	552	
11	0	0	0	0	554	559	
12	0	0	0	0	557	556	
13	0	0	0	0	557	553	
14	0	0	0	0	556	550	
15	0	0	0	0	554	547	
0	0	0	0	0	551	544	
1	0	0	0	0	545	537	
2	0	0	0	0	539	531	
3	0	0	0	0	536	526	
4	0	0	0	0	531	524	
5	0	0	0	0	527	524	
6	0	0	0	0	524	524	
7	0	0	0	0	517	523	
8	0	0	0	0	507	520	
9	0	0	0	0	497	520	
10	0	0	0	0	489	524	
11	0	0	0	0	486	525	
12	0	0	0	0	484	524	
13	0	0	0	0	483	519	
14	0	0	0	0	485	514	
15	0	0	0	0	487	510	
0	0	0	0	0	492	507	
1	0	0	0	0	498	507	
2	0	0	0	0	507	512	
3	0	0	0	0	515	524	
4	0	0	0	0	519	538	
5	0	0	0	0	521	553	
6	0	0	0	0	519	563	
7	0	0	0	0	513	565	
8	0	0	0	0	508	563	
9	0	0	0	0	498	553	
10	0	0	0	0	488	538	
11	0	0	0	0	484	523	
12	0	0	0	0	484	509	
13	0	0	0	0	486	502	
14	0	0	0	0	490	499	
15	0	0	0	0	492	500	
0	0	0	0	0	496	506	
1	0	0	0	0	502	508	
2	0	0	0	0	505	504	
3	0	0	0	0	508	502	
4	0	0	0	0	509	502	
5	0	0	0	0	510	507	
6	0	0	0	0	511	510	
7	0	0	0	0	512	506	
8	0	0	0	0	513	493	
9	0	0	0	0	515	483	
10	0	0	0	0	520	475	
11	0	0	0	0	524	472	
12	0	0	0	0	527	471	
13	0	0	0	0	527	479	
14	0	0	0	0	532	493	
15	0	0	0	0	539	510	
0	0	0	0	0	547	528	
1	0	0	0	0	554	544	
2	0	0	0	0	558	562	
3	0	0	0	0	561	577	
4	0	0	0	0	559	583	
5	0	0	0	0	558	579	
6	0	0	0	0	560	575	
7	0	0	0	0	560	573	
8	0	0	0	0	560	571	
9	0	0	0	0	563	571	
10	0	0	0	0	564	573	
11	0	0	0	0	567	571	
12	0	0	0	0	560	571	
13	0	0	0	0	551	569	
14	0	0	0	0	541	572	
15	0	0	0	0	532	579	
0	0	0	0	0	525	587	
1	0	0	0	0	523	591	
2	0	0	0	0	525	590	
3	0	0	0	0	525	585	
4	0	0	0	0	528	583	
5	0	0	0	0	532	583	
6	0	0	0	0	536	584	
7	0	0	0	0	539	577	
8	0	0	0	0	542	572	
9	0	0	0	0	543	568	
10	0	0	0	0	545	568	
11	0	0	0	0	550	569	
12	0	0	0	0	553	566	
13	0	0	0	0	560	564	
14	0	0	0	0	569	560	
15	0	0	0	0	574	559	
0	0	0	0	0	582	559	
1	0	0	0	0	589	558	
2	0	0	0	0	595	559	
3	0	0	0	0	595	556	
4	0	0	0	0	591	550	
5	0	0	0	0	586	542	
6	0	0	0	0	580	543	
7	0	0	0	0	576	546	
8	0	0	0	0	576	550	
9	0	0	0	0	579	559	
10	0	0	0	0	587	564	
11	0	0	0	0	594	561	
12	0	0	0	0	600	553	
13	0	0	0	0	601	542	
14	0	0	0	0	601	529	
15	0	0	0	0	601	524	
0	0	0	0	0	600	517	
1	0	0	0	0	596	510	
2	0	0	0	0	591	502	
3	0	0	0	0	583	494	
4	0	0	0	0	572	487	
5	0	0	0	0	557	489	
6	0	0	0	0	540	491	
7	0	0	0	0	526	489	
8	0	0	0	0	518	486	
9	0	0	0	0	513	488	
10	0	0	0	0	514	494	
11	0	0	0	0	519	500	
12	0	0	0	0	525	509	
13	0	0	0	0	531	519	
14	0	0	0	0	535	527	
15	0	0	0	0	535	535	
0	0	0	0	0	537	542	
1	0	0	0	0	541	545	
2	0	0	0	0	545	545	
3	0	0	0	0	548	543	
4	0	0	0	0	548	538	
5	0	0	0	0	542	532	
6	0	0	0	0	539	528	
7	0	0	0	0	534	525	
8	0	0	0	0	531	524	
9	0	0	0	0	529	520	
10	0	0	0	0	528	519	
11	0	0	0	0	527	521	
12	0	0	0	0	527	520	
13	0	0	0	0	528	516	
14	0	0	0	0	526	508	
15	0	0	0	0	526	500	
0	0	0	0	0	527	491	
1	0	0	0	0	522	481	
2	0	0	0	0	521	478	
3	0	0	0	0	520	480	
4	0	0	0	0	517	486	
5	0	0	0	0	512	490	
6	0	0	0	0	508	491	
7	0	0	0	0	500	493	
8	0	0	0	0	497	494	
9	0	0	0	0	497	496	
10	0	0	0	0	499	492	
11	0	0	0	0	496	479	
12	0	0	0	0	492	465	
13	0	0	0	0	488	452	
14	0	0	0	0	487	442	
15	0	0	0	0	490	440	
0	0	0	0	0	498	444	
1	0	0	0	0	510	453	
2	0	0	0	0	519	460	
3	0	0	0	0	528	463	
4	0	0	0	0	533	466	
5	0	0	0	0	535	468	
6	0	0	0	0	536	470	
7	0	0	0	0	539	473	
8	0	0	0	0	543	480	
9	0	0	0	0	548	489	
10	0	0	0	0	550	502	
11	0	0	0	0	549	512	
12	0	0	0	0	543	516	
13	0	0	0	0	534	518	
14	0	0	0	0	529	518	
15	0	0	0	0	519	517	
0	0	0	0	0	505	517	
1	0	0	0	0	492	515	
2	0	0	0	0	480	509	
3	0	0	0	0	468	508	
4	0	0	0	0	462	511	
5	0	0	0	0	457	514	
6	0	0	0	0	457	513	
7	0	0	0	0	452	502	
8	0	0	0	0	448	487	
9	0	0	0	0	446	473	
10	0	0	0	0	445	462	
11	0	0	0	0	444	454	
12	0	0	0	0	448	452	
13	0	0	0	0	455	454	
14	0	0	0	0	461	454	
15	0	0	0	0	464	456	
0	0	0	0	0	468	460	
1	0	0	0	0	470	467	
2	0	0	0	0	473	473	
3	0	0	0	0	476	472	
4	0	0	0	0	481	463	
5	0	0	0	0	484	458	
6	0	0	0	0	489	457	
7	0	0	0	0	487	456	
8	0	0	0	0	487	456	
9	0	0	0	0	489	455	
10	0	0	0	0	487	452	
11	0	0	0	0	487	453	
12	0	0	0	0	484	453	
13	0	0	0	0	482	455	
14	0	0	0	0	484	456	
15	0	0	0	0	496	459	
0	0	0	0	0	506	455	
1	0	0	0	0	516	448	
2	0	0	0	0	525	439	
3	0	0	0	0	527	428	
4	0	0	0	0	526	419	
5	0	0	0	0	527	413	
6	0	0	0	0	529	409	
7	0	0	0	0	531	408	
8	0	0	0	0	530	407	
9	0	0	0	0	526	405	
10	0	0	0	0	516	403	
11	0	0	0	0	504	398	
12	0	0	0	0	488	394	
13	0	0	0	0	474	385	
14	0	0	0	0	458	385	
15	0	0	0	0	447	388	
0	0	0	0	0	438	396	
1	0	0	0	0	434	408	
2	0	0	0	0	434	415	
3	0	0	0	0	436	424	
4	0	0	0	0	441	435	
5	0	0	0	0	451	450	
6	0	0	0	0	463	466	
7	0	0	0	0	475	480	
8	0	0	0	0	483	491	
9	0	0	0	0	485	498	
10	0	0	0	0	481	505	
11	0	0	0	0	477	509	
12	0	0	0	0	473	507	
13	0	0	0	0	470	493	
14	0	0	0	0	470	475	
15	0	0	0	0	473	459	
0	0	0	0	0	481	449	
1	0	0	0	0	490	446	
2	0	0	0	0	499	443	
3	0	0	0	0	507	439	
4	0	0	0	0	515	438	
5	0	0	0	0	522	439	
6	0	0	0	0	527	445	
7	0	0	0	0	528	455	
8	0	0	0	0	530	462	
9	0	0	0	0	530	464	
10	0	0	0	0	529	466	
11	0	0	0	0	527	468	
12	0	0	0	0	527	473	
13	0	0	0	0	526	478	
14	0	0	0	0	524	483	
15	0	0	0	0	527	489	
0	0	0	0	0	529	496	
1	0	0	0	0	528	500	
2	0	0	0	0	525	503	
3	0	0	0	0	520	510	
4	0	0	0	0	513	521	
5	0	0	0	0	507	530	
6	0	0	0	0	505	532	
7	0	0	0	0	506	534	
8	0	0	0	0	512	531	
9	0	0	0	0	522	525	
10	0	0	0	0	533	517	
11	0	0	0	0	542	511	
12	0	0	0	0	549	507	
13	0	0	0	0	551	504	
14	0	0	0	0	549	503	
15	0	0	0	0	544	505	
0	0	0	0	0	531	509	
1	0	0	0	0	519	512	
2	0	0	0	0	511	516	
3	0	0	0	0	507	519	
4	0	0	0	0	507	519	
5	0	0	0	0	508	516	
6	0	0	0	0	509	513	
7	0	0	0	0	510	511	
8	0	0	0	0	512	512	
9	0	0	0	0	516	508	
10	0	0	0	0	521	502	
11	0	0	0	0	527	492	
12	0	0	0	0	531	480	
13	0	0	0	0	534	465	
14	0	0	0	0	538	453	
15	0	0	0	0	547	441	
0	0	0	0	0	556	427	
1	0	0	0	0	567	417	
2	0	0	0	0	577	415	
3	0	0	0	0	588	415	
4	0	0	0	0	599	415	
5	0	0	0	0	604	410	
6	0	0	0	0	603	397	
7	0	0	0	0	602	379	
8	0	0	0	0	600	372	
9	0	0	0	0	593	362	
10	0	0	0	0	586	356	
11	0	0	0	0	581	351	
12	0	0	0	0	577	343	
13	0	0	0	0	574	340	
14	0	0	0	0	568	336	
15	0	0	0	0	555	336	
0	0	0	0	0	542	338	
1	0	0	0	0	529	341	
2	0	0	0	0	519	351	
3	0	0	0	0	511	363	
4	0	0	0	0	510	372	
5	0	0	0	0	511	388	
6	0	0	0	0	510	401	
7	0	0	0	0	504	409	
8	0	0	0	0	498	408	
9	0	0	0	0	497	407	
10	0	0	0	0	499	411	
11	0	0	0	0	504	418	
12	0	0	0	0	511	424	
13	0	0	0	0	518	424	
14	0	0	0	0	524	421	
15	0	0	0	0	527	420	
0	0	0	0	0	533	417	
1	0	0	0	0	537	417	
2	0	0	0	0	542	423	
3	0	0	0	0	545	425	
4	0	0	0	0	546	427	
5	0	0	0	0	542	427	
6	0	0	0	0	533	431	
7	0	0	0	0	520	435	
8	0	0	0	0	510	439	
9	0	0	0	0	503	445	
10	0	0	0	0	497	456	
11	0	0	0	0	491	470	
12	0	0	0	0	489	477	
13	0	0	0	0	492	483	
14	0	0	0	0	497	487	
15	0	0	0	0	503	489	
0	0	0	0	0	509	487	
1	0	0	0	0	515	482	
2	0	0	0	0	523	478	
3	0	0	0	0	531	476	
4	0	0	0	0	538	482	
5	0	0	0	0	542	488	
6	0	0	0	0	541	491	
7	0	0	0	0	540	488	
8	0	0	0	0	542	484	
9	0	0	0	0	542	481	
10	0	0	0	0	544	475	
11	0	0	0	0	548	467	
12	0	0	0	0	555	460	
13	0	0	0	0	562	460	
14	0	0	0	0	570	463	
15	0	0	0	0	577	464	
0	0	0	0	0	583	459	
1	0	0	0	0	590	457	
2	0	0	0	0	591	453	
3	0	0	0	0	592	454	
4	0	0	0	0	594	456	
5	0	0	0	0	591	460	
6	0	0	0	0	583	462	
7	0	0	0	0	578	464	
8	0	0	0	0	570	469	
9	0	0	0	0	566	475	
10	0	0	0	0	566	480	
11	0	0	0	0	567	485	
12	0	0	0	0	567	489	
13	0	0	0	0	567	490	
14	0	0	0	0	566	491	
15	0	0	0	0	563	492	
0	0	0	0	0	557	489	
1	0	0	0	0	550	487	
2	0	0	0	0	536	486	
3	0	0	0	0	521	488	
4	0	0	0	0	503	485	
5	0	0	0	0	492	480	
6	0	0	0	0	489	475	
7	0	0	0	0	497	477	
8	0	0	0	0	507	483	
9	0	0	0	0	518	492	
10	0	0	0	0	526	497	
11	0	0	0	0	535	494	
12	0	0	0	0	543	492	
13	0	0	0	0	552	487	
14	0	0	0	0	558	483	
15	0	0	0	0	561	483	
0	0	0	0	0	563	487	
1	0	0	0	0	567	494	
2	0	0	0	0	570	497	
3	0	0	0	0	568	497	
4	0	0	0	0	564	495	
5	0	0	0	0	562	493	
6	0	0	0	0	560	492	
7	0	0	0	0	555	489	
8	0	0	0	0	551	482	
9	0	0	0	0	551	473	
10	0	0	0	0	552	466	
11	0	0	0	0	558	458	
12	0	0	0	0	566	452	
13	0	0	0	0	572	446	
14	0	0	0	0	577	443	
15	0	0	0	0	581	446	
0	0	0	0	0	581	445	
1	0	0	0	0	579	443	
2	0	0	0	0	572	441	
3	0	0	0	0	566	438	
4	0	0	0	0	564	444	
5	0	0	0	0	558	452	
6	0	0	0	0	551	459	
7	0	0	0	0	546	464	
8	0	0	0	0	543	472	
9	0	0	0	0	543	483	
10	0	0	0	0	543	486	
11	0	0	0	0	547	484	
12	0	0	0	0	552	478	
13	0	0	0	0	552	474	
14	0	0	0	0	545	475	
15	0	0	0	0	534	479	
0	0	0	0	0	525	487	
1	0	0	0	0	518	497	
2	0	0	0	0	515	507	
3	0	0	0	0	520	517	
4	0	0	0	0	525	529	
5	0	0	0	0	529	537	
6	0	0	0	0	534	538	
7	0	0	0	0	535	538	
8	0	0	0	0	537	534	
9	0	0	0	0	536	528	
10	0	0	0	0	533	521	
11	0	0	0	0	532	511	
12	0	0	0	0	535	499	
13	0	0	0	0	535	486	
14	0	0	0	0	533	475	
15	0	0	0	0	531	467	
0	0	0	0	0	530	464	
1	0	0	0	0	536	465	
2	0	0	0	0	539	472	
3	0	0	0	0	538	480	
4	0	0	0	0	530	488	
5	0	0	0	0	524	497	
6	0	0	0	0	518	507	
7	0	0	0	0	513	516	
8	0	0	0	0	508	520	
9	0	0	0	0	504	524	
10	0	0	0	0	501	528	
11	0	0	0	0	499	531	
12	0	0	0	0	499	530	
13	0	0	0	0	501	525	
14	0	0	0	0	499	522	
15	0	0	0	0	495	516	
0	0	0	0	0	496	510	
1	0	0	0	0	499	505	
2	0	0	0	0	505	500	
3	0	0	0	0	512	494	
4	0	0	0	0	513	487	
5	0	0	0	0	513	483	
6	0	0	0	0	507	480	
7	0	0	0	0	503	481	
8	0	0	0	0	497	485	
9	0	0	0	0	493	493	
10	0	0	0	0	490	499	
11	0	0	0	0	486	503	
12	0	0	0	0	480	505	
13	0	0	0	0	469	508	
14	0	0	0	0	466	508	
15	0	0	0	0	468	509	
0	0	0	0	0	473	508	
1	0	0	0	0	483	508	
2	0	0	0	0	494	511	
3	0	0	0	0	502	517	
4	0	0	0	0	513	524	
5	0	0	0	0	524	531	
6	0	0	0	0	531	537	
7	0	0	0	0	530	540	
8	0	0	0	0	527	542	
9	0	0	0	0	525	544	
10	0	0	0	0	524	547	
11	0	0	0	0	516	545	
12	0	0	0	0	504	542	
13	0	0	0	0	494	535	
14	0	0	0	0	485	530	
15	0	0	0	0	480	528	
0	0	0	0	0	478	530	
1	0	0	0	0	478	531	
2	0	0	0	0	480	534	
3	0	0	0	0	486	535	
4	0	0	0	0	494	528	
5	0	0	0	0	500	520	
6	0	0	0	0	503	511	
7	0	0	0	0	504	501	
8	0	0	0	0	503	493	
9	0	0	0	0	499	488	
10	0	0	0	0	490	485	
11	0	0	0	0	484	484	
12	0	0	0	0	486	484	
13	0	0	0	0	492	488	
14	0	0	0	0	498	492	
15	0	0	0	0	504	495	
0	0	0	0	0	512	498	
1	0	0	0	0	519	501	
2	0	0	0	0	521	500	
3	0	0	0	0	523	498	
4	0	0	0	0	519	494	
5	0	0	0	0	510	492	
6	0	0	0	0	500	489	
7	0	0	0	0	490	492	
8	0	0	0	0	477	496	
9	0	0	0	0	467	506	
10	0	0	0	0	460	518	
11	0	0	0	0	454	529	
12	0	0	0	0	450	535	
13	0	0	0	0	449	542	
14	0	0	0	0	449	549	
15	0	0	0	0	451	556	
0	0	0	0	0	455	561	
1	0	0	0	0	457	562	
2	0	0	0	0	459	562	
3	0	0	0	0	461	559	
4	0	0	0	0	460	550	
5	0	0	0	0	458	543	
6	0	0	0	0	455	540	
7	0	0	0	0	451	536	
8	0	0	0	0	448	533	
9	0	0	0	0	448	530	
10	0	0	0	0	446	525	
11	0	0	0	0	449	521	
12	0	0	0	0	455	519	
13	0	0	0	0	462	515	
14	0	0	0	0	468	511	
15	0	0	0	0	473	504	
0	0	0	0	0	476	500	
1	0	0	0	0	478	495	
2	0	0	0	0	479	492	
3	0	0	0	0	476	489	
4	0	0	0	0	473	488	
5	0	0	0	0	468	488	
6	0	0	0	0	464	490	
7	0	0	0	0	462	493	
8	0	0	0	0	460	494	
9	0	0	0	0	457	499	
10	0	0	0	0	452	511	
11	0	0	0	0	447	523	
12	0	0	0	0	440	531	
13	0	0	0	0	432	530	
14	0	0	0	0	423	519	
15	0	0	0	0	418	509	
0	0	0	0	0	418	505	
1	0	0	0	0	423	509	
2	0	0	0	0	430	517	
3	0	0	0	0	432	524	
4	0	0	0	0	432	528	
5	0	0	0	0	427	533	
6	0	0	0	0	423	535	
7	0	0	0	0	423	534	
8	0	0	0	0	428	532	
9	0	0	0	0	439	529	
10	0	0	0	0	449	523	
11	0	0	0	0	462	509	
12	0	0	0	0	469	498	
13	0	0	0	0	471	490	
14	0	0	0	0	472	488	
15	0	0	0	0	473	493	
0	0	0	0	0	475	500	
1	0	0	0	0	481	509	
2	0	0	0	0	484	516	
3	0	0	0	0	486	518	
4	0	0	0	0	484	519	
5	0	0	0	0	481	521	
6	0	0	0	0	478	524	
7	0	0	0	0	471	527	
8	0	0	0	0	467	534	
9	0	0	0	0	466	537	
10	0	0	0	0	467	540	
11	0	0	0	0	470	543	
12	0	0	0	0	472	545	
13	0	0	0	0	472	550	
14	0	0	0	0	473	555	
15	0	0	0	0	475	556	
0	0	0	0	0	477	555	
1	0	0	0	0	479	552	
2	0	0	0	0	480	549	
3	0	0	0	0	477	543	
4	0	0	0	0	475	542	
5	0	0	0	0	471	542	
6	0	0	0	0	469	543	
7	0	0	0	0	469	547	
8	0	0	0	0	472	547	
9	0	0	0	0	478	545	
10	0	0	0	0	483	536	
11	0	0	0	0	489	528	
12	0	0	0	0	495	525	
13	0	0	0	0	500	527	
14	0	0	0	0	500	532	
15	0	0	0	0	503	537	
0	0	0	0	0	500	539	
1	0	0	0	0	499	533	
2	0	0	0	0	496	526	
3	0	0	0	0	492	516	
4	0	0	0	0	486	507	
5	0	0	0	0	484	504	
6	0	0	0	0	481	507	
7	0	0	0	0	483	514	
8	0	0	0	0	484	527	
9	0	0	0	0	480	539	
10	0	0	0	0	479	546	
11	0	0	0	0	481	546	
12	0	0	0	0	481	543	
13	0	0	0	0	478	536	
14	0	0	0	0	473	530	
15	0	0	0	0	469	524	
0	0	0	0	0	467	513	
1	0	0	0	0	466	502	
2	0	0	0	0	470	490	
3	0	0	0	0	478	487	
4	0	0	0	0	488	485	
5	0	0	0	0	496	485	
6	0	0	0	0	505	487	
7	0	0	0	0	513	495	
8	0	0	0	0	519	507	
9	0	0	0	0	525	514	
10	0	0	0	0	525	519	
11	0	0	0	0	518	521	
12	0	0	0	0	510	523	
13	0	0	0	0	501	522	
14	0	0	0	0	488	523	
15	0	0	0	0	478	526	
0	0	0	0	0	473	526	
1	0	0	0	0	472	521	
2	0	0	0	0	471	512	
3	0	0	0	0	470	499	
4	0	0	0	0	469	487	
5	0	0	0	0	464	478	
6	0	0	0	0	460	472	
7	0	0	0	0	461	472	
8	0	0	0	0	467	472	
9	0	0	0	0	475	474	
10	0	0	0	0	481	478	
11	0	0	0	0	486	479	
12	0	0	0	0	491	483	
13	0	0	0	0	493	485	
14	0	0	0	0	494	484	
15	0	0	0	0	489	479	
0	0	0	0	0	488	476	
1	0	0	0	0	492	477	
2	0	0	0	0	496	482	
3	0	0	0	0	499	487	
4	0	0	0	0	501	492	
5	0	0	0	0	503	505	
6	0	0	0	0	502	521	
7	0	0	0	0	498	535	
8	0	0	0	0	490	543	
9	0	0	0	0	484	544	
10	0	0	0	0	479	545	
11	0	0	0	0	477	543	
12	0	0	0	0	475	542	
13	0	0	0	0	472	543	
14	0	0	0	0	478	551	
15	0	0	0	0	484	556	
0	0	0	0	0	491	559	
1	0	0	0	0	499	557	
2	0	0	0	0	507	555	
3	0	0	0	0	507	546	
4	0	0	0	0	501	537	
5	0	0	0	0	488	533	
6	0	0	0	0	474	533	
7	0	0	0	0	465	532	
8	0	0	0	0	459	532	
9	0	0	0	0	457	530	
10	0	0	0	0	459	527	
11	0	0	0	0	463	523	
12	0	0	0	0	469	517	
13	0	0	0	0	474	517	
14	0	0	0	0	480	519	
15	0	0	0	0	484	519	
0	0	0	0	0	486	521	
1	0	0	0	0	486	520	
2	0	0	0	0	484	520	
3	0	0	0	0	486	528	
4	0	0	0	0	489	542	
5	0	0	0	0	496	556	
6	0	0	0	0	503	566	
7	0	0	0	0	505	568	
8	0	0	0	0	503	567	
9	0	0	0	0	501	563	
10	0	0	0	0	502	557	
11	0	0	0	0	506	554	
12	0	0	0	0	511	555	
13	0	0	0	0	514	560	
14	0	0	0	0	513	572	
15	0	0	0	0	512	579	
0	0	0	0	0	512	591	
1	0	0	0	0	514	603	
2	0	0	0	0	515	615	
3	0	0	0	0	512	620	
4	0	0	0	0	510	622	
5	0	0	0	0	506	621	
6	0	0	0	0	505	616	
7	0	0	0	0	504	612	
8	0	0	0	0	502	609	
9	0	0	0	0	500	600	
10	0	0	0	0	496	585	
11	0	0	0	0	493	572	
12	0	0	0	0	491	563	
13	0	0	0	0	490	556	
14	0	0	0	0	492	553	
15	0	0	0	0	492	551	
0	0	0	0	0	492	551	
1	0	0	0	0	496	552	
2	0	0	0	0	498	556	
3	0	0	0	0	502	557	
4	0	0	0	0	509	556	
5	0	0	0	0	513	554	
6	0	0	0	0	516	553	
7	0	0	0	0	518	551	
8	0	0	0	0	510	545	
9	0	0	0	0	500	538	
10	0	0	0	0	493	531	
11	0	0	0	0	489	526	
12	0	0	0	0	488	525	
13	0	0	0	0	487	527	
14	0	0	0	0	489	531	
15	0	0	0	0	493	539	
0	0	0	0	0	496	546	
1	0	0	0	0	497	552	
2	0	0	0	0	497	554	
3	0	0	0	0	499	554	
4	0	0	0	0	499	553	
5	0	0	0	0	496	551	
6	0	0	0	0	493	547	
7	0	0	0	0	492	540	
8	0	0	0	0	494	531	
9	0	0	0	0	495	527	
10	0	0	0	0	497	526	
11	0	0	0	0	499	523	
12	0	0	0	0	499	522	
13	0	0	0	0	499	523	
14	0	0	0	0	499	521	
15	0	0	0	0	495	519	
0	0	0	0	0	491	516	
1	0	0	0	0	494	518	
2	0	0	0	0	497	520	
3	0	0	0	0	498	516	
4	0	0	0	0	504	515	
5	0	0	0	0	509	517	
6	0	0	0	0	513	520	
7	0	0	0	0	515	522	
8	0	0	0	0	515	520	
9	0	0	0	0	515	515	
10	0	0	0	0	513	511	
11	0	0	0	0	505	498	
12	0	0	0	0	495	487	
13	0	0	0	0	480	480	
14	0	0	0	0	470	474	
15	0	0	0	0	465	472	
0	0	0	0	0	462	471	
1	0	0	0	0	463	471	
2	0	0	0	0	470	466	
3	0	0	0	0	476	467	
4	0	0	0	0	479	472	
5	0	0	0	0	482	478	
6	0	0	0	0	490	485	
7	0	0	0	0	500	492	
8	0	0	0	0	507	498	
9	0	0	0	0	516	506	
10	0	0	0	0	523	515	
11	0	0	0	0	527	522	
12	0	0	0	0	532	526	
13	0	0	0	0	538	529	
14	0	0	0	0	547	535	
15	0	0	0	0	551	536	
0	0	0	0	0	552	535	
1	0	0	0	0	549	531	
2	0	0	0	0	542	527	
3	0	0	0	0	534	523	
4	0	0	0	0	525	519	
5	0	0	0	0	520	514	
6	0	0	0	0	515	509	
7	0	0	0	0	512	504	
8	0	0	0	0	511	500	
9	0	0	0	0	513	498	
10	0	0	0	0	514	501	
11	0	0	0	0	513	504	
12	0	0	0	0	513	504	
13	0	0	0	0	513	503	
14	0	0	0	0	512	498	
15	0	0	0	0	512	492	
0	0	0	0	0	511	488	
1	0	0	0	0	508	487	
2	0	0	0	0	505	492	
3	0	0	0	0	502	493	
4	0	0	0	0	499	493	
5	0	0	0	0	497	495	
6	0	0	0	0	494	504	
7	0	0	0	0	491	515	
8	0	0	0	0	491	526	
9	0	0	0	0	495	531	
10	0	0	0	0	501	530	
11	0	0	0	0	505	525	
12	0	0	0	0	513	518	
13	0	0	0	0	516	509	
14	0	0	0	0	513	502	
15	0	0	0	0	509	501	
0	0	0	0	0	508	507	
1	0	0	0	0	512	514	
2	0	0	0	0	516	523	
3	0	0	0	0	518	530	
4	0	0	0	0	514	535	
5	0	0	0	0	508	537	
6	0	0	0	0	498	534	
7	0	0	0	0	490	530	
8	0	0	0	0	484	528	
9	0	0	0	0	484	527	
10	0	0	0	0	486	531	
11	0	0	0	0	492	536	
12	0	0	0	0	496	536	
13	0	0	0	0	504	536	
14	0	0	0	0	508	537	
15	0	0	0	0	508	537	
0	0	0	0	0	511	537	
1	0	0	0	0	516	539	
2	0	0	0	0	520	545	
3	0	0	0	0	525	551	
4	0	0	0	0	528	560	
5	0	0	0	0	531	563	
6	0	0	0	0	533	567	
7	0	0	0	0	535	569	
8	0	0	0	0	535	568	
9	0	0	0	0	529	564	
10	0	0	0	0	523	560	
11	0	0	0	0	519	557	
12	0	0	0	0	514	551	
13	0	0	0	0	509	542	
14	0	0	0	0	507	535	
15	0	0	0	0	507	529	
0	0	0	0	0	510	527	
1	0	0	0	0	510	521	
2	0	0	0	0	506	511	
3	0	0	0	0	504	501	
4	0	0	0	0	501	495	
5	0	0	0	0	499	492	
6	0	0	0	0	502	489	
7	0	0	0	0	507	484	
8	0	0	0	0	510	478	
9	0	0	0	0	511	472	
10	0	0	0	0	508	470	
11	0	0	0	0	508	467	
12	0	0	0	0	508	465	
13	0	0	0	0	511	469	
14	0	0	0	0	520	480	
15	0	0	0	0	532	487	
0	0	0	0	0	551	495	
1	0	0	0	0	567	504	
2	0	0	0	0	579	515	
3	0	0	0	0	580	525	
4	0	0	0	0	570	535	
5	0	0	0	0	552	546	
6	0	0	0	0	526	555	
7	0	0	0	0	500	561	
8	0	0	0	0	479	567	
9	0	0	0	0	463	573	
10	0	0	0	0	454	580	
11	0	0	0	0	450	588	
12	0	0	0	0	447	594	
13	0	0	0	0	444	601	
14	0	0	0	0	440	603	
15	0	0	0	0	438	602	
0	0	0	0	0	434	599	
1	0	0	0	0	427	598	
2	0	0	0	0	417	600	
3	0	0	0	0	408	601	
4	0	0	0	0	399	606	
5	0	0	0	0	392	615	
6	0	0	0	0	388	628	
7	0	0	0	0	385	639	
8	0	0	0	0	383	645	
9	0	0	0	0	377	651	
10	0	0	0	0	374	655	
11	0	0	0	0	367	657	
12	0	0	0	0	362	658	
13	0	0	0	0	355	660	
14	0	0	0	0	345	667	
15	0	0	0	0	339	679	
0	0	0	0	0	337	694	
1	0	0	0	0	341	700	
2	0	0	0	0	348	707	
3	0	0	0	0	359	710	
4	0	0	0	0	363	704	
5	0	0	0	0	364	696	
6	0	0	0	0	366	689	
7	0	0	0	0	368	691	
8	0	0	0	0	371	700	
9	0	0	0	0	374	705	
10	0	0	0	0	377	715	
11	0	0	0	0	376	721	
12	0	0	0	0	369	721	
13	0	0	0	0	361	713	
14	0	0	0	0	353	704	
15	0	0	0	0	351	691	
0	0	0	0	0	351	678	
1	0	0	0	0	356	663	
2	0	0	0	0	364	650	
3	0	0	0	0	376	636	
4	0	0	0	0	390	632	
5	0	0	0	0	402	631	
6	0	0	0	0	408	635	
7	0	0	0	0	413	641	
8	0	0	0	0	420	656	
9	0	0	0	0	422	675	
10	0	0	0	0	426	689	
11	0	0	0	0	427	696	
12	0	0	0	0	429	697	
13	0	0	0	0	431	695	
14	0	0	0	0	433	689	
15	0	0	0	0	433	675	
0	0	0	0	0	431	656	
1	0	0	0	0	428	640	
2	0	0	0	0	424	628	
3	0	0	0	0	425	624	
4	0	0	0	0	426	624	
5	0	0	0	0	427	622	
6	0	0	0	0	430	620	
7	0	0	0	0	435	613	
8	0	0	0	0	443	607	
9	0	0	0	0	453	606	
10	0	0	0	0	462	604	
11	0	0	0	0	464	597	
12	0	0	0	0	463	586	
13	0	0	0	0	460	570	
14	0	0	0	0	452	558	
15	0	0	0	0	447	550	
0	0	0	0	0	441	546	
1	0	0	0	0	430	549	
2	0	0	0	0	417	551	
3	0	0	0	0	408	554	
4	0	0	0	0	403	564	
5	0	0	0	0	404	573	
6	0	0	0	0	409	583	
7	0	0	0	0	423	598	
8	0	0	0	0	441	610	
9	0	0	0	0	457	619	
10	0	0	0	0	471	627	
11	0	0	0	0	478	631	
12	0	0	0	0	479	627	
13	0	0	0	0	476	621	
14	0	0	0	0	472	611	
15	0	0	0	0	467	604	
0	0	0	0	0	463	585	
1	0	0	0	0	456	569	
2	0	0	0	0	452	554	
3	0	0	0	0	448	542	
4	0	0	0	0	447	531	
5	0	0	0	0	451	527	
6	0	0	0	0	457	524	
7	0	0	0	0	462	524	
8	0	0	0	0	470	527	
9	0	0	0	0	478	527	
10	0	0	0	0	485	532	
11	0	0	0	0	493	538	
12	0	0	0	0	497	544	
13	0	0	0	0	499	546	
14	0	0	0	0	497	546	
15	0	0	0	0	492	546	
0	0	0	0	0	483	545	
1	0	0	0	0	475	544	
2	0	0	0	0	466	541	
3	0	0	0	0	459	537	
4	0	0	0	0	455	536	
5	0	0	0	0	454	532	
6	0	0	0	0	452	527	
7	0	0	0	0	452	523	
8	0	0	0	0	455	521	
9	0	0	0	0	458	524	
10	0	0	0	0	464	531	
11	0	0	0	0	468	535	
12	0	0	0	0	461	532	
13	0	0	0	0	453	522	
14	0	0	0	0	448	512	
15	0	0	0	0	447	499	
0	0	0	0	0	447	490	
1	0	0	0	0	449	483	
2	0	0	0	0	457	480	
3	0	0	0	0	468	481	
4	0	0	0	0	481	487	
5	0	0	0	0	494	493	
6	0	0	0	0	501	497	
7	0	0	0	0	508	500	
8	0	0	0	0	512	502	
9	0	0	0	0	515	502	
10	0	0	0	0	514	502	
11	0	0	0	0	516	502	
12	0	0	0	0	520	498	
13	0	0	0	0	521	491	
14	0	0	0	0	515	478	
15	0	0	0	0	507	466	
0	0	0	0	0	498	465	
1	0	0	0	0	493	469	
2	0	0	0	0	489	473	
3	0	0	0	0	482	478	
4	0	0	0	0	480	484	
5	0	0	0	0	483	489	
6	0	0	0	0	486	489	
7	0	0	0	0	492	490	
8	0	0	0	0	496	490	
9	0	0	0	0	499	489	
10	0	0	0	0	498	481	
11	0	0	0	0	496	468	
12	0	0	0	0	494	456	
13	0	0	0	0	488	451	
14	0	0	0	0	482	446	
15	0	0	0	0	481	444	
0	0	0	0	0	483	446	
1	0	0	0	0	485	451	
2	0	0	0	0	484	456	
3	0	0	0	0	485	463	
4	0	0	0	0	490	468	
5	0	0	0	0	500	469	
6	0	0	0	0	511	468	
7	0	0	0	0	522	466	
8	0	0	0	0	534	464	
9	0	0	0	0	546	462	
10	0	0	0	0	559	459	
11	0	0	0	0	574	454	
12	0	0	0	0	584	446	
13	0	0	0	0	590	446	
14	0	0	0	0	588	453	
15	0	0	0	0	588	464	
0	0	0	0	0	583	478	
1	0	0	0	0	575	489	
2	0	0	0	0	564	498	
3	0	0	0	0	551	505	
4	0	0	0	0	538	507	
5	0	0	0	0	523	504	
6	0	0	0	0	507	496	
7	0	0	0	0	492	487	
8	0	0	0	0	483	477	
9	0	0	0	0	476	469	
10	0	0	0	0	470	463	
11	0	0	0	0	467	462	
12	0	0	0	0	470	460	
13	0	0	0	0	473	457	
14	0	0	0	0	480	455	
15	0	0	0	0	488	454	
0	0	0	0	0	499	450	
1	0	0	0	0	510	443	
2	0	0	0	0	518	434	
3	0	0	0	0	524	427	
4	0	0	0	0	525	419	
5	0	0	0	0	523	412	
6	0	0	0	0	523	403	
7	0	0	0	0	523	399	
8	0	0	0	0	520	395	
9	0	0	0	0	516	392	
10	0	0	0	0	511	391	
11	0	0	0	0	506	391	
12	0	0	0	0	505	400	
13	0	0	0	0	506	411	
14	0	0	0	0	512	426	
15	0	0	0	0	523	445	
0	0	0	0	0	535	461	
1	0	0	0	0	542	474	
2	0	0	0	0	544	483	
3	0	0	0	0	545	494	
4	0	0	0	0	543	504	
5	0	0	0	0	541	510	
6	0	0	0	0	538	510	
7	0	0	0	0	535	507	
8	0	0	0	0	535	502	
9	0	0	0	0	533	490	
10	0	0	0	0	535	480	
11	0	0	0	0	534	471	
12	0	0	0	0	531	462	
13	0	0	0	0	521	452	
14	0	0	0	0	509	448	
15	0	0	0	0	497	448	
0	0	0	0	0	489	452	
1	0	0	0	0	483	458	
2	0	0	0	0	482	459	
3	0	0	0	0	485	459	
4	0	0	0	0	493	460	
5	0	0	0	0	499	465	
6	0	0	0	0	505	468	
7	0	0	0	0	511	473	
8	0	0	0	0	516	479	
9	0	0	0	0	518	482	
10	0	0	0	0	515	487	
11	0	0	0	0	513	491	
12	0	0	0	0	511	496	
13	0	0	0	0	508	502	
14	0	0	0	0	507	505	
15	0	0	0	0	507	508	
0	0	0	0	0	507	511	
1	0	0	0	0	504	510	
2	0	0	0	0	498	512	
3	0	0	0	0	488	515	
4	0	0	0	0	480	518	
5	0	0	0	0	469	516	
6	0	0	0	0	465	515	
7	0	0	0	0	463	512	
8	0	0	0	0	465	506	
9	0	0	0	0	472	501	
10	0	0	0	0	479	497	
11	0	0	0	0	487	497	
12	0	0	0	0	495	502	
13	0	0	0	0	500	509	
14	0	0	0	0	506	515	
15	0	0	0	0	511	517	
0	0	0	0	0	517	516	
1	0	0	0	0	522	519	
2	0	0	0	0	530	525	
3	0	0	0	0	539	528	
4	0	0	0	0	548	527	
5	0	0	0	0	557	524	
6	0	0	0	0	563	522	
7	0	0	0	0	566	519	
8	0	0	0	0	565	519	
9	0	0	0	0	564	518	
10	0	0	0	0	563	518	
11	0	0	0	0	556	515	
12	0	0	0	0	547	513	
13	0	0	0	0	540	507	
14	0	0	0	0	533	503	
15	0	0	0	0	525	498	
0	0	0	0	0	521	491	
1	0	0	0	0	521	480	
2	0	0	0	0	526	469	
3	0	0	0	0	536	465	
4	0	0	0	0	540	466	
5	0	0	0	0	543	464	
6	0	0	0	0	544	466	
7	0	0	0	0	545	470	
8	0	0	0	0	544	478	
9	0	0	0	0	543	480	
10	0	0	0	0	543	491	
11	0	0	0	0	543	504	
12	0	0	0	0	543	517	
13	0	0	0	0	540	526	
14	0	0	0	0	538	527	
15	0	0	0	0	536	517	
0	0	0	0	0	535	500	
1	0	0	0	0	536	484	
2	0	0	0	0	534	473	
3	0	0	0	0	535	472	
4	0	0	0	0	539	484	
5	0	0	0	0	545	499	
6	0	0	0	0	547	510	
7	0	0	0	0	551	512	
8	0	0	0	0	556	505	
9	0	0	0	0	564	496	
10	0	0	0	0	568	489	
11	0	0	0	0	567	480	
12	0	0	0	0	561	465	
13	0	0	0	0	551	444	
14	0	0	0	0	536	425	
15	0	0	0	0	521	411	
0	0	0	0	0	512	408	
1	0	0	0	0	506	414	
2	0	0	0	0	503	423	
3	0	0	0	0	506	432	
4	0	0	0	0	510	437	
5	0	0	0	0	512	441	
6	0	0	0	0	516	440	
7	0	0	0	0	521	435	
8	0	0	0	0	526	434	
9	0	0	0	0	527	432	
10	0	0	0	0	532	432	
11	0	0	0	0	540	439	
12	0	0	0	0	549	443	
13	0	0	0	0	557	449	
14	0	0	0	0	560	456	
15	0	0	0	0	563	462	
0	0	0	0	0	563	466	
1	0	0	0	0	559	468	
2	0	0	0	0	555	471	
3	0	0	0	0	548	476	
4	0	0	0	0	541	479	
5	0	0	0	0	531	482	
6	0	0	0	0	523	488	
7	0	0	0	0	517	490	
8	0	0	0	0	515	489	
9	0	0	0	0	515	488	
10	0	0	0	0	518	488	
11	0	0	0	0	524	484	
12	0	0	0	0	528	474	
13	0	0	0	0	530	465	
14	0	0	0	0	528	460	
15	0	0	0	0	528	458	
0	0	0	0	0	531	460	
1	0	0	0	0	537	465	
2	0	0	0	0	547	471	
3	0	0	0	0	555	479	
4	0	0	0	0	563	483	
5	0	0	0	0	571	487	
6	0	0	0	0	578	492	
7	0	0	0	0	582	495	
8	0	0	0	0	579	495	
9	0	0	0	0	575	497	
10	0	0	0	0	572	505	
11	0	0	0	0	573	516	
12	0	0	0	0	575	529	
13	0	0	0	0	578	539	
14	0	0	0	0	578	544	
15	0	0	0	0	577	543	
0	0	0	0	0	576	540	
1	0	0	0	0	574	531	
2	0	0	0	0	574	519	
3	0	0	0	0	575	504	
4	0	0	0	0	575	489	
5	0	0	0	0	573	479	
6	0	0	0	0	569	473	
7	0	0	0	0	565	470	
8	0	0	0	0	559	468	
9	0	0	0	0	556	470	
10	0	0	0	0	555	477	
11	0	0	0	0	557	486	
12	0	0	0	0	559	492	
13	0	0	0	0	560	496	
14	0	0	0	0	561	494	
15	0	0	0	0	560	487	
0	0	0	0	0	558	480	
1	0	0	0	0	553	466	
2	0	0	0	0	540	450	
3	0	0	0	0	529	439	
4	0	0	0	0	524	440	
5	0	0	0	0	524	445	
6	0	0	0	0	527	450	
7	0	0	0	0	531	451	
8	0	0	0	0	536	450	
9	0	0	0	0	538	448	
10	0	0	0	0	540	451	
11	0	0	0	0	540	457	
12	0	0	0	0	540	467	
13	0	0	0	0	537	480	
14	0	0	0	0	533	492	
15	0	0	0	0	535	506	
0	0	0	0	0	540	517	
1	0	0	0	0	543	525	
2	0	0	0	0	546	529	
3	0	0	0	0	550	531	
4	0	0	0	0	556	529	
5	0	0	0	0	562	521	
6	0	0	0	0	566	514	
7	0	0	0	0	567	508	
8	0	0	0	0	563	501	
9	0	0	0	0	562	496	
10	0	0	0	0	560	492	
11	0	0	0	0	560	494	
12	0	0	0	0	559	496	
13	0	0	0	0	555	499	
14	0	0	0	0	551	502	
15	0	0	0	0	551	499	
0	0	0	0	0	549	496	
1	0	0	0	0	548	487	
2	0	0	0	0	548	481	
3	0	0	0	0	545	477	
4	0	0	0	0	542	476	
5	0	0	0	0	536	474	
6	0	0	0	0	529	464	
7	0	0	0	0	520	457	
8	0	0	0	0	517	451	
9	0	0	0	0	519	451	
10	0	0	0	0	525	458	
11	0	0	0	0	532	465	
12	0	0	0	0	541	476	
13	0	0	0	0	550	489	
14	0	0	0	0	558	499	
15	0	0	0	0	561	504	
0	0	0	0	0	557	507	
1	0	0	0	0	551	510	
2	0	0	0	0	543	516	
3	0	0	0	0	543	521	
4	0	0	0	0	543	528	
5	0	0	0	0	546	534	
6	0	0	0	0	549	538	
7	0	0	0	0	552	539	
8	0	0	0	0	558	540	
9	0	0	0	0	558	544	
10	0	0	0	0	556	547	
11	0	0	0	0	552	551	
12	0	0	0	0	549	554	
13	0	0	0	0	547	550	
14	0	0	0	0	550	544	
15	0	0	0	0	555	537	
0	0	0	0	0	559	527	
1	0	0	0	0	566	516	
2	0	0	0	0	574	505	
3	0	0	0	0	581	490	
4	0	0	0	0	584	478	
5	0	0	0	0	588	479	
6	0	0	0	0	591	477	
7	0	0	0	0	590	480	
8	0	0	0	0	589	483	
9	0	0	0	0	587	491	
10	0	0	0	0	581	493	
11	0	0	0	0	574	491	
12	0	0	0	0	568	483	
13	0	0	0	0	563	480	
14	0	0	0	0	557	475	
15	0	0	0	0	552	476	
0	0	0	0	0	552	482	
1	0	0	0	0	560	494	
2	0	0	0	0	569	506	
3	0	0	0	0	577	517	
4	0	0	0	0	582	524	
5	0	0	0	0	583	531	
6	0	0	0	0	579	536	
7	0	0	0	0	572	539	
8	0	0	0	0	565	542	
9	0	0	0	0	555	540	
10	0	0	0	0	540	534	
11	0	0	0	0	529	525	
12	0	0	0	0	521	514	
13	0	0	0	0	519	504	
14	0	0	0	0	521	497	
15	0	0	0	0	525	493	
0	0	0	0	0	530	497	
1	0	0	0	0	534	503	
2	0	0	0	0	537	505	
3	0	0	0	0	543	508	
4	0	0	0	0	549	509	
5	0	0	0	0	551	509	
6	0	0	0	0	552	507	
7	0	0	0	0	553	503	
8	0	0	0	0	550	504	
9	0	0	0	0	547	503	
10	0	0	0	0	544	503	
11	0	0	0	0	544	502	
12	0	0	0	0	547	499	
13	0	0	0	0	551	497	
14	0	0	0	0	559	495	
15	0	0	0	0	569	491	
0	0	0	0	0	582	487	
1	0	0	0	0	587	484	
2	0	0	0	0	590	484	
3	0	0	0	0	588	486	
4	0	0	0	0	582	492	
5	0	0	0	0	577	497	
6	0	0	0	0	572	499	
7	0	0	0	0	566	500	
8	0	0	0	0	559	499	
9	0	0	0	0	552	498	
10	0	0	0	0	543	497	
11	0	0	0	0	536	496	
12	0	0	0	0	532	495	
13	0	0	0	0	532	497	
14	0	0	0	0	534	502	
15	0	0	0	0	538	510	
0	0	0	0	0	540	515	
1	0	0	0	0	543	515	
2	0	0	0	0	544	509	
3	0	0	0	0	546	502	
4	0	0	0	0	550	497	
5	0	0	0	0	555	492	
6	0	0	0	0	554	486	
7	0	0	0	0	544	479	
8	0	0	0	0	532	477	
9	0	0	0	0	525	478	
10	0	0	0	0	519	480	
11	0	0	0	0	517	485	
12	0	0	0	0	515	496	
13	0	0	0	0	517	509	
14	0	0	0	0	519	518	
15	0	0	0	0	520	521	
0	0	0	0	0	523	517	
1	0	0	0	0	524	509	
2	0	0	0	0	528	501	
3	0	0	0	0	533	499	
4	0	0	0	0	538	504	
5	0	0	0	0	543	508	
6	0	0	0	0	544	514	
7	0	0	0	0	541	519	
8	0	0	0	0	532	520	
9	0	0	0	0	522	519	
10	0	0	0	0	510	516	
11	0	0	0	0	499	510	
12	0	0	0	0	490	507	
13	0	0	0	0	483	507	
14	0	0	0	0	476	507	
15	0	0	0	0	476	508	
0	0	0	0	0	480	509	
1	0	0	0	0	486	512	
2	0	0	0	0	487	515	
3	0	0	0	0	487	519	
4	0	0	0	0	486	522	
5	0	0	0	0	480	522	
6	0	0	0	0	468	521	
7	0	0	0	0	454	521	
8	0	0	0	0	438	522	
9	0	0	0	0	422	523	
10	0	0	0	0	407	519	
11	0	0	0	0	395	515	
12	0	0	0	0	381	503	
13	0	0	0	0	364	487	
14	0	0	0	0	346	472	
15	0	0	0	0	329	460	
0	0	0	0	0	316	455	
1	0	0	0	0	304	456	
2	0	0	0	0	295	457	
3	0	0	0	0	290	459	
4	0	0	0	0	291	465	
5	0	0	0	0	302	477	
6	0	0	0	0	319	495	
7	0	0	0	0	341	505	
8	0	0	0	0	365	512	
9	0	0	0	0	383	511	
10	0	0	0	0	395	502	
11	0	0	0	0	400	497	
12	0	0	0	0	401	489	
13	0	0	0	0	400	482	
14	0	0	0	0	397	481	
15	0	0	0	0	393	482	
0	0	0	0	0	392	488	
1	0	0	0	0	394	492	
2	0	0	0	0	397	496	
3	0	0	0	0	398	499	
4	0	0	0	0	399	501	
5	0	0	0	0	404	504	
6	0	0	0	0	409	508	
7	0	0	0	0	412	508	
8	0	0	0	0	413	504	
9	0	0	0	0	411	492	
10	0	0	0	0	405	484	
11	0	0	0	0	400	484	
12	0	0	0	0	398	487	
13	0	0	0	0	400	497	
14	0	0	0	0	400	505	
15	0	0	0	0	400	510	
0	0	0	0	0	399	515	
1	0	0	0	0	401	520	
2	0	0	0	0	408	525	
3	0	0	0	0	415	529	
4	0	0	0	0	423	531	
5	0	0	0	0	431	528	
6	0	0	0	0	435	515	
7	0	0	0	0	435	503	
8	0	0	0	0	439	486	
9	0	0	0	0	440	472	
10	0	0	0	0	441	463	
11	0	0	0	0	440	462	
12	0	0	0	0	441	466	
13	0	0	0	0	446	474	
14	0	0	0	0	453	485	
15	0	0	0	0	456	492	
0	0	0	0	0	454	490	
1	0	0	0	0	453	487	
2	0	0	0	0	450	487	
3	0	0	0	0	451	487	
4	0	0	0	0	449	487	
5	0	0	0	0	449	487	
6	0	0	0	0	453	487	
7	0	0	0	0	455	489	
8	0	0	0	0	459	495	
9	0	0	0	0	464	497	
10	0	0	0	0	466	501	
11	0	0	0	0	468	505	
12	0	0	0	0	467	511	
13	0	0	0	0	466	516	
14	0	0	0	0	460	523	
15	0	0	0	0	453	525	
0	0	0	0	0	448	524	
1	0	0	0	0	441	519	
2	0	0	0	0	434	516	
3	0	0	0	0	425	511	
4	0	0	0	0	415	500	
5	0	0	0	0	408	489	
6	0	0	0	0	401	475	
7	0	0	0	0	399	464	
8	0	0	0	0	400	455	
9	0	0	0	0	399	449	
10	0	0	0	0	402	451	
11	0	0	0	0	407	461	
12	0	0	0	0	414	472	
13	0	0	0	0	423	485	
14	0	0	0	0	432	497	
15	0	0	0	0	441	500	
0	0	0	0	0	446	499	
1	0	0	0	0	448	494	
2	0	0	0	0	447	487	
3	0	0	0	0	445	487	
4	0	0	0	0	448	489	
5	0	0	0	0	458	492	
6	0	0	0	0	471	493	
7	0	0	0	0	480	493	
8	0	0	0	0	487	490	
9	0	0	0	0	490	484	
10	0	0	0	0	492	473	
11	0	0	0	0	491	459	
12	0	0	0	0	487	443	
13	0	0	0	0	479	430	
14	0	0	0	0	473	423	
15	0	0	0	0	469	420	
0	0	0	0	0	464	421	
1	0	0	0	0	460	425	
2	0	0	0	0	457	431	
3	0	0	0	0	455	438	
4	0	0	0	0	454	443	
5	0	0	0	0	451	451	
6	0	0	0	0	454	459	
7	0	0	0	0	460	469	
8	0	0	0	0	470	479	
9	0	0	0	0	476	484	
10	0	0	0	0	480	487	
11	0	0	0	0	479	490	
12	0	0	0	0	476	492	
13	0	0	0	0	470	491	
14	0	0	0	0	467	491	
15	0	0	0	0	472	492	
0	0	0	0	0	473	487	
1	0	0	0	0	474	479	
2	0	0	0	0	475	473	
3	0	0	0	0	474	467	
4	0	0	0	0	468	466	
5	0	0	0	0	460	467	
6	0	0	0	0	456	468	
7	0	0	0	0	457	471	
8	0	0	0	0	461	470	
9	0	0	0	0	465	468	
10	0	0	0	0	465	468	
11	0	0	0	0	462	470	
12	0	0	0	0	455	476	
13	0	0	0	0	444	488	
14	0	0	0	0	430	505	
15	0	0	0	0	412	524	
0	0	0	0	0	393	538	
1	0	0	0	0	375	555	
2	0	0	0	0	362	572	
3	0	0	0	0	353	590	
4	0	0	0	0	346	606	
5	0	0	0	0	340	620	
6	0	0	0	0	342	626	
7	0	0	0	0	347	627	
8	0	0	0	0	350	623	
9	0	0	0	0	353	619	
10	0	0	0	0	355	613	
11	0	0	0	0	353	602	
12	0	0	0	0	351	591	
13	0	0	0	0	346	581	
14	0	0	0	0	338	573	
15	0	0	0	0	332	571	
0	0	0	0	0	332	567	
1	0	0	0	0	330	566	
2	0	0	0	0	327	565	
3	0	0	0	0	324	561	
4	0	0	0	0	327	551	
5	0	0	0	0	334	543	
6	0	0	0	0	345	534	
7	0	0	0	0	352	524	
8	0	0	0	0	360	505	
9	0	0	0	0	369	493	
10	0	0	0	0	380	490	
11	0	0	0	0	395	498	
12	0	0	0	0	412	514	
13	0	0	0	0	436	531	
14	0	0	0	0	463	553	
15	0	0	0	0	486	571	
0	0	0	0	0	503	583	
1	0	0	0	0	513	592	
2	0	0	0	0	518	598	
3	0	0	0	0	518	603	
4	0	0	0	0	514	607	
5	0	0	0	0	508	609	
6	0	0	0	0	498	615	
7	0	0	0	0	488	625	
8	0	0	0	0	483	633	
9	0	0	0	0	479	640	
10	0	0	0	0	477	642	
11	0	0	0	0	474	643	
12	0	0	0	0	469	641	
13	0	0	0	0	466	640	
14	0	0	0	0	458	636	
15	0	0	0	0	449	630	
0	0	0	0	0	444	621	
1	0	0	0	0	441	613	
2	0	0	0	0	441	609	
3	0	0	0	0	443	609	
4	0	0	0	0	444	606	
5	0	0	0	0	446	602	
6	0	0	0	0	446	595	
7	0	0	0	0	447	588	
8	0	0	0	0	448	585	
9	0	0	0	0	451	582	
10	0	0	0	0	455	579	
11	0	0	0	0	461	574	
12	0	0	0	0	469	569	
13	0	0	0	0	477	563	
14	0	0	0	0	483	559	
15	0	0	0	0	487	556	
0	0	0	0	0	489	550	
1	0	0	0	0	487	544	
2	0	0	0	0	481	542	
3	0	0	0	0	472	542	
4	0	0	0	0	462	545	
5	0	0	0	0	455	547	
6	0	0	0	0	451	548	
7	0	0	0	0	449	548	
8	0	0	0	0	445	548	
9	0	0	0	0	444	548	
10	0	0	0	0	444	547	
11	0	0	0	0	446	547	
12	0	0	0	0	449	545	
13	0	0	0	0	455	537	
14	0	0	0	0	461	530	
15	0	0	0	0	460	523	
0	0	0	0	0	459	518	
1	0	0	0	0	459	515	
2	0	0	0	0	459	512	
3	0	0	0	0	463	508	
4	0	0	0	0	465	505	
5	0	0	0	0	465	508	
6	0	0	0	0	465	510	
7	0	0	0	0	465	515	
8	0	0	0	0	471	523	
9	0	0	0	0	477	524	
10	0	0	0	0	485	528	
11	0	0	0	0	492	539	
12	0	0	0	0	497	550	
13	0	0	0	0	505	556	
14	0	0	0	0	506	559	
15	0	0	0	0	503	556	
0	0	0	0	0	494	542	
1	0	0	0	0	481	523	
2	0	0	0	0	471	505	
3	0	0	0	0	459	488	
4	0	0	0	0	442	473	
5	0	0	0	0	427	460	
6	0	0	0	0	415	451	
7	0	0	0	0	408	448	
8	0	0	0	0	407	453	
9	0	0	0	0	415	464	
10	0	0	0	0	423	477	
11	0	0	0	0	433	491	
12	0	0	0	0	445	501	
13	0	0	0	0	457	510	
14	0	0	0	0	463	515	
15	0	0	0	0	468	519	
0	0	0	0	0	476	521	
1	0	0	0	0	485	524	
2	0	0	0	0	493	526	
3	0	0	0	0	500	528	
4	0	0	0	0	503	527	
5	0	0	0	0	508	524	
6	0	0	0	0	515	517	
7	0	0	0	0	520	508	
8	0	0	0	0	521	495	
9	0	0	0	0	521	484	
10	0	0	0	0	518	473	
11	0	0	0	0	512	462	
12	0	0	0	0	508	454	
13	0	0	0	0	502	447	
14	0	0	0	0	494	440	
15	0	0	0	0	488	433	
0	0	0	0	0	486	430	
1	0	0	0	0	486	431	
2	0	0	0	0	489	438	
3	0	0	0	0	487	451	
4	0	0	0	0	489	461	
5	0	0	0	0	492	467	
6	0	0	0	0	491	468	
7	0	0	0	0	487	467	
8	0	0	0	0	486	467	
9	0	0	0	0	486	463	
10	0	0	0	0	487	460	
11	0	0	0	0	491	457	
12	0	0	0	0	494	458	
13	0	0	0	0	499	463	
14	0	0	0	0	502	474	
15	0	0	0	0	507	489	
0	0	0	0	0	512	503	
1	0	0	0	0	518	518	
2	0	0	0	0	527	534	
3	0	0	0	0	536	544	
4	0	0	0	0	541	550	
5	0	0	0	0	544	555	
6	0	0	0	0	543	556	
7	0	0	0	0	541	555	
8	0	0	0	0	541	552	
9	0	0	0	0	541	546	
10	0	0	0	0	541	534	
11	0	0	0	0	535	520	
12	0	0	0	0	524	508	
13	0	0	0	0	515	500	
14	0	0	0	0	503	491	
15	0	0	0	0	487	476	
0	0	0	0	0	477	468	
1	0	0	0	0	470	463	
2	0	0	0	0	467	460	
3	0	0	0	0	468	460	
4	0	0	0	0	471	466	
5	0	0	0	0	478	474	
6	0	0	0	0	483	483	
7	0	0	0	0	488	491	
8	0	0	0	0	494	502	
9	0	0	0	0	502	514	
10	0	0	0	0	507	525	
11	0	0	0	0	508	533	
12	0	0	0	0	509	540	
13	0	0	0	0	512	547	
14	0	0	0	0	512	551	
15	0	0	0	0	511	547	
0	0	0	0	0	509	542	
1	0	0	0	0	507	531	
2	0	0	0	0	506	524	
3	0	0	0	0	507	518	
4	0	0	0	0	507	505	
5	0	0	0	0	501	494	
6	0	0	0	0	496	483	
7	0	0	0	0	494	475	
8	0	0	0	0	492	469	
9	0	0	0	0	492	465	
10	0	0	0	0	492	460	
11	0	0	0	0	489	454	
12	0	0	0	0	487	451	
13	0	0	0	0	485	450	
14	0	0	0	0	481	446	
15	0	0	0	0	475	442	
0	0	0	0	0	471	437	
1	0	0	0	0	464	434	
2	0	0	0	0	455	431	
3	0	0	0	0	448	430	
4	0	0	0	0	441	435	
5	0	0	0	0	437	442	
6	0	0	0	0	439	445	
7	0	0	0	0	445	450	
8	0	0	0	0	454	459	
9	0	0	0	0	468	465	
10	0	0	0	0	479	464	
11	0	0	0	0	487	462	
12	0	0	0	0	491	460	
13	0	0	0	0	492	461	
14	0	0	0	0	493	464	
15	0	0	0	0	495	470	
0	0	0	0	0	499	474	
1	0	0	0	0	499	473	
2	0	0	0	0	496	471	
3	0	0	0	0	493	467	
4	0	0	0	0	491	460	
5	0	0	0	0	485	452	
6	0	0	0	0	478	444	
7	0	0	0	0	468	435	
8	0	0	0	0	463	428	
9	0	0	0	0	463	424	
10	0	0	0	0	467	421	
11	0	0	0	0	473	419	
12	0	0	0	0	479	416	
13	0	0	0	0	486	415	
14	0	0	0	0	495	416	
15	0	0	0	0	505	420	
0	0	0	0	0	520	424	
1	0	0	0	0	536	431	
2	0	0	0	0	555	443	
3	0	0	0	0	569	451	
4	0	0	0	0	579	457	
5	0	0	0	0	588	458	
6	0	0	0	0	595	462	
7	0	0	0	0	604	464	
8	0	0	0	0	608	467	
9	0	0	0	0	607	470	
10	0	0	0	0	599	473	
11	0	0	0	0	588	477	
12	0	0	0	0	573	476	
13	0	0	0	0	560	476	
14	0	0	0	0	552	476	
15	0	0	0	0	551	477	
0	0	0	0	0	554	481	
1	0	0	0	0	556	485	
2	0	0	0	0	553	487	
3	0	0	0	0	552	486	
4	0	0	0	0	550	484	
5	0	0	0	0	548	480	
6	0	0	0	0	546	470	
7	0	0	0	0	547	462	
8	0	0	0	0	548	451	
9	0	0	0	0	550	442	
10	0	0	0	0	551	435	
11	0	0	0	0	551	428	
12	0	0	0	0	551	428	
13	0	0	0	0	556	438	
14	0	0	0	0	563	450	
15	0	0	0	0	564	465	
0	0	0	0	0	562	471	
1	0	0	0	0	557	467	
2	0	0	0	0	553	458	
3	0	0	0	0	547	445	
4	0	0	0	0	540	435	
5	0	0	0	0	536	428	
6	0	0	0	0	537	428	
7	0	0	0	0	546	432	
8	0	0	0	0	553	438	
9	0	0	0	0	558	442	
10	0	0	0	0	561	442	
11	0	0	0	0	561	438	
12	0	0	0	0	564	441	
13	0	0	0	0	561	441	
14	0	0	0	0	554	438	
15	0	0	0	0	549	435	
0	0	0	0	0	546	431	
1	0	0	0	0	545	429	
2	0	0	0	0	550	433	
3	0	0	0	0	555	444	
4	0	0	0	0	557	454	
5	0	0	0	0	557	462	
6	0	0	0	0	554	465	
7	0	0	0	0	552	472	
8	0	0	0	0	551	476	
9	0	0	0	0	547	479	
10	0	0	0	0	547	485	
11	0	0	0	0	547	490	
12	0	0	0	0	546	491	
13	0	0	0	0	542	490	
14	0	0	0	0	536	485	
15	0	0	0	0	531	483	
0	0	0	0	0	531	483	
1	0	0	0	0	537	487	
2	0	0	0	0	545	488	
3	0	0	0	0	551	487	
4	0	0	0	0	553	486	
5	0	0	0	0	558	484	
6	0	0	0	0	566	482	
7	0	0	0	0	572	483	
8	0	0	0	0	577	484	
9	0	0	0	0	577	484	
10	0	0	0	0	576	481	
11	0	0	0	0	574	478	
12	0	0	0	0	574	476	
13	0	0	0	0	578	475	
14	0	0	0	0	580	476	
15	0	0	0	0	577	482	
0	0	0	0	0	575	487	
1	0	0	0	0	572	489	
2	0	0	0	0	569	489	
3	0	0	0	0	563	487	
4	0	0	0	0	559	490	
5	0	0	0	0	553	495	
6	0	0	0	0	550	502	
7	0	0	0	0	550	510	
8	0	0	0	0	551	514	
9	0	0	0	0	556	519	
10	0	0	0	0	560	525	
11	0	0	0	0	558	525	
12	0	0	0	0	558	521	
13	0	0	0	0	558	516	
14	0	0	0	0	563	514	
15	0	0	0	0	570	512	
0	0	0	0	0	575	511	
1	0	0	0	0	582	515	
2	0	0	0	0	587	518	
3	0	0	0	0	589	519	
4	0	0	0	0	590	520	
5	0	0	0	0	592	522	
6	0	0	0	0	592	525	
7	0	0	0	0	594	534	
8	0	0	0	0	593	543	
9	0	0	0	0	592	552	
10	0	0	0	0	590	563	
11	0	0	0	0	580	569	
12	0	0	0	0	572	572	
13	0	0	0	0	566	577	
14	0	0	0	0	561	578	
15	0	0	0	0	557	572	
0	0	0	0	0	556	564	
1	0	0	0	0	556	558	
2	0	0	0	0	556	554	
3	0	0	0	0	559	551	
4	0	0	0	0	565	549	
5	0	0	0	0	572	544	
6	0	0	0	0	574	534	
7	0	0	0	0	578	521	
8	0	0	0	0	582	514	
9	0	0	0	0	581	510	
10	0	0	0	0	579	509	
11	0	0	0	0	576	510	
12	0	0	0	0	575	515	
13	0	0	0	0	572	518	
14	0	0	0	0	567	519	
15	0	0	0	0	560	518	
0	0	0	0	0	558	517	
1	0	0	0	0	561	520	
2	0	0	0	0	568	526	
3	0	0	0	0	579	531	
4	0	0	0	0	586	536	
5	0	0	0	0	595	537	
6	0	0	0	0	604	537	
7	0	0	0	0	611	538	
8	0	0	0	0	619	541	
9	0	0	0	0	625	542	
10	0	0	0	0	624	540	
11	0	0	0	0	620	537	
12	0	0	0	0	611	534	
13	0	0	0	0	603	533	
14	0	0	0	0	596	537	
15	0	0	0	0	593	538	
0	0	0	0	0	589	536	
1	0	0	0	0	583	530	
2	0	0	0	0	580	524	
3	0	0	0	0	582	519	
4	0	0	0	0	585	515	
5	0	0	0	0	589	515	
6	0	0	0	0	592	513	
7	0	0	0	0	596	511	
8	0	0	0	0	597	519	
9	0	0	0	0	600	531	
10	0	0	0	0	601	544	
11	0	0	0	0	601	561	
12	0	0	0	0	599	573	
13	0	0	0	0	597	588	
14	0	0	0	0	594	601	
15	0	0	0	0	591	611	
0	0	0	0	0	588	617	
1	0	0	0	0	589	617	
2	0	0	0	0	592	612	
3	0	0	0	0	595	603	
4	0	0	0	0	599	590	
5	0	0	0	0	605	572	
6	0	0	0	0	617	556	
7	0	0	0	0	633	541	
8	0	0	0	0	647	532	
9	0	0	0	0	660	531	
10	0	0	0	0	671	534	
11	0	0	0	0	680	536	
12	0	0	0	0	684	537	
13	0	0	0	0	684	536	
14	0	0	0	0	678	533	
15	0	0	0	0	669	529	
0	0	0	0	0	657	524	
1	0	0	0	0	646	519	
2	0	0	0	0	632	514	
3	0	0	0	0	620	511	
4	0	0	0	0	608	511	
5	0	0	0	0	600	512	
6	0	0	0	0	590	506	
7	0	0	0	0	579	501	
8	0	0	0	0	568	496	
9	0	0	0	0	558	495	
10	0	0	0	0	552	497	
11	0	0	0	0	551	500	
12	0	0	0	0	556	505	
13	0	0	0	0	560	506	
14	0	0	0	0	564	503	
15	0	0	0	0	570	502	
0	0	0	0	0	575	503	
1	0	0	0	0	583	500	
2	0	0	0	0	593	489	
3	0	0	0	0	603	472	
4	0	0	0	0	609	454	
5	0	0	0	0	614	438	
6	0	0	0	0	615	424	
7	0	0	0	0	616	411	
8	0	0	0	0	619	404	
9	0	0	0	0	620	402	
10	0	0	0	0	620	402	
11	0	0	0	0	619	404	
12	0	0	0	0	622	405	
13	0	0	0	0	621	410	
14	0	0	0	0	614	414	
15	0	0	0	0	601	422	
0	0	0	0	0	588	426	
1	0	0	0	0	573	428	
2	0	0	0	0	563	432	
3	0	0	0	0	557	435	
4	0	0	0	0	551	443	
5	0	0	0	0	545	451	
6	0	0	0	0	545	453	
7	0	0	0	0	545	452	
8	0	0	0	0	540	446	
9	0	0	0	0	536	440	
10	0	0	0	0	536	437	
11	0	0	0	0	540	431	
12	0	0	0	0	544	428	
13	0	0	0	0	548	430	
14	0	0	0	0	554	435	
15	0	0	0	0	556	439	
0	0	0	0	0	559	449	
1	0	0	0	0	561	461	
2	0	0	0	0	563	471	
3	0	0	0	0	563	476	
4	0	0	0	0	558	482	
5	0	0	0	0	553	482	
6	0	0	0	0	550	476	
7	0	0	0	0	549	472	
8	0	0	0	0	547	471	
9	0	0	0	0	546	476	
10	0	0	0	0	548	486	
11	0	0	0	0	548	497	
12	0	0	0	0	548	510	
13	0	0	0	0	544	519	
14	0	0	0	0	539	527	
15	0	0	0	0	533	537	
0	0	0	0	0	527	540	
1	0	0	0	0	521	541	
2	0	0	0	0	515	537	
3	0	0	0	0	510	531	
4	0	0	0	0	511	527	
5	0	0	0	0	511	526	
6	0	0	0	0	508	526	
7	0	0	0	0	508	527	
8	0	0	0	0	504	527	
9	0	0	0	0	499	530	
10	0	0	0	0	492	534	
11	0	0	0	0	483	534	
12	0	0	0	0	472	531	
13	0	0	0	0	459	530	
14	0	0	0	0	448	531	
15	0	0	0	0	444	528	
0	0	0	0	0	447	530	
1	0	0	0	0	453	534	
2	0	0	0	0	462	540	
3	0	0	0	0	471	543	
4	0	0	0	0	475	545	
5	0	0	0	0	480	546	
6	0	0	0	0	482	545	
7	0	0	0	0	481	545	
8	0	0	0	0	479	545	
9	0	0	0	0	476	553	
10	0	0	0	0	475	562	
11	0	0	0	0	473	572	
12	0	0	0	0	466	577	
13	0	0	0	0	459	577	
14	0	0	0	0	454	576	
15	0	0	0	0	448	573	
0	0	0	0	0	446	565	
1	0	0	0	0	448	555	
2	0	0	0	0	447	543	
3	0	0	0	0	448	526	
4	0	0	0	0	450	509	
5	0	0	0	0	450	492	
6	0	0	0	0	447	476	
7	0	0	0	0	440	467	
8	0	0	0	0	433	457	
9	0	0	0	0	429	448	
10	0	0	0	0	429	443	
11	0	0	0	0	430	440	
12	0	0	0	0	432	441	
13	0	0	0	0	439	442	
14	0	0	0	0	449	444	
15	0	0	0	0	459	455	
0	0	0	0	0	463	464	
1	0	0	0	0	466	476	
2	0	0	0	0	468	494	
3	0	0	0	0	463	512	
4	0	0	0	0	457	526	
5	0	0	0	0	454	534	
6	0	0	0	0	451	535	
7	0	0	0	0	451	536	
8	0	0	0	0	457	533	
9	0	0	0	0	464	525	
10	0	0	0	0	471	516	
11	0	0	0	0	474	504	
12	0	0	0	0	477	493	
13	0	0	0	0	482	486	
14	0	0	0	0	486	487	
15	0	0	0	0	487	487	
0	0	0	0	0	484	488	
1	0	0	0	0	479	491	
2	0	0	0	0	473	494	
3	0	0	0	0	468	497	
4	0	0	0	0	469	503	
5	0	0	0	0	476	514	
6	0	0	0	0	484	526	
7	0	0	0	0	492	534	
8	0	0	0	0	497	537	
9	0	0	0	0	504	539	
10	0	0	0	0	508	540	
11	0	0	0	0	512	541	
12	0	0	0	0	519	546	
13	0	0	0	0	523	548	
14	0	0	0	0	527	552	
15	0	0	0	0	532	556	
0	0	0	0	0	531	558	
1	0	0	0	0	527	554	
2	0	0	0	0	519	545	
3	0	0	0	0	511	536	
4	0	0	0	0	499	523	
5	0	0	0	0	486	509	
6	0	0	0	0	476	508	
7	0	0	0	0	467	512	
8	0	0	0	0	463	519	
9	0	0	0	0	460	521	
10	0	0	0	0	455	529	
11	0	0	0	0	455	536	
12	0	0	0	0	456	538	
13	0	0	0	0	456	531	
14	0	0	0	0	453	521	
15	0	0	0	0	450	513	
0	0	0	0	0	455	510	
1	0	0	0	0	467	514	
2	0	0	0	0	481	520	
3	0	0	0	0	499	526	
4	0	0	0	0	515	534	
5	0	0	0	0	525	541	
6	0	0	0	0	532	545	
7	0	0	0	0	534	547	
8	0	0	0	0	533	550	
9	0	0	0	0	530	552	
10	0	0	0	0	525	559	
11	0	0	0	0	519	567	
12	0	0	0	0	513	572	
13	0	0	0	0	509	580	
14	0	0	0	0	512	591	
15	0	0	0	0	518	599	
0	0	0	0	0	524	609	
1	0	0	0	0	529	614	
2	0	0	0	0	533	611	
3	0	0	0	0	534	602	
4	0	0	0	0	532	585	
5	0	0	0	0	527	565	
6	0	0	0	0	518	543	
7	0	0	0	0	511	531	
8	0	0	0	0	505	524	
9	0	0	0	0	503	518	
10	0	0	0	0	499	512	
11	0	0	0	0	499	508	
12	0	0	0	0	501	508	
13	0	0	0	0	505	510	
14	0	0	0	0	510	511	
15	0	0	0	0	512	513	
0	0	0	0	0	511	514	
1	0	0	0	0	510	513	
2	0	0	0	0	508	515	
3	0	0	0	0	510	519	
4	0	0	0	0	511	523	
5	0	0	0	0	513	527	
6	0	0	0	0	514	533	
7	0	0	0	0	511	536	
8	0	0	0	0	508	536	
9	0	0	0	0	505	536	
10	0	0	0	0	502	537	
11	0	0	0	0	500	541	
12	0	0	0	0	497	546	
13	0	0	0	0	492	549	
14	0	0	0	0	484	551	
15	0	0	0	0	478	553	
0	0	0	0	0	476	560	
1	0	0	0	0	476	569	
2	0	0	0	0	481	583	
3	0	0	0	0	486	595	
4	0	0	0	0	485	601	
5	0	0	0	0	486	600	
6	0	0	0	0	486	594	
7	0	0	0	0	486	588	
8	0	0	0	0	486	585	
9	0	0	0	0	487	580	
10	0	0	0	0	489	572	
11	0	0	0	0	490	560	
12	0	0	0	0	490	552	
13	0	0	0	0	488	551	
14	0	0	0	0	485	551	
15	0	0	0	0	482	548	
0	0	0	0	0	478	542	
1	0	0	0	0	469	535	
2	0	0	0	0	458	532	
3	0	0	0	0	444	531	
4	0	0	0	0	432	532	
5	0	0	0	0	422	532	
6	0	0	0	0	415	534	
7	0	0	0	0	413	538	
8	0	0	0	0	415	547	
9	0	0	0	0	421	557	
10	0	0	0	0	429	562	
11	0	0	0	0	435	562	
12	0	0	0	0	440	561	
13	0	0	0	0	446	561	
14	0	0	0	0	450	560	
15	0	0	0	0	452	563	
0	0	0	0	0	453	561	
1	0	0	0	0	452	557	
2	0	0	0	0	449	548	
3	0	0	0	0	446	545	
4	0	0	0	0	441	544	
5	0	0	0	0	435	544	
6	0	0	0	0	430	541	
7	0	0	0	0	424	534	
8	0	0	0	0	423	527	
9	0	0	0	0	423	518	
10	0	0	0	0	424	508	
11	0	0	0	0	423	497	
12	0	0	0	0	418	490	
13	0	0	0	0	420	491	
14	0	0	0	0	426	492	
15	0	0	0	0	431	498	
0	0	0	0	0	436	508	
1	0	0	0	0	440	519	
2	0	0	0	0	448	532	
3	0	0	0	0	457	547	
4	0	0	0	0	467	558	
5	0	0	0	0	478	564	
6	0	0	0	0	484	568	
7	0	0	0	0	486	571	
8	0	0	0	0	490	572	
9	0	0	0	0	494	572	
10	0	0	0	0	495	571	
11	0	0	0	0	492	569	
12	0	0	0	0	485	565	
13	0	0	0	0	476	562	
14	0	0	0	0	467	558	
15	0	0	0	0	457	553	
0	0	0	0	0	449	540	
1	0	0	0	0	434	526	
2	0	0	0	0	418	518	
3	0	0	0	0	403	517	
4	0	0	0	0	389	517	
5	0	0	0	0	372	515	
6	0	0	0	0	351	508	
7	0	0	0	0	330	500	
8	0	0	0	0	310	488	
9	0	0	0	0	287	475	
10	0	0	0	0	265	465	
11	0	0	0	0	251	459	
12	0	0	0	0	239	455	
13	0	0	0	0	231	453	
14	0	0	0	0	227	447	
15	0	0	0	0	228	439	
0	0	0	0	0	230	431	
1	0	0	0	0	229	428	
2	0	0	0	0	228	431	
3	0	0	0	0	231	447	
4	0	0	0	0	234	468	
5	0	0	0	0	237	494	
6	0	0	0	0	236	518	
7	0	0	0	0	230	532	
8	0	0	0	0	223	540	
9	0	0	0	0	214	546	
10	0	0	0	0	206	550	
11	0	0	0	0	199	552	
12	0	0	0	0	192	559	
13	0	0	0	0	184	552	
14	0	0	0	0	175	545	
15	0	0	0	0	170	533	
0	0	0	0	0	167	519	
1	0	0	0	0	166	509	
2	0	0	0	0	167	499	
3	0	0	0	0	169	490	
4	0	0	0	0	170	480	
5	0	0	0	0	175	474	
6	0	0	0	0	180	473	
7	0	0	0	0	188	471	
8	0	0	0	0	194	466	
9	0	0	0	0	200	462	
10	0	0	0	0	208	461	
11	0	0	0	0	211	463	
12	0	0	0	0	215	465	
13	0	0	0	0	214	465	
14	0	0	0	0	209	462	
15	0	0	0	0	209	465	
0	0	0	0	0	207	464	
1	0	0	0	0	204	473	
2	0	0	0	0	202	487	
3	0	0	0	0	199	498	
4	0	0	0	0	193	503	
5	0	0	0	0	189	511	
6	0	0	0	0	183	516	
7	0	0	0	0	180	521	
8	0	0	0	0	174	517	
9	0	0	0	0	163	514	
10	0	0	0	0	153	509	
11	0	0	0	0	147	503	
12	0	0	0	0	143	500	
13	0	0	0	0	145	505	
14	0	0	0	0	158	512	
15	0	0	0	0	176	515	
0	0	0	0	0	193	513	
1	0	0	0	0	201	503	
2	0	0	0	0	211	492	
3	0	0	0	0	221	482	
4	0	0	0	0	224	476	
5	0	0	0	0	226	477	
6	0	0	0	0	227	481	
7	0	0	0	0	228	489	
8	0	0	0	0	231	498	
9	0	0	0	0	234	501	
10	0	0	0	0	236	503	
11	0	0	0	0	235	499	
12	0	0	0	0	230	498	
13	0	0	0	0	223	496	
14	0	0	0	0	219	494	
15	0	0	0	0	217	496	
0	0	0	0	0	217	498	
1	0	0	0	0	217	498	
2	0	0	0	0	209	498	
3	0	0	0	0	197	497	
4	0	0	0	0	185	501	
5	0	0	0	0	175	512	
6	0	0	0	0	169	512	
7	0	0	0	0	169	510	
8	0	0	0	0	169	509	
9	0	0	0	0	172	513	
10	0	0	0	0	175	517	
11	0	0	0	0	172	524	
12	0	0	0	0	160	528	
13	0	0	0	0	143	534	
14	0	0	0	0	122	542	
15	0	0	0	0	97	548	
0	0	0	0	0	71	551	
1	0	0	0	0	47	551	
2	0	0	0	0	23	547	
3	0	0	0	0	3	545	
4	0	0	0	0	0	529	
5	0	0	0	0	0	514	
6	0	0	0	0	0	497	
7	0	0	0	0	0	482	
8	0	0	0	0	0	467	
9	0	0	0	0	0	452	
10	0	0	0	0	19	441	
11	0	0	0	0	28	435	
12	0	0	0	0	40	434	
13	0	0	0	0	54	443	
14	0	0	0	0	65	456	
15	0	0	0	0	79	470	
0	0	0	0	0	90	486	
1	0	0	0	0	97	504	
2	0	0	0	0	102	513	
3	0	0	0	0	102	526	
4	0	0	0	0	98	532	
5	0	0	0	0	94	534	
6	0	0	0	0	91	531	
7	0	0	0	0	87	523	
8	0	0	0	0	80	515	
9	0	0	0	0	78	508	
10	0	0	0	0	76	505	
11	0	0	0	0	74	504	
12	0	0	0	0	67	507	
13	0	0	0	0	64	503	
14	0	0	0	0	64	500	
15	0	0	0	0	66	493	
0	0	0	0	0	67	481	
1	0	0	0	0	65	468	
2	0	0	0	0	62	459	
3	0	0	0	0	58	453	
4	0	0	0	0	52	448	
5	0	0	0	0	44	444	
6	0	0	0	0	35	447	
7	0	0	0	0	32	460	
8	0	0	0	0	33	464	
9	0	0	0	0	37	473	
10	0	0	0	0	42	482	
11	0	0	0	0	51	490	
12	0	0	0	0	65	495	
13	0	0	0	0	78	501	
14	0	0	0	0	88	503	
15	0	0	0	0	90	504	
0	0	0	0	0	88	503	
1	0	0	0	0	84	499	
2	0	0	0	0	84	497	
3	0	0	0	0	90	492	
4	0	0	0	0	94	489	
5	0	0	0	0	102	490	
6	0	0	0	0	109	487	
7	0	0	0	0	115	482	
8	0	0	0	0	119	477	
9	0	0	0	0	123	470	
10	0	0	0	0	131	467	
11	0	0	0	0	143	455	
12	0	0	0	0	151	445	
13	0	0	0	0	161	436	
14	0	0	0	0	168	435	
15	0	0	0	0	174	435	
0	0	0	0	0	177	432	
1	0	0	0	0	174	429	
2	0	0	0	0	175	432	
3	0	0	0	0	181	431	
4	0	0	0	0	184	435	
5	0	0	0	0	187	443	
6	0	0	0	0	190	451	
7	0	0	0	0	191	458	
8	0	0	0	0	191	467	
9	0	0	0	0	191	477	
10	0	0	0	0	194	490	
11	0	0	0	0	195	488	
12	0	0	0	0	194	482	
13	0	0	0	0	190	475	
14	0	0	0	0	185	470	
15	0	0	0	0	185	467	
0	0	0	0	0	194	472	
1	0	0	0	0	206	478	
2	0	0	0	0	220	481	
3	0	0	0	0	235	481	
4	0	0	0	0	248	482	
5	0	0	0	0	265	481	
6	0	0	0	0	278	482	
7	0	0	0	0	289	485	
8	0	0	0	0	293	493	
9	0	0	0	0	293	502	
10	0	0	0	0	291	514	
11	0	0	0	0	291	520	
12	0	0	0	0	289	527	
13	0	0	0	0	286	529	
14	0	0	0	0	283	526	
15	0	0	0	0	280	517	
0	0	0	0	0	276	509	
1	0	0	0	0	274	500	
2	0	0	0	0	275	491	
3	0	0	0	0	272	482	
4	0	0	0	0	271	476	
5	0	0	0	0	268	476	
6	0	0	0	0	265	479	
7	0	0	0	0	261	485	
8	0	0	0	0	262	491	
9	0	0	0	0	265	495	
10	0	0	0	0	270	501	
11	0	0	0	0	275	501	
12	0	0	0	0	280	500	
13	0	0	0	0	285	502	
14	0	0	0	0	291	504	
15	0	0	0	0	295	506	
0	0	0	0	0	299	509	
1	0	0	0	0	302	512	
2	0	0	0	0	306	518	
3	0	0	0	0	311	526	
4	0	0	0	0	315	534	
5	0	0	0	0	317	540	
6	0	0	0	0	316	537	
7	0	0	0	0	315	530	
8	0	0	0	0	313	522	
9	0	0	0	0	316	511	
10	0	0	0	0	320	496	
11	0	0	0	0	322	483	
12	0	0	0	0	323	472	
13	0	0	0	0	325	470	
14	0	0	0	0	331	480	
15	0	0	0	0	341	497	
0	0	0	0	0	353	515	
1	0	0	0	0	364	525	
2	0	0	0	0	378	532	
3	0	0	0	0	393	537	
4	0	0	0	0	411	530	
5	0	0	0	0	424	526	
6	0	0	0	0	431	518	
7	0	0	0	0	435	510	
8	0	0	0	0	437	500	
9	0	0	0	0	435	494	
10	0	0	0	0	433	488	
11	0	0	0	0	429	487	
12	0	0	0	0	427	489	
13	0	0	0	0	427	492	
14	0	0	0	0	428	497	
15	0	0	0	0	431	500	
0	0	0	0	0	435	499	
1	0	0	0	0	438	495	
2	0	0	0	0	440	488	
3	0	0	0	0	441	481	
4	0	0	0	0	444	478	
5	0	0	0	0	444	480	
6	0	0	0	0	444	490	
7	0	0	0	0	444	504	
8	0	0	0	0	448	519	
9	0	0	0	0	451	527	
10	0	0	0	0	451	527	
11	0	0	0	0	450	524	
12	0	0	0	0	448	523	
13	0	0	0	0	444	519	
14	0	0	0	0	432	520	
15	0	0	0	0	418	516	
0	0	0	0	0	409	515	
1	0	0	0	0	410	520	
2	0	0	0	0	419	525	
3	0	0	0	0	434	536	
4	0	0	0	0	452	553	
5	0	0	0	0	469	570	
6	0	0	0	0	486	581	
7	0	0	0	0	502	586	
8	0	0	0	0	512	580	
9	0	0	0	0	518	572	
10	0	0	0	0	522	560	
11	0	0	0	0	527	548	
12	0	0	0	0	530	537	
13	0	0	0	0	535	527	
14	0	0	0	0	542	517	
15	0	0	0	0	549	509	
0	0	0	0	0	551	505	
1	0	0	0	0	550	503	
2	0	0	0	0	550	502	
3	0	0	0	0	550	503	
4	0	0	0	0	550	503	
5	0	0	0	0	547	504	
6	0	0	0	0	540	505	
7	0	0	0	0	536	508	
8	0	0	0	0	529	510	
9	0	0	0	0	523	510	
10	0	0	0	0	513	508	
11	0	0	0	0	506	508	
12	0	0	0	0	503	510	
13	0	0	0	0	504	511	
14	0	0	0	0	505	512	
15	0	0	0	0	509	514	
0	0	0	0	0	515	517	
1	0	0	0	0	524	519	
2	0	0	0	0	528	520	
3	0	0	0	0	530	520	
4	0	0	0	0	528	518	
5	0	0	0	0	519	517	
6	0	0	0	0	510	516	
7	0	0	0	0	503	516	
8	0	0	0	0	497	518	
9	0	0	0	0	497	517	
10	0	0	0	0	501	517	
11	0	0	0	0	510	521	
12	0	0	0	0	523	531	
13	0	0	0	0	539	543	
14	0	0	0	0	557	548	
15	0	0	0	0	573	545	
0	0	0	0	0	585	538	
1	0	0	0	0	590	534	
2	0	0	0	0	588	528	
3	0	0	0	0	581	523	
4	0	0	0	0	571	518	
5	0	0	0	0	561	519	
6	0	0	0	0	548	520	
7	0	0	0	0	534	525	
8	0	0	0	0	526	529	
9	0	0	0	0	524	528	
10	0	0	0	0	527	524	
11	0	0	0	0	529	519	
12	0	0	0	0	531	520	
13	0	0	0	0	532	517	
14	0	0	0	0	534	515	
15	0	0	0	0	534	513	
0	0	0	0	0	531	511	
1	0	0	0	0	527	510	
2	0	0	0	0	526	516	
3	0	0	0	0	529	521	
4	0	0	0	0	530	525	
5	0	0	0	0	532	529	
6	0	0	0	0	540	535	
7	0	0	0	0	547	540	
8	0	0	0	0	553	542	
9	0	0	0	0	555	541	
10	0	0	0	0	555	548	
11	0	0	0	0	556	552	
12	0	0	0	0	559	554	
13	0	0	0	0	563	555	
14	0	0	0	0	562	556	
15	0	0	0	0	559	551	
0	0	0	0	0	553	539	
1	0	0	0	0	542	526	
2	0	0	0	0	532	518	
3	0	0	0	0	527	516	
4	0	0	0	0	524	519	
5	0	0	0	0	527	519	
6	0	0	0	0	531	516	
7	0	0	0	0	540	509	
8	0	0	0	0	547	499	
9	0	0	0	0	556	483	
10	0	0	0	0	568	466	
11	0	0	0	0	582	451	
12	0	0	0	0	594	438	
13	0	0	0	0	604	425	
14	0	0	0	0	608	419	
15	0	0	0	0	606	417	
0	0	0	0	0	604	418	
1	0	0	0	0	600	418	
2	0	0	0	0	598	420	
3	0	0	0	0	595	432	
4	0	0	0	0	592	438	
5	0	0	0	0	591	443	
6	0	0	0	0	587	446	
7	0	0	0	0	580	447	
8	0	0	0	0	568	450	
9	0	0	0	0	554	454	
10	0	0	0	0	538	455	
11	0	0	0	0	523	460	
12	0	0	0	0	512	469	
13	0	0	0	0	503	481	
14	0	0	0	0	496	498	
15	0	0	0	0	495	513	
0	0	0	0	0	499	526	
1	0	0	0	0	504	529	
2	0	0	0	0	503	521	
3	0	0	0	0	501	508	
4	0	0	0	0	492	501	
5	0	0	0	0	483	497	
6	0	0	0	0	471	496	
7	0	0	0	0	460	502	
8	0	0	0	0	451	513	
9	0	0	0	0	447	524	
10	0	0	0	0	447	537	
11	0	0	0	0	442	541	
12	0	0	0	0	439	539	
13	0	0	0	0	439	534	
14	0	0	0	0	444	523	
15	0	0	0	0	450	512	
0	0	0	0	0	457	504	
1	0	0	0	0	469	499	
2	0	0	0	0	482	495	
3	0	0	0	0	492	497	
4	0	0	0	0	503	506	
5	0	0	0	0	514	517	
6	0	0	0	0	519	526	
7	0	0	0	0	523	533	
8	0	0	0	0	523	534	
9	0	0	0	0	521	529	
10	0	0	0	0	522	524	
11	0	0	0	0	521	516	
12	0	0	0	0	522	506	
13	0	0	0	0	523	496	
14	0	0	0	0	523	491	
15	0	0	0	0	523	491	
0	0	0	0	0	523	490	
1	0	0	0	0	525	493	
2	0	0	0	0	527	498	
3	0	0	0	0	532	510	
4	0	0	0	0	541	528	
5	0	0	0	0	548	545	
6	0	0	0	0	558	560	
7	0	0	0	0	564	569	
8	0	0	0	0	567	576	
9	0	0	0	0	563	581	
10	0	0	0	0	548	577	
11	0	0	0	0	527	572	
12	0	0	0	0	505	564	
13	0	0	0	0	483	557	
14	0	0	0	0	467	549	
15	0	0	0	0	457	543	
0	0	0	0	0	457	543	
1	0	0	0	0	463	547	
2	0	0	0	0	476	560	
3	0	0	0	0	491	582	
4	0	0	0	0	508	604	
5	0	0	0	0	523	618	
6	0	0	0	0	539	629	
7	0	0	0	0	556	635	
8	0	0	0	0	568	633	
9	0	0	0	0	573	628	
10	0	0	0	0	575	616	
11	0	0	0	0	579	600	
12	0	0	0	0	581	589	
13	0	0	0	0	576	584	
14	0	0	0	0	574	581	
15	0	0	0	0	575	582	
0	0	0	0	0	573	585	
1	0	0	0	0	568	589	
2	0	0	0	0	561	591	
3	0	0	0	0	547	592	
4	0	0	0	0	531	591	
5	0	0	0	0	519	586	
6	0	0	0	0	511	579	
7	0	0	0	0	504	572	
8	0	0	0	0	496	564	
9	0	0	0	0	491	564	
10	0	0	0	0	487	565	
11	0	0	0	0	487	571	
12	0	0	0	0	487	578	
13	0	0	0	0	487	575	
14	0	0	0	0	489	570	
15	0	0	0	0	494	562	
0	0	0	0	0	499	553	
1	0	0	0	0	505	541	
2	0	0	0	0	507	528	
3	0	0	0	0	508	519	
4	0	0	0	0	509	516	
5	0	0	0	0	512	515	
6	0	0	0	0	516	517	
7	0	0	0	0	519	514	
8	0	0	0	0	522	510	
9	0	0	0	0	523	505	
10	0	0	0	0	526	506	
11	0	0	0	0	535	507	
12	0	0	0	0	547	515	
13	0	0	0	0	556	523	
14	0	0	0	0	557	527	
15	0	0	0	0	553	536	
0	0	0	0	0	548	540	
1	0	0	0	0	547	542	
2	0	0	0	0	547	542	
3	0	0	0	0	546	537	
4	0	0	0	0	547	529	
5	0	0	0	0	547	516	
6	0	0	0	0	544	501	
7	0	0	0	0	539	483	
8	0	0	0	0	533	463	
9	0	0	0	0	529	451	
10	0	0	0	0	527	446	
11	0	0	0	0	529	448	
12	0	0	0	0	536	456	
13	0	0	0	0	541	468	
14	0	0	0	0	543	481	
15	0	0	0	0	542	497	
0	0	0	0	0	532	508	
1	0	0	0	0	524	519	
2	0	0	0	0	521	532	
3	0	0	0	0	523	548	
4	0	0	0	0	536	560	
5	0	0	0	0	550	567	
6	0	0	0	0	567	568	
7	0	0	0	0	583	563	
8	0	0	0	0	594	551	
9	0	0	0	0	607	540	
10	0	0	0	0	615	527	
11	0	0	0	0	614	514	
12	0	0	0	0	611	508	
13	0	0	0	0	601	497	
14	0	0	0	0	584	478	
15	0	0	0	0	566	455	
0	0	0	0	0	548	435	
1	0	0	0	0	537	418	
2	0	0	0	0	531	408	
3	0	0	0	0	529	405	
4	0	0	0	0	534	412	
5	0	0	0	0	542	423	
6	0	0	0	0	548	438	
7	0	0	0	0	551	456	
8	0	0	0	0	558	474	
9	0	0	0	0	567	488	
10	0	0	0	0	574	504	
11	0	0	0	0	577	516	
12	0	0	0	0	577	526	
13	0	0	0	0	575	531	
14	0	0	0	0	572	531	
15	0	0	0	0	567	527	
0	0	0	0	0	556	521	
1	0	0	0	0	547	513	
2	0	0	0	0	541	499	
3	0	0	0	0	536	487	
4	0	0	0	0	530	485	
5	0	0	0	0	531	486	
6	0	0	0	0	536	493	
7	0	0	0	0	548	501	
8	0	0	0	0	560	513	
9	0	0	0	0	570	524	
10	0	0	0	0	579	533	
11	0	0	0	0	589	545	
12	0	0	0	0	594	557	
13	0	0	0	0	594	565	
14	0	0	0	0	594	566	
15	0	0	0	0	590	559	
0	0	0	0	0	584	547	
1	0	0	0	0	574	534	
2	0	0	0	0	563	525	
3	0	0	0	0	548	515	
4	0	0	0	0	539	505	
5	0	0	0	0	538	495	
6	0	0	0	0	543	486	
7	0	0	0	0	550	478	
8	0	0	0	0	559	480	
9	0	0	0	0	567	489	
10	0	0	0	0	575	495	
11	0	0	0	0	580	499	
12	0	0	0	0	583	502	
13	0	0	0	0	585	504	
14	0	0	0	0	589	508	
15	0	0	0	0	592	513	
0	0	0	0	0	592	518	
1	0	0	0	0	590	521	
2	0	0	0	0	590	528	
3	0	0	0	0	596	532	
4	0	0	0	0	606	540	
5	0	0	0	0	619	553	
6	0	0	0	0	630	565	
7	0	0	0	0	636	570	
8	0	0	0	0	637	573	
9	0	0	0	0	636	573	
10	0	0	0	0	630	573	
11	0	0	0	0	623	566	
12	0	0	0	0	615	556	
13	0	0	0	0	605	535	
14	0	0	0	0	593	511	
15	0	0	0	0	579	489	
0	0	0	0	0	564	472	
1	0	0	0	0	551	457	
2	0	0	0	0	542	446	
3	0	0	0	0	536	437	
4	0	0	0	0	532	433	
5	0	0	0	0	533	435	
6	0	0	0	0	538	443	
7	0	0	0	0	546	451	
8	0	0	0	0	552	465	
9	0	0	0	0	551	476	
10	0	0	0	0	549	476	
11	0	0	0	0	547	465	
12	0	0	0	0	550	449	
13	0	0	0	0	555	436	
14	0	0	0	0	566	434	
15	0	0	0	0	579	444	
0	0	0	0	0	597	461	
1	0	0	0	0	615	482	
2	0	0	0	0	630	493	
3	0	0	0	0	636	501	
4	0	0	0	0	636	509	
5	0	0	0	0	636	519	
6	0	0	0	0	638	530	
7	0	0	0	0	641	537	
8	0	0	0	0	640	540	
9	0	0	0	0	638	540	
10	0	0	0	0	633	540	
11	0	0	0	0	628	536	
12	0	0	0	0	623	530	
13	0	0	0	0	616	524	
14	0	0	0	0	612	518	
15	0	0	0	0	611	515	
0	0	0	0	0	611	514	
1	0	0	0	0	610	519	
2	0	0	0	0	611	533	
3	0	0	0	0	619	550	
4	0	0	0	0	625	563	
5	0	0	0	0	629	571	
6	0	0	0	0	634	574	
7	0	0	0	0	637	575	
8	0	0	0	0	634	575	
9	0	0	0	0	629	570	
10	0	0	0	0	624	563	
11	0	0	0	0	617	555	
12	0	0	0	0	609	547	
13	0	0	0	0	603	535	
14	0	0	0	0	600	519	
15	0	0	0	0	596	501	
0	0	0	0	0	596	484	
1	0	0	0	0	598	469	
2	0	0	0	0	599	460	
3	0	0	0	0	600	453	
4	0	0	0	0	605	452	
5	0	0	0	0	614	451	
6	0	0	0	0	625	459	
7	0	0	0	0	636	468	
8	0	0	0	0	645	479	
9	0	0	0	0	649	494	
10	0	0	0	0	649	504	
11	0	0	0	0	647	512	
12	0	0	0	0	643	515	
13	0	0	0	0	640	517	
14	0	0	0	0	644	518	
15	0	0	0	0	652	520	
0	0	0	0	0	664	530	
1	0	0	0	0	679	536	
2	0	0	0	0	689	540	
3	0	0	0	0	693	538	
4	0	0	0	0	691	534	
5	0	0	0	0	687	530	
6	0	0	0	0	681	533	
7	0	0	0	0	673	537	
8	0	0	0	0	661	537	
9	0	0	0	0	649	532	
10	0	0	0	0	639	528	
11	0	0	0	0	632	526	
12	0	0	0	0	627	527	
13	0	0	0	0	623	531	
14	0	0	0	0	624	537	
15	0	0	0	0	629	543	
0	0	0	0	0	633	546	
1	0	0	0	0	644	554	
2	0	0	0	0	657	558	
3	0	0	0	0	666	562	
4	0	0	0	0	669	568	
5	0	0	0	0	669	574	
6	0	0	0	0	671	581	
7	0	0	0	0	671	582	
8	0	0	0	0	666	584	
9	0	0	0	0	655	585	
10	0	0	0	0	644	590	
11	0	0	0	0	637	595	
12	0	0	0	0	632	589	
13	0	0	0	0	629	575	
14	0	0	0	0	632	563	
15	0	0	0	0	638	556	
0	0	0	0	0	646	552	
1	0	0	0	0	655	550	
2	0	0	0	0	661	550	
3	0	0	0	0	662	550	
4	0	0	0	0	659	548	
5	0	0	0	0	652	547	
6	0	0	0	0	643	543	
7	0	0	0	0	639	541	
8	0	0	0	0	637	543	
9	0	0	0	0	637	545	
10	0	0	0	0	636	550	
11	0	0	0	0	634	553	
12	0	0	0	0	635	559	
13	0	0	0	0	637	566	
14	0	0	0	0	638	575	
15	0	0	0	0	639	583	
0	0	0	0	0	637	579	
1	0	0	0	0	630	567	
2	0	0	0	0	615	551	
3	0	0	0	0	598	539	
4	0	0	0	0	583	534	
5	0	0	0	0	573	538	
6	0	0	0	0	571	544	
7	0	0	0	0	576	545	
8	0	0	0	0	588	541	
9	0	0	0	0	602	530	
10	0	0	0	0	614	517	
11	0	0	0	0	624	501	
12	0	0	0	0	637	486	
13	0	0	0	0	650	471	
14	0	0	0	0	664	456	
15	0	0	0	0	686	438	
0	0	0	0	0	715	412	
1	0	0	0	0	743	385	
2	0	0	0	0	773	354	
3	0	0	0	0	798	337	
4	0	0	0	0	817	321	
5	0	0	0	0	833	300	
6	0	0	0	0	849	297	
7	0	0	0	0	866	290	
8	0	0	0	0	879	277	
9	0	0	0	0	882	281	
10	0	0	0	0	881	269	
11	0	0	0	0	877	249	
12	0	0	0	0	867	246	
13	0	0	0	0	857	230	
14	0	0	0	0	847	213	
15	0	0	0	0	838	206	
0	0	0	0	0	831	188	
1	0	0	0	0	825	171	
2	0	0	0	0	820	156	
3	0	0	0	0	818	139	
4	0	0	0	0	825	132	
5	0	0	0	0	834	124	
6	0	0	0	0	844	120	
7	0	0	0	0	849	119	
8	0	0	0	0	856	117	
9	0	0	0	0	859	114	
10	0	0	0	0	856	111	
11	0	0	0	0	846	100	
12	0	0	0	0	835	85	
13	0	0	0	0	825	67	
14	0	0	0	0	819	68	
15	0	0	0	0	820	67	
0	0	0	0	0	823	74	
1	0	0	0	0	825	83	
2	0	0	0	0	820	89	
3	0	0	0	0	813	108	
4	0	0	0	0	806	129	
5	0	0	0	0	801	150	
6	0	0	0	0	796	172	
7	0	0	0	0	792	187	
8	0	0	0	0	790	196	
9	0	0	0	0	791	217	
10	0	0	0	0	789	225	
11	0	0	0	0	790	219	
12	0	0	0	0	787	222	
13	0	0	0	0	780	209	
14	0	0	0	0	773	196	
15	0	0	0	0	767	181	
0	0	0	0	0	766	165	
1	0	0	0	0	761	160	
2	0	0	0	0	755	155	
3	0	0	0	0	749	151	
4	0	0	0	0	743	159	
5	0	0	0	0	739	161	
6	0	0	0	0	739	163	
7	0	0	0	0	741	164	
8	0	0	0	0	746	174	
9	0	0	0	0	755	198	
10	0	0	0	0	764	223	
11	0	0	0	0	771	241	
12	0	0	0	0	774	272	
13	0	0	0	0	770	295	
14	0	0	0	0	765	315	
15	0	0	0	0	757	349	
0	0	0	0	0	747	366	
1	0	0	0	0	733	365	
2	0	0	0	0	723	361	
3	0	0	0	0	715	339	
4	0	0	0	0	710	311	
5	0	0	0	0	702	291	
6	0	0	0	0	694	264	
7	0	0	0	0	689	241	
8	0	0	0	0	686	230	
9	0	0	0	0	685	219	
10	0	0	0	0	687	216	
11	0	0	0	0	692	215	
12	0	0	0	0	702	214	
13	0	0	0	0	710	220	
14	0	0	0	0	712	214	
15	0	0	0	0	711	204	
0	0	0	0	0	711	208	
1	0	0	0	0	709	205	
2	0	0	0	0	706	199	
3	0	0	0	0	704	209	
4	0	0	0	0	705	213	
5	0	0	0	0	707	224	
6	0	0	0	0	708	236	
7	0	0	0	0	708	246	
8	0	0	0	0	709	265	
9	0	0	0	0	714	279	
10	0	0	0	0	717	292	
11	0	0	0	0	721	314	
12	0	0	0	0	726	328	
13	0	0	0	0	730	338	
14	0	0	0	0	731	358	
15	0	0	0	0	731	377	
0	0	0	0	0	733	392	
1	0	0	0	0	731	408	
2	0	0	0	0	726	415	
3	0	0	0	0	717	417	
4	0	0	0	0	705	415	
5	0	0	0	0	693	414	
6	0	0	0	0	681	412	
7	0	0	0	0	670	413	
8	0	0	0	0	660	413	
9	0	0	0	0	648	415	
10	0	0	0	0	637	415	
11	0	0	0	0	630	417	
12	0	0	0	0	630	419	
13	0	0	0	0	634	431	
14	0	0	0	0	643	436	
15	0	0	0	0	654	439	
0	0	0	0	0	659	436	
1	0	0	0	0	666	435	
2	0	0	0	0	673	433	
3	0	0	0	0	678	432	
4	0	0	0	0	679	427	
5	0	0	0	0	678	424	
6	0	0	0	0	678	416	
7	0	0	0	0	674	403	
8	0	0	0	0	673	397	
9	0	0	0	0	676	390	
10	0	0	0	0	678	387	
11	0	0	0	0	680	384	
12	0	0	0	0	680	374	
13	0	0	0	0	675	369	
14	0	0	0	0	669	365	
15	0	0	0	0	663	359	
0	0	0	0	0	659	362	
1	0	0	0	0	647	365	
2	0	0	0	0	637	375	
3	0	0	0	0	625	385	
4	0	0	0	0	619	397	
5	0	0	0	0	616	411	
6	0	0	0	0	620	422	
7	0	0	0	0	628	435	
8	0	0	0	0	634	456	
9	0	0	0	0	641	480	
10	0	0	0	0	645	505	
11	0	0	0	0	649	522	
12	0	0	0	0	654	524	
13	0	0	0	0	657	519	
14	0	0	0	0	656	511	
15	0	0	0	0	657	507	
0	0	0	0	0	659	499	
1	0	0	0	0	663	497	
2	0	0	0	0	670	499	
3	0	0	0	0	676	507	
4	0	0	0	0	679	511	
5	0	0	0	0	677	511	
6	0	0	0	0	670	510	
7	0	0	0	0	664	509	
8	0	0	0	0	655	501	
9	0	0	0	0	643	494	
10	0	0	0	0	631	486	
11	0	0	0	0	620	477	
12	0	0	0	0	611	470	
13	0	0	0	0	602	468	
14	0	0	0	0	589	468	
15	0	0	0	0	575	468	
0	0	0	0	0	563	467	
1	0	0	0	0	553	469	
2	0	0	0	0	545	468	
3	0	0	0	0	540	463	
4	0	0	0	0	537	457	
5	0	0	0	0	539	446	
6	0	0	0	0	538	434	
7	0	0	0	0	536	417	
8	0	0	0	0	538	404	
9	0	0	0	0	545	403	
10	0	0	0	0	555	408	
11	0	0	0	0	563	420	
12	0	0	0	0	575	436	
13	0	0	0	0	587	457	
14	0	0	0	0	600	474	
15	0	0	0	0	612	491	
0	0	0	0	0	621	505	
1	0	0	0	0	625	515	
2	0	0	0	0	627	521	
3	0	0	0	0	630	527	
4	0	0	0	0	631	536	
5	0	0	0	0	630	546	
6	0	0	0	0	626	552	
7	0	0	0	0	620	551	
8	0	0	0	0	619	542	
9	0	0	0	0	619	526	
10	0	0	0	0	616	511	
11	0	0	0	0	614	495	
12	0	0	0	0	613	486	
13	0	0	0	0	608	480	
14	0	0	0	0	599	474	
15	0	0	0	0	592	463	
0	0	0	0	0	584	455	
1	0	0	0	0	579	451	
2	0	0	0	0	575	451	
3	0	0	0	0	578	460	
4	0	0	0	0	583	466	
5	0	0	0	0	590	472	
6	0	0	0	0	598	480	
7	0	0	0	0	606	490	
8	0	0	0	0	608	501	
9	0	0	0	0	605	512	
10	0	0	0	0	600	519	
11	0	0	0	0	592	526	
12	0	0	0	0	588	533	
13	0	0	0	0	586	541	
14	0	0	0	0	587	548	
15	0	0	0	0	587	554	
0	0	0	0	0	584	558	
1	0	0	0	0	583	563	
2	0	0	0	0	584	568	
3	0	0	0	0	588	568	
4	0	0	0	0	591	564	
5	0	0	0	0	594	554	
6	0	0	0	0	595	544	
7	0	0	0	0	590	539	
8	0	0	0	0	584	530	
9	0	0	0	0	577	515	
10	0	0	0	0	573	492	
11	0	0	0	0	567	472	
12	0	0	0	0	567	463	
13	0	0	0	0	568	474	
14	0	0	0	0	576	499	
15	0	0	0	0	589	534	
0	0	0	0	0	598	561	
1	0	0	0	0	601	577	
2	0	0	0	0	605	581	
3	0	0	0	0	606	577	
4	0	0	0	0	609	571	
5	0	0	0	0	612	566	
6	0	0	0	0	615	557	
7	0	0	0	0	617	548	
8	0	0	0	0	614	537	
9	0	0	0	0	607	528	
10	0	0	0	0	598	526	
11	0	0	0	0	588	525	
12	0	0	0	0	585	529	
13	0	0	0	0	585	537	
14	0	0	0	0	586	547	
15	0	0	0	0	583	556	
0	0	0	0	0	587	564	
1	0	0	0	0	588	572	
2	0	0	0	0	588	580	
3	0	0	0	0	587	588	
4	0	0	0	0	588	592	
5	0	0	0	0	589	591	
6	0	0	0	0	588	588	
7	0	0	0	0	588	586	
8	0	0	0	0	584	581	
9	0	0	0	0	582	573	
10	0	0	0	0	583	565	
11	0	0	0	0	585	561	
12	0	0	0	0	587	561	
13	0	0	0	0	590	565	
14	0	0	0	0	592	571	
15	0	0	0	0	593	579	
0	0	0	0	0	594	585	
1	0	0	0	0	593	585	
2	0	0	0	0	591	582	
3	0	0	0	0	590	578	
4	0	0	0	0	591	572	
5	0	0	0	0	592	569	
6	0	0	0	0	590	571	
7	0	0	0	0	588	572	
8	0	0	0	0	586	574	
9	0	0	0	0	579	577	
10	0	0	0	0	571	582	
11	0	0	0	0	563	583	
12	0	0	0	0	563	582	
13	0	0	0	0	565	576	
14	0	0	0	0	566	566	
15	0	0	0	0	565	556	
0	0	0	0	0	563	547	
1	0	0	0	0	559	540	
2	0	0	0	0	556	538	
3	0	0	0	0	553	535	
4	0	0	0	0	550	534	
5	0	0	0	0	553	532	
6	0	0	0	0	559	540	
7	0	0	0	0	570	559	
8	0	0	0	0	582	582	
9	0	0	0	0	593	601	
10	0	0	0	0	602	615	
11	0	0	0	0	609	621	
12	0	0	0	0	612	617	
13	0	0	0	0	612	611	
14	0	0	0	0	610	603	
15	0	0	0	0	607	593	
0	0	0	0	0	603	582	
1	0	0	0	0	603	572	
2	0	0	0	0	600	563	
3	0	0	0	0	596	552	
4	0	0	0	0	589	545	
5	0	0	0	0	581	543	
6	0	0	0	0	576	544	
7	0	0	0	0	569	543	
8	0	0	0	0	563	543	
9	0	0	0	0	555	540	
10	0	0	0	0	543	534	
11	0	0	0	0	531	527	
12	0	0	0	0	517	524	
13	0	0	0	0	505	524	
14	0	0	0	0	494	525	
15	0	0	0	0	494	524	
0	0	0	0	0	499	527	
1	0	0	0	0	509	531	
2	0	0	0	0	521	536	
3	0	0	0	0	534	542	
4	0	0	0	0	544	553	
5	0	0	0	0	551	566	
6	0	0	0	0	554	574	
7	0	0	0	0	553	577	
8	0	0	0	0	550	575	
9	0	0	0	0	547	573	
10	0	0	0	0	545	572	
11	0	0	0	0	544	573	
12	0	0	0	0	538	574	
13	0	0	0	0	530	581	
14	0	0	0	0	524	589	
15	0	0	0	0	521	596	
0	0	0	0	0	524	603	
1	0	0	0	0	528	609	
2	0	0	0	0	537	615	
3	0	0	0	0	547	615	
4	0	0	0	0	557	619	
5	0	0	0	0	568	620	
6	0	0	0	0	575	617	
7	0	0	0	0	580	611	
8	0	0	0	0	582	606	
9	0	0	0	0	579	602	
10	0	0	0	0	575	592	
11	0	0	0	0	572	585	
12	0	0	0	0	572	583	
13	0	0	0	0	571	585	
14	0	0	0	0	572	585	
15	0	0	0	0	573	579	
0	0	0	0	0	575	569	
1	0	0	0	0	577	559	
2	0	0	0	0	574	549	
3	0	0	0	0	571	543	
4	0	0	0	0	567	543	
5	0	0	0	0	563	547	
6	0	0	0	0	563	557	
7	0	0	0	0	568	561	
8	0	0	0	0	576	562	
9	0	0	0	0	582	559	
10	0	0	0	0	584	553	
11	0	0	0	0	585	547	
12	0	0	0	0	586	542	
13	0	0	0	0	593	544	
14	0	0	0	0	600	559	
15	0	0	0	0	603	580	
0	0	0	0	0	604	598	
1	0	0	0	0	606	607	
2	0	0	0	0	603	611	
3	0	0	0	0	600	612	
4	0	0	0	0	597	612	
5	0	0	0	0	590	612	
6	0	0	0	0	581	612	
7	0	0	0	0	572	612	
8	0	0	0	0	561	612	
9	0	0	0	0	551	608	
10	0	0	0	0	539	604	
11	0	0	0	0	532	602	
12	0	0	0	0	528	601	
13	0	0	0	0	524	598	
14	0	0	0	0	522	595	
15	0	0	0	0	520	595	
0	0	0	0	0	523	598	
1	0	0	0	0	524	600	
2	0	0	0	0	527	603	
3	0	0	0	0	534	606	
4	0	0	0	0	539	608	
5	0	0	0	0	538	611	
6	0	0	0	0	536	612	
7	0	0	0	0	534	609	
8	0	0	0	0	533	604	
9	0	0	0	0	533	598	
10	0	0	0	0	535	590	
11	0	0	0	0	532	581	
12	0	0	0	0	526	571	
13	0	0	0	0	521	563	
14	0	0	0	0	523	560	
15	0	0	0	0	526	558	
0	0	0	0	0	531	556	
1	0	0	0	0	539	551	
2	0	0	0	0	545	542	
3	0	0	0	0	551	536	
4	0	0	0	0	551	527	
5	0	0	0	0	546	517	
6	0	0	0	0	540	509	
7	0	0	0	0	538	506	
8	0	0	0	0	532	503	
9	0	0	0	0	524	499	
10	0	0	0	0	518	488	
11	0	0	0	0	512	481	
12	0	0	0	0	508	478	
13	0	0	0	0	504	472	
14	0	0	0	0	503	467	
15	0	0	0	0	505	467	
0	0	0	0	0	511	483	
1	0	0	0	0	517	505	
2	0	0	0	0	522	527	
3	0	0	0	0	522	547	
4	0	0	0	0	520	561	
5	0	0	0	0	517	568	
6	0	0	0	0	516	569	
7	0	0	0	0	517	567	
8	0	0	0	0	517	558	
9	0	0	0	0	518	544	
10	0	0	0	0	521	534	
11	0	0	0	0	520	527	
12	0	0	0	0	516	520	
13	0	0	0	0	513	511	
14	0	0	0	0	507	500	
15	0	0	0	0	493	494	
0	0	0	0	0	476	490	
1	0	0	0	0	458	483	
2	0	0	0	0	441	473	
3	0	0	0	0	426	455	
4	0	0	0	0	420	439	
5	0	0	0	0	420	431	
6	0	0	0	0	426	434	
7	0	0	0	0	438	448	
8	0	0	0	0	458	467	
9	0	0	0	0	483	493	
10	0	0	0	0	511	515	
11	0	0	0	0	538	540	
12	0	0	0	0	559	562	
13	0	0	0	0	571	572	
14	0	0	0	0	578	571	
15	0	0	0	0	577	561	
0	0	0	0	0	574	549	
1	0	0	0	0	570	539	
2	0	0	0	0	563	530	
3	0	0	0	0	555	522	
4	0	0	0	0	544	520	
5	0	0	0	0	533	524	
6	0	0	0	0	519	531	
7	0	0	0	0	505	539	
8	0	0	0	0	496	543	
9	0	0	0	0	487	541	
10	0	0	0	0	478	538	
11	0	0	0	0	469	536	
12	0	0	0	0	462	536	
13	0	0	0	0	459	539	
14	0	0	0	0	451	541	
15	0	0	0	0	444	542	
0	0	0	0	0	439	545	
1	0	0	0	0	438	545	
2	0	0	0	0	443	543	
3	0	0	0	0	451	547	
4	0	0	0	0	460	556	
5	0	0	0	0	469	571	
6	0	0	0	0	475	587	
7	0	0	0	0	481	598	
8	0	0	0	0	483	605	
9	0	0	0	0	479	606	
10	0	0	0	0	473	604	
11	0	0	0	0	470	605	
12	0	0	0	0	467	607	
13	0	0	0	0	465	611	
14	0	0	0	0	465	612	
15	0	0	0	0	470	609	
0	0	0	0	0	475	600	
1	0	0	0	0	480	584	
2	0	0	0	0	484	574	
3	0	0	0	0	487	566	
4	0	0	0	0	491	559	
5	0	0	0	0	494	555	
6	0	0	0	0	496	552	
7	0	0	0	0	501	547	
8	0	0	0	0	504	537	
9	0	0	0	0	504	527	
10	0	0	0	0	505	520	
11	0	0	0	0	507	515	
12	0	0	0	0	500	507	
13	0	0	0	0	492	499	
14	0	0	0	0	489	494	
15	0	0	0	0	487	493	
0	0	0	0	0	481	498	
1	0	0	0	0	480	505	
2	0	0	0	0	478	515	
3	0	0	0	0	480	524	
4	0	0	0	0	480	534	
5	0	0	0	0	480	538	
6	0	0	0	0	479	540	
7	0	0	0	0	476	540	
8	0	0	0	0	475	536	
9	0	0	0	0	470	527	
10	0	0	0	0	464	519	
11	0	0	0	0	454	511	
12	0	0	0	0	444	502	
13	0	0	0	0	434	495	
14	0	0	0	0	426	492	
15	0	0	0	0	416	497	
0	0	0	0	0	406	510	
1	0	0	0	0	401	524	
2	0	0	0	0	406	542	
3	0	0	0	0	418	550	
4	0	0	0	0	435	561	
5	0	0	0	0	452	572	
6	0	0	0	0	466	580	
7	0	0	0	0	476	585	
8	0	0	0	0	484	586	
9	0	0	0	0	487	583	
10	0	0	0	0	486	583	
11	0	0	0	0	486	579	
12	0	0	0	0	482	573	
13	0	0	0	0	483	568	
14	0	0	0	0	483	564	
15	0	0	0	0	479	563	
0	0	0	0	0	475	564	
1	0	0	0	0	471	555	
2	0	0	0	0	462	545	
3	0	0	0	0	455	538	
4	0	0	0	0	453	532	
5	0	0	0	0	451	525	
6	0	0	0	0	454	516	
7	0	0	0	0	463	511	
8	0	0	0	0	476	514	
9	0	0	0	0	484	518	
10	0	0	0	0	493	518	
11	0	0	0	0	504	515	
12	0	0	0	0	516	511	
13	0	0	0	0	525	511	
14	0	0	0	0	531	518	
15	0	0	0	0	536	523	
0	0	0	0	0	534	527	
1	0	0	0	0	529	529	
2	0	0	0	0	524	529	
3	0	0	0	0	516	528	
4	0	0	0	0	506	526	
5	0	0	0	0	503	522	
6	0	0	0	0	504	519	
7	0	0	0	0	509	520	
8	0	0	0	0	518	521	
9	0	0	0	0	522	524	
10	0	0	0	0	522	530	
11	0	0	0	0	516	537	
12	0	0	0	0	508	546	
13	0	0	0	0	499	549	
14	0	0	0	0	493	552	
15	0	0	0	0	489	558	
0	0	0	0	0	485	563	
1	0	0	0	0	480	566	
2	0	0	0	0	473	564	
3	0	0	0	0	460	558	
4	0	0	0	0	447	552	
5	0	0	0	0	437	551	
6	0	0	0	0	431	549	
7	0	0	0	0	423	544	
8	0	0	0	0	416	535	
9	0	0	0	0	412	524	
10	0	0	0	0	415	524	
11	0	0	0	0	424	531	
12	0	0	0	0	440	539	
13	0	0	0	0	456	547	
14	0	0	0	0	473	553	
15	0	0	0	0	486	561	
0	0	0	0	0	495	574	
1	0	0	0	0	499	582	
2	0	0	0	0	498	587	
3	0	0	0	0	495	586	
4	0	0	0	0	491	577	
5	0	0	0	0	487	564	
6	0	0	0	0	481	550	
7	0	0	0	0	477	537	
8	0	0	0	0	471	522	
9	0	0	0	0	467	506	
10	0	0	0	0	468	492	
11	0	0	0	0	469	484	
12	0	0	0	0	468	480	
13	0	0	0	0	469	479	
14	0	0	0	0	471	480	
15	0	0	0	0	473	480	
0	0	0	0	0	472	478	
1	0	0	0	0	475	475	
2	0	0	0	0	475	475	
3	0	0	0	0	476	474	
4	0	0	0	0	483	471	
5	0	0	0	0	488	468	
6	0	0	0	0	491	471	
7	0	0	0	0	491	478	
8	0	0	0	0	489	480	
9	0	0	0	0	481	476	
10	0	0	0	0	470	464	
11	0	0	0	0	459	456	
12	0	0	0	0	450	460	
13	0	0	0	0	449	474	
14	0	0	0	0	455	499	
15	0	0	0	0	469	530	
0	0	0	0	0	489	563	
1	0	0	0	0	507	593	
2	0	0	0	0	521	617	
3	0	0	0	0	531	629	
4	0	0	0	0	531	635	
5	0	0	0	0	529	631	
6	0	0	0	0	527	622	
7	0	0	0	0	519	611	
8	0	0	0	0	507	597	
9	0	0	0	0	490	585	
10	0	0	0	0	478	574	
11	0	0	0	0	466	563	
12	0	0	0	0	455	555	
13	0	0	0	0	447	547	
14	0	0	0	0	440	541	
15	0	0	0	0	435	539	
0	0	0	0	0	436	536	
1	0	0	0	0	438	533	
2	0	0	0	0	441	529	
3	0	0	0	0	445	525	
4	0	0	0	0	451	522	
5	0	0	0	0	462	524	
6	0	0	0	0	473	530	
7	0	0	0	0	485	538	
8	0	0	0	0	495	543	
9	0	0	0	0	502	546	
10	0	0	0	0	508	553	
11	0	0	0	0	514	563	
12	0	0	0	0	519	579	
13	0	0	0	0	521	592	
14	0	0	0	0	521	603	
15	0	0	0	0	524	612	
0	0	0	0	0	527	615	
1	0	0	0	0	532	614	
2	0	0	0	0	539	613	
3	0	0	0	0	547	611	
4	0	0	0	0	551	604	
5	0	0	0	0	553	596	
6	0	0	0	0	551	588	
7	0	0	0	0	551	579	
8	0	0	0	0	551	569	
9	0	0	0	0	550	563	
10	0	0	0	0	547	559	
11	0	0	0	0	546	556	
12	0	0	0	0	547	556	
13	0	0	0	0	546	563	
14	0	0	0	0	547	568	
15	0	0	0	0	543	568	
0	0	0	0	0	535	559	
1	0	0	0	0	523	554	
2	0	0	0	0	511	553	
3	0	0	0	0	499	555	
4	0	0	0	0	494	558	
5	0	0	0	0	489	558	
6	0	0	0	0	493	556	
7	0	0	0	0	500	555	
8	0	0	0	0	505	551	
9	0	0	0	0	509	547	
10	0	0	0	0	520	544	
11	0	0	0	0	532	543	
12	0	0	0	0	543	541	
13	0	0	0	0	553	536	
14	0	0	0	0	560	531	
15	0	0	0	0	568	529	
0	0	0	0	0	575	529	
1	0	0	0	0	587	530	
2	0	0	0	0	598	534	
3	0	0	0	0	609	539	
4	0	0	0	0	620	552	
5	0	0	0	0	626	563	
6	0	0	0	0	625	567	
7	0	0	0	0	617	564	
8	0	0	0	0	600	564	
9	0	0	0	0	582	561	
10	0	0	0	0	561	557	
11	0	0	0	0	539	552	
12	0	0	0	0	513	546	
13	0	0	0	0	487	539	
14	0	0	0	0	465	534	
15	0	0	0	0	441	531	
0	0	0	0	0	420	534	
1	0	0	0	0	403	540	
2	0	0	0	0	391	555	
3	0	0	0	0	377	577	
4	0	0	0	0	365	602	
5	0	0	0	0	349	621	
6	0	0	0	0	338	645	
7	0	0	0	0	328	668	
8	0	0	0	0	320	694	
9	0	0	0	0	316	712	
10	0	0	0	0	312	728	
11	0	0	0	0	309	750	
12	0	0	0	0	307	765	
13	0	0	0	0	305	792	
14	0	0	0	0	303	823	
15	0	0	0	0	301	853	
0	0	0	0	0	307	873	
1	0	0	0	0	316	884	
2	0	0	0	0	319	883	
3	0	0	0	0	320	876	
4	0	0	0	0	316	864	
5	0	0	0	0	312	849	
6	0	0	0	0	308	834	
7	0	0	0	0	304	820	
8	0	0	0	0	299	804	
9	0	0	0	0	293	798	
10	0	0	0	0	290	785	
11	0	0	0	0	294	776	
12	0	0	0	0	304	769	
13	0	0	0	0	311	760	
14	0	0	0	0	322	740	
15	0	0	0	0	336	720	
0	0	0	0	0	350	700	
1	0	0	0	0	360	686	
2	0	0	0	0	367	680	
3	0	0	0	0	375	682	
4	0	0	0	0	382	689	
5	0	0	0	0	390	705	
6	0	0	0	0	398	717	
7	0	0	0	0	403	725	
8	0	0	0	0	405	729	
9	0	0	0	0	406	730	
10	0	0	0	0	403	728	
11	0	0	0	0	401	723	
12	0	0	0	0	398	721	
13	0	0	0	0	395	725	
14	0	0	0	0	397	720	
15	0	0	0	0	402	717	
0	0	0	0	0	409	713	
1	0	0	0	0	410	702	
2	0	0	0	0	408	692	
3	0	0	0	0	404	688	
4	0	0	0	0	398	685	
5	0	0	0	0	391	682	
6	0	0	0	0	383	678	
7	0	0	0	0	380	668	
8	0	0	0	0	380	660	
9	0	0	0	0	383	655	
10	0	0	0	0	390	654	
11	0	0	0	0	401	655	
12	0	0	0	0	408	655	
13	0	0	0	0	411	654	
14	0	0	0	0	413	658	
15	0	0	0	0	408	652	
0	0	0	0	0	397	647	
1	0	0	0	0	384	636	
2	0	0	0	0	370	625	
3	0	0	0	0	359	617	
4	0	0	0	0	355	614	
5	0	0	0	0	356	618	
6	0	0	0	0	361	624	
7	0	0	0	0	371	629	
8	0	0	0	0	384	631	
9	0	0	0	0	397	637	
10	0	0	0	0	409	644	
11	0	0	0	0	419	649	
12	0	0	0	0	430	661	
13	0	0	0	0	439	669	
14	0	0	0	0	444	682	
15	0	0	0	0	449	691	
0	0	0	0	0	448	693	
1	0	0	0	0	447	689	
2	0	0	0	0	448	684	
3	0	0	0	0	445	677	
4	0	0	0	0	448	675	
5	0	0	0	0	455	666	
6	0	0	0	0	464	656	
7	0	0	0	0	476	648	
8	0	0	0	0	484	639	
9	0	0	0	0	491	627	
10	0	0	0	0	492	615	
11	0	0	0	0	491	604	
12	0	0	0	0	488	597	
13	0	0	0	0	482	593	
14	0	0	0	0	477	593	
15	0	0	0	0	475	596	
0	0	0	0	0	474	601	
1	0	0	0	0	471	607	
2	0	0	0	0	466	611	
3	0	0	0	0	464	613	
4	0	0	0	0	462	615	
5	0	0	0	0	463	618	
6	0	0	0	0	467	624	
7	0	0	0	0	473	635	
8	0	0	0	0	481	644	
9	0	0	0	0	492	658	
10	0	0	0	0	505	678	
11	0	0	0	0	519	697	
12	0	0	0	0	529	713	
13	0	0	0	0	537	720	
14	0	0	0	0	536	712	
15	0	0	0	0	531	701	
0	0	0	0	0	530	684	
1	0	0	0	0	528	665	
2	0	0	0	0	528	647	
3	0	0	0	0	536	628	
4	0	0	0	0	539	607	
5	0	0	0	0	542	589	
6	0	0	0	0	543	578	
7	0	0	0	0	546	571	
8	0	0	0	0	546	571	
9	0	0	0	0	547	574	
10	0	0	0	0	551	582	
11	0	0	0	0	562	585	
12	0	0	0	0	574	587	
13	0	0	0	0	579	585	
14	0	0	0	0	581	582	
15	0	0	0	0	580	577	
0	0	0	0	0	577	572	
1	0	0	0	0	571	567	
2	0	0	0	0	566	566	
3	0	0	0	0	561	569	
4	0	0	0	0	557	572	
5	0	0	0	0	554	572	
6	0	0	0	0	552	570	
7	0	0	0	0	549	560	
8	0	0	0	0	543	546	
9	0	0	0	0	534	531	
10	0	0	0	0	530	515	
11	0	0	0	0	534	511	
12	0	0	0	0	538	514	
13	0	0	0	0	534	525	
14	0	0	0	0	531	548	
15	0	0	0	0	529	577	
0	0	0	0	0	529	609	
1	0	0	0	0	536	628	
2	0	0	0	0	546	626	
3	0	0	0	0	555	609	
4	0	0	0	0	564	583	
5	0	0	0	0	573	560	
6	0	0	0	0	580	542	
7	0	0	0	0	587	533	
8	0	0	0	0	593	523	
9	0	0	0	0	593	514	
10	0	0	0	0	593	511	
11	0	0	0	0	595	512	
12	0	0	0	0	597	518	
13	0	0	0	0	599	526	
14	0	0	0	0	600	533	
15	0	0	0	0	599	539	
0	0	0	0	0	600	544	
1	0	0	0	0	604	545	
2	0	0	0	0	608	540	
3	0	0	0	0	609	534	
4	0	0	0	0	607	529	
5	0	0	0	0	600	525	
6	0	0	0	0	592	523	
7	0	0	0	0	584	522	
8	0	0	0	0	580	518	
9	0	0	0	0	579	516	
10	0	0	0	0	581	514	
11	0	0	0	0	585	509	
12	0	0	0	0	591	504	
13	0	0	0	0	596	504	
14	0	0	0	0	600	510	
15	0	0	0	0	600	517	
0	0	0	0	0	600	522	
1	0	0	0	0	601	527	
2	0	0	0	0	600	536	
3	0	0	0	0	593	550	
4	0	0	0	0	586	561	
5	0	0	0	0	579	566	
6	0	0	0	0	571	564	
7	0	0	0	0	563	554	
8	0	0	0	0	554	539	
9	0	0	0	0	547	520	
10	0	0	0	0	545	494	
11	0	0	0	0	549	478	
12	0	0	0	0	560	476	
13	0	0	0	0	572	483	
14	0	0	0	0	585	488	
15	0	0	0	0	599	492	
0	0	0	0	0	611	494	
1	0	0	0	0	620	495	
2	0	0	0	0	625	495	
3	0	0	0	0	630	496	
4	0	0	0	0	632	496	
5	0	0	0	0	631	492	
6	0	0	0	0	626	483	
7	0	0	0	0	620	468	
8	0	0	0	0	615	452	
9	0	0	0	0	610	438	
10	0	0	0	0	606	426	
11	0	0	0	0	600	419	
12	0	0	0	0	596	415	
13	0	0	0	0	592	415	
14	0	0	0	0	594	415	
15	0	0	0	0	591	411	
0	0	0	0	0	591	408	
1	0	0	0	0	591	408	
2	0	0	0	0	585	407	
3	0	0	0	0	580	409	
4	0	0	0	0	577	414	
5	0	0	0	0	571	419	
6	0	0	0	0	565	428	
7	0	0	0	0	563	433	
8	0	0	0	0	559	439	
9	0	0	0	0	554	448	
10	0	0	0	0	549	457	
11	0	0	0	0	547	466	
12	0	0	0	0	544	473	
13	0	0	0	0	536	479	
14	0	0	0	0	527	483	
15	0	0	0	0	518	483	
0	0	0	0	0	513	487	
1	0	0	0	0	518	500	
2	0	0	0	0	531	523	
3	0	0	0	0	552	545	
4	0	0	0	0	575	561	
5	0	0	0	0	600	573	
6	0	0	0	0	623	582	
7	0	0	0	0	636	588	
8	0	0	0	0	647	582	
9	0	0	0	0	650	572	
10	0	0	0	0	651	556	
11	0	0	0	0	650	535	
12	0	0	0	0	642	509	
13	0	0	0	0	626	479	
14	0	0	0	0	611	451	
15	0	0	0	0	593	432	
0	0	0	0	0	577	413	
1	0	0	0	0	561	397	
2	0	0	0	0	544	381	
3	0	0	0	0	525	366	
4	0	0	0	0	507	353	
5	0	0	0	0	491	347	
6	0	0	0	0	481	346	
7	0	0	0	0	478	366	
8	0	0	0	0	480	390	
9	0	0	0	0	486	418	
10	0	0	0	0	489	446	
11	0	0	0	0	493	473	
12	0	0	0	0	496	493	
13	0	0	0	0	494	508	
14	0	0	0	0	491	521	
15	0	0	0	0	487	531	
0	0	0	0	0	487	538	
1	0	0	0	0	492	532	
2	0	0	0	0	500	511	
3	0	0	0	0	505	477	
4	0	0	0	0	505	440	
5	0	0	0	0	506	415	
6	0	0	0	0	504	395	
7	0	0	0	0	505	382	
8	0	0	0	0	512	377	
9	0	0	0	0	527	391	
10	0	0	0	0	551	416	
11	0	0	0	0	570	446	
12	0	0	0	0	582	472	
13	0	0	0	0	593	492	
14	0	0	0	0	600	500	
15	0	0	0	0	602	499	
0	0	0	0	0	597	492	
1	0	0	0	0	590	480	
2	0	0	0	0	582	467	
3	0	0	0	0	572	457	
4	0	0	0	0	558	444	
5	0	0	0	0	548	432	
6	0	0	0	0	543	422	
7	0	0	0	0	540	413	
8	0	0	0	0	541	409	
9	0	0	0	0	540	408	
10	0	0	0	0	538	413	
11	0	0	0	0	537	416	
12	0	0	0	0	537	418	
13	0	0	0	0	535	421	
14	0	0	0	0	536	423	
15	0	0	0	0	535	429	
0	0	0	0	0	531	437	
1	0	0	0	0	528	446	
2	0	0	0	0	527	452	
3	0	0	0	0	531	460	
4	0	0	0	0	536	469	
5	0	0	0	0	542	479	
6	0	0	0	0	552	485	
7	0	0	0	0	563	490	
8	0	0	0	0	574	489	
9	0	0	0	0	580	487	
10	0	0	0	0	579	484	
11	0	0	0	0	574	479	
12	0	0	0	0	567	472	
13	0	0	0	0	557	465	
14	0	0	0	0	542	460	
15	0	0	0	0	526	455	
0	0	0	0	0	512	449	
1	0	0	0	0	509	449	
2	0	0	0	0	512	459	
3	0	0	0	0	514	476	
4	0	0	0	0	518	494	
5	0	0	0	0	524	511	
6	0	0	0	0	534	526	
7	0	0	0	0	542	533	
8	0	0	0	0	543	527	
9	0	0	0	0	542	514	
10	0	0	0	0	538	498	
11	0	0	0	0	533	482	
12	0	0	0	0	530	469	
13	0	0	0	0	529	457	
14	0	0	0	0	529	445	
15	0	0	0	0	532	440	
0	0	0	0	0	538	436	
1	0	0	0	0	543	429	
2	0	0	0	0	543	419	
3	0	0	0	0	540	403	
4	0	0	0	0	533	386	
5	0	0	0	0	533	380	
6	0	0	0	0	539	382	
7	0	0	0	0	550	394	
8	0	0	0	0	560	403	
9	0	0	0	0	568	408	
10	0	0	0	0	569	414	
11	0	0	0	0	568	417	
12	0	0	0	0	571	414	
13	0	0	0	0	575	419	
14	0	0	0	0	575	423	
15	0	0	0	0	571	428	
0	0	0	0	0	567	435	
1	0	0	0	0	563	444	
2	0	0	0	0	558	449	
3	0	0	0	0	552	451	
4	0	0	0	0	545	458	
5	0	0	0	0	538	475	
6	0	0	0	0	537	493	
7	0	0	0	0	536	507	
8	0	0	0	0	532	510	
9	0	0	0	0	528	506	
10	0	0	0	0	521	496	
11	0	0	0	0	511	481	
12	0	0	0	0	493	464	
13	0	0	0	0	478	446	
14	0	0	0	0	466	430	
15	0	0	0	0	452	411	
0	0	0	0	0	443	404	
1	0	0	0	0	441	410	
2	0	0	0	0	443	427	
3	0	0	0	0	454	451	
4	0	0	0	0	477	482	
5	0	0	0	0	505	516	
6	0	0	0	0	534	547	
7	0	0	0	0	563	569	
8	0	0	0	0	587	582	
9	0	0	0	0	608	588	
10	0	0	0	0	623	588	
11	0	0	0	0	631	580	
12	0	0	0	0	632	567	
13	0	0	0	0	627	551	
14	0	0	0	0	622	529	
15	0	0	0	0	620	505	
0	0	0	0	0	618	484	
1	0	0	0	0	618	474	
2	0	0	0	0	618	474	
3	0	0	0	0	618	478	
4	0	0	0	0	614	486	
5	0	0	0	0	611	488	
6	0	0	0	0	604	492	
7	0	0	0	0	595	495	
8	0	0	0	0	587	495	
9	0	0	0	0	582	493	
10	0	0	0	0	576	492	
11	0	0	0	0	575	496	
12	0	0	0	0	579	501	
13	0	0	0	0	587	510	
14	0	0	0	0	593	520	
15	0	0	0	0	597	528	
0	0	0	0	0	600	535	
1	0	0	0	0	600	539	
2	0	0	0	0	595	541	
3	0	0	0	0	588	540	
4	0	0	0	0	579	539	
5	0	0	0	0	574	536	
6	0	0	0	0	569	535	
7	0	0	0	0	571	532	
8	0	0	0	0	574	527	
9	0	0	0	0	577	527	
10	0	0	0	0	583	535	
11	0	0	0	0	591	548	
12	0	0	0	0	603	561	
13	0	0	0	0	619	573	
14	0	0	0	0	636	582	
15	0	0	0	0	648	589	
0	0	0	0	0	655	594	
1	0	0	0	0	660	596	
2	0	0	0	0	660	595	
3	0	0	0	0	655	591	
4	0	0	0	0	652	581	
5	0	0	0	0	650	571	
6	0	0	0	0	648	559	
7	0	0	0	0	645	548	
8	0	0	0	0	643	541	
9	0	0	0	0	642	537	
10	0	0	0	0	640	532	
11	0	0	0	0	638	528	
12	0	0	0	0	631	522	
13	0	0	0	0	621	520	
14	0	0	0	0	610	521	
15	0	0	0	0	600	525	
0	0	0	0	0	593	529	
1	0	0	0	0	591	527	
2	0	0	0	0	593	525	
3	0	0	0	0	598	526	
4	0	0	0	0	607	531	
5	0	0	0	0	619	542	
6	0	0	0	0	625	556	
7	0	0	0	0	628	572	
8	0	0	0	0	628	585	
9	0	0	0	0	628	601	
10	0	0	0	0	623	612	
11	0	0	0	0	617	621	
12	0	0	0	0	612	623	
13	0	0	0	0	608	622	
14	0	0	0	0	606	617	
15	0	0	0	0	609	613	
0	0	0	0	0	613	606	
1	0	0	0	0	622	593	
2	0	0	0	0	626	579	
3	0	0	0	0	631	565	
4	0	0	0	0	632	555	
5	0	0	0	0	631	547	
6	0	0	0	0	633	539	
7	0	0	0	0	631	528	
8	0	0	0	0	627	519	
9	0	0	0	0	626	510	
10	0	0	0	0	621	497	
11	0	0	0	0	615	480	
12	0	0	0	0	610	460	
13	0	0	0	0	610	443	
14	0	0	0	0	614	434	
15	0	0	0	0	620	428	
0	0	0	0	0	625	423	
1	0	0	0	0	630	428	
2	0	0	0	0	633	432	
3	0	0	0	0	638	436	
4	0	0	0	0	645	442	
5	0	0	0	0	649	450	
6	0	0	0	0	655	456	
7	0	0	0	0	661	465	
8	0	0	0	0	666	475	
9	0	0	0	0	670	489	
10	0	0	0	0	672	498	
11	0	0	0	0	673	502	
12	0	0	0	0	675	510	
13	0	0	0	0	675	515	
14	0	0	0	0	676	516	
15	0	0	0	0	679	514	
0	0	0	0	0	685	511	
1	0	0	0	0	688	503	
2	0	0	0	0	687	490	
3	0	0	0	0	687	472	
4	0	0	0	0	685	465	
5	0	0	0	0	679	463	
6	0	0	0	0	669	463	
7	0	0	0	0	662	466	
8	0	0	0	0	649	465	
9	0	0	0	0	631	462	
10	0	0	0	0	612	462	
11	0	0	0	0	599	459	
12	0	0	0	0	589	455	
13	0	0	0	0	579	454	
14	0	0	0	0	579	455	
15	0	0	0	0	581	458	
0	0	0	0	0	588	462	
1	0	0	0	0	599	466	
2	0	0	0	0	609	465	
3	0	0	0	0	619	462	
4	0	0	0	0	624	462	
5	0	0	0	0	626	461	
6	0	0	0	0	629	457	
7	0	0	0	0	631	459	
8	0	0	0	0	628	459	
9	0	0	0	0	623	459	
10	0	0	0	0	620	458	
11	0	0	0	0	617	459	
12	0	0	0	0	613	465	
13	0	0	0	0	606	470	
14	0	0	0	0	595	478	
15	0	0	0	0	580	491	
0	0	0	0	0	566	502	
1	0	0	0	0	549	508	
2	0	0	0	0	535	512	
3	0	0	0	0	527	512	
4	0	0	0	0	527	514	
5	0	0	0	0	537	519	
6	0	0	0	0	548	524	
7	0	0	0	0	564	523	
8	0	0	0	0	579	519	
9	0	0	0	0	597	508	
10	0	0	0	0	611	497	
11	0	0	0	0	616	483	
12	0	0	0	0	616	470	
13	0	0	0	0	616	452	
14	0	0	0	0	612	432	
15	0	0	0	0	605	422	
0	0	0	0	0	599	411	
1	0	0	0	0	600	401	
2	0	0	0	0	601	402	
3	0	0	0	0	600	399	
4	0	0	0	0	595	398	
5	0	0	0	0	588	405	
6	0	0	0	0	578	416	
7	0	0	0	0	564	431	
8	0	0	0	0	549	451	
9	0	0	0	0	537	472	
10	0	0	0	0	531	493	
11	0	0	0	0	530	510	
12	0	0	0	0	528	515	
13	0	0	0	0	529	516	
14	0	0	0	0	535	513	
15	0	0	0	0	537	508	
0	0	0	0	0	536	501	
1	0	0	0	0	539	495	
2	0	0	0	0	542	489	
3	0	0	0	0	543	480	
4	0	0	0	0	545	471	
5	0	0	0	0	546	461	
6	0	0	0	0	549	450	
7	0	0	0	0	551	445	
8	0	0	0	0	551	442	
9	0	0	0	0	551	444	
10	0	0	0	0	552	448	
11	0	0	0	0	552	447	
12	0	0	0	0	551	444	
13	0	0	0	0	551	446	
14	0	0	0	0	551	455	
15	0	0	0	0	550	465	
0	0	0	0	0	551	473	
1	0	0	0	0	555	479	
2	0	0	0	0	563	487	
3	0	0	0	0	573	494	
4	0	0	0	0	582	494	
5	0	0	0	0	591	487	
6	0	0	0	0	596	477	
7	0	0	0	0	597	463	
8	0	0	0	0	598	452	
9	0	0	0	0	595	440	
10	0	0	0	0	591	432	
11	0	0	0	0	585	421	
12	0	0	0	0	576	417	
13	0	0	0	0	564	416	
14	0	0	0	0	551	419	
15	0	0	0	0	540	421	
0	0	0	0	0	530	425	
1	0	0	0	0	516	427	
2	0	0	0	0	505	429	
3	0	0	0	0	499	437	
4	0	0	0	0	496	445	
5	0	0	0	0	498	454	
6	0	0	0	0	500	460	
7	0	0	0	0	504	462	
8	0	0	0	0	505	461	
9	0	0	0	0	507	455	
10	0	0	0	0	509	446	
11	0	0	0	0	510	439	
12	0	0	0	0	511	432	
13	0	0	0	0	516	419	
14	0	0	0	0	525	408	
15	0	0	0	0	535	401	
0	0	0	0	0	545	400	
1	0	0	0	0	556	407	
2	0	0	0	0	565	414	
3	0	0	0	0	569	419	
4	0	0	0	0	568	427	
5	0	0	0	0	566	429	
6	0	0	0	0	560	432	
7	0	0	0	0	563	436	
8	0	0	0	0	569	446	
9	0	0	0	0	575	460	
10	0	0	0	0	586	478	
11	0	0	0	0	590	487	
12	0	0	0	0	594	499	
13	0	0	0	0	597	507	
14	0	0	0	0	598	512	
15	0	0	0	0	594	516	
0	0	0	0	0	587	510	
1	0	0	0	0	581	494	
2	0	0	0	0	575	476	
3	0	0	0	0	566	463	
4	0	0	0	0	554	448	
5	0	0	0	0	544	432	
6	0	0	0	0	536	419	
7	0	0	0	0	528	417	
8	0	0	0	0	524	421	
9	0	0	0	0	523	429	
10	0	0	0	0	518	430	
11	0	0	0	0	515	430	
12	0	0	0	0	511	425	
13	0	0	0	0	514	422	
14	0	0	0	0	519	423	
15	0	0	0	0	522	423	
0	0	0	0	0	524	426	
1	0	0	0	0	523	434	
2	0	0	0	0	525	446	
3	0	0	0	0	523	452	
4	0	0	0	0	519	452	
5	0	0	0	0	511	451	
6	0	0	0	0	504	450	
7	0	0	0	0	500	448	
8	0	0	0	0	500	447	
9	0	0	0	0	497	451	
10	0	0	0	0	493	458	
11	0	0	0	0	487	464	
12	0	0	0	0	478	468	
13	0	0	0	0	462	467	
14	0	0	0	0	446	460	
15	0	0	0	0	435	459	
0	0	0	0	0	433	456	
1	0	0	0	0	434	456	
2	0	0	0	0	437	459	
3	0	0	0	0	443	461	
4	0	0	0	0	452	462	
5	0	0	0	0	462	457	
6	0	0	0	0	471	453	
7	0	0	0	0	479	454	
8	0	0	0	0	486	458	
9	0	0	0	0	496	465	
10	0	0	0	0	504	475	
11	0	0	0	0	513	482	
12	0	0	0	0	521	484	
13	0	0	0	0	526	481	
14	0	0	0	0	532	476	
15	0	0	0	0	539	477	
0	0	0	0	0	543	485	
1	0	0	0	0	551	490	
2	0	0	0	0	559	489	
3	0	0	0	0	567	487	
4	0	0	0	0	566	483	
5	0	0	0	0	564	483	
6	0	0	0	0	560	486	
7	0	0	0	0	556	488	
8	0	0	0	0	552	495	
9	0	0	0	0	548	503	
10	0	0	0	0	544	510	
11	0	0	0	0	538	511	
12	0	0	0	0	528	508	
13	0	0	0	0	519	499	
14	0	0	0	0	510	487	
15	0	0	0	0	502	472	
0	0	0	0	0	493	463	
1	0	0	0	0	488	461	
2	0	0	0	0	484	468	
3	0	0	0	0	481	485	
4	0	0	0	0	482	511	
5	0	0	0	0	486	533	
6	0	0	0	0	495	549	
7	0	0	0	0	504	556	
8	0	0	0	0	516	563	
9	0	0	0	0	526	567	
10	0	0	0	0	535	568	
11	0	0	0	0	540	564	
12	0	0	0	0	542	555	
13	0	0	0	0	541	544	
14	0	0	0	0	539	534	
15	0	0	0	0	536	530	
0	0	0	0	0	532	527	
1	0	0	0	0	528	524	
2	0	0	0	0	524	524	
3	0	0	0	0	524	526	
4	0	0	0	0	524	526	
5	0	0	0	0	525	525	
6	0	0	0	0	524	523	
7	0	0	0	0	520	523	
8	0	0	0	0	518	523	
9	0	0	0	0	518	518	
10	0	0	0	0	519	506	
11	0	0	0	0	518	491	
12	0	0	0	0	519	476	
13	0	0	0	0	523	469	
14	0	0	0	0	524	467	
15	0	0	0	0	523	472	
0	0	0	0	0	524	483	
1	0	0	0	0	524	497	
2	0	0	0	0	525	512	
3	0	0	0	0	524	520	
4	0	0	0	0	522	521	
5	0	0	0	0	521	520	
6	0	0	0	0	522	521	
7	0	0	0	0	524	518	
8	0	0	0	0	526	518	
9	0	0	0	0	523	519	
10	0	0	0	0	516	521	
11	0	0	0	0	510	519	
12	0	0	0	0	501	516	
13	0	0	0	0	492	518	
14	0	0	0	0	483	516	
15	0	0	0	0	474	516	
0	0	0	0	0	467	519	
1	0	0	0	0	465	527	
2	0	0	0	0	467	529	
3	0	0	0	0	471	527	
4	0	0	0	0	478	521	
5	0	0	0	0	485	516	
6	0	0	0	0	493	510	
7	0	0	0	0	496	503	
8	0	0	0	0	497	496	
9	0	0	0	0	496	496	
10	0	0	0	0	492	504	
11	0	0	0	0	487	518	
12	0	0	0	0	480	534	
13	0	0	0	0	475	548	
14	0	0	0	0	467	556	
15	0	0	0	0	459	560	
0	0	0	0	0	456	562	
1	0	0	0	0	457	562	
2	0	0	0	0	460	562	
3	0	0	0	0	467	556	
4	0	0	0	0	473	548	
5	0	0	0	0	482	538	
6	0	0	0	0	491	529	
7	0	0	0	0	495	521	
8	0	0	0	0	499	514	
9	0	0	0	0	502	509	
10	0	0	0	0	502	504	
11	0	0	0	0	498	496	
12	0	0	0	0	491	489	
13	0	0	0	0	486	480	
14	0	0	0	0	481	476	
15	0	0	0	0	481	476	
0	0	0	0	0	489	479	
1	0	0	0	0	501	487	
2	0	0	0	0	516	505	
3	0	0	0	0	532	527	
4	0	0	0	0	545	547	
5	0	0	0	0	555	565	
6	0	0	0	0	559	574	
7	0	0	0	0	562	579	
8	0	0	0	0	560	577	
9	0	0	0	0	552	570	
10	0	0	0	0	543	557	
11	0	0	0	0	536	541	
12	0	0	0	0	532	525	
13	0	0	0	0	533	515	
14	0	0	0	0	531	504	
15	0	0	0	0	523	496	
0	0	0	0	0	513	489	
1	0	0	0	0	503	481	
2	0	0	0	0	492	471	
3	0	0	0	0	484	464	
4	0	0	0	0	480	460	
5	0	0	0	0	477	450	
6	0	0	0	0	477	443	
7	0	0	0	0	480	439	
8	0	0	0	0	485	436	
9	0	0	0	0	491	435	
10	0	0	0	0	496	436	
11	0	0	0	0	502	443	
12	0	0	0	0	508	453	
13	0	0	0	0	515	464	
14	0	0	0	0	521	479	
15	0	0	0	0	529	496	
0	0	0	0	0	539	516	
1	0	0	0	0	549	532	
2	0	0	0	0	561	544	
3	0	0	0	0	571	549	
4	0	0	0	0	572	550	
5	0	0	0	0	571	549	
6	0	0	0	0	567	543	
7	0	0	0	0	560	530	
8	0	0	0	0	542	518	
9	0	0	0	0	519	508	
10	0	0	0	0	496	503	
11	0	0	0	0	480	499	
12	0	0	0	0	472	496	
13	0	0	0	0	467	498	
14	0	0	0	0	468	495	
15	0	0	0	0	473	490	
0	0	0	0	0	479	490	
1	0	0	0	0	479	488	
2	0	0	0	0	478	484	
3	0	0	0	0	476	476	
4	0	0	0	0	471	472	
5	0	0	0	0	467	470	
6	0	0	0	0	467	469	
7	0	0	0	0	467	473	
8	0	0	0	0	468	479	
9	0	0	0	0	472	487	
10	0	0	0	0	478	495	
11	0	0	0	0	484	504	
12	0	0	0	0	492	515	
13	0	0	0	0	498	524	
14	0	0	0	0	503	531	
15	0	0	0	0	508	538	
0	0	0	0	0	512	540	
1	0	0	0	0	514	540	
2	0	0	0	0	509	540	
3	0	0	0	0	500	540	
4	0	0	0	0	493	539	
5	0	0	0	0	487	540	
6	0	0	0	0	483	541	
7	0	0	0	0	483	543	
8	0	0	0	0	483	541	
9	0	0	0	0	487	544	
10	0	0	0	0	495	549	
11	0	0	0	0	505	555	
12	0	0	0	0	515	559	
13	0	0	0	0	526	558	
14	0	0	0	0	532	556	
15	0	0	0	0	534	552	
0	0	0	0	0	533	551	
1	0	0	0	0	530	550	
2	0	0	0	0	527	547	
3	0	0	0	0	525	541	
4	0	0	0	0	523	531	
5	0	0	0	0	518	517	
6	0	0	0	0	515	504	
7	0	0	0	0	515	490	
8	0	0	0	0	518	480	
9	0	0	0	0	526	473	
10	0	0	0	0	536	472	
11	0	0	0	0	543	472	
12	0	0	0	0	547	477	
13	0	0	0	0	545	481	
14	0	0	0	0	543	485	
15	0	0	0	0	536	487	
0	0	0	0	0	523	486	
1	0	0	0	0	508	487	
2	0	0	0	0	497	488	
3	0	0	0	0	488	490	
4	0	0	0	0	484	493	
5	0	0	0	0	481	499	
6	0	0	0	0	482	496	
7	0	0	0	0	486	495	
8	0	0	0	0	492	496	
9	0	0	0	0	495	503	
10	0	0	0	0	495	510	
11	0	0	0	0	492	519	
12	0	0	0	0	490	526	
13	0	0	0	0	489	535	
14	0	0	0	0	486	540	
15	0	0	0	0	487	546	
0	0	0	0	0	489	549	
1	0	0	0	0	488	549	
2	0	0	0	0	487	544	
3	0	0	0	0	486	536	
4	0	0	0	0	489	533	
5	0	0	0	0	490	533	
6	0	0	0	0	483	529	
7	0	0	0	0	473	523	
8	0	0	0	0	461	517	
9	0	0	0	0	451	512	
10	0	0	0	0	448	508	
11	0	0	0	0	448	503	
12	0	0	0	0	449	497	
13	0	0	0	0	451	491	
14	0	0	0	0	452	483	
15	0	0	0	0	455	475	
0	0	0	0	0	463	477	
1	0	0	0	0	475	484	
2	0	0	0	0	480	494	
3	0	0	0	0	487	501	
4	0	0	0	0	492	508	
5	0	0	0	0	497	519	
6	0	0	0	0	506	531	
7	0	0	0	0	516	536	
8	0	0	0	0	529	532	
9	0	0	0	0	537	524	
10	0	0	0	0	542	514	
11	0	0	0	0	543	501	
12	0	0	0	0	542	492	
13	0	0	0	0	535	484	
14	0	0	0	0	523	482	
15	0	0	0	0	511	480	
0	0	0	0	0	503	479	
1	0	0	0	0	492	480	
2	0	0	0	0	478	479	
3	0	0	0	0	465	474	
4	0	0	0	0	458	463	
5	0	0	0	0	459	448	
6	0	0	0	0	463	440	
7	0	0	0	0	469	441	
8	0	0	0	0	474	447	
9	0	0	0	0	479	458	
10	0	0	0	0	484	475	
11	0	0	0	0	489	497	
12	0	0	0	0	499	521	
13	0	0	0	0	508	538	
14	0	0	0	0	512	551	
15	0	0	0	0	513	560	
0	0	0	0	0	512	564	
1	0	0	0	0	511	563	
2	0	0	0	0	511	561	
3	0	0	0	0	509	561	
4	0	0	0	0	504	558	
5	0	0	0	0	498	556	
6	0	0	0	0	496	553	
7	0	0	0	0	496	550	
8	0	0	0	0	495	546	
9	0	0	0	0	496	537	
10	0	0	0	0	496	526	
11	0	0	0	0	497	514	
12	0	0	0	0	499	503	
13	0	0	0	0	504	499	
14	0	0	0	0	507	500	
15	0	0	0	0	514	506	
0	0	0	0	0	518	514	
1	0	0	0	0	522	524	
2	0	0	0	0	529	535	
3	0	0	0	0	534	542	
4	0	0	0	0	534	544	
5	0	0	0	0	534	542	
6	0	0	0	0	534	540	
7	0	0	0	0	531	538	
8	0	0	0	0	526	538	
9	0	0	0	0	522	535	
10	0	0	0	0	516	532	
11	0	0	0	0	509	530	
12	0	0	0	0	504	534	
13	0	0	0	0	501	536	
14	0	0	0	0	503	540	
15	0	0	0	0	503	540	
0	0	0	0	0	506	536	
1	0	0	0	0	513	530	
2	0	0	0	0	522	526	
3	0	0	0	0	535	522	
4	0	0	0	0	545	519	
5	0	0	0	0	551	519	
6	0	0	0	0	557	523	
7	0	0	0	0	561	532	
8	0	0	0	0	565	547	
9	0	0	0	0	562	561	
10	0	0	0	0	560	575	
11	0	0	0	0	566	584	
12	0	0	0	0	572	588	
13	0	0	0	0	576	584	
14	0	0	0	0	578	570	
15	0	0	0	0	579	554	
0	0	0	0	0	577	542	
1	0	0	0	0	576	529	
2	0	0	0	0	575	519	
3	0	0	0	0	574	512	
4	0	0	0	0	572	507	
5	0	0	0	0	567	501	
6	0	0	0	0	558	499	
7	0	0	0	0	547	496	
8	0	0	0	0	538	491	
9	0	0	0	0	534	484	
10	0	0	0	0	529	476	
11	0	0	0	0	526	467	
12	0	0	0	0	519	456	
13	0	0	0	0	514	444	
14	0	0	0	0	510	441	
15	0	0	0	0	507	444	
0	0	0	0	0	506	445	
1	0	0	0	0	502	447	
2	0	0	0	0	500	447	
3	0	0	0	0	497	444	
4	0	0	0	0	496	440	
5	0	0	0	0	496	433	
6	0	0	0	0	495	432	
7	0	0	0	0	494	433	
8	0	0	0	0	494	437	
9	0	0	0	0	490	445	
10	0	0	0	0	490	450	
11	0	0	0	0	490	457	
12	0	0	0	0	494	462	
13	0	0	0	0	499	468	
14	0	0	0	0	512	475	
15	0	0	0	0	528	484	
0	0	0	0	0	544	494	
1	0	0	0	0	557	500	
2	0	0	0	0	564	508	
3	0	0	0	0	567	510	
4	0	0	0	0	567	509	
5	0	0	0	0	565	504	
6	0	0	0	0	556	496	
7	0	0	0	0	547	491	
8	0	0	0	0	538	486	
9	0	0	0	0	532	480	
10	0	0	0	0	524	477	
11	0	0	0	0	518	471	
12	0	0	0	0	514	464	
13	0	0	0	0	511	463	
14	0	0	0	0	510	463	
15	0	0	0	0	508	466	
0	0	0	0	0	503	472	
1	0	0	0	0	499	480	
2	0	0	0	0	490	490	
3	0	0	0	0	482	496	
4	0	0	0	0	475	498	
5	0	0	0	0	468	495	
6	0	0	0	0	466	496	
7	0	0	0	0	467	498	
8	0	0	0	0	472	503	
9	0	0	0	0	476	510	
10	0	0	0	0	482	514	
11	0	0	0	0	485	516	
12	0	0	0	0	485	515	
13	0	0	0	0	481	509	
14	0	0	0	0	476	503	
15	0	0	0	0	472	497	
0	0	0	0	0	473	492	
1	0	0	0	0	476	494	
2	0	0	0	0	484	494	
3	0	0	0	0	497	496	
4	0	0	0	0	516	499	
5	0	0	0	0	536	506	
6	0	0	0	0	556	514	
7	0	0	0	0	567	521	
8	0	0	0	0	573	526	
9	0	0	0	0	566	525	
10	0	0	0	0	555	518	
11	0	0	0	0	542	505	
12	0	0	0	0	530	496	
13	0	0	0	0	524	490	
14	0	0	0	0	519	485	
15	0	0	0	0	518	479	
0	0	0	0	0	517	472	
1	0	0	0	0	516	466	
2	0	0	0	0	515	463	
3	0	0	0	0	512	457	
4	0	0	0	0	512	455	
5	0	0	0	0	512	455	
6	0	0	0	0	514	454	
7	0	0	0	0	517	454	
8	0	0	0	0	518	458	
9	0	0	0	0	516	465	
10	0	0	0	0	509	472	
11	0	0	0	0	497	474	
12	0	0	0	0	487	469	
13	0	0	0	0	483	460	
14	0	0	0	0	480	449	
15	0	0	0	0	476	436	
0	0	0	0	0	476	428	
1	0	0	0	0	481	424	
2	0	0	0	0	486	423	
3	0	0	0	0	496	425	
4	0	0	0	0	506	432	
5	0	0	0	0	519	445	
6	0	0	0	0	535	457	
7	0	0	0	0	549	468	
8	0	0	0	0	560	478	
9	0	0	0	0	563	485	
10	0	0	0	0	559	492	
11	0	0	0	0	550	497	
12	0	0	0	0	536	506	
13	0	0	0	0	525	513	
14	0	0	0	0	518	518	
15	0	0	0	0	515	521	
0	0	0	0	0	514	524	
1	0	0	0	0	516	522	
2	0	0	0	0	519	518	
3	0	0	0	0	525	507	
4	0	0	0	0	530	503	
5	0	0	0	0	532	508	
6	0	0	0	0	535	512	
7	0	0	0	0	537	511	
8	0	0	0	0	534	510	
9	0	0	0	0	531	510	
10	0	0	0	0	528	510	
11	0	0	0	0	526	508	
12	0	0	0	0	527	508	
13	0	0	0	0	525	508	
14	0	0	0	0	521	510	
15	0	0	0	0	514	504	
0	0	0	0	0	509	489	
1	0	0	0	0	508	470	
2	0	0	0	0	508	457	
3	0	0	0	0	511	448	
4	0	0	0	0	520	445	
5	0	0	0	0	534	443	
6	0	0	0	0	548	446	
7	0	0	0	0	566	453	
8	0	0	0	0	579	457	
9	0	0	0	0	593	454	
10	0	0	0	0	600	450	
11	0	0	0	0	604	446	
12	0	0	0	0	604	444	
13	0	0	0	0	596	446	
14	0	0	0	0	584	449	
15	0	0	0	0	572	451	
0	0	0	0	0	557	451	
1	0	0	0	0	539	449	
2	0	0	0	0	521	446	
3	0	0	0	0	504	439	
4	0	0	0	0	484	432	
5	0	0	0	0	471	428	
6	0	0	0	0	471	431	
7	0	0	0	0	486	444	
8	0	0	0	0	509	461	
9	0	0	0	0	540	483	
10	0	0	0	0	571	499	
11	0	0	0	0	598	508	
12	0	0	0	0	617	506	
13	0	0	0	0	626	499	
14	0	0	0	0	629	488	
15	0	0	0	0	630	478	
0	0	0	0	0	625	477	
1	0	0	0	0	619	478	
2	0	0	0	0	611	478	
3	0	0	0	0	603	476	
4	0	0	0	0	594	476	
5	0	0	0	0	589	477	
6	0	0	0	0	588	477	
7	0	0	0	0	587	483	
8	0	0	0	0	584	491	
9	0	0	0	0	583	500	
10	0	0	0	0	581	510	
11	0	0	0	0	577	519	
12	0	0	0	0	572	528	
13	0	0	0	0	566	538	
14	0	0	0	0	560	544	
15	0	0	0	0	551	545	
0	0	0	0	0	542	541	
1	0	0	0	0	530	532	
2	0	0	0	0	519	524	
3	0	0	0	0	508	516	
4	0	0	0	0	499	507	
5	0	0	0	0	492	496	
6	0	0	0	0	488	485	
7	0	0	0	0	487	473	
8	0	0	0	0	487	461	
9	0	0	0	0	487	451	
10	0	0	0	0	487	444	
11	0	0	0	0	487	440	
12	0	0	0	0	487	439	
13	0	0	0	0	484	441	
14	0	0	0	0	484	448	
15	0	0	0	0	489	453	
0	0	0	0	0	497	462	
1	0	0	0	0	508	475	
2	0	0	0	0	519	487	
3	0	0	0	0	531	498	
4	0	0	0	0	540	506	
5	0	0	0	0	547	510	
6	0	0	0	0	552	512	
7	0	0	0	0	559	513	
8	0	0	0	0	562	513	
9	0	0	0	0	567	513	
10	0	0	0	0	571	515	
11	0	0	0	0	568	517	
12	0	0	0	0	562	516	
13	0	0	0	0	551	508	
14	0	0	0	0	540	496	
15	0	0	0	0	536	491	
0	0	0	0	0	536	497	
1	0	0	0	0	538	510	
2	0	0	0	0	543	528	
3	0	0	0	0	554	547	
4	0	0	0	0	560	558	
5	0	0	0	0	567	561	
6	0	0	0	0	571	556	
7	0	0	0	0	568	546	
8	0	0	0	0	562	532	
9	0	0	0	0	552	512	
10	0	0	0	0	540	489	
11	0	0	0	0	526	466	
12	0	0	0	0	514	445	
13	0	0	0	0	504	428	
14	0	0	0	0	495	414	
15	0	0	0	0	486	403	
0	0	0	0	0	480	395	
1	0	0	0	0	475	391	
2	0	0	0	0	470	396	
3	0	0	0	0	466	403	
4	0	0	0	0	466	412	
5	0	0	0	0	470	423	
6	0	0	0	0	473	440	
7	0	0	0	0	471	460	
8	0	0	0	0	470	483	
9	0	0	0	0	471	502	
10	0	0	0	0	475	517	
11	0	0	0	0	482	529	
12	0	0	0	0	487	538	
13	0	0	0	0	489	540	
14	0	0	0	0	490	541	
15	0	0	0	0	489	539	
0	0	0	0	0	487	532	
1	0	0	0	0	486	524	
2	0	0	0	0	480	511	
3	0	0	0	0	469	487	
4	0	0	0	0	460	458	
5	0	0	0	0	453	430	
6	0	0	0	0	444	411	
7	0	0	0	0	439	402	
8	0	0	0	0	438	403	
9	0	0	0	0	440	414	
10	0	0	0	0	448	430	
11	0	0	0	0	459	444	
12	0	0	0	0	470	460	
13	0	0	0	0	486	478	
14	0	0	0	0	504	496	
15	0	0	0	0	519	509	
0	0	0	0	0	527	516	
1	0	0	0	0	533	518	
2	0	0	0	0	537	518	
3	0	0	0	0	537	517	
4	0	0	0	0	532	516	
5	0	0	0	0	525	514	
6	0	0	0	0	519	510	
7	0	0	0	0	511	505	
8	0	0	0	0	505	499	
9	0	0	0	0	494	493	
10	0	0	0	0	478	491	
11	0	0	0	0	466	491	
12	0	0	0	0	453	489	
13	0	0	0	0	442	487	
14	0	0	0	0	431	485	
15	0	0	0	0	426	483	
0	0	0	0	0	425	485	
1	0	0	0	0	424	491	
2	0	0	0	0	424	497	
3	0	0	0	0	423	502	
4	0	0	0	0	418	506	
5	0	0	0	0	407	508	
6	0	0	0	0	394	511	
7	0	0	0	0	381	509	
8	0	0	0	0	371	505	
9	0	0	0	0	365	502	
10	0	0	0	0	372	510	
11	0	0	0	0	387	529	
12	0	0	0	0	407	551	
13	0	0	0	0	428	568	
14	0	0	0	0	450	577	
15	0	0	0	0	472	580	
0	0	0	0	0	494	584	
1	0	0	0	0	512	584	
2	0	0	0	0	528	579	
3	0	0	0	0	535	571	
4	0	0	0	0	535	558	
5	0	0	0	0	529	536	
6	0	0	0	0	523	511	
7	0	0	0	0	513	486	
8	0	0	0	0	503	468	
9	0	0	0	0	495	454	
10	0	0	0	0	488	447	
11	0	0	0	0	481	448	
12	0	0	0	0	473	449	
13	0	0	0	0	464	451	
14	0	0	0	0	455	452	
15	0	0	0	0	449	455	
0	0	0	0	0	446	456	
1	0	0	0	0	446	457	
2	0	0	0	0	447	453	
3	0	0	0	0	448	449	
4	0	0	0	0	451	444	
5	0	0	0	0	455	438	
6	0	0	0	0	458	438	
7	0	0	0	0	463	443	
8	0	0	0	0	468	452	
9	0	0	0	0	474	459	
10	0	0	0	0	479	470	
11	0	0	0	0	483	481	
12	0	0	0	0	489	484	
13	0	0	0	0	495	489	
14	0	0	0	0	503	493	
15	0	0	0	0	510	497	
0	0	0	0	0	518	504	
1	0	0	0	0	525	511	
2	0	0	0	0	534	515	
3	0	0	0	0	540	514	
4	0	0	0	0	547	513	
5	0	0	0	0	552	518	
6	0	0	0	0	555	527	
7	0	0	0	0	553	534	
8	0	0	0	0	548	539	
9	0	0	0	0	535	544	
10	0	0	0	0	525	551	
11	0	0	0	0	520	564	
12	0	0	0	0	517	579	
13	0	0	0	0	515	592	
14	0	0	0	0	518	605	
15	0	0	0	0	520	615	
0	0	0	0	0	525	620	
1	0	0	0	0	528	621	
2	0	0	0	0	528	618	
3	0	0	0	0	525	609	
4	0	0	0	0	519	601	
5	0	0	0	0	511	591	
6	0	0	0	0	495	575	
7	0	0	0	0	479	564	
8	0	0	0	0	469	553	
9	0	0	0	0	467	546	
10	0	0	0	0	470	536	
11	0	0	0	0	479	526	
12	0	0	0	0	486	520	
13	0	0	0	0	491	517	
14	0	0	0	0	493	518	
15	0	0	0	0	494	518	
0	0	0	0	0	496	521	
1	0	0	0	0	496	528	
2	0	0	0	0	500	536	
3	0	0	0	0	504	540	
4	0	0	0	0	504	541	
5	0	0	0	0	502	542	
6	0	0	0	0	498	542	
7	0	0	0	0	490	545	
8	0	0	0	0	480	547	
9	0	0	0	0	472	551	
10	0	0	0	0	464	555	
11	0	0	0	0	457	560	
12	0	0	0	0	454	561	
13	0	0	0	0	456	570	
14	0	0	0	0	461	583	
15	0	0	0	0	471	603	
0	0	0	0	0	482	621	
1	0	0	0	0	491	634	
2	0	0	0	0	501	643	
3	0	0	0	0	506	646	
4	0	0	0	0	507	645	
5	0	0	0	0	504	637	
6	0	0	0	0	499	630	
7	0	0	0	0	497	625	
8	0	0	0	0	499	619	
9	0	0	0	0	510	608	
10	0	0	0	0	518	594	
11	0	0	0	0	524	575	
12	0	0	0	0	526	559	
13	0	0	0	0	524	545	
14	0	0	0	0	518	530	
15	0	0	0	0	508	518	
0	0	0	0	0	495	506	
1	0	0	0	0	478	493	
2	0	0	0	0	462	485	
3	0	0	0	0	454	479	
4	0	0	0	0	454	476	
5	0	0	0	0	457	478	
6	0	0	0	0	467	486	
7	0	0	0	0	477	499	
8	0	0	0	0	491	513	
9	0	0	0	0	502	525	
10	0	0	0	0	510	531	
11	0	0	0	0	517	532	
12	0	0	0	0	521	531	
13	0	0	0	0	526	526	
14	0	0	0	0	534	526	
15	0	0	0	0	543	529	
0	0	0	0	0	551	537	
1	0	0	0	0	558	547	
2	0	0	0	0	561	561	
3	0	0	0	0	564	574	
4	0	0	0	0	565	583	
5	0	0	0	0	561	587	
6	0	0	0	0	551	583	
7	0	0	0	0	538	577	
8	0	0	0	0	523	570	
9	0	0	0	0	510	562	
10	0	0	0	0	497	551	
11	0	0	0	0	492	535	
12	0	0	0	0	487	518	
13	0	0	0	0	481	500	
14	0	0	0	0	472	489	
15	0	0	0	0	467	485	
0	0	0	0	0	463	485	
1	0	0	0	0	468	488	
2	0	0	0	0	477	489	
3	0	0	0	0	488	488	
4	0	0	0	0	499	488	
5	0	0	0	0	511	488	
6	0	0	0	0	523	487	
7	0	0	0	0	529	485	
8	0	0	0	0	537	481	
9	0	0	0	0	543	475	
10	0	0	0	0	546	470	
11	0	0	0	0	553	473	
12	0	0	0	0	560	474	
13	0	0	0	0	563	476	
14	0	0	0	0	562	480	
15	0	0	0	0	558	486	
0	0	0	0	0	556	490	
1	0	0	0	0	554	492	
2	0	0	0	0	544	493	
3	0	0	0	0	536	487	
4	0	0	0	0	529	479	
5	0	0	0	0	520	474	
6	0	0	0	0	512	471	
7	0	0	0	0	508	470	
8	0	0	0	0	506	470	
9	0	0	0	0	510	472	
10	0	0	0	0	517	475	
11	0	0	0	0	524	477	
12	0	0	0	0	532	478	
13	0	0	0	0	540	478	
14	0	0	0	0	545	479	
15	0	0	0	0	550	483	
0	0	0	0	0	547	488	
1	0	0	0	0	545	495	
2	0	0	0	0	545	502	
3	0	0	0	0	541	505	
4	0	0	0	0	538	507	
5	0	0	0	0	538	510	
6	0	0	0	0	538	515	
7	0	0	0	0	539	521	
8	0	0	0	0	540	528	
9	0	0	0	0	543	532	
10	0	0	0	0	544	531	
11	0	0	0	0	544	524	
12	0	0	0	0	544	515	
13	0	0	0	0	543	513	
14	0	0	0	0	537	516	
15	0	0	0	0	531	513	
0	0	0	0	0	527	510	
1	0	0	0	0	521	506	
2	0	0	0	0	515	502	
3	0	0	0	0	513	500	
4	0	0	0	0	515	499	
5	0	0	0	0	520	503	
6	0	0	0	0	527	507	
7	0	0	0	0	535	513	
8	0	0	0	0	542	523	
9	0	0	0	0	546	532	
10	0	0	0	0	544	539	
11	0	0	0	0	543	545	
12	0	0	0	0	537	548	
13	0	0	0	0	534	553	
14	0	0	0	0	534	555	
15	0	0	0	0	538	556	
0	0	0	0	0	543	558	
1	0	0	0	0	545	558	
2	0	0	0	0	548	562	
3	0	0	0	0	548	569	
4	0	0	0	0	550	574	
5	0	0	0	0	549	576	
6	0	0	0	0	546	569	
7	0	0	0	0	546	560	
8	0	0	0	0	545	552	
9	0	0	0	0	539	543	
10	0	0	0	0	529	536	
11	0	0	0	0	519	533	
12	0	0	0	0	517	533	
13	0	0	0	0	516	536	
14	0	0	0	0	519	540	
15	0	0	0	0	525	543	
0	0	0	0	0	534	548	
1	0	0	0	0	537	550	
2	0	0	0	0	532	545	
3	0	0	0	0	515	536	
4	0	0	0	0	498	519	
5	0	0	0	0	487	505	
6	0	0	0	0	481	493	
7	0	0	0	0	480	491	
8	0	0	0	0	483	499	
9	0	0	0	0	487	514	
10	0	0	0	0	490	535	
11	0	0	0	0	494	560	
12	0	0	0	0	500	583	
13	0	0	0	0	508	599	
14	0	0	0	0	516	603	
15	0	0	0	0	519	600	
0	0	0	0	0	524	594	
1	0	0	0	0	532	582	
2	0	0	0	0	540	567	
3	0	0	0	0	542	549	
4	0	0	0	0	537	532	
5	0	0	0	0	531	512	
6	0	0	0	0	530	496	
7	0	0	0	0	529	486	
8	0	0	0	0	527	480	
9	0	0	0	0	520	480	
10	0	0	0	0	512	481	
11	0	0	0	0	508	479	
12	0	0	0	0	500	475	
13	0	0	0	0	496	476	
14	0	0	0	0	496	481	
15	0	0	0	0	497	489	
0	0	0	0	0	505	498	
1	0	0	0	0	514	507	
2	0	0	0	0	521	515	
3	0	0	0	0	530	519	
4	0	0	0	0	534	521	
5	0	0	0	0	536	523	
6	0	0	0	0	539	526	
7	0	0	0	0	542	532	
8	0	0	0	0	547	544	
9	0	0	0	0	552	557	
10	0	0	0	0	551	566	
11	0	0	0	0	547	575	
12	0	0	0	0	540	583	
13	0	0	0	0	530	584	
14	0	0	0	0	523	580	
15	0	0	0	0	520	574	
0	0	0	0	0	523	567	
1	0	0	0	0	529	560	
2	0	0	0	0	535	559	
3	0	0	0	0	544	562	
4	0	0	0	0	551	564	
5	0	0	0	0	555	565	
6	0	0	0	0	558	567	
7	0	0	0	0	560	575	
8	0	0	0	0	561	586	
9	0	0	0	0	557	593	
10	0	0	0	0	558	597	
11	0	0	0	0	560	595	
12	0	0	0	0	561	588	
13	0	0	0	0	561	574	
14	0	0	0	0	561	561	
15	0	0	0	0	559	556	
0	0	0	0	0	559	550	
1	0	0	0	0	558	541	
2	0	0	0	0	559	538	
3	0	0	0	0	559	542	
4	0	0	0	0	561	544	
5	0	0	0	0	566	544	
6	0	0	0	0	571	545	
7	0	0	0	0	573	549	
8	0	0	0	0	574	556	
9	0	0	0	0	572	563	
10	0	0	0	0	569	571	
11	0	0	0	0	569	580	
12	0	0	0	0	570	590	
13	0	0	0	0	569	598	
14	0	0	0	0	566	606	
15	0	0	0	0	560	609	
0	0	0	0	0	557	615	
1	0	0	0	0	555	625	
2	0	0	0	0	556	633	
3	0	0	0	0	564	642	
4	0	0	0	0	575	647	
5	0	0	0	0	585	650	
6	0	0	0	0	591	648	
7	0	0	0	0	594	640	
8	0	0	0	0	593	633	
9	0	0	0	0	585	626	
10	0	0	0	0	576	624	
11	0	0	0	0	567	618	
12	0	0	0	0	559	613	
13	0	0	0	0	555	609	
14	0	0	0	0	551	609	
15	0	0	0	0	546	608	
0	0	0	0	0	543	607	
1	0	0	0	0	543	608	
2	0	0	0	0	542	611	
3	0	0	0	0	536	612	
4	0	0	0	0	527	613	
5	0	0	0	0	520	618	
6	0	0	0	0	513	626	
7	0	0	0	0	509	634	
8	0	0	0	0	505	647	
9	0	0	0	0	498	660	
10	0	0	0	0	485	678	
11	0	0	0	0	478	689	
12	0	0	0	0	478	702	
13	0	0	0	0	479	716	
14	0	0	0	0	480	734	
15	0	0	0	0	483	749	
0	0	0	0	0	488	766	
1	0	0	0	0	492	779	
2	0	0	0	0	496	780	
3	0	0	0	0	493	774	
4	0	0	0	0	484	762	
5	0	0	0	0	474	755	
6	0	0	0	0	463	741	
7	0	0	0	0	450	729	
8	0	0	0	0	436	718	
9	0	0	0	0	427	711	
10	0	0	0	0	425	706	
11	0	0	0	0	430	702	
12	0	0	0	0	432	694	
13	0	0	0	0	435	691	
14	0	0	0	0	441	686	
15	0	0	0	0	446	681	
0	0	0	0	0	445	679	
1	0	0	0	0	440	676	
2	0	0	0	0	435	671	
3	0	0	0	0	432	670	
4	0	0	0	0	436	668	
5	0	0	0	0	446	671	
6	0	0	0	0	455	668	
7	0	0	0	0	458	666	
8	0	0	0	0	465	665	
9	0	0	0	0	470	664	
10	0	0	0	0	473	665	
11	0	0	0	0	472	673	
12	0	0	0	0	467	683	
13	0	0	0	0	462	694	
14	0	0	0	0	459	705	
15	0	0	0	0	461	712	
0	0	0	0	0	464	713	
1	0	0	0	0	467	707	
2	0	0	0	0	467	691	
3	0	0	0	0	470	668	
4	0	0	0	0	472	638	
5	0	0	0	0	477	609	
6	0	0	0	0	486	585	
7	0	0	0	0	495	565	
8	0	0	0	0	500	548	
9	0	0	0	0	500	533	
10	0	0	0	0	504	528	
11	0	0	0	0	502	527	
12	0	0	0	0	496	532	
13	0	0	0	0	486	538	
14	0	0	0	0	474	549	
15	0	0	0	0	465	563	
0	0	0	0	0	463	580	
1	0	0	0	0	465	592	
2	0	0	0	0	469	606	
3	0	0	0	0	474	615	
4	0	0	0	0	477	620	
5	0	0	0	0	478	624	
6	0	0	0	0	481	632	
7	0	0	0	0	479	641	
8	0	0	0	0	476	648	
9	0	0	0	0	470	657	
10	0	0	0	0	462	658	
11	0	0	0	0	455	659	
12	0	0	0	0	454	652	
13	0	0	0	0	454	646	
14	0	0	0	0	451	637	
15	0	0	0	0	447	631	
0	0	0	0	0	444	625	
1	0	0	0	0	439	623	
2	0	0	0	0	440	630	
3	0	0	0	0	442	641	
4	0	0	0	0	442	651	
5	0	0	0	0	443	657	
6	0	0	0	0	444	657	
7	0	0	0	0	445	642	
8	0	0	0	0	450	627	
9	0	0	0	0	453	613	
10	0	0	0	0	461	597	
11	0	0	0	0	468	582	
12	0	0	0	0	473	570	
13	0	0	0	0	476	559	
14	0	0	0	0	478	549	
15	0	0	0	0	480	543	
0	0	0	0	0	483	536	
1	0	0	0	0	478	528	
2	0	0	0	0	471	524	
3	0	0	0	0	464	532	
4	0	0	0	0	459	549	
5	0	0	0	0	457	569	
6	0	0	0	0	459	589	
7	0	0	0	0	467	599	
8	0	0	0	0	479	603	
9	0	0	0	0	493	606	
10	0	0	0	0	506	606	
11	0	0	0	0	515	605	
12	0	0	0	0	520	608	
13	0	0	0	0	526	615	
14	0	0	0	0	528	622	
15	0	0	0	0	530	630	
0	0	0	0	0	529	637	
1	0	0	0	0	527	643	
2	0	0	0	0	527	648	
3	0	0	0	0	531	652	
4	0	0	0	0	529	646	
5	0	0	0	0	524	634	
6	0	0	0	0	519	618	
7	0	0	0	0	511	594	
8	0	0	0	0	502	567	
9	0	0	0	0	496	537	
10	0	0	0	0	489	510	
11	0	0	0	0	481	483	
12	0	0	0	0	476	461	
13	0	0	0	0	466	446	
14	0	0	0	0	453	439	
15	0	0	0	0	438	438	
0	0	0	0	0	425	445	
1	0	0	0	0	420	460	
2	0	0	0	0	417	477	
3	0	0	0	0	417	498	
4	0	0	0	0	417	517	
5	0	0	0	0	422	536	
6	0	0	0	0	435	556	
7	0	0	0	0	449	572	
8	0	0	0	0	464	581	
9	0	0	0	0	482	584	
10	0	0	0	0	497	589	
11	0	0	0	0	508	591	
12	0	0	0	0	519	589	
13	0	0	0	0	527	580	
14	0	0	0	0	529	559	
15	0	0	0	0	531	537	
0	0	0	0	0	533	516	
1	0	0	0	0	536	496	
2	0	0	0	0	537	475	
3	0	0	0	0	537	457	
4	0	0	0	0	534	446	
5	0	0	0	0	529	444	
6	0	0	0	0	526	444	
7	0	0	0	0	523	448	
8	0	0	0	0	515	456	
9	0	0	0	0	506	465	
10	0	0	0	0	495	464	
11	0	0	0	0	487	457	
12	0	0	0	0	481	450	
13	0	0	0	0	478	443	
14	0	0	0	0	480	440	
15	0	0	0	0	482	444	
0	0	0	0	0	484	454	
1	0	0	0	0	486	466	
2	0	0	0	0	489	482	
3	0	0	0	0	494	497	
4	0	0	0	0	504	512	
5	0	0	0	0	515	522	
6	0	0	0	0	522	531	
7	0	0	0	0	526	535	
8	0	0	0	0	525	536	
9	0	0	0	0	519	533	
10	0	0	0	0	520	530	
11	0	0	0	0	524	524	
12	0	0	0	0	528	519	
13	0	0	0	0	527	508	
14	0	0	0	0	527	499	
15	0	0	0	0	524	494	
0	0	0	0	0	518	493	
1	0	0	0	0	517	500	
2	0	0	0	0	515	513	
3	0	0	0	0	513	521	
4	0	0	0	0	504	529	
5	0	0	0	0	492	538	
6	0	0	0	0	479	545	
7	0	0	0	0	467	544	
8	0	0	0	0	461	534	
9	0	0	0	0	462	519	
10	0	0	0	0	469	505	
11	0	0	0	0	476	494	
12	0	0	0	0	482	482	
13	0	0	0	0	489	472	
14	0	0	0	0	493	466	
15	0	0	0	0	497	466	
0	0	0	0	0	499	471	
1	0	0	0	0	502	477	
2	0	0	0	0	502	483	
3	0	0	0	0	502	483	
4	0	0	0	0	503	478	
5	0	0	0	0	504	477	
6	0	0	0	0	506	479	
7	0	0	0	0	509	487	
8	0	0	0	0	515	495	
9	0	0	0	0	520	495	
10	0	0	0	0	521	493	
11	0	0	0	0	522	496	
12	0	0	0	0	526	497	
13	0	0	0	0	526	494	
14	0	0	0	0	528	492	
15	0	0	0	0	532	492	
0	0	0	0	0	531	491	
1	0	0	0	0	529	485	
2	0	0	0	0	528	477	
3	0	0	0	0	529	465	
4	0	0	0	0	527	449	
5	0	0	0	0	517	435	
6	0	0	0	0	505	427	
7	0	0	0	0	495	428	
8	0	0	0	0	487	439	
9	0	0	0	0	488	455	
10	0	0	0	0	496	470	
11	0	0	0	0	510	486	
12	0	0	0	0	526	497	
13	0	0	0	0	551	509	
14	0	0	0	0	579	523	
15	0	0	0	0	606	531	
0	0	0	0	0	629	533	
1	0	0	0	0	642	527	
2	0	0	0	0	646	517	
3	0	0	0	0	640	505	
4	0	0	0	0	634	490	
5	0	0	0	0	630	479	
6	0	0	0	0	626	472	
7	0	0	0	0	624	464	
8	0	0	0	0	622	465	
9	0	0	0	0	622	464	
10	0	0	0	0	620	464	
11	0	0	0	0	621	467	
12	0	0	0	0	624	469	
13	0	0	0	0	625	471	
14	0	0	0	0	625	470	
15	0	0	0	0	623	468	
0	0	0	0	0	619	472	
1	0	0	0	0	611	466	
2	0	0	0	0	607	461	
3	0	0	0	0	605	459	
4	0	0	0	0	597	454	
5	0	0	0	0	590	450	
6	0	0	0	0	583	447	
7	0	0	0	0	571	444	
8	0	0	0	0	561	441	
9	0	0	0	0	549	439	
10	0	0	0	0	536	439	
11	0	0	0	0	528	451	
12	0	0	0	0	526	468	
13	0	0	0	0	528	485	
14	0	0	0	0	535	499	
15	0	0	0	0	542	511	
0	0	0	0	0	548	519	
1	0	0	0	0	558	520	
2	0	0	0	0	563	514	
3	0	0	0	0	568	507	
4	0	0	0	0	572	503	
5	0	0	0	0	575	498	
6	0	0	0	0	573	493	
7	0	0	0	0	567	482	
8	0	0	0	0	558	469	
9	0	0	0	0	547	458	
10	0	0	0	0	533	448	
11	0	0	0	0	513	435	
12	0	0	0	0	495	425	
13	0	0	0	0	482	417	
14	0	0	0	0	471	415	
15	0	0	0	0	463	415	
0	0	0	0	0	459	415	
1	0	0	0	0	456	417	
2	0	0	0	0	459	427	
3	0	0	0	0	463	442	
4	0	0	0	0	462	453	
5	0	0	0	0	457	462	
6	0	0	0	0	450	474	
7	0	0	0	0	441	484	
8	0	0	0	0	440	498	
9	0	0	0	0	447	513	
10	0	0	0	0	455	526	
11	0	0	0	0	460	540	
12	0	0	0	0	467	552	
13	0	0	0	0	472	559	
14	0	0	0	0	473	561	
15	0	0	0	0	474	547	
0	0	0	0	0	478	526	
1	0	0	0	0	486	495	
2	0	0	0	0	495	463	
3	0	0	0	0	508	435	
4	0	0	0	0	527	419	
5	0	0	0	0	548	421	
6	0	0	0	0	567	432	
7	0	0	0	0	581	449	
8	0	0	0	0	590	463	
9	0	0	0	0	588	470	
10	0	0	0	0	584	472	
11	0	0	0	0	578	470	
12	0	0	0	0	570	464	
13	0	0	0	0	559	457	
14	0	0	0	0	548	459	
15	0	0	0	0	536	461	
0	0	0	0	0	521	462	
1	0	0	0	0	507	463	
2	0	0	0	0	487	469	
3	0	0	0	0	471	478	
4	0	0	0	0	462	486	
5	0	0	0	0	461	493	
6	0	0	0	0	468	500	
7	0	0	0	0	484	502	
8	0	0	0	0	499	500	
9	0	0	0	0	511	499	
10	0	0	0	0	517	496	
11	0	0	0	0	522	491	
12	0	0	0	0	528	489	
13	0	0	0	0	536	491	
14	0	0	0	0	545	493	
15	0	0	0	0	555	499	
0	0	0	0	0	560	504	
1	0	0	0	0	564	507	
2	0	0	0	0	567	512	
3	0	0	0	0	572	522	
4	0	0	0	0	578	535	
5	0	0	0	0	583	546	
6	0	0	0	0	585	551	
7	0	0	0	0	583	547	
8	0	0	0	0	579	539	
9	0	0	0	0	575	527	
10	0	0	0	0	572	514	
11	0	0	0	0	574	502	
12	0	0	0	0	575	491	
13	0	0	0	0	570	483	
14	0	0	0	0	562	477	
15	0	0	0	0	552	472	
0	0	0	0	0	538	466	
1	0	0	0	0	524	460	
2	0	0	0	0	515	457	
3	0	0	0	0	513	461	
4	0	0	0	0	518	467	
5	0	0	0	0	529	476	
6	0	0	0	0	540	485	
7	0	0	0	0	550	495	
8	0	0	0	0	556	503	
9	0	0	0	0	560	507	
10	0	0	0	0	563	511	
11	0	0	0	0	563	518	
12	0	0	0	0	560	530	
13	0	0	0	0	562	546	
14	0	0	0	0	561	558	
15	0	0	0	0	559	563	
0	0	0	0	0	554	566	
1	0	0	0	0	548	569	
2	0	0	0	0	541	570	
3	0	0	0	0	533	568	
4	0	0	0	0	527	561	
5	0	0	0	0	522	552	
6	0	0	0	0	513	539	
7	0	0	0	0	505	522	
8	0	0	0	0	503	503	
9	0	0	0	0	504	483	
10	0	0	0	0	503	464	
11	0	0	0	0	504	447	
12	0	0	0	0	504	428	
13	0	0	0	0	503	415	
14	0	0	0	0	500	408	
15	0	0	0	0	504	408	
0	0	0	0	0	509	412	
1	0	0	0	0	510	414	
2	0	0	0	0	512	419	
3	0	0	0	0	512	421	
4	0	0	0	0	513	412	
5	0	0	0	0	511	405	
6	0	0	0	0	510	403	
7	0	0	0	0	511	404	
8	0	0	0	0	512	408	
9	0	0	0	0	511	414	
10	0	0	0	0	509	423	
11	0	0	0	0	505	431	
12	0	0	0	0	499	434	
13	0	0	0	0	494	434	
14	0	0	0	0	489	430	
15	0	0	0	0	486	425	
0	0	0	0	0	491	423	
1	0	0	0	0	501	423	
2	0	0	0	0	512	421	
3	0	0	0	0	526	425	
4	0	0	0	0	541	429	
5	0	0	0	0	553	432	
6	0	0	0	0	560	431	
7	0	0	0	0	562	429	
8	0	0	0	0	557	424	
9	0	0	0	0	551	413	
10	0	0	0	0	547	400	
11	0	0	0	0	543	389	
12	0	0	0	0	536	379	
13	0	0	0	0	527	368	
14	0	0	0	0	515	359	
15	0	0	0	0	504	349	
0	0	0	0	0	493	347	
1	0	0	0	0	478	348	
2	0	0	0	0	463	349	
3	0	0	0	0	452	348	
4	0	0	0	0	440	348	
5	0	0	0	0	431	347	
6	0	0	0	0	427	351	
7	0	0	0	0	425	361	
8	0	0	0	0	429	369	
9	0	0	0	0	432	378	
10	0	0	0	0	439	390	
11	0	0	0	0	448	404	
12	0	0	0	0	457	415	
13	0	0	0	0	469	427	
14	0	0	0	0	478	436	
15	0	0	0	0	488	441	
0	0	0	0	0	499	446	
1	0	0	0	0	509	449	
2	0	0	0	0	519	450	
3	0	0	0	0	523	453	
4	0	0	0	0	526	457	
5	0	0	0	0	523	456	
6	0	0	0	0	521	453	
7	0	0	0	0	517	447	
8	0	0	0	0	513	435	
9	0	0	0	0	511	423	
10	0	0	0	0	511	407	
11	0	0	0	0	514	396	
12	0	0	0	0	518	384	
13	0	0	0	0	519	370	
14	0	0	0	0	513	362	
15	0	0	0	0	504	349	
0	0	0	0	0	495	344	
1	0	0	0	0	494	346	
2	0	0	0	0	496	349	
3	0	0	0	0	497	355	
4	0	0	0	0	502	366	
5	0	0	0	0	510	381	
6	0	0	0	0	519	397	
7	0	0	0	0	520	408	
8	0	0	0	0	516	414	
9	0	0	0	0	507	417	
10	0	0	0	0	496	416	
11	0	0	0	0	494	415	
12	0	0	0	0	496	418	
13	0	0	0	0	502	422	
14	0	0	0	0	510	428	
15	0	0	0	0	518	434	
0	0	0	0	0	524	437	
1	0	0	0	0	528	437	
2	0	0	0	0	531	434	
3	0	0	0	0	531	434	
4	0	0	0	0	529	433	
5	0	0	0	0	525	432	
6	0	0	0	0	522	435	
7	0	0	0	0	521	439	
8	0	0	0	0	517	442	
9	0	0	0	0	518	442	
10	0	0	0	0	522	439	
11	0	0	0	0	526	434	
12	0	0	0	0	534	424	
13	0	0	0	0	540	418	
14	0	0	0	0	544	411	
15	0	0	0	0	547	406	
0	0	0	0	0	550	403	
1	0	0	0	0	550	400	
2	0	0	0	0	543	398	
3	0	0	0	0	532	397	
4	0	0	0	0	525	397	
5	0	0	0	0	520	394	
6	0	0	0	0	523	390	
7	0	0	0	0	525	383	
8	0	0	0	0	531	380	
9	0	0	0	0	540	373	
10	0	0	0	0	550	364	
11	0	0	0	0	551	368	
12	0	0	0	0	546	373	
13	0	0	0	0	538	382	
14	0	0	0	0	530	397	
15	0	0	0	0	521	408	
0	0	0	0	0	515	412	
1	0	0	0	0	512	417	
2	0	0	0	0	513	417	
3	0	0	0	0	515	415	
4	0	0	0	0	519	417	
5	0	0	0	0	522	417	
6	0	0	0	0	524	413	
7	0	0	0	0	526	413	
8	0	0	0	0	526	411	
9	0	0	0	0	524	412	
10	0	0	0	0	523	417	
11	0	0	0	0	524	423	
12	0	0	0	0	526	427	
13	0	0	0	0	523	432	
14	0	0	0	0	519	432	
15	0	0	0	0	519	436	
0	0	0	0	0	520	441	
1	0	0	0	0	519	444	
2	0	0	0	0	519	449	
3	0	0	0	0	519	453	
4	0	0	0	0	519	452	
5	0	0	0	0	517	449	
6	0	0	0	0	518	448	
7	0	0	0	0	517	446	
8	0	0	0	0	515	443	
9	0	0	0	0	514	440	
10	0	0	0	0	515	435	
11	0	0	0	0	519	430	
12	0	0	0	0	523	426	
13	0	0	0	0	526	426	
14	0	0	0	0	529	425	
15	0	0	0	0	533	424	
0	0	0	0	0	529	425	
1	0	0	0	0	520	427	
2	0	0	0	0	515	432	
3	0	0	0	0	507	441	
4	0	0	0	0	499	448	
5	0	0	0	0	491	452	
6	0	0	0	0	480	451	
7	0	0	0	0	473	450	
8	0	0	0	0	473	451	
9	0	0	0	0	475	448	
10	0	0	0	0	481	444	
11	0	0	0	0	484	446	
12	0	0	0	0	491	448	
13	0	0	0	0	496	455	
14	0	0	0	0	501	460	
15	0	0	0	0	502	461	
0	0	0	0	0	504	462	
1	0	0	0	0	509	458	
2	0	0	0	0	518	454	
3	0	0	0	0	525	446	
4	0	0	0	0	532	437	
5	0	0	0	0	538	430	
6	0	0	0	0	543	426	
7	0	0	0	0	549	422	
8	0	0	0	0	559	416	
9	0	0	0	0	562	417	
10	0	0	0	0	567	414	
11	0	0	0	0	563	407	
12	0	0	0	0	555	408	
13	0	0	0	0	548	411	
14	0	0	0	0	545	412	
15	0	0	0	0	539	417	
0	0	0	0	0	529	418	
1	0	0	0	0	518	420	
2	0	0	0	0	513	423	
3	0	0	0	0	511	431	
4	0	0	0	0	508	439	
5	0	0	0	0	508	442	
6	0	0	0	0	508	440	
7	0	0	0	0	505	435	
8	0	0	0	0	502	427	
9	0	0	0	0	499	419	
10	0	0	0	0	501	424	
11	0	0	0	0	501	434	
12	0	0	0	0	504	453	
13	0	0	0	0	511	475	
14	0	0	0	0	518	494	
15	0	0	0	0	527	508	
0	0	0	0	0	535	516	
1	0	0	0	0	541	525	
2	0	0	0	0	544	531	
3	0	0	0	0	547	535	
4	0	0	0	0	551	540	
5	0	0	0	0	555	544	
6	0	0	0	0	557	544	
7	0	0	0	0	560	540	
8	0	0	0	0	560	532	
9	0	0	0	0	555	525	
10	0	0	0	0	552	517	
11	0	0	0	0	551	509	
12	0	0	0	0	547	499	
13	0	0	0	0	541	490	
14	0	0	0	0	537	480	
15	0	0	0	0	537	468	
0	0	0	0	0	539	460	
1	0	0	0	0	542	452	
2	0	0	0	0	545	445	
3	0	0	0	0	550	441	
4	0	0	0	0	555	442	
5	0	0	0	0	558	445	
6	0	0	0	0	560	457	
7	0	0	0	0	560	472	
8	0	0	0	0	560	485	
9	0	0	0	0	561	500	
10	0	0	0	0	558	508	
11	0	0	0	0	552	511	
12	0	0	0	0	547	507	
13	0	0	0	0	546	502	
14	0	0	0	0	547	498	
15	0	0	0	0	547	493	
0	0	0	0	0	549	491	
1	0	0	0	0	553	489	
2	0	0	0	0	556	488	
3	0	0	0	0	559	486	
4	0	0	0	0	560	485	
5	0	0	0	0	559	489	
6	0	0	0	0	560	495	
7	0	0	0	0	561	501	
8	0	0	0	0	563	507	
9	0	0	0	0	564	517	
10	0	0	0	0	564	524	
11	0	0	0	0	566	523	
12	0	0	0	0	564	523	
13	0	0	0	0	552	523	
14	0	0	0	0	540	523	
15	0	0	0	0	530	519	
0	0	0	0	0	525	511	
1	0	0	0	0	518	500	
2	0	0	0	0	510	493	
3	0	0	0	0	504	486	
4	0	0	0	0	498	481	
5	0	0	0	0	491	483	
6	0	0	0	0	481	487	
7	0	0	0	0	472	490	
8	0	0	0	0	463	487	
9	0	0	0	0	457	476	
10	0	0	0	0	455	464	
11	0	0	0	0	448	454	
12	0	0	0	0	440	447	
13	0	0	0	0	429	445	
14	0	0	0	0	414	448	
15	0	0	0	0	400	457	
0	0	0	0	0	397	474	
1	0	0	0	0	402	494	
2	0	0	0	0	411	509	
3	0	0	0	0	423	520	
4	0	0	0	0	436	532	
5	0	0	0	0	446	540	
6	0	0	0	0	453	545	
7	0	0	0	0	456	545	
8	0	0	0	0	459	548	
9	0	0	0	0	459	548	
10	0	0	0	0	457	548	
11	0	0	0	0	457	547	
12	0	0	0	0	460	547	
13	0	0	0	0	462	550	
14	0	0	0	0	462	551	
15	0	0	0	0	464	554	
0	0	0	0	0	463	558	
1	0	0	0	0	461	557	
2	0	0	0	0	462	552	
3	0	0	0	0	465	548	
4	0	0	0	0	467	542	
5	0	0	0	0	472	534	
6	0	0	0	0	480	527	
7	0	0	0	0	491	525	
8	0	0	0	0	497	528	
9	0	0	0	0	500	532	
10	0	0	0	0	501	534	
11	0	0	0	0	502	529	
12	0	0	0	0	502	520	
13	0	0	0	0	502	508	
14	0	0	0	0	499	491	
15	0	0	0	0	499	476	
0	0	0	0	0	494	466	
1	0	0	0	0	485	459	
2	0	0	0	0	476	456	
3	0	0	0	0	468	456	
4	0	0	0	0	463	458	
5	0	0	0	0	456	461	
6	0	0	0	0	455	464	
7	0	0	0	0	456	469	
8	0	0	0	0	462	472	
9	0	0	0	0	471	476	
10	0	0	0	0	481	482	
11	0	0	0	0	488	490	
12	0	0	0	0	492	500	
13	0	0	0	0	491	509	
14	0	0	0	0	489	513	
15	0	0	0	0	487	515	
0	0	0	0	0	487	518	
1	0	0	0	0	488	522	
2	0	0	0	0	490	523	
3	0	0	0	0	493	521	
4	0	0	0	0	489	519	
5	0	0	0	0	484	520	
6	0	0	0	0	481	520	
7	0	0	0	0	479	520	
8	0	0	0	0	480	519	
9	0	0	0	0	483	525	
10	0	0	0	0	488	531	
11	0	0	0	0	495	539	
12	0	0	0	0	498	547	
13	0	0	0	0	500	558	
14	0	0	0	0	504	563	
15	0	0	0	0	511	563	
0	0	0	0	0	515	562	
1	0	0	0	0	521	563	
2	0	0	0	0	527	565	
3	0	0	0	0	531	567	
4	0	0	0	0	535	567	
5	0	0	0	0	534	567	
6	0	0	0	0	529	567	
7	0	0	0	0	518	568	
8	0	0	0	0	509	573	
9	0	0	0	0	501	578	
10	0	0	0	0	491	578	
11	0	0	0	0	483	575	
12	0	0	0	0	478	571	
13	0	0	0	0	472	568	
14	0	0	0	0	467	560	
15	0	0	0	0	468	553	
0	0	0	0	0	470	551	
1	0	0	0	0	473	548	
2	0	0	0	0	475	553	
3	0	0	0	0	477	566	
4	0	0	0	0	479	588	
5	0	0	0	0	477	608	
6	0	0	0	0	477	620	
7	0	0	0	0	474	620	
8	0	0	0	0	468	612	
9	0	0	0	0	465	600	
10	0	0	0	0	468	593	
11	0	0	0	0	480	583	
12	0	0	0	0	496	574	
13	0	0	0	0	511	569	
14	0	0	0	0	526	567	
15	0	0	0	0	536	568	
0	0	0	0	0	541	568	
1	0	0	0	0	544	566	
2	0	0	0	0	543	561	
3	0	0	0	0	540	555	
4	0	0	0	0	539	551	
5	0	0	0	0	539	548	
6	0	0	0	0	536	547	
7	0	0	0	0	532	548	
8	0	0	0	0	527	547	
9	0	0	0	0	520	543	
10	0	0	0	0	513	540	
11	0	0	0	0	505	539	
12	0	0	0	0	500	540	
13	0	0	0	0	496	541	
14	0	0	0	0	492	543	
15	0	0	0	0	492	540	
0	0	0	0	0	485	536	
1	0	0	0	0	477	535	
2	0	0	0	0	473	535	
3	0	0	0	0	474	539	
4	0	0	0	0	476	540	
5	0	0	0	0	476	539	
6	0	0	0	0	474	536	
7	0	0	0	0	469	530	
8	0	0	0	0	462	527	
9	0	0	0	0	456	528	
10	0	0	0	0	454	532	
11	0	0	0	0	455	535	
12	0	0	0	0	453	537	
13	0	0	0	0	453	537	
14	0	0	0	0	452	536	
15	0	0	0	0	451	534	
0	0	0	0	0	451	535	
1	0	0	0	0	447	539	
2	0	0	0	0	446	545	
3	0	0	0	0	448	548	
4	0	0	0	0	452	556	
5	0	0	0	0	452	572	
6	0	0	0	0	456	582	
7	0	0	0	0	463	588	
8	0	0	0	0	469	584	
9	0	0	0	0	474	579	
10	0	0	0	0	481	580	
11	0	0	0	0	487	585	
12	0	0	0	0	494	587	
13	0	0	0	0	502	585	
14	0	0	0	0	511	580	
15	0	0	0	0	515	571	
0	0	0	0	0	515	556	
1	0	0	0	0	513	537	
2	0	0	0	0	515	522	
3	0	0	0	0	514	517	
4	0	0	0	0	515	515	
5	0	0	0	0	514	511	
6	0	0	0	0	515	506	
7	0	0	0	0	515	503	
8	0	0	0	0	519	502	
9	0	0	0	0	525	501	
10	0	0	0	0	528	499	
11	0	0	0	0	532	500	
12	0	0	0	0	533	505	
13	0	0	0	0	536	514	
14	0	0	0	0	538	524	
15	0	0	0	0	539	531	
0	0	0	0	0	535	531	
1	0	0	0	0	528	527	
2	0	0	0	0	520	523	
3	0	0	0	0	515	518	
4	0	0	0	0	506	512	
5	0	0	0	0	497	511	
6	0	0	0	0	489	512	
7	0	0	0	0	484	512	
8	0	0	0	0	486	517	
9	0	0	0	0	495	528	
10	0	0	0	0	503	542	
11	0	0	0	0	516	560	
12	0	0	0	0	532	580	
13	0	0	0	0	546	596	
14	0	0	0	0	556	606	
15	0	0	0	0	560	608	
0	0	0	0	0	561	609	
1	0	0	0	0	557	611	
2	0	0	0	0	549	608	
3	0	0	0	0	543	606	
4	0	0	0	0	537	602	
5	0	0	0	0	534	597	
6	0	0	0	0	532	591	
7	0	0	0	0	531	584	
8	0	0	0	0	535	579	
9	0	0	0	0	540	575	
10	0	0	0	0	543	573	
11	0	0	0	0	548	571	
12	0	0	0	0	552	564	
13	0	0	0	0	551	560	
14	0	0	0	0	547	554	
15	0	0	0	0	541	547	
0	0	0	0	0	536	540	
1	0	0	0	0	535	536	
2	0	0	0	0	542	532	
3	0	0	0	0	554	530	
4	0	0	0	0	570	531	
5	0	0	0	0	587	534	
6	0	0	0	0	601	541	
7	0	0	0	0	609	551	
8	0	0	0	0	611	559	
9	0	0	0	0	612	564	
10	0	0	0	0	609	567	
11	0	0	0	0	609	562	
12	0	0	0	0	614	556	
13	0	0	0	0	615	550	
14	0	0	0	0	615	545	
15	0	0	0	0	611	538	
0	0	0	0	0	604	530	
1	0	0	0	0	600	525	
2	0	0	0	0	600	518	
3	0	0	0	0	597	512	
4	0	0	0	0	595	505	
5	0	0	0	0	591	498	
6	0	0	0	0	588	495	
7	0	0	0	0	585	488	
8	0	0	0	0	583	483	
9	0	0	0	0	579	476	
10	0	0	0	0	571	473	
11	0	0	0	0	559	465	
12	0	0	0	0	547	455	
13	0	0	0	0	537	444	
14	0	0	0	0	531	431	
15	0	0	0	0	528	424	
0	0	0	0	0	531	420	
1	0	0	0	0	531	420	
2	0	0	0	0	531	424	
3	0	0	0	0	535	429	
4	0	0	0	0	542	438	
5	0	0	0	0	547	447	
6	0	0	0	0	549	463	
7	0	0	0	0	552	480	
8	0	0	0	0	556	500	
9	0	0	0	0	562	514	
10	0	0	0	0	563	522	
11	0	0	0	0	560	531	
12	0	0	0	0	556	539	
13	0	0	0	0	556	538	
14	0	0	0	0	556	531	
15	0	0	0	0	560	522	
0	0	0	0	0	570	507	
1	0	0	0	0	583	487	
2	0	0	0	0	593	464	
3	0	0	0	0	596	457	
4	0	0	0	0	600	454	
5	0	0	0	0	601	456	
6	0	0	0	0	600	461	
7	0	0	0	0	600	469	
8	0	0	0	0	595	476	
9	0	0	0	0	595	480	
10	0	0	0	0	597	483	
11	0	0	0	0	603	483	
12	0	0	0	0	608	475	
13	0	0	0	0	613	466	
14	0	0	0	0	615	458	
15	0	0	0	0	620	452	
0	0	0	0	0	624	447	
1	0	0	0	0	628	448	
2	0	0	0	0	632	445	
3	0	0	0	0	627	440	
4	0	0	0	0	620	446	
5	0	0	0	0	609	458	
6	0	0	0	0	594	468	
7	0	0	0	0	584	483	
8	0	0	0	0	585	497	
9	0	0	0	0	591	509	
10	0	0	0	0	601	515	
11	0	0	0	0	607	518	
12	0	0	0	0	615	521	
13	0	0	0	0	623	521	
14	0	0	0	0	625	519	
15	0	0	0	0	623	518	
0	0	0	0	0	619	515	
1	0	0	0	0	614	515	
2	0	0	0	0	611	512	
3	0	0	0	0	611	504	
4	0	0	0	0	613	496	
5	0	0	0	0	616	489	
6	0	0	0	0	619	482	
7	0	0	0	0	624	478	
8	0	0	0	0	629	476	
9	0	0	0	0	632	472	
10	0	0	0	0	632	471	
11	0	0	0	0	627	470	
12	0	0	0	0	617	463	
13	0	0	0	0	607	462	
14	0	0	0	0	594	455	
15	0	0	0	0	583	449	
0	0	0	0	0	578	451	
1	0	0	0	0	577	454	
2	0	0	0	0	577	459	
3	0	0	0	0	575	470	
4	0	0	0	0	575	479	
5	0	0	0	0	575	485	
6	0	0	0	0	577	494	
7	0	0	0	0	573	503	
8	0	0	0	0	570	508	
9	0	0	0	0	568	508	
10	0	0	0	0	566	506	
11	0	0	0	0	562	504	
12	0	0	0	0	557	497	
13	0	0	0	0	551	492	
14	0	0	0	0	543	488	
15	0	0	0	0	537	486	
0	0	0	0	0	540	487	
1	0	0	0	0	548	489	
2	0	0	0	0	560	492	
3	0	0	0	0	570	500	
4	0	0	0	0	577	507	
5	0	0	0	0	580	510	
6	0	0	0	0	580	512	
7	0	0	0	0	576	517	
8	0	0	0	0	568	523	
9	0	0	0	0	559	526	
10	0	0	0	0	550	523	
11	0	0	0	0	543	518	
12	0	0	0	0	539	513	
13	0	0	0	0	538	511	
14	0	0	0	0	539	511	
15	0	0	0	0	543	511	
0	0	0	0	0	543	512	
1	0	0	0	0	542	519	
2	0	0	0	0	542	527	
3	0	0	0	0	540	537	
4	0	0	0	0	542	545	
5	0	0	0	0	547	548	
6	0	0	0	0	555	548	
7	0	0	0	0	567	542	
8	0	0	0	0	578	534	
9	0	0	0	0	583	528	
10	0	0	0	0	580	519	
11	0	0	0	0	571	503	
12	0	0	0	0	557	487	
13	0	0	0	0	550	473	
14	0	0	0	0	547	467	
15	0	0	0	0	549	466	
0	0	0	0	0	555	465	
1	0	0	0	0	559	471	
2	0	0	0	0	562	484	
3	0	0	0	0	563	499	
4	0	0	0	0	564	511	
5	0	0	0	0	564	517	
6	0	0	0	0	563	523	
7	0	0	0	0	566	523	
8	0	0	0	0	568	520	
9	0	0	0	0	575	517	
10	0	0	0	0	584	516	
11	0	0	0	0	593	514	
12	0	0	0	0	598	510	
13	0	0	0	0	600	506	
14	0	0	0	0	601	505	
15	0	0	0	0	599	505	
0	0	0	0	0	602	504	
1	0	0	0	0	611	504	
2	0	0	0	0	616	508	
3	0	0	0	0	614	512	
4	0	0	0	0	607	516	
5	0	0	0	0	597	519	
6	0	0	0	0	584	519	
7	0	0	0	0	572	523	
8	0	0	0	0	560	527	
9	0	0	0	0	551	535	
10	0	0	0	0	541	542	
11	0	0	0	0	535	547	
12	0	0	0	0	528	547	
13	0	0	0	0	523	547	
14	0	0	0	0	518	548	
15	0	0	0	0	514	548	
0	0	0	0	0	512	545	
1	0	0	0	0	506	541	
2	0	0	0	0	499	537	
3	0	0	0	0	491	534	
4	0	0	0	0	483	535	
5	0	0	0	0	481	538	
6	0	0	0	0	477	540	
7	0	0	0	0	480	544	
8	0	0	0	0	493	552	
9	0	0	0	0	511	561	
10	0	0	0	0	527	566	
11	0	0	0	0	537	564	
12	0	0	0	0	547	556	
13	0	0	0	0	559	544	
14	0	0	0	0	569	532	
15	0	0	0	0	581	526	
0	0	0	0	0	591	526	
1	0	0	0	0	596	530	
2	0	0	0	0	596	534	
3	0	0	0	0	592	537	
4	0	0	0	0	584	539	
5	0	0	0	0	576	539	
6	0	0	0	0	566	540	
7	0	0	0	0	556	540	
8	0	0	0	0	549	539	
9	0	0	0	0	543	540	
10	0	0	0	0	537	537	
11	0	0	0	0	536	536	
12	0	0	0	0	534	538	
13	0	0	0	0	532	543	
14	0	0	0	0	530	543	
15	0	0	0	0	524	543	
0	0	0	0	0	524	546	
1	0	0	0	0	528	551	
2	0	0	0	0	531	559	
3	0	0	0	0	537	564	
4	0	0	0	0	541	560	
5	0	0	0	0	542	551	
6	0	0	0	0	546	539	
7	0	0	0	0	550	527	
8	0	0	0	0	555	517	
9	0	0	0	0	563	510	
10	0	0	0	0	567	511	
11	0	0	0	0	572	514	
12	0	0	0	0	579	520	
13	0	0	0	0	586	527	
14	0	0	0	0	592	535	
15	0	0	0	0	593	543	
0	0	0	0	0	589	547	
1	0	0	0	0	580	548	
2	0	0	0	0	569	551	
3	0	0	0	0	560	548	
4	0	0	0	0	552	539	
5	0	0	0	0	546	531	
6	0	0	0	0	543	527	
7	0	0	0	0	539	523	
8	0	0	0	0	539	515	
9	0	0	0	0	540	507	
10	0	0	0	0	547	504	
11	0	0	0	0	556	506	
12	0	0	0	0	564	508	
13	0	0	0	0	568	512	
14	0	0	0	0	569	516	
15	0	0	0	0	563	524	
0	0	0	0	0	553	538	
1	0	0	0	0	540	551	
2	0	0	0	0	519	561	
3	0	0	0	0	498	568	
4	0	0	0	0	475	575	
5	0	0	0	0	456	588	
6	0	0	0	0	443	600	
7	0	0	0	0	440	608	
8	0	0	0	0	446	618	
9	0	0	0	0	455	628	
10	0	0	0	0	464	634	
11	0	0	0	0	475	634	
12	0	0	0	0	487	635	
13	0	0	0	0	493	632	
14	0	0	0	0	495	627	
15	0	0	0	0	496	620	
0	0	0	0	0	497	615	
1	0	0	0	0	496	615	
2	0	0	0	0	490	618	
3	0	0	0	0	482	616	
4	0	0	0	0	478	611	
5	0	0	0	0	478	606	
6	0	0	0	0	478	599	
7	0	0	0	0	480	589	
8	0	0	0	0	483	583	
9	0	0	0	0	487	586	
10	0	0	0	0	487	591	
11	0	0	0	0	481	600	
12	0	0	0	0	478	615	
13	0	0	0	0	479	632	
14	0	0	0	0	482	651	
15	0	0	0	0	485	667	
0	0	0	0	0	485	681	
1	0	0	0	0	482	689	
2	0	0	0	0	480	696	
3	0	0	0	0	479	699	
4	0	0	0	0	480	695	
5	0	0	0	0	480	694	
6	0	0	0	0	477	692	
7	0	0	0	0	472	682	
8	0	0	0	0	471	677	
9	0	0	0	0	472	670	
10	0	0	0	0	475	659	
11	0	0	0	0	481	638	
12	0	0	0	0	487	615	
13	0	0	0	0	495	587	
14	0	0	0	0	499	561	
15	0	0	0	0	506	543	
0	0	0	0	0	513	531	
1	0	0	0	0	518	528	
2	0	0	0	0	518	533	
3	0	0	0	0	514	540	
4	0	0	0	0	507	551	
5	0	0	0	0	496	564	
6	0	0	0	0	488	579	
7	0	0	0	0	486	594	
8	0	0	0	0	490	608	
9	0	0	0	0	494	617	
10	0	0	0	0	495	619	
11	0	0	0	0	495	617	
12	0	0	0	0	493	609	
13	0	0	0	0	489	598	
14	0	0	0	0	486	587	
15	0	0	0	0	482	579	
0	0	0	0	0	480	572	
1	0	0	0	0	480	567	
2	0	0	0	0	482	567	
3	0	0	0	0	486	568	
4	0	0	0	0	490	567	
5	0	0	0	0	496	564	
6	0	0	0	0	499	558	
7	0	0	0	0	498	546	
8	0	0	0	0	498	537	
9	0	0	0	0	497	537	
10	0	0	0	0	495	548	
11	0	0	0	0	493	564	
12	0	0	0	0	493	583	
13	0	0	0	0	493	596	
14	0	0	0	0	496	601	
15	0	0	0	0	504	599	
0	0	0	0	0	511	594	
1	0	0	0	0	517	588	
2	0	0	0	0	516	580	
3	0	0	0	0	512	567	
4	0	0	0	0	507	556	
5	0	0	0	0	502	547	
6	0	0	0	0	495	539	
7	0	0	0	0	487	531	
8	0	0	0	0	478	527	
9	0	0	0	0	468	525	
10	0	0	0	0	461	519	
11	0	0	0	0	454	512	
12	0	0	0	0	447	507	
13	0	0	0	0	442	505	
14	0	0	0	0	446	501	
15	0	0	0	0	451	497	
0	0	0	0	0	459	499	
1	0	0	0	0	465	504	
2	0	0	0	0	468	509	
3	0	0	0	0	472	513	
4	0	0	0	0	473	517	
5	0	0	0	0	471	520	
6	0	0	0	0	465	525	
7	0	0	0	0	461	529	
8	0	0	0	0	459	534	
9	0	0	0	0	455	536	
10	0	0	0	0	452	529	
11	0	0	0	0	446	516	
12	0	0	0	0	442	505	
13	0	0	0	0	439	499	
14	0	0	0	0	436	493	
15	0	0	0	0	438	487	
0	0	0	0	0	440	482	
1	0	0	0	0	446	477	
2	0	0	0	0	457	480	
3	0	0	0	0	471	485	
4	0	0	0	0	486	486	
5	0	0	0	0	503	480	
6	0	0	0	0	514	476	
7	0	0	0	0	520	463	
8	0	0	0	0	521	452	
9	0	0	0	0	518	441	
10	0	0	0	0	511	433	
11	0	0	0	0	505	429	
12	0	0	0	0	500	430	
13	0	0	0	0	495	436	
14	0	0	0	0	494	444	
15	0	0	0	0	493	454	
0	0	0	0	0	493	461	
1	0	0	0	0	495	470	
2	0	0	0	0	497	479	
3	0	0	0	0	504	486	
4	0	0	0	0	511	490	
5	0	0	0	0	516	493	
6	0	0	0	0	519	499	
7	0	0	0	0	520	505	
8	0	0	0	0	519	512	
9	0	0	0	0	512	514	
10	0	0	0	0	501	515	
11	0	0	0	0	491	512	
12	0	0	0	0	484	507	
13	0	0	0	0	479	495	
14	0	0	0	0	475	483	
15	0	0	0	0	472	473	
0	0	0	0	0	472	467	
1	0	0	0	0	472	463	
2	0	0	0	0	466	459	
3	0	0	0	0	460	451	
4	0	0	0	0	462	448	
5	0	0	0	0	469	446	
6	0	0	0	0	478	446	
7	0	0	0	0	492	451	
8	0	0	0	0	507	459	
9	0	0	0	0	524	476	
10	0	0	0	0	537	494	
11	0	0	0	0	550	516	
12	0	0	0	0	557	537	
13	0	0	0	0	562	548	
14	0	0	0	0	569	556	
15	0	0	0	0	571	561	
0	0	0	0	0	568	561	
1	0	0	0	0	564	555	
2	0	0	0	0	559	546	
3	0	0	0	0	553	540	
4	0	0	0	0	548	531	
5	0	0	0	0	544	516	
6	0	0	0	0	545	498	
7	0	0	0	0	547	481	
8	0	0	0	0	553	466	
9	0	0	0	0	560	455	
10	0	0	0	0	568	449	
11	0	0	0	0	573	444	
12	0	0	0	0	576	441	
13	0	0	0	0	568	444	
14	0	0	0	0	556	449	
15	0	0	0	0	544	453	
0	0	0	0	0	526	464	
1	0	0	0	0	511	475	
2	0	0	0	0	501	488	
3	0	0	0	0	497	498	
4	0	0	0	0	498	505	
5	0	0	0	0	501	507	
6	0	0	0	0	502	504	
7	0	0	0	0	508	501	
8	0	0	0	0	513	502	
9	0	0	0	0	518	505	
10	0	0	0	0	525	505	
11	0	0	0	0	526	508	
12	0	0	0	0	525	509	
13	0	0	0	0	522	510	
14	0	0	0	0	519	508	
15	0	0	0	0	515	506	
0	0	0	0	0	511	504	
1	0	0	0	0	510	504	
2	0	0	0	0	510	500	
3	0	0	0	0	511	495	
4	0	0	0	0	515	487	
5	0	0	0	0	519	480	
6	0	0	0	0	522	475	
7	0	0	0	0	524	475	
8	0	0	0	0	527	479	
9	0	0	0	0	524	491	
10	0	0	0	0	515	504	
11	0	0	0	0	506	520	
12	0	0	0	0	495	537	
13	0	0	0	0	483	548	
14	0	0	0	0	472	551	
15	0	0	0	0	463	549	
0	0	0	0	0	453	549	
1	0	0	0	0	450	551	
2	0	0	0	0	444	559	
3	0	0	0	0	438	567	
4	0	0	0	0	430	572	
5	0	0	0	0	425	579	
6	0	0	0	0	417	589	
7	0	0	0	0	410	598	
8	0	0	0	0	406	609	
9	0	0	0	0	408	622	
10	0	0	0	0	409	630	
11	0	0	0	0	407	633	
12	0	0	0	0	403	637	
13	0	0	0	0	394	639	
14	0	0	0	0	384	643	
15	0	0	0	0	383	648	
0	0	0	0	0	385	653	
1	0	0	0	0	391	664	
2	0	0	0	0	396	670	
3	0	0	0	0	399	676	
4	0	0	0	0	401	687	
5	0	0	0	0	403	692	
6	0	0	0	0	405	693	
7	0	0	0	0	408	689	
8	0	0	0	0	409	683	
9	0	0	0	0	415	679	
10	0	0	0	0	419	680	
11	0	0	0	0	422	679	
12	0	0	0	0	424	680	
13	0	0	0	0	426	678	
14	0	0	0	0	429	672	
15	0	0	0	0	425	671	
0	0	0	0	0	419	671	
1	0	0	0	0	408	672	
2	0	0	0	0	398	673	
3	0	0	0	0	391	671	
4	0	0	0	0	387	666	
5	0	0	0	0	387	664	
6	0	0	0	0	390	663	
7	0	0	0	0	395	665	
8	0	0	0	0	400	664	
9	0	0	0	0	406	669	
10	0	0	0	0	411	675	
11	0	0	0	0	414	679	
12	0	0	0	0	415	679	
13	0	0	0	0	419	671	
14	0	0	0	0	417	658	
15	0	0	0	0	412	649	
0	0	0	0	0	409	635	
1	0	0	0	0	408	628	
2	0	0	0	0	409	625	
3	0	0	0	0	417	612	
4	0	0	0	0	428	601	
5	0	0	0	0	437	592	
6	0	0	0	0	448	580	
7	0	0	0	0	460	573	
8	0	0	0	0	470	567	
9	0	0	0	0	477	560	
10	0	0	0	0	477	552	
11	0	0	0	0	475	543	
12	0	0	0	0	472	541	
13	0	0	0	0	468	549	
14	0	0	0	0	462	558	
15	0	0	0	0	456	568	
0	0	0	0	0	452	575	
1	0	0	0	0	449	584	
2	0	0	0	0	446	595	
3	0	0	0	0	445	604	
4	0	0	0	0	442	610	
5	0	0	0	0	439	610	
6	0	0	0	0	440	606	
7	0	0	0	0	441	600	
8	0	0	0	0	445	598	
9	0	0	0	0	448	592	
10	0	0	0	0	455	584	
11	0	0	0	0	462	575	
12	0	0	0	0	467	566	
13	0	0	0	0	473	559	
14	0	0	0	0	476	555	
15	0	0	0	0	477	553	
0	0	0	0	0	473	552	
1	0	0	0	0	464	554	
2	0	0	0	0	452	551	
3	0	0	0	0	437	545	
4	0	0	0	0	430	539	
5	0	0	0	0	429	538	
6	0	0	0	0	435	546	
7	0	0	0	0	449	553	
8	0	0	0	0	467	563	
9	0	0	0	0	483	572	
10	0	0	0	0	496	576	
11	0	0	0	0	510	575	
12	0	0	0	0	521	573	
13	0	0	0	0	529	568	
14	0	0	0	0	529	564	
15	0	0	0	0	524	559	
0	0	0	0	0	516	557	
1	0	0	0	0	508	556	
2	0	0	0	0	497	551	
3	0	0	0	0	484	545	
4	0	0	0	0	474	538	
5	0	0	0	0	468	531	
6	0	0	0	0	463	526	
7	0	0	0	0	457	523	
8	0	0	0	0	454	521	
9	0	0	0	0	451	519	
10	0	0	0	0	452	518	
11	0	0	0	0	455	519	
12	0	0	0	0	463	518	
13	0	0	0	0	471	515	
14	0	0	0	0	479	507	
15	0	0	0	0	488	496	
0	0	0	0	0	496	489	
1	0	0	0	0	501	486	
2	0	0	0	0	502	483	
3	0	0	0	0	500	488	
4	0	0	0	0	498	500	
5	0	0	0	0	499	518	
6	0	0	0	0	497	530	
7	0	0	0	0	498	537	
8	0	0	0	0	499	543	
9	0	0	0	0	503	550	
10	0	0	0	0	509	556	
11	0	0	0	0	515	563	
12	0	0	0	0	527	564	
13	0	0	0	0	538	560	
14	0	0	0	0	548	555	
15	0	0	0	0	560	548	
0	0	0	0	0	572	543	
1	0	0	0	0	575	543	
2	0	0	0	0	573	542	
3	0	0	0	0	569	542	
4	0	0	0	0	571	540	
5	0	0	0	0	572	535	
6	0	0	0	0	574	532	
7	0	0	0	0	575	525	
8	0	0	0	0	572	515	
9	0	0	0	0	567	505	
10	0	0	0	0	558	495	
11	0	0	0	0	550	484	
12	0	0	0	0	540	473	
13	0	0	0	0	527	461	
14	0	0	0	0	514	454	
15	0	0	0	0	503	450	
0	0	0	0	0	497	449	
1	0	0	0	0	494	447	
2	0	0	0	0	493	449	
3	0	0	0	0	494	457	
4	0	0	0	0	500	465	
5	0	0	0	0	505	476	
6	0	0	0	0	511	489	
7	0	0	0	0	519	502	
8	0	0	0	0	530	513	
9	0	0	0	0	540	523	
10	0	0	0	0	546	532	
11	0	0	0	0	551	537	
12	0	0	0	0	551	545	
13	0	0	0	0	552	553	
14	0	0	0	0	559	562	
15	0	0	0	0	563	565	
0	0	0	0	0	567	563	
1	0	0	0	0	567	553	
2	0	0	0	0	568	540	
3	0	0	0	0	567	529	
4	0	0	0	0	562	518	
5	0	0	0	0	559	511	
6	0	0	0	0	556	508	
7	0	0	0	0	551	511	
8	0	0	0	0	546	515	
9	0	0	0	0	540	519	
10	0	0	0	0	535	519	
11	0	0	0	0	530	517	
12	0	0	0	0	531	518	
13	0	0	0	0	536	517	
14	0	0	0	0	540	520	
15	0	0	0	0	543	528	
0	0	0	0	0	543	536	
1	0	0	0	0	540	540	
2	0	0	0	0	532	544	
3	0	0	0	0	527	546	
4	0	0	0	0	522	543	
5	0	0	0	0	519	540	
6	0	0	0	0	519	537	
7	0	0	0	0	518	539	
8	0	0	0	0	516	538	
9	0	0	0	0	515	540	
10	0	0	0	0	514	541	
11	0	0	0	0	516	543	
12	0	0	0	0	518	547	
13	0	0	0	0	518	551	
14	0	0	0	0	519	554	
15	0	0	0	0	520	556	
0	0	0	0	0	525	562	
1	0	0	0	0	531	571	
2	0	0	0	0	535	574	
3	0	0	0	0	537	571	
4	0	0	0	0	538	566	
5	0	0	0	0	536	555	
6	0	0	0	0	532	538	
7	0	0	0	0	527	521	
8	0	0	0	0	524	505	
9	0	0	0	0	520	489	
10	0	0	0	0	517	478	
11	0	0	0	0	516	470	
12	0	0	0	0	515	462	
13	0	0	0	0	517	461	
14	0	0	0	0	521	460	
15	0	0	0	0	520	458	
0	0	0	0	0	522	458	
1	0	0	0	0	519	465	
2	0	0	0	0	514	477	
3	0	0	0	0	508	492	
4	0	0	0	0	501	508	
5	0	0	0	0	495	519	
6	0	0	0	0	490	522	
7	0	0	0	0	488	519	
8	0	0	0	0	487	509	
9	0	0	0	0	487	497	
10	0	0	0	0	492	486	
11	0	0	0	0	506	478	
12	0	0	0	0	522	472	
13	0	0	0	0	536	473	
14	0	0	0	0	546	476	
15	0	0	0	0	551	482	
0	0	0	0	0	558	491	
1	0	0	0	0	556	505	
2	0	0	0	0	550	524	
3	0	0	0	0	542	540	
4	0	0	0	0	533	555	
5	0	0	0	0	522	565	
6	0	0	0	0	512	568	
7	0	0	0	0	499	568	
8	0	0	0	0	492	569	
9	0	0	0	0	487	573	
10	0	0	0	0	486	583	
11	0	0	0	0	485	593	
12	0	0	0	0	484	607	
13	0	0	0	0	484	616	
14	0	0	0	0	483	623	
15	0	0	0	0	482	630	
0	0	0	0	0	480	632	
1	0	0	0	0	475	635	
2	0	0	0	0	470	632	
3	0	0	0	0	464	630	
4	0	0	0	0	459	628	
5	0	0	0	0	451	626	
6	0	0	0	0	443	620	
7	0	0	0	0	432	613	
8	0	0	0	0	421	604	
9	0	0	0	0	412	595	
10	0	0	0	0	406	593	
11	0	0	0	0	405	595	
12	0	0	0	0	410	604	
13	0	0	0	0	418	617	
14	0	0	0	0	426	621	
15	0	0	0	0	437	621	
0	0	0	0	0	447	624	
1	0	0	0	0	456	628	
2	0	0	0	0	463	639	
3	0	0	0	0	469	645	
4	0	0	0	0	472	651	
5	0	0	0	0	473	654	
6	0	0	0	0	474	651	
7	0	0	0	0	472	644	
8	0	0	0	0	468	639	
9	0	0	0	0	463	632	
10	0	0	0	0	453	627	
11	0	0	0	0	443	621	
12	0	0	0	0	434	618	
13	0	0	0	0	428	622	
14	0	0	0	0	423	623	
15	0	0	0	0	420	625	
0	0	0	0	0	419	625	
1	0	0	0	0	422	627	
2	0	0	0	0	424	636	
3	0	0	0	0	427	641	
4	0	0	0	0	426	648	
5	0	0	0	0	429	649	
6	0	0	0	0	433	644	
7	0	0	0	0	435	633	
8	0	0	0	0	436	618	
9	0	0	0	0	441	604	
10	0	0	0	0	450	600	
11	0	0	0	0	463	598	
12	0	0	0	0	476	602	
13	0	0	0	0	485	607	
14	0	0	0	0	489	611	
15	0	0	0	0	487	616	
0	0	0	0	0	484	619	
1	0	0	0	0	480	619	
2	0	0	0	0	476	613	
3	0	0	0	0	471	606	
4	0	0	0	0	467	599	
5	0	0	0	0	461	595	
6	0	0	0	0	455	590	
7	0	0	0	0	446	586	
8	0	0	0	0	438	578	
9	0	0	0	0	432	571	
10	0	0	0	0	428	566	
11	0	0	0	0	427	564	
12	0	0	0	0	430	560	
13	0	0	0	0	432	560	
14	0	0	0	0	434	559	
15	0	0	0	0	436	557	
0	0	0	0	0	433	551	
1	0	0	0	0	428	547	
2	0	0	0	0	424	544	
3	0	0	0	0	423	539	
4	0	0	0	0	424	540	
5	0	0	0	0	426	549	
6	0	0	0	0	430	560	
7	0	0	0	0	433	569	
8	0	0	0	0	437	573	
9	0	0	0	0	438	577	
10	0	0	0	0	437	582	
11	0	0	0	0	437	579	
12	0	0	0	0	437	580	
13	0	0	0	0	440	585	
14	0	0	0	0	447	589	
15	0	0	0	0	455	593	
0	0	0	0	0	460	596	
1	0	0	0	0	463	594	
2	0	0	0	0	459	590	
3	0	0	0	0	457	584	
4	0	0	0	0	456	578	
5	0	0	0	0	456	567	
6	0	0	0	0	456	553	
7	0	0	0	0	459	540	
8	0	0	0	0	464	530	
9	0	0	0	0	470	522	
10	0	0	0	0	473	517	
11	0	0	0	0	473	516	
12	0	0	0	0	473	513	
13	0	0	0	0	473	512	
14	0	0	0	0	473	514	
15	0	0	0	0	476	515	
0	0	0	0	0	480	517	
1	0	0	0	0	486	519	
2	0	0	0	0	495	526	
3	0	0	0	0	505	531	
4	0	0	0	0	512	534	
5	0	0	0	0	519	532	
6	0	0	0	0	524	525	
7	0	0	0	0	525	520	
8	0	0	0	0	519	517	
9	0	0	0	0	512	517	
10	0	0	0	0	501	515	
11	0	0	0	0	492	513	
12	0	0	0	0	482	515	
13	0	0	0	0	473	514	
14	0	0	0	0	466	508	
15	0	0	0	0	463	499	
0	0	0	0	0	459	492	
1	0	0	0	0	458	492	
2	0	0	0	0	459	499	
3	0	0	0	0	458	508	
4	0	0	0	0	457	521	
5	0	0	0	0	452	535	
6	0	0	0	0	446	545	
7	0	0	0	0	435	552	
8	0	0	0	0	429	559	
9	0	0	0	0	430	563	
10	0	0	0	0	433	569	
11	0	0	0	0	439	568	
12	0	0	0	0	444	560	
13	0	0	0	0	443	551	
14	0	0	0	0	440	543	
15	0	0	0	0	439	537	
0	0	0	0	0	437	534	
1	0	0	0	0	436	534	
2	0	0	0	0	435	535	
3	0	0	0	0	435	538	
4	0	0	0	0	432	545	
5	0	0	0	0	428	560	
6	0	0	0	0	423	578	
7	0	0	0	0	417	594	
8	0	0	0	0	409	605	
9	0	0	0	0	398	612	
10	0	0	0	0	391	615	
11	0	0	0	0	383	617	
12	0	0	0	0	372	618	
13	0	0	0	0	359	618	
14	0	0	0	0	347	621	
15	0	0	0	0	340	619	
0	0	0	0	0	340	623	
1	0	0	0	0	345	628	
2	0	0	0	0	351	625	
3	0	0	0	0	358	624	
4	0	0	0	0	367	619	
5	0	0	0	0	375	611	
6	0	0	0	0	384	605	
7	0	0	0	0	395	598	
8	0	0	0	0	401	593	
9	0	0	0	0	408	595	
10	0	0	0	0	417	604	
11	0	0	0	0	427	611	
12	0	0	0	0	432	615	
13	0	0	0	0	432	615	
14	0	0	0	0	429	612	
15	0	0	0	0	423	607	
0	0	0	0	0	416	600	
1	0	0	0	0	409	592	
2	0	0	0	0	405	591	
3	0	0	0	0	403	597	
4	0	0	0	0	403	604	
5	0	0	0	0	405	611	
6	0	0	0	0	406	612	
7	0	0	0	0	407	607	
8	0	0	0	0	406	603	
9	0	0	0	0	403	597	
10	0	0	0	0	400	593	
11	0	0	0	0	399	588	
12	0	0	0	0	400	590	
13	0	0	0	0	401	601	
14	0	0	0	0	403	610	
15	0	0	0	0	402	615	
0	0	0	0	0	403	616	
1	0	0	0	0	403	615	
2	0	0	0	0	400	607	
3	0	0	0	0	396	593	
4	0	0	0	0	394	582	
5	0	0	0	0	392	570	
6	0	0	0	0	394	563	
7	0	0	0	0	400	557	
8	0	0	0	0	412	552	
9	0	0	0	0	422	549	
10	0	0	0	0	433	548	
11	0	0	0	0	444	551	
12	0	0	0	0	451	557	
13	0	0	0	0	455	565	
14	0	0	0	0	451	573	
15	0	0	0	0	444	581	
0	0	0	0	0	441	581	
1	0	0	0	0	440	574	
2	0	0	0	0	439	564	
3	0	0	0	0	443	557	
4	0	0	0	0	448	553	
5	0	0	0	0	451	550	
6	0	0	0	0	453	547	
7	0	0	0	0	454	544	
8	0	0	0	0	454	544	
9	0	0	0	0	450	542	
10	0	0	0	0	444	538	
11	0	0	0	0	440	531	
12	0	0	0	0	436	522	
13	0	0	0	0	434	516	
14	0	0	0	0	433	515	
15	0	0	0	0	434	518	
0	0	0	0	0	439	525	
1	0	0	0	0	445	532	
2	0	0	0	0	450	535	
3	0	0	0	0	455	543	
4	0	0	0	0	461	552	
5	0	0	0	0	470	558	
6	0	0	0	0	476	559	
7	0	0	0	0	478	562	
8	0	0	0	0	479	567	
9	0	0	0	0	478	572	
10	0	0	0	0	480	575	
11	0	0	0	0	479	577	
12	0	0	0	0	478	584	
13	0	0	0	0	478	598	
14	0	0	0	0	479	608	
15	0	0	0	0	481	609	
0	0	0	0	0	481	605	
1	0	0	0	0	478	595	
2	0	0	0	0	469	580	
3	0	0	0	0	457	566	
4	0	0	0	0	445	555	
5	0	0	0	0	434	548	
6	0	0	0	0	430	535	
7	0	0	0	0	436	529	
8	0	0	0	0	447	527	
9	0	0	0	0	462	524	
10	0	0	0	0	476	523	
11	0	0	0	0	487	517	
12	0	0	0	0	493	508	
13	0	0	0	0	497	496	
14	0	0	0	0	502	488	
15	0	0	0	0	509	486	
0	0	0	0	0	520	487	
1	0	0	0	0	531	492	
2	0	0	0	0	543	501	
3	0	0	0	0	549	510	
4	0	0	0	0	546	520	
5	0	0	0	0	536	526	
6	0	0	0	0	522	526	
7	0	0	0	0	510	524	
8	0	0	0	0	495	516	
9	0	0	0	0	483	513	
10	0	0	0	0	474	515	
11	0	0	0	0	471	523	
12	0	0	0	0	471	532	
13	0	0	0	0	472	541	
14	0	0	0	0	472	543	
15	0	0	0	0	469	536	
0	0	0	0	0	462	527	
1	0	0	0	0	454	517	
2	0	0	0	0	448	504	
3	0	0	0	0	447	492	
4	0	0	0	0	452	484	
5	0	0	0	0	461	476	
6	0	0	0	0	467	469	
7	0	0	0	0	473	461	
8	0	0	0	0	472	450	
9	0	0	0	0	467	440	
10	0	0	0	0	465	434	
11	0	0	0	0	471	437	
12	0	0	0	0	478	453	
13	0	0	0	0	492	468	
14	0	0	0	0	509	480	
15	0	0	0	0	524	487	
0	0	0	0	0	539	487	
1	0	0	0	0	548	481	
2	0	0	0	0	553	481	
3	0	0	0	0	553	484	
4	0	0	0	0	553	484	
5	0	0	0	0	551	488	
6	0	0	0	0	548	486	
7	0	0	0	0	543	482	
8	0	0	0	0	536	475	
9	0	0	0	0	528	474	
10	0	0	0	0	521	476	
11	0	0	0	0	519	479	
12	0	0	0	0	518	483	
13	0	0	0	0	520	483	
14	0	0	0	0	522	483	
15	0	0	0	0	528	478	
0	0	0	0	0	531	472	
1	0	0	0	0	527	465	
2	0	0	0	0	520	457	
3	0	0	0	0	511	449	
4	0	0	0	0	503	435	
5	0	0	0	0	499	429	
6	0	0	0	0	499	425	
7	0	0	0	0	503	425	
8	0	0	0	0	508	432	
9	0	0	0	0	516	443	
10	0	0	0	0	527	455	
11	0	0	0	0	540	470	
12	0	0	0	0	552	481	
13	0	0	0	0	560	493	
14	0	0	0	0	561	504	
15	0	0	0	0	565	511	
0	0	0	0	0	566	513	
1	0	0	0	0	564	511	
2	0	0	0	0	560	506	
3	0	0	0	0	558	495	
4	0	0	0	0	553	483	
5	0	0	0	0	555	467	
6	0	0	0	0	554	457	
7	0	0	0	0	555	451	
8	0	0	0	0	553	446	
9	0	0	0	0	553	446	
10	0	0	0	0	555	447	
11	0	0	0	0	556	444	
12	0	0	0	0	557	444	
13	0	0	0	0	556	443	
14	0	0	0	0	558	442	
15	0	0	0	0	561	438	
0	0	0	0	0	561	435	
1	0	0	0	0	562	439	
2	0	0	0	0	559	444	
3	0	0	0	0	553	448	
4	0	0	0	0	555	454	
5	0	0	0	0	557	458	
6	0	0	0	0	558	455	
7	0	0	0	0	554	446	
8	0	0	0	0	548	429	
9	0	0	0	0	545	413	
10	0	0	0	0	545	401	
11	0	0	0	0	551	393	
12	0	0	0	0	561	388	
13	0	0	0	0	575	390	
14	0	0	0	0	588	397	
15	0	0	0	0	598	408	
0	0	0	0	0	605	420	
1	0	0	0	0	606	423	
2	0	0	0	0	604	436	
3	0	0	0	0	605	446	
4	0	0	0	0	611	454	
5	0	0	0	0	620	460	
6	0	0	0	0	625	460	
7	0	0	0	0	626	462	
8	0	0	0	0	627	464	
9	0	0	0	0	625	457	
10	0	0	0	0	616	457	
11	0	0	0	0	603	455	
12	0	0	0	0	591	455	
13	0	0	0	0	583	456	
14	0	0	0	0	578	454	
15	0	0	0	0	575	445	
0	0	0	0	0	576	425	
1	0	0	0	0	577	408	
2	0	0	0	0	574	394	
3	0	0	0	0	568	379	
4	0	0	0	0	561	366	
5	0	0	0	0	557	367	
6	0	0	0	0	551	364	
7	0	0	0	0	544	368	
8	0	0	0	0	539	378	
9	0	0	0	0	532	391	
10	0	0	0	0	530	399	
11	0	0	0	0	528	403	
12	0	0	0	0	530	406	
13	0	0	0	0	531	410	
14	0	0	0	0	533	415	
15	0	0	0	0	531	425	
0	0	0	0	0	533	441	
1	0	0	0	0	541	457	
2	0	0	0	0	552	472	
3	0	0	0	0	563	486	
4	0	0	0	0	571	491	
5	0	0	0	0	572	489	
6	0	0	0	0	568	492	
7	0	0	0	0	560	496	
8	0	0	0	0	550	499	
9	0	0	0	0	541	495	
10	0	0	0	0	534	485	
11	0	0	0	0	528	469	
12	0	0	0	0	526	452	
13	0	0	0	0	524	437	
14	0	0	0	0	520	423	
15	0	0	0	0	519	414	
0	0	0	0	0	516	406	
1	0	0	0	0	516	399	
2	0	0	0	0	519	397	
3	0	0	0	0	521	399	
4	0	0	0	0	524	403	
5	0	0	0	0	525	408	
6	0	0	0	0	522	408	
7	0	0	0	0	517	408	
8	0	0	0	0	514	411	
9	0	0	0	0	515	412	
10	0	0	0	0	516	418	
11	0	0	0	0	517	423	
12	0	0	0	0	519	430	
13	0	0	0	0	521	440	
14	0	0	0	0	519	447	
15	0	0	0	0	516	455	
0	0	0	0	0	508	464	
1	0	0	0	0	498	470	
2	0	0	0	0	491	475	
3	0	0	0	0	485	478	
4	0	0	0	0	485	483	
5	0	0	0	0	487	488	
6	0	0	0	0	495	495	
7	0	0	0	0	500	494	
8	0	0	0	0	500	489	
9	0	0	0	0	495	485	
10	0	0	0	0	489	480	
11	0	0	0	0	487	476	
12	0	0	0	0	491	471	
13	0	0	0	0	500	470	
14	0	0	0	0	510	468	
15	0	0	0	0	520	474	
0	0	0	0	0	531	475	
1	0	0	0	0	537	478	
2	0	0	0	0	542	478	
3	0	0	0	0	547	479	
4	0	0	0	0	551	479	
5	0	0	0	0	550	473	
6	0	0	0	0	545	466	
7	0	0	0	0	541	460	
8	0	0	0	0	540	452	
9	0	0	0	0	543	444	
10	0	0	0	0	546	440	
11	0	0	0	0	548	444	
12	0	0	0	0	552	453	
13	0	0	0	0	559	463	
14	0	0	0	0	563	473	
15	0	0	0	0	565	480	
0	0	0	0	0	566	483	
1	0	0	0	0	564	488	
2	0	0	0	0	562	492	
3	0	0	0	0	561	496	
4	0	0	0	0	560	500	
5	0	0	0	0	553	504	
6	0	0	0	0	548	502	
7	0	0	0	0	543	500	
8	0	0	0	0	538	498	
9	0	0	0	0	538	496	
10	0	0	0	0	541	495	
11	0	0	0	0	548	492	
12	0	0	0	0	551	492	
13	0	0	0	0	551	492	
14	0	0	0	0	549	496	
15	0	0	0	0	545	499	
0	0	0	0	0	543	499	
1	0	0	0	0	541	497	
2	0	0	0	0	540	492	
3	0	0	0	0	539	491	
4	0	0	0	0	536	493	
5	0	0	0	0	534	492	
6	0	0	0	0	531	485	
7	0	0	0	0	527	477	
8	0	0	0	0	524	467	
9	0	0	0	0	527	460	
10	0	0	0	0	533	457	
11	0	0	0	0	541	457	
12	0	0	0	0	550	457	
13	0	0	0	0	559	452	
14	0	0	0	0	569	452	
15	0	0	0	0	575	450	
0	0	0	0	0	574	441	
1	0	0	0	0	575	435	
2	0	0	0	0	579	435	
3	0	0	0	0	585	443	
4	0	0	0	0	588	449	
5	0	0	0	0	588	451	
6	0	0	0	0	589	447	
7	0	0	0	0	590	438	
8	0	0	0	0	593	426	
9	0	0	0	0	592	423	
10	0	0	0	0	591	419	
11	0	0	0	0	587	416	
12	0	0	0	0	585	423	
13	0	0	0	0	581	429	
14	0	0	0	0	575	441	
15	0	0	0	0	570	448	
0	0	0	0	0	566	455	
1	0	0	0	0	564	462	
2	0	0	0	0	565	468	
3	0	0	0	0	566	472	
4	0	0	0	0	574	476	
5	0	0	0	0	581	482	
6	0	0	0	0	590	483	
7	0	0	0	0	595	485	
8	0	0	0	0	593	484	
9	0	0	0	0	594	481	
10	0	0	0	0	591	479	
11	0	0	0	0	582	477	
12	0	0	0	0	576	476	
13	0	0	0	0	571	475	
14	0	0	0	0	564	471	
15	0	0	0	0	560	470	
0	0	0	0	0	556	471	
1	0	0	0	0	554	476	
2	0	0	0	0	555	486	
3	0	0	0	0	556	496	
4	0	0	0	0	561	510	
5	0	0	0	0	568	519	
6	0	0	0	0	578	525	
7	0	0	0	0	591	529	
8	0	0	0	0	604	524	
9	0	0	0	0	615	507	
10	0	0	0	0	623	483	
11	0	0	0	0	627	458	
12	0	0	0	0	628	438	
13	0	0	0	0	625	419	
14	0	0	0	0	625	396	
15	0	0	0	0	626	387	
0	0	0	0	0	632	378	
1	0	0	0	0	636	368	
2	0	0	0	0	639	362	
3	0	0	0	0	640	349	
4	0	0	0	0	643	338	
5	0	0	0	0	648	325	
6	0	0	0	0	656	305	
7	0	0	0	0	666	296	
8	0	0	0	0	679	283	
9	0	0	0	0	696	271	
10	0	0	0	0	714	263	
11	0	0	0	0	735	245	
12	0	0	0	0	751	237	
13	0	0	0	0	763	227	
14	0	0	0	0	769	214	
15	0	0	0	0	769	211	
0	0	0	0	0	767	207	
1	0	0	0	0	764	206	
2	0	0	0	0	759	221	
3	0	0	0	0	750	230	
4	0	0	0	0	736	234	
5	0	0	0	0	725	253	
6	0	0	0	0	719	262	
7	0	0	0	0	721	273	
8	0	0	0	0	724	285	
9	0	0	0	0	725	294	
10	0	0	0	0	731	309	
11	0	0	0	0	737	316	
12	0	0	0	0	742	317	
13	0	0	0	0	740	328	
14	0	0	0	0	728	329	
15	0	0	0	0	709	324	
0	0	0	0	0	686	316	
1	0	0	0	0	662	300	
2	0	0	0	0	640	291	
3	0	0	0	0	623	281	
4	0	0	0	0	615	275	
5	0	0	0	0	613	288	
6	0	0	0	0	615	296	
7	0	0	0	0	616	296	
8	0	0	0	0	621	304	
9	0	0	0	0	630	305	
10	0	0	0	0	642	310	
11	0	0	0	0	651	310	
12	0	0	0	0	658	302	
13	0	0	0	0	659	304	
14	0	0	0	0	661	300	
15	0	0	0	0	662	289	
0	0	0	0	0	660	294	
1	0	0	0	0	660	291	
2	0	0	0	0	657	294	
3	0	0	0	0	649	298	
4	0	0	0	0	642	299	
5	0	0	0	0	632	305	
6	0	0	0	0	620	310	
7	0	0	0	0	612	312	
8	0	0	0	0	605	323	
9	0	0	0	0	600	331	
10	0	0	0	0	599	346	
11	0	0	0	0	603	356	
12	0	0	0	0	612	359	
13	0	0	0	0	625	361	
14	0	0	0	0	639	360	
15	0	0	0	0	652	363	
0	0	0	0	0	660	378	
1	0	0	0	0	662	383	
2	0	0	0	0	656	387	
3	0	0	0	0	649	391	
4	0	0	0	0	640	393	
5	0	0	0	0	637	401	
6	0	0	0	0	632	414	
7	0	0	0	0	624	423	
8	0	0	0	0	616	431	
9	0	0	0	0	608	430	
10	0	0	0	0	601	416	
11	0	0	0	0	597	408	
12	0	0	0	0	592	395	
13	0	0	0	0	588	386	
14	0	0	0	0	587	379	
15	0	0	0	0	588	370	
0	0	0	0	0	591	371	
1	0	0	0	0	595	365	
2	0	0	0	0	597	359	
3	0	0	0	0	599	351	
4	0	0	0	0	601	347	
5	0	0	0	0	604	354	
6	0	0	0	0	602	356	
7	0	0	0	0	599	355	
8	0	0	0	0	600	362	
9	0	0	0	0	599	368	
10	0	0	0	0	598	376	
11	0	0	0	0	602	381	
12	0	0	0	0	606	385	
13	0	0	0	0	608	391	
14	0	0	0	0	609	392	
15	0	0	0	0	608	391	
0	0	0	0	0	606	397	
1	0	0	0	0	601	397	
2	0	0	0	0	598	398	
3	0	0	0	0	599	402	
4	0	0	0	0	596	404	
5	0	0	0	0	592	409	
6	0	0	0	0	590	415	
7	0	0	0	0	593	427	
8	0	0	0	0	599	436	
9	0	0	0	0	602	441	
10	0	0	0	0	605	443	
11	0	0	0	0	605	444	
12	0	0	0	0	603	441	
13	0	0	0	0	601	444	
14	0	0	0	0	601	444	
15	0	0	0	0	601	443	
0	0	0	0	0	595	437	
1	0	0	0	0	584	424	
2	0	0	0	0	572	417	
3	0	0	0	0	561	412	
4	0	0	0	0	556	412	
5	0	0	0	0	551	414	
6	0	0	0	0	549	414	
7	0	0	0	0	552	411	
8	0	0	0	0	555	410	
9	0	0	0	0	555	409	
10	0	0	0	0	552	409	
11	0	0	0	0	557	408	
12	0	0	0	0	561	405	
13	0	0	0	0	567	402	
14	0	0	0	0	574	400	
15	0	0	0	0	579	397	
0	0	0	0	0	582	399	
1	0	0	0	0	584	403	
2	0	0	0	0	587	412	
3	0	0	0	0	588	417	
4	0	0	0	0	592	419	
5	0	0	0	0	595	420	
6	0	0	0	0	593	422	
7	0	0	0	0	589	424	
8	0	0	0	0	578	428	
9	0	0	0	0	566	433	
10	0	0	0	0	554	442	
11	0	0	0	0	547	448	
12	0	0	0	0	544	452	
13	0	0	0	0	545	459	
14	0	0	0	0	544	459	
15	0	0	0	0	544	452	
0	0	0	0	0	541	440	
1	0	0	0	0	540	425	
2	0	0	0	0	537	410	
3	0	0	0	0	535	393	
4	0	0	0	0	529	379	
5	0	0	0	0	520	378	
6	0	0	0	0	513	382	
7	0	0	0	0	510	389	
8	0	0	0	0	513	395	
9	0	0	0	0	519	402	
10	0	0	0	0	527	417	
11	0	0	0	0	539	435	
12	0	0	0	0	550	450	
13	0	0	0	0	561	462	
14	0	0	0	0	573	472	
15	0	0	0	0	582	483	
0	0	0	0	0	587	496	
1	0	0	0	0	588	503	
2	0	0	0	0	585	504	
3	0	0	0	0	575	498	
4	0	0	0	0	567	488	
5	0	0	0	0	557	480	
6	0	0	0	0	550	472	
7	0	0	0	0	542	465	
8	0	0	0	0	534	459	
9	0	0	0	0	525	457	
10	0	0	0	0	520	460	
11	0	0	0	0	519	468	
12	0	0	0	0	522	479	
13	0	0	0	0	531	489	
14	0	0	0	0	542	496	
15	0	0	0	0	550	495	
0	0	0	0	0	555	492	
1	0	0	0	0	554	476	
2	0	0	0	0	547	454	
3	0	0	0	0	540	433	
4	0	0	0	0	530	409	
5	0	0	0	0	521	390	
6	0	0	0	0	515	373	
7	0	0	0	0	511	366	
8	0	0	0	0	510	371	
9	0	0	0	0	511	379	
10	0	0	0	0	512	393	
11	0	0	0	0	514	414	
12	0	0	0	0	517	436	
13	0	0	0	0	521	455	
14	0	0	0	0	524	467	
15	0	0	0	0	527	470	
0	0	0	0	0	527	472	
1	0	0	0	0	527	468	
2	0	0	0	0	523	459	
3	0	0	0	0	519	450	
4	0	0	0	0	515	441	
5	0	0	0	0	511	434	
6	0	0	0	0	508	428	
7	0	0	0	0	504	424	
8	0	0	0	0	502	425	
9	0	0	0	0	503	430	
10	0	0	0	0	501	437	
11	0	0	0	0	497	445	
12	0	0	0	0	494	459	
13	0	0	0	0	489	474	
14	0	0	0	0	487	489	
15	0	0	0	0	486	502	
0	0	0	0	0	487	510	
1	0	0	0	0	487	513	
2	0	0	0	0	482	509	
3	0	0	0	0	475	504	
4	0	0	0	0	467	500	
5	0	0	0	0	468	499	
6	0	0	0	0	474	500	
7	0	0	0	0	480	501	
8	0	0	0	0	492	505	
9	0	0	0	0	506	516	
10	0	0	0	0	514	532	
11	0	0	0	0	517	547	
12	0	0	0	0	513	557	
13	0	0	0	0	507	560	
14	0	0	0	0	499	553	
15	0	0	0	0	494	540	
0	0	0	0	0	489	526	
1	0	0	0	0	482	513	
2	0	0	0	0	476	507	
3	0	0	0	0	476	511	
4	0	0	0	0	482	513	
5	0	0	0	0	492	508	
6	0	0	0	0	504	503	
7	0	0	0	0	515	499	
8	0	0	0	0	524	494	
9	0	0	0	0	531	484	
10	0	0	0	0	535	472	
11	0	0	0	0	535	463	
12	0	0	0	0	532	461	
13	0	0	0	0	529	463	
14	0	0	0	0	527	468	
15	0	0	0	0	523	474	
0	0	0	0	0	524	478	
1	0	0	0	0	524	479	
2	0	0	0	0	523	477	
3	0	0	0	0	519	474	
4	0	0	0	0	515	473	
5	0	0	0	0	515	476	
6	0	0	0	0	519	483	
7	0	0	0	0	525	492	
8	0	0	0	0	531	500	
9	0	0	0	0	536	503	
10	0	0	0	0	536	502	
11	0	0	0	0	533	501	
12	0	0	0	0	527	499	
13	0	0	0	0	516	493	
14	0	0	0	0	503	486	
15	0	0	0	0	494	476	
0	0	0	0	0	491	474	
1	0	0	0	0	494	480	
2	0	0	0	0	497	493	
3	0	0	0	0	499	507	
4	0	0	0	0	499	521	
5	0	0	0	0	497	532	
6	0	0	0	0	496	540	
7	0	0	0	0	495	544	
8	0	0	0	0	495	544	
9	0	0	0	0	500	545	
10	0	0	0	0	505	549	
11	0	0	0	0	511	554	
12	0	0	0	0	518	562	
13	0	0	0	0	525	575	
14	0	0	0	0	529	582	
15	0	0	0	0	535	584	
0	0	0	0	0	536	587	
1	0	0	0	0	536	584	
2	0	0	0	0	529	575	
3	0	0	0	0	522	564	
4	0	0	0	0	515	557	
5	0	0	0	0	510	553	
6	0	0	0	0	509	555	
7	0	0	0	0	504	557	
8	0	0	0	0	497	561	
9	0	0	0	0	494	563	
10	0	0	0	0	492	562	
11	0	0	0	0	491	558	
12	0	0	0	0	492	545	
13	0	0	0	0	490	531	
14	0	0	0	0	490	515	
15	0	0	0	0	488	497	
0	0	0	0	0	484	485	
1	0	0	0	0	481	481	
2	0	0	0	0	479	476	
3	0	0	0	0	475	472	
4	0	0	0	0	475	471	
5	0	0	0	0	473	472	
6	0	0	0	0	475	474	
7	0	0	0	0	480	476	
8	0	0	0	0	485	476	
9	0	0	0	0	487	476	
10	0	0	0	0	489	476	
11	0	0	0	0	492	476	
12	0	0	0	0	495	480	
13	0	0	0	0	500	489	
14	0	0	0	0	507	501	
15	0	0	0	0	512	514	
0	0	0	0	0	513	523	
1	0	0	0	0	513	523	
2	0	0	0	0	513	524	
3	0	0	0	0	512	526	
4	0	0	0	0	513	527	
5	0	0	0	0	510	527	
6	0	0	0	0	505	531	
7	0	0	0	0	501	536	
8	0	0	0	0	499	536	
9	0	0	0	0	496	534	
10	0	0	0	0	494	535	
11	0	0	0	0	489	537	
12	0	0	0	0	492	540	
13	0	0	0	0	499	540	
14	0	0	0	0	511	540	
15	0	0	0	0	516	542	
0	0	0	0	0	516	537	
1	0	0	0	0	513	528	
2	0	0	0	0	511	519	
3	0	0	0	0	510	513	
4	0	0	0	0	516	508	
5	0	0	0	0	528	504	
6	0	0	0	0	538	507	
7	0	0	0	0	548	515	
8	0	0	0	0	557	527	
9	0	0	0	0	563	536	
10	0	0	0	0	566	542	
11	0	0	0	0	569	547	
12	0	0	0	0	572	553	
13	0	0	0	0	573	557	
14	0	0	0	0	571	558	
15	0	0	0	0	565	556	
0	0	0	0	0	561	557	
1	0	0	0	0	556	560	
2	0	0	0	0	547	563	
3	0	0	0	0	534	563	
4	0	0	0	0	523	558	
5	0	0	0	0	517	551	
6	0	0	0	0	515	542	
7	0	0	0	0	515	534	
8	0	0	0	0	519	519	
9	0	0	0	0	519	504	
10	0	0	0	0	519	492	
11	0	0	0	0	515	482	
12	0	0	0	0	505	472	
13	0	0	0	0	492	468	
14	0	0	0	0	476	469	
15	0	0	0	0	460	468	
0	0	0	0	0	444	467	
1	0	0	0	0	436	478	
2	0	0	0	0	439	500	
3	0	0	0	0	445	523	
4	0	0	0	0	455	542	
5	0	0	0	0	468	559	
6	0	0	0	0	484	575	
7	0	0	0	0	502	585	
8	0	0	0	0	521	588	
9	0	0	0	0	537	591	
10	0	0	0	0	551	596	
11	0	0	0	0	562	603	
12	0	0	0	0	568	611	
13	0	0	0	0	575	615	
14	0	0	0	0	581	614	
15	0	0	0	0	581	605	
0	0	0	0	0	577	595	
1	0	0	0	0	572	585	
2	0	0	0	0	566	575	
3	0	0	0	0	563	567	
4	0	0	0	0	559	551	
5	0	0	0	0	555	536	
6	0	0	0	0	550	519	
7	0	0	0	0	546	503	
8	0	0	0	0	542	494	
9	0	0	0	0	532	487	
10	0	0	0	0	521	478	
11	0	0	0	0	507	471	
12	0	0	0	0	492	466	
13	0	0	0	0	477	464	
14	0	0	0	0	470	465	
15	0	0	0	0	468	468	
0	0	0	0	0	471	473	
1	0	0	0	0	475	483	
2	0	0	0	0	481	497	
3	0	0	0	0	486	510	
4	0	0	0	0	486	521	
5	0	0	0	0	484	530	
6	0	0	0	0	485	541	
7	0	0	0	0	486	551	
8	0	0	0	0	486	556	
9	0	0	0	0	488	560	
10	0	0	0	0	494	564	
11	0	0	0	0	503	567	
12	0	0	0	0	507	569	
13	0	0	0	0	507	574	
14	0	0	0	0	510	580	
15	0	0	0	0	516	588	
0	0	0	0	0	523	595	
1	0	0	0	0	526	602	
2	0	0	0	0	523	601	
3	0	0	0	0	517	598	
4	0	0	0	0	508	595	
5	0	0	0	0	502	587	
6	0	0	0	0	497	578	
7	0	0	0	0	494	570	
8	0	0	0	0	493	566	
9	0	0	0	0	495	563	
10	0	0	0	0	503	561	
11	0	0	0	0	510	559	
12	0	0	0	0	515	559	
13	0	0	0	0	519	565	
14	0	0	0	0	523	574	
15	0	0	0	0	522	588	
0	0	0	0	0	520	602	
1	0	0	0	0	516	614	
2	0	0	0	0	513	621	
3	0	0	0	0	515	624	
4	0	0	0	0	520	621	
5	0	0	0	0	527	612	
6	0	0	0	0	536	602	
7	0	0	0	0	547	594	
8	0	0	0	0	558	590	
9	0	0	0	0	564	586	
10	0	0	0	0	566	586	
11	0	0	0	0	565	589	
12	0	0	0	0	565	589	
13	0	0	0	0	564	588	
14	0	0	0	0	563	583	
15	0	0	0	0	559	575	
0	0	0	0	0	552	566	
1	0	0	0	0	545	555	
2	0	0	0	0	540	551	
3	0	0	0	0	536	552	
4	0	0	0	0	539	561	
5	0	0	0	0	542	571	
6	0	0	0	0	545	579	
7	0	0	0	0	548	586	
8	0	0	0	0	549	598	
9	0	0	0	0	548	606	
10	0	0	0	0	542	608	
11	0	0	0	0	531	604	
12	0	0	0	0	517	602	
13	0	0	0	0	499	594	
14	0	0	0	0	484	583	
15	0	0	0	0	470	569	
0	0	0	0	0	457	553	
1	0	0	0	0	445	541	
2	0	0	0	0	435	533	
3	0	0	0	0	432	530	
4	0	0	0	0	436	532	
5	0	0	0	0	445	534	
6	0	0	0	0	460	538	
7	0	0	0	0	476	541	
8	0	0	0	0	488	550	
9	0	0	0	0	500	557	
10	0	0	0	0	507	566	
11	0	0	0	0	513	572	
12	0	0	0	0	516	571	
13	0	0	0	0	516	566	
14	0	0	0	0	514	557	
15	0	0	0	0	508	551	
0	0	0	0	0	497	543	
1	0	0	0	0	487	537	
2	0	0	0	0	478	533	
3	0	0	0	0	477	533	
4	0	0	0	0	479	541	
5	0	0	0	0	481	552	
6	0	0	0	0	483	561	
7	0	0	0	0	487	566	
8	0	0	0	0	492	568	
9	0	0	0	0	497	572	
10	0	0	0	0	502	571	
11	0	0	0	0	506	572	
12	0	0	0	0	510	578	
13	0	0	0	0	512	585	
14	0	0	0	0	512	595	
15	0	0	0	0	507	601	
0	0	0	0	0	501	605	
1	0	0	0	0	492	605	
2	0	0	0	0	487	603	
3	0	0	0	0	486	604	
4	0	0	0	0	482	611	
5	0	0	0	0	479	615	
6	0	0	0	0	479	608	
7	0	0	0	0	479	591	
8	0	0	0	0	481	570	
9	0	0	0	0	481	547	
10	0	0	0	0	477	524	
11	0	0	0	0	469	508	
12	0	0	0	0	463	495	
13	0	0	0	0	459	485	
14	0	0	0	0	458	479	
15	0	0	0	0	457	476	
0	0	0	0	0	455	478	
1	0	0	0	0	453	485	
2	0	0	0	0	454	495	
3	0	0	0	0	451	503	
4	0	0	0	0	445	506	
5	0	0	0	0	443	504	
6	0	0	0	0	444	501	
7	0	0	0	0	443	495	
8	0	0	0	0	444	492	
9	0	0	0	0	451	490	
10	0	0	0	0	455	497	
11	0	0	0	0	463	508	
12	0	0	0	0	469	524	
13	0	0	0	0	473	543	
14	0	0	0	0	473	562	
15	0	0	0	0	472	575	
0	0	0	0	0	469	579	
1	0	0	0	0	466	580	
2	0	0	0	0	463	576	
3	0	0	0	0	460	564	
4	0	0	0	0	451	548	
5	0	0	0	0	440	529	
6	0	0	0	0	427	514	
7	0	0	0	0	418	504	
8	0	0	0	0	412	499	
9	0	0	0	0	413	504	
10	0	0	0	0	420	512	
11	0	0	0	0	432	525	
12	0	0	0	0	443	535	
13	0	0	0	0	451	543	
14	0	0	0	0	456	554	
15	0	0	0	0	456	563	
0	0	0	0	0	455	565	
1	0	0	0	0	453	568	
2	0	0	0	0	454	577	
3	0	0	0	0	461	591	
4	0	0	0	0	470	603	
5	0	0	0	0	476	612	
6	0	0	0	0	479	615	
7	0	0	0	0	482	610	
8	0	0	0	0	481	600	
9	0	0	0	0	474	585	
10	0	0	0	0	464	575	
11	0	0	0	0	454	562	
12	0	0	0	0	443	549	
13	0	0	0	0	431	530	
14	0	0	0	0	419	508	
15	0	0	0	0	412	490	
0	0	0	0	0	405	485	
1	0	0	0	0	400	485	
2	0	0	0	0	396	491	
3	0	0	0	0	392	496	
4	0	0	0	0	387	503	
5	0	0	0	0	379	505	
6	0	0	0	0	374	507	
7	0	0	0	0	371	506	
8	0	0	0	0	370	509	
9	0	0	0	0	371	509	
10	0	0	0	0	376	506	
11	0	0	0	0	380	501	
12	0	0	0	0	385	492	
13	0	0	0	0	396	488	
14	0	0	0	0	409	487	
15	0	0	0	0	423	487	
0	0	0	0	0	432	489	
1	0	0	0	0	439	493	
2	0	0	0	0	442	502	
3	0	0	0	0	446	513	
4	0	0	0	0	453	526	
5	0	0	0	0	456	536	
6	0	0	0	0	456	540	
7	0	0	0	0	457	533	
8	0	0	0	0	457	522	
9	0	0	0	0	455	513	
10	0	0	0	0	451	509	
11	0	0	0	0	440	508	
12	0	0	0	0	427	505	
13	0	0	0	0	414	501	
14	0	0	0	0	407	501	
15	0	0	0	0	402	505	
0	0	0	0	0	405	505	
1	0	0	0	0	411	503	
2	0	0	0	0	418	503	
3	0	0	0	0	423	503	
4	0	0	0	0	430	504	
5	0	0	0	0	438	505	
6	0	0	0	0	444	502	
7	0	0	0	0	451	497	
8	0	0	0	0	457	489	
9	0	0	0	0	463	480	
10	0	0	0	0	469	475	
11	0	0	0	0	473	473	
12	0	0	0	0	473	476	
13	0	0	0	0	464	483	
14	0	0	0	0	456	494	
15	0	0	0	0	451	507	
0	0	0	0	0	447	520	
1	0	0	0	0	443	527	
2	0	0	0	0	440	529	
3	0	0	0	0	438	524	
4	0	0	0	0	436	519	
5	0	0	0	0	433	514	
6	0	0	0	0	433	515	
7	0	0	0	0	432	519	
8	0	0	0	0	433	521	
9	0	0	0	0	434	522	
10	0	0	0	0	437	516	
11	0	0	0	0	439	510	
12	0	0	0	0	440	505	
13	0	0	0	0	439	501	
14	0	0	0	0	439	495	
15	0	0	0	0	436	493	
0	0	0	0	0	439	489	
1	0	0	0	0	440	490	
2	0	0	0	0	445	487	
3	0	0	0	0	452	484	
4	0	0	0	0	459	479	
5	0	0	0	0	467	473	
6	0	0	0	0	471	471	
7	0	0	0	0	475	473	
8	0	0	0	0	480	480	
9	0	0	0	0	485	486	
10	0	0	0	0	488	495	
11	0	0	0	0	489	508	
12	0	0	0	0	488	522	
13	0	0	0	0	487	533	
14	0	0	0	0	484	537	
15	0	0	0	0	476	529	
0	0	0	0	0	471	514	
1	0	0	0	0	472	503	
2	0	0	0	0	475	497	
3	0	0	0	0	480	491	
4	0	0	0	0	488	483	
5	0	0	0	0	496	478	
6	0	0	0	0	503	474	
7	0	0	0	0	507	468	
8	0	0	0	0	511	464	
9	0	0	0	0	514	465	
10	0	0	0	0	515	472	
11	0	0	0	0	517	480	
12	0	0	0	0	518	486	
13	0	0	0	0	521	492	
14	0	0	0	0	524	494	
15	0	0	0	0	526	499	
0	0	0	0	0	522	500	
1	0	0	0	0	516	502	
2	0	0	0	0	509	503	
3	0	0	0	0	497	503	
4	0	0	0	0	487	501	
5	0	0	0	0	475	496	
6	0	0	0	0	462	490	
7	0	0	0	0	446	484	
8	0	0	0	0	433	480	
9	0	0	0	0	425	475	
10	0	0	0	0	424	473	
11	0	0	0	0	430	477	
12	0	0	0	0	439	487	
13	0	0	0	0	454	499	
14	0	0	0	0	471	512	
15	0	0	0	0	488	520	
0	0	0	0	0	501	527	
1	0	0	0	0	513	532	
2	0	0	0	0	523	540	
3	0	0	0	0	530	548	
4	0	0	0	0	536	551	
5	0	0	0	0	540	547	
6	0	0	0	0	540	542	
7	0	0	0	0	534	531	
8	0	0	0	0	523	523	
9	0	0	0	0	510	518	
10	0	0	0	0	498	514	
11	0	0	0	0	490	507	
12	0	0	0	0	486	498	
13	0	0	0	0	480	489	
14	0	0	0	0	474	481	
15	0	0	0	0	468	479	
0	0	0	0	0	461	477	
1	0	0	0	0	450	478	
2	0	0	0	0	438	480	
3	0	0	0	0	429	484	
4	0	0	0	0	424	488	
5	0	0	0	0	421	493	
6	0	0	0	0	421	499	
7	0	0	0	0	423	508	
8	0	0	0	0	428	515	
9	0	0	0	0	434	527	
10	0	0	0	0	436	531	
11	0	0	0	0	437	532	
12	0	0	0	0	438	533	
13	0	0	0	0	440	536	
14	0	0	0	0	442	543	
15	0	0	0	0	446	550	
0	0	0	0	0	456	555	
1	0	0	0	0	468	561	
2	0	0	0	0	475	570	
3	0	0	0	0	481	575	
4	0	0	0	0	486	580	
5	0	0	0	0	492	581	
6	0	0	0	0	497	579	
7	0	0	0	0	499	573	
8	0	0	0	0	496	572	
9	0	0	0	0	494	570	
10	0	0	0	0	492	573	
11	0	0	0	0	494	579	
12	0	0	0	0	492	577	
13	0	0	0	0	488	575	
14	0	0	0	0	483	567	
15	0	0	0	0	477	556	
0	0	0	0	0	471	547	
1	0	0	0	0	468	544	
2	0	0	0	0	467	549	
3	0	0	0	0	470	555	
4	0	0	0	0	476	559	
5	0	0	0	0	484	557	
6	0	0	0	0	491	551	
7	0	0	0	0	498	547	
8	0	0	0	0	501	553	
9	0	0	0	0	505	564	
10	0	0	0	0	511	576	
11	0	0	0	0	516	583	
12	0	0	0	0	521	587	
13	0	0	0	0	524	587	
14	0	0	0	0	526	583	
15	0	0	0	0	529	577	
0	0	0	0	0	529	572	
1	0	0	0	0	528	571	
2	0	0	0	0	526	571	
3	0	0	0	0	524	567	
4	0	0	0	0	519	566	
5	0	0	0	0	515	567	
6	0	0	0	0	512	567	
7	0	0	0	0	512	568	
8	0	0	0	0	515	569	
9	0	0	0	0	519	570	
10	0	0	0	0	515	568	
11	0	0	0	0	510	565	
12	0	0	0	0	503	561	
13	0	0	0	0	502	560	
14	0	0	0	0	499	559	
15	0	0	0	0	497	559	
0	0	0	0	0	500	559	
1	0	0	0	0	507	560	
2	0	0	0	0	513	561	
3	0	0	0	0	519	563	
4	0	0	0	0	521	561	
5	0	0	0	0	520	557	
6	0	0	0	0	517	555	
7	0	0	0	0	514	555	
8	0	0	0	0	512	558	
9	0	0	0	0	507	566	
10	0	0	0	0	502	574	
11	0	0	0	0	499	583	
12	0	0	0	0	498	586	
13	0	0	0	0	502	585	
14	0	0	0	0	505	585	
15	0	0	0	0	512	588	
0	0	0	0	0	518	592	
1	0	0	0	0	523	594	
2	0	0	0	0	525	591	
3	0	0	0	0	522	584	
4	0	0	0	0	519	575	
5	0	0	0	0	517	565	
6	0	0	0	0	515	554	
7	0	0	0	0	510	546	
8	0	0	0	0	500	536	
9	0	0	0	0	494	526	
10	0	0	0	0	489	520	
11	0	0	0	0	487	517	
12	0	0	0	0	483	513	
13	0	0	0	0	478	507	
14	0	0	0	0	476	496	
15	0	0	0	0	470	483	
0	0	0	0	0	462	479	
1	0	0	0	0	456	482	
2	0	0	0	0	452	491	
3	0	0	0	0	456	503	
4	0	0	0	0	464	516	
5	0	0	0	0	473	533	
6	0	0	0	0	487	550	
7	0	0	0	0	497	566	
8	0	0	0	0	508	578	
9	0	0	0	0	515	584	
10	0	0	0	0	522	589	
11	0	0	0	0	525	594	
12	0	0	0	0	529	599	
13	0	0	0	0	537	604	
14	0	0	0	0	543	606	
15	0	0	0	0	550	608	
0	0	0	0	0	552	602	
1	0	0	0	0	556	594	
2	0	0	0	0	559	581	
3	0	0	0	0	560	563	
4	0	0	0	0	557	547	
5	0	0	0	0	551	528	
6	0	0	0	0	545	513	
7	0	0	0	0	537	504	
8	0	0	0	0	527	496	
9	0	0	0	0	513	487	
10	0	0	0	0	499	474	
11	0	0	0	0	487	467	
12	0	0	0	0	475	455	
13	0	0	0	0	465	451	
14	0	0	0	0	462	450	
15	0	0	0	0	463	453	
0	0	0	0	0	471	462	
1	0	0	0	0	483	473	
2	0	0	0	0	495	480	
3	0	0	0	0	507	485	
4	0	0	0	0	509	487	
5	0	0	0	0	510	492	
6	0	0	0	0	508	498	
7	0	0	0	0	504	505	
8	0	0	0	0	496	509	
9	0	0	0	0	486	512	
10	0	0	0	0	476	514	
11	0	0	0	0	471	519	
12	0	0	0	0	470	528	
13	0	0	0	0	468	536	
14	0	0	0	0	470	538	
15	0	0	0	0	468	542	
0	0	0	0	0	468	545	
1	0	0	0	0	471	548	
2	0	0	0	0	475	551	
3	0	0	0	0	480	552	
4	0	0	0	0	484	555	
5	0	0	0	0	485	559	
6	0	0	0	0	483	565	
7	0	0	0	0	478	570	
8	0	0	0	0	476	571	
9	0	0	0	0	473	572	
10	0	0	0	0	473	575	
11	0	0	0	0	475	573	
12	0	0	0	0	475	566	
13	0	0	0	0	475	554	
14	0	0	0	0	476	542	
15	0	0	0	0	476	532	
0	0	0	0	0	470	524	
1	0	0	0	0	462	514	
2	0	0	0	0	453	505	
3	0	0	0	0	443	499	
4	0	0	0	0	436	499	
5	0	0	0	0	435	501	
6	0	0	0	0	432	503	
7	0	0	0	0	437	505	
8	0	0	0	0	441	505	
9	0	0	0	0	445	504	
10	0	0	0	0	451	504	
11	0	0	0	0	454	508	
12	0	0	0	0	456	519	
13	0	0	0	0	457	533	
14	0	0	0	0	457	552	
15	0	0	0	0	457	565	
0	0	0	0	0	461	576	
1	0	0	0	0	465	588	
2	0	0	0	0	467	597	
3	0	0	0	0	464	598	
4	0	0	0	0	459	596	
5	0	0	0	0	457	588	
6	0	0	0	0	455	572	
7	0	0	0	0	455	553	
8	0	0	0	0	456	535	
9	0	0	0	0	458	519	
10	0	0	0	0	460	510	
11	0	0	0	0	464	508	
12	0	0	0	0	467	508	
13	0	0	0	0	467	512	
14	0	0	0	0	463	516	
15	0	0	0	0	460	518	
0	0	0	0	0	459	515	
1	0	0	0	0	460	512	
2	0	0	0	0	465	507	
3	0	0	0	0	471	501	
4	0	0	0	0	472	497	
5	0	0	0	0	468	494	
6	0	0	0	0	467	495	
7	0	0	0	0	467	499	
8	0	0	0	0	467	499	
9	0	0	0	0	476	496	
10	0	0	0	0	479	495	
11	0	0	0	0	482	497	
12	0	0	0	0	480	502	
13	0	0	0	0	478	512	
14	0	0	0	0	471	521	
15	0	0	0	0	460	528	
0	0	0	0	0	447	537	
1	0	0	0	0	439	547	
2	0	0	0	0	430	558	
3	0	0	0	0	429	572	
4	0	0	0	0	434	587	
5	0	0	0	0	444	597	
6	0	0	0	0	455	594	
7	0	0	0	0	466	585	
8	0	0	0	0	474	572	
9	0	0	0	0	478	558	
10	0	0	0	0	481	552	
11	0	0	0	0	479	548	
12	0	0	0	0	478	548	
13	0	0	0	0	475	550	
14	0	0	0	0	473	555	
15	0	0	0	0	468	556	
0	0	0	0	0	461	554	
1	0	0	0	0	455	553	
2	0	0	0	0	455	550	
3	0	0	0	0	460	545	
4	0	0	0	0	465	537	
5	0	0	0	0	472	528	
6	0	0	0	0	476	521	
7	0	0	0	0	476	515	
8	0	0	0	0	476	515	
9	0	0	0	0	475	516	
10	0	0	0	0	477	521	
11	0	0	0	0	484	529	
12	0	0	0	0	497	540	
13	0	0	0	0	510	550	
14	0	0	0	0	520	557	
15	0	0	0	0	531	562	
0	0	0	0	0	540	563	
1	0	0	0	0	551	570	
2	0	0	0	0	557	576	
3	0	0	0	0	559	582	
4	0	0	0	0	557	588	
5	0	0	0	0	555	590	
6	0	0	0	0	552	587	
7	0	0	0	0	545	582	
8	0	0	0	0	536	573	
9	0	0	0	0	527	563	
10	0	0	0	0	519	550	
11	0	0	0	0	510	535	
12	0	0	0	0	501	522	
13	0	0	0	0	493	512	
14	0	0	0	0	491	508	
15	0	0	0	0	492	508	
0	0	0	0	0	497	506	
1	0	0	0	0	502	503	
2	0	0	0	0	506	500	
3	0	0	0	0	513	497	
4	0	0	0	0	518	497	
5	0	0	0	0	518	498	
6	0	0	0	0	512	502	
7	0	0	0	0	500	510	
8	0	0	0	0	495	522	
9	0	0	0	0	493	538	
10	0	0	0	0	495	556	
11	0	0	0	0	506	571	
12	0	0	0	0	521	582	
13	0	0	0	0	535	588	
14	0	0	0	0	544	592	
15	0	0	0	0	548	592	
0	0	0	0	0	547	592	
1	0	0	0	0	547	594	
2	0	0	0	0	545	598	
3	0	0	0	0	545	596	
4	0	0	0	0	545	588	
5	0	0	0	0	539	576	
6	0	0	0	0	530	563	
7	0	0	0	0	523	553	
8	0	0	0	0	518	543	
9	0	0	0	0	515	531	
10	0	0	0	0	511	517	
11	0	0	0	0	505	498	
12	0	0	0	0	495	478	
13	0	0	0	0	481	461	
14	0	0	0	0	471	452	
15	0	0	0	0	463	451	
0	0	0	0	0	462	454	
1	0	0	0	0	467	461	
2	0	0	0	0	473	466	
3	0	0	0	0	482	471	
4	0	0	0	0	490	475	
5	0	0	0	0	496	478	
6	0	0	0	0	504	482	
7	0	0	0	0	504	488	
8	0	0	0	0	504	496	
9	0	0	0	0	503	510	
10	0	0	0	0	504	528	
11	0	0	0	0	510	547	
12	0	0	0	0	513	564	
13	0	0	0	0	515	574	
14	0	0	0	0	518	582	
15	0	0	0	0	519	588	
0	0	0	0	0	523	591	
1	0	0	0	0	529	594	
2	0	0	0	0	531	594	
3	0	0	0	0	528	591	
4	0	0	0	0	519	587	
5	0	0	0	0	511	576	
6	0	0	0	0	502	563	
7	0	0	0	0	494	558	
8	0	0	0	0	487	555	
9	0	0	0	0	480	555	
10	0	0	0	0	475	554	
11	0	0	0	0	468	556	
12	0	0	0	0	461	563	
13	0	0	0	0	459	568	
14	0	0	0	0	463	575	
15	0	0	0	0	479	585	
0	0	0	0	0	501	590	
1	0	0	0	0	525	588	
2	0	0	0	0	550	577	
3	0	0	0	0	571	562	
4	0	0	0	0	585	536	
5	0	0	0	0	590	502	
6	0	0	0	0	589	470	
7	0	0	0	0	580	442	
8	0	0	0	0	572	430	
9	0	0	0	0	566	421	
10	0	0	0	0	558	419	
11	0	0	0	0	558	422	
12	0	0	0	0	560	423	
13	0	0	0	0	571	422	
14	0	0	0	0	583	422	
15	0	0	0	0	596	422	
0	0	0	0	0	612	418	
1	0	0	0	0	626	414	
2	0	0	0	0	630	411	
3	0	0	0	0	628	407	
4	0	0	0	0	623	404	
5	0	0	0	0	617	400	
6	0	0	0	0	613	395	
7	0	0	0	0	612	390	
8	0	0	0	0	609	390	
9	0	0	0	0	607	393	
10	0	0	0	0	608	398	
11	0	0	0	0	608	403	
12	0	0	0	0	608	411	
13	0	0	0	0	609	416	
14	0	0	0	0	609	429	
15	0	0	0	0	608	441	
0	0	0	0	0	607	449	
1	0	0	0	0	606	463	
2	0	0	0	0	601	470	
3	0	0	0	0	595	477	
4	0	0	0	0	590	486	
5	0	0	0	0	583	491	
6	0	0	0	0	577	498	
7	0	0	0	0	572	502	
8	0	0	0	0	569	503	
9	0	0	0	0	564	500	
10	0	0	0	0	559	497	
11	0	0	0	0	554	497	
12	0	0	0	0	548	499	
13	0	0	0	0	547	499	
14	0	0	0	0	547	499	
15	0	0	0	0	547	496	
0	0	0	0	0	546	491	
1	0	0	0	0	541	485	
2	0	0	0	0	536	476	
3	0	0	0	0	534	465	
4	0	0	0	0	540	457	
5	0	0	0	0	544	455	
6	0	0	0	0	547	455	
7	0	0	0	0	548	456	
8	0	0	0	0	552	457	
9	0	0	0	0	558	459	
10	0	0	0	0	564	459	
11	0	0	0	0	574	460	
12	0	0	0	0	588	454	
13	0	0	0	0	601	450	
14	0	0	0	0	615	452	
15	0	0	0	0	627	453	
0	0	0	0	0	644	453	
1	0	0	0	0	657	459	
2	0	0	0	0	668	467	
3	0	0	0	0	678	476	
4	0	0	0	0	685	493	
5	0	0	0	0	688	504	
6	0	0	0	0	688	510	
7	0	0	0	0	685	515	
8	0	0	0	0	674	516	
9	0	0	0	0	658	516	
10	0	0	0	0	642	516	
11	0	0	0	0	625	522	
12	0	0	0	0	611	532	
13	0	0	0	0	602	543	
14	0	0	0	0	595	547	
15	0	0	0	0	591	545	
0	0	0	0	0	591	542	
1	0	0	0	0	599	540	
2	0	0	0	0	609	544	
3	0	0	0	0	620	552	
4	0	0	0	0	631	560	
5	0	0	0	0	638	569	
6	0	0	0	0	644	578	
7	0	0	0	0	643	584	
8	0	0	0	0	639	584	
9	0	0	0	0	630	576	
10	0	0	0	0	617	568	
11	0	0	0	0	608	558	
12	0	0	0	0	599	543	
13	0	0	0	0	591	524	
14	0	0	0	0	586	504	
15	0	0	0	0	581	491	
0	0	0	0	0	578	482	
1	0	0	0	0	575	478	
2	0	0	0	0	572	482	
3	0	0	0	0	566	484	
4	0	0	0	0	556	486	
5	0	0	0	0	549	494	
6	0	0	0	0	544	501	
7	0	0	0	0	544	507	
8	0	0	0	0	547	519	
9	0	0	0	0	551	536	
10	0	0	0	0	553	546	
11	0	0	0	0	551	550	
12	0	0	0	0	542	552	
13	0	0	0	0	530	554	
14	0	0	0	0	522	560	
15	0	0	0	0	517	569	
0	0	0	0	0	518	580	
1	0	0	0	0	521	590	
2	0	0	0	0	529	600	
3	0	0	0	0	542	607	
4	0	0	0	0	552	612	
5	0	0	0	0	562	611	
6	0	0	0	0	567	606	
7	0	0	0	0	565	593	
8	0	0	0	0	562	584	
9	0	0	0	0	559	575	
10	0	0	0	0	553	566	
11	0	0	0	0	544	555	
12	0	0	0	0	537	541	
13	0	0	0	0	533	526	
14	0	0	0	0	530	522	
15	0	0	0	0	528	521	
0	0	0	0	0	525	519	
1	0	0	0	0	523	514	
2	0	0	0	0	519	509	
3	0	0	0	0	519	499	
4	0	0	0	0	519	489	
5	0	0	0	0	525	478	
6	0	0	0	0	534	471	
7	0	0	0	0	543	467	
8	0	0	0	0	554	474	
9	0	0	0	0	561	485	
10	0	0	0	0	566	500	
11	0	0	0	0	569	520	
12	0	0	0	0	572	539	
13	0	0	0	0	574	555	
14	0	0	0	0	571	568	
15	0	0	0	0	563	579	
0	0	0	0	0	557	590	
1	0	0	0	0	551	596	
2	0	0	0	0	547	597	
3	0	0	0	0	547	595	
4	0	0	0	0	545	593	
5	0	0	0	0	541	589	
6	0	0	0	0	536	578	
7	0	0	0	0	528	562	
8	0	0	0	0	518	545	
9	0	0	0	0	508	524	
10	0	0	0	0	503	508	
11	0	0	0	0	501	495	
12	0	0	0	0	508	491	
13	0	0	0	0	523	492	
14	0	0	0	0	547	500	
15	0	0	0	0	569	511	
0	0	0	0	0	582	519	
1	0	0	0	0	593	522	
2	0	0	0	0	598	524	
3	0	0	0	0	599	523	
4	0	0	0	0	592	522	
5	0	0	0	0	581	516	
6	0	0	0	0	561	513	
7	0	0	0	0	542	515	
8	0	0	0	0	526	516	
9	0	0	0	0	512	524	
10	0	0	0	0	506	533	
11	0	0	0	0	508	537	
12	0	0	0	0	509	540	
13	0	0	0	0	511	540	
14	0	0	0	0	515	542	
15	0	0	0	0	521	548	
0	0	0	0	0	526	553	
1	0	0	0	0	529	557	
2	0	0	0	0	532	555	
3	0	0	0	0	538	554	
4	0	0	0	0	544	558	
5	0	0	0	0	542	561	
6	0	0	0	0	542	561	
7	0	0	0	0	545	559	
8	0	0	0	0	551	556	
9	0	0	0	0	554	550	
10	0	0	0	0	549	539	
11	0	0	0	0	543	527	
12	0	0	0	0	536	521	
13	0	0	0	0	528	517	
14	0	0	0	0	517	512	
15	0	0	0	0	505	509	
0	0	0	0	0	490	507	
1	0	0	0	0	479	506	
2	0	0	0	0	470	506	
3	0	0	0	0	466	511	
4	0	0	0	0	466	522	
5	0	0	0	0	467	533	
6	0	0	0	0	470	539	
7	0	0	0	0	472	537	
8	0	0	0	0	472	531	
9	0	0	0	0	473	526	
10	0	0	0	0	476	523	
11	0	0	0	0	477	521	
12	0	0	0	0	478	521	
13	0	0	0	0	476	523	
14	0	0	0	0	476	526	
15	0	0	0	0	473	528	
0	0	0	0	0	473	522	
1	0	0	0	0	475	513	
2	0	0	0	0	481	510	
3	0	0	0	0	485	510	
4	0	0	0	0	490	514	
5	0	0	0	0	499	519	
6	0	0	0	0	510	528	
7	0	0	0	0	522	539	
8	0	0	0	0	532	546	
9	0	0	0	0	541	550	
10	0	0	0	0	546	549	
11	0	0	0	0	548	547	
12	0	0	0	0	550	545	
13	0	0	0	0	550	542	
14	0	0	0	0	543	540	
15	0	0	0	0	534	536	
0	0	0	0	0	524	530	
1	0	0	0	0	514	521	
2	0	0	0	0	506	511	
3	0	0	0	0	495	497	
4	0	0	0	0	487	486	
5	0	0	0	0	483	479	
6	0	0	0	0	481	476	
7	0	0	0	0	481	477	
8	0	0	0	0	482	483	
9	0	0	0	0	487	489	
10	0	0	0	0	494	496	
11	0	0	0	0	496	501	
12	0	0	0	0	497	505	
13	0	0	0	0	494	506	
14	0	0	0	0	492	509	
15	0	0	0	0	491	513	
0	0	0	0	0	487	518	
1	0	0	0	0	485	524	
2	0	0	0	0	485	533	
3	0	0	0	0	491	548	
4	0	0	0	0	496	563	
5	0	0	0	0	501	575	
6	0	0	0	0	505	583	
7	0	0	0	0	507	584	
8	0	0	0	0	505	580	
9	0	0	0	0	504	572	
10	0	0	0	0	501	560	
11	0	0	0	0	501	546	
12	0	0	0	0	500	531	
13	0	0	0	0	503	516	
14	0	0	0	0	503	504	
15	0	0	0	0	501	489	
0	0	0	0	0	499	479	
1	0	0	0	0	499	470	
2	0	0	0	0	495	463	
3	0	0	0	0	494	456	
4	0	0	0	0	494	450	
5	0	0	0	0	488	448	
6	0	0	0	0	480	453	
7	0	0	0	0	469	467	
8	0	0	0	0	460	484	
9	0	0	0	0	457	496	
10	0	0	0	0	454	502	
11	0	0	0	0	455	508	
12	0	0	0	0	462	507	
13	0	0	0	0	473	503	
14	0	0	0	0	484	502	
15	0	0	0	0	492	499	
0	0	0	0	0	497	496	
1	0	0	0	0	501	496	
2	0	0	0	0	501	498	
3	0	0	0	0	495	500	
4	0	0	0	0	485	503	
5	0	0	0	0	479	507	
6	0	0	0	0	476	510	
7	0	0	0	0	477	511	
8	0	0	0	0	475	509	
9	0	0	0	0	470	501	
10	0	0	0	0	465	494	
11	0	0	0	0	459	490	
12	0	0	0	0	452	487	
13	0	0	0	0	447	476	
14	0	0	0	0	440	463	
15	0	0	0	0	432	450	
0	0	0	0	0	427	437	
1	0	0	0	0	428	428	
2	0	0	0	0	437	425	
3	0	0	0	0	450	428	
4	0	0	0	0	460	438	
5	0	0	0	0	465	445	
6	0	0	0	0	471	449	
7	0	0	0	0	480	453	
8	0	0	0	0	490	457	
9	0	0	0	0	497	462	
10	0	0	0	0	503	462	
11	0	0	0	0	508	458	
12	0	0	0	0	510	451	
13	0	0	0	0	512	448	
14	0	0	0	0	514	445	
15	0	0	0	0	515	440	
0	0	0	0	0	517	434	
1	0	0	0	0	520	428	
2	0	0	0	0	524	423	
3	0	0	0	0	527	423	
4	0	0	0	0	525	425	
5	0	0	0	0	523	429	
6	0	0	0	0	519	431	
7	0	0	0	0	514	431	
8	0	0	0	0	508	432	
9	0	0	0	0	503	428	
10	0	0	0	0	502	428	
11	0	0	0	0	504	434	
12	0	0	0	0	509	443	
13	0	0	0	0	514	451	
14	0	0	0	0	511	455	
15	0	0	0	0	510	459	
0	0	0	0	0	509	461	
1	0	0	0	0	507	465	
2	0	0	0	0	504	468	
3	0	0	0	0	499	473	
4	0	0	0	0	494	483	
5	0	0	0	0	493	496	
6	0	0	0	0	497	510	
7	0	0	0	0	504	523	
8	0	0	0	0	511	531	
9	0	0	0	0	521	535	
10	0	0	0	0	527	536	
11	0	0	0	0	534	531	
12	0	0	0	0	542	524	
13	0	0	0	0	551	515	
14	0	0	0	0	557	507	
15	0	0	0	0	563	498	
0	0	0	0	0	567	493	
1	0	0	0	0	572	492	
2	0	0	0	0	579	494	
3	0	0	0	0	585	494	
4	0	0	0	0	588	496	
5	0	0	0	0	591	496	
6	0	0	0	0	590	495	
7	0	0	0	0	591	490	
8	0	0	0	0	591	486	
9	0	0	0	0	593	487	
10	0	0	0	0	592	487	
11	0	0	0	0	589	489	
12	0	0	0	0	583	494	
13	0	0	0	0	577	496	
14	0	0	0	0	571	500	
15	0	0	0	0	566	504	
0	0	0	0	0	557	507	
1	0	0	0	0	546	511	
2	0	0	0	0	533	518	
3	0	0	0	0	522	527	
4	0	0	0	0	514	534	
5	0	0	0	0	509	534	
6	0	0	0	0	507	533	
7	0	0	0	0	506	531	
8	0	0	0	0	506	533	
9	0	0	0	0	512	535	
10	0	0	0	0	519	535	
11	0	0	0	0	525	536	
12	0	0	0	0	529	540	
13	0	0	0	0	529	542	
14	0	0	0	0	529	543	
15	0	0	0	0	530	543	
0	0	0	0	0	531	542	
1	0	0	0	0	534	536	
2	0	0	0	0	532	524	
3	0	0	0	0	531	510	
4	0	0	0	0	526	492	
5	0	0	0	0	519	478	
6	0	0	0	0	514	463	
7	0	0	0	0	512	451	
8	0	0	0	0	513	449	
9	0	0	0	0	515	454	
10	0	0	0	0	516	461	
11	0	0	0	0	521	467	
12	0	0	0	0	525	474	
13	0	0	0	0	527	477	
14	0	0	0	0	527	471	
15	0	0	0	0	524	470	
0	0	0	0	0	520	472	
1	0	0	0	0	517	478	
2	0	0	0	0	515	492	
3	0	0	0	0	511	505	
4	0	0	0	0	508	515	
5	0	0	0	0	507	526	
6	0	0	0	0	510	537	
7	0	0	0	0	517	546	
8	0	0	0	0	520	548	
9	0	0	0	0	524	548	
10	0	0	0	0	528	543	
11	0	0	0	0	531	537	
12	0	0	0	0	534	535	
13	0	0	0	0	536	532	
14	0	0	0	0	533	528	
15	0	0	0	0	529	526	
0	0	0	0	0	522	522	
1	0	0	0	0	517	519	
2	0	0	0	0	512	515	
3	0	0	0	0	510	513	
4	0	0	0	0	509	515	
5	0	0	0	0	509	518	
6	0	0	0	0	511	520	
7	0	0	0	0	515	518	
8	0	0	0	0	518	518	
9	0	0	0	0	519	522	
10	0	0	0	0	519	527	
11	0	0	0	0	520	535	
12	0	0	0	0	521	543	
13	0	0	0	0	522	554	
14	0	0	0	0	525	568	
15	0	0	0	0	527	579	
0	0	0	0	0	530	589	
1	0	0	0	0	534	598	
2	0	0	0	0	535	600	
3	0	0	0	0	531	600	
4	0	0	0	0	524	593	
5	0	0	0	0	519	581	
6	0	0	0	0	519	571	
7	0	0	0	0	513	559	
8	0	0	0	0	508	546	
9	0	0	0	0	506	531	
10	0	0	0	0	509	520	
11	0	0	0	0	514	515	
12	0	0	0	0	519	508	
13	0	0	0	0	522	500	
14	0	0	0	0	528	497	
15	0	0	0	0	535	494	
0	0	0	0	0	545	495	
1	0	0	0	0	556	497	
2	0	0	0	0	567	503	
3	0	0	0	0	573	504	
4	0	0	0	0	579	505	
5	0	0	0	0	586	504	
6	0	0	0	0	591	502	
7	0	0	0	0	595	497	
8	0	0	0	0	593	493	
9	0	0	0	0	586	491	
10	0	0	0	0	572	493	
11	0	0	0	0	558	497	
12	0	0	0	0	545	502	
13	0	0	0	0	536	512	
14	0	0	0	0	531	516	
15	0	0	0	0	529	523	
0	0	0	0	0	530	527	
1	0	0	0	0	533	531	
2	0	0	0	0	532	533	
3	0	0	0	0	527	538	
4	0	0	0	0	518	538	
5	0	0	0	0	508	537	
6	0	0	0	0	498	533	
7	0	0	0	0	492	524	
8	0	0	0	0	487	517	
9	0	0	0	0	484	512	
10	0	0	0	0	485	504	
11	0	0	0	0	484	499	
12	0	0	0	0	485	496	
13	0	0	0	0	487	494	
14	0	0	0	0	491	494	
15	0	0	0	0	494	494	
0	0	0	0	0	494	490	
1	0	0	0	0	492	485	
2	0	0	0	0	490	482	
3	0	0	0	0	491	478	
4	0	0	0	0	488	474	
5	0	0	0	0	487	471	
6	0	0	0	0	484	467	
7	0	0	0	0	483	464	
8	0	0	0	0	482	462	
9	0	0	0	0	485	460	
10	0	0	0	0	489	461	
11	0	0	0	0	494	463	
12	0	0	0	0	497	467	
13	0	0	0	0	502	478	
14	0	0	0	0	503	491	
15	0	0	0	0	504	500	
0	0	0	0	0	505	503	
1	0	0	0	0	504	507	
2	0	0	0	0	505	505	
3	0	0	0	0	507	504	
4	0	0	0	0	508	499	
5	0	0	0	0	510	498	
6	0	0	0	0	510	496	
7	0	0	0	0	508	494	
8	0	0	0	0	508	494	
9	0	0	0	0	510	489	
10	0	0	0	0	508	481	
11	0	0	0	0	506	473	
12	0	0	0	0	503	469	
13	0	0	0	0	500	472	
14	0	0	0	0	498	475	
15	0	0	0	0	504	479	
0	0	0	0	0	514	486	
1	0	0	0	0	524	494	
2	0	0	0	0	525	499	
3	0	0	0	0	521	504	
4	0	0	0	0	507	513	
5	0	0	0	0	493	520	
6	0	0	0	0	476	527	
7	0	0	0	0	460	534	
8	0	0	0	0	443	540	
9	0	0	0	0	427	546	
10	0	0	0	0	412	549	
11	0	0	0	0	401	551	
12	0	0	0	0	396	561	
13	0	0	0	0	391	577	
14	0	0	0	0	388	596	
15	0	0	0	0	383	615	
0	0	0	0	0	379	630	
1	0	0	0	0	374	639	
2	0	0	0	0	369	643	
3	0	0	0	0	364	643	
4	0	0	0	0	359	643	
5	0	0	0	0	358	640	
6	0	0	0	0	356	644	
7	0	0	0	0	352	646	
8	0	0	0	0	350	647	
9	0	0	0	0	352	647	
10	0	0	0	0	354	647	
11	0	0	0	0	353	646	
12	0	0	0	0	348	649	
13	0	0	0	0	343	647	
14	0	0	0	0	344	649	
15	0	0	0	0	347	646	
0	0	0	0	0	351	647	
1	0	0	0	0	354	647	
2	0	0	0	0	357	652	
3	0	0	0	0	360	659	
4	0	0	0	0	360	664	
5	0	0	0	0	363	671	
6	0	0	0	0	368	673	
7	0	0	0	0	375	676	
8	0	0	0	0	379	682	
9	0	0	0	0	380	678	
10	0	0	0	0	380	675	
11	0	0	0	0	380	668	
12	0	0	0	0	375	653	
13	0	0	0	0	372	634	
14	0	0	0	0	368	619	
15	0	0	0	0	362	605	
0	0	0	0	0	359	600	
1	0	0	0	0	355	598	
2	0	0	0	0	351	598	
3	0	0	0	0	351	598	
4	0	0	0	0	352	602	
5	0	0	0	0	355	605	
6	0	0	0	0	359	605	
7	0	0	0	0	361	602	
8	0	0	0	0	367	598	
9	0	0	0	0	371	595	
10	0	0	0	0	371	585	
11	0	0	0	0	371	577	
12	0	0	0	0	372	575	
13	0	0	0	0	375	569	
14	0	0	0	0	373	566	
15	0	0	0	0	372	564	
0	0	0	0	0	377	566	
1	0	0	0	0	388	574	
2	0	0	0	0	399	582	
3	0	0	0	0	408	588	
4	0	0	0	0	418	591	
5	0	0	0	0	430	596	
6	0	0	0	0	446	598	
7	0	0	0	0	459	602	
8	0	0	0	0	466	607	
9	0	0	0	0	469	610	
10	0	0	0	0	469	612	
11	0	0	0	0	462	613	
12	0	0	0	0	448	614	
13	0	0	0	0	433	610	
14	0	0	0	0	419	604	
15	0	0	0	0	405	595	
0	0	0	0	0	384	577	
1	0	0	0	0	364	556	
2	0	0	0	0	350	536	
3	0	0	0	0	344	524	
4	0	0	0	0	347	515	
5	0	0	0	0	358	511	
6	0	0	0	0	376	512	
7	0	0	0	0	399	517	
8	0	0	0	0	423	526	
9	0	0	0	0	440	537	
10	0	0	0	0	453	551	
11	0	0	0	0	464	563	
12	0	0	0	0	472	572	
13	0	0	0	0	476	579	
14	0	0	0	0	478	584	
15	0	0	0	0	480	589	
0	0	0	0	0	481	590	
1	0	0	0	0	476	587	
2	0	0	0	0	470	580	
3	0	0	0	0	465	571	
4	0	0	0	0	463	563	
5	0	0	0	0	464	560	
6	0	0	0	0	470	563	
7	0	0	0	0	476	566	
8	0	0	0	0	479	572	
9	0	0	0	0	479	576	
10	0	0	0	0	481	580	
11	0	0	0	0	483	582	
12	0	0	0	0	479	581	
13	0	0	0	0	474	580	
14	0	0	0	0	469	579	
15	0	0	0	0	463	580	
0	0	0	0	0	455	581	
1	0	0	0	0	448	579	
2	0	0	0	0	446	574	
3	0	0	0	0	447	566	
4	0	0	0	0	450	551	
5	0	0	0	0	451	532	
6	0	0	0	0	448	515	
7	0	0	0	0	448	501	
8	0	0	0	0	451	492	
9	0	0	0	0	458	483	
10	0	0	0	0	468	473	
11	0	0	0	0	480	473	
12	0	0	0	0	490	481	
13	0	0	0	0	498	496	
14	0	0	0	0	504	512	
15	0	0	0	0	507	528	
0	0	0	0	0	513	547	
1	0	0	0	0	519	566	
2	0	0	0	0	524	580	
3	0	0	0	0	528	591	
4	0	0	0	0	532	604	
5	0	0	0	0	539	611	
6	0	0	0	0	542	611	
7	0	0	0	0	544	611	
8	0	0	0	0	541	610	
9	0	0	0	0	530	606	
10	0	0	0	0	513	600	
11	0	0	0	0	497	591	
12	0	0	0	0	483	585	
13	0	0	0	0	471	581	
14	0	0	0	0	463	576	
15	0	0	0	0	455	574	
0	0	0	0	0	453	569	
1	0	0	0	0	455	568	
2	0	0	0	0	462	566	
3	0	0	0	0	468	560	
4	0	0	0	0	471	553	
5	0	0	0	0	465	542	
6	0	0	0	0	456	526	
7	0	0	0	0	449	516	
8	0	0	0	0	447	515	
9	0	0	0	0	446	518	
10	0	0	0	0	449	521	
11	0	0	0	0	454	521	
12	0	0	0	0	456	516	
13	0	0	0	0	459	513	
14	0	0	0	0	457	511	
15	0	0	0	0	447	508	
0	0	0	0	0	433	504	
1	0	0	0	0	420	501	
2	0	0	0	0	411	504	
3	0	0	0	0	407	508	
4	0	0	0	0	405	513	
5	0	0	0	0	409	514	
6	0	0	0	0	415	515	
7	0	0	0	0	423	519	
8	0	0	0	0	432	526	
9	0	0	0	0	451	530	
10	0	0	0	0	469	536	
11	0	0	0	0	484	535	
12	0	0	0	0	497	531	
13	0	0	0	0	508	530	
14	0	0	0	0	513	526	
15	0	0	0	0	510	522	
0	0	0	0	0	508	515	
1	0	0	0	0	505	505	
2	0	0	0	0	500	495	
3	0	0	0	0	496	490	
4	0	0	0	0	493	489	
5	0	0	0	0	494	488	
6	0	0	0	0	495	494	
7	0	0	0	0	496	498	
8	0	0	0	0	495	506	
9	0	0	0	0	497	516	
10	0	0	0	0	502	524	
11	0	0	0	0	507	526	
12	0	0	0	0	515	523	
13	0	0	0	0	524	516	
14	0	0	0	0	526	506	
15	0	0	0	0	525	492	
0	0	0	0	0	521	482	
1	0	0	0	0	515	476	
2	0	0	0	0	511	475	
3	0	0	0	0	507	475	
4	0	0	0	0	504	471	
5	0	0	0	0	503	469	
6	0	0	0	0	507	466	
7	0	0	0	0	510	467	
8	0	0	0	0	515	468	
9	0	0	0	0	517	470	
10	0	0	0	0	515	472	
11	0	0	0	0	517	479	
12	0	0	0	0	520	484	
13	0	0	0	0	523	489	
14	0	0	0	0	527	501	
15	0	0	0	0	533	515	
0	0	0	0	0	537	530	
1	0	0	0	0	540	543	
2	0	0	0	0	541	549	
3	0	0	0	0	542	549	
4	0	0	0	0	541	545	
5	0	0	0	0	539	538	
6	0	0	0	0	538	530	
7	0	0	0	0	543	525	
8	0	0	0	0	548	519	
9	0	0	0	0	555	512	
10	0	0	0	0	563	504	
11	0	0	0	0	572	495	
12	0	0	0	0	581	484	
13	0	0	0	0	589	476	
14	0	0	0	0	591	472	
15	0	0	0	0	588	472	
0	0	0	0	0	583	477	
1	0	0	0	0	578	480	
2	0	0	0	0	573	483	
3	0	0	0	0	568	484	
4	0	0	0	0	560	478	
5	0	0	0	0	551	467	
6	0	0	0	0	541	452	
7	0	0	0	0	537	442	
8	0	0	0	0	536	444	
9	0	0	0	0	540	449	
10	0	0	0	0	543	454	
11	0	0	0	0	543	457	
12	0	0	0	0	543	460	
13	0	0	0	0	545	463	
14	0	0	0	0	545	466	
15	0	0	0	0	542	467	
0	0	0	0	0	540	465	
1	0	0	0	0	535	463	
2	0	0	0	0	531	458	
3	0	0	0	0	534	457	
4	0	0	0	0	535	463	
5	0	0	0	0	537	474	
6	0	0	0	0	543	483	
7	0	0	0	0	545	498	
8	0	0	0	0	543	516	
9	0	0	0	0	538	538	
10	0	0	0	0	532	563	
11	0	0	0	0	530	588	
12	0	0	0	0	532	605	
13	0	0	0	0	537	614	
14	0	0	0	0	544	613	
15	0	0	0	0	551	606	
0	0	0	0	0	551	595	
1	0	0	0	0	552	580	
2	0	0	0	0	551	563	
3	0	0	0	0	548	545	
4	0	0	0	0	545	527	
5	0	0	0	0	545	519	
6	0	0	0	0	545	524	
7	0	0	0	0	542	530	
8	0	0	0	0	540	534	
9	0	0	0	0	540	534	
10	0	0	0	0	540	530	
11	0	0	0	0	541	522	
12	0	0	0	0	543	511	
13	0	0	0	0	550	502	
14	0	0	0	0	556	492	
15	0	0	0	0	557	484	
0	0	0	0	0	557	479	
1	0	0	0	0	554	476	
2	0	0	0	0	550	475	
3	0	0	0	0	553	472	
4	0	0	0	0	556	468	
5	0	0	0	0	563	464	
6	0	0	0	0	573	465	
7	0	0	0	0	585	465	
8	0	0	0	0	595	466	
9	0	0	0	0	597	471	
10	0	0	0	0	598	474	
11	0	0	0	0	599	477	
12	0	0	0	0	600	483	
13	0	0	0	0	601	486	
14	0	0	0	0	604	486	
15	0	0	0	0	602	496	
0	0	0	0	0	602	510	
1	0	0	0	0	600	520	
2	0	0	0	0	601	531	
3	0	0	0	0	603	537	
4	0	0	0	0	600	539	
5	0	0	0	0	596	537	
6	0	0	0	0	591	533	
7	0	0	0	0	584	528	
8	0	0	0	0	578	531	
9	0	0	0	0	569	535	
10	0	0	0	0	560	540	
11	0	0	0	0	555	546	
12	0	0	0	0	550	550	
13	0	0	0	0	547	553	
14	0	0	0	0	545	551	
15	0	0	0	0	543	547	
0	0	0	0	0	535	540	
1	0	0	0	0	533	534	
2	0	0	0	0	531	527	
3	0	0	0	0	531	524	
4	0	0	0	0	531	519	
5	0	0	0	0	531	513	
6	0	0	0	0	530	508	
7	0	0	0	0	527	505	
8	0	0	0	0	526	507	
9	0	0	0	0	530	511	
10	0	0	0	0	538	515	
11	0	0	0	0	551	519	
12	0	0	0	0	563	523	
13	0	0	0	0	567	528	
14	0	0	0	0	567	531	
15	0	0	0	0	560	530	
0	0	0	0	0	551	525	
1	0	0	0	0	540	525	
2	0	0	0	0	531	527	
3	0	0	0	0	526	531	
4	0	0	0	0	522	534	
5	0	0	0	0	521	531	
6	0	0	0	0	520	520	
7	0	0	0	0	516	507	
8	0	0	0	0	511	498	
9	0	0	0	0	505	491	
10	0	0	0	0	503	486	
11	0	0	0	0	507	489	
12	0	0	0	0	514	499	
13	0	0	0	0	523	510	
14	0	0	0	0	533	519	
15	0	0	0	0	543	523	
0	0	0	0	0	548	523	
1	0	0	0	0	544	519	
2	0	0	0	0	539	515	
3	0	0	0	0	534	508	
4	0	0	0	0	531	499	
5	0	0	0	0	530	487	
6	0	0	0	0	529	479	
7	0	0	0	0	524	473	
8	0	0	0	0	521	471	
9	0	0	0	0	515	468	
10	0	0	0	0	509	464	
11	0	0	0	0	508	458	
12	0	0	0	0	509	454	
13	0	0	0	0	515	454	
14	0	0	0	0	524	455	
15	0	0	0	0	531	460	
0	0	0	0	0	533	463	
1	0	0	0	0	534	471	
2	0	0	0	0	532	477	
3	0	0	0	0	529	480	
4	0	0	0	0	527	483	
5	0	0	0	0	519	480	
6	0	0	0	0	513	475	
7	0	0	0	0	508	464	
8	0	0	0	0	505	448	
9	0	0	0	0	504	434	
10	0	0	0	0	503	425	
11	0	0	0	0	500	417	
12	0	0	0	0	496	411	
13	0	0	0	0	495	409	
14	0	0	0	0	491	410	
15	0	0	0	0	492	412	
0	0	0	0	0	494	416	
1	0	0	0	0	494	422	
2	0	0	0	0	493	427	
3	0	0	0	0	493	432	
4	0	0	0	0	491	439	
5	0	0	0	0	487	449	
6	0	0	0	0	484	461	
7	0	0	0	0	485	474	
8	0	0	0	0	488	484	
9	0	0	0	0	492	492	
10	0	0	0	0	492	497	
11	0	0	0	0	488	496	
12	0	0	0	0	485	497	
13	0	0	0	0	475	492	
14	0	0	0	0	461	483	
15	0	0	0	0	451	470	
0	0	0	0	0	444	457	
1	0	0	0	0	442	446	
2	0	0	0	0	443	442	
3	0	0	0	0	446	443	
4	0	0	0	0	452	450	
5	0	0	0	0	463	458	
6	0	0	0	0	470	462	
7	0	0	0	0	473	465	
8	0	0	0	0	471	465	
9	0	0	0	0	467	465	
10	0	0	0	0	462	466	
11	0	0	0	0	460	471	
12	0	0	0	0	459	476	
13	0	0	0	0	464	485	
14	0	0	0	0	472	494	
15	0	0	0	0	482	502	
0	0	0	0	0	490	505	
1	0	0	0	0	494	507	
2	0	0	0	0	492	507	
3	0	0	0	0	490	512	
4	0	0	0	0	486	520	
5	0	0	0	0	479	522	
6	0	0	0	0	473	522	
7	0	0	0	0	467	524	
8	0	0	0	0	462	528	
9	0	0	0	0	454	531	
10	0	0	0	0	451	536	
11	0	0	0	0	445	542	
12	0	0	0	0	441	547	
13	0	0	0	0	444	549	
14	0	0	0	0	445	547	
15	0	0	0	0	444	543	
0	0	0	0	0	447	536	
1	0	0	0	0	451	529	
2	0	0	0	0	450	524	
3	0	0	0	0	440	522	
4	0	0	0	0	423	520	
5	0	0	0	0	408	523	
6	0	0	0	0	400	522	
7	0	0	0	0	399	516	
8	0	0	0	0	406	511	
9	0	0	0	0	421	505	
10	0	0	0	0	435	499	
11	0	0	0	0	451	495	
12	0	0	0	0	464	496	
13	0	0	0	0	474	496	
14	0	0	0	0	482	496	
15	0	0	0	0	488	497	
0	0	0	0	0	492	499	
1	0	0	0	0	495	501	
2	0	0	0	0	496	500	
3	0	0	0	0	497	499	
4	0	0	0	0	499	499	
5	0	0	0	0	502	504	
6	0	0	0	0	504	509	
7	0	0	0	0	504	515	
8	0	0	0	0	502	518	
9	0	0	0	0	499	523	
10	0	0	0	0	495	527	
11	0	0	0	0	488	525	
12	0	0	0	0	481	523	
13	0	0	0	0	476	520	
14	0	0	0	0	470	518	
15	0	0	0	0	460	511	
0	0	0	0	0	449	507	
1	0	0	0	0	440	504	
2	0	0	0	0	435	503	
3	0	0	0	0	433	505	
4	0	0	0	0	440	511	
5	0	0	0	0	451	519	
6	0	0	0	0	465	524	
7	0	0	0	0	477	528	
8	0	0	0	0	482	531	
9	0	0	0	0	483	533	
10	0	0	0	0	487	532	
11	0	0	0	0	489	531	
12	0	0	0	0	487	534	
13	0	0	0	0	483	537	
14	0	0	0	0	478	531	
15	0	0	0	0	475	519	
0	0	0	0	0	473	510	
1	0	0	0	0	472	502	
2	0	0	0	0	471	497	
3	0	0	0	0	468	494	
4	0	0	0	0	471	491	
5	0	0	0	0	478	489	
6	0	0	0	0	488	492	
7	0	0	0	0	498	499	
8	0	0	0	0	507	508	
9	0	0	0	0	512	519	
10	0	0	0	0	512	529	
11	0	0	0	0	511	542	
12	0	0	0	0	507	549	
13	0	0	0	0	503	555	
14	0	0	0	0	502	558	
15	0	0	0	0	502	551	
0	0	0	0	0	499	543	
1	0	0	0	0	495	536	
2	0	0	0	0	496	530	
3	0	0	0	0	501	530	
4	0	0	0	0	501	528	
5	0	0	0	0	500	523	
6	0	0	0	0	497	516	
7	0	0	0	0	494	504	
8	0	0	0	0	491	497	
9	0	0	0	0	492	494	
10	0	0	0	0	497	494	
11	0	0	0	0	508	495	
12	0	0	0	0	519	492	
13	0	0	0	0	527	487	
14	0	0	0	0	533	481	
15	0	0	0	0	539	476	
0	0	0	0	0	544	471	
1	0	0	0	0	548	466	
2	0	0	0	0	550	457	
3	0	0	0	0	551	453	
4	0	0	0	0	549	448	
5	0	0	0	0	548	450	
6	0	0	0	0	544	455	
7	0	0	0	0	537	468	
8	0	0	0	0	532	480	
9	0	0	0	0	525	488	
10	0	0	0	0	519	495	
11	0	0	0	0	513	497	
12	0	0	0	0	511	492	
13	0	0	0	0	510	487	
14	0	0	0	0	514	483	
15	0	0	0	0	521	480	
0	0	0	0	0	527	482	
1	0	0	0	0	535	488	
2	0	0	0	0	540	493	
3	0	0	0	0	545	497	
4	0	0	0	0	548	504	
5	0	0	0	0	555	506	
6	0	0	0	0	564	504	
7	0	0	0	0	574	502	
8	0	0	0	0	579	507	
9	0	0	0	0	581	514	
10	0	0	0	0	582	518	
11	0	0	0	0	583	513	
12	0	0	0	0	583	498	
13	0	0	0	0	582	490	
14	0	0	0	0	581	487	
15	0	0	0	0	578	491	
0	0	0	0	0	574	492	
1	0	0	0	0	569	491	
2	0	0	0	0	564	491	
3	0	0	0	0	560	494	
4	0	0	0	0	555	495	
5	0	0	0	0	552	494	
6	0	0	0	0	547	493	
7	0	0	0	0	544	499	
8	0	0	0	0	541	506	
9	0	0	0	0	536	516	
10	0	0	0	0	529	521	
11	0	0	0	0	525	519	
12	0	0	0	0	520	515	
13	0	0	0	0	515	508	
14	0	0	0	0	510	496	
15	0	0	0	0	507	481	
0	0	0	0	0	505	475	
1	0	0	0	0	510	480	
2	0	0	0	0	515	494	
3	0	0	0	0	521	508	
4	0	0	0	0	529	518	
5	0	0	0	0	536	523	
6	0	0	0	0	541	519	
7	0	0	0	0	548	511	
8	0	0	0	0	556	506	
9	0	0	0	0	563	506	
10	0	0	0	0	570	508	
11	0	0	0	0	578	505	
12	0	0	0	0	583	503	
13	0	0	0	0	583	498	
14	0	0	0	0	581	495	
15	0	0	0	0	577	492	
0	0	0	0	0	574	494	
1	0	0	0	0	571	497	
2	0	0	0	0	568	498	
3	0	0	0	0	561	500	
4	0	0	0	0	551	499	
5	0	0	0	0	542	499	
6	0	0	0	0	535	499	
7	0	0	0	0	529	498	
8	0	0	0	0	528	498	
9	0	0	0	0	527	494	
10	0	0	0	0	525	486	
11	0	0	0	0	519	473	
12	0	0	0	0	515	459	
13	0	0	0	0	516	450	
14	0	0	0	0	520	448	
15	0	0	0	0	530	447	
0	0	0	0	0	537	448	
1	0	0	0	0	541	447	
2	0	0	0	0	543	444	
3	0	0	0	0	542	442	
4	0	0	0	0	543	443	
5	0	0	0	0	543	448	
6	0	0	0	0	543	455	
7	0	0	0	0	542	462	
8	0	0	0	0	544	472	
9	0	0	0	0	550	482	
10	0	0	0	0	550	488	
11	0	0	0	0	552	495	
12	0	0	0	0	553	501	
13	0	0	0	0	550	504	
14	0	0	0	0	543	505	
15	0	0	0	0	533	502	
0	0	0	0	0	522	495	
1	0	0	0	0	514	483	
2	0	0	0	0	503	475	
3	0	0	0	0	490	467	
4	0	0	0	0	481	460	
5	0	0	0	0	474	454	
6	0	0	0	0	470	451	
7	0	0	0	0	463	446	
8	0	0	0	0	461	444	
9	0	0	0	0	459	440	
10	0	0	0	0	462	438	
11	0	0	0	0	467	435	
12	0	0	0	0	474	433	
13	0	0	0	0	480	435	
14	0	0	0	0	490	443	
15	0	0	0	0	499	451	
0	0	0	0	0	506	464	
1	0	0	0	0	510	477	
2	0	0	0	0	512	488	
3	0	0	0	0	514	495	
4	0	0	0	0	511	502	
5	0	0	0	0	511	512	
6	0	0	0	0	514	524	
7	0	0	0	0	520	538	
8	0	0	0	0	527	547	
9	0	0	0	0	534	553	
10	0	0	0	0	533	556	
11	0	0	0	0	529	555	
12	0	0	0	0	523	554	
13	0	0	0	0	518	552	
14	0	0	0	0	515	551	
15	0	0	0	0	515	551	
0	0	0	0	0	520	548	
1	0	0	0	0	526	544	
2	0	0	0	0	528	540	
3	0	0	0	0	529	535	
4	0	0	0	0	529	530	
5	0	0	0	0	525	523	
6	0	0	0	0	517	511	
7	0	0	0	0	511	502	
8	0	0	0	0	508	496	
9	0	0	0	0	511	491	
10	0	0	0	0	519	488	
11	0	0	0	0	527	490	
12	0	0	0	0	536	494	
13	0	0	0	0	541	499	
14	0	0	0	0	543	510	
15	0	0	0	0	546	523	
0	0	0	0	0	549	536	
1	0	0	0	0	550	546	
2	0	0	0	0	551	548	
3	0	0	0	0	556	549	
4	0	0	0	0	559	549	
5	0	0	0	0	564	544	
6	0	0	0	0	570	543	
7	0	0	0	0	573	541	
8	0	0	0	0	576	540	
9	0	0	0	0	578	540	
10	0	0	0	0	582	538	
11	0	0	0	0	584	540	
12	0	0	0	0	584	543	
13	0	0	0	0	579	547	
14	0	0	0	0	574	548	
15	0	0	0	0	567	550	
0	0	0	0	0	560	553	
1	0	0	0	0	553	553	
2	0	0	0	0	547	552	
3	0	0	0	0	540	551	
4	0	0	0	0	536	552	
5	0	0	0	0	532	552	
6	0	0	0	0	531	554	
7	0	0	0	0	532	554	
8	0	0	0	0	534	553	
9	0	0	0	0	535	549	
10	0	0	0	0	538	538	
11	0	0	0	0	537	528	
12	0	0	0	0	538	521	
13	0	0	0	0	536	517	
14	0	0	0	0	533	519	
15	0	0	0	0	527	516	
0	0	0	0	0	519	510	
1	0	0	0	0	514	506	
2	0	0	0	0	512	505	
3	0	0	0	0	513	505	
4	0	0	0	0	519	505	
5	0	0	0	0	525	512	
6	0	0	0	0	533	516	
7	0	0	0	0	539	519	
8	0	0	0	0	546	524	
9	0	0	0	0	552	532	
10	0	0	0	0	555	540	
11	0	0	0	0	555	551	
12	0	0	0	0	551	558	
13	0	0	0	0	547	562	
14	0	0	0	0	545	566	
15	0	0	0	0	545	566	
0	0	0	0	0	545	564	
1	0	0	0	0	544	567	
2	0	0	0	0	543	572	
3	0	0	0	0	536	578	
4	0	0	0	0	526	575	
5	0	0	0	0	514	571	
6	0	0	0	0	502	566	
7	0	0	0	0	492	562	
8	0	0	0	0	481	561	
9	0	0	0	0	474	561	
10	0	0	0	0	463	564	
11	0	0	0	0	458	563	
12	0	0	0	0	457	564	
13	0	0	0	0	457	561	
14	0	0	0	0	459	560	
15	0	0	0	0	459	559	
0	0	0	0	0	457	560	
1	0	0	0	0	457	559	
2	0	0	0	0	457	561	
3	0	0	0	0	459	560	
4	0	0	0	0	460	558	
5	0	0	0	0	457	555	
6	0	0	0	0	455	554	
7	0	0	0	0	458	552	
8	0	0	0	0	462	551	
9	0	0	0	0	472	555	
10	0	0	0	0	481	554	
11	0	0	0	0	496	550	
12	0	0	0	0	510	539	
13	0	0	0	0	522	529	
14	0	0	0	0	531	524	
15	0	0	0	0	536	523	
0	0	0	0	0	539	525	
1	0	0	0	0	539	527	
2	0	0	0	0	536	526	
3	0	0	0	0	529	523	
4	0	0	0	0	520	518	
5	0	0	0	0	510	513	
6	0	0	0	0	500	510	
7	0	0	0	0	491	505	
8	0	0	0	0	483	499	
9	0	0	0	0	474	492	
10	0	0	0	0	463	487	
11	0	0	0	0	456	486	
12	0	0	0	0	460	486	
13	0	0	0	0	471	488	
14	0	0	0	0	481	493	
15	0	0	0	0	489	498	
0	0	0	0	0	497	504	
1	0	0	0	0	503	514	
2	0	0	0	0	502	523	
3	0	0	0	0	499	527	
4	0	0	0	0	494	527	
5	0	0	0	0	490	524	
6	0	0	0	0	485	519	
7	0	0	0	0	480	518	
8	0	0	0	0	473	520	
9	0	0	0	0	464	526	
10	0	0	0	0	454	535	
11	0	0	0	0	448	545	
12	0	0	0	0	443	553	
13	0	0	0	0	436	552	
14	0	0	0	0	431	551	
15	0	0	0	0	424	549	
0	0	0	0	0	423	545	
1	0	0	0	0	426	539	
2	0	0	0	0	432	536	
3	0	0	0	0	443	534	
4	0	0	0	0	453	531	
5	0	0	0	0	464	531	
6	0	0	0	0	472	525	
7	0	0	0	0	479	511	
8	0	0	0	0	484	495	
9	0	0	0	0	489	476	
10	0	0	0	0	493	457	
11	0	0	0	0	491	441	
12	0	0	0	0	486	430	
13	0	0	0	0	479	418	
14	0	0	0	0	473	407	
15	0	0	0	0	466	403	
0	0	0	0	0	463	408	
1	0	0	0	0	468	411	
2	0	0	0	0	475	416	
3	0	0	0	0	483	420	
4	0	0	0	0	487	424	
5	0	0	0	0	488	425	
6	0	0	0	0	492	428	
7	0	0	0	0	494	429	
8	0	0	0	0	497	432	
9	0	0	0	0	501	431	
10	0	0	0	0	508	429	
11	0	0	0	0	512	430	
12	0	0	0	0	518	434	
13	0	0	0	0	522	441	
14	0	0	0	0	526	447	
15	0	0	0	0	530	453	
0	0	0	0	0	538	462	
1	0	0	0	0	546	470	
2	0	0	0	0	552	475	
3	0	0	0	0	556	481	
4	0	0	0	0	555	480	
5	0	0	0	0	549	475	
6	0	0	0	0	542	464	
7	0	0	0	0	534	455	
8	0	0	0	0	527	450	
9	0	0	0	0	520	452	
10	0	0	0	0	511	456	
11	0	0	0	0	507	461	
12	0	0	0	0	508	464	
13	0	0	0	0	508	467	
14	0	0	0	0	507	464	
15	0	0	0	0	502	459	
0	0	0	0	0	502	455	
1	0	0	0	0	506	455	
2	0	0	0	0	512	455	
3	0	0	0	0	518	460	
4	0	0	0	0	524	472	
5	0	0	0	0	536	491	
6	0	0	0	0	551	512	
7	0	0	0	0	562	526	
8	0	0	0	0	569	536	
9	0	0	0	0	569	547	
10	0	0	0	0	566	553	
11	0	0	0	0	562	559	
12	0	0	0	0	555	571	
13	0	0	0	0	549	579	
14	0	0	0	0	540	579	
15	0	0	0	0	533	567	
0	0	0	0	0	522	540	
1	0	0	0	0	513	510	
2	0	0	0	0	507	482	
3	0	0	0	0	503	460	
4	0	0	0	0	502	443	
5	0	0	0	0	503	435	
6	0	0	0	0	503	437	
7	0	0	0	0	502	437	
8	0	0	0	0	501	434	
9	0	0	0	0	502	432	
10	0	0	0	0	503	428	
11	0	0	0	0	502	428	
12	0	0	0	0	501	432	
13	0	0	0	0	504	443	
14	0	0	0	0	513	455	
15	0	0	0	0	519	463	
0	0	0	0	0	521	459	
1	0	0	0	0	523	448	
2	0	0	0	0	529	434	
3	0	0	0	0	537	426	
4	0	0	0	0	547	423	
5	0	0	0	0	557	423	
6	0	0	0	0	564	422	
7	0	0	0	0	571	421	
8	0	0	0	0	572	427	
9	0	0	0	0	569	437	
10	0	0	0	0	564	447	
11	0	0	0	0	558	457	
12	0	0	0	0	549	465	
13	0	0	0	0	539	476	
14	0	0	0	0	530	486	
15	0	0	0	0	525	499	
0	0	0	0	0	523	512	
1	0	0	0	0	523	525	
2	0	0	0	0	527	536	
3	0	0	0	0	534	544	
4	0	0	0	0	540	551	
5	0	0	0	0	549	556	
6	0	0	0	0	557	558	
7	0	0	0	0	565	560	
8	0	0	0	0	573	560	
9	0	0	0	0	579	557	
10	0	0	0	0	579	550	
11	0	0	0	0	577	542	
12	0	0	0	0	576	535	
13	0	0	0	0	576	527	
14	0	0	0	0	574	519	
15	0	0	0	0	568	512	
0	0	0	0	0	561	507	
1	0	0	0	0	554	506	
2	0	0	0	0	548	507	
3	0	0	0	0	540	508	
4	0	0	0	0	534	517	
5	0	0	0	0	530	534	
6	0	0	0	0	527	558	
7	0	0	0	0	525	579	
8	0	0	0	0	523	595	
9	0	0	0	0	526	606	
10	0	0	0	0	529	614	
11	0	0	0	0	532	622	
12	0	0	0	0	532	625	
13	0	0	0	0	532	622	
14	0	0	0	0	531	617	
15	0	0	0	0	524	611	
0	0	0	0	0	515	603	
1	0	0	0	0	508	591	
2	0	0	0	0	506	578	
3	0	0	0	0	511	570	
4	0	0	0	0	522	570	
5	0	0	0	0	534	576	
6	0	0	0	0	543	591	
7	0	0	0	0	550	604	
8	0	0	0	0	556	612	
9	0	0	0	0	556	616	
10	0	0	0	0	551	616	
11	0	0	0	0	543	611	
12	0	0	0	0	532	600	
13	0	0	0	0	523	589	
14	0	0	0	0	516	577	
15	0	0	0	0	515	568	
0	0	0	0	0	519	564	
1	0	0	0	0	527	575	
2	0	0	0	0	540	587	
3	0	0	0	0	553	596	
4	0	0	0	0	563	597	
5	0	0	0	0	571	593	
6	0	0	0	0	572	585	
7	0	0	0	0	571	577	
8	0	0	0	0	567	568	
9	0	0	0	0	561	560	
10	0	0	0	0	555	555	
11	0	0	0	0	545	550	
12	0	0	0	0	536	545	
13	0	0	0	0	527	543	
14	0	0	0	0	523	540	
15	0	0	0	0	519	537	
0	0	0	0	0	516	538	
1	0	0	0	0	514	541	
2	0	0	0	0	512	545	
3	0	0	0	0	513	553	
4	0	0	0	0	519	559	
5	0	0	0	0	525	559	
6	0	0	0	0	536	563	
7	0	0	0	0	552	568	
8	0	0	0	0	570	574	
9	0	0	0	0	590	577	
10	0	0	0	0	606	576	
11	0	0	0	0	621	572	
12	0	0	0	0	632	569	
13	0	0	0	0	639	565	
14	0	0	0	0	642	562	
15	0	0	0	0	639	561	
0	0	0	0	0	631	563	
1	0	0	0	0	622	565	
2	0	0	0	0	610	568	
3	0	0	0	0	598	570	
4	0	0	0	0	588	570	
5	0	0	0	0	581	572	
6	0	0	0	0	575	576	
7	0	0	0	0	572	578	
8	0	0	0	0	568	575	
9	0	0	0	0	564	570	
10	0	0	0	0	563	570	
11	0	0	0	0	558	572	
12	0	0	0	0	551	574	
13	0	0	0	0	543	571	
14	0	0	0	0	538	564	
15	0	0	0	0	537	553	
0	0	0	0	0	537	549	
1	0	0	0	0	543	551	
2	0	0	0	0	550	553	
3	0	0	0	0	555	557	
4	0	0	0	0	563	559	
5	0	0	0	0	571	559	
6	0	0	0	0	575	558	
7	0	0	0	0	579	559	
8	0	0	0	0	583	560	
9	0	0	0	0	586	564	
10	0	0	0	0	586	567	
11	0	0	0	0	582	566	
12	0	0	0	0	580	563	
13	0	0	0	0	578	563	
14	0	0	0	0	575	567	
15	0	0	0	0	570	570	
0	0	0	0	0	564	574	
1	0	0	0	0	559	575	
2	0	0	0	0	556	575	
3	0	0	0	0	553	573	
4	0	0	0	0	548	569	
5	0	0	0	0	545	564	
6	0	0	0	0	551	558	
7	0	0	0	0	562	555	
8	0	0	0	0	572	550	
9	0	0	0	0	579	542	
10	0	0	0	0	590	536	
11	0	0	0	0	601	530	
12	0	0	0	0	614	525	
13	0	0	0	0	625	523	
14	0	0	0	0	633	525	
15	0	0	0	0	640	532	
0	0	0	0	0	640	537	
1	0	0	0	0	636	549	
2	0	0	0	0	627	558	
3	0	0	0	0	612	568	
4	0	0	0	0	595	580	
5	0	0	0	0	576	594	
6	0	0	0	0	558	606	
7	0	0	0	0	543	616	
8	0	0	0	0	528	624	
9	0	0	0	0	520	628	
10	0	0	0	0	516	629	
11	0	0	0	0	513	633	
12	0	0	0	0	511	636	
13	0	0	0	0	504	641	
14	0	0	0	0	496	649	
15	0	0	0	0	485	650	
0	0	0	0	0	476	652	
1	0	0	0	0	468	658	
2	0	0	0	0	460	667	
3	0	0	0	0	452	678	
4	0	0	0	0	450	687	
5	0	0	0	0	451	694	
6	0	0	0	0	450	698	
7	0	0	0	0	450	697	
8	0	0	0	0	447	697	
9	0	0	0	0	441	699	
10	0	0	0	0	435	697	
11	0	0	0	0	431	699	
12	0	0	0	0	430	703	
13	0	0	0	0	429	711	
14	0	0	0	0	429	723	
15	0	0	0	0	428	739	
0	0	0	0	0	421	749	
1	0	0	0	0	414	753	
2	0	0	0	0	408	755	
3	0	0	0	0	403	756	
4	0	0	0	0	401	762	
5	0	0	0	0	400	769	
6	0	0	0	0	398	781	
7	0	0	0	0	397	792	
8	0	0	0	0	392	796	
9	0	0	0	0	390	794	
10	0	0	0	0	390	796	
11	0	0	0	0	386	796	
12	0	0	0	0	381	798	
13	0	0	0	0	377	799	
14	0	0	0	0	375	800	
15	0	0	0	0	376	803	
0	0	0	0	0	376	801	
1	0	0	0	0	369	793	
2	0	0	0	0	361	783	
3	0	0	0	0	355	774	
4	0	0	0	0	347	764	
5	0	0	0	0	338	758	
6	0	0	0	0	329	758	
7	0	0	0	0	324	761	
8	0	0	0	0	324	761	
9	0	0	0	0	324	764	
10	0	0	0	0	320	776	
11	0	0	0	0	317	776	
12	0	0	0	0	313	780	
13	0	0	0	0	309	783	
14	0	0	0	0	304	783	
15	0	0	0	0	301	786	
0	0	0	0	0	296	790	
1	0	0	0	0	291	798	
2	0	0	0	0	292	808	
3	0	0	0	0	294	819	
4	0	0	0	0	294	831	
5	0	0	0	0	296	845	
6	0	0	0	0	298	857	
7	0	0	0	0	304	865	
8	0	0	0	0	312	868	
9	0	0	0	0	318	872	
10	0	0	0	0	320	869	
11	0	0	0	0	322	866	
12	0	0	0	0	325	860	
13	0	0	0	0	330	854	
14	0	0	0	0	331	847	
15	0	0	0	0	332	844	
0	0	0	0	0	331	844	
1	0	0	0	0	327	850	
2	0	0	0	0	324	853	
3	0	0	0	0	323	862	
4	0	0	0	0	324	866	
5	0	0	0	0	325	870	
6	0	0	0	0	324	874	
7	0	0	0	0	325	860	
8	0	0	0	0	324	851	
9	0	0	0	0	324	841	
10	0	0	0	0	327	822	
11	0	0	0	0	332	798	
12	0	0	0	0	335	773	
13	0	0	0	0	335	750	
14	0	0	0	0	332	730	
15	0	0	0	0	327	718	
0	0	0	0	0	326	717	
1	0	0	0	0	323	724	
2	0	0	0	0	323	731	
3	0	0	0	0	324	734	
4	0	0	0	0	325	733	
5	0	0	0	0	335	735	
6	0	0	0	0	347	733	
7	0	0	0	0	362	730	
8	0	0	0	0	377	732	
9	0	0	0	0	387	736	
10	0	0	0	0	392	739	
11	0	0	0	0	394	741	
12	0	0	0	0	391	738	
13	0	0	0	0	387	731	
14	0	0	0	0	383	720	
15	0	0	0	0	380	705	
0	0	0	0	0	379	691	
1	0	0	0	0	380	679	
2	0	0	0	0	386	671	
3	0	0	0	0	386	664	
4	0	0	0	0	385	653	
5	0	0	0	0	384	639	
6	0	0	0	0	380	627	
7	0	0	0	0	371	609	
8	0	0	0	0	366	606	
9	0	0	0	0	366	606	
10	0	0	0	0	368	609	
11	0	0	0	0	372	615	
12	0	0	0	0	376	625	
13	0	0	0	0	384	635	
14	0	0	0	0	393	643	
15	0	0	0	0	404	652	
0	0	0	0	0	412	656	
1	0	0	0	0	418	661	
2	0	0	0	0	417	669	
3	0	0	0	0	415	676	
4	0	0	0	0	408	681	
5	0	0	0	0	398	677	
6	0	0	0	0	391	671	
7	0	0	0	0	384	661	
8	0	0	0	0	381	646	
9	0	0	0	0	382	633	
10	0	0	0	0	389	626	
11	0	0	0	0	397	621	
12	0	0	0	0	401	618	
13	0	0	0	0	405	619	
14	0	0	0	0	403	620	
15	0	0	0	0	404	620	
0	0	0	0	0	403	622	
1	0	0	0	0	403	622	
2	0	0	0	0	406	623	
3	0	0	0	0	404	619	
4	0	0	0	0	402	616	
5	0	0	0	0	402	615	
6	0	0	0	0	400	608	
7	0	0	0	0	398	600	
8	0	0	0	0	393	596	
9	0	0	0	0	392	587	
10	0	0	0	0	393	583	
11	0	0	0	0	391	577	
12	0	0	0	0	385	572	
13	0	0	0	0	381	565	
14	0	0	0	0	382	556	
15	0	0	0	0	387	553	
0	0	0	0	0	388	555	
1	0	0	0	0	388	553	
2	0	0	0	0	389	551	
3	0	0	0	0	391	551	
4	0	0	0	0	393	555	
5	0	0	0	0	400	560	
6	0	0	0	0	408	558	
7	0	0	0	0	417	543	
8	0	0	0	0	425	532	
9	0	0	0	0	430	526	
10	0	0	0	0	432	524	
11	0	0	0	0	435	524	
12	0	0	0	0	441	527	
13	0	0	0	0	444	525	
14	0	0	0	0	447	521	
15	0	0	0	0	453	519	
0	0	0	0	0	457	512	
1	0	0	0	0	454	504	
2	0	0	0	0	446	495	
3	0	0	0	0	432	485	
4	0	0	0	0	427	479	
5	0	0	0	0	425	476	
6	0	0	0	0	429	477	
7	0	0	0	0	435	484	
8	0	0	0	0	444	492	
9	0	0	0	0	451	502	
10	0	0	0	0	452	512	
11	0	0	0	0	449	519	
12	0	0	0	0	444	525	
13	0	0	0	0	441	531	
14	0	0	0	0	442	540	
15	0	0	0	0	447	547	
0	0	0	0	0	453	556	
1	0	0	0	0	453	563	
2	0	0	0	0	446	570	
3	0	0	0	0	435	575	
4	0	0	0	0	424	578	
5	0	0	0	0	414	584	
6	0	0	0	0	403	590	
7	0	0	0	0	394	598	
8	0	0	0	0	390	600	
9	0	0	0	0	394	599	
10	0	0	0	0	404	596	
11	0	0	0	0	414	589	
12	0	0	0	0	425	585	
13	0	0	0	0	435	577	
14	0	0	0	0	445	565	
15	0	0	0	0	451	551	
0	0	0	0	0	455	540	
1	0	0	0	0	455	528	
2	0	0	0	0	449	512	
3	0	0	0	0	442	493	
4	0	0	0	0	435	475	
5	0	0	0	0	428	457	
6	0	0	0	0	426	447	
7	0	0	0	0	425	447	
8	0	0	0	0	429	457	
9	0	0	0	0	438	469	
10	0	0	0	0	446	483	
11	0	0	0	0	454	495	
12	0	0	0	0	460	505	
13	0	0	0	0	467	514	
14	0	0	0	0	471	519	
15	0	0	0	0	474	518	
0	0	0	0	0	476	513	
1	0	0	0	0	479	499	
2	0	0	0	0	485	479	
3	0	0	0	0	495	459	
4	0	0	0	0	504	445	
5	0	0	0	0	509	437	
6	0	0	0	0	515	438	
7	0	0	0	0	520	444	
8	0	0	0	0	523	452	
9	0	0	0	0	522	461	
10	0	0	0	0	519	464	
11	0	0	0	0	512	464	
12	0	0	0	0	505	464	
13	0	0	0	0	501	464	
14	0	0	0	0	497	456	
15	0	0	0	0	497	448	
0	0	0	0	0	497	446	
1	0	0	0	0	494	449	
2	0	0	0	0	493	457	
3	0	0	0	0	489	472	
4	0	0	0	0	484	488	
5	0	0	0	0	476	499	
6	0	0	0	0	471	502	
7	0	0	0	0	465	504	
8	0	0	0	0	463	508	
9	0	0	0	0	463	509	
10	0	0	0	0	468	507	
11	0	0	0	0	478	505	
12	0	0	0	0	491	506	
13	0	0	0	0	508	509	
14	0	0	0	0	525	514	
15	0	0	0	0	538	512	
0	0	0	0	0	548	506	
1	0	0	0	0	555	497	
2	0	0	0	0	560	489	
3	0	0	0	0	562	480	
4	0	0	0	0	560	463	
5	0	0	0	0	555	443	
6	0	0	0	0	549	423	
7	0	0	0	0	540	404	
8	0	0	0	0	529	388	
9	0	0	0	0	517	379	
10	0	0	0	0	509	376	
11	0	0	0	0	506	378	
12	0	0	0	0	507	380	
13	0	0	0	0	510	384	
14	0	0	0	0	514	391	
15	0	0	0	0	519	393	
0	0	0	0	0	524	393	
1	0	0	0	0	528	393	
2	0	0	0	0	529	387	
3	0	0	0	0	530	384	
4	0	0	0	0	530	385	
5	0	0	0	0	531	389	
6	0	0	0	0	536	390	
7	0	0	0	0	540	391	
8	0	0	0	0	542	395	
9	0	0	0	0	541	404	
10	0	0	0	0	540	408	
11	0	0	0	0	543	408	
12	0	0	0	0	545	417	
13	0	0	0	0	547	423	
14	0	0	0	0	553	424	
15	0	0	0	0	559	430	
0	0	0	0	0	564	434	
1	0	0	0	0	574	436	
2	0	0	0	0	584	438	
3	0	0	0	0	591	435	
4	0	0	0	0	592	432	
5	0	0	0	0	592	432	
6	0	0	0	0	591	432	
7	0	0	0	0	590	424	
8	0	0	0	0	592	421	
9	0	0	0	0	589	411	
10	0	0	0	0	584	400	
11	0	0	0	0	581	388	
12	0	0	0	0	575	376	
13	0	0	0	0	568	364	
14	0	0	0	0	560	355	
15	0	0	0	0	548	350	
0	0	0	0	0	536	350	
1	0	0	0	0	528	347	
2	0	0	0	0	521	349	
3	0	0	0	0	514	362	
4	0	0	0	0	515	378	
5	0	0	0	0	524	391	
6	0	0	0	0	534	396	
7	0	0	0	0	540	395	
8	0	0	0	0	544	391	
9	0	0	0	0	546	391	
10	0	0	0	0	547	387	
11	0	0	0	0	547	383	
12	0	0	0	0	549	384	
13	0	0	0	0	548	381	
14	0	0	0	0	544	379	
15	0	0	0	0	541	376	
0	0	0	0	0	541	372	
1	0	0	0	0	544	372	
2	0	0	0	0	552	371	
3	0	0	0	0	566	369	
4	0	0	0	0	579	371	
5	0	0	0	0	591	368	
6	0	0	0	0	598	364	
7	0	0	0	0	603	375	
8	0	0	0	0	608	381	
9	0	0	0	0	615	390	
10	0	0	0	0	617	399	
11	0	0	0	0	618	402	
12	0	0	0	0	615	401	
13	0	0	0	0	606	395	
14	0	0	0	0	595	387	
15	0	0	0	0	588	381	
0	0	0	0	0	580	374	
1	0	0	0	0	573	371	
2	0	0	0	0	565	374	
3	0	0	0	0	558	381	
4	0	0	0	0	551	387	
5	0	0	0	0	549	395	
6	0	0	0	0	550	398	
7	0	0	0	0	550	398	
8	0	0	0	0	550	402	
9	0	0	0	0	551	402	
10	0	0	0	0	551	400	
11	0	0	0	0	548	406	
12	0	0	0	0	544	412	
13	0	0	0	0	539	412	
14	0	0	0	0	534	415	
15	0	0	0	0	533	415	
0	0	0	0	0	535	408	
1	0	0	0	0	536	396	
2	0	0	0	0	535	383	
3	0	0	0	0	532	371	
4	0	0	0	0	531	358	
5	0	0	0	0	525	339	
6	0	0	0	0	518	325	
7	0	0	0	0	515	316	
8	0	0	0	0	514	313	
9	0	0	0	0	519	321	
10	0	0	0	0	524	323	
11	0	0	0	0	531	329	
12	0	0	0	0	543	332	
13	0	0	0	0	554	327	
14	0	0	0	0	561	333	
15	0	0	0	0	566	340	
0	0	0	0	0	568	350	
1	0	0	0	0	567	373	
2	0	0	0	0	558	400	
3	0	0	0	0	545	422	
4	0	0	0	0	536	440	
5	0	0	0	0	530	446	
6	0	0	0	0	527	443	
7	0	0	0	0	526	433	
8	0	0	0	0	527	423	
9	0	0	0	0	527	408	
10	0	0	0	0	531	398	
11	0	0	0	0	541	394	
12	0	0	0	0	553	395	
13	0	0	0	0	562	396	
14	0	0	0	0	569	395	
15	0	0	0	0	573	396	
0	0	0	0	0	575	396	
1	0	0	0	0	576	391	
2	0	0	0	0	575	395	
3	0	0	0	0	574	394	
4	0	0	0	0	571	393	
5	0	0	0	0	566	396	
6	0	0	0	0	565	402	
7	0	0	0	0	563	412	
8	0	0	0	0	562	421	
9	0	0	0	0	558	427	
10	0	0	0	0	550	436	
11	0	0	0	0	541	449	
12	0	0	0	0	537	464	
13	0	0	0	0	537	476	
14	0	0	0	0	538	476	
15	0	0	0	0	540	476	
0	0	0	0	0	545	475	
1	0	0	0	0	549	466	
2	0	0	0	0	554	455	
3	0	0	0	0	559	443	
4	0	0	0	0	560	428	
5	0	0	0	0	559	420	
6	0	0	0	0	554	417	
7	0	0	0	0	548	416	
8	0	0	0	0	541	414	
9	0	0	0	0	533	411	
10	0	0	0	0	527	409	
11	0	0	0	0	520	413	
12	0	0	0	0	516	420	
13	0	0	0	0	511	432	
14	0	0	0	0	508	445	
15	0	0	0	0	507	452	
0	0	0	0	0	511	460	
1	0	0	0	0	513	464	
2	0	0	0	0	511	464	
3	0	0	0	0	514	460	
4	0	0	0	0	519	456	
5	0	0	0	0	521	458	
6	0	0	0	0	521	462	
7	0	0	0	0	512	468	
8	0	0	0	0	503	483	
9	0	0	0	0	496	492	
10	0	0	0	0	491	499	
11	0	0	0	0	488	507	
12	0	0	0	0	486	516	
13	0	0	0	0	487	528	
14	0	0	0	0	492	533	
15	0	0	0	0	499	536	
0	0	0	0	0	505	538	
1	0	0	0	0	513	531	
2	0	0	0	0	522	521	
3	0	0	0	0	530	508	
4	0	0	0	0	540	494	
5	0	0	0	0	550	477	
6	0	0	0	0	557	460	
7	0	0	0	0	561	446	
8	0	0	0	0	562	433	
9	0	0	0	0	562	426	
10	0	0	0	0	559	420	
11	0	0	0	0	558	417	
12	0	0	0	0	560	417	
13	0	0	0	0	561	421	
14	0	0	0	0	563	425	
15	0	0	0	0	563	428	
0	0	0	0	0	559	431	
1	0	0	0	0	556	433	
2	0	0	0	0	553	430	
3	0	0	0	0	548	429	
4	0	0	0	0	540	427	
5	0	0	0	0	531	424	
6	0	0	0	0	523	428	
7	0	0	0	0	513	437	
8	0	0	0	0	507	447	
9	0	0	0	0	503	457	
10	0	0	0	0	505	460	
11	0	0	0	0	513	466	
12	0	0	0	0	523	468	
13	0	0	0	0	532	467	
14	0	0	0	0	540	460	
15	0	0	0	0	551	455	
0	0	0	0	0	554	452	
1	0	0	0	0	557	446	
2	0	0	0	0	559	443	
3	0	0	0	0	560	445	
4	0	0	0	0	558	449	
5	0	0	0	0	555	449	
6	0	0	0	0	549	451	
7	0	0	0	0	547	457	
8	0	0	0	0	542	462	
9	0	0	0	0	533	469	
10	0	0	0	0	524	475	
11	0	0	0	0	516	480	
12	0	0	0	0	515	488	
13	0	0	0	0	514	496	
14	0	0	0	0	514	503	
15	0	0	0	0	513	508	
0	0	0	0	0	513	513	
1	0	0	0	0	513	517	
2	0	0	0	0	510	521	
3	0	0	0	0	499	527	
4	0	0	0	0	490	534	
5	0	0	0	0	482	542	
6	0	0	0	0	476	544	
7	0	0	0	0	473	535	
8	0	0	0	0	474	519	
9	0	0	0	0	481	495	
10	0	0	0	0	496	472	
11	0	0	0	0	512	453	
12	0	0	0	0	524	442	
13	0	0	0	0	531	433	
14	0	0	0	0	533	420	
15	0	0	0	0	531	408	
0	0	0	0	0	526	399	
1	0	0	0	0	519	391	
2	0	0	0	0	512	384	
3	0	0	0	0	501	381	
4	0	0	0	0	491	381	
5	0	0	0	0	480	383	
6	0	0	0	0	470	392	
7	0	0	0	0	460	404	
8	0	0	0	0	454	414	
9	0	0	0	0	455	420	
10	0	0	0	0	460	427	
11	0	0	0	0	463	431	
12	0	0	0	0	463	431	
13	0	0	0	0	468	432	
14	0	0	0	0	477	436	
15	0	0	0	0	490	446	
0	0	0	0	0	504	459	
1	0	0	0	0	520	471	
2	0	0	0	0	534	480	
3	0	0	0	0	545	487	
4	0	0	0	0	555	488	
5	0	0	0	0	562	487	
6	0	0	0	0	569	481	
7	0	0	0	0	572	468	
8	0	0	0	0	568	453	
9	0	0	0	0	563	439	
10	0	0	0	0	559	423	
11	0	0	0	0	559	408	
12	0	0	0	0	554	390	
13	0	0	0	0	548	371	
14	0	0	0	0	543	361	
15	0	0	0	0	540	352	
0	0	0	0	0	540	340	
1	0	0	0	0	540	340	
2	0	0	0	0	539	336	
3	0	0	0	0	536	330	
4	0	0	0	0	531	328	
5	0	0	0	0	526	329	
6	0	0	0	0	527	332	
7	0	0	0	0	530	343	
8	0	0	0	0	535	343	
9	0	0	0	0	544	346	
10	0	0	0	0	551	349	
11	0	0	0	0	559	352	
12	0	0	0	0	564	355	
13	0	0	0	0	567	356	
14	0	0	0	0	569	355	
15	0	0	0	0	569	363	
0	0	0	0	0	569	370	
1	0	0	0	0	569	375	
2	0	0	0	0	569	384	
3	0	0	0	0	573	386	
4	0	0	0	0	574	382	
5	0	0	0	0	575	384	
6	0	0	0	0	572	385	
7	0	0	0	0	565	392	
8	0	0	0	0	555	401	
9	0	0	0	0	545	409	
10	0	0	0	0	539	419	
11	0	0	0	0	539	427	
12	0	0	0	0	543	435	
13	0	0	0	0	554	441	
14	0	0	0	0	563	446	
15	0	0	0	0	570	450	
0	0	0	0	0	577	453	
1	0	0	0	0	579	456	
2	0	0	0	0	581	459	
3	0	0	0	0	579	462	
4	0	0	0	0	576	463	
5	0	0	0	0	574	464	
6	0	0	0	0	575	465	
7	0	0	0	0	575	466	
8	0	0	0	0	577	464	
9	0	0	0	0	578	465	
10	0	0	0	0	580	465	
11	0	0	0	0	584	460	
12	0	0	0	0	591	449	
13	0	0	0	0	600	435	
14	0	0	0	0	607	425	
15	0	0	0	0	617	419	
0	0	0	0	0	623	419	
1	0	0	0	0	625	430	
2	0	0	0	0	622	440	
3	0	0	0	0	614	445	
4	0	0	0	0	601	447	
5	0	0	0	0	587	449	
6	0	0	0	0	575	451	
7	0	0	0	0	563	452	
8	0	0	0	0	551	451	
9	0	0	0	0	539	448	
10	0	0	0	0	529	439	
11	0	0	0	0	526	434	
12	0	0	0	0	531	427	
13	0	0	0	0	539	421	
14	0	0	0	0	548	417	
15	0	0	0	0	560	416	
0	0	0	0	0	573	419	
1	0	0	0	0	586	423	
2	0	0	0	0	593	429	
3	0	0	0	0	595	437	
4	0	0	0	0	598	444	
5	0	0	0	0	603	448	
6	0	0	0	0	605	449	
7	0	0	0	0	605	453	
8	0	0	0	0	600	460	
9	0	0	0	0	593	465	
10	0	0	0	0	588	478	
11	0	0	0	0	583	489	
12	0	0	0	0	574	498	
13	0	0	0	0	560	503	
14	0	0	0	0	549	499	
15	0	0	0	0	544	485	
0	0	0	0	0	543	464	
1	0	0	0	0	543	443	
2	0	0	0	0	540	432	
3	0	0	0	0	540	429	
4	0	0	0	0	540	425	
5	0	0	0	0	540	426	
6	0	0	0	0	541	425	
7	0	0	0	0	542	420	
8	0	0	0	0	542	416	
9	0	0	0	0	541	414	
10	0	0	0	0	539	412	
11	0	0	0	0	537	405	
12	0	0	0	0	537	401	
13	0	0	0	0	542	407	
14	0	0	0	0	551	415	
15	0	0	0	0	562	421	
0	0	0	0	0	575	426	
1	0	0	0	0	586	424	
2	0	0	0	0	595	423	
3	0	0	0	0	604	422	
4	0	0	0	0	609	416	
5	0	0	0	0	607	418	
6	0	0	0	0	602	415	
7	0	0	0	0	595	412	
8	0	0	0	0	588	408	
9	0	0	0	0	575	404	
10	0	0	0	0	557	402	
11	0	0	0	0	540	400	
12	0	0	0	0	521	401	
13	0	0	0	0	505	412	
14	0	0	0	0	495	426	
15	0	0	0	0	491	437	
0	0	0	0	0	493	445	
1	0	0	0	0	498	449	
2	0	0	0	0	504	451	
3	0	0	0	0	511	459	
4	0	0	0	0	515	468	
5	0	0	0	0	518	476	
6	0	0	0	0	519	485	
7	0	0	0	0	516	496	
8	0	0	0	0	507	508	
9	0	0	0	0	496	519	
10	0	0	0	0	486	524	
11	0	0	0	0	479	525	
12	0	0	0	0	478	524	
13	0	0	0	0	478	523	
14	0	0	0	0	484	516	
15	0	0	0	0	491	505	
0	0	0	0	0	499	492	
1	0	0	0	0	510	480	
2	0	0	0	0	520	467	
3	0	0	0	0	536	455	
4	0	0	0	0	550	444	
5	0	0	0	0	562	431	
6	0	0	0	0	569	416	
7	0	0	0	0	574	401	
8	0	0	0	0	576	382	
9	0	0	0	0	576	369	
10	0	0	0	0	579	352	
11	0	0	0	0	577	341	
12	0	0	0	0	573	332	
13	0	0	0	0	569	328	
14	0	0	0	0	568	332	
15	0	0	0	0	571	339	
0	0	0	0	0	573	350	
1	0	0	0	0	579	360	
2	0	0	0	0	585	366	
3	0	0	0	0	593	367	
4	0	0	0	0	599	370	
5	0	0	0	0	601	368	
6	0	0	0	0	604	360	
7	0	0	0	0	607	357	
8	0	0	0	0	603	347	
9	0	0	0	0	598	334	
10	0	0	0	0	592	329	
11	0	0	0	0	589	321	
12	0	0	0	0	586	307	
13	0	0	0	0	581	300	
14	0	0	0	0	577	287	
15	0	0	0	0	580	275	
0	0	0	0	0	586	280	
1	0	0	0	0	591	280	
2	0	0	0	0	592	285	
3	0	0	0	0	592	287	
4	0	0	0	0	595	281	
5	0	0	0	0	593	288	
6	0	0	0	0	590	288	
7	0	0	0	0	588	285	
8	0	0	0	0	589	297	
9	0	0	0	0	591	303	
10	0	0	0	0	592	307	
11	0	0	0	0	592	323	
12	0	0	0	0	592	331	
13	0	0	0	0	592	335	
14	0	0	0	0	590	345	
15	0	0	0	0	585	345	
0	0	0	0	0	580	349	
1	0	0	0	0	575	348	
2	0	0	0	0	572	340	
3	0	0	0	0	569	344	
4	0	0	0	0	572	347	
5	0	0	0	0	578	350	
6	0	0	0	0	581	362	
7	0	0	0	0	585	367	
8	0	0	0	0	590	366	
9	0	0	0	0	594	375	
10	0	0	0	0	598	386	
11	0	0	0	0	602	402	
12	0	0	0	0	605	413	
13	0	0	0	0	609	422	
14	0	0	0	0	613	426	
15	0	0	0	0	612	427	
0	0	0	0	0	607	423	
1	0	0	0	0	605	412	
2	0	0	0	0	602	397	
3	0	0	0	0	595	377	
4	0	0	0	0	589	367	
5	0	0	0	0	583	360	
6	0	0	0	0	576	351	
7	0	0	0	0	568	346	
8	0	0	0	0	555	335	
9	0	0	0	0	545	328	
10	0	0	0	0	536	325	
11	0	0	0	0	531	325	
12	0	0	0	0	530	334	
13	0	0	0	0	533	343	
14	0	0	0	0	538	347	
15	0	0	0	0	545	357	
0	0	0	0	0	553	364	
1	0	0	0	0	560	368	
2	0	0	0	0	567	382	
3	0	0	0	0	571	393	
4	0	0	0	0	575	404	
5	0	0	0	0	578	420	
6	0	0	0	0	582	433	
7	0	0	0	0	585	436	
8	0	0	0	0	587	440	
9	0	0	0	0	590	439	
10	0	0	0	0	591	439	
11	0	0	0	0	591	444	
12	0	0	0	0	592	451	
13	0	0	0	0	587	459	
14	0	0	0	0	580	469	
15	0	0	0	0	579	475	
0	0	0	0	0	578	481	
1	0	0	0	0	579	489	
2	0	0	0	0	584	492	
3	0	0	0	0	587	488	
4	0	0	0	0	584	477	
5	0	0	0	0	580	460	
6	0	0	0	0	579	440	
7	0	0	0	0	579	430	
8	0	0	0	0	577	425	
9	0	0	0	0	576	419	
10	0	0	0	0	573	416	
11	0	0	0	0	571	422	
12	0	0	0	0	570	435	
13	0	0	0	0	569	450	
14	0	0	0	0	570	464	
15	0	0	0	0	572	477	
0	0	0	0	0	574	484	
1	0	0	0	0	578	489	
2	0	0	0	0	582	493	
3	0	0	0	0	589	494	
4	0	0	0	0	593	490	
5	0	0	0	0	591	483	
6	0	0	0	0	587	470	
7	0	0	0	0	583	457	
8	0	0	0	0	580	448	
9	0	0	0	0	580	443	
10	0	0	0	0	581	444	
11	0	0	0	0	586	445	
12	0	0	0	0	591	443	
13	0	0	0	0	594	444	
14	0	0	0	0	589	441	
15	0	0	0	0	582	439	
0	0	0	0	0	575	447	
1	0	0	0	0	569	455	
2	0	0	0	0	560	464	
3	0	0	0	0	554	468	
4	0	0	0	0	548	467	
5	0	0	0	0	543	464	
6	0	0	0	0	540	458	
7	0	0	0	0	539	448	
8	0	0	0	0	543	442	
9	0	0	0	0	547	440	
10	0	0	0	0	551	439	
11	0	0	0	0	554	432	
12	0	0	0	0	558	427	
13	0	0	0	0	559	423	
14	0	0	0	0	557	422	
15	0	0	0	0	556	421	
0	0	0	0	0	553	421	
1	0	0	0	0	543	426	
2	0	0	0	0	529	435	
3	0	0	0	0	513	445	
4	0	0	0	0	498	452	
5	0	0	0	0	487	460	
6	0	0	0	0	480	473	
7	0	0	0	0	473	490	
8	0	0	0	0	463	512	
9	0	0	0	0	457	537	
10	0	0	0	0	457	562	
11	0	0	0	0	464	583	
12	0	0	0	0	475	595	
13	0	0	0	0	484	594	
14	0	0	0	0	491	581	
15	0	0	0	0	496	563	
0	0	0	0	0	501	540	
1	0	0	0	0	504	510	
2	0	0	0	0	503	481	
3	0	0	0	0	501	447	
4	0	0	0	0	500	418	
5	0	0	0	0	499	396	
6	0	0	0	0	504	387	
7	0	0	0	0	511	381	
8	0	0	0	0	518	384	
9	0	0	0	0	521	401	
10	0	0	0	0	526	418	
11	0	0	0	0	530	437	
12	0	0	0	0	536	451	
13	0	0	0	0	543	460	
14	0	0	0	0	547	463	
15	0	0	0	0	550	461	
0	0	0	0	0	550	457	
1	0	0	0	0	551	450	
2	0	0	0	0	547	440	
3	0	0	0	0	543	433	
4	0	0	0	0	538	427	
5	0	0	0	0	538	422	
6	0	0	0	0	536	418	
7	0	0	0	0	529	415	
8	0	0	0	0	523	411	
9	0	0	0	0	518	412	
10	0	0	0	0	517	412	
11	0	0	0	0	519	413	
12	0	0	0	0	523	417	
13	0	0	0	0	524	417	
14	0	0	0	0	523	417	
15	0	0	0	0	518	417	
0	0	0	0	0	514	424	
1	0	0	0	0	512	435	
2	0	0	0	0	509	446	
3	0	0	0	0	506	454	
4	0	0	0	0	506	460	
5	0	0	0	0	508	466	
6	0	0	0	0	512	467	
7	0	0	0	0	519	470	
8	0	0	0	0	530	472	
9	0	0	0	0	542	475	
10	0	0	0	0	554	483	
11	0	0	0	0	567	496	
12	0	0	0	0	579	510	
13	0	0	0	0	589	520	
14	0	0	0	0	592	527	
15	0	0	0	0	587	527	
0	0	0	0	0	579	524	
1	0	0	0	0	569	517	
2	0	0	0	0	558	509	
3	0	0	0	0	547	496	
4	0	0	0	0	539	482	
5	0	0	0	0	536	470	
6	0	0	0	0	537	456	
7	0	0	0	0	543	443	
8	0	0	0	0	548	431	
9	0	0	0	0	555	423	
10	0	0	0	0	560	420	
11	0	0	0	0	559	415	
12	0	0	0	0	558	412	
13	0	0	0	0	559	417	
14	0	0	0	0	561	423	
15	0	0	0	0	560	429	
0	0	0	0	0	556	436	
1	0	0	0	0	552	441	
2	0	0	0	0	550	445	
3	0	0	0	0	549	446	
4	0	0	0	0	549	449	
5	0	0	0	0	551	455	
6	0	0	0	0	560	462	
7	0	0	0	0	573	475	
8	0	0	0	0	585	486	
9	0	0	0	0	593	497	
10	0	0	0	0	601	506	
11	0	0	0	0	603	515	
12	0	0	0	0	602	524	
13	0	0	0	0	600	533	
14	0	0	0	0	598	541	
15	0	0	0	0	590	545	
0	0	0	0	0	579	547	
1	0	0	0	0	571	545	
2	0	0	0	0	562	537	
3	0	0	0	0	556	525	
4	0	0	0	0	552	516	
5	0	0	0	0	552	510	
6	0	0	0	0	552	503	
7	0	0	0	0	547	498	
8	0	0	0	0	545	494	
9	0	0	0	0	545	494	
10	0	0	0	0	548	501	
11	0	0	0	0	550	513	
12	0	0	0	0	554	524	
13	0	0	0	0	556	536	
14	0	0	0	0	559	543	
15	0	0	0	0	558	542	
0	0	0	0	0	557	536	
1	0	0	0	0	553	526	
2	0	0	0	0	555	517	
3	0	0	0	0	556	509	
4	0	0	0	0	557	503	
5	0	0	0	0	559	501	
6	0	0	0	0	560	503	
7	0	0	0	0	563	506	
8	0	0	0	0	562	509	
9	0	0	0	0	559	518	
10	0	0	0	0	555	530	
11	0	0	0	0	551	542	
12	0	0	0	0	547	550	
13	0	0	0	0	545	553	
14	0	0	0	0	540	554	
15	0	0	0	0	540	554	
0	0	0	0	0	539	554	
1	0	0	0	0	540	550	
2	0	0	0	0	541	542	
3	0	0	0	0	537	529	
4	0	0	0	0	536	513	
5	0	0	0	0	535	496	
6	0	0	0	0	530	478	
7	0	0	0	0	523	463	
8	0	0	0	0	519	448	
9	0	0	0	0	513	442	
10	0	0	0	0	508	444	
11	0	0	0	0	506	452	
12	0	0	0	0	505	464	
13	0	0	0	0	507	477	
14	0	0	0	0	512	489	
15	0	0	0	0	516	498	
0	0	0	0	0	519	507	
1	0	0	0	0	520	515	
2	0	0	0	0	521	525	
3	0	0	0	0	520	537	
4	0	0	0	0	517	544	
5	0	0	0	0	513	550	
6	0	0	0	0	513	556	
7	0	0	0	0	516	565	
8	0	0	0	0	523	573	
9	0	0	0	0	527	572	
10	0	0	0	0	530	568	
11	0	0	0	0	530	566	
12	0	0	0	0	527	564	
13	0	0	0	0	521	565	
14	0	0	0	0	512	561	
15	0	0	0	0	503	555	
0	0	0	0	0	495	550	
1	0	0	0	0	492	547	
2	0	0	0	0	489	544	
3	0	0	0	0	486	546	
4	0	0	0	0	484	549	
5	0	0	0	0	483	555	
6	0	0	0	0	485	560	
7	0	0	0	0	487	570	
8	0	0	0	0	488	579	
9	0	0	0	0	488	585	
10	0	0	0	0	485	588	
11	0	0	0	0	482	579	
12	0	0	0	0	480	574	
13	0	0	0	0	476	572	
14	0	0	0	0	472	573	
15	0	0	0	0	469	575	
0	0	0	0	0	467	578	
1	0	0	0	0	463	580	
2	0	0	0	0	462	583	
3	0	0	0	0	464	586	
4	0	0	0	0	468	587	
5	0	0	0	0	470	585	
6	0	0	0	0	467	580	
7	0	0	0	0	462	577	
8	0	0	0	0	454	572	
9	0	0	0	0	449	572	
10	0	0	0	0	444	575	
11	0	0	0	0	442	582	
12	0	0	0	0	442	592	
13	0	0	0	0	444	604	
14	0	0	0	0	442	610	
15	0	0	0	0	441	609	
0	0	0	0	0	439	604	
1	0	0	0	0	438	593	
2	0	0	0	0	441	577	
3	0	0	0	0	444	563	
4	0	0	0	0	444	552	
5	0	0	0	0	445	547	
6	0	0	0	0	444	545	
7	0	0	0	0	441	547	
8	0	0	0	0	436	551	
9	0	0	0	0	432	556	
10	0	0	0	0	426	555	
11	0	0	0	0	424	559	
12	0	0	0	0	423	568	
13	0	0	0	0	421	579	
14	0	0	0	0	418	589	
15	0	0	0	0	414	592	
0	0	0	0	0	407	592	
1	0	0	0	0	396	589	
2	0	0	0	0	386	582	
3	0	0	0	0	376	574	
4	0	0	0	0	368	567	
5	0	0	0	0	363	560	
6	0	0	0	0	364	554	
7	0	0	0	0	367	551	
8	0	0	0	0	376	548	
9	0	0	0	0	386	549	
10	0	0	0	0	396	551	
11	0	0	0	0	406	547	
12	0	0	0	0	415	543	
13	0	0	0	0	420	539	
14	0	0	0	0	422	535	
15	0	0	0	0	425	536	
0	0	0	0	0	428	533	
1	0	0	0	0	435	531	
2	0	0	0	0	446	532	
3	0	0	0	0	456	533	
4	0	0	0	0	464	537	
5	0	0	0	0	468	547	
6	0	0	0	0	471	558	
7	0	0	0	0	470	567	
8	0	0	0	0	467	572	
9	0	0	0	0	461	575	
10	0	0	0	0	449	579	
11	0	0	0	0	437	580	
12	0	0	0	0	424	581	
13	0	0	0	0	415	576	
14	0	0	0	0	405	572	
15	0	0	0	0	402	572	
0	0	0	0	0	406	575	
1	0	0	0	0	414	581	
2	0	0	0	0	425	587	
3	0	0	0	0	438	587	
4	0	0	0	0	447	585	
5	0	0	0	0	454	580	
6	0	0	0	0	455	575	
7	0	0	0	0	454	575	
8	0	0	0	0	455	572	
9	0	0	0	0	458	569	
10	0	0	0	0	461	569	
11	0	0	0	0	464	571	
12	0	0	0	0	461	575	
13	0	0	0	0	456	577	
14	0	0	0	0	451	579	
15	0	0	0	0	445	582	
0	0	0	0	0	439	587	
1	0	0	0	0	432	593	
2	0	0	0	0	431	600	
3	0	0	0	0	430	602	
4	0	0	0	0	431	598	
5	0	0	0	0	433	589	
6	0	0	0	0	439	579	
7	0	0	0	0	447	571	
8	0	0	0	0	456	569	
9	0	0	0	0	467	568	
10	0	0	0	0	473	564	
11	0	0	0	0	473	553	
12	0	0	0	0	470	537	
13	0	0	0	0	465	524	
14	0	0	0	0	459	514	
15	0	0	0	0	453	510	
0	0	0	0	0	452	512	
1	0	0	0	0	456	516	
2	0	0	0	0	464	522	
3	0	0	0	0	472	530	
4	0	0	0	0	481	538	
5	0	0	0	0	488	548	
6	0	0	0	0	487	560	
7	0	0	0	0	485	575	
8	0	0	0	0	477	589	
9	0	0	0	0	471	600	
10	0	0	0	0	458	608	
11	0	0	0	0	445	612	
12	0	0	0	0	432	615	
13	0	0	0	0	423	613	
14	0	0	0	0	417	612	
15	0	0	0	0	408	607	
0	0	0	0	0	403	606	
1	0	0	0	0	405	608	
2	0	0	0	0	411	611	
3	0	0	0	0	423	613	
4	0	0	0	0	436	622	
5	0	0	0	0	450	632	
6	0	0	0	0	463	641	
7	0	0	0	0	468	647	
8	0	0	0	0	470	647	
9	0	0	0	0	470	651	
10	0	0	0	0	470	651	
11	0	0	0	0	465	653	
12	0	0	0	0	465	654	
13	0	0	0	0	466	645	
14	0	0	0	0	468	635	
15	0	0	0	0	468	625	
0	0	0	0	0	469	615	
1	0	0	0	0	471	608	
2	0	0	0	0	468	601	
3	0	0	0	0	467	591	
4	0	0	0	0	464	586	
5	0	0	0	0	459	587	
6	0	0	0	0	455	587	
7	0	0	0	0	453	590	
8	0	0	0	0	448	588	
9	0	0	0	0	442	589	
10	0	0	0	0	435	591	
11	0	0	0	0	425	604	
12	0	0	0	0	417	623	
13	0	0	0	0	412	649	
14	0	0	0	0	413	671	
15	0	0	0	0	422	690	
0	0	0	0	0	432	705	
1	0	0	0	0	446	715	
2	0	0	0	0	457	716	
3	0	0	0	0	461	705	
4	0	0	0	0	461	688	
5	0	0	0	0	459	665	
6	0	0	0	0	458	638	
7	0	0	0	0	462	614	
8	0	0	0	0	465	594	
9	0	0	0	0	469	575	
10	0	0	0	0	472	560	
11	0	0	0	0	474	547	
12	0	0	0	0	473	542	
13	0	0	0	0	471	545	
14	0	0	0	0	475	551	
15	0	0	0	0	476	557	
0	0	0	0	0	472	564	
1	0	0	0	0	471	571	
2	0	0	0	0	469	570	
3	0	0	0	0	467	568	
4	0	0	0	0	464	563	
5	0	0	0	0	464	560	
6	0	0	0	0	464	559	
7	0	0	0	0	463	557	
8	0	0	0	0	460	556	
9	0	0	0	0	457	552	
10	0	0	0	0	455	547	
11	0	0	0	0	460	543	
12	0	0	0	0	464	547	
13	0	0	0	0	473	556	
14	0	0	0	0	485	569	
15	0	0	0	0	496	577	
0	0	0	0	0	507	582	
1	0	0	0	0	516	579	
2	0	0	0	0	524	576	
3	0	0	0	0	531	572	
4	0	0	0	0	534	567	
5	0	0	0	0	539	554	
6	0	0	0	0	540	540	
7	0	0	0	0	537	525	
8	0	0	0	0	531	511	
9	0	0	0	0	521	501	
10	0	0	0	0	515	499	
11	0	0	0	0	512	506	
12	0	0	0	0	508	516	
13	0	0	0	0	509	523	
14	0	0	0	0	509	526	
15	0	0	0	0	510	528	
0	0	0	0	0	508	533	
1	0	0	0	0	506	541	
2	0	0	0	0	503	548	
3	0	0	0	0	500	555	
4	0	0	0	0	500	556	
5	0	0	0	0	505	555	
6	0	0	0	0	511	551	
7	0	0	0	0	514	544	
8	0	0	0	0	516	543	
9	0	0	0	0	519	539	
10	0	0	0	0	521	536	
11	0	0	0	0	524	537	
12	0	0	0	0	526	540	
13	0	0	0	0	522	543	
14	0	0	0	0	515	543	
15	0	0	0	0	507	538	
0	0	0	0	0	498	536	
1	0	0	0	0	492	530	
2	0	0	0	0	493	521	
3	0	0	0	0	497	514	
4	0	0	0	0	503	514	
5	0	0	0	0	506	512	
6	0	0	0	0	506	507	
7	0	0	0	0	505	503	
8	0	0	0	0	504	501	
9	0	0	0	0	502	501	
10	0	0	0	0	500	502	
11	0	0	0	0	499	508	
12	0	0	0	0	500	512	
13	0	0	0	0	497	514	
14	0	0	0	0	494	515	
15	0	0	0	0	489	513	
0	0	0	0	0	486	511	
1	0	0	0	0	482	511	
2	0	0	0	0	481	513	
3	0	0	0	0	484	517	
4	0	0	0	0	488	521	
5	0	0	0	0	495	526	
6	0	0	0	0	497	537	
7	0	0	0	0	499	550	
8	0	0	0	0	502	556	
9	0	0	0	0	504	557	
10	0	0	0	0	503	555	
11	0	0	0	0	499	549	
12	0	0	0	0	492	543	
13	0	0	0	0	486	535	
14	0	0	0	0	479	526	
15	0	0	0	0	469	513	
0	0	0	0	0	461	505	
1	0	0	0	0	458	497	
2	0	0	0	0	460	486	
3	0	0	0	0	465	475	
4	0	0	0	0	472	469	
5	0	0	0	0	481	464	
6	0	0	0	0	491	458	
7	0	0	0	0	496	451	
8	0	0	0	0	500	444	
9	0	0	0	0	504	438	
10	0	0	0	0	504	432	
11	0	0	0	0	503	429	
12	0	0	0	0	500	427	
13	0	0	0	0	502	428	
14	0	0	0	0	505	435	
15	0	0	0	0	510	449	
0	0	0	0	0	515	461	
1	0	0	0	0	522	475	
2	0	0	0	0	532	486	
3	0	0	0	0	543	494	
4	0	0	0	0	555	496	
5	0	0	0	0	567	496	
6	0	0	0	0	577	489	
7	0	0	0	0	588	476	
8	0	0	0	0	593	455	
9	0	0	0	0	591	436	
10	0	0	0	0	585	415	
11	0	0	0	0	572	396	
12	0	0	0	0	563	383	
13	0	0	0	0	558	373	
14	0	0	0	0	558	368	
15	0	0	0	0	559	377	
0	0	0	0	0	562	391	
1	0	0	0	0	563	408	
2	0	0	0	0	562	427	
3	0	0	0	0	563	436	
4	0	0	0	0	564	443	
5	0	0	0	0	565	446	
6	0	0	0	0	568	440	
7	0	0	0	0	573	435	
8	0	0	0	0	575	428	
9	0	0	0	0	580	420	
10	0	0	0	0	585	413	
11	0	0	0	0	591	404	
12	0	0	0	0	596	399	
13	0	0	0	0	597	387	
14	0	0	0	0	599	375	
15	0	0	0	0	603	363	
0	0	0	0	0	608	352	
1	0	0	0	0	612	345	
2	0	0	0	0	616	338	
3	0	0	0	0	623	325	
4	0	0	0	0	631	325	
5	0	0	0	0	633	321	
6	0	0	0	0	632	321	
7	0	0	0	0	633	325	
8	0	0	0	0	635	329	
9	0	0	0	0	635	337	
10	0	0	0	0	629	340	
11	0	0	0	0	622	343	
12	0	0	0	0	612	353	
13	0	0	0	0	602	360	
14	0	0	0	0	595	368	
15	0	0	0	0	591	371	
0	0	0	0	0	592	371	
1	0	0	0	0	595	380	
2	0	0	0	0	597	391	
3	0	0	0	0	595	408	
4	0	0	0	0	599	428	
5	0	0	0	0	599	437	
6	0	0	0	0	595	438	
7	0	0	0	0	589	435	
8	0	0	0	0	580	429	
9	0	0	0	0	573	419	
10	0	0	0	0	572	407	
11	0	0	0	0	576	397	
12	0	0	0	0	587	398	
13	0	0	0	0	595	396	
14	0	0	0	0	601	397	
15	0	0	0	0	607	399	
0	0	0	0	0	613	399	
1	0	0	0	0	617	406	
2	0	0	0	0	622	415	
3	0	0	0	0	623	420	
4	0	0	0	0	618	431	
5	0	0	0	0	610	432	
6	0	0	0	0	597	430	
7	0	0	0	0	590	427	
8	0	0	0	0	581	428	
9	0	0	0	0	572	431	
10	0	0	0	0	566	436	
11	0	0	0	0	560	440	
12	0	0	0	0	563	448	
13	0	0	0	0	572	457	
14	0	0	0	0	581	465	
15	0	0	0	0	591	470	
0	0	0	0	0	600	472	
1	0	0	0	0	606	466	
2	0	0	0	0	607	468	
3	0	0	0	0	608	466	
4	0	0	0	0	612	463	
5	0	0	0	0	616	452	
6	0	0	0	0	616	436	
7	0	0	0	0	616	422	
8	0	0	0	0	617	408	
9	0	0	0	0	619	395	
10	0	0	0	0	620	394	
11	0	0	0	0	617	390	
12	0	0	0	0	615	389	
13	0	0	0	0	617	391	
14	0	0	0	0	617	388	
15	0	0	0	0	615	392	
0	0	0	0	0	610	386	
1	0	0	0	0	606	377	
2	0	0	0	0	603	366	
3	0	0	0	0	606	352	
4	0	0	0	0	608	344	
5	0	0	0	0	614	332	
6	0	0	0	0	623	324	
7	0	0	0	0	630	317	
8	0	0	0	0	636	306	
9	0	0	0	0	641	305	
10	0	0	0	0	647	302	
11	0	0	0	0	655	299	
12	0	0	0	0	658	305	
13	0	0	0	0	661	297	
14	0	0	0	0	668	298	
15	0	0	0	0	674	292	
0	0	0	0	0	683	295	
1	0	0	0	0	690	299	
2	0	0	0	0	694	297	
3	0	0	0	0	694	310	
4	0	0	0	0	695	316	
5	0	0	0	0	692	318	
6	0	0	0	0	688	330	
7	0	0	0	0	685	332	
8	0	0	0	0	682	328	
9	0	0	0	0	679	334	
10	0	0	0	0	675	331	
11	0	0	0	0	672	331	
12	0	0	0	0	671	323	
13	0	0	0	0	668	313	
14	0	0	0	0	664	316	
15	0	0	0	0	662	313	
0	0	0	0	0	662	309	
1	0	0	0	0	667	311	
2	0	0	0	0	675	308	
3	0	0	0	0	684	311	
4	0	0	0	0	692	310	
5	0	0	0	0	699	305	
6	0	0	0	0	704	311	
7	0	0	0	0	704	314	
8	0	0	0	0	702	317	
9	0	0	0	0	700	327	
10	0	0	0	0	697	325	
11	0	0	0	0	695	312	
12	0	0	0	0	691	312	
13	0	0	0	0	688	304	
14	0	0	0	0	689	303	
15	0	0	0	0	691	297	
0	0	0	0	0	687	283	
1	0	0	0	0	686	278	
2	0	0	0	0	678	266	
3	0	0	0	0	671	249	
4	0	0	0	0	664	249	
5	0	0	0	0	659	247	
6	0	0	0	0	655	257	
7	0	0	0	0	655	266	
8	0	0	0	0	655	273	
9	0	0	0	0	658	291	
10	0	0	0	0	661	300	
11	0	0	0	0	664	299	
12	0	0	0	0	669	305	
13	0	0	0	0	673	305	
14	0	0	0	0	677	308	
15	0	0	0	0	683	309	
0	0	0	0	0	686	306	
1	0	0	0	0	687	310	
2	0	0	0	0	685	309	
3	0	0	0	0	684	305	
4	0	0	0	0	681	308	
5	0	0	0	0	677	300	
6	0	0	0	0	670	292	
7	0	0	0	0	665	297	
8	0	0	0	0	662	297	
9	0	0	0	0	660	301	
10	0	0	0	0	658	303	
11	0	0	0	0	653	300	
12	0	0	0	0	649	308	
13	0	0	0	0	647	310	
14	0	0	0	0	645	309	
15	0	0	0	0	644	315	
0	0	0	0	0	647	311	
1	0	0	0	0	653	297	
2	0	0	0	0	652	293	
3	0	0	0	0	652	282	
4	0	0	0	0	652	270	
5	0	0	0	0	650	268	
6	0	0	0	0	647	261	
7	0	0	0	0	644	262	
8	0	0	0	0	643	263	
9	0	0	0	0	645	262	
10	0	0	0	0	652	269	
11	0	0	0	0	656	271	
12	0	0	0	0	663	267	
13	0	0	0	0	667	278	
14	0	0	0	0	672	281	
15	0	0	0	0	674	276	
0	0	0	0	0	676	282	
1	0	0	0	0	676	286	
2	0	0	0	0	677	290	
3	0	0	0	0	679	288	
4	0	0	0	0	679	284	
5	0	0	0	0	680	287	
6	0	0	0	0	683	285	
7	0	0	0	0	685	276	
8	0	0	0	0	687	278	
9	0	0	0	0	684	278	
10	0	0	0	0	678	277	
11	0	0	0	0	672	289	
12	0	0	0	0	667	296	
13	0	0	0	0	662	305	
14	0	0	0	0	654	310	
15	0	0	0	0	647	308	
0	0	0	0	0	643	316	
1	0	0	0	0	641	319	
2	0	0	0	0	641	316	
3	0	0	0	0	636	322	
4	0	0	0	0	632	325	
5	0	0	0	0	628	319	
6	0	0	0	0	624	319	
7	0	0	0	0	618	313	
8	0	0	0	0	614	303	
9	0	0	0	0	605	304	
10	0	0	0	0	593	297	
11	0	0	0	0	579	295	
12	0	0	0	0	570	290	
13	0	0	0	0	567	285	
14	0	0	0	0	565	292	
15	0	0	0	0	566	296	
0	0	0	0	0	571	295	
1	0	0	0	0	575	307	
2	0	0	0	0	580	314	
3	0	0	0	0	587	317	
4	0	0	0	0	592	330	
5	0	0	0	0	594	336	
6	0	0	0	0	595	342	
7	0	0	0	0	600	348	
8	0	0	0	0	606	354	
9	0	0	0	0	609	364	
10	0	0	0	0	614	371	
11	0	0	0	0	616	376	
12	0	0	0	0	619	380	
13	0	0	0	0	621	380	
14	0	0	0	0	620	371	
15	0	0	0	0	614	369	
0	0	0	0	0	608	363	
1	0	0	0	0	605	359	
2	0	0	0	0	604	360	
3	0	0	0	0	605	359	
4	0	0	0	0	605	364	
5	0	0	0	0	606	369	
6	0	0	0	0	604	368	
7	0	0	0	0	601	368	
8	0	0	0	0	595	367	
9	0	0	0	0	591	367	
10	0	0	0	0	588	377	
11	0	0	0	0	588	383	
12	0	0	0	0	588	390	
13	0	0	0	0	585	399	
14	0	0	0	0	584	413	
15	0	0	0	0	582	421	
0	0	0	0	0	579	426	
1	0	0	0	0	576	431	
2	0	0	0	0	573	438	
3	0	0	0	0	571	444	
4	0	0	0	0	571	451	
5	0	0	0	0	574	458	
6	0	0	0	0	575	466	
7	0	0	0	0	572	471	
8	0	0	0	0	569	477	
9	0	0	0	0	561	472	
10	0	0	0	0	551	465	
11	0	0	0	0	540	455	
12	0	0	0	0	531	451	
13	0	0	0	0	524	452	
14	0	0	0	0	518	463	
15	0	0	0	0	512	473	
0	0	0	0	0	513	480	
1	0	0	0	0	520	479	
2	0	0	0	0	529	471	
3	0	0	0	0	537	461	
4	0	0	0	0	547	454	
5	0	0	0	0	552	446	
6	0	0	0	0	553	438	
7	0	0	0	0	552	431	
8	0	0	0	0	549	424	
9	0	0	0	0	547	419	
10	0	0	0	0	543	413	
11	0	0	0	0	535	409	
12	0	0	0	0	524	403	
13	0	0	0	0	509	401	
14	0	0	0	0	492	406	
15	0	0	0	0	477	416	
0	0	0	0	0	464	429	
1	0	0	0	0	457	445	
2	0	0	0	0	457	461	
3	0	0	0	0	465	480	
4	0	0	0	0	478	498	
5	0	0	0	0	495	512	
6	0	0	0	0	512	524	
7	0	0	0	0	524	527	
8	0	0	0	0	533	523	
9	0	0	0	0	542	515	
10	0	0	0	0	547	504	
11	0	0	0	0	551	495	
12	0	0	0	0	555	486	
13	0	0	0	0	554	474	
14	0	0	0	0	553	463	
15	0	0	0	0	549	454	
0	0	0	0	0	547	449	
1	0	0	0	0	546	448	
2	0	0	0	0	548	451	
3	0	0	0	0	551	456	
4	0	0	0	0	556	455	
5	0	0	0	0	561	455	
6	0	0	0	0	567	451	
7	0	0	0	0	568	449	
8	0	0	0	0	564	446	
9	0	0	0	0	560	446	
10	0	0	0	0	553	442	
11	0	0	0	0	549	441	
12	0	0	0	0	546	446	
13	0	0	0	0	543	455	
14	0	0	0	0	536	465	
15	0	0	0	0	524	469	
0	0	0	0	0	517	468	
1	0	0	0	0	506	464	
2	0	0	0	0	495	460	
3	0	0	0	0	483	456	
4	0	0	0	0	475	454	
5	0	0	0	0	473	457	
6	0	0	0	0	478	461	
7	0	0	0	0	487	464	
8	0	0	0	0	496	469	
9	0	0	0	0	501	476	
10	0	0	0	0	506	483	
11	0	0	0	0	507	492	
12	0	0	0	0	504	498	
13	0	0	0	0	500	499	
14	0	0	0	0	497	502	
15	0	0	0	0	494	505	
0	0	0	0	0	487	502	
1	0	0	0	0	479	496	
2	0	0	0	0	468	490	
3	0	0	0	0	459	486	
4	0	0	0	0	449	481	
5	0	0	0	0	443	475	
6	0	0	0	0	436	471	
7	0	0	0	0	429	467	
8	0	0	0	0	423	468	
9	0	0	0	0	417	472	
10	0	0	0	0	417	475	
11	0	0	0	0	422	473	
12	0	0	0	0	430	472	
13	0	0	0	0	439	475	
14	0	0	0	0	450	481	
15	0	0	0	0	459	489	
0	0	0	0	0	464	495	
1	0	0	0	0	462	498	
2	0	0	0	0	458	503	
3	0	0	0	0	460	508	
4	0	0	0	0	461	512	
5	0	0	0	0	461	519	
6	0	0	0	0	460	523	
7	0	0	0	0	460	528	
8	0	0	0	0	458	532	
9	0	0	0	0	457	535	
10	0	0	0	0	459	535	
11	0	0	0	0	460	532	
12	0	0	0	0	459	522	
13	0	0	0	0	459	513	
14	0	0	0	0	458	508	
15	0	0	0	0	456	508	
0	0	0	0	0	455	508	
1	0	0	0	0	461	511	
2	0	0	0	0	467	514	
3	0	0	0	0	468	516	
4	0	0	0	0	466	521	
5	0	0	0	0	467	526	
6	0	0	0	0	471	529	
7	0	0	0	0	476	531	
8	0	0	0	0	485	527	
9	0	0	0	0	496	523	
10	0	0	0	0	499	519	
11	0	0	0	0	499	512	
12	0	0	0	0	492	505	
13	0	0	0	0	481	502	
14	0	0	0	0	473	510	
15	0	0	0	0	468	523	
0	0	0	0	0	470	536	
1	0	0	0	0	475	546	
2	0	0	0	0	480	555	
3	0	0	0	0	483	562	
4	0	0	0	0	488	570	
5	0	0	0	0	492	580	
6	0	0	0	0	494	587	
7	0	0	0	0	497	596	
8	0	0	0	0	499	601	
9	0	0	0	0	496	604	
10	0	0	0	0	490	604	
11	0	0	0	0	480	596	
12	0	0	0	0	471	590	
13	0	0	0	0	463	589	
14	0	0	0	0	457	586	
15	0	0	0	0	452	580	
0	0	0	0	0	448	572	
1	0	0	0	0	443	562	
2	0	0	0	0	441	550	
3	0	0	0	0	434	543	
4	0	0	0	0	428	535	
5	0	0	0	0	419	527	
6	0	0	0	0	412	518	
7	0	0	0	0	408	514	
8	0	0	0	0	405	518	
9	0	0	0	0	400	521	
10	0	0	0	0	399	526	
11	0	0	0	0	399	536	
12	0	0	0	0	399	548	
13	0	0	0	0	397	568	
14	0	0	0	0	395	583	
15	0	0	0	0	399	591	
0	0	0	0	0	404	600	
1	0	0	0	0	407	604	
2	0	0	0	0	414	611	
3	0	0	0	0	420	615	
4	0	0	0	0	424	615	
5	0	0	0	0	428	609	
6	0	0	0	0	431	600	
7	0	0	0	0	434	589	
8	0	0	0	0	437	579	
9	0	0	0	0	438	572	
10	0	0	0	0	440	568	
11	0	0	0	0	440	570	
12	0	0	0	0	438	569	
13	0	0	0	0	434	569	
14	0	0	0	0	432	568	
15	0	0	0	0	429	567	
0	0	0	0	0	429	564	
1	0	0	0	0	427	566	
2	0	0	0	0	422	577	
3	0	0	0	0	416	579	
4	0	0	0	0	403	580	
5	0	0	0	0	390	580	
6	0	0	0	0	377	580	
7	0	0	0	0	370	578	
8	0	0	0	0	366	575	
9	0	0	0	0	365	571	
10	0	0	0	0	368	567	
11	0	0	0	0	376	567	
12	0	0	0	0	382	571	
13	0	0	0	0	388	579	
14	0	0	0	0	397	588	
15	0	0	0	0	408	592	
0	0	0	0	0	420	590	
1	0	0	0	0	430	589	
2	0	0	0	0	433	587	
3	0	0	0	0	432	583	
4	0	0	0	0	432	577	
5	0	0	0	0	430	573	
6	0	0	0	0	431	575	
7	0	0	0	0	435	577	
8	0	0	0	0	444	577	
9	0	0	0	0	453	576	
10	0	0	0	0	459	577	
11	0	0	0	0	466	580	
12	0	0	0	0	467	582	
13	0	0	0	0	463	584	
14	0	0	0	0	454	583	
15	0	0	0	0	444	583	
0	0	0	0	0	435	579	
1	0	0	0	0	427	579	
2	0	0	0	0	422	581	
3	0	0	0	0	420	582	
4	0	0	0	0	418	583	
5	0	0	0	0	419	590	
6	0	0	0	0	417	591	
7	0	0	0	0	415	594	
8	0	0	0	0	413	601	
9	0	0	0	0	408	599	
10	0	0	0	0	407	601	
11	0	0	0	0	407	607	
12	0	0	0	0	402	603	
13	0	0	0	0	398	605	
14	0	0	0	0	393	606	
15	0	0	0	0	390	605	
0	0	0	0	0	390	601	
1	0	0	0	0	392	595	
2	0	0	0	0	393	587	
3	0	0	0	0	400	583	
4	0	0	0	0	406	584	
5	0	0	0	0	408	584	
6	0	0	0	0	407	583	
7	0	0	0	0	408	579	
8	0	0	0	0	409	575	
9	0	0	0	0	415	575	
10	0	0	0	0	414	568	
11	0	0	0	0	414	563	
12	0	0	0	0	415	562	
13	0	0	0	0	421	558	
14	0	0	0	0	432	554	
15	0	0	0	0	447	555	
0	0	0	0	0	463	558	
1	0	0	0	0	475	563	
2	0	0	0	0	480	574	
3	0	0	0	0	478	577	
4	0	0	0	0	467	579	
5	0	0	0	0	456	577	
6	0	0	0	0	444	577	
7	0	0	0	0	435	581	
8	0	0	0	0	429	588	
9	0	0	0	0	424	595	
10	0	0	0	0	420	606	
11	0	0	0	0	419	626	
12	0	0	0	0	418	644	
13	0	0	0	0	416	652	
14	0	0	0	0	412	652	
15	0	0	0	0	407	643	
0	0	0	0	0	403	623	
1	0	0	0	0	396	601	
2	0	0	0	0	391	579	
3	0	0	0	0	390	559	
4	0	0	0	0	390	544	
5	0	0	0	0	391	537	
6	0	0	0	0	395	535	
7	0	0	0	0	399	536	
8	0	0	0	0	406	540	
9	0	0	0	0	413	547	
10	0	0	0	0	417	547	
11	0	0	0	0	424	553	
12	0	0	0	0	431	561	
13	0	0	0	0	436	560	
14	0	0	0	0	433	561	
15	0	0	0	0	429	563	
0	0	0	0	0	426	565	
1	0	0	0	0	421	568	
2	0	0	0	0	415	569	
3	0	0	0	0	412	570	
4	0	0	0	0	409	571	
5	0	0	0	0	405	572	
6	0	0	0	0	398	576	
7	0	0	0	0	395	582	
8	0	0	0	0	394	579	
9	0	0	0	0	394	579	
10	0	0	0	0	396	583	
11	0	0	0	0	398	585	
12	0	0	0	0	399	584	
13	0	0	0	0	402	582	
14	0	0	0	0	403	581	
15	0	0	0	0	407	576	
0	0	0	0	0	412	573	
1	0	0	0	0	414	570	
2	0	0	0	0	419	567	
3	0	0	0	0	428	566	
4	0	0	0	0	433	567	
5	0	0	0	0	441	572	
6	0	0	0	0	450	579	
7	0	0	0	0	456	583	
8	0	0	0	0	462	586	
9	0	0	0	0	469	584	
10	0	0	0	0	474	580	
11	0	0	0	0	478	577	
12	0	0	0	0	480	576	
13	0	0	0	0	480	575	
14	0	0	0	0	478	575	
15	0	0	0	0	474	575	
0	0	0	0	0	470	573	
1	0	0	0	0	465	571	
2	0	0	0	0	460	570	
3	0	0	0	0	457	571	
4	0	0	0	0	456	572	
5	0	0	0	0	458	575	
6	0	0	0	0	461	580	
7	0	0	0	0	466	586	
8	0	0	0	0	468	596	
9	0	0	0	0	472	608	
10	0	0	0	0	473	624	
11	0	0	0	0	470	636	
12	0	0	0	0	466	645	
13	0	0	0	0	461	651	
14	0	0	0	0	461	651	
15	0	0	0	0	460	648	
0	0	0	0	0	459	642	
1	0	0	0	0	460	636	
2	0	0	0	0	464	627	
3	0	0	0	0	471	619	
4	0	0	0	0	476	607	
5	0	0	0	0	473	595	
6	0	0	0	0	468	588	
7	0	0	0	0	457	582	
8	0	0	0	0	448	581	
9	0	0	0	0	440	583	
10	0	0	0	0	437	587	
11	0	0	0	0	436	592	
12	0	0	0	0	441	599	
13	0	0	0	0	447	605	
14	0	0	0	0	449	608	
15	0	0	0	0	449	604	
0	0	0	0	0	448	597	
1	0	0	0	0	450	591	
2	0	0	0	0	455	590	
3	0	0	0	0	463	591	
4	0	0	0	0	470	596	
5	0	0	0	0	479	599	
6	0	0	0	0	487	593	
7	0	0	0	0	495	589	
8	0	0	0	0	497	589	
9	0	0	0	0	494	588	
10	0	0	0	0	485	585	
11	0	0	0	0	470	579	
12	0	0	0	0	456	570	
13	0	0	0	0	446	566	
14	0	0	0	0	444	567	
15	0	0	0	0	447	573	
0	0	0	0	0	454	582	
1	0	0	0	0	460	585	
2	0	0	0	0	462	591	
3	0	0	0	0	463	600	
4	0	0	0	0	464	612	
5	0	0	0	0	464	617	
6	0	0	0	0	462	616	
7	0	0	0	0	458	609	
8	0	0	0	0	452	605	
9	0	0	0	0	446	604	
10	0	0	0	0	440	602	
11	0	0	0	0	438	606	
12	0	0	0	0	438	611	
13	0	0	0	0	436	615	
14	0	0	0	0	434	622	
15	0	0	0	0	433	621	
0	0	0	0	0	435	620	
1	0	0	0	0	438	615	
2	0	0	0	0	441	608	
3	0	0	0	0	447	600	
4	0	0	0	0	453	593	
5	0	0	0	0	459	588	
6	0	0	0	0	457	580	
7	0	0	0	0	452	572	
8	0	0	0	0	448	568	
9	0	0	0	0	441	569	
10	0	0	0	0	436	569	
11	0	0	0	0	434	572	
12	0	0	0	0	434	579	
13	0	0	0	0	433	588	
14	0	0	0	0	435	595	
15	0	0	0	0	436	605	
0	0	0	0	0	443	608	
1	0	0	0	0	449	608	
2	0	0	0	0	451	609	
3	0	0	0	0	447	602	
4	0	0	0	0	440	598	
5	0	0	0	0	430	591	
6	0	0	0	0	425	587	
7	0	0	0	0	428	588	
8	0	0	0	0	433	593	
9	0	0	0	0	441	600	
10	0	0	0	0	452	605	
11	0	0	0	0	462	605	
12	0	0	0	0	469	600	
13	0	0	0	0	472	592	
14	0	0	0	0	474	585	
15	0	0	0	0	475	585	
0	0	0	0	0	479	585	
1	0	0	0	0	488	589	
2	0	0	0	0	493	595	
3	0	0	0	0	491	599	
4	0	0	0	0	489	601	
5	0	0	0	0	485	598	
6	0	0	0	0	482	594	
7	0	0	0	0	480	585	
8	0	0	0	0	477	584	
9	0	0	0	0	475	582	
10	0	0	0	0	476	577	
11	0	0	0	0	482	571	
12	0	0	0	0	489	565	
13	0	0	0	0	494	551	
14	0	0	0	0	497	536	
15	0	0	0	0	504	520	
0	0	0	0	0	512	511	
1	0	0	0	0	522	510	
2	0	0	0	0	529	514	
3	0	0	0	0	533	524	
4	0	0	0	0	529	539	
5	0	0	0	0	522	553	
6	0	0	0	0	512	568	
7	0	0	0	0	500	581	
8	0	0	0	0	486	597	
9	0	0	0	0	467	617	
10	0	0	0	0	448	640	
11	0	0	0	0	433	661	
12	0	0	0	0	422	677	
13	0	0	0	0	414	690	
14	0	0	0	0	404	703	
15	0	0	0	0	392	716	
0	0	0	0	0	383	729	
1	0	0	0	0	377	747	
2	0	0	0	0	369	768	
3	0	0	0	0	364	789	
4	0	0	0	0	352	808	
5	0	0	0	0	339	833	
6	0	0	0	0	327	846	
7	0	0	0	0	317	864	
8	0	0	0	0	310	878	
9	0	0	0	0	300	888	
10	0	0	0	0	288	898	
11	0	0	0	0	279	908	
12	0	0	0	0	264	917	
13	0	0	0	0	254	924	
14	0	0	0	0	242	932	
15	0	0	0	0	235	940	
0	0	0	0	0	229	951	
1	0	0	0	0	224	963	
2	0	0	0	0	220	973	
3	0	0	0	0	216	985	
4	0	0	0	0	214	992	
5	0	0	0	0	213	998	
6	0	0	0	0	212	1000	
7	0	0	0	0	210	1004	
8	0	0	0	0	207	1009	
9	0	0	0	0	200	1016	
10	0	0	0	0	191	1018	
11	0	0	0	0	185	1018	
12	0	0	0	0	176	1018	
13	0	0	0	0	163	1018	
14	0	0	0	0	154	1018	
15	0	0	0	0	147	1018	
0	0	0	0	0	141	1018	
1	0	0	0	0	138	1018	
2	0	0	0	0	132	1018	
3	0	0	0	0	126	1018	
4	0	0	0	0	115	1018	
5	0	0	0	0	109	1018	
6	0	0	0	0	103	1018	
7	0	0	0	0	102	1018	
8	0	0	0	0	103	1018	
9	0	0	0	0	100	1018	
10	0	0	0	0	96	1018	
11	0	0	0	0	95	1018	
12	0	0	0	0	91	1018	
13	0	0	0	0	88	1018	
14	0	0	0	0	84	1018	
15	0	0	0	0	82	1018	
0	0	0	0	0	78	1018	
1	0	0	0	0	75	1018	
2	0	0	0	0	72	1018	
3	0	0	0	0	71	1018	
4	0	0	0	0	69	1018	
5	0	0	0	0	68	1018	
6	0	0	0	0	67	1018	
7	0	0	0	0	64	1018	
8	0	0	0	0	61	1018	
9	0	0	0	0	54	1018	
10	0	0	0	0	47	1018	
11	0	0	0	0	41	1018	
12	0	0	0	0	32	1018	
13	0	0	0	0	23	1018	
14	0	0	0	0	13	1018	
15	0	0	0	0	4	1018	
0	0	0	0	0	0	1018	
1	0	0	0	0	0	1018	
2	0	0	0	0	0	1018	
3	0	0	0	0	0	1018	
4	0	0	0	0	0	1018	
5	0	0	0	0	0	1018	
6	0	0	0	0	0	1018	
7	0	0	0	0	0	1018	
8	0	0	0	0	0	1018	
9	0	0	0	0	0	1018	
10	0	0	0	0	0	1018	
11	0	0	0	0	0	1018	
12	0	0	0	0	0	1018	
13	0	0	0	0	11	1018	
14	0	0	0	0	13	1018	
15	0	0	0	0	15	1018	
0	0	0	0	0	14	1018	
1	0	0	0	0	12	1018	
2	0	0	0	0	7	1018	
3	0	0	0	0	3	1018	
4	0	0	0	0	2	1018	
5	0	0	0	0	5	1018	
6	0	0	0	0	14	1018	
7	0	0	0	0	27	1018	
8	0	0	0	0	43	1018	
9	0	0	0	0	55	1018	
10	0	0	0	0	65	1018	
11	0	0	0	0	71	1018	
12	0	0	0	0	77	1018	
13	0	0	0	0	78	1018	
14	0	0	0	0	78	1018	
15	0	0	0	0	76	1018	
0	0	0	0	0	71	1018	
1	0	0	0	0	66	1018	
2	0	0	0	0	63	1018	
3	0	0	0	0	64	1018	
4	0	0	0	0	65	1018	
5	0	0	0	0	68	1018	
6	0	0	0	0	70	1018	
7	0	0	0	0	72	1018	
8	0	0	0	0	69	1018	
9	0	0	0	0	65	1018	
10	0	0	0	0	61	1018	
11	0	0	0	0	61	1018	
12	0	0	0	0	61	1018	
13	0	0	0	0	64	1018	
14	0	0	0	0	64	1018	
15	0	0	0	0	63	1018	
0	0	0	0	0	57	1018	
1	0	0	0	0	49	1018	
2	0	0	0	0	41	1018	
3	0	0	0	0	33	1018	
4	0	0	0	0	26	1018	
5	0	0	0	0	19	1018	
6	0	0	0	0	16	1018	
7	0	0	0	0	18	1018	
8	0	0	0	0	28	1018	
9	0	0	0	0	38	1018	
10	0	0	0	0	47	1018	
11	0	0	0	0	57	1018	
12	0	0	0	0	67	1018	
13	0	0	0	0	75	1018	
14	0	0	0	0	82	1018	
15	0	0	0	0	88	1018	
0	0	0	0	0	94	1018	
1	0	0	0	0	99	1018	
2	0	0	0	0	103	1018	
3	0	0	0	0	108	1018	
4	0	0	0	0	113	1018	
5	0	0	0	0	115	1018	
6	0	0	0	0	118	1018	
7	0	0	0	0	123	1018	
8	0	0	0	0	128	1018	
9	0	0	0	0	132	1018	
10	0	0	0	0	137	987	
11	0	0	0	0	148	974	
12	0	0	0	0	157	962	
13	0	0	0	0	169	953	
14	0	0	0	0	178	947	
15	0	0	0	0	188	941	
0	0	0	0	0	195	939	
1	0	0	0	0	202	937	
2	0	0	0	0	208	936	
3	0	0	0	0	214	935	
4	0	0	0	0	220	935	
5	0	0	0	0	227	931	
6	0	0	0	0	232	926	
7	0	0	0	0	239	920	
8	0	0	0	0	244	921	
9	0	0	0	0	249	907	
10	0	0	0	0	252	904	
11	0	0	0	0	253	901	
12	0	0	0	0	248	896	
13	0	0	0	0	243	887	
14	0	0	0	0	233	885	
15	0	0	0	0	223	885	
0	0	0	0	0	215	886	
1	0	0	0	0	212	877	
2	0	0	0	0	223	864	
3	0	0	0	0	237	853	
4	0	0	0	0	255	836	
5	0	0	0	0	275	823	
6	0	0	0	0	291	811	
7	0	0	0	0	307	791	
8	0	0	0	0	323	782	
9	0	0	0	0	339	779	
10	0	0	0	0	353	769	
11	0	0	0	0	368	770	
12	0	0	0	0	378	766	
13	0	0	0	0	386	752	
14	0	0	0	0	391	733	
15	0	0	0	0	393	724	
0	0	0	0	0	393	721	
1	0	0	0	0	393	722	
2	0	0	0	0	391	720	
3	0	0	0	0	393	720	
4	0	0	0	0	395	723	
5	0	0	0	0	399	716	
6	0	0	0	0	408	713	
7	0	0	0	0	418	708	
8	0	0	0	0	423	705	
9	0	0	0	0	428	705	
10	0	0	0	0	431	713	
11	0	0	0	0	434	719	
12	0	0	0	0	431	724	
13	0	0	0	0	427	725	
14	0	0	0	0	422	708	
15	0	0	0	0	417	696	
0	0	0	0	0	414	683	
1	0	0	0	0	413	668	
2	0	0	0	0	409	652	
3	0	0	0	0	403	637	
4	0	0	0	0	399	625	
5	0	0	0	0	403	620	
6	0	0	0	0	414	620	
7	0	0	0	0	433	625	
8	0	0	0	0	452	627	
9	0	0	0	0	472	628	
10	0	0	0	0	487	628	
11	0	0	0	0	498	626	
12	0	0	0	0	510	621	
13	0	0	0	0	522	614	
14	0	0	0	0	531	610	
15	0	0	0	0	541	603	
0	0	0	0	0	550	595	
1	0	0	0	0	556	579	
2	0	0	0	0	556	566	
3	0	0	0	0	552	554	
4	0	0	0	0	543	544	
5	0	0	0	0	532	534	
6	0	0	0	0	524	531	
7	0	0	0	0	515	530	
8	0	0	0	0	509	528	
9	0	0	0	0	508	527	
10	0	0	0	0	506	525	
11	0	0	0	0	504	522	
12	0	0	0	0	505	523	
13	0	0	0	0	505	526	
14	0	0	0	0	505	531	
15	0	0	0	0	508	535	
0	0	0	0	0	510	534	
1	0	0	0	0	511	530	
2	0	0	0	0	512	523	
3	0	0	0	0	513	519	
4	0	0	0	0	516	515	
5	0	0	0	0	519	510	
6	0	0	0	0	520	502	
7	0	0	0	0	519	495	
8	0	0	0	0	519	490	
9	0	0	0	0	518	485	
10	0	0	0	0	518	485	
11	0	0	0	0	518	489	
12	0	0	0	0	520	496	
13	0	0	0	0	522	500	
14	0	0	0	0	521	503	
15	0	0	0	0	515	503	
0	0	0	0	0	509	498	
1	0	0	0	0	506	485	
2	0	0	0	0	507	472	
3	0	0	0	0	507	464	
4	0	0	0	0	512	459	
5	0	0	0	0	519	454	
6	0	0	0	0	529	449	
7	0	0	0	0	535	446	
8	0	0	0	0	534	446	
9	0	0	0	0	530	448	
10	0	0	0	0	526	454	
11	0	0	0	0	525	466	
12	0	0	0	0	521	481	
13	0	0	0	0	519	495	
14	0	0	0	0	521	502	
15	0	0	0	0	524	507	
0	0	0	0	0	527	504	
1	0	0	0	0	530	496	
2	0	0	0	0	536	487	
3	0	0	0	0	540	478	
4	0	0	0	0	543	475	
5	0	0	0	0	547	476	
6	0	0	0	0	546	473	
7	0	0	0	0	544	469	
8	0	0	0	0	540	463	
9	0	0	0	0	542	463	
10	0	0	0	0	545	460	
11	0	0	0	0	546	458	
12	0	0	0	0	543	455	
13	0	0	0	0	538	453	
14	0	0	0	0	537	452	
15	0	0	0	0	537	454	
0	0	0	0	0	540	455	
1	0	0	0	0	544	456	
2	0	0	0	0	544	454	
3	0	0	0	0	543	447	
4	0	0	0	0	540	443	
5	0	0	0	0	538	440	
6	0	0	0	0	532	434	
7	0	0	0	0	528	432	
8	0	0	0	0	532	431	
9	0	0	0	0	538	428	
10	0	0	0	0	546	423	
11	0	0	0	0	552	419	
12	0	0	0	0	557	420	
13	0	0	0	0	560	419	
14	0	0	0	0	562	409	
15	0	0	0	0	562	401	
0	0	0	0	0	558	387	
1	0	0	0	0	555	377	
2	0	0	0	0	549	375	
3	0	0	0	0	547	374	
4	0	0	0	0	550	374	
5	0	0	0	0	556	374	
6	0	0	0	0	566	371	
7	0	0	0	0	579	376	
8	0	0	0	0	593	376	
9	0	0	0	0	606	375	
10	0	0	0	0	615	381	
11	0	0	0	0	624	380	
12	0	0	0	0	630	384	
13	0	0	0	0	630	385	
14	0	0	0	0	625	385	
15	0	0	0	0	619	390	
0	0	0	0	0	613	391	
1	0	0	0	0	614	388	
2	0	0	0	0	613	388	
3	0	0	0	0	612	387	
4	0	0	0	0	608	382	
5	0	0	0	0	605	391	
6	0	0	0	0	599	394	
7	0	0	0	0	591	396	
8	0	0	0	0	586	397	
9	0	0	0	0	586	392	
10	0	0	0	0	588	384	
11	0	0	0	0	589	372	
12	0	0	0	0	590	365	
13	0	0	0	0	592	361	
14	0	0	0	0	593	359	
15	0	0	0	0	596	364	
0	0	0	0	0	599	374	
1	0	0	0	0	598	379	
2	0	0	0	0	595	379	
3	0	0	0	0	595	378	
4	0	0	0	0	598	373	
5	0	0	0	0	602	370	
6	0	0	0	0	606	370	
7	0	0	0	0	607	366	
8	0	0	0	0	609	356	
9	0	0	0	0	613	348	
10	0	0	0	0	620	339	
11	0	0	0	0	627	331	
12	0	0	0	0	632	335	
13	0	0	0	0	634	332	
14	0	0	0	0	636	324	
15	0	0	0	0	639	333	
0	0	0	0	0	646	338	
1	0	0	0	0	652	340	
2	0	0	0	0	657	350	
3	0	0	0	0	662	354	
4	0	0	0	0	668	359	
5	0	0	0	0	669	376	
6	0	0	0	0	669	381	
7	0	0	0	0	661	379	
8	0	0	0	0	650	371	
9	0	0	0	0	636	356	
10	0	0	0	0	624	347	
11	0	0	0	0	612	343	
12	0	0	0	0	601	335	
13	0	0	0	0	593	343	
14	0	0	0	0	589	346	
15	0	0	0	0	592	346	
0	0	0	0	0	596	352	
1	0	0	0	0	596	350	
2	0	0	0	0	595	344	
3	0	0	0	0	593	344	
4	0	0	0	0	595	336	
5	0	0	0	0	600	323	
6	0	0	0	0	604	321	
7	0	0	0	0	605	315	
8	0	0	0	0	604	308	
9	0	0	0	0	603	300	
10	0	0	0	0	601	295	
11	0	0	0	0	600	297	
12	0	0	0	0	598	294	
13	0	0	0	0	591	289	
14	0	0	0	0	583	294	
15	0	0	0	0	577	301	
0	0	0	0	0	575	311	
1	0	0	0	0	579	332	
2	0	0	0	0	585	343	
3	0	0	0	0	594	348	
4	0	0	0	0	604	357	
5	0	0	0	0	616	358	
6	0	0	0	0	625	353	
7	0	0	0	0	629	357	
8	0	0	0	0	629	354	
9	0	0	0	0	627	348	
10	0	0	0	0	622	349	
11	0	0	0	0	616	339	
12	0	0	0	0	610	325	
13	0	0	0	0	604	324	
14	0	0	0	0	601	316	
15	0	0	0	0	595	312	
0	0	0	0	0	588	307	
1	0	0	0	0	581	294	
2	0	0	0	0	578	286	
3	0	0	0	0	576	275	
4	0	0	0	0	572	259	
5	0	0	0	0	570	259	
6	0	0	0	0	569	256	
7	0	0	0	0	572	259	
8	0	0	0	0	581	267	
9	0	0	0	0	590	276	
10	0	0	0	0	597	287	
11	0	0	0	0	601	289	
12	0	0	0	0	604	284	
13	0	0	0	0	606	286	
14	0	0	0	0	605	284	
15	0	0	0	0	608	279	
0	0	0	0	0	613	288	
1	0	0	0	0	617	290	
2	0	0	0	0	625	294	
3	0	0	0	0	630	309	
4	0	0	0	0	632	314	
5	0	0	0	0	637	322	
6	0	0	0	0	640	327	
7	0	0	0	0	641	329	
8	0	0	0	0	641	338	
9	0	0	0	0	640	338	
10	0	0	0	0	642	339	
11	0	0	0	0	641	338	
12	0	0	0	0	641	336	
13	0	0	0	0	640	334	
14	0	0	0	0	633	326	
15	0	0	0	0	620	311	
0	0	0	0	0	603	305	
1	0	0	0	0	588	294	
2	0	0	0	0	576	289	
3	0	0	0	0	568	294	
4	0	0	0	0	568	301	
5	0	0	0	0	574	316	
6	0	0	0	0	583	330	
7	0	0	0	0	591	335	
8	0	0	0	0	602	342	
9	0	0	0	0	609	343	
10	0	0	0	0	611	337	
11	0	0	0	0	612	339	
12	0	0	0	0	611	334	
13	0	0	0	0	606	331	
14	0	0	0	0	602	332	
15	0	0	0	0	598	327	
0	0	0	0	0	598	327	
1	0	0	0	0	594	326	
2	0	0	0	0	591	326	
3	0	0	0	0	591	334	
4	0	0	0	0	588	338	
5	0	0	0	0	587	340	
6	0	0	0	0	585	345	
7	0	0	0	0	582	345	
8	0	0	0	0	583	344	
9	0	0	0	0	585	351	
10	0	0	0	0	588	355	
11	0	0	0	0	591	351	
12	0	0	0	0	594	350	
13	0	0	0	0	595	342	
14	0	0	0	0	595	332	
15	0	0	0	0	595	325	
0	0	0	0	0	596	324	
1	0	0	0	0	598	330	
2	0	0	0	0	600	334	
3	0	0	0	0	607	335	
4	0	0	0	0	613	335	
5	0	0	0	0	617	331	
6	0	0	0	0	620	322	
7	0	0	0	0	624	319	
8	0	0	0	0	625	311	
9	0	0	0	0	627	298	
10	0	0	0	0	624	299	
11	0	0	0	0	622	298	
12	0	0	0	0	623	302	
13	0	0	0	0	627	312	
14	0	0	0	0	627	319	
15	0	0	0	0	623	332	
0	0	0	0	0	617	342	
1	0	0	0	0	615	349	
2	0	0	0	0	614	361	
3	0	0	0	0	612	364	
4	0	0	0	0	609	364	
5	0	0	0	0	608	369	
6	0	0	0	0	607	370	
7	0	0	0	0	610	366	
8	0	0	0	0	617	367	
9	0	0	0	0	622	364	
10	0	0	0	0	624	356	
11	0	0	0	0	627	355	
12	0	0	0	0	631	355	
13	0	0	0	0	635	357	
14	0	0	0	0	637	368	
15	0	0	0	0	638	372	
0	0	0	0	0	638	371	
1	0	0	0	0	635	384	
2	0	0	0	0	635	391	
3	0	0	0	0	636	395	
4	0	0	0	0	632	400	
5	0	0	0	0	628	400	
6	0	0	0	0	626	398	
7	0	0	0	0	622	393	
8	0	0	0	0	621	388	
9	0	0	0	0	620	382	
10	0	0	0	0	624	374	
11	0	0	0	0	632	364	
12	0	0	0	0	639	363	
13	0	0	0	0	647	358	
14	0	0	0	0	655	359	
15	0	0	0	0	660	364	
0	0	0	0	0	660	368	
1	0	0	0	0	657	375	
2	0	0	0	0	647	375	
3	0	0	0	0	638	365	
4	0	0	0	0	626	360	
5	0	0	0	0	613	350	
6	0	0	0	0	603	334	
7	0	0	0	0	596	335	
8	0	0	0	0	592	333	
9	0	0	0	0	592	340	
10	0	0	0	0	596	350	
11	0	0	0	0	603	361	
12	0	0	0	0	612	370	
13	0	0	0	0	619	371	
14	0	0	0	0	621	368	
15	0	0	0	0	620	374	
0	0	0	0	0	616	372	
1	0	0	0	0	611	371	
2	0	0	0	0	606	368	
3	0	0	0	0	600	365	
4	0	0	0	0	598	366	
5	0	0	0	0	601	362	
6	0	0	0	0	604	350	
7	0	0	0	0	609	345	
8	0	0	0	0	614	333	
9	0	0	0	0	618	323	
10	0	0	0	0	621	315	
11	0	0	0	0	623	305	
12	0	0	0	0	626	303	
13	0	0	0	0	628	299	
14	0	0	0	0	631	292	
15	0	0	0	0	632	299	
0	0	0	0	0	632	302	
1	0	0	0	0	632	305	
2	0	0	0	0	625	317	
3	0	0	0	0	617	318	
4	0	0	0	0	612	321	
5	0	0	0	0	607	321	
6	0	0	0	0	603	312	
7	0	0	0	0	602	305	
8	0	0	0	0	603	299	
9	0	0	0	0	610	292	
10	0	0	0	0	620	294	
11	0	0	0	0	631	295	
12	0	0	0	0	639	296	
13	0	0	0	0	646	307	
14	0	0	0	0	648	316	
15	0	0	0	0	643	319	
0	0	0	0	0	632	333	
1	0	0	0	0	617	341	
2	0	0	0	0	604	353	
3	0	0	0	0	591	362	
4	0	0	0	0	580	364	
5	0	0	0	0	574	367	
6	0	0	0	0	570	367	
7	0	0	0	0	573	361	
8	0	0	0	0	583	357	
9	0	0	0	0	594	348	
10	0	0	0	0	607	340	
11	0	0	0	0	617	336	
12	0	0	0	0	622	327	
13	0	0	0	0	627	307	
14	0	0	0	0	632	299	
15	0	0	0	0	635	287	
0	0	0	0	0	633	276	
1	0	0	0	0	628	276	
2	0	0	0	0	621	272	
3	0	0	0	0	614	273	
4	0	0	0	0	606	273	
5	0	0	0	0	599	271	
6	0	0	0	0	595	282	
7	0	0	0	0	592	293	
8	0	0	0	0	589	306	
9	0	0	0	0	591	332	
10	0	0	0	0	594	347	
11	0	0	0	0	598	359	
12	0	0	0	0	600	369	
13	0	0	0	0	600	372	
14	0	0	0	0	600	376	
15	0	0	0	0	598	378	
0	0	0	0	0	595	376	
1	0	0	0	0	595	381	
2	0	0	0	0	593	380	
3	0	0	0	0	590	379	
4	0	0	0	0	585	371	
5	0	0	0	0	580	365	
6	0	0	0	0	577	358	
7	0	0	0	0	574	350	
8	0	0	0	0	574	339	
9	0	0	0	0	575	339	
10	0	0	0	0	576	339	
11	0	0	0	0	580	347	
12	0	0	0	0	583	350	
13	0	0	0	0	585	350	
14	0	0	0	0	586	355	
15	0	0	0	0	585	357	
0	0	0	0	0	585	356	
1	0	0	0	0	588	358	
2	0	0	0	0	591	357	
3	0	0	0	0	596	359	
4	0	0	0	0	600	360	
5	0	0	0	0	598	358	
6	0	0	0	0	591	360	
7	0	0	0	0	588	363	
8	0	0	0	0	583	364	
9	0	0	0	0	575	370	
10	0	0	0	0	572	367	
11	0	0	0	0	568	355	
12	0	0	0	0	560	352	
13	0	0	0	0	554	347	
14	0	0	0	0	555	346	
15	0	0	0	0	564	345	
0	0	0	0	0	571	343	
1	0	0	0	0	577	347	
2	0	0	0	0	586	345	
3	0	0	0	0	595	340	
4	0	0	0	0	604	345	
5	0	0	0	0	610	340	
6	0	0	0	0	615	341	
7	0	0	0	0	621	341	
8	0	0	0	0	622	335	
9	0	0	0	0	621	339	
10	0	0	0	0	619	336	
11	0	0	0	0	617	337	
12	0	0	0	0	615	342	
13	0	0	0	0	607	344	
14	0	0	0	0	595	348	
15	0	0	0	0	582	347	
0	0	0	0	0	571	339	
1	0	0	0	0	562	347	
2	0	0	0	0	557	355	
3	0	0	0	0	555	364	
4	0	0	0	0	555	383	
5	0	0	0	0	557	393	
6	0	0	0	0	559	399	
7	0	0	0	0	562	405	
8	0	0	0	0	566	404	
9	0	0	0	0	566	405	
10	0	0	0	0	568	408	
11	0	0	0	0	570	414	
12	0	0	0	0	571	423	
13	0	0	0	0	573	432	
14	0	0	0	0	571	439	
15	0	0	0	0	571	443	
0	0	0	0	0	567	434	
1	0	0	0	0	566	425	
2	0	0	0	0	563	415	
3	0	0	0	0	562	404	
4	0	0	0	0	560	393	
5	0	0	0	0	554	382	
6	0	0	0	0	551	371	
7	0	0	0	0	550	366	
8	0	0	0	0	554	359	
9	0	0	0	0	561	348	
10	0	0	0	0	567	346	
11	0	0	0	0	571	336	
12	0	0	0	0	571	335	
13	0	0	0	0	567	340	
14	0	0	0	0	564	343	
15	0	0	0	0	563	349	
0	0	0	0	0	560	347	
1	0	0	0	0	554	338	
2	0	0	0	0	544	337	
3	0	0	0	0	537	334	
4	0	0	0	0	529	331	
5	0	0	0	0	524	336	
6	0	0	0	0	519	343	
7	0	0	0	0	519	350	
8	0	0	0	0	525	360	
9	0	0	0	0	533	369	
10	0	0	0	0	541	381	
11	0	0	0	0	551	393	
12	0	0	0	0	559	404	
13	0	0	0	0	564	417	
14	0	0	0	0	569	426	
15	0	0	0	0	574	427	
0	0	0	0	0	572	419	
1	0	0	0	0	573	408	
2	0	0	0	0	571	396	
3	0	0	0	0	566	382	
4	0	0	0	0	561	364	
5	0	0	0	0	557	354	
6	0	0	0	0	551	340	
7	0	0	0	0	545	331	
8	0	0	0	0	538	330	
9	0	0	0	0	534	331	
10	0	0	0	0	528	335	
11	0	0	0	0	522	339	
12	0	0	0	0	517	342	
13	0	0	0	0	516	346	
14	0	0	0	0	515	349	
15	0	0	0	0	511	351	
0	0	0	0	0	511	353	
1	0	0	0	0	510	354	
2	0	0	0	0	506	354	
3	0	0	0	0	508	356	
4	0	0	0	0	511	357	
5	0	0	0	0	519	357	
6	0	0	0	0	527	359	
7	0	0	0	0	538	365	
8	0	0	0	0	550	368	
9	0	0	0	0	563	373	
10	0	0	0	0	572	373	
11	0	0	0	0	580	369	
12	0	0	0	0	588	371	
13	0	0	0	0	593	368	
14	0	0	0	0	595	366	
15	0	0	0	0	596	359	
0	0	0	0	0	598	350	
1	0	0	0	0	599	351	
2	0	0	0	0	600	348	
3	0	0	0	0	604	340	
4	0	0	0	0	608	347	
5	0	0	0	0	609	350	
6	0	0	0	0	608	359	
7	0	0	0	0	611	367	
8	0	0	0	0	619	372	
9	0	0	0	0	623	383	
10	0	0	0	0	627	388	
11	0	0	0	0	630	386	
12	0	0	0	0	628	392	
13	0	0	0	0	624	388	
14	0	0	0	0	615	381	
15	0	0	0	0	611	375	
0	0	0	0	0	611	365	
1	0	0	0	0	615	371	
2	0	0	0	0	617	377	
3	0	0	0	0	619	387	
4	0	0	0	0	618	397	
5	0	0	0	0	612	409	
6	0	0	0	0	609	425	
7	0	0	0	0	606	439	
8	0	0	0	0	602	448	
9	0	0	0	0	600	456	
10	0	0	0	0	601	462	
11	0	0	0	0	602	465	
12	0	0	0	0	606	465	
13	0	0	0	0	607	462	
14	0	0	0	0	607	455	
15	0	0	0	0	608	448	
0	0	0	0	0	609	437	
1	0	0	0	0	614	434	
2	0	0	0	0	620	431	
3	0	0	0	0	627	423	
4	0	0	0	0	639	420	
5	0	0	0	0	654	417	
6	0	0	0	0	663	418	
7	0	0	0	0	670	420	
8	0	0	0	0	674	420	
9	0	0	0	0	673	423	
10	0	0	0	0	668	423	
11	0	0	0	0	657	419	
12	0	0	0	0	643	417	
13	0	0	0	0	632	411	
14	0	0	0	0	618	399	
15	0	0	0	0	608	402	
0	0	0	0	0	601	400	
1	0	0	0	0	600	398	
2	0	0	0	0	602	403	
3	0	0	0	0	603	405	
4	0	0	0	0	604	407	
5	0	0	0	0	607	408	
6	0	0	0	0	611	403	
7	0	0	0	0	611	405	
8	0	0	0	0	608	408	
9	0	0	0	0	609	414	
10	0	0	0	0	611	422	
11	0	0	0	0	612	432	
12	0	0	0	0	613	445	
13	0	0	0	0	613	455	
14	0	0	0	0	609	460	
15	0	0	0	0	606	464	
0	0	0	0	0	602	467	
1	0	0	0	0	598	472	
2	0	0	0	0	591	476	
3	0	0	0	0	589	476	
4	0	0	0	0	590	477	
5	0	0	0	0	587	472	
6	0	0	0	0	587	459	
7	0	0	0	0	582	444	
8	0	0	0	0	578	430	
9	0	0	0	0	574	416	
10	0	0	0	0	572	412	
11	0	0	0	0	572	411	
12	0	0	0	0	571	408	
13	0	0	0	0	570	411	
14	0	0	0	0	568	410	
15	0	0	0	0	568	409	
0	0	0	0	0	570	408	
1	0	0	0	0	570	404	
2	0	0	0	0	567	402	
3	0	0	0	0	563	398	
4	0	0	0	0	565	390	
5	0	0	0	0	568	385	
6	0	0	0	0	570	382	
7	0	0	0	0	575	379	
8	0	0	0	0	580	384	
9	0	0	0	0	579	387	
10	0	0	0	0	575	387	
11	0	0	0	0	568	390	
12	0	0	0	0	565	393	
13	0	0	0	0	563	397	
14	0	0	0	0	556	401	
15	0	0	0	0	547	401	
0	0	0	0	0	543	401	
1	0	0	0	0	540	406	
2	0	0	0	0	539	416	
3	0	0	0	0	541	428	
4	0	0	0	0	545	440	
5	0	0	0	0	558	451	
6	0	0	0	0	573	460	
7	0	0	0	0	586	465	
8	0	0	0	0	595	467	
9	0	0	0	0	599	465	
10	0	0	0	0	600	460	
11	0	0	0	0	600	460	
12	0	0	0	0	599	455	
13	0	0	0	0	592	448	
14	0	0	0	0	586	436	
15	0	0	0	0	579	423	
0	0	0	0	0	575	414	
1	0	0	0	0	570	409	
2	0	0	0	0	565	403	
3	0	0	0	0	561	398	
4	0	0	0	0	558	395	
5	0	0	0	0	560	398	
6	0	0	0	0	566	404	
7	0	0	0	0	575	410	
8	0	0	0	0	579	419	
9	0	0	0	0	583	425	
10	0	0	0	0	584	436	
11	0	0	0	0	585	445	
12	0	0	0	0	583	450	
13	0	0	0	0	580	451	
14	0	0	0	0	579	449	
15	0	0	0	0	571	442	
0	0	0	0	0	567	439	
1	0	0	0	0	560	431	
2	0	0	0	0	553	420	
3	0	0	0	0	549	415	
4	0	0	0	0	545	405	
5	0	0	0	0	540	399	
6	0	0	0	0	535	391	
7	0	0	0	0	532	387	
8	0	0	0	0	528	395	
9	0	0	0	0	522	402	
10	0	0	0	0	514	412	
11	0	0	0	0	505	415	
12	0	0	0	0	499	422	
13	0	0	0	0	498	428	
14	0	0	0	0	497	431	
15	0	0	0	0	499	436	
0	0	0	0	0	507	440	
1	0	0	0	0	522	446	
2	0	0	0	0	540	454	
3	0	0	0	0	555	461	
4	0	0	0	0	568	470	
5	0	0	0	0	573	478	
6	0	0	0	0	575	487	
7	0	0	0	0	571	493	
8	0	0	0	0	568	494	
9	0	0	0	0	565	489	
10	0	0	0	0	556	482	
11	0	0	0	0	550	473	
12	0	0	0	0	543	457	
13	0	0	0	0	536	440	
14	0	0	0	0	531	428	
15	0	0	0	0	524	420	
0	0	0	0	0	518	421	
1	0	0	0	0	512	423	
2	0	0	0	0	505	426	
3	0	0	0	0	506	430	
4	0	0	0	0	504	432	
5	0	0	0	0	502	432	
6	0	0	0	0	498	436	
7	0	0	0	0	495	435	
8	0	0	0	0	492	436	
9	0	0	0	0	486	436	
10	0	0	0	0	483	443	
11	0	0	0	0	486	451	
12	0	0	0	0	490	456	
13	0	0	0	0	496	454	
14	0	0	0	0	501	445	
15	0	0	0	0	504	433	
0	0	0	0	0	508	429	
1	0	0	0	0	511	430	
2	0	0	0	0	511	434	
3	0	0	0	0	513	436	
4	0	0	0	0	520	439	
5	0	0	0	0	528	445	
6	0	0	0	0	535	456	
7	0	0	0	0	541	466	
8	0	0	0	0	546	472	
9	0	0	0	0	555	473	
10	0	0	0	0	567	472	
11	0	0	0	0	579	472	
12	0	0	0	0	590	472	
13	0	0	0	0	593	471	
14	0	0	0	0	593	467	
15	0	0	0	0	592	464	
0	0	0	0	0	589	455	
1	0	0	0	0	587	446	
2	0	0	0	0	583	433	
3	0	0	0	0	577	431	
4	0	0	0	0	569	428	
5	0	0	0	0	566	424	
6	0	0	0	0	562	420	
7	0	0	0	0	558	415	
8	0	0	0	0	555	417	
9	0	0	0	0	548	415	
10	0	0	0	0	540	414	
11	0	0	0	0	531	415	
12	0	0	0	0	524	417	
13	0	0	0	0	519	419	
14	0	0	0	0	517	420	
15	0	0	0	0	515	419	
0	0	0	0	0	514	421	
1	0	0	0	0	515	425	
2	0	0	0	0	514	429	
3	0	0	0	0	510	433	
4	0	0	0	0	508	437	
5	0	0	0	0	507	440	
6	0	0	0	0	510	443	
7	0	0	0	0	516	447	
8	0	0	0	0	524	452	
9	0	0	0	0	532	458	
10	0	0	0	0	541	463	
11	0	0	0	0	547	463	
12	0	0	0	0	552	460	
13	0	0	0	0	556	461	
14	0	0	0	0	556	460	
15	0	0	0	0	553	463	
0	0	0	0	0	550	472	
1	0	0	0	0	548	484	
2	0	0	0	0	545	496	
3	0	0	0	0	537	508	
4	0	0	0	0	531	519	
5	0	0	0	0	525	528	
6	0	0	0	0	521	533	
7	0	0	0	0	521	537	
8	0	0	0	0	523	535	
9	0	0	0	0	525	532	
10	0	0	0	0	526	529	
11	0	0	0	0	524	527	
12	0	0	0	0	522	521	
13	0	0	0	0	515	512	
14	0	0	0	0	509	504	
15	0	0	0	0	502	498	
0	0	0	0	0	496	496	
1	0	0	0	0	492	495	
2	0	0	0	0	491	493	
3	0	0	0	0	488	492	
4	0	0	0	0	485	492	
5	0	0	0	0	485	491	
6	0	0	0	0	487	491	
7	0	0	0	0	496	495	
8	0	0	0	0	508	503	
9	0	0	0	0	520	510	
10	0	0	0	0	531	518	
11	0	0	0	0	539	519	
12	0	0	0	0	543	517	
13	0	0	0	0	546	518	
14	0	0	0	0	548	516	
15	0	0	0	0	549	518	
0	0	0	0	0	545	519	
1	0	0	0	0	543	523	
2	0	0	0	0	540	527	
3	0	0	0	0	538	531	
4	0	0	0	0	537	536	
5	0	0	0	0	534	543	
6	0	0	0	0	534	548	
7	0	0	0	0	536	551	
8	0	0	0	0	538	554	
9	0	0	0	0	540	555	
10	0	0	0	0	533	549	
11	0	0	0	0	524	536	
12	0	0	0	0	514	528	
13	0	0	0	0	509	523	
14	0	0	0	0	508	519	
15	0	0	0	0	511	519	
0	0	0	0	0	515	521	
1	0	0	0	0	523	520	
2	0	0	0	0	530	512	
3	0	0	0	0	534	497	
4	0	0	0	0	537	487	
5	0	0	0	0	541	482	
6	0	0	0	0	545	480	
7	0	0	0	0	546	475	
8	0	0	0	0	543	472	
9	0	0	0	0	541	468	
10	0	0	0	0	540	468	
11	0	0	0	0	540	470	
12	0	0	0	0	543	477	
13	0	0	0	0	546	489	
14	0	0	0	0	548	499	
15	0	0	0	0	551	510	
0	0	0	0	0	556	521	
1	0	0	0	0	560	533	
2	0	0	0	0	560	545	
3	0	0	0	0	558	557	
4	0	0	0	0	557	566	
5	0	0	0	0	555	566	
6	0	0	0	0	551	565	
7	0	0	0	0	549	563	
8	0	0	0	0	547	559	
9	0	0	0	0	545	559	
10	0	0	0	0	545	558	
11	0	0	0	0	546	553	
12	0	0	0	0	547	545	
13	0	0	0	0	550	535	
14	0	0	0	0	551	526	
15	0	0	0	0	553	517	
0	0	0	0	0	553	506	
1	0	0	0	0	552	499	
2	0	0	0	0	552	493	
3	0	0	0	0	553	491	
4	0	0	0	0	551	491	
5	0	0	0	0	545	491	
6	0	0	0	0	540	491	
7	0	0	0	0	536	490	
8	0	0	0	0	534	488	
9	0	0	0	0	534	487	
10	0	0	0	0	537	486	
11	0	0	0	0	541	487	
12	0	0	0	0	548	486	
13	0	0	0	0	558	489	
14	0	0	0	0	570	498	
15	0	0	0	0	580	511	
0	0	0	0	0	590	527	
1	0	0	0	0	595	540	
2	0	0	0	0	600	548	
3	0	0	0	0	599	553	
4	0	0	0	0	596	557	
5	0	0	0	0	594	559	
6	0	0	0	0	592	560	
7	0	0	0	0	590	556	
8	0	0	0	0	588	548	
9	0	0	0	0	588	540	
10	0	0	0	0	588	535	
11	0	0	0	0	584	532	
12	0	0	0	0	577	529	
13	0	0	0	0	571	527	
14	0	0	0	0	566	519	
15	0	0	0	0	559	513	
0	0	0	0	0	550	507	
1	0	0	0	0	546	498	
2	0	0	0	0	540	487	
3	0	0	0	0	534	479	
4	0	0	0	0	531	472	
5	0	0	0	0	528	469	
6	0	0	0	0	525	472	
7	0	0	0	0	523	481	
8	0	0	0	0	519	494	
9	0	0	0	0	519	509	
10	0	0	0	0	519	525	
11	0	0	0	0	520	536	
12	0	0	0	0	524	545	
13	0	0	0	0	527	551	
14	0	0	0	0	530	558	
15	0	0	0	0	531	562	
0	0	0	0	0	534	563	
1	0	0	0	0	537	564	
2	0	0	0	0	540	561	
3	0	0	0	0	544	558	
4	0	0	0	0	544	553	
5	0	0	0	0	545	548	
6	0	0	0	0	546	542	
7	0	0	0	0	544	538	
8	0	0	0	0	540	533	
9	0	0	0	0	536	523	
10	0	0	0	0	533	511	
11	0	0	0	0	533	502	
12	0	0	0	0	532	497	
13	0	0	0	0	533	494	
14	0	0	0	0	534	491	
15	0	0	0	0	535	484	
0	0	0	0	0	536	476	
1	0	0	0	0	532	469	
2	0	0	0	0	528	462	
3	0	0	0	0	527	459	
4	0	0	0	0	528	464	
5	0	0	0	0	533	468	
6	0	0	0	0	539	481	
7	0	0	0	0	551	498	
8	0	0	0	0	560	514	
9	0	0	0	0	564	524	
10	0	0	0	0	570	532	
11	0	0	0	0	575	540	
12	0	0	0	0	579	543	
13	0	0	0	0	580	542	
14	0	0	0	0	579	542	
15	0	0	0	0	583	547	
0	0	0	0	0	584	551	
1	0	0	0	0	587	555	
2	0	0	0	0	591	556	
3	0	0	0	0	595	555	
4	0	0	0	0	598	547	
5	0	0	0	0	593	527	
6	0	0	0	0	583	503	
7	0	0	0	0	569	476	
8	0	0	0	0	559	452	
9	0	0	0	0	557	434	
10	0	0	0	0	559	422	
11	0	0	0	0	569	413	
12	0	0	0	0	578	418	
13	0	0	0	0	585	425	
14	0	0	0	0	588	440	
15	0	0	0	0	585	462	
0	0	0	0	0	579	483	
1	0	0	0	0	568	503	
2	0	0	0	0	560	524	
3	0	0	0	0	551	537	
4	0	0	0	0	537	546	
5	0	0	0	0	523	554	
6	0	0	0	0	508	563	
7	0	0	0	0	494	572	
8	0	0	0	0	483	582	
9	0	0	0	0	473	592	
10	0	0	0	0	465	604	
11	0	0	0	0	462	616	
12	0	0	0	0	462	629	
13	0	0	0	0	466	639	
14	0	0	0	0	464	647	
15	0	0	0	0	460	658	
0	0	0	0	0	454	671	
1	0	0	0	0	447	681	
2	0	0	0	0	434	691	
3	0	0	0	0	424	694	
4	0	0	0	0	415	697	
5	0	0	0	0	408	698	
6	0	0	0	0	402	698	
7	0	0	0	0	398	695	
8	0	0	0	0	393	693	
9	0	0	0	0	397	693	
10	0	0	0	0	399	691	
11	0	0	0	0	402	686	
12	0	0	0	0	406	682	
13	0	0	0	0	407	673	
14	0	0	0	0	409	668	
15	0	0	0	0	413	663	
0	0	0	0	0	421	659	
1	0	0	0	0	431	656	
2	0	0	0	0	437	650	
3	0	0	0	0	444	643	
4	0	0	0	0	451	647	
5	0	0	0	0	458	652	
6	0	0	0	0	468	662	
7	0	0	0	0	473	672	
8	0	0	0	0	475	680	
9	0	0	0	0	473	682	
10	0	0	0	0	473	684	
11	0	0	0	0	475	679	
12	0	0	0	0	475	673	
13	0	0	0	0	472	669	
14	0	0	0	0	472	665	
15	0	0	0	0	477	662	
0	0	0	0	0	483	661	
1	0	0	0	0	492	660	
2	0	0	0	0	497	664	
3	0	0	0	0	501	666	
4	0	0	0	0	504	667	
5	0	0	0	0	508	667	
6	0	0	0	0	507	656	
7	0	0	0	0	504	642	
8	0	0	0	0	500	632	
9	0	0	0	0	495	622	
10	0	0	0	0	484	609	
11	0	0	0	0	476	598	
12	0	0	0	0	463	591	
13	0	0	0	0	452	587	
14	0	0	0	0	447	585	
15	0	0	0	0	446	586	
0	0	0	0	0	448	585	
1	0	0	0	0	452	576	
2	0	0	0	0	455	568	
3	0	0	0	0	463	561	
4	0	0	0	0	470	560	
5	0	0	0	0	481	559	
6	0	0	0	0	487	554	
7	0	0	0	0	489	551	
8	0	0	0	0	492	550	
9	0	0	0	0	492	547	
10	0	0	0	0	492	549	
11	0	0	0	0	488	551	
12	0	0	0	0	486	551	
13	0	0	0	0	485	550	
14	0	0	0	0	483	547	
15	0	0	0	0	480	543	
0	0	0	0	0	476	539	
1	0	0	0	0	473	534	
2	0	0	0	0	471	531	
3	0	0	0	0	473	527	
4	0	0	0	0	472	520	
5	0	0	0	0	470	519	
6	0	0	0	0	467	515	
7	0	0	0	0	470	512	
8	0	0	0	0	476	508	
9	0	0	0	0	480	503	
10	0	0	0	0	487	494	
11	0	0	0	0	493	490	
12	0	0	0	0	500	491	
13	0	0	0	0	505	496	
14	0	0	0	0	504	508	
15	0	0	0	0	499	524	
0	0	0	0	0	492	543	
1	0	0	0	0	484	563	
2	0	0	0	0	480	576	
3	0	0	0	0	476	585	
4	0	0	0	0	476	584	
5	0	0	0	0	472	580	
6	0	0	0	0	472	573	
7	0	0	0	0	468	565	
8	0	0	0	0	464	555	
9	0	0	0	0	464	547	
10	0	0	0	0	465	536	
11	0	0	0	0	463	528	
12	0	0	0	0	465	524	
13	0	0	0	0	464	524	
14	0	0	0	0	460	524	
15	0	0	0	0	451	516	
0	0	0	0	0	442	509	
1	0	0	0	0	435	500	
2	0	0	0	0	431	487	
3	0	0	0	0	427	479	
4	0	0	0	0	425	478	
5	0	0	0	0	428	480	
6	0	0	0	0	435	485	
7	0	0	0	0	446	492	
8	0	0	0	0	457	498	
9	0	0	0	0	471	501	
10	0	0	0	0	485	503	
11	0	0	0	0	495	506	
12	0	0	0	0	502	504	
13	0	0	0	0	507	500	
14	0	0	0	0	507	494	
15	0	0	0	0	504	490	
0	0	0	0	0	503	491	
1	0	0	0	0	504	499	
2	0	0	0	0	509	511	
3	0	0	0	0	512	514	
4	0	0	0	0	516	511	
5	0	0	0	0	520	511	
6	0	0	0	0	524	512	
7	0	0	0	0	526	511	
8	0	0	0	0	524	506	
9	0	0	0	0	519	502	
10	0	0	0	0	515	497	
11	0	0	0	0	511	491	
12	0	0	0	0	511	482	
13	0	0	0	0	508	474	
14	0	0	0	0	509	468	
15	0	0	0	0	505	464	
0	0	0	0	0	499	461	
1	0	0	0	0	493	455	
2	0	0	0	0	491	453	
3	0	0	0	0	493	451	
4	0	0	0	0	499	451	
5	0	0	0	0	508	449	
6	0	0	0	0	513	451	
7	0	0	0	0	516	448	
8	0	0	0	0	515	444	
9	0	0	0	0	516	433	
10	0	0	0	0	515	423	
11	0	0	0	0	511	415	
12	0	0	0	0	503	408	
13	0	0	0	0	499	405	
14	0	0	0	0	500	410	
15	0	0	0	0	509	420	
0	0	0	0	0	523	436	
1	0	0	0	0	539	450	
2	0	0	0	0	555	462	
3	0	0	0	0	569	476	
4	0	0	0	0	579	489	
5	0	0	0	0	584	501	
6	0	0	0	0	587	511	
7	0	0	0	0	586	518	
8	0	0	0	0	583	522	
9	0	0	0	0	578	523	
10	0	0	0	0	576	524	
11	0	0	0	0	572	524	
12	0	0	0	0	569	524	
13	0	0	0	0	567	525	
14	0	0	0	0	564	522	
15	0	0	0	0	562	516	
0	0	0	0	0	557	512	
1	0	0	0	0	552	509	
2	0	0	0	0	547	506	
3	0	0	0	0	539	504	
4	0	0	0	0	528	503	
5	0	0	0	0	519	502	
6	0	0	0	0	513	495	
7	0	0	0	0	511	487	
8	0	0	0	0	512	481	
9	0	0	0	0	510	480	
10	0	0	0	0	504	479	
11	0	0	0	0	496	474	
12	0	0	0	0	489	470	
13	0	0	0	0	480	467	
14	0	0	0	0	474	464	
15	0	0	0	0	471	463	
0	0	0	0	0	472	457	
1	0	0	0	0	475	454	
2	0	0	0	0	480	454	
3	0	0	0	0	487	460	
4	0	0	0	0	492	472	
5	0	0	0	0	495	486	
6	0	0	0	0	504	499	
7	0	0	0	0	509	511	
8	0	0	0	0	513	518	
9	0	0	0	0	519	523	
10	0	0	0	0	526	525	
11	0	0	0	0	531	529	
12	0	0	0	0	532	529	
13	0	0	0	0	528	526	
14	0	0	0	0	527	519	
15	0	0	0	0	521	510	
0	0	0	0	0	516	503	
1	0	0	0	0	509	497	
2	0	0	0	0	497	489	
3	0	0	0	0	486	480	
4	0	0	0	0	479	470	
5	0	0	0	0	476	459	
6	0	0	0	0	473	445	
7	0	0	0	0	472	435	
8	0	0	0	0	478	426	
9	0	0	0	0	489	415	
10	0	0	0	0	503	409	
11	0	0	0	0	514	412	
12	0	0	0	0	528	419	
13	0	0	0	0	543	429	
14	0	0	0	0	553	440	
15	0	0	0	0	558	452	
0	0	0	0	0	558	462	
1	0	0	0	0	556	467	
2	0	0	0	0	550	474	
3	0	0	0	0	541	478	
4	0	0	0	0	536	477	
5	0	0	0	0	533	478	
6	0	0	0	0	528	479	
7	0	0	0	0	523	475	
8	0	0	0	0	516	469	
9	0	0	0	0	513	468	
10	0	0	0	0	510	474	
11	0	0	0	0	504	477	
12	0	0	0	0	497	477	
13	0	0	0	0	489	472	
14	0	0	0	0	483	460	
15	0	0	0	0	477	447	
0	0	0	0	0	467	431	
1	0	0	0	0	458	415	
2	0	0	0	0	455	407	
3	0	0	0	0	456	405	
4	0	0	0	0	461	408	
5	0	0	0	0	467	412	
6	0	0	0	0	476	417	
7	0	0	0	0	486	422	
8	0	0	0	0	496	426	
9	0	0	0	0	505	432	
10	0	0	0	0	517	441	
11	0	0	0	0	524	451	
12	0	0	0	0	527	461	
13	0	0	0	0	527	467	
14	0	0	0	0	524	470	
15	0	0	0	0	516	470	
0	0	0	0	0	506	472	
1	0	0	0	0	496	478	
2	0	0	0	0	486	480	
3	0	0	0	0	479	482	
4	0	0	0	0	474	484	
5	0	0	0	0	473	487	
6	0	0	0	0	473	489	
7	0	0	0	0	475	489	
8	0	0	0	0	478	488	
9	0	0	0	0	481	489	
10	0	0	0	0	489	496	
11	0	0	0	0	497	507	
12	0	0	0	0	504	517	
13	0	0	0	0	513	521	
14	0	0	0	0	523	521	
15	0	0	0	0	534	516	
0	0	0	0	0	543	510	
1	0	0	0	0	548	503	
2	0	0	0	0	551	496	
3	0	0	0	0	555	486	
4	0	0	0	0	557	480	
5	0	0	0	0	560	472	
6	0	0	0	0	561	465	
7	0	0	0	0	560	461	
8	0	0	0	0	560	461	
9	0	0	0	0	560	465	
10	0	0	0	0	557	470	
11	0	0	0	0	552	475	
12	0	0	0	0	546	482	
13	0	0	0	0	543	492	
14	0	0	0	0	540	501	
15	0	0	0	0	536	507	
0	0	0	0	0	531	503	
1	0	0	0	0	525	494	
2	0	0	0	0	521	487	
3	0	0	0	0	519	481	
4	0	0	0	0	520	476	
5	0	0	0	0	526	477	
6	0	0	0	0	529	484	
7	0	0	0	0	532	492	
8	0	0	0	0	537	502	
9	0	0	0	0	543	511	
10	0	0	0	0	551	520	
11	0	0	0	0	557	525	
12	0	0	0	0	561	525	
13	0	0	0	0	563	524	
14	0	0	0	0	561	525	
15	0	0	0	0	555	527	
0	0	0	0	0	547	523	
1	0	0	0	0	544	519	
2	0	0	0	0	541	517	
3	0	0	0	0	539	515	
4	0	0	0	0	536	514	
5	0	0	0	0	539	513	
6	0	0	0	0	544	513	
7	0	0	0	0	551	512	
8	0	0	0	0	552	502	
9	0	0	0	0	544	487	
10	0	0	0	0	536	473	
11	0	0	0	0	531	465	
12	0	0	0	0	531	463	
13	0	0	0	0	540	460	
14	0	0	0	0	549	459	
15	0	0	0	0	557	460	
0	0	0	0	0	568	456	
1	0	0	0	0	581	451	
2	0	0	0	0	597	452	
3	0	0	0	0	607	454	
4	0	0	0	0	611	457	
5	0	0	0	0	611	463	
6	0	0	0	0	603	477	
7	0	0	0	0	593	495	
8	0	0	0	0	590	517	
9	0	0	0	0	589	543	
10	0	0	0	0	595	563	
11	0	0	0	0	605	576	
12	0	0	0	0	614	580	
13	0	0	0	0	622	576	
14	0	0	0	0	622	562	
15	0	0	0	0	623	544	
0	0	0	0	0	620	522	
1	0	0	0	0	618	504	
2	0	0	0	0	617	489	
3	0	0	0	0	613	477	
4	0	0	0	0	608	467	
5	0	0	0	0	600	460	
6	0	0	0	0	592	455	
7	0	0	0	0	582	449	
8	0	0	0	0	574	453	
9	0	0	0	0	573	456	
10	0	0	0	0	575	460	
11	0	0	0	0	577	471	
12	0	0	0	0	579	477	
13	0	0	0	0	579	479	
14	0	0	0	0	581	483	
15	0	0	0	0	583	489	
0	0	0	0	0	585	493	
1	0	0	0	0	585	499	
2	0	0	0	0	587	503	
3	0	0	0	0	588	508	
4	0	0	0	0	591	513	
5	0	0	0	0	590	517	
6	0	0	0	0	585	519	
7	0	0	0	0	583	519	
8	0	0	0	0	579	517	
9	0	0	0	0	571	511	
10	0	0	0	0	563	504	
11	0	0	0	0	557	497	
12	0	0	0	0	553	492	
13	0	0	0	0	553	486	
14	0	0	0	0	552	478	
15	0	0	0	0	551	471	
0	0	0	0	0	551	466	
1	0	0	0	0	553	472	
2	0	0	0	0	557	482	
3	0	0	0	0	560	495	
4	0	0	0	0	566	504	
5	0	0	0	0	572	508	
6	0	0	0	0	580	507	
7	0	0	0	0	587	508	
8	0	0	0	0	595	516	
9	0	0	0	0	604	521	
10	0	0	0	0	609	521	
11	0	0	0	0	611	515	
12	0	0	0	0	609	505	
13	0	0	0	0	605	497	
14	0	0	0	0	598	485	
15	0	0	0	0	591	474	
0	0	0	0	0	586	473	
1	0	0	0	0	582	475	
2	0	0	0	0	578	478	
3	0	0	0	0	575	480	
4	0	0	0	0	572	486	
5	0	0	0	0	569	493	
6	0	0	0	0	563	501	
7	0	0	0	0	556	508	
8	0	0	0	0	544	512	
9	0	0	0	0	531	515	
10	0	0	0	0	520	517	
11	0	0	0	0	515	521	
12	0	0	0	0	515	525	
13	0	0	0	0	519	529	
14	0	0	0	0	526	532	
15	0	0	0	0	534	530	
0	0	0	0	0	544	528	
1	0	0	0	0	554	525	
2	0	0	0	0	568	526	
3	0	0	0	0	582	526	
4	0	0	0	0	593	527	
5	0	0	0	0	600	526	
6	0	0	0	0	598	524	
7	0	0	0	0	593	524	
8	0	0	0	0	582	528	
9	0	0	0	0	571	528	
10	0	0	0	0	564	528	
11	0	0	0	0	560	527	
12	0	0	0	0	557	528	
13	0	0	0	0	558	529	
14	0	0	0	0	560	525	
15	0	0	0	0	562	515	
0	0	0	0	0	562	499	
1	0	0	0	0	561	485	
2	0	0	0	0	560	475	
3	0	0	0	0	564	471	
4	0	0	0	0	569	476	
5	0	0	0	0	572	478	
6	0	0	0	0	575	485	
7	0	0	0	0	575	491	
8	0	0	0	0	575	495	
9	0	0	0	0	571	499	
10	0	0	0	0	566	502	
11	0	0	0	0	556	505	
12	0	0	0	0	550	508	
13	0	0	0	0	543	511	
14	0	0	0	0	537	515	
15	0	0	0	0	533	516	
0	0	0	0	0	533	518	
1	0	0	0	0	534	519	
2	0	0	0	0	531	516	
3	0	0	0	0	531	512	
4	0	0	0	0	531	508	
5	0	0	0	0	530	506	
6	0	0	0	0	529	499	
7	0	0	0	0	528	490	
8	0	0	0	0	529	481	
9	0	0	0	0	532	476	
10	0	0	0	0	538	475	
11	0	0	0	0	546	477	
12	0	0	0	0	549	480	
13	0	0	0	0	549	481	
14	0	0	0	0	551	483	
15	0	0	0	0	552	480	
0	0	0	0	0	550	477	
1	0	0	0	0	545	472	
2	0	0	0	0	540	468	
3	0	0	0	0	536	467	
4	0	0	0	0	526	468	
5	0	0	0	0	519	473	
6	0	0	0	0	510	479	
7	0	0	0	0	504	486	
8	0	0	0	0	507	494	
9	0	0	0	0	515	498	
10	0	0	0	0	527	504	
11	0	0	0	0	541	507	
12	0	0	0	0	555	509	
13	0	0	0	0	568	508	
14	0	0	0	0	575	506	
15	0	0	0	0	579	500	
0	0	0	0	0	575	492	
1	0	0	0	0	569	481	
2	0	0	0	0	563	473	
3	0	0	0	0	558	470	
4	0	0	0	0	552	468	
5	0	0	0	0	545	465	
6	0	0	0	0	540	465	
7	0	0	0	0	536	465	
8	0	0	0	0	536	470	
9	0	0	0	0	536	475	
10	0	0	0	0	532	482	
11	0	0	0	0	529	489	
12	0	0	0	0	528	494	
13	0	0	0	0	529	497	
14	0	0	0	0	525	497	
15	0	0	0	0	516	494	
0	0	0	0	0	505	490	
1	0	0	0	0	490	487	
2	0	0	0	0	473	491	
3	0	0	0	0	455	493	
4	0	0	0	0	443	491	
5	0	0	0	0	439	490	
6	0	0	0	0	442	488	
7	0	0	0	0	457	490	
8	0	0	0	0	481	497	
9	0	0	0	0	508	504	
10	0	0	0	0	533	510	
11	0	0	0	0	554	516	
12	0	0	0	0	568	516	
13	0	0	0	0	577	513	
14	0	0	0	0	584	505	
15	0	0	0	0	589	499	
0	0	0	0	0	590	492	
1	0	0	0	0	588	487	
2	0	0	0	0	583	487	
3	0	0	0	0	579	495	
4	0	0	0	0	574	510	
5	0	0	0	0	569	524	
6	0	0	0	0	561	535	
7	0	0	0	0	556	536	
8	0	0	0	0	551	524	
9	0	0	0	0	546	505	
10	0	0	0	0	541	486	
11	0	0	0	0	537	469	
12	0	0	0	0	538	463	
13	0	0	0	0	539	465	
14	0	0	0	0	539	472	
15	0	0	0	0	544	479	
0	0	0	0	0	553	485	
1	0	0	0	0	561	489	
2	0	0	0	0	565	490	
3	0	0	0	0	567	486	
4	0	0	0	0	569	481	
5	0	0	0	0	569	478	
6	0	0	0	0	571	477	
7	0	0	0	0	571	474	
8	0	0	0	0	569	479	
9	0	0	0	0	562	486	
10	0	0	0	0	553	492	
11	0	0	0	0	545	496	
12	0	0	0	0	537	498	
13	0	0	0	0	531	494	
14	0	0	0	0	528	495	
15	0	0	0	0	528	493	
0	0	0	0	0	532	493	
1	0	0	0	0	541	496	
2	0	0	0	0	550	499	
3	0	0	0	0	553	501	
4	0	0	0	0	555	501	
5	0	0	0	0	560	503	
6	0	0	0	0	569	501	
7	0	0	0	0	581	499	
8	0	0	0	0	594	499	
9	0	0	0	0	611	503	
10	0	0	0	0	626	506	
11	0	0	0	0	634	511	
12	0	0	0	0	636	516	
13	0	0	0	0	632	519	
14	0	0	0	0	623	523	
15	0	0	0	0	612	525	
0	0	0	0	0	600	527	
1	0	0	0	0	592	531	
2	0	0	0	0	588	536	
3	0	0	0	0	583	538	
4	0	0	0	0	579	537	
5	0	0	0	0	572	534	
6	0	0	0	0	564	527	
7	0	0	0	0	559	523	
8	0	0	0	0	556	517	
9	0	0	0	0	559	513	
10	0	0	0	0	563	509	
11	0	0	0	0	570	504	
12	0	0	0	0	574	500	
13	0	0	0	0	578	499	
14	0	0	0	0	584	499	
15	0	0	0	0	587	502	
0	0	0	0	0	587	505	
1	0	0	0	0	583	505	
2	0	0	0	0	581	503	
3	0	0	0	0	577	500	
4	0	0	0	0	572	496	
5	0	0	0	0	569	491	
6	0	0	0	0	567	491	
7	0	0	0	0	562	489	
8	0	0	0	0	557	484	
9	0	0	0	0	553	478	
10	0	0	0	0	552	470	
11	0	0	0	0	549	464	
12	0	0	0	0	543	455	
13	0	0	0	0	538	446	
14	0	0	0	0	533	436	
15	0	0	0	0	527	434	
0	0	0	0	0	522	435	
1	0	0	0	0	520	440	
2	0	0	0	0	521	444	
3	0	0	0	0	523	452	
4	0	0	0	0	527	462	
5	0	0	0	0	535	472	
6	0	0	0	0	544	483	
7	0	0	0	0	554	493	
8	0	0	0	0	561	503	
9	0	0	0	0	567	511	
10	0	0	0	0	570	517	
11	0	0	0	0	571	525	
12	0	0	0	0	572	532	
13	0	0	0	0	570	533	
14	0	0	0	0	566	532	
15	0	0	0	0	560	529	
0	0	0	0	0	552	526	
1	0	0	0	0	544	519	
2	0	0	0	0	540	514	
3	0	0	0	0	540	509	
4	0	0	0	0	543	506	
5	0	0	0	0	551	505	
6	0	0	0	0	557	504	
7	0	0	0	0	563	503	
8	0	0	0	0	568	504	
9	0	0	0	0	573	507	
10	0	0	0	0	575	513	
11	0	0	0	0	575	517	
12	0	0	0	0	573	521	
13	0	0	0	0	574	524	
14	0	0	0	0	576	525	
15	0	0	0	0	580	528	
0	0	0	0	0	582	524	
1	0	0	0	0	579	515	
2	0	0	0	0	580	501	
3	0	0	0	0	584	491	
4	0	0	0	0	592	486	
5	0	0	0	0	601	483	
6	0	0	0	0	607	482	
7	0	0	0	0	609	482	
8	0	0	0	0	607	485	
9	0	0	0	0	601	489	
10	0	0	0	0	593	492	
11	0	0	0	0	588	493	
12	0	0	0	0	581	492	
13	0	0	0	0	574	487	
14	0	0	0	0	569	482	
15	0	0	0	0	560	484	
0	0	0	0	0	550	493	
1	0	0	0	0	540	502	
2	0	0	0	0	529	508	
3	0	0	0	0	524	511	
4	0	0	0	0	519	512	
5	0	0	0	0	515	507	
6	0	0	0	0	508	499	
7	0	0	0	0	506	497	
8	0	0	0	0	505	497	
9	0	0	0	0	506	496	
10	0	0	0	0	510	501	
11	0	0	0	0	517	511	
12	0	0	0	0	521	519	
13	0	0	0	0	524	525	
14	0	0	0	0	527	527	
15	0	0	0	0	533	528	
0	0	0	0	0	537	528	
1	0	0	0	0	543	527	
2	0	0	0	0	548	525	
3	0	0	0	0	548	524	
4	0	0	0	0	546	523	
5	0	0	0	0	545	519	
6	0	0	0	0	543	515	
7	0	0	0	0	542	509	
8	0	0	0	0	542	503	
9	0	0	0	0	537	501	
10	0	0	0	0	532	499	
11	0	0	0	0	527	495	
12	0	0	0	0	526	491	
13	0	0	0	0	529	487	
14	0	0	0	0	535	484	
15	0	0	0	0	542	482	
0	0	0	0	0	540	479	
1	0	0	0	0	536	473	
2	0	0	0	0	531	465	
3	0	0	0	0	524	459	
4	0	0	0	0	517	457	
5	0	0	0	0	508	457	
6	0	0	0	0	496	456	
7	0	0	0	0	485	457	
8	0	0	0	0	475	461	
9	0	0	0	0	469	470	
10	0	0	0	0	465	479	
11	0	0	0	0	465	487	
12	0	0	0	0	470	497	
13	0	0	0	0	476	506	
14	0	0	0	0	485	513	
15	0	0	0	0	492	521	
0	0	0	0	0	496	529	
1	0	0	0	0	500	531	
2	0	0	0	0	502	531	
3	0	0	0	0	502	528	
4	0	0	0	0	500	520	
5	0	0	0	0	497	512	
6	0	0	0	0	496	502	
7	0	0	0	0	494	489	
8	0	0	0	0	492	477	
9	0	0	0	0	494	468	
10	0	0	0	0	497	463	
11	0	0	0	0	507	462	
12	0	0	0	0	519	468	
13	0	0	0	0	536	476	
14	0	0	0	0	548	481	
15	0	0	0	0	557	487	
0	0	0	0	0	563	492	
1	0	0	0	0	566	496	
2	0	0	0	0	572	504	
3	0	0	0	0	575	509	
4	0	0	0	0	577	513	
5	0	0	0	0	571	516	
6	0	0	0	0	559	517	
7	0	0	0	0	546	519	
8	0	0	0	0	536	515	
9	0	0	0	0	527	511	
10	0	0	0	0	519	507	
11	0	0	0	0	511	504	
12	0	0	0	0	505	502	
13	0	0	0	0	505	501	
14	0	0	0	0	506	504	
15	0	0	0	0	505	512	
0	0	0	0	0	504	526	
1	0	0	0	0	508	537	
2	0	0	0	0	516	540	
3	0	0	0	0	527	542	
4	0	0	0	0	541	545	
5	0	0	0	0	549	546	
6	0	0	0	0	553	541	
7	0	0	0	0	560	533	
8	0	0	0	0	560	524	
9	0	0	0	0	558	519	
10	0	0	0	0	548	515	
11	0	0	0	0	538	509	
12	0	0	0	0	525	507	
13	0	0	0	0	515	506	
14	0	0	0	0	513	505	
15	0	0	0	0	513	505	
0	0	0	0	0	515	507	
1	0	0	0	0	522	511	
2	0	0	0	0	530	510	
3	0	0	0	0	536	510	
4	0	0	0	0	535	503	
5	0	0	0	0	533	493	
6	0	0	0	0	528	483	
7	0	0	0	0	525	473	
8	0	0	0	0	524	468	
9	0	0	0	0	524	465	
10	0	0	0	0	521	465	
11	0	0	0	0	515	465	
12	0	0	0	0	510	463	
13	0	0	0	0	505	464	
14	0	0	0	0	500	460	
15	0	0	0	0	497	455	
0	0	0	0	0	499	451	
1	0	0	0	0	504	451	
2	0	0	0	0	513	447	
3	0	0	0	0	519	443	
4	0	0	0	0	524	444	
5	0	0	0	0	528	446	
6	0	0	0	0	536	449	
7	0	0	0	0	542	447	
8	0	0	0	0	547	443	
9	0	0	0	0	551	440	
10	0	0	0	0	550	441	
11	0	0	0	0	541	444	
12	0	0	0	0	534	451	
13	0	0	0	0	529	458	
14	0	0	0	0	521	465	
15	0	0	0	0	511	475	
0	0	0	0	0	498	484	
1	0	0	0	0	491	487	
2	0	0	0	0	487	486	
3	0	0	0	0	487	486	
4	0	0	0	0	491	489	
5	0	0	0	0	504	494	
6	0	0	0	0	515	496	
7	0	0	0	0	523	499	
8	0	0	0	0	527	497	
9	0	0	0	0	530	492	
10	0	0	0	0	528	485	
11	0	0	0	0	528	477	
12	0	0	0	0	529	475	
13	0	0	0	0	532	480	
14	0	0	0	0	535	488	
15	0	0	0	0	536	494	
0	0	0	0	0	538	502	
1	0	0	0	0	539	509	
2	0	0	0	0	536	516	
3	0	0	0	0	531	521	
4	0	0	0	0	526	524	
5	0	0	0	0	524	526	
6	0	0	0	0	518	524	
7	0	0	0	0	515	522	
8	0	0	0	0	512	519	
9	0	0	0	0	510	518	
10	0	0	0	0	513	514	
11	0	0	0	0	514	512	
12	0	0	0	0	512	515	
13	0	0	0	0	504	518	
14	0	0	0	0	493	519	
15	0	0	0	0	483	520	
0	0	0	0	0	476	519	
1	0	0	0	0	467	512	
2	0	0	0	0	456	504	
3	0	0	0	0	448	499	
4	0	0	0	0	440	497	
5	0	0	0	0	435	493	
6	0	0	0	0	430	487	
7	0	0	0	0	426	486	
8	0	0	0	0	424	485	
9	0	0	0	0	424	487	
10	0	0	0	0	428	488	
11	0	0	0	0	435	485	
12	0	0	0	0	447	487	
13	0	0	0	0	457	487	
14	0	0	0	0	472	490	
15	0	0	0	0	488	493	
0	0	0	0	0	499	491	
1	0	0	0	0	501	481	
2	0	0	0	0	504	473	
3	0	0	0	0	511	467	
4	0	0	0	0	522	465	
5	0	0	0	0	530	467	
6	0	0	0	0	536	468	
7	0	0	0	0	538	472	
8	0	0	0	0	535	476	
9	0	0	0	0	529	475	
10	0	0	0	0	521	479	
11	0	0	0	0	511	480	
12	0	0	0	0	499	483	
13	0	0	0	0	491	492	
14	0	0	0	0	486	505	
15	0	0	0	0	483	518	
0	0	0	0	0	487	528	
1	0	0	0	0	491	539	
2	0	0	0	0	497	545	
3	0	0	0	0	503	550	
4	0	0	0	0	506	551	
5	0	0	0	0	507	546	
6	0	0	0	0	506	539	
7	0	0	0	0	501	530	
8	0	0	0	0	491	520	
9	0	0	0	0	478	512	
10	0	0	0	0	466	506	
11	0	0	0	0	458	499	
12	0	0	0	0	457	501	
13	0	0	0	0	462	505	
14	0	0	0	0	473	504	
15	0	0	0	0	483	494	
0	0	0	0	0	486	475	
1	0	0	0	0	488	456	
2	0	0	0	0	488	435	
3	0	0	0	0	486	417	
4	0	0	0	0	486	406	
5	0	0	0	0	492	403	
6	0	0	0	0	501	403	
7	0	0	0	0	515	407	
8	0	0	0	0	529	414	
9	0	0	0	0	539	425	
10	0	0	0	0	547	437	
11	0	0	0	0	555	449	
12	0	0	0	0	557	456	
13	0	0	0	0	554	465	
14	0	0	0	0	549	472	
15	0	0	0	0	543	475	
0	0	0	0	0	537	478	
1	0	0	0	0	530	483	
2	0	0	0	0	524	489	
3	0	0	0	0	519	494	
4	0	0	0	0	514	496	
5	0	0	0	0	511	496	
6	0	0	0	0	507	497	
7	0	0	0	0	500	498	
8	0	0	0	0	498	495	
9	0	0	0	0	500	490	
10	0	0	0	0	505	479	
11	0	0	0	0	510	463	
12	0	0	0	0	516	452	
13	0	0	0	0	523	446	
14	0	0	0	0	526	440	
15	0	0	0	0	525	436	
0	0	0	0	0	527	435	
1	0	0	0	0	530	434	
2	0	0	0	0	532	437	
3	0	0	0	0	533	441	
4	0	0	0	0	530	449	
5	0	0	0	0	528	457	
6	0	0	0	0	527	466	
7	0	0	0	0	520	473	
8	0	0	0	0	509	477	
9	0	0	0	0	497	483	
10	0	0	0	0	483	492	
11	0	0	0	0	474	501	
12	0	0	0	0	470	508	
13	0	0	0	0	472	512	
14	0	0	0	0	476	516	
15	0	0	0	0	484	519	
0	0	0	0	0	489	521	
1	0	0	0	0	490	522	
2	0	0	0	0	489	523	
3	0	0	0	0	487	524	
4	0	0	0	0	484	522	
5	0	0	0	0	479	517	
6	0	0	0	0	476	509	
7	0	0	0	0	480	499	
8	0	0	0	0	487	490	
9	0	0	0	0	497	485	
10	0	0	0	0	503	483	
11	0	0	0	0	510	483	
12	0	0	0	0	515	486	
13	0	0	0	0	516	489	
14	0	0	0	0	514	495	
15	0	0	0	0	513	506	
0	0	0	0	0	513	516	
1	0	0	0	0	517	522	
2	0	0	0	0	522	526	
3	0	0	0	0	526	531	
4	0	0	0	0	531	531	
5	0	0	0	0	529	535	
6	0	0	0	0	522	537	
7	0	0	0	0	513	533	
8	0	0	0	0	505	531	
9	0	0	0	0	499	533	
10	0	0	0	0	498	538	
11	0	0	0	0	500	542	
12	0	0	0	0	503	548	
13	0	0	0	0	505	546	
14	0	0	0	0	510	540	
15	0	0	0	0	511	528	
0	0	0	0	0	513	515	
1	0	0	0	0	519	508	
2	0	0	0	0	527	509	
3	0	0	0	0	534	512	
4	0	0	0	0	529	510	
5	0	0	0	0	523	506	
6	0	0	0	0	520	506	
7	0	0	0	0	523	510	
8	0	0	0	0	527	513	
9	0	0	0	0	539	509	
10	0	0	0	0	552	501	
11	0	0	0	0	563	495	
12	0	0	0	0	568	487	
13	0	0	0	0	574	479	
14	0	0	0	0	578	472	
15	0	0	0	0	583	472	
0	0	0	0	0	587	475	
1	0	0	0	0	591	481	
2	0	0	0	0	596	488	
3	0	0	0	0	598	492	
4	0	0	0	0	597	489	
5	0	0	0	0	595	483	
6	0	0	0	0	591	479	
7	0	0	0	0	587	478	
8	0	0	0	0	577	479	
9	0	0	0	0	564	480	
10	0	0	0	0	552	486	
11	0	0	0	0	541	489	
12	0	0	0	0	527	492	
13	0	0	0	0	511	492	
14	0	0	0	0	498	494	
15	0	0	0	0	487	494	
0	0	0	0	0	476	492	
1	0	0	0	0	467	490	
2	0	0	0	0	458	488	
3	0	0	0	0	454	486	
4	0	0	0	0	455	483	
5	0	0	0	0	462	483	
6	0	0	0	0	466	487	
7	0	0	0	0	465	494	
8	0	0	0	0	464	499	
9	0	0	0	0	462	501	
10	0	0	0	0	461	503	
11	0	0	0	0	464	506	
12	0	0	0	0	472	508	
13	0	0	0	0	480	517	
14	0	0	0	0	484	531	
15	0	0	0	0	491	544	
0	0	0	0	0	501	559	
1	0	0	0	0	508	562	
2	0	0	0	0	509	559	
3	0	0	0	0	509	552	
4	0	0	0	0	510	544	
5	0	0	0	0	510	536	
6	0	0	0	0	508	524	
7	0	0	0	0	505	518	
8	0	0	0	0	507	517	
9	0	0	0	0	508	519	
10	0	0	0	0	509	524	
11	0	0	0	0	512	530	
12	0	0	0	0	511	540	
13	0	0	0	0	510	546	
14	0	0	0	0	510	550	
15	0	0	0	0	509	556	
0	0	0	0	0	509	562	
1	0	0	0	0	510	568	
2	0	0	0	0	504	568	
3	0	0	0	0	500	564	
4	0	0	0	0	498	557	
5	0	0	0	0	495	548	
6	0	0	0	0	491	541	
7	0	0	0	0	488	538	
8	0	0	0	0	487	540	
9	0	0	0	0	488	541	
10	0	0	0	0	493	536	
11	0	0	0	0	500	526	
12	0	0	0	0	508	514	
13	0	0	0	0	512	503	
14	0	0	0	0	513	495	
15	0	0	0	0	511	489	
0	0	0	0	0	508	488	
1	0	0	0	0	503	491	
2	0	0	0	0	492	491	
3	0	0	0	0	478	489	
4	0	0	0	0	468	495	
5	0	0	0	0	470	511	
6	0	0	0	0	479	535	
7	0	0	0	0	489	560	
8	0	0	0	0	501	583	
9	0	0	0	0	513	593	
10	0	0	0	0	527	595	
11	0	0	0	0	540	591	
12	0	0	0	0	550	585	
13	0	0	0	0	556	581	
14	0	0	0	0	556	575	
15	0	0	0	0	547	565	
0	0	0	0	0	534	553	
1	0	0	0	0	520	547	
2	0	0	0	0	508	549	
3	0	0	0	0	501	555	
4	0	0	0	0	497	561	
5	0	0	0	0	495	568	
6	0	0	0	0	499	569	
7	0	0	0	0	501	569	
8	0	0	0	0	503	565	
9	0	0	0	0	503	558	
10	0	0	0	0	499	545	
11	0	0	0	0	493	532	
12	0	0	0	0	486	518	
13	0	0	0	0	477	502	
14	0	0	0	0	469	487	
15	0	0	0	0	463	479	
0	0	0	0	0	458	478	
1	0	0	0	0	455	484	
2	0	0	0	0	455	494	
3	0	0	0	0	452	504	
4	0	0	0	0	455	514	
5	0	0	0	0	458	529	
6	0	0	0	0	464	545	
7	0	0	0	0	473	555	
8	0	0	0	0	485	562	
9	0	0	0	0	497	567	
10	0	0	0	0	510	570	
11	0	0	0	0	519	571	
12	0	0	0	0	525	570	
13	0	0	0	0	531	568	
14	0	0	0	0	538	566	
15	0	0	0	0	539	560	
0	0	0	0	0	537	556	
1	0	0	0	0	532	553	
2	0	0	0	0	524	548	
3	0	0	0	0	516	543	
4	0	0	0	0	512	534	
5	0	0	0	0	513	522	
6	0	0	0	0	516	508	
7	0	0	0	0	518	494	
8	0	0	0	0	519	489	
9	0	0	0	0	518	487	
10	0	0	0	0	515	486	
11	0	0	0	0	508	483	
12	0	0	0	0	498	477	
13	0	0	0	0	488	469	
14	0	0	0	0	477	463	
15	0	0	0	0	471	465	
0	0	0	0	0	469	473	
1	0	0	0	0	469	483	
2	0	0	0	0	472	492	
3	0	0	0	0	476	499	
4	0	0	0	0	480	502	
5	0	0	0	0	479	504	
6	0	0	0	0	476	505	
7	0	0	0	0	480	503	
8	0	0	0	0	482	507	
9	0	0	0	0	488	515	
10	0	0	0	0	495	528	
11	0	0	0	0	501	540	
12	0	0	0	0	502	543	
13	0	0	0	0	496	535	
14	0	0	0	0	489	523	
15	0	0	0	0	491	513	
0	0	0	0	0	496	508	
1	0	0	0	0	508	506	
2	0	0	0	0	518	507	
3	0	0	0	0	524	508	
4	0	0	0	0	528	505	
5	0	0	0	0	531	502	
6	0	0	0	0	534	499	
7	0	0	0	0	537	495	
8	0	0	0	0	537	487	
9	0	0	0	0	537	481	
10	0	0	0	0	536	480	
11	0	0	0	0	535	481	
12	0	0	0	0	534	486	
13	0	0	0	0	529	488	
14	0	0	0	0	524	486	
15	0	0	0	0	521	483	
0	0	0	0	0	517	480	
1	0	0	0	0	515	478	
2	0	0	0	0	512	480	
3	0	0	0	0	508	481	
4	0	0	0	0	504	486	
5	0	0	0	0	501	494	
6	0	0	0	0	499	501	
7	0	0	0	0	495	506	
8	0	0	0	0	489	512	
9	0	0	0	0	486	519	
10	0	0	0	0	483	526	
11	0	0	0	0	480	530	
12	0	0	0	0	476	531	
13	0	0	0	0	470	533	
14	0	0	0	0	468	534	
15	0	0	0	0	468	525	
0	0	0	0	0	468	510	
1	0	0	0	0	471	494	
2	0	0	0	0	471	476	
3	0	0	0	0	470	460	
4	0	0	0	0	472	449	
5	0	0	0	0	475	447	
6	0	0	0	0	480	448	
7	0	0	0	0	482	448	
8	0	0	0	0	480	445	
9	0	0	0	0	479	440	
10	0	0	0	0	482	436	
11	0	0	0	0	491	440	
12	0	0	0	0	504	446	
13	0	0	0	0	519	455	
14	0	0	0	0	533	472	
15	0	0	0	0	545	491	
0	0	0	0	0	554	506	
1	0	0	0	0	554	519	
2	0	0	0	0	551	531	
3	0	0	0	0	546	543	
4	0	0	0	0	536	546	
5	0	0	0	0	527	546	
6	0	0	0	0	516	542	
7	0	0	0	0	508	536	
8	0	0	0	0	499	530	
9	0	0	0	0	492	519	
10	0	0	0	0	486	513	
11	0	0	0	0	479	511	
12	0	0	0	0	473	510	
13	0	0	0	0	469	509	
14	0	0	0	0	469	503	
15	0	0	0	0	470	492	
0	0	0	0	0	473	484	
1	0	0	0	0	474	478	
2	0	0	0	0	469	475	
3	0	0	0	0	463	477	
4	0	0	0	0	455	483	
5	0	0	0	0	450	495	
6	0	0	0	0	448	510	
7	0	0	0	0	449	527	
8	0	0	0	0	455	539	
9	0	0	0	0	466	547	
10	0	0	0	0	474	545	
11	0	0	0	0	483	534	
12	0	0	0	0	494	514	
13	0	0	0	0	503	489	
14	0	0	0	0	512	460	
15	0	0	0	0	518	427	
0	0	0	0	0	520	395	
1	0	0	0	0	518	367	
2	0	0	0	0	513	347	
3	0	0	0	0	513	333	
4	0	0	0	0	515	324	
5	0	0	0	0	519	331	
6	0	0	0	0	530	336	
7	0	0	0	0	546	343	
8	0	0	0	0	562	345	
9	0	0	0	0	581	341	
10	0	0	0	0	596	342	
11	0	0	0	0	604	337	
12	0	0	0	0	610	332	
13	0	0	0	0	617	341	
14	0	0	0	0	624	343	
15	0	0	0	0	630	339	
0	0	0	0	0	636	348	
1	0	0	0	0	640	351	
2	0	0	0	0	639	349	
3	0	0	0	0	635	354	
4	0	0	0	0	630	351	
5	0	0	0	0	623	348	
6	0	0	0	0	615	353	
7	0	0	0	0	608	354	
8	0	0	0	0	607	359	
9	0	0	0	0	607	363	
10	0	0	0	0	604	367	
11	0	0	0	0	600	374	
12	0	0	0	0	596	371	
13	0	0	0	0	587	364	
14	0	0	0	0	579	367	
15	0	0	0	0	572	368	
0	0	0	0	0	565	368	
1	0	0	0	0	559	373	
2	0	0	0	0	551	370	
3	0	0	0	0	545	365	
4	0	0	0	0	537	355	
5	0	0	0	0	526	342	
6	0	0	0	0	519	333	
7	0	0	0	0	508	334	
8	0	0	0	0	500	344	
9	0	0	0	0	496	360	
10	0	0	0	0	494	376	
11	0	0	0	0	500	389	
12	0	0	0	0	508	397	
13	0	0	0	0	518	402	
14	0	0	0	0	528	403	
15	0	0	0	0	539	398	
0	0	0	0	0	546	392	
1	0	0	0	0	551	382	
2	0	0	0	0	550	371	
3	0	0	0	0	545	361	
4	0	0	0	0	544	352	
5	0	0	0	0	543	346	
6	0	0	0	0	543	343	
7	0	0	0	0	549	339	
8	0	0	0	0	561	347	
9	0	0	0	0	573	352	
10	0	0	0	0	582	353	
11	0	0	0	0	586	361	
12	0	0	0	0	590	369	
13	0	0	0	0	591	379	
14	0	0	0	0	589	388	
15	0	0	0	0	589	393	
0	0	0	0	0	590	391	
1	0	0	0	0	593	389	
2	0	0	0	0	591	388	
3	0	0	0	0	585	387	
4	0	0	0	0	576	382	
5	0	0	0	0	568	372	
6	0	0	0	0	560	376	
7	0	0	0	0	556	380	
8	0	0	0	0	556	383	
9	0	0	0	0	552	390	
10	0	0	0	0	547	401	
11	0	0	0	0	542	412	
12	0	0	0	0	535	423	
13	0	0	0	0	527	430	
14	0	0	0	0	523	435	
15	0	0	0	0	520	441	
0	0	0	0	0	519	446	
1	0	0	0	0	518	448	
2	0	0	0	0	513	450	
3	0	0	0	0	504	450	
4	0	0	0	0	496	447	
5	0	0	0	0	492	439	
6	0	0	0	0	488	430	
7	0	0	0	0	489	425	
8	0	0	0	0	498	423	
9	0	0	0	0	511	423	
10	0	0	0	0	525	429	
11	0	0	0	0	536	436	
12	0	0	0	0	542	443	
13	0	0	0	0	547	449	
14	0	0	0	0	555	451	
15	0	0	0	0	561	461	
0	0	0	0	0	569	464	
1	0	0	0	0	576	459	
2	0	0	0	0	582	455	
3	0	0	0	0	584	454	
4	0	0	0	0	583	454	
5	0	0	0	0	580	451	
6	0	0	0	0	580	446	
7	0	0	0	0	583	447	
8	0	0	0	0	585	454	
9	0	0	0	0	583	463	
10	0	0	0	0	583	475	
11	0	0	0	0	579	481	
12	0	0	0	0	573	482	
13	0	0	0	0	565	480	
14	0	0	0	0	561	481	
15	0	0	0	0	560	489	
0	0	0	0	0	563	503	
1	0	0	0	0	571	518	
2	0	0	0	0	577	526	
3	0	0	0	0	579	530	
4	0	0	0	0	581	533	
5	0	0	0	0	582	531	
6	0	0	0	0	581	527	
7	0	0	0	0	578	519	
8	0	0	0	0	575	507	
9	0	0	0	0	570	496	
10	0	0	0	0	564	485	
11	0	0	0	0	556	479	
12	0	0	0	0	549	475	
13	0	0	0	0	548	473	
14	0	0	0	0	546	474	
15	0	0	0	0	541	472	
0	0	0	0	0	532	473	
1	0	0	0	0	519	476	
2	0	0	0	0	508	483	
3	0	0	0	0	501	490	
4	0	0	0	0	500	493	
5	0	0	0	0	507	495	
6	0	0	0	0	519	494	
7	0	0	0	0	536	492	
8	0	0	0	0	556	495	
9	0	0	0	0	572	504	
10	0	0	0	0	584	511	
11	0	0	0	0	590	519	
12	0	0	0	0	591	524	
13	0	0	0	0	587	531	
14	0	0	0	0	583	534	
15	0	0	0	0	577	536	
0	0	0	0	0	571	535	
1	0	0	0	0	562	531	
2	0	0	0	0	554	524	
3	0	0	0	0	545	512	
4	0	0	0	0	536	499	
5	0	0	0	0	523	492	
6	0	0	0	0	512	493	
7	0	0	0	0	505	499	
8	0	0	0	0	502	506	
9	0	0	0	0	504	507	
10	0	0	0	0	515	511	
11	0	0	0	0	535	511	
12	0	0	0	0	550	516	
13	0	0	0	0	555	521	
14	0	0	0	0	562	523	
15	0	0	0	0	560	516	
0	0	0	0	0	554	504	
1	0	0	0	0	546	489	
2	0	0	0	0	533	477	
3	0	0	0	0	518	467	
4	0	0	0	0	500	460	
5	0	0	0	0	487	455	
6	0	0	0	0	485	461	
7	0	0	0	0	494	471	
8	0	0	0	0	508	483	
9	0	0	0	0	523	497	
10	0	0	0	0	536	509	
11	0	0	0	0	543	521	
12	0	0	0	0	542	530	
13	0	0	0	0	539	537	
14	0	0	0	0	533	543	
15	0	0	0	0	522	548	
0	0	0	0	0	509	550	
1	0	0	0	0	496	548	
2	0	0	0	0	480	550	
3	0	0	0	0	468	549	
4	0	0	0	0	455	546	
5	0	0	0	0	447	552	
6	0	0	0	0	444	560	
7	0	0	0	0	444	570	
8	0	0	0	0	442	577	
9	0	0	0	0	440	582	
10	0	0	0	0	436	574	
11	0	0	0	0	430	561	
12	0	0	0	0	423	550	
13	0	0	0	0	417	538	
14	0	0	0	0	417	524	
15	0	0	0	0	428	513	
0	0	0	0	0	447	505	
1	0	0	0	0	474	503	
2	0	0	0	0	500	505	
3	0	0	0	0	527	508	
4	0	0	0	0	549	512	
5	0	0	0	0	567	520	
6	0	0	0	0	578	528	
7	0	0	0	0	583	533	
8	0	0	0	0	583	539	
9	0	0	0	0	579	539	
10	0	0	0	0	574	535	
11	0	0	0	0	567	529	
12	0	0	0	0	565	525	
13	0	0	0	0	565	524	
14	0	0	0	0	566	527	
15	0	0	0	0	568	532	
0	0	0	0	0	573	536	
1	0	0	0	0	577	538	
2	0	0	0	0	578	540	
3	0	0	0	0	577	544	
4	0	0	0	0	575	546	
5	0	0	0	0	575	545	
6	0	0	0	0	575	535	
7	0	0	0	0	573	516	
8	0	0	0	0	569	500	
9	0	0	0	0	563	493	
10	0	0	0	0	559	492	
11	0	0	0	0	556	497	
12	0	0	0	0	552	501	
13	0	0	0	0	552	508	
14	0	0	0	0	551	514	
15	0	0	0	0	545	518	
0	0	0	0	0	542	518	
1	0	0	0	0	539	512	
2	0	0	0	0	540	505	
3	0	0	0	0	539	500	
4	0	0	0	0	540	500	
5	0	0	0	0	537	502	
6	0	0	0	0	536	505	
7	0	0	0	0	539	513	
8	0	0	0	0	542	525	
9	0	0	0	0	541	530	
10	0	0	0	0	536	527	
11	0	0	0	0	530	521	
12	0	0	0	0	525	518	
13	0	0	0	0	525	514	
14	0	0	0	0	523	511	
15	0	0	0	0	521	511	
0	0	0	0	0	520	512	
1	0	0	0	0	521	517	
2	0	0	0	0	525	523	
3	0	0	0	0	527	533	
4	0	0	0	0	532	546	
5	0	0	0	0	539	560	
6	0	0	0	0	549	572	
7	0	0	0	0	561	582	
8	0	0	0	0	571	587	
9	0	0	0	0	576	583	
10	0	0	0	0	577	573	
11	0	0	0	0	580	558	
12	0	0	0	0	583	542	
13	0	0	0	0	583	526	
14	0	0	0	0	579	507	
15	0	0	0	0	572	496	
0	0	0	0	0	564	494	
1	0	0	0	0	561	492	
2	0	0	0	0	557	496	
3	0	0	0	0	551	501	
4	0	0	0	0	546	508	
5	0	0	0	0	539	518	
6	0	0	0	0	524	524	
7	0	0	0	0	506	532	
8	0	0	0	0	489	540	
9	0	0	0	0	478	552	
10	0	0	0	0	473	564	
11	0	0	0	0	472	580	
12	0	0	0	0	475	600	
13	0	0	0	0	487	617	
14	0	0	0	0	502	638	
15	0	0	0	0	522	649	
0	0	0	0	0	537	646	
1	0	0	0	0	548	626	
2	0	0	0	0	551	595	
3	0	0	0	0	554	561	
4	0	0	0	0	553	532	
5	0	0	0	0	556	505	
6	0	0	0	0	558	487	
7	0	0	0	0	558	470	
8	0	0	0	0	562	459	
9	0	0	0	0	566	449	
10	0	0	0	0	567	438	
11	0	0	0	0	569	431	
12	0	0	0	0	572	421	
13	0	0	0	0	575	408	
14	0	0	0	0	577	399	
15	0	0	0	0	579	385	
0	0	0	0	0	578	374	
1	0	0	0	0	582	364	
2	0	0	0	0	590	353	
3	0	0	0	0	597	352	
4	0	0	0	0	603	356	
5	0	0	0	0	608	361	
6	0	0	0	0	611	375	
7	0	0	0	0	612	380	
8	0	0	0	0	615	379	
9	0	0	0	0	615	375	
10	0	0	0	0	615	361	
11	0	0	0	0	620	351	
12	0	0	0	0	631	341	
13	0	0	0	0	643	329	
14	0	0	0	0	658	331	
15	0	0	0	0	672	326	
0	0	0	0	0	684	324	
1	0	0	0	0	691	332	
2	0	0	0	0	696	332	
3	0	0	0	0	694	339	
4	0	0	0	0	684	340	
5	0	0	0	0	666	334	
6	0	0	0	0	642	341	
7	0	0	0	0	619	343	
8	0	0	0	0	598	338	
9	0	0	0	0	590	336	
10	0	0	0	0	592	329	
11	0	0	0	0	601	316	
12	0	0	0	0	607	317	
13	0	0	0	0	614	318	
14	0	0	0	0	622	319	
15	0	0	0	0	628	331	
0	0	0	0	0	636	334	
1	0	0	0	0	648	339	
2	0	0	0	0	659	343	
3	0	0	0	0	664	341	
4	0	0	0	0	664	345	
5	0	0	0	0	666	351	
6	0	0	0	0	665	359	
7	0	0	0	0	662	377	
8	0	0	0	0	652	391	
9	0	0	0	0	641	400	
10	0	0	0	0	630	411	
11	0	0	0	0	619	414	
12	0	0	0	0	611	408	
13	0	0	0	0	607	406	
14	0	0	0	0	606	401	
15	0	0	0	0	607	391	
0	0	0	0	0	609	390	
1	0	0	0	0	609	385	
2	0	0	0	0	607	384	
3	0	0	0	0	606	398	
4	0	0	0	0	606	404	
5	0	0	0	0	604	405	
6	0	0	0	0	601	411	
7	0	0	0	0	597	410	
8	0	0	0	0	596	409	
9	0	0	0	0	593	408	
10	0	0	0	0	589	406	
11	0	0	0	0	590	400	
12	0	0	0	0	595	394	
13	0	0	0	0	602	385	
14	0	0	0	0	611	390	
15	0	0	0	0	618	399	
0	0	0	0	0	622	408	
1	0	0	0	0	627	423	
2	0	0	0	0	625	429	
3	0	0	0	0	617	433	
4	0	0	0	0	607	443	
5	0	0	0	0	595	451	
6	0	0	0	0	583	455	
7	0	0	0	0	568	459	
8	0	0	0	0	558	456	
9	0	0	0	0	549	449	
10	0	0	0	0	539	444	
11	0	0	0	0	533	438	
12	0	0	0	0	525	429	
13	0	0	0	0	520	419	
14	0	0	0	0	518	413	
15	0	0	0	0	516	409	
0	0	0	0	0	519	399	
1	0	0	0	0	524	386	
2	0	0	0	0	529	384	
3	0	0	0	0	539	381	
4	0	0	0	0	546	378	
5	0	0	0	0	551	388	
6	0	0	0	0	555	394	
7	0	0	0	0	558	396	
8	0	0	0	0	556	402	
9	0	0	0	0	555	404	
10	0	0	0	0	554	409	
11	0	0	0	0	553	415	
12	0	0	0	0	548	417	
13	0	0	0	0	543	419	
14	0	0	0	0	540	422	
15	0	0	0	0	541	431	
0	0	0	0	0	542	446	
1	0	0	0	0	546	462	
2	0	0	0	0	550	475	
3	0	0	0	0	555	480	
4	0	0	0	0	556	481	
5	0	0	0	0	558	474	
6	0	0	0	0	557	469	
7	0	0	0	0	551	463	
8	0	0	0	0	544	459	
9	0	0	0	0	537	457	
10	0	0	0	0	529	459	
11	0	0	0	0	518	462	
12	0	0	0	0	504	468	
13	0	0	0	0	489	478	
14	0	0	0	0	471	487	
15	0	0	0	0	457	500	
0	0	0	0	0	451	513	
1	0	0	0	0	456	526	
2	0	0	0	0	463	536	
3	0	0	0	0	474	540	
4	0	0	0	0	481	538	
5	0	0	0	0	487	531	
6	0	0	0	0	492	525	
7	0	0	0	0	495	519	
8	0	0	0	0	499	510	
9	0	0	0	0	502	496	
10	0	0	0	0	506	483	
11	0	0	0	0	508	468	
12	0	0	0	0	507	454	
13	0	0	0	0	505	443	
14	0	0	0	0	500	436	
15	0	0	0	0	497	432	
0	0	0	0	0	497	430	
1	0	0	0	0	497	434	
2	0	0	0	0	496	444	
3	0	0	0	0	498	452	
4	0	0	0	0	495	455	
5	0	0	0	0	487	457	
6	0	0	0	0	473	453	
7	0	0	0	0	461	445	
8	0	0	0	0	448	437	
9	0	0	0	0	440	432	
10	0	0	0	0	436	432	
11	0	0	0	0	437	440	
12	0	0	0	0	441	454	
13	0	0	0	0	447	464	
14	0	0	0	0	452	470	
15	0	0	0	0	456	476	
0	0	0	0	0	459	481	
1	0	0	0	0	462	491	
2	0	0	0	0	466	503	
3	0	0	0	0	473	511	
4	0	0	0	0	479	512	
5	0	0	0	0	484	510	
6	0	0	0	0	493	506	
7	0	0	0	0	498	503	
8	0	0	0	0	499	500	
9	0	0	0	0	501	496	
10	0	0	0	0	497	493	
11	0	0	0	0	496	494	
12	0	0	0	0	500	497	
13	0	0	0	0	506	499	
14	0	0	0	0	513	500	
15	0	0	0	0	519	502	
0	0	0	0	0	526	505	
1	0	0	0	0	533	509	
2	0	0	0	0	540	514	
3	0	0	0	0	547	516	
4	0	0	0	0	553	516	
5	0	0	0	0	556	514	
6	0	0	0	0	557	508	
7	0	0	0	0	555	498	
8	0	0	0	0	550	489	
9	0	0	0	0	540	484	
10	0	0	0	0	530	484	
11	0	0	0	0	519	490	
12	0	0	0	0	513	497	
13	0	0	0	0	507	510	
14	0	0	0	0	503	522	
15	0	0	0	0	501	531	
0	0	0	0	0	500	536	
1	0	0	0	0	502	540	
2	0	0	0	0	501	542	
3	0	0	0	0	503	544	
4	0	0	0	0	503	541	
5	0	0	0	0	504	535	
6	0	0	0	0	508	531	
7	0	0	0	0	516	527	
8	0	0	0	0	524	523	
9	0	0	0	0	532	521	
10	0	0	0	0	535	520	
11	0	0	0	0	534	517	
12	0	0	0	0	531	515	
13	0	0	0	0	521	507	
14	0	0	0	0	505	499	
15	0	0	0	0	495	491	
0	0	0	0	0	486	484	
1	0	0	0	0	482	481	
2	0	0	0	0	482	484	
3	0	0	0	0	482	487	
4	0	0	0	0	483	492	
5	0	0	0	0	488	499	
6	0	0	0	0	499	508	
7	0	0	0	0	511	518	
8	0	0	0	0	518	527	
9	0	0	0	0	521	531	
10	0	0	0	0	520	530	
11	0	0	0	0	518	531	
12	0	0	0	0	519	538	
13	0	0	0	0	524	544	
14	0	0	0	0	529	549	
15	0	0	0	0	535	547	
0	0	0	0	0	541	542	
1	0	0	0	0	543	530	
2	0	0	0	0	549	520	
3	0	0	0	0	553	511	
4	0	0	0	0	551	508	
5	0	0	0	0	551	502	
6	0	0	0	0	550	492	
7	0	0	0	0	550	484	
8	0	0	0	0	547	475	
9	0	0	0	0	544	474	
10	0	0	0	0	540	482	
11	0	0	0	0	536	488	
12	0	0	0	0	535	499	
13	0	0	0	0	534	507	
14	0	0	0	0	534	507	
15	0	0	0	0	536	504	
0	0	0	0	0	534	502	
1	0	0	0	0	529	496	
2	0	0	0	0	521	487	
3	0	0	0	0	518	482	
4	0	0	0	0	515	486	
5	0	0	0	0	514	495	
6	0	0	0	0	517	509	
7	0	0	0	0	524	523	
8	0	0	0	0	526	530	
9	0	0	0	0	528	533	
10	0	0	0	0	530	537	
11	0	0	0	0	533	540	
12	0	0	0	0	532	542	
13	0	0	0	0	529	544	
14	0	0	0	0	524	544	
15	0	0	0	0	516	542	
0	0	0	0	0	511	541	
1	0	0	0	0	508	542	
2	0	0	0	0	509	547	
3	0	0	0	0	512	554	
4	0	0	0	0	516	557	
5	0	0	0	0	520	557	
6	0	0	0	0	524	551	
7	0	0	0	0	530	544	
8	0	0	0	0	536	540	
9	0	0	0	0	540	535	
10	0	0	0	0	543	532	
11	0	0	0	0	545	525	
12	0	0	0	0	551	516	
13	0	0	0	0	557	508	
14	0	0	0	0	558	497	
15	0	0	0	0	554	489	
0	0	0	0	0	546	484	
1	0	0	0	0	536	480	
2	0	0	0	0	529	480	
3	0	0	0	0	524	480	
4	0	0	0	0	524	487	
5	0	0	0	0	520	493	
6	0	0	0	0	515	495	
7	0	0	0	0	511	499	
8	0	0	0	0	511	509	
9	0	0	0	0	514	521	
10	0	0	0	0	516	529	
11	0	0	0	0	516	534	
12	0	0	0	0	518	537	
13	0	0	0	0	518	538	
14	0	0	0	0	518	541	
15	0	0	0	0	519	541	
0	0	0	0	0	523	542	
1	0	0	0	0	525	540	
2	0	0	0	0	524	542	
3	0	0	0	0	521	542	
4	0	0	0	0	519	543	
5	0	0	0	0	517	543	
6	0	0	0	0	515	546	
7	0	0	0	0	512	549	
8	0	0	0	0	512	549	
9	0	0	0	0	511	548	
10	0	0	0	0	512	547	
11	0	0	0	0	516	545	
12	0	0	0	0	520	547	
13	0	0	0	0	520	551	
14	0	0	0	0	515	550	
15	0	0	0	0	507	545	
0	0	0	0	0	497	541	
1	0	0	0	0	491	541	
2	0	0	0	0	483	543	
3	0	0	0	0	476	546	
4	0	0	0	0	467	547	
5	0	0	0	0	462	553	
6	0	0	0	0	463	565	
7	0	0	0	0	471	580	
8	0	0	0	0	483	594	
9	0	0	0	0	495	600	
10	0	0	0	0	507	599	
11	0	0	0	0	513	593	
12	0	0	0	0	519	586	
13	0	0	0	0	523	577	
14	0	0	0	0	525	563	
15	0	0	0	0	527	550	
0	0	0	0	0	526	538	
1	0	0	0	0	526	529	
2	0	0	0	0	527	523	
3	0	0	0	0	527	520	
4	0	0	0	0	528	517	
5	0	0	0	0	529	514	
6	0	0	0	0	531	513	
7	0	0	0	0	528	513	
8	0	0	0	0	527	514	
9	0	0	0	0	529	519	
10	0	0	0	0	533	523	
11	0	0	0	0	536	523	
12	0	0	0	0	536	523	
13	0	0	0	0	530	523	
14	0	0	0	0	523	525	
15	0	0	0	0	519	530	
0	0	0	0	0	516	537	
1	0	0	0	0	518	543	
2	0	0	0	0	523	551	
3	0	0	0	0	527	556	
4	0	0	0	0	527	556	
5	0	0	0	0	524	557	
6	0	0	0	0	520	553	
7	0	0	0	0	513	543	
8	0	0	0	0	507	535	
9	0	0	0	0	501	527	
10	0	0	0	0	502	527	
11	0	0	0	0	507	530	
12	0	0	0	0	512	530	
13	0	0	0	0	514	528	
14	0	0	0	0	515	524	
15	0	0	0	0	518	521	
0	0	0	0	0	518	518	
1	0	0	0	0	519	516	
2	0	0	0	0	521	520	
3	0	0	0	0	521	521	
4	0	0	0	0	519	523	
5	0	0	0	0	516	527	
6	0	0	0	0	514	535	
7	0	0	0	0	513	543	
8	0	0	0	0	512	548	
9	0	0	0	0	511	550	
10	0	0	0	0	510	550	
11	0	0	0	0	507	550	
12	0	0	0	0	505	549	
13	0	0	0	0	506	551	
14	0	0	0	0	510	552	
15	0	0	0	0	511	552	
0	0	0	0	0	504	551	
1	0	0	0	0	499	547	
2	0	0	0	0	492	541	
3	0	0	0	0	482	537	
4	0	0	0	0	474	535	
5	0	0	0	0	463	535	
6	0	0	0	0	456	536	
7	0	0	0	0	448	536	
8	0	0	0	0	441	532	
9	0	0	0	0	439	532	
10	0	0	0	0	442	536	
11	0	0	0	0	448	538	
12	0	0	0	0	455	537	
13	0	0	0	0	460	533	
14	0	0	0	0	465	530	
15	0	0	0	0	471	527	
0	0	0	0	0	475	521	
1	0	0	0	0	473	514	
2	0	0	0	0	471	507	
3	0	0	0	0	470	503	
4	0	0	0	0	472	503	
5	0	0	0	0	476	503	
6	0	0	0	0	483	507	
7	0	0	0	0	490	508	
8	0	0	0	0	493	508	
9	0	0	0	0	495	505	
10	0	0	0	0	494	498	
11	0	0	0	0	491	492	
12	0	0	0	0	489	487	
13	0	0	0	0	489	491	
14	0	0	0	0	486	501	
15	0	0	0	0	485	515	
0	0	0	0	0	479	531	
1	0	0	0	0	478	546	
2	0	0	0	0	478	563	
3	0	0	0	0	480	579	
4	0	0	0	0	482	595	
5	0	0	0	0	482	607	
6	0	0	0	0	480	611	
7	0	0	0	0	483	608	
8	0	0	0	0	484	600	
9	0	0	0	0	488	593	
10	0	0	0	0	491	582	
11	0	0	0	0	494	570	
12	0	0	0	0	497	558	
13	0	0	0	0	499	543	
14	0	0	0	0	496	526	
15	0	0	0	0	492	511	
0	0	0	0	0	485	495	
1	0	0	0	0	478	478	
2	0	0	0	0	470	465	
3	0	0	0	0	464	455	
4	0	0	0	0	456	447	
5	0	0	0	0	451	439	
6	0	0	0	0	448	433	
7	0	0	0	0	447	433	
8	0	0	0	0	448	439	
9	0	0	0	0	451	447	
10	0	0	0	0	458	461	
11	0	0	0	0	473	479	
12	0	0	0	0	494	496	
13	0	0	0	0	511	513	
14	0	0	0	0	522	526	
15	0	0	0	0	531	537	
0	0	0	0	0	537	543	
1	0	0	0	0	539	547	
2	0	0	0	0	537	549	
3	0	0	0	0	532	553	
4	0	0	0	0	527	556	
5	0	0	0	0	521	558	
6	0	0	0	0	520	559	
7	0	0	0	0	521	559	
8	0	0	0	0	520	558	
9	0	0	0	0	520	559	
10	0	0	0	0	519	559	
11	0	0	0	0	518	559	
12	0	0	0	0	513	561	
13	0	0	0	0	512	563	
14	0	0	0	0	513	561	
15	0	0	0	0	512	553	
0	0	0	0	0	511	549	
1	0	0	0	0	509	548	
2	0	0	0	0	508	552	
3	0	0	0	0	507	557	
4	0	0	0	0	508	559	
5	0	0	0	0	511	560	
6	0	0	0	0	518	560	
7	0	0	0	0	521	558	
8	0	0	0	0	524	558	
9	0	0	0	0	527	559	
10	0	0	0	0	529	560	
11	0	0	0	0	528	561	
12	0	0	0	0	521	558	
13	0	0	0	0	508	552	
14	0	0	0	0	496	549	
15	0	0	0	0	487	546	
0	0	0	0	0	483	544	
1	0	0	0	0	480	547	
2	0	0	0	0	479	554	
3	0	0	0	0	473	566	
4	0	0	0	0	469	576	
5	0	0	0	0	468	579	
6	0	0	0	0	466	579	
7	0	0	0	0	464	578	
8	0	0	0	0	463	579	
9	0	0	0	0	463	579	
10	0	0	0	0	462	577	
11	0	0	0	0	457	575	
12	0	0	0	0	454	575	
13	0	0	0	0	453	577	
14	0	0	0	0	450	580	
15	0	0	0	0	447	586	
0	0	0	0	0	444	589	
1	0	0	0	0	444	590	
2	0	0	0	0	444	591	
3	0	0	0	0	448	591	
4	0	0	0	0	455	589	
5	0	0	0	0	460	587	
6	0	0	0	0	466	588	
7	0	0	0	0	473	593	
8	0	0	0	0	484	595	
9	0	0	0	0	494	593	
10	0	0	0	0	499	586	
11	0	0	0	0	503	574	
12	0	0	0	0	504	558	
13	0	0	0	0	500	542	
14	0	0	0	0	498	531	
15	0	0	0	0	492	526	
0	0	0	0	0	485	525	
1	0	0	0	0	478	531	
2	0	0	0	0	471	539	
3	0	0	0	0	466	551	
4	0	0	0	0	463	560	
5	0	0	0	0	463	570	
6	0	0	0	0	463	577	
7	0	0	0	0	468	585	
8	0	0	0	0	471	591	
9	0	0	0	0	474	596	
10	0	0	0	0	476	604	
11	0	0	0	0	483	615	
12	0	0	0	0	489	623	
13	0	0	0	0	495	627	
14	0	0	0	0	501	627	
15	0	0	0	0	503	626	
0	0	0	0	0	502	628	
1	0	0	0	0	494	623	
2	0	0	0	0	484	615	
3	0	0	0	0	475	609	
4	0	0	0	0	463	601	
5	0	0	0	0	453	598	
6	0	0	0	0	447	600	
7	0	0	0	0	446	600	
8	0	0	0	0	446	604	
9	0	0	0	0	448	602	
10	0	0	0	0	448	596	
11	0	0	0	0	446	589	
12	0	0	0	0	447	581	
13	0	0	0	0	452	572	
14	0	0	0	0	461	562	
15	0	0	0	0	468	551	
0	0	0	0	0	475	545	
1	0	0	0	0	479	543	
2	0	0	0	0	480	547	
3	0	0	0	0	478	550	
4	0	0	0	0	475	556	
5	0	0	0	0	472	555	
6	0	0	0	0	468	555	
7	0	0	0	0	463	555	
8	0	0	0	0	458	556	
9	0	0	0	0	451	561	
10	0	0	0	0	447	565	
11	0	0	0	0	442	564	
12	0	0	0	0	438	568	
13	0	0	0	0	437	575	
14	0	0	0	0	440	582	
15	0	0	0	0	445	583	
0	0	0	0	0	454	583	
1	0	0	0	0	466	581	
2	0	0	0	0	474	583	
3	0	0	0	0	482	586	
4	0	0	0	0	487	587	
5	0	0	0	0	487	588	
6	0	0	0	0	486	585	
7	0	0	0	0	485	585	
8	0	0	0	0	486	590	
9	0	0	0	0	486	595	
10	0	0	0	0	486	596	
11	0	0	0	0	489	598	
12	0	0	0	0	494	599	
13	0	0	0	0	496	600	
14	0	0	0	0	495	598	
15	0	0	0	0	490	595	
0	0	0	0	0	487	588	
1	0	0	0	0	485	581	
2	0	0	0	0	480	576	
3	0	0	0	0	480	575	
4	0	0	0	0	479	570	
5	0	0	0	0	477	567	
6	0	0	0	0	474	565	
7	0	0	0	0	467	564	
8	0	0	0	0	463	564	
9	0	0	0	0	460	564	
10	0	0	0	0	462	568	
11	0	0	0	0	467	571	
12	0	0	0	0	472	580	
13	0	0	0	0	473	591	
14	0	0	0	0	475	596	
15	0	0	0	0	476	598	
0	0	0	0	0	476	593	
1	0	0	0	0	478	591	
2	0	0	0	0	487	594	
3	0	0	0	0	497	604	
4	0	0	0	0	505	615	
5	0	0	0	0	510	623	
6	0	0	0	0	507	629	
7	0	0	0	0	499	638	
8	0	0	0	0	489	644	
9	0	0	0	0	478	649	
10	0	0	0	0	465	655	
11	0	0	0	0	455	658	
12	0	0	0	0	444	659	
13	0	0	0	0	439	656	
14	0	0	0	0	439	649	
15	0	0	0	0	444	641	
0	0	0	0	0	451	633	
1	0	0	0	0	462	625	
2	0	0	0	0	471	622	
3	0	0	0	0	480	625	
4	0	0	0	0	484	624	
5	0	0	0	0	480	624	
6	0	0	0	0	473	630	
7	0	0	0	0	465	632	
8	0	0	0	0	455	640	
9	0	0	0	0	446	650	
10	0	0	0	0	439	657	
11	0	0	0	0	434	661	
12	0	0	0	0	429	663	
13	0	0	0	0	425	662	
14	0	0	0	0	425	654	
15	0	0	0	0	425	651	
0	0	0	0	0	429	653	
1	0	0	0	0	433	657	
2	0	0	0	0	441	667	
3	0	0	0	0	447	681	
4	0	0	0	0	451	699	
5	0	0	0	0	454	707	
6	0	0	0	0	453	711	
7	0	0	0	0	447	720	
8	0	0	0	0	440	715	
9	0	0	0	0	435	716	
10	0	0	0	0	432	716	
11	0	0	0	0	433	713	
12	0	0	0	0	432	707	
13	0	0	0	0	437	700	
14	0	0	0	0	441	689	
15	0	0	0	0	446	673	
0	0	0	0	0	448	662	
1	0	0	0	0	446	656	
2	0	0	0	0	444	656	
3	0	0	0	0	441	659	
4	0	0	0	0	440	668	
5	0	0	0	0	440	684	
6	0	0	0	0	441	699	
7	0	0	0	0	439	706	
8	0	0	0	0	437	713	
9	0	0	0	0	433	716	
10	0	0	0	0	434	711	
11	0	0	0	0	435	703	
12	0	0	0	0	440	694	
13	0	0	0	0	446	686	
14	0	0	0	0	452	679	
15	0	0	0	0	455	672	
0	0	0	0	0	455	664	
1	0	0	0	0	457	654	
2	0	0	0	0	461	646	
3	0	0	0	0	461	638	
4	0	0	0	0	462	631	
5	0	0	0	0	462	623	
6	0	0	0	0	455	620	
7	0	0	0	0	444	619	
8	0	0	0	0	432	622	
9	0	0	0	0	423	627	
10	0	0	0	0	415	633	
11	0	0	0	0	406	639	
12	0	0	0	0	396	643	
13	0	0	0	0	393	648	
14	0	0	0	0	388	655	
15	0	0	0	0	382	662	
0	0	0	0	0	378	671	
1	0	0	0	0	376	678	
2	0	0	0	0	381	684	
3	0	0	0	0	391	692	
4	0	0	0	0	408	700	
5	0	0	0	0	426	712	
6	0	0	0	0	441	716	
7	0	0	0	0	455	715	
8	0	0	0	0	464	709	
9	0	0	0	0	471	701	
10	0	0	0	0	472	691	
11	0	0	0	0	466	679	
12	0	0	0	0	455	673	
13	0	0	0	0	444	679	
14	0	0	0	0	440	683	
15	0	0	0	0	434	688	
0	0	0	0	0	429	692	
1	0	0	0	0	422	697	
2	0	0	0	0	416	707	
3	0	0	0	0	412	707	
4	0	0	0	0	408	708	
5	0	0	0	0	407	707	
6	0	0	0	0	403	699	
7	0	0	0	0	400	688	
8	0	0	0	0	395	678	
9	0	0	0	0	397	671	
10	0	0	0	0	402	668	
11	0	0	0	0	406	666	
12	0	0	0	0	412	668	
13	0	0	0	0	414	669	
14	0	0	0	0	413	669	
15	0	0	0	0	415	667	
0	0	0	0	0	421	660	
1	0	0	0	0	427	648	
2	0	0	0	0	433	634	
3	0	0	0	0	440	627	
4	0	0	0	0	446	614	
5	0	0	0	0	452	606	
6	0	0	0	0	461	604	
7	0	0	0	0	466	606	
8	0	0	0	0	467	611	
9	0	0	0	0	470	613	
10	0	0	0	0	471	610	
11	0	0	0	0	470	606	
12	0	0	0	0	472	603	
13	0	0	0	0	480	607	
14	0	0	0	0	481	613	
15	0	0	0	0	480	619	
0	0	0	0	0	478	631	
1	0	0	0	0	476	648	
2	0	0	0	0	469	660	
3	0	0	0	0	459	674	
4	0	0	0	0	442	684	
5	0	0	0	0	427	691	
6	0	0	0	0	412	694	
7	0	0	0	0	400	691	
8	0	0	0	0	391	684	
9	0	0	0	0	385	672	
10	0	0	0	0	383	661	
11	0	0	0	0	379	644	
12	0	0	0	0	376	628	
13	0	0	0	0	375	606	
14	0	0	0	0	371	590	
15	0	0	0	0	371	576	
0	0	0	0	0	376	565	
1	0	0	0	0	380	559	
2	0	0	0	0	387	554	
3	0	0	0	0	391	546	
4	0	0	0	0	393	546	
5	0	0	0	0	392	549	
6	0	0	0	0	391	550	
7	0	0	0	0	391	551	
8	0	0	0	0	395	554	
9	0	0	0	0	399	562	
10	0	0	0	0	404	569	
11	0	0	0	0	409	573	
12	0	0	0	0	415	575	
13	0	0	0	0	418	576	
14	0	0	0	0	419	568	
15	0	0	0	0	419	561	
0	0	0	0	0	417	560	
1	0	0	0	0	416	564	
2	0	0	0	0	416	572	
3	0	0	0	0	419	582	
4	0	0	0	0	423	586	
5	0	0	0	0	424	596	
6	0	0	0	0	423	604	
7	0	0	0	0	422	610	
8	0	0	0	0	425	616	
9	0	0	0	0	423	624	
10	0	0	0	0	419	634	
11	0	0	0	0	416	644	
12	0	0	0	0	415	658	
13	0	0	0	0	412	669	
14	0	0	0	0	409	673	
15	0	0	0	0	408	670	
0	0	0	0	0	406	664	
1	0	0	0	0	403	655	
2	0	0	0	0	400	646	
3	0	0	0	0	398	636	
4	0	0	0	0	397	634	
5	0	0	0	0	395	630	
6	0	0	0	0	395	625	
7	0	0	0	0	396	621	
8	0	0	0	0	399	618	
9	0	0	0	0	403	620	
10	0	0	0	0	407	623	
11	0	0	0	0	409	629	
12	0	0	0	0	411	639	
13	0	0	0	0	411	647	
14	0	0	0	0	412	653	
15	0	0	0	0	416	658	
0	0	0	0	0	423	654	
1	0	0	0	0	430	647	
2	0	0	0	0	435	636	
3	0	0	0	0	439	618	
4	0	0	0	0	441	600	
5	0	0	0	0	443	586	
6	0	0	0	0	444	575	
7	0	0	0	0	439	568	
8	0	0	0	0	435	564	
9	0	0	0	0	432	563	
10	0	0	0	0	429	568	
11	0	0	0	0	424	569	
12	0	0	0	0	417	573	
13	0	0	0	0	412	577	
14	0	0	0	0	411	582	
15	0	0	0	0	415	586	
0	0	0	0	0	420	595	
1	0	0	0	0	430	603	
2	0	0	0	0	440	606	
3	0	0	0	0	448	608	
4	0	0	0	0	446	603	
5	0	0	0	0	443	593	
6	0	0	0	0	441	586	
7	0	0	0	0	443	587	
8	0	0	0	0	446	589	
9	0	0	0	0	446	592	
10	0	0	0	0	449	597	
11	0	0	0	0	453	606	
12	0	0	0	0	455	615	
13	0	0	0	0	455	616	
14	0	0	0	0	455	608	
15	0	0	0	0	457	595	
0	0	0	0	0	457	581	
1	0	0	0	0	458	566	
2	0	0	0	0	460	557	
3	0	0	0	0	460	551	
4	0	0	0	0	456	551	
5	0	0	0	0	449	548	
6	0	0	0	0	449	549	
7	0	0	0	0	452	546	
8	0	0	0	0	456	543	
9	0	0	0	0	459	539	
10	0	0	0	0	457	529	
11	0	0	0	0	460	521	
12	0	0	0	0	462	513	
13	0	0	0	0	462	516	
14	0	0	0	0	462	525	
15	0	0	0	0	458	535	
0	0	0	0	0	459	543	
1	0	0	0	0	466	550	
2	0	0	0	0	479	558	
3	0	0	0	0	495	562	
4	0	0	0	0	509	560	
5	0	0	0	0	519	557	
6	0	0	0	0	524	551	
7	0	0	0	0	523	547	
8	0	0	0	0	517	543	
9	0	0	0	0	508	537	
10	0	0	0	0	499	532	
11	0	0	0	0	496	527	
12	0	0	0	0	496	522	
13	0	0	0	0	498	517	
14	0	0	0	0	500	514	
15	0	0	0	0	504	511	
0	0	0	0	0	509	505	
1	0	0	0	0	513	503	
2	0	0	0	0	513	510	
3	0	0	0	0	509	519	
4	0	0	0	0	503	526	
5	0	0	0	0	497	527	
6	0	0	0	0	492	525	
7	0	0	0	0	486	524	
8	0	0	0	0	483	531	
9	0	0	0	0	484	541	
10	0	0	0	0	486	555	
11	0	0	0	0	483	569	
12	0	0	0	0	479	578	
13	0	0	0	0	476	582	
14	0	0	0	0	472	582	
15	0	0	0	0	471	577	
0	0	0	0	0	468	572	
1	0	0	0	0	468	567	
2	0	0	0	0	468	562	
3	0	0	0	0	464	557	
4	0	0	0	0	456	547	
5	0	0	0	0	452	543	
6	0	0	0	0	452	535	
7	0	0	0	0	454	527	
8	0	0	0	0	455	524	
9	0	0	0	0	456	523	
10	0	0	0	0	453	526	
11	0	0	0	0	448	534	
12	0	0	0	0	441	546	
13	0	0	0	0	433	562	
14	0	0	0	0	430	582	
15	0	0	0	0	430	587	
0	0	0	0	0	432	590	
1	0	0	0	0	437	590	
2	0	0	0	0	448	591	
3	0	0	0	0	456	601	
4	0	0	0	0	465	616	
5	0	0	0	0	473	627	
6	0	0	0	0	481	633	
7	0	0	0	0	485	636	
8	0	0	0	0	487	633	
9	0	0	0	0	486	624	
10	0	0	0	0	481	608	
11	0	0	0	0	473	590	
12	0	0	0	0	466	576	
13	0	0	0	0	459	566	
14	0	0	0	0	458	559	
15	0	0	0	0	461	559	
0	0	0	0	0	468	553	
1	0	0	0	0	477	550	
2	0	0	0	0	486	551	
3	0	0	0	0	496	558	
4	0	0	0	0	501	565	
5	0	0	0	0	505	569	
6	0	0	0	0	510	568	
7	0	0	0	0	511	563	
8	0	0	0	0	508	555	
9	0	0	0	0	501	545	
10	0	0	0	0	494	531	
11	0	0	0	0	492	518	
12	0	0	0	0	489	509	
13	0	0	0	0	487	502	
14	0	0	0	0	486	501	
15	0	0	0	0	484	506	
0	0	0	0	0	480	512	
1	0	0	0	0	475	520	
2	0	0	0	0	477	525	
3	0	0	0	0	480	531	
4	0	0	0	0	480	540	
5	0	0	0	0	483	551	
6	0	0	0	0	486	563	
7	0	0	0	0	491	571	
8	0	0	0	0	496	570	
9	0	0	0	0	500	562	
10	0	0	0	0	504	553	
11	0	0	0	0	499	544	
12	0	0	0	0	492	535	
13	0	0	0	0	484	530	
14	0	0	0	0	478	523	
15	0	0	0	0	472	512	
0	0	0	0	0	469	500	
1	0	0	0	0	472	494	
2	0	0	0	0	481	489	
3	0	0	0	0	494	486	
4	0	0	0	0	506	487	
5	0	0	0	0	518	489	
6	0	0	0	0	528	492	
7	0	0	0	0	531	496	
8	0	0	0	0	533	500	
9	0	0	0	0	535	501	
10	0	0	0	0	541	504	
11	0	0	0	0	545	512	
12	0	0	0	0	548	522	
13	0	0	0	0	551	531	
14	0	0	0	0	551	542	
15	0	0	0	0	546	548	
0	0	0	0	0	544	553	
1	0	0	0	0	543	558	
2	0	0	0	0	545	560	
3	0	0	0	0	549	564	
4	0	0	0	0	550	572	
5	0	0	0	0	551	581	
6	0	0	0	0	551	593	
7	0	0	0	0	550	598	
8	0	0	0	0	545	597	
9	0	0	0	0	536	594	
10	0	0	0	0	527	583	
11	0	0	0	0	521	574	
12	0	0	0	0	512	565	
13	0	0	0	0	500	555	
14	0	0	0	0	488	544	
15	0	0	0	0	474	536	
0	0	0	0	0	460	527	
1	0	0	0	0	446	517	
2	0	0	0	0	433	506	
3	0	0	0	0	423	497	
4	0	0	0	0	419	488	
5	0	0	0	0	415	481	
6	0	0	0	0	416	481	
7	0	0	0	0	419	484	
8	0	0	0	0	423	485	
9	0	0	0	0	428	487	
10	0	0	0	0	431	490	
11	0	0	0	0	429	496	
12	0	0	0	0	425	503	
13	0	0	0	0	421	511	
14	0	0	0	0	413	519	
15	0	0	0	0	406	529	
0	0	0	0	0	399	539	
1	0	0	0	0	388	544	
2	0	0	0	0	377	546	
3	0	0	0	0	371	545	
4	0	0	0	0	368	547	
5	0	0	0	0	371	551	
6	0	0	0	0	376	558	
7	0	0	0	0	381	566	
8	0	0	0	0	388	575	
9	0	0	0	0	394	586	
10	0	0	0	0	399	586	
11	0	0	0	0	408	587	
12	0	0	0	0	418	585	
13	0	0	0	0	426	583	
14	0	0	0	0	433	577	
15	0	0	0	0	438	570	
0	0	0	0	0	441	559	
1	0	0	0	0	443	547	
2	0	0	0	0	441	538	
3	0	0	0	0	434	531	
4	0	0	0	0	427	522	
5	0	0	0	0	424	515	
6	0	0	0	0	421	511	
7	0	0	0	0	419	511	
8	0	0	0	0	422	513	
9	0	0	0	0	423	516	
10	0	0	0	0	423	517	
11	0	0	0	0	428	520	
12	0	0	0	0	429	523	
13	0	0	0	0	428	527	
14	0	0	0	0	423	531	
15	0	0	0	0	419	534	
0	0	0	0	0	419	536	
1	0	0	0	0	423	543	
2	0	0	0	0	430	553	
3	0	0	0	0	438	562	
4	0	0	0	0	444	569	
5	0	0	0	0	451	575	
6	0	0	0	0	463	578	
7	0	0	0	0	475	579	
8	0	0	0	0	486	574	
9	0	0	0	0	497	567	
10	0	0	0	0	508	558	
11	0	0	0	0	520	551	
12	0	0	0	0	528	549	
13	0	0	0	0	530	546	
14	0	0	0	0	524	543	
15	0	0	0	0	512	540	
0	0	0	0	0	498	538	
1	0	0	0	0	485	539	
2	0	0	0	0	478	539	
3	0	0	0	0	472	541	
4	0	0	0	0	471	543	
5	0	0	0	0	469	542	
6	0	0	0	0	465	543	
7	0	0	0	0	463	544	
8	0	0	0	0	460	543	
9	0	0	0	0	460	542	
10	0	0	0	0	464	538	
11	0	0	0	0	468	527	
12	0	0	0	0	472	514	
13	0	0	0	0	472	497	
14	0	0	0	0	468	479	
15	0	0	0	0	467	463	
0	0	0	0	0	472	451	
1	0	0	0	0	478	441	
2	0	0	0	0	482	441	
3	0	0	0	0	487	451	
4	0	0	0	0	495	467	
5	0	0	0	0	506	480	
6	0	0	0	0	518	487	
7	0	0	0	0	526	495	
8	0	0	0	0	531	502	
9	0	0	0	0	533	511	
10	0	0	0	0	534	518	
11	0	0	0	0	532	523	
12	0	0	0	0	526	524	
13	0	0	0	0	517	523	
14	0	0	0	0	509	520	
15	0	0	0	0	503	518	
0	0	0	0	0	496	515	
1	0	0	0	0	492	514	
2	0	0	0	0	491	515	
3	0	0	0	0	490	515	
4	0	0	0	0	492	513	
5	0	0	0	0	494	512	
6	0	0	0	0	497	511	
7	0	0	0	0	498	507	
8	0	0	0	0	497	503	
9	0	0	0	0	499	499	
10	0	0	0	0	496	490	
11	0	0	0	0	494	481	
12	0	0	0	0	489	467	
13	0	0	0	0	489	451	
14	0	0	0	0	493	439	
15	0	0	0	0	496	431	
0	0	0	0	0	501	429	
1	0	0	0	0	510	431	
2	0	0	0	0	518	436	
3	0	0	0	0	521	441	
4	0	0	0	0	526	447	
5	0	0	0	0	533	451	
6	0	0	0	0	540	452	
7	0	0	0	0	545	449	
8	0	0	0	0	546	446	
9	0	0	0	0	545	442	
10	0	0	0	0	544	438	
11	0	0	0	0	546	438	
12	0	0	0	0	544	436	
13	0	0	0	0	544	432	
14	0	0	0	0	544	434	
15	0	0	0	0	540	432	
0	0	0	0	0	535	434	
1	0	0	0	0	532	436	
2	0	0	0	0	527	434	
3	0	0	0	0	519	428	
4	0	0	0	0	519	418	
5	0	0	0	0	521	409	
6	0	0	0	0	527	401	
7	0	0	0	0	539	396	
8	0	0	0	0	552	390	
9	0	0	0	0	568	395	
10	0	0	0	0	579	401	
11	0	0	0	0	580	406	
12	0	0	0	0	572	408	
13	0	0	0	0	560	411	
14	0	0	0	0	555	419	
15	0	0	0	0	556	435	
0	0	0	0	0	558	457	
1	0	0	0	0	558	476	
2	0	0	0	0	558	488	
3	0	0	0	0	557	496	
4	0	0	0	0	558	499	
5	0	0	0	0	551	503	
6	0	0	0	0	545	509	
7	0	0	0	0	536	513	
8	0	0	0	0	524	521	
9	0	0	0	0	511	536	
10	0	0	0	0	500	557	
11	0	0	0	0	496	581	
12	0	0	0	0	497	603	
13	0	0	0	0	502	618	
14	0	0	0	0	509	623	
15	0	0	0	0	519	616	
0	0	0	0	0	530	595	
1	0	0	0	0	536	563	
2	0	0	0	0	540	523	
3	0	0	0	0	540	473	
4	0	0	0	0	539	423	
5	0	0	0	0	539	380	
6	0	0	0	0	539	343	
7	0	0	0	0	538	316	
8	0	0	0	0	538	299	
9	0	0	0	0	538	284	
10	0	0	0	0	539	267	
11	0	0	0	0	545	259	
12	0	0	0	0	554	256	
13	0	0	0	0	568	255	
14	0	0	0	0	582	260	
15	0	0	0	0	598	264	
0	0	0	0	0	615	260	
1	0	0	0	0	632	264	
2	0	0	0	0	646	263	
3	0	0	0	0	664	259	
4	0	0	0	0	674	272	
5	0	0	0	0	675	274	
6	0	0	0	0	673	269	
7	0	0	0	0	673	275	
8	0	0	0	0	671	270	
9	0	0	0	0	669	277	
10	0	0	0	0	667	284	
11	0	0	0	0	666	287	
12	0	0	0	0	663	301	
13	0	0	0	0	659	306	
14	0	0	0	0	657	305	
15	0	0	0	0	657	307	
0	0	0	0	0	658	299	
1	0	0	0	0	658	295	
2	0	0	0	0	657	285	
3	0	0	0	0	653	272	
4	0	0	0	0	645	269	
5	0	0	0	0	638	260	
6	0	0	0	0	633	252	
7	0	0	0	0	632	259	
8	0	0	0	0	634	260	
9	0	0	0	0	636	266	
10	0	0	0	0	639	280	
11	0	0	0	0	644	289	
12	0	0	0	0	643	291	
13	0	0	0	0	636	299	
14	0	0	0	0	625	303	
15	0	0	0	0	613	303	
0	0	0	0	0	605	312	
1	0	0	0	0	599	313	
2	0	0	0	0	595	313	
3	0	0	0	0	590	318	
4	0	0	0	0	583	317	
5	0	0	0	0	579	324	
6	0	0	0	0	578	332	
7	0	0	0	0	574	336	
8	0	0	0	0	568	343	
9	0	0	0	0	563	344	
10	0	0	0	0	563	344	
11	0	0	0	0	567	354	
12	0	0	0	0	573	359	
13	0	0	0	0	582	366	
14	0	0	0	0	592	372	
15	0	0	0	0	601	379	
0	0	0	0	0	607	384	
1	0	0	0	0	607	387	
2	0	0	0	0	608	394	
3	0	0	0	0	611	401	
4	0	0	0	0	611	409	
5	0	0	0	0	610	416	
6	0	0	0	0	611	428	
7	0	0	0	0	612	431	
8	0	0	0	0	612	430	
9	0	0	0	0	613	433	
10	0	0	0	0	612	432	
11	0	0	0	0	608	427	
12	0	0	0	0	600	419	
13	0	0	0	0	591	408	
14	0	0	0	0	582	393	
15	0	0	0	0	574	375	
0	0	0	0	0	568	354	
1	0	0	0	0	560	340	
2	0	0	0	0	554	328	
3	0	0	0	0	550	319	
4	0	0	0	0	548	324	
5	0	0	0	0	545	325	
6	0	0	0	0	544	328	
7	0	0	0	0	545	338	
8	0	0	0	0	545	350	
9	0	0	0	0	543	366	
10	0	0	0	0	544	383	
11	0	0	0	0	546	398	
12	0	0	0	0	545	412	
13	0	0	0	0	545	424	
14	0	0	0	0	540	436	
15	0	0	0	0	531	446	
0	0	0	0	0	520	447	
1	0	0	0	0	512	439	
2	0	0	0	0	505	422	
3	0	0	0	0	506	406	
4	0	0	0	0	513	400	
5	0	0	0	0	524	403	
6	0	0	0	0	536	409	
7	0	0	0	0	549	416	
8	0	0	0	0	561	428	
9	0	0	0	0	568	436	
10	0	0	0	0	571	442	
11	0	0	0	0	571	447	
12	0	0	0	0	570	447	
13	0	0	0	0	571	442	
14	0	0	0	0	568	436	
15	0	0	0	0	565	435	
0	0	0	0	0	563	437	
1	0	0	0	0	556	442	
