# OpenSignals Text File Format. Version 1
# {"98:D3:41:FE:30:BA": {"position": 0, "device": "bitalino_rev", "device name": "98:D3:41:FE:30:BA", "device connection": "BTH98:D3:41:FE:30:BA", "sampling rate": 1000, "resolution": [4, 1, 1, 1, 1, 10, 10], "firmware version": 1282, "comments": "", "keywords": "", "mode": 0, "sync interval": 2, "date": "2026-9-25", "time": "12:16:11.368", "channels": [1, 2], "sensor": ["EEGBITREV", "EEGBITREV"], "label": ["A1", "A2"], "column": ["nSeq", "I1", "I2", "O1", "O2", "A1", "A2"], "special": [{}, {}], "digital IO": [0, 0, 1, 1]}}
# EndOfHeader
0	0	0	0	0	470	487	
1	0	0	0	0	472	485	
2	0	0	0	0	475	483	
3	0	0	0	0	476	480	
4	0	0	0	0	473	477	
5	0	0	0	0	473	476	
6	0	0	0	0	474	472	
7	0	0	0	0	476	466	
8	0	0	0	0	476	461	
9	0	0	0	0	476	458	
10	0	0	0	0	478	454	
11	0	0	0	0	478	452	
12	0	0	0	0	479	451	
13	0	0	0	0	483	453	
14	0	0	0	0	487	458	
15	0	0	0	0	492	465	
0	0	0	0	0	497	472	
1	0	0	0	0	503	481	
2	0	0	0	0	507	487	
3	0	0	0	0	511	493	
4	0	0	0	0	513	499	
5	0	0	0	0	518	508	
6	0	0	0	0	520	515	
7	0	0	0	0	524	524	
8	0	0	0	0	524	528	
9	0	0	0	0	521	527	
10	0	0	0	0	519	527	
11	0	0	0	0	519	529	
12	0	0	0	0	518	530	
13	0	0	0	0	517	529	
14	0	0	0	0	519	531	
15	0	0	0	0	523	534	
0	0	0	0	0	529	540	
1	0	0	0	0	539	547	
2	0	0	0	0	543	551	
3	0	0	0	0	543	551	
4	0	0	0	0	541	548	
5	0	0	0	0	538	543	
6	0	0	0	0	534	541	
7	0	0	0	0	527	538	
8	0	0	0	0	524	535	
9	0	0	0	0	523	531	
10	0	0	0	0	521	530	
11	0	0	0	0	519	529	
12	0	0	0	0	518	527	
13	0	0	0	0	521	525	
14	0	0	0	0	521	523	
15	0	0	0	0	523	519	
0	0	0	0	0	523	517	
1	0	0	0	0	521	511	
2	0	0	0	0	519	501	
3	0	0	0	0	516	493	
4	0	0	0	0	517	491	
5	0	0	0	0	516	491	
6	0	0	0	0	512	495	
7	0	0	0	0	507	496	
8	0	0	0	0	503	496	
9	0	0	0	0	497	496	
10	0	0	0	0	492	496	
11	0	0	0	0	487	500	
12	0	0	0	0	484	502	
13	0	0	0	0	485	505	
14	0	0	0	0	491	510	
15	0	0	0	0	495	512	
0	0	0	0	0	499	513	
1	0	0	0	0	503	512	
2	0	0	0	0	504	511	
3	0	0	0	0	505	508	
4	0	0	0	0	507	508	
5	0	0	0	0	511	508	
6	0	0	0	0	515	511	
7	0	0	0	0	519	516	
8	0	0	0	0	521	522	
9	0	0	0	0	526	521	
10	0	0	0	0	530	521	
11	0	0	0	0	532	517	
12	0	0	0	0	536	514	
13	0	0	0	0	542	512	
14	0	0	0	0	543	513	
15	0	0	0	0	542	514	
0	0	0	0	0	544	517	
1	0	0	0	0	543	519	
2	0	0	0	0	543	516	
3	0	0	0	0	540	509	
4	0	0	0	0	535	497	
5	0	0	0	0	528	486	
6	0	0	0	0	522	481	
7	0	0	0	0	517	478	
8	0	0	0	0	512	475	
9	0	0	0	0	506	470	
10	0	0	0	0	501	468	
11	0	0	0	0	495	465	
12	0	0	0	0	487	461	
13	0	0	0	0	479	460	
14	0	0	0	0	476	462	
15	0	0	0	0	474	465	
0	0	0	0	0	478	467	
1	0	0	0	0	482	467	
2	0	0	0	0	483	465	
3	0	0	0	0	485	463	
4	0	0	0	0	487	460	
5	0	0	0	0	490	454	
6	0	0	0	0	492	454	
7	0	0	0	0	494	458	
8	0	0	0	0	498	465	
9	0	0	0	0	501	472	
10	0	0	0	0	504	478	
11	0	0	0	0	506	486	
12	0	0	0	0	511	491	
13	0	0	0	0	516	493	
14	0	0	0	0	522	496	
15	0	0	0	0	525	498	
0	0	0	0	0	525	501	
1	0	0	0	0	525	501	
2	0	0	0	0	521	500	
3	0	0	0	0	518	499	
4	0	0	0	0	516	500	
5	0	0	0	0	517	503	
6	0	0	0	0	519	507	
7	0	0	0	0	519	509	
8	0	0	0	0	516	509	
9	0	0	0	0	510	505	
10	0	0	0	0	505	497	
11	0	0	0	0	501	487	
12	0	0	0	0	496	479	
13	0	0	0	0	492	475	
14	0	0	0	0	489	474	
15	0	0	0	0	488	477	
0	0	0	0	0	487	478	
1	0	0	0	0	484	474	
2	0	0	0	0	487	473	
3	0	0	0	0	490	474	
4	0	0	0	0	494	477	
5	0	0	0	0	498	483	
6	0	0	0	0	500	492	
7	0	0	0	0	503	496	
8	0	0	0	0	504	502	
9	0	0	0	0	502	506	
10	0	0	0	0	499	510	
11	0	0	0	0	499	514	
12	0	0	0	0	499	518	
13	0	0	0	0	497	523	
14	0	0	0	0	493	527	
15	0	0	0	0	492	530	
0	0	0	0	0	496	530	
1	0	0	0	0	499	528	
2	0	0	0	0	503	527	
3	0	0	0	0	509	525	
4	0	0	0	0	513	525	
5	0	0	0	0	520	524	
6	0	0	0	0	526	522	
7	0	0	0	0	530	522	
8	0	0	0	0	537	523	
9	0	0	0	0	544	525	
10	0	0	0	0	546	524	
11	0	0	0	0	544	521	
12	0	0	0	0	540	519	
13	0	0	0	0	536	516	
14	0	0	0	0	532	514	
15	0	0	0	0	529	512	
0	0	0	0	0	531	511	
1	0	0	0	0	535	510	
2	0	0	0	0	537	507	
3	0	0	0	0	535	506	
4	0	0	0	0	536	506	
5	0	0	0	0	541	508	
6	0	0	0	0	548	512	
7	0	0	0	0	553	511	
8	0	0	0	0	557	511	
9	0	0	0	0	558	512	
10	0	0	0	0	557	509	
11	0	0	0	0	557	506	
12	0	0	0	0	555	507	
13	0	0	0	0	556	511	
14	0	0	0	0	554	517	
15	0	0	0	0	554	523	
0	0	0	0	0	553	533	
1	0	0	0	0	550	540	
2	0	0	0	0	549	541	
3	0	0	0	0	548	535	
4	0	0	0	0	546	525	
5	0	0	0	0	546	512	
6	0	0	0	0	543	499	
7	0	0	0	0	541	487	
8	0	0	0	0	540	483	
9	0	0	0	0	538	482	
10	0	0	0	0	541	481	
11	0	0	0	0	547	482	
12	0	0	0	0	548	486	
13	0	0	0	0	545	490	
14	0	0	0	0	539	495	
15	0	0	0	0	530	503	
0	0	0	0	0	521	509	
1	0	0	0	0	517	515	
2	0	0	0	0	511	520	
3	0	0	0	0	507	524	
4	0	0	0	0	505	524	
5	0	0	0	0	503	522	
6	0	0	0	0	502	524	
7	0	0	0	0	499	523	
8	0	0	0	0	493	519	
9	0	0	0	0	490	517	
10	0	0	0	0	487	519	
11	0	0	0	0	484	521	
12	0	0	0	0	485	524	
13	0	0	0	0	486	533	
14	0	0	0	0	489	544	
15	0	0	0	0	491	553	
0	0	0	0	0	492	561	
1	0	0	0	0	494	571	
2	0	0	0	0	496	574	
3	0	0	0	0	498	572	
4	0	0	0	0	499	563	
5	0	0	0	0	499	551	
6	0	0	0	0	501	539	
7	0	0	0	0	500	529	
8	0	0	0	0	495	524	
9	0	0	0	0	492	521	
10	0	0	0	0	485	523	
11	0	0	0	0	481	525	
12	0	0	0	0	480	528	
13	0	0	0	0	480	531	
14	0	0	0	0	485	534	
15	0	0	0	0	491	534	
0	0	0	0	0	494	531	
1	0	0	0	0	496	526	
2	0	0	0	0	499	519	
3	0	0	0	0	501	515	
4	0	0	0	0	500	511	
5	0	0	0	0	502	506	
6	0	0	0	0	500	504	
7	0	0	0	0	499	504	
8	0	0	0	0	503	501	
9	0	0	0	0	503	497	
10	0	0	0	0	499	490	
11	0	0	0	0	495	485	
12	0	0	0	0	490	484	
13	0	0	0	0	486	487	
14	0	0	0	0	483	491	
15	0	0	0	0	479	494	
0	0	0	0	0	473	499	
1	0	0	0	0	472	505	
2	0	0	0	0	474	511	
3	0	0	0	0	474	514	
4	0	0	0	0	474	515	
5	0	0	0	0	472	515	
6	0	0	0	0	471	518	
7	0	0	0	0	472	524	
8	0	0	0	0	474	532	
9	0	0	0	0	476	534	
10	0	0	0	0	481	536	
11	0	0	0	0	487	534	
12	0	0	0	0	491	530	
13	0	0	0	0	494	524	
14	0	0	0	0	495	520	
15	0	0	0	0	491	513	
0	0	0	0	0	486	507	
1	0	0	0	0	480	503	
2	0	0	0	0	475	497	
3	0	0	0	0	468	491	
4	0	0	0	0	465	485	
5	0	0	0	0	460	481	
6	0	0	0	0	457	483	
7	0	0	0	0	461	481	
8	0	0	0	0	464	482	
9	0	0	0	0	472	481	
10	0	0	0	0	480	482	
11	0	0	0	0	487	482	
12	0	0	0	0	490	481	
13	0	0	0	0	490	479	
14	0	0	0	0	492	478	
15	0	0	0	0	497	480	
0	0	0	0	0	502	483	
1	0	0	0	0	505	487	
2	0	0	0	0	504	492	
3	0	0	0	0	502	494	
4	0	0	0	0	499	496	
5	0	0	0	0	496	501	
6	0	0	0	0	497	512	
7	0	0	0	0	501	524	
8	0	0	0	0	502	535	
9	0	0	0	0	506	539	
10	0	0	0	0	511	539	
11	0	0	0	0	519	537	
12	0	0	0	0	526	534	
13	0	0	0	0	530	534	
14	0	0	0	0	531	535	
15	0	0	0	0	529	537	
0	0	0	0	0	524	538	
1	0	0	0	0	522	536	
2	0	0	0	0	521	533	
3	0	0	0	0	520	531	
4	0	0	0	0	524	526	
5	0	0	0	0	528	519	
6	0	0	0	0	529	515	
7	0	0	0	0	532	513	
8	0	0	0	0	538	513	
9	0	0	0	0	542	510	
10	0	0	0	0	546	504	
11	0	0	0	0	548	499	
12	0	0	0	0	551	496	
13	0	0	0	0	550	489	
14	0	0	0	0	546	480	
15	0	0	0	0	543	477	
0	0	0	0	0	539	475	
1	0	0	0	0	536	472	
2	0	0	0	0	533	474	
3	0	0	0	0	527	483	
4	0	0	0	0	523	494	
5	0	0	0	0	521	500	
6	0	0	0	0	519	500	
7	0	0	0	0	518	497	
8	0	0	0	0	516	492	
9	0	0	0	0	516	486	
10	0	0	0	0	518	487	
11	0	0	0	0	520	489	
12	0	0	0	0	525	495	
13	0	0	0	0	529	500	
14	0	0	0	0	533	507	
15	0	0	0	0	532	511	
0	0	0	0	0	533	514	
1	0	0	0	0	531	512	
2	0	0	0	0	529	511	
3	0	0	0	0	528	510	
4	0	0	0	0	531	510	
5	0	0	0	0	528	512	
6	0	0	0	0	524	516	
7	0	0	0	0	524	525	
8	0	0	0	0	524	537	
9	0	0	0	0	526	547	
10	0	0	0	0	525	557	
11	0	0	0	0	525	564	
12	0	0	0	0	523	566	
13	0	0	0	0	522	559	
14	0	0	0	0	519	547	
15	0	0	0	0	517	535	
0	0	0	0	0	516	521	
1	0	0	0	0	516	513	
2	0	0	0	0	518	506	
3	0	0	0	0	521	499	
4	0	0	0	0	525	493	
5	0	0	0	0	529	486	
6	0	0	0	0	530	479	
7	0	0	0	0	528	475	
8	0	0	0	0	527	472	
9	0	0	0	0	526	474	
10	0	0	0	0	523	478	
11	0	0	0	0	520	484	
12	0	0	0	0	519	489	
13	0	0	0	0	516	494	
14	0	0	0	0	511	498	
15	0	0	0	0	507	502	
0	0	0	0	0	503	506	
1	0	0	0	0	497	510	
2	0	0	0	0	492	513	
3	0	0	0	0	486	518	
4	0	0	0	0	479	523	
5	0	0	0	0	475	525	
6	0	0	0	0	475	523	
7	0	0	0	0	474	517	
8	0	0	0	0	475	512	
9	0	0	0	0	476	510	
10	0	0	0	0	478	505	
11	0	0	0	0	481	496	
12	0	0	0	0	487	486	
13	0	0	0	0	494	478	
14	0	0	0	0	505	473	
15	0	0	0	0	517	471	
0	0	0	0	0	527	467	
1	0	0	0	0	530	463	
2	0	0	0	0	531	460	
3	0	0	0	0	531	460	
4	0	0	0	0	531	460	
5	0	0	0	0	530	460	
6	0	0	0	0	530	457	
7	0	0	0	0	534	454	
8	0	0	0	0	536	450	
9	0	0	0	0	537	448	
10	0	0	0	0	540	444	
11	0	0	0	0	541	444	
12	0	0	0	0	546	443	
13	0	0	0	0	551	442	
14	0	0	0	0	555	444	
15	0	0	0	0	556	446	
0	0	0	0	0	555	449	
1	0	0	0	0	553	453	
2	0	0	0	0	548	463	
3	0	0	0	0	544	471	
4	0	0	0	0	539	474	
5	0	0	0	0	532	480	
6	0	0	0	0	527	484	
7	0	0	0	0	526	487	
8	0	0	0	0	529	487	
9	0	0	0	0	532	489	
10	0	0	0	0	533	494	
11	0	0	0	0	532	495	
12	0	0	0	0	529	495	
13	0	0	0	0	530	490	
14	0	0	0	0	527	481	
15	0	0	0	0	524	473	
0	0	0	0	0	522	472	
1	0	0	0	0	520	475	
2	0	0	0	0	519	478	
3	0	0	0	0	519	481	
4	0	0	0	0	521	483	
5	0	0	0	0	521	481	
6	0	0	0	0	514	485	
7	0	0	0	0	507	485	
8	0	0	0	0	500	485	
9	0	0	0	0	494	482	
10	0	0	0	0	488	481	
11	0	0	0	0	483	482	
12	0	0	0	0	480	482	
13	0	0	0	0	474	479	
14	0	0	0	0	468	475	
15	0	0	0	0	464	469	
0	0	0	0	0	460	463	
1	0	0	0	0	459	455	
2	0	0	0	0	460	452	
3	0	0	0	0	460	454	
4	0	0	0	0	463	456	
5	0	0	0	0	467	460	
6	0	0	0	0	468	462	
7	0	0	0	0	468	462	
8	0	0	0	0	465	460	
9	0	0	0	0	459	459	
10	0	0	0	0	454	458	
11	0	0	0	0	451	460	
12	0	0	0	0	449	468	
13	0	0	0	0	449	480	
14	0	0	0	0	445	490	
15	0	0	0	0	440	500	
0	0	0	0	0	438	511	
1	0	0	0	0	439	521	
2	0	0	0	0	445	524	
3	0	0	0	0	455	524	
4	0	0	0	0	468	519	
5	0	0	0	0	478	512	
6	0	0	0	0	487	504	
7	0	0	0	0	496	492	
8	0	0	0	0	503	475	
9	0	0	0	0	509	455	
10	0	0	0	0	515	433	
11	0	0	0	0	519	412	
12	0	0	0	0	525	395	
13	0	0	0	0	526	380	
14	0	0	0	0	530	368	
15	0	0	0	0	528	355	
0	0	0	0	0	524	347	
1	0	0	0	0	520	339	
2	0	0	0	0	517	333	
3	0	0	0	0	516	335	
4	0	0	0	0	518	336	
5	0	0	0	0	518	339	
6	0	0	0	0	519	337	
7	0	0	0	0	524	331	
8	0	0	0	0	528	333	
9	0	0	0	0	537	328	
10	0	0	0	0	547	326	
11	0	0	0	0	557	324	
12	0	0	0	0	565	318	
13	0	0	0	0	569	317	
14	0	0	0	0	569	317	
15	0	0	0	0	571	316	
0	0	0	0	0	569	313	
1	0	0	0	0	568	308	
2	0	0	0	0	564	310	
3	0	0	0	0	563	306	
4	0	0	0	0	564	300	
5	0	0	0	0	565	305	
6	0	0	0	0	570	308	
7	0	0	0	0	575	311	
8	0	0	0	0	578	327	
9	0	0	0	0	579	339	
10	0	0	0	0	575	350	
11	0	0	0	0	571	356	
12	0	0	0	0	572	360	
13	0	0	0	0	575	364	
14	0	0	0	0	576	365	
15	0	0	0	0	577	366	
0	0	0	0	0	577	368	
1	0	0	0	0	577	367	
2	0	0	0	0	575	366	
3	0	0	0	0	572	372	
4	0	0	0	0	573	376	
5	0	0	0	0	574	377	
6	0	0	0	0	572	385	
7	0	0	0	0	569	384	
8	0	0	0	0	565	383	
9	0	0	0	0	560	377	
10	0	0	0	0	557	376	
11	0	0	0	0	554	387	
12	0	0	0	0	548	401	
13	0	0	0	0	545	412	
14	0	0	0	0	539	423	
15	0	0	0	0	533	432	
0	0	0	0	0	531	435	
1	0	0	0	0	529	435	
2	0	0	0	0	530	433	
3	0	0	0	0	534	429	
4	0	0	0	0	537	423	
5	0	0	0	0	540	415	
6	0	0	0	0	542	417	
7	0	0	0	0	542	416	
8	0	0	0	0	541	419	
9	0	0	0	0	539	422	
10	0	0	0	0	538	423	
11	0	0	0	0	535	422	
12	0	0	0	0	529	419	
13	0	0	0	0	522	420	
14	0	0	0	0	514	422	
15	0	0	0	0	507	423	
0	0	0	0	0	497	424	
1	0	0	0	0	492	426	
2	0	0	0	0	491	426	
3	0	0	0	0	493	424	
4	0	0	0	0	495	418	
5	0	0	0	0	498	414	
6	0	0	0	0	504	411	
7	0	0	0	0	508	411	
8	0	0	0	0	511	413	
9	0	0	0	0	512	419	
10	0	0	0	0	511	422	
11	0	0	0	0	513	426	
12	0	0	0	0	518	431	
13	0	0	0	0	519	433	
14	0	0	0	0	520	434	
15	0	0	0	0	523	433	
0	0	0	0	0	523	429	
1	0	0	0	0	520	422	
2	0	0	0	0	517	416	
3	0	0	0	0	513	419	
4	0	0	0	0	510	423	
5	0	0	0	0	504	423	
6	0	0	0	0	496	418	
7	0	0	0	0	490	409	
8	0	0	0	0	483	404	
9	0	0	0	0	481	403	
10	0	0	0	0	480	407	
11	0	0	0	0	484	413	
12	0	0	0	0	486	420	
13	0	0	0	0	485	431	
14	0	0	0	0	483	442	
15	0	0	0	0	482	451	
0	0	0	0	0	483	461	
1	0	0	0	0	487	472	
2	0	0	0	0	492	481	
3	0	0	0	0	497	491	
4	0	0	0	0	505	503	
5	0	0	0	0	514	515	
6	0	0	0	0	522	523	
7	0	0	0	0	524	529	
8	0	0	0	0	523	534	
9	0	0	0	0	521	536	
10	0	0	0	0	518	539	
11	0	0	0	0	518	535	
12	0	0	0	0	511	529	
13	0	0	0	0	504	521	
14	0	0	0	0	498	513	
15	0	0	0	0	496	504	
0	0	0	0	0	495	496	
1	0	0	0	0	494	492	
2	0	0	0	0	490	491	
3	0	0	0	0	488	492	
4	0	0	0	0	490	495	
5	0	0	0	0	491	498	
6	0	0	0	0	493	496	
7	0	0	0	0	492	495	
8	0	0	0	0	490	494	
9	0	0	0	0	491	498	
10	0	0	0	0	489	504	
11	0	0	0	0	486	513	
12	0	0	0	0	483	516	
13	0	0	0	0	481	515	
14	0	0	0	0	480	515	
15	0	0	0	0	484	513	
0	0	0	0	0	489	513	
1	0	0	0	0	494	517	
2	0	0	0	0	501	517	
3	0	0	0	0	507	513	
4	0	0	0	0	513	508	
5	0	0	0	0	515	505	
6	0	0	0	0	519	508	
7	0	0	0	0	521	514	
8	0	0	0	0	524	516	
9	0	0	0	0	528	514	
10	0	0	0	0	528	510	
11	0	0	0	0	527	508	
12	0	0	0	0	525	506	
13	0	0	0	0	521	502	
14	0	0	0	0	517	497	
15	0	0	0	0	511	492	
0	0	0	0	0	504	487	
1	0	0	0	0	497	486	
2	0	0	0	0	490	487	
3	0	0	0	0	486	490	
4	0	0	0	0	481	499	
5	0	0	0	0	475	507	
6	0	0	0	0	475	512	
7	0	0	0	0	475	518	
8	0	0	0	0	476	520	
9	0	0	0	0	479	527	
10	0	0	0	0	484	537	
11	0	0	0	0	492	547	
12	0	0	0	0	500	555	
13	0	0	0	0	508	560	
14	0	0	0	0	511	558	
15	0	0	0	0	518	550	
0	0	0	0	0	521	546	
1	0	0	0	0	523	548	
2	0	0	0	0	523	551	
3	0	0	0	0	524	554	
4	0	0	0	0	525	556	
5	0	0	0	0	526	553	
6	0	0	0	0	527	547	
7	0	0	0	0	529	545	
8	0	0	0	0	529	545	
9	0	0	0	0	530	541	
10	0	0	0	0	534	537	
11	0	0	0	0	537	536	
12	0	0	0	0	544	534	
13	0	0	0	0	546	532	
14	0	0	0	0	542	528	
15	0	0	0	0	534	525	
0	0	0	0	0	520	527	
1	0	0	0	0	504	531	
2	0	0	0	0	489	537	
3	0	0	0	0	476	545	
4	0	0	0	0	468	555	
5	0	0	0	0	464	564	
6	0	0	0	0	461	572	
7	0	0	0	0	461	576	
8	0	0	0	0	462	578	
9	0	0	0	0	471	570	
10	0	0	0	0	483	561	
11	0	0	0	0	498	547	
12	0	0	0	0	507	529	
13	0	0	0	0	512	508	
14	0	0	0	0	511	491	
15	0	0	0	0	512	477	
0	0	0	0	0	516	465	
1	0	0	0	0	524	458	
2	0	0	0	0	532	456	
3	0	0	0	0	540	458	
4	0	0	0	0	547	455	
5	0	0	0	0	555	446	
6	0	0	0	0	561	435	
7	0	0	0	0	569	420	
8	0	0	0	0	579	403	
9	0	0	0	0	588	387	
10	0	0	0	0	596	380	
11	0	0	0	0	604	376	
12	0	0	0	0	612	375	
13	0	0	0	0	620	382	
14	0	0	0	0	622	387	
15	0	0	0	0	618	396	
0	0	0	0	0	609	411	
1	0	0	0	0	602	429	
2	0	0	0	0	597	447	
3	0	0	0	0	592	462	
4	0	0	0	0	583	470	
5	0	0	0	0	569	469	
6	0	0	0	0	556	466	
7	0	0	0	0	551	464	
8	0	0	0	0	548	455	
9	0	0	0	0	543	448	
10	0	0	0	0	536	445	
11	0	0	0	0	532	445	
12	0	0	0	0	529	442	
13	0	0	0	0	531	444	
14	0	0	0	0	528	446	
15	0	0	0	0	525	454	
0	0	0	0	0	521	456	
1	0	0	0	0	519	457	
2	0	0	0	0	519	461	
3	0	0	0	0	523	462	
4	0	0	0	0	527	461	
5	0	0	0	0	533	462	
6	0	0	0	0	540	463	
7	0	0	0	0	553	464	
8	0	0	0	0	566	467	
9	0	0	0	0	577	470	
10	0	0	0	0	590	475	
11	0	0	0	0	601	482	
12	0	0	0	0	607	487	
13	0	0	0	0	608	491	
14	0	0	0	0	600	499	
15	0	0	0	0	591	504	
0	0	0	0	0	585	504	
1	0	0	0	0	579	501	
2	0	0	0	0	572	499	
3	0	0	0	0	562	500	
4	0	0	0	0	553	498	
5	0	0	0	0	544	492	
6	0	0	0	0	536	483	
7	0	0	0	0	531	481	
8	0	0	0	0	531	481	
9	0	0	0	0	536	480	
10	0	0	0	0	541	477	
11	0	0	0	0	545	474	
12	0	0	0	0	545	468	
13	0	0	0	0	546	467	
14	0	0	0	0	543	471	
15	0	0	0	0	542	472	
0	0	0	0	0	542	477	
1	0	0	0	0	540	481	
2	0	0	0	0	539	488	
3	0	0	0	0	536	495	
4	0	0	0	0	531	502	
5	0	0	0	0	528	506	
6	0	0	0	0	527	512	
7	0	0	0	0	528	519	
8	0	0	0	0	531	521	
9	0	0	0	0	534	524	
10	0	0	0	0	537	524	
11	0	0	0	0	537	519	
12	0	0	0	0	538	514	
13	0	0	0	0	536	510	
14	0	0	0	0	531	506	
15	0	0	0	0	528	508	
0	0	0	0	0	523	507	
1	0	0	0	0	516	505	
2	0	0	0	0	511	504	
3	0	0	0	0	509	505	
4	0	0	0	0	507	510	
5	0	0	0	0	510	520	
6	0	0	0	0	513	529	
7	0	0	0	0	514	537	
8	0	0	0	0	515	541	
9	0	0	0	0	516	539	
10	0	0	0	0	516	532	
11	0	0	0	0	517	523	
12	0	0	0	0	520	511	
13	0	0	0	0	522	501	
14	0	0	0	0	523	495	
15	0	0	0	0	524	492	
0	0	0	0	0	527	495	
1	0	0	0	0	529	499	
2	0	0	0	0	527	500	
3	0	0	0	0	525	502	
4	0	0	0	0	524	507	
5	0	0	0	0	520	511	
6	0	0	0	0	514	517	
7	0	0	0	0	505	523	
8	0	0	0	0	498	527	
9	0	0	0	0	494	528	
10	0	0	0	0	489	528	
11	0	0	0	0	487	529	
12	0	0	0	0	487	527	
13	0	0	0	0	488	525	
14	0	0	0	0	486	524	
15	0	0	0	0	480	523	
0	0	0	0	0	475	527	
1	0	0	0	0	471	536	
2	0	0	0	0	469	547	
3	0	0	0	0	467	559	
4	0	0	0	0	467	564	
5	0	0	0	0	466	568	
6	0	0	0	0	467	564	
7	0	0	0	0	472	559	
8	0	0	0	0	480	552	
9	0	0	0	0	486	548	
10	0	0	0	0	491	540	
11	0	0	0	0	494	532	
12	0	0	0	0	499	525	
13	0	0	0	0	503	524	
14	0	0	0	0	507	523	
15	0	0	0	0	512	524	
0	0	0	0	0	518	522	
1	0	0	0	0	524	521	
2	0	0	0	0	525	521	
3	0	0	0	0	522	519	
4	0	0	0	0	515	519	
5	0	0	0	0	506	516	
6	0	0	0	0	502	517	
7	0	0	0	0	498	517	
8	0	0	0	0	494	517	
9	0	0	0	0	489	521	
10	0	0	0	0	490	529	
11	0	0	0	0	492	536	
12	0	0	0	0	494	540	
13	0	0	0	0	494	541	
14	0	0	0	0	489	541	
15	0	0	0	0	485	540	
0	0	0	0	0	481	539	
1	0	0	0	0	479	539	
2	0	0	0	0	477	541	
3	0	0	0	0	477	545	
4	0	0	0	0	478	548	
5	0	0	0	0	481	545	
6	0	0	0	0	481	541	
7	0	0	0	0	483	532	
8	0	0	0	0	483	522	
9	0	0	0	0	481	516	
10	0	0	0	0	485	513	
11	0	0	0	0	490	514	
12	0	0	0	0	495	515	
13	0	0	0	0	499	514	
14	0	0	0	0	499	515	
15	0	0	0	0	495	518	
0	0	0	0	0	492	523	
1	0	0	0	0	488	527	
2	0	0	0	0	484	534	
3	0	0	0	0	479	532	
4	0	0	0	0	477	531	
5	0	0	0	0	474	534	
6	0	0	0	0	475	545	
7	0	0	0	0	475	555	
8	0	0	0	0	476	564	
9	0	0	0	0	479	572	
10	0	0	0	0	483	575	
11	0	0	0	0	490	578	
12	0	0	0	0	495	581	
13	0	0	0	0	497	582	
14	0	0	0	0	499	583	
15	0	0	0	0	501	587	
0	0	0	0	0	499	589	
1	0	0	0	0	497	587	
2	0	0	0	0	496	581	
3	0	0	0	0	493	574	
4	0	0	0	0	489	566	
5	0	0	0	0	484	558	
6	0	0	0	0	482	547	
7	0	0	0	0	484	539	
8	0	0	0	0	488	539	
9	0	0	0	0	491	543	
10	0	0	0	0	488	550	
11	0	0	0	0	484	558	
12	0	0	0	0	480	566	
13	0	0	0	0	476	573	
14	0	0	0	0	474	580	
15	0	0	0	0	478	584	
0	0	0	0	0	483	586	
1	0	0	0	0	484	584	
2	0	0	0	0	483	584	
3	0	0	0	0	483	584	
4	0	0	0	0	479	577	
5	0	0	0	0	478	564	
6	0	0	0	0	476	551	
7	0	0	0	0	475	540	
8	0	0	0	0	480	534	
9	0	0	0	0	481	533	
10	0	0	0	0	481	533	
11	0	0	0	0	476	534	
12	0	0	0	0	472	536	
13	0	0	0	0	466	536	
14	0	0	0	0	461	535	
15	0	0	0	0	455	537	
0	0	0	0	0	452	538	
1	0	0	0	0	451	535	
2	0	0	0	0	448	530	
3	0	0	0	0	444	525	
4	0	0	0	0	436	526	
5	0	0	0	0	423	528	
6	0	0	0	0	414	532	
7	0	0	0	0	409	534	
8	0	0	0	0	408	539	
9	0	0	0	0	413	546	
10	0	0	0	0	419	556	
11	0	0	0	0	425	560	
12	0	0	0	0	432	564	
13	0	0	0	0	439	564	
14	0	0	0	0	446	560	
15	0	0	0	0	450	553	
0	0	0	0	0	452	544	
1	0	0	0	0	454	537	
2	0	0	0	0	456	535	
3	0	0	0	0	456	536	
4	0	0	0	0	454	542	
5	0	0	0	0	455	551	
6	0	0	0	0	456	561	
7	0	0	0	0	460	568	
8	0	0	0	0	458	573	
9	0	0	0	0	455	569	
10	0	0	0	0	453	569	
11	0	0	0	0	452	573	
12	0	0	0	0	455	586	
13	0	0	0	0	457	608	
14	0	0	0	0	460	631	
15	0	0	0	0	466	646	
0	0	0	0	0	472	656	
1	0	0	0	0	480	659	
2	0	0	0	0	486	650	
3	0	0	0	0	487	636	
4	0	0	0	0	486	618	
5	0	0	0	0	480	599	
6	0	0	0	0	474	577	
7	0	0	0	0	468	556	
8	0	0	0	0	468	540	
9	0	0	0	0	470	527	
10	0	0	0	0	470	511	
11	0	0	0	0	467	496	
12	0	0	0	0	467	487	
13	0	0	0	0	469	480	
14	0	0	0	0	471	476	
15	0	0	0	0	471	475	
0	0	0	0	0	471	479	
1	0	0	0	0	470	491	
2	0	0	0	0	467	501	
3	0	0	0	0	467	510	
4	0	0	0	0	467	513	
5	0	0	0	0	470	513	
6	0	0	0	0	468	513	
7	0	0	0	0	467	512	
8	0	0	0	0	460	509	
9	0	0	0	0	451	507	
10	0	0	0	0	444	509	
11	0	0	0	0	441	510	
12	0	0	0	0	441	514	
13	0	0	0	0	449	522	
14	0	0	0	0	460	528	
15	0	0	0	0	470	531	
0	0	0	0	0	479	536	
1	0	0	0	0	490	535	
2	0	0	0	0	500	536	
3	0	0	0	0	508	542	
4	0	0	0	0	513	548	
5	0	0	0	0	513	552	
6	0	0	0	0	512	556	
7	0	0	0	0	514	558	
8	0	0	0	0	510	561	
9	0	0	0	0	502	572	
10	0	0	0	0	489	593	
11	0	0	0	0	482	615	
12	0	0	0	0	477	632	
13	0	0	0	0	471	642	
14	0	0	0	0	465	636	
15	0	0	0	0	460	620	
0	0	0	0	0	459	597	
1	0	0	0	0	459	575	
2	0	0	0	0	461	556	
3	0	0	0	0	464	535	
4	0	0	0	0	465	515	
5	0	0	0	0	463	492	
6	0	0	0	0	459	468	
7	0	0	0	0	455	451	
8	0	0	0	0	455	444	
9	0	0	0	0	457	441	
10	0	0	0	0	464	444	
11	0	0	0	0	473	448	
12	0	0	0	0	483	456	
13	0	0	0	0	488	466	
14	0	0	0	0	492	480	
15	0	0	0	0	493	494	
0	0	0	0	0	492	504	
1	0	0	0	0	494	511	
2	0	0	0	0	494	511	
3	0	0	0	0	495	513	
4	0	0	0	0	498	521	
5	0	0	0	0	502	526	
6	0	0	0	0	509	530	
7	0	0	0	0	514	530	
8	0	0	0	0	518	530	
9	0	0	0	0	522	529	
10	0	0	0	0	522	530	
11	0	0	0	0	519	536	
12	0	0	0	0	510	540	
13	0	0	0	0	500	537	
14	0	0	0	0	489	535	
15	0	0	0	0	482	534	
0	0	0	0	0	479	532	
1	0	0	0	0	479	530	
2	0	0	0	0	478	529	
3	0	0	0	0	478	531	
4	0	0	0	0	480	533	
5	0	0	0	0	481	534	
6	0	0	0	0	482	539	
7	0	0	0	0	481	540	
8	0	0	0	0	475	541	
9	0	0	0	0	467	540	
10	0	0	0	0	463	538	
11	0	0	0	0	459	540	
12	0	0	0	0	455	547	
13	0	0	0	0	449	550	
14	0	0	0	0	442	553	
15	0	0	0	0	441	555	
0	0	0	0	0	444	559	
1	0	0	0	0	450	562	
2	0	0	0	0	459	563	
3	0	0	0	0	466	563	
4	0	0	0	0	473	563	
5	0	0	0	0	477	561	
6	0	0	0	0	478	556	
7	0	0	0	0	482	551	
8	0	0	0	0	491	547	
9	0	0	0	0	495	544	
10	0	0	0	0	496	545	
11	0	0	0	0	493	545	
12	0	0	0	0	488	545	
13	0	0	0	0	483	545	
14	0	0	0	0	479	552	
15	0	0	0	0	473	560	
0	0	0	0	0	468	563	
1	0	0	0	0	466	558	
2	0	0	0	0	465	548	
3	0	0	0	0	467	536	
4	0	0	0	0	472	526	
5	0	0	0	0	475	519	
6	0	0	0	0	472	512	
7	0	0	0	0	469	510	
8	0	0	0	0	468	508	
9	0	0	0	0	465	511	
10	0	0	0	0	465	517	
11	0	0	0	0	465	528	
12	0	0	0	0	463	540	
13	0	0	0	0	462	549	
14	0	0	0	0	463	560	
15	0	0	0	0	465	566	
0	0	0	0	0	470	568	
1	0	0	0	0	475	567	
2	0	0	0	0	481	568	
3	0	0	0	0	487	568	
4	0	0	0	0	496	574	
5	0	0	0	0	501	584	
6	0	0	0	0	507	592	
7	0	0	0	0	511	596	
8	0	0	0	0	510	594	
9	0	0	0	0	504	588	
10	0	0	0	0	498	586	
11	0	0	0	0	487	586	
12	0	0	0	0	472	593	
13	0	0	0	0	459	603	
14	0	0	0	0	446	613	
15	0	0	0	0	435	618	
0	0	0	0	0	428	614	
1	0	0	0	0	422	604	
2	0	0	0	0	423	589	
3	0	0	0	0	423	567	
4	0	0	0	0	423	543	
5	0	0	0	0	426	518	
6	0	0	0	0	427	495	
7	0	0	0	0	429	476	
8	0	0	0	0	435	465	
9	0	0	0	0	442	459	
10	0	0	0	0	446	455	
11	0	0	0	0	447	454	
12	0	0	0	0	446	459	
13	0	0	0	0	446	467	
14	0	0	0	0	446	474	
15	0	0	0	0	444	481	
0	0	0	0	0	442	486	
1	0	0	0	0	434	495	
2	0	0	0	0	428	502	
3	0	0	0	0	422	508	
4	0	0	0	0	416	513	
5	0	0	0	0	412	509	
6	0	0	0	0	411	499	
7	0	0	0	0	409	493	
8	0	0	0	0	406	483	
9	0	0	0	0	405	475	
10	0	0	0	0	407	473	
11	0	0	0	0	409	473	
12	0	0	0	0	409	477	
13	0	0	0	0	410	483	
14	0	0	0	0	415	491	
15	0	0	0	0	423	503	
0	0	0	0	0	434	519	
1	0	0	0	0	444	535	
2	0	0	0	0	454	550	
3	0	0	0	0	466	557	
4	0	0	0	0	478	560	
5	0	0	0	0	489	557	
6	0	0	0	0	500	551	
7	0	0	0	0	504	546	
8	0	0	0	0	506	539	
9	0	0	0	0	508	532	
10	0	0	0	0	509	527	
11	0	0	0	0	509	524	
12	0	0	0	0	502	531	
13	0	0	0	0	496	544	
14	0	0	0	0	490	555	
15	0	0	0	0	492	566	
0	0	0	0	0	495	575	
1	0	0	0	0	494	577	
2	0	0	0	0	488	576	
3	0	0	0	0	480	569	
4	0	0	0	0	470	559	
5	0	0	0	0	460	545	
6	0	0	0	0	450	535	
7	0	0	0	0	447	524	
8	0	0	0	0	446	519	
9	0	0	0	0	449	514	
10	0	0	0	0	455	510	
11	0	0	0	0	458	509	
12	0	0	0	0	459	510	
13	0	0	0	0	458	509	
14	0	0	0	0	458	511	
15	0	0	0	0	461	513	
0	0	0	0	0	468	513	
1	0	0	0	0	472	513	
2	0	0	0	0	473	513	
3	0	0	0	0	476	518	
4	0	0	0	0	479	523	
5	0	0	0	0	480	527	
6	0	0	0	0	481	523	
7	0	0	0	0	483	515	
8	0	0	0	0	484	509	
9	0	0	0	0	485	504	
10	0	0	0	0	488	504	
11	0	0	0	0	493	509	
12	0	0	0	0	495	518	
13	0	0	0	0	491	529	
14	0	0	0	0	486	537	
15	0	0	0	0	478	539	
0	0	0	0	0	466	535	
1	0	0	0	0	456	532	
2	0	0	0	0	449	532	
3	0	0	0	0	448	534	
4	0	0	0	0	448	539	
5	0	0	0	0	447	540	
6	0	0	0	0	446	543	
7	0	0	0	0	446	546	
8	0	0	0	0	451	551	
9	0	0	0	0	459	556	
10	0	0	0	0	463	563	
11	0	0	0	0	467	567	
12	0	0	0	0	465	571	
13	0	0	0	0	461	573	
14	0	0	0	0	456	571	
15	0	0	0	0	455	571	
0	0	0	0	0	451	572	
1	0	0	0	0	451	573	
2	0	0	0	0	454	576	
3	0	0	0	0	460	581	
4	0	0	0	0	469	582	
5	0	0	0	0	476	577	
6	0	0	0	0	482	564	
7	0	0	0	0	491	547	
8	0	0	0	0	497	530	
9	0	0	0	0	500	518	
10	0	0	0	0	502	512	
11	0	0	0	0	499	508	
12	0	0	0	0	493	508	
13	0	0	0	0	483	509	
14	0	0	0	0	475	510	
15	0	0	0	0	471	513	
0	0	0	0	0	468	519	
1	0	0	0	0	468	530	
2	0	0	0	0	467	536	
3	0	0	0	0	473	536	
4	0	0	0	0	477	536	
5	0	0	0	0	478	536	
6	0	0	0	0	478	534	
7	0	0	0	0	478	530	
8	0	0	0	0	481	528	
9	0	0	0	0	487	528	
10	0	0	0	0	494	531	
11	0	0	0	0	499	534	
12	0	0	0	0	503	531	
13	0	0	0	0	505	527	
14	0	0	0	0	506	523	
15	0	0	0	0	507	516	
0	0	0	0	0	507	511	
1	0	0	0	0	501	507	
2	0	0	0	0	495	506	
3	0	0	0	0	489	508	
4	0	0	0	0	482	508	
5	0	0	0	0	476	504	
6	0	0	0	0	472	500	
7	0	0	0	0	472	497	
8	0	0	0	0	471	496	
9	0	0	0	0	469	492	
10	0	0	0	0	467	484	
11	0	0	0	0	465	478	
12	0	0	0	0	467	475	
13	0	0	0	0	473	475	
14	0	0	0	0	479	478	
15	0	0	0	0	487	485	
0	0	0	0	0	493	489	
1	0	0	0	0	498	496	
2	0	0	0	0	499	499	
3	0	0	0	0	497	506	
4	0	0	0	0	494	515	
5	0	0	0	0	487	524	
6	0	0	0	0	476	534	
7	0	0	0	0	467	546	
8	0	0	0	0	459	559	
9	0	0	0	0	450	573	
10	0	0	0	0	443	582	
11	0	0	0	0	436	593	
12	0	0	0	0	436	600	
13	0	0	0	0	435	595	
14	0	0	0	0	439	593	
15	0	0	0	0	445	588	
0	0	0	0	0	448	576	
1	0	0	0	0	452	560	
2	0	0	0	0	455	547	
3	0	0	0	0	461	536	
4	0	0	0	0	469	527	
5	0	0	0	0	476	519	
6	0	0	0	0	481	515	
7	0	0	0	0	485	514	
8	0	0	0	0	486	515	
9	0	0	0	0	487	516	
10	0	0	0	0	494	518	
11	0	0	0	0	500	520	
12	0	0	0	0	507	519	
13	0	0	0	0	513	512	
14	0	0	0	0	518	508	
15	0	0	0	0	521	505	
0	0	0	0	0	523	503	
1	0	0	0	0	524	497	
2	0	0	0	0	526	491	
3	0	0	0	0	526	487	
4	0	0	0	0	520	484	
5	0	0	0	0	513	480	
6	0	0	0	0	507	477	
7	0	0	0	0	503	475	
8	0	0	0	0	496	477	
9	0	0	0	0	488	476	
10	0	0	0	0	483	482	
11	0	0	0	0	479	492	
12	0	0	0	0	476	502	
13	0	0	0	0	473	512	
14	0	0	0	0	472	517	
15	0	0	0	0	472	518	
0	0	0	0	0	472	510	
1	0	0	0	0	472	500	
2	0	0	0	0	474	490	
3	0	0	0	0	478	480	
4	0	0	0	0	480	474	
5	0	0	0	0	481	469	
6	0	0	0	0	478	468	
7	0	0	0	0	474	472	
8	0	0	0	0	470	482	
9	0	0	0	0	467	493	
10	0	0	0	0	465	508	
11	0	0	0	0	464	518	
12	0	0	0	0	465	530	
13	0	0	0	0	464	540	
14	0	0	0	0	464	547	
15	0	0	0	0	466	551	
0	0	0	0	0	467	550	
1	0	0	0	0	467	548	
2	0	0	0	0	468	544	
3	0	0	0	0	470	536	
4	0	0	0	0	470	530	
5	0	0	0	0	473	530	
6	0	0	0	0	481	532	
7	0	0	0	0	488	538	
8	0	0	0	0	494	545	
9	0	0	0	0	499	548	
10	0	0	0	0	502	551	
11	0	0	0	0	507	546	
12	0	0	0	0	506	542	
13	0	0	0	0	505	539	
14	0	0	0	0	502	535	
15	0	0	0	0	497	530	
0	0	0	0	0	492	523	
1	0	0	0	0	486	518	
2	0	0	0	0	483	515	
3	0	0	0	0	481	515	
4	0	0	0	0	481	519	
5	0	0	0	0	487	525	
6	0	0	0	0	492	529	
7	0	0	0	0	496	529	
8	0	0	0	0	497	527	
9	0	0	0	0	496	523	
10	0	0	0	0	496	519	
11	0	0	0	0	496	515	
12	0	0	0	0	497	508	
13	0	0	0	0	504	504	
14	0	0	0	0	510	501	
15	0	0	0	0	513	500	
0	0	0	0	0	515	505	
1	0	0	0	0	513	511	
2	0	0	0	0	514	516	
3	0	0	0	0	516	523	
4	0	0	0	0	515	529	
5	0	0	0	0	515	531	
6	0	0	0	0	515	532	
7	0	0	0	0	516	530	
8	0	0	0	0	518	528	
9	0	0	0	0	523	529	
10	0	0	0	0	527	530	
11	0	0	0	0	536	525	
12	0	0	0	0	544	517	
13	0	0	0	0	549	508	
14	0	0	0	0	552	499	
15	0	0	0	0	553	492	
0	0	0	0	0	556	487	
1	0	0	0	0	560	481	
2	0	0	0	0	566	479	
3	0	0	0	0	570	481	
4	0	0	0	0	573	481	
5	0	0	0	0	577	480	
6	0	0	0	0	579	476	
7	0	0	0	0	575	476	
8	0	0	0	0	572	476	
9	0	0	0	0	566	478	
10	0	0	0	0	561	479	
11	0	0	0	0	553	480	
12	0	0	0	0	543	483	
13	0	0	0	0	532	483	
14	0	0	0	0	524	483	
15	0	0	0	0	520	485	
0	0	0	0	0	519	490	
1	0	0	0	0	515	494	
2	0	0	0	0	514	497	
3	0	0	0	0	515	497	
4	0	0	0	0	521	498	
5	0	0	0	0	529	493	
6	0	0	0	0	536	489	
7	0	0	0	0	541	487	
8	0	0	0	0	545	487	
9	0	0	0	0	548	492	
10	0	0	0	0	553	501	
11	0	0	0	0	557	503	
12	0	0	0	0	559	501	
13	0	0	0	0	556	499	
14	0	0	0	0	553	493	
15	0	0	0	0	550	491	
0	0	0	0	0	546	484	
1	0	0	0	0	539	478	
2	0	0	0	0	534	473	
3	0	0	0	0	531	470	
4	0	0	0	0	529	467	
5	0	0	0	0	528	471	
6	0	0	0	0	531	480	
7	0	0	0	0	533	488	
8	0	0	0	0	536	495	
9	0	0	0	0	534	498	
10	0	0	0	0	531	498	
11	0	0	0	0	528	492	
12	0	0	0	0	526	489	
13	0	0	0	0	524	487	
14	0	0	0	0	520	486	
15	0	0	0	0	516	486	
0	0	0	0	0	512	484	
1	0	0	0	0	509	486	
2	0	0	0	0	509	489	
3	0	0	0	0	512	492	
4	0	0	0	0	513	494	
5	0	0	0	0	519	499	
6	0	0	0	0	520	502	
7	0	0	0	0	521	501	
8	0	0	0	0	522	500	
9	0	0	0	0	523	501	
10	0	0	0	0	524	504	
11	0	0	0	0	524	503	
12	0	0	0	0	519	504	
13	0	0	0	0	512	502	
14	0	0	0	0	507	503	
15	0	0	0	0	504	500	
0	0	0	0	0	503	496	
1	0	0	0	0	503	491	
2	0	0	0	0	499	491	
3	0	0	0	0	499	494	
4	0	0	0	0	505	497	
5	0	0	0	0	507	502	
6	0	0	0	0	511	504	
7	0	0	0	0	518	503	
8	0	0	0	0	528	504	
9	0	0	0	0	536	503	
10	0	0	0	0	540	504	
11	0	0	0	0	545	504	
12	0	0	0	0	549	508	
13	0	0	0	0	551	514	
14	0	0	0	0	552	519	
15	0	0	0	0	553	518	
0	0	0	0	0	553	516	
1	0	0	0	0	554	512	
2	0	0	0	0	551	511	
3	0	0	0	0	550	512	
4	0	0	0	0	548	512	
5	0	0	0	0	543	506	
6	0	0	0	0	539	497	
7	0	0	0	0	533	486	
8	0	0	0	0	534	471	
9	0	0	0	0	537	460	
10	0	0	0	0	540	451	
11	0	0	0	0	542	447	
12	0	0	0	0	544	441	
13	0	0	0	0	547	437	
14	0	0	0	0	547	429	
15	0	0	0	0	549	423	
0	0	0	0	0	551	420	
1	0	0	0	0	559	424	
2	0	0	0	0	563	435	
3	0	0	0	0	569	445	
4	0	0	0	0	575	450	
5	0	0	0	0	580	456	
6	0	0	0	0	583	464	
7	0	0	0	0	581	469	
8	0	0	0	0	573	478	
9	0	0	0	0	564	487	
10	0	0	0	0	560	491	
11	0	0	0	0	559	496	
12	0	0	0	0	559	508	
13	0	0	0	0	556	519	
14	0	0	0	0	554	525	
15	0	0	0	0	552	531	
0	0	0	0	0	551	537	
1	0	0	0	0	546	543	
2	0	0	0	0	538	541	
3	0	0	0	0	534	534	
4	0	0	0	0	534	522	
5	0	0	0	0	534	506	
6	0	0	0	0	536	490	
7	0	0	0	0	540	471	
8	0	0	0	0	545	460	
9	0	0	0	0	547	451	
10	0	0	0	0	545	446	
11	0	0	0	0	544	444	
12	0	0	0	0	543	446	
13	0	0	0	0	543	449	
14	0	0	0	0	541	452	
15	0	0	0	0	538	453	
0	0	0	0	0	533	459	
1	0	0	0	0	529	470	
2	0	0	0	0	526	483	
3	0	0	0	0	524	499	
4	0	0	0	0	526	510	
5	0	0	0	0	535	518	
6	0	0	0	0	540	524	
7	0	0	0	0	545	528	
8	0	0	0	0	549	532	
9	0	0	0	0	549	538	
10	0	0	0	0	548	542	
11	0	0	0	0	548	543	
12	0	0	0	0	549	544	
13	0	0	0	0	549	543	
14	0	0	0	0	547	540	
15	0	0	0	0	545	532	
0	0	0	0	0	546	521	
1	0	0	0	0	545	510	
2	0	0	0	0	540	502	
3	0	0	0	0	535	499	
4	0	0	0	0	531	497	
5	0	0	0	0	532	496	
6	0	0	0	0	533	493	
7	0	0	0	0	528	484	
8	0	0	0	0	527	474	
9	0	0	0	0	526	467	
10	0	0	0	0	526	467	
11	0	0	0	0	527	468	
12	0	0	0	0	534	472	
13	0	0	0	0	537	473	
14	0	0	0	0	539	475	
15	0	0	0	0	541	483	
0	0	0	0	0	542	496	
1	0	0	0	0	542	507	
2	0	0	0	0	542	516	
3	0	0	0	0	545	524	
4	0	0	0	0	547	528	
5	0	0	0	0	548	524	
6	0	0	0	0	547	515	
7	0	0	0	0	547	511	
8	0	0	0	0	548	506	
9	0	0	0	0	547	502	
10	0	0	0	0	542	496	
11	0	0	0	0	536	494	
12	0	0	0	0	530	495	
13	0	0	0	0	525	500	
14	0	0	0	0	520	506	
15	0	0	0	0	520	512	
0	0	0	0	0	518	514	
1	0	0	0	0	516	508	
2	0	0	0	0	513	504	
3	0	0	0	0	515	499	
4	0	0	0	0	519	493	
5	0	0	0	0	521	487	
6	0	0	0	0	523	484	
7	0	0	0	0	526	481	
8	0	0	0	0	526	479	
9	0	0	0	0	528	479	
10	0	0	0	0	529	479	
11	0	0	0	0	528	476	
12	0	0	0	0	526	473	
13	0	0	0	0	521	471	
14	0	0	0	0	519	469	
15	0	0	0	0	516	471	
0	0	0	0	0	515	480	
1	0	0	0	0	511	491	
2	0	0	0	0	504	503	
3	0	0	0	0	496	512	
4	0	0	0	0	489	519	
5	0	0	0	0	483	528	
6	0	0	0	0	482	536	
7	0	0	0	0	481	543	
8	0	0	0	0	482	542	
9	0	0	0	0	485	540	
10	0	0	0	0	484	538	
11	0	0	0	0	486	536	
12	0	0	0	0	488	535	
13	0	0	0	0	490	535	
14	0	0	0	0	490	533	
15	0	0	0	0	489	530	
0	0	0	0	0	485	524	
1	0	0	0	0	488	514	
2	0	0	0	0	494	506	
3	0	0	0	0	496	493	
4	0	0	0	0	499	477	
5	0	0	0	0	504	465	
6	0	0	0	0	512	455	
7	0	0	0	0	521	451	
8	0	0	0	0	525	450	
9	0	0	0	0	524	455	
10	0	0	0	0	523	463	
11	0	0	0	0	524	475	
12	0	0	0	0	527	486	
13	0	0	0	0	530	495	
14	0	0	0	0	534	508	
15	0	0	0	0	537	521	
0	0	0	0	0	538	529	
1	0	0	0	0	537	535	
2	0	0	0	0	533	539	
3	0	0	0	0	531	542	
4	0	0	0	0	530	547	
5	0	0	0	0	525	552	
6	0	0	0	0	518	555	
7	0	0	0	0	512	556	
8	0	0	0	0	507	559	
9	0	0	0	0	506	563	
10	0	0	0	0	504	559	
11	0	0	0	0	502	555	
12	0	0	0	0	500	547	
13	0	0	0	0	500	541	
14	0	0	0	0	502	535	
15	0	0	0	0	503	526	
0	0	0	0	0	506	514	
1	0	0	0	0	512	506	
2	0	0	0	0	515	502	
3	0	0	0	0	520	501	
4	0	0	0	0	527	503	
5	0	0	0	0	535	510	
6	0	0	0	0	543	520	
7	0	0	0	0	551	528	
8	0	0	0	0	555	538	
9	0	0	0	0	555	544	
10	0	0	0	0	557	551	
11	0	0	0	0	563	559	
12	0	0	0	0	563	566	
13	0	0	0	0	560	572	
14	0	0	0	0	556	576	
15	0	0	0	0	557	578	
0	0	0	0	0	563	576	
1	0	0	0	0	567	577	
2	0	0	0	0	572	578	
3	0	0	0	0	576	577	
4	0	0	0	0	577	573	
5	0	0	0	0	573	562	
6	0	0	0	0	562	548	
7	0	0	0	0	551	539	
8	0	0	0	0	537	536	
9	0	0	0	0	530	537	
10	0	0	0	0	527	537	
11	0	0	0	0	523	535	
12	0	0	0	0	519	528	
13	0	0	0	0	512	519	
14	0	0	0	0	505	514	
15	0	0	0	0	499	507	
0	0	0	0	0	497	502	
1	0	0	0	0	498	507	
2	0	0	0	0	504	513	
3	0	0	0	0	513	523	
4	0	0	0	0	525	528	
5	0	0	0	0	532	538	
6	0	0	0	0	539	550	
7	0	0	0	0	547	559	
8	0	0	0	0	557	566	
9	0	0	0	0	564	573	
10	0	0	0	0	569	580	
11	0	0	0	0	572	585	
12	0	0	0	0	571	584	
13	0	0	0	0	563	578	
14	0	0	0	0	554	573	
15	0	0	0	0	547	575	
0	0	0	0	0	538	575	
1	0	0	0	0	530	576	
2	0	0	0	0	523	580	
3	0	0	0	0	517	580	
4	0	0	0	0	513	578	
5	0	0	0	0	516	571	
6	0	0	0	0	521	561	
7	0	0	0	0	527	548	
8	0	0	0	0	530	541	
9	0	0	0	0	530	540	
10	0	0	0	0	532	542	
11	0	0	0	0	535	546	
12	0	0	0	0	537	548	
13	0	0	0	0	539	550	
14	0	0	0	0	541	552	
15	0	0	0	0	547	558	
0	0	0	0	0	553	566	
1	0	0	0	0	558	578	
2	0	0	0	0	561	593	
3	0	0	0	0	562	604	
4	0	0	0	0	565	613	
5	0	0	0	0	564	618	
6	0	0	0	0	562	616	
7	0	0	0	0	560	612	
8	0	0	0	0	559	606	
9	0	0	0	0	561	601	
10	0	0	0	0	562	600	
11	0	0	0	0	563	597	
12	0	0	0	0	563	596	
13	0	0	0	0	562	596	
14	0	0	0	0	560	603	
15	0	0	0	0	556	608	
0	0	0	0	0	550	615	
1	0	0	0	0	542	624	
2	0	0	0	0	534	632	
3	0	0	0	0	527	638	
4	0	0	0	0	526	644	
5	0	0	0	0	524	651	
6	0	0	0	0	523	659	
7	0	0	0	0	522	668	
8	0	0	0	0	526	670	
9	0	0	0	0	533	667	
10	0	0	0	0	539	660	
11	0	0	0	0	545	649	
12	0	0	0	0	549	637	
13	0	0	0	0	556	623	
14	0	0	0	0	568	615	
15	0	0	0	0	578	611	
0	0	0	0	0	586	607	
1	0	0	0	0	591	598	
2	0	0	0	0	592	591	
3	0	0	0	0	594	585	
4	0	0	0	0	594	579	
5	0	0	0	0	594	572	
6	0	0	0	0	595	570	
7	0	0	0	0	591	573	
8	0	0	0	0	589	578	
9	0	0	0	0	583	585	
10	0	0	0	0	574	591	
11	0	0	0	0	564	596	
12	0	0	0	0	558	600	
13	0	0	0	0	555	602	
14	0	0	0	0	547	606	
15	0	0	0	0	543	613	
0	0	0	0	0	541	618	
1	0	0	0	0	536	623	
2	0	0	0	0	528	626	
3	0	0	0	0	522	629	
4	0	0	0	0	519	632	
5	0	0	0	0	518	634	
6	0	0	0	0	514	637	
7	0	0	0	0	512	638	
8	0	0	0	0	509	636	
9	0	0	0	0	506	632	
10	0	0	0	0	505	624	
11	0	0	0	0	506	615	
12	0	0	0	0	508	604	
13	0	0	0	0	512	595	
14	0	0	0	0	519	588	
15	0	0	0	0	528	583	
0	0	0	0	0	539	587	
1	0	0	0	0	551	591	
2	0	0	0	0	564	596	
3	0	0	0	0	570	605	
4	0	0	0	0	575	615	
5	0	0	0	0	579	619	
6	0	0	0	0	580	621	
7	0	0	0	0	579	618	
8	0	0	0	0	573	614	
9	0	0	0	0	560	606	
10	0	0	0	0	547	603	
11	0	0	0	0	536	605	
12	0	0	0	0	526	611	
13	0	0	0	0	522	623	
14	0	0	0	0	519	633	
15	0	0	0	0	520	639	
0	0	0	0	0	524	643	
1	0	0	0	0	526	643	
2	0	0	0	0	527	644	
3	0	0	0	0	529	643	
4	0	0	0	0	527	642	
5	0	0	0	0	528	632	
6	0	0	0	0	526	621	
7	0	0	0	0	524	611	
8	0	0	0	0	524	601	
9	0	0	0	0	526	594	
10	0	0	0	0	523	587	
11	0	0	0	0	519	577	
12	0	0	0	0	518	573	
13	0	0	0	0	515	572	
14	0	0	0	0	516	572	
15	0	0	0	0	518	574	
0	0	0	0	0	521	572	
1	0	0	0	0	524	570	
2	0	0	0	0	527	568	
3	0	0	0	0	530	568	
4	0	0	0	0	536	566	
5	0	0	0	0	543	560	
6	0	0	0	0	547	559	
7	0	0	0	0	549	563	
8	0	0	0	0	551	568	
9	0	0	0	0	554	577	
10	0	0	0	0	559	592	
11	0	0	0	0	563	606	
12	0	0	0	0	567	616	
13	0	0	0	0	568	621	
14	0	0	0	0	566	626	
15	0	0	0	0	560	624	
0	0	0	0	0	557	622	
1	0	0	0	0	553	612	
2	0	0	0	0	551	600	
3	0	0	0	0	545	590	
4	0	0	0	0	542	581	
5	0	0	0	0	541	571	
6	0	0	0	0	541	563	
7	0	0	0	0	541	560	
8	0	0	0	0	540	555	
9	0	0	0	0	537	552	
10	0	0	0	0	536	549	
11	0	0	0	0	534	544	
12	0	0	0	0	536	541	
13	0	0	0	0	533	541	
14	0	0	0	0	527	542	
15	0	0	0	0	516	540	
0	0	0	0	0	504	535	
1	0	0	0	0	493	534	
2	0	0	0	0	485	536	
3	0	0	0	0	480	545	
4	0	0	0	0	477	556	
5	0	0	0	0	478	570	
6	0	0	0	0	481	583	
7	0	0	0	0	487	595	
8	0	0	0	0	497	596	
9	0	0	0	0	510	592	
10	0	0	0	0	523	583	
11	0	0	0	0	536	578	
12	0	0	0	0	548	579	
13	0	0	0	0	556	587	
14	0	0	0	0	563	598	
15	0	0	0	0	568	604	
0	0	0	0	0	567	602	
1	0	0	0	0	563	598	
2	0	0	0	0	561	595	
3	0	0	0	0	559	590	
4	0	0	0	0	558	583	
5	0	0	0	0	552	575	
6	0	0	0	0	545	567	
7	0	0	0	0	535	557	
8	0	0	0	0	523	550	
9	0	0	0	0	519	544	
10	0	0	0	0	512	540	
11	0	0	0	0	508	537	
12	0	0	0	0	506	536	
13	0	0	0	0	504	536	
14	0	0	0	0	504	535	
15	0	0	0	0	507	536	
0	0	0	0	0	507	537	
1	0	0	0	0	510	540	
2	0	0	0	0	511	548	
3	0	0	0	0	514	558	
4	0	0	0	0	516	571	
5	0	0	0	0	521	588	
6	0	0	0	0	525	604	
7	0	0	0	0	528	616	
8	0	0	0	0	531	614	
9	0	0	0	0	536	600	
10	0	0	0	0	542	583	
11	0	0	0	0	548	561	
12	0	0	0	0	557	542	
13	0	0	0	0	563	524	
14	0	0	0	0	572	508	
15	0	0	0	0	577	494	
0	0	0	0	0	580	485	
1	0	0	0	0	579	481	
2	0	0	0	0	578	481	
3	0	0	0	0	582	485	
4	0	0	0	0	584	491	
5	0	0	0	0	587	494	
6	0	0	0	0	592	493	
7	0	0	0	0	595	491	
8	0	0	0	0	602	481	
9	0	0	0	0	606	466	
10	0	0	0	0	611	449	
11	0	0	0	0	617	427	
12	0	0	0	0	624	406	
13	0	0	0	0	630	387	
14	0	0	0	0	636	365	
15	0	0	0	0	638	343	
0	0	0	0	0	641	322	
1	0	0	0	0	645	319	
2	0	0	0	0	653	312	
3	0	0	0	0	664	323	
4	0	0	0	0	671	336	
5	0	0	0	0	677	344	
6	0	0	0	0	677	354	
7	0	0	0	0	673	353	
8	0	0	0	0	664	353	
9	0	0	0	0	659	348	
10	0	0	0	0	659	341	
11	0	0	0	0	653	347	
12	0	0	0	0	650	345	
13	0	0	0	0	643	349	
14	0	0	0	0	636	357	
15	0	0	0	0	627	363	
0	0	0	0	0	617	377	
1	0	0	0	0	606	387	
2	0	0	0	0	598	396	
3	0	0	0	0	591	400	
4	0	0	0	0	587	408	
5	0	0	0	0	587	415	
6	0	0	0	0	586	410	
7	0	0	0	0	585	404	
8	0	0	0	0	583	389	
9	0	0	0	0	583	375	
10	0	0	0	0	586	365	
11	0	0	0	0	593	358	
12	0	0	0	0	600	367	
13	0	0	0	0	606	375	
14	0	0	0	0	612	389	
15	0	0	0	0	616	397	
0	0	0	0	0	617	395	
1	0	0	0	0	620	398	
2	0	0	0	0	620	397	
3	0	0	0	0	617	402	
4	0	0	0	0	613	407	
5	0	0	0	0	608	406	
6	0	0	0	0	604	412	
7	0	0	0	0	598	412	
8	0	0	0	0	595	412	
9	0	0	0	0	593	417	
10	0	0	0	0	591	424	
11	0	0	0	0	591	436	
12	0	0	0	0	592	450	
13	0	0	0	0	593	465	
14	0	0	0	0	591	478	
15	0	0	0	0	583	484	
0	0	0	0	0	572	493	
1	0	0	0	0	565	498	
2	0	0	0	0	559	500	
3	0	0	0	0	556	497	
4	0	0	0	0	550	496	
5	0	0	0	0	546	500	
6	0	0	0	0	544	505	
7	0	0	0	0	545	510	
8	0	0	0	0	546	509	
9	0	0	0	0	544	505	
10	0	0	0	0	542	500	
11	0	0	0	0	539	493	
12	0	0	0	0	535	483	
13	0	0	0	0	534	471	
14	0	0	0	0	534	462	
15	0	0	0	0	534	454	
0	0	0	0	0	538	451	
1	0	0	0	0	545	449	
2	0	0	0	0	552	450	
3	0	0	0	0	558	450	
4	0	0	0	0	557	448	
5	0	0	0	0	556	448	
6	0	0	0	0	552	447	
7	0	0	0	0	549	451	
8	0	0	0	0	549	454	
9	0	0	0	0	549	460	
10	0	0	0	0	550	459	
11	0	0	0	0	551	452	
12	0	0	0	0	550	443	
13	0	0	0	0	548	439	
14	0	0	0	0	542	440	
15	0	0	0	0	536	448	
0	0	0	0	0	529	461	
1	0	0	0	0	524	478	
2	0	0	0	0	516	491	
3	0	0	0	0	513	496	
4	0	0	0	0	509	497	
5	0	0	0	0	508	495	
6	0	0	0	0	504	487	
7	0	0	0	0	504	479	
8	0	0	0	0	506	471	
9	0	0	0	0	511	464	
10	0	0	0	0	517	462	
11	0	0	0	0	523	457	
12	0	0	0	0	527	451	
13	0	0	0	0	529	449	
14	0	0	0	0	531	446	
15	0	0	0	0	528	442	
0	0	0	0	0	526	438	
1	0	0	0	0	524	439	
2	0	0	0	0	524	445	
3	0	0	0	0	528	447	
4	0	0	0	0	532	448	
5	0	0	0	0	533	444	
6	0	0	0	0	534	445	
7	0	0	0	0	536	447	
8	0	0	0	0	540	449	
9	0	0	0	0	542	452	
10	0	0	0	0	539	452	
11	0	0	0	0	538	454	
12	0	0	0	0	529	457	
13	0	0	0	0	518	458	
14	0	0	0	0	504	460	
15	0	0	0	0	493	462	
0	0	0	0	0	483	460	
1	0	0	0	0	475	462	
2	0	0	0	0	470	468	
3	0	0	0	0	466	474	
4	0	0	0	0	459	478	
5	0	0	0	0	453	479	
6	0	0	0	0	448	481	
7	0	0	0	0	444	485	
8	0	0	0	0	439	492	
9	0	0	0	0	438	500	
10	0	0	0	0	444	512	
11	0	0	0	0	452	524	
12	0	0	0	0	460	535	
13	0	0	0	0	470	536	
14	0	0	0	0	480	528	
15	0	0	0	0	493	513	
0	0	0	0	0	500	496	
1	0	0	0	0	505	477	
2	0	0	0	0	513	459	
3	0	0	0	0	523	446	
4	0	0	0	0	534	434	
5	0	0	0	0	540	428	
6	0	0	0	0	543	424	
7	0	0	0	0	543	419	
8	0	0	0	0	541	409	
9	0	0	0	0	538	400	
10	0	0	0	0	538	392	
11	0	0	0	0	540	387	
12	0	0	0	0	546	390	
13	0	0	0	0	555	389	
14	0	0	0	0	563	386	
15	0	0	0	0	568	379	
0	0	0	0	0	571	364	
1	0	0	0	0	570	355	
2	0	0	0	0	563	342	
3	0	0	0	0	551	332	
4	0	0	0	0	536	323	
5	0	0	0	0	521	315	
6	0	0	0	0	507	314	
7	0	0	0	0	499	314	
8	0	0	0	0	498	315	
9	0	0	0	0	503	329	
10	0	0	0	0	511	342	
11	0	0	0	0	522	360	
12	0	0	0	0	533	380	
13	0	0	0	0	543	393	
14	0	0	0	0	550	399	
15	0	0	0	0	556	397	
0	0	0	0	0	555	387	
1	0	0	0	0	552	381	
2	0	0	0	0	550	375	
3	0	0	0	0	551	377	
4	0	0	0	0	554	383	
5	0	0	0	0	558	385	
6	0	0	0	0	561	387	
7	0	0	0	0	563	387	
8	0	0	0	0	565	387	
9	0	0	0	0	564	390	
10	0	0	0	0	564	392	
11	0	0	0	0	563	389	
12	0	0	0	0	560	383	
13	0	0	0	0	561	382	
14	0	0	0	0	561	384	
15	0	0	0	0	560	387	
0	0	0	0	0	561	388	
1	0	0	0	0	564	387	
2	0	0	0	0	567	388	
3	0	0	0	0	571	390	
4	0	0	0	0	572	391	
5	0	0	0	0	576	403	
6	0	0	0	0	578	415	
7	0	0	0	0	576	423	
8	0	0	0	0	571	423	
9	0	0	0	0	568	423	
10	0	0	0	0	567	424	
11	0	0	0	0	562	426	
12	0	0	0	0	556	428	
13	0	0	0	0	552	433	
14	0	0	0	0	548	436	
15	0	0	0	0	544	431	
0	0	0	0	0	537	423	
1	0	0	0	0	528	414	
2	0	0	0	0	527	409	
3	0	0	0	0	527	404	
4	0	0	0	0	527	402	
5	0	0	0	0	530	402	
6	0	0	0	0	532	407	
7	0	0	0	0	529	415	
8	0	0	0	0	526	421	
9	0	0	0	0	522	428	
10	0	0	0	0	521	428	
11	0	0	0	0	521	423	
12	0	0	0	0	519	420	
13	0	0	0	0	523	418	
14	0	0	0	0	525	423	
15	0	0	0	0	527	431	
0	0	0	0	0	530	439	
1	0	0	0	0	536	445	
2	0	0	0	0	538	451	
3	0	0	0	0	541	459	
4	0	0	0	0	539	461	
5	0	0	0	0	537	461	
6	0	0	0	0	533	456	
7	0	0	0	0	528	449	
8	0	0	0	0	524	437	
9	0	0	0	0	518	421	
10	0	0	0	0	513	410	
11	0	0	0	0	515	405	
12	0	0	0	0	521	404	
13	0	0	0	0	529	408	
14	0	0	0	0	539	420	
15	0	0	0	0	547	432	
0	0	0	0	0	555	443	
1	0	0	0	0	560	452	
2	0	0	0	0	560	454	
3	0	0	0	0	555	450	
4	0	0	0	0	551	444	
5	0	0	0	0	547	438	
6	0	0	0	0	543	432	
7	0	0	0	0	537	425	
8	0	0	0	0	536	420	
9	0	0	0	0	536	417	
10	0	0	0	0	532	414	
11	0	0	0	0	530	415	
12	0	0	0	0	527	418	
13	0	0	0	0	524	420	
14	0	0	0	0	523	424	
15	0	0	0	0	524	430	
0	0	0	0	0	523	433	
1	0	0	0	0	521	436	
2	0	0	0	0	523	442	
3	0	0	0	0	525	445	
4	0	0	0	0	527	448	
5	0	0	0	0	531	449	
6	0	0	0	0	534	451	
7	0	0	0	0	532	453	
8	0	0	0	0	530	452	
9	0	0	0	0	521	454	
10	0	0	0	0	516	455	
11	0	0	0	0	519	456	
12	0	0	0	0	524	465	
13	0	0	0	0	531	472	
14	0	0	0	0	539	477	
15	0	0	0	0	540	480	
0	0	0	0	0	540	475	
1	0	0	0	0	536	471	
2	0	0	0	0	529	466	
3	0	0	0	0	524	460	
4	0	0	0	0	520	455	
5	0	0	0	0	518	448	
6	0	0	0	0	517	446	
7	0	0	0	0	519	444	
8	0	0	0	0	521	444	
9	0	0	0	0	527	445	
10	0	0	0	0	533	444	
11	0	0	0	0	541	448	
12	0	0	0	0	547	451	
13	0	0	0	0	554	453	
14	0	0	0	0	557	454	
15	0	0	0	0	558	450	
0	0	0	0	0	560	446	
1	0	0	0	0	556	445	
2	0	0	0	0	550	450	
3	0	0	0	0	539	453	
4	0	0	0	0	528	453	
5	0	0	0	0	520	455	
6	0	0	0	0	513	454	
7	0	0	0	0	508	459	
8	0	0	0	0	504	463	
9	0	0	0	0	500	471	
10	0	0	0	0	496	478	
11	0	0	0	0	495	482	
12	0	0	0	0	494	487	
13	0	0	0	0	489	493	
14	0	0	0	0	487	504	
15	0	0	0	0	491	513	
0	0	0	0	0	492	520	
1	0	0	0	0	491	528	
2	0	0	0	0	490	538	
3	0	0	0	0	491	545	
4	0	0	0	0	493	548	
5	0	0	0	0	499	547	
6	0	0	0	0	503	540	
7	0	0	0	0	508	531	
8	0	0	0	0	513	519	
9	0	0	0	0	515	511	
10	0	0	0	0	517	504	
11	0	0	0	0	517	505	
12	0	0	0	0	515	510	
13	0	0	0	0	510	513	
14	0	0	0	0	502	512	
15	0	0	0	0	494	511	
0	0	0	0	0	486	514	
1	0	0	0	0	481	518	
2	0	0	0	0	479	523	
3	0	0	0	0	480	524	
4	0	0	0	0	485	522	
5	0	0	0	0	489	523	
6	0	0	0	0	495	523	
7	0	0	0	0	501	527	
8	0	0	0	0	505	531	
9	0	0	0	0	506	532	
10	0	0	0	0	503	535	
11	0	0	0	0	496	537	
12	0	0	0	0	487	535	
13	0	0	0	0	482	528	
14	0	0	0	0	476	522	
15	0	0	0	0	471	516	
0	0	0	0	0	467	514	
1	0	0	0	0	466	514	
2	0	0	0	0	466	512	
3	0	0	0	0	464	509	
4	0	0	0	0	462	504	
5	0	0	0	0	459	499	
6	0	0	0	0	455	499	
7	0	0	0	0	451	501	
8	0	0	0	0	446	506	
9	0	0	0	0	446	512	
10	0	0	0	0	443	522	
11	0	0	0	0	436	527	
12	0	0	0	0	432	524	
13	0	0	0	0	435	519	
14	0	0	0	0	440	511	
15	0	0	0	0	447	503	
0	0	0	0	0	458	498	
1	0	0	0	0	468	493	
2	0	0	0	0	479	486	
3	0	0	0	0	487	482	
4	0	0	0	0	492	482	
5	0	0	0	0	497	484	
6	0	0	0	0	497	487	
7	0	0	0	0	496	492	
8	0	0	0	0	497	500	
9	0	0	0	0	497	505	
10	0	0	0	0	494	509	
11	0	0	0	0	490	514	
12	0	0	0	0	486	519	
13	0	0	0	0	480	524	
14	0	0	0	0	475	528	
15	0	0	0	0	466	536	
0	0	0	0	0	457	544	
1	0	0	0	0	448	553	
2	0	0	0	0	445	561	
3	0	0	0	0	440	564	
4	0	0	0	0	438	563	
5	0	0	0	0	440	560	
6	0	0	0	0	447	558	
7	0	0	0	0	452	557	
8	0	0	0	0	456	552	
9	0	0	0	0	459	548	
10	0	0	0	0	462	543	
11	0	0	0	0	466	537	
12	0	0	0	0	470	533	
13	0	0	0	0	474	530	
14	0	0	0	0	477	527	
15	0	0	0	0	481	527	
0	0	0	0	0	487	531	
1	0	0	0	0	496	537	
2	0	0	0	0	507	544	
3	0	0	0	0	513	550	
4	0	0	0	0	519	559	
5	0	0	0	0	524	563	
6	0	0	0	0	530	571	
7	0	0	0	0	533	577	
8	0	0	0	0	533	581	
9	0	0	0	0	531	583	
10	0	0	0	0	529	580	
11	0	0	0	0	526	576	
12	0	0	0	0	523	572	
13	0	0	0	0	519	574	
14	0	0	0	0	515	577	
15	0	0	0	0	507	583	
0	0	0	0	0	505	584	
1	0	0	0	0	502	582	
2	0	0	0	0	503	580	
3	0	0	0	0	508	578	
4	0	0	0	0	511	574	
5	0	0	0	0	512	572	
6	0	0	0	0	512	576	
7	0	0	0	0	510	578	
8	0	0	0	0	510	584	
9	0	0	0	0	510	588	
10	0	0	0	0	512	585	
11	0	0	0	0	509	585	
12	0	0	0	0	505	581	
13	0	0	0	0	499	575	
14	0	0	0	0	496	566	
15	0	0	0	0	496	556	
0	0	0	0	0	499	552	
1	0	0	0	0	504	550	
2	0	0	0	0	511	551	
3	0	0	0	0	517	554	
4	0	0	0	0	522	560	
5	0	0	0	0	524	572	
6	0	0	0	0	524	580	
7	0	0	0	0	521	583	
8	0	0	0	0	512	576	
9	0	0	0	0	501	563	
10	0	0	0	0	493	552	
11	0	0	0	0	488	540	
12	0	0	0	0	488	531	
13	0	0	0	0	494	531	
14	0	0	0	0	504	536	
15	0	0	0	0	510	539	
0	0	0	0	0	510	535	
1	0	0	0	0	508	531	
2	0	0	0	0	506	524	
3	0	0	0	0	504	518	
4	0	0	0	0	501	516	
5	0	0	0	0	496	515	
6	0	0	0	0	489	508	
7	0	0	0	0	483	499	
8	0	0	0	0	482	497	
9	0	0	0	0	484	503	
10	0	0	0	0	487	512	
11	0	0	0	0	492	525	
12	0	0	0	0	494	536	
13	0	0	0	0	495	539	
14	0	0	0	0	496	542	
15	0	0	0	0	492	542	
0	0	0	0	0	483	537	
1	0	0	0	0	473	529	
2	0	0	0	0	467	521	
3	0	0	0	0	464	517	
4	0	0	0	0	459	511	
5	0	0	0	0	451	507	
6	0	0	0	0	449	510	
7	0	0	0	0	444	514	
8	0	0	0	0	442	515	
9	0	0	0	0	445	512	
10	0	0	0	0	452	511	
11	0	0	0	0	463	510	
12	0	0	0	0	475	513	
13	0	0	0	0	487	514	
14	0	0	0	0	494	515	
15	0	0	0	0	496	516	
0	0	0	0	0	496	511	
1	0	0	0	0	496	508	
2	0	0	0	0	495	506	
3	0	0	0	0	494	504	
4	0	0	0	0	491	504	
5	0	0	0	0	490	507	
6	0	0	0	0	486	507	
7	0	0	0	0	483	507	
8	0	0	0	0	481	505	
9	0	0	0	0	479	504	
10	0	0	0	0	479	507	
11	0	0	0	0	477	509	
12	0	0	0	0	476	509	
13	0	0	0	0	478	513	
14	0	0	0	0	475	518	
15	0	0	0	0	470	522	
0	0	0	0	0	468	529	
1	0	0	0	0	468	539	
2	0	0	0	0	471	545	
3	0	0	0	0	474	551	
4	0	0	0	0	478	560	
5	0	0	0	0	477	563	
6	0	0	0	0	479	564	
7	0	0	0	0	483	561	
8	0	0	0	0	486	559	
9	0	0	0	0	482	557	
10	0	0	0	0	480	555	
11	0	0	0	0	476	555	
12	0	0	0	0	472	556	
13	0	0	0	0	470	552	
14	0	0	0	0	465	543	
15	0	0	0	0	463	535	
0	0	0	0	0	463	530	
1	0	0	0	0	466	527	
2	0	0	0	0	470	527	
3	0	0	0	0	474	530	
4	0	0	0	0	478	532	
5	0	0	0	0	481	535	
6	0	0	0	0	486	537	
7	0	0	0	0	493	541	
8	0	0	0	0	503	542	
9	0	0	0	0	513	544	
10	0	0	0	0	515	545	
11	0	0	0	0	519	549	
12	0	0	0	0	519	557	
13	0	0	0	0	521	564	
14	0	0	0	0	517	566	
15	0	0	0	0	513	563	
0	0	0	0	0	510	558	
1	0	0	0	0	505	551	
2	0	0	0	0	500	546	
3	0	0	0	0	499	540	
4	0	0	0	0	498	535	
5	0	0	0	0	495	531	
6	0	0	0	0	492	527	
7	0	0	0	0	486	524	
8	0	0	0	0	480	521	
9	0	0	0	0	475	524	
10	0	0	0	0	471	530	
11	0	0	0	0	467	536	
12	0	0	0	0	463	543	
13	0	0	0	0	462	560	
14	0	0	0	0	464	574	
15	0	0	0	0	467	583	
0	0	0	0	0	472	591	
1	0	0	0	0	478	592	
2	0	0	0	0	484	587	
3	0	0	0	0	490	579	
4	0	0	0	0	495	572	
5	0	0	0	0	501	566	
6	0	0	0	0	504	561	
7	0	0	0	0	506	555	
8	0	0	0	0	508	543	
9	0	0	0	0	509	529	
10	0	0	0	0	513	513	
11	0	0	0	0	515	499	
12	0	0	0	0	518	491	
13	0	0	0	0	524	487	
14	0	0	0	0	531	484	
15	0	0	0	0	535	486	
0	0	0	0	0	531	488	
1	0	0	0	0	527	489	
2	0	0	0	0	523	493	
3	0	0	0	0	520	499	
4	0	0	0	0	520	508	
5	0	0	0	0	520	519	
6	0	0	0	0	521	524	
7	0	0	0	0	524	527	
8	0	0	0	0	522	530	
9	0	0	0	0	521	529	
10	0	0	0	0	519	529	
11	0	0	0	0	520	534	
12	0	0	0	0	524	540	
13	0	0	0	0	529	547	
14	0	0	0	0	535	553	
15	0	0	0	0	542	553	
0	0	0	0	0	547	547	
1	0	0	0	0	550	536	
2	0	0	0	0	550	529	
3	0	0	0	0	548	524	
4	0	0	0	0	548	527	
5	0	0	0	0	551	532	
6	0	0	0	0	556	538	
7	0	0	0	0	556	543	
8	0	0	0	0	556	550	
9	0	0	0	0	555	555	
10	0	0	0	0	553	556	
11	0	0	0	0	551	552	
12	0	0	0	0	551	548	
13	0	0	0	0	552	543	
14	0	0	0	0	550	537	
15	0	0	0	0	546	530	
0	0	0	0	0	542	522	
1	0	0	0	0	536	516	
2	0	0	0	0	530	511	
3	0	0	0	0	525	508	
4	0	0	0	0	521	506	
5	0	0	0	0	521	506	
6	0	0	0	0	521	508	
7	0	0	0	0	521	513	
8	0	0	0	0	524	521	
9	0	0	0	0	528	531	
10	0	0	0	0	536	541	
11	0	0	0	0	544	549	
12	0	0	0	0	549	551	
13	0	0	0	0	551	544	
14	0	0	0	0	550	531	
15	0	0	0	0	545	515	
0	0	0	0	0	540	505	
1	0	0	0	0	531	498	
2	0	0	0	0	523	493	
3	0	0	0	0	516	492	
4	0	0	0	0	511	493	
5	0	0	0	0	511	495	
6	0	0	0	0	509	501	
7	0	0	0	0	508	508	
8	0	0	0	0	514	514	
9	0	0	0	0	521	519	
10	0	0	0	0	527	526	
11	0	0	0	0	532	532	
12	0	0	0	0	535	538	
13	0	0	0	0	537	537	
14	0	0	0	0	539	537	
15	0	0	0	0	537	536	
0	0	0	0	0	534	539	
1	0	0	0	0	536	542	
2	0	0	0	0	541	545	
3	0	0	0	0	548	546	
4	0	0	0	0	555	540	
5	0	0	0	0	558	534	
6	0	0	0	0	561	529	
7	0	0	0	0	562	522	
8	0	0	0	0	561	516	
9	0	0	0	0	560	513	
10	0	0	0	0	556	513	
11	0	0	0	0	547	515	
12	0	0	0	0	535	518	
13	0	0	0	0	520	520	
14	0	0	0	0	507	523	
15	0	0	0	0	495	521	
0	0	0	0	0	488	518	
1	0	0	0	0	486	511	
2	0	0	0	0	483	506	
3	0	0	0	0	478	504	
4	0	0	0	0	474	507	
5	0	0	0	0	473	515	
6	0	0	0	0	479	528	
7	0	0	0	0	486	540	
8	0	0	0	0	499	545	
9	0	0	0	0	510	551	
10	0	0	0	0	519	556	
11	0	0	0	0	528	556	
12	0	0	0	0	537	555	
13	0	0	0	0	547	555	
14	0	0	0	0	551	555	
15	0	0	0	0	551	557	
0	0	0	0	0	550	559	
1	0	0	0	0	545	562	
2	0	0	0	0	540	566	
3	0	0	0	0	534	566	
4	0	0	0	0	527	560	
5	0	0	0	0	519	559	
6	0	0	0	0	512	556	
7	0	0	0	0	508	551	
8	0	0	0	0	505	545	
9	0	0	0	0	500	544	
10	0	0	0	0	495	550	
11	0	0	0	0	493	555	
12	0	0	0	0	493	561	
13	0	0	0	0	493	563	
14	0	0	0	0	494	563	
15	0	0	0	0	494	559	
0	0	0	0	0	493	553	
1	0	0	0	0	494	546	
2	0	0	0	0	497	538	
3	0	0	0	0	502	530	
4	0	0	0	0	507	521	
5	0	0	0	0	509	515	
6	0	0	0	0	511	512	
7	0	0	0	0	511	509	
8	0	0	0	0	512	508	
9	0	0	0	0	513	509	
10	0	0	0	0	518	508	
11	0	0	0	0	524	509	
12	0	0	0	0	529	512	
13	0	0	0	0	535	514	
14	0	0	0	0	540	518	
15	0	0	0	0	546	520	
0	0	0	0	0	551	523	
1	0	0	0	0	555	525	
2	0	0	0	0	555	527	
3	0	0	0	0	558	529	
4	0	0	0	0	558	528	
5	0	0	0	0	558	526	
6	0	0	0	0	557	520	
7	0	0	0	0	549	514	
8	0	0	0	0	538	508	
9	0	0	0	0	530	507	
10	0	0	0	0	525	508	
11	0	0	0	0	521	510	
12	0	0	0	0	519	514	
13	0	0	0	0	518	516	
14	0	0	0	0	518	519	
15	0	0	0	0	516	518	
0	0	0	0	0	517	520	
1	0	0	0	0	519	526	
2	0	0	0	0	524	531	
3	0	0	0	0	524	538	
4	0	0	0	0	526	542	
5	0	0	0	0	529	545	
6	0	0	0	0	531	547	
7	0	0	0	0	534	547	
8	0	0	0	0	534	547	
9	0	0	0	0	541	542	
10	0	0	0	0	544	536	
11	0	0	0	0	547	528	
12	0	0	0	0	545	521	
13	0	0	0	0	542	516	
14	0	0	0	0	537	510	
15	0	0	0	0	530	502	
0	0	0	0	0	523	496	
1	0	0	0	0	516	496	
2	0	0	0	0	511	498	
3	0	0	0	0	507	501	
4	0	0	0	0	505	503	
5	0	0	0	0	507	504	
6	0	0	0	0	508	506	
7	0	0	0	0	511	512	
8	0	0	0	0	511	516	
9	0	0	0	0	510	519	
10	0	0	0	0	508	519	
11	0	0	0	0	510	519	
12	0	0	0	0	515	521	
13	0	0	0	0	520	522	
14	0	0	0	0	524	522	
15	0	0	0	0	526	522	
0	0	0	0	0	529	522	
1	0	0	0	0	533	523	
2	0	0	0	0	536	521	
3	0	0	0	0	539	524	
4	0	0	0	0	539	526	
5	0	0	0	0	538	525	
6	0	0	0	0	536	523	
7	0	0	0	0	534	515	
8	0	0	0	0	528	509	
9	0	0	0	0	521	500	
10	0	0	0	0	517	492	
11	0	0	0	0	514	490	
12	0	0	0	0	513	489	
13	0	0	0	0	518	488	
14	0	0	0	0	519	493	
15	0	0	0	0	515	499	
0	0	0	0	0	507	503	
1	0	0	0	0	494	506	
2	0	0	0	0	486	510	
3	0	0	0	0	480	515	
4	0	0	0	0	477	523	
5	0	0	0	0	471	527	
6	0	0	0	0	470	532	
7	0	0	0	0	471	534	
8	0	0	0	0	471	528	
9	0	0	0	0	470	519	
10	0	0	0	0	472	508	
11	0	0	0	0	475	499	
12	0	0	0	0	484	491	
13	0	0	0	0	492	483	
14	0	0	0	0	500	476	
15	0	0	0	0	504	473	
0	0	0	0	0	508	473	
1	0	0	0	0	511	470	
2	0	0	0	0	513	467	
3	0	0	0	0	518	467	
4	0	0	0	0	519	473	
5	0	0	0	0	519	482	
6	0	0	0	0	520	489	
7	0	0	0	0	522	498	
8	0	0	0	0	519	503	
9	0	0	0	0	515	507	
10	0	0	0	0	512	508	
11	0	0	0	0	506	508	
12	0	0	0	0	497	510	
13	0	0	0	0	492	507	
14	0	0	0	0	485	503	
15	0	0	0	0	481	502	
0	0	0	0	0	482	503	
1	0	0	0	0	483	506	
2	0	0	0	0	482	511	
3	0	0	0	0	482	512	
4	0	0	0	0	482	513	
5	0	0	0	0	481	512	
6	0	0	0	0	480	511	
7	0	0	0	0	482	511	
8	0	0	0	0	485	510	
9	0	0	0	0	486	505	
10	0	0	0	0	488	496	
11	0	0	0	0	489	488	
12	0	0	0	0	488	486	
13	0	0	0	0	486	484	
14	0	0	0	0	482	485	
15	0	0	0	0	478	483	
0	0	0	0	0	475	484	
1	0	0	0	0	475	483	
2	0	0	0	0	476	483	
3	0	0	0	0	473	483	
4	0	0	0	0	473	486	
5	0	0	0	0	473	488	
6	0	0	0	0	477	490	
7	0	0	0	0	478	491	
8	0	0	0	0	482	494	
9	0	0	0	0	488	489	
10	0	0	0	0	495	481	
11	0	0	0	0	503	480	
12	0	0	0	0	513	480	
13	0	0	0	0	524	484	
14	0	0	0	0	536	490	
15	0	0	0	0	544	496	
0	0	0	0	0	547	499	
1	0	0	0	0	543	501	
2	0	0	0	0	531	504	
3	0	0	0	0	515	513	
4	0	0	0	0	497	524	
5	0	0	0	0	479	533	
6	0	0	0	0	464	547	
7	0	0	0	0	450	562	
8	0	0	0	0	435	577	
9	0	0	0	0	423	588	
10	0	0	0	0	415	595	
11	0	0	0	0	412	607	
12	0	0	0	0	414	620	
13	0	0	0	0	413	636	
14	0	0	0	0	414	647	
15	0	0	0	0	412	652	
0	0	0	0	0	405	655	
1	0	0	0	0	396	662	
2	0	0	0	0	390	664	
3	0	0	0	0	382	669	
4	0	0	0	0	375	671	
5	0	0	0	0	365	675	
6	0	0	0	0	354	681	
7	0	0	0	0	350	688	
8	0	0	0	0	343	695	
9	0	0	0	0	342	696	
10	0	0	0	0	344	696	
11	0	0	0	0	348	697	
12	0	0	0	0	355	700	
13	0	0	0	0	358	705	
14	0	0	0	0	361	710	
15	0	0	0	0	365	714	
0	0	0	0	0	369	714	
1	0	0	0	0	374	710	
2	0	0	0	0	379	707	
3	0	0	0	0	391	704	
4	0	0	0	0	407	699	
5	0	0	0	0	421	694	
6	0	0	0	0	428	691	
7	0	0	0	0	429	688	
8	0	0	0	0	429	686	
9	0	0	0	0	430	684	
10	0	0	0	0	433	675	
11	0	0	0	0	437	656	
12	0	0	0	0	439	639	
13	0	0	0	0	440	625	
14	0	0	0	0	439	613	
15	0	0	0	0	439	610	
0	0	0	0	0	438	611	
1	0	0	0	0	438	615	
2	0	0	0	0	441	619	
3	0	0	0	0	446	620	
4	0	0	0	0	455	623	
5	0	0	0	0	467	624	
6	0	0	0	0	481	631	
7	0	0	0	0	494	636	
8	0	0	0	0	502	634	
9	0	0	0	0	508	636	
10	0	0	0	0	511	638	
11	0	0	0	0	511	641	
12	0	0	0	0	511	643	
13	0	0	0	0	510	640	
14	0	0	0	0	506	640	
15	0	0	0	0	500	636	
0	0	0	0	0	497	639	
1	0	0	0	0	495	643	
2	0	0	0	0	494	642	
3	0	0	0	0	493	632	
4	0	0	0	0	489	624	
5	0	0	0	0	484	617	
6	0	0	0	0	483	610	
7	0	0	0	0	483	601	
8	0	0	0	0	485	593	
9	0	0	0	0	489	586	
10	0	0	0	0	491	581	
11	0	0	0	0	495	576	
12	0	0	0	0	496	571	
13	0	0	0	0	495	564	
14	0	0	0	0	495	559	
15	0	0	0	0	494	555	
0	0	0	0	0	494	552	
1	0	0	0	0	498	560	
2	0	0	0	0	502	568	
3	0	0	0	0	506	577	
4	0	0	0	0	504	581	
5	0	0	0	0	501	585	
6	0	0	0	0	499	588	
7	0	0	0	0	496	592	
8	0	0	0	0	493	598	
9	0	0	0	0	489	607	
10	0	0	0	0	485	614	
11	0	0	0	0	479	622	
12	0	0	0	0	472	632	
13	0	0	0	0	465	647	
14	0	0	0	0	459	650	
15	0	0	0	0	451	652	
0	0	0	0	0	448	645	
1	0	0	0	0	448	633	
2	0	0	0	0	445	620	
3	0	0	0	0	441	610	
4	0	0	0	0	441	606	
5	0	0	0	0	444	607	
6	0	0	0	0	449	610	
7	0	0	0	0	455	611	
8	0	0	0	0	459	606	
9	0	0	0	0	461	596	
10	0	0	0	0	461	588	
11	0	0	0	0	459	579	
12	0	0	0	0	456	573	
13	0	0	0	0	455	568	
14	0	0	0	0	455	561	
15	0	0	0	0	456	559	
0	0	0	0	0	456	556	
1	0	0	0	0	459	548	
2	0	0	0	0	461	536	
3	0	0	0	0	464	530	
4	0	0	0	0	467	528	
5	0	0	0	0	467	531	
6	0	0	0	0	465	536	
7	0	0	0	0	463	540	
8	0	0	0	0	464	543	
9	0	0	0	0	467	545	
10	0	0	0	0	472	548	
11	0	0	0	0	475	551	
12	0	0	0	0	476	559	
13	0	0	0	0	483	565	
14	0	0	0	0	484	566	
15	0	0	0	0	483	568	
0	0	0	0	0	480	571	
1	0	0	0	0	476	574	
2	0	0	0	0	475	579	
3	0	0	0	0	477	578	
4	0	0	0	0	480	578	
5	0	0	0	0	482	574	
6	0	0	0	0	483	570	
7	0	0	0	0	481	574	
8	0	0	0	0	480	577	
9	0	0	0	0	480	582	
10	0	0	0	0	480	586	
11	0	0	0	0	480	587	
12	0	0	0	0	480	587	
13	0	0	0	0	479	580	
14	0	0	0	0	478	575	
15	0	0	0	0	473	572	
0	0	0	0	0	463	570	
1	0	0	0	0	459	571	
2	0	0	0	0	458	575	
3	0	0	0	0	458	574	
4	0	0	0	0	454	573	
5	0	0	0	0	451	564	
6	0	0	0	0	449	557	
7	0	0	0	0	451	548	
8	0	0	0	0	451	541	
9	0	0	0	0	453	537	
10	0	0	0	0	453	533	
11	0	0	0	0	454	531	
12	0	0	0	0	457	531	
13	0	0	0	0	462	535	
14	0	0	0	0	468	542	
15	0	0	0	0	475	543	
0	0	0	0	0	481	539	
1	0	0	0	0	487	531	
2	0	0	0	0	492	525	
3	0	0	0	0	495	523	
4	0	0	0	0	499	522	
5	0	0	0	0	502	528	
6	0	0	0	0	507	532	
7	0	0	0	0	510	532	
8	0	0	0	0	514	528	
9	0	0	0	0	519	523	
10	0	0	0	0	527	522	
11	0	0	0	0	532	525	
12	0	0	0	0	535	528	
13	0	0	0	0	542	541	
14	0	0	0	0	551	551	
15	0	0	0	0	559	558	
0	0	0	0	0	563	559	
1	0	0	0	0	564	557	
2	0	0	0	0	562	551	
3	0	0	0	0	557	544	
4	0	0	0	0	550	533	
5	0	0	0	0	537	521	
6	0	0	0	0	524	509	
7	0	0	0	0	513	499	
8	0	0	0	0	504	496	
9	0	0	0	0	497	495	
10	0	0	0	0	491	502	
11	0	0	0	0	486	509	
12	0	0	0	0	480	516	
13	0	0	0	0	476	521	
14	0	0	0	0	473	522	
15	0	0	0	0	471	519	
0	0	0	0	0	465	520	
1	0	0	0	0	461	525	
2	0	0	0	0	462	528	
3	0	0	0	0	465	537	
4	0	0	0	0	469	547	
5	0	0	0	0	473	555	
6	0	0	0	0	476	557	
7	0	0	0	0	481	553	
8	0	0	0	0	488	546	
9	0	0	0	0	496	542	
10	0	0	0	0	502	538	
11	0	0	0	0	503	533	
12	0	0	0	0	502	531	
13	0	0	0	0	499	528	
14	0	0	0	0	495	524	
15	0	0	0	0	489	518	
0	0	0	0	0	487	513	
1	0	0	0	0	492	508	
2	0	0	0	0	496	504	
3	0	0	0	0	498	501	
4	0	0	0	0	495	497	
5	0	0	0	0	492	494	
6	0	0	0	0	491	491	
7	0	0	0	0	489	486	
8	0	0	0	0	484	480	
9	0	0	0	0	480	477	
10	0	0	0	0	475	483	
11	0	0	0	0	472	492	
12	0	0	0	0	471	502	
13	0	0	0	0	472	514	
14	0	0	0	0	475	527	
15	0	0	0	0	479	537	
0	0	0	0	0	480	545	
1	0	0	0	0	480	549	
2	0	0	0	0	480	551	
3	0	0	0	0	480	554	
4	0	0	0	0	479	559	
5	0	0	0	0	478	563	
6	0	0	0	0	478	566	
7	0	0	0	0	476	567	
8	0	0	0	0	479	562	
9	0	0	0	0	483	558	
10	0	0	0	0	490	552	
11	0	0	0	0	495	543	
12	0	0	0	0	502	532	
13	0	0	0	0	509	522	
14	0	0	0	0	515	510	
15	0	0	0	0	521	503	
0	0	0	0	0	524	502	
1	0	0	0	0	527	498	
2	0	0	0	0	530	492	
3	0	0	0	0	532	486	
4	0	0	0	0	536	484	
5	0	0	0	0	535	483	
6	0	0	0	0	534	484	
7	0	0	0	0	528	486	
8	0	0	0	0	520	487	
9	0	0	0	0	509	489	
10	0	0	0	0	497	492	
11	0	0	0	0	487	499	
12	0	0	0	0	480	504	
13	0	0	0	0	478	507	
14	0	0	0	0	478	507	
15	0	0	0	0	476	508	
0	0	0	0	0	476	506	
1	0	0	0	0	477	507	
2	0	0	0	0	475	512	
3	0	0	0	0	475	520	
4	0	0	0	0	475	535	
5	0	0	0	0	477	550	
6	0	0	0	0	478	559	
7	0	0	0	0	477	559	
8	0	0	0	0	479	556	
9	0	0	0	0	478	549	
10	0	0	0	0	475	541	
11	0	0	0	0	473	532	
12	0	0	0	0	470	524	
13	0	0	0	0	470	512	
14	0	0	0	0	470	504	
15	0	0	0	0	472	498	
0	0	0	0	0	472	497	
1	0	0	0	0	473	497	
2	0	0	0	0	472	493	
3	0	0	0	0	473	488	
4	0	0	0	0	476	487	
5	0	0	0	0	476	491	
6	0	0	0	0	477	500	
7	0	0	0	0	476	508	
8	0	0	0	0	475	515	
9	0	0	0	0	473	522	
10	0	0	0	0	476	523	
11	0	0	0	0	479	523	
12	0	0	0	0	485	521	
13	0	0	0	0	492	521	
14	0	0	0	0	496	519	
15	0	0	0	0	500	515	
0	0	0	0	0	499	515	
1	0	0	0	0	502	515	
2	0	0	0	0	504	509	
3	0	0	0	0	504	502	
4	0	0	0	0	500	492	
5	0	0	0	0	493	486	
6	0	0	0	0	485	484	
7	0	0	0	0	476	484	
8	0	0	0	0	468	483	
9	0	0	0	0	462	480	
10	0	0	0	0	457	473	
11	0	0	0	0	453	468	
12	0	0	0	0	451	463	
13	0	0	0	0	449	465	
14	0	0	0	0	447	473	
15	0	0	0	0	443	483	
0	0	0	0	0	444	495	
1	0	0	0	0	444	503	
2	0	0	0	0	446	508	
3	0	0	0	0	453	512	
4	0	0	0	0	460	517	
5	0	0	0	0	463	519	
6	0	0	0	0	466	523	
7	0	0	0	0	467	528	
8	0	0	0	0	467	536	
9	0	0	0	0	471	539	
10	0	0	0	0	473	536	
11	0	0	0	0	475	531	
12	0	0	0	0	475	529	
13	0	0	0	0	476	527	
14	0	0	0	0	476	526	
15	0	0	0	0	475	523	
0	0	0	0	0	474	526	
1	0	0	0	0	470	524	
2	0	0	0	0	465	519	
3	0	0	0	0	462	515	
4	0	0	0	0	462	515	
5	0	0	0	0	466	517	
6	0	0	0	0	471	520	
7	0	0	0	0	475	523	
8	0	0	0	0	476	526	
9	0	0	0	0	477	528	
10	0	0	0	0	477	527	
11	0	0	0	0	476	523	
12	0	0	0	0	476	517	
13	0	0	0	0	477	514	
14	0	0	0	0	482	515	
15	0	0	0	0	488	514	
0	0	0	0	0	493	513	
1	0	0	0	0	498	514	
2	0	0	0	0	502	519	
3	0	0	0	0	509	524	
4	0	0	0	0	514	527	
5	0	0	0	0	516	524	
6	0	0	0	0	519	518	
7	0	0	0	0	522	511	
8	0	0	0	0	521	507	
9	0	0	0	0	521	503	
10	0	0	0	0	519	494	
11	0	0	0	0	518	485	
12	0	0	0	0	513	477	
13	0	0	0	0	511	473	
14	0	0	0	0	509	473	
15	0	0	0	0	508	473	
0	0	0	0	0	502	472	
1	0	0	0	0	496	469	
2	0	0	0	0	493	468	
3	0	0	0	0	493	471	
4	0	0	0	0	494	479	
5	0	0	0	0	497	486	
6	0	0	0	0	503	491	
7	0	0	0	0	507	499	
8	0	0	0	0	507	504	
9	0	0	0	0	507	510	
10	0	0	0	0	508	515	
11	0	0	0	0	515	520	
12	0	0	0	0	523	524	
13	0	0	0	0	533	527	
14	0	0	0	0	540	531	
15	0	0	0	0	545	531	
0	0	0	0	0	547	527	
1	0	0	0	0	542	518	
2	0	0	0	0	537	507	
3	0	0	0	0	536	502	
4	0	0	0	0	538	504	
5	0	0	0	0	540	511	
6	0	0	0	0	539	515	
7	0	0	0	0	537	513	
8	0	0	0	0	532	511	
9	0	0	0	0	531	509	
10	0	0	0	0	535	509	
11	0	0	0	0	539	510	
12	0	0	0	0	541	510	
13	0	0	0	0	543	502	
14	0	0	0	0	543	493	
15	0	0	0	0	542	483	
0	0	0	0	0	537	475	
1	0	0	0	0	535	469	
2	0	0	0	0	534	463	
3	0	0	0	0	535	462	
4	0	0	0	0	537	467	
5	0	0	0	0	543	482	
6	0	0	0	0	544	496	
7	0	0	0	0	543	507	
8	0	0	0	0	547	517	
9	0	0	0	0	553	533	
10	0	0	0	0	556	548	
11	0	0	0	0	555	558	
12	0	0	0	0	554	558	
13	0	0	0	0	554	556	
14	0	0	0	0	555	553	
15	0	0	0	0	557	547	
0	0	0	0	0	558	541	
1	0	0	0	0	562	537	
2	0	0	0	0	568	533	
3	0	0	0	0	573	531	
4	0	0	0	0	582	529	
5	0	0	0	0	587	523	
6	0	0	0	0	595	517	
7	0	0	0	0	605	516	
8	0	0	0	0	617	518	
9	0	0	0	0	627	521	
10	0	0	0	0	633	529	
11	0	0	0	0	636	536	
12	0	0	0	0	633	544	
13	0	0	0	0	630	553	
14	0	0	0	0	624	561	
15	0	0	0	0	617	571	
0	0	0	0	0	609	581	
1	0	0	0	0	605	591	
2	0	0	0	0	601	601	
3	0	0	0	0	600	613	
4	0	0	0	0	598	625	
5	0	0	0	0	593	630	
6	0	0	0	0	588	630	
7	0	0	0	0	587	628	
8	0	0	0	0	588	628	
9	0	0	0	0	588	634	
10	0	0	0	0	589	643	
11	0	0	0	0	590	651	
12	0	0	0	0	587	658	
13	0	0	0	0	583	664	
14	0	0	0	0	576	669	
15	0	0	0	0	569	673	
0	0	0	0	0	566	665	
1	0	0	0	0	563	655	
2	0	0	0	0	563	645	
3	0	0	0	0	564	636	
4	0	0	0	0	563	627	
5	0	0	0	0	560	622	
6	0	0	0	0	556	619	
7	0	0	0	0	555	615	
8	0	0	0	0	553	609	
9	0	0	0	0	552	606	
10	0	0	0	0	553	603	
11	0	0	0	0	556	603	
12	0	0	0	0	561	606	
13	0	0	0	0	568	612	
14	0	0	0	0	575	617	
15	0	0	0	0	580	624	
0	0	0	0	0	579	631	
1	0	0	0	0	583	639	
2	0	0	0	0	586	647	
3	0	0	0	0	587	651	
4	0	0	0	0	590	650	
5	0	0	0	0	593	647	
6	0	0	0	0	594	645	
7	0	0	0	0	593	643	
8	0	0	0	0	592	640	
9	0	0	0	0	591	639	
10	0	0	0	0	593	638	
11	0	0	0	0	591	635	
12	0	0	0	0	587	630	
13	0	0	0	0	582	630	
14	0	0	0	0	575	629	
15	0	0	0	0	568	625	
0	0	0	0	0	561	615	
1	0	0	0	0	557	609	
2	0	0	0	0	551	603	
3	0	0	0	0	546	600	
4	0	0	0	0	544	598	
5	0	0	0	0	542	598	
6	0	0	0	0	543	600	
7	0	0	0	0	547	605	
8	0	0	0	0	552	607	
9	0	0	0	0	560	608	
10	0	0	0	0	566	616	
11	0	0	0	0	569	627	
12	0	0	0	0	572	639	
13	0	0	0	0	571	647	
14	0	0	0	0	568	652	
15	0	0	0	0	562	652	
0	0	0	0	0	556	650	
1	0	0	0	0	550	648	
2	0	0	0	0	546	643	
3	0	0	0	0	541	638	
4	0	0	0	0	539	632	
5	0	0	0	0	539	626	
6	0	0	0	0	535	622	
7	0	0	0	0	530	615	
8	0	0	0	0	525	610	
9	0	0	0	0	523	606	
10	0	0	0	0	523	605	
11	0	0	0	0	524	604	
12	0	0	0	0	524	603	
13	0	0	0	0	524	603	
14	0	0	0	0	523	607	
15	0	0	0	0	520	610	
0	0	0	0	0	519	614	
1	0	0	0	0	516	616	
2	0	0	0	0	511	615	
3	0	0	0	0	508	614	
4	0	0	0	0	507	611	
5	0	0	0	0	507	611	
6	0	0	0	0	508	610	
7	0	0	0	0	509	612	
8	0	0	0	0	509	619	
9	0	0	0	0	508	626	
10	0	0	0	0	504	629	
11	0	0	0	0	499	626	
12	0	0	0	0	494	623	
13	0	0	0	0	493	622	
14	0	0	0	0	493	620	
15	0	0	0	0	494	623	
0	0	0	0	0	496	632	
1	0	0	0	0	499	646	
2	0	0	0	0	499	660	
3	0	0	0	0	499	664	
4	0	0	0	0	502	667	
5	0	0	0	0	503	661	
6	0	0	0	0	502	655	
7	0	0	0	0	498	651	
8	0	0	0	0	494	647	
9	0	0	0	0	490	640	
10	0	0	0	0	483	631	
11	0	0	0	0	481	622	
12	0	0	0	0	482	617	
13	0	0	0	0	481	615	
14	0	0	0	0	480	611	
15	0	0	0	0	480	602	
0	0	0	0	0	483	595	
1	0	0	0	0	487	590	
2	0	0	0	0	492	583	
3	0	0	0	0	499	582	
4	0	0	0	0	511	583	
5	0	0	0	0	525	585	
6	0	0	0	0	537	588	
7	0	0	0	0	543	591	
8	0	0	0	0	547	599	
9	0	0	0	0	550	609	
10	0	0	0	0	550	619	
11	0	0	0	0	548	627	
12	0	0	0	0	549	630	
13	0	0	0	0	552	625	
14	0	0	0	0	553	615	
15	0	0	0	0	555	604	
0	0	0	0	0	555	595	
1	0	0	0	0	555	586	
2	0	0	0	0	556	582	
3	0	0	0	0	556	579	
4	0	0	0	0	557	577	
5	0	0	0	0	556	572	
6	0	0	0	0	554	568	
7	0	0	0	0	554	564	
8	0	0	0	0	553	559	
9	0	0	0	0	552	556	
10	0	0	0	0	551	556	
11	0	0	0	0	550	555	
12	0	0	0	0	546	558	
13	0	0	0	0	537	558	
14	0	0	0	0	527	560	
15	0	0	0	0	518	562	
0	0	0	0	0	511	568	
1	0	0	0	0	505	575	
2	0	0	0	0	499	587	
3	0	0	0	0	499	600	
4	0	0	0	0	503	610	
5	0	0	0	0	509	620	
6	0	0	0	0	516	629	
7	0	0	0	0	528	636	
8	0	0	0	0	543	638	
9	0	0	0	0	557	638	
10	0	0	0	0	572	639	
11	0	0	0	0	585	642	
12	0	0	0	0	596	641	
13	0	0	0	0	605	640	
14	0	0	0	0	611	640	
15	0	0	0	0	616	639	
0	0	0	0	0	617	635	
1	0	0	0	0	615	625	
2	0	0	0	0	613	616	
3	0	0	0	0	609	608	
4	0	0	0	0	603	600	
5	0	0	0	0	593	592	
6	0	0	0	0	583	584	
7	0	0	0	0	573	575	
8	0	0	0	0	564	568	
9	0	0	0	0	556	560	
10	0	0	0	0	547	552	
11	0	0	0	0	538	543	
12	0	0	0	0	529	538	
13	0	0	0	0	526	542	
14	0	0	0	0	526	555	
15	0	0	0	0	528	569	
0	0	0	0	0	530	580	
1	0	0	0	0	534	588	
2	0	0	0	0	538	593	
3	0	0	0	0	543	599	
4	0	0	0	0	547	595	
5	0	0	0	0	554	592	
6	0	0	0	0	561	585	
7	0	0	0	0	568	577	
8	0	0	0	0	575	569	
9	0	0	0	0	582	563	
10	0	0	0	0	589	560	
11	0	0	0	0	593	556	
12	0	0	0	0	596	552	
13	0	0	0	0	598	548	
14	0	0	0	0	596	545	
15	0	0	0	0	595	539	
0	0	0	0	0	590	534	
1	0	0	0	0	583	527	
2	0	0	0	0	576	520	
3	0	0	0	0	571	511	
4	0	0	0	0	569	502	
5	0	0	0	0	564	499	
6	0	0	0	0	558	504	
7	0	0	0	0	553	509	
8	0	0	0	0	548	510	
9	0	0	0	0	545	505	
10	0	0	0	0	541	497	
11	0	0	0	0	537	492	
12	0	0	0	0	533	494	
13	0	0	0	0	531	495	
14	0	0	0	0	525	487	
15	0	0	0	0	522	480	
0	0	0	0	0	523	473	
1	0	0	0	0	522	469	
2	0	0	0	0	524	468	
3	0	0	0	0	527	472	
4	0	0	0	0	532	477	
5	0	0	0	0	537	484	
6	0	0	0	0	541	490	
7	0	0	0	0	544	493	
8	0	0	0	0	547	495	
9	0	0	0	0	549	492	
10	0	0	0	0	551	487	
11	0	0	0	0	552	482	
12	0	0	0	0	556	480	
13	0	0	0	0	557	483	
14	0	0	0	0	555	487	
15	0	0	0	0	553	492	
0	0	0	0	0	548	494	
1	0	0	0	0	545	497	
2	0	0	0	0	540	495	
3	0	0	0	0	535	487	
4	0	0	0	0	531	479	
5	0	0	0	0	528	471	
6	0	0	0	0	524	464	
7	0	0	0	0	521	454	
8	0	0	0	0	516	443	
9	0	0	0	0	514	432	
10	0	0	0	0	512	425	
11	0	0	0	0	514	423	
12	0	0	0	0	514	427	
13	0	0	0	0	522	440	
14	0	0	0	0	531	455	
15	0	0	0	0	540	472	
0	0	0	0	0	548	487	
1	0	0	0	0	551	500	
2	0	0	0	0	551	516	
3	0	0	0	0	549	525	
4	0	0	0	0	545	532	
5	0	0	0	0	540	535	
6	0	0	0	0	535	534	
7	0	0	0	0	527	531	
8	0	0	0	0	519	525	
9	0	0	0	0	517	521	
10	0	0	0	0	517	527	
11	0	0	0	0	522	537	
12	0	0	0	0	530	547	
13	0	0	0	0	537	553	
14	0	0	0	0	540	556	
15	0	0	0	0	545	556	
0	0	0	0	0	550	551	
1	0	0	0	0	551	544	
2	0	0	0	0	550	534	
3	0	0	0	0	545	521	
4	0	0	0	0	538	509	
5	0	0	0	0	532	496	
6	0	0	0	0	528	488	
7	0	0	0	0	525	481	
8	0	0	0	0	520	473	
9	0	0	0	0	515	465	
10	0	0	0	0	512	459	
11	0	0	0	0	512	456	
12	0	0	0	0	518	455	
13	0	0	0	0	521	455	
14	0	0	0	0	527	456	
15	0	0	0	0	531	459	
0	0	0	0	0	532	464	
1	0	0	0	0	534	474	
2	0	0	0	0	529	483	
3	0	0	0	0	524	495	
4	0	0	0	0	515	500	
5	0	0	0	0	509	502	
6	0	0	0	0	499	499	
7	0	0	0	0	488	490	
8	0	0	0	0	478	479	
9	0	0	0	0	468	473	
10	0	0	0	0	461	472	
11	0	0	0	0	454	471	
12	0	0	0	0	449	470	
13	0	0	0	0	449	468	
14	0	0	0	0	453	465	
15	0	0	0	0	457	460	
0	0	0	0	0	463	455	
1	0	0	0	0	467	447	
2	0	0	0	0	471	440	
3	0	0	0	0	473	432	
4	0	0	0	0	476	425	
5	0	0	0	0	479	422	
6	0	0	0	0	484	422	
7	0	0	0	0	486	426	
8	0	0	0	0	485	430	
9	0	0	0	0	482	433	
10	0	0	0	0	480	432	
11	0	0	0	0	480	434	
12	0	0	0	0	478	436	
13	0	0	0	0	473	440	
14	0	0	0	0	468	444	
15	0	0	0	0	463	446	
0	0	0	0	0	460	445	
1	0	0	0	0	457	443	
2	0	0	0	0	453	442	
3	0	0	0	0	448	438	
4	0	0	0	0	445	432	
5	0	0	0	0	442	430	
6	0	0	0	0	440	429	
7	0	0	0	0	436	429	
8	0	0	0	0	432	430	
9	0	0	0	0	428	434	
10	0	0	0	0	423	440	
11	0	0	0	0	423	445	
12	0	0	0	0	421	447	
13	0	0	0	0	422	454	
14	0	0	0	0	428	459	
15	0	0	0	0	430	463	
0	0	0	0	0	432	462	
1	0	0	0	0	437	461	
2	0	0	0	0	444	456	
3	0	0	0	0	452	451	
4	0	0	0	0	460	444	
5	0	0	0	0	464	439	
6	0	0	0	0	464	433	
7	0	0	0	0	463	431	
8	0	0	0	0	462	428	
9	0	0	0	0	461	426	
10	0	0	0	0	463	430	
11	0	0	0	0	465	440	
12	0	0	0	0	468	452	
13	0	0	0	0	470	464	
14	0	0	0	0	471	473	
15	0	0	0	0	469	483	
0	0	0	0	0	467	487	
1	0	0	0	0	462	487	
2	0	0	0	0	456	487	
3	0	0	0	0	452	489	
4	0	0	0	0	447	491	
5	0	0	0	0	440	489	
6	0	0	0	0	433	484	
7	0	0	0	0	426	481	
8	0	0	0	0	421	477	
9	0	0	0	0	415	473	
10	0	0	0	0	408	470	
11	0	0	0	0	404	469	
12	0	0	0	0	399	468	
13	0	0	0	0	395	463	
14	0	0	0	0	392	456	
15	0	0	0	0	391	453	
0	0	0	0	0	390	454	
1	0	0	0	0	391	455	
2	0	0	0	0	392	455	
3	0	0	0	0	395	455	
4	0	0	0	0	393	451	
5	0	0	0	0	389	446	
6	0	0	0	0	384	437	
7	0	0	0	0	379	427	
8	0	0	0	0	383	416	
9	0	0	0	0	391	408	
10	0	0	0	0	398	403	
11	0	0	0	0	407	403	
12	0	0	0	0	417	413	
13	0	0	0	0	428	426	
14	0	0	0	0	438	436	
15	0	0	0	0	445	440	
0	0	0	0	0	449	440	
1	0	0	0	0	450	437	
2	0	0	0	0	452	431	
3	0	0	0	0	457	422	
4	0	0	0	0	460	418	
5	0	0	0	0	459	418	
6	0	0	0	0	460	419	
7	0	0	0	0	459	424	
8	0	0	0	0	459	427	
9	0	0	0	0	460	430	
10	0	0	0	0	458	432	
11	0	0	0	0	455	434	
12	0	0	0	0	454	441	
13	0	0	0	0	451	450	
14	0	0	0	0	448	460	
15	0	0	0	0	443	464	
0	0	0	0	0	432	462	
1	0	0	0	0	420	454	
2	0	0	0	0	413	446	
3	0	0	0	0	409	447	
4	0	0	0	0	409	451	
5	0	0	0	0	413	460	
6	0	0	0	0	418	467	
7	0	0	0	0	423	475	
8	0	0	0	0	429	477	
9	0	0	0	0	433	479	
10	0	0	0	0	442	479	
11	0	0	0	0	454	483	
12	0	0	0	0	463	480	
13	0	0	0	0	472	474	
14	0	0	0	0	477	467	
15	0	0	0	0	479	461	
0	0	0	0	0	480	452	
1	0	0	0	0	479	443	
2	0	0	0	0	478	433	
3	0	0	0	0	477	428	
4	0	0	0	0	478	427	
5	0	0	0	0	477	427	
6	0	0	0	0	477	428	
7	0	0	0	0	479	432	
8	0	0	0	0	484	441	
9	0	0	0	0	491	450	
10	0	0	0	0	496	459	
11	0	0	0	0	496	466	
12	0	0	0	0	496	468	
13	0	0	0	0	496	466	
14	0	0	0	0	498	462	
15	0	0	0	0	503	457	
0	0	0	0	0	507	452	
1	0	0	0	0	512	452	
2	0	0	0	0	514	455	
3	0	0	0	0	518	464	
4	0	0	0	0	519	471	
5	0	0	0	0	519	472	
6	0	0	0	0	520	472	
7	0	0	0	0	519	476	
8	0	0	0	0	515	479	
9	0	0	0	0	513	480	
10	0	0	0	0	511	480	
11	0	0	0	0	508	479	
12	0	0	0	0	503	476	
13	0	0	0	0	499	469	
14	0	0	0	0	498	460	
15	0	0	0	0	503	449	
0	0	0	0	0	511	435	
1	0	0	0	0	516	419	
2	0	0	0	0	521	404	
3	0	0	0	0	528	391	
4	0	0	0	0	531	382	
5	0	0	0	0	534	376	
6	0	0	0	0	537	376	
7	0	0	0	0	541	387	
8	0	0	0	0	546	396	
9	0	0	0	0	553	403	
10	0	0	0	0	558	411	
11	0	0	0	0	560	414	
12	0	0	0	0	562	418	
13	0	0	0	0	559	422	
14	0	0	0	0	556	425	
15	0	0	0	0	551	429	
0	0	0	0	0	549	431	
1	0	0	0	0	548	430	
2	0	0	0	0	548	430	
3	0	0	0	0	543	425	
4	0	0	0	0	537	423	
5	0	0	0	0	532	422	
6	0	0	0	0	527	424	
7	0	0	0	0	521	429	
8	0	0	0	0	518	438	
9	0	0	0	0	515	446	
10	0	0	0	0	508	458	
11	0	0	0	0	503	466	
12	0	0	0	0	497	472	
13	0	0	0	0	489	476	
14	0	0	0	0	480	480	
15	0	0	0	0	470	481	
0	0	0	0	0	461	478	
1	0	0	0	0	458	476	
2	0	0	0	0	463	473	
3	0	0	0	0	473	475	
4	0	0	0	0	485	474	
5	0	0	0	0	495	467	
6	0	0	0	0	504	459	
7	0	0	0	0	512	455	
8	0	0	0	0	524	452	
9	0	0	0	0	530	447	
10	0	0	0	0	536	437	
11	0	0	0	0	537	421	
12	0	0	0	0	536	406	
13	0	0	0	0	532	396	
14	0	0	0	0	527	389	
15	0	0	0	0	522	391	
0	0	0	0	0	514	391	
1	0	0	0	0	510	392	
2	0	0	0	0	505	395	
3	0	0	0	0	503	401	
4	0	0	0	0	499	414	
5	0	0	0	0	497	428	
6	0	0	0	0	499	438	
7	0	0	0	0	502	446	
8	0	0	0	0	505	453	
9	0	0	0	0	510	461	
10	0	0	0	0	515	467	
11	0	0	0	0	519	474	
12	0	0	0	0	521	477	
13	0	0	0	0	524	476	
14	0	0	0	0	525	478	
15	0	0	0	0	527	478	
0	0	0	0	0	527	475	
1	0	0	0	0	520	470	
2	0	0	0	0	516	465	
3	0	0	0	0	512	460	
4	0	0	0	0	508	460	
5	0	0	0	0	503	458	
6	0	0	0	0	502	454	
7	0	0	0	0	502	442	
8	0	0	0	0	504	427	
9	0	0	0	0	506	408	
10	0	0	0	0	508	387	
11	0	0	0	0	511	376	
12	0	0	0	0	515	368	
13	0	0	0	0	515	362	
14	0	0	0	0	514	363	
15	0	0	0	0	512	366	
0	0	0	0	0	510	366	
1	0	0	0	0	512	372	
2	0	0	0	0	513	376	
3	0	0	0	0	513	381	
4	0	0	0	0	511	387	
5	0	0	0	0	508	401	
6	0	0	0	0	507	419	
7	0	0	0	0	506	433	
8	0	0	0	0	511	442	
9	0	0	0	0	513	446	
10	0	0	0	0	516	446	
11	0	0	0	0	520	444	
12	0	0	0	0	524	443	
13	0	0	0	0	528	445	
14	0	0	0	0	527	446	
15	0	0	0	0	527	450	
0	0	0	0	0	525	453	
1	0	0	0	0	521	455	
2	0	0	0	0	516	457	
3	0	0	0	0	511	455	
4	0	0	0	0	509	448	
5	0	0	0	0	506	442	
6	0	0	0	0	504	437	
7	0	0	0	0	502	430	
8	0	0	0	0	504	425	
9	0	0	0	0	499	423	
10	0	0	0	0	497	422	
11	0	0	0	0	492	422	
12	0	0	0	0	490	423	
13	0	0	0	0	487	424	
14	0	0	0	0	484	431	
15	0	0	0	0	479	438	
0	0	0	0	0	472	444	
1	0	0	0	0	465	450	
2	0	0	0	0	457	452	
3	0	0	0	0	452	455	
4	0	0	0	0	448	461	
5	0	0	0	0	444	472	
6	0	0	0	0	441	482	
7	0	0	0	0	442	488	
8	0	0	0	0	443	489	
9	0	0	0	0	443	487	
10	0	0	0	0	442	484	
11	0	0	0	0	439	484	
12	0	0	0	0	439	481	
13	0	0	0	0	440	479	
14	0	0	0	0	442	473	
15	0	0	0	0	442	470	
0	0	0	0	0	443	471	
1	0	0	0	0	446	471	
2	0	0	0	0	449	469	
3	0	0	0	0	453	463	
4	0	0	0	0	459	458	
5	0	0	0	0	465	455	
6	0	0	0	0	471	452	
7	0	0	0	0	476	452	
8	0	0	0	0	479	449	
9	0	0	0	0	485	443	
10	0	0	0	0	490	435	
11	0	0	0	0	497	431	
12	0	0	0	0	503	425	
13	0	0	0	0	510	418	
14	0	0	0	0	516	417	
15	0	0	0	0	519	423	
0	0	0	0	0	519	433	
1	0	0	0	0	516	445	
2	0	0	0	0	510	455	
3	0	0	0	0	504	459	
4	0	0	0	0	497	459	
5	0	0	0	0	491	459	
6	0	0	0	0	486	457	
7	0	0	0	0	480	452	
8	0	0	0	0	475	445	
9	0	0	0	0	469	435	
10	0	0	0	0	464	425	
11	0	0	0	0	467	422	
12	0	0	0	0	473	424	
13	0	0	0	0	483	432	
14	0	0	0	0	496	444	
15	0	0	0	0	511	450	
0	0	0	0	0	524	456	
1	0	0	0	0	534	462	
2	0	0	0	0	539	467	
3	0	0	0	0	542	464	
4	0	0	0	0	540	462	
5	0	0	0	0	541	457	
6	0	0	0	0	542	451	
7	0	0	0	0	540	445	
8	0	0	0	0	540	437	
9	0	0	0	0	534	427	
10	0	0	0	0	528	420	
11	0	0	0	0	517	417	
12	0	0	0	0	512	416	
13	0	0	0	0	508	417	
14	0	0	0	0	508	423	
15	0	0	0	0	510	427	
0	0	0	0	0	512	434	
1	0	0	0	0	516	440	
2	0	0	0	0	521	447	
3	0	0	0	0	522	451	
4	0	0	0	0	519	454	
5	0	0	0	0	511	457	
6	0	0	0	0	502	463	
7	0	0	0	0	488	469	
8	0	0	0	0	479	470	
9	0	0	0	0	470	476	
10	0	0	0	0	464	483	
11	0	0	0	0	466	485	
12	0	0	0	0	470	490	
13	0	0	0	0	476	494	
14	0	0	0	0	484	499	
15	0	0	0	0	491	499	
0	0	0	0	0	489	495	
1	0	0	0	0	483	492	
2	0	0	0	0	478	485	
3	0	0	0	0	474	479	
4	0	0	0	0	468	468	
5	0	0	0	0	466	455	
6	0	0	0	0	463	440	
7	0	0	0	0	460	428	
8	0	0	0	0	455	420	
9	0	0	0	0	451	415	
10	0	0	0	0	451	416	
11	0	0	0	0	454	422	
12	0	0	0	0	459	429	
13	0	0	0	0	466	433	
14	0	0	0	0	475	430	
15	0	0	0	0	483	426	
0	0	0	0	0	487	423	
1	0	0	0	0	491	427	
2	0	0	0	0	496	430	
3	0	0	0	0	504	434	
4	0	0	0	0	513	439	
5	0	0	0	0	516	444	
6	0	0	0	0	516	447	
7	0	0	0	0	515	447	
8	0	0	0	0	512	448	
9	0	0	0	0	519	455	
10	0	0	0	0	527	465	
11	0	0	0	0	531	473	
12	0	0	0	0	534	483	
13	0	0	0	0	535	495	
14	0	0	0	0	535	503	
15	0	0	0	0	534	504	
0	0	0	0	0	529	501	
1	0	0	0	0	528	494	
2	0	0	0	0	526	483	
3	0	0	0	0	522	470	
4	0	0	0	0	515	462	
5	0	0	0	0	511	455	
6	0	0	0	0	512	446	
7	0	0	0	0	514	439	
8	0	0	0	0	518	437	
9	0	0	0	0	520	435	
10	0	0	0	0	521	430	
11	0	0	0	0	523	430	
12	0	0	0	0	526	432	
13	0	0	0	0	530	437	
14	0	0	0	0	533	446	
15	0	0	0	0	536	456	
0	0	0	0	0	538	467	
1	0	0	0	0	539	484	
2	0	0	0	0	539	499	
3	0	0	0	0	537	510	
4	0	0	0	0	536	512	
5	0	0	0	0	535	514	
6	0	0	0	0	533	516	
7	0	0	0	0	530	516	
8	0	0	0	0	525	516	
9	0	0	0	0	523	517	
10	0	0	0	0	521	519	
11	0	0	0	0	519	522	
12	0	0	0	0	516	527	
13	0	0	0	0	513	529	
14	0	0	0	0	508	534	
15	0	0	0	0	505	537	
0	0	0	0	0	505	536	
1	0	0	0	0	507	534	
2	0	0	0	0	504	528	
3	0	0	0	0	497	519	
4	0	0	0	0	497	510	
5	0	0	0	0	499	502	
6	0	0	0	0	502	495	
7	0	0	0	0	503	485	
8	0	0	0	0	503	477	
9	0	0	0	0	505	475	
10	0	0	0	0	508	472	
11	0	0	0	0	510	471	
12	0	0	0	0	516	471	
13	0	0	0	0	526	468	
14	0	0	0	0	537	463	
15	0	0	0	0	544	463	
0	0	0	0	0	551	466	
1	0	0	0	0	556	470	
2	0	0	0	0	563	477	
3	0	0	0	0	566	481	
4	0	0	0	0	566	486	
5	0	0	0	0	563	491	
6	0	0	0	0	560	496	
7	0	0	0	0	555	502	
8	0	0	0	0	548	506	
9	0	0	0	0	534	505	
10	0	0	0	0	519	504	
11	0	0	0	0	506	500	
12	0	0	0	0	495	499	
13	0	0	0	0	491	498	
14	0	0	0	0	487	497	
15	0	0	0	0	485	495	
0	0	0	0	0	487	494	
1	0	0	0	0	491	494	
2	0	0	0	0	496	495	
3	0	0	0	0	499	496	
4	0	0	0	0	499	500	
5	0	0	0	0	497	506	
6	0	0	0	0	492	510	
7	0	0	0	0	491	509	
8	0	0	0	0	492	505	
9	0	0	0	0	493	499	
10	0	0	0	0	494	489	
11	0	0	0	0	495	480	
12	0	0	0	0	498	476	
13	0	0	0	0	503	473	
14	0	0	0	0	508	470	
15	0	0	0	0	511	469	
0	0	0	0	0	512	470	
1	0	0	0	0	511	469	
2	0	0	0	0	510	472	
3	0	0	0	0	511	480	
4	0	0	0	0	513	487	
5	0	0	0	0	514	494	
6	0	0	0	0	513	498	
7	0	0	0	0	511	500	
8	0	0	0	0	511	501	
9	0	0	0	0	508	503	
10	0	0	0	0	510	500	
11	0	0	0	0	510	496	
12	0	0	0	0	511	496	
13	0	0	0	0	511	498	
14	0	0	0	0	511	498	
15	0	0	0	0	510	499	
0	0	0	0	0	511	505	
1	0	0	0	0	513	512	
2	0	0	0	0	522	521	
3	0	0	0	0	527	528	
4	0	0	0	0	527	532	
5	0	0	0	0	525	532	
6	0	0	0	0	521	530	
7	0	0	0	0	519	527	
8	0	0	0	0	519	524	
9	0	0	0	0	518	521	
10	0	0	0	0	515	520	
11	0	0	0	0	511	516	
12	0	0	0	0	505	512	
13	0	0	0	0	503	509	
14	0	0	0	0	501	510	
15	0	0	0	0	501	513	
0	0	0	0	0	502	515	
1	0	0	0	0	501	518	
2	0	0	0	0	499	525	
3	0	0	0	0	499	530	
4	0	0	0	0	499	535	
5	0	0	0	0	501	535	
6	0	0	0	0	507	531	
7	0	0	0	0	512	531	
8	0	0	0	0	515	534	
9	0	0	0	0	517	538	
10	0	0	0	0	518	540	
11	0	0	0	0	521	540	
12	0	0	0	0	520	540	
13	0	0	0	0	524	535	
14	0	0	0	0	524	527	
15	0	0	0	0	519	516	
0	0	0	0	0	516	501	
1	0	0	0	0	520	483	
2	0	0	0	0	523	467	
3	0	0	0	0	523	456	
4	0	0	0	0	519	449	
5	0	0	0	0	515	445	
6	0	0	0	0	512	448	
7	0	0	0	0	511	451	
8	0	0	0	0	511	460	
9	0	0	0	0	508	467	
10	0	0	0	0	511	474	
11	0	0	0	0	508	480	
12	0	0	0	0	504	487	
13	0	0	0	0	500	490	
14	0	0	0	0	493	491	
15	0	0	0	0	487	492	
0	0	0	0	0	486	493	
1	0	0	0	0	487	495	
2	0	0	0	0	488	503	
3	0	0	0	0	490	511	
4	0	0	0	0	494	517	
5	0	0	0	0	498	525	
6	0	0	0	0	505	530	
7	0	0	0	0	511	533	
8	0	0	0	0	513	530	
9	0	0	0	0	515	524	
10	0	0	0	0	517	519	
11	0	0	0	0	517	518	
12	0	0	0	0	516	518	
13	0	0	0	0	515	519	
14	0	0	0	0	511	519	
15	0	0	0	0	503	518	
0	0	0	0	0	494	512	
1	0	0	0	0	490	509	
2	0	0	0	0	488	507	
3	0	0	0	0	489	508	
4	0	0	0	0	489	509	
5	0	0	0	0	488	507	
6	0	0	0	0	486	505	
7	0	0	0	0	488	503	
8	0	0	0	0	490	503	
9	0	0	0	0	490	502	
10	0	0	0	0	488	500	
11	0	0	0	0	484	500	
12	0	0	0	0	479	503	
13	0	0	0	0	470	504	
14	0	0	0	0	461	501	
15	0	0	0	0	454	494	
0	0	0	0	0	448	484	
1	0	0	0	0	444	477	
2	0	0	0	0	445	472	
3	0	0	0	0	448	470	
4	0	0	0	0	454	465	
5	0	0	0	0	462	465	
6	0	0	0	0	471	470	
7	0	0	0	0	483	475	
8	0	0	0	0	496	475	
9	0	0	0	0	509	472	
10	0	0	0	0	521	467	
11	0	0	0	0	530	464	
12	0	0	0	0	534	454	
13	0	0	0	0	528	443	
14	0	0	0	0	516	437	
15	0	0	0	0	504	435	
0	0	0	0	0	488	440	
1	0	0	0	0	477	444	
2	0	0	0	0	470	451	
3	0	0	0	0	467	459	
4	0	0	0	0	471	464	
5	0	0	0	0	475	463	
6	0	0	0	0	478	459	
7	0	0	0	0	488	457	
8	0	0	0	0	496	460	
9	0	0	0	0	504	462	
10	0	0	0	0	507	461	
11	0	0	0	0	507	462	
12	0	0	0	0	509	467	
13	0	0	0	0	512	478	
14	0	0	0	0	517	493	
15	0	0	0	0	521	511	
0	0	0	0	0	525	524	
1	0	0	0	0	527	530	
2	0	0	0	0	531	530	
3	0	0	0	0	529	528	
4	0	0	0	0	529	522	
5	0	0	0	0	527	519	
6	0	0	0	0	524	515	
7	0	0	0	0	522	512	
8	0	0	0	0	521	510	
9	0	0	0	0	520	507	
10	0	0	0	0	518	508	
11	0	0	0	0	518	510	
12	0	0	0	0	521	510	
13	0	0	0	0	524	512	
14	0	0	0	0	530	514	
15	0	0	0	0	540	515	
0	0	0	0	0	548	517	
1	0	0	0	0	557	522	
2	0	0	0	0	566	525	
3	0	0	0	0	568	524	
4	0	0	0	0	568	521	
5	0	0	0	0	565	522	
6	0	0	0	0	560	527	
7	0	0	0	0	555	538	
8	0	0	0	0	550	552	
9	0	0	0	0	543	564	
10	0	0	0	0	534	576	
11	0	0	0	0	521	590	
12	0	0	0	0	507	603	
13	0	0	0	0	494	614	
14	0	0	0	0	479	620	
15	0	0	0	0	466	621	
0	0	0	0	0	455	621	
1	0	0	0	0	446	620	
2	0	0	0	0	435	617	
3	0	0	0	0	423	618	
4	0	0	0	0	415	611	
5	0	0	0	0	412	604	
6	0	0	0	0	409	604	
7	0	0	0	0	412	605	
8	0	0	0	0	414	611	
9	0	0	0	0	416	612	
10	0	0	0	0	417	615	
11	0	0	0	0	422	620	
12	0	0	0	0	429	626	
13	0	0	0	0	437	632	
14	0	0	0	0	446	635	
15	0	0	0	0	453	639	
0	0	0	0	0	465	648	
1	0	0	0	0	478	655	
2	0	0	0	0	490	658	
3	0	0	0	0	500	651	
4	0	0	0	0	510	646	
5	0	0	0	0	518	643	
6	0	0	0	0	526	641	
7	0	0	0	0	534	641	
8	0	0	0	0	538	639	
9	0	0	0	0	539	638	
10	0	0	0	0	540	639	
11	0	0	0	0	536	639	
12	0	0	0	0	532	643	
13	0	0	0	0	525	648	
14	0	0	0	0	518	655	
15	0	0	0	0	511	660	
0	0	0	0	0	505	661	
1	0	0	0	0	499	658	
2	0	0	0	0	494	646	
3	0	0	0	0	491	632	
4	0	0	0	0	492	620	
5	0	0	0	0	496	607	
6	0	0	0	0	499	598	
7	0	0	0	0	504	590	
8	0	0	0	0	507	585	
9	0	0	0	0	508	582	
10	0	0	0	0	510	580	
11	0	0	0	0	512	585	
12	0	0	0	0	518	591	
13	0	0	0	0	526	598	
14	0	0	0	0	537	600	
15	0	0	0	0	545	599	
0	0	0	0	0	550	598	
1	0	0	0	0	556	595	
2	0	0	0	0	561	594	
3	0	0	0	0	564	593	
4	0	0	0	0	566	594	
5	0	0	0	0	568	595	
6	0	0	0	0	572	596	
7	0	0	0	0	575	594	
8	0	0	0	0	577	591	
9	0	0	0	0	578	589	
10	0	0	0	0	575	588	
11	0	0	0	0	571	585	
12	0	0	0	0	570	582	
13	0	0	0	0	568	581	
14	0	0	0	0	567	585	
15	0	0	0	0	565	590	
0	0	0	0	0	563	596	
1	0	0	0	0	560	601	
2	0	0	0	0	555	608	
3	0	0	0	0	550	615	
4	0	0	0	0	543	618	
5	0	0	0	0	537	616	
6	0	0	0	0	532	616	
7	0	0	0	0	528	619	
8	0	0	0	0	529	624	
9	0	0	0	0	530	629	
10	0	0	0	0	529	630	
11	0	0	0	0	529	628	
12	0	0	0	0	530	624	
13	0	0	0	0	532	620	
14	0	0	0	0	537	619	
15	0	0	0	0	538	617	
0	0	0	0	0	537	618	
1	0	0	0	0	541	620	
2	0	0	0	0	547	620	
3	0	0	0	0	555	620	
4	0	0	0	0	563	616	
5	0	0	0	0	569	610	
6	0	0	0	0	577	607	
7	0	0	0	0	583	604	
8	0	0	0	0	588	605	
9	0	0	0	0	592	608	
10	0	0	0	0	593	613	
11	0	0	0	0	592	615	
12	0	0	0	0	589	614	
13	0	0	0	0	585	612	
14	0	0	0	0	583	613	
15	0	0	0	0	579	616	
0	0	0	0	0	574	620	
1	0	0	0	0	570	626	
2	0	0	0	0	567	632	
3	0	0	0	0	564	638	
4	0	0	0	0	563	647	
5	0	0	0	0	559	659	
6	0	0	0	0	553	671	
7	0	0	0	0	549	679	
8	0	0	0	0	544	688	
9	0	0	0	0	537	696	
10	0	0	0	0	530	702	
11	0	0	0	0	522	705	
12	0	0	0	0	517	704	
13	0	0	0	0	515	699	
14	0	0	0	0	515	695	
15	0	0	0	0	520	692	
0	0	0	0	0	527	689	
1	0	0	0	0	535	688	
2	0	0	0	0	542	687	
3	0	0	0	0	547	686	
4	0	0	0	0	555	682	
5	0	0	0	0	562	675	
6	0	0	0	0	567	669	
7	0	0	0	0	571	661	
8	0	0	0	0	574	652	
9	0	0	0	0	577	642	
10	0	0	0	0	580	633	
11	0	0	0	0	580	625	
12	0	0	0	0	578	624	
13	0	0	0	0	576	624	
14	0	0	0	0	573	626	
15	0	0	0	0	565	627	
0	0	0	0	0	559	629	
1	0	0	0	0	554	630	
2	0	0	0	0	547	628	
3	0	0	0	0	540	624	
4	0	0	0	0	535	623	
5	0	0	0	0	535	624	
6	0	0	0	0	536	627	
7	0	0	0	0	537	631	
8	0	0	0	0	544	636	
9	0	0	0	0	552	641	
10	0	0	0	0	560	643	
11	0	0	0	0	567	643	
12	0	0	0	0	568	633	
13	0	0	0	0	573	622	
14	0	0	0	0	580	610	
15	0	0	0	0	588	602	
0	0	0	0	0	596	598	
1	0	0	0	0	602	593	
2	0	0	0	0	604	592	
3	0	0	0	0	606	595	
4	0	0	0	0	601	597	
5	0	0	0	0	595	603	
6	0	0	0	0	589	609	
7	0	0	0	0	586	618	
8	0	0	0	0	587	631	
9	0	0	0	0	587	637	
10	0	0	0	0	586	639	
11	0	0	0	0	587	633	
12	0	0	0	0	583	624	
13	0	0	0	0	580	614	
14	0	0	0	0	575	607	
15	0	0	0	0	572	605	
0	0	0	0	0	569	604	
1	0	0	0	0	565	604	
2	0	0	0	0	562	606	
3	0	0	0	0	555	610	
4	0	0	0	0	548	611	
5	0	0	0	0	545	610	
6	0	0	0	0	543	608	
7	0	0	0	0	542	614	
8	0	0	0	0	543	620	
9	0	0	0	0	547	631	
10	0	0	0	0	548	640	
11	0	0	0	0	550	646	
12	0	0	0	0	555	651	
13	0	0	0	0	561	652	
14	0	0	0	0	565	654	
15	0	0	0	0	569	653	
0	0	0	0	0	573	652	
1	0	0	0	0	574	652	
2	0	0	0	0	572	649	
3	0	0	0	0	568	645	
4	0	0	0	0	566	640	
5	0	0	0	0	561	633	
6	0	0	0	0	556	632	
7	0	0	0	0	546	634	
8	0	0	0	0	534	636	
9	0	0	0	0	527	641	
10	0	0	0	0	523	643	
11	0	0	0	0	518	646	
12	0	0	0	0	515	645	
13	0	0	0	0	514	646	
14	0	0	0	0	511	646	
15	0	0	0	0	509	651	
0	0	0	0	0	505	649	
1	0	0	0	0	502	642	
2	0	0	0	0	497	631	
3	0	0	0	0	493	624	
4	0	0	0	0	492	618	
5	0	0	0	0	494	612	
6	0	0	0	0	494	608	
7	0	0	0	0	494	604	
8	0	0	0	0	491	603	
9	0	0	0	0	487	605	
10	0	0	0	0	484	602	
11	0	0	0	0	483	600	
12	0	0	0	0	484	599	
13	0	0	0	0	483	600	
14	0	0	0	0	480	602	
15	0	0	0	0	481	605	
0	0	0	0	0	483	611	
1	0	0	0	0	484	615	
2	0	0	0	0	482	621	
3	0	0	0	0	476	631	
4	0	0	0	0	471	639	
5	0	0	0	0	464	646	
6	0	0	0	0	454	647	
7	0	0	0	0	443	647	
8	0	0	0	0	435	645	
9	0	0	0	0	423	638	
10	0	0	0	0	412	635	
11	0	0	0	0	408	633	
12	0	0	0	0	409	632	
13	0	0	0	0	414	631	
14	0	0	0	0	425	628	
15	0	0	0	0	438	620	
0	0	0	0	0	451	611	
1	0	0	0	0	461	600	
2	0	0	0	0	467	591	
3	0	0	0	0	471	579	
4	0	0	0	0	478	570	
5	0	0	0	0	486	561	
6	0	0	0	0	491	557	
7	0	0	0	0	497	551	
8	0	0	0	0	502	547	
9	0	0	0	0	508	548	
10	0	0	0	0	512	551	
11	0	0	0	0	515	550	
12	0	0	0	0	518	549	
13	0	0	0	0	521	546	
14	0	0	0	0	527	546	
15	0	0	0	0	531	547	
0	0	0	0	0	536	552	
1	0	0	0	0	543	559	
2	0	0	0	0	548	566	
3	0	0	0	0	550	572	
4	0	0	0	0	548	576	
5	0	0	0	0	546	578	
6	0	0	0	0	545	581	
7	0	0	0	0	542	583	
8	0	0	0	0	536	582	
9	0	0	0	0	531	582	
10	0	0	0	0	527	583	
11	0	0	0	0	524	584	
12	0	0	0	0	520	584	
13	0	0	0	0	511	579	
14	0	0	0	0	503	575	
15	0	0	0	0	495	570	
0	0	0	0	0	486	567	
1	0	0	0	0	478	571	
2	0	0	0	0	476	577	
3	0	0	0	0	478	583	
4	0	0	0	0	480	591	
5	0	0	0	0	480	596	
6	0	0	0	0	481	601	
7	0	0	0	0	481	600	
8	0	0	0	0	479	591	
9	0	0	0	0	479	581	
10	0	0	0	0	480	570	
11	0	0	0	0	479	557	
12	0	0	0	0	479	546	
13	0	0	0	0	479	531	
14	0	0	0	0	476	515	
15	0	0	0	0	472	507	
0	0	0	0	0	469	499	
1	0	0	0	0	466	495	
2	0	0	0	0	462	493	
3	0	0	0	0	459	487	
4	0	0	0	0	454	482	
5	0	0	0	0	447	479	
6	0	0	0	0	443	475	
7	0	0	0	0	437	467	
8	0	0	0	0	434	462	
9	0	0	0	0	436	458	
10	0	0	0	0	438	458	
11	0	0	0	0	437	461	
12	0	0	0	0	436	465	
13	0	0	0	0	433	472	
14	0	0	0	0	434	478	
15	0	0	0	0	437	481	
0	0	0	0	0	441	481	
1	0	0	0	0	447	481	
2	0	0	0	0	454	480	
3	0	0	0	0	455	476	
4	0	0	0	0	458	475	
5	0	0	0	0	462	476	
6	0	0	0	0	464	475	
7	0	0	0	0	465	472	
8	0	0	0	0	464	469	
9	0	0	0	0	461	466	
10	0	0	0	0	455	462	
11	0	0	0	0	448	456	
12	0	0	0	0	441	455	
13	0	0	0	0	439	449	
14	0	0	0	0	438	443	
15	0	0	0	0	435	435	
0	0	0	0	0	442	426	
1	0	0	0	0	450	419	
2	0	0	0	0	463	417	
3	0	0	0	0	474	422	
4	0	0	0	0	482	427	
5	0	0	0	0	488	433	
6	0	0	0	0	491	440	
7	0	0	0	0	492	447	
8	0	0	0	0	488	459	
9	0	0	0	0	480	472	
10	0	0	0	0	473	488	
11	0	0	0	0	467	502	
12	0	0	0	0	460	511	
13	0	0	0	0	450	516	
14	0	0	0	0	442	519	
15	0	0	0	0	436	520	
0	0	0	0	0	434	524	
1	0	0	0	0	434	527	
2	0	0	0	0	434	527	
3	0	0	0	0	437	528	
4	0	0	0	0	443	529	
5	0	0	0	0	448	527	
6	0	0	0	0	456	520	
7	0	0	0	0	459	514	
8	0	0	0	0	459	510	
9	0	0	0	0	456	510	
10	0	0	0	0	453	514	
11	0	0	0	0	448	521	
12	0	0	0	0	444	525	
13	0	0	0	0	443	531	
14	0	0	0	0	440	532	
15	0	0	0	0	444	531	
0	0	0	0	0	449	527	
1	0	0	0	0	454	524	
2	0	0	0	0	462	527	
3	0	0	0	0	465	532	
4	0	0	0	0	467	531	
5	0	0	0	0	466	530	
6	0	0	0	0	459	525	
7	0	0	0	0	454	521	
8	0	0	0	0	451	520	
9	0	0	0	0	448	518	
10	0	0	0	0	450	517	
11	0	0	0	0	453	514	
12	0	0	0	0	458	511	
13	0	0	0	0	461	508	
14	0	0	0	0	461	502	
15	0	0	0	0	460	499	
0	0	0	0	0	457	492	
1	0	0	0	0	455	483	
2	0	0	0	0	454	477	
3	0	0	0	0	452	472	
4	0	0	0	0	450	472	
5	0	0	0	0	452	472	
6	0	0	0	0	459	473	
7	0	0	0	0	465	473	
8	0	0	0	0	470	472	
9	0	0	0	0	474	472	
10	0	0	0	0	477	468	
11	0	0	0	0	480	467	
12	0	0	0	0	482	467	
13	0	0	0	0	483	467	
14	0	0	0	0	483	467	
15	0	0	0	0	484	465	
0	0	0	0	0	483	462	
1	0	0	0	0	483	462	
2	0	0	0	0	482	462	
3	0	0	0	0	481	464	
4	0	0	0	0	478	471	
5	0	0	0	0	479	482	
6	0	0	0	0	487	497	
7	0	0	0	0	497	506	
8	0	0	0	0	508	509	
9	0	0	0	0	516	506	
10	0	0	0	0	523	504	
11	0	0	0	0	527	509	
12	0	0	0	0	531	512	
13	0	0	0	0	532	519	
14	0	0	0	0	528	524	
15	0	0	0	0	524	527	
0	0	0	0	0	522	527	
1	0	0	0	0	514	525	
2	0	0	0	0	507	519	
3	0	0	0	0	497	510	
4	0	0	0	0	487	501	
5	0	0	0	0	478	495	
6	0	0	0	0	471	488	
7	0	0	0	0	465	483	
8	0	0	0	0	459	479	
9	0	0	0	0	453	474	
10	0	0	0	0	451	473	
11	0	0	0	0	455	476	
12	0	0	0	0	461	482	
13	0	0	0	0	464	487	
14	0	0	0	0	463	490	
15	0	0	0	0	463	490	
0	0	0	0	0	461	487	
1	0	0	0	0	461	484	
2	0	0	0	0	464	479	
3	0	0	0	0	467	477	
4	0	0	0	0	472	475	
5	0	0	0	0	474	472	
6	0	0	0	0	474	467	
7	0	0	0	0	476	461	
8	0	0	0	0	479	458	
9	0	0	0	0	480	455	
10	0	0	0	0	482	455	
11	0	0	0	0	486	453	
12	0	0	0	0	487	451	
13	0	0	0	0	491	451	
14	0	0	0	0	489	453	
15	0	0	0	0	491	455	
0	0	0	0	0	494	454	
1	0	0	0	0	496	451	
2	0	0	0	0	499	448	
3	0	0	0	0	499	447	
4	0	0	0	0	500	448	
5	0	0	0	0	501	448	
6	0	0	0	0	501	441	
7	0	0	0	0	502	434	
8	0	0	0	0	501	434	
9	0	0	0	0	500	441	
10	0	0	0	0	497	448	
11	0	0	0	0	495	454	
12	0	0	0	0	494	454	
13	0	0	0	0	490	453	
14	0	0	0	0	481	448	
15	0	0	0	0	470	445	
0	0	0	0	0	462	445	
1	0	0	0	0	457	444	
2	0	0	0	0	455	446	
3	0	0	0	0	459	451	
4	0	0	0	0	461	455	
5	0	0	0	0	467	458	
6	0	0	0	0	472	466	
7	0	0	0	0	478	476	
8	0	0	0	0	482	483	
9	0	0	0	0	487	488	
10	0	0	0	0	493	487	
11	0	0	0	0	497	485	
12	0	0	0	0	500	483	
13	0	0	0	0	503	480	
14	0	0	0	0	502	473	
15	0	0	0	0	504	465	
0	0	0	0	0	508	460	
1	0	0	0	0	511	459	
2	0	0	0	0	511	462	
3	0	0	0	0	507	466	
4	0	0	0	0	504	469	
5	0	0	0	0	497	471	
6	0	0	0	0	487	469	
7	0	0	0	0	483	467	
8	0	0	0	0	480	467	
9	0	0	0	0	479	462	
10	0	0	0	0	484	462	
11	0	0	0	0	489	464	
12	0	0	0	0	487	466	
13	0	0	0	0	483	470	
14	0	0	0	0	479	472	
15	0	0	0	0	475	476	
0	0	0	0	0	475	474	
1	0	0	0	0	469	468	
2	0	0	0	0	465	462	
3	0	0	0	0	466	460	
4	0	0	0	0	467	459	
5	0	0	0	0	468	465	
6	0	0	0	0	470	471	
7	0	0	0	0	472	482	
8	0	0	0	0	474	495	
9	0	0	0	0	480	510	
10	0	0	0	0	487	522	
11	0	0	0	0	490	531	
12	0	0	0	0	492	536	
13	0	0	0	0	492	539	
14	0	0	0	0	488	541	
15	0	0	0	0	485	534	
0	0	0	0	0	485	522	
1	0	0	0	0	486	505	
2	0	0	0	0	487	490	
3	0	0	0	0	487	478	
4	0	0	0	0	485	470	
5	0	0	0	0	483	466	
6	0	0	0	0	482	464	
7	0	0	0	0	482	464	
8	0	0	0	0	479	464	
9	0	0	0	0	474	466	
10	0	0	0	0	469	466	
11	0	0	0	0	468	466	
12	0	0	0	0	470	467	
13	0	0	0	0	473	470	
14	0	0	0	0	482	472	
15	0	0	0	0	491	472	
0	0	0	0	0	496	472	
1	0	0	0	0	504	478	
2	0	0	0	0	511	487	
3	0	0	0	0	516	494	
4	0	0	0	0	520	500	
5	0	0	0	0	523	508	
6	0	0	0	0	521	513	
7	0	0	0	0	518	511	
8	0	0	0	0	512	506	
9	0	0	0	0	508	502	
10	0	0	0	0	507	497	
11	0	0	0	0	508	491	
12	0	0	0	0	509	486	
13	0	0	0	0	508	480	
14	0	0	0	0	507	474	
15	0	0	0	0	508	465	
0	0	0	0	0	513	457	
1	0	0	0	0	516	456	
2	0	0	0	0	516	460	
3	0	0	0	0	517	464	
4	0	0	0	0	509	465	
5	0	0	0	0	502	459	
6	0	0	0	0	496	451	
7	0	0	0	0	493	445	
8	0	0	0	0	492	440	
9	0	0	0	0	489	432	
10	0	0	0	0	487	427	
11	0	0	0	0	485	423	
12	0	0	0	0	485	424	
13	0	0	0	0	486	429	
14	0	0	0	0	491	436	
15	0	0	0	0	497	442	
0	0	0	0	0	506	445	
1	0	0	0	0	518	449	
2	0	0	0	0	526	455	
3	0	0	0	0	535	460	
4	0	0	0	0	539	462	
5	0	0	0	0	541	468	
6	0	0	0	0	539	473	
7	0	0	0	0	533	478	
8	0	0	0	0	525	483	
9	0	0	0	0	519	487	
10	0	0	0	0	518	487	
11	0	0	0	0	515	486	
12	0	0	0	0	517	486	
13	0	0	0	0	519	484	
14	0	0	0	0	519	487	
15	0	0	0	0	518	486	
0	0	0	0	0	515	482	
1	0	0	0	0	514	480	
2	0	0	0	0	511	477	
3	0	0	0	0	505	476	
4	0	0	0	0	502	473	
5	0	0	0	0	497	466	
6	0	0	0	0	491	459	
7	0	0	0	0	484	455	
8	0	0	0	0	476	452	
9	0	0	0	0	466	450	
10	0	0	0	0	459	444	
11	0	0	0	0	456	442	
12	0	0	0	0	456	443	
13	0	0	0	0	458	443	
14	0	0	0	0	463	437	
15	0	0	0	0	472	430	
0	0	0	0	0	480	425	
1	0	0	0	0	492	422	
2	0	0	0	0	503	420	
3	0	0	0	0	508	418	
4	0	0	0	0	510	421	
5	0	0	0	0	509	425	
6	0	0	0	0	504	436	
7	0	0	0	0	497	447	
8	0	0	0	0	492	456	
9	0	0	0	0	488	464	
10	0	0	0	0	487	471	
11	0	0	0	0	484	475	
12	0	0	0	0	483	476	
13	0	0	0	0	480	482	
14	0	0	0	0	478	488	
15	0	0	0	0	480	488	
0	0	0	0	0	487	487	
1	0	0	0	0	497	489	
2	0	0	0	0	507	492	
3	0	0	0	0	515	497	
4	0	0	0	0	521	498	
5	0	0	0	0	527	499	
6	0	0	0	0	529	498	
7	0	0	0	0	531	499	
8	0	0	0	0	530	502	
9	0	0	0	0	527	503	
10	0	0	0	0	523	500	
11	0	0	0	0	521	498	
12	0	0	0	0	524	500	
13	0	0	0	0	531	505	
14	0	0	0	0	537	515	
15	0	0	0	0	541	521	
0	0	0	0	0	544	525	
1	0	0	0	0	548	524	
2	0	0	0	0	550	520	
3	0	0	0	0	550	518	
4	0	0	0	0	544	515	
5	0	0	0	0	538	513	
6	0	0	0	0	532	509	
7	0	0	0	0	527	507	
8	0	0	0	0	521	507	
9	0	0	0	0	517	510	
10	0	0	0	0	517	515	
11	0	0	0	0	516	520	
12	0	0	0	0	515	521	
13	0	0	0	0	515	519	
14	0	0	0	0	516	517	
15	0	0	0	0	519	517	
0	0	0	0	0	523	520	
1	0	0	0	0	527	521	
2	0	0	0	0	529	522	
3	0	0	0	0	531	522	
4	0	0	0	0	531	523	
5	0	0	0	0	526	524	
6	0	0	0	0	523	525	
7	0	0	0	0	523	524	
8	0	0	0	0	522	524	
9	0	0	0	0	527	526	
10	0	0	0	0	536	525	
11	0	0	0	0	543	524	
12	0	0	0	0	548	522	
13	0	0	0	0	553	522	
14	0	0	0	0	555	518	
15	0	0	0	0	555	511	
0	0	0	0	0	556	505	
1	0	0	0	0	559	501	
2	0	0	0	0	563	499	
3	0	0	0	0	565	497	
4	0	0	0	0	568	500	
5	0	0	0	0	569	503	
6	0	0	0	0	567	510	
7	0	0	0	0	564	516	
8	0	0	0	0	559	519	
9	0	0	0	0	554	518	
10	0	0	0	0	551	517	
11	0	0	0	0	551	516	
12	0	0	0	0	548	514	
13	0	0	0	0	541	505	
14	0	0	0	0	535	499	
15	0	0	0	0	526	491	
0	0	0	0	0	519	484	
1	0	0	0	0	519	479	
2	0	0	0	0	523	478	
3	0	0	0	0	529	479	
4	0	0	0	0	536	487	
5	0	0	0	0	544	496	
6	0	0	0	0	552	504	
7	0	0	0	0	558	513	
8	0	0	0	0	560	519	
9	0	0	0	0	558	521	
10	0	0	0	0	551	520	
11	0	0	0	0	545	520	
12	0	0	0	0	537	521	
13	0	0	0	0	527	523	
14	0	0	0	0	520	524	
15	0	0	0	0	512	523	
0	0	0	0	0	504	518	
1	0	0	0	0	494	513	
2	0	0	0	0	490	508	
3	0	0	0	0	493	504	
4	0	0	0	0	497	504	
5	0	0	0	0	500	511	
6	0	0	0	0	504	516	
7	0	0	0	0	503	516	
8	0	0	0	0	502	512	
9	0	0	0	0	499	508	
10	0	0	0	0	495	503	
11	0	0	0	0	493	496	
12	0	0	0	0	489	491	
13	0	0	0	0	488	488	
14	0	0	0	0	490	493	
15	0	0	0	0	492	501	
0	0	0	0	0	497	512	
1	0	0	0	0	502	526	
2	0	0	0	0	503	539	
3	0	0	0	0	504	553	
4	0	0	0	0	505	563	
5	0	0	0	0	507	569	
6	0	0	0	0	510	571	
7	0	0	0	0	509	571	
8	0	0	0	0	504	564	
9	0	0	0	0	500	556	
10	0	0	0	0	494	545	
11	0	0	0	0	489	536	
12	0	0	0	0	489	529	
13	0	0	0	0	492	519	
14	0	0	0	0	498	509	
15	0	0	0	0	509	500	
0	0	0	0	0	524	489	
1	0	0	0	0	535	481	
2	0	0	0	0	544	479	
3	0	0	0	0	553	476	
4	0	0	0	0	561	470	
5	0	0	0	0	571	463	
6	0	0	0	0	582	455	
7	0	0	0	0	591	447	
8	0	0	0	0	598	436	
9	0	0	0	0	603	425	
10	0	0	0	0	606	413	
11	0	0	0	0	605	412	
12	0	0	0	0	604	408	
13	0	0	0	0	603	405	
14	0	0	0	0	597	400	
15	0	0	0	0	591	391	
0	0	0	0	0	588	392	
1	0	0	0	0	583	390	
2	0	0	0	0	578	389	
3	0	0	0	0	574	390	
4	0	0	0	0	570	389	
5	0	0	0	0	571	390	
6	0	0	0	0	575	387	
7	0	0	0	0	580	381	
8	0	0	0	0	587	377	
9	0	0	0	0	593	374	
10	0	0	0	0	598	379	
11	0	0	0	0	600	388	
12	0	0	0	0	603	401	
13	0	0	0	0	604	425	
14	0	0	0	0	604	446	
15	0	0	0	0	603	464	
0	0	0	0	0	600	472	
1	0	0	0	0	595	478	
2	0	0	0	0	593	482	
3	0	0	0	0	592	481	
4	0	0	0	0	590	479	
5	0	0	0	0	586	480	
6	0	0	0	0	582	480	
7	0	0	0	0	580	476	
8	0	0	0	0	579	474	
9	0	0	0	0	575	473	
10	0	0	0	0	569	471	
11	0	0	0	0	562	469	
12	0	0	0	0	553	468	
13	0	0	0	0	546	468	
14	0	0	0	0	540	469	
15	0	0	0	0	535	469	
0	0	0	0	0	535	467	
1	0	0	0	0	534	460	
2	0	0	0	0	531	454	
3	0	0	0	0	530	449	
4	0	0	0	0	528	447	
5	0	0	0	0	525	445	
6	0	0	0	0	521	443	
7	0	0	0	0	520	440	
8	0	0	0	0	519	435	
9	0	0	0	0	516	427	
10	0	0	0	0	514	422	
11	0	0	0	0	512	422	
12	0	0	0	0	515	423	
13	0	0	0	0	519	425	
14	0	0	0	0	521	423	
15	0	0	0	0	523	425	
0	0	0	0	0	524	426	
1	0	0	0	0	531	427	
2	0	0	0	0	536	429	
3	0	0	0	0	540	431	
4	0	0	0	0	549	435	
5	0	0	0	0	559	443	
6	0	0	0	0	568	449	
7	0	0	0	0	573	449	
8	0	0	0	0	577	443	
9	0	0	0	0	579	437	
10	0	0	0	0	574	429	
11	0	0	0	0	567	420	
12	0	0	0	0	559	415	
13	0	0	0	0	552	412	
14	0	0	0	0	550	413	
15	0	0	0	0	551	409	
0	0	0	0	0	550	400	
1	0	0	0	0	552	395	
2	0	0	0	0	556	391	
3	0	0	0	0	560	389	
4	0	0	0	0	563	386	
5	0	0	0	0	566	385	
6	0	0	0	0	564	391	
7	0	0	0	0	566	401	
8	0	0	0	0	568	411	
9	0	0	0	0	571	422	
10	0	0	0	0	570	424	
11	0	0	0	0	568	423	
12	0	0	0	0	567	423	
13	0	0	0	0	568	422	
14	0	0	0	0	569	421	
15	0	0	0	0	571	421	
0	0	0	0	0	572	416	
1	0	0	0	0	572	420	
2	0	0	0	0	572	423	
3	0	0	0	0	574	430	
4	0	0	0	0	579	435	
5	0	0	0	0	586	440	
6	0	0	0	0	592	447	
7	0	0	0	0	592	455	
8	0	0	0	0	595	456	
9	0	0	0	0	598	462	
10	0	0	0	0	602	465	
11	0	0	0	0	604	466	
12	0	0	0	0	604	464	
13	0	0	0	0	602	457	
14	0	0	0	0	599	453	
15	0	0	0	0	596	454	
0	0	0	0	0	590	451	
1	0	0	0	0	583	446	
2	0	0	0	0	580	441	
3	0	0	0	0	578	438	
4	0	0	0	0	574	435	
5	0	0	0	0	569	431	
6	0	0	0	0	571	428	
7	0	0	0	0	572	423	
8	0	0	0	0	572	418	
9	0	0	0	0	571	414	
10	0	0	0	0	571	411	
11	0	0	0	0	568	406	
12	0	0	0	0	563	402	
13	0	0	0	0	557	397	
14	0	0	0	0	549	401	
15	0	0	0	0	543	402	
0	0	0	0	0	537	406	
1	0	0	0	0	532	412	
2	0	0	0	0	533	419	
3	0	0	0	0	536	426	
4	0	0	0	0	536	431	
5	0	0	0	0	534	431	
6	0	0	0	0	531	431	
7	0	0	0	0	528	433	
8	0	0	0	0	523	436	
9	0	0	0	0	523	441	
10	0	0	0	0	528	445	
11	0	0	0	0	530	447	
12	0	0	0	0	533	441	
13	0	0	0	0	536	433	
14	0	0	0	0	538	423	
15	0	0	0	0	540	414	
0	0	0	0	0	540	411	
1	0	0	0	0	543	411	
2	0	0	0	0	547	409	
3	0	0	0	0	552	414	
4	0	0	0	0	559	417	
5	0	0	0	0	565	421	
6	0	0	0	0	569	430	
7	0	0	0	0	572	438	
8	0	0	0	0	572	441	
9	0	0	0	0	571	440	
10	0	0	0	0	571	436	
11	0	0	0	0	569	426	
12	0	0	0	0	566	412	
13	0	0	0	0	560	396	
14	0	0	0	0	552	390	
15	0	0	0	0	548	382	
0	0	0	0	0	542	375	
1	0	0	0	0	539	375	
2	0	0	0	0	537	380	
3	0	0	0	0	535	390	
4	0	0	0	0	532	396	
5	0	0	0	0	527	398	
6	0	0	0	0	526	406	
7	0	0	0	0	525	408	
8	0	0	0	0	529	409	
9	0	0	0	0	536	413	
10	0	0	0	0	539	416	
11	0	0	0	0	539	423	
12	0	0	0	0	535	427	
13	0	0	0	0	531	428	
14	0	0	0	0	527	430	
15	0	0	0	0	521	431	
0	0	0	0	0	516	429	
1	0	0	0	0	515	433	
2	0	0	0	0	514	436	
3	0	0	0	0	515	437	
4	0	0	0	0	519	435	
5	0	0	0	0	525	431	
6	0	0	0	0	530	428	
7	0	0	0	0	536	425	
8	0	0	0	0	541	421	
9	0	0	0	0	547	423	
10	0	0	0	0	554	426	
11	0	0	0	0	561	431	
12	0	0	0	0	563	434	
13	0	0	0	0	559	436	
14	0	0	0	0	556	441	
15	0	0	0	0	555	450	
0	0	0	0	0	556	458	
1	0	0	0	0	558	470	
2	0	0	0	0	558	479	
3	0	0	0	0	552	487	
4	0	0	0	0	545	496	
5	0	0	0	0	536	504	
6	0	0	0	0	528	509	
7	0	0	0	0	521	509	
8	0	0	0	0	516	504	
9	0	0	0	0	515	502	
10	0	0	0	0	515	499	
11	0	0	0	0	516	497	
12	0	0	0	0	518	493	
13	0	0	0	0	519	490	
14	0	0	0	0	522	486	
15	0	0	0	0	524	484	
0	0	0	0	0	527	480	
1	0	0	0	0	532	479	
2	0	0	0	0	536	480	
3	0	0	0	0	539	483	
4	0	0	0	0	543	487	
5	0	0	0	0	546	490	
6	0	0	0	0	547	492	
7	0	0	0	0	543	490	
8	0	0	0	0	540	488	
9	0	0	0	0	535	488	
10	0	0	0	0	532	487	
11	0	0	0	0	528	485	
12	0	0	0	0	525	482	
13	0	0	0	0	518	478	
14	0	0	0	0	511	474	
15	0	0	0	0	501	472	
0	0	0	0	0	495	472	
1	0	0	0	0	493	474	
2	0	0	0	0	496	479	
3	0	0	0	0	504	483	
4	0	0	0	0	511	487	
5	0	0	0	0	513	491	
6	0	0	0	0	515	491	
7	0	0	0	0	518	490	
8	0	0	0	0	519	489	
9	0	0	0	0	516	488	
10	0	0	0	0	511	486	
11	0	0	0	0	504	481	
12	0	0	0	0	498	479	
13	0	0	0	0	496	478	
14	0	0	0	0	495	483	
15	0	0	0	0	490	489	
0	0	0	0	0	487	492	
1	0	0	0	0	483	493	
2	0	0	0	0	483	492	
3	0	0	0	0	482	487	
4	0	0	0	0	482	484	
5	0	0	0	0	483	486	
6	0	0	0	0	481	490	
7	0	0	0	0	483	494	
8	0	0	0	0	488	499	
9	0	0	0	0	495	499	
10	0	0	0	0	499	500	
11	0	0	0	0	498	498	
12	0	0	0	0	495	499	
13	0	0	0	0	492	500	
14	0	0	0	0	490	505	
15	0	0	0	0	488	511	
0	0	0	0	0	486	515	
1	0	0	0	0	483	519	
2	0	0	0	0	483	526	
3	0	0	0	0	487	534	
4	0	0	0	0	493	545	
5	0	0	0	0	500	552	
6	0	0	0	0	504	554	
7	0	0	0	0	510	553	
8	0	0	0	0	516	552	
9	0	0	0	0	519	554	
10	0	0	0	0	525	557	
11	0	0	0	0	531	559	
12	0	0	0	0	537	559	
13	0	0	0	0	540	556	
14	0	0	0	0	541	551	
15	0	0	0	0	544	539	
0	0	0	0	0	547	523	
1	0	0	0	0	547	505	
2	0	0	0	0	547	494	
3	0	0	0	0	550	489	
4	0	0	0	0	552	489	
5	0	0	0	0	555	491	
6	0	0	0	0	554	485	
7	0	0	0	0	549	478	
8	0	0	0	0	545	473	
9	0	0	0	0	541	472	
10	0	0	0	0	534	471	
11	0	0	0	0	531	474	
12	0	0	0	0	528	477	
13	0	0	0	0	526	485	
14	0	0	0	0	525	490	
15	0	0	0	0	523	496	
0	0	0	0	0	519	500	
1	0	0	0	0	517	504	
2	0	0	0	0	516	507	
3	0	0	0	0	515	510	
4	0	0	0	0	516	513	
5	0	0	0	0	520	518	
6	0	0	0	0	520	523	
7	0	0	0	0	516	523	
8	0	0	0	0	512	520	
9	0	0	0	0	506	516	
10	0	0	0	0	499	512	
11	0	0	0	0	494	506	
12	0	0	0	0	489	502	
13	0	0	0	0	484	503	
14	0	0	0	0	481	505	
15	0	0	0	0	479	504	
0	0	0	0	0	479	504	
1	0	0	0	0	480	508	
2	0	0	0	0	483	512	
3	0	0	0	0	484	516	
4	0	0	0	0	489	519	
5	0	0	0	0	486	521	
6	0	0	0	0	481	529	
7	0	0	0	0	477	536	
8	0	0	0	0	475	542	
9	0	0	0	0	476	544	
10	0	0	0	0	478	543	
11	0	0	0	0	476	537	
12	0	0	0	0	476	531	
13	0	0	0	0	478	526	
14	0	0	0	0	483	523	
15	0	0	0	0	487	524	
0	0	0	0	0	489	527	
1	0	0	0	0	492	534	
2	0	0	0	0	496	540	
3	0	0	0	0	497	546	
4	0	0	0	0	498	552	
5	0	0	0	0	499	551	
6	0	0	0	0	501	543	
7	0	0	0	0	504	537	
8	0	0	0	0	504	533	
9	0	0	0	0	503	531	
10	0	0	0	0	502	531	
11	0	0	0	0	500	531	
12	0	0	0	0	500	536	
13	0	0	0	0	499	544	
14	0	0	0	0	499	553	
15	0	0	0	0	501	565	
0	0	0	0	0	503	574	
1	0	0	0	0	506	577	
2	0	0	0	0	510	571	
3	0	0	0	0	511	560	
4	0	0	0	0	512	543	
5	0	0	0	0	507	528	
6	0	0	0	0	503	519	
7	0	0	0	0	500	510	
8	0	0	0	0	501	509	
9	0	0	0	0	504	514	
10	0	0	0	0	507	522	
11	0	0	0	0	511	534	
12	0	0	0	0	517	547	
13	0	0	0	0	527	557	
14	0	0	0	0	539	563	
15	0	0	0	0	551	567	
0	0	0	0	0	560	568	
1	0	0	0	0	562	562	
2	0	0	0	0	561	552	
3	0	0	0	0	559	540	
4	0	0	0	0	553	527	
5	0	0	0	0	550	518	
6	0	0	0	0	543	509	
7	0	0	0	0	536	508	
8	0	0	0	0	531	508	
9	0	0	0	0	525	507	
10	0	0	0	0	514	504	
11	0	0	0	0	501	503	
12	0	0	0	0	489	502	
13	0	0	0	0	486	500	
14	0	0	0	0	486	499	
15	0	0	0	0	484	499	
0	0	0	0	0	488	499	
1	0	0	0	0	498	496	
2	0	0	0	0	505	494	
3	0	0	0	0	513	494	
4	0	0	0	0	521	497	
5	0	0	0	0	525	502	
6	0	0	0	0	523	504	
7	0	0	0	0	518	507	
8	0	0	0	0	514	510	
9	0	0	0	0	511	513	
10	0	0	0	0	507	515	
11	0	0	0	0	504	522	
12	0	0	0	0	504	529	
13	0	0	0	0	507	535	
14	0	0	0	0	507	537	
15	0	0	0	0	510	537	
0	0	0	0	0	512	534	
1	0	0	0	0	515	526	
2	0	0	0	0	518	519	
3	0	0	0	0	519	513	
4	0	0	0	0	522	508	
5	0	0	0	0	519	505	
6	0	0	0	0	519	502	
7	0	0	0	0	515	499	
8	0	0	0	0	517	499	
9	0	0	0	0	517	503	
10	0	0	0	0	515	508	
11	0	0	0	0	508	513	
12	0	0	0	0	498	519	
13	0	0	0	0	493	527	
14	0	0	0	0	493	538	
15	0	0	0	0	494	545	
0	0	0	0	0	496	546	
1	0	0	0	0	495	540	
2	0	0	0	0	495	527	
3	0	0	0	0	495	516	
4	0	0	0	0	498	508	
5	0	0	0	0	505	503	
6	0	0	0	0	512	505	
7	0	0	0	0	519	508	
8	0	0	0	0	524	511	
9	0	0	0	0	527	517	
10	0	0	0	0	529	524	
11	0	0	0	0	528	529	
12	0	0	0	0	523	529	
13	0	0	0	0	515	526	
14	0	0	0	0	505	518	
15	0	0	0	0	494	511	
0	0	0	0	0	483	507	
1	0	0	0	0	476	504	
2	0	0	0	0	472	503	
3	0	0	0	0	471	504	
4	0	0	0	0	471	505	
5	0	0	0	0	474	500	
6	0	0	0	0	476	494	
7	0	0	0	0	476	486	
8	0	0	0	0	472	476	
9	0	0	0	0	471	471	
10	0	0	0	0	473	464	
11	0	0	0	0	479	465	
12	0	0	0	0	486	472	
13	0	0	0	0	493	478	
14	0	0	0	0	500	483	
15	0	0	0	0	507	485	
0	0	0	0	0	512	490	
1	0	0	0	0	512	495	
2	0	0	0	0	512	499	
3	0	0	0	0	511	504	
4	0	0	0	0	511	510	
5	0	0	0	0	512	515	
6	0	0	0	0	512	519	
7	0	0	0	0	512	524	
8	0	0	0	0	510	527	
9	0	0	0	0	510	532	
10	0	0	0	0	515	533	
11	0	0	0	0	521	529	
12	0	0	0	0	527	521	
13	0	0	0	0	529	519	
14	0	0	0	0	532	520	
15	0	0	0	0	536	523	
0	0	0	0	0	537	527	
1	0	0	0	0	535	526	
2	0	0	0	0	528	527	
3	0	0	0	0	523	533	
4	0	0	0	0	519	541	
5	0	0	0	0	524	547	
6	0	0	0	0	527	547	
7	0	0	0	0	529	546	
8	0	0	0	0	530	544	
9	0	0	0	0	530	546	
10	0	0	0	0	530	543	
11	0	0	0	0	527	539	
12	0	0	0	0	524	530	
13	0	0	0	0	521	524	
14	0	0	0	0	523	523	
15	0	0	0	0	522	521	
0	0	0	0	0	523	522	
1	0	0	0	0	519	525	
2	0	0	0	0	515	525	
3	0	0	0	0	508	525	
4	0	0	0	0	501	524	
5	0	0	0	0	495	527	
6	0	0	0	0	492	532	
7	0	0	0	0	488	536	
8	0	0	0	0	485	535	
9	0	0	0	0	484	536	
10	0	0	0	0	482	538	
11	0	0	0	0	485	538	
12	0	0	0	0	486	540	
13	0	0	0	0	488	538	
14	0	0	0	0	488	529	
15	0	0	0	0	487	516	
0	0	0	0	0	488	503	
1	0	0	0	0	491	494	
2	0	0	0	0	496	485	
3	0	0	0	0	502	476	
4	0	0	0	0	510	468	
5	0	0	0	0	516	463	
6	0	0	0	0	525	461	
7	0	0	0	0	533	459	
8	0	0	0	0	539	456	
9	0	0	0	0	541	457	
10	0	0	0	0	542	460	
11	0	0	0	0	540	464	
12	0	0	0	0	535	469	
13	0	0	0	0	531	473	
14	0	0	0	0	528	476	
15	0	0	0	0	523	480	
0	0	0	0	0	514	479	
1	0	0	0	0	503	478	
2	0	0	0	0	492	482	
3	0	0	0	0	484	487	
4	0	0	0	0	478	497	
5	0	0	0	0	475	506	
6	0	0	0	0	475	511	
7	0	0	0	0	477	517	
8	0	0	0	0	479	523	
9	0	0	0	0	479	530	
10	0	0	0	0	478	535	
11	0	0	0	0	475	536	
12	0	0	0	0	468	534	
13	0	0	0	0	463	527	
14	0	0	0	0	458	515	
15	0	0	0	0	453	506	
0	0	0	0	0	449	498	
1	0	0	0	0	450	492	
2	0	0	0	0	449	488	
3	0	0	0	0	446	486	
4	0	0	0	0	447	479	
5	0	0	0	0	450	475	
6	0	0	0	0	459	476	
7	0	0	0	0	470	477	
8	0	0	0	0	478	479	
9	0	0	0	0	485	480	
10	0	0	0	0	489	487	
11	0	0	0	0	491	495	
12	0	0	0	0	495	496	
13	0	0	0	0	498	495	
14	0	0	0	0	497	495	
15	0	0	0	0	496	494	
0	0	0	0	0	494	494	
1	0	0	0	0	492	494	
2	0	0	0	0	490	497	
3	0	0	0	0	487	497	
4	0	0	0	0	486	498	
5	0	0	0	0	481	500	
6	0	0	0	0	477	506	
7	0	0	0	0	476	509	
8	0	0	0	0	476	508	
9	0	0	0	0	480	508	
10	0	0	0	0	483	508	
11	0	0	0	0	486	504	
12	0	0	0	0	491	501	
13	0	0	0	0	494	503	
14	0	0	0	0	496	503	
15	0	0	0	0	500	503	
0	0	0	0	0	501	505	
1	0	0	0	0	499	504	
2	0	0	0	0	496	501	
3	0	0	0	0	489	497	
4	0	0	0	0	480	495	
5	0	0	0	0	477	490	
6	0	0	0	0	475	486	
7	0	0	0	0	476	485	
8	0	0	0	0	476	484	
9	0	0	0	0	477	483	
10	0	0	0	0	476	481	
11	0	0	0	0	474	480	
12	0	0	0	0	472	481	
13	0	0	0	0	468	486	
14	0	0	0	0	465	495	
15	0	0	0	0	466	507	
0	0	0	0	0	466	522	
1	0	0	0	0	467	535	
2	0	0	0	0	467	542	
3	0	0	0	0	467	537	
4	0	0	0	0	465	524	
5	0	0	0	0	465	510	
6	0	0	0	0	470	501	
7	0	0	0	0	479	497	
8	0	0	0	0	487	499	
9	0	0	0	0	502	502	
10	0	0	0	0	515	507	
11	0	0	0	0	524	509	
12	0	0	0	0	529	513	
13	0	0	0	0	529	517	
14	0	0	0	0	530	517	
15	0	0	0	0	523	512	
0	0	0	0	0	513	511	
1	0	0	0	0	504	511	
2	0	0	0	0	494	505	
3	0	0	0	0	486	498	
4	0	0	0	0	478	492	
5	0	0	0	0	467	488	
6	0	0	0	0	462	488	
7	0	0	0	0	462	494	
8	0	0	0	0	467	499	
9	0	0	0	0	474	503	
10	0	0	0	0	481	507	
11	0	0	0	0	486	512	
12	0	0	0	0	491	516	
13	0	0	0	0	494	521	
14	0	0	0	0	500	527	
15	0	0	0	0	506	531	
0	0	0	0	0	508	536	
1	0	0	0	0	510	540	
2	0	0	0	0	507	544	
3	0	0	0	0	502	547	
4	0	0	0	0	497	549	
5	0	0	0	0	491	552	
6	0	0	0	0	483	557	
7	0	0	0	0	477	561	
8	0	0	0	0	476	561	
9	0	0	0	0	473	555	
10	0	0	0	0	471	545	
11	0	0	0	0	468	538	
12	0	0	0	0	463	526	
13	0	0	0	0	460	516	
14	0	0	0	0	458	510	
15	0	0	0	0	458	504	
0	0	0	0	0	457	496	
1	0	0	0	0	459	493	
2	0	0	0	0	462	496	
3	0	0	0	0	464	496	
4	0	0	0	0	465	496	
5	0	0	0	0	471	496	
6	0	0	0	0	474	493	
7	0	0	0	0	475	487	
8	0	0	0	0	481	488	
9	0	0	0	0	488	495	
10	0	0	0	0	493	501	
11	0	0	0	0	496	504	
12	0	0	0	0	502	503	
13	0	0	0	0	508	504	
14	0	0	0	0	514	508	
15	0	0	0	0	520	511	
0	0	0	0	0	521	515	
1	0	0	0	0	518	520	
2	0	0	0	0	516	526	
3	0	0	0	0	516	535	
4	0	0	0	0	519	545	
5	0	0	0	0	526	554	
6	0	0	0	0	533	559	
7	0	0	0	0	539	563	
8	0	0	0	0	543	564	
9	0	0	0	0	543	567	
10	0	0	0	0	538	565	
11	0	0	0	0	534	560	
12	0	0	0	0	531	551	
13	0	0	0	0	530	542	
14	0	0	0	0	532	535	
15	0	0	0	0	536	524	
0	0	0	0	0	537	519	
1	0	0	0	0	536	515	
2	0	0	0	0	537	515	
3	0	0	0	0	537	516	
4	0	0	0	0	533	516	
5	0	0	0	0	527	513	
6	0	0	0	0	521	507	
7	0	0	0	0	518	502	
8	0	0	0	0	519	497	
9	0	0	0	0	519	494	
10	0	0	0	0	522	491	
11	0	0	0	0	525	490	
12	0	0	0	0	527	488	
13	0	0	0	0	534	489	
14	0	0	0	0	541	488	
15	0	0	0	0	547	488	
0	0	0	0	0	551	491	
1	0	0	0	0	552	492	
2	0	0	0	0	555	496	
3	0	0	0	0	555	505	
4	0	0	0	0	549	510	
5	0	0	0	0	542	513	
6	0	0	0	0	536	515	
7	0	0	0	0	526	521	
8	0	0	0	0	518	530	
9	0	0	0	0	512	539	
10	0	0	0	0	510	540	
11	0	0	0	0	512	540	
12	0	0	0	0	516	536	
13	0	0	0	0	519	527	
14	0	0	0	0	523	517	
15	0	0	0	0	527	508	
0	0	0	0	0	529	501	
1	0	0	0	0	529	496	
2	0	0	0	0	526	494	
3	0	0	0	0	521	496	
4	0	0	0	0	518	497	
5	0	0	0	0	511	496	
6	0	0	0	0	504	498	
7	0	0	0	0	502	503	
8	0	0	0	0	499	508	
9	0	0	0	0	494	509	
10	0	0	0	0	487	506	
11	0	0	0	0	480	505	
12	0	0	0	0	474	509	
13	0	0	0	0	470	509	
14	0	0	0	0	469	509	
15	0	0	0	0	475	511	
0	0	0	0	0	480	518	
1	0	0	0	0	484	523	
2	0	0	0	0	487	526	
3	0	0	0	0	487	527	
4	0	0	0	0	489	530	
5	0	0	0	0	487	533	
6	0	0	0	0	481	533	
7	0	0	0	0	471	534	
8	0	0	0	0	462	533	
9	0	0	0	0	453	531	
10	0	0	0	0	449	531	
11	0	0	0	0	448	532	
12	0	0	0	0	455	535	
13	0	0	0	0	469	536	
14	0	0	0	0	478	536	
15	0	0	0	0	483	539	
0	0	0	0	0	486	539	
1	0	0	0	0	488	540	
2	0	0	0	0	489	543	
3	0	0	0	0	489	544	
4	0	0	0	0	486	541	
5	0	0	0	0	479	532	
6	0	0	0	0	472	521	
7	0	0	0	0	468	515	
8	0	0	0	0	467	517	
9	0	0	0	0	471	523	
10	0	0	0	0	477	531	
11	0	0	0	0	482	537	
12	0	0	0	0	489	546	
13	0	0	0	0	498	551	
14	0	0	0	0	505	557	
15	0	0	0	0	511	563	
0	0	0	0	0	516	561	
1	0	0	0	0	514	559	
2	0	0	0	0	512	555	
3	0	0	0	0	513	553	
4	0	0	0	0	513	551	
5	0	0	0	0	512	551	
6	0	0	0	0	510	547	
7	0	0	0	0	509	541	
8	0	0	0	0	509	536	
9	0	0	0	0	507	533	
10	0	0	0	0	504	523	
11	0	0	0	0	498	511	
12	0	0	0	0	488	500	
13	0	0	0	0	481	492	
14	0	0	0	0	478	489	
15	0	0	0	0	480	488	
0	0	0	0	0	483	490	
1	0	0	0	0	488	495	
2	0	0	0	0	494	502	
3	0	0	0	0	503	510	
4	0	0	0	0	513	519	
5	0	0	0	0	520	528	
6	0	0	0	0	525	533	
7	0	0	0	0	526	534	
8	0	0	0	0	524	535	
9	0	0	0	0	519	535	
10	0	0	0	0	512	537	
11	0	0	0	0	507	543	
12	0	0	0	0	504	547	
13	0	0	0	0	499	551	
14	0	0	0	0	494	554	
15	0	0	0	0	496	551	
0	0	0	0	0	501	547	
1	0	0	0	0	510	546	
2	0	0	0	0	516	543	
3	0	0	0	0	523	542	
4	0	0	0	0	526	538	
5	0	0	0	0	527	529	
6	0	0	0	0	526	515	
7	0	0	0	0	522	498	
8	0	0	0	0	518	482	
9	0	0	0	0	512	470	
10	0	0	0	0	508	462	
11	0	0	0	0	504	454	
12	0	0	0	0	502	450	
13	0	0	0	0	502	451	
14	0	0	0	0	504	455	
15	0	0	0	0	513	463	
0	0	0	0	0	522	476	
1	0	0	0	0	530	489	
2	0	0	0	0	536	499	
3	0	0	0	0	539	507	
4	0	0	0	0	540	514	
5	0	0	0	0	538	523	
6	0	0	0	0	535	531	
7	0	0	0	0	531	536	
8	0	0	0	0	528	537	
9	0	0	0	0	527	537	
10	0	0	0	0	523	531	
11	0	0	0	0	523	527	
12	0	0	0	0	526	528	
13	0	0	0	0	526	527	
14	0	0	0	0	526	527	
15	0	0	0	0	529	527	
0	0	0	0	0	532	528	
1	0	0	0	0	535	532	
2	0	0	0	0	535	536	
3	0	0	0	0	535	537	
4	0	0	0	0	534	538	
5	0	0	0	0	532	538	
6	0	0	0	0	533	540	
7	0	0	0	0	535	540	
8	0	0	0	0	533	537	
9	0	0	0	0	528	531	
10	0	0	0	0	521	531	
11	0	0	0	0	518	531	
12	0	0	0	0	514	534	
13	0	0	0	0	512	537	
14	0	0	0	0	512	540	
15	0	0	0	0	515	541	
0	0	0	0	0	519	543	
1	0	0	0	0	525	544	
2	0	0	0	0	531	539	
3	0	0	0	0	534	536	
4	0	0	0	0	535	535	
5	0	0	0	0	534	530	
6	0	0	0	0	534	526	
7	0	0	0	0	533	526	
8	0	0	0	0	531	531	
9	0	0	0	0	525	539	
10	0	0	0	0	518	540	
11	0	0	0	0	512	536	
12	0	0	0	0	504	530	
13	0	0	0	0	497	522	
14	0	0	0	0	498	516	
15	0	0	0	0	500	509	
0	0	0	0	0	505	505	
1	0	0	0	0	512	503	
2	0	0	0	0	518	504	
3	0	0	0	0	519	505	
4	0	0	0	0	520	506	
5	0	0	0	0	523	506	
6	0	0	0	0	526	505	
7	0	0	0	0	526	503	
8	0	0	0	0	528	505	
9	0	0	0	0	532	504	
10	0	0	0	0	537	500	
11	0	0	0	0	540	498	
12	0	0	0	0	543	493	
13	0	0	0	0	544	487	
14	0	0	0	0	548	483	
15	0	0	0	0	550	478	
0	0	0	0	0	548	475	
1	0	0	0	0	553	473	
2	0	0	0	0	563	475	
3	0	0	0	0	574	480	
4	0	0	0	0	579	487	
5	0	0	0	0	580	489	
6	0	0	0	0	579	487	
7	0	0	0	0	577	486	
8	0	0	0	0	573	490	
9	0	0	0	0	566	496	
10	0	0	0	0	559	504	
11	0	0	0	0	557	509	
12	0	0	0	0	553	511	
13	0	0	0	0	552	515	
14	0	0	0	0	550	516	
15	0	0	0	0	551	519	
0	0	0	0	0	552	524	
1	0	0	0	0	552	522	
2	0	0	0	0	549	517	
3	0	0	0	0	546	509	
4	0	0	0	0	544	504	
5	0	0	0	0	543	501	
6	0	0	0	0	546	496	
7	0	0	0	0	548	489	
8	0	0	0	0	551	484	
9	0	0	0	0	551	481	
10	0	0	0	0	551	481	
11	0	0	0	0	548	478	
12	0	0	0	0	550	479	
13	0	0	0	0	555	482	
14	0	0	0	0	559	481	
15	0	0	0	0	562	479	
0	0	0	0	0	566	473	
1	0	0	0	0	567	468	
2	0	0	0	0	568	460	
3	0	0	0	0	563	451	
4	0	0	0	0	558	444	
5	0	0	0	0	555	444	
6	0	0	0	0	559	452	
7	0	0	0	0	560	463	
8	0	0	0	0	565	472	
9	0	0	0	0	566	483	
10	0	0	0	0	564	489	
11	0	0	0	0	559	496	
12	0	0	0	0	557	504	
13	0	0	0	0	556	515	
14	0	0	0	0	555	525	
15	0	0	0	0	553	532	
0	0	0	0	0	550	534	
1	0	0	0	0	544	532	
2	0	0	0	0	539	532	
3	0	0	0	0	539	535	
4	0	0	0	0	536	537	
5	0	0	0	0	533	543	
6	0	0	0	0	532	552	
7	0	0	0	0	531	562	
8	0	0	0	0	534	575	
9	0	0	0	0	538	592	
10	0	0	0	0	541	611	
11	0	0	0	0	545	623	
12	0	0	0	0	553	624	
13	0	0	0	0	564	620	
14	0	0	0	0	572	614	
15	0	0	0	0	576	601	
0	0	0	0	0	579	586	
1	0	0	0	0	582	570	
2	0	0	0	0	586	551	
3	0	0	0	0	592	531	
4	0	0	0	0	595	510	
5	0	0	0	0	595	492	
6	0	0	0	0	592	477	
7	0	0	0	0	587	467	
8	0	0	0	0	580	457	
9	0	0	0	0	575	457	
10	0	0	0	0	567	459	
11	0	0	0	0	559	457	
12	0	0	0	0	558	453	
13	0	0	0	0	558	448	
14	0	0	0	0	563	457	
15	0	0	0	0	565	470	
0	0	0	0	0	564	489	
1	0	0	0	0	562	509	
2	0	0	0	0	560	519	
3	0	0	0	0	556	524	
4	0	0	0	0	549	524	
5	0	0	0	0	541	524	
6	0	0	0	0	535	523	
7	0	0	0	0	531	516	
8	0	0	0	0	531	507	
9	0	0	0	0	534	493	
10	0	0	0	0	536	476	
11	0	0	0	0	540	457	
12	0	0	0	0	544	444	
13	0	0	0	0	548	433	
14	0	0	0	0	551	424	
15	0	0	0	0	550	423	
0	0	0	0	0	548	424	
1	0	0	0	0	545	424	
2	0	0	0	0	541	425	
3	0	0	0	0	540	429	
4	0	0	0	0	540	436	
5	0	0	0	0	540	439	
6	0	0	0	0	542	437	
7	0	0	0	0	542	433	
8	0	0	0	0	544	433	
9	0	0	0	0	549	442	
10	0	0	0	0	553	448	
11	0	0	0	0	557	454	
12	0	0	0	0	556	462	
13	0	0	0	0	553	465	
14	0	0	0	0	548	467	
15	0	0	0	0	540	465	
0	0	0	0	0	531	467	
1	0	0	0	0	525	473	
2	0	0	0	0	522	481	
3	0	0	0	0	518	481	
4	0	0	0	0	515	483	
5	0	0	0	0	513	480	
6	0	0	0	0	512	471	
7	0	0	0	0	515	460	
8	0	0	0	0	520	450	
9	0	0	0	0	525	444	
10	0	0	0	0	532	440	
11	0	0	0	0	534	441	
12	0	0	0	0	535	444	
13	0	0	0	0	538	449	
14	0	0	0	0	539	454	
15	0	0	0	0	538	461	
0	0	0	0	0	538	469	
1	0	0	0	0	539	476	
2	0	0	0	0	543	482	
3	0	0	0	0	545	487	
4	0	0	0	0	547	491	
5	0	0	0	0	543	496	
6	0	0	0	0	539	496	
7	0	0	0	0	533	500	
8	0	0	0	0	527	501	
9	0	0	0	0	523	502	
10	0	0	0	0	516	500	
11	0	0	0	0	511	497	
12	0	0	0	0	511	492	
13	0	0	0	0	513	488	
14	0	0	0	0	516	486	
15	0	0	0	0	515	488	
0	0	0	0	0	513	492	
1	0	0	0	0	511	491	
2	0	0	0	0	510	486	
3	0	0	0	0	507	482	
4	0	0	0	0	508	477	
5	0	0	0	0	510	473	
6	0	0	0	0	509	468	
7	0	0	0	0	507	460	
8	0	0	0	0	502	457	
9	0	0	0	0	497	463	
10	0	0	0	0	495	470	
11	0	0	0	0	495	473	
12	0	0	0	0	500	474	
13	0	0	0	0	507	473	
14	0	0	0	0	508	469	
15	0	0	0	0	508	465	
0	0	0	0	0	508	465	
1	0	0	0	0	511	465	
2	0	0	0	0	515	470	
3	0	0	0	0	519	475	
4	0	0	0	0	522	481	
5	0	0	0	0	529	488	
6	0	0	0	0	535	491	
7	0	0	0	0	540	486	
8	0	0	0	0	539	474	
9	0	0	0	0	533	460	
10	0	0	0	0	526	450	
11	0	0	0	0	517	444	
12	0	0	0	0	513	440	
13	0	0	0	0	515	440	
14	0	0	0	0	518	443	
15	0	0	0	0	517	452	
0	0	0	0	0	517	462	
1	0	0	0	0	515	473	
2	0	0	0	0	516	484	
3	0	0	0	0	515	494	
4	0	0	0	0	516	504	
5	0	0	0	0	518	511	
6	0	0	0	0	515	515	
7	0	0	0	0	508	515	
8	0	0	0	0	502	512	
9	0	0	0	0	499	506	
10	0	0	0	0	498	506	
11	0	0	0	0	498	506	
12	0	0	0	0	498	502	
13	0	0	0	0	499	496	
14	0	0	0	0	500	493	
15	0	0	0	0	501	497	
0	0	0	0	0	502	502	
1	0	0	0	0	504	505	
2	0	0	0	0	505	509	
3	0	0	0	0	508	514	
4	0	0	0	0	511	523	
5	0	0	0	0	511	527	
6	0	0	0	0	511	527	
7	0	0	0	0	508	525	
8	0	0	0	0	505	522	
9	0	0	0	0	499	516	
10	0	0	0	0	496	506	
11	0	0	0	0	493	497	
12	0	0	0	0	487	491	
13	0	0	0	0	482	483	
14	0	0	0	0	480	479	
15	0	0	0	0	473	479	
0	0	0	0	0	468	483	
1	0	0	0	0	461	486	
2	0	0	0	0	454	488	
3	0	0	0	0	447	492	
4	0	0	0	0	442	500	
5	0	0	0	0	441	512	
6	0	0	0	0	442	519	
7	0	0	0	0	445	519	
8	0	0	0	0	447	510	
9	0	0	0	0	449	499	
10	0	0	0	0	453	489	
11	0	0	0	0	459	484	
12	0	0	0	0	468	481	
13	0	0	0	0	478	479	
14	0	0	0	0	484	476	
15	0	0	0	0	488	472	
0	0	0	0	0	490	463	
1	0	0	0	0	491	459	
2	0	0	0	0	490	456	
3	0	0	0	0	487	459	
4	0	0	0	0	484	465	
5	0	0	0	0	480	471	
6	0	0	0	0	476	477	
7	0	0	0	0	477	480	
8	0	0	0	0	480	478	
9	0	0	0	0	480	473	
10	0	0	0	0	477	462	
11	0	0	0	0	468	452	
12	0	0	0	0	459	448	
13	0	0	0	0	455	454	
14	0	0	0	0	454	462	
15	0	0	0	0	457	475	
0	0	0	0	0	460	493	
1	0	0	0	0	465	514	
2	0	0	0	0	475	530	
3	0	0	0	0	485	539	
4	0	0	0	0	491	543	
5	0	0	0	0	494	544	
6	0	0	0	0	496	540	
7	0	0	0	0	491	534	
8	0	0	0	0	485	524	
9	0	0	0	0	476	514	
10	0	0	0	0	467	506	
11	0	0	0	0	457	500	
12	0	0	0	0	445	500	
13	0	0	0	0	432	508	
14	0	0	0	0	424	514	
15	0	0	0	0	421	518	
0	0	0	0	0	418	517	
1	0	0	0	0	418	512	
2	0	0	0	0	417	505	
3	0	0	0	0	420	500	
4	0	0	0	0	423	498	
5	0	0	0	0	428	499	
6	0	0	0	0	435	499	
7	0	0	0	0	441	500	
8	0	0	0	0	448	500	
9	0	0	0	0	452	498	
10	0	0	0	0	456	494	
11	0	0	0	0	463	492	
12	0	0	0	0	470	493	
13	0	0	0	0	473	490	
14	0	0	0	0	476	486	
15	0	0	0	0	479	485	
0	0	0	0	0	482	487	
1	0	0	0	0	488	491	
2	0	0	0	0	495	494	
3	0	0	0	0	498	496	
4	0	0	0	0	500	501	
5	0	0	0	0	504	506	
6	0	0	0	0	510	508	
7	0	0	0	0	516	507	
8	0	0	0	0	520	504	
9	0	0	0	0	520	496	
10	0	0	0	0	515	483	
11	0	0	0	0	508	471	
12	0	0	0	0	503	461	
13	0	0	0	0	498	455	
14	0	0	0	0	499	458	
15	0	0	0	0	499	461	
0	0	0	0	0	499	459	
1	0	0	0	0	494	450	
2	0	0	0	0	484	439	
3	0	0	0	0	476	430	
4	0	0	0	0	472	427	
5	0	0	0	0	471	427	
6	0	0	0	0	471	434	
7	0	0	0	0	479	447	
8	0	0	0	0	485	462	
9	0	0	0	0	492	480	
10	0	0	0	0	495	500	
11	0	0	0	0	497	519	
12	0	0	0	0	499	532	
13	0	0	0	0	499	542	
14	0	0	0	0	498	548	
15	0	0	0	0	494	552	
0	0	0	0	0	490	552	
1	0	0	0	0	483	550	
2	0	0	0	0	478	549	
3	0	0	0	0	473	542	
4	0	0	0	0	468	532	
5	0	0	0	0	466	521	
6	0	0	0	0	471	511	
7	0	0	0	0	480	510	
8	0	0	0	0	494	512	
9	0	0	0	0	503	516	
10	0	0	0	0	510	524	
11	0	0	0	0	515	532	
12	0	0	0	0	515	546	
13	0	0	0	0	510	560	
14	0	0	0	0	505	571	
15	0	0	0	0	500	574	
0	0	0	0	0	499	572	
1	0	0	0	0	495	563	
2	0	0	0	0	491	555	
3	0	0	0	0	487	548	
4	0	0	0	0	479	540	
5	0	0	0	0	475	533	
6	0	0	0	0	472	524	
7	0	0	0	0	470	517	
8	0	0	0	0	466	512	
9	0	0	0	0	461	508	
10	0	0	0	0	459	505	
11	0	0	0	0	462	506	
12	0	0	0	0	471	508	
13	0	0	0	0	479	511	
14	0	0	0	0	485	518	
15	0	0	0	0	488	528	
0	0	0	0	0	489	540	
1	0	0	0	0	492	550	
2	0	0	0	0	495	556	
3	0	0	0	0	496	557	
4	0	0	0	0	503	554	
5	0	0	0	0	511	548	
6	0	0	0	0	516	541	
7	0	0	0	0	519	530	
8	0	0	0	0	517	518	
9	0	0	0	0	511	504	
10	0	0	0	0	502	488	
11	0	0	0	0	491	469	
12	0	0	0	0	481	451	
13	0	0	0	0	474	441	
14	0	0	0	0	469	439	
15	0	0	0	0	470	444	
0	0	0	0	0	473	454	
1	0	0	0	0	478	468	
2	0	0	0	0	482	486	
3	0	0	0	0	489	505	
4	0	0	0	0	493	525	
5	0	0	0	0	494	541	
6	0	0	0	0	496	550	
7	0	0	0	0	496	550	
8	0	0	0	0	495	550	
9	0	0	0	0	495	546	
10	0	0	0	0	498	540	
11	0	0	0	0	503	529	
12	0	0	0	0	505	521	
13	0	0	0	0	507	514	
14	0	0	0	0	509	510	
15	0	0	0	0	510	506	
0	0	0	0	0	507	502	
1	0	0	0	0	503	500	
2	0	0	0	0	498	502	
3	0	0	0	0	495	504	
4	0	0	0	0	494	510	
5	0	0	0	0	492	519	
6	0	0	0	0	494	529	
7	0	0	0	0	500	536	
8	0	0	0	0	507	537	
9	0	0	0	0	509	539	
10	0	0	0	0	513	543	
11	0	0	0	0	517	548	
12	0	0	0	0	520	551	
13	0	0	0	0	519	552	
14	0	0	0	0	516	547	
15	0	0	0	0	512	539	
0	0	0	0	0	508	535	
1	0	0	0	0	505	531	
2	0	0	0	0	503	529	
3	0	0	0	0	503	527	
4	0	0	0	0	503	523	
5	0	0	0	0	503	516	
6	0	0	0	0	502	507	
7	0	0	0	0	501	498	
8	0	0	0	0	498	493	
9	0	0	0	0	497	491	
10	0	0	0	0	497	496	
11	0	0	0	0	497	507	
12	0	0	0	0	497	515	
13	0	0	0	0	494	514	
14	0	0	0	0	494	508	
15	0	0	0	0	497	499	
0	0	0	0	0	505	497	
1	0	0	0	0	511	499	
2	0	0	0	0	512	505	
3	0	0	0	0	513	513	
4	0	0	0	0	519	521	
5	0	0	0	0	528	535	
6	0	0	0	0	531	547	
7	0	0	0	0	527	553	
8	0	0	0	0	521	556	
9	0	0	0	0	513	556	
10	0	0	0	0	504	555	
11	0	0	0	0	493	551	
12	0	0	0	0	484	540	
13	0	0	0	0	477	532	
14	0	0	0	0	471	523	
15	0	0	0	0	468	514	
0	0	0	0	0	471	509	
1	0	0	0	0	476	505	
2	0	0	0	0	483	499	
3	0	0	0	0	491	494	
4	0	0	0	0	497	489	
5	0	0	0	0	498	487	
6	0	0	0	0	496	489	
7	0	0	0	0	495	497	
8	0	0	0	0	493	505	
9	0	0	0	0	489	507	
10	0	0	0	0	486	505	
11	0	0	0	0	483	507	
12	0	0	0	0	478	512	
13	0	0	0	0	477	518	
14	0	0	0	0	479	528	
15	0	0	0	0	484	542	
0	0	0	0	0	494	556	
1	0	0	0	0	506	576	
2	0	0	0	0	513	598	
3	0	0	0	0	515	615	
4	0	0	0	0	515	623	
5	0	0	0	0	516	625	
6	0	0	0	0	518	622	
7	0	0	0	0	517	615	
8	0	0	0	0	515	606	
9	0	0	0	0	512	599	
10	0	0	0	0	508	597	
11	0	0	0	0	505	598	
12	0	0	0	0	501	596	
13	0	0	0	0	491	586	
14	0	0	0	0	483	573	
15	0	0	0	0	475	556	
0	0	0	0	0	472	540	
1	0	0	0	0	470	530	
2	0	0	0	0	468	521	
3	0	0	0	0	467	524	
4	0	0	0	0	468	531	
5	0	0	0	0	472	540	
6	0	0	0	0	480	544	
7	0	0	0	0	486	542	
8	0	0	0	0	489	533	
9	0	0	0	0	492	523	
10	0	0	0	0	496	513	
11	0	0	0	0	500	508	
12	0	0	0	0	506	510	
13	0	0	0	0	515	519	
14	0	0	0	0	521	529	
15	0	0	0	0	523	531	
0	0	0	0	0	526	528	
1	0	0	0	0	528	522	
2	0	0	0	0	531	515	
3	0	0	0	0	532	508	
4	0	0	0	0	531	501	
5	0	0	0	0	527	495	
6	0	0	0	0	521	493	
7	0	0	0	0	518	492	
8	0	0	0	0	519	493	
9	0	0	0	0	522	495	
10	0	0	0	0	523	496	
11	0	0	0	0	522	498	
12	0	0	0	0	522	497	
13	0	0	0	0	525	499	
14	0	0	0	0	527	500	
15	0	0	0	0	527	503	
0	0	0	0	0	527	505	
1	0	0	0	0	532	503	
2	0	0	0	0	536	504	
3	0	0	0	0	538	505	
4	0	0	0	0	543	510	
5	0	0	0	0	548	515	
6	0	0	0	0	552	518	
7	0	0	0	0	556	521	
8	0	0	0	0	557	524	
9	0	0	0	0	558	524	
10	0	0	0	0	554	527	
11	0	0	0	0	552	525	
12	0	0	0	0	547	525	
13	0	0	0	0	544	520	
14	0	0	0	0	540	517	
15	0	0	0	0	539	514	
0	0	0	0	0	539	511	
1	0	0	0	0	540	508	
2	0	0	0	0	535	504	
3	0	0	0	0	532	498	
4	0	0	0	0	531	492	
5	0	0	0	0	529	487	
6	0	0	0	0	527	481	
7	0	0	0	0	527	475	
8	0	0	0	0	528	476	
9	0	0	0	0	526	481	
10	0	0	0	0	524	487	
11	0	0	0	0	519	494	
12	0	0	0	0	512	502	
13	0	0	0	0	507	512	
14	0	0	0	0	503	524	
15	0	0	0	0	500	533	
0	0	0	0	0	504	538	
1	0	0	0	0	511	542	
2	0	0	0	0	516	544	
3	0	0	0	0	519	547	
4	0	0	0	0	518	551	
5	0	0	0	0	519	555	
6	0	0	0	0	524	564	
7	0	0	0	0	525	570	
8	0	0	0	0	525	575	
9	0	0	0	0	524	575	
10	0	0	0	0	524	569	
11	0	0	0	0	526	562	
12	0	0	0	0	525	553	
13	0	0	0	0	524	543	
14	0	0	0	0	520	535	
15	0	0	0	0	515	527	
0	0	0	0	0	511	523	
1	0	0	0	0	507	516	
2	0	0	0	0	502	509	
3	0	0	0	0	499	504	
4	0	0	0	0	497	503	
5	0	0	0	0	499	503	
6	0	0	0	0	506	507	
7	0	0	0	0	517	513	
8	0	0	0	0	530	520	
9	0	0	0	0	541	524	
10	0	0	0	0	552	527	
11	0	0	0	0	562	527	
12	0	0	0	0	563	530	
13	0	0	0	0	565	535	
14	0	0	0	0	568	543	
15	0	0	0	0	573	554	
0	0	0	0	0	575	563	
1	0	0	0	0	575	566	
2	0	0	0	0	575	568	
3	0	0	0	0	581	570	
4	0	0	0	0	586	576	
5	0	0	0	0	588	578	
6	0	0	0	0	588	580	
7	0	0	0	0	591	583	
8	0	0	0	0	598	585	
9	0	0	0	0	603	589	
10	0	0	0	0	606	591	
11	0	0	0	0	601	583	
12	0	0	0	0	595	575	
13	0	0	0	0	584	562	
14	0	0	0	0	572	548	
15	0	0	0	0	562	532	
0	0	0	0	0	551	514	
1	0	0	0	0	542	499	
2	0	0	0	0	536	484	
3	0	0	0	0	530	476	
4	0	0	0	0	522	470	
5	0	0	0	0	517	467	
6	0	0	0	0	516	473	
7	0	0	0	0	513	484	
8	0	0	0	0	510	494	
9	0	0	0	0	511	502	
10	0	0	0	0	517	503	
11	0	0	0	0	527	500	
12	0	0	0	0	538	501	
13	0	0	0	0	548	503	
14	0	0	0	0	552	506	
15	0	0	0	0	552	509	
0	0	0	0	0	552	513	
1	0	0	0	0	553	515	
2	0	0	0	0	551	516	
3	0	0	0	0	548	510	
4	0	0	0	0	546	503	
5	0	0	0	0	544	498	
6	0	0	0	0	540	507	
7	0	0	0	0	537	519	
8	0	0	0	0	535	525	
9	0	0	0	0	530	526	
10	0	0	0	0	524	527	
11	0	0	0	0	513	532	
12	0	0	0	0	505	538	
13	0	0	0	0	497	545	
14	0	0	0	0	491	548	
15	0	0	0	0	485	548	
0	0	0	0	0	481	547	
1	0	0	0	0	484	543	
2	0	0	0	0	489	541	
3	0	0	0	0	496	541	
4	0	0	0	0	505	544	
5	0	0	0	0	513	548	
6	0	0	0	0	521	551	
7	0	0	0	0	527	550	
8	0	0	0	0	527	550	
9	0	0	0	0	526	550	
10	0	0	0	0	521	547	
11	0	0	0	0	515	543	
12	0	0	0	0	509	532	
13	0	0	0	0	501	519	
14	0	0	0	0	493	512	
15	0	0	0	0	485	508	
0	0	0	0	0	481	509	
1	0	0	0	0	479	511	
2	0	0	0	0	476	515	
3	0	0	0	0	472	517	
4	0	0	0	0	469	515	
5	0	0	0	0	473	511	
6	0	0	0	0	478	510	
7	0	0	0	0	480	509	
8	0	0	0	0	484	510	
9	0	0	0	0	494	510	
10	0	0	0	0	503	510	
11	0	0	0	0	504	509	
12	0	0	0	0	507	508	
13	0	0	0	0	508	510	
14	0	0	0	0	511	512	
15	0	0	0	0	513	513	
0	0	0	0	0	515	514	
1	0	0	0	0	514	512	
2	0	0	0	0	514	509	
3	0	0	0	0	513	508	
4	0	0	0	0	512	508	
5	0	0	0	0	510	512	
6	0	0	0	0	508	519	
7	0	0	0	0	507	526	
8	0	0	0	0	508	527	
9	0	0	0	0	512	526	
10	0	0	0	0	517	524	
11	0	0	0	0	521	524	
12	0	0	0	0	523	527	
13	0	0	0	0	526	527	
14	0	0	0	0	525	531	
15	0	0	0	0	524	532	
0	0	0	0	0	522	534	
1	0	0	0	0	519	537	
2	0	0	0	0	516	543	
3	0	0	0	0	513	550	
4	0	0	0	0	511	558	
5	0	0	0	0	505	568	
6	0	0	0	0	496	574	
7	0	0	0	0	490	578	
8	0	0	0	0	485	574	
9	0	0	0	0	481	557	
10	0	0	0	0	479	535	
11	0	0	0	0	485	516	
12	0	0	0	0	494	503	
13	0	0	0	0	505	499	
14	0	0	0	0	515	501	
15	0	0	0	0	527	508	
0	0	0	0	0	536	513	
1	0	0	0	0	543	514	
2	0	0	0	0	547	513	
3	0	0	0	0	547	513	
4	0	0	0	0	540	513	
5	0	0	0	0	536	512	
6	0	0	0	0	527	513	
7	0	0	0	0	519	513	
8	0	0	0	0	511	515	
9	0	0	0	0	506	516	
10	0	0	0	0	501	516	
11	0	0	0	0	494	515	
12	0	0	0	0	486	513	
13	0	0	0	0	478	510	
14	0	0	0	0	472	510	
15	0	0	0	0	468	509	
0	0	0	0	0	466	507	
1	0	0	0	0	465	503	
2	0	0	0	0	466	505	
3	0	0	0	0	468	514	
4	0	0	0	0	474	529	
5	0	0	0	0	483	545	
6	0	0	0	0	489	560	
7	0	0	0	0	495	573	
8	0	0	0	0	504	584	
9	0	0	0	0	515	589	
10	0	0	0	0	527	589	
11	0	0	0	0	532	583	
12	0	0	0	0	533	568	
13	0	0	0	0	532	552	
14	0	0	0	0	534	535	
15	0	0	0	0	534	515	
0	0	0	0	0	528	497	
1	0	0	0	0	519	483	
2	0	0	0	0	512	473	
3	0	0	0	0	506	464	
4	0	0	0	0	501	457	
5	0	0	0	0	497	451	
6	0	0	0	0	494	452	
7	0	0	0	0	492	457	
8	0	0	0	0	494	462	
9	0	0	0	0	494	466	
10	0	0	0	0	495	469	
11	0	0	0	0	497	468	
12	0	0	0	0	499	467	
13	0	0	0	0	499	470	
14	0	0	0	0	497	476	
15	0	0	0	0	496	491	
0	0	0	0	0	495	511	
1	0	0	0	0	493	530	
2	0	0	0	0	492	539	
3	0	0	0	0	492	539	
4	0	0	0	0	493	533	
5	0	0	0	0	492	524	
6	0	0	0	0	493	514	
7	0	0	0	0	496	501	
8	0	0	0	0	498	491	
9	0	0	0	0	496	480	
10	0	0	0	0	492	473	
11	0	0	0	0	487	472	
12	0	0	0	0	486	477	
13	0	0	0	0	485	487	
14	0	0	0	0	482	498	
15	0	0	0	0	480	510	
0	0	0	0	0	481	519	
1	0	0	0	0	486	521	
2	0	0	0	0	486	520	
3	0	0	0	0	483	516	
4	0	0	0	0	480	511	
5	0	0	0	0	478	506	
6	0	0	0	0	476	497	
7	0	0	0	0	472	488	
8	0	0	0	0	469	480	
9	0	0	0	0	468	473	
10	0	0	0	0	471	470	
11	0	0	0	0	470	471	
12	0	0	0	0	471	475	
13	0	0	0	0	473	479	
14	0	0	0	0	475	484	
15	0	0	0	0	480	489	
0	0	0	0	0	481	493	
1	0	0	0	0	484	496	
2	0	0	0	0	487	499	
3	0	0	0	0	494	500	
4	0	0	0	0	504	503	
5	0	0	0	0	512	507	
6	0	0	0	0	514	507	
7	0	0	0	0	513	504	
8	0	0	0	0	510	500	
9	0	0	0	0	504	497	
10	0	0	0	0	499	492	
11	0	0	0	0	489	491	
12	0	0	0	0	479	491	
13	0	0	0	0	468	492	
14	0	0	0	0	457	489	
15	0	0	0	0	451	487	
0	0	0	0	0	442	485	
1	0	0	0	0	436	480	
2	0	0	0	0	434	472	
3	0	0	0	0	435	465	
4	0	0	0	0	439	462	
5	0	0	0	0	446	460	
6	0	0	0	0	459	464	
7	0	0	0	0	475	470	
8	0	0	0	0	489	479	
9	0	0	0	0	501	487	
10	0	0	0	0	511	496	
11	0	0	0	0	520	510	
12	0	0	0	0	528	521	
13	0	0	0	0	534	534	
14	0	0	0	0	542	543	
15	0	0	0	0	548	550	
0	0	0	0	0	555	555	
1	0	0	0	0	559	554	
2	0	0	0	0	561	553	
3	0	0	0	0	559	548	
4	0	0	0	0	553	540	
5	0	0	0	0	544	529	
6	0	0	0	0	533	519	
7	0	0	0	0	524	506	
8	0	0	0	0	518	499	
9	0	0	0	0	511	493	
10	0	0	0	0	507	488	
11	0	0	0	0	503	481	
12	0	0	0	0	502	479	
13	0	0	0	0	499	478	
14	0	0	0	0	496	483	
15	0	0	0	0	497	488	
0	0	0	0	0	497	489	
1	0	0	0	0	499	489	
2	0	0	0	0	498	492	
3	0	0	0	0	496	487	
4	0	0	0	0	492	481	
5	0	0	0	0	487	479	
6	0	0	0	0	483	479	
7	0	0	0	0	480	481	
8	0	0	0	0	477	483	
9	0	0	0	0	478	483	
10	0	0	0	0	483	483	
11	0	0	0	0	491	486	
12	0	0	0	0	503	492	
13	0	0	0	0	513	504	
14	0	0	0	0	521	519	
15	0	0	0	0	528	534	
0	0	0	0	0	533	548	
1	0	0	0	0	535	555	
2	0	0	0	0	535	556	
3	0	0	0	0	535	552	
4	0	0	0	0	531	543	
5	0	0	0	0	524	534	
6	0	0	0	0	513	525	
7	0	0	0	0	503	516	
8	0	0	0	0	494	506	
9	0	0	0	0	486	495	
10	0	0	0	0	476	480	
11	0	0	0	0	463	471	
12	0	0	0	0	449	464	
13	0	0	0	0	435	456	
14	0	0	0	0	420	450	
15	0	0	0	0	410	444	
0	0	0	0	0	403	444	
1	0	0	0	0	402	444	
2	0	0	0	0	404	444	
3	0	0	0	0	412	446	
4	0	0	0	0	422	447	
5	0	0	0	0	435	449	
6	0	0	0	0	452	454	
7	0	0	0	0	475	459	
8	0	0	0	0	497	467	
9	0	0	0	0	514	479	
10	0	0	0	0	525	486	
11	0	0	0	0	530	488	
12	0	0	0	0	529	490	
13	0	0	0	0	524	493	
14	0	0	0	0	519	501	
15	0	0	0	0	511	509	
0	0	0	0	0	501	516	
1	0	0	0	0	487	520	
2	0	0	0	0	474	519	
3	0	0	0	0	463	518	
4	0	0	0	0	454	525	
5	0	0	0	0	446	534	
6	0	0	0	0	443	547	
7	0	0	0	0	440	558	
8	0	0	0	0	440	566	
9	0	0	0	0	439	569	
10	0	0	0	0	440	568	
11	0	0	0	0	440	561	
12	0	0	0	0	438	551	
13	0	0	0	0	435	534	
14	0	0	0	0	428	518	
15	0	0	0	0	425	504	
0	0	0	0	0	427	492	
1	0	0	0	0	433	480	
2	0	0	0	0	443	470	
3	0	0	0	0	454	467	
4	0	0	0	0	463	466	
5	0	0	0	0	471	470	
6	0	0	0	0	480	478	
7	0	0	0	0	490	485	
8	0	0	0	0	502	500	
9	0	0	0	0	512	514	
10	0	0	0	0	515	525	
11	0	0	0	0	519	532	
12	0	0	0	0	519	539	
13	0	0	0	0	517	540	
14	0	0	0	0	510	540	
15	0	0	0	0	507	544	
0	0	0	0	0	506	544	
1	0	0	0	0	508	540	
2	0	0	0	0	507	536	
3	0	0	0	0	502	528	
4	0	0	0	0	497	522	
5	0	0	0	0	488	519	
6	0	0	0	0	480	519	
7	0	0	0	0	474	521	
8	0	0	0	0	470	526	
9	0	0	0	0	467	529	
10	0	0	0	0	465	529	
11	0	0	0	0	461	527	
12	0	0	0	0	459	527	
13	0	0	0	0	455	525	
14	0	0	0	0	449	520	
15	0	0	0	0	446	513	
0	0	0	0	0	444	508	
1	0	0	0	0	443	502	
2	0	0	0	0	446	497	
3	0	0	0	0	452	493	
4	0	0	0	0	461	492	
5	0	0	0	0	474	494	
6	0	0	0	0	487	497	
7	0	0	0	0	496	503	
8	0	0	0	0	508	509	
9	0	0	0	0	519	515	
10	0	0	0	0	527	524	
11	0	0	0	0	530	531	
12	0	0	0	0	530	536	
13	0	0	0	0	529	543	
14	0	0	0	0	524	547	
15	0	0	0	0	520	550	
0	0	0	0	0	520	552	
1	0	0	0	0	521	551	
2	0	0	0	0	522	543	
3	0	0	0	0	523	533	
4	0	0	0	0	522	525	
5	0	0	0	0	520	521	
6	0	0	0	0	519	516	
7	0	0	0	0	519	513	
8	0	0	0	0	515	508	
9	0	0	0	0	512	503	
10	0	0	0	0	512	492	
11	0	0	0	0	510	483	
12	0	0	0	0	509	476	
13	0	0	0	0	505	476	
14	0	0	0	0	507	481	
15	0	0	0	0	509	488	
0	0	0	0	0	514	500	
1	0	0	0	0	519	514	
2	0	0	0	0	524	535	
3	0	0	0	0	529	562	
4	0	0	0	0	535	590	
5	0	0	0	0	542	619	
6	0	0	0	0	548	643	
7	0	0	0	0	551	668	
8	0	0	0	0	555	687	
9	0	0	0	0	558	702	
10	0	0	0	0	556	720	
11	0	0	0	0	551	738	
12	0	0	0	0	545	758	
13	0	0	0	0	536	778	
14	0	0	0	0	525	797	
15	0	0	0	0	512	814	
0	0	0	0	0	497	828	
1	0	0	0	0	483	839	
2	0	0	0	0	472	851	
3	0	0	0	0	464	860	
4	0	0	0	0	460	868	
5	0	0	0	0	459	875	
6	0	0	0	0	463	888	
7	0	0	0	0	471	900	
8	0	0	0	0	482	917	
9	0	0	0	0	492	932	
10	0	0	0	0	503	942	
11	0	0	0	0	511	949	
12	0	0	0	0	519	950	
13	0	0	0	0	524	942	
14	0	0	0	0	527	936	
15	0	0	0	0	527	931	
0	0	0	0	0	529	926	
1	0	0	0	0	529	922	
2	0	0	0	0	527	918	
3	0	0	0	0	526	914	
4	0	0	0	0	523	906	
5	0	0	0	0	519	900	
6	0	0	0	0	519	894	
7	0	0	0	0	521	890	
8	0	0	0	0	523	886	
9	0	0	0	0	524	885	
10	0	0	0	0	524	886	
11	0	0	0	0	522	892	
12	0	0	0	0	517	891	
13	0	0	0	0	511	896	
14	0	0	0	0	506	898	
15	0	0	0	0	501	895	
0	0	0	0	0	497	893	
1	0	0	0	0	499	896	
2	0	0	0	0	505	899	
3	0	0	0	0	511	903	
4	0	0	0	0	514	903	
5	0	0	0	0	516	904	
6	0	0	0	0	515	906	
7	0	0	0	0	515	908	
8	0	0	0	0	518	911	
9	0	0	0	0	516	906	
10	0	0	0	0	514	902	
11	0	0	0	0	513	896	
12	0	0	0	0	515	890	
13	0	0	0	0	519	889	
14	0	0	0	0	525	892	
15	0	0	0	0	530	895	
0	0	0	0	0	537	905	
1	0	0	0	0	545	912	
2	0	0	0	0	549	921	
3	0	0	0	0	549	920	
4	0	0	0	0	548	918	
5	0	0	0	0	547	914	
6	0	0	0	0	543	906	
7	0	0	0	0	543	895	
8	0	0	0	0	547	883	
9	0	0	0	0	551	873	
10	0	0	0	0	559	862	
11	0	0	0	0	563	853	
12	0	0	0	0	569	845	
13	0	0	0	0	571	846	
14	0	0	0	0	568	852	
15	0	0	0	0	564	856	
0	0	0	0	0	558	853	
1	0	0	0	0	548	847	
2	0	0	0	0	542	837	
3	0	0	0	0	535	833	
4	0	0	0	0	527	819	
5	0	0	0	0	517	814	
6	0	0	0	0	508	810	
7	0	0	0	0	497	805	
8	0	0	0	0	492	799	
9	0	0	0	0	488	794	
10	0	0	0	0	484	791	
11	0	0	0	0	482	788	
12	0	0	0	0	483	789	
13	0	0	0	0	485	786	
14	0	0	0	0	487	785	
15	0	0	0	0	489	782	
0	0	0	0	0	494	778	
1	0	0	0	0	502	773	
2	0	0	0	0	507	765	
3	0	0	0	0	508	761	
4	0	0	0	0	511	764	
5	0	0	0	0	519	767	
6	0	0	0	0	526	762	
7	0	0	0	0	534	752	
8	0	0	0	0	539	737	
9	0	0	0	0	545	727	
10	0	0	0	0	545	719	
11	0	0	0	0	542	720	
12	0	0	0	0	536	725	
13	0	0	0	0	531	726	
14	0	0	0	0	528	733	
15	0	0	0	0	525	737	
0	0	0	0	0	522	739	
1	0	0	0	0	519	739	
2	0	0	0	0	520	739	
3	0	0	0	0	522	738	
4	0	0	0	0	527	742	
5	0	0	0	0	533	748	
6	0	0	0	0	539	757	
7	0	0	0	0	541	761	
8	0	0	0	0	543	763	
9	0	0	0	0	543	761	
10	0	0	0	0	537	755	
11	0	0	0	0	530	751	
12	0	0	0	0	519	750	
13	0	0	0	0	510	748	
14	0	0	0	0	500	748	
15	0	0	0	0	494	747	
0	0	0	0	0	491	739	
1	0	0	0	0	492	729	
2	0	0	0	0	495	719	
3	0	0	0	0	500	710	
4	0	0	0	0	499	693	
5	0	0	0	0	495	687	
6	0	0	0	0	491	685	
7	0	0	0	0	489	687	
8	0	0	0	0	489	694	
9	0	0	0	0	489	693	
10	0	0	0	0	490	696	
11	0	0	0	0	493	696	
12	0	0	0	0	496	693	
13	0	0	0	0	500	691	
14	0	0	0	0	503	686	
15	0	0	0	0	506	680	
0	0	0	0	0	508	675	
1	0	0	0	0	507	669	
2	0	0	0	0	508	667	
3	0	0	0	0	508	663	
4	0	0	0	0	508	658	
5	0	0	0	0	503	654	
6	0	0	0	0	496	646	
7	0	0	0	0	490	643	
8	0	0	0	0	485	643	
9	0	0	0	0	489	641	
10	0	0	0	0	491	639	
11	0	0	0	0	491	632	
12	0	0	0	0	490	629	
13	0	0	0	0	488	628	
14	0	0	0	0	486	632	
15	0	0	0	0	482	635	
0	0	0	0	0	479	635	
1	0	0	0	0	478	635	
2	0	0	0	0	476	633	
3	0	0	0	0	472	627	
4	0	0	0	0	476	623	
5	0	0	0	0	479	621	
6	0	0	0	0	483	617	
7	0	0	0	0	485	611	
8	0	0	0	0	487	607	
9	0	0	0	0	487	604	
10	0	0	0	0	483	604	
11	0	0	0	0	481	597	
12	0	0	0	0	481	584	
13	0	0	0	0	477	571	
14	0	0	0	0	480	560	
15	0	0	0	0	482	554	
0	0	0	0	0	487	551	
1	0	0	0	0	491	553	
2	0	0	0	0	493	557	
3	0	0	0	0	491	559	
4	0	0	0	0	489	563	
5	0	0	0	0	487	562	
6	0	0	0	0	487	563	
7	0	0	0	0	490	563	
8	0	0	0	0	496	563	
9	0	0	0	0	497	565	
10	0	0	0	0	496	565	
11	0	0	0	0	491	566	
12	0	0	0	0	485	568	
13	0	0	0	0	479	568	
14	0	0	0	0	471	568	
15	0	0	0	0	463	566	
0	0	0	0	0	457	562	
1	0	0	0	0	452	555	
2	0	0	0	0	448	550	
3	0	0	0	0	445	547	
4	0	0	0	0	447	547	
5	0	0	0	0	451	547	
6	0	0	0	0	455	545	
7	0	0	0	0	461	546	
8	0	0	0	0	465	553	
9	0	0	0	0	473	560	
10	0	0	0	0	483	563	
11	0	0	0	0	491	560	
12	0	0	0	0	495	559	
13	0	0	0	0	496	555	
14	0	0	0	0	497	553	
15	0	0	0	0	497	552	
0	0	0	0	0	497	550	
1	0	0	0	0	498	545	
2	0	0	0	0	497	540	
3	0	0	0	0	496	532	
4	0	0	0	0	491	526	
5	0	0	0	0	484	525	
6	0	0	0	0	482	530	
7	0	0	0	0	480	540	
8	0	0	0	0	479	552	
9	0	0	0	0	479	561	
10	0	0	0	0	481	567	
11	0	0	0	0	480	568	
12	0	0	0	0	480	566	
13	0	0	0	0	477	559	
14	0	0	0	0	473	547	
15	0	0	0	0	473	536	
0	0	0	0	0	473	522	
1	0	0	0	0	473	507	
2	0	0	0	0	471	496	
3	0	0	0	0	464	492	
4	0	0	0	0	455	495	
5	0	0	0	0	450	500	
6	0	0	0	0	447	505	
7	0	0	0	0	451	511	
8	0	0	0	0	458	518	
9	0	0	0	0	466	522	
10	0	0	0	0	471	527	
11	0	0	0	0	479	534	
12	0	0	0	0	484	537	
13	0	0	0	0	489	537	
14	0	0	0	0	492	535	
15	0	0	0	0	497	527	
0	0	0	0	0	502	520	
1	0	0	0	0	505	517	
2	0	0	0	0	503	512	
3	0	0	0	0	500	510	
4	0	0	0	0	500	505	
5	0	0	0	0	503	497	
6	0	0	0	0	503	487	
7	0	0	0	0	500	478	
8	0	0	0	0	499	475	
9	0	0	0	0	501	473	
10	0	0	0	0	502	468	
11	0	0	0	0	499	462	
12	0	0	0	0	493	459	
13	0	0	0	0	484	455	
14	0	0	0	0	476	461	
15	0	0	0	0	471	470	
0	0	0	0	0	467	478	
1	0	0	0	0	464	487	
2	0	0	0	0	467	493	
3	0	0	0	0	473	493	
4	0	0	0	0	484	499	
5	0	0	0	0	492	503	
6	0	0	0	0	496	509	
7	0	0	0	0	499	518	
8	0	0	0	0	503	521	
9	0	0	0	0	504	519	
10	0	0	0	0	504	516	
11	0	0	0	0	503	509	
12	0	0	0	0	503	504	
13	0	0	0	0	500	497	
14	0	0	0	0	496	488	
15	0	0	0	0	494	480	
0	0	0	0	0	491	472	
1	0	0	0	0	490	463	
2	0	0	0	0	490	456	
3	0	0	0	0	492	448	
4	0	0	0	0	493	443	
5	0	0	0	0	493	439	
6	0	0	0	0	494	435	
7	0	0	0	0	493	434	
8	0	0	0	0	492	443	
9	0	0	0	0	491	452	
10	0	0	0	0	489	459	
11	0	0	0	0	487	464	
12	0	0	0	0	485	469	
13	0	0	0	0	488	477	
14	0	0	0	0	495	485	
15	0	0	0	0	502	494	
0	0	0	0	0	507	501	
1	0	0	0	0	511	507	
2	0	0	0	0	516	510	
3	0	0	0	0	519	512	
4	0	0	0	0	524	515	
5	0	0	0	0	527	519	
6	0	0	0	0	525	513	
7	0	0	0	0	519	502	
8	0	0	0	0	511	490	
9	0	0	0	0	500	472	
10	0	0	0	0	491	457	
11	0	0	0	0	484	446	
12	0	0	0	0	477	438	
13	0	0	0	0	472	432	
14	0	0	0	0	464	428	
15	0	0	0	0	456	423	
0	0	0	0	0	449	423	
1	0	0	0	0	441	424	
2	0	0	0	0	438	430	
3	0	0	0	0	438	437	
4	0	0	0	0	440	444	
5	0	0	0	0	446	447	
6	0	0	0	0	451	447	
7	0	0	0	0	457	445	
8	0	0	0	0	465	444	
9	0	0	0	0	474	442	
10	0	0	0	0	479	444	
11	0	0	0	0	482	445	
12	0	0	0	0	485	446	
13	0	0	0	0	487	446	
14	0	0	0	0	490	444	
15	0	0	0	0	489	443	
0	0	0	0	0	489	440	
1	0	0	0	0	490	438	
2	0	0	0	0	492	432	
3	0	0	0	0	494	423	
4	0	0	0	0	497	419	
5	0	0	0	0	499	416	
6	0	0	0	0	501	414	
7	0	0	0	0	501	409	
8	0	0	0	0	499	404	
9	0	0	0	0	494	398	
10	0	0	0	0	489	390	
11	0	0	0	0	487	384	
12	0	0	0	0	484	376	
13	0	0	0	0	483	368	
14	0	0	0	0	480	365	
15	0	0	0	0	481	369	
0	0	0	0	0	487	375	
1	0	0	0	0	494	384	
2	0	0	0	0	496	395	
3	0	0	0	0	497	398	
4	0	0	0	0	496	390	
5	0	0	0	0	489	380	
6	0	0	0	0	481	371	
7	0	0	0	0	474	365	
8	0	0	0	0	467	359	
9	0	0	0	0	467	351	
10	0	0	0	0	471	338	
11	0	0	0	0	477	319	
12	0	0	0	0	484	311	
13	0	0	0	0	489	312	
14	0	0	0	0	492	319	
15	0	0	0	0	493	337	
0	0	0	0	0	493	357	
1	0	0	0	0	496	377	
2	0	0	0	0	497	399	
3	0	0	0	0	494	420	
4	0	0	0	0	496	435	
5	0	0	0	0	499	450	
6	0	0	0	0	504	463	
7	0	0	0	0	510	473	
8	0	0	0	0	515	483	
9	0	0	0	0	514	484	
10	0	0	0	0	514	476	
11	0	0	0	0	510	462	
12	0	0	0	0	503	446	
13	0	0	0	0	492	435	
14	0	0	0	0	483	428	
15	0	0	0	0	480	419	
0	0	0	0	0	477	408	
1	0	0	0	0	473	396	
2	0	0	0	0	477	380	
3	0	0	0	0	482	361	
4	0	0	0	0	488	350	
5	0	0	0	0	492	337	
6	0	0	0	0	494	323	
7	0	0	0	0	492	319	
8	0	0	0	0	487	315	
9	0	0	0	0	478	308	
10	0	0	0	0	465	307	
11	0	0	0	0	452	301	
12	0	0	0	0	443	299	
13	0	0	0	0	438	299	
14	0	0	0	0	438	303	
15	0	0	0	0	443	318	
0	0	0	0	0	450	329	
1	0	0	0	0	458	341	
2	0	0	0	0	463	350	
3	0	0	0	0	466	361	
4	0	0	0	0	465	371	
5	0	0	0	0	459	378	
6	0	0	0	0	451	374	
7	0	0	0	0	440	365	
8	0	0	0	0	430	357	
9	0	0	0	0	428	351	
10	0	0	0	0	434	357	
11	0	0	0	0	447	366	
12	0	0	0	0	464	375	
13	0	0	0	0	480	387	
14	0	0	0	0	491	398	
15	0	0	0	0	499	406	
0	0	0	0	0	506	415	
1	0	0	0	0	509	420	
2	0	0	0	0	508	418	
3	0	0	0	0	504	415	
4	0	0	0	0	497	412	
5	0	0	0	0	493	412	
6	0	0	0	0	492	406	
7	0	0	0	0	487	401	
8	0	0	0	0	478	396	
9	0	0	0	0	471	390	
10	0	0	0	0	466	384	
11	0	0	0	0	465	380	
12	0	0	0	0	465	380	
13	0	0	0	0	467	379	
14	0	0	0	0	470	379	
15	0	0	0	0	478	379	
0	0	0	0	0	487	384	
1	0	0	0	0	493	388	
2	0	0	0	0	497	394	
3	0	0	0	0	498	400	
4	0	0	0	0	496	411	
5	0	0	0	0	495	419	
6	0	0	0	0	493	422	
7	0	0	0	0	489	421	
8	0	0	0	0	489	415	
9	0	0	0	0	493	408	
10	0	0	0	0	499	403	
11	0	0	0	0	511	399	
12	0	0	0	0	523	398	
13	0	0	0	0	535	395	
14	0	0	0	0	548	397	
15	0	0	0	0	560	397	
0	0	0	0	0	569	397	
1	0	0	0	0	570	399	
2	0	0	0	0	563	399	
3	0	0	0	0	551	399	
4	0	0	0	0	538	396	
5	0	0	0	0	527	388	
6	0	0	0	0	518	382	
7	0	0	0	0	512	373	
8	0	0	0	0	512	369	
9	0	0	0	0	510	364	
10	0	0	0	0	504	361	
11	0	0	0	0	495	361	
12	0	0	0	0	487	363	
13	0	0	0	0	481	369	
14	0	0	0	0	479	378	
15	0	0	0	0	478	387	
0	0	0	0	0	478	397	
1	0	0	0	0	480	403	
2	0	0	0	0	487	408	
3	0	0	0	0	493	412	
4	0	0	0	0	499	411	
5	0	0	0	0	501	407	
6	0	0	0	0	502	404	
7	0	0	0	0	501	402	
8	0	0	0	0	498	398	
9	0	0	0	0	495	393	
10	0	0	0	0	493	384	
11	0	0	0	0	489	377	
12	0	0	0	0	486	373	
13	0	0	0	0	483	377	
14	0	0	0	0	480	384	
15	0	0	0	0	480	387	
0	0	0	0	0	478	392	
1	0	0	0	0	479	397	
2	0	0	0	0	484	396	
3	0	0	0	0	489	396	
4	0	0	0	0	495	395	
5	0	0	0	0	504	390	
6	0	0	0	0	509	384	
7	0	0	0	0	514	380	
8	0	0	0	0	516	381	
9	0	0	0	0	514	387	
10	0	0	0	0	516	388	
11	0	0	0	0	515	389	
12	0	0	0	0	511	400	
13	0	0	0	0	508	409	
14	0	0	0	0	503	420	
15	0	0	0	0	497	435	
0	0	0	0	0	489	447	
1	0	0	0	0	481	460	
2	0	0	0	0	476	470	
3	0	0	0	0	471	478	
4	0	0	0	0	468	483	
5	0	0	0	0	465	487	
6	0	0	0	0	461	489	
7	0	0	0	0	459	489	
8	0	0	0	0	460	490	
9	0	0	0	0	459	489	
10	0	0	0	0	460	484	
11	0	0	0	0	460	474	
12	0	0	0	0	461	463	
13	0	0	0	0	465	454	
14	0	0	0	0	468	445	
15	0	0	0	0	473	432	
0	0	0	0	0	475	417	
1	0	0	0	0	476	405	
2	0	0	0	0	476	401	
3	0	0	0	0	479	406	
4	0	0	0	0	482	417	
5	0	0	0	0	488	428	
6	0	0	0	0	493	438	
7	0	0	0	0	499	447	
8	0	0	0	0	507	455	
9	0	0	0	0	515	461	
10	0	0	0	0	523	463	
11	0	0	0	0	529	459	
12	0	0	0	0	537	455	
13	0	0	0	0	544	453	
14	0	0	0	0	547	452	
15	0	0	0	0	550	451	
0	0	0	0	0	549	450	
1	0	0	0	0	541	449	
2	0	0	0	0	538	449	
3	0	0	0	0	537	450	
4	0	0	0	0	540	455	
5	0	0	0	0	538	454	
6	0	0	0	0	531	448	
7	0	0	0	0	522	445	
8	0	0	0	0	516	444	
9	0	0	0	0	516	448	
10	0	0	0	0	527	459	
11	0	0	0	0	543	463	
12	0	0	0	0	560	463	
13	0	0	0	0	574	460	
14	0	0	0	0	583	456	
15	0	0	0	0	592	452	
0	0	0	0	0	598	450	
1	0	0	0	0	601	454	
2	0	0	0	0	598	459	
3	0	0	0	0	590	459	
4	0	0	0	0	577	460	
5	0	0	0	0	569	460	
6	0	0	0	0	565	463	
7	0	0	0	0	561	465	
8	0	0	0	0	557	467	
9	0	0	0	0	550	467	
10	0	0	0	0	543	463	
11	0	0	0	0	539	459	
12	0	0	0	0	536	457	
13	0	0	0	0	533	451	
14	0	0	0	0	534	442	
15	0	0	0	0	534	435	
0	0	0	0	0	529	430	
1	0	0	0	0	524	428	
2	0	0	0	0	520	431	
3	0	0	0	0	515	435	
4	0	0	0	0	510	440	
5	0	0	0	0	511	438	
6	0	0	0	0	514	430	
7	0	0	0	0	521	422	
8	0	0	0	0	533	415	
9	0	0	0	0	542	409	
10	0	0	0	0	552	408	
11	0	0	0	0	560	408	
12	0	0	0	0	569	415	
13	0	0	0	0	579	419	
14	0	0	0	0	587	424	
15	0	0	0	0	588	432	
0	0	0	0	0	587	433	
1	0	0	0	0	582	437	
2	0	0	0	0	581	437	
3	0	0	0	0	579	440	
4	0	0	0	0	580	449	
5	0	0	0	0	585	460	
6	0	0	0	0	590	474	
7	0	0	0	0	593	484	
8	0	0	0	0	591	496	
9	0	0	0	0	586	511	
10	0	0	0	0	582	522	
11	0	0	0	0	576	531	
12	0	0	0	0	569	533	
13	0	0	0	0	561	529	
14	0	0	0	0	551	523	
15	0	0	0	0	539	512	
0	0	0	0	0	526	500	
1	0	0	0	0	516	485	
2	0	0	0	0	508	467	
3	0	0	0	0	503	454	
4	0	0	0	0	502	441	
5	0	0	0	0	507	432	
6	0	0	0	0	516	423	
7	0	0	0	0	524	420	
8	0	0	0	0	528	423	
9	0	0	0	0	531	427	
10	0	0	0	0	534	434	
11	0	0	0	0	535	436	
12	0	0	0	0	535	441	
13	0	0	0	0	531	448	
14	0	0	0	0	524	456	
15	0	0	0	0	517	467	
0	0	0	0	0	510	475	
1	0	0	0	0	501	486	
2	0	0	0	0	494	497	
3	0	0	0	0	489	508	
4	0	0	0	0	486	513	
5	0	0	0	0	481	515	
6	0	0	0	0	478	515	
7	0	0	0	0	479	518	
8	0	0	0	0	479	521	
9	0	0	0	0	482	519	
10	0	0	0	0	487	512	
11	0	0	0	0	491	502	
12	0	0	0	0	492	495	
13	0	0	0	0	497	486	
14	0	0	0	0	504	481	
15	0	0	0	0	511	479	
0	0	0	0	0	519	476	
1	0	0	0	0	529	475	
2	0	0	0	0	539	475	
3	0	0	0	0	548	473	
4	0	0	0	0	556	472	
5	0	0	0	0	564	469	
6	0	0	0	0	568	465	
7	0	0	0	0	566	460	
8	0	0	0	0	560	454	
9	0	0	0	0	556	449	
10	0	0	0	0	552	445	
11	0	0	0	0	550	443	
12	0	0	0	0	541	446	
13	0	0	0	0	531	450	
14	0	0	0	0	522	452	
15	0	0	0	0	515	454	
0	0	0	0	0	513	458	
1	0	0	0	0	510	464	
2	0	0	0	0	505	472	
3	0	0	0	0	501	476	
4	0	0	0	0	499	477	
5	0	0	0	0	503	479	
6	0	0	0	0	506	481	
7	0	0	0	0	509	486	
8	0	0	0	0	512	490	
9	0	0	0	0	512	492	
10	0	0	0	0	508	487	
11	0	0	0	0	499	476	
12	0	0	0	0	488	468	
13	0	0	0	0	482	463	
14	0	0	0	0	482	461	
15	0	0	0	0	489	464	
0	0	0	0	0	501	470	
1	0	0	0	0	516	474	
2	0	0	0	0	527	476	
3	0	0	0	0	533	474	
4	0	0	0	0	536	472	
5	0	0	0	0	535	472	
6	0	0	0	0	529	470	
7	0	0	0	0	525	466	
8	0	0	0	0	519	463	
9	0	0	0	0	514	461	
10	0	0	0	0	511	459	
11	0	0	0	0	510	455	
12	0	0	0	0	512	451	
13	0	0	0	0	518	447	
14	0	0	0	0	525	444	
15	0	0	0	0	530	441	
0	0	0	0	0	535	433	
1	0	0	0	0	538	420	
2	0	0	0	0	543	406	
3	0	0	0	0	554	400	
4	0	0	0	0	562	402	
5	0	0	0	0	569	409	
6	0	0	0	0	575	417	
7	0	0	0	0	575	426	
8	0	0	0	0	572	432	
9	0	0	0	0	570	435	
10	0	0	0	0	568	440	
11	0	0	0	0	569	440	
12	0	0	0	0	569	440	
13	0	0	0	0	568	443	
14	0	0	0	0	564	448	
15	0	0	0	0	560	450	
0	0	0	0	0	554	446	
1	0	0	0	0	547	436	
2	0	0	0	0	541	426	
3	0	0	0	0	535	423	
4	0	0	0	0	529	420	
5	0	0	0	0	526	416	
6	0	0	0	0	520	412	
7	0	0	0	0	519	407	
8	0	0	0	0	518	409	
9	0	0	0	0	515	416	
10	0	0	0	0	519	424	
11	0	0	0	0	514	433	
12	0	0	0	0	507	441	
13	0	0	0	0	504	445	
14	0	0	0	0	504	447	
15	0	0	0	0	501	451	
0	0	0	0	0	496	452	
1	0	0	0	0	492	456	
2	0	0	0	0	492	464	
3	0	0	0	0	492	474	
4	0	0	0	0	489	485	
5	0	0	0	0	490	495	
6	0	0	0	0	495	503	
7	0	0	0	0	499	508	
8	0	0	0	0	504	509	
9	0	0	0	0	507	510	
10	0	0	0	0	509	507	
11	0	0	0	0	512	504	
12	0	0	0	0	514	494	
13	0	0	0	0	515	481	
14	0	0	0	0	512	466	
15	0	0	0	0	505	454	
0	0	0	0	0	499	442	
1	0	0	0	0	498	431	
2	0	0	0	0	500	423	
3	0	0	0	0	503	423	
4	0	0	0	0	507	430	
5	0	0	0	0	511	438	
6	0	0	0	0	513	445	
7	0	0	0	0	516	451	
8	0	0	0	0	513	454	
9	0	0	0	0	511	453	
10	0	0	0	0	510	452	
11	0	0	0	0	503	456	
12	0	0	0	0	492	458	
13	0	0	0	0	480	461	
14	0	0	0	0	471	467	
15	0	0	0	0	469	476	
0	0	0	0	0	472	486	
1	0	0	0	0	479	492	
2	0	0	0	0	493	497	
3	0	0	0	0	508	497	
4	0	0	0	0	520	493	
5	0	0	0	0	527	481	
6	0	0	0	0	532	474	
7	0	0	0	0	533	467	
8	0	0	0	0	530	460	
9	0	0	0	0	524	454	
10	0	0	0	0	519	444	
11	0	0	0	0	517	437	
12	0	0	0	0	517	431	
13	0	0	0	0	513	424	
14	0	0	0	0	509	415	
15	0	0	0	0	506	404	
0	0	0	0	0	507	398	
1	0	0	0	0	510	399	
2	0	0	0	0	517	404	
3	0	0	0	0	519	408	
4	0	0	0	0	516	408	
5	0	0	0	0	517	402	
6	0	0	0	0	516	395	
7	0	0	0	0	520	389	
8	0	0	0	0	528	393	
9	0	0	0	0	539	397	
10	0	0	0	0	548	398	
11	0	0	0	0	555	406	
12	0	0	0	0	559	414	
13	0	0	0	0	565	422	
14	0	0	0	0	567	429	
15	0	0	0	0	568	434	
0	0	0	0	0	567	438	
1	0	0	0	0	568	438	
2	0	0	0	0	564	439	
3	0	0	0	0	563	440	
4	0	0	0	0	561	442	
5	0	0	0	0	558	442	
6	0	0	0	0	553	444	
7	0	0	0	0	546	443	
8	0	0	0	0	537	449	
9	0	0	0	0	529	451	
10	0	0	0	0	523	451	
11	0	0	0	0	517	449	
12	0	0	0	0	514	449	
13	0	0	0	0	511	448	
14	0	0	0	0	513	446	
15	0	0	0	0	522	441	
0	0	0	0	0	534	438	
1	0	0	0	0	545	436	
2	0	0	0	0	550	427	
3	0	0	0	0	549	422	
4	0	0	0	0	544	414	
5	0	0	0	0	540	414	
6	0	0	0	0	540	421	
7	0	0	0	0	544	432	
8	0	0	0	0	553	445	
9	0	0	0	0	562	454	
10	0	0	0	0	568	454	
11	0	0	0	0	572	453	
12	0	0	0	0	572	448	
13	0	0	0	0	563	443	
14	0	0	0	0	555	441	
15	0	0	0	0	545	435	
0	0	0	0	0	536	432	
1	0	0	0	0	530	426	
2	0	0	0	0	529	423	
3	0	0	0	0	527	426	
4	0	0	0	0	523	432	
5	0	0	0	0	527	438	
6	0	0	0	0	533	443	
7	0	0	0	0	542	443	
8	0	0	0	0	553	446	
9	0	0	0	0	560	445	
10	0	0	0	0	557	437	
11	0	0	0	0	547	425	
12	0	0	0	0	542	415	
13	0	0	0	0	540	403	
14	0	0	0	0	537	391	
15	0	0	0	0	533	380	
0	0	0	0	0	527	375	
1	0	0	0	0	523	371	
2	0	0	0	0	523	371	
3	0	0	0	0	522	376	
4	0	0	0	0	521	378	
5	0	0	0	0	520	382	
6	0	0	0	0	515	386	
7	0	0	0	0	513	390	
8	0	0	0	0	512	396	
9	0	0	0	0	514	404	
10	0	0	0	0	518	406	
11	0	0	0	0	524	414	
12	0	0	0	0	531	421	
13	0	0	0	0	536	427	
14	0	0	0	0	541	433	
15	0	0	0	0	547	438	
0	0	0	0	0	556	445	
1	0	0	0	0	561	445	
2	0	0	0	0	562	442	
3	0	0	0	0	562	439	
4	0	0	0	0	558	429	
5	0	0	0	0	548	426	
6	0	0	0	0	537	423	
7	0	0	0	0	525	420	
8	0	0	0	0	520	419	
9	0	0	0	0	519	419	
10	0	0	0	0	519	416	
11	0	0	0	0	521	414	
12	0	0	0	0	522	416	
13	0	0	0	0	520	416	
14	0	0	0	0	514	415	
15	0	0	0	0	509	412	
0	0	0	0	0	509	407	
1	0	0	0	0	510	402	
2	0	0	0	0	510	397	
3	0	0	0	0	504	387	
4	0	0	0	0	496	378	
5	0	0	0	0	495	371	
6	0	0	0	0	496	371	
7	0	0	0	0	496	381	
8	0	0	0	0	497	398	
9	0	0	0	0	496	415	
10	0	0	0	0	495	440	
11	0	0	0	0	496	462	
12	0	0	0	0	495	473	
13	0	0	0	0	493	477	
14	0	0	0	0	492	476	
15	0	0	0	0	487	472	
0	0	0	0	0	477	463	
1	0	0	0	0	467	448	
2	0	0	0	0	459	432	
3	0	0	0	0	452	417	
4	0	0	0	0	448	403	
5	0	0	0	0	447	395	
6	0	0	0	0	450	393	
7	0	0	0	0	453	390	
8	0	0	0	0	458	382	
9	0	0	0	0	467	370	
10	0	0	0	0	475	357	
11	0	0	0	0	482	344	
12	0	0	0	0	491	328	
13	0	0	0	0	497	329	
14	0	0	0	0	502	329	
15	0	0	0	0	505	337	
0	0	0	0	0	509	344	
1	0	0	0	0	513	351	
2	0	0	0	0	515	363	
3	0	0	0	0	512	372	
4	0	0	0	0	508	380	
5	0	0	0	0	505	389	
6	0	0	0	0	498	392	
7	0	0	0	0	492	392	
8	0	0	0	0	487	387	
9	0	0	0	0	484	381	
10	0	0	0	0	481	376	
11	0	0	0	0	479	371	
12	0	0	0	0	482	376	
13	0	0	0	0	489	385	
14	0	0	0	0	500	397	
15	0	0	0	0	508	401	
0	0	0	0	0	516	407	
1	0	0	0	0	524	408	
2	0	0	0	0	531	407	
3	0	0	0	0	537	404	
4	0	0	0	0	544	405	
5	0	0	0	0	550	407	
6	0	0	0	0	553	410	
7	0	0	0	0	554	408	
8	0	0	0	0	549	411	
9	0	0	0	0	543	403	
10	0	0	0	0	542	392	
11	0	0	0	0	542	379	
12	0	0	0	0	543	367	
13	0	0	0	0	547	367	
14	0	0	0	0	550	365	
15	0	0	0	0	552	364	
0	0	0	0	0	548	360	
1	0	0	0	0	544	351	
2	0	0	0	0	536	343	
3	0	0	0	0	525	331	
4	0	0	0	0	512	321	
5	0	0	0	0	498	310	
6	0	0	0	0	487	302	
7	0	0	0	0	480	299	
8	0	0	0	0	480	299	
9	0	0	0	0	484	307	
10	0	0	0	0	498	325	
11	0	0	0	0	510	345	
12	0	0	0	0	521	362	
13	0	0	0	0	533	371	
14	0	0	0	0	543	373	
15	0	0	0	0	552	379	
0	0	0	0	0	561	381	
1	0	0	0	0	569	388	
2	0	0	0	0	577	396	
3	0	0	0	0	579	402	
4	0	0	0	0	580	404	
5	0	0	0	0	576	404	
6	0	0	0	0	570	395	
7	0	0	0	0	563	390	
8	0	0	0	0	555	382	
9	0	0	0	0	547	367	
10	0	0	0	0	540	358	
11	0	0	0	0	530	347	
12	0	0	0	0	524	341	
13	0	0	0	0	518	333	
14	0	0	0	0	519	324	
15	0	0	0	0	521	324	
0	0	0	0	0	524	329	
1	0	0	0	0	528	343	
2	0	0	0	0	526	368	
3	0	0	0	0	516	386	
4	0	0	0	0	507	403	
5	0	0	0	0	497	427	
6	0	0	0	0	492	451	
7	0	0	0	0	488	470	
8	0	0	0	0	486	487	
9	0	0	0	0	486	500	
10	0	0	0	0	488	507	
11	0	0	0	0	492	511	
12	0	0	0	0	496	509	
13	0	0	0	0	500	500	
14	0	0	0	0	502	488	
15	0	0	0	0	504	472	
0	0	0	0	0	509	452	
1	0	0	0	0	510	423	
2	0	0	0	0	508	395	
3	0	0	0	0	507	370	
4	0	0	0	0	504	352	
5	0	0	0	0	505	343	
6	0	0	0	0	504	339	
7	0	0	0	0	501	343	
8	0	0	0	0	492	347	
9	0	0	0	0	485	352	
10	0	0	0	0	484	368	
11	0	0	0	0	484	385	
12	0	0	0	0	483	406	
13	0	0	0	0	482	423	
14	0	0	0	0	485	435	
15	0	0	0	0	494	443	
0	0	0	0	0	507	451	
1	0	0	0	0	517	458	
2	0	0	0	0	523	462	
3	0	0	0	0	523	461	
4	0	0	0	0	526	459	
5	0	0	0	0	530	460	
6	0	0	0	0	531	459	
7	0	0	0	0	530	460	
8	0	0	0	0	522	459	
9	0	0	0	0	511	455	
10	0	0	0	0	502	455	
11	0	0	0	0	491	459	
12	0	0	0	0	483	466	
13	0	0	0	0	477	467	
14	0	0	0	0	471	465	
15	0	0	0	0	465	467	
0	0	0	0	0	463	470	
1	0	0	0	0	462	472	
2	0	0	0	0	464	473	
3	0	0	0	0	467	471	
4	0	0	0	0	472	469	
5	0	0	0	0	475	468	
6	0	0	0	0	475	466	
7	0	0	0	0	473	462	
8	0	0	0	0	472	458	
9	0	0	0	0	472	455	
10	0	0	0	0	473	450	
11	0	0	0	0	478	446	
12	0	0	0	0	482	447	
13	0	0	0	0	486	448	
14	0	0	0	0	488	452	
15	0	0	0	0	494	460	
0	0	0	0	0	500	471	
1	0	0	0	0	504	481	
2	0	0	0	0	508	486	
3	0	0	0	0	509	487	
4	0	0	0	0	508	484	
5	0	0	0	0	502	476	
6	0	0	0	0	495	469	
7	0	0	0	0	488	464	
8	0	0	0	0	484	462	
9	0	0	0	0	481	467	
10	0	0	0	0	484	479	
11	0	0	0	0	482	492	
12	0	0	0	0	483	504	
13	0	0	0	0	487	512	
14	0	0	0	0	491	519	
15	0	0	0	0	499	525	
0	0	0	0	0	506	529	
1	0	0	0	0	512	531	
2	0	0	0	0	517	533	
3	0	0	0	0	519	528	
4	0	0	0	0	518	522	
5	0	0	0	0	512	515	
6	0	0	0	0	507	508	
7	0	0	0	0	505	502	
8	0	0	0	0	508	498	
9	0	0	0	0	512	495	
10	0	0	0	0	516	498	
11	0	0	0	0	523	505	
12	0	0	0	0	526	511	
13	0	0	0	0	524	518	
14	0	0	0	0	515	524	
15	0	0	0	0	510	528	
0	0	0	0	0	510	533	
1	0	0	0	0	512	540	
2	0	0	0	0	515	544	
3	0	0	0	0	519	550	
4	0	0	0	0	522	557	
5	0	0	0	0	524	566	
6	0	0	0	0	529	572	
7	0	0	0	0	531	569	
8	0	0	0	0	534	564	
9	0	0	0	0	534	558	
10	0	0	0	0	531	550	
11	0	0	0	0	524	543	
12	0	0	0	0	519	533	
13	0	0	0	0	515	523	
14	0	0	0	0	514	512	
15	0	0	0	0	512	505	
0	0	0	0	0	509	505	
1	0	0	0	0	507	513	
2	0	0	0	0	504	519	
3	0	0	0	0	505	524	
4	0	0	0	0	511	528	
5	0	0	0	0	515	529	
6	0	0	0	0	518	525	
7	0	0	0	0	521	519	
8	0	0	0	0	521	516	
9	0	0	0	0	527	519	
10	0	0	0	0	534	524	
11	0	0	0	0	542	526	
12	0	0	0	0	550	534	
13	0	0	0	0	559	540	
14	0	0	0	0	566	539	
15	0	0	0	0	569	535	
0	0	0	0	0	568	528	
1	0	0	0	0	566	522	
2	0	0	0	0	562	515	
3	0	0	0	0	562	514	
4	0	0	0	0	566	514	
5	0	0	0	0	568	516	
6	0	0	0	0	564	515	
7	0	0	0	0	561	513	
8	0	0	0	0	559	503	
9	0	0	0	0	556	491	
10	0	0	0	0	555	482	
11	0	0	0	0	555	475	
12	0	0	0	0	557	476	
13	0	0	0	0	564	484	
14	0	0	0	0	574	496	
15	0	0	0	0	583	509	
0	0	0	0	0	588	521	
1	0	0	0	0	589	526	
2	0	0	0	0	589	527	
3	0	0	0	0	591	526	
4	0	0	0	0	592	526	
5	0	0	0	0	593	527	
6	0	0	0	0	593	524	
7	0	0	0	0	588	519	
8	0	0	0	0	580	517	
9	0	0	0	0	572	518	
10	0	0	0	0	564	521	
11	0	0	0	0	558	524	
12	0	0	0	0	559	528	
13	0	0	0	0	557	530	
14	0	0	0	0	559	530	
15	0	0	0	0	562	525	
0	0	0	0	0	563	515	
1	0	0	0	0	568	508	
2	0	0	0	0	567	503	
3	0	0	0	0	562	496	
4	0	0	0	0	560	493	
5	0	0	0	0	559	488	
6	0	0	0	0	561	487	
7	0	0	0	0	563	489	
8	0	0	0	0	571	495	
9	0	0	0	0	585	507	
10	0	0	0	0	599	524	
11	0	0	0	0	607	540	
12	0	0	0	0	608	553	
13	0	0	0	0	608	563	
14	0	0	0	0	608	573	
15	0	0	0	0	608	577	
0	0	0	0	0	604	574	
1	0	0	0	0	593	565	
2	0	0	0	0	577	552	
3	0	0	0	0	552	537	
4	0	0	0	0	524	518	
5	0	0	0	0	503	505	
6	0	0	0	0	489	501	
7	0	0	0	0	487	510	
8	0	0	0	0	489	522	
9	0	0	0	0	492	530	
10	0	0	0	0	495	537	
11	0	0	0	0	503	543	
12	0	0	0	0	509	549	
13	0	0	0	0	514	555	
14	0	0	0	0	524	561	
15	0	0	0	0	535	568	
0	0	0	0	0	546	579	
1	0	0	0	0	556	589	
2	0	0	0	0	563	598	
3	0	0	0	0	567	605	
4	0	0	0	0	571	608	
5	0	0	0	0	569	607	
6	0	0	0	0	565	606	
7	0	0	0	0	560	603	
8	0	0	0	0	556	596	
9	0	0	0	0	552	583	
10	0	0	0	0	545	572	
11	0	0	0	0	538	563	
12	0	0	0	0	534	551	
13	0	0	0	0	527	536	
14	0	0	0	0	514	524	
15	0	0	0	0	503	513	
0	0	0	0	0	489	507	
1	0	0	0	0	480	507	
2	0	0	0	0	475	513	
3	0	0	0	0	471	525	
4	0	0	0	0	474	538	
5	0	0	0	0	481	549	
6	0	0	0	0	492	555	
7	0	0	0	0	508	555	
8	0	0	0	0	525	551	
9	0	0	0	0	542	546	
10	0	0	0	0	555	539	
11	0	0	0	0	560	533	
12	0	0	0	0	566	529	
13	0	0	0	0	568	528	
14	0	0	0	0	564	528	
15	0	0	0	0	558	528	
0	0	0	0	0	549	527	
1	0	0	0	0	539	527	
2	0	0	0	0	525	525	
3	0	0	0	0	508	520	
4	0	0	0	0	496	516	
5	0	0	0	0	483	514	
6	0	0	0	0	470	511	
7	0	0	0	0	463	508	
8	0	0	0	0	458	500	
9	0	0	0	0	453	492	
10	0	0	0	0	450	491	
11	0	0	0	0	448	490	
12	0	0	0	0	452	491	
13	0	0	0	0	459	496	
14	0	0	0	0	470	502	
15	0	0	0	0	481	506	
0	0	0	0	0	493	507	
1	0	0	0	0	502	504	
2	0	0	0	0	510	501	
3	0	0	0	0	515	495	
4	0	0	0	0	515	482	
5	0	0	0	0	514	467	
6	0	0	0	0	514	461	
7	0	0	0	0	519	462	
8	0	0	0	0	523	464	
9	0	0	0	0	525	473	
10	0	0	0	0	527	482	
11	0	0	0	0	534	493	
12	0	0	0	0	535	502	
13	0	0	0	0	532	514	
14	0	0	0	0	526	525	
15	0	0	0	0	518	532	
0	0	0	0	0	509	538	
1	0	0	0	0	499	540	
2	0	0	0	0	492	535	
3	0	0	0	0	491	526	
4	0	0	0	0	489	521	
5	0	0	0	0	488	518	
6	0	0	0	0	492	516	
7	0	0	0	0	494	511	
8	0	0	0	0	497	508	
9	0	0	0	0	499	510	
10	0	0	0	0	499	514	
11	0	0	0	0	502	518	
12	0	0	0	0	509	515	
13	0	0	0	0	519	506	
14	0	0	0	0	528	498	
15	0	0	0	0	532	494	
0	0	0	0	0	534	495	
1	0	0	0	0	534	504	
2	0	0	0	0	531	520	
3	0	0	0	0	533	536	
4	0	0	0	0	536	552	
5	0	0	0	0	539	563	
6	0	0	0	0	538	568	
7	0	0	0	0	531	566	
8	0	0	0	0	519	556	
9	0	0	0	0	504	541	
10	0	0	0	0	488	524	
11	0	0	0	0	480	510	
12	0	0	0	0	473	503	
13	0	0	0	0	468	499	
14	0	0	0	0	464	501	
15	0	0	0	0	462	507	
0	0	0	0	0	464	513	
1	0	0	0	0	466	517	
2	0	0	0	0	469	518	
3	0	0	0	0	472	520	
4	0	0	0	0	477	523	
5	0	0	0	0	487	527	
6	0	0	0	0	493	526	
7	0	0	0	0	497	525	
8	0	0	0	0	504	521	
9	0	0	0	0	515	521	
10	0	0	0	0	527	521	
11	0	0	0	0	535	523	
12	0	0	0	0	542	524	
13	0	0	0	0	545	525	
14	0	0	0	0	549	527	
15	0	0	0	0	551	528	
0	0	0	0	0	545	532	
1	0	0	0	0	538	542	
2	0	0	0	0	531	553	
3	0	0	0	0	524	564	
4	0	0	0	0	524	576	
5	0	0	0	0	527	584	
6	0	0	0	0	530	588	
7	0	0	0	0	534	588	
8	0	0	0	0	534	591	
9	0	0	0	0	532	587	
10	0	0	0	0	531	580	
11	0	0	0	0	531	572	
12	0	0	0	0	531	564	
13	0	0	0	0	531	563	
14	0	0	0	0	534	561	
15	0	0	0	0	535	562	
0	0	0	0	0	536	558	
1	0	0	0	0	537	554	
2	0	0	0	0	537	547	
3	0	0	0	0	539	542	
4	0	0	0	0	550	537	
5	0	0	0	0	562	540	
6	0	0	0	0	569	547	
7	0	0	0	0	572	559	
8	0	0	0	0	574	574	
9	0	0	0	0	577	588	
10	0	0	0	0	576	596	
11	0	0	0	0	573	604	
12	0	0	0	0	566	609	
13	0	0	0	0	556	615	
14	0	0	0	0	545	619	
15	0	0	0	0	531	621	
0	0	0	0	0	512	622	
1	0	0	0	0	492	621	
2	0	0	0	0	474	618	
3	0	0	0	0	460	612	
4	0	0	0	0	451	609	
5	0	0	0	0	446	607	
6	0	0	0	0	443	599	
7	0	0	0	0	445	591	
8	0	0	0	0	448	582	
9	0	0	0	0	449	571	
10	0	0	0	0	448	557	
11	0	0	0	0	445	540	
12	0	0	0	0	443	523	
13	0	0	0	0	444	514	
14	0	0	0	0	452	512	
15	0	0	0	0	466	518	
0	0	0	0	0	478	528	
1	0	0	0	0	479	535	
2	0	0	0	0	478	535	
3	0	0	0	0	480	531	
4	0	0	0	0	486	525	
5	0	0	0	0	492	526	
6	0	0	0	0	497	530	
7	0	0	0	0	501	531	
8	0	0	0	0	499	531	
9	0	0	0	0	500	527	
10	0	0	0	0	496	529	
11	0	0	0	0	490	534	
12	0	0	0	0	481	542	
13	0	0	0	0	472	551	
14	0	0	0	0	463	562	
15	0	0	0	0	455	567	
0	0	0	0	0	451	570	
1	0	0	0	0	451	567	
2	0	0	0	0	457	567	
3	0	0	0	0	467	565	
4	0	0	0	0	479	563	
5	0	0	0	0	493	563	
6	0	0	0	0	509	563	
7	0	0	0	0	521	557	
8	0	0	0	0	534	549	
9	0	0	0	0	543	536	
10	0	0	0	0	551	524	
11	0	0	0	0	547	513	
12	0	0	0	0	540	505	
13	0	0	0	0	527	506	
14	0	0	0	0	517	505	
15	0	0	0	0	511	506	
0	0	0	0	0	502	504	
1	0	0	0	0	495	505	
2	0	0	0	0	487	514	
3	0	0	0	0	484	527	
4	0	0	0	0	486	537	
5	0	0	0	0	490	541	
6	0	0	0	0	496	541	
7	0	0	0	0	502	541	
8	0	0	0	0	509	542	
9	0	0	0	0	515	545	
10	0	0	0	0	519	546	
11	0	0	0	0	523	546	
12	0	0	0	0	525	542	
13	0	0	0	0	526	536	
14	0	0	0	0	526	527	
15	0	0	0	0	524	517	
0	0	0	0	0	519	511	
1	0	0	0	0	512	509	
2	0	0	0	0	503	511	
3	0	0	0	0	494	512	
4	0	0	0	0	486	510	
5	0	0	0	0	482	508	
6	0	0	0	0	480	506	
7	0	0	0	0	479	506	
8	0	0	0	0	481	510	
9	0	0	0	0	482	514	
10	0	0	0	0	484	515	
11	0	0	0	0	488	516	
12	0	0	0	0	493	519	
13	0	0	0	0	498	523	
14	0	0	0	0	502	526	
15	0	0	0	0	504	524	
0	0	0	0	0	505	523	
1	0	0	0	0	508	522	
2	0	0	0	0	513	519	
3	0	0	0	0	519	518	
4	0	0	0	0	522	516	
5	0	0	0	0	524	515	
6	0	0	0	0	523	514	
7	0	0	0	0	519	514	
8	0	0	0	0	512	512	
9	0	0	0	0	502	508	
10	0	0	0	0	496	505	
11	0	0	0	0	493	502	
12	0	0	0	0	494	495	
13	0	0	0	0	495	490	
14	0	0	0	0	496	486	
15	0	0	0	0	498	481	
0	0	0	0	0	503	474	
1	0	0	0	0	511	472	
2	0	0	0	0	518	476	
3	0	0	0	0	524	481	
4	0	0	0	0	531	490	
5	0	0	0	0	534	499	
6	0	0	0	0	531	506	
7	0	0	0	0	527	513	
8	0	0	0	0	519	516	
9	0	0	0	0	509	517	
10	0	0	0	0	499	518	
11	0	0	0	0	490	516	
12	0	0	0	0	476	513	
13	0	0	0	0	455	509	
14	0	0	0	0	436	511	
15	0	0	0	0	421	517	
0	0	0	0	0	418	533	
1	0	0	0	0	417	545	
2	0	0	0	0	419	559	
3	0	0	0	0	429	569	
4	0	0	0	0	440	574	
5	0	0	0	0	454	576	
6	0	0	0	0	468	581	
7	0	0	0	0	485	586	
8	0	0	0	0	502	588	
9	0	0	0	0	517	585	
10	0	0	0	0	529	572	
11	0	0	0	0	539	554	
12	0	0	0	0	543	536	
13	0	0	0	0	544	518	
14	0	0	0	0	542	501	
15	0	0	0	0	541	491	
0	0	0	0	0	538	484	
1	0	0	0	0	536	483	
2	0	0	0	0	533	484	
3	0	0	0	0	525	481	
4	0	0	0	0	516	481	
5	0	0	0	0	511	480	
6	0	0	0	0	511	479	
7	0	0	0	0	509	483	
8	0	0	0	0	504	486	
9	0	0	0	0	503	483	
10	0	0	0	0	500	479	
11	0	0	0	0	498	471	
12	0	0	0	0	495	466	
13	0	0	0	0	489	465	
14	0	0	0	0	486	466	
15	0	0	0	0	482	468	
0	0	0	0	0	480	476	
1	0	0	0	0	476	475	
2	0	0	0	0	474	468	
3	0	0	0	0	477	462	
4	0	0	0	0	487	462	
5	0	0	0	0	498	467	
6	0	0	0	0	509	475	
7	0	0	0	0	514	481	
8	0	0	0	0	514	486	
9	0	0	0	0	511	481	
10	0	0	0	0	504	473	
11	0	0	0	0	499	470	
12	0	0	0	0	496	471	
13	0	0	0	0	496	476	
14	0	0	0	0	499	477	
15	0	0	0	0	500	477	
0	0	0	0	0	505	482	
1	0	0	0	0	512	492	
2	0	0	0	0	514	502	
3	0	0	0	0	510	506	
4	0	0	0	0	504	505	
5	0	0	0	0	495	506	
6	0	0	0	0	481	510	
7	0	0	0	0	465	515	
8	0	0	0	0	446	526	
9	0	0	0	0	426	536	
10	0	0	0	0	407	547	
11	0	0	0	0	391	555	
12	0	0	0	0	380	559	
13	0	0	0	0	382	564	
14	0	0	0	0	387	569	
15	0	0	0	0	398	577	
0	0	0	0	0	410	587	
1	0	0	0	0	428	605	
2	0	0	0	0	452	619	
3	0	0	0	0	473	628	
4	0	0	0	0	493	633	
5	0	0	0	0	510	632	
6	0	0	0	0	523	625	
7	0	0	0	0	532	610	
8	0	0	0	0	540	595	
9	0	0	0	0	546	584	
10	0	0	0	0	543	575	
11	0	0	0	0	538	571	
12	0	0	0	0	531	569	
13	0	0	0	0	525	568	
14	0	0	0	0	519	569	
15	0	0	0	0	514	569	
0	0	0	0	0	507	564	
1	0	0	0	0	501	558	
2	0	0	0	0	496	548	
3	0	0	0	0	488	535	
4	0	0	0	0	480	526	
5	0	0	0	0	475	519	
6	0	0	0	0	470	513	
7	0	0	0	0	466	511	
8	0	0	0	0	467	512	
9	0	0	0	0	471	515	
10	0	0	0	0	480	521	
11	0	0	0	0	493	528	
12	0	0	0	0	504	534	
13	0	0	0	0	513	535	
14	0	0	0	0	522	532	
15	0	0	0	0	530	533	
0	0	0	0	0	536	534	
1	0	0	0	0	543	536	
2	0	0	0	0	552	538	
3	0	0	0	0	559	543	
4	0	0	0	0	565	551	
5	0	0	0	0	567	556	
6	0	0	0	0	560	554	
7	0	0	0	0	547	543	
8	0	0	0	0	531	525	
9	0	0	0	0	518	515	
10	0	0	0	0	510	509	
11	0	0	0	0	504	511	
12	0	0	0	0	499	516	
13	0	0	0	0	489	528	
14	0	0	0	0	479	546	
15	0	0	0	0	470	567	
0	0	0	0	0	468	586	
1	0	0	0	0	476	604	
2	0	0	0	0	489	616	
3	0	0	0	0	503	625	
4	0	0	0	0	516	623	
5	0	0	0	0	528	614	
6	0	0	0	0	540	600	
7	0	0	0	0	547	585	
8	0	0	0	0	547	568	
9	0	0	0	0	547	552	
10	0	0	0	0	545	538	
11	0	0	0	0	542	530	
12	0	0	0	0	542	526	
13	0	0	0	0	542	519	
14	0	0	0	0	540	512	
15	0	0	0	0	534	507	
0	0	0	0	0	527	502	
1	0	0	0	0	520	494	
2	0	0	0	0	519	491	
3	0	0	0	0	524	491	
4	0	0	0	0	537	502	
5	0	0	0	0	552	513	
6	0	0	0	0	557	521	
7	0	0	0	0	556	526	
8	0	0	0	0	550	526	
9	0	0	0	0	543	527	
10	0	0	0	0	538	527	
11	0	0	0	0	535	527	
12	0	0	0	0	534	528	
13	0	0	0	0	535	527	
14	0	0	0	0	535	525	
15	0	0	0	0	536	524	
0	0	0	0	0	535	526	
1	0	0	0	0	536	527	
2	0	0	0	0	539	526	
3	0	0	0	0	542	524	
4	0	0	0	0	540	521	
5	0	0	0	0	534	515	
6	0	0	0	0	532	511	
7	0	0	0	0	532	507	
8	0	0	0	0	532	504	
9	0	0	0	0	536	504	
10	0	0	0	0	541	507	
11	0	0	0	0	544	514	
12	0	0	0	0	549	516	
13	0	0	0	0	551	513	
14	0	0	0	0	551	508	
15	0	0	0	0	547	504	
0	0	0	0	0	544	505	
1	0	0	0	0	540	511	
2	0	0	0	0	536	518	
3	0	0	0	0	532	524	
4	0	0	0	0	532	530	
5	0	0	0	0	533	537	
6	0	0	0	0	538	548	
7	0	0	0	0	543	557	
8	0	0	0	0	547	565	
9	0	0	0	0	552	570	
10	0	0	0	0	553	571	
11	0	0	0	0	555	569	
12	0	0	0	0	553	562	
13	0	0	0	0	547	549	
14	0	0	0	0	538	527	
15	0	0	0	0	529	507	
0	0	0	0	0	518	488	
1	0	0	0	0	510	468	
2	0	0	0	0	500	450	
3	0	0	0	0	493	438	
4	0	0	0	0	491	433	
5	0	0	0	0	497	438	
6	0	0	0	0	506	448	
7	0	0	0	0	514	458	
8	0	0	0	0	523	465	
9	0	0	0	0	534	473	
10	0	0	0	0	544	480	
11	0	0	0	0	553	495	
12	0	0	0	0	555	514	
13	0	0	0	0	553	532	
14	0	0	0	0	549	548	
15	0	0	0	0	548	558	
0	0	0	0	0	551	564	
1	0	0	0	0	554	569	
2	0	0	0	0	550	572	
3	0	0	0	0	542	574	
4	0	0	0	0	536	573	
5	0	0	0	0	529	575	
6	0	0	0	0	524	579	
7	0	0	0	0	517	582	
8	0	0	0	0	508	580	
9	0	0	0	0	501	574	
10	0	0	0	0	500	562	
11	0	0	0	0	507	547	
12	0	0	0	0	515	535	
13	0	0	0	0	528	524	
14	0	0	0	0	536	511	
15	0	0	0	0	539	502	
0	0	0	0	0	540	500	
1	0	0	0	0	541	503	
2	0	0	0	0	539	516	
3	0	0	0	0	534	526	
4	0	0	0	0	527	536	
5	0	0	0	0	517	542	
6	0	0	0	0	510	549	
7	0	0	0	0	504	556	
8	0	0	0	0	503	557	
9	0	0	0	0	504	557	
10	0	0	0	0	511	555	
11	0	0	0	0	518	548	
12	0	0	0	0	527	543	
13	0	0	0	0	535	537	
14	0	0	0	0	536	532	
15	0	0	0	0	534	528	
0	0	0	0	0	527	519	
1	0	0	0	0	520	512	
2	0	0	0	0	515	503	
3	0	0	0	0	512	492	
4	0	0	0	0	511	483	
5	0	0	0	0	505	472	
6	0	0	0	0	493	460	
7	0	0	0	0	482	450	
8	0	0	0	0	478	447	
9	0	0	0	0	482	452	
10	0	0	0	0	487	468	
11	0	0	0	0	492	495	
12	0	0	0	0	496	522	
13	0	0	0	0	501	544	
14	0	0	0	0	507	559	
15	0	0	0	0	511	572	
0	0	0	0	0	515	583	
1	0	0	0	0	515	591	
2	0	0	0	0	512	595	
3	0	0	0	0	508	588	
4	0	0	0	0	504	579	
5	0	0	0	0	497	564	
6	0	0	0	0	488	548	
7	0	0	0	0	483	532	
8	0	0	0	0	480	521	
9	0	0	0	0	481	514	
10	0	0	0	0	486	510	
11	0	0	0	0	492	508	
12	0	0	0	0	499	504	
13	0	0	0	0	504	497	
14	0	0	0	0	501	488	
15	0	0	0	0	496	478	
0	0	0	0	0	492	468	
1	0	0	0	0	497	466	
2	0	0	0	0	505	467	
3	0	0	0	0	511	464	
4	0	0	0	0	515	464	
5	0	0	0	0	523	468	
6	0	0	0	0	531	480	
7	0	0	0	0	539	494	
8	0	0	0	0	543	503	
9	0	0	0	0	547	509	
10	0	0	0	0	551	513	
11	0	0	0	0	551	519	
12	0	0	0	0	548	522	
13	0	0	0	0	545	526	
14	0	0	0	0	543	528	
15	0	0	0	0	538	525	
0	0	0	0	0	524	520	
1	0	0	0	0	509	513	
2	0	0	0	0	490	511	
3	0	0	0	0	472	509	
4	0	0	0	0	451	505	
5	0	0	0	0	432	502	
6	0	0	0	0	422	500	
7	0	0	0	0	420	506	
8	0	0	0	0	423	510	
9	0	0	0	0	429	514	
10	0	0	0	0	440	518	
11	0	0	0	0	454	518	
12	0	0	0	0	469	515	
13	0	0	0	0	480	513	
14	0	0	0	0	487	508	
15	0	0	0	0	494	504	
0	0	0	0	0	496	500	
1	0	0	0	0	499	496	
2	0	0	0	0	502	494	
3	0	0	0	0	507	493	
4	0	0	0	0	512	497	
5	0	0	0	0	513	496	
6	0	0	0	0	513	498	
7	0	0	0	0	511	499	
8	0	0	0	0	503	506	
9	0	0	0	0	492	513	
10	0	0	0	0	482	517	
11	0	0	0	0	472	523	
12	0	0	0	0	460	526	
13	0	0	0	0	451	529	
14	0	0	0	0	447	532	
15	0	0	0	0	447	534	
0	0	0	0	0	446	530	
1	0	0	0	0	445	531	
2	0	0	0	0	444	533	
3	0	0	0	0	445	535	
4	0	0	0	0	445	536	
5	0	0	0	0	446	540	
6	0	0	0	0	447	547	
7	0	0	0	0	449	552	
8	0	0	0	0	450	551	
9	0	0	0	0	454	547	
10	0	0	0	0	462	543	
11	0	0	0	0	475	535	
12	0	0	0	0	487	524	
13	0	0	0	0	495	516	
14	0	0	0	0	499	511	
15	0	0	0	0	499	509	
0	0	0	0	0	495	509	
1	0	0	0	0	491	516	
2	0	0	0	0	494	528	
3	0	0	0	0	499	543	
4	0	0	0	0	507	558	
5	0	0	0	0	518	571	
6	0	0	0	0	529	581	
7	0	0	0	0	535	587	
8	0	0	0	0	535	590	
9	0	0	0	0	532	590	
10	0	0	0	0	526	587	
11	0	0	0	0	516	577	
12	0	0	0	0	509	565	
13	0	0	0	0	504	551	
14	0	0	0	0	500	538	
15	0	0	0	0	498	530	
0	0	0	0	0	496	523	
1	0	0	0	0	491	520	
2	0	0	0	0	485	518	
3	0	0	0	0	483	518	
4	0	0	0	0	479	524	
5	0	0	0	0	472	531	
6	0	0	0	0	470	536	
7	0	0	0	0	471	541	
8	0	0	0	0	472	543	
9	0	0	0	0	472	542	
10	0	0	0	0	475	540	
11	0	0	0	0	478	537	
12	0	0	0	0	480	534	
13	0	0	0	0	486	529	
14	0	0	0	0	492	525	
15	0	0	0	0	496	520	
0	0	0	0	0	501	519	
1	0	0	0	0	508	516	
2	0	0	0	0	517	512	
3	0	0	0	0	528	510	
4	0	0	0	0	534	512	
5	0	0	0	0	537	518	
6	0	0	0	0	535	521	
7	0	0	0	0	528	522	
8	0	0	0	0	523	526	
9	0	0	0	0	516	528	
10	0	0	0	0	508	529	
11	0	0	0	0	499	527	
12	0	0	0	0	488	526	
13	0	0	0	0	483	526	
14	0	0	0	0	482	522	
15	0	0	0	0	481	515	
0	0	0	0	0	478	513	
1	0	0	0	0	473	511	
2	0	0	0	0	468	509	
3	0	0	0	0	469	505	
4	0	0	0	0	472	503	
5	0	0	0	0	476	501	
6	0	0	0	0	477	496	
7	0	0	0	0	480	493	
8	0	0	0	0	485	498	
9	0	0	0	0	490	504	
10	0	0	0	0	496	510	
11	0	0	0	0	502	511	
12	0	0	0	0	507	507	
13	0	0	0	0	510	504	
14	0	0	0	0	510	502	
15	0	0	0	0	514	503	
0	0	0	0	0	518	506	
1	0	0	0	0	526	512	
2	0	0	0	0	533	518	
3	0	0	0	0	540	521	
4	0	0	0	0	551	524	
5	0	0	0	0	558	528	
6	0	0	0	0	560	537	
7	0	0	0	0	561	542	
8	0	0	0	0	562	545	
9	0	0	0	0	566	549	
10	0	0	0	0	568	553	
11	0	0	0	0	568	562	
12	0	0	0	0	565	567	
13	0	0	0	0	557	569	
14	0	0	0	0	545	568	
15	0	0	0	0	528	561	
0	0	0	0	0	510	551	
1	0	0	0	0	494	545	
2	0	0	0	0	481	541	
3	0	0	0	0	472	537	
4	0	0	0	0	469	529	
5	0	0	0	0	475	524	
6	0	0	0	0	484	517	
7	0	0	0	0	494	515	
8	0	0	0	0	500	512	
9	0	0	0	0	506	512	
10	0	0	0	0	511	516	
11	0	0	0	0	515	522	
12	0	0	0	0	521	526	
13	0	0	0	0	525	526	
14	0	0	0	0	527	525	
15	0	0	0	0	529	524	
0	0	0	0	0	528	521	
1	0	0	0	0	524	518	
2	0	0	0	0	518	516	
3	0	0	0	0	514	518	
4	0	0	0	0	514	522	
5	0	0	0	0	515	526	
6	0	0	0	0	517	528	
7	0	0	0	0	518	528	
8	0	0	0	0	519	528	
9	0	0	0	0	516	528	
10	0	0	0	0	512	531	
11	0	0	0	0	501	528	
12	0	0	0	0	492	524	
13	0	0	0	0	491	518	
14	0	0	0	0	492	513	
15	0	0	0	0	497	510	
0	0	0	0	0	504	507	
1	0	0	0	0	509	507	
2	0	0	0	0	511	505	
3	0	0	0	0	515	504	
4	0	0	0	0	519	507	
5	0	0	0	0	523	510	
6	0	0	0	0	527	517	
7	0	0	0	0	527	523	
8	0	0	0	0	525	523	
9	0	0	0	0	517	515	
10	0	0	0	0	511	508	
11	0	0	0	0	508	503	
12	0	0	0	0	505	503	
13	0	0	0	0	504	507	
14	0	0	0	0	504	510	
15	0	0	0	0	510	512	
0	0	0	0	0	518	506	
1	0	0	0	0	523	491	
2	0	0	0	0	524	473	
3	0	0	0	0	519	460	
4	0	0	0	0	513	458	
5	0	0	0	0	510	465	
6	0	0	0	0	508	480	
7	0	0	0	0	503	498	
8	0	0	0	0	497	515	
9	0	0	0	0	489	527	
10	0	0	0	0	482	533	
11	0	0	0	0	481	538	
12	0	0	0	0	488	545	
13	0	0	0	0	496	556	
14	0	0	0	0	504	564	
15	0	0	0	0	515	569	
0	0	0	0	0	523	568	
1	0	0	0	0	527	561	
2	0	0	0	0	531	553	
3	0	0	0	0	531	548	
4	0	0	0	0	531	542	
5	0	0	0	0	532	536	
6	0	0	0	0	528	532	
7	0	0	0	0	522	527	
8	0	0	0	0	519	520	
9	0	0	0	0	519	516	
10	0	0	0	0	521	512	
11	0	0	0	0	524	505	
12	0	0	0	0	524	498	
13	0	0	0	0	527	492	
14	0	0	0	0	532	489	
15	0	0	0	0	536	486	
0	0	0	0	0	535	487	
1	0	0	0	0	534	489	
2	0	0	0	0	532	488	
3	0	0	0	0	533	489	
4	0	0	0	0	532	489	
5	0	0	0	0	530	487	
6	0	0	0	0	524	486	
7	0	0	0	0	518	486	
8	0	0	0	0	511	491	
9	0	0	0	0	510	502	
10	0	0	0	0	514	512	
11	0	0	0	0	521	524	
12	0	0	0	0	527	535	
13	0	0	0	0	528	542	
14	0	0	0	0	530	547	
15	0	0	0	0	540	550	
0	0	0	0	0	546	551	
1	0	0	0	0	552	552	
2	0	0	0	0	557	548	
3	0	0	0	0	562	540	
4	0	0	0	0	565	529	
5	0	0	0	0	567	516	
6	0	0	0	0	567	505	
7	0	0	0	0	568	499	
8	0	0	0	0	566	493	
9	0	0	0	0	566	487	
10	0	0	0	0	563	484	
11	0	0	0	0	562	481	
12	0	0	0	0	562	479	
13	0	0	0	0	562	483	
14	0	0	0	0	563	491	
15	0	0	0	0	561	502	
0	0	0	0	0	557	512	
1	0	0	0	0	551	519	
2	0	0	0	0	545	526	
3	0	0	0	0	540	529	
4	0	0	0	0	536	525	
5	0	0	0	0	531	516	
6	0	0	0	0	527	506	
7	0	0	0	0	520	498	
8	0	0	0	0	514	490	
9	0	0	0	0	513	486	
10	0	0	0	0	519	487	
11	0	0	0	0	529	491	
12	0	0	0	0	541	500	
13	0	0	0	0	550	510	
14	0	0	0	0	551	517	
15	0	0	0	0	550	517	
0	0	0	0	0	547	511	
1	0	0	0	0	543	501	
2	0	0	0	0	539	490	
3	0	0	0	0	538	481	
4	0	0	0	0	544	475	
5	0	0	0	0	553	472	
6	0	0	0	0	563	477	
7	0	0	0	0	572	480	
8	0	0	0	0	577	481	
9	0	0	0	0	574	481	
10	0	0	0	0	567	483	
11	0	0	0	0	557	487	
12	0	0	0	0	545	493	
13	0	0	0	0	535	494	
14	0	0	0	0	531	496	
15	0	0	0	0	527	501	
0	0	0	0	0	525	510	
1	0	0	0	0	523	518	
2	0	0	0	0	522	520	
3	0	0	0	0	520	518	
4	0	0	0	0	520	518	
5	0	0	0	0	519	524	
6	0	0	0	0	518	536	
7	0	0	0	0	518	544	
8	0	0	0	0	521	547	
9	0	0	0	0	526	542	
10	0	0	0	0	532	535	
11	0	0	0	0	540	526	
12	0	0	0	0	543	519	
13	0	0	0	0	548	513	
14	0	0	0	0	555	508	
15	0	0	0	0	565	499	
0	0	0	0	0	569	496	
1	0	0	0	0	572	493	
2	0	0	0	0	572	486	
3	0	0	0	0	568	480	
4	0	0	0	0	566	476	
5	0	0	0	0	566	480	
6	0	0	0	0	571	488	
7	0	0	0	0	577	498	
8	0	0	0	0	576	510	
9	0	0	0	0	571	519	
10	0	0	0	0	564	527	
11	0	0	0	0	555	529	
12	0	0	0	0	545	528	
13	0	0	0	0	534	528	
14	0	0	0	0	519	525	
15	0	0	0	0	506	526	
0	0	0	0	0	495	523	
1	0	0	0	0	484	520	
2	0	0	0	0	476	520	
3	0	0	0	0	472	515	
4	0	0	0	0	465	503	
5	0	0	0	0	460	483	
6	0	0	0	0	457	467	
7	0	0	0	0	460	455	
8	0	0	0	0	470	445	
9	0	0	0	0	479	440	
10	0	0	0	0	485	439	
11	0	0	0	0	483	440	
12	0	0	0	0	478	442	
13	0	0	0	0	472	451	
14	0	0	0	0	465	462	
15	0	0	0	0	463	467	
0	0	0	0	0	461	471	
1	0	0	0	0	463	478	
2	0	0	0	0	467	483	
3	0	0	0	0	473	489	
4	0	0	0	0	478	494	
5	0	0	0	0	478	492	
6	0	0	0	0	475	486	
7	0	0	0	0	469	472	
8	0	0	0	0	463	456	
9	0	0	0	0	457	441	
10	0	0	0	0	451	430	
11	0	0	0	0	450	423	
12	0	0	0	0	453	423	
13	0	0	0	0	453	426	
14	0	0	0	0	451	425	
15	0	0	0	0	453	431	
0	0	0	0	0	455	437	
1	0	0	0	0	457	442	
2	0	0	0	0	459	451	
3	0	0	0	0	457	457	
4	0	0	0	0	454	461	
5	0	0	0	0	455	463	
6	0	0	0	0	462	464	
7	0	0	0	0	473	467	
8	0	0	0	0	487	470	
9	0	0	0	0	500	474	
10	0	0	0	0	515	483	
11	0	0	0	0	529	499	
12	0	0	0	0	545	520	
13	0	0	0	0	557	543	
14	0	0	0	0	564	563	
15	0	0	0	0	569	577	
0	0	0	0	0	570	587	
1	0	0	0	0	564	588	
2	0	0	0	0	558	578	
3	0	0	0	0	553	563	
4	0	0	0	0	551	548	
5	0	0	0	0	553	532	
6	0	0	0	0	555	514	
7	0	0	0	0	548	492	
8	0	0	0	0	540	470	
9	0	0	0	0	534	453	
10	0	0	0	0	532	438	
11	0	0	0	0	532	422	
12	0	0	0	0	535	407	
13	0	0	0	0	536	396	
14	0	0	0	0	529	388	
15	0	0	0	0	519	380	
0	0	0	0	0	506	370	
1	0	0	0	0	495	369	
2	0	0	0	0	488	374	
3	0	0	0	0	497	399	
4	0	0	0	0	514	429	
5	0	0	0	0	539	459	
6	0	0	0	0	567	481	
7	0	0	0	0	589	498	
8	0	0	0	0	603	513	
9	0	0	0	0	610	526	
10	0	0	0	0	612	532	
11	0	0	0	0	608	531	
12	0	0	0	0	597	525	
13	0	0	0	0	583	512	
14	0	0	0	0	569	503	
15	0	0	0	0	553	493	
0	0	0	0	0	538	478	
1	0	0	0	0	529	463	
2	0	0	0	0	523	451	
3	0	0	0	0	515	440	
4	0	0	0	0	510	430	
5	0	0	0	0	507	421	
6	0	0	0	0	508	412	
7	0	0	0	0	515	410	
8	0	0	0	0	519	413	
9	0	0	0	0	526	418	
10	0	0	0	0	531	422	
11	0	0	0	0	537	432	
12	0	0	0	0	545	442	
13	0	0	0	0	551	451	
14	0	0	0	0	551	462	
15	0	0	0	0	549	469	
0	0	0	0	0	542	477	
1	0	0	0	0	535	483	
2	0	0	0	0	529	485	
3	0	0	0	0	525	485	
4	0	0	0	0	519	485	
5	0	0	0	0	517	483	
6	0	0	0	0	511	482	
7	0	0	0	0	510	480	
8	0	0	0	0	508	480	
9	0	0	0	0	504	478	
10	0	0	0	0	499	474	
11	0	0	0	0	499	467	
12	0	0	0	0	505	462	
13	0	0	0	0	511	462	
14	0	0	0	0	518	465	
15	0	0	0	0	524	468	
0	0	0	0	0	532	473	
1	0	0	0	0	539	477	
2	0	0	0	0	538	478	
3	0	0	0	0	531	477	
4	0	0	0	0	518	476	
5	0	0	0	0	508	478	
6	0	0	0	0	500	481	
7	0	0	0	0	496	487	
8	0	0	0	0	492	496	
9	0	0	0	0	493	508	
10	0	0	0	0	494	525	
11	0	0	0	0	496	542	
12	0	0	0	0	499	560	
13	0	0	0	0	496	572	
14	0	0	0	0	495	583	
15	0	0	0	0	498	593	
0	0	0	0	0	502	601	
1	0	0	0	0	502	606	
2	0	0	0	0	499	609	
3	0	0	0	0	497	611	
4	0	0	0	0	494	611	
5	0	0	0	0	490	604	
6	0	0	0	0	487	597	
7	0	0	0	0	488	587	
8	0	0	0	0	487	575	
9	0	0	0	0	486	569	
10	0	0	0	0	489	563	
11	0	0	0	0	490	558	
12	0	0	0	0	490	547	
13	0	0	0	0	490	535	
14	0	0	0	0	488	524	
15	0	0	0	0	485	510	
0	0	0	0	0	480	496	
1	0	0	0	0	477	481	
2	0	0	0	0	479	471	
3	0	0	0	0	484	466	
4	0	0	0	0	491	462	
5	0	0	0	0	500	462	
6	0	0	0	0	504	466	
7	0	0	0	0	509	471	
8	0	0	0	0	511	475	
9	0	0	0	0	509	479	
10	0	0	0	0	507	490	
11	0	0	0	0	503	503	
12	0	0	0	0	498	517	
13	0	0	0	0	486	531	
14	0	0	0	0	471	547	
15	0	0	0	0	451	566	
0	0	0	0	0	433	588	
1	0	0	0	0	418	611	
2	0	0	0	0	406	628	
3	0	0	0	0	397	643	
4	0	0	0	0	390	657	
5	0	0	0	0	385	671	
6	0	0	0	0	384	682	
7	0	0	0	0	390	692	
8	0	0	0	0	401	701	
9	0	0	0	0	419	707	
10	0	0	0	0	436	712	
11	0	0	0	0	451	705	
12	0	0	0	0	461	701	
13	0	0	0	0	469	700	
14	0	0	0	0	471	700	
15	0	0	0	0	472	706	
0	0	0	0	0	476	714	
1	0	0	0	0	480	725	
2	0	0	0	0	486	733	
3	0	0	0	0	483	735	
4	0	0	0	0	479	740	
5	0	0	0	0	475	735	
6	0	0	0	0	477	735	
7	0	0	0	0	476	728	
8	0	0	0	0	471	715	
9	0	0	0	0	460	703	
10	0	0	0	0	450	696	
11	0	0	0	0	447	701	
12	0	0	0	0	443	712	
13	0	0	0	0	443	723	
14	0	0	0	0	443	731	
15	0	0	0	0	445	739	
0	0	0	0	0	447	743	
1	0	0	0	0	452	750	
2	0	0	0	0	460	748	
3	0	0	0	0	465	746	
4	0	0	0	0	474	740	
5	0	0	0	0	485	729	
6	0	0	0	0	496	721	
7	0	0	0	0	503	712	
8	0	0	0	0	509	697	
9	0	0	0	0	514	682	
10	0	0	0	0	520	669	
11	0	0	0	0	524	663	
12	0	0	0	0	525	661	
13	0	0	0	0	524	663	
14	0	0	0	0	523	668	
15	0	0	0	0	522	674	
0	0	0	0	0	519	683	
1	0	0	0	0	516	696	
2	0	0	0	0	519	707	
3	0	0	0	0	520	717	
4	0	0	0	0	516	716	
5	0	0	0	0	508	713	
6	0	0	0	0	501	709	
7	0	0	0	0	497	704	
8	0	0	0	0	493	697	
9	0	0	0	0	489	695	
10	0	0	0	0	485	691	
11	0	0	0	0	485	684	
12	0	0	0	0	484	674	
13	0	0	0	0	487	668	
14	0	0	0	0	494	665	
15	0	0	0	0	503	660	
0	0	0	0	0	512	657	
1	0	0	0	0	515	656	
2	0	0	0	0	511	657	
3	0	0	0	0	508	660	
4	0	0	0	0	508	660	
5	0	0	0	0	515	654	
6	0	0	0	0	526	647	
7	0	0	0	0	539	639	
8	0	0	0	0	554	633	
9	0	0	0	0	569	624	
10	0	0	0	0	582	618	
11	0	0	0	0	591	612	
12	0	0	0	0	599	606	
13	0	0	0	0	608	602	
14	0	0	0	0	614	602	
15	0	0	0	0	620	606	
0	0	0	0	0	624	612	
1	0	0	0	0	630	619	
2	0	0	0	0	633	627	
3	0	0	0	0	632	636	
4	0	0	0	0	624	642	
5	0	0	0	0	613	646	
6	0	0	0	0	598	648	
7	0	0	0	0	584	647	
8	0	0	0	0	572	643	
9	0	0	0	0	565	641	
10	0	0	0	0	562	639	
11	0	0	0	0	558	639	
12	0	0	0	0	560	636	
13	0	0	0	0	564	629	
14	0	0	0	0	573	621	
15	0	0	0	0	582	611	
0	0	0	0	0	583	599	
1	0	0	0	0	585	589	
2	0	0	0	0	582	581	
3	0	0	0	0	575	574	
4	0	0	0	0	571	568	
5	0	0	0	0	576	563	
6	0	0	0	0	584	567	
7	0	0	0	0	591	573	
8	0	0	0	0	602	579	
9	0	0	0	0	610	587	
10	0	0	0	0	615	596	
11	0	0	0	0	611	606	
12	0	0	0	0	604	615	
13	0	0	0	0	595	627	
14	0	0	0	0	586	639	
15	0	0	0	0	579	650	
0	0	0	0	0	569	657	
1	0	0	0	0	556	658	
2	0	0	0	0	547	655	
3	0	0	0	0	542	646	
4	0	0	0	0	535	635	
5	0	0	0	0	526	623	
6	0	0	0	0	518	608	
7	0	0	0	0	509	593	
8	0	0	0	0	505	583	
9	0	0	0	0	508	574	
10	0	0	0	0	513	568	
11	0	0	0	0	519	562	
12	0	0	0	0	526	554	
13	0	0	0	0	535	545	
14	0	0	0	0	544	540	
15	0	0	0	0	549	532	
0	0	0	0	0	553	524	
1	0	0	0	0	558	524	
2	0	0	0	0	564	532	
3	0	0	0	0	569	545	
4	0	0	0	0	576	550	
5	0	0	0	0	581	551	
6	0	0	0	0	581	553	
7	0	0	0	0	577	552	
8	0	0	0	0	569	551	
9	0	0	0	0	559	550	
10	0	0	0	0	551	552	
11	0	0	0	0	550	558	
12	0	0	0	0	546	564	
13	0	0	0	0	541	566	
14	0	0	0	0	536	567	
15	0	0	0	0	535	566	
0	0	0	0	0	537	569	
1	0	0	0	0	540	575	
2	0	0	0	0	543	584	
3	0	0	0	0	543	590	
4	0	0	0	0	544	594	
5	0	0	0	0	544	598	
6	0	0	0	0	540	601	
7	0	0	0	0	528	597	
8	0	0	0	0	518	591	
9	0	0	0	0	509	588	
10	0	0	0	0	507	587	
11	0	0	0	0	507	588	
12	0	0	0	0	507	592	
13	0	0	0	0	505	598	
14	0	0	0	0	504	604	
15	0	0	0	0	504	605	
0	0	0	0	0	501	601	
1	0	0	0	0	502	595	
2	0	0	0	0	504	589	
3	0	0	0	0	508	583	
4	0	0	0	0	516	584	
5	0	0	0	0	523	587	
6	0	0	0	0	531	587	
7	0	0	0	0	539	583	
8	0	0	0	0	542	575	
9	0	0	0	0	544	568	
10	0	0	0	0	544	561	
11	0	0	0	0	542	555	
12	0	0	0	0	533	551	
13	0	0	0	0	523	550	
14	0	0	0	0	516	549	
15	0	0	0	0	514	550	
0	0	0	0	0	520	554	
1	0	0	0	0	531	561	
2	0	0	0	0	539	568	
3	0	0	0	0	544	582	
4	0	0	0	0	550	592	
5	0	0	0	0	551	602	
6	0	0	0	0	552	615	
7	0	0	0	0	555	628	
8	0	0	0	0	552	631	
9	0	0	0	0	548	624	
10	0	0	0	0	545	606	
11	0	0	0	0	540	585	
12	0	0	0	0	536	565	
13	0	0	0	0	531	543	
14	0	0	0	0	523	522	
15	0	0	0	0	519	504	
0	0	0	0	0	517	490	
1	0	0	0	0	517	485	
2	0	0	0	0	521	484	
3	0	0	0	0	525	484	
4	0	0	0	0	531	486	
5	0	0	0	0	536	490	
6	0	0	0	0	541	493	
7	0	0	0	0	549	494	
8	0	0	0	0	557	494	
9	0	0	0	0	564	499	
10	0	0	0	0	571	501	
11	0	0	0	0	571	504	
12	0	0	0	0	568	507	
13	0	0	0	0	564	512	
14	0	0	0	0	558	519	
15	0	0	0	0	551	526	
0	0	0	0	0	544	525	
1	0	0	0	0	539	522	
2	0	0	0	0	537	516	
3	0	0	0	0	538	511	
4	0	0	0	0	542	510	
5	0	0	0	0	548	512	
6	0	0	0	0	552	515	
7	0	0	0	0	559	516	
8	0	0	0	0	561	513	
9	0	0	0	0	560	508	
10	0	0	0	0	553	501	
11	0	0	0	0	542	494	
12	0	0	0	0	531	492	
13	0	0	0	0	523	496	
14	0	0	0	0	520	505	
15	0	0	0	0	519	517	
0	0	0	0	0	519	533	
1	0	0	0	0	520	548	
2	0	0	0	0	521	563	
3	0	0	0	0	522	572	
4	0	0	0	0	525	578	
5	0	0	0	0	530	580	
6	0	0	0	0	535	576	
7	0	0	0	0	534	567	
8	0	0	0	0	534	558	
9	0	0	0	0	535	544	
10	0	0	0	0	541	529	
11	0	0	0	0	542	512	
12	0	0	0	0	540	504	
13	0	0	0	0	532	502	
14	0	0	0	0	524	503	
15	0	0	0	0	514	505	
0	0	0	0	0	506	507	
1	0	0	0	0	499	505	
2	0	0	0	0	495	502	
3	0	0	0	0	490	496	
4	0	0	0	0	488	487	
5	0	0	0	0	483	476	
6	0	0	0	0	477	468	
7	0	0	0	0	473	462	
8	0	0	0	0	472	459	
9	0	0	0	0	471	459	
10	0	0	0	0	471	465	
11	0	0	0	0	470	477	
12	0	0	0	0	467	491	
13	0	0	0	0	465	502	
14	0	0	0	0	464	510	
15	0	0	0	0	465	515	
0	0	0	0	0	464	521	
1	0	0	0	0	468	527	
2	0	0	0	0	475	529	
3	0	0	0	0	487	528	
4	0	0	0	0	499	526	
5	0	0	0	0	508	526	
6	0	0	0	0	514	524	
7	0	0	0	0	520	524	
8	0	0	0	0	525	521	
9	0	0	0	0	526	519	
10	0	0	0	0	519	516	
11	0	0	0	0	509	515	
12	0	0	0	0	500	513	
13	0	0	0	0	492	517	
14	0	0	0	0	487	522	
15	0	0	0	0	485	527	
0	0	0	0	0	483	532	
1	0	0	0	0	479	534	
2	0	0	0	0	474	533	
3	0	0	0	0	469	527	
4	0	0	0	0	464	519	
5	0	0	0	0	457	511	
6	0	0	0	0	444	503	
7	0	0	0	0	435	497	
8	0	0	0	0	431	492	
9	0	0	0	0	436	484	
10	0	0	0	0	447	480	
11	0	0	0	0	462	482	
12	0	0	0	0	477	491	
13	0	0	0	0	487	501	
14	0	0	0	0	499	512	
15	0	0	0	0	511	524	
0	0	0	0	0	521	534	
1	0	0	0	0	524	540	
2	0	0	0	0	524	544	
3	0	0	0	0	524	548	
4	0	0	0	0	527	552	
5	0	0	0	0	528	552	
6	0	0	0	0	531	548	
7	0	0	0	0	536	541	
8	0	0	0	0	540	534	
9	0	0	0	0	544	523	
10	0	0	0	0	545	513	
11	0	0	0	0	542	505	
12	0	0	0	0	534	499	
13	0	0	0	0	526	496	
14	0	0	0	0	517	495	
15	0	0	0	0	505	490	
0	0	0	0	0	493	483	
1	0	0	0	0	484	475	
2	0	0	0	0	480	468	
3	0	0	0	0	489	465	
4	0	0	0	0	504	465	
5	0	0	0	0	520	471	
6	0	0	0	0	535	477	
7	0	0	0	0	545	482	
8	0	0	0	0	548	490	
9	0	0	0	0	546	491	
10	0	0	0	0	540	491	
11	0	0	0	0	532	487	
12	0	0	0	0	528	486	
13	0	0	0	0	527	486	
14	0	0	0	0	528	487	
15	0	0	0	0	527	493	
0	0	0	0	0	527	502	
1	0	0	0	0	524	515	
2	0	0	0	0	520	527	
3	0	0	0	0	515	536	
4	0	0	0	0	511	538	
5	0	0	0	0	507	535	
6	0	0	0	0	503	524	
7	0	0	0	0	499	510	
8	0	0	0	0	497	494	
9	0	0	0	0	497	480	
10	0	0	0	0	502	469	
11	0	0	0	0	508	463	
12	0	0	0	0	513	464	
13	0	0	0	0	513	470	
14	0	0	0	0	514	481	
15	0	0	0	0	513	492	
0	0	0	0	0	512	498	
1	0	0	0	0	517	503	
2	0	0	0	0	521	505	
3	0	0	0	0	524	504	
4	0	0	0	0	520	498	
5	0	0	0	0	516	488	
6	0	0	0	0	510	483	
7	0	0	0	0	504	483	
8	0	0	0	0	502	488	
9	0	0	0	0	506	494	
10	0	0	0	0	517	499	
11	0	0	0	0	528	503	
12	0	0	0	0	534	508	
13	0	0	0	0	536	507	
14	0	0	0	0	540	503	
15	0	0	0	0	541	500	
0	0	0	0	0	539	497	
1	0	0	0	0	539	494	
2	0	0	0	0	532	489	
3	0	0	0	0	524	482	
4	0	0	0	0	519	478	
5	0	0	0	0	515	474	
6	0	0	0	0	515	468	
7	0	0	0	0	513	465	
8	0	0	0	0	515	461	
9	0	0	0	0	519	456	
10	0	0	0	0	523	458	
11	0	0	0	0	527	463	
12	0	0	0	0	535	469	
13	0	0	0	0	546	476	
14	0	0	0	0	554	481	
15	0	0	0	0	563	483	
0	0	0	0	0	569	482	
1	0	0	0	0	571	483	
2	0	0	0	0	569	479	
3	0	0	0	0	568	474	
4	0	0	0	0	569	468	
5	0	0	0	0	574	463	
6	0	0	0	0	574	458	
7	0	0	0	0	572	451	
8	0	0	0	0	571	443	
9	0	0	0	0	570	433	
10	0	0	0	0	562	427	
11	0	0	0	0	556	426	
12	0	0	0	0	546	422	
13	0	0	0	0	534	417	
14	0	0	0	0	519	414	
15	0	0	0	0	502	409	
0	0	0	0	0	489	404	
1	0	0	0	0	482	402	
2	0	0	0	0	480	402	
3	0	0	0	0	487	420	
4	0	0	0	0	496	445	
5	0	0	0	0	505	472	
6	0	0	0	0	513	497	
7	0	0	0	0	519	518	
8	0	0	0	0	524	532	
9	0	0	0	0	528	540	
10	0	0	0	0	527	545	
11	0	0	0	0	524	547	
12	0	0	0	0	520	548	
13	0	0	0	0	515	544	
14	0	0	0	0	505	537	
15	0	0	0	0	494	525	
0	0	0	0	0	484	519	
1	0	0	0	0	477	516	
2	0	0	0	0	472	516	
3	0	0	0	0	469	519	
4	0	0	0	0	477	524	
5	0	0	0	0	482	526	
6	0	0	0	0	485	531	
7	0	0	0	0	486	536	
8	0	0	0	0	481	535	
9	0	0	0	0	480	533	
10	0	0	0	0	479	534	
11	0	0	0	0	481	537	
12	0	0	0	0	483	541	
13	0	0	0	0	488	544	
14	0	0	0	0	491	550	
15	0	0	0	0	492	551	
0	0	0	0	0	492	548	
1	0	0	0	0	487	543	
2	0	0	0	0	484	539	
3	0	0	0	0	482	541	
4	0	0	0	0	480	545	
5	0	0	0	0	480	546	
6	0	0	0	0	480	543	
7	0	0	0	0	476	538	
8	0	0	0	0	471	529	
9	0	0	0	0	471	519	
10	0	0	0	0	480	513	
11	0	0	0	0	494	511	
12	0	0	0	0	506	510	
13	0	0	0	0	519	507	
14	0	0	0	0	530	508	
15	0	0	0	0	539	506	
0	0	0	0	0	548	500	
1	0	0	0	0	553	489	
2	0	0	0	0	553	479	
3	0	0	0	0	548	472	
4	0	0	0	0	539	467	
5	0	0	0	0	531	463	
6	0	0	0	0	523	463	
7	0	0	0	0	511	463	
8	0	0	0	0	497	462	
9	0	0	0	0	490	460	
10	0	0	0	0	489	457	
11	0	0	0	0	491	460	
12	0	0	0	0	496	472	
13	0	0	0	0	503	492	
14	0	0	0	0	513	511	
15	0	0	0	0	525	525	
0	0	0	0	0	531	530	
1	0	0	0	0	536	534	
2	0	0	0	0	542	538	
3	0	0	0	0	546	541	
4	0	0	0	0	549	539	
5	0	0	0	0	547	531	
6	0	0	0	0	543	517	
7	0	0	0	0	537	499	
8	0	0	0	0	533	479	
9	0	0	0	0	527	457	
10	0	0	0	0	519	436	
11	0	0	0	0	517	417	
12	0	0	0	0	520	402	
13	0	0	0	0	525	393	
14	0	0	0	0	531	383	
15	0	0	0	0	534	381	
0	0	0	0	0	534	383	
1	0	0	0	0	529	389	
2	0	0	0	0	523	398	
3	0	0	0	0	517	411	
4	0	0	0	0	511	428	
5	0	0	0	0	510	442	
6	0	0	0	0	511	454	
7	0	0	0	0	515	466	
8	0	0	0	0	522	478	
9	0	0	0	0	526	487	
10	0	0	0	0	529	493	
11	0	0	0	0	530	492	
12	0	0	0	0	530	493	
13	0	0	0	0	528	493	
14	0	0	0	0	524	497	
15	0	0	0	0	518	500	
0	0	0	0	0	504	501	
1	0	0	0	0	484	496	
2	0	0	0	0	472	488	
3	0	0	0	0	468	483	
4	0	0	0	0	471	484	
5	0	0	0	0	477	492	
6	0	0	0	0	485	504	
7	0	0	0	0	495	516	
8	0	0	0	0	508	522	
9	0	0	0	0	518	530	
10	0	0	0	0	523	536	
11	0	0	0	0	527	539	
12	0	0	0	0	530	539	
13	0	0	0	0	529	536	
14	0	0	0	0	526	529	
15	0	0	0	0	527	516	
0	0	0	0	0	534	496	
1	0	0	0	0	542	481	
2	0	0	0	0	545	470	
3	0	0	0	0	540	461	
4	0	0	0	0	529	453	
5	0	0	0	0	517	449	
6	0	0	0	0	504	451	
7	0	0	0	0	494	460	
8	0	0	0	0	491	472	
9	0	0	0	0	486	487	
10	0	0	0	0	479	502	
11	0	0	0	0	471	516	
12	0	0	0	0	465	529	
13	0	0	0	0	458	542	
14	0	0	0	0	453	548	
15	0	0	0	0	448	543	
0	0	0	0	0	447	534	
1	0	0	0	0	447	519	
2	0	0	0	0	456	505	
3	0	0	0	0	463	493	
4	0	0	0	0	474	487	
5	0	0	0	0	484	480	
6	0	0	0	0	491	478	
7	0	0	0	0	497	481	
8	0	0	0	0	502	488	
9	0	0	0	0	508	490	
10	0	0	0	0	516	487	
11	0	0	0	0	527	483	
12	0	0	0	0	533	478	
13	0	0	0	0	535	478	
14	0	0	0	0	538	482	
15	0	0	0	0	547	487	
0	0	0	0	0	560	488	
1	0	0	0	0	571	491	
2	0	0	0	0	575	491	
3	0	0	0	0	571	496	
4	0	0	0	0	563	499	
5	0	0	0	0	551	499	
6	0	0	0	0	534	496	
7	0	0	0	0	514	491	
8	0	0	0	0	499	489	
9	0	0	0	0	488	492	
10	0	0	0	0	480	491	
11	0	0	0	0	469	490	
12	0	0	0	0	460	491	
13	0	0	0	0	458	496	
14	0	0	0	0	457	502	
15	0	0	0	0	457	507	
0	0	0	0	0	463	513	
1	0	0	0	0	471	517	
2	0	0	0	0	480	518	
3	0	0	0	0	487	516	
4	0	0	0	0	493	519	
5	0	0	0	0	497	528	
6	0	0	0	0	500	540	
7	0	0	0	0	501	544	
8	0	0	0	0	498	544	
9	0	0	0	0	494	538	
10	0	0	0	0	495	530	
11	0	0	0	0	503	516	
12	0	0	0	0	511	507	
13	0	0	0	0	520	502	
14	0	0	0	0	526	496	
15	0	0	0	0	534	487	
0	0	0	0	0	540	482	
1	0	0	0	0	543	482	
2	0	0	0	0	546	481	
3	0	0	0	0	549	479	
4	0	0	0	0	554	479	
5	0	0	0	0	559	483	
6	0	0	0	0	562	497	
7	0	0	0	0	564	512	
8	0	0	0	0	559	525	
9	0	0	0	0	547	540	
10	0	0	0	0	539	554	
11	0	0	0	0	531	563	
12	0	0	0	0	526	569	
13	0	0	0	0	521	570	
14	0	0	0	0	518	565	
15	0	0	0	0	513	557	
0	0	0	0	0	513	551	
1	0	0	0	0	515	548	
2	0	0	0	0	523	548	
3	0	0	0	0	531	550	
4	0	0	0	0	537	553	
5	0	0	0	0	541	556	
6	0	0	0	0	543	560	
7	0	0	0	0	544	563	
8	0	0	0	0	546	564	
9	0	0	0	0	547	558	
10	0	0	0	0	548	548	
11	0	0	0	0	553	539	
12	0	0	0	0	560	534	
13	0	0	0	0	563	531	
14	0	0	0	0	560	530	
15	0	0	0	0	548	527	
0	0	0	0	0	535	521	
1	0	0	0	0	519	517	
2	0	0	0	0	504	514	
3	0	0	0	0	493	517	
4	0	0	0	0	489	524	
5	0	0	0	0	487	535	
6	0	0	0	0	483	543	
7	0	0	0	0	481	546	
8	0	0	0	0	484	545	
9	0	0	0	0	483	539	
10	0	0	0	0	476	530	
11	0	0	0	0	471	525	
12	0	0	0	0	469	525	
13	0	0	0	0	465	535	
14	0	0	0	0	470	545	
15	0	0	0	0	479	559	
0	0	0	0	0	487	570	
1	0	0	0	0	496	575	
2	0	0	0	0	505	577	
3	0	0	0	0	515	575	
4	0	0	0	0	528	568	
5	0	0	0	0	546	560	
6	0	0	0	0	559	548	
7	0	0	0	0	568	535	
8	0	0	0	0	575	518	
9	0	0	0	0	580	502	
10	0	0	0	0	582	487	
11	0	0	0	0	581	477	
12	0	0	0	0	575	467	
13	0	0	0	0	566	460	
14	0	0	0	0	558	459	
15	0	0	0	0	554	461	
0	0	0	0	0	547	460	
1	0	0	0	0	538	457	
2	0	0	0	0	531	458	
3	0	0	0	0	524	459	
4	0	0	0	0	519	464	
5	0	0	0	0	524	476	
6	0	0	0	0	529	486	
7	0	0	0	0	534	495	
8	0	0	0	0	536	500	
9	0	0	0	0	536	506	
10	0	0	0	0	532	513	
11	0	0	0	0	530	523	
12	0	0	0	0	529	533	
13	0	0	0	0	523	539	
14	0	0	0	0	516	541	
15	0	0	0	0	516	536	
0	0	0	0	0	518	527	
1	0	0	0	0	522	516	
2	0	0	0	0	528	502	
3	0	0	0	0	536	491	
4	0	0	0	0	539	476	
5	0	0	0	0	543	463	
6	0	0	0	0	553	450	
7	0	0	0	0	567	441	
8	0	0	0	0	582	442	
9	0	0	0	0	596	448	
10	0	0	0	0	609	464	
11	0	0	0	0	614	487	
12	0	0	0	0	613	510	
13	0	0	0	0	611	524	
14	0	0	0	0	608	528	
15	0	0	0	0	601	522	
0	0	0	0	0	591	508	
1	0	0	0	0	584	489	
2	0	0	0	0	582	468	
3	0	0	0	0	582	451	
4	0	0	0	0	585	435	
5	0	0	0	0	580	423	
6	0	0	0	0	578	414	
7	0	0	0	0	572	410	
8	0	0	0	0	565	411	
9	0	0	0	0	559	412	
10	0	0	0	0	555	412	
11	0	0	0	0	551	414	
12	0	0	0	0	542	412	
13	0	0	0	0	535	406	
14	0	0	0	0	530	402	
15	0	0	0	0	526	401	
0	0	0	0	0	525	402	
1	0	0	0	0	527	405	
2	0	0	0	0	532	412	
3	0	0	0	0	537	422	
4	0	0	0	0	548	436	
5	0	0	0	0	561	449	
6	0	0	0	0	569	461	
7	0	0	0	0	577	469	
8	0	0	0	0	578	473	
9	0	0	0	0	576	477	
10	0	0	0	0	573	479	
11	0	0	0	0	566	479	
12	0	0	0	0	557	479	
13	0	0	0	0	547	483	
14	0	0	0	0	541	488	
15	0	0	0	0	534	496	
0	0	0	0	0	529	507	
1	0	0	0	0	528	519	
2	0	0	0	0	528	536	
3	0	0	0	0	528	551	
4	0	0	0	0	534	560	
5	0	0	0	0	542	561	
6	0	0	0	0	548	554	
7	0	0	0	0	551	538	
8	0	0	0	0	548	518	
9	0	0	0	0	547	492	
10	0	0	0	0	543	463	
11	0	0	0	0	543	439	
12	0	0	0	0	547	419	
13	0	0	0	0	552	402	
14	0	0	0	0	555	386	
15	0	0	0	0	559	380	
0	0	0	0	0	566	380	
1	0	0	0	0	568	386	
2	0	0	0	0	571	403	
3	0	0	0	0	572	422	
4	0	0	0	0	572	438	
5	0	0	0	0	570	450	
6	0	0	0	0	566	457	
7	0	0	0	0	563	463	
8	0	0	0	0	559	467	
9	0	0	0	0	555	474	
10	0	0	0	0	547	477	
11	0	0	0	0	544	479	
12	0	0	0	0	544	486	
13	0	0	0	0	548	499	
14	0	0	0	0	551	514	
15	0	0	0	0	552	526	
0	0	0	0	0	555	535	
1	0	0	0	0	559	536	
2	0	0	0	0	563	531	
3	0	0	0	0	566	525	
4	0	0	0	0	568	518	
5	0	0	0	0	563	511	
6	0	0	0	0	553	500	
7	0	0	0	0	539	495	
8	0	0	0	0	521	488	
9	0	0	0	0	508	484	
10	0	0	0	0	498	487	
11	0	0	0	0	491	493	
12	0	0	0	0	487	502	
13	0	0	0	0	484	513	
14	0	0	0	0	483	524	
15	0	0	0	0	484	536	
0	0	0	0	0	490	546	
1	0	0	0	0	497	559	
2	0	0	0	0	507	569	
3	0	0	0	0	511	576	
4	0	0	0	0	509	578	
5	0	0	0	0	504	572	
6	0	0	0	0	504	565	
7	0	0	0	0	502	556	
8	0	0	0	0	502	551	
9	0	0	0	0	502	546	
10	0	0	0	0	503	542	
11	0	0	0	0	504	538	
12	0	0	0	0	501	534	
13	0	0	0	0	498	525	
14	0	0	0	0	497	518	
15	0	0	0	0	497	520	
0	0	0	0	0	495	530	
1	0	0	0	0	491	543	
2	0	0	0	0	485	552	
3	0	0	0	0	475	555	
4	0	0	0	0	463	545	
5	0	0	0	0	450	526	
6	0	0	0	0	444	510	
7	0	0	0	0	439	499	
8	0	0	0	0	434	487	
9	0	0	0	0	433	481	
10	0	0	0	0	438	485	
11	0	0	0	0	449	495	
12	0	0	0	0	462	512	
13	0	0	0	0	474	525	
14	0	0	0	0	483	536	
15	0	0	0	0	492	544	
0	0	0	0	0	497	551	
1	0	0	0	0	497	551	
2	0	0	0	0	497	548	
3	0	0	0	0	496	548	
4	0	0	0	0	496	556	
5	0	0	0	0	497	564	
6	0	0	0	0	499	569	
7	0	0	0	0	499	577	
8	0	0	0	0	498	582	
9	0	0	0	0	499	594	
10	0	0	0	0	502	601	
11	0	0	0	0	499	605	
12	0	0	0	0	499	606	
13	0	0	0	0	500	601	
14	0	0	0	0	504	593	
15	0	0	0	0	504	584	
0	0	0	0	0	508	575	
1	0	0	0	0	506	565	
2	0	0	0	0	503	557	
3	0	0	0	0	499	546	
4	0	0	0	0	494	535	
5	0	0	0	0	492	526	
6	0	0	0	0	489	518	
7	0	0	0	0	492	511	
8	0	0	0	0	496	503	
9	0	0	0	0	502	492	
10	0	0	0	0	503	480	
11	0	0	0	0	499	467	
12	0	0	0	0	495	457	
13	0	0	0	0	493	452	
14	0	0	0	0	492	448	
15	0	0	0	0	491	443	
0	0	0	0	0	487	438	
1	0	0	0	0	487	432	
2	0	0	0	0	489	429	
3	0	0	0	0	489	433	
4	0	0	0	0	493	441	
5	0	0	0	0	495	449	
6	0	0	0	0	494	461	
7	0	0	0	0	492	472	
8	0	0	0	0	494	482	
9	0	0	0	0	495	489	
10	0	0	0	0	491	493	
11	0	0	0	0	483	494	
12	0	0	0	0	479	494	
13	0	0	0	0	476	494	
14	0	0	0	0	477	495	
15	0	0	0	0	476	494	
0	0	0	0	0	477	496	
1	0	0	0	0	482	498	
2	0	0	0	0	489	494	
3	0	0	0	0	494	488	
4	0	0	0	0	496	475	
5	0	0	0	0	497	467	
6	0	0	0	0	500	462	
7	0	0	0	0	500	460	
8	0	0	0	0	495	460	
9	0	0	0	0	490	465	
10	0	0	0	0	484	477	
11	0	0	0	0	480	494	
12	0	0	0	0	476	508	
13	0	0	0	0	477	522	
14	0	0	0	0	476	528	
15	0	0	0	0	472	533	
0	0	0	0	0	472	536	
1	0	0	0	0	468	534	
2	0	0	0	0	464	527	
3	0	0	0	0	458	514	
4	0	0	0	0	449	499	
5	0	0	0	0	444	486	
6	0	0	0	0	443	474	
7	0	0	0	0	446	463	
8	0	0	0	0	448	452	
9	0	0	0	0	450	440	
10	0	0	0	0	457	429	
11	0	0	0	0	462	423	
12	0	0	0	0	466	427	
13	0	0	0	0	466	431	
14	0	0	0	0	463	439	
15	0	0	0	0	461	445	
0	0	0	0	0	463	449	
1	0	0	0	0	471	453	
2	0	0	0	0	484	453	
3	0	0	0	0	497	453	
4	0	0	0	0	504	451	
5	0	0	0	0	504	448	
6	0	0	0	0	502	448	
7	0	0	0	0	502	448	
8	0	0	0	0	505	457	
9	0	0	0	0	511	473	
10	0	0	0	0	517	491	
11	0	0	0	0	523	508	
12	0	0	0	0	526	523	
13	0	0	0	0	531	532	
14	0	0	0	0	529	536	
15	0	0	0	0	522	538	
0	0	0	0	0	514	539	
1	0	0	0	0	507	532	
2	0	0	0	0	504	521	
3	0	0	0	0	504	506	
4	0	0	0	0	500	492	
5	0	0	0	0	498	483	
6	0	0	0	0	493	474	
7	0	0	0	0	489	461	
8	0	0	0	0	485	447	
9	0	0	0	0	483	432	
10	0	0	0	0	481	420	
11	0	0	0	0	476	412	
12	0	0	0	0	471	409	
13	0	0	0	0	467	412	
14	0	0	0	0	464	413	
15	0	0	0	0	466	416	
0	0	0	0	0	463	418	
1	0	0	0	0	463	419	
2	0	0	0	0	463	419	
3	0	0	0	0	464	415	
4	0	0	0	0	469	411	
5	0	0	0	0	475	404	
6	0	0	0	0	477	399	
7	0	0	0	0	480	398	
8	0	0	0	0	483	399	
9	0	0	0	0	486	397	
10	0	0	0	0	487	400	
11	0	0	0	0	494	408	
12	0	0	0	0	505	417	
13	0	0	0	0	519	430	
14	0	0	0	0	529	439	
15	0	0	0	0	538	444	
0	0	0	0	0	541	453	
1	0	0	0	0	544	462	
2	0	0	0	0	545	472	
3	0	0	0	0	547	488	
4	0	0	0	0	545	503	
5	0	0	0	0	543	511	
6	0	0	0	0	540	511	
7	0	0	0	0	537	503	
8	0	0	0	0	535	493	
9	0	0	0	0	531	481	
10	0	0	0	0	527	468	
11	0	0	0	0	523	462	
12	0	0	0	0	522	458	
13	0	0	0	0	521	458	
14	0	0	0	0	516	462	
15	0	0	0	0	507	463	
0	0	0	0	0	500	460	
1	0	0	0	0	493	453	
2	0	0	0	0	485	444	
3	0	0	0	0	479	437	
4	0	0	0	0	479	433	
5	0	0	0	0	482	430	
6	0	0	0	0	485	424	
7	0	0	0	0	488	420	
8	0	0	0	0	492	413	
9	0	0	0	0	489	407	
10	0	0	0	0	484	402	
11	0	0	0	0	481	398	
12	0	0	0	0	481	395	
13	0	0	0	0	481	395	
14	0	0	0	0	481	402	
15	0	0	0	0	482	413	
0	0	0	0	0	484	423	
1	0	0	0	0	483	434	
2	0	0	0	0	483	448	
3	0	0	0	0	483	461	
4	0	0	0	0	483	475	
5	0	0	0	0	480	486	
6	0	0	0	0	476	495	
7	0	0	0	0	473	496	
8	0	0	0	0	474	492	
9	0	0	0	0	477	488	
10	0	0	0	0	481	482	
11	0	0	0	0	487	480	
12	0	0	0	0	497	482	
13	0	0	0	0	504	488	
14	0	0	0	0	511	493	
15	0	0	0	0	518	492	
0	0	0	0	0	522	488	
1	0	0	0	0	529	484	
2	0	0	0	0	536	483	
3	0	0	0	0	537	484	
4	0	0	0	0	532	483	
5	0	0	0	0	526	481	
6	0	0	0	0	520	479	
7	0	0	0	0	514	477	
8	0	0	0	0	511	479	
9	0	0	0	0	511	484	
10	0	0	0	0	511	490	
11	0	0	0	0	510	492	
12	0	0	0	0	511	494	
13	0	0	0	0	514	494	
14	0	0	0	0	513	490	
15	0	0	0	0	511	488	
0	0	0	0	0	510	490	
1	0	0	0	0	507	499	
2	0	0	0	0	502	507	
3	0	0	0	0	499	514	
4	0	0	0	0	495	521	
5	0	0	0	0	489	520	
6	0	0	0	0	488	513	
7	0	0	0	0	492	505	
8	0	0	0	0	498	496	
9	0	0	0	0	501	485	
10	0	0	0	0	500	472	
11	0	0	0	0	498	460	
12	0	0	0	0	500	456	
13	0	0	0	0	508	459	
14	0	0	0	0	513	468	
15	0	0	0	0	518	481	
0	0	0	0	0	521	496	
1	0	0	0	0	523	508	
2	0	0	0	0	528	519	
3	0	0	0	0	532	530	
4	0	0	0	0	534	536	
5	0	0	0	0	534	527	
6	0	0	0	0	533	509	
7	0	0	0	0	531	488	
8	0	0	0	0	530	467	
9	0	0	0	0	527	449	
10	0	0	0	0	524	434	
11	0	0	0	0	521	426	
12	0	0	0	0	518	426	
13	0	0	0	0	516	433	
14	0	0	0	0	515	446	
15	0	0	0	0	515	460	
0	0	0	0	0	513	474	
1	0	0	0	0	508	483	
2	0	0	0	0	502	488	
3	0	0	0	0	497	491	
4	0	0	0	0	492	496	
5	0	0	0	0	487	501	
6	0	0	0	0	484	502	
7	0	0	0	0	482	498	
8	0	0	0	0	479	492	
9	0	0	0	0	478	488	
10	0	0	0	0	476	487	
11	0	0	0	0	477	490	
12	0	0	0	0	478	497	
13	0	0	0	0	479	500	
14	0	0	0	0	481	501	
15	0	0	0	0	475	497	
0	0	0	0	0	469	487	
1	0	0	0	0	460	477	
2	0	0	0	0	452	466	
3	0	0	0	0	451	463	
4	0	0	0	0	456	465	
5	0	0	0	0	466	468	
6	0	0	0	0	477	470	
7	0	0	0	0	486	472	
8	0	0	0	0	497	474	
9	0	0	0	0	504	476	
10	0	0	0	0	504	476	
11	0	0	0	0	502	479	
12	0	0	0	0	495	477	
13	0	0	0	0	485	475	
14	0	0	0	0	476	477	
15	0	0	0	0	474	483	
0	0	0	0	0	477	489	
1	0	0	0	0	487	491	
2	0	0	0	0	498	492	
3	0	0	0	0	509	495	
4	0	0	0	0	520	495	
5	0	0	0	0	528	497	
6	0	0	0	0	533	495	
7	0	0	0	0	536	495	
8	0	0	0	0	539	496	
9	0	0	0	0	544	495	
10	0	0	0	0	550	497	
11	0	0	0	0	556	499	
12	0	0	0	0	561	499	
13	0	0	0	0	560	502	
14	0	0	0	0	553	501	
15	0	0	0	0	545	504	
0	0	0	0	0	537	507	
1	0	0	0	0	525	518	
2	0	0	0	0	512	527	
3	0	0	0	0	496	531	
4	0	0	0	0	476	529	
5	0	0	0	0	458	524	
6	0	0	0	0	446	515	
7	0	0	0	0	437	496	
8	0	0	0	0	432	471	
9	0	0	0	0	430	445	
10	0	0	0	0	432	417	
11	0	0	0	0	437	398	
12	0	0	0	0	446	392	
13	0	0	0	0	462	394	
14	0	0	0	0	477	404	
15	0	0	0	0	489	417	
0	0	0	0	0	498	434	
1	0	0	0	0	505	451	
2	0	0	0	0	512	463	
3	0	0	0	0	516	471	
4	0	0	0	0	514	471	
5	0	0	0	0	513	468	
6	0	0	0	0	513	464	
7	0	0	0	0	513	455	
8	0	0	0	0	509	449	
9	0	0	0	0	502	446	
10	0	0	0	0	496	446	
11	0	0	0	0	487	448	
12	0	0	0	0	478	452	
13	0	0	0	0	466	461	
14	0	0	0	0	456	472	
15	0	0	0	0	449	476	
0	0	0	0	0	447	477	
1	0	0	0	0	448	476	
2	0	0	0	0	455	470	
3	0	0	0	0	460	458	
4	0	0	0	0	465	447	
5	0	0	0	0	468	441	
6	0	0	0	0	464	434	
7	0	0	0	0	459	425	
8	0	0	0	0	456	416	
9	0	0	0	0	452	411	
10	0	0	0	0	452	412	
11	0	0	0	0	451	417	
12	0	0	0	0	452	426	
13	0	0	0	0	450	439	
14	0	0	0	0	448	453	
15	0	0	0	0	448	467	
0	0	0	0	0	451	479	
1	0	0	0	0	460	493	
2	0	0	0	0	469	504	
3	0	0	0	0	477	515	
4	0	0	0	0	482	526	
5	0	0	0	0	484	534	
6	0	0	0	0	486	537	
7	0	0	0	0	485	537	
8	0	0	0	0	481	531	
9	0	0	0	0	469	527	
10	0	0	0	0	457	522	
11	0	0	0	0	447	518	
12	0	0	0	0	445	516	
13	0	0	0	0	446	513	
14	0	0	0	0	446	510	
15	0	0	0	0	448	505	
0	0	0	0	0	450	500	
1	0	0	0	0	452	495	
2	0	0	0	0	457	488	
3	0	0	0	0	462	488	
4	0	0	0	0	467	491	
5	0	0	0	0	475	491	
6	0	0	0	0	485	489	
7	0	0	0	0	494	488	
8	0	0	0	0	503	487	
9	0	0	0	0	513	482	
10	0	0	0	0	522	476	
11	0	0	0	0	523	472	
12	0	0	0	0	516	472	
13	0	0	0	0	508	475	
14	0	0	0	0	498	478	
15	0	0	0	0	491	481	
0	0	0	0	0	487	477	
1	0	0	0	0	487	471	
2	0	0	0	0	485	462	
3	0	0	0	0	481	458	
4	0	0	0	0	477	464	
5	0	0	0	0	475	474	
6	0	0	0	0	475	481	
7	0	0	0	0	476	483	
8	0	0	0	0	481	485	
9	0	0	0	0	491	490	
10	0	0	0	0	503	492	
11	0	0	0	0	511	493	
12	0	0	0	0	512	491	
13	0	0	0	0	506	483	
14	0	0	0	0	499	476	
15	0	0	0	0	488	469	
0	0	0	0	0	482	460	
1	0	0	0	0	478	447	
2	0	0	0	0	475	439	
3	0	0	0	0	472	432	
4	0	0	0	0	470	428	
5	0	0	0	0	468	424	
6	0	0	0	0	465	426	
7	0	0	0	0	462	432	
8	0	0	0	0	465	439	
9	0	0	0	0	473	449	
10	0	0	0	0	483	460	
11	0	0	0	0	495	473	
12	0	0	0	0	503	480	
13	0	0	0	0	505	483	
14	0	0	0	0	504	487	
15	0	0	0	0	504	483	
0	0	0	0	0	504	478	
1	0	0	0	0	503	469	
2	0	0	0	0	505	460	
3	0	0	0	0	503	455	
4	0	0	0	0	495	450	
5	0	0	0	0	486	446	
6	0	0	0	0	477	443	
7	0	0	0	0	471	444	
8	0	0	0	0	467	446	
9	0	0	0	0	469	448	
10	0	0	0	0	476	455	
11	0	0	0	0	485	459	
12	0	0	0	0	496	458	
13	0	0	0	0	504	456	
14	0	0	0	0	507	451	
15	0	0	0	0	510	448	
0	0	0	0	0	515	449	
1	0	0	0	0	524	454	
2	0	0	0	0	532	463	
3	0	0	0	0	543	474	
4	0	0	0	0	553	490	
5	0	0	0	0	563	508	
6	0	0	0	0	569	528	
7	0	0	0	0	572	540	
8	0	0	0	0	572	540	
9	0	0	0	0	567	532	
10	0	0	0	0	557	514	
11	0	0	0	0	547	491	
12	0	0	0	0	532	472	
13	0	0	0	0	519	454	
14	0	0	0	0	513	443	
15	0	0	0	0	507	439	
0	0	0	0	0	500	442	
1	0	0	0	0	496	448	
2	0	0	0	0	497	456	
3	0	0	0	0	499	465	
4	0	0	0	0	503	475	
5	0	0	0	0	505	484	
6	0	0	0	0	506	496	
7	0	0	0	0	510	507	
8	0	0	0	0	517	513	
9	0	0	0	0	526	518	
10	0	0	0	0	532	521	
11	0	0	0	0	538	521	
12	0	0	0	0	539	518	
13	0	0	0	0	536	510	
14	0	0	0	0	532	499	
15	0	0	0	0	532	487	
0	0	0	0	0	534	471	
1	0	0	0	0	536	454	
2	0	0	0	0	540	436	
3	0	0	0	0	537	424	
4	0	0	0	0	533	415	
5	0	0	0	0	526	411	
6	0	0	0	0	518	410	
7	0	0	0	0	516	415	
8	0	0	0	0	516	428	
9	0	0	0	0	515	441	
10	0	0	0	0	513	454	
11	0	0	0	0	507	465	
12	0	0	0	0	504	470	
13	0	0	0	0	500	472	
14	0	0	0	0	497	477	
15	0	0	0	0	496	487	
0	0	0	0	0	499	499	
1	0	0	0	0	500	509	
2	0	0	0	0	499	515	
3	0	0	0	0	498	516	
4	0	0	0	0	500	515	
5	0	0	0	0	507	514	
6	0	0	0	0	515	515	
7	0	0	0	0	528	517	
8	0	0	0	0	537	519	
9	0	0	0	0	547	520	
10	0	0	0	0	556	521	
11	0	0	0	0	562	521	
12	0	0	0	0	561	517	
13	0	0	0	0	558	513	
14	0	0	0	0	552	506	
15	0	0	0	0	541	496	
0	0	0	0	0	527	487	
1	0	0	0	0	512	484	
2	0	0	0	0	500	485	
3	0	0	0	0	488	487	
4	0	0	0	0	477	487	
5	0	0	0	0	467	483	
6	0	0	0	0	459	468	
7	0	0	0	0	449	449	
8	0	0	0	0	441	432	
9	0	0	0	0	440	425	
10	0	0	0	0	439	424	
11	0	0	0	0	444	428	
12	0	0	0	0	453	438	
13	0	0	0	0	457	452	
14	0	0	0	0	464	473	
15	0	0	0	0	472	492	
0	0	0	0	0	481	511	
1	0	0	0	0	492	527	
2	0	0	0	0	503	540	
3	0	0	0	0	512	553	
4	0	0	0	0	519	565	
5	0	0	0	0	519	570	
6	0	0	0	0	518	572	
7	0	0	0	0	515	571	
8	0	0	0	0	510	569	
9	0	0	0	0	504	566	
10	0	0	0	0	502	568	
11	0	0	0	0	501	567	
12	0	0	0	0	499	568	
13	0	0	0	0	495	563	
14	0	0	0	0	492	556	
15	0	0	0	0	492	545	
0	0	0	0	0	492	532	
1	0	0	0	0	499	518	
2	0	0	0	0	505	498	
3	0	0	0	0	511	479	
4	0	0	0	0	515	463	
5	0	0	0	0	512	450	
6	0	0	0	0	505	435	
7	0	0	0	0	495	428	
8	0	0	0	0	480	427	
9	0	0	0	0	464	427	
10	0	0	0	0	446	429	
11	0	0	0	0	431	434	
12	0	0	0	0	424	450	
13	0	0	0	0	427	471	
14	0	0	0	0	437	492	
15	0	0	0	0	454	513	
0	0	0	0	0	470	535	
1	0	0	0	0	483	553	
2	0	0	0	0	493	569	
3	0	0	0	0	503	579	
4	0	0	0	0	509	583	
5	0	0	0	0	514	582	
6	0	0	0	0	519	576	
7	0	0	0	0	524	562	
8	0	0	0	0	526	548	
9	0	0	0	0	525	534	
10	0	0	0	0	521	518	
11	0	0	0	0	517	503	
12	0	0	0	0	513	489	
13	0	0	0	0	509	478	
14	0	0	0	0	510	474	
15	0	0	0	0	513	472	
0	0	0	0	0	515	472	
1	0	0	0	0	519	473	
2	0	0	0	0	521	471	
3	0	0	0	0	520	475	
4	0	0	0	0	523	480	
5	0	0	0	0	525	484	
6	0	0	0	0	524	490	
7	0	0	0	0	524	495	
8	0	0	0	0	522	499	
9	0	0	0	0	514	503	
10	0	0	0	0	507	508	
11	0	0	0	0	503	511	
12	0	0	0	0	503	512	
13	0	0	0	0	504	515	
14	0	0	0	0	504	518	
15	0	0	0	0	506	519	
0	0	0	0	0	506	517	
1	0	0	0	0	506	514	
2	0	0	0	0	503	508	
3	0	0	0	0	497	502	
4	0	0	0	0	493	497	
5	0	0	0	0	490	497	
6	0	0	0	0	489	500	
7	0	0	0	0	491	507	
8	0	0	0	0	494	512	
9	0	0	0	0	499	515	
10	0	0	0	0	503	518	
11	0	0	0	0	506	519	
12	0	0	0	0	507	518	
13	0	0	0	0	506	519	
14	0	0	0	0	501	520	
15	0	0	0	0	494	521	
0	0	0	0	0	487	524	
1	0	0	0	0	480	527	
2	0	0	0	0	471	525	
3	0	0	0	0	466	524	
4	0	0	0	0	467	530	
5	0	0	0	0	471	535	
6	0	0	0	0	478	540	
7	0	0	0	0	485	538	
8	0	0	0	0	487	536	
9	0	0	0	0	485	532	
10	0	0	0	0	486	534	
11	0	0	0	0	484	539	
12	0	0	0	0	481	542	
13	0	0	0	0	477	545	
14	0	0	0	0	476	550	
15	0	0	0	0	476	550	
0	0	0	0	0	474	548	
1	0	0	0	0	472	545	
2	0	0	0	0	472	541	
3	0	0	0	0	474	534	
4	0	0	0	0	478	528	
5	0	0	0	0	480	524	
6	0	0	0	0	480	520	
7	0	0	0	0	478	519	
8	0	0	0	0	476	516	
9	0	0	0	0	471	511	
10	0	0	0	0	467	501	
11	0	0	0	0	463	492	
12	0	0	0	0	457	491	
13	0	0	0	0	451	489	
14	0	0	0	0	442	489	
15	0	0	0	0	432	489	
0	0	0	0	0	425	489	
1	0	0	0	0	419	492	
2	0	0	0	0	416	497	
3	0	0	0	0	418	510	
4	0	0	0	0	423	527	
5	0	0	0	0	427	544	
6	0	0	0	0	430	556	
7	0	0	0	0	430	556	
8	0	0	0	0	429	548	
9	0	0	0	0	428	542	
10	0	0	0	0	427	534	
11	0	0	0	0	423	531	
12	0	0	0	0	420	529	
13	0	0	0	0	423	531	
14	0	0	0	0	423	529	
15	0	0	0	0	423	531	
0	0	0	0	0	423	534	
1	0	0	0	0	427	540	
2	0	0	0	0	438	547	
3	0	0	0	0	458	555	
4	0	0	0	0	477	560	
5	0	0	0	0	493	559	
6	0	0	0	0	505	558	
7	0	0	0	0	512	550	
8	0	0	0	0	517	538	
9	0	0	0	0	519	525	
10	0	0	0	0	521	512	
11	0	0	0	0	521	498	
12	0	0	0	0	520	488	
13	0	0	0	0	518	478	
14	0	0	0	0	512	465	
15	0	0	0	0	511	452	
0	0	0	0	0	511	443	
1	0	0	0	0	511	440	
2	0	0	0	0	512	446	
3	0	0	0	0	511	459	
4	0	0	0	0	507	478	
5	0	0	0	0	504	497	
6	0	0	0	0	502	509	
7	0	0	0	0	504	516	
8	0	0	0	0	510	521	
9	0	0	0	0	513	528	
10	0	0	0	0	515	531	
11	0	0	0	0	518	533	
12	0	0	0	0	519	537	
13	0	0	0	0	524	542	
14	0	0	0	0	531	546	
15	0	0	0	0	536	549	
0	0	0	0	0	542	552	
1	0	0	0	0	547	557	
2	0	0	0	0	552	564	
3	0	0	0	0	555	576	
4	0	0	0	0	558	586	
5	0	0	0	0	563	590	
6	0	0	0	0	572	590	
7	0	0	0	0	581	588	
8	0	0	0	0	585	585	
9	0	0	0	0	588	580	
10	0	0	0	0	584	572	
11	0	0	0	0	578	561	
12	0	0	0	0	571	545	
13	0	0	0	0	561	531	
14	0	0	0	0	551	517	
15	0	0	0	0	545	505	
0	0	0	0	0	538	495	
1	0	0	0	0	529	486	
2	0	0	0	0	519	481	
3	0	0	0	0	511	483	
4	0	0	0	0	507	492	
5	0	0	0	0	504	502	
6	0	0	0	0	506	512	
7	0	0	0	0	508	521	
8	0	0	0	0	512	529	
9	0	0	0	0	515	538	
10	0	0	0	0	519	544	
11	0	0	0	0	524	555	
12	0	0	0	0	534	569	
13	0	0	0	0	538	582	
14	0	0	0	0	538	588	
15	0	0	0	0	534	588	
0	0	0	0	0	522	586	
1	0	0	0	0	513	584	
2	0	0	0	0	511	583	
3	0	0	0	0	516	581	
4	0	0	0	0	527	576	
5	0	0	0	0	534	568	
6	0	0	0	0	542	559	
7	0	0	0	0	549	553	
8	0	0	0	0	556	548	
9	0	0	0	0	564	542	
10	0	0	0	0	569	535	
11	0	0	0	0	564	523	
12	0	0	0	0	553	508	
13	0	0	0	0	543	493	
14	0	0	0	0	534	482	
15	0	0	0	0	525	478	
0	0	0	0	0	522	480	
1	0	0	0	0	525	489	
2	0	0	0	0	527	496	
3	0	0	0	0	535	495	
4	0	0	0	0	545	490	
5	0	0	0	0	554	481	
6	0	0	0	0	560	471	
7	0	0	0	0	563	464	
8	0	0	0	0	564	458	
9	0	0	0	0	560	459	
10	0	0	0	0	553	466	
11	0	0	0	0	544	475	
12	0	0	0	0	536	488	
13	0	0	0	0	531	504	
14	0	0	0	0	523	520	
15	0	0	0	0	516	531	
0	0	0	0	0	510	539	
1	0	0	0	0	501	542	
2	0	0	0	0	492	540	
3	0	0	0	0	485	536	
4	0	0	0	0	481	529	
5	0	0	0	0	480	524	
6	0	0	0	0	483	516	
7	0	0	0	0	490	512	
8	0	0	0	0	497	510	
9	0	0	0	0	504	508	
10	0	0	0	0	506	508	
11	0	0	0	0	508	511	
12	0	0	0	0	512	519	
13	0	0	0	0	520	529	
14	0	0	0	0	531	534	
15	0	0	0	0	539	536	
0	0	0	0	0	545	540	
1	0	0	0	0	546	537	
2	0	0	0	0	544	533	
3	0	0	0	0	540	528	
4	0	0	0	0	536	524	
5	0	0	0	0	534	524	
6	0	0	0	0	537	528	
7	0	0	0	0	541	533	
8	0	0	0	0	548	538	
9	0	0	0	0	555	536	
10	0	0	0	0	561	532	
11	0	0	0	0	561	524	
12	0	0	0	0	558	515	
13	0	0	0	0	557	510	
14	0	0	0	0	560	509	
15	0	0	0	0	561	512	
0	0	0	0	0	564	513	
1	0	0	0	0	566	511	
2	0	0	0	0	567	507	
3	0	0	0	0	569	507	
4	0	0	0	0	571	508	
5	0	0	0	0	573	502	
6	0	0	0	0	572	494	
7	0	0	0	0	572	483	
8	0	0	0	0	568	470	
9	0	0	0	0	563	465	
10	0	0	0	0	562	468	
11	0	0	0	0	560	478	
12	0	0	0	0	559	483	
13	0	0	0	0	553	487	
14	0	0	0	0	542	488	
15	0	0	0	0	528	493	
0	0	0	0	0	516	499	
1	0	0	0	0	508	510	
2	0	0	0	0	506	524	
3	0	0	0	0	509	540	
4	0	0	0	0	517	553	
5	0	0	0	0	528	568	
6	0	0	0	0	538	578	
7	0	0	0	0	549	584	
8	0	0	0	0	561	582	
9	0	0	0	0	570	577	
10	0	0	0	0	582	567	
11	0	0	0	0	591	562	
12	0	0	0	0	599	558	
13	0	0	0	0	603	555	
14	0	0	0	0	601	555	
15	0	0	0	0	595	550	
0	0	0	0	0	584	539	
1	0	0	0	0	570	524	
2	0	0	0	0	551	512	
3	0	0	0	0	536	497	
4	0	0	0	0	525	486	
5	0	0	0	0	521	477	
6	0	0	0	0	516	468	
7	0	0	0	0	512	463	
8	0	0	0	0	513	461	
9	0	0	0	0	522	465	
10	0	0	0	0	534	476	
11	0	0	0	0	543	488	
12	0	0	0	0	545	497	
13	0	0	0	0	543	500	
14	0	0	0	0	540	499	
15	0	0	0	0	536	499	
0	0	0	0	0	535	503	
1	0	0	0	0	532	508	
2	0	0	0	0	526	514	
3	0	0	0	0	521	518	
4	0	0	0	0	517	518	
5	0	0	0	0	518	519	
6	0	0	0	0	522	521	
7	0	0	0	0	528	520	
8	0	0	0	0	536	519	
9	0	0	0	0	542	519	
10	0	0	0	0	544	515	
11	0	0	0	0	541	512	
12	0	0	0	0	538	507	
13	0	0	0	0	540	499	
14	0	0	0	0	545	490	
15	0	0	0	0	551	483	
0	0	0	0	0	557	477	
1	0	0	0	0	562	468	
2	0	0	0	0	564	462	
3	0	0	0	0	564	455	
4	0	0	0	0	559	453	
5	0	0	0	0	551	453	
6	0	0	0	0	541	457	
7	0	0	0	0	533	465	
8	0	0	0	0	525	469	
9	0	0	0	0	518	473	
10	0	0	0	0	509	474	
11	0	0	0	0	501	474	
12	0	0	0	0	496	477	
13	0	0	0	0	492	480	
14	0	0	0	0	491	484	
15	0	0	0	0	491	485	
0	0	0	0	0	497	487	
1	0	0	0	0	502	487	
2	0	0	0	0	515	486	
3	0	0	0	0	526	487	
4	0	0	0	0	534	490	
5	0	0	0	0	535	492	
6	0	0	0	0	532	493	
7	0	0	0	0	532	494	
8	0	0	0	0	536	489	
9	0	0	0	0	541	483	
10	0	0	0	0	545	479	
11	0	0	0	0	547	473	
12	0	0	0	0	549	467	
13	0	0	0	0	549	460	
14	0	0	0	0	543	454	
15	0	0	0	0	531	454	
0	0	0	0	0	519	458	
1	0	0	0	0	511	466	
2	0	0	0	0	504	476	
3	0	0	0	0	497	479	
4	0	0	0	0	489	478	
5	0	0	0	0	479	475	
6	0	0	0	0	472	474	
7	0	0	0	0	473	475	
8	0	0	0	0	480	477	
9	0	0	0	0	488	481	
10	0	0	0	0	499	483	
11	0	0	0	0	507	489	
12	0	0	0	0	509	496	
13	0	0	0	0	515	504	
14	0	0	0	0	524	509	
15	0	0	0	0	535	513	
0	0	0	0	0	543	519	
1	0	0	0	0	547	527	
2	0	0	0	0	548	533	
3	0	0	0	0	545	532	
4	0	0	0	0	537	532	
5	0	0	0	0	530	534	
6	0	0	0	0	520	536	
7	0	0	0	0	513	538	
8	0	0	0	0	505	540	
9	0	0	0	0	497	541	
10	0	0	0	0	488	544	
11	0	0	0	0	479	545	
12	0	0	0	0	471	550	
13	0	0	0	0	464	551	
14	0	0	0	0	459	551	
15	0	0	0	0	455	544	
0	0	0	0	0	450	534	
1	0	0	0	0	445	523	
2	0	0	0	0	440	516	
3	0	0	0	0	440	516	
4	0	0	0	0	448	519	
5	0	0	0	0	459	521	
6	0	0	0	0	464	517	
7	0	0	0	0	469	516	
8	0	0	0	0	472	517	
9	0	0	0	0	476	516	
10	0	0	0	0	480	516	
11	0	0	0	0	483	510	
12	0	0	0	0	487	501	
13	0	0	0	0	489	491	
14	0	0	0	0	490	480	
15	0	0	0	0	495	470	
0	0	0	0	0	500	460	
1	0	0	0	0	500	452	
2	0	0	0	0	497	447	
3	0	0	0	0	492	442	
4	0	0	0	0	488	442	
5	0	0	0	0	486	440	
6	0	0	0	0	486	439	
7	0	0	0	0	487	442	
8	0	0	0	0	489	451	
9	0	0	0	0	489	463	
10	0	0	0	0	485	477	
11	0	0	0	0	481	494	
12	0	0	0	0	473	506	
13	0	0	0	0	466	511	
14	0	0	0	0	465	514	
15	0	0	0	0	466	512	
0	0	0	0	0	468	508	
1	0	0	0	0	473	502	
2	0	0	0	0	482	495	
3	0	0	0	0	492	492	
4	0	0	0	0	500	488	
5	0	0	0	0	500	481	
6	0	0	0	0	494	475	
7	0	0	0	0	486	466	
8	0	0	0	0	480	461	
9	0	0	0	0	477	457	
10	0	0	0	0	475	453	
11	0	0	0	0	473	446	
12	0	0	0	0	465	439	
13	0	0	0	0	459	428	
14	0	0	0	0	458	419	
15	0	0	0	0	459	417	
0	0	0	0	0	467	424	
1	0	0	0	0	479	439	
2	0	0	0	0	495	455	
3	0	0	0	0	510	474	
4	0	0	0	0	525	492	
5	0	0	0	0	534	508	
6	0	0	0	0	543	522	
7	0	0	0	0	550	530	
8	0	0	0	0	554	534	
9	0	0	0	0	557	531	
10	0	0	0	0	557	522	
11	0	0	0	0	557	511	
12	0	0	0	0	556	501	
13	0	0	0	0	553	489	
14	0	0	0	0	552	482	
15	0	0	0	0	552	478	
0	0	0	0	0	551	479	
1	0	0	0	0	547	481	
2	0	0	0	0	547	478	
3	0	0	0	0	548	473	
4	0	0	0	0	548	473	
5	0	0	0	0	544	471	
6	0	0	0	0	535	463	
7	0	0	0	0	523	452	
8	0	0	0	0	510	442	
9	0	0	0	0	503	438	
10	0	0	0	0	500	435	
11	0	0	0	0	499	435	
12	0	0	0	0	497	437	
13	0	0	0	0	494	437	
14	0	0	0	0	487	439	
15	0	0	0	0	482	443	
0	0	0	0	0	478	449	
1	0	0	0	0	474	456	
2	0	0	0	0	473	468	
3	0	0	0	0	481	485	
4	0	0	0	0	490	498	
5	0	0	0	0	499	508	
6	0	0	0	0	502	514	
7	0	0	0	0	502	520	
8	0	0	0	0	499	521	
9	0	0	0	0	496	516	
10	0	0	0	0	494	507	
11	0	0	0	0	491	502	
12	0	0	0	0	489	499	
13	0	0	0	0	487	500	
14	0	0	0	0	484	501	
15	0	0	0	0	483	498	
0	0	0	0	0	480	487	
1	0	0	0	0	478	473	
2	0	0	0	0	473	462	
3	0	0	0	0	472	455	
4	0	0	0	0	476	449	
5	0	0	0	0	480	445	
6	0	0	0	0	483	444	
7	0	0	0	0	489	447	
8	0	0	0	0	494	455	
9	0	0	0	0	499	466	
10	0	0	0	0	504	476	
11	0	0	0	0	507	480	
12	0	0	0	0	508	480	
13	0	0	0	0	508	482	
14	0	0	0	0	512	487	
15	0	0	0	0	520	495	
0	0	0	0	0	532	507	
1	0	0	0	0	538	519	
2	0	0	0	0	538	530	
3	0	0	0	0	535	538	
4	0	0	0	0	529	546	
5	0	0	0	0	521	552	
6	0	0	0	0	512	557	
7	0	0	0	0	503	563	
8	0	0	0	0	497	564	
9	0	0	0	0	492	560	
10	0	0	0	0	494	551	
11	0	0	0	0	499	543	
12	0	0	0	0	505	532	
13	0	0	0	0	511	526	
14	0	0	0	0	517	522	
15	0	0	0	0	519	519	
0	0	0	0	0	520	515	
1	0	0	0	0	523	505	
2	0	0	0	0	523	494	
3	0	0	0	0	517	487	
4	0	0	0	0	512	484	
5	0	0	0	0	505	483	
6	0	0	0	0	495	479	
7	0	0	0	0	483	472	
8	0	0	0	0	473	464	
9	0	0	0	0	466	460	
10	0	0	0	0	462	459	
11	0	0	0	0	461	463	
12	0	0	0	0	467	476	
13	0	0	0	0	475	493	
14	0	0	0	0	487	509	
15	0	0	0	0	497	521	
0	0	0	0	0	507	529	
1	0	0	0	0	514	536	
2	0	0	0	0	521	540	
3	0	0	0	0	525	540	
4	0	0	0	0	527	545	
5	0	0	0	0	525	553	
6	0	0	0	0	524	557	
7	0	0	0	0	523	559	
8	0	0	0	0	525	560	
9	0	0	0	0	527	556	
10	0	0	0	0	526	551	
11	0	0	0	0	523	545	
12	0	0	0	0	518	536	
13	0	0	0	0	516	530	
14	0	0	0	0	515	527	
15	0	0	0	0	516	527	
0	0	0	0	0	519	525	
1	0	0	0	0	521	524	
2	0	0	0	0	521	520	
3	0	0	0	0	518	519	
4	0	0	0	0	514	519	
5	0	0	0	0	513	515	
6	0	0	0	0	512	511	
7	0	0	0	0	512	507	
8	0	0	0	0	511	499	
9	0	0	0	0	512	494	
10	0	0	0	0	517	493	
11	0	0	0	0	522	497	
12	0	0	0	0	523	508	
13	0	0	0	0	519	521	
14	0	0	0	0	509	532	
15	0	0	0	0	499	542	
0	0	0	0	0	494	543	
1	0	0	0	0	498	539	
2	0	0	0	0	504	531	
3	0	0	0	0	511	517	
4	0	0	0	0	515	506	
5	0	0	0	0	519	497	
6	0	0	0	0	516	488	
7	0	0	0	0	512	472	
8	0	0	0	0	508	449	
9	0	0	0	0	500	427	
10	0	0	0	0	492	410	
11	0	0	0	0	483	400	
12	0	0	0	0	476	395	
13	0	0	0	0	472	391	
14	0	0	0	0	475	395	
15	0	0	0	0	480	396	
0	0	0	0	0	491	392	
1	0	0	0	0	502	393	
2	0	0	0	0	510	391	
3	0	0	0	0	516	395	
4	0	0	0	0	521	399	
5	0	0	0	0	523	406	
6	0	0	0	0	527	416	
7	0	0	0	0	524	432	
8	0	0	0	0	520	451	
9	0	0	0	0	515	468	
10	0	0	0	0	514	481	
11	0	0	0	0	512	493	
12	0	0	0	0	512	508	
13	0	0	0	0	516	524	
14	0	0	0	0	522	538	
15	0	0	0	0	526	544	
0	0	0	0	0	529	546	
1	0	0	0	0	526	547	
2	0	0	0	0	520	544	
3	0	0	0	0	515	540	
4	0	0	0	0	511	539	
5	0	0	0	0	505	540	
6	0	0	0	0	506	543	
7	0	0	0	0	510	544	
8	0	0	0	0	513	539	
9	0	0	0	0	518	534	
10	0	0	0	0	526	528	
11	0	0	0	0	532	519	
12	0	0	0	0	535	509	
13	0	0	0	0	532	497	
14	0	0	0	0	531	488	
15	0	0	0	0	530	475	
0	0	0	0	0	526	459	
1	0	0	0	0	520	448	
2	0	0	0	0	514	438	
3	0	0	0	0	510	433	
4	0	0	0	0	507	435	
5	0	0	0	0	504	445	
6	0	0	0	0	500	460	
7	0	0	0	0	498	479	
8	0	0	0	0	496	498	
9	0	0	0	0	491	515	
10	0	0	0	0	483	531	
11	0	0	0	0	474	547	
12	0	0	0	0	465	558	
13	0	0	0	0	462	566	
14	0	0	0	0	458	570	
15	0	0	0	0	458	575	
0	0	0	0	0	468	582	
1	0	0	0	0	482	583	
2	0	0	0	0	492	582	
3	0	0	0	0	501	578	
4	0	0	0	0	511	576	
5	0	0	0	0	519	565	
6	0	0	0	0	523	550	
7	0	0	0	0	529	536	
8	0	0	0	0	531	523	
9	0	0	0	0	531	512	
10	0	0	0	0	531	503	
11	0	0	0	0	530	493	
12	0	0	0	0	527	484	
13	0	0	0	0	521	473	
14	0	0	0	0	515	463	
15	0	0	0	0	507	451	
0	0	0	0	0	495	440	
1	0	0	0	0	484	432	
2	0	0	0	0	473	426	
3	0	0	0	0	464	424	
4	0	0	0	0	457	428	
5	0	0	0	0	451	435	
6	0	0	0	0	448	449	
7	0	0	0	0	449	469	
8	0	0	0	0	451	492	
9	0	0	0	0	455	510	
10	0	0	0	0	460	522	
11	0	0	0	0	470	531	
12	0	0	0	0	480	533	
13	0	0	0	0	487	531	
14	0	0	0	0	492	532	
15	0	0	0	0	496	528	
0	0	0	0	0	500	524	
1	0	0	0	0	501	519	
2	0	0	0	0	499	516	
3	0	0	0	0	500	518	
4	0	0	0	0	498	522	
5	0	0	0	0	498	525	
6	0	0	0	0	500	529	
7	0	0	0	0	500	533	
8	0	0	0	0	499	535	
9	0	0	0	0	499	538	
10	0	0	0	0	503	542	
11	0	0	0	0	503	548	
12	0	0	0	0	503	551	
13	0	0	0	0	504	554	
14	0	0	0	0	504	555	
15	0	0	0	0	499	551	
0	0	0	0	0	491	541	
1	0	0	0	0	481	531	
2	0	0	0	0	470	519	
3	0	0	0	0	465	508	
4	0	0	0	0	464	501	
5	0	0	0	0	466	498	
6	0	0	0	0	470	495	
7	0	0	0	0	472	493	
8	0	0	0	0	473	492	
9	0	0	0	0	475	487	
10	0	0	0	0	477	487	
11	0	0	0	0	479	487	
12	0	0	0	0	482	490	
13	0	0	0	0	485	493	
14	0	0	0	0	490	499	
15	0	0	0	0	500	503	
0	0	0	0	0	511	505	
1	0	0	0	0	519	505	
2	0	0	0	0	522	501	
3	0	0	0	0	525	498	
4	0	0	0	0	529	498	
5	0	0	0	0	532	497	
6	0	0	0	0	533	495	
7	0	0	0	0	533	492	
8	0	0	0	0	528	487	
9	0	0	0	0	520	483	
10	0	0	0	0	513	479	
11	0	0	0	0	505	476	
12	0	0	0	0	495	473	
13	0	0	0	0	485	475	
14	0	0	0	0	481	479	
15	0	0	0	0	487	487	
0	0	0	0	0	494	494	
1	0	0	0	0	502	500	
2	0	0	0	0	505	506	
3	0	0	0	0	506	512	
4	0	0	0	0	504	515	
5	0	0	0	0	503	509	
6	0	0	0	0	500	499	
7	0	0	0	0	500	488	
8	0	0	0	0	502	483	
9	0	0	0	0	498	486	
10	0	0	0	0	493	493	
11	0	0	0	0	486	497	
12	0	0	0	0	479	503	
13	0	0	0	0	472	510	
14	0	0	0	0	467	515	
15	0	0	0	0	461	514	
0	0	0	0	0	453	516	
1	0	0	0	0	450	520	
2	0	0	0	0	451	524	
3	0	0	0	0	455	531	
4	0	0	0	0	460	544	
5	0	0	0	0	470	558	
6	0	0	0	0	485	570	
7	0	0	0	0	499	579	
8	0	0	0	0	514	585	
9	0	0	0	0	526	587	
10	0	0	0	0	536	580	
11	0	0	0	0	544	573	
12	0	0	0	0	552	567	
13	0	0	0	0	558	560	
14	0	0	0	0	560	550	
15	0	0	0	0	551	535	
0	0	0	0	0	543	518	
1	0	0	0	0	533	504	
2	0	0	0	0	523	495	
3	0	0	0	0	512	494	
4	0	0	0	0	504	496	
5	0	0	0	0	499	504	
6	0	0	0	0	498	515	
7	0	0	0	0	496	527	
8	0	0	0	0	493	534	
9	0	0	0	0	489	539	
10	0	0	0	0	486	543	
11	0	0	0	0	480	551	
12	0	0	0	0	478	555	
13	0	0	0	0	479	555	
14	0	0	0	0	480	548	
15	0	0	0	0	485	539	
0	0	0	0	0	493	529	
1	0	0	0	0	499	521	
2	0	0	0	0	505	513	
3	0	0	0	0	511	508	
4	0	0	0	0	519	505	
5	0	0	0	0	527	503	
6	0	0	0	0	535	501	
7	0	0	0	0	538	502	
8	0	0	0	0	539	508	
9	0	0	0	0	534	513	
10	0	0	0	0	527	519	
11	0	0	0	0	521	523	
12	0	0	0	0	517	524	
13	0	0	0	0	516	520	
14	0	0	0	0	518	510	
15	0	0	0	0	518	500	
0	0	0	0	0	518	494	
1	0	0	0	0	517	492	
2	0	0	0	0	515	495	
3	0	0	0	0	510	503	
4	0	0	0	0	503	517	
5	0	0	0	0	498	529	
6	0	0	0	0	494	539	
7	0	0	0	0	489	545	
8	0	0	0	0	485	547	
9	0	0	0	0	480	547	
10	0	0	0	0	480	548	
11	0	0	0	0	482	549	
12	0	0	0	0	486	551	
13	0	0	0	0	493	551	
14	0	0	0	0	497	548	
15	0	0	0	0	504	542	
0	0	0	0	0	512	536	
1	0	0	0	0	521	535	
2	0	0	0	0	533	535	
3	0	0	0	0	543	534	
4	0	0	0	0	549	528	
5	0	0	0	0	553	524	
6	0	0	0	0	553	525	
7	0	0	0	0	551	535	
8	0	0	0	0	545	544	
9	0	0	0	0	536	547	
10	0	0	0	0	527	540	
11	0	0	0	0	516	531	
12	0	0	0	0	503	524	
13	0	0	0	0	493	521	
14	0	0	0	0	485	522	
15	0	0	0	0	478	526	
0	0	0	0	0	472	533	
1	0	0	0	0	469	540	
2	0	0	0	0	460	547	
3	0	0	0	0	451	548	
4	0	0	0	0	442	550	
5	0	0	0	0	432	547	
6	0	0	0	0	421	544	
7	0	0	0	0	409	540	
8	0	0	0	0	400	533	
9	0	0	0	0	396	522	
10	0	0	0	0	392	510	
11	0	0	0	0	391	500	
12	0	0	0	0	387	493	
13	0	0	0	0	386	489	
14	0	0	0	0	387	483	
15	0	0	0	0	396	486	
0	0	0	0	0	405	494	
1	0	0	0	0	415	502	
2	0	0	0	0	423	509	
3	0	0	0	0	431	510	
4	0	0	0	0	433	507	
5	0	0	0	0	430	499	
6	0	0	0	0	426	487	
7	0	0	0	0	423	472	
8	0	0	0	0	430	461	
9	0	0	0	0	441	460	
10	0	0	0	0	451	467	
11	0	0	0	0	462	478	
12	0	0	0	0	470	490	
13	0	0	0	0	475	501	
14	0	0	0	0	476	508	
15	0	0	0	0	476	515	
0	0	0	0	0	470	519	
1	0	0	0	0	467	527	
2	0	0	0	0	467	536	
3	0	0	0	0	465	542	
4	0	0	0	0	463	547	
5	0	0	0	0	461	556	
6	0	0	0	0	460	566	
7	0	0	0	0	459	574	
8	0	0	0	0	459	580	
9	0	0	0	0	456	583	
10	0	0	0	0	454	585	
11	0	0	0	0	451	584	
12	0	0	0	0	450	586	
13	0	0	0	0	447	585	
14	0	0	0	0	443	582	
15	0	0	0	0	441	578	
0	0	0	0	0	441	574	
1	0	0	0	0	443	569	
2	0	0	0	0	443	571	
3	0	0	0	0	442	577	
4	0	0	0	0	440	586	
5	0	0	0	0	439	593	
6	0	0	0	0	439	600	
7	0	0	0	0	435	606	
8	0	0	0	0	436	603	
9	0	0	0	0	439	599	
10	0	0	0	0	443	594	
11	0	0	0	0	442	584	
12	0	0	0	0	438	574	
13	0	0	0	0	435	556	
14	0	0	0	0	438	536	
15	0	0	0	0	440	516	
0	0	0	0	0	440	503	
1	0	0	0	0	440	496	
2	0	0	0	0	441	495	
3	0	0	0	0	442	495	
4	0	0	0	0	445	500	
5	0	0	0	0	448	510	
6	0	0	0	0	453	522	
7	0	0	0	0	458	532	
8	0	0	0	0	459	535	
9	0	0	0	0	457	538	
10	0	0	0	0	449	546	
11	0	0	0	0	439	556	
12	0	0	0	0	433	564	
13	0	0	0	0	429	563	
14	0	0	0	0	428	558	
15	0	0	0	0	432	552	
0	0	0	0	0	432	542	
1	0	0	0	0	435	538	
2	0	0	0	0	439	535	
3	0	0	0	0	444	535	
4	0	0	0	0	448	536	
5	0	0	0	0	449	537	
6	0	0	0	0	452	534	
7	0	0	0	0	449	527	
8	0	0	0	0	449	523	
9	0	0	0	0	453	522	
10	0	0	0	0	455	521	
11	0	0	0	0	463	520	
12	0	0	0	0	470	519	
13	0	0	0	0	476	513	
14	0	0	0	0	475	508	
15	0	0	0	0	473	506	
0	0	0	0	0	472	509	
1	0	0	0	0	470	515	
2	0	0	0	0	471	525	
3	0	0	0	0	473	539	
4	0	0	0	0	474	549	
5	0	0	0	0	472	556	
6	0	0	0	0	465	557	
7	0	0	0	0	460	552	
8	0	0	0	0	451	544	
9	0	0	0	0	436	527	
10	0	0	0	0	424	515	
11	0	0	0	0	413	503	
12	0	0	0	0	404	496	
13	0	0	0	0	402	493	
14	0	0	0	0	400	494	
15	0	0	0	0	401	495	
0	0	0	0	0	405	491	
1	0	0	0	0	412	484	
2	0	0	0	0	423	485	
3	0	0	0	0	437	486	
4	0	0	0	0	448	489	
5	0	0	0	0	458	494	
6	0	0	0	0	469	502	
7	0	0	0	0	477	507	
8	0	0	0	0	481	508	
9	0	0	0	0	481	501	
10	0	0	0	0	480	496	
11	0	0	0	0	478	489	
12	0	0	0	0	477	487	
13	0	0	0	0	479	488	
14	0	0	0	0	483	495	
15	0	0	0	0	488	502	
0	0	0	0	0	493	504	
1	0	0	0	0	492	505	
2	0	0	0	0	488	513	
3	0	0	0	0	485	526	
4	0	0	0	0	477	538	
5	0	0	0	0	467	545	
6	0	0	0	0	455	546	
7	0	0	0	0	445	551	
8	0	0	0	0	438	559	
9	0	0	0	0	435	563	
10	0	0	0	0	434	571	
11	0	0	0	0	433	579	
12	0	0	0	0	431	579	
13	0	0	0	0	429	574	
14	0	0	0	0	432	562	
15	0	0	0	0	436	547	
0	0	0	0	0	440	531	
1	0	0	0	0	448	517	
2	0	0	0	0	457	505	
3	0	0	0	0	465	499	
4	0	0	0	0	472	494	
5	0	0	0	0	480	492	
6	0	0	0	0	480	488	
7	0	0	0	0	479	484	
8	0	0	0	0	478	482	
9	0	0	0	0	477	480	
10	0	0	0	0	469	477	
11	0	0	0	0	460	471	
12	0	0	0	0	457	468	
13	0	0	0	0	455	465	
14	0	0	0	0	451	464	
15	0	0	0	0	447	474	
0	0	0	0	0	440	493	
1	0	0	0	0	435	521	
2	0	0	0	0	427	547	
3	0	0	0	0	419	568	
4	0	0	0	0	413	588	
5	0	0	0	0	413	608	
6	0	0	0	0	416	615	
7	0	0	0	0	421	617	
8	0	0	0	0	432	616	
9	0	0	0	0	440	614	
10	0	0	0	0	447	610	
11	0	0	0	0	454	608	
12	0	0	0	0	458	606	
13	0	0	0	0	462	607	
14	0	0	0	0	464	605	
15	0	0	0	0	463	600	
0	0	0	0	0	463	589	
1	0	0	0	0	463	568	
2	0	0	0	0	460	546	
3	0	0	0	0	456	531	
4	0	0	0	0	455	524	
5	0	0	0	0	452	526	
6	0	0	0	0	449	532	
7	0	0	0	0	449	542	
8	0	0	0	0	451	555	
9	0	0	0	0	456	568	
10	0	0	0	0	463	578	
11	0	0	0	0	467	584	
12	0	0	0	0	469	589	
13	0	0	0	0	473	593	
14	0	0	0	0	477	591	
15	0	0	0	0	481	587	
0	0	0	0	0	481	579	
1	0	0	0	0	480	567	
2	0	0	0	0	480	554	
3	0	0	0	0	475	543	
4	0	0	0	0	468	537	
5	0	0	0	0	460	538	
6	0	0	0	0	454	544	
7	0	0	0	0	447	550	
8	0	0	0	0	444	554	
9	0	0	0	0	443	558	
10	0	0	0	0	444	561	
11	0	0	0	0	447	566	
12	0	0	0	0	451	571	
13	0	0	0	0	457	577	
14	0	0	0	0	462	582	
15	0	0	0	0	464	584	
0	0	0	0	0	469	585	
1	0	0	0	0	475	588	
2	0	0	0	0	480	589	
3	0	0	0	0	485	590	
4	0	0	0	0	488	585	
5	0	0	0	0	489	582	
6	0	0	0	0	487	580	
7	0	0	0	0	484	580	
8	0	0	0	0	479	580	
9	0	0	0	0	476	582	
10	0	0	0	0	472	582	
11	0	0	0	0	471	585	
12	0	0	0	0	466	585	
13	0	0	0	0	458	585	
14	0	0	0	0	449	583	
15	0	0	0	0	444	580	
0	0	0	0	0	443	574	
1	0	0	0	0	445	568	
2	0	0	0	0	446	561	
3	0	0	0	0	451	556	
4	0	0	0	0	460	553	
5	0	0	0	0	473	554	
6	0	0	0	0	483	554	
7	0	0	0	0	489	555	
8	0	0	0	0	492	558	
9	0	0	0	0	489	560	
10	0	0	0	0	492	562	
11	0	0	0	0	500	561	
12	0	0	0	0	509	558	
13	0	0	0	0	511	553	
14	0	0	0	0	510	547	
15	0	0	0	0	508	539	
0	0	0	0	0	505	531	
1	0	0	0	0	503	523	
2	0	0	0	0	498	515	
3	0	0	0	0	491	508	
4	0	0	0	0	482	504	
5	0	0	0	0	475	503	
6	0	0	0	0	467	507	
7	0	0	0	0	458	515	
8	0	0	0	0	454	524	
9	0	0	0	0	453	533	
10	0	0	0	0	457	539	
11	0	0	0	0	461	543	
12	0	0	0	0	456	547	
13	0	0	0	0	454	551	
14	0	0	0	0	455	558	
15	0	0	0	0	461	564	
0	0	0	0	0	462	572	
1	0	0	0	0	456	573	
2	0	0	0	0	441	563	
3	0	0	0	0	424	551	
4	0	0	0	0	411	539	
5	0	0	0	0	399	525	
6	0	0	0	0	390	512	
7	0	0	0	0	386	504	
8	0	0	0	0	384	497	
9	0	0	0	0	387	499	
10	0	0	0	0	392	507	
11	0	0	0	0	397	516	
12	0	0	0	0	404	524	
13	0	0	0	0	410	531	
14	0	0	0	0	413	539	
15	0	0	0	0	412	545	
0	0	0	0	0	408	548	
1	0	0	0	0	400	547	
2	0	0	0	0	394	541	
3	0	0	0	0	387	538	
4	0	0	0	0	384	536	
5	0	0	0	0	387	538	
6	0	0	0	0	389	539	
7	0	0	0	0	392	545	
8	0	0	0	0	396	553	
9	0	0	0	0	399	561	
10	0	0	0	0	401	565	
11	0	0	0	0	403	569	
12	0	0	0	0	402	573	
13	0	0	0	0	398	574	
14	0	0	0	0	392	573	
15	0	0	0	0	386	563	
0	0	0	0	0	381	555	
1	0	0	0	0	378	558	
2	0	0	0	0	378	561	
3	0	0	0	0	384	568	
4	0	0	0	0	391	576	
5	0	0	0	0	393	580	
6	0	0	0	0	393	579	
7	0	0	0	0	388	580	
8	0	0	0	0	383	575	
9	0	0	0	0	382	567	
10	0	0	0	0	379	551	
11	0	0	0	0	379	543	
12	0	0	0	0	378	536	
13	0	0	0	0	375	528	
14	0	0	0	0	374	517	
15	0	0	0	0	375	508	
0	0	0	0	0	378	503	
1	0	0	0	0	381	502	
2	0	0	0	0	377	501	
3	0	0	0	0	367	504	
4	0	0	0	0	359	510	
5	0	0	0	0	354	514	
6	0	0	0	0	351	516	
7	0	0	0	0	348	516	
8	0	0	0	0	346	521	
9	0	0	0	0	347	528	
10	0	0	0	0	350	531	
11	0	0	0	0	353	531	
12	0	0	0	0	355	527	
13	0	0	0	0	356	518	
14	0	0	0	0	361	504	
15	0	0	0	0	371	494	
0	0	0	0	0	384	484	
1	0	0	0	0	397	485	
2	0	0	0	0	402	486	
3	0	0	0	0	402	492	
4	0	0	0	0	399	497	
5	0	0	0	0	399	502	
6	0	0	0	0	400	508	
7	0	0	0	0	404	514	
8	0	0	0	0	408	521	
9	0	0	0	0	413	529	
10	0	0	0	0	415	527	
11	0	0	0	0	415	525	
12	0	0	0	0	417	523	
13	0	0	0	0	421	523	
14	0	0	0	0	428	524	
15	0	0	0	0	432	521	
0	0	0	0	0	435	521	
1	0	0	0	0	436	519	
2	0	0	0	0	440	513	
3	0	0	0	0	444	502	
4	0	0	0	0	449	496	
5	0	0	0	0	454	496	
6	0	0	0	0	464	497	
7	0	0	0	0	472	506	
8	0	0	0	0	477	513	
9	0	0	0	0	483	516	
10	0	0	0	0	485	518	
11	0	0	0	0	483	520	
12	0	0	0	0	481	525	
13	0	0	0	0	478	528	
14	0	0	0	0	474	528	
15	0	0	0	0	470	526	
0	0	0	0	0	466	515	
1	0	0	0	0	468	502	
2	0	0	0	0	472	491	
3	0	0	0	0	468	479	
4	0	0	0	0	464	470	
5	0	0	0	0	461	463	
6	0	0	0	0	457	457	
7	0	0	0	0	454	456	
8	0	0	0	0	452	462	
9	0	0	0	0	449	476	
10	0	0	0	0	444	497	
11	0	0	0	0	446	520	
12	0	0	0	0	448	542	
13	0	0	0	0	451	561	
14	0	0	0	0	457	579	
15	0	0	0	0	466	588	
0	0	0	0	0	478	588	
1	0	0	0	0	487	578	
2	0	0	0	0	494	561	
3	0	0	0	0	496	540	
4	0	0	0	0	498	520	
5	0	0	0	0	499	507	
6	0	0	0	0	496	497	
7	0	0	0	0	491	487	
8	0	0	0	0	488	479	
9	0	0	0	0	486	473	
10	0	0	0	0	486	467	
11	0	0	0	0	483	457	
12	0	0	0	0	474	444	
13	0	0	0	0	465	435	
14	0	0	0	0	455	430	
15	0	0	0	0	446	428	
0	0	0	0	0	441	430	
1	0	0	0	0	440	429	
2	0	0	0	0	443	431	
3	0	0	0	0	445	435	
4	0	0	0	0	448	441	
5	0	0	0	0	453	448	
6	0	0	0	0	459	459	
7	0	0	0	0	461	468	
8	0	0	0	0	465	478	
9	0	0	0	0	470	486	
10	0	0	0	0	478	494	
11	0	0	0	0	489	501	
12	0	0	0	0	499	508	
13	0	0	0	0	504	509	
14	0	0	0	0	504	507	
15	0	0	0	0	502	505	
0	0	0	0	0	500	507	
1	0	0	0	0	499	508	
2	0	0	0	0	498	508	
3	0	0	0	0	503	508	
4	0	0	0	0	513	508	
5	0	0	0	0	519	509	
6	0	0	0	0	519	509	
7	0	0	0	0	515	506	
8	0	0	0	0	511	506	
9	0	0	0	0	508	508	
10	0	0	0	0	507	508	
11	0	0	0	0	509	501	
12	0	0	0	0	510	490	
13	0	0	0	0	510	478	
14	0	0	0	0	510	467	
15	0	0	0	0	510	458	
0	0	0	0	0	507	449	
1	0	0	0	0	504	444	
2	0	0	0	0	500	437	
3	0	0	0	0	499	437	
4	0	0	0	0	504	441	
5	0	0	0	0	511	453	
6	0	0	0	0	515	467	
7	0	0	0	0	516	484	
8	0	0	0	0	519	504	
9	0	0	0	0	519	526	
10	0	0	0	0	518	545	
11	0	0	0	0	515	554	
12	0	0	0	0	516	555	
13	0	0	0	0	515	554	
14	0	0	0	0	514	550	
15	0	0	0	0	509	543	
0	0	0	0	0	507	536	
1	0	0	0	0	508	529	
2	0	0	0	0	510	526	
3	0	0	0	0	508	528	
4	0	0	0	0	503	532	
5	0	0	0	0	500	534	
6	0	0	0	0	501	532	
7	0	0	0	0	504	533	
8	0	0	0	0	510	536	
9	0	0	0	0	517	531	
10	0	0	0	0	522	524	
11	0	0	0	0	525	513	
12	0	0	0	0	525	499	
13	0	0	0	0	525	487	
14	0	0	0	0	527	480	
15	0	0	0	0	531	476	
0	0	0	0	0	534	474	
1	0	0	0	0	538	467	
2	0	0	0	0	539	458	
3	0	0	0	0	541	451	
4	0	0	0	0	545	447	
5	0	0	0	0	549	446	
6	0	0	0	0	557	458	
7	0	0	0	0	565	470	
8	0	0	0	0	572	486	
9	0	0	0	0	577	504	
10	0	0	0	0	575	516	
11	0	0	0	0	573	523	
12	0	0	0	0	574	527	
13	0	0	0	0	578	528	
14	0	0	0	0	579	523	
15	0	0	0	0	580	511	
0	0	0	0	0	585	500	
1	0	0	0	0	583	494	
2	0	0	0	0	582	492	
3	0	0	0	0	576	491	
4	0	0	0	0	567	493	
5	0	0	0	0	553	494	
6	0	0	0	0	542	494	
7	0	0	0	0	531	497	
8	0	0	0	0	520	505	
9	0	0	0	0	513	513	
10	0	0	0	0	511	521	
11	0	0	0	0	515	533	
12	0	0	0	0	523	547	
13	0	0	0	0	531	558	
14	0	0	0	0	539	564	
15	0	0	0	0	547	564	
0	0	0	0	0	555	562	
1	0	0	0	0	564	560	
2	0	0	0	0	573	560	
3	0	0	0	0	576	555	
4	0	0	0	0	577	550	
5	0	0	0	0	577	547	
6	0	0	0	0	575	545	
7	0	0	0	0	572	544	
8	0	0	0	0	570	540	
9	0	0	0	0	566	534	
10	0	0	0	0	560	524	
11	0	0	0	0	552	517	
12	0	0	0	0	544	515	
13	0	0	0	0	541	518	
14	0	0	0	0	541	528	
15	0	0	0	0	542	538	
0	0	0	0	0	546	549	
1	0	0	0	0	551	562	
2	0	0	0	0	557	572	
3	0	0	0	0	559	580	
4	0	0	0	0	560	584	
5	0	0	0	0	556	587	
6	0	0	0	0	552	590	
7	0	0	0	0	550	591	
8	0	0	0	0	544	591	
9	0	0	0	0	541	582	
10	0	0	0	0	539	562	
11	0	0	0	0	537	536	
12	0	0	0	0	534	510	
13	0	0	0	0	534	487	
14	0	0	0	0	536	463	
15	0	0	0	0	541	446	
0	0	0	0	0	543	442	
1	0	0	0	0	550	438	
2	0	0	0	0	551	439	
3	0	0	0	0	550	440	
4	0	0	0	0	552	443	
5	0	0	0	0	554	452	
6	0	0	0	0	559	462	
7	0	0	0	0	567	471	
8	0	0	0	0	575	480	
9	0	0	0	0	586	491	
10	0	0	0	0	597	499	
11	0	0	0	0	605	511	
12	0	0	0	0	610	517	
13	0	0	0	0	611	521	
14	0	0	0	0	608	525	
15	0	0	0	0	600	524	
0	0	0	0	0	591	522	
1	0	0	0	0	582	523	
2	0	0	0	0	571	524	
3	0	0	0	0	563	525	
4	0	0	0	0	561	527	
5	0	0	0	0	561	534	
6	0	0	0	0	564	537	
7	0	0	0	0	566	540	
8	0	0	0	0	565	539	
9	0	0	0	0	559	532	
10	0	0	0	0	556	525	
11	0	0	0	0	556	522	
12	0	0	0	0	560	528	
13	0	0	0	0	568	545	
14	0	0	0	0	573	561	
15	0	0	0	0	577	577	
0	0	0	0	0	575	588	
1	0	0	0	0	572	593	
2	0	0	0	0	567	593	
3	0	0	0	0	564	587	
4	0	0	0	0	558	574	
5	0	0	0	0	549	556	
6	0	0	0	0	540	540	
7	0	0	0	0	531	527	
8	0	0	0	0	526	514	
9	0	0	0	0	523	504	
10	0	0	0	0	519	497	
11	0	0	0	0	520	489	
12	0	0	0	0	520	486	
13	0	0	0	0	517	486	
14	0	0	0	0	515	492	
15	0	0	0	0	515	499	
0	0	0	0	0	515	503	
1	0	0	0	0	514	506	
2	0	0	0	0	516	511	
3	0	0	0	0	521	519	
4	0	0	0	0	527	524	
5	0	0	0	0	531	526	
6	0	0	0	0	534	531	
7	0	0	0	0	536	537	
8	0	0	0	0	536	542	
9	0	0	0	0	533	543	
10	0	0	0	0	531	539	
11	0	0	0	0	530	532	
12	0	0	0	0	528	524	
13	0	0	0	0	531	513	
14	0	0	0	0	539	505	
15	0	0	0	0	547	502	
0	0	0	0	0	550	503	
1	0	0	0	0	549	510	
2	0	0	0	0	548	519	
3	0	0	0	0	549	524	
4	0	0	0	0	552	524	
5	0	0	0	0	554	521	
6	0	0	0	0	558	514	
7	0	0	0	0	566	508	
8	0	0	0	0	576	503	
9	0	0	0	0	586	502	
10	0	0	0	0	595	499	
11	0	0	0	0	599	492	
12	0	0	0	0	600	481	
13	0	0	0	0	603	475	
14	0	0	0	0	606	477	
15	0	0	0	0	604	480	
0	0	0	0	0	597	480	
1	0	0	0	0	589	485	
2	0	0	0	0	581	491	
3	0	0	0	0	573	492	
4	0	0	0	0	563	493	
5	0	0	0	0	551	492	
6	0	0	0	0	545	489	
7	0	0	0	0	540	488	
8	0	0	0	0	539	489	
9	0	0	0	0	540	496	
10	0	0	0	0	544	504	
11	0	0	0	0	548	512	
12	0	0	0	0	553	519	
13	0	0	0	0	560	524	
14	0	0	0	0	565	533	
15	0	0	0	0	571	540	
0	0	0	0	0	579	543	
1	0	0	0	0	588	543	
2	0	0	0	0	589	546	
3	0	0	0	0	582	553	
4	0	0	0	0	574	559	
5	0	0	0	0	567	556	
6	0	0	0	0	563	552	
7	0	0	0	0	560	544	
8	0	0	0	0	555	538	
9	0	0	0	0	553	531	
10	0	0	0	0	556	519	
11	0	0	0	0	560	507	
12	0	0	0	0	561	496	
13	0	0	0	0	558	488	
14	0	0	0	0	554	481	
15	0	0	0	0	550	474	
0	0	0	0	0	542	467	
1	0	0	0	0	533	461	
2	0	0	0	0	529	459	
3	0	0	0	0	523	458	
4	0	0	0	0	517	457	
5	0	0	0	0	515	458	
6	0	0	0	0	513	462	
7	0	0	0	0	517	468	
8	0	0	0	0	525	474	
9	0	0	0	0	534	476	
10	0	0	0	0	543	482	
11	0	0	0	0	556	496	
12	0	0	0	0	568	516	
13	0	0	0	0	578	540	
14	0	0	0	0	586	563	
15	0	0	0	0	589	583	
0	0	0	0	0	588	600	
1	0	0	0	0	582	615	
2	0	0	0	0	574	631	
3	0	0	0	0	566	636	
4	0	0	0	0	558	632	
5	0	0	0	0	555	626	
6	0	0	0	0	556	619	
7	0	0	0	0	558	612	
8	0	0	0	0	559	604	
9	0	0	0	0	560	594	
10	0	0	0	0	558	584	
11	0	0	0	0	560	573	
12	0	0	0	0	561	564	
13	0	0	0	0	560	553	
14	0	0	0	0	560	545	
15	0	0	0	0	554	536	
0	0	0	0	0	545	524	
1	0	0	0	0	536	507	
2	0	0	0	0	528	495	
3	0	0	0	0	524	486	
4	0	0	0	0	525	482	
5	0	0	0	0	531	485	
6	0	0	0	0	543	493	
7	0	0	0	0	561	502	
8	0	0	0	0	580	510	
9	0	0	0	0	593	513	
10	0	0	0	0	605	512	
11	0	0	0	0	615	509	
12	0	0	0	0	624	502	
13	0	0	0	0	631	493	
14	0	0	0	0	632	483	
15	0	0	0	0	628	474	
0	0	0	0	0	620	462	
1	0	0	0	0	608	451	
2	0	0	0	0	596	443	
3	0	0	0	0	589	432	
4	0	0	0	0	583	425	
5	0	0	0	0	574	422	
6	0	0	0	0	567	419	
7	0	0	0	0	561	414	
8	0	0	0	0	559	412	
9	0	0	0	0	559	413	
10	0	0	0	0	558	415	
11	0	0	0	0	558	418	
12	0	0	0	0	558	422	
13	0	0	0	0	563	431	
14	0	0	0	0	567	446	
15	0	0	0	0	568	461	
0	0	0	0	0	567	479	
1	0	0	0	0	561	495	
2	0	0	0	0	557	512	
3	0	0	0	0	553	531	
4	0	0	0	0	551	546	
5	0	0	0	0	553	559	
6	0	0	0	0	561	563	
7	0	0	0	0	573	563	
8	0	0	0	0	581	559	
9	0	0	0	0	587	555	
10	0	0	0	0	588	552	
11	0	0	0	0	590	547	
12	0	0	0	0	591	540	
13	0	0	0	0	592	531	
14	0	0	0	0	593	525	
15	0	0	0	0	592	518	
0	0	0	0	0	589	508	
1	0	0	0	0	587	491	
2	0	0	0	0	586	478	
3	0	0	0	0	584	468	
4	0	0	0	0	579	460	
5	0	0	0	0	575	450	
6	0	0	0	0	569	442	
7	0	0	0	0	562	433	
8	0	0	0	0	554	422	
9	0	0	0	0	548	415	
10	0	0	0	0	547	417	
11	0	0	0	0	542	423	
12	0	0	0	0	536	434	
13	0	0	0	0	527	441	
14	0	0	0	0	516	449	
15	0	0	0	0	511	462	
0	0	0	0	0	510	478	
1	0	0	0	0	511	498	
2	0	0	0	0	518	517	
3	0	0	0	0	530	528	
4	0	0	0	0	542	537	
5	0	0	0	0	550	543	
6	0	0	0	0	560	545	
7	0	0	0	0	563	543	
8	0	0	0	0	558	535	
9	0	0	0	0	552	520	
10	0	0	0	0	547	499	
11	0	0	0	0	542	475	
12	0	0	0	0	540	453	
13	0	0	0	0	540	435	
14	0	0	0	0	545	423	
15	0	0	0	0	558	415	
0	0	0	0	0	574	417	
1	0	0	0	0	583	424	
2	0	0	0	0	582	433	
3	0	0	0	0	577	445	
4	0	0	0	0	568	460	
5	0	0	0	0	560	481	
6	0	0	0	0	554	504	
7	0	0	0	0	553	529	
8	0	0	0	0	552	551	
9	0	0	0	0	553	567	
10	0	0	0	0	557	572	
11	0	0	0	0	559	567	
12	0	0	0	0	559	551	
13	0	0	0	0	559	525	
14	0	0	0	0	556	496	
15	0	0	0	0	555	467	
0	0	0	0	0	551	437	
1	0	0	0	0	549	412	
2	0	0	0	0	551	391	
3	0	0	0	0	559	380	
4	0	0	0	0	568	370	
5	0	0	0	0	575	366	
6	0	0	0	0	578	368	
7	0	0	0	0	579	372	
8	0	0	0	0	575	376	
9	0	0	0	0	573	375	
10	0	0	0	0	568	371	
11	0	0	0	0	563	374	
12	0	0	0	0	555	380	
13	0	0	0	0	548	388	
14	0	0	0	0	544	400	
15	0	0	0	0	542	406	
0	0	0	0	0	541	414	
1	0	0	0	0	542	422	
2	0	0	0	0	542	428	
3	0	0	0	0	538	434	
4	0	0	0	0	535	442	
5	0	0	0	0	529	448	
6	0	0	0	0	522	460	
7	0	0	0	0	516	470	
8	0	0	0	0	512	483	
9	0	0	0	0	508	499	
10	0	0	0	0	508	515	
11	0	0	0	0	509	527	
12	0	0	0	0	509	531	
13	0	0	0	0	511	528	
14	0	0	0	0	512	520	
15	0	0	0	0	511	510	
0	0	0	0	0	511	494	
1	0	0	0	0	512	478	
2	0	0	0	0	515	467	
3	0	0	0	0	515	466	
4	0	0	0	0	512	467	
5	0	0	0	0	502	469	
6	0	0	0	0	487	468	
7	0	0	0	0	471	468	
8	0	0	0	0	459	465	
9	0	0	0	0	451	463	
10	0	0	0	0	451	463	
11	0	0	0	0	456	465	
12	0	0	0	0	459	469	
13	0	0	0	0	462	471	
14	0	0	0	0	466	470	
15	0	0	0	0	471	470	
0	0	0	0	0	472	468	
1	0	0	0	0	472	465	
2	0	0	0	0	476	461	
3	0	0	0	0	481	458	
4	0	0	0	0	492	455	
5	0	0	0	0	504	456	
6	0	0	0	0	514	453	
7	0	0	0	0	517	443	
8	0	0	0	0	514	432	
9	0	0	0	0	511	428	
10	0	0	0	0	510	423	
11	0	0	0	0	509	423	
12	0	0	0	0	510	434	
13	0	0	0	0	515	446	
14	0	0	0	0	520	458	
15	0	0	0	0	523	470	
0	0	0	0	0	526	480	
1	0	0	0	0	525	492	
2	0	0	0	0	526	505	
3	0	0	0	0	527	519	
4	0	0	0	0	526	525	
5	0	0	0	0	524	528	
6	0	0	0	0	522	525	
7	0	0	0	0	519	521	
8	0	0	0	0	520	516	
9	0	0	0	0	526	512	
10	0	0	0	0	529	509	
11	0	0	0	0	530	508	
12	0	0	0	0	530	507	
13	0	0	0	0	526	506	
14	0	0	0	0	522	501	
15	0	0	0	0	518	494	
0	0	0	0	0	511	488	
1	0	0	0	0	507	486	
2	0	0	0	0	506	483	
3	0	0	0	0	507	480	
4	0	0	0	0	509	486	
5	0	0	0	0	509	490	
6	0	0	0	0	505	488	
7	0	0	0	0	499	484	
8	0	0	0	0	493	475	
9	0	0	0	0	486	466	
10	0	0	0	0	483	455	
11	0	0	0	0	482	441	
12	0	0	0	0	486	427	
13	0	0	0	0	488	416	
14	0	0	0	0	492	413	
15	0	0	0	0	495	417	
0	0	0	0	0	496	425	
1	0	0	0	0	498	444	
2	0	0	0	0	501	462	
3	0	0	0	0	503	480	
4	0	0	0	0	505	491	
5	0	0	0	0	513	504	
6	0	0	0	0	523	519	
7	0	0	0	0	529	530	
8	0	0	0	0	533	533	
9	0	0	0	0	535	535	
10	0	0	0	0	536	527	
11	0	0	0	0	538	517	
12	0	0	0	0	541	503	
13	0	0	0	0	543	491	
14	0	0	0	0	542	483	
15	0	0	0	0	543	478	
0	0	0	0	0	542	476	
1	0	0	0	0	543	470	
2	0	0	0	0	547	466	
3	0	0	0	0	556	462	
4	0	0	0	0	564	456	
5	0	0	0	0	570	454	
6	0	0	0	0	574	448	
7	0	0	0	0	575	440	
8	0	0	0	0	576	440	
9	0	0	0	0	574	433	
10	0	0	0	0	569	431	
11	0	0	0	0	560	429	
12	0	0	0	0	553	427	
13	0	0	0	0	550	428	
14	0	0	0	0	547	431	
15	0	0	0	0	548	438	
0	0	0	0	0	552	442	
1	0	0	0	0	557	451	
2	0	0	0	0	558	455	
3	0	0	0	0	560	456	
4	0	0	0	0	564	457	
5	0	0	0	0	565	462	
6	0	0	0	0	564	475	
7	0	0	0	0	566	485	
8	0	0	0	0	571	487	
9	0	0	0	0	578	487	
10	0	0	0	0	582	487	
11	0	0	0	0	585	488	
12	0	0	0	0	583	489	
13	0	0	0	0	582	487	
14	0	0	0	0	578	483	
15	0	0	0	0	574	478	
0	0	0	0	0	568	470	
1	0	0	0	0	556	465	
2	0	0	0	0	542	462	
3	0	0	0	0	529	461	
4	0	0	0	0	522	465	
5	0	0	0	0	525	475	
6	0	0	0	0	532	482	
7	0	0	0	0	540	491	
8	0	0	0	0	545	497	
9	0	0	0	0	551	504	
10	0	0	0	0	551	511	
11	0	0	0	0	543	514	
12	0	0	0	0	536	515	
13	0	0	0	0	528	514	
14	0	0	0	0	528	515	
15	0	0	0	0	529	512	
0	0	0	0	0	529	508	
1	0	0	0	0	531	506	
2	0	0	0	0	540	504	
3	0	0	0	0	550	504	
4	0	0	0	0	561	501	
5	0	0	0	0	575	498	
6	0	0	0	0	578	497	
7	0	0	0	0	575	497	
8	0	0	0	0	574	503	
9	0	0	0	0	568	515	
10	0	0	0	0	564	530	
11	0	0	0	0	563	540	
12	0	0	0	0	561	542	
13	0	0	0	0	556	547	
14	0	0	0	0	556	551	
15	0	0	0	0	555	551	
0	0	0	0	0	557	549	
1	0	0	0	0	559	545	
2	0	0	0	0	559	536	
3	0	0	0	0	563	524	
4	0	0	0	0	568	507	
5	0	0	0	0	568	491	
6	0	0	0	0	569	479	
7	0	0	0	0	576	467	
8	0	0	0	0	579	460	
9	0	0	0	0	578	460	
10	0	0	0	0	575	459	
11	0	0	0	0	571	458	
12	0	0	0	0	568	455	
13	0	0	0	0	568	456	
14	0	0	0	0	566	459	
15	0	0	0	0	567	460	
0	0	0	0	0	568	461	
1	0	0	0	0	566	465	
2	0	0	0	0	561	466	
3	0	0	0	0	555	462	
4	0	0	0	0	551	456	
5	0	0	0	0	546	452	
6	0	0	0	0	542	455	
7	0	0	0	0	544	465	
8	0	0	0	0	547	475	
9	0	0	0	0	551	489	
10	0	0	0	0	558	498	
11	0	0	0	0	561	502	
12	0	0	0	0	564	505	
13	0	0	0	0	568	504	
14	0	0	0	0	568	501	
15	0	0	0	0	566	497	
0	0	0	0	0	564	491	
1	0	0	0	0	562	484	
2	0	0	0	0	555	476	
3	0	0	0	0	547	467	
4	0	0	0	0	535	460	
5	0	0	0	0	524	457	
6	0	0	0	0	516	456	
7	0	0	0	0	513	460	
8	0	0	0	0	512	468	
9	0	0	0	0	515	479	
10	0	0	0	0	524	485	
11	0	0	0	0	533	494	
12	0	0	0	0	541	501	
13	0	0	0	0	543	511	
14	0	0	0	0	543	521	
15	0	0	0	0	539	526	
0	0	0	0	0	533	531	
1	0	0	0	0	528	534	
2	0	0	0	0	525	541	
3	0	0	0	0	526	545	
4	0	0	0	0	529	547	
5	0	0	0	0	532	546	
6	0	0	0	0	533	543	
7	0	0	0	0	535	540	
8	0	0	0	0	535	542	
9	0	0	0	0	531	543	
10	0	0	0	0	526	542	
11	0	0	0	0	524	536	
12	0	0	0	0	520	528	
13	0	0	0	0	513	521	
14	0	0	0	0	506	513	
15	0	0	0	0	501	505	
0	0	0	0	0	494	498	
1	0	0	0	0	490	493	
2	0	0	0	0	489	488	
3	0	0	0	0	491	486	
4	0	0	0	0	494	487	
5	0	0	0	0	501	494	
6	0	0	0	0	512	503	
7	0	0	0	0	524	512	
8	0	0	0	0	533	515	
9	0	0	0	0	540	512	
10	0	0	0	0	537	510	
11	0	0	0	0	530	505	
12	0	0	0	0	521	502	
13	0	0	0	0	511	496	
14	0	0	0	0	502	487	
15	0	0	0	0	494	475	
0	0	0	0	0	494	465	
1	0	0	0	0	495	455	
2	0	0	0	0	497	454	
3	0	0	0	0	503	457	
4	0	0	0	0	507	467	
5	0	0	0	0	511	477	
6	0	0	0	0	511	486	
7	0	0	0	0	517	491	
8	0	0	0	0	523	489	
9	0	0	0	0	529	478	
10	0	0	0	0	534	463	
11	0	0	0	0	536	448	
12	0	0	0	0	537	432	
13	0	0	0	0	538	415	
14	0	0	0	0	542	407	
15	0	0	0	0	546	399	
0	0	0	0	0	551	394	
1	0	0	0	0	559	390	
2	0	0	0	0	568	388	
3	0	0	0	0	575	391	
4	0	0	0	0	580	398	
5	0	0	0	0	579	408	
6	0	0	0	0	576	420	
7	0	0	0	0	570	434	
8	0	0	0	0	563	438	
9	0	0	0	0	555	442	
10	0	0	0	0	547	444	
11	0	0	0	0	544	444	
12	0	0	0	0	544	449	
13	0	0	0	0	544	454	
14	0	0	0	0	543	461	
15	0	0	0	0	545	467	
0	0	0	0	0	545	467	
1	0	0	0	0	550	460	
2	0	0	0	0	549	446	
3	0	0	0	0	545	429	
4	0	0	0	0	541	418	
5	0	0	0	0	538	408	
6	0	0	0	0	533	401	
7	0	0	0	0	531	395	
8	0	0	0	0	534	394	
9	0	0	0	0	539	395	
10	0	0	0	0	549	401	
11	0	0	0	0	558	411	
12	0	0	0	0	560	422	
13	0	0	0	0	561	433	
14	0	0	0	0	565	440	
15	0	0	0	0	570	449	
0	0	0	0	0	576	455	
1	0	0	0	0	581	461	
2	0	0	0	0	580	465	
3	0	0	0	0	574	468	
4	0	0	0	0	572	476	
5	0	0	0	0	574	490	
6	0	0	0	0	575	507	
7	0	0	0	0	573	524	
8	0	0	0	0	570	540	
9	0	0	0	0	560	548	
10	0	0	0	0	551	544	
11	0	0	0	0	541	541	
12	0	0	0	0	532	532	
13	0	0	0	0	520	519	
14	0	0	0	0	510	506	
15	0	0	0	0	501	490	
0	0	0	0	0	494	472	
1	0	0	0	0	489	459	
2	0	0	0	0	488	451	
3	0	0	0	0	489	444	
4	0	0	0	0	491	440	
5	0	0	0	0	493	438	
6	0	0	0	0	493	432	
7	0	0	0	0	495	434	
8	0	0	0	0	497	441	
9	0	0	0	0	502	451	
10	0	0	0	0	503	458	
11	0	0	0	0	500	462	
12	0	0	0	0	498	466	
13	0	0	0	0	493	470	
14	0	0	0	0	487	479	
15	0	0	0	0	484	486	
0	0	0	0	0	483	498	
1	0	0	0	0	486	508	
2	0	0	0	0	489	512	
3	0	0	0	0	496	511	
4	0	0	0	0	504	508	
5	0	0	0	0	508	509	
6	0	0	0	0	511	510	
7	0	0	0	0	510	509	
8	0	0	0	0	510	511	
9	0	0	0	0	507	514	
10	0	0	0	0	502	518	
11	0	0	0	0	496	518	
12	0	0	0	0	487	511	
13	0	0	0	0	476	500	
14	0	0	0	0	463	489	
15	0	0	0	0	452	484	
0	0	0	0	0	444	484	
1	0	0	0	0	440	487	
2	0	0	0	0	443	488	
3	0	0	0	0	449	490	
4	0	0	0	0	459	487	
5	0	0	0	0	471	483	
6	0	0	0	0	484	478	
7	0	0	0	0	501	477	
8	0	0	0	0	518	479	
9	0	0	0	0	535	481	
10	0	0	0	0	548	483	
11	0	0	0	0	558	481	
12	0	0	0	0	563	478	
13	0	0	0	0	566	471	
14	0	0	0	0	567	469	
15	0	0	0	0	561	476	
0	0	0	0	0	553	481	
1	0	0	0	0	542	485	
2	0	0	0	0	530	480	
3	0	0	0	0	517	475	
4	0	0	0	0	509	476	
5	0	0	0	0	503	478	
6	0	0	0	0	499	487	
7	0	0	0	0	497	492	
8	0	0	0	0	495	496	
9	0	0	0	0	497	504	
10	0	0	0	0	499	512	
11	0	0	0	0	499	518	
12	0	0	0	0	501	523	
13	0	0	0	0	505	524	
14	0	0	0	0	509	520	
15	0	0	0	0	505	514	
0	0	0	0	0	502	510	
1	0	0	0	0	497	507	
2	0	0	0	0	493	500	
3	0	0	0	0	486	496	
4	0	0	0	0	479	493	
5	0	0	0	0	470	491	
6	0	0	0	0	462	491	
7	0	0	0	0	453	491	
8	0	0	0	0	452	491	
9	0	0	0	0	454	492	
10	0	0	0	0	458	497	
11	0	0	0	0	461	505	
12	0	0	0	0	470	519	
13	0	0	0	0	478	533	
14	0	0	0	0	490	546	
15	0	0	0	0	505	560	
0	0	0	0	0	521	569	
1	0	0	0	0	531	568	
2	0	0	0	0	537	557	
3	0	0	0	0	536	540	
4	0	0	0	0	529	527	
5	0	0	0	0	520	518	
6	0	0	0	0	513	509	
7	0	0	0	0	509	499	
8	0	0	0	0	500	489	
9	0	0	0	0	494	478	
10	0	0	0	0	492	473	
11	0	0	0	0	487	472	
12	0	0	0	0	487	475	
13	0	0	0	0	489	479	
14	0	0	0	0	491	484	
15	0	0	0	0	490	492	
0	0	0	0	0	491	502	
1	0	0	0	0	493	511	
2	0	0	0	0	496	516	
3	0	0	0	0	499	517	
4	0	0	0	0	501	515	
5	0	0	0	0	500	511	
6	0	0	0	0	494	508	
7	0	0	0	0	489	508	
8	0	0	0	0	485	505	
9	0	0	0	0	485	500	
10	0	0	0	0	481	492	
11	0	0	0	0	476	487	
12	0	0	0	0	471	489	
13	0	0	0	0	471	490	
14	0	0	0	0	474	495	
15	0	0	0	0	483	502	
0	0	0	0	0	497	515	
1	0	0	0	0	504	525	
2	0	0	0	0	512	533	
3	0	0	0	0	518	537	
4	0	0	0	0	521	543	
5	0	0	0	0	518	545	
6	0	0	0	0	513	546	
7	0	0	0	0	509	547	
8	0	0	0	0	504	542	
9	0	0	0	0	501	533	
10	0	0	0	0	501	521	
11	0	0	0	0	501	508	
12	0	0	0	0	508	503	
13	0	0	0	0	518	504	
14	0	0	0	0	528	508	
15	0	0	0	0	536	513	
0	0	0	0	0	542	517	
1	0	0	0	0	549	520	
2	0	0	0	0	550	521	
3	0	0	0	0	547	519	
4	0	0	0	0	536	515	
5	0	0	0	0	522	510	
6	0	0	0	0	509	505	
7	0	0	0	0	499	505	
8	0	0	0	0	493	510	
9	0	0	0	0	489	508	
10	0	0	0	0	486	501	
11	0	0	0	0	492	495	
12	0	0	0	0	502	489	
13	0	0	0	0	513	484	
14	0	0	0	0	523	479	
15	0	0	0	0	535	473	
0	0	0	0	0	548	464	
1	0	0	0	0	555	457	
2	0	0	0	0	559	456	
3	0	0	0	0	560	458	
4	0	0	0	0	556	460	
5	0	0	0	0	555	464	
6	0	0	0	0	546	477	
7	0	0	0	0	533	492	
8	0	0	0	0	520	509	
9	0	0	0	0	507	528	
10	0	0	0	0	496	544	
11	0	0	0	0	486	553	
12	0	0	0	0	479	559	
13	0	0	0	0	468	566	
14	0	0	0	0	455	569	
15	0	0	0	0	445	567	
0	0	0	0	0	438	561	
1	0	0	0	0	438	556	
2	0	0	0	0	446	551	
3	0	0	0	0	455	551	
4	0	0	0	0	463	554	
5	0	0	0	0	476	563	
6	0	0	0	0	489	572	
7	0	0	0	0	502	581	
8	0	0	0	0	514	588	
9	0	0	0	0	525	592	
10	0	0	0	0	534	590	
11	0	0	0	0	536	579	
12	0	0	0	0	539	565	
13	0	0	0	0	540	547	
14	0	0	0	0	540	524	
15	0	0	0	0	536	505	
0	0	0	0	0	537	488	
1	0	0	0	0	543	473	
2	0	0	0	0	547	460	
3	0	0	0	0	549	446	
4	0	0	0	0	548	440	
5	0	0	0	0	542	437	
6	0	0	0	0	535	432	
7	0	0	0	0	530	435	
8	0	0	0	0	525	440	
9	0	0	0	0	519	446	
10	0	0	0	0	519	453	
11	0	0	0	0	527	458	
12	0	0	0	0	536	465	
13	0	0	0	0	543	473	
14	0	0	0	0	549	483	
15	0	0	0	0	552	497	
0	0	0	0	0	550	510	
1	0	0	0	0	544	516	
2	0	0	0	0	536	520	
3	0	0	0	0	530	516	
4	0	0	0	0	522	505	
5	0	0	0	0	515	491	
6	0	0	0	0	510	478	
7	0	0	0	0	507	468	
8	0	0	0	0	504	460	
9	0	0	0	0	502	453	
10	0	0	0	0	503	451	
11	0	0	0	0	508	449	
12	0	0	0	0	511	451	
13	0	0	0	0	511	451	
14	0	0	0	0	512	455	
15	0	0	0	0	513	460	
0	0	0	0	0	512	470	
1	0	0	0	0	513	478	
2	0	0	0	0	519	490	
3	0	0	0	0	526	508	
4	0	0	0	0	535	527	
5	0	0	0	0	543	544	
6	0	0	0	0	551	555	
7	0	0	0	0	556	559	
8	0	0	0	0	562	563	
9	0	0	0	0	565	565	
10	0	0	0	0	566	563	
11	0	0	0	0	572	563	
12	0	0	0	0	574	560	
13	0	0	0	0	577	553	
14	0	0	0	0	580	543	
15	0	0	0	0	583	534	
0	0	0	0	0	590	525	
1	0	0	0	0	595	517	
2	0	0	0	0	593	510	
3	0	0	0	0	590	501	
4	0	0	0	0	584	496	
5	0	0	0	0	580	499	
6	0	0	0	0	577	504	
7	0	0	0	0	573	511	
8	0	0	0	0	569	519	
9	0	0	0	0	571	523	
10	0	0	0	0	578	526	
11	0	0	0	0	580	529	
12	0	0	0	0	582	535	
13	0	0	0	0	586	546	
14	0	0	0	0	591	556	
15	0	0	0	0	595	564	
0	0	0	0	0	594	570	
1	0	0	0	0	593	572	
2	0	0	0	0	596	575	
3	0	0	0	0	598	574	
4	0	0	0	0	601	571	
5	0	0	0	0	601	564	
6	0	0	0	0	598	558	
7	0	0	0	0	599	550	
8	0	0	0	0	598	542	
9	0	0	0	0	597	536	
10	0	0	0	0	598	533	
11	0	0	0	0	602	533	
12	0	0	0	0	604	539	
13	0	0	0	0	606	547	
14	0	0	0	0	611	556	
15	0	0	0	0	615	564	
0	0	0	0	0	620	564	
1	0	0	0	0	617	566	
2	0	0	0	0	609	568	
3	0	0	0	0	597	571	
4	0	0	0	0	586	574	
5	0	0	0	0	574	576	
6	0	0	0	0	566	575	
7	0	0	0	0	560	574	
8	0	0	0	0	558	568	
9	0	0	0	0	557	567	
10	0	0	0	0	557	570	
11	0	0	0	0	556	573	
12	0	0	0	0	552	576	
13	0	0	0	0	552	583	
14	0	0	0	0	556	593	
15	0	0	0	0	558	600	
0	0	0	0	0	563	602	
1	0	0	0	0	568	598	
2	0	0	0	0	572	586	
3	0	0	0	0	577	578	
4	0	0	0	0	581	574	
5	0	0	0	0	589	572	
6	0	0	0	0	599	572	
7	0	0	0	0	602	576	
8	0	0	0	0	607	580	
9	0	0	0	0	610	585	
10	0	0	0	0	608	590	
11	0	0	0	0	601	592	
12	0	0	0	0	593	591	
13	0	0	0	0	583	591	
14	0	0	0	0	574	591	
15	0	0	0	0	568	598	
0	0	0	0	0	562	604	
1	0	0	0	0	560	611	
2	0	0	0	0	561	615	
3	0	0	0	0	566	620	
4	0	0	0	0	573	624	
5	0	0	0	0	580	628	
6	0	0	0	0	589	629	
7	0	0	0	0	597	630	
8	0	0	0	0	600	630	
9	0	0	0	0	593	629	
10	0	0	0	0	582	630	
11	0	0	0	0	568	637	
12	0	0	0	0	553	643	
13	0	0	0	0	537	650	
14	0	0	0	0	523	660	
15	0	0	0	0	515	664	
0	0	0	0	0	509	660	
1	0	0	0	0	507	652	
2	0	0	0	0	506	642	
3	0	0	0	0	509	635	
4	0	0	0	0	513	624	
5	0	0	0	0	518	615	
6	0	0	0	0	525	606	
7	0	0	0	0	534	595	
8	0	0	0	0	545	578	
9	0	0	0	0	551	556	
10	0	0	0	0	558	537	
11	0	0	0	0	563	526	
12	0	0	0	0	569	522	
13	0	0	0	0	574	523	
14	0	0	0	0	575	528	
15	0	0	0	0	578	535	
0	0	0	0	0	576	540	
1	0	0	0	0	577	546	
2	0	0	0	0	578	555	
3	0	0	0	0	578	564	
4	0	0	0	0	577	572	
5	0	0	0	0	569	578	
6	0	0	0	0	563	583	
7	0	0	0	0	555	586	
8	0	0	0	0	548	589	
9	0	0	0	0	549	595	
10	0	0	0	0	554	600	
11	0	0	0	0	561	602	
12	0	0	0	0	563	602	
13	0	0	0	0	561	600	
14	0	0	0	0	556	597	
15	0	0	0	0	544	591	
0	0	0	0	0	531	588	
1	0	0	0	0	518	587	
2	0	0	0	0	505	587	
3	0	0	0	0	501	585	
4	0	0	0	0	503	588	
5	0	0	0	0	507	593	
6	0	0	0	0	514	594	
7	0	0	0	0	520	595	
8	0	0	0	0	521	599	
9	0	0	0	0	519	600	
10	0	0	0	0	517	602	
11	0	0	0	0	518	607	
12	0	0	0	0	519	607	
13	0	0	0	0	524	602	
14	0	0	0	0	528	599	
15	0	0	0	0	530	594	
0	0	0	0	0	534	590	
1	0	0	0	0	538	589	
2	0	0	0	0	540	594	
3	0	0	0	0	542	601	
4	0	0	0	0	545	608	
5	0	0	0	0	547	615	
6	0	0	0	0	547	622	
7	0	0	0	0	549	629	
8	0	0	0	0	548	630	
9	0	0	0	0	543	627	
10	0	0	0	0	540	622	
11	0	0	0	0	538	621	
12	0	0	0	0	534	618	
13	0	0	0	0	529	615	
14	0	0	0	0	527	613	
15	0	0	0	0	529	609	
0	0	0	0	0	529	603	
1	0	0	0	0	527	600	
2	0	0	0	0	524	602	
3	0	0	0	0	520	606	
4	0	0	0	0	519	612	
5	0	0	0	0	518	616	
6	0	0	0	0	518	617	
7	0	0	0	0	517	617	
8	0	0	0	0	519	616	
9	0	0	0	0	525	615	
10	0	0	0	0	534	614	
11	0	0	0	0	542	612	
12	0	0	0	0	549	611	
13	0	0	0	0	557	604	
14	0	0	0	0	561	593	
15	0	0	0	0	564	583	
0	0	0	0	0	568	576	
1	0	0	0	0	573	569	
2	0	0	0	0	577	564	
3	0	0	0	0	576	566	
4	0	0	0	0	571	567	
5	0	0	0	0	564	560	
6	0	0	0	0	553	549	
7	0	0	0	0	541	536	
8	0	0	0	0	534	527	
9	0	0	0	0	529	523	
10	0	0	0	0	525	524	
11	0	0	0	0	521	527	
12	0	0	0	0	519	532	
13	0	0	0	0	516	542	
14	0	0	0	0	517	554	
15	0	0	0	0	518	568	
0	0	0	0	0	519	587	
1	0	0	0	0	527	605	
2	0	0	0	0	535	623	
3	0	0	0	0	540	636	
4	0	0	0	0	544	640	
5	0	0	0	0	547	643	
6	0	0	0	0	549	646	
7	0	0	0	0	550	649	
8	0	0	0	0	548	642	
9	0	0	0	0	545	627	
10	0	0	0	0	540	605	
11	0	0	0	0	535	583	
12	0	0	0	0	534	566	
13	0	0	0	0	531	550	
14	0	0	0	0	527	540	
15	0	0	0	0	521	535	
0	0	0	0	0	513	532	
1	0	0	0	0	508	531	
2	0	0	0	0	503	535	
3	0	0	0	0	496	540	
4	0	0	0	0	493	545	
5	0	0	0	0	496	548	
6	0	0	0	0	500	548	
7	0	0	0	0	503	542	
8	0	0	0	0	509	532	
9	0	0	0	0	515	523	
10	0	0	0	0	516	515	
11	0	0	0	0	514	510	
12	0	0	0	0	512	509	
13	0	0	0	0	510	513	
14	0	0	0	0	506	519	
15	0	0	0	0	503	525	
0	0	0	0	0	498	533	
1	0	0	0	0	496	542	
2	0	0	0	0	497	547	
3	0	0	0	0	498	550	
4	0	0	0	0	497	549	
5	0	0	0	0	495	548	
6	0	0	0	0	493	547	
7	0	0	0	0	491	543	
8	0	0	0	0	492	537	
9	0	0	0	0	495	533	
10	0	0	0	0	499	530	
11	0	0	0	0	504	529	
12	0	0	0	0	506	530	
13	0	0	0	0	507	533	
14	0	0	0	0	504	533	
15	0	0	0	0	501	529	
0	0	0	0	0	499	528	
1	0	0	0	0	495	528	
2	0	0	0	0	491	529	
3	0	0	0	0	487	532	
4	0	0	0	0	481	535	
5	0	0	0	0	474	539	
6	0	0	0	0	468	546	
7	0	0	0	0	463	553	
8	0	0	0	0	464	563	
9	0	0	0	0	473	581	
10	0	0	0	0	487	600	
11	0	0	0	0	501	615	
12	0	0	0	0	514	632	
13	0	0	0	0	527	640	
14	0	0	0	0	538	643	
15	0	0	0	0	543	638	
0	0	0	0	0	544	624	
1	0	0	0	0	537	608	
2	0	0	0	0	528	593	
3	0	0	0	0	517	583	
4	0	0	0	0	508	572	
5	0	0	0	0	500	566	
6	0	0	0	0	492	565	
7	0	0	0	0	487	566	
8	0	0	0	0	486	564	
9	0	0	0	0	485	561	
10	0	0	0	0	486	552	
11	0	0	0	0	481	530	
12	0	0	0	0	481	508	
13	0	0	0	0	481	490	
14	0	0	0	0	483	474	
15	0	0	0	0	483	462	
0	0	0	0	0	478	456	
1	0	0	0	0	474	460	
2	0	0	0	0	468	469	
3	0	0	0	0	460	480	
4	0	0	0	0	455	498	
5	0	0	0	0	455	520	
6	0	0	0	0	464	536	
7	0	0	0	0	478	545	
8	0	0	0	0	496	552	
9	0	0	0	0	509	554	
10	0	0	0	0	519	553	
11	0	0	0	0	529	550	
12	0	0	0	0	537	543	
13	0	0	0	0	545	536	
14	0	0	0	0	547	526	
15	0	0	0	0	547	514	
0	0	0	0	0	547	506	
1	0	0	0	0	548	504	
2	0	0	0	0	543	501	
3	0	0	0	0	536	499	
4	0	0	0	0	526	493	
5	0	0	0	0	514	484	
6	0	0	0	0	501	474	
7	0	0	0	0	488	463	
8	0	0	0	0	477	453	
9	0	0	0	0	467	440	
10	0	0	0	0	462	430	
11	0	0	0	0	462	427	
12	0	0	0	0	466	431	
13	0	0	0	0	471	436	
14	0	0	0	0	476	443	
15	0	0	0	0	485	451	
0	0	0	0	0	493	458	
1	0	0	0	0	497	463	
2	0	0	0	0	499	465	
3	0	0	0	0	502	467	
4	0	0	0	0	506	472	
5	0	0	0	0	510	480	
6	0	0	0	0	512	489	
7	0	0	0	0	514	501	
8	0	0	0	0	515	515	
9	0	0	0	0	518	525	
10	0	0	0	0	520	532	
11	0	0	0	0	522	534	
12	0	0	0	0	526	535	
13	0	0	0	0	530	532	
14	0	0	0	0	532	527	
15	0	0	0	0	529	515	
0	0	0	0	0	522	495	
1	0	0	0	0	511	480	
2	0	0	0	0	501	463	
3	0	0	0	0	489	447	
4	0	0	0	0	480	442	
5	0	0	0	0	476	444	
6	0	0	0	0	472	446	
7	0	0	0	0	469	449	
8	0	0	0	0	469	451	
9	0	0	0	0	469	451	
10	0	0	0	0	467	450	
11	0	0	0	0	465	451	
12	0	0	0	0	463	451	
13	0	0	0	0	465	457	
14	0	0	0	0	469	471	
15	0	0	0	0	473	486	
0	0	0	0	0	480	503	
1	0	0	0	0	484	515	
2	0	0	0	0	487	524	
3	0	0	0	0	493	530	
4	0	0	0	0	499	531	
5	0	0	0	0	506	531	
6	0	0	0	0	510	527	
7	0	0	0	0	511	523	
8	0	0	0	0	509	516	
9	0	0	0	0	507	512	
10	0	0	0	0	507	511	
11	0	0	0	0	505	514	
12	0	0	0	0	504	515	
13	0	0	0	0	499	515	
14	0	0	0	0	499	512	
15	0	0	0	0	497	506	
0	0	0	0	0	496	500	
1	0	0	0	0	496	500	
2	0	0	0	0	499	502	
3	0	0	0	0	499	501	
4	0	0	0	0	503	498	
5	0	0	0	0	504	494	
6	0	0	0	0	505	487	
7	0	0	0	0	504	484	
8	0	0	0	0	498	485	
9	0	0	0	0	491	487	
10	0	0	0	0	482	489	
11	0	0	0	0	470	493	
12	0	0	0	0	462	503	
13	0	0	0	0	463	515	
14	0	0	0	0	472	527	
15	0	0	0	0	485	536	
0	0	0	0	0	499	538	
1	0	0	0	0	512	539	
2	0	0	0	0	523	536	
3	0	0	0	0	531	530	
4	0	0	0	0	536	523	
5	0	0	0	0	538	515	
6	0	0	0	0	541	508	
7	0	0	0	0	545	505	
8	0	0	0	0	547	496	
9	0	0	0	0	543	480	
10	0	0	0	0	536	462	
11	0	0	0	0	531	448	
12	0	0	0	0	527	434	
13	0	0	0	0	525	427	
14	0	0	0	0	524	423	
15	0	0	0	0	521	429	
0	0	0	0	0	519	441	
1	0	0	0	0	517	451	
2	0	0	0	0	513	458	
3	0	0	0	0	511	460	
4	0	0	0	0	510	459	
5	0	0	0	0	512	460	
6	0	0	0	0	516	458	
7	0	0	0	0	523	449	
8	0	0	0	0	524	443	
9	0	0	0	0	525	436	
10	0	0	0	0	527	430	
11	0	0	0	0	529	426	
12	0	0	0	0	533	427	
13	0	0	0	0	531	429	
14	0	0	0	0	529	435	
15	0	0	0	0	531	444	
0	0	0	0	0	533	448	
1	0	0	0	0	537	454	
2	0	0	0	0	544	459	
3	0	0	0	0	556	471	
4	0	0	0	0	569	481	
5	0	0	0	0	576	488	
6	0	0	0	0	573	493	
7	0	0	0	0	565	496	
8	0	0	0	0	557	494	
9	0	0	0	0	545	487	
10	0	0	0	0	536	479	
11	0	0	0	0	529	482	
12	0	0	0	0	524	486	
13	0	0	0	0	516	487	
14	0	0	0	0	506	483	
15	0	0	0	0	501	479	
0	0	0	0	0	496	477	
1	0	0	0	0	491	478	
2	0	0	0	0	487	478	
3	0	0	0	0	483	481	
4	0	0	0	0	479	480	
5	0	0	0	0	476	477	
6	0	0	0	0	475	471	
7	0	0	0	0	473	467	
8	0	0	0	0	474	467	
9	0	0	0	0	476	463	
10	0	0	0	0	484	460	
11	0	0	0	0	497	457	
12	0	0	0	0	511	455	
13	0	0	0	0	526	452	
14	0	0	0	0	537	450	
15	0	0	0	0	540	448	
0	0	0	0	0	540	444	
1	0	0	0	0	536	443	
2	0	0	0	0	531	442	
3	0	0	0	0	529	444	
4	0	0	0	0	524	445	
5	0	0	0	0	518	448	
6	0	0	0	0	513	457	
7	0	0	0	0	512	470	
8	0	0	0	0	514	483	
9	0	0	0	0	516	495	
10	0	0	0	0	515	504	
11	0	0	0	0	513	508	
12	0	0	0	0	510	509	
13	0	0	0	0	505	509	
14	0	0	0	0	501	507	
15	0	0	0	0	496	502	
0	0	0	0	0	498	497	
1	0	0	0	0	503	492	
2	0	0	0	0	512	489	
3	0	0	0	0	526	488	
4	0	0	0	0	538	485	
5	0	0	0	0	550	481	
6	0	0	0	0	560	481	
7	0	0	0	0	566	477	
8	0	0	0	0	568	472	
9	0	0	0	0	565	473	
10	0	0	0	0	559	481	
11	0	0	0	0	551	485	
12	0	0	0	0	546	485	
13	0	0	0	0	540	482	
14	0	0	0	0	534	477	
15	0	0	0	0	527	473	
0	0	0	0	0	521	470	
1	0	0	0	0	515	467	
2	0	0	0	0	511	464	
3	0	0	0	0	505	461	
4	0	0	0	0	501	461	
5	0	0	0	0	495	465	
6	0	0	0	0	485	470	
7	0	0	0	0	475	476	
8	0	0	0	0	460	477	
9	0	0	0	0	450	476	
10	0	0	0	0	444	477	
11	0	0	0	0	440	479	
12	0	0	0	0	436	484	
13	0	0	0	0	436	488	
14	0	0	0	0	438	487	
15	0	0	0	0	440	487	
0	0	0	0	0	443	488	
1	0	0	0	0	444	498	
2	0	0	0	0	442	513	
3	0	0	0	0	443	531	
4	0	0	0	0	443	550	
5	0	0	0	0	446	567	
6	0	0	0	0	448	580	
7	0	0	0	0	458	591	
8	0	0	0	0	472	596	
9	0	0	0	0	489	587	
10	0	0	0	0	505	572	
11	0	0	0	0	521	556	
12	0	0	0	0	537	541	
13	0	0	0	0	550	527	
14	0	0	0	0	557	508	
15	0	0	0	0	555	489	
0	0	0	0	0	547	470	
1	0	0	0	0	536	452	
2	0	0	0	0	521	436	
3	0	0	0	0	505	427	
4	0	0	0	0	490	422	
5	0	0	0	0	478	419	
6	0	0	0	0	469	416	
7	0	0	0	0	467	419	
8	0	0	0	0	467	418	
9	0	0	0	0	461	414	
10	0	0	0	0	459	409	
11	0	0	0	0	460	407	
12	0	0	0	0	459	411	
13	0	0	0	0	460	422	
14	0	0	0	0	464	435	
15	0	0	0	0	468	451	
0	0	0	0	0	469	467	
1	0	0	0	0	463	483	
2	0	0	0	0	454	493	
3	0	0	0	0	447	503	
4	0	0	0	0	443	514	
5	0	0	0	0	444	521	
6	0	0	0	0	450	521	
7	0	0	0	0	459	520	
8	0	0	0	0	467	518	
9	0	0	0	0	473	516	
10	0	0	0	0	475	515	
11	0	0	0	0	470	515	
12	0	0	0	0	459	512	
13	0	0	0	0	447	511	
14	0	0	0	0	441	506	
15	0	0	0	0	441	500	
0	0	0	0	0	445	494	
1	0	0	0	0	451	487	
2	0	0	0	0	462	487	
3	0	0	0	0	470	489	
4	0	0	0	0	474	493	
5	0	0	0	0	479	492	
6	0	0	0	0	478	492	
7	0	0	0	0	476	491	
8	0	0	0	0	473	494	
9	0	0	0	0	467	492	
10	0	0	0	0	461	487	
11	0	0	0	0	460	481	
12	0	0	0	0	461	475	
13	0	0	0	0	461	466	
14	0	0	0	0	463	457	
15	0	0	0	0	461	455	
0	0	0	0	0	460	458	
1	0	0	0	0	456	457	
2	0	0	0	0	448	454	
3	0	0	0	0	438	451	
4	0	0	0	0	431	451	
5	0	0	0	0	426	449	
6	0	0	0	0	423	456	
7	0	0	0	0	422	469	
8	0	0	0	0	425	484	
9	0	0	0	0	438	499	
10	0	0	0	0	455	512	
11	0	0	0	0	471	526	
12	0	0	0	0	485	537	
13	0	0	0	0	493	545	
14	0	0	0	0	500	550	
15	0	0	0	0	503	556	
0	0	0	0	0	498	561	
1	0	0	0	0	493	567	
2	0	0	0	0	487	569	
3	0	0	0	0	480	570	
4	0	0	0	0	475	569	
5	0	0	0	0	471	561	
6	0	0	0	0	467	550	
7	0	0	0	0	462	540	
8	0	0	0	0	455	532	
9	0	0	0	0	447	527	
10	0	0	0	0	439	525	
11	0	0	0	0	432	524	
12	0	0	0	0	429	525	
13	0	0	0	0	429	525	
14	0	0	0	0	431	529	
15	0	0	0	0	435	531	
0	0	0	0	0	439	526	
1	0	0	0	0	438	516	
2	0	0	0	0	436	506	
3	0	0	0	0	435	494	
4	0	0	0	0	438	483	
5	0	0	0	0	441	473	
6	0	0	0	0	446	463	
7	0	0	0	0	451	455	
8	0	0	0	0	456	452	
9	0	0	0	0	464	452	
10	0	0	0	0	478	455	
11	0	0	0	0	495	462	
12	0	0	0	0	511	467	
13	0	0	0	0	526	470	
14	0	0	0	0	532	468	
15	0	0	0	0	536	465	
0	0	0	0	0	536	459	
1	0	0	0	0	533	452	
2	0	0	0	0	527	447	
3	0	0	0	0	518	445	
4	0	0	0	0	510	451	
5	0	0	0	0	502	459	
6	0	0	0	0	492	470	
7	0	0	0	0	484	479	
8	0	0	0	0	475	481	
9	0	0	0	0	465	482	
10	0	0	0	0	455	480	
11	0	0	0	0	448	476	
12	0	0	0	0	447	469	
13	0	0	0	0	445	463	
14	0	0	0	0	444	461	
15	0	0	0	0	444	462	
0	0	0	0	0	444	467	
1	0	0	0	0	443	472	
2	0	0	0	0	445	474	
3	0	0	0	0	453	474	
4	0	0	0	0	464	478	
5	0	0	0	0	475	487	
6	0	0	0	0	486	504	
7	0	0	0	0	499	519	
8	0	0	0	0	507	534	
9	0	0	0	0	514	544	
10	0	0	0	0	519	549	
11	0	0	0	0	518	548	
12	0	0	0	0	513	543	
13	0	0	0	0	510	533	
14	0	0	0	0	508	527	
15	0	0	0	0	508	520	
0	0	0	0	0	505	513	
1	0	0	0	0	502	504	
2	0	0	0	0	504	501	
3	0	0	0	0	507	501	
4	0	0	0	0	508	504	
5	0	0	0	0	507	511	
6	0	0	0	0	508	514	
7	0	0	0	0	506	516	
8	0	0	0	0	504	522	
9	0	0	0	0	505	531	
10	0	0	0	0	505	537	
11	0	0	0	0	505	539	
12	0	0	0	0	508	539	
13	0	0	0	0	504	532	
14	0	0	0	0	500	523	
15	0	0	0	0	499	518	
0	0	0	0	0	495	510	
1	0	0	0	0	488	499	
2	0	0	0	0	480	489	
3	0	0	0	0	476	478	
4	0	0	0	0	472	470	
5	0	0	0	0	472	465	
6	0	0	0	0	477	471	
7	0	0	0	0	486	478	
8	0	0	0	0	494	484	
9	0	0	0	0	500	488	
10	0	0	0	0	505	487	
11	0	0	0	0	511	483	
12	0	0	0	0	518	475	
13	0	0	0	0	516	467	
14	0	0	0	0	513	463	
15	0	0	0	0	513	463	
0	0	0	0	0	513	466	
1	0	0	0	0	513	475	
2	0	0	0	0	512	480	
3	0	0	0	0	513	480	
4	0	0	0	0	515	472	
5	0	0	0	0	515	460	
6	0	0	0	0	515	448	
7	0	0	0	0	515	435	
8	0	0	0	0	514	425	
9	0	0	0	0	511	418	
10	0	0	0	0	509	413	
11	0	0	0	0	508	409	
12	0	0	0	0	503	409	
13	0	0	0	0	496	410	
14	0	0	0	0	491	408	
15	0	0	0	0	487	408	
0	0	0	0	0	487	412	
1	0	0	0	0	491	420	
2	0	0	0	0	499	429	
3	0	0	0	0	507	439	
4	0	0	0	0	515	447	
5	0	0	0	0	525	455	
6	0	0	0	0	533	467	
7	0	0	0	0	540	471	
8	0	0	0	0	544	469	
9	0	0	0	0	543	468	
10	0	0	0	0	536	469	
11	0	0	0	0	529	467	
12	0	0	0	0	520	465	
13	0	0	0	0	508	466	
14	0	0	0	0	496	475	
15	0	0	0	0	489	485	
0	0	0	0	0	486	496	
1	0	0	0	0	487	497	
2	0	0	0	0	488	495	
3	0	0	0	0	491	491	
4	0	0	0	0	490	481	
5	0	0	0	0	488	467	
6	0	0	0	0	486	455	
7	0	0	0	0	487	447	
8	0	0	0	0	487	443	
9	0	0	0	0	487	444	
10	0	0	0	0	481	454	
11	0	0	0	0	476	468	
12	0	0	0	0	472	485	
13	0	0	0	0	467	502	
14	0	0	0	0	461	514	
15	0	0	0	0	456	517	
0	0	0	0	0	454	519	
1	0	0	0	0	453	519	
2	0	0	0	0	453	515	
3	0	0	0	0	451	508	
4	0	0	0	0	445	494	
5	0	0	0	0	442	478	
6	0	0	0	0	437	460	
7	0	0	0	0	433	442	
8	0	0	0	0	431	431	
9	0	0	0	0	432	427	
10	0	0	0	0	440	428	
11	0	0	0	0	457	436	
12	0	0	0	0	479	446	
13	0	0	0	0	497	456	
14	0	0	0	0	512	473	
15	0	0	0	0	525	495	
0	0	0	0	0	540	515	
1	0	0	0	0	556	535	
2	0	0	0	0	566	545	
3	0	0	0	0	570	553	
4	0	0	0	0	567	553	
5	0	0	0	0	561	550	
6	0	0	0	0	552	544	
7	0	0	0	0	542	535	
8	0	0	0	0	529	525	
9	0	0	0	0	523	513	
10	0	0	0	0	515	498	
11	0	0	0	0	512	487	
12	0	0	0	0	511	478	
13	0	0	0	0	509	472	
14	0	0	0	0	512	471	
15	0	0	0	0	516	474	
0	0	0	0	0	516	475	
1	0	0	0	0	517	472	
2	0	0	0	0	520	473	
3	0	0	0	0	523	477	
4	0	0	0	0	528	484	
5	0	0	0	0	540	495	
6	0	0	0	0	552	507	
7	0	0	0	0	568	521	
8	0	0	0	0	583	530	
9	0	0	0	0	595	529	
10	0	0	0	0	603	519	
11	0	0	0	0	605	508	
12	0	0	0	0	607	498	
13	0	0	0	0	610	492	
14	0	0	0	0	612	490	
15	0	0	0	0	617	492	
0	0	0	0	0	623	498	
1	0	0	0	0	624	503	
2	0	0	0	0	624	507	
3	0	0	0	0	621	508	
4	0	0	0	0	619	507	
5	0	0	0	0	611	500	
6	0	0	0	0	599	495	
7	0	0	0	0	586	486	
8	0	0	0	0	568	478	
9	0	0	0	0	549	473	
10	0	0	0	0	530	470	
11	0	0	0	0	517	471	
12	0	0	0	0	513	480	
13	0	0	0	0	512	491	
14	0	0	0	0	515	499	
15	0	0	0	0	526	508	
0	0	0	0	0	540	515	
1	0	0	0	0	554	521	
2	0	0	0	0	560	528	
3	0	0	0	0	563	535	
4	0	0	0	0	564	540	
5	0	0	0	0	567	541	
6	0	0	0	0	569	537	
7	0	0	0	0	570	534	
8	0	0	0	0	570	524	
9	0	0	0	0	566	510	
10	0	0	0	0	556	499	
11	0	0	0	0	543	489	
12	0	0	0	0	529	481	
13	0	0	0	0	516	480	
14	0	0	0	0	507	488	
15	0	0	0	0	500	504	
0	0	0	0	0	499	520	
1	0	0	0	0	498	536	
2	0	0	0	0	499	546	
3	0	0	0	0	498	551	
4	0	0	0	0	496	547	
5	0	0	0	0	488	536	
6	0	0	0	0	478	523	
7	0	0	0	0	470	508	
8	0	0	0	0	463	489	
9	0	0	0	0	454	475	
10	0	0	0	0	444	464	
11	0	0	0	0	435	455	
12	0	0	0	0	428	450	
13	0	0	0	0	423	454	
14	0	0	0	0	420	463	
15	0	0	0	0	419	473	
0	0	0	0	0	418	485	
1	0	0	0	0	419	503	
2	0	0	0	0	423	524	
3	0	0	0	0	428	543	
4	0	0	0	0	433	562	
5	0	0	0	0	442	575	
6	0	0	0	0	452	585	
7	0	0	0	0	460	590	
8	0	0	0	0	461	584	
9	0	0	0	0	459	577	
10	0	0	0	0	460	569	
11	0	0	0	0	459	557	
12	0	0	0	0	455	547	
13	0	0	0	0	454	542	
14	0	0	0	0	449	534	
15	0	0	0	0	442	527	
0	0	0	0	0	436	519	
1	0	0	0	0	439	511	
2	0	0	0	0	445	510	
3	0	0	0	0	459	515	
4	0	0	0	0	476	522	
5	0	0	0	0	491	528	
6	0	0	0	0	505	535	
7	0	0	0	0	513	543	
8	0	0	0	0	520	550	
9	0	0	0	0	523	561	
10	0	0	0	0	518	574	
11	0	0	0	0	510	581	
12	0	0	0	0	501	580	
13	0	0	0	0	490	568	
14	0	0	0	0	480	553	
15	0	0	0	0	472	540	
0	0	0	0	0	465	529	
1	0	0	0	0	463	518	
2	0	0	0	0	460	510	
3	0	0	0	0	455	500	
4	0	0	0	0	449	492	
5	0	0	0	0	436	476	
6	0	0	0	0	423	464	
7	0	0	0	0	414	467	
8	0	0	0	0	409	485	
9	0	0	0	0	414	511	
10	0	0	0	0	420	536	
11	0	0	0	0	428	553	
12	0	0	0	0	438	560	
13	0	0	0	0	448	561	
14	0	0	0	0	457	561	
15	0	0	0	0	466	558	
0	0	0	0	0	472	551	
1	0	0	0	0	476	542	
2	0	0	0	0	478	530	
3	0	0	0	0	476	516	
4	0	0	0	0	475	500	
5	0	0	0	0	476	487	
6	0	0	0	0	476	477	
7	0	0	0	0	476	472	
8	0	0	0	0	477	471	
9	0	0	0	0	477	468	
10	0	0	0	0	477	469	
11	0	0	0	0	475	475	
12	0	0	0	0	477	482	
13	0	0	0	0	480	494	
14	0	0	0	0	481	504	
15	0	0	0	0	480	513	
0	0	0	0	0	478	521	
1	0	0	0	0	473	524	
2	0	0	0	0	470	527	
3	0	0	0	0	472	530	
4	0	0	0	0	475	527	
5	0	0	0	0	475	521	
6	0	0	0	0	476	511	
7	0	0	0	0	473	502	
8	0	0	0	0	471	493	
9	0	0	0	0	470	487	
10	0	0	0	0	466	480	
11	0	0	0	0	457	469	
12	0	0	0	0	455	463	
13	0	0	0	0	455	464	
14	0	0	0	0	460	470	
15	0	0	0	0	470	478	
0	0	0	0	0	480	492	
1	0	0	0	0	489	504	
2	0	0	0	0	497	516	
3	0	0	0	0	507	529	
4	0	0	0	0	514	534	
5	0	0	0	0	519	535	
6	0	0	0	0	522	531	
7	0	0	0	0	522	531	
8	0	0	0	0	523	535	
9	0	0	0	0	520	541	
10	0	0	0	0	514	543	
11	0	0	0	0	507	541	
12	0	0	0	0	502	537	
13	0	0	0	0	502	529	
14	0	0	0	0	504	522	
15	0	0	0	0	504	513	
0	0	0	0	0	504	505	
1	0	0	0	0	505	497	
2	0	0	0	0	503	492	
3	0	0	0	0	501	491	
4	0	0	0	0	495	496	
5	0	0	0	0	488	503	
6	0	0	0	0	485	507	
7	0	0	0	0	480	512	
8	0	0	0	0	480	518	
9	0	0	0	0	482	526	
10	0	0	0	0	486	536	
11	0	0	0	0	489	547	
12	0	0	0	0	495	561	
13	0	0	0	0	496	575	
14	0	0	0	0	498	579	
15	0	0	0	0	503	577	
0	0	0	0	0	511	572	
1	0	0	0	0	520	566	
2	0	0	0	0	527	557	
3	0	0	0	0	533	549	
4	0	0	0	0	537	544	
5	0	0	0	0	537	540	
6	0	0	0	0	537	536	
7	0	0	0	0	538	528	
8	0	0	0	0	534	521	
9	0	0	0	0	531	511	
10	0	0	0	0	531	502	
11	0	0	0	0	536	497	
12	0	0	0	0	541	493	
13	0	0	0	0	546	488	
14	0	0	0	0	554	484	
15	0	0	0	0	557	480	
0	0	0	0	0	556	473	
1	0	0	0	0	551	467	
2	0	0	0	0	547	467	
3	0	0	0	0	537	467	
4	0	0	0	0	526	468	
5	0	0	0	0	514	467	
6	0	0	0	0	503	465	
7	0	0	0	0	494	470	
8	0	0	0	0	490	481	
9	0	0	0	0	493	496	
10	0	0	0	0	497	508	
11	0	0	0	0	501	516	
12	0	0	0	0	502	523	
13	0	0	0	0	502	526	
14	0	0	0	0	504	526	
15	0	0	0	0	509	529	
0	0	0	0	0	513	532	
1	0	0	0	0	519	536	
2	0	0	0	0	525	537	
3	0	0	0	0	527	533	
4	0	0	0	0	524	526	
5	0	0	0	0	524	522	
6	0	0	0	0	526	521	
7	0	0	0	0	527	521	
8	0	0	0	0	527	522	
9	0	0	0	0	528	521	
10	0	0	0	0	531	517	
11	0	0	0	0	537	514	
12	0	0	0	0	537	510	
13	0	0	0	0	536	506	
14	0	0	0	0	534	503	
15	0	0	0	0	531	496	
0	0	0	0	0	525	490	
1	0	0	0	0	519	481	
2	0	0	0	0	515	475	
3	0	0	0	0	511	470	
4	0	0	0	0	510	471	
5	0	0	0	0	512	473	
6	0	0	0	0	513	475	
7	0	0	0	0	518	478	
8	0	0	0	0	523	483	
9	0	0	0	0	532	491	
10	0	0	0	0	543	500	
11	0	0	0	0	553	507	
12	0	0	0	0	563	512	
13	0	0	0	0	570	519	
14	0	0	0	0	571	528	
15	0	0	0	0	567	535	
0	0	0	0	0	560	542	
1	0	0	0	0	549	551	
2	0	0	0	0	536	562	
3	0	0	0	0	523	572	
4	0	0	0	0	509	581	
5	0	0	0	0	501	592	
6	0	0	0	0	496	599	
7	0	0	0	0	491	596	
8	0	0	0	0	489	588	
9	0	0	0	0	486	573	
10	0	0	0	0	481	556	
11	0	0	0	0	476	536	
12	0	0	0	0	473	518	
13	0	0	0	0	467	502	
14	0	0	0	0	464	491	
15	0	0	0	0	459	481	
0	0	0	0	0	449	472	
1	0	0	0	0	436	465	
2	0	0	0	0	428	462	
3	0	0	0	0	427	463	
4	0	0	0	0	428	466	
5	0	0	0	0	432	468	
6	0	0	0	0	438	468	
7	0	0	0	0	440	468	
8	0	0	0	0	446	467	
9	0	0	0	0	454	467	
10	0	0	0	0	464	467	
11	0	0	0	0	475	470	
12	0	0	0	0	484	476	
13	0	0	0	0	494	484	
14	0	0	0	0	500	496	
15	0	0	0	0	505	508	
0	0	0	0	0	508	518	
1	0	0	0	0	504	525	
2	0	0	0	0	496	529	
3	0	0	0	0	487	528	
4	0	0	0	0	480	527	
5	0	0	0	0	478	524	
6	0	0	0	0	479	516	
7	0	0	0	0	477	504	
8	0	0	0	0	478	492	
9	0	0	0	0	485	483	
10	0	0	0	0	498	477	
11	0	0	0	0	511	471	
12	0	0	0	0	525	467	
13	0	0	0	0	533	463	
14	0	0	0	0	535	460	
15	0	0	0	0	536	455	
0	0	0	0	0	533	450	
1	0	0	0	0	529	444	
2	0	0	0	0	528	441	
3	0	0	0	0	527	442	
4	0	0	0	0	531	448	
5	0	0	0	0	536	461	
6	0	0	0	0	532	475	
7	0	0	0	0	523	486	
8	0	0	0	0	514	495	
9	0	0	0	0	505	505	
10	0	0	0	0	494	513	
11	0	0	0	0	485	519	
12	0	0	0	0	476	521	
13	0	0	0	0	474	518	
14	0	0	0	0	475	511	
15	0	0	0	0	473	505	
0	0	0	0	0	471	496	
1	0	0	0	0	466	491	
2	0	0	0	0	461	484	
3	0	0	0	0	460	475	
4	0	0	0	0	464	468	
5	0	0	0	0	469	462	
6	0	0	0	0	474	460	
7	0	0	0	0	476	458	
8	0	0	0	0	482	457	
9	0	0	0	0	493	460	
10	0	0	0	0	504	460	
11	0	0	0	0	519	458	
12	0	0	0	0	536	458	
13	0	0	0	0	548	457	
14	0	0	0	0	550	455	
15	0	0	0	0	546	451	
0	0	0	0	0	539	448	
1	0	0	0	0	530	448	
2	0	0	0	0	525	452	
3	0	0	0	0	522	462	
4	0	0	0	0	517	474	
5	0	0	0	0	512	489	
6	0	0	0	0	509	499	
7	0	0	0	0	506	505	
8	0	0	0	0	504	508	
9	0	0	0	0	503	509	
10	0	0	0	0	507	507	
11	0	0	0	0	513	505	
12	0	0	0	0	519	497	
13	0	0	0	0	526	492	
14	0	0	0	0	534	483	
15	0	0	0	0	539	476	
0	0	0	0	0	539	469	
1	0	0	0	0	536	465	
2	0	0	0	0	535	464	
3	0	0	0	0	535	467	
4	0	0	0	0	537	470	
5	0	0	0	0	543	475	
6	0	0	0	0	550	486	
7	0	0	0	0	561	505	
8	0	0	0	0	575	523	
9	0	0	0	0	582	537	
10	0	0	0	0	583	545	
11	0	0	0	0	580	548	
12	0	0	0	0	574	545	
13	0	0	0	0	569	540	
14	0	0	0	0	568	534	
15	0	0	0	0	568	527	
0	0	0	0	0	571	519	
1	0	0	0	0	571	506	
2	0	0	0	0	570	491	
3	0	0	0	0	566	479	
4	0	0	0	0	558	469	
5	0	0	0	0	549	455	
6	0	0	0	0	542	447	
7	0	0	0	0	539	443	
8	0	0	0	0	534	442	
9	0	0	0	0	536	446	
10	0	0	0	0	544	453	
11	0	0	0	0	549	462	
12	0	0	0	0	555	471	
13	0	0	0	0	564	477	
14	0	0	0	0	573	487	
15	0	0	0	0	577	498	
0	0	0	0	0	580	514	
1	0	0	0	0	581	529	
2	0	0	0	0	580	537	
3	0	0	0	0	577	540	
4	0	0	0	0	575	536	
5	0	0	0	0	576	531	
6	0	0	0	0	581	522	
7	0	0	0	0	583	513	
8	0	0	0	0	585	505	
9	0	0	0	0	584	504	
10	0	0	0	0	582	508	
11	0	0	0	0	581	514	
12	0	0	0	0	583	522	
13	0	0	0	0	580	524	
14	0	0	0	0	576	522	
15	0	0	0	0	572	518	
0	0	0	0	0	567	506	
1	0	0	0	0	561	492	
2	0	0	0	0	558	476	
3	0	0	0	0	553	463	
4	0	0	0	0	551	452	
5	0	0	0	0	550	447	
6	0	0	0	0	551	444	
7	0	0	0	0	548	448	
8	0	0	0	0	546	452	
9	0	0	0	0	544	456	
10	0	0	0	0	542	455	
11	0	0	0	0	543	454	
12	0	0	0	0	544	449	
13	0	0	0	0	543	446	
14	0	0	0	0	543	443	
15	0	0	0	0	545	441	
0	0	0	0	0	547	437	
1	0	0	0	0	551	444	
2	0	0	0	0	556	456	
3	0	0	0	0	561	473	
4	0	0	0	0	565	492	
5	0	0	0	0	565	504	
6	0	0	0	0	564	508	
7	0	0	0	0	563	508	
8	0	0	0	0	563	509	
9	0	0	0	0	563	509	
10	0	0	0	0	564	508	
11	0	0	0	0	564	505	
12	0	0	0	0	567	507	
13	0	0	0	0	571	511	
14	0	0	0	0	574	512	
15	0	0	0	0	577	514	
0	0	0	0	0	583	516	
1	0	0	0	0	586	517	
2	0	0	0	0	588	518	
3	0	0	0	0	588	518	
4	0	0	0	0	588	516	
5	0	0	0	0	589	514	
6	0	0	0	0	587	507	
7	0	0	0	0	581	501	
8	0	0	0	0	579	492	
9	0	0	0	0	579	484	
10	0	0	0	0	580	479	
11	0	0	0	0	579	479	
12	0	0	0	0	579	480	
13	0	0	0	0	579	485	
14	0	0	0	0	575	488	
15	0	0	0	0	569	487	
0	0	0	0	0	564	485	
1	0	0	0	0	562	488	
2	0	0	0	0	564	495	
3	0	0	0	0	570	504	
4	0	0	0	0	575	513	
5	0	0	0	0	580	520	
6	0	0	0	0	584	522	
7	0	0	0	0	590	527	
8	0	0	0	0	597	533	
9	0	0	0	0	602	537	
10	0	0	0	0	606	543	
11	0	0	0	0	604	543	
12	0	0	0	0	594	537	
13	0	0	0	0	585	528	
14	0	0	0	0	576	521	
15	0	0	0	0	567	511	
0	0	0	0	0	565	499	
1	0	0	0	0	570	492	
2	0	0	0	0	579	490	
3	0	0	0	0	583	487	
4	0	0	0	0	586	491	
5	0	0	0	0	586	492	
6	0	0	0	0	586	496	
7	0	0	0	0	580	498	
8	0	0	0	0	570	501	
9	0	0	0	0	558	506	
10	0	0	0	0	547	513	
11	0	0	0	0	543	518	
12	0	0	0	0	544	522	
13	0	0	0	0	550	523	
14	0	0	0	0	553	529	
15	0	0	0	0	558	534	
0	0	0	0	0	561	541	
1	0	0	0	0	564	550	
2	0	0	0	0	568	558	
3	0	0	0	0	567	563	
4	0	0	0	0	566	563	
5	0	0	0	0	564	558	
6	0	0	0	0	563	548	
7	0	0	0	0	562	538	
8	0	0	0	0	560	532	
9	0	0	0	0	557	529	
10	0	0	0	0	552	524	
11	0	0	0	0	547	517	
12	0	0	0	0	539	505	
13	0	0	0	0	527	497	
14	0	0	0	0	515	496	
15	0	0	0	0	508	496	
0	0	0	0	0	507	499	
1	0	0	0	0	511	504	
2	0	0	0	0	519	507	
3	0	0	0	0	528	509	
4	0	0	0	0	540	509	
5	0	0	0	0	552	505	
6	0	0	0	0	567	503	
7	0	0	0	0	581	504	
8	0	0	0	0	591	501	
9	0	0	0	0	595	491	
10	0	0	0	0	603	484	
11	0	0	0	0	611	479	
12	0	0	0	0	613	481	
13	0	0	0	0	613	487	
14	0	0	0	0	612	497	
15	0	0	0	0	610	501	
0	0	0	0	0	606	511	
1	0	0	0	0	598	522	
2	0	0	0	0	584	532	
3	0	0	0	0	573	538	
4	0	0	0	0	561	540	
5	0	0	0	0	551	538	
6	0	0	0	0	541	536	
7	0	0	0	0	533	537	
8	0	0	0	0	526	538	
9	0	0	0	0	520	539	
10	0	0	0	0	514	537	
11	0	0	0	0	507	531	
12	0	0	0	0	497	521	
13	0	0	0	0	484	510	
14	0	0	0	0	472	508	
15	0	0	0	0	471	511	
0	0	0	0	0	476	521	
1	0	0	0	0	482	531	
2	0	0	0	0	494	537	
3	0	0	0	0	508	537	
4	0	0	0	0	519	534	
5	0	0	0	0	528	533	
6	0	0	0	0	534	533	
7	0	0	0	0	540	536	
8	0	0	0	0	543	542	
9	0	0	0	0	549	548	
10	0	0	0	0	553	553	
11	0	0	0	0	549	552	
12	0	0	0	0	541	551	
13	0	0	0	0	535	551	
14	0	0	0	0	532	553	
15	0	0	0	0	529	558	
0	0	0	0	0	523	562	
1	0	0	0	0	515	565	
2	0	0	0	0	510	568	
3	0	0	0	0	502	563	
4	0	0	0	0	492	556	
5	0	0	0	0	485	550	
6	0	0	0	0	480	547	
7	0	0	0	0	479	550	
8	0	0	0	0	483	555	
9	0	0	0	0	492	565	
10	0	0	0	0	502	573	
11	0	0	0	0	508	575	
12	0	0	0	0	510	575	
13	0	0	0	0	505	568	
14	0	0	0	0	499	560	
15	0	0	0	0	492	551	
0	0	0	0	0	482	539	
1	0	0	0	0	469	531	
2	0	0	0	0	463	530	
3	0	0	0	0	470	534	
4	0	0	0	0	475	544	
5	0	0	0	0	477	552	
6	0	0	0	0	478	563	
7	0	0	0	0	478	572	
8	0	0	0	0	481	580	
9	0	0	0	0	485	585	
10	0	0	0	0	491	587	
11	0	0	0	0	499	583	
12	0	0	0	0	503	573	
13	0	0	0	0	504	558	
14	0	0	0	0	503	548	
15	0	0	0	0	500	536	
0	0	0	0	0	496	522	
1	0	0	0	0	494	508	
2	0	0	0	0	496	496	
3	0	0	0	0	496	491	
4	0	0	0	0	497	488	
5	0	0	0	0	500	484	
6	0	0	0	0	503	482	
7	0	0	0	0	507	486	
8	0	0	0	0	511	491	
9	0	0	0	0	511	499	
10	0	0	0	0	509	504	
11	0	0	0	0	511	505	
12	0	0	0	0	513	500	
13	0	0	0	0	515	496	
14	0	0	0	0	515	492	
15	0	0	0	0	519	495	
0	0	0	0	0	527	499	
1	0	0	0	0	539	505	
2	0	0	0	0	551	511	
3	0	0	0	0	561	508	
4	0	0	0	0	567	501	
5	0	0	0	0	565	490	
6	0	0	0	0	557	479	
7	0	0	0	0	548	469	
8	0	0	0	0	536	462	
9	0	0	0	0	524	460	
10	0	0	0	0	511	460	
11	0	0	0	0	500	464	
12	0	0	0	0	493	468	
13	0	0	0	0	487	471	
14	0	0	0	0	487	476	
15	0	0	0	0	489	484	
0	0	0	0	0	496	490	
1	0	0	0	0	504	500	
2	0	0	0	0	515	511	
3	0	0	0	0	525	519	
4	0	0	0	0	539	521	
5	0	0	0	0	548	519	
6	0	0	0	0	552	521	
7	0	0	0	0	557	526	
8	0	0	0	0	559	530	
9	0	0	0	0	556	535	
10	0	0	0	0	552	537	
11	0	0	0	0	544	537	
12	0	0	0	0	534	535	
13	0	0	0	0	527	539	
14	0	0	0	0	523	545	
15	0	0	0	0	519	558	
0	0	0	0	0	516	570	
1	0	0	0	0	511	576	
2	0	0	0	0	508	579	
3	0	0	0	0	506	575	
4	0	0	0	0	506	575	
5	0	0	0	0	511	572	
6	0	0	0	0	519	566	
7	0	0	0	0	527	554	
8	0	0	0	0	529	538	
9	0	0	0	0	529	520	
10	0	0	0	0	533	503	
11	0	0	0	0	539	483	
12	0	0	0	0	543	472	
13	0	0	0	0	543	466	
14	0	0	0	0	536	460	
15	0	0	0	0	527	460	
0	0	0	0	0	519	468	
1	0	0	0	0	516	480	
2	0	0	0	0	517	493	
3	0	0	0	0	523	504	
4	0	0	0	0	530	512	
5	0	0	0	0	538	519	
6	0	0	0	0	545	526	
7	0	0	0	0	552	535	
8	0	0	0	0	559	543	
9	0	0	0	0	556	549	
10	0	0	0	0	551	551	
11	0	0	0	0	545	550	
12	0	0	0	0	537	543	
13	0	0	0	0	529	533	
14	0	0	0	0	520	525	
15	0	0	0	0	513	519	
0	0	0	0	0	511	514	
1	0	0	0	0	510	512	
2	0	0	0	0	509	510	
3	0	0	0	0	508	511	
4	0	0	0	0	499	512	
5	0	0	0	0	487	515	
6	0	0	0	0	475	515	
7	0	0	0	0	462	512	
8	0	0	0	0	456	504	
9	0	0	0	0	457	488	
10	0	0	0	0	463	477	
11	0	0	0	0	468	472	
12	0	0	0	0	475	470	
13	0	0	0	0	481	468	
14	0	0	0	0	486	467	
15	0	0	0	0	490	466	
0	0	0	0	0	490	468	
1	0	0	0	0	493	472	
2	0	0	0	0	497	480	
3	0	0	0	0	508	484	
4	0	0	0	0	514	488	
5	0	0	0	0	521	493	
6	0	0	0	0	528	496	
7	0	0	0	0	539	501	
8	0	0	0	0	547	509	
9	0	0	0	0	552	520	
10	0	0	0	0	551	527	
11	0	0	0	0	550	529	
12	0	0	0	0	549	531	
13	0	0	0	0	546	535	
14	0	0	0	0	541	543	
15	0	0	0	0	536	550	
0	0	0	0	0	534	550	
1	0	0	0	0	530	543	
2	0	0	0	0	526	532	
3	0	0	0	0	523	518	
4	0	0	0	0	519	512	
5	0	0	0	0	515	511	
6	0	0	0	0	512	512	
7	0	0	0	0	505	507	
8	0	0	0	0	496	499	
9	0	0	0	0	486	495	
10	0	0	0	0	478	483	
11	0	0	0	0	479	463	
12	0	0	0	0	482	446	
13	0	0	0	0	493	440	
14	0	0	0	0	511	444	
15	0	0	0	0	529	450	
0	0	0	0	0	542	460	
1	0	0	0	0	552	469	
2	0	0	0	0	556	479	
3	0	0	0	0	555	491	
4	0	0	0	0	551	498	
5	0	0	0	0	547	505	
6	0	0	0	0	543	508	
7	0	0	0	0	536	515	
8	0	0	0	0	527	518	
9	0	0	0	0	521	516	
10	0	0	0	0	513	513	
11	0	0	0	0	501	505	
12	0	0	0	0	491	499	
13	0	0	0	0	484	496	
14	0	0	0	0	481	496	
15	0	0	0	0	475	499	
0	0	0	0	0	466	503	
1	0	0	0	0	456	507	
2	0	0	0	0	445	511	
3	0	0	0	0	435	512	
4	0	0	0	0	426	512	
5	0	0	0	0	417	510	
6	0	0	0	0	407	508	
7	0	0	0	0	399	504	
8	0	0	0	0	395	499	
9	0	0	0	0	394	496	
10	0	0	0	0	397	496	
11	0	0	0	0	403	497	
12	0	0	0	0	408	500	
13	0	0	0	0	415	498	
14	0	0	0	0	424	498	
15	0	0	0	0	435	499	
0	0	0	0	0	444	503	
1	0	0	0	0	455	511	
2	0	0	0	0	464	523	
3	0	0	0	0	478	536	
4	0	0	0	0	494	555	
5	0	0	0	0	510	571	
6	0	0	0	0	517	576	
7	0	0	0	0	517	573	
8	0	0	0	0	511	562	
9	0	0	0	0	505	548	
10	0	0	0	0	496	536	
11	0	0	0	0	489	524	
12	0	0	0	0	481	514	
13	0	0	0	0	477	505	
14	0	0	0	0	473	497	
15	0	0	0	0	469	488	
0	0	0	0	0	462	479	
1	0	0	0	0	454	464	
2	0	0	0	0	447	450	
3	0	0	0	0	442	435	
4	0	0	0	0	435	427	
5	0	0	0	0	432	423	
6	0	0	0	0	434	428	
7	0	0	0	0	441	438	
8	0	0	0	0	450	451	
9	0	0	0	0	461	459	
10	0	0	0	0	471	463	
11	0	0	0	0	478	464	
12	0	0	0	0	482	464	
13	0	0	0	0	484	461	
14	0	0	0	0	489	459	
15	0	0	0	0	496	464	
0	0	0	0	0	509	476	
1	0	0	0	0	521	491	
2	0	0	0	0	529	510	
3	0	0	0	0	538	529	
4	0	0	0	0	546	541	
5	0	0	0	0	553	543	
6	0	0	0	0	557	541	
7	0	0	0	0	556	534	
8	0	0	0	0	551	530	
9	0	0	0	0	540	526	
10	0	0	0	0	529	521	
11	0	0	0	0	514	518	
12	0	0	0	0	498	515	
13	0	0	0	0	482	509	
14	0	0	0	0	470	503	
15	0	0	0	0	460	501	
0	0	0	0	0	454	500	
1	0	0	0	0	449	500	
2	0	0	0	0	442	499	
3	0	0	0	0	435	495	
4	0	0	0	0	431	493	
5	0	0	0	0	429	487	
6	0	0	0	0	432	488	
7	0	0	0	0	436	489	
8	0	0	0	0	441	492	
9	0	0	0	0	445	496	
10	0	0	0	0	450	496	
11	0	0	0	0	458	496	
12	0	0	0	0	467	495	
13	0	0	0	0	475	492	
14	0	0	0	0	480	490	
15	0	0	0	0	481	487	
0	0	0	0	0	481	486	
1	0	0	0	0	484	490	
2	0	0	0	0	487	495	
3	0	0	0	0	492	500	
4	0	0	0	0	494	505	
5	0	0	0	0	495	511	
6	0	0	0	0	490	514	
7	0	0	0	0	480	515	
8	0	0	0	0	467	514	
9	0	0	0	0	457	513	
10	0	0	0	0	451	518	
11	0	0	0	0	450	525	
12	0	0	0	0	456	534	
13	0	0	0	0	458	543	
14	0	0	0	0	460	549	
15	0	0	0	0	461	553	
0	0	0	0	0	459	559	
1	0	0	0	0	458	561	
2	0	0	0	0	455	561	
3	0	0	0	0	456	561	
4	0	0	0	0	457	555	
5	0	0	0	0	454	550	
6	0	0	0	0	450	544	
7	0	0	0	0	451	537	
8	0	0	0	0	453	532	
9	0	0	0	0	455	527	
10	0	0	0	0	461	521	
11	0	0	0	0	469	510	
12	0	0	0	0	475	502	
13	0	0	0	0	483	494	
14	0	0	0	0	490	490	
15	0	0	0	0	494	489	
0	0	0	0	0	501	486	
1	0	0	0	0	508	480	
2	0	0	0	0	515	470	
3	0	0	0	0	520	457	
4	0	0	0	0	522	449	
5	0	0	0	0	524	446	
6	0	0	0	0	528	445	
7	0	0	0	0	533	446	
8	0	0	0	0	538	449	
9	0	0	0	0	541	451	
10	0	0	0	0	541	450	
11	0	0	0	0	540	451	
12	0	0	0	0	535	456	
13	0	0	0	0	529	461	
14	0	0	0	0	521	468	
15	0	0	0	0	514	476	
0	0	0	0	0	504	481	
1	0	0	0	0	495	483	
2	0	0	0	0	486	481	
3	0	0	0	0	481	482	
4	0	0	0	0	479	487	
5	0	0	0	0	477	495	
6	0	0	0	0	476	504	
7	0	0	0	0	475	514	
8	0	0	0	0	475	522	
9	0	0	0	0	473	530	
10	0	0	0	0	469	532	
11	0	0	0	0	465	531	
12	0	0	0	0	462	524	
13	0	0	0	0	464	516	
14	0	0	0	0	464	511	
15	0	0	0	0	464	506	
0	0	0	0	0	464	499	
1	0	0	0	0	460	489	
2	0	0	0	0	456	475	
3	0	0	0	0	458	461	
4	0	0	0	0	462	450	
5	0	0	0	0	467	442	
6	0	0	0	0	472	439	
7	0	0	0	0	479	439	
8	0	0	0	0	481	440	
9	0	0	0	0	480	439	
10	0	0	0	0	475	438	
11	0	0	0	0	468	439	
12	0	0	0	0	466	441	
13	0	0	0	0	464	444	
14	0	0	0	0	464	450	
15	0	0	0	0	466	455	
0	0	0	0	0	472	460	
1	0	0	0	0	484	467	
2	0	0	0	0	491	473	
3	0	0	0	0	495	479	
4	0	0	0	0	499	484	
5	0	0	0	0	503	487	
6	0	0	0	0	505	488	
7	0	0	0	0	505	484	
8	0	0	0	0	505	484	
9	0	0	0	0	504	481	
10	0	0	0	0	506	485	
11	0	0	0	0	505	492	
12	0	0	0	0	503	495	
13	0	0	0	0	501	496	
14	0	0	0	0	499	499	
15	0	0	0	0	502	512	
0	0	0	0	0	507	532	
1	0	0	0	0	505	552	
2	0	0	0	0	504	568	
3	0	0	0	0	507	576	
4	0	0	0	0	510	581	
5	0	0	0	0	511	579	
6	0	0	0	0	512	576	
7	0	0	0	0	515	569	
8	0	0	0	0	517	558	
9	0	0	0	0	521	548	
10	0	0	0	0	529	534	
11	0	0	0	0	534	515	
12	0	0	0	0	536	500	
13	0	0	0	0	541	488	
14	0	0	0	0	543	475	
15	0	0	0	0	545	463	
0	0	0	0	0	546	451	
1	0	0	0	0	549	448	
2	0	0	0	0	548	445	
3	0	0	0	0	546	446	
4	0	0	0	0	542	447	
5	0	0	0	0	533	451	
6	0	0	0	0	527	459	
7	0	0	0	0	526	468	
8	0	0	0	0	526	471	
9	0	0	0	0	532	465	
10	0	0	0	0	543	460	
11	0	0	0	0	555	458	
12	0	0	0	0	560	459	
13	0	0	0	0	564	468	
14	0	0	0	0	567	481	
15	0	0	0	0	568	494	
0	0	0	0	0	560	504	
1	0	0	0	0	557	508	
2	0	0	0	0	557	512	
3	0	0	0	0	560	518	
4	0	0	0	0	563	527	
5	0	0	0	0	567	540	
6	0	0	0	0	571	554	
7	0	0	0	0	575	575	
8	0	0	0	0	582	598	
9	0	0	0	0	585	619	
10	0	0	0	0	588	633	
11	0	0	0	0	592	637	
12	0	0	0	0	595	631	
13	0	0	0	0	600	620	
14	0	0	0	0	599	605	
15	0	0	0	0	600	585	
0	0	0	0	0	595	565	
1	0	0	0	0	590	550	
2	0	0	0	0	583	537	
3	0	0	0	0	577	525	
4	0	0	0	0	570	514	
5	0	0	0	0	561	503	
6	0	0	0	0	549	494	
7	0	0	0	0	539	493	
8	0	0	0	0	526	491	
9	0	0	0	0	516	491	
10	0	0	0	0	511	492	
11	0	0	0	0	512	498	
12	0	0	0	0	516	513	
13	0	0	0	0	519	527	
14	0	0	0	0	520	540	
15	0	0	0	0	521	550	
0	0	0	0	0	516	555	
1	0	0	0	0	511	559	
2	0	0	0	0	505	560	
3	0	0	0	0	501	560	
4	0	0	0	0	499	562	
5	0	0	0	0	500	566	
6	0	0	0	0	504	573	
7	0	0	0	0	506	583	
8	0	0	0	0	509	597	
9	0	0	0	0	511	611	
10	0	0	0	0	508	620	
11	0	0	0	0	506	625	
12	0	0	0	0	502	624	
13	0	0	0	0	503	615	
14	0	0	0	0	508	606	
15	0	0	0	0	510	597	
0	0	0	0	0	508	589	
1	0	0	0	0	499	581	
2	0	0	0	0	486	574	
3	0	0	0	0	473	567	
4	0	0	0	0	461	564	
5	0	0	0	0	453	561	
6	0	0	0	0	449	556	
7	0	0	0	0	448	553	
8	0	0	0	0	447	549	
9	0	0	0	0	451	545	
10	0	0	0	0	462	542	
11	0	0	0	0	476	538	
12	0	0	0	0	488	533	
13	0	0	0	0	497	531	
14	0	0	0	0	503	531	
15	0	0	0	0	505	535	
0	0	0	0	0	509	538	
1	0	0	0	0	512	540	
2	0	0	0	0	513	541	
3	0	0	0	0	510	540	
4	0	0	0	0	508	540	
5	0	0	0	0	502	535	
6	0	0	0	0	494	531	
7	0	0	0	0	485	530	
8	0	0	0	0	480	529	
9	0	0	0	0	477	532	
10	0	0	0	0	479	544	
11	0	0	0	0	485	556	
12	0	0	0	0	489	564	
13	0	0	0	0	488	568	
14	0	0	0	0	485	568	
15	0	0	0	0	483	569	
0	0	0	0	0	480	572	
1	0	0	0	0	478	575	
2	0	0	0	0	477	576	
3	0	0	0	0	474	568	
4	0	0	0	0	475	561	
5	0	0	0	0	478	550	
6	0	0	0	0	479	537	
7	0	0	0	0	473	520	
8	0	0	0	0	464	504	
9	0	0	0	0	457	490	
10	0	0	0	0	453	476	
11	0	0	0	0	449	468	
12	0	0	0	0	448	465	
13	0	0	0	0	447	471	
14	0	0	0	0	445	473	
15	0	0	0	0	447	475	
0	0	0	0	0	453	479	
1	0	0	0	0	463	483	
2	0	0	0	0	472	487	
3	0	0	0	0	477	486	
4	0	0	0	0	480	487	
5	0	0	0	0	483	490	
6	0	0	0	0	483	495	
7	0	0	0	0	486	499	
8	0	0	0	0	494	508	
9	0	0	0	0	507	520	
10	0	0	0	0	521	533	
11	0	0	0	0	537	544	
12	0	0	0	0	553	555	
13	0	0	0	0	563	557	
14	0	0	0	0	572	556	
15	0	0	0	0	573	552	
0	0	0	0	0	571	550	
1	0	0	0	0	569	544	
2	0	0	0	0	565	541	
3	0	0	0	0	560	541	
4	0	0	0	0	556	541	
5	0	0	0	0	547	535	
6	0	0	0	0	536	525	
7	0	0	0	0	526	516	
8	0	0	0	0	515	508	
9	0	0	0	0	511	505	
10	0	0	0	0	510	504	
11	0	0	0	0	509	500	
12	0	0	0	0	511	497	
13	0	0	0	0	515	494	
14	0	0	0	0	523	490	
15	0	0	0	0	529	487	
0	0	0	0	0	534	487	
1	0	0	0	0	538	487	
2	0	0	0	0	545	489	
3	0	0	0	0	551	492	
4	0	0	0	0	554	495	
5	0	0	0	0	558	498	
6	0	0	0	0	561	505	
7	0	0	0	0	564	508	
8	0	0	0	0	568	510	
9	0	0	0	0	574	513	
10	0	0	0	0	577	520	
11	0	0	0	0	575	527	
12	0	0	0	0	574	529	
13	0	0	0	0	573	533	
14	0	0	0	0	571	533	
15	0	0	0	0	567	531	
0	0	0	0	0	563	527	
1	0	0	0	0	559	527	
2	0	0	0	0	555	524	
3	0	0	0	0	548	520	
4	0	0	0	0	539	518	
5	0	0	0	0	528	513	
6	0	0	0	0	524	508	
7	0	0	0	0	525	502	
8	0	0	0	0	529	492	
9	0	0	0	0	533	481	
10	0	0	0	0	532	473	
11	0	0	0	0	524	465	
12	0	0	0	0	513	457	
13	0	0	0	0	509	459	
14	0	0	0	0	512	466	
15	0	0	0	0	520	482	
0	0	0	0	0	533	506	
1	0	0	0	0	547	533	
2	0	0	0	0	558	555	
3	0	0	0	0	567	571	
4	0	0	0	0	576	583	
5	0	0	0	0	579	591	
6	0	0	0	0	579	595	
7	0	0	0	0	575	594	
8	0	0	0	0	568	586	
9	0	0	0	0	559	572	
10	0	0	0	0	555	558	
11	0	0	0	0	554	544	
12	0	0	0	0	553	526	
13	0	0	0	0	551	510	
14	0	0	0	0	548	498	
15	0	0	0	0	544	495	
0	0	0	0	0	540	494	
1	0	0	0	0	536	494	
2	0	0	0	0	535	492	
3	0	0	0	0	533	487	
4	0	0	0	0	530	479	
5	0	0	0	0	526	472	
6	0	0	0	0	521	468	
7	0	0	0	0	518	462	
8	0	0	0	0	520	459	
9	0	0	0	0	524	458	
10	0	0	0	0	535	459	
11	0	0	0	0	549	462	
12	0	0	0	0	563	460	
13	0	0	0	0	576	461	
14	0	0	0	0	588	462	
15	0	0	0	0	594	463	
0	0	0	0	0	594	462	
1	0	0	0	0	589	461	
2	0	0	0	0	579	465	
3	0	0	0	0	565	475	
4	0	0	0	0	553	491	
5	0	0	0	0	542	510	
6	0	0	0	0	533	524	
7	0	0	0	0	535	535	
8	0	0	0	0	539	541	
9	0	0	0	0	546	546	
10	0	0	0	0	557	547	
11	0	0	0	0	571	552	
12	0	0	0	0	579	557	
13	0	0	0	0	588	560	
14	0	0	0	0	593	560	
15	0	0	0	0	590	555	
0	0	0	0	0	583	547	
1	0	0	0	0	577	543	
2	0	0	0	0	571	540	
3	0	0	0	0	572	545	
4	0	0	0	0	577	555	
5	0	0	0	0	583	563	
6	0	0	0	0	596	568	
7	0	0	0	0	608	572	
8	0	0	0	0	619	575	
9	0	0	0	0	627	576	
10	0	0	0	0	632	573	
11	0	0	0	0	633	569	
12	0	0	0	0	626	565	
13	0	0	0	0	613	561	
14	0	0	0	0	604	561	
15	0	0	0	0	593	561	
0	0	0	0	0	579	560	
1	0	0	0	0	566	560	
2	0	0	0	0	552	559	
3	0	0	0	0	540	561	
4	0	0	0	0	531	562	
5	0	0	0	0	522	564	
6	0	0	0	0	513	564	
7	0	0	0	0	505	564	
8	0	0	0	0	499	557	
9	0	0	0	0	492	548	
10	0	0	0	0	487	539	
11	0	0	0	0	489	533	
12	0	0	0	0	498	527	
13	0	0	0	0	510	526	
14	0	0	0	0	527	524	
15	0	0	0	0	544	522	
0	0	0	0	0	558	516	
1	0	0	0	0	568	513	
2	0	0	0	0	579	509	
3	0	0	0	0	588	505	
4	0	0	0	0	593	503	
5	0	0	0	0	597	502	
6	0	0	0	0	599	499	
7	0	0	0	0	599	497	
8	0	0	0	0	596	499	
9	0	0	0	0	593	502	
10	0	0	0	0	591	503	
11	0	0	0	0	588	505	
12	0	0	0	0	583	511	
13	0	0	0	0	575	515	
14	0	0	0	0	567	512	
15	0	0	0	0	565	508	
0	0	0	0	0	562	504	
1	0	0	0	0	557	499	
2	0	0	0	0	554	495	
3	0	0	0	0	550	493	
4	0	0	0	0	543	499	
5	0	0	0	0	535	509	
6	0	0	0	0	525	518	
7	0	0	0	0	519	525	
8	0	0	0	0	519	535	
9	0	0	0	0	521	546	
10	0	0	0	0	526	556	
11	0	0	0	0	530	567	
12	0	0	0	0	538	574	
13	0	0	0	0	543	574	
14	0	0	0	0	547	566	
15	0	0	0	0	551	555	
0	0	0	0	0	556	547	
1	0	0	0	0	565	544	
2	0	0	0	0	577	543	
3	0	0	0	0	588	542	
4	0	0	0	0	597	543	
5	0	0	0	0	604	543	
6	0	0	0	0	608	541	
7	0	0	0	0	609	538	
8	0	0	0	0	607	533	
9	0	0	0	0	606	531	
10	0	0	0	0	599	528	
11	0	0	0	0	590	526	
12	0	0	0	0	579	526	
13	0	0	0	0	565	525	
14	0	0	0	0	550	526	
15	0	0	0	0	534	522	
0	0	0	0	0	524	513	
1	0	0	0	0	514	501	
2	0	0	0	0	511	490	
3	0	0	0	0	508	483	
4	0	0	0	0	508	483	
5	0	0	0	0	509	485	
6	0	0	0	0	511	489	
7	0	0	0	0	517	496	
8	0	0	0	0	520	501	
9	0	0	0	0	525	502	
10	0	0	0	0	532	506	
11	0	0	0	0	540	516	
12	0	0	0	0	546	531	
13	0	0	0	0	553	551	
14	0	0	0	0	557	573	
15	0	0	0	0	555	595	
0	0	0	0	0	550	614	
1	0	0	0	0	545	620	
2	0	0	0	0	541	615	
3	0	0	0	0	537	605	
4	0	0	0	0	535	592	
5	0	0	0	0	529	579	
6	0	0	0	0	525	563	
7	0	0	0	0	526	543	
8	0	0	0	0	528	516	
9	0	0	0	0	526	490	
10	0	0	0	0	521	468	
11	0	0	0	0	515	455	
12	0	0	0	0	506	447	
13	0	0	0	0	495	441	
14	0	0	0	0	483	432	
15	0	0	0	0	471	423	
0	0	0	0	0	462	422	
1	0	0	0	0	459	430	
2	0	0	0	0	463	442	
3	0	0	0	0	473	463	
4	0	0	0	0	489	488	
5	0	0	0	0	506	516	
6	0	0	0	0	522	539	
7	0	0	0	0	539	551	
8	0	0	0	0	550	551	
9	0	0	0	0	557	547	
10	0	0	0	0	561	538	
11	0	0	0	0	562	528	
12	0	0	0	0	559	519	
13	0	0	0	0	555	515	
14	0	0	0	0	548	514	
15	0	0	0	0	544	514	
0	0	0	0	0	541	512	
1	0	0	0	0	540	510	
2	0	0	0	0	534	510	
3	0	0	0	0	523	515	
4	0	0	0	0	510	524	
5	0	0	0	0	499	530	
6	0	0	0	0	491	533	
7	0	0	0	0	487	531	
8	0	0	0	0	481	527	
9	0	0	0	0	477	522	
10	0	0	0	0	474	516	
11	0	0	0	0	476	511	
12	0	0	0	0	485	513	
13	0	0	0	0	494	516	
14	0	0	0	0	502	519	
15	0	0	0	0	508	527	
0	0	0	0	0	511	535	
1	0	0	0	0	512	541	
2	0	0	0	0	510	545	
3	0	0	0	0	509	549	
4	0	0	0	0	507	550	
5	0	0	0	0	503	545	
6	0	0	0	0	499	542	
7	0	0	0	0	501	541	
8	0	0	0	0	502	540	
9	0	0	0	0	505	539	
10	0	0	0	0	509	539	
11	0	0	0	0	510	541	
12	0	0	0	0	510	540	
13	0	0	0	0	511	537	
14	0	0	0	0	512	538	
15	0	0	0	0	512	540	
0	0	0	0	0	513	538	
1	0	0	0	0	508	526	
2	0	0	0	0	499	515	
3	0	0	0	0	492	506	
4	0	0	0	0	486	500	
5	0	0	0	0	477	493	
6	0	0	0	0	470	489	
7	0	0	0	0	465	489	
8	0	0	0	0	463	490	
9	0	0	0	0	462	493	
10	0	0	0	0	459	500	
11	0	0	0	0	451	504	
12	0	0	0	0	446	504	
13	0	0	0	0	439	508	
14	0	0	0	0	432	506	
15	0	0	0	0	435	507	
0	0	0	0	0	442	506	
1	0	0	0	0	448	502	
2	0	0	0	0	458	496	
3	0	0	0	0	471	489	
4	0	0	0	0	489	487	
5	0	0	0	0	505	492	
6	0	0	0	0	519	505	
7	0	0	0	0	529	527	
8	0	0	0	0	537	550	
9	0	0	0	0	541	562	
10	0	0	0	0	540	562	
11	0	0	0	0	537	554	
12	0	0	0	0	533	544	
13	0	0	0	0	528	532	
14	0	0	0	0	526	516	
15	0	0	0	0	527	502	
0	0	0	0	0	529	491	
1	0	0	0	0	530	482	
2	0	0	0	0	528	477	
3	0	0	0	0	525	472	
4	0	0	0	0	523	468	
5	0	0	0	0	523	466	
6	0	0	0	0	521	465	
7	0	0	0	0	520	461	
8	0	0	0	0	516	456	
9	0	0	0	0	512	449	
10	0	0	0	0	509	449	
11	0	0	0	0	505	451	
12	0	0	0	0	503	462	
13	0	0	0	0	504	472	
14	0	0	0	0	507	483	
15	0	0	0	0	512	496	
0	0	0	0	0	520	512	
1	0	0	0	0	533	528	
2	0	0	0	0	547	541	
3	0	0	0	0	559	554	
4	0	0	0	0	571	565	
5	0	0	0	0	582	570	
6	0	0	0	0	588	566	
7	0	0	0	0	591	558	
8	0	0	0	0	592	549	
9	0	0	0	0	587	539	
10	0	0	0	0	580	528	
11	0	0	0	0	572	515	
12	0	0	0	0	561	503	
13	0	0	0	0	552	492	
14	0	0	0	0	544	486	
15	0	0	0	0	537	484	
0	0	0	0	0	529	483	
1	0	0	0	0	525	481	
2	0	0	0	0	519	480	
3	0	0	0	0	514	480	
4	0	0	0	0	509	479	
5	0	0	0	0	508	479	
6	0	0	0	0	510	480	
7	0	0	0	0	513	483	
8	0	0	0	0	518	484	
9	0	0	0	0	520	480	
10	0	0	0	0	524	475	
11	0	0	0	0	530	472	
12	0	0	0	0	533	472	
13	0	0	0	0	535	478	
14	0	0	0	0	537	492	
15	0	0	0	0	541	505	
0	0	0	0	0	544	509	
1	0	0	0	0	544	507	
2	0	0	0	0	543	505	
3	0	0	0	0	544	504	
4	0	0	0	0	549	505	
5	0	0	0	0	557	507	
6	0	0	0	0	564	505	
7	0	0	0	0	572	500	
8	0	0	0	0	573	498	
9	0	0	0	0	573	494	
10	0	0	0	0	568	489	
11	0	0	0	0	559	484	
12	0	0	0	0	547	486	
13	0	0	0	0	531	487	
14	0	0	0	0	512	488	
15	0	0	0	0	495	492	
0	0	0	0	0	479	494	
1	0	0	0	0	468	490	
2	0	0	0	0	462	484	
3	0	0	0	0	463	477	
4	0	0	0	0	471	473	
5	0	0	0	0	483	472	
6	0	0	0	0	498	475	
7	0	0	0	0	515	475	
8	0	0	0	0	530	480	
9	0	0	0	0	539	483	
10	0	0	0	0	541	487	
11	0	0	0	0	541	486	
12	0	0	0	0	542	484	
13	0	0	0	0	539	480	
14	0	0	0	0	532	474	
15	0	0	0	0	526	468	
0	0	0	0	0	525	466	
1	0	0	0	0	529	468	
2	0	0	0	0	530	470	
3	0	0	0	0	524	468	
4	0	0	0	0	517	465	
5	0	0	0	0	508	458	
6	0	0	0	0	500	448	
7	0	0	0	0	493	439	
8	0	0	0	0	489	437	
9	0	0	0	0	487	444	
10	0	0	0	0	484	457	
11	0	0	0	0	484	477	
12	0	0	0	0	484	494	
13	0	0	0	0	482	504	
14	0	0	0	0	481	509	
15	0	0	0	0	478	513	
0	0	0	0	0	475	519	
1	0	0	0	0	478	528	
2	0	0	0	0	484	534	
3	0	0	0	0	497	538	
4	0	0	0	0	512	544	
5	0	0	0	0	526	552	
6	0	0	0	0	535	560	
7	0	0	0	0	545	564	
8	0	0	0	0	555	563	
9	0	0	0	0	563	558	
10	0	0	0	0	569	551	
11	0	0	0	0	568	543	
12	0	0	0	0	572	537	
13	0	0	0	0	573	531	
14	0	0	0	0	568	521	
15	0	0	0	0	562	512	
0	0	0	0	0	556	502	
1	0	0	0	0	551	495	
2	0	0	0	0	546	486	
3	0	0	0	0	543	478	
4	0	0	0	0	536	471	
5	0	0	0	0	531	468	
6	0	0	0	0	529	471	
7	0	0	0	0	531	480	
8	0	0	0	0	534	495	
9	0	0	0	0	532	514	
10	0	0	0	0	531	531	
11	0	0	0	0	529	544	
12	0	0	0	0	528	554	
13	0	0	0	0	532	560	
14	0	0	0	0	534	559	
15	0	0	0	0	532	556	
0	0	0	0	0	528	551	
1	0	0	0	0	526	548	
2	0	0	0	0	526	547	
3	0	0	0	0	525	542	
4	0	0	0	0	523	532	
5	0	0	0	0	518	522	
6	0	0	0	0	517	511	
7	0	0	0	0	524	501	
8	0	0	0	0	535	493	
9	0	0	0	0	544	487	
10	0	0	0	0	552	482	
11	0	0	0	0	561	483	
12	0	0	0	0	567	486	
13	0	0	0	0	571	491	
14	0	0	0	0	568	495	
15	0	0	0	0	563	501	
0	0	0	0	0	553	507	
1	0	0	0	0	542	510	
2	0	0	0	0	525	511	
3	0	0	0	0	506	508	
4	0	0	0	0	490	502	
5	0	0	0	0	483	504	
6	0	0	0	0	485	509	
7	0	0	0	0	494	517	
8	0	0	0	0	508	526	
9	0	0	0	0	523	535	
10	0	0	0	0	534	540	
11	0	0	0	0	545	543	
12	0	0	0	0	550	549	
13	0	0	0	0	550	555	
14	0	0	0	0	550	560	
15	0	0	0	0	548	561	
0	0	0	0	0	547	560	
1	0	0	0	0	548	553	
2	0	0	0	0	550	547	
3	0	0	0	0	551	540	
4	0	0	0	0	553	531	
5	0	0	0	0	556	519	
6	0	0	0	0	557	505	
7	0	0	0	0	557	492	
8	0	0	0	0	559	481	
9	0	0	0	0	559	474	
10	0	0	0	0	559	472	
11	0	0	0	0	558	468	
12	0	0	0	0	557	467	
13	0	0	0	0	553	468	
14	0	0	0	0	547	471	
15	0	0	0	0	541	477	
0	0	0	0	0	536	477	
1	0	0	0	0	532	476	
2	0	0	0	0	525	481	
3	0	0	0	0	521	486	
4	0	0	0	0	517	491	
5	0	0	0	0	517	500	
6	0	0	0	0	525	508	
7	0	0	0	0	539	513	
8	0	0	0	0	547	515	
9	0	0	0	0	555	511	
10	0	0	0	0	563	505	
11	0	0	0	0	572	496	
12	0	0	0	0	579	492	
13	0	0	0	0	580	486	
14	0	0	0	0	579	485	
15	0	0	0	0	575	487	
0	0	0	0	0	571	489	
1	0	0	0	0	562	492	
2	0	0	0	0	545	495	
3	0	0	0	0	532	496	
4	0	0	0	0	519	495	
5	0	0	0	0	511	489	
6	0	0	0	0	504	484	
7	0	0	0	0	499	479	
8	0	0	0	0	497	476	
9	0	0	0	0	496	472	
10	0	0	0	0	498	471	
11	0	0	0	0	506	470	
12	0	0	0	0	512	480	
13	0	0	0	0	518	492	
14	0	0	0	0	519	505	
15	0	0	0	0	517	516	
0	0	0	0	0	516	523	
1	0	0	0	0	517	531	
2	0	0	0	0	521	535	
3	0	0	0	0	526	541	
4	0	0	0	0	530	544	
5	0	0	0	0	536	544	
6	0	0	0	0	541	541	
7	0	0	0	0	543	535	
8	0	0	0	0	543	529	
9	0	0	0	0	544	520	
10	0	0	0	0	545	516	
11	0	0	0	0	547	514	
12	0	0	0	0	555	516	
13	0	0	0	0	561	523	
14	0	0	0	0	563	528	
15	0	0	0	0	561	529	
0	0	0	0	0	556	529	
1	0	0	0	0	551	529	
2	0	0	0	0	546	531	
3	0	0	0	0	534	530	
4	0	0	0	0	519	527	
5	0	0	0	0	503	524	
6	0	0	0	0	484	518	
7	0	0	0	0	467	514	
8	0	0	0	0	459	515	
9	0	0	0	0	453	522	
10	0	0	0	0	450	530	
11	0	0	0	0	451	534	
12	0	0	0	0	457	530	
13	0	0	0	0	460	524	
14	0	0	0	0	465	519	
15	0	0	0	0	468	512	
0	0	0	0	0	472	501	
1	0	0	0	0	472	488	
2	0	0	0	0	472	478	
3	0	0	0	0	468	472	
4	0	0	0	0	467	470	
5	0	0	0	0	464	468	
6	0	0	0	0	467	475	
7	0	0	0	0	475	488	
8	0	0	0	0	484	504	
9	0	0	0	0	494	522	
10	0	0	0	0	501	539	
11	0	0	0	0	503	555	
12	0	0	0	0	501	569	
13	0	0	0	0	498	581	
14	0	0	0	0	501	594	
15	0	0	0	0	506	604	
0	0	0	0	0	511	609	
1	0	0	0	0	512	612	
2	0	0	0	0	513	614	
3	0	0	0	0	511	615	
4	0	0	0	0	509	617	
5	0	0	0	0	509	618	
6	0	0	0	0	511	619	
7	0	0	0	0	515	622	
8	0	0	0	0	521	621	
9	0	0	0	0	526	615	
10	0	0	0	0	528	607	
11	0	0	0	0	531	592	
12	0	0	0	0	535	576	
13	0	0	0	0	534	558	
14	0	0	0	0	529	543	
15	0	0	0	0	523	527	
0	0	0	0	0	516	511	
1	0	0	0	0	511	496	
2	0	0	0	0	508	483	
3	0	0	0	0	506	475	
4	0	0	0	0	502	472	
5	0	0	0	0	498	471	
6	0	0	0	0	492	475	
7	0	0	0	0	489	479	
8	0	0	0	0	484	478	
9	0	0	0	0	477	473	
10	0	0	0	0	470	477	
11	0	0	0	0	464	491	
12	0	0	0	0	457	504	
13	0	0	0	0	451	517	
14	0	0	0	0	444	529	
15	0	0	0	0	448	540	
0	0	0	0	0	460	554	
1	0	0	0	0	483	565	
2	0	0	0	0	508	566	
3	0	0	0	0	530	563	
4	0	0	0	0	547	557	
5	0	0	0	0	557	548	
6	0	0	0	0	560	536	
7	0	0	0	0	560	525	
8	0	0	0	0	551	509	
9	0	0	0	0	539	494	
10	0	0	0	0	527	480	
11	0	0	0	0	513	465	
12	0	0	0	0	501	455	
13	0	0	0	0	497	456	
14	0	0	0	0	496	465	
15	0	0	0	0	491	477	
0	0	0	0	0	488	488	
1	0	0	0	0	494	499	
2	0	0	0	0	500	510	
3	0	0	0	0	502	524	
4	0	0	0	0	502	533	
5	0	0	0	0	505	535	
6	0	0	0	0	510	532	
7	0	0	0	0	511	534	
8	0	0	0	0	509	529	
9	0	0	0	0	506	521	
10	0	0	0	0	502	513	
11	0	0	0	0	497	505	
12	0	0	0	0	496	506	
13	0	0	0	0	500	509	
14	0	0	0	0	503	515	
15	0	0	0	0	508	519	
0	0	0	0	0	513	521	
1	0	0	0	0	520	525	
2	0	0	0	0	525	532	
3	0	0	0	0	534	539	
4	0	0	0	0	544	544	
5	0	0	0	0	548	549	
6	0	0	0	0	549	548	
7	0	0	0	0	543	542	
8	0	0	0	0	531	531	
9	0	0	0	0	517	518	
10	0	0	0	0	505	508	
11	0	0	0	0	496	500	
12	0	0	0	0	492	494	
13	0	0	0	0	490	486	
14	0	0	0	0	488	478	
15	0	0	0	0	488	476	
0	0	0	0	0	486	481	
1	0	0	0	0	482	486	
2	0	0	0	0	480	488	
3	0	0	0	0	480	490	
4	0	0	0	0	486	487	
5	0	0	0	0	493	485	
6	0	0	0	0	500	487	
7	0	0	0	0	510	491	
8	0	0	0	0	513	495	
9	0	0	0	0	514	495	
10	0	0	0	0	512	498	
11	0	0	0	0	508	501	
12	0	0	0	0	508	506	
13	0	0	0	0	509	505	
14	0	0	0	0	515	498	
15	0	0	0	0	521	488	
0	0	0	0	0	530	477	
1	0	0	0	0	540	467	
2	0	0	0	0	547	460	
3	0	0	0	0	550	453	
4	0	0	0	0	548	451	
5	0	0	0	0	547	451	
6	0	0	0	0	548	455	
7	0	0	0	0	548	462	
8	0	0	0	0	546	469	
9	0	0	0	0	539	479	
10	0	0	0	0	533	488	
11	0	0	0	0	527	492	
12	0	0	0	0	519	492	
13	0	0	0	0	513	492	
14	0	0	0	0	511	495	
15	0	0	0	0	507	500	
0	0	0	0	0	504	505	
1	0	0	0	0	503	511	
2	0	0	0	0	499	515	
3	0	0	0	0	494	521	
4	0	0	0	0	489	529	
5	0	0	0	0	487	536	
6	0	0	0	0	481	539	
7	0	0	0	0	475	537	
8	0	0	0	0	471	537	
9	0	0	0	0	468	539	
10	0	0	0	0	467	542	
11	0	0	0	0	472	545	
12	0	0	0	0	480	543	
13	0	0	0	0	488	538	
14	0	0	0	0	499	535	
15	0	0	0	0	510	535	
0	0	0	0	0	518	535	
1	0	0	0	0	522	531	
2	0	0	0	0	521	526	
3	0	0	0	0	517	522	
4	0	0	0	0	510	522	
5	0	0	0	0	500	520	
6	0	0	0	0	490	516	
7	0	0	0	0	485	511	
8	0	0	0	0	486	505	
9	0	0	0	0	487	499	
10	0	0	0	0	491	493	
11	0	0	0	0	496	493	
12	0	0	0	0	495	494	
13	0	0	0	0	491	495	
14	0	0	0	0	483	492	
15	0	0	0	0	477	488	
0	0	0	0	0	475	486	
1	0	0	0	0	471	486	
2	0	0	0	0	471	485	
3	0	0	0	0	477	487	
4	0	0	0	0	485	493	
5	0	0	0	0	495	502	
6	0	0	0	0	507	515	
7	0	0	0	0	519	529	
8	0	0	0	0	529	540	
9	0	0	0	0	534	543	
10	0	0	0	0	535	543	
11	0	0	0	0	530	547	
12	0	0	0	0	522	548	
13	0	0	0	0	518	546	
14	0	0	0	0	516	545	
15	0	0	0	0	521	546	
0	0	0	0	0	525	543	
1	0	0	0	0	530	539	
2	0	0	0	0	538	536	
3	0	0	0	0	542	535	
4	0	0	0	0	543	537	
5	0	0	0	0	543	540	
6	0	0	0	0	543	545	
7	0	0	0	0	540	550	
8	0	0	0	0	537	555	
9	0	0	0	0	536	561	
10	0	0	0	0	533	566	
11	0	0	0	0	530	565	
12	0	0	0	0	526	560	
13	0	0	0	0	524	548	
14	0	0	0	0	521	535	
15	0	0	0	0	519	527	
0	0	0	0	0	515	525	
1	0	0	0	0	512	527	
2	0	0	0	0	512	528	
3	0	0	0	0	516	530	
4	0	0	0	0	528	528	
5	0	0	0	0	543	525	
6	0	0	0	0	556	526	
7	0	0	0	0	569	522	
8	0	0	0	0	580	524	
9	0	0	0	0	590	531	
10	0	0	0	0	597	535	
11	0	0	0	0	602	533	
12	0	0	0	0	606	531	
13	0	0	0	0	606	531	
14	0	0	0	0	602	534	
15	0	0	0	0	599	536	
0	0	0	0	0	601	542	
1	0	0	0	0	604	551	
2	0	0	0	0	604	562	
3	0	0	0	0	599	564	
4	0	0	0	0	591	563	
5	0	0	0	0	580	559	
6	0	0	0	0	571	556	
7	0	0	0	0	565	552	
8	0	0	0	0	557	546	
9	0	0	0	0	551	537	
10	0	0	0	0	547	529	
11	0	0	0	0	546	527	
12	0	0	0	0	549	528	
13	0	0	0	0	546	529	
14	0	0	0	0	539	527	
15	0	0	0	0	535	524	
0	0	0	0	0	528	526	
1	0	0	0	0	518	531	
2	0	0	0	0	512	535	
3	0	0	0	0	511	534	
4	0	0	0	0	518	531	
5	0	0	0	0	529	525	
6	0	0	0	0	542	520	
7	0	0	0	0	558	521	
8	0	0	0	0	569	526	
9	0	0	0	0	577	535	
10	0	0	0	0	583	539	
11	0	0	0	0	583	539	
12	0	0	0	0	580	533	
13	0	0	0	0	576	524	
14	0	0	0	0	573	515	
15	0	0	0	0	571	510	
0	0	0	0	0	570	508	
1	0	0	0	0	569	510	
2	0	0	0	0	561	514	
3	0	0	0	0	551	516	
4	0	0	0	0	537	519	
5	0	0	0	0	519	514	
6	0	0	0	0	498	501	
7	0	0	0	0	475	484	
8	0	0	0	0	454	473	
9	0	0	0	0	440	469	
10	0	0	0	0	433	472	
11	0	0	0	0	431	480	
12	0	0	0	0	435	488	
13	0	0	0	0	445	500	
14	0	0	0	0	455	518	
15	0	0	0	0	468	533	
0	0	0	0	0	483	547	
1	0	0	0	0	497	559	
2	0	0	0	0	510	567	
3	0	0	0	0	519	568	
4	0	0	0	0	526	561	
5	0	0	0	0	529	551	
6	0	0	0	0	532	542	
7	0	0	0	0	536	538	
8	0	0	0	0	531	531	
9	0	0	0	0	524	525	
10	0	0	0	0	514	521	
11	0	0	0	0	506	517	
12	0	0	0	0	498	522	
13	0	0	0	0	492	530	
14	0	0	0	0	486	537	
15	0	0	0	0	477	549	
0	0	0	0	0	471	557	
1	0	0	0	0	465	560	
2	0	0	0	0	461	556	
3	0	0	0	0	455	556	
4	0	0	0	0	451	548	
5	0	0	0	0	448	537	
6	0	0	0	0	447	527	
7	0	0	0	0	447	517	
8	0	0	0	0	449	512	
9	0	0	0	0	453	507	
10	0	0	0	0	459	504	
11	0	0	0	0	460	507	
12	0	0	0	0	457	519	
13	0	0	0	0	451	539	
14	0	0	0	0	441	560	
15	0	0	0	0	434	579	
0	0	0	0	0	434	593	
1	0	0	0	0	438	606	
2	0	0	0	0	448	607	
3	0	0	0	0	459	602	
4	0	0	0	0	470	591	
5	0	0	0	0	478	575	
6	0	0	0	0	481	562	
7	0	0	0	0	487	549	
8	0	0	0	0	491	537	
9	0	0	0	0	494	531	
10	0	0	0	0	496	524	
11	0	0	0	0	495	517	
12	0	0	0	0	497	509	
13	0	0	0	0	494	502	
14	0	0	0	0	492	500	
15	0	0	0	0	490	498	
0	0	0	0	0	487	497	
1	0	0	0	0	482	495	
2	0	0	0	0	475	492	
3	0	0	0	0	467	487	
4	0	0	0	0	462	487	
5	0	0	0	0	456	490	
6	0	0	0	0	456	499	
7	0	0	0	0	461	515	
8	0	0	0	0	467	535	
9	0	0	0	0	474	555	
10	0	0	0	0	481	569	
11	0	0	0	0	484	576	
12	0	0	0	0	483	575	
13	0	0	0	0	480	572	
14	0	0	0	0	478	568	
15	0	0	0	0	479	564	
0	0	0	0	0	481	556	
1	0	0	0	0	483	541	
2	0	0	0	0	482	531	
3	0	0	0	0	481	524	
4	0	0	0	0	479	517	
5	0	0	0	0	476	510	
6	0	0	0	0	475	503	
7	0	0	0	0	477	493	
8	0	0	0	0	479	479	
9	0	0	0	0	483	468	
10	0	0	0	0	487	462	
11	0	0	0	0	492	463	
12	0	0	0	0	494	472	
13	0	0	0	0	495	484	
14	0	0	0	0	497	491	
15	0	0	0	0	501	494	
0	0	0	0	0	506	493	
1	0	0	0	0	506	489	
2	0	0	0	0	499	487	
3	0	0	0	0	489	484	
4	0	0	0	0	479	483	
5	0	0	0	0	471	483	
6	0	0	0	0	463	485	
7	0	0	0	0	456	488	
8	0	0	0	0	447	494	
9	0	0	0	0	440	503	
10	0	0	0	0	440	514	
11	0	0	0	0	445	523	
12	0	0	0	0	451	526	
13	0	0	0	0	456	524	
14	0	0	0	0	462	524	
15	0	0	0	0	469	528	
0	0	0	0	0	484	533	
1	0	0	0	0	504	538	
2	0	0	0	0	524	544	
3	0	0	0	0	537	551	
4	0	0	0	0	549	556	
5	0	0	0	0	557	560	
6	0	0	0	0	560	564	
7	0	0	0	0	555	568	
8	0	0	0	0	547	569	
9	0	0	0	0	538	568	
10	0	0	0	0	529	562	
11	0	0	0	0	524	554	
12	0	0	0	0	524	537	
13	0	0	0	0	526	519	
14	0	0	0	0	528	500	
15	0	0	0	0	533	486	
0	0	0	0	0	539	471	
1	0	0	0	0	537	460	
2	0	0	0	0	533	452	
3	0	0	0	0	528	452	
4	0	0	0	0	523	456	
5	0	0	0	0	519	462	
6	0	0	0	0	516	467	
7	0	0	0	0	513	476	
8	0	0	0	0	515	480	
9	0	0	0	0	522	479	
10	0	0	0	0	524	473	
11	0	0	0	0	524	466	
12	0	0	0	0	524	465	
13	0	0	0	0	524	468	
14	0	0	0	0	527	484	
15	0	0	0	0	533	507	
0	0	0	0	0	537	526	
1	0	0	0	0	540	542	
2	0	0	0	0	545	554	
3	0	0	0	0	549	557	
4	0	0	0	0	556	556	
5	0	0	0	0	563	553	
6	0	0	0	0	570	554	
7	0	0	0	0	573	559	
8	0	0	0	0	571	563	
9	0	0	0	0	564	563	
10	0	0	0	0	556	562	
11	0	0	0	0	545	563	
12	0	0	0	0	534	561	
13	0	0	0	0	522	557	
14	0	0	0	0	515	553	
15	0	0	0	0	509	548	
0	0	0	0	0	504	539	
1	0	0	0	0	501	523	
2	0	0	0	0	498	506	
3	0	0	0	0	492	493	
4	0	0	0	0	488	485	
5	0	0	0	0	488	485	
6	0	0	0	0	487	489	
7	0	0	0	0	485	494	
8	0	0	0	0	480	498	
9	0	0	0	0	468	499	
10	0	0	0	0	458	499	
11	0	0	0	0	446	499	
12	0	0	0	0	439	497	
13	0	0	0	0	438	498	
14	0	0	0	0	444	500	
15	0	0	0	0	458	499	
0	0	0	0	0	471	496	
1	0	0	0	0	483	492	
2	0	0	0	0	488	485	
3	0	0	0	0	489	476	
4	0	0	0	0	488	462	
5	0	0	0	0	483	450	
6	0	0	0	0	479	440	
7	0	0	0	0	473	432	
8	0	0	0	0	463	432	
9	0	0	0	0	456	432	
10	0	0	0	0	451	432	
11	0	0	0	0	447	437	
12	0	0	0	0	447	448	
13	0	0	0	0	451	459	
14	0	0	0	0	454	469	
15	0	0	0	0	459	479	
0	0	0	0	0	463	489	
1	0	0	0	0	471	502	
2	0	0	0	0	477	511	
3	0	0	0	0	479	521	
4	0	0	0	0	478	530	
5	0	0	0	0	475	531	
6	0	0	0	0	471	526	
7	0	0	0	0	471	511	
8	0	0	0	0	472	497	
9	0	0	0	0	473	488	
10	0	0	0	0	474	481	
11	0	0	0	0	473	476	
12	0	0	0	0	473	473	
13	0	0	0	0	470	470	
14	0	0	0	0	465	468	
15	0	0	0	0	468	472	
0	0	0	0	0	473	478	
1	0	0	0	0	477	489	
2	0	0	0	0	480	494	
3	0	0	0	0	485	495	
4	0	0	0	0	489	491	
5	0	0	0	0	492	488	
6	0	0	0	0	489	489	
7	0	0	0	0	483	493	
8	0	0	0	0	478	500	
9	0	0	0	0	473	507	
10	0	0	0	0	470	513	
11	0	0	0	0	468	516	
12	0	0	0	0	471	519	
13	0	0	0	0	476	525	
14	0	0	0	0	481	534	
15	0	0	0	0	487	546	
0	0	0	0	0	496	553	
1	0	0	0	0	500	555	
2	0	0	0	0	502	550	
3	0	0	0	0	502	540	
4	0	0	0	0	503	528	
5	0	0	0	0	500	519	
6	0	0	0	0	498	511	
7	0	0	0	0	497	502	
8	0	0	0	0	498	498	
9	0	0	0	0	497	505	
10	0	0	0	0	499	512	
11	0	0	0	0	508	523	
12	0	0	0	0	519	531	
13	0	0	0	0	531	541	
14	0	0	0	0	540	553	
15	0	0	0	0	545	564	
0	0	0	0	0	548	573	
1	0	0	0	0	548	581	
2	0	0	0	0	544	585	
3	0	0	0	0	537	587	
4	0	0	0	0	528	588	
5	0	0	0	0	518	587	
6	0	0	0	0	506	581	
7	0	0	0	0	492	574	
8	0	0	0	0	481	563	
9	0	0	0	0	478	554	
10	0	0	0	0	477	545	
11	0	0	0	0	476	539	
12	0	0	0	0	472	536	
13	0	0	0	0	472	534	
14	0	0	0	0	472	526	
15	0	0	0	0	469	514	
0	0	0	0	0	466	511	
1	0	0	0	0	465	521	
2	0	0	0	0	467	534	
3	0	0	0	0	467	546	
4	0	0	0	0	466	554	
5	0	0	0	0	466	560	
6	0	0	0	0	470	564	
7	0	0	0	0	479	569	
8	0	0	0	0	491	572	
9	0	0	0	0	498	563	
10	0	0	0	0	502	549	
11	0	0	0	0	500	531	
12	0	0	0	0	493	518	
13	0	0	0	0	487	505	
14	0	0	0	0	476	495	
15	0	0	0	0	466	491	
0	0	0	0	0	460	491	
1	0	0	0	0	458	489	
2	0	0	0	0	460	490	
3	0	0	0	0	463	495	
4	0	0	0	0	467	495	
5	0	0	0	0	465	494	
6	0	0	0	0	458	492	
7	0	0	0	0	455	487	
8	0	0	0	0	451	476	
9	0	0	0	0	442	469	
10	0	0	0	0	435	464	
11	0	0	0	0	432	461	
12	0	0	0	0	429	461	
13	0	0	0	0	430	459	
14	0	0	0	0	434	459	
15	0	0	0	0	442	460	
0	0	0	0	0	454	468	
1	0	0	0	0	467	479	
2	0	0	0	0	478	488	
3	0	0	0	0	486	495	
4	0	0	0	0	492	505	
5	0	0	0	0	495	514	
6	0	0	0	0	493	521	
7	0	0	0	0	488	533	
8	0	0	0	0	484	543	
9	0	0	0	0	476	551	
10	0	0	0	0	469	555	
11	0	0	0	0	463	556	
12	0	0	0	0	454	554	
13	0	0	0	0	449	548	
14	0	0	0	0	446	541	
15	0	0	0	0	443	535	
0	0	0	0	0	440	524	
1	0	0	0	0	438	517	
2	0	0	0	0	436	511	
3	0	0	0	0	438	505	
4	0	0	0	0	434	504	
5	0	0	0	0	425	501	
6	0	0	0	0	416	502	
7	0	0	0	0	409	509	
8	0	0	0	0	404	518	
9	0	0	0	0	399	524	
10	0	0	0	0	399	532	
11	0	0	0	0	402	537	
12	0	0	0	0	409	542	
13	0	0	0	0	416	546	
14	0	0	0	0	427	553	
15	0	0	0	0	437	561	
0	0	0	0	0	447	561	
1	0	0	0	0	454	559	
2	0	0	0	0	459	557	
3	0	0	0	0	459	549	
4	0	0	0	0	459	538	
5	0	0	0	0	460	527	
6	0	0	0	0	463	516	
7	0	0	0	0	467	506	
8	0	0	0	0	470	495	
9	0	0	0	0	476	484	
10	0	0	0	0	478	476	
11	0	0	0	0	479	471	
12	0	0	0	0	476	468	
13	0	0	0	0	472	469	
14	0	0	0	0	469	470	
15	0	0	0	0	466	472	
0	0	0	0	0	467	476	
1	0	0	0	0	469	485	
2	0	0	0	0	471	497	
3	0	0	0	0	472	508	
4	0	0	0	0	471	519	
5	0	0	0	0	467	527	
6	0	0	0	0	467	529	
7	0	0	0	0	466	524	
8	0	0	0	0	465	515	
9	0	0	0	0	467	509	
10	0	0	0	0	466	505	
11	0	0	0	0	461	502	
12	0	0	0	0	456	504	
13	0	0	0	0	451	510	
14	0	0	0	0	445	526	
15	0	0	0	0	443	543	
0	0	0	0	0	446	558	
1	0	0	0	0	456	560	
2	0	0	0	0	466	557	
3	0	0	0	0	472	553	
4	0	0	0	0	477	543	
5	0	0	0	0	480	536	
6	0	0	0	0	477	527	
7	0	0	0	0	473	513	
8	0	0	0	0	464	499	
9	0	0	0	0	455	487	
10	0	0	0	0	444	473	
11	0	0	0	0	433	464	
12	0	0	0	0	428	460	
13	0	0	0	0	424	456	
14	0	0	0	0	427	450	
15	0	0	0	0	427	441	
0	0	0	0	0	429	432	
1	0	0	0	0	425	423	
2	0	0	0	0	422	423	
3	0	0	0	0	421	432	
4	0	0	0	0	419	440	
5	0	0	0	0	420	455	
6	0	0	0	0	423	474	
7	0	0	0	0	431	499	
8	0	0	0	0	441	534	
9	0	0	0	0	451	568	
10	0	0	0	0	460	598	
11	0	0	0	0	474	617	
12	0	0	0	0	492	625	
13	0	0	0	0	509	629	
14	0	0	0	0	516	625	
15	0	0	0	0	518	612	
0	0	0	0	0	512	596	
1	0	0	0	0	500	579	
2	0	0	0	0	485	560	
3	0	0	0	0	470	539	
4	0	0	0	0	455	518	
5	0	0	0	0	441	497	
6	0	0	0	0	432	476	
7	0	0	0	0	423	459	
8	0	0	0	0	410	449	
9	0	0	0	0	403	443	
10	0	0	0	0	399	443	
11	0	0	0	0	401	446	
12	0	0	0	0	402	450	
13	0	0	0	0	403	454	
14	0	0	0	0	405	460	
15	0	0	0	0	409	463	
0	0	0	0	0	413	467	
1	0	0	0	0	416	464	
2	0	0	0	0	422	462	
3	0	0	0	0	423	459	
4	0	0	0	0	420	462	
5	0	0	0	0	417	472	
6	0	0	0	0	418	495	
7	0	0	0	0	423	525	
8	0	0	0	0	427	559	
9	0	0	0	0	438	592	
10	0	0	0	0	457	622	
11	0	0	0	0	480	645	
12	0	0	0	0	490	658	
13	0	0	0	0	485	655	
14	0	0	0	0	471	638	
15	0	0	0	0	457	620	
0	0	0	0	0	444	597	
1	0	0	0	0	430	568	
2	0	0	0	0	423	539	
3	0	0	0	0	419	512	
4	0	0	0	0	415	496	
5	0	0	0	0	412	483	
6	0	0	0	0	410	475	
7	0	0	0	0	410	471	
8	0	0	0	0	412	472	
9	0	0	0	0	417	473	
10	0	0	0	0	422	481	
11	0	0	0	0	428	492	
12	0	0	0	0	435	505	
13	0	0	0	0	438	517	
14	0	0	0	0	440	529	
15	0	0	0	0	439	540	
0	0	0	0	0	439	548	
1	0	0	0	0	436	552	
2	0	0	0	0	436	555	
3	0	0	0	0	437	555	
4	0	0	0	0	438	547	
5	0	0	0	0	439	536	
6	0	0	0	0	442	523	
7	0	0	0	0	448	513	
8	0	0	0	0	453	511	
9	0	0	0	0	459	520	
10	0	0	0	0	465	531	
11	0	0	0	0	469	542	
12	0	0	0	0	472	550	
13	0	0	0	0	476	558	
14	0	0	0	0	476	560	
15	0	0	0	0	475	560	
0	0	0	0	0	475	561	
1	0	0	0	0	472	559	
2	0	0	0	0	462	556	
3	0	0	0	0	450	546	
4	0	0	0	0	438	536	
5	0	0	0	0	430	527	
6	0	0	0	0	424	521	
7	0	0	0	0	425	519	
8	0	0	0	0	433	515	
9	0	0	0	0	443	511	
10	0	0	0	0	452	509	
11	0	0	0	0	460	511	
12	0	0	0	0	464	512	
13	0	0	0	0	466	510	
14	0	0	0	0	468	505	
15	0	0	0	0	477	499	
0	0	0	0	0	486	497	
1	0	0	0	0	498	497	
2	0	0	0	0	507	499	
3	0	0	0	0	515	502	
4	0	0	0	0	524	508	
5	0	0	0	0	538	515	
6	0	0	0	0	547	524	
7	0	0	0	0	555	531	
8	0	0	0	0	559	536	
9	0	0	0	0	557	539	
10	0	0	0	0	556	538	
11	0	0	0	0	554	536	
12	0	0	0	0	548	536	
13	0	0	0	0	542	531	
14	0	0	0	0	539	521	
15	0	0	0	0	535	512	
0	0	0	0	0	531	498	
1	0	0	0	0	530	485	
2	0	0	0	0	527	473	
3	0	0	0	0	522	461	
4	0	0	0	0	516	449	
5	0	0	0	0	512	442	
6	0	0	0	0	515	444	
7	0	0	0	0	520	452	
8	0	0	0	0	526	465	
9	0	0	0	0	535	478	
10	0	0	0	0	548	488	
11	0	0	0	0	566	498	
12	0	0	0	0	577	504	
13	0	0	0	0	583	496	
14	0	0	0	0	585	480	
15	0	0	0	0	582	461	
0	0	0	0	0	571	447	
1	0	0	0	0	562	436	
2	0	0	0	0	556	428	
3	0	0	0	0	551	419	
4	0	0	0	0	543	411	
5	0	0	0	0	534	403	
6	0	0	0	0	526	395	
7	0	0	0	0	523	395	
8	0	0	0	0	519	405	
9	0	0	0	0	512	416	
10	0	0	0	0	508	428	
11	0	0	0	0	507	439	
12	0	0	0	0	507	444	
13	0	0	0	0	502	448	
14	0	0	0	0	497	456	
15	0	0	0	0	492	462	
0	0	0	0	0	486	468	
1	0	0	0	0	481	473	
2	0	0	0	0	480	476	
3	0	0	0	0	480	478	
4	0	0	0	0	484	480	
5	0	0	0	0	487	483	
6	0	0	0	0	490	486	
7	0	0	0	0	495	488	
8	0	0	0	0	499	488	
9	0	0	0	0	506	485	
10	0	0	0	0	512	481	
11	0	0	0	0	515	474	
12	0	0	0	0	518	464	
13	0	0	0	0	523	454	
14	0	0	0	0	526	443	
15	0	0	0	0	529	433	
0	0	0	0	0	536	429	
1	0	0	0	0	540	430	
2	0	0	0	0	543	435	
3	0	0	0	0	544	441	
4	0	0	0	0	547	450	
5	0	0	0	0	551	465	
6	0	0	0	0	553	479	
7	0	0	0	0	553	493	
8	0	0	0	0	551	507	
9	0	0	0	0	549	517	
10	0	0	0	0	548	521	
11	0	0	0	0	542	527	
12	0	0	0	0	535	539	
13	0	0	0	0	531	551	
14	0	0	0	0	535	559	
15	0	0	0	0	545	560	
0	0	0	0	0	554	551	
1	0	0	0	0	566	535	
2	0	0	0	0	580	516	
3	0	0	0	0	590	499	
4	0	0	0	0	596	485	
5	0	0	0	0	598	476	
6	0	0	0	0	596	467	
7	0	0	0	0	594	455	
8	0	0	0	0	590	446	
9	0	0	0	0	584	439	
10	0	0	0	0	579	435	
11	0	0	0	0	573	434	
12	0	0	0	0	571	437	
13	0	0	0	0	568	443	
14	0	0	0	0	564	455	
15	0	0	0	0	559	465	
0	0	0	0	0	554	475	
1	0	0	0	0	548	483	
2	0	0	0	0	547	489	
3	0	0	0	0	548	496	
4	0	0	0	0	550	503	
5	0	0	0	0	551	512	
6	0	0	0	0	556	524	
7	0	0	0	0	557	537	
8	0	0	0	0	554	550	
9	0	0	0	0	551	563	
10	0	0	0	0	550	576	
11	0	0	0	0	545	583	
12	0	0	0	0	538	586	
13	0	0	0	0	533	588	
14	0	0	0	0	528	591	
15	0	0	0	0	526	592	
0	0	0	0	0	528	590	
1	0	0	0	0	528	594	
2	0	0	0	0	531	600	
3	0	0	0	0	532	600	
4	0	0	0	0	530	599	
5	0	0	0	0	529	592	
6	0	0	0	0	527	588	
7	0	0	0	0	526	579	
8	0	0	0	0	526	562	
9	0	0	0	0	527	543	
10	0	0	0	0	525	527	
11	0	0	0	0	524	510	
12	0	0	0	0	523	493	
13	0	0	0	0	520	479	
14	0	0	0	0	513	463	
15	0	0	0	0	505	448	
0	0	0	0	0	499	446	
1	0	0	0	0	496	449	
2	0	0	0	0	496	452	
3	0	0	0	0	502	459	
4	0	0	0	0	508	463	
5	0	0	0	0	513	465	
6	0	0	0	0	516	467	
7	0	0	0	0	514	466	
8	0	0	0	0	511	466	
9	0	0	0	0	506	469	
10	0	0	0	0	502	480	
11	0	0	0	0	499	498	
12	0	0	0	0	501	520	
13	0	0	0	0	505	546	
14	0	0	0	0	511	569	
15	0	0	0	0	519	588	
0	0	0	0	0	527	599	
1	0	0	0	0	536	598	
2	0	0	0	0	542	598	
3	0	0	0	0	543	590	
4	0	0	0	0	541	566	
5	0	0	0	0	536	536	
6	0	0	0	0	524	499	
7	0	0	0	0	511	458	
8	0	0	0	0	501	421	
9	0	0	0	0	493	392	
10	0	0	0	0	490	379	
11	0	0	0	0	489	379	
12	0	0	0	0	493	390	
13	0	0	0	0	495	403	
14	0	0	0	0	494	417	
15	0	0	0	0	496	435	
0	0	0	0	0	499	451	
1	0	0	0	0	505	467	
2	0	0	0	0	513	482	
3	0	0	0	0	523	494	
4	0	0	0	0	532	503	
5	0	0	0	0	542	505	
6	0	0	0	0	548	505	
7	0	0	0	0	548	500	
8	0	0	0	0	547	497	
9	0	0	0	0	542	495	
10	0	0	0	0	535	497	
11	0	0	0	0	526	504	
12	0	0	0	0	517	508	
13	0	0	0	0	512	515	
14	0	0	0	0	511	522	
15	0	0	0	0	512	529	
0	0	0	0	0	517	537	
1	0	0	0	0	520	541	
2	0	0	0	0	520	541	
3	0	0	0	0	518	535	
4	0	0	0	0	514	521	
5	0	0	0	0	511	505	
6	0	0	0	0	506	492	
7	0	0	0	0	497	480	
8	0	0	0	0	492	466	
9	0	0	0	0	487	454	
10	0	0	0	0	481	444	
11	0	0	0	0	476	439	
12	0	0	0	0	476	440	
13	0	0	0	0	477	453	
14	0	0	0	0	480	478	
15	0	0	0	0	482	502	
0	0	0	0	0	489	522	
1	0	0	0	0	498	538	
2	0	0	0	0	510	554	
3	0	0	0	0	521	568	
4	0	0	0	0	536	579	
5	0	0	0	0	547	586	
6	0	0	0	0	555	582	
7	0	0	0	0	558	569	
8	0	0	0	0	558	555	
9	0	0	0	0	554	539	
10	0	0	0	0	550	523	
11	0	0	0	0	543	506	
12	0	0	0	0	540	490	
13	0	0	0	0	536	476	
14	0	0	0	0	535	468	
15	0	0	0	0	531	460	
0	0	0	0	0	527	454	
1	0	0	0	0	522	453	
2	0	0	0	0	519	456	
3	0	0	0	0	515	464	
4	0	0	0	0	513	478	
5	0	0	0	0	513	495	
6	0	0	0	0	519	508	
7	0	0	0	0	528	514	
8	0	0	0	0	535	511	
9	0	0	0	0	537	506	
10	0	0	0	0	536	500	
11	0	0	0	0	531	495	
12	0	0	0	0	523	492	
13	0	0	0	0	515	495	
14	0	0	0	0	511	500	
15	0	0	0	0	512	505	
0	0	0	0	0	520	513	
1	0	0	0	0	529	523	
2	0	0	0	0	537	531	
3	0	0	0	0	543	536	
4	0	0	0	0	544	541	
5	0	0	0	0	543	542	
6	0	0	0	0	543	536	
7	0	0	0	0	540	529	
8	0	0	0	0	535	524	
9	0	0	0	0	534	519	
10	0	0	0	0	537	512	
11	0	0	0	0	540	503	
12	0	0	0	0	543	493	
13	0	0	0	0	543	484	
14	0	0	0	0	540	480	
15	0	0	0	0	537	480	
0	0	0	0	0	540	492	
1	0	0	0	0	543	504	
2	0	0	0	0	547	511	
3	0	0	0	0	542	513	
4	0	0	0	0	532	512	
5	0	0	0	0	521	510	
6	0	0	0	0	512	511	
7	0	0	0	0	503	519	
8	0	0	0	0	495	532	
9	0	0	0	0	492	551	
10	0	0	0	0	492	572	
11	0	0	0	0	489	591	
12	0	0	0	0	492	606	
13	0	0	0	0	496	614	
14	0	0	0	0	503	612	
15	0	0	0	0	510	601	
0	0	0	0	0	518	585	
1	0	0	0	0	530	566	
2	0	0	0	0	540	545	
3	0	0	0	0	552	525	
4	0	0	0	0	561	502	
5	0	0	0	0	568	474	
6	0	0	0	0	571	447	
7	0	0	0	0	574	425	
8	0	0	0	0	578	409	
9	0	0	0	0	579	398	
10	0	0	0	0	579	391	
11	0	0	0	0	578	386	
12	0	0	0	0	575	388	
13	0	0	0	0	578	389	
14	0	0	0	0	576	388	
15	0	0	0	0	576	397	
0	0	0	0	0	572	403	
1	0	0	0	0	568	413	
2	0	0	0	0	564	430	
3	0	0	0	0	567	449	
4	0	0	0	0	572	472	
5	0	0	0	0	579	497	
6	0	0	0	0	587	515	
7	0	0	0	0	596	531	
8	0	0	0	0	607	538	
9	0	0	0	0	613	539	
10	0	0	0	0	606	542	
11	0	0	0	0	597	545	
12	0	0	0	0	593	546	
13	0	0	0	0	591	545	
14	0	0	0	0	590	542	
15	0	0	0	0	584	538	
0	0	0	0	0	575	529	
1	0	0	0	0	568	519	
2	0	0	0	0	561	505	
3	0	0	0	0	558	489	
4	0	0	0	0	556	473	
5	0	0	0	0	555	455	
6	0	0	0	0	555	435	
7	0	0	0	0	555	414	
8	0	0	0	0	556	399	
9	0	0	0	0	556	392	
10	0	0	0	0	555	404	
11	0	0	0	0	558	423	
12	0	0	0	0	562	443	
13	0	0	0	0	567	462	
14	0	0	0	0	569	473	
15	0	0	0	0	567	480	
0	0	0	0	0	560	478	
1	0	0	0	0	554	478	
2	0	0	0	0	547	483	
3	0	0	0	0	540	486	
4	0	0	0	0	534	489	
5	0	0	0	0	530	494	
6	0	0	0	0	528	496	
7	0	0	0	0	530	499	
8	0	0	0	0	530	504	
9	0	0	0	0	534	508	
10	0	0	0	0	535	514	
11	0	0	0	0	536	527	
12	0	0	0	0	538	541	
13	0	0	0	0	543	557	
14	0	0	0	0	543	566	
15	0	0	0	0	538	573	
0	0	0	0	0	536	575	
1	0	0	0	0	538	574	
2	0	0	0	0	536	568	
3	0	0	0	0	533	555	
4	0	0	0	0	531	537	
5	0	0	0	0	531	518	
6	0	0	0	0	532	502	
7	0	0	0	0	529	483	
8	0	0	0	0	526	461	
9	0	0	0	0	521	441	
10	0	0	0	0	519	433	
11	0	0	0	0	521	432	
12	0	0	0	0	520	441	
13	0	0	0	0	521	447	
14	0	0	0	0	520	454	
15	0	0	0	0	519	463	
0	0	0	0	0	520	472	
1	0	0	0	0	522	480	
2	0	0	0	0	526	484	
3	0	0	0	0	528	490	
4	0	0	0	0	528	501	
5	0	0	0	0	528	516	
6	0	0	0	0	528	529	
7	0	0	0	0	525	537	
8	0	0	0	0	519	540	
9	0	0	0	0	515	542	
10	0	0	0	0	515	541	
11	0	0	0	0	514	540	
12	0	0	0	0	511	535	
13	0	0	0	0	510	529	
14	0	0	0	0	513	529	
15	0	0	0	0	524	528	
0	0	0	0	0	536	525	
1	0	0	0	0	547	522	
2	0	0	0	0	560	521	
3	0	0	0	0	576	521	
4	0	0	0	0	591	519	
5	0	0	0	0	604	519	
6	0	0	0	0	610	523	
7	0	0	0	0	617	531	
8	0	0	0	0	622	540	
9	0	0	0	0	626	544	
10	0	0	0	0	631	544	
11	0	0	0	0	624	541	
12	0	0	0	0	614	536	
13	0	0	0	0	604	530	
14	0	0	0	0	596	518	
15	0	0	0	0	587	504	
0	0	0	0	0	574	487	
1	0	0	0	0	559	478	
2	0	0	0	0	545	471	
3	0	0	0	0	531	469	
4	0	0	0	0	517	468	
5	0	0	0	0	506	472	
6	0	0	0	0	500	480	
7	0	0	0	0	496	488	
8	0	0	0	0	494	493	
9	0	0	0	0	493	499	
10	0	0	0	0	495	510	
11	0	0	0	0	505	526	
12	0	0	0	0	517	541	
13	0	0	0	0	530	557	
14	0	0	0	0	542	569	
15	0	0	0	0	553	580	
0	0	0	0	0	563	587	
1	0	0	0	0	570	583	
2	0	0	0	0	573	574	
3	0	0	0	0	572	563	
4	0	0	0	0	570	548	
5	0	0	0	0	570	529	
6	0	0	0	0	570	515	
7	0	0	0	0	570	504	
8	0	0	0	0	566	502	
9	0	0	0	0	563	510	
10	0	0	0	0	560	519	
11	0	0	0	0	559	534	
12	0	0	0	0	558	549	
13	0	0	0	0	560	561	
14	0	0	0	0	563	570	
15	0	0	0	0	565	576	
0	0	0	0	0	569	573	
1	0	0	0	0	569	566	
2	0	0	0	0	563	556	
3	0	0	0	0	550	546	
4	0	0	0	0	537	540	
5	0	0	0	0	526	538	
6	0	0	0	0	521	539	
7	0	0	0	0	516	541	
8	0	0	0	0	513	548	
9	0	0	0	0	515	555	
10	0	0	0	0	521	559	
11	0	0	0	0	524	562	
12	0	0	0	0	530	565	
13	0	0	0	0	536	571	
14	0	0	0	0	543	580	
15	0	0	0	0	551	584	
0	0	0	0	0	559	583	
1	0	0	0	0	565	583	
2	0	0	0	0	567	584	
3	0	0	0	0	566	583	
4	0	0	0	0	559	575	
5	0	0	0	0	547	563	
6	0	0	0	0	535	554	
7	0	0	0	0	523	553	
8	0	0	0	0	513	556	
9	0	0	0	0	501	557	
10	0	0	0	0	494	557	
11	0	0	0	0	490	555	
12	0	0	0	0	489	554	
13	0	0	0	0	489	551	
14	0	0	0	0	490	543	
15	0	0	0	0	498	536	
0	0	0	0	0	506	526	
1	0	0	0	0	515	519	
2	0	0	0	0	526	515	
3	0	0	0	0	536	510	
4	0	0	0	0	547	505	
5	0	0	0	0	553	504	
6	0	0	0	0	556	504	
7	0	0	0	0	555	512	
8	0	0	0	0	550	519	
9	0	0	0	0	545	524	
10	0	0	0	0	542	527	
11	0	0	0	0	538	531	
12	0	0	0	0	538	533	
13	0	0	0	0	539	534	
14	0	0	0	0	542	532	
15	0	0	0	0	542	527	
0	0	0	0	0	541	529	
1	0	0	0	0	541	539	
2	0	0	0	0	543	547	
3	0	0	0	0	540	548	
4	0	0	0	0	533	545	
5	0	0	0	0	522	538	
6	0	0	0	0	511	527	
7	0	0	0	0	498	515	
8	0	0	0	0	493	506	
9	0	0	0	0	492	499	
10	0	0	0	0	493	494	
11	0	0	0	0	495	489	
12	0	0	0	0	496	484	
13	0	0	0	0	493	481	
14	0	0	0	0	489	473	
15	0	0	0	0	488	462	
0	0	0	0	0	489	458	
1	0	0	0	0	491	459	
2	0	0	0	0	494	467	
3	0	0	0	0	497	476	
4	0	0	0	0	499	484	
5	0	0	0	0	499	487	
6	0	0	0	0	500	492	
7	0	0	0	0	502	498	
8	0	0	0	0	505	504	
9	0	0	0	0	507	507	
10	0	0	0	0	508	512	
11	0	0	0	0	510	521	
12	0	0	0	0	514	539	
13	0	0	0	0	515	554	
14	0	0	0	0	519	577	
15	0	0	0	0	521	600	
0	0	0	0	0	524	613	
1	0	0	0	0	528	623	
2	0	0	0	0	533	626	
3	0	0	0	0	539	619	
4	0	0	0	0	540	599	
5	0	0	0	0	543	569	
6	0	0	0	0	547	540	
7	0	0	0	0	554	513	
8	0	0	0	0	560	483	
9	0	0	0	0	561	451	
10	0	0	0	0	564	426	
11	0	0	0	0	567	409	
12	0	0	0	0	568	402	
13	0	0	0	0	571	396	
14	0	0	0	0	575	390	
15	0	0	0	0	580	390	
0	0	0	0	0	584	382	
1	0	0	0	0	589	376	
2	0	0	0	0	588	375	
3	0	0	0	0	588	373	
4	0	0	0	0	587	387	
5	0	0	0	0	584	398	
6	0	0	0	0	577	407	
7	0	0	0	0	569	419	
8	0	0	0	0	559	429	
9	0	0	0	0	551	429	
10	0	0	0	0	546	424	
11	0	0	0	0	541	414	
12	0	0	0	0	536	399	
13	0	0	0	0	534	387	
14	0	0	0	0	535	375	
15	0	0	0	0	539	380	
0	0	0	0	0	546	387	
1	0	0	0	0	552	395	
2	0	0	0	0	559	405	
3	0	0	0	0	563	411	
4	0	0	0	0	562	422	
5	0	0	0	0	556	433	
6	0	0	0	0	543	440	
7	0	0	0	0	531	452	
8	0	0	0	0	522	462	
9	0	0	0	0	518	467	
10	0	0	0	0	522	472	
11	0	0	0	0	524	477	
12	0	0	0	0	524	481	
13	0	0	0	0	526	486	
14	0	0	0	0	527	486	
15	0	0	0	0	528	484	
0	0	0	0	0	526	478	
1	0	0	0	0	518	471	
2	0	0	0	0	506	464	
3	0	0	0	0	491	456	
4	0	0	0	0	475	447	
5	0	0	0	0	457	444	
6	0	0	0	0	441	442	
7	0	0	0	0	428	438	
8	0	0	0	0	421	435	
9	0	0	0	0	418	435	
10	0	0	0	0	417	439	
11	0	0	0	0	419	451	
12	0	0	0	0	425	470	
13	0	0	0	0	430	487	
14	0	0	0	0	434	499	
15	0	0	0	0	443	510	
0	0	0	0	0	454	515	
1	0	0	0	0	463	515	
2	0	0	0	0	472	514	
3	0	0	0	0	483	507	
4	0	0	0	0	491	491	
5	0	0	0	0	495	478	
6	0	0	0	0	498	472	
7	0	0	0	0	494	470	
8	0	0	0	0	486	472	
9	0	0	0	0	477	481	
10	0	0	0	0	467	494	
11	0	0	0	0	456	502	
12	0	0	0	0	449	506	
13	0	0	0	0	437	502	
14	0	0	0	0	426	494	
15	0	0	0	0	421	487	
0	0	0	0	0	416	486	
1	0	0	0	0	416	484	
2	0	0	0	0	420	490	
3	0	0	0	0	430	502	
4	0	0	0	0	444	523	
5	0	0	0	0	456	543	
6	0	0	0	0	466	558	
7	0	0	0	0	473	573	
8	0	0	0	0	483	585	
9	0	0	0	0	486	592	
10	0	0	0	0	485	586	
11	0	0	0	0	484	571	
12	0	0	0	0	483	551	
13	0	0	0	0	482	526	
14	0	0	0	0	481	502	
15	0	0	0	0	484	478	
0	0	0	0	0	489	463	
1	0	0	0	0	494	450	
2	0	0	0	0	503	440	
3	0	0	0	0	511	431	
4	0	0	0	0	517	427	
5	0	0	0	0	522	422	
6	0	0	0	0	526	413	
7	0	0	0	0	525	402	
8	0	0	0	0	521	393	
9	0	0	0	0	517	390	
10	0	0	0	0	513	386	
11	0	0	0	0	511	378	
12	0	0	0	0	508	371	
13	0	0	0	0	505	361	
14	0	0	0	0	508	358	
15	0	0	0	0	515	360	
0	0	0	0	0	530	375	
1	0	0	0	0	543	401	
2	0	0	0	0	551	428	
3	0	0	0	0	557	447	
4	0	0	0	0	560	468	
5	0	0	0	0	560	487	
6	0	0	0	0	560	509	
7	0	0	0	0	559	529	
8	0	0	0	0	551	541	
9	0	0	0	0	543	548	
10	0	0	0	0	536	552	
11	0	0	0	0	532	555	
12	0	0	0	0	535	552	
13	0	0	0	0	536	536	
14	0	0	0	0	539	516	
15	0	0	0	0	542	496	
0	0	0	0	0	544	475	
1	0	0	0	0	545	458	
2	0	0	0	0	545	445	
3	0	0	0	0	546	439	
4	0	0	0	0	543	437	
5	0	0	0	0	540	440	
6	0	0	0	0	536	449	
7	0	0	0	0	536	467	
8	0	0	0	0	537	486	
9	0	0	0	0	536	503	
10	0	0	0	0	534	521	
11	0	0	0	0	529	541	
12	0	0	0	0	524	554	
13	0	0	0	0	520	556	
14	0	0	0	0	513	552	
15	0	0	0	0	511	537	
0	0	0	0	0	514	516	
1	0	0	0	0	515	491	
2	0	0	0	0	512	464	
3	0	0	0	0	507	442	
4	0	0	0	0	500	424	
5	0	0	0	0	497	408	
6	0	0	0	0	494	398	
7	0	0	0	0	495	396	
8	0	0	0	0	500	391	
9	0	0	0	0	504	391	
10	0	0	0	0	504	387	
11	0	0	0	0	503	376	
12	0	0	0	0	500	366	
13	0	0	0	0	495	357	
14	0	0	0	0	492	355	
15	0	0	0	0	497	362	
0	0	0	0	0	505	374	
1	0	0	0	0	520	393	
2	0	0	0	0	542	413	
3	0	0	0	0	564	434	
4	0	0	0	0	582	460	
5	0	0	0	0	594	478	
6	0	0	0	0	598	492	
7	0	0	0	0	597	505	
8	0	0	0	0	592	511	
9	0	0	0	0	582	512	
10	0	0	0	0	566	512	
11	0	0	0	0	549	506	
12	0	0	0	0	531	499	
13	0	0	0	0	517	490	
14	0	0	0	0	507	481	
15	0	0	0	0	499	469	
0	0	0	0	0	491	456	
1	0	0	0	0	483	445	
2	0	0	0	0	478	443	
3	0	0	0	0	479	447	
4	0	0	0	0	483	449	
5	0	0	0	0	486	453	
6	0	0	0	0	495	456	
7	0	0	0	0	509	459	
8	0	0	0	0	520	463	
9	0	0	0	0	527	464	
10	0	0	0	0	535	465	
11	0	0	0	0	541	464	
12	0	0	0	0	549	464	
13	0	0	0	0	558	463	
14	0	0	0	0	566	463	
15	0	0	0	0	571	462	
0	0	0	0	0	572	469	
1	0	0	0	0	575	480	
2	0	0	0	0	582	497	
3	0	0	0	0	584	517	
4	0	0	0	0	585	537	
5	0	0	0	0	582	556	
6	0	0	0	0	575	569	
7	0	0	0	0	572	579	
8	0	0	0	0	575	578	
9	0	0	0	0	569	563	
10	0	0	0	0	561	540	
11	0	0	0	0	547	512	
12	0	0	0	0	532	490	
13	0	0	0	0	516	475	
14	0	0	0	0	504	459	
15	0	0	0	0	490	444	
0	0	0	0	0	478	431	
1	0	0	0	0	469	417	
2	0	0	0	0	464	409	
3	0	0	0	0	464	403	
4	0	0	0	0	467	393	
5	0	0	0	0	475	381	
6	0	0	0	0	480	374	
7	0	0	0	0	488	370	
8	0	0	0	0	495	371	
9	0	0	0	0	502	378	
10	0	0	0	0	509	386	
11	0	0	0	0	517	393	
12	0	0	0	0	525	398	
13	0	0	0	0	530	407	
14	0	0	0	0	535	420	
15	0	0	0	0	536	431	
0	0	0	0	0	536	447	
1	0	0	0	0	538	463	
2	0	0	0	0	540	481	
3	0	0	0	0	541	496	
4	0	0	0	0	539	509	
5	0	0	0	0	536	519	
6	0	0	0	0	534	520	
7	0	0	0	0	530	521	
8	0	0	0	0	527	520	
9	0	0	0	0	530	520	
10	0	0	0	0	529	516	
11	0	0	0	0	530	514	
12	0	0	0	0	532	520	
13	0	0	0	0	532	532	
14	0	0	0	0	532	550	
15	0	0	0	0	539	569	
0	0	0	0	0	553	588	
1	0	0	0	0	569	609	
2	0	0	0	0	583	627	
3	0	0	0	0	592	642	
4	0	0	0	0	600	652	
5	0	0	0	0	610	651	
6	0	0	0	0	615	642	
7	0	0	0	0	613	627	
8	0	0	0	0	608	598	
9	0	0	0	0	605	567	
10	0	0	0	0	600	538	
11	0	0	0	0	592	511	
12	0	0	0	0	584	488	
13	0	0	0	0	574	473	
14	0	0	0	0	568	469	
15	0	0	0	0	564	465	
0	0	0	0	0	561	463	
1	0	0	0	0	560	470	
2	0	0	0	0	558	480	
3	0	0	0	0	554	489	
4	0	0	0	0	551	495	
5	0	0	0	0	547	504	
6	0	0	0	0	547	514	
7	0	0	0	0	549	521	
8	0	0	0	0	552	531	
9	0	0	0	0	555	542	
10	0	0	0	0	556	553	
11	0	0	0	0	559	561	
12	0	0	0	0	564	568	
13	0	0	0	0	568	576	
14	0	0	0	0	571	582	
15	0	0	0	0	572	583	
0	0	0	0	0	569	586	
1	0	0	0	0	568	591	
2	0	0	0	0	566	599	
3	0	0	0	0	561	603	
4	0	0	0	0	554	605	
5	0	0	0	0	550	606	
6	0	0	0	0	550	608	
7	0	0	0	0	549	608	
8	0	0	0	0	550	605	
9	0	0	0	0	548	599	
10	0	0	0	0	543	594	
11	0	0	0	0	536	582	
12	0	0	0	0	527	563	
13	0	0	0	0	519	536	
14	0	0	0	0	511	511	
15	0	0	0	0	508	487	
0	0	0	0	0	503	466	
1	0	0	0	0	499	455	
2	0	0	0	0	496	450	
3	0	0	0	0	489	448	
4	0	0	0	0	484	454	
5	0	0	0	0	483	467	
6	0	0	0	0	487	484	
7	0	0	0	0	494	496	
8	0	0	0	0	507	504	
9	0	0	0	0	520	511	
10	0	0	0	0	529	521	
11	0	0	0	0	539	530	
12	0	0	0	0	546	534	
13	0	0	0	0	558	535	
14	0	0	0	0	567	531	
15	0	0	0	0	572	527	
0	0	0	0	0	577	523	
1	0	0	0	0	578	519	
2	0	0	0	0	572	515	
3	0	0	0	0	566	509	
4	0	0	0	0	561	498	
5	0	0	0	0	558	485	
6	0	0	0	0	558	474	
7	0	0	0	0	556	464	
8	0	0	0	0	554	462	
9	0	0	0	0	550	470	
10	0	0	0	0	551	488	
11	0	0	0	0	546	504	
12	0	0	0	0	538	516	
13	0	0	0	0	533	528	
14	0	0	0	0	532	536	
15	0	0	0	0	531	542	
0	0	0	0	0	528	547	
1	0	0	0	0	521	550	
2	0	0	0	0	513	543	
3	0	0	0	0	512	531	
4	0	0	0	0	515	519	
5	0	0	0	0	524	504	
6	0	0	0	0	536	490	
7	0	0	0	0	551	484	
8	0	0	0	0	566	485	
9	0	0	0	0	578	490	
10	0	0	0	0	591	495	
11	0	0	0	0	608	500	
12	0	0	0	0	624	503	
13	0	0	0	0	632	502	
14	0	0	0	0	635	498	
15	0	0	0	0	632	495	
0	0	0	0	0	625	490	
1	0	0	0	0	608	488	
2	0	0	0	0	591	490	
3	0	0	0	0	572	492	
4	0	0	0	0	553	494	
5	0	0	0	0	536	498	
6	0	0	0	0	521	502	
7	0	0	0	0	513	506	
8	0	0	0	0	509	508	
9	0	0	0	0	511	512	
10	0	0	0	0	517	510	
11	0	0	0	0	522	499	
12	0	0	0	0	524	484	
13	0	0	0	0	525	475	
14	0	0	0	0	527	474	
15	0	0	0	0	530	478	
0	0	0	0	0	532	484	
1	0	0	0	0	531	493	
2	0	0	0	0	529	506	
3	0	0	0	0	529	520	
4	0	0	0	0	530	535	
5	0	0	0	0	529	551	
6	0	0	0	0	525	567	
7	0	0	0	0	520	578	
8	0	0	0	0	516	580	
9	0	0	0	0	511	574	
10	0	0	0	0	509	568	
11	0	0	0	0	507	559	
12	0	0	0	0	509	551	
13	0	0	0	0	515	550	
14	0	0	0	0	524	553	
15	0	0	0	0	533	563	
0	0	0	0	0	537	573	
1	0	0	0	0	540	583	
2	0	0	0	0	540	595	
3	0	0	0	0	539	604	
4	0	0	0	0	537	601	
5	0	0	0	0	532	589	
6	0	0	0	0	529	572	
7	0	0	0	0	525	549	
8	0	0	0	0	522	526	
9	0	0	0	0	523	504	
10	0	0	0	0	528	487	
11	0	0	0	0	535	481	
12	0	0	0	0	543	483	
13	0	0	0	0	551	492	
14	0	0	0	0	555	503	
15	0	0	0	0	552	519	
0	0	0	0	0	545	536	
1	0	0	0	0	541	552	
2	0	0	0	0	534	563	
3	0	0	0	0	527	576	
4	0	0	0	0	517	584	
5	0	0	0	0	509	582	
6	0	0	0	0	506	568	
7	0	0	0	0	502	549	
8	0	0	0	0	496	528	
9	0	0	0	0	494	508	
10	0	0	0	0	496	489	
11	0	0	0	0	505	477	
12	0	0	0	0	513	472	
13	0	0	0	0	524	472	
14	0	0	0	0	535	479	
15	0	0	0	0	543	489	
0	0	0	0	0	549	503	
1	0	0	0	0	554	522	
2	0	0	0	0	560	545	
3	0	0	0	0	564	568	
4	0	0	0	0	568	589	
5	0	0	0	0	568	604	
6	0	0	0	0	562	608	
7	0	0	0	0	555	600	
8	0	0	0	0	550	589	
9	0	0	0	0	544	576	
10	0	0	0	0	541	565	
11	0	0	0	0	538	561	
12	0	0	0	0	535	563	
13	0	0	0	0	534	567	
14	0	0	0	0	531	571	
15	0	0	0	0	527	573	
0	0	0	0	0	524	569	
1	0	0	0	0	518	565	
2	0	0	0	0	512	563	
3	0	0	0	0	505	566	
4	0	0	0	0	494	572	
5	0	0	0	0	485	575	
6	0	0	0	0	483	578	
7	0	0	0	0	485	580	
8	0	0	0	0	494	591	
9	0	0	0	0	510	607	
10	0	0	0	0	528	623	
11	0	0	0	0	543	636	
12	0	0	0	0	553	654	
13	0	0	0	0	560	668	
14	0	0	0	0	564	681	
15	0	0	0	0	562	685	
0	0	0	0	0	561	675	
1	0	0	0	0	557	659	
2	0	0	0	0	549	641	
3	0	0	0	0	542	623	
4	0	0	0	0	535	611	
5	0	0	0	0	526	606	
6	0	0	0	0	517	600	
7	0	0	0	0	511	595	
8	0	0	0	0	505	592	
9	0	0	0	0	502	595	
10	0	0	0	0	496	591	
11	0	0	0	0	489	580	
12	0	0	0	0	484	564	
13	0	0	0	0	479	548	
14	0	0	0	0	475	532	
15	0	0	0	0	472	524	
0	0	0	0	0	475	522	
1	0	0	0	0	479	527	
2	0	0	0	0	478	537	
3	0	0	0	0	478	552	
4	0	0	0	0	476	572	
5	0	0	0	0	477	590	
6	0	0	0	0	480	604	
7	0	0	0	0	486	609	
8	0	0	0	0	491	602	
9	0	0	0	0	493	583	
10	0	0	0	0	496	553	
11	0	0	0	0	496	523	
12	0	0	0	0	495	496	
13	0	0	0	0	493	476	
14	0	0	0	0	490	462	
15	0	0	0	0	487	456	
0	0	0	0	0	487	451	
1	0	0	0	0	491	445	
2	0	0	0	0	496	442	
3	0	0	0	0	499	441	
4	0	0	0	0	499	448	
5	0	0	0	0	498	460	
6	0	0	0	0	501	477	
7	0	0	0	0	501	500	
8	0	0	0	0	501	521	
9	0	0	0	0	504	537	
10	0	0	0	0	511	545	
11	0	0	0	0	514	553	
12	0	0	0	0	516	562	
13	0	0	0	0	519	569	
14	0	0	0	0	525	575	
15	0	0	0	0	531	580	
0	0	0	0	0	533	585	
1	0	0	0	0	533	591	
2	0	0	0	0	525	600	
3	0	0	0	0	517	604	
4	0	0	0	0	510	606	
5	0	0	0	0	502	604	
6	0	0	0	0	499	598	
7	0	0	0	0	495	587	
8	0	0	0	0	493	572	
9	0	0	0	0	493	559	
10	0	0	0	0	494	543	
11	0	0	0	0	494	530	
12	0	0	0	0	491	520	
13	0	0	0	0	490	515	
14	0	0	0	0	492	514	
15	0	0	0	0	496	514	
0	0	0	0	0	503	513	
1	0	0	0	0	515	515	
2	0	0	0	0	528	520	
3	0	0	0	0	537	522	
4	0	0	0	0	541	520	
5	0	0	0	0	544	518	
6	0	0	0	0	541	511	
7	0	0	0	0	537	511	
8	0	0	0	0	536	517	
9	0	0	0	0	535	529	
10	0	0	0	0	530	548	
11	0	0	0	0	527	570	
12	0	0	0	0	521	591	
13	0	0	0	0	520	611	
14	0	0	0	0	515	625	
15	0	0	0	0	507	630	
0	0	0	0	0	497	631	
1	0	0	0	0	489	630	
2	0	0	0	0	483	627	
3	0	0	0	0	479	623	
4	0	0	0	0	477	618	
5	0	0	0	0	474	606	
6	0	0	0	0	471	585	
7	0	0	0	0	467	565	
8	0	0	0	0	465	543	
9	0	0	0	0	467	525	
10	0	0	0	0	468	514	
11	0	0	0	0	467	507	
12	0	0	0	0	468	502	
13	0	0	0	0	471	496	
14	0	0	0	0	471	491	
15	0	0	0	0	472	491	
0	0	0	0	0	467	502	
1	0	0	0	0	460	524	
2	0	0	0	0	455	546	
3	0	0	0	0	450	560	
4	0	0	0	0	449	567	
5	0	0	0	0	451	571	
6	0	0	0	0	460	576	
7	0	0	0	0	471	580	
8	0	0	0	0	484	582	
9	0	0	0	0	497	582	
10	0	0	0	0	508	575	
11	0	0	0	0	511	564	
12	0	0	0	0	509	554	
13	0	0	0	0	502	543	
14	0	0	0	0	492	536	
15	0	0	0	0	484	532	
0	0	0	0	0	479	529	
1	0	0	0	0	480	533	
2	0	0	0	0	484	540	
3	0	0	0	0	494	543	
4	0	0	0	0	511	551	
5	0	0	0	0	524	560	
6	0	0	0	0	536	566	
7	0	0	0	0	544	568	
8	0	0	0	0	548	579	
9	0	0	0	0	549	588	
10	0	0	0	0	548	592	
11	0	0	0	0	544	594	
12	0	0	0	0	534	591	
13	0	0	0	0	525	581	
14	0	0	0	0	513	570	
15	0	0	0	0	502	557	
0	0	0	0	0	493	545	
1	0	0	0	0	484	537	
2	0	0	0	0	478	527	
3	0	0	0	0	473	521	
4	0	0	0	0	471	519	
5	0	0	0	0	468	516	
6	0	0	0	0	468	519	
7	0	0	0	0	472	524	
8	0	0	0	0	479	533	
9	0	0	0	0	489	543	
10	0	0	0	0	499	553	
11	0	0	0	0	503	560	
12	0	0	0	0	507	561	
13	0	0	0	0	507	556	
14	0	0	0	0	503	549	
15	0	0	0	0	496	537	
0	0	0	0	0	484	519	
1	0	0	0	0	470	504	
2	0	0	0	0	456	492	
3	0	0	0	0	445	485	
4	0	0	0	0	436	479	
5	0	0	0	0	435	478	
6	0	0	0	0	439	482	
7	0	0	0	0	446	489	
8	0	0	0	0	461	503	
9	0	0	0	0	482	522	
10	0	0	0	0	500	536	
11	0	0	0	0	512	546	
12	0	0	0	0	523	555	
13	0	0	0	0	527	560	
14	0	0	0	0	525	567	
15	0	0	0	0	519	572	
0	0	0	0	0	511	575	
1	0	0	0	0	504	583	
2	0	0	0	0	499	592	
3	0	0	0	0	496	600	
4	0	0	0	0	497	596	
5	0	0	0	0	500	590	
6	0	0	0	0	499	583	
7	0	0	0	0	499	572	
8	0	0	0	0	494	560	
9	0	0	0	0	490	551	
10	0	0	0	0	489	542	
11	0	0	0	0	487	532	
12	0	0	0	0	482	523	
13	0	0	0	0	474	516	
14	0	0	0	0	467	515	
15	0	0	0	0	462	516	
0	0	0	0	0	462	520	
1	0	0	0	0	463	522	
2	0	0	0	0	465	521	
3	0	0	0	0	471	522	
4	0	0	0	0	478	525	
5	0	0	0	0	485	531	
6	0	0	0	0	494	536	
7	0	0	0	0	504	540	
8	0	0	0	0	512	541	
9	0	0	0	0	520	537	
10	0	0	0	0	527	530	
11	0	0	0	0	531	525	
12	0	0	0	0	532	523	
13	0	0	0	0	536	519	
14	0	0	0	0	543	519	
15	0	0	0	0	553	521	
0	0	0	0	0	565	528	
1	0	0	0	0	571	533	
2	0	0	0	0	574	542	
3	0	0	0	0	575	548	
4	0	0	0	0	573	556	
5	0	0	0	0	563	566	
6	0	0	0	0	550	575	
7	0	0	0	0	539	580	
8	0	0	0	0	533	579	
9	0	0	0	0	531	569	
10	0	0	0	0	530	555	
11	0	0	0	0	521	542	
12	0	0	0	0	511	530	
13	0	0	0	0	504	524	
14	0	0	0	0	500	522	
15	0	0	0	0	499	520	
0	0	0	0	0	502	519	
1	0	0	0	0	499	517	
2	0	0	0	0	496	519	
3	0	0	0	0	495	524	
4	0	0	0	0	495	531	
5	0	0	0	0	500	539	
6	0	0	0	0	507	545	
7	0	0	0	0	512	557	
8	0	0	0	0	516	565	
9	0	0	0	0	519	568	
10	0	0	0	0	519	566	
11	0	0	0	0	515	560	
12	0	0	0	0	510	551	
13	0	0	0	0	505	542	
14	0	0	0	0	501	535	
15	0	0	0	0	498	529	
0	0	0	0	0	499	525	
1	0	0	0	0	501	517	
2	0	0	0	0	504	515	
3	0	0	0	0	510	513	
4	0	0	0	0	519	509	
5	0	0	0	0	528	513	
6	0	0	0	0	536	523	
7	0	0	0	0	537	533	
8	0	0	0	0	541	545	
9	0	0	0	0	540	552	
10	0	0	0	0	536	551	
11	0	0	0	0	533	549	
12	0	0	0	0	529	548	
13	0	0	0	0	532	545	
14	0	0	0	0	536	546	
15	0	0	0	0	542	543	
0	0	0	0	0	539	533	
1	0	0	0	0	532	520	
2	0	0	0	0	529	510	
3	0	0	0	0	529	508	
4	0	0	0	0	532	513	
5	0	0	0	0	534	521	
6	0	0	0	0	538	527	
7	0	0	0	0	544	535	
8	0	0	0	0	551	536	
9	0	0	0	0	555	532	
10	0	0	0	0	558	531	
11	0	0	0	0	556	526	
12	0	0	0	0	552	520	
13	0	0	0	0	543	514	
14	0	0	0	0	536	506	
15	0	0	0	0	529	496	
0	0	0	0	0	520	484	
1	0	0	0	0	512	477	
2	0	0	0	0	510	473	
3	0	0	0	0	508	473	
4	0	0	0	0	504	472	
5	0	0	0	0	501	467	
6	0	0	0	0	499	463	
7	0	0	0	0	505	466	
8	0	0	0	0	512	470	
9	0	0	0	0	519	476	
10	0	0	0	0	523	482	
11	0	0	0	0	527	486	
12	0	0	0	0	528	489	
13	0	0	0	0	527	495	
14	0	0	0	0	527	501	
15	0	0	0	0	528	506	
0	0	0	0	0	524	508	
1	0	0	0	0	523	513	
2	0	0	0	0	522	520	
3	0	0	0	0	522	528	
4	0	0	0	0	524	542	
5	0	0	0	0	531	556	
6	0	0	0	0	537	569	
7	0	0	0	0	540	578	
8	0	0	0	0	540	583	
9	0	0	0	0	539	583	
10	0	0	0	0	533	575	
11	0	0	0	0	523	562	
12	0	0	0	0	515	548	
13	0	0	0	0	507	537	
14	0	0	0	0	502	530	
15	0	0	0	0	497	527	
0	0	0	0	0	492	527	
1	0	0	0	0	485	526	
2	0	0	0	0	478	522	
3	0	0	0	0	473	512	
4	0	0	0	0	470	505	
5	0	0	0	0	472	502	
6	0	0	0	0	483	502	
7	0	0	0	0	494	504	
8	0	0	0	0	504	511	
9	0	0	0	0	509	513	
10	0	0	0	0	514	516	
11	0	0	0	0	519	518	
12	0	0	0	0	519	518	
13	0	0	0	0	515	515	
14	0	0	0	0	509	513	
15	0	0	0	0	504	511	
0	0	0	0	0	495	508	
1	0	0	0	0	483	503	
2	0	0	0	0	475	500	
3	0	0	0	0	467	500	
4	0	0	0	0	462	505	
5	0	0	0	0	456	505	
6	0	0	0	0	455	502	
7	0	0	0	0	459	493	
8	0	0	0	0	464	483	
9	0	0	0	0	468	478	
10	0	0	0	0	473	475	
11	0	0	0	0	478	473	
12	0	0	0	0	481	468	
13	0	0	0	0	484	462	
14	0	0	0	0	487	457	
15	0	0	0	0	487	455	
0	0	0	0	0	484	453	
1	0	0	0	0	479	456	
2	0	0	0	0	475	463	
3	0	0	0	0	475	475	
4	0	0	0	0	475	482	
5	0	0	0	0	479	487	
6	0	0	0	0	483	485	
7	0	0	0	0	483	478	
8	0	0	0	0	484	471	
9	0	0	0	0	481	463	
10	0	0	0	0	477	460	
11	0	0	0	0	477	461	
12	0	0	0	0	479	465	
13	0	0	0	0	477	477	
14	0	0	0	0	470	487	
15	0	0	0	0	464	499	
0	0	0	0	0	463	509	
1	0	0	0	0	465	519	
2	0	0	0	0	467	527	
3	0	0	0	0	467	539	
4	0	0	0	0	468	553	
5	0	0	0	0	467	573	
6	0	0	0	0	463	591	
7	0	0	0	0	459	611	
8	0	0	0	0	463	628	
9	0	0	0	0	464	645	
10	0	0	0	0	466	640	
11	0	0	0	0	466	622	
12	0	0	0	0	468	590	
13	0	0	0	0	471	551	
14	0	0	0	0	476	519	
15	0	0	0	0	479	494	
0	0	0	0	0	487	478	
1	0	0	0	0	496	468	
2	0	0	0	0	503	463	
3	0	0	0	0	506	459	
4	0	0	0	0	504	451	
5	0	0	0	0	502	436	
6	0	0	0	0	498	419	
7	0	0	0	0	494	402	
8	0	0	0	0	492	388	
9	0	0	0	0	495	379	
10	0	0	0	0	502	376	
11	0	0	0	0	512	375	
12	0	0	0	0	517	381	
13	0	0	0	0	517	395	
14	0	0	0	0	515	414	
15	0	0	0	0	513	440	
0	0	0	0	0	507	467	
1	0	0	0	0	501	494	
2	0	0	0	0	495	522	
3	0	0	0	0	486	548	
4	0	0	0	0	480	576	
5	0	0	0	0	478	601	
6	0	0	0	0	475	626	
7	0	0	0	0	474	647	
8	0	0	0	0	474	662	
9	0	0	0	0	473	666	
10	0	0	0	0	473	654	
11	0	0	0	0	475	633	
12	0	0	0	0	476	611	
13	0	0	0	0	475	590	
14	0	0	0	0	471	572	
15	0	0	0	0	470	562	
0	0	0	0	0	461	556	
1	0	0	0	0	448	550	
2	0	0	0	0	437	547	
3	0	0	0	0	425	546	
4	0	0	0	0	416	551	
5	0	0	0	0	414	555	
6	0	0	0	0	416	551	
7	0	0	0	0	418	542	
8	0	0	0	0	420	535	
9	0	0	0	0	424	530	
10	0	0	0	0	432	521	
11	0	0	0	0	438	523	
12	0	0	0	0	441	528	
13	0	0	0	0	446	534	
14	0	0	0	0	451	541	
15	0	0	0	0	457	551	
0	0	0	0	0	464	566	
1	0	0	0	0	470	583	
2	0	0	0	0	472	599	
3	0	0	0	0	466	608	
4	0	0	0	0	461	607	
5	0	0	0	0	455	598	
6	0	0	0	0	448	579	
7	0	0	0	0	439	557	
8	0	0	0	0	428	534	
9	0	0	0	0	419	512	
10	0	0	0	0	414	496	
11	0	0	0	0	413	489	
12	0	0	0	0	413	488	
13	0	0	0	0	419	492	
14	0	0	0	0	428	505	
15	0	0	0	0	442	524	
0	0	0	0	0	455	543	
1	0	0	0	0	463	558	
2	0	0	0	0	471	569	
3	0	0	0	0	472	575	
4	0	0	0	0	470	579	
5	0	0	0	0	469	582	
6	0	0	0	0	467	588	
7	0	0	0	0	464	595	
8	0	0	0	0	457	603	
9	0	0	0	0	444	610	
10	0	0	0	0	430	617	
11	0	0	0	0	418	619	
12	0	0	0	0	411	620	
13	0	0	0	0	408	617	
14	0	0	0	0	404	616	
15	0	0	0	0	401	612	
0	0	0	0	0	401	602	
1	0	0	0	0	401	593	
2	0	0	0	0	400	585	
3	0	0	0	0	398	578	
4	0	0	0	0	400	570	
5	0	0	0	0	408	564	
6	0	0	0	0	420	563	
7	0	0	0	0	432	563	
8	0	0	0	0	441	559	
9	0	0	0	0	447	549	
10	0	0	0	0	450	537	
11	0	0	0	0	457	523	
12	0	0	0	0	462	515	
13	0	0	0	0	464	505	
14	0	0	0	0	466	494	
15	0	0	0	0	471	486	
0	0	0	0	0	475	480	
1	0	0	0	0	478	475	
2	0	0	0	0	478	472	
3	0	0	0	0	475	468	
4	0	0	0	0	467	467	
5	0	0	0	0	458	465	
6	0	0	0	0	454	465	
7	0	0	0	0	451	471	
8	0	0	0	0	451	484	
9	0	0	0	0	447	501	
10	0	0	0	0	444	516	
11	0	0	0	0	435	533	
12	0	0	0	0	430	557	
13	0	0	0	0	424	576	
14	0	0	0	0	426	592	
15	0	0	0	0	435	602	
0	0	0	0	0	444	607	
1	0	0	0	0	456	613	
2	0	0	0	0	473	624	
3	0	0	0	0	490	634	
4	0	0	0	0	506	639	
5	0	0	0	0	516	630	
6	0	0	0	0	520	613	
7	0	0	0	0	519	592	
8	0	0	0	0	517	570	
9	0	0	0	0	513	543	
10	0	0	0	0	511	516	
11	0	0	0	0	507	489	
12	0	0	0	0	500	462	
13	0	0	0	0	495	444	
14	0	0	0	0	487	429	
15	0	0	0	0	478	419	
0	0	0	0	0	470	414	
1	0	0	0	0	464	423	
2	0	0	0	0	456	445	
3	0	0	0	0	448	465	
4	0	0	0	0	440	483	
5	0	0	0	0	436	500	
6	0	0	0	0	435	515	
7	0	0	0	0	444	530	
8	0	0	0	0	459	548	
9	0	0	0	0	481	565	
10	0	0	0	0	499	572	
11	0	0	0	0	515	576	
12	0	0	0	0	522	575	
13	0	0	0	0	519	573	
14	0	0	0	0	511	569	
15	0	0	0	0	499	564	
0	0	0	0	0	485	556	
1	0	0	0	0	468	554	
2	0	0	0	0	454	551	
3	0	0	0	0	443	553	
4	0	0	0	0	436	551	
5	0	0	0	0	432	544	
6	0	0	0	0	432	531	
7	0	0	0	0	432	518	
8	0	0	0	0	435	505	
9	0	0	0	0	442	498	
10	0	0	0	0	451	495	
11	0	0	0	0	463	498	
12	0	0	0	0	473	501	
13	0	0	0	0	480	498	
14	0	0	0	0	480	492	
15	0	0	0	0	478	484	
0	0	0	0	0	475	478	
1	0	0	0	0	471	477	
2	0	0	0	0	467	486	
3	0	0	0	0	462	499	
4	0	0	0	0	454	509	
5	0	0	0	0	450	510	
6	0	0	0	0	448	506	
7	0	0	0	0	447	504	
8	0	0	0	0	448	496	
9	0	0	0	0	455	485	
10	0	0	0	0	466	480	
11	0	0	0	0	478	472	
12	0	0	0	0	483	465	
13	0	0	0	0	483	465	
14	0	0	0	0	480	464	
15	0	0	0	0	478	471	
0	0	0	0	0	473	487	
1	0	0	0	0	467	511	
2	0	0	0	0	461	531	
3	0	0	0	0	458	554	
4	0	0	0	0	457	571	
5	0	0	0	0	457	577	
6	0	0	0	0	458	572	
7	0	0	0	0	460	555	
8	0	0	0	0	464	532	
9	0	0	0	0	470	508	
10	0	0	0	0	477	488	
11	0	0	0	0	481	475	
12	0	0	0	0	481	464	
13	0	0	0	0	482	451	
14	0	0	0	0	481	435	
15	0	0	0	0	476	419	
0	0	0	0	0	472	401	
1	0	0	0	0	466	387	
2	0	0	0	0	460	381	
3	0	0	0	0	455	376	
4	0	0	0	0	450	382	
5	0	0	0	0	451	399	
6	0	0	0	0	457	414	
7	0	0	0	0	467	432	
8	0	0	0	0	479	453	
9	0	0	0	0	492	471	
10	0	0	0	0	499	484	
11	0	0	0	0	503	492	
12	0	0	0	0	497	493	
13	0	0	0	0	487	490	
14	0	0	0	0	472	492	
15	0	0	0	0	460	498	
0	0	0	0	0	449	503	
1	0	0	0	0	452	504	
2	0	0	0	0	462	503	
3	0	0	0	0	475	503	
4	0	0	0	0	489	508	
5	0	0	0	0	500	515	
6	0	0	0	0	506	525	
7	0	0	0	0	511	540	
8	0	0	0	0	519	552	
9	0	0	0	0	524	558	
10	0	0	0	0	532	553	
11	0	0	0	0	542	539	
12	0	0	0	0	550	522	
13	0	0	0	0	552	507	
14	0	0	0	0	552	497	
15	0	0	0	0	553	483	
0	0	0	0	0	551	469	
1	0	0	0	0	544	460	
2	0	0	0	0	533	457	
3	0	0	0	0	519	460	
4	0	0	0	0	509	465	
5	0	0	0	0	501	469	
6	0	0	0	0	494	475	
7	0	0	0	0	489	485	
8	0	0	0	0	483	495	
9	0	0	0	0	478	503	
10	0	0	0	0	480	505	
11	0	0	0	0	480	506	
12	0	0	0	0	479	500	
13	0	0	0	0	483	496	
14	0	0	0	0	487	489	
15	0	0	0	0	492	485	
0	0	0	0	0	493	485	
1	0	0	0	0	497	487	
2	0	0	0	0	503	497	
3	0	0	0	0	511	514	
4	0	0	0	0	523	529	
5	0	0	0	0	532	541	
6	0	0	0	0	542	551	
7	0	0	0	0	551	556	
8	0	0	0	0	560	557	
9	0	0	0	0	560	555	
10	0	0	0	0	556	549	
11	0	0	0	0	543	537	
12	0	0	0	0	526	520	
13	0	0	0	0	511	502	
14	0	0	0	0	493	485	
15	0	0	0	0	483	470	
0	0	0	0	0	479	457	
1	0	0	0	0	478	449	
2	0	0	0	0	480	446	
3	0	0	0	0	487	448	
4	0	0	0	0	487	454	
5	0	0	0	0	490	462	
6	0	0	0	0	496	472	
7	0	0	0	0	505	486	
8	0	0	0	0	516	496	
9	0	0	0	0	525	503	
10	0	0	0	0	532	508	
11	0	0	0	0	539	515	
12	0	0	0	0	546	519	
13	0	0	0	0	551	518	
14	0	0	0	0	552	510	
15	0	0	0	0	549	496	
0	0	0	0	0	546	487	
1	0	0	0	0	543	479	
2	0	0	0	0	532	472	
3	0	0	0	0	518	465	
4	0	0	0	0	506	463	
5	0	0	0	0	496	468	
6	0	0	0	0	489	481	
7	0	0	0	0	483	496	
8	0	0	0	0	476	512	
9	0	0	0	0	469	527	
10	0	0	0	0	464	536	
11	0	0	0	0	464	543	
12	0	0	0	0	466	547	
13	0	0	0	0	472	546	
14	0	0	0	0	483	542	
15	0	0	0	0	490	535	
0	0	0	0	0	495	523	
1	0	0	0	0	491	502	
2	0	0	0	0	482	479	
3	0	0	0	0	475	451	
4	0	0	0	0	466	430	
5	0	0	0	0	458	412	
6	0	0	0	0	455	398	
7	0	0	0	0	461	386	
8	0	0	0	0	465	376	
9	0	0	0	0	471	376	
10	0	0	0	0	481	384	
11	0	0	0	0	491	398	
12	0	0	0	0	494	413	
13	0	0	0	0	490	434	
14	0	0	0	0	482	458	
15	0	0	0	0	472	480	
0	0	0	0	0	466	500	
1	0	0	0	0	462	518	
2	0	0	0	0	460	530	
3	0	0	0	0	461	540	
4	0	0	0	0	463	543	
5	0	0	0	0	466	540	
6	0	0	0	0	472	530	
7	0	0	0	0	474	513	
8	0	0	0	0	470	496	
9	0	0	0	0	465	478	
10	0	0	0	0	461	463	
11	0	0	0	0	456	457	
12	0	0	0	0	456	457	
13	0	0	0	0	455	459	
14	0	0	0	0	459	463	
15	0	0	0	0	461	463	
0	0	0	0	0	463	463	
1	0	0	0	0	464	464	
2	0	0	0	0	470	467	
3	0	0	0	0	478	474	
4	0	0	0	0	488	480	
5	0	0	0	0	501	481	
6	0	0	0	0	513	481	
7	0	0	0	0	525	484	
8	0	0	0	0	535	483	
9	0	0	0	0	544	480	
10	0	0	0	0	552	480	
11	0	0	0	0	559	478	
12	0	0	0	0	566	478	
13	0	0	0	0	570	482	
14	0	0	0	0	572	490	
15	0	0	0	0	575	501	
0	0	0	0	0	580	513	
1	0	0	0	0	584	531	
2	0	0	0	0	584	555	
3	0	0	0	0	580	579	
4	0	0	0	0	578	598	
5	0	0	0	0	572	612	
6	0	0	0	0	564	617	
7	0	0	0	0	555	614	
8	0	0	0	0	542	606	
9	0	0	0	0	536	596	
10	0	0	0	0	538	585	
11	0	0	0	0	546	568	
12	0	0	0	0	559	548	
13	0	0	0	0	572	533	
14	0	0	0	0	582	521	
15	0	0	0	0	591	513	
0	0	0	0	0	593	507	
1	0	0	0	0	593	502	
2	0	0	0	0	590	497	
3	0	0	0	0	580	492	
4	0	0	0	0	573	489	
5	0	0	0	0	569	487	
6	0	0	0	0	562	483	
7	0	0	0	0	556	477	
8	0	0	0	0	551	467	
9	0	0	0	0	554	454	
10	0	0	0	0	561	444	
11	0	0	0	0	572	432	
12	0	0	0	0	586	424	
13	0	0	0	0	601	423	
14	0	0	0	0	616	435	
15	0	0	0	0	624	454	
0	0	0	0	0	623	476	
1	0	0	0	0	615	500	
2	0	0	0	0	603	524	
3	0	0	0	0	589	542	
4	0	0	0	0	576	555	
5	0	0	0	0	563	563	
6	0	0	0	0	549	567	
7	0	0	0	0	541	565	
8	0	0	0	0	535	563	
9	0	0	0	0	532	561	
10	0	0	0	0	532	558	
11	0	0	0	0	539	550	
12	0	0	0	0	555	547	
13	0	0	0	0	568	543	
14	0	0	0	0	581	539	
15	0	0	0	0	590	535	
0	0	0	0	0	596	531	
1	0	0	0	0	603	528	
2	0	0	0	0	607	531	
3	0	0	0	0	608	535	
4	0	0	0	0	606	541	
5	0	0	0	0	604	552	
6	0	0	0	0	604	567	
7	0	0	0	0	602	580	
8	0	0	0	0	603	591	
9	0	0	0	0	609	594	
10	0	0	0	0	614	588	
11	0	0	0	0	618	574	
12	0	0	0	0	624	561	
13	0	0	0	0	626	547	
14	0	0	0	0	625	536	
15	0	0	0	0	625	528	
0	0	0	0	0	623	527	
1	0	0	0	0	619	533	
2	0	0	0	0	614	547	
3	0	0	0	0	610	563	
4	0	0	0	0	601	581	
5	0	0	0	0	591	591	
6	0	0	0	0	579	600	
7	0	0	0	0	567	605	
8	0	0	0	0	559	608	
9	0	0	0	0	555	604	
10	0	0	0	0	554	596	
11	0	0	0	0	553	586	
12	0	0	0	0	552	582	
13	0	0	0	0	551	582	
14	0	0	0	0	550	576	
15	0	0	0	0	552	565	
0	0	0	0	0	555	553	
1	0	0	0	0	561	543	
2	0	0	0	0	566	532	
3	0	0	0	0	568	527	
4	0	0	0	0	568	523	
5	0	0	0	0	568	522	
6	0	0	0	0	568	520	
7	0	0	0	0	561	518	
8	0	0	0	0	554	514	
9	0	0	0	0	546	513	
10	0	0	0	0	537	516	
11	0	0	0	0	531	519	
12	0	0	0	0	529	520	
13	0	0	0	0	532	519	
14	0	0	0	0	539	518	
15	0	0	0	0	547	516	
0	0	0	0	0	550	521	
1	0	0	0	0	551	534	
2	0	0	0	0	551	550	
3	0	0	0	0	546	563	
4	0	0	0	0	535	573	
5	0	0	0	0	521	577	
6	0	0	0	0	503	581	
7	0	0	0	0	489	578	
8	0	0	0	0	481	572	
9	0	0	0	0	478	563	
10	0	0	0	0	477	551	
11	0	0	0	0	480	532	
12	0	0	0	0	486	519	
13	0	0	0	0	492	506	
14	0	0	0	0	499	491	
15	0	0	0	0	504	476	
0	0	0	0	0	506	462	
1	0	0	0	0	509	449	
2	0	0	0	0	515	443	
3	0	0	0	0	517	439	
4	0	0	0	0	517	439	
5	0	0	0	0	517	443	
6	0	0	0	0	519	445	
7	0	0	0	0	515	447	
8	0	0	0	0	509	451	
9	0	0	0	0	503	453	
10	0	0	0	0	499	453	
11	0	0	0	0	497	452	
12	0	0	0	0	496	449	
13	0	0	0	0	495	444	
14	0	0	0	0	487	438	
15	0	0	0	0	478	435	
0	0	0	0	0	472	438	
1	0	0	0	0	469	446	
2	0	0	0	0	469	465	
3	0	0	0	0	477	489	
4	0	0	0	0	489	514	
5	0	0	0	0	502	524	
6	0	0	0	0	508	521	
7	0	0	0	0	510	508	
8	0	0	0	0	508	480	
9	0	0	0	0	503	455	
10	0	0	0	0	494	440	
11	0	0	0	0	484	432	
12	0	0	0	0	476	433	
13	0	0	0	0	472	443	
14	0	0	0	0	470	457	
15	0	0	0	0	473	474	
0	0	0	0	0	477	492	
1	0	0	0	0	475	505	
2	0	0	0	0	471	512	
3	0	0	0	0	466	517	
4	0	0	0	0	459	518	
5	0	0	0	0	453	514	
6	0	0	0	0	442	503	
7	0	0	0	0	431	495	
8	0	0	0	0	418	486	
9	0	0	0	0	407	468	
10	0	0	0	0	401	444	
11	0	0	0	0	399	425	
12	0	0	0	0	399	406	
13	0	0	0	0	404	393	
14	0	0	0	0	414	383	
15	0	0	0	0	423	382	
0	0	0	0	0	430	385	
1	0	0	0	0	441	394	
2	0	0	0	0	452	411	
3	0	0	0	0	457	425	
4	0	0	0	0	462	433	
5	0	0	0	0	463	439	
6	0	0	0	0	465	445	
7	0	0	0	0	470	450	
8	0	0	0	0	474	456	
9	0	0	0	0	479	462	
10	0	0	0	0	480	471	
11	0	0	0	0	478	483	
12	0	0	0	0	472	499	
13	0	0	0	0	464	506	
14	0	0	0	0	459	510	
15	0	0	0	0	454	519	
0	0	0	0	0	450	531	
1	0	0	0	0	447	542	
2	0	0	0	0	443	544	
3	0	0	0	0	443	549	
4	0	0	0	0	450	554	
5	0	0	0	0	458	556	
6	0	0	0	0	470	551	
7	0	0	0	0	483	543	
8	0	0	0	0	493	535	
9	0	0	0	0	500	529	
10	0	0	0	0	505	521	
11	0	0	0	0	512	523	
12	0	0	0	0	515	524	
13	0	0	0	0	518	527	
14	0	0	0	0	518	534	
15	0	0	0	0	517	543	
0	0	0	0	0	515	545	
1	0	0	0	0	512	544	
2	0	0	0	0	510	537	
3	0	0	0	0	509	531	
4	0	0	0	0	513	529	
5	0	0	0	0	516	529	
6	0	0	0	0	516	530	
7	0	0	0	0	519	536	
8	0	0	0	0	522	543	
9	0	0	0	0	524	554	
10	0	0	0	0	526	567	
11	0	0	0	0	527	576	
12	0	0	0	0	526	577	
13	0	0	0	0	523	568	
14	0	0	0	0	520	558	
15	0	0	0	0	518	543	
0	0	0	0	0	515	531	
1	0	0	0	0	513	519	
2	0	0	0	0	511	513	
3	0	0	0	0	511	513	
4	0	0	0	0	516	521	
5	0	0	0	0	525	531	
6	0	0	0	0	531	541	
7	0	0	0	0	537	549	
8	0	0	0	0	542	556	
9	0	0	0	0	546	560	
10	0	0	0	0	546	557	
11	0	0	0	0	544	552	
12	0	0	0	0	543	542	
13	0	0	0	0	537	531	
14	0	0	0	0	531	525	
15	0	0	0	0	526	524	
0	0	0	0	0	518	527	
1	0	0	0	0	510	529	
2	0	0	0	0	506	529	
3	0	0	0	0	503	531	
4	0	0	0	0	502	532	
5	0	0	0	0	502	535	
6	0	0	0	0	500	541	
7	0	0	0	0	498	554	
8	0	0	0	0	498	572	
9	0	0	0	0	498	593	
10	0	0	0	0	500	615	
11	0	0	0	0	501	627	
12	0	0	0	0	502	631	
13	0	0	0	0	496	623	
14	0	0	0	0	491	613	
15	0	0	0	0	479	598	
0	0	0	0	0	470	578	
1	0	0	0	0	463	561	
2	0	0	0	0	459	546	
3	0	0	0	0	457	530	
4	0	0	0	0	456	513	
5	0	0	0	0	455	497	
6	0	0	0	0	451	484	
7	0	0	0	0	447	472	
8	0	0	0	0	444	464	
9	0	0	0	0	446	458	
10	0	0	0	0	450	454	
11	0	0	0	0	450	445	
12	0	0	0	0	453	435	
13	0	0	0	0	456	431	
14	0	0	0	0	460	441	
15	0	0	0	0	466	457	
0	0	0	0	0	475	482	
1	0	0	0	0	484	504	
2	0	0	0	0	491	519	
3	0	0	0	0	494	530	
4	0	0	0	0	497	540	
5	0	0	0	0	496	549	
6	0	0	0	0	492	556	
7	0	0	0	0	488	558	
8	0	0	0	0	487	560	
9	0	0	0	0	488	558	
10	0	0	0	0	487	556	
11	0	0	0	0	486	551	
12	0	0	0	0	481	545	
13	0	0	0	0	477	537	
14	0	0	0	0	476	530	
15	0	0	0	0	483	531	
0	0	0	0	0	488	536	
1	0	0	0	0	494	537	
2	0	0	0	0	505	536	
3	0	0	0	0	515	537	
4	0	0	0	0	521	537	
5	0	0	0	0	526	536	
6	0	0	0	0	531	534	
7	0	0	0	0	534	532	
8	0	0	0	0	527	531	
9	0	0	0	0	517	532	
10	0	0	0	0	511	531	
11	0	0	0	0	509	531	
12	0	0	0	0	509	531	
13	0	0	0	0	512	524	
14	0	0	0	0	511	514	
15	0	0	0	0	507	505	
0	0	0	0	0	503	496	
1	0	0	0	0	500	483	
2	0	0	0	0	502	469	
3	0	0	0	0	499	455	
4	0	0	0	0	496	447	
5	0	0	0	0	491	445	
6	0	0	0	0	487	449	
7	0	0	0	0	485	456	
8	0	0	0	0	484	458	
9	0	0	0	0	479	454	
10	0	0	0	0	472	452	
11	0	0	0	0	469	456	
12	0	0	0	0	472	466	
13	0	0	0	0	480	479	
14	0	0	0	0	491	491	
15	0	0	0	0	503	504	
0	0	0	0	0	515	508	
1	0	0	0	0	527	509	
2	0	0	0	0	536	509	
3	0	0	0	0	542	503	
4	0	0	0	0	545	500	
5	0	0	0	0	546	502	
6	0	0	0	0	546	503	
7	0	0	0	0	547	511	
8	0	0	0	0	547	519	
9	0	0	0	0	546	527	
10	0	0	0	0	544	528	
11	0	0	0	0	543	531	
12	0	0	0	0	536	536	
13	0	0	0	0	530	539	
14	0	0	0	0	522	541	
15	0	0	0	0	516	544	
0	0	0	0	0	517	549	
1	0	0	0	0	523	560	
2	0	0	0	0	528	569	
3	0	0	0	0	537	579	
4	0	0	0	0	541	587	
5	0	0	0	0	536	584	
6	0	0	0	0	531	575	
7	0	0	0	0	530	565	
8	0	0	0	0	527	550	
9	0	0	0	0	524	535	
10	0	0	0	0	519	519	
11	0	0	0	0	514	503	
12	0	0	0	0	511	489	
13	0	0	0	0	510	479	
14	0	0	0	0	511	475	
15	0	0	0	0	513	474	
0	0	0	0	0	517	470	
1	0	0	0	0	518	463	
2	0	0	0	0	523	457	
3	0	0	0	0	534	454	
4	0	0	0	0	541	451	
5	0	0	0	0	549	452	
6	0	0	0	0	553	455	
7	0	0	0	0	555	458	
8	0	0	0	0	556	463	
9	0	0	0	0	556	471	
10	0	0	0	0	554	481	
11	0	0	0	0	552	494	
12	0	0	0	0	549	507	
13	0	0	0	0	546	523	
14	0	0	0	0	540	535	
15	0	0	0	0	539	543	
0	0	0	0	0	543	544	
1	0	0	0	0	543	545	
2	0	0	0	0	538	542	
3	0	0	0	0	527	538	
4	0	0	0	0	518	539	
5	0	0	0	0	516	546	
6	0	0	0	0	513	554	
7	0	0	0	0	508	557	
8	0	0	0	0	510	555	
9	0	0	0	0	518	551	
10	0	0	0	0	534	545	
11	0	0	0	0	553	531	
12	0	0	0	0	571	518	
13	0	0	0	0	581	504	
14	0	0	0	0	583	489	
15	0	0	0	0	579	474	
0	0	0	0	0	574	466	
1	0	0	0	0	573	470	
2	0	0	0	0	569	487	
3	0	0	0	0	564	522	
4	0	0	0	0	561	561	
5	0	0	0	0	557	590	
6	0	0	0	0	556	609	
7	0	0	0	0	553	620	
8	0	0	0	0	548	621	
9	0	0	0	0	541	609	
10	0	0	0	0	536	579	
11	0	0	0	0	531	540	
12	0	0	0	0	524	496	
13	0	0	0	0	519	454	
14	0	0	0	0	514	418	
15	0	0	0	0	509	393	
0	0	0	0	0	505	377	
1	0	0	0	0	500	369	
2	0	0	0	0	494	366	
3	0	0	0	0	488	368	
4	0	0	0	0	485	378	
5	0	0	0	0	487	398	
6	0	0	0	0	493	423	
7	0	0	0	0	500	451	
8	0	0	0	0	510	480	
9	0	0	0	0	515	510	
10	0	0	0	0	519	542	
11	0	0	0	0	519	569	
12	0	0	0	0	516	588	
13	0	0	0	0	516	606	
14	0	0	0	0	513	616	
15	0	0	0	0	512	621	
0	0	0	0	0	513	620	
1	0	0	0	0	519	615	
2	0	0	0	0	529	601	
3	0	0	0	0	544	579	
4	0	0	0	0	563	555	
5	0	0	0	0	580	527	
6	0	0	0	0	599	503	
7	0	0	0	0	615	478	
8	0	0	0	0	625	449	
9	0	0	0	0	630	425	
10	0	0	0	0	629	417	
11	0	0	0	0	626	425	
12	0	0	0	0	620	440	
13	0	0	0	0	614	457	
14	0	0	0	0	607	469	
15	0	0	0	0	601	472	
0	0	0	0	0	591	471	
1	0	0	0	0	579	467	
2	0	0	0	0	566	455	
3	0	0	0	0	555	446	
4	0	0	0	0	551	439	
5	0	0	0	0	554	432	
6	0	0	0	0	560	424	
7	0	0	0	0	568	411	
8	0	0	0	0	575	394	
9	0	0	0	0	578	380	
10	0	0	0	0	583	364	
11	0	0	0	0	594	358	
12	0	0	0	0	607	351	
13	0	0	0	0	619	350	
14	0	0	0	0	627	355	
15	0	0	0	0	639	367	
0	0	0	0	0	652	384	
1	0	0	0	0	663	396	
2	0	0	0	0	671	400	
3	0	0	0	0	667	410	
4	0	0	0	0	656	407	
5	0	0	0	0	647	394	
6	0	0	0	0	643	391	
7	0	0	0	0	639	386	
8	0	0	0	0	639	387	
9	0	0	0	0	637	390	
10	0	0	0	0	631	391	
11	0	0	0	0	624	401	
12	0	0	0	0	612	415	
13	0	0	0	0	603	425	
14	0	0	0	0	591	441	
15	0	0	0	0	584	454	
0	0	0	0	0	578	463	
1	0	0	0	0	569	473	
2	0	0	0	0	559	476	
3	0	0	0	0	548	476	
4	0	0	0	0	537	472	
5	0	0	0	0	527	464	
6	0	0	0	0	520	450	
7	0	0	0	0	519	438	
8	0	0	0	0	525	428	
9	0	0	0	0	533	422	
10	0	0	0	0	541	418	
11	0	0	0	0	547	417	
12	0	0	0	0	554	416	
13	0	0	0	0	561	418	
14	0	0	0	0	567	422	
15	0	0	0	0	572	422	
0	0	0	0	0	578	423	
1	0	0	0	0	583	432	
2	0	0	0	0	583	443	
3	0	0	0	0	572	450	
4	0	0	0	0	553	455	
5	0	0	0	0	537	460	
6	0	0	0	0	519	463	
7	0	0	0	0	503	468	
8	0	0	0	0	486	475	
9	0	0	0	0	478	486	
10	0	0	0	0	478	496	
11	0	0	0	0	483	497	
12	0	0	0	0	488	487	
13	0	0	0	0	492	471	
14	0	0	0	0	498	449	
15	0	0	0	0	503	428	
0	0	0	0	0	509	407	
1	0	0	0	0	515	392	
2	0	0	0	0	522	385	
3	0	0	0	0	529	382	
4	0	0	0	0	536	385	
5	0	0	0	0	539	392	
6	0	0	0	0	532	400	
7	0	0	0	0	525	409	
8	0	0	0	0	522	416	
9	0	0	0	0	522	427	
10	0	0	0	0	522	435	
11	0	0	0	0	523	444	
12	0	0	0	0	526	448	
13	0	0	0	0	528	451	
14	0	0	0	0	530	462	
15	0	0	0	0	531	481	
0	0	0	0	0	531	504	
1	0	0	0	0	530	527	
2	0	0	0	0	531	546	
3	0	0	0	0	530	556	
4	0	0	0	0	529	558	
5	0	0	0	0	531	548	
6	0	0	0	0	534	535	
7	0	0	0	0	535	527	
8	0	0	0	0	537	528	
9	0	0	0	0	537	528	
10	0	0	0	0	534	523	
11	0	0	0	0	526	510	
12	0	0	0	0	517	489	
13	0	0	0	0	510	464	
14	0	0	0	0	506	441	
15	0	0	0	0	501	423	
0	0	0	0	0	496	408	
1	0	0	0	0	494	395	
2	0	0	0	0	496	389	
3	0	0	0	0	506	387	
4	0	0	0	0	524	387	
5	0	0	0	0	543	391	
6	0	0	0	0	562	399	
7	0	0	0	0	580	418	
8	0	0	0	0	593	437	
9	0	0	0	0	600	458	
10	0	0	0	0	601	486	
11	0	0	0	0	599	508	
12	0	0	0	0	594	524	
13	0	0	0	0	586	540	
14	0	0	0	0	575	549	
15	0	0	0	0	561	551	
0	0	0	0	0	551	544	
1	0	0	0	0	541	528	
2	0	0	0	0	526	509	
3	0	0	0	0	512	493	
4	0	0	0	0	500	485	
5	0	0	0	0	488	481	
6	0	0	0	0	481	482	
7	0	0	0	0	477	482	
8	0	0	0	0	476	483	
9	0	0	0	0	477	487	
10	0	0	0	0	484	485	
11	0	0	0	0	493	476	
12	0	0	0	0	507	465	
13	0	0	0	0	523	456	
14	0	0	0	0	537	452	
15	0	0	0	0	551	451	
0	0	0	0	0	570	455	
1	0	0	0	0	583	460	
2	0	0	0	0	595	472	
3	0	0	0	0	606	487	
4	0	0	0	0	612	503	
5	0	0	0	0	613	519	
6	0	0	0	0	609	535	
7	0	0	0	0	603	550	
8	0	0	0	0	594	561	
9	0	0	0	0	583	561	
10	0	0	0	0	572	549	
11	0	0	0	0	564	529	
12	0	0	0	0	552	507	
13	0	0	0	0	538	481	
14	0	0	0	0	525	456	
15	0	0	0	0	515	434	
0	0	0	0	0	503	422	
1	0	0	0	0	489	414	
2	0	0	0	0	476	407	
3	0	0	0	0	465	400	
4	0	0	0	0	456	396	
5	0	0	0	0	454	395	
6	0	0	0	0	455	396	
7	0	0	0	0	459	398	
8	0	0	0	0	466	403	
9	0	0	0	0	472	414	
10	0	0	0	0	482	425	
11	0	0	0	0	493	441	
12	0	0	0	0	505	460	
13	0	0	0	0	518	481	
14	0	0	0	0	527	499	
15	0	0	0	0	534	513	
0	0	0	0	0	546	532	
1	0	0	0	0	555	551	
2	0	0	0	0	560	562	
3	0	0	0	0	569	571	
4	0	0	0	0	573	579	
5	0	0	0	0	574	583	
6	0	0	0	0	567	578	
7	0	0	0	0	559	568	
8	0	0	0	0	550	558	
9	0	0	0	0	542	547	
10	0	0	0	0	536	530	
11	0	0	0	0	528	513	
12	0	0	0	0	519	496	
13	0	0	0	0	513	479	
14	0	0	0	0	511	465	
15	0	0	0	0	512	455	
0	0	0	0	0	520	450	
1	0	0	0	0	527	449	
2	0	0	0	0	530	455	
3	0	0	0	0	530	462	
4	0	0	0	0	525	463	
5	0	0	0	0	516	466	
6	0	0	0	0	510	469	
7	0	0	0	0	503	479	
8	0	0	0	0	492	496	
9	0	0	0	0	482	514	
10	0	0	0	0	468	532	
11	0	0	0	0	455	550	
12	0	0	0	0	447	567	
13	0	0	0	0	447	587	
14	0	0	0	0	452	606	
15	0	0	0	0	459	618	
0	0	0	0	0	470	624	
1	0	0	0	0	483	623	
2	0	0	0	0	500	612	
3	0	0	0	0	512	593	
4	0	0	0	0	523	572	
5	0	0	0	0	532	549	
6	0	0	0	0	540	534	
7	0	0	0	0	540	521	
8	0	0	0	0	536	515	
9	0	0	0	0	527	510	
10	0	0	0	0	520	502	
11	0	0	0	0	512	491	
12	0	0	0	0	503	472	
13	0	0	0	0	492	451	
14	0	0	0	0	481	433	
15	0	0	0	0	474	425	
0	0	0	0	0	472	423	
1	0	0	0	0	470	423	
2	0	0	0	0	471	423	
3	0	0	0	0	472	421	
4	0	0	0	0	479	423	
5	0	0	0	0	489	433	
6	0	0	0	0	500	442	
7	0	0	0	0	508	456	
8	0	0	0	0	514	478	
9	0	0	0	0	516	502	
10	0	0	0	0	515	524	
11	0	0	0	0	514	541	
12	0	0	0	0	514	550	
13	0	0	0	0	512	551	
14	0	0	0	0	511	541	
15	0	0	0	0	508	528	
0	0	0	0	0	509	514	
1	0	0	0	0	512	505	
2	0	0	0	0	518	498	
3	0	0	0	0	526	494	
4	0	0	0	0	535	491	
5	0	0	0	0	543	495	
6	0	0	0	0	554	503	
7	0	0	0	0	565	509	
8	0	0	0	0	574	513	
9	0	0	0	0	579	519	
10	0	0	0	0	583	521	
11	0	0	0	0	583	523	
12	0	0	0	0	578	524	
13	0	0	0	0	568	519	
14	0	0	0	0	557	504	
15	0	0	0	0	542	488	
0	0	0	0	0	529	476	
1	0	0	0	0	522	468	
2	0	0	0	0	517	470	
3	0	0	0	0	519	478	
4	0	0	0	0	524	489	
5	0	0	0	0	535	503	
6	0	0	0	0	546	518	
7	0	0	0	0	556	536	
8	0	0	0	0	562	559	
9	0	0	0	0	571	583	
10	0	0	0	0	580	603	
11	0	0	0	0	583	616	
12	0	0	0	0	580	622	
13	0	0	0	0	571	619	
14	0	0	0	0	559	598	
15	0	0	0	0	545	569	
0	0	0	0	0	528	537	
1	0	0	0	0	513	507	
2	0	0	0	0	501	476	
3	0	0	0	0	495	454	
4	0	0	0	0	497	444	
5	0	0	0	0	506	443	
6	0	0	0	0	520	447	
7	0	0	0	0	537	458	
8	0	0	0	0	550	469	
9	0	0	0	0	557	479	
10	0	0	0	0	560	485	
11	0	0	0	0	557	492	
12	0	0	0	0	553	506	
13	0	0	0	0	547	515	
14	0	0	0	0	539	527	
15	0	0	0	0	526	537	
0	0	0	0	0	514	543	
1	0	0	0	0	511	546	
2	0	0	0	0	512	547	
3	0	0	0	0	516	550	
4	0	0	0	0	521	557	
5	0	0	0	0	530	566	
6	0	0	0	0	547	578	
7	0	0	0	0	566	587	
8	0	0	0	0	582	591	
9	0	0	0	0	595	594	
10	0	0	0	0	600	594	
11	0	0	0	0	596	592	
12	0	0	0	0	583	591	
13	0	0	0	0	566	585	
14	0	0	0	0	545	576	
15	0	0	0	0	525	566	
0	0	0	0	0	511	558	
1	0	0	0	0	504	553	
2	0	0	0	0	500	551	
3	0	0	0	0	498	547	
4	0	0	0	0	496	539	
5	0	0	0	0	494	523	
6	0	0	0	0	489	505	
7	0	0	0	0	486	483	
8	0	0	0	0	487	452	
9	0	0	0	0	493	417	
10	0	0	0	0	502	390	
11	0	0	0	0	511	367	
12	0	0	0	0	513	353	
13	0	0	0	0	512	349	
14	0	0	0	0	511	357	
15	0	0	0	0	506	372	
0	0	0	0	0	501	394	
1	0	0	0	0	493	421	
2	0	0	0	0	485	451	
3	0	0	0	0	481	479	
4	0	0	0	0	482	503	
5	0	0	0	0	488	523	
6	0	0	0	0	495	536	
7	0	0	0	0	504	544	
8	0	0	0	0	517	550	
9	0	0	0	0	527	556	
10	0	0	0	0	536	553	
11	0	0	0	0	542	548	
12	0	0	0	0	543	543	
13	0	0	0	0	540	537	
14	0	0	0	0	527	531	
15	0	0	0	0	510	525	
0	0	0	0	0	493	518	
1	0	0	0	0	474	508	
2	0	0	0	0	462	494	
3	0	0	0	0	451	483	
4	0	0	0	0	444	479	
5	0	0	0	0	440	474	
6	0	0	0	0	441	475	
7	0	0	0	0	446	477	
8	0	0	0	0	457	477	
9	0	0	0	0	464	478	
10	0	0	0	0	472	480	
11	0	0	0	0	479	483	
12	0	0	0	0	484	492	
13	0	0	0	0	489	504	
14	0	0	0	0	495	517	
15	0	0	0	0	501	528	
0	0	0	0	0	510	537	
1	0	0	0	0	519	551	
2	0	0	0	0	528	564	
3	0	0	0	0	538	578	
4	0	0	0	0	544	594	
5	0	0	0	0	550	612	
6	0	0	0	0	552	627	
7	0	0	0	0	558	627	
8	0	0	0	0	562	624	
9	0	0	0	0	564	615	
10	0	0	0	0	564	600	
11	0	0	0	0	566	585	
12	0	0	0	0	565	569	
13	0	0	0	0	562	553	
14	0	0	0	0	561	541	
15	0	0	0	0	563	529	
0	0	0	0	0	568	521	
1	0	0	0	0	570	515	
2	0	0	0	0	569	506	
3	0	0	0	0	571	497	
4	0	0	0	0	567	483	
5	0	0	0	0	555	470	
6	0	0	0	0	540	455	
7	0	0	0	0	523	447	
8	0	0	0	0	506	443	
9	0	0	0	0	492	444	
10	0	0	0	0	480	450	
11	0	0	0	0	471	462	
12	0	0	0	0	465	472	
13	0	0	0	0	467	478	
14	0	0	0	0	477	483	
15	0	0	0	0	486	491	
0	0	0	0	0	495	497	
1	0	0	0	0	506	502	
2	0	0	0	0	514	509	
3	0	0	0	0	518	519	
4	0	0	0	0	524	527	
5	0	0	0	0	528	536	
6	0	0	0	0	532	544	
7	0	0	0	0	534	553	
8	0	0	0	0	531	559	
9	0	0	0	0	528	562	
10	0	0	0	0	521	561	
11	0	0	0	0	514	560	
12	0	0	0	0	505	563	
13	0	0	0	0	497	567	
14	0	0	0	0	491	570	
15	0	0	0	0	490	575	
0	0	0	0	0	490	573	
1	0	0	0	0	495	565	
2	0	0	0	0	508	554	
3	0	0	0	0	526	543	
4	0	0	0	0	542	528	
5	0	0	0	0	552	516	
6	0	0	0	0	560	507	
7	0	0	0	0	562	497	
8	0	0	0	0	559	476	
9	0	0	0	0	549	449	
10	0	0	0	0	532	419	
11	0	0	0	0	513	397	
12	0	0	0	0	494	383	
13	0	0	0	0	482	376	
14	0	0	0	0	476	379	
15	0	0	0	0	471	395	
0	0	0	0	0	470	414	
1	0	0	0	0	471	433	
2	0	0	0	0	473	454	
3	0	0	0	0	476	468	
4	0	0	0	0	480	478	
5	0	0	0	0	486	486	
6	0	0	0	0	492	492	
7	0	0	0	0	496	490	
8	0	0	0	0	499	482	
9	0	0	0	0	503	475	
10	0	0	0	0	504	472	
11	0	0	0	0	505	475	
12	0	0	0	0	508	485	
13	0	0	0	0	513	499	
14	0	0	0	0	523	515	
15	0	0	0	0	532	532	
0	0	0	0	0	537	547	
1	0	0	0	0	541	557	
2	0	0	0	0	543	562	
3	0	0	0	0	548	559	
4	0	0	0	0	552	551	
5	0	0	0	0	551	535	
6	0	0	0	0	543	511	
7	0	0	0	0	534	487	
8	0	0	0	0	525	463	
9	0	0	0	0	516	447	
10	0	0	0	0	510	447	
11	0	0	0	0	511	454	
12	0	0	0	0	516	463	
13	0	0	0	0	521	472	
14	0	0	0	0	526	476	
15	0	0	0	0	529	476	
0	0	0	0	0	529	469	
1	0	0	0	0	526	461	
2	0	0	0	0	520	449	
3	0	0	0	0	511	438	
4	0	0	0	0	501	427	
5	0	0	0	0	491	415	
6	0	0	0	0	482	406	
7	0	0	0	0	478	399	
8	0	0	0	0	476	411	
9	0	0	0	0	476	432	
10	0	0	0	0	479	455	
11	0	0	0	0	481	480	
12	0	0	0	0	482	499	
13	0	0	0	0	481	507	
14	0	0	0	0	480	506	
15	0	0	0	0	482	499	
0	0	0	0	0	489	492	
1	0	0	0	0	494	479	
2	0	0	0	0	498	465	
3	0	0	0	0	498	456	
4	0	0	0	0	495	448	
5	0	0	0	0	493	444	
6	0	0	0	0	489	444	
7	0	0	0	0	482	451	
8	0	0	0	0	471	466	
9	0	0	0	0	458	483	
10	0	0	0	0	444	497	
11	0	0	0	0	434	505	
12	0	0	0	0	432	510	
13	0	0	0	0	433	511	
14	0	0	0	0	435	511	
15	0	0	0	0	442	507	
0	0	0	0	0	451	500	
1	0	0	0	0	462	488	
2	0	0	0	0	473	477	
3	0	0	0	0	484	461	
4	0	0	0	0	494	451	
5	0	0	0	0	499	447	
6	0	0	0	0	503	451	
7	0	0	0	0	504	464	
8	0	0	0	0	502	481	
9	0	0	0	0	492	498	
10	0	0	0	0	482	515	
11	0	0	0	0	476	530	
12	0	0	0	0	471	541	
13	0	0	0	0	465	550	
14	0	0	0	0	463	559	
15	0	0	0	0	466	561	
0	0	0	0	0	470	549	
1	0	0	0	0	476	529	
2	0	0	0	0	483	502	
3	0	0	0	0	489	472	
4	0	0	0	0	497	447	
5	0	0	0	0	508	430	
6	0	0	0	0	516	417	
7	0	0	0	0	525	410	
8	0	0	0	0	534	413	
9	0	0	0	0	540	422	
10	0	0	0	0	543	433	
11	0	0	0	0	543	444	
12	0	0	0	0	538	463	
13	0	0	0	0	526	482	
14	0	0	0	0	510	494	
15	0	0	0	0	491	500	
0	0	0	0	0	475	508	
1	0	0	0	0	464	517	
2	0	0	0	0	454	528	
3	0	0	0	0	443	540	
4	0	0	0	0	435	547	
5	0	0	0	0	428	560	
6	0	0	0	0	420	570	
7	0	0	0	0	415	579	
8	0	0	0	0	412	588	
9	0	0	0	0	408	600	
10	0	0	0	0	402	608	
11	0	0	0	0	398	622	
12	0	0	0	0	394	635	
13	0	0	0	0	392	644	
14	0	0	0	0	392	649	
15	0	0	0	0	396	652	
0	0	0	0	0	399	647	
1	0	0	0	0	401	640	
2	0	0	0	0	406	635	
3	0	0	0	0	412	627	
4	0	0	0	0	417	620	
5	0	0	0	0	423	619	
6	0	0	0	0	429	619	
7	0	0	0	0	435	621	
8	0	0	0	0	438	622	
9	0	0	0	0	440	620	
10	0	0	0	0	440	615	
11	0	0	0	0	438	599	
12	0	0	0	0	439	583	
13	0	0	0	0	443	570	
14	0	0	0	0	448	556	
15	0	0	0	0	460	542	
0	0	0	0	0	473	528	
1	0	0	0	0	486	517	
2	0	0	0	0	498	512	
3	0	0	0	0	507	518	
4	0	0	0	0	511	529	
5	0	0	0	0	512	544	
6	0	0	0	0	511	556	
7	0	0	0	0	509	565	
8	0	0	0	0	508	573	
9	0	0	0	0	504	579	
10	0	0	0	0	499	584	
11	0	0	0	0	491	587	
12	0	0	0	0	481	583	
13	0	0	0	0	470	578	
14	0	0	0	0	463	576	
15	0	0	0	0	458	583	
0	0	0	0	0	459	595	
1	0	0	0	0	465	609	
2	0	0	0	0	471	624	
3	0	0	0	0	477	632	
4	0	0	0	0	483	632	
5	0	0	0	0	489	624	
6	0	0	0	0	494	611	
7	0	0	0	0	500	600	
8	0	0	0	0	503	586	
9	0	0	0	0	502	575	
10	0	0	0	0	499	569	
11	0	0	0	0	494	568	
12	0	0	0	0	491	570	
13	0	0	0	0	487	570	
14	0	0	0	0	485	564	
15	0	0	0	0	482	551	
0	0	0	0	0	479	539	
1	0	0	0	0	474	525	
2	0	0	0	0	470	518	
3	0	0	0	0	471	508	
4	0	0	0	0	473	498	
5	0	0	0	0	477	489	
6	0	0	0	0	476	485	
7	0	0	0	0	476	491	
8	0	0	0	0	476	505	
9	0	0	0	0	473	521	
10	0	0	0	0	470	539	
11	0	0	0	0	465	554	
12	0	0	0	0	460	574	
13	0	0	0	0	461	592	
14	0	0	0	0	464	609	
15	0	0	0	0	470	624	
0	0	0	0	0	477	637	
1	0	0	0	0	483	648	
2	0	0	0	0	487	654	
3	0	0	0	0	496	652	
4	0	0	0	0	501	645	
5	0	0	0	0	504	634	
6	0	0	0	0	502	620	
7	0	0	0	0	496	600	
8	0	0	0	0	484	580	
9	0	0	0	0	473	567	
10	0	0	0	0	468	560	
11	0	0	0	0	462	560	
12	0	0	0	0	460	559	
13	0	0	0	0	459	555	
14	0	0	0	0	454	549	
15	0	0	0	0	451	540	
0	0	0	0	0	446	530	
1	0	0	0	0	438	522	
2	0	0	0	0	430	515	
3	0	0	0	0	420	510	
4	0	0	0	0	412	505	
5	0	0	0	0	411	504	
6	0	0	0	0	409	506	
7	0	0	0	0	414	515	
8	0	0	0	0	424	526	
9	0	0	0	0	432	538	
10	0	0	0	0	435	544	
11	0	0	0	0	436	545	
12	0	0	0	0	438	543	
13	0	0	0	0	442	544	
14	0	0	0	0	446	545	
15	0	0	0	0	448	551	
0	0	0	0	0	446	569	
1	0	0	0	0	442	576	
2	0	0	0	0	439	580	
3	0	0	0	0	438	582	
4	0	0	0	0	439	578	
5	0	0	0	0	441	576	
6	0	0	0	0	446	572	
7	0	0	0	0	453	562	
8	0	0	0	0	461	549	
9	0	0	0	0	465	531	
10	0	0	0	0	465	513	
11	0	0	0	0	463	493	
12	0	0	0	0	453	472	
13	0	0	0	0	439	450	
14	0	0	0	0	423	431	
15	0	0	0	0	408	422	
0	0	0	0	0	391	419	
1	0	0	0	0	375	421	
2	0	0	0	0	368	428	
3	0	0	0	0	366	441	
4	0	0	0	0	369	455	
5	0	0	0	0	374	466	
6	0	0	0	0	381	475	
7	0	0	0	0	383	486	
8	0	0	0	0	381	493	
9	0	0	0	0	376	499	
10	0	0	0	0	366	505	
11	0	0	0	0	350	510	
12	0	0	0	0	333	511	
13	0	0	0	0	322	503	
14	0	0	0	0	317	499	
15	0	0	0	0	317	499	
0	0	0	0	0	322	501	
1	0	0	0	0	335	502	
2	0	0	0	0	349	503	
3	0	0	0	0	363	508	
4	0	0	0	0	369	516	
5	0	0	0	0	375	529	
6	0	0	0	0	378	545	
7	0	0	0	0	381	560	
8	0	0	0	0	389	574	
9	0	0	0	0	393	585	
10	0	0	0	0	391	587	
11	0	0	0	0	384	583	
12	0	0	0	0	372	572	
13	0	0	0	0	360	561	
14	0	0	0	0	349	550	
15	0	0	0	0	339	545	
0	0	0	0	0	330	535	
1	0	0	0	0	325	524	
2	0	0	0	0	324	518	
3	0	0	0	0	327	508	
4	0	0	0	0	334	499	
5	0	0	0	0	344	491	
6	0	0	0	0	355	487	
7	0	0	0	0	366	489	
8	0	0	0	0	377	491	
9	0	0	0	0	390	496	
10	0	0	0	0	398	504	
11	0	0	0	0	400	511	
12	0	0	0	0	400	515	
13	0	0	0	0	404	521	
14	0	0	0	0	408	527	
15	0	0	0	0	410	526	
0	0	0	0	0	407	520	
1	0	0	0	0	402	511	
2	0	0	0	0	391	502	
3	0	0	0	0	379	497	
4	0	0	0	0	369	493	
5	0	0	0	0	364	490	
6	0	0	0	0	359	491	
7	0	0	0	0	355	495	
8	0	0	0	0	352	503	
9	0	0	0	0	355	517	
10	0	0	0	0	359	530	
11	0	0	0	0	363	544	
12	0	0	0	0	366	558	
13	0	0	0	0	368	568	
14	0	0	0	0	371	576	
15	0	0	0	0	372	570	
0	0	0	0	0	373	555	
1	0	0	0	0	373	524	
2	0	0	0	0	367	494	
3	0	0	0	0	362	476	
4	0	0	0	0	358	460	
5	0	0	0	0	355	446	
6	0	0	0	0	358	438	
7	0	0	0	0	364	433	
8	0	0	0	0	372	432	
9	0	0	0	0	383	433	
10	0	0	0	0	397	440	
11	0	0	0	0	413	449	
12	0	0	0	0	428	458	
13	0	0	0	0	443	465	
14	0	0	0	0	456	472	
15	0	0	0	0	464	472	
0	0	0	0	0	467	468	
1	0	0	0	0	469	461	
2	0	0	0	0	465	451	
3	0	0	0	0	458	442	
4	0	0	0	0	452	434	
5	0	0	0	0	443	427	
6	0	0	0	0	433	422	
7	0	0	0	0	426	419	
8	0	0	0	0	428	425	
9	0	0	0	0	432	441	
10	0	0	0	0	440	457	
11	0	0	0	0	448	477	
12	0	0	0	0	454	497	
13	0	0	0	0	455	511	
14	0	0	0	0	455	524	
15	0	0	0	0	456	531	
0	0	0	0	0	460	534	
1	0	0	0	0	460	530	
2	0	0	0	0	459	522	
3	0	0	0	0	456	512	
4	0	0	0	0	454	503	
5	0	0	0	0	453	490	
6	0	0	0	0	455	473	
7	0	0	0	0	457	454	
8	0	0	0	0	461	441	
9	0	0	0	0	462	438	
10	0	0	0	0	467	439	
11	0	0	0	0	475	444	
12	0	0	0	0	475	449	
13	0	0	0	0	471	451	
14	0	0	0	0	469	454	
15	0	0	0	0	470	451	
0	0	0	0	0	471	446	
1	0	0	0	0	467	443	
2	0	0	0	0	461	449	
3	0	0	0	0	458	467	
4	0	0	0	0	460	494	
5	0	0	0	0	464	526	
6	0	0	0	0	472	557	
7	0	0	0	0	481	587	
8	0	0	0	0	492	618	
9	0	0	0	0	507	645	
10	0	0	0	0	519	668	
11	0	0	0	0	533	686	
12	0	0	0	0	545	692	
13	0	0	0	0	557	686	
14	0	0	0	0	566	673	
15	0	0	0	0	570	649	
0	0	0	0	0	565	615	
1	0	0	0	0	550	575	
2	0	0	0	0	531	534	
3	0	0	0	0	512	499	
4	0	0	0	0	494	470	
5	0	0	0	0	481	444	
6	0	0	0	0	467	424	
7	0	0	0	0	453	407	
8	0	0	0	0	438	396	
9	0	0	0	0	422	390	
10	0	0	0	0	414	391	
11	0	0	0	0	413	401	
12	0	0	0	0	414	415	
13	0	0	0	0	416	428	
14	0	0	0	0	418	438	
15	0	0	0	0	425	441	
0	0	0	0	0	428	445	
1	0	0	0	0	425	449	
2	0	0	0	0	415	453	
3	0	0	0	0	406	459	
4	0	0	0	0	399	468	
5	0	0	0	0	396	475	
6	0	0	0	0	396	484	
7	0	0	0	0	401	494	
8	0	0	0	0	406	499	
9	0	0	0	0	410	506	
10	0	0	0	0	411	521	
11	0	0	0	0	405	539	
12	0	0	0	0	401	556	
13	0	0	0	0	398	573	
14	0	0	0	0	394	581	
15	0	0	0	0	391	584	
0	0	0	0	0	387	581	
1	0	0	0	0	386	574	
2	0	0	0	0	387	575	
3	0	0	0	0	385	580	
4	0	0	0	0	380	591	
5	0	0	0	0	372	588	
6	0	0	0	0	368	579	
7	0	0	0	0	365	568	
8	0	0	0	0	366	556	
9	0	0	0	0	368	540	
10	0	0	0	0	372	524	
11	0	0	0	0	383	508	
12	0	0	0	0	400	500	
13	0	0	0	0	419	493	
14	0	0	0	0	441	492	
15	0	0	0	0	462	497	
0	0	0	0	0	480	503	
1	0	0	0	0	494	500	
2	0	0	0	0	504	487	
3	0	0	0	0	508	470	
4	0	0	0	0	506	451	
5	0	0	0	0	500	436	
6	0	0	0	0	496	416	
7	0	0	0	0	487	397	
8	0	0	0	0	472	376	
9	0	0	0	0	459	353	
10	0	0	0	0	451	339	
11	0	0	0	0	447	335	
12	0	0	0	0	447	342	
13	0	0	0	0	453	352	
14	0	0	0	0	456	368	
15	0	0	0	0	462	384	
0	0	0	0	0	468	402	
1	0	0	0	0	468	418	
2	0	0	0	0	466	432	
3	0	0	0	0	464	446	
4	0	0	0	0	463	465	
5	0	0	0	0	467	490	
6	0	0	0	0	468	509	
7	0	0	0	0	472	520	
8	0	0	0	0	471	523	
9	0	0	0	0	469	517	
10	0	0	0	0	465	506	
11	0	0	0	0	460	495	
12	0	0	0	0	450	484	
13	0	0	0	0	438	473	
14	0	0	0	0	427	460	
15	0	0	0	0	414	449	
0	0	0	0	0	403	440	
1	0	0	0	0	396	428	
2	0	0	0	0	395	413	
3	0	0	0	0	400	396	
4	0	0	0	0	412	379	
5	0	0	0	0	428	365	
6	0	0	0	0	441	355	
7	0	0	0	0	459	360	
8	0	0	0	0	474	376	
9	0	0	0	0	491	398	
10	0	0	0	0	505	429	
11	0	0	0	0	518	459	
12	0	0	0	0	529	484	
13	0	0	0	0	539	498	
14	0	0	0	0	537	501	
15	0	0	0	0	534	495	
0	0	0	0	0	528	480	
1	0	0	0	0	521	462	
2	0	0	0	0	511	445	
3	0	0	0	0	500	432	
4	0	0	0	0	491	425	
5	0	0	0	0	480	425	
6	0	0	0	0	472	430	
7	0	0	0	0	464	441	
8	0	0	0	0	457	456	
9	0	0	0	0	453	473	
10	0	0	0	0	451	493	
11	0	0	0	0	450	505	
12	0	0	0	0	449	516	
13	0	0	0	0	446	522	
14	0	0	0	0	440	524	
15	0	0	0	0	436	525	
0	0	0	0	0	435	530	
1	0	0	0	0	438	537	
2	0	0	0	0	444	544	
3	0	0	0	0	446	554	
4	0	0	0	0	447	569	
5	0	0	0	0	447	585	
6	0	0	0	0	448	597	
7	0	0	0	0	449	606	
8	0	0	0	0	454	609	
9	0	0	0	0	458	608	
10	0	0	0	0	455	600	
11	0	0	0	0	451	590	
12	0	0	0	0	447	568	
13	0	0	0	0	443	535	
14	0	0	0	0	439	497	
15	0	0	0	0	434	451	
0	0	0	0	0	427	412	
1	0	0	0	0	419	375	
2	0	0	0	0	412	344	
3	0	0	0	0	411	328	
4	0	0	0	0	409	328	
5	0	0	0	0	405	337	
6	0	0	0	0	403	351	
7	0	0	0	0	406	370	
8	0	0	0	0	418	389	
9	0	0	0	0	436	407	
10	0	0	0	0	451	424	
11	0	0	0	0	454	438	
12	0	0	0	0	457	451	
13	0	0	0	0	461	469	
14	0	0	0	0	465	493	
15	0	0	0	0	472	522	
0	0	0	0	0	476	551	
1	0	0	0	0	476	569	
2	0	0	0	0	473	577	
3	0	0	0	0	466	568	
4	0	0	0	0	454	546	
5	0	0	0	0	437	518	
6	0	0	0	0	420	494	
7	0	0	0	0	408	471	
8	0	0	0	0	399	452	
9	0	0	0	0	400	444	
10	0	0	0	0	404	443	
11	0	0	0	0	415	450	
12	0	0	0	0	430	457	
13	0	0	0	0	451	467	
14	0	0	0	0	479	475	
15	0	0	0	0	504	483	
0	0	0	0	0	520	490	
1	0	0	0	0	528	493	
2	0	0	0	0	521	490	
3	0	0	0	0	508	483	
4	0	0	0	0	490	475	
5	0	0	0	0	471	470	
6	0	0	0	0	450	473	
7	0	0	0	0	431	487	
8	0	0	0	0	417	505	
9	0	0	0	0	411	519	
10	0	0	0	0	404	530	
11	0	0	0	0	402	536	
12	0	0	0	0	399	536	
13	0	0	0	0	397	533	
14	0	0	0	0	396	521	
15	0	0	0	0	395	504	
0	0	0	0	0	400	491	
1	0	0	0	0	406	476	
2	0	0	0	0	412	468	
3	0	0	0	0	422	458	
4	0	0	0	0	437	443	
5	0	0	0	0	453	425	
6	0	0	0	0	468	410	
7	0	0	0	0	475	395	
8	0	0	0	0	474	385	
9	0	0	0	0	465	376	
10	0	0	0	0	452	368	
11	0	0	0	0	436	372	
12	0	0	0	0	423	381	
13	0	0	0	0	411	396	
14	0	0	0	0	406	411	
15	0	0	0	0	401	430	
0	0	0	0	0	394	448	
1	0	0	0	0	390	465	
2	0	0	0	0	387	481	
3	0	0	0	0	388	496	
4	0	0	0	0	397	514	
5	0	0	0	0	407	532	
6	0	0	0	0	421	547	
7	0	0	0	0	438	558	
8	0	0	0	0	454	568	
9	0	0	0	0	462	580	
10	0	0	0	0	463	595	
11	0	0	0	0	457	599	
12	0	0	0	0	444	594	
13	0	0	0	0	429	588	
14	0	0	0	0	414	583	
15	0	0	0	0	400	579	
0	0	0	0	0	389	568	
1	0	0	0	0	377	553	
2	0	0	0	0	366	539	
3	0	0	0	0	358	516	
4	0	0	0	0	357	494	
5	0	0	0	0	362	468	
6	0	0	0	0	371	444	
7	0	0	0	0	384	419	
8	0	0	0	0	403	400	
9	0	0	0	0	427	395	
10	0	0	0	0	448	400	
11	0	0	0	0	464	416	
12	0	0	0	0	471	435	
13	0	0	0	0	471	455	
14	0	0	0	0	461	472	
15	0	0	0	0	448	492	
0	0	0	0	0	430	507	
1	0	0	0	0	419	518	
2	0	0	0	0	417	524	
3	0	0	0	0	417	523	
4	0	0	0	0	418	519	
5	0	0	0	0	419	510	
6	0	0	0	0	420	500	
7	0	0	0	0	423	489	
8	0	0	0	0	423	480	
9	0	0	0	0	422	473	
10	0	0	0	0	420	472	
11	0	0	0	0	417	472	
12	0	0	0	0	417	476	
13	0	0	0	0	416	484	
14	0	0	0	0	419	496	
15	0	0	0	0	422	513	
0	0	0	0	0	426	536	
1	0	0	0	0	433	560	
2	0	0	0	0	440	579	
3	0	0	0	0	446	591	
4	0	0	0	0	455	597	
5	0	0	0	0	473	603	
6	0	0	0	0	494	610	
7	0	0	0	0	509	612	
8	0	0	0	0	516	607	
9	0	0	0	0	519	594	
10	0	0	0	0	513	579	
11	0	0	0	0	499	558	
12	0	0	0	0	479	532	
13	0	0	0	0	454	505	
14	0	0	0	0	429	481	
15	0	0	0	0	408	471	
0	0	0	0	0	390	470	
1	0	0	0	0	378	472	
2	0	0	0	0	377	482	
3	0	0	0	0	381	500	
4	0	0	0	0	386	520	
5	0	0	0	0	391	544	
6	0	0	0	0	396	560	
7	0	0	0	0	398	561	
8	0	0	0	0	393	553	
9	0	0	0	0	387	540	
10	0	0	0	0	386	529	
11	0	0	0	0	385	517	
12	0	0	0	0	387	504	
13	0	0	0	0	392	492	
14	0	0	0	0	398	487	
15	0	0	0	0	400	490	
0	0	0	0	0	402	499	
1	0	0	0	0	404	513	
2	0	0	0	0	410	531	
3	0	0	0	0	415	539	
4	0	0	0	0	413	542	
5	0	0	0	0	411	538	
6	0	0	0	0	413	534	
7	0	0	0	0	419	527	
8	0	0	0	0	435	520	
9	0	0	0	0	457	514	
10	0	0	0	0	471	511	
11	0	0	0	0	479	515	
12	0	0	0	0	481	522	
13	0	0	0	0	480	534	
14	0	0	0	0	475	543	
15	0	0	0	0	474	552	
0	0	0	0	0	477	559	
1	0	0	0	0	481	563	
2	0	0	0	0	483	566	
3	0	0	0	0	485	573	
4	0	0	0	0	487	577	
5	0	0	0	0	484	577	
6	0	0	0	0	482	572	
7	0	0	0	0	476	566	
8	0	0	0	0	471	563	
9	0	0	0	0	470	560	
10	0	0	0	0	472	560	
11	0	0	0	0	473	561	
12	0	0	0	0	477	566	
13	0	0	0	0	478	568	
14	0	0	0	0	476	569	
15	0	0	0	0	469	565	
0	0	0	0	0	463	557	
1	0	0	0	0	459	543	
2	0	0	0	0	457	524	
3	0	0	0	0	458	507	
4	0	0	0	0	462	491	
5	0	0	0	0	470	478	
6	0	0	0	0	475	472	
7	0	0	0	0	486	470	
8	0	0	0	0	501	475	
9	0	0	0	0	510	487	
10	0	0	0	0	510	498	
11	0	0	0	0	506	515	
12	0	0	0	0	498	540	
13	0	0	0	0	484	569	
14	0	0	0	0	474	602	
15	0	0	0	0	461	635	
0	0	0	0	0	444	659	
1	0	0	0	0	423	672	
2	0	0	0	0	402	668	
3	0	0	0	0	385	649	
4	0	0	0	0	382	620	
5	0	0	0	0	387	586	
6	0	0	0	0	397	555	
7	0	0	0	0	411	526	
8	0	0	0	0	425	503	
9	0	0	0	0	438	488	
10	0	0	0	0	450	477	
11	0	0	0	0	459	472	
12	0	0	0	0	463	466	
13	0	0	0	0	466	457	
14	0	0	0	0	468	449	
15	0	0	0	0	464	435	
0	0	0	0	0	462	420	
1	0	0	0	0	461	413	
2	0	0	0	0	460	414	
3	0	0	0	0	460	420	
4	0	0	0	0	457	433	
5	0	0	0	0	461	455	
6	0	0	0	0	466	483	
7	0	0	0	0	474	505	
8	0	0	0	0	480	516	
9	0	0	0	0	482	521	
10	0	0	0	0	484	523	
11	0	0	0	0	487	521	
12	0	0	0	0	486	515	
13	0	0	0	0	483	509	
14	0	0	0	0	480	499	
15	0	0	0	0	475	495	
0	0	0	0	0	465	492	
1	0	0	0	0	454	492	
2	0	0	0	0	443	499	
3	0	0	0	0	434	513	
4	0	0	0	0	432	529	
5	0	0	0	0	433	537	
6	0	0	0	0	429	538	
7	0	0	0	0	420	531	
8	0	0	0	0	412	512	
9	0	0	0	0	403	487	
10	0	0	0	0	399	466	
11	0	0	0	0	400	455	
12	0	0	0	0	403	450	
13	0	0	0	0	408	455	
14	0	0	0	0	411	460	
15	0	0	0	0	412	461	
0	0	0	0	0	409	461	
1	0	0	0	0	407	459	
2	0	0	0	0	412	457	
3	0	0	0	0	424	463	
4	0	0	0	0	440	473	
5	0	0	0	0	454	482	
6	0	0	0	0	470	492	
7	0	0	0	0	483	499	
8	0	0	0	0	491	509	
9	0	0	0	0	491	517	
10	0	0	0	0	489	524	
11	0	0	0	0	493	527	
12	0	0	0	0	493	531	
13	0	0	0	0	491	534	
14	0	0	0	0	489	530	
15	0	0	0	0	489	521	
0	0	0	0	0	488	504	
1	0	0	0	0	491	486	
2	0	0	0	0	492	476	
3	0	0	0	0	491	470	
4	0	0	0	0	485	466	
5	0	0	0	0	475	465	
6	0	0	0	0	463	465	
7	0	0	0	0	447	470	
8	0	0	0	0	434	481	
9	0	0	0	0	424	496	
10	0	0	0	0	421	511	
11	0	0	0	0	421	519	
12	0	0	0	0	420	527	
13	0	0	0	0	413	529	
14	0	0	0	0	406	528	
15	0	0	0	0	407	531	
0	0	0	0	0	415	536	
1	0	0	0	0	421	543	
2	0	0	0	0	426	545	
3	0	0	0	0	432	544	
4	0	0	0	0	441	546	
5	0	0	0	0	452	549	
6	0	0	0	0	460	549	
7	0	0	0	0	466	553	
8	0	0	0	0	476	558	
9	0	0	0	0	483	565	
10	0	0	0	0	487	566	
11	0	0	0	0	489	571	
12	0	0	0	0	488	575	
13	0	0	0	0	487	570	
14	0	0	0	0	486	568	
15	0	0	0	0	487	560	
0	0	0	0	0	487	554	
1	0	0	0	0	486	554	
2	0	0	0	0	487	551	
3	0	0	0	0	489	540	
4	0	0	0	0	495	522	
5	0	0	0	0	501	502	
6	0	0	0	0	504	486	
7	0	0	0	0	505	479	
8	0	0	0	0	503	476	
9	0	0	0	0	503	478	
10	0	0	0	0	507	484	
11	0	0	0	0	508	488	
12	0	0	0	0	507	495	
13	0	0	0	0	505	501	
14	0	0	0	0	504	505	
15	0	0	0	0	504	511	
0	0	0	0	0	503	513	
1	0	0	0	0	500	517	
2	0	0	0	0	499	523	
3	0	0	0	0	503	532	
4	0	0	0	0	509	548	
5	0	0	0	0	519	563	
6	0	0	0	0	531	578	
7	0	0	0	0	540	582	
8	0	0	0	0	545	575	
9	0	0	0	0	543	575	
10	0	0	0	0	539	582	
11	0	0	0	0	529	592	
12	0	0	0	0	516	598	
13	0	0	0	0	504	593	
14	0	0	0	0	491	580	
15	0	0	0	0	478	561	
0	0	0	0	0	467	543	
1	0	0	0	0	464	527	
2	0	0	0	0	467	515	
3	0	0	0	0	475	510	
4	0	0	0	0	478	504	
5	0	0	0	0	484	500	
6	0	0	0	0	494	498	
7	0	0	0	0	505	499	
8	0	0	0	0	516	503	
9	0	0	0	0	521	512	
10	0	0	0	0	520	518	
11	0	0	0	0	516	530	
12	0	0	0	0	508	540	
13	0	0	0	0	502	545	
14	0	0	0	0	497	545	
15	0	0	0	0	501	544	
0	0	0	0	0	506	543	
1	0	0	0	0	515	542	
2	0	0	0	0	524	537	
3	0	0	0	0	531	533	
4	0	0	0	0	536	527	
5	0	0	0	0	540	524	
6	0	0	0	0	543	521	
7	0	0	0	0	552	518	
8	0	0	0	0	561	516	
9	0	0	0	0	569	512	
10	0	0	0	0	568	508	
11	0	0	0	0	561	503	
12	0	0	0	0	555	496	
13	0	0	0	0	552	492	
14	0	0	0	0	551	488	
15	0	0	0	0	552	493	
0	0	0	0	0	555	507	
1	0	0	0	0	553	526	
2	0	0	0	0	552	543	
3	0	0	0	0	551	560	
4	0	0	0	0	552	571	
5	0	0	0	0	555	580	
6	0	0	0	0	556	582	
7	0	0	0	0	558	577	
8	0	0	0	0	561	568	
9	0	0	0	0	563	555	
10	0	0	0	0	563	544	
11	0	0	0	0	563	539	
12	0	0	0	0	561	538	
13	0	0	0	0	556	536	
14	0	0	0	0	549	536	
15	0	0	0	0	543	532	
0	0	0	0	0	538	524	
1	0	0	0	0	537	511	
2	0	0	0	0	537	497	
3	0	0	0	0	538	480	
4	0	0	0	0	541	461	
5	0	0	0	0	541	451	
6	0	0	0	0	540	451	
7	0	0	0	0	538	457	
8	0	0	0	0	542	462	
9	0	0	0	0	551	474	
10	0	0	0	0	561	492	
11	0	0	0	0	566	508	
12	0	0	0	0	570	527	
13	0	0	0	0	570	541	
14	0	0	0	0	563	545	
15	0	0	0	0	558	544	
0	0	0	0	0	554	542	
1	0	0	0	0	551	538	
2	0	0	0	0	547	534	
3	0	0	0	0	545	530	
4	0	0	0	0	547	530	
5	0	0	0	0	547	527	
6	0	0	0	0	549	519	
7	0	0	0	0	552	505	
8	0	0	0	0	556	487	
9	0	0	0	0	562	463	
10	0	0	0	0	569	438	
11	0	0	0	0	577	413	
12	0	0	0	0	587	397	
13	0	0	0	0	592	392	
14	0	0	0	0	591	396	
15	0	0	0	0	586	415	
0	0	0	0	0	576	444	
1	0	0	0	0	568	473	
2	0	0	0	0	564	500	
3	0	0	0	0	571	519	
4	0	0	0	0	582	534	
5	0	0	0	0	585	542	
6	0	0	0	0	588	546	
7	0	0	0	0	588	544	
8	0	0	0	0	591	540	
9	0	0	0	0	593	532	
10	0	0	0	0	600	532	
11	0	0	0	0	604	528	
12	0	0	0	0	604	522	
13	0	0	0	0	600	515	
14	0	0	0	0	589	512	
15	0	0	0	0	573	510	
0	0	0	0	0	558	513	
1	0	0	0	0	543	520	
2	0	0	0	0	531	521	
3	0	0	0	0	526	519	
4	0	0	0	0	524	511	
5	0	0	0	0	527	497	
6	0	0	0	0	525	489	
7	0	0	0	0	527	489	
8	0	0	0	0	532	492	
9	0	0	0	0	535	499	
10	0	0	0	0	538	503	
11	0	0	0	0	543	501	
12	0	0	0	0	551	500	
13	0	0	0	0	561	498	
14	0	0	0	0	580	504	
15	0	0	0	0	606	512	
0	0	0	0	0	635	529	
1	0	0	0	0	660	553	
2	0	0	0	0	676	581	
3	0	0	0	0	689	608	
4	0	0	0	0	697	627	
5	0	0	0	0	702	633	
6	0	0	0	0	700	627	
7	0	0	0	0	688	604	
8	0	0	0	0	667	575	
9	0	0	0	0	644	538	
10	0	0	0	0	622	497	
11	0	0	0	0	599	456	
12	0	0	0	0	577	416	
13	0	0	0	0	559	390	
14	0	0	0	0	545	372	
15	0	0	0	0	538	360	
0	0	0	0	0	539	356	
1	0	0	0	0	545	355	
2	0	0	0	0	558	359	
3	0	0	0	0	567	370	
4	0	0	0	0	573	381	
5	0	0	0	0	578	397	
6	0	0	0	0	583	419	
7	0	0	0	0	584	447	
8	0	0	0	0	583	473	
9	0	0	0	0	583	497	
10	0	0	0	0	587	516	
11	0	0	0	0	598	529	
12	0	0	0	0	607	537	
13	0	0	0	0	615	542	
14	0	0	0	0	620	546	
15	0	0	0	0	626	549	
0	0	0	0	0	628	548	
1	0	0	0	0	629	546	
2	0	0	0	0	627	543	
3	0	0	0	0	623	541	
4	0	0	0	0	620	546	
5	0	0	0	0	619	556	
6	0	0	0	0	619	564	
7	0	0	0	0	615	565	
8	0	0	0	0	609	558	
9	0	0	0	0	599	544	
10	0	0	0	0	587	533	
11	0	0	0	0	575	520	
12	0	0	0	0	566	509	
13	0	0	0	0	564	496	
14	0	0	0	0	568	480	
15	0	0	0	0	573	468	
0	0	0	0	0	579	464	
1	0	0	0	0	584	461	
2	0	0	0	0	589	462	
3	0	0	0	0	593	464	
4	0	0	0	0	597	472	
5	0	0	0	0	601	480	
6	0	0	0	0	605	493	
7	0	0	0	0	608	502	
8	0	0	0	0	611	513	
9	0	0	0	0	611	521	
10	0	0	0	0	610	524	
11	0	0	0	0	602	519	
12	0	0	0	0	598	513	
13	0	0	0	0	599	513	
14	0	0	0	0	598	516	
15	0	0	0	0	599	527	
0	0	0	0	0	603	536	
1	0	0	0	0	607	540	
2	0	0	0	0	610	532	
3	0	0	0	0	614	513	
4	0	0	0	0	619	495	
5	0	0	0	0	624	477	
6	0	0	0	0	622	467	
7	0	0	0	0	621	464	
8	0	0	0	0	618	464	
9	0	0	0	0	617	481	
10	0	0	0	0	617	501	
11	0	0	0	0	618	520	
12	0	0	0	0	622	535	
13	0	0	0	0	624	543	
14	0	0	0	0	624	542	
15	0	0	0	0	623	538	
0	0	0	0	0	623	528	
1	0	0	0	0	618	519	
2	0	0	0	0	609	504	
3	0	0	0	0	601	492	
4	0	0	0	0	597	481	
5	0	0	0	0	591	472	
6	0	0	0	0	586	461	
7	0	0	0	0	580	453	
8	0	0	0	0	575	446	
9	0	0	0	0	567	442	
10	0	0	0	0	560	439	
11	0	0	0	0	551	439	
12	0	0	0	0	541	442	
13	0	0	0	0	535	445	
14	0	0	0	0	537	455	
15	0	0	0	0	543	473	
0	0	0	0	0	555	499	
1	0	0	0	0	569	527	
2	0	0	0	0	585	556	
3	0	0	0	0	593	581	
4	0	0	0	0	597	601	
5	0	0	0	0	596	609	
6	0	0	0	0	595	610	
7	0	0	0	0	592	606	
8	0	0	0	0	591	604	
9	0	0	0	0	589	596	
10	0	0	0	0	590	586	
11	0	0	0	0	593	568	
12	0	0	0	0	591	548	
13	0	0	0	0	579	524	
14	0	0	0	0	568	500	
15	0	0	0	0	561	486	
0	0	0	0	0	558	477	
1	0	0	0	0	562	472	
2	0	0	0	0	571	474	
3	0	0	0	0	582	480	
4	0	0	0	0	597	485	
5	0	0	0	0	610	492	
6	0	0	0	0	620	505	
7	0	0	0	0	625	527	
8	0	0	0	0	622	545	
9	0	0	0	0	615	562	
10	0	0	0	0	605	567	
11	0	0	0	0	594	561	
12	0	0	0	0	583	542	
13	0	0	0	0	573	508	
14	0	0	0	0	565	476	
15	0	0	0	0	561	452	
0	0	0	0	0	563	442	
1	0	0	0	0	568	447	
2	0	0	0	0	573	460	
3	0	0	0	0	575	477	
4	0	0	0	0	575	497	
5	0	0	0	0	573	510	
6	0	0	0	0	575	519	
7	0	0	0	0	583	526	
8	0	0	0	0	591	527	
9	0	0	0	0	599	528	
10	0	0	0	0	600	520	
11	0	0	0	0	594	507	
12	0	0	0	0	588	499	
13	0	0	0	0	587	498	
14	0	0	0	0	587	498	
15	0	0	0	0	589	497	
0	0	0	0	0	591	501	
1	0	0	0	0	589	508	
2	0	0	0	0	588	512	
3	0	0	0	0	584	516	
4	0	0	0	0	577	518	
5	0	0	0	0	574	522	
6	0	0	0	0	575	528	
7	0	0	0	0	577	529	
8	0	0	0	0	578	526	
9	0	0	0	0	581	525	
10	0	0	0	0	585	528	
11	0	0	0	0	587	527	
12	0	0	0	0	585	526	
13	0	0	0	0	583	524	
14	0	0	0	0	580	519	
15	0	0	0	0	572	514	
0	0	0	0	0	562	510	
1	0	0	0	0	551	506	
2	0	0	0	0	539	506	
3	0	0	0	0	533	508	
4	0	0	0	0	536	513	
5	0	0	0	0	547	523	
6	0	0	0	0	560	539	
7	0	0	0	0	571	551	
8	0	0	0	0	585	559	
9	0	0	0	0	596	563	
10	0	0	0	0	607	564	
11	0	0	0	0	613	565	
12	0	0	0	0	615	567	
13	0	0	0	0	615	570	
14	0	0	0	0	613	572	
15	0	0	0	0	613	568	
0	0	0	0	0	613	562	
1	0	0	0	0	615	559	
2	0	0	0	0	622	560	
3	0	0	0	0	625	560	
4	0	0	0	0	621	559	
5	0	0	0	0	612	545	
6	0	0	0	0	607	524	
7	0	0	0	0	608	501	
8	0	0	0	0	609	482	
9	0	0	0	0	608	463	
10	0	0	0	0	604	452	
11	0	0	0	0	594	444	
12	0	0	0	0	583	439	
13	0	0	0	0	574	434	
14	0	0	0	0	570	433	
15	0	0	0	0	570	438	
0	0	0	0	0	574	448	
1	0	0	0	0	584	455	
2	0	0	0	0	595	461	
3	0	0	0	0	600	469	
4	0	0	0	0	603	483	
5	0	0	0	0	604	498	
6	0	0	0	0	603	514	
7	0	0	0	0	597	526	
8	0	0	0	0	593	530	
9	0	0	0	0	591	531	
10	0	0	0	0	588	529	
11	0	0	0	0	579	527	
12	0	0	0	0	575	527	
13	0	0	0	0	572	531	
14	0	0	0	0	568	543	
15	0	0	0	0	560	562	
0	0	0	0	0	554	578	
1	0	0	0	0	550	599	
2	0	0	0	0	547	615	
3	0	0	0	0	547	623	
4	0	0	0	0	547	623	
5	0	0	0	0	543	614	
6	0	0	0	0	536	596	
7	0	0	0	0	532	580	
8	0	0	0	0	531	565	
9	0	0	0	0	535	556	
10	0	0	0	0	542	548	
11	0	0	0	0	552	541	
12	0	0	0	0	563	536	
13	0	0	0	0	577	532	
14	0	0	0	0	591	536	
15	0	0	0	0	600	543	
0	0	0	0	0	609	549	
1	0	0	0	0	615	551	
2	0	0	0	0	615	551	
3	0	0	0	0	612	550	
4	0	0	0	0	606	544	
5	0	0	0	0	595	537	
6	0	0	0	0	582	532	
7	0	0	0	0	571	530	
8	0	0	0	0	562	534	
9	0	0	0	0	552	542	
10	0	0	0	0	543	555	
11	0	0	0	0	527	567	
12	0	0	0	0	516	574	
13	0	0	0	0	513	580	
14	0	0	0	0	519	591	
15	0	0	0	0	526	600	
0	0	0	0	0	532	603	
1	0	0	0	0	531	590	
2	0	0	0	0	526	568	
3	0	0	0	0	521	544	
4	0	0	0	0	518	527	
5	0	0	0	0	515	514	
6	0	0	0	0	515	505	
7	0	0	0	0	515	493	
8	0	0	0	0	515	475	
9	0	0	0	0	513	464	
10	0	0	0	0	513	464	
11	0	0	0	0	514	469	
12	0	0	0	0	511	477	
13	0	0	0	0	505	489	
14	0	0	0	0	502	500	
15	0	0	0	0	501	511	
0	0	0	0	0	502	527	
1	0	0	0	0	505	551	
2	0	0	0	0	508	579	
3	0	0	0	0	514	601	
4	0	0	0	0	513	611	
5	0	0	0	0	510	613	
6	0	0	0	0	516	610	
7	0	0	0	0	527	601	
8	0	0	0	0	535	588	
9	0	0	0	0	539	572	
10	0	0	0	0	541	554	
11	0	0	0	0	543	535	
12	0	0	0	0	542	521	
13	0	0	0	0	537	519	
14	0	0	0	0	533	527	
15	0	0	0	0	533	542	
0	0	0	0	0	531	557	
1	0	0	0	0	534	574	
2	0	0	0	0	532	588	
3	0	0	0	0	529	600	
4	0	0	0	0	527	604	
5	0	0	0	0	522	595	
6	0	0	0	0	512	573	
7	0	0	0	0	500	547	
8	0	0	0	0	491	521	
9	0	0	0	0	484	499	
10	0	0	0	0	480	489	
11	0	0	0	0	476	488	
12	0	0	0	0	473	494	
13	0	0	0	0	476	503	
14	0	0	0	0	484	511	
15	0	0	0	0	495	516	
0	0	0	0	0	513	524	
1	0	0	0	0	535	536	
2	0	0	0	0	553	545	
3	0	0	0	0	563	551	
4	0	0	0	0	569	556	
5	0	0	0	0	569	555	
6	0	0	0	0	564	551	
7	0	0	0	0	559	553	
8	0	0	0	0	548	552	
9	0	0	0	0	535	547	
10	0	0	0	0	520	540	
11	0	0	0	0	511	535	
12	0	0	0	0	502	536	
13	0	0	0	0	491	542	
14	0	0	0	0	480	552	
15	0	0	0	0	472	566	
0	0	0	0	0	465	583	
1	0	0	0	0	461	603	
2	0	0	0	0	459	624	
3	0	0	0	0	459	640	
4	0	0	0	0	460	648	
5	0	0	0	0	464	648	
6	0	0	0	0	467	647	
7	0	0	0	0	463	641	
8	0	0	0	0	458	626	
9	0	0	0	0	455	604	
10	0	0	0	0	455	575	
11	0	0	0	0	455	550	
12	0	0	0	0	453	529	
13	0	0	0	0	447	516	
14	0	0	0	0	443	519	
15	0	0	0	0	441	530	
0	0	0	0	0	446	551	
1	0	0	0	0	452	577	
2	0	0	0	0	461	593	
3	0	0	0	0	478	607	
4	0	0	0	0	491	617	
5	0	0	0	0	498	623	
6	0	0	0	0	502	623	
7	0	0	0	0	505	614	
8	0	0	0	0	507	603	
9	0	0	0	0	508	596	
10	0	0	0	0	506	589	
11	0	0	0	0	504	587	
12	0	0	0	0	503	589	
13	0	0	0	0	508	593	
14	0	0	0	0	522	599	
15	0	0	0	0	537	601	
0	0	0	0	0	552	596	
1	0	0	0	0	562	586	
2	0	0	0	0	568	575	
3	0	0	0	0	571	558	
4	0	0	0	0	568	543	
5	0	0	0	0	560	523	
6	0	0	0	0	553	506	
7	0	0	0	0	550	489	
8	0	0	0	0	551	478	
9	0	0	0	0	555	470	
10	0	0	0	0	562	462	
11	0	0	0	0	568	453	
12	0	0	0	0	571	455	
13	0	0	0	0	567	464	
14	0	0	0	0	562	480	
15	0	0	0	0	560	502	
0	0	0	0	0	556	521	
1	0	0	0	0	550	531	
2	0	0	0	0	547	541	
3	0	0	0	0	544	546	
4	0	0	0	0	542	547	
5	0	0	0	0	540	545	
6	0	0	0	0	544	547	
7	0	0	0	0	554	552	
8	0	0	0	0	567	560	
9	0	0	0	0	576	567	
10	0	0	0	0	588	575	
11	0	0	0	0	599	583	
12	0	0	0	0	608	590	
13	0	0	0	0	610	596	
14	0	0	0	0	612	602	
15	0	0	0	0	611	602	
0	0	0	0	0	608	593	
1	0	0	0	0	598	579	
2	0	0	0	0	582	563	
3	0	0	0	0	569	553	
4	0	0	0	0	556	545	
5	0	0	0	0	543	536	
6	0	0	0	0	529	529	
7	0	0	0	0	524	524	
8	0	0	0	0	519	524	
9	0	0	0	0	518	532	
10	0	0	0	0	523	543	
11	0	0	0	0	526	555	
12	0	0	0	0	528	569	
13	0	0	0	0	531	576	
14	0	0	0	0	531	574	
15	0	0	0	0	530	564	
0	0	0	0	0	531	547	
1	0	0	0	0	537	524	
2	0	0	0	0	546	499	
3	0	0	0	0	556	476	
4	0	0	0	0	566	455	
5	0	0	0	0	580	448	
6	0	0	0	0	595	450	
7	0	0	0	0	601	457	
8	0	0	0	0	600	470	
9	0	0	0	0	598	486	
10	0	0	0	0	593	504	
11	0	0	0	0	591	522	
12	0	0	0	0	588	539	
13	0	0	0	0	588	556	
14	0	0	0	0	584	572	
15	0	0	0	0	581	586	
0	0	0	0	0	575	591	
1	0	0	0	0	568	588	
2	0	0	0	0	558	579	
3	0	0	0	0	542	568	
4	0	0	0	0	529	556	
5	0	0	0	0	519	540	
6	0	0	0	0	505	524	
7	0	0	0	0	493	510	
8	0	0	0	0	484	502	
9	0	0	0	0	476	501	
10	0	0	0	0	472	508	
11	0	0	0	0	475	524	
12	0	0	0	0	481	545	
13	0	0	0	0	485	563	
14	0	0	0	0	484	575	
15	0	0	0	0	486	584	
0	0	0	0	0	488	589	
1	0	0	0	0	486	587	
2	0	0	0	0	480	584	
3	0	0	0	0	477	587	
4	0	0	0	0	474	592	
5	0	0	0	0	472	596	
6	0	0	0	0	473	601	
7	0	0	0	0	478	604	
8	0	0	0	0	488	607	
9	0	0	0	0	499	603	
10	0	0	0	0	510	591	
11	0	0	0	0	521	575	
12	0	0	0	0	527	560	
13	0	0	0	0	530	550	
14	0	0	0	0	529	541	
15	0	0	0	0	524	533	
0	0	0	0	0	519	526	
1	0	0	0	0	513	521	
2	0	0	0	0	510	519	
3	0	0	0	0	508	517	
4	0	0	0	0	508	520	
5	0	0	0	0	508	522	
6	0	0	0	0	504	520	
7	0	0	0	0	499	519	
8	0	0	0	0	492	516	
9	0	0	0	0	484	518	
10	0	0	0	0	483	521	
11	0	0	0	0	488	534	
12	0	0	0	0	496	554	
13	0	0	0	0	508	569	
14	0	0	0	0	520	579	
15	0	0	0	0	529	580	
0	0	0	0	0	532	575	
1	0	0	0	0	532	568	
2	0	0	0	0	536	563	
3	0	0	0	0	546	563	
4	0	0	0	0	554	563	
5	0	0	0	0	559	558	
6	0	0	0	0	563	554	
7	0	0	0	0	561	547	
8	0	0	0	0	557	535	
9	0	0	0	0	549	522	
10	0	0	0	0	538	510	
11	0	0	0	0	525	498	
12	0	0	0	0	510	487	
13	0	0	0	0	504	472	
14	0	0	0	0	504	460	
15	0	0	0	0	508	450	
0	0	0	0	0	510	440	
1	0	0	0	0	511	430	
2	0	0	0	0	516	428	
3	0	0	0	0	524	435	
4	0	0	0	0	532	446	
5	0	0	0	0	535	457	
6	0	0	0	0	535	476	
7	0	0	0	0	529	491	
8	0	0	0	0	524	505	
9	0	0	0	0	519	517	
10	0	0	0	0	517	522	
11	0	0	0	0	518	527	
12	0	0	0	0	520	526	
13	0	0	0	0	527	524	
14	0	0	0	0	540	523	
15	0	0	0	0	554	523	
0	0	0	0	0	568	526	
1	0	0	0	0	573	531	
2	0	0	0	0	576	533	
3	0	0	0	0	575	536	
4	0	0	0	0	564	543	
5	0	0	0	0	557	547	
6	0	0	0	0	551	555	
7	0	0	0	0	544	556	
8	0	0	0	0	539	552	
9	0	0	0	0	534	547	
10	0	0	0	0	530	540	
11	0	0	0	0	528	530	
12	0	0	0	0	527	519	
13	0	0	0	0	528	515	
14	0	0	0	0	530	519	
15	0	0	0	0	531	526	
0	0	0	0	0	534	533	
1	0	0	0	0	535	543	
2	0	0	0	0	533	553	
3	0	0	0	0	533	569	
4	0	0	0	0	536	585	
5	0	0	0	0	541	592	
6	0	0	0	0	547	590	
7	0	0	0	0	550	574	
8	0	0	0	0	550	555	
9	0	0	0	0	551	536	
10	0	0	0	0	551	522	
11	0	0	0	0	544	511	
12	0	0	0	0	534	503	
13	0	0	0	0	527	497	
14	0	0	0	0	528	492	
15	0	0	0	0	532	494	
0	0	0	0	0	543	502	
1	0	0	0	0	551	513	
2	0	0	0	0	558	529	
3	0	0	0	0	563	540	
4	0	0	0	0	566	550	
5	0	0	0	0	564	557	
6	0	0	0	0	557	561	
7	0	0	0	0	548	566	
8	0	0	0	0	539	563	
9	0	0	0	0	533	560	
10	0	0	0	0	527	553	
11	0	0	0	0	524	541	
12	0	0	0	0	520	525	
13	0	0	0	0	522	514	
14	0	0	0	0	527	512	
15	0	0	0	0	536	516	
0	0	0	0	0	542	519	
1	0	0	0	0	548	521	
2	0	0	0	0	555	514	
3	0	0	0	0	560	504	
4	0	0	0	0	564	490	
5	0	0	0	0	569	471	
6	0	0	0	0	572	453	
7	0	0	0	0	575	440	
8	0	0	0	0	575	431	
9	0	0	0	0	572	428	
10	0	0	0	0	566	429	
11	0	0	0	0	559	435	
12	0	0	0	0	551	440	
13	0	0	0	0	542	444	
14	0	0	0	0	536	446	
15	0	0	0	0	527	442	
0	0	0	0	0	515	439	
1	0	0	0	0	506	439	
2	0	0	0	0	508	446	
3	0	0	0	0	515	460	
4	0	0	0	0	527	484	
5	0	0	0	0	535	515	
6	0	0	0	0	538	548	
7	0	0	0	0	542	569	
8	0	0	0	0	542	579	
9	0	0	0	0	545	586	
10	0	0	0	0	547	589	
11	0	0	0	0	551	586	
12	0	0	0	0	558	584	
13	0	0	0	0	568	583	
14	0	0	0	0	580	572	
15	0	0	0	0	592	554	
0	0	0	0	0	601	528	
1	0	0	0	0	600	505	
2	0	0	0	0	591	484	
3	0	0	0	0	579	477	
4	0	0	0	0	571	485	
5	0	0	0	0	571	502	
6	0	0	0	0	574	522	
7	0	0	0	0	579	539	
8	0	0	0	0	579	547	
9	0	0	0	0	574	546	
10	0	0	0	0	561	537	
11	0	0	0	0	547	523	
12	0	0	0	0	534	513	
13	0	0	0	0	526	505	
14	0	0	0	0	521	497	
15	0	0	0	0	514	492	
0	0	0	0	0	505	485	
1	0	0	0	0	500	482	
2	0	0	0	0	504	483	
3	0	0	0	0	508	488	
4	0	0	0	0	509	495	
5	0	0	0	0	509	499	
6	0	0	0	0	507	499	
7	0	0	0	0	504	502	
8	0	0	0	0	502	511	
9	0	0	0	0	500	519	
10	0	0	0	0	496	525	
11	0	0	0	0	500	531	
12	0	0	0	0	510	536	
13	0	0	0	0	516	538	
14	0	0	0	0	515	541	
15	0	0	0	0	511	545	
0	0	0	0	0	506	546	
1	0	0	0	0	499	543	
2	0	0	0	0	489	531	
3	0	0	0	0	484	520	
4	0	0	0	0	482	514	
5	0	0	0	0	483	512	
6	0	0	0	0	484	508	
7	0	0	0	0	487	502	
8	0	0	0	0	493	494	
9	0	0	0	0	498	483	
10	0	0	0	0	502	468	
11	0	0	0	0	505	454	
12	0	0	0	0	510	443	
13	0	0	0	0	511	434	
14	0	0	0	0	508	434	
15	0	0	0	0	503	441	
0	0	0	0	0	497	454	
1	0	0	0	0	497	467	
2	0	0	0	0	502	481	
3	0	0	0	0	506	496	
4	0	0	0	0	511	510	
5	0	0	0	0	514	521	
6	0	0	0	0	512	524	
7	0	0	0	0	512	526	
8	0	0	0	0	515	529	
9	0	0	0	0	515	532	
10	0	0	0	0	517	534	
11	0	0	0	0	519	533	
12	0	0	0	0	518	529	
13	0	0	0	0	519	527	
14	0	0	0	0	523	526	
15	0	0	0	0	529	523	
0	0	0	0	0	537	518	
1	0	0	0	0	542	515	
2	0	0	0	0	545	520	
3	0	0	0	0	549	529	
4	0	0	0	0	552	541	
5	0	0	0	0	551	549	
6	0	0	0	0	543	548	
7	0	0	0	0	533	540	
8	0	0	0	0	525	529	
9	0	0	0	0	515	521	
10	0	0	0	0	511	514	
11	0	0	0	0	512	511	
12	0	0	0	0	515	511	
13	0	0	0	0	517	509	
14	0	0	0	0	519	507	
15	0	0	0	0	524	514	
0	0	0	0	0	528	526	
1	0	0	0	0	534	540	
2	0	0	0	0	537	548	
3	0	0	0	0	538	550	
4	0	0	0	0	542	551	
5	0	0	0	0	549	548	
6	0	0	0	0	555	547	
7	0	0	0	0	558	545	
8	0	0	0	0	561	540	
9	0	0	0	0	562	530	
10	0	0	0	0	560	514	
11	0	0	0	0	554	495	
12	0	0	0	0	548	476	
13	0	0	0	0	542	463	
14	0	0	0	0	538	463	
15	0	0	0	0	536	469	
0	0	0	0	0	534	477	
1	0	0	0	0	536	487	
2	0	0	0	0	538	499	
3	0	0	0	0	537	514	
4	0	0	0	0	538	532	
5	0	0	0	0	540	549	
6	0	0	0	0	543	560	
7	0	0	0	0	549	570	
8	0	0	0	0	558	578	
9	0	0	0	0	569	585	
10	0	0	0	0	575	595	
11	0	0	0	0	575	614	
12	0	0	0	0	573	635	
13	0	0	0	0	576	650	
14	0	0	0	0	581	655	
15	0	0	0	0	586	651	
0	0	0	0	0	587	647	
1	0	0	0	0	588	631	
2	0	0	0	0	590	606	
3	0	0	0	0	591	576	
4	0	0	0	0	591	553	
5	0	0	0	0	588	544	
6	0	0	0	0	582	545	
7	0	0	0	0	571	548	
8	0	0	0	0	562	557	
9	0	0	0	0	556	568	
10	0	0	0	0	556	574	
11	0	0	0	0	561	574	
12	0	0	0	0	568	562	
13	0	0	0	0	568	545	
14	0	0	0	0	569	524	
15	0	0	0	0	575	506	
0	0	0	0	0	582	484	
1	0	0	0	0	579	461	
2	0	0	0	0	570	442	
3	0	0	0	0	555	428	
4	0	0	0	0	540	423	
5	0	0	0	0	531	423	
6	0	0	0	0	529	428	
7	0	0	0	0	526	433	
8	0	0	0	0	524	436	
9	0	0	0	0	525	438	
10	0	0	0	0	529	440	
11	0	0	0	0	533	440	
12	0	0	0	0	537	440	
13	0	0	0	0	540	439	
14	0	0	0	0	545	435	
15	0	0	0	0	550	435	
0	0	0	0	0	557	444	
1	0	0	0	0	569	451	
2	0	0	0	0	580	461	
3	0	0	0	0	585	470	
4	0	0	0	0	583	477	
5	0	0	0	0	578	481	
6	0	0	0	0	572	486	
7	0	0	0	0	563	485	
8	0	0	0	0	556	482	
9	0	0	0	0	551	480	
10	0	0	0	0	548	478	
11	0	0	0	0	551	477	
12	0	0	0	0	554	475	
13	0	0	0	0	563	473	
14	0	0	0	0	573	472	
15	0	0	0	0	583	471	
0	0	0	0	0	591	477	
1	0	0	0	0	596	483	
2	0	0	0	0	597	483	
3	0	0	0	0	595	478	
4	0	0	0	0	590	470	
5	0	0	0	0	580	464	
6	0	0	0	0	572	461	
7	0	0	0	0	568	462	
8	0	0	0	0	568	466	
9	0	0	0	0	572	468	
10	0	0	0	0	580	468	
11	0	0	0	0	590	474	
12	0	0	0	0	598	484	
13	0	0	0	0	605	496	
14	0	0	0	0	609	507	
15	0	0	0	0	617	515	
0	0	0	0	0	624	525	
1	0	0	0	0	627	536	
2	0	0	0	0	629	548	
3	0	0	0	0	627	553	
4	0	0	0	0	622	551	
5	0	0	0	0	617	536	
6	0	0	0	0	615	515	
7	0	0	0	0	615	492	
8	0	0	0	0	609	465	
9	0	0	0	0	595	440	
10	0	0	0	0	580	414	
11	0	0	0	0	570	389	
12	0	0	0	0	564	372	
13	0	0	0	0	564	353	
14	0	0	0	0	568	351	
15	0	0	0	0	575	351	
0	0	0	0	0	580	362	
1	0	0	0	0	588	375	
2	0	0	0	0	599	388	
3	0	0	0	0	607	406	
4	0	0	0	0	612	426	
5	0	0	0	0	612	444	
6	0	0	0	0	609	467	
7	0	0	0	0	601	486	
8	0	0	0	0	591	493	
9	0	0	0	0	582	499	
10	0	0	0	0	575	496	
11	0	0	0	0	565	487	
12	0	0	0	0	554	476	
13	0	0	0	0	542	463	
14	0	0	0	0	533	454	
15	0	0	0	0	531	448	
0	0	0	0	0	526	439	
1	0	0	0	0	523	431	
2	0	0	0	0	527	425	
3	0	0	0	0	531	422	
4	0	0	0	0	540	421	
5	0	0	0	0	551	422	
6	0	0	0	0	561	423	
7	0	0	0	0	566	422	
8	0	0	0	0	565	419	
9	0	0	0	0	562	420	
10	0	0	0	0	560	422	
11	0	0	0	0	554	430	
12	0	0	0	0	547	444	
13	0	0	0	0	541	461	
14	0	0	0	0	537	477	
15	0	0	0	0	536	487	
0	0	0	0	0	533	491	
1	0	0	0	0	530	487	
2	0	0	0	0	524	485	
3	0	0	0	0	519	483	
4	0	0	0	0	515	483	
5	0	0	0	0	514	481	
6	0	0	0	0	520	476	
7	0	0	0	0	529	469	
8	0	0	0	0	539	457	
9	0	0	0	0	541	442	
10	0	0	0	0	540	429	
11	0	0	0	0	539	421	
12	0	0	0	0	537	422	
13	0	0	0	0	538	423	
14	0	0	0	0	540	418	
15	0	0	0	0	546	415	
0	0	0	0	0	552	412	
1	0	0	0	0	559	412	
2	0	0	0	0	563	416	
3	0	0	0	0	573	424	
4	0	0	0	0	581	438	
5	0	0	0	0	586	449	
6	0	0	0	0	583	455	
7	0	0	0	0	575	464	
8	0	0	0	0	564	472	
9	0	0	0	0	559	481	
10	0	0	0	0	556	488	
11	0	0	0	0	556	497	
12	0	0	0	0	553	503	
13	0	0	0	0	552	505	
14	0	0	0	0	546	500	
15	0	0	0	0	537	487	
0	0	0	0	0	528	469	
1	0	0	0	0	516	452	
2	0	0	0	0	506	439	
3	0	0	0	0	497	435	
4	0	0	0	0	491	435	
5	0	0	0	0	490	437	
6	0	0	0	0	493	439	
7	0	0	0	0	499	443	
8	0	0	0	0	504	447	
9	0	0	0	0	515	453	
10	0	0	0	0	531	455	
11	0	0	0	0	551	454	
12	0	0	0	0	568	451	
13	0	0	0	0	585	447	
14	0	0	0	0	600	445	
15	0	0	0	0	606	443	
0	0	0	0	0	603	442	
1	0	0	0	0	594	439	
2	0	0	0	0	584	440	
3	0	0	0	0	572	439	
4	0	0	0	0	558	438	
5	0	0	0	0	545	444	
6	0	0	0	0	532	455	
7	0	0	0	0	522	472	
8	0	0	0	0	513	500	
9	0	0	0	0	506	535	
10	0	0	0	0	500	566	
11	0	0	0	0	501	585	
12	0	0	0	0	505	596	
13	0	0	0	0	513	601	
14	0	0	0	0	524	598	
15	0	0	0	0	536	583	
0	0	0	0	0	545	557	
1	0	0	0	0	553	519	
2	0	0	0	0	558	473	
3	0	0	0	0	560	429	
4	0	0	0	0	554	394	
5	0	0	0	0	546	374	
6	0	0	0	0	540	366	
7	0	0	0	0	537	365	
8	0	0	0	0	534	368	
9	0	0	0	0	525	376	
10	0	0	0	0	516	386	
11	0	0	0	0	502	398	
12	0	0	0	0	489	409	
13	0	0	0	0	481	419	
14	0	0	0	0	476	424	
15	0	0	0	0	475	425	
0	0	0	0	0	477	422	
1	0	0	0	0	480	421	
2	0	0	0	0	484	422	
3	0	0	0	0	487	428	
4	0	0	0	0	495	434	
5	0	0	0	0	497	440	
6	0	0	0	0	497	445	
7	0	0	0	0	493	446	
8	0	0	0	0	483	441	
9	0	0	0	0	467	438	
10	0	0	0	0	449	436	
11	0	0	0	0	434	436	
12	0	0	0	0	427	448	
13	0	0	0	0	427	467	
14	0	0	0	0	435	491	
15	0	0	0	0	444	516	
0	0	0	0	0	452	534	
1	0	0	0	0	463	542	
2	0	0	0	0	474	548	
3	0	0	0	0	485	547	
4	0	0	0	0	494	544	
5	0	0	0	0	504	544	
6	0	0	0	0	511	544	
7	0	0	0	0	514	537	
8	0	0	0	0	513	524	
9	0	0	0	0	514	510	
10	0	0	0	0	512	498	
11	0	0	0	0	510	486	
12	0	0	0	0	508	478	
13	0	0	0	0	508	480	
14	0	0	0	0	510	487	
15	0	0	0	0	513	499	
0	0	0	0	0	514	516	
1	0	0	0	0	515	531	
2	0	0	0	0	513	540	
3	0	0	0	0	515	544	
4	0	0	0	0	512	544	
5	0	0	0	0	506	536	
6	0	0	0	0	502	521	
7	0	0	0	0	496	504	
8	0	0	0	0	487	486	
9	0	0	0	0	477	472	
10	0	0	0	0	468	462	
11	0	0	0	0	464	459	
12	0	0	0	0	464	461	
13	0	0	0	0	465	466	
14	0	0	0	0	471	472	
15	0	0	0	0	477	480	
0	0	0	0	0	484	494	
1	0	0	0	0	490	515	
2	0	0	0	0	496	536	
3	0	0	0	0	499	560	
4	0	0	0	0	504	586	
5	0	0	0	0	512	609	
6	0	0	0	0	522	620	
7	0	0	0	0	532	617	
8	0	0	0	0	540	603	
9	0	0	0	0	543	591	
10	0	0	0	0	543	581	
11	0	0	0	0	537	575	
12	0	0	0	0	528	570	
13	0	0	0	0	520	569	
14	0	0	0	0	511	564	
15	0	0	0	0	503	559	
0	0	0	0	0	493	550	
1	0	0	0	0	483	536	
2	0	0	0	0	470	524	
3	0	0	0	0	455	505	
4	0	0	0	0	445	488	
5	0	0	0	0	437	477	
6	0	0	0	0	431	467	
7	0	0	0	0	427	456	
8	0	0	0	0	423	446	
9	0	0	0	0	423	436	
10	0	0	0	0	426	427	
11	0	0	0	0	434	419	
12	0	0	0	0	445	415	
13	0	0	0	0	454	423	
14	0	0	0	0	460	439	
15	0	0	0	0	461	456	
0	0	0	0	0	460	466	
1	0	0	0	0	456	471	
2	0	0	0	0	450	475	
3	0	0	0	0	445	479	
4	0	0	0	0	443	488	
5	0	0	0	0	444	499	
6	0	0	0	0	451	508	
7	0	0	0	0	461	521	
8	0	0	0	0	475	533	
9	0	0	0	0	489	547	
10	0	0	0	0	502	560	
11	0	0	0	0	508	572	
12	0	0	0	0	508	585	
13	0	0	0	0	510	599	
14	0	0	0	0	513	606	
15	0	0	0	0	518	611	
0	0	0	0	0	520	608	
1	0	0	0	0	520	604	
2	0	0	0	0	514	600	
3	0	0	0	0	503	591	
4	0	0	0	0	490	572	
5	0	0	0	0	480	545	
6	0	0	0	0	475	515	
7	0	0	0	0	474	483	
8	0	0	0	0	473	448	
9	0	0	0	0	474	418	
10	0	0	0	0	474	399	
11	0	0	0	0	474	387	
12	0	0	0	0	473	380	
13	0	0	0	0	474	382	
14	0	0	0	0	480	389	
15	0	0	0	0	487	404	
0	0	0	0	0	500	422	
1	0	0	0	0	512	441	
2	0	0	0	0	522	461	
3	0	0	0	0	532	483	
4	0	0	0	0	540	507	
5	0	0	0	0	543	524	
6	0	0	0	0	548	536	
7	0	0	0	0	550	540	
8	0	0	0	0	548	541	
9	0	0	0	0	542	538	
10	0	0	0	0	537	532	
11	0	0	0	0	530	522	
12	0	0	0	0	524	507	
13	0	0	0	0	522	491	
14	0	0	0	0	523	479	
15	0	0	0	0	524	469	
0	0	0	0	0	525	463	
1	0	0	0	0	528	460	
2	0	0	0	0	527	459	
3	0	0	0	0	526	462	
4	0	0	0	0	526	471	
5	0	0	0	0	529	481	
6	0	0	0	0	531	491	
7	0	0	0	0	528	505	
8	0	0	0	0	525	519	
9	0	0	0	0	524	528	
10	0	0	0	0	529	535	
11	0	0	0	0	540	536	
12	0	0	0	0	547	532	
13	0	0	0	0	549	524	
14	0	0	0	0	543	517	
15	0	0	0	0	531	509	
0	0	0	0	0	516	500	
1	0	0	0	0	500	496	
2	0	0	0	0	483	496	
3	0	0	0	0	470	505	
4	0	0	0	0	463	516	
5	0	0	0	0	460	522	
6	0	0	0	0	459	528	
7	0	0	0	0	458	532	
8	0	0	0	0	462	543	
9	0	0	0	0	471	562	
10	0	0	0	0	482	581	
11	0	0	0	0	495	596	
12	0	0	0	0	514	609	
13	0	0	0	0	530	611	
14	0	0	0	0	543	602	
15	0	0	0	0	551	583	
0	0	0	0	0	561	560	
1	0	0	0	0	572	533	
2	0	0	0	0	577	502	
3	0	0	0	0	577	472	
4	0	0	0	0	573	445	
5	0	0	0	0	568	423	
6	0	0	0	0	558	405	
7	0	0	0	0	555	391	
8	0	0	0	0	552	381	
9	0	0	0	0	554	377	
10	0	0	0	0	557	387	
11	0	0	0	0	556	404	
12	0	0	0	0	553	424	
13	0	0	0	0	549	451	
14	0	0	0	0	542	472	
15	0	0	0	0	536	487	
0	0	0	0	0	531	504	
1	0	0	0	0	526	518	
2	0	0	0	0	522	526	
3	0	0	0	0	515	527	
4	0	0	0	0	511	525	
5	0	0	0	0	508	521	
6	0	0	0	0	509	524	
7	0	0	0	0	511	533	
8	0	0	0	0	517	543	
9	0	0	0	0	524	550	
10	0	0	0	0	531	548	
11	0	0	0	0	535	543	
12	0	0	0	0	537	538	
13	0	0	0	0	541	534	
14	0	0	0	0	545	535	
15	0	0	0	0	551	537	
0	0	0	0	0	561	536	
1	0	0	0	0	571	538	
2	0	0	0	0	577	537	
3	0	0	0	0	577	537	
4	0	0	0	0	573	538	
5	0	0	0	0	570	540	
6	0	0	0	0	569	545	
7	0	0	0	0	567	551	
8	0	0	0	0	563	555	
9	0	0	0	0	557	555	
10	0	0	0	0	548	551	
11	0	0	0	0	538	540	
12	0	0	0	0	527	531	
13	0	0	0	0	516	517	
14	0	0	0	0	508	504	
15	0	0	0	0	501	492	
0	0	0	0	0	499	478	
1	0	0	0	0	497	467	
2	0	0	0	0	500	456	
3	0	0	0	0	505	450	
4	0	0	0	0	505	444	
5	0	0	0	0	504	440	
6	0	0	0	0	507	438	
7	0	0	0	0	511	441	
8	0	0	0	0	512	442	
9	0	0	0	0	510	443	
10	0	0	0	0	508	445	
11	0	0	0	0	510	450	
12	0	0	0	0	515	460	
13	0	0	0	0	523	472	
14	0	0	0	0	535	480	
15	0	0	0	0	550	487	
0	0	0	0	0	568	493	
1	0	0	0	0	582	498	
2	0	0	0	0	591	500	
3	0	0	0	0	595	494	
4	0	0	0	0	597	491	
5	0	0	0	0	601	492	
6	0	0	0	0	600	499	
7	0	0	0	0	599	504	
8	0	0	0	0	601	512	
9	0	0	0	0	602	522	
10	0	0	0	0	600	531	
11	0	0	0	0	596	538	
12	0	0	0	0	591	540	
13	0	0	0	0	582	534	
14	0	0	0	0	573	523	
15	0	0	0	0	566	514	
0	0	0	0	0	555	504	
1	0	0	0	0	542	496	
2	0	0	0	0	531	502	
3	0	0	0	0	524	515	
4	0	0	0	0	515	534	
5	0	0	0	0	508	551	
6	0	0	0	0	504	565	
7	0	0	0	0	503	571	
8	0	0	0	0	507	566	
9	0	0	0	0	513	554	
10	0	0	0	0	521	534	
11	0	0	0	0	525	510	
12	0	0	0	0	526	484	
13	0	0	0	0	527	460	
14	0	0	0	0	534	440	
15	0	0	0	0	546	428	
0	0	0	0	0	558	422	
1	0	0	0	0	576	422	
2	0	0	0	0	591	427	
3	0	0	0	0	601	436	
4	0	0	0	0	605	457	
5	0	0	0	0	603	480	
6	0	0	0	0	598	506	
7	0	0	0	0	587	527	
8	0	0	0	0	574	542	
9	0	0	0	0	555	552	
10	0	0	0	0	534	563	
11	0	0	0	0	512	580	
12	0	0	0	0	494	593	
13	0	0	0	0	482	599	
14	0	0	0	0	475	595	
15	0	0	0	0	473	585	
0	0	0	0	0	477	569	
1	0	0	0	0	482	551	
2	0	0	0	0	489	532	
3	0	0	0	0	497	515	
4	0	0	0	0	504	494	
5	0	0	0	0	512	472	
6	0	0	0	0	519	451	
7	0	0	0	0	526	440	
8	0	0	0	0	536	438	
9	0	0	0	0	547	448	
10	0	0	0	0	555	463	
11	0	0	0	0	560	477	
12	0	0	0	0	564	485	
13	0	0	0	0	567	485	
14	0	0	0	0	572	479	
15	0	0	0	0	573	472	
0	0	0	0	0	572	455	
1	0	0	0	0	562	441	
2	0	0	0	0	546	432	
3	0	0	0	0	524	423	
4	0	0	0	0	499	416	
5	0	0	0	0	475	412	
6	0	0	0	0	452	418	
7	0	0	0	0	433	435	
8	0	0	0	0	423	458	
9	0	0	0	0	419	481	
10	0	0	0	0	417	502	
11	0	0	0	0	418	514	
12	0	0	0	0	422	527	
13	0	0	0	0	428	539	
14	0	0	0	0	437	556	
15	0	0	0	0	447	571	
0	0	0	0	0	457	585	
1	0	0	0	0	462	597	
2	0	0	0	0	461	604	
3	0	0	0	0	455	607	
4	0	0	0	0	448	601	
5	0	0	0	0	441	593	
6	0	0	0	0	426	586	
7	0	0	0	0	414	582	
8	0	0	0	0	411	585	
9	0	0	0	0	413	591	
10	0	0	0	0	423	597	
11	0	0	0	0	435	601	
12	0	0	0	0	448	611	
13	0	0	0	0	457	622	
14	0	0	0	0	462	634	
15	0	0	0	0	461	638	
0	0	0	0	0	456	641	
1	0	0	0	0	453	643	
2	0	0	0	0	452	643	
3	0	0	0	0	453	643	
4	0	0	0	0	459	652	
5	0	0	0	0	459	660	
6	0	0	0	0	457	668	
7	0	0	0	0	457	676	
8	0	0	0	0	460	680	
9	0	0	0	0	462	675	
10	0	0	0	0	461	664	
11	0	0	0	0	455	647	
12	0	0	0	0	447	628	
13	0	0	0	0	444	601	
14	0	0	0	0	442	568	
15	0	0	0	0	440	536	
0	0	0	0	0	439	516	
1	0	0	0	0	435	508	
2	0	0	0	0	433	500	
3	0	0	0	0	433	496	
4	0	0	0	0	431	495	
5	0	0	0	0	431	492	
6	0	0	0	0	430	494	
7	0	0	0	0	430	502	
8	0	0	0	0	432	514	
9	0	0	0	0	438	523	
10	0	0	0	0	442	529	
11	0	0	0	0	447	534	
12	0	0	0	0	451	544	
13	0	0	0	0	455	551	
14	0	0	0	0	460	555	
15	0	0	0	0	461	555	
0	0	0	0	0	455	554	
1	0	0	0	0	450	552	
2	0	0	0	0	448	550	
3	0	0	0	0	450	556	
4	0	0	0	0	455	565	
5	0	0	0	0	460	574	
6	0	0	0	0	468	587	
7	0	0	0	0	470	600	
8	0	0	0	0	465	608	
9	0	0	0	0	460	615	
10	0	0	0	0	457	619	
11	0	0	0	0	455	618	
12	0	0	0	0	455	614	
13	0	0	0	0	454	608	
14	0	0	0	0	455	595	
15	0	0	0	0	456	580	
0	0	0	0	0	461	569	
1	0	0	0	0	466	560	
2	0	0	0	0	475	556	
3	0	0	0	0	484	549	
4	0	0	0	0	499	546	
5	0	0	0	0	515	542	
6	0	0	0	0	538	536	
7	0	0	0	0	563	531	
8	0	0	0	0	581	527	
9	0	0	0	0	591	522	
10	0	0	0	0	589	521	
11	0	0	0	0	583	515	
12	0	0	0	0	570	512	
13	0	0	0	0	555	505	
14	0	0	0	0	537	498	
15	0	0	0	0	520	487	
0	0	0	0	0	505	476	
1	0	0	0	0	492	467	
2	0	0	0	0	479	461	
3	0	0	0	0	467	460	
4	0	0	0	0	463	463	
5	0	0	0	0	464	470	
6	0	0	0	0	465	482	
7	0	0	0	0	469	498	
8	0	0	0	0	476	510	
9	0	0	0	0	481	515	
10	0	0	0	0	487	523	
11	0	0	0	0	494	536	
12	0	0	0	0	502	555	
13	0	0	0	0	510	572	
14	0	0	0	0	516	582	
15	0	0	0	0	522	588	
0	0	0	0	0	527	591	
1	0	0	0	0	530	594	
2	0	0	0	0	531	601	
3	0	0	0	0	536	610	
4	0	0	0	0	546	618	
5	0	0	0	0	558	627	
6	0	0	0	0	564	633	
7	0	0	0	0	567	627	
8	0	0	0	0	567	611	
9	0	0	0	0	567	586	
10	0	0	0	0	566	556	
11	0	0	0	0	560	527	
12	0	0	0	0	555	503	
13	0	0	0	0	543	484	
14	0	0	0	0	532	475	
15	0	0	0	0	523	468	
0	0	0	0	0	516	468	
1	0	0	0	0	510	476	
2	0	0	0	0	504	485	
3	0	0	0	0	502	493	
4	0	0	0	0	504	495	
5	0	0	0	0	511	492	
6	0	0	0	0	518	488	
7	0	0	0	0	523	487	
8	0	0	0	0	524	487	
9	0	0	0	0	521	486	
10	0	0	0	0	517	486	
11	0	0	0	0	517	491	
12	0	0	0	0	515	496	
13	0	0	0	0	520	507	
14	0	0	0	0	528	523	
15	0	0	0	0	538	543	
0	0	0	0	0	546	560	
1	0	0	0	0	550	572	
2	0	0	0	0	543	579	
3	0	0	0	0	527	585	
4	0	0	0	0	508	586	
5	0	0	0	0	496	581	
6	0	0	0	0	483	566	
7	0	0	0	0	478	548	
8	0	0	0	0	476	525	
9	0	0	0	0	478	500	
10	0	0	0	0	480	478	
11	0	0	0	0	482	457	
12	0	0	0	0	488	435	
13	0	0	0	0	499	417	
14	0	0	0	0	511	405	
15	0	0	0	0	519	397	
0	0	0	0	0	525	398	
1	0	0	0	0	528	402	
2	0	0	0	0	531	409	
3	0	0	0	0	528	419	
4	0	0	0	0	524	430	
5	0	0	0	0	520	445	
6	0	0	0	0	518	461	
7	0	0	0	0	520	481	
8	0	0	0	0	525	494	
9	0	0	0	0	527	495	
10	0	0	0	0	529	489	
11	0	0	0	0	529	486	
12	0	0	0	0	532	487	
13	0	0	0	0	536	494	
14	0	0	0	0	540	496	
15	0	0	0	0	537	498	
0	0	0	0	0	531	495	
1	0	0	0	0	524	491	
2	0	0	0	0	513	489	
3	0	0	0	0	507	488	
4	0	0	0	0	502	489	
5	0	0	0	0	503	491	
6	0	0	0	0	509	488	
7	0	0	0	0	519	487	
8	0	0	0	0	531	486	
9	0	0	0	0	542	485	
10	0	0	0	0	551	483	
11	0	0	0	0	557	477	
12	0	0	0	0	561	476	
13	0	0	0	0	566	477	
14	0	0	0	0	568	478	
15	0	0	0	0	566	478	
0	0	0	0	0	556	478	
1	0	0	0	0	552	483	
2	0	0	0	0	554	494	
3	0	0	0	0	556	508	
4	0	0	0	0	560	516	
5	0	0	0	0	560	520	
6	0	0	0	0	558	519	
7	0	0	0	0	551	517	
8	0	0	0	0	544	519	
9	0	0	0	0	538	530	
10	0	0	0	0	536	548	
11	0	0	0	0	537	579	
12	0	0	0	0	541	612	
13	0	0	0	0	544	645	
14	0	0	0	0	546	665	
15	0	0	0	0	547	684	
0	0	0	0	0	549	700	
1	0	0	0	0	551	708	
2	0	0	0	0	552	702	
3	0	0	0	0	556	685	
4	0	0	0	0	562	655	
5	0	0	0	0	573	614	
6	0	0	0	0	579	571	
7	0	0	0	0	583	534	
8	0	0	0	0	587	502	
9	0	0	0	0	589	477	
10	0	0	0	0	586	455	
11	0	0	0	0	579	434	
12	0	0	0	0	570	414	
13	0	0	0	0	560	402	
14	0	0	0	0	547	397	
15	0	0	0	0	536	398	
0	0	0	0	0	527	398	
1	0	0	0	0	518	401	
2	0	0	0	0	515	398	
3	0	0	0	0	513	399	
4	0	0	0	0	511	406	
5	0	0	0	0	513	419	
6	0	0	0	0	517	435	
7	0	0	0	0	524	453	
8	0	0	0	0	533	470	
9	0	0	0	0	543	482	
10	0	0	0	0	552	492	
11	0	0	0	0	561	499	
12	0	0	0	0	566	507	
13	0	0	0	0	575	518	
14	0	0	0	0	578	531	
15	0	0	0	0	580	540	
0	0	0	0	0	582	549	
1	0	0	0	0	584	555	
2	0	0	0	0	585	560	
3	0	0	0	0	586	563	
4	0	0	0	0	583	564	
5	0	0	0	0	583	562	
6	0	0	0	0	582	559	
7	0	0	0	0	580	556	
8	0	0	0	0	576	556	
9	0	0	0	0	569	561	
10	0	0	0	0	561	573	
11	0	0	0	0	551	585	
12	0	0	0	0	541	588	
13	0	0	0	0	535	586	
14	0	0	0	0	530	583	
15	0	0	0	0	527	585	
0	0	0	0	0	531	597	
1	0	0	0	0	536	604	
2	0	0	0	0	537	601	
3	0	0	0	0	537	592	
4	0	0	0	0	534	575	
5	0	0	0	0	531	548	
6	0	0	0	0	529	519	
7	0	0	0	0	529	494	
8	0	0	0	0	536	476	
9	0	0	0	0	548	467	
10	0	0	0	0	564	465	
11	0	0	0	0	578	466	
12	0	0	0	0	585	470	
13	0	0	0	0	590	470	
14	0	0	0	0	594	477	
15	0	0	0	0	595	486	
0	0	0	0	0	589	496	
1	0	0	0	0	578	509	
2	0	0	0	0	567	524	
3	0	0	0	0	561	536	
4	0	0	0	0	558	543	
5	0	0	0	0	557	540	
6	0	0	0	0	557	528	
7	0	0	0	0	556	511	
8	0	0	0	0	554	496	
9	0	0	0	0	555	479	
10	0	0	0	0	556	468	
11	0	0	0	0	557	457	
12	0	0	0	0	559	450	
13	0	0	0	0	559	448	
14	0	0	0	0	561	457	
15	0	0	0	0	566	467	
0	0	0	0	0	570	479	
1	0	0	0	0	574	491	
2	0	0	0	0	578	507	
3	0	0	0	0	581	521	
4	0	0	0	0	584	535	
5	0	0	0	0	590	543	
6	0	0	0	0	594	547	
7	0	0	0	0	593	545	
8	0	0	0	0	595	536	
9	0	0	0	0	598	529	
10	0	0	0	0	599	521	
11	0	0	0	0	595	505	
12	0	0	0	0	585	492	
13	0	0	0	0	571	480	
14	0	0	0	0	560	472	
15	0	0	0	0	552	462	
0	0	0	0	0	547	454	
1	0	0	0	0	541	451	
2	0	0	0	0	541	458	
3	0	0	0	0	539	470	
4	0	0	0	0	536	482	
5	0	0	0	0	533	497	
6	0	0	0	0	531	508	
7	0	0	0	0	525	513	
8	0	0	0	0	523	515	
9	0	0	0	0	523	509	
10	0	0	0	0	528	496	
11	0	0	0	0	543	479	
12	0	0	0	0	559	461	
13	0	0	0	0	579	445	
14	0	0	0	0	597	433	
15	0	0	0	0	609	427	
0	0	0	0	0	614	422	
1	0	0	0	0	617	415	
2	0	0	0	0	616	411	
3	0	0	0	0	611	412	
4	0	0	0	0	601	412	
5	0	0	0	0	590	416	
6	0	0	0	0	579	421	
7	0	0	0	0	572	433	
8	0	0	0	0	568	449	
9	0	0	0	0	566	470	
10	0	0	0	0	564	496	
11	0	0	0	0	556	524	
12	0	0	0	0	549	554	
13	0	0	0	0	547	577	
14	0	0	0	0	543	590	
15	0	0	0	0	535	593	
0	0	0	0	0	531	584	
1	0	0	0	0	532	561	
2	0	0	0	0	540	533	
3	0	0	0	0	549	500	
4	0	0	0	0	556	463	
5	0	0	0	0	560	434	
6	0	0	0	0	563	415	
7	0	0	0	0	563	403	
8	0	0	0	0	563	399	
9	0	0	0	0	562	402	
10	0	0	0	0	555	410	
11	0	0	0	0	542	421	
12	0	0	0	0	528	436	
13	0	0	0	0	514	454	
14	0	0	0	0	502	468	
15	0	0	0	0	492	480	
0	0	0	0	0	487	490	
1	0	0	0	0	488	500	
2	0	0	0	0	492	511	
3	0	0	0	0	498	516	
4	0	0	0	0	502	519	
5	0	0	0	0	506	527	
6	0	0	0	0	508	534	
7	0	0	0	0	507	543	
8	0	0	0	0	506	554	
9	0	0	0	0	508	567	
10	0	0	0	0	507	576	
11	0	0	0	0	504	583	
12	0	0	0	0	504	591	
13	0	0	0	0	510	602	
14	0	0	0	0	520	624	
15	0	0	0	0	533	644	
0	0	0	0	0	544	654	
1	0	0	0	0	551	651	
2	0	0	0	0	554	642	
3	0	0	0	0	553	623	
4	0	0	0	0	551	604	
5	0	0	0	0	547	583	
6	0	0	0	0	538	553	
7	0	0	0	0	524	519	
8	0	0	0	0	516	481	
9	0	0	0	0	515	448	
10	0	0	0	0	520	426	
11	0	0	0	0	524	409	
12	0	0	0	0	524	391	
13	0	0	0	0	519	371	
14	0	0	0	0	515	363	
15	0	0	0	0	509	359	
0	0	0	0	0	504	364	
1	0	0	0	0	503	374	
2	0	0	0	0	504	391	
3	0	0	0	0	507	405	
4	0	0	0	0	508	421	
5	0	0	0	0	503	435	
6	0	0	0	0	500	454	
7	0	0	0	0	499	477	
8	0	0	0	0	499	497	
9	0	0	0	0	499	509	
10	0	0	0	0	491	515	
11	0	0	0	0	480	519	
12	0	0	0	0	465	524	
13	0	0	0	0	452	523	
14	0	0	0	0	445	519	
15	0	0	0	0	448	521	
0	0	0	0	0	457	532	
1	0	0	0	0	468	540	
2	0	0	0	0	481	537	
3	0	0	0	0	494	519	
4	0	0	0	0	505	491	
5	0	0	0	0	513	457	
6	0	0	0	0	515	432	
7	0	0	0	0	510	415	
8	0	0	0	0	502	411	
9	0	0	0	0	497	416	
10	0	0	0	0	492	428	
11	0	0	0	0	494	445	
12	0	0	0	0	488	460	
13	0	0	0	0	480	470	
14	0	0	0	0	471	482	
15	0	0	0	0	457	494	
0	0	0	0	0	445	504	
1	0	0	0	0	437	512	
2	0	0	0	0	432	516	
3	0	0	0	0	429	514	
4	0	0	0	0	429	510	
5	0	0	0	0	428	512	
6	0	0	0	0	432	519	
7	0	0	0	0	436	531	
8	0	0	0	0	442	545	
9	0	0	0	0	452	564	
10	0	0	0	0	466	579	
11	0	0	0	0	478	598	
12	0	0	0	0	493	607	
13	0	0	0	0	504	610	
14	0	0	0	0	515	605	
15	0	0	0	0	521	592	
0	0	0	0	0	521	573	
1	0	0	0	0	516	548	
2	0	0	0	0	503	520	
3	0	0	0	0	487	497	
4	0	0	0	0	473	489	
5	0	0	0	0	463	497	
6	0	0	0	0	451	516	
7	0	0	0	0	442	539	
8	0	0	0	0	434	553	
9	0	0	0	0	434	562	
10	0	0	0	0	445	568	
11	0	0	0	0	454	570	
12	0	0	0	0	462	559	
13	0	0	0	0	474	541	
14	0	0	0	0	484	518	
15	0	0	0	0	486	487	
0	0	0	0	0	482	458	
1	0	0	0	0	478	437	
2	0	0	0	0	477	423	
3	0	0	0	0	480	418	
4	0	0	0	0	484	418	
5	0	0	0	0	487	426	
6	0	0	0	0	487	439	
7	0	0	0	0	481	450	
8	0	0	0	0	472	459	
9	0	0	0	0	466	471	
10	0	0	0	0	460	481	
11	0	0	0	0	453	493	
12	0	0	0	0	444	505	
13	0	0	0	0	436	514	
14	0	0	0	0	430	523	
15	0	0	0	0	429	532	
0	0	0	0	0	430	545	
1	0	0	0	0	428	558	
2	0	0	0	0	427	568	
3	0	0	0	0	427	577	
4	0	0	0	0	426	583	
5	0	0	0	0	425	580	
6	0	0	0	0	425	577	
7	0	0	0	0	426	581	
8	0	0	0	0	429	587	
9	0	0	0	0	431	599	
10	0	0	0	0	435	610	
11	0	0	0	0	445	613	
12	0	0	0	0	457	604	
13	0	0	0	0	475	592	
14	0	0	0	0	492	577	
15	0	0	0	0	509	562	
0	0	0	0	0	521	543	
1	0	0	0	0	529	511	
2	0	0	0	0	530	476	
3	0	0	0	0	526	446	
4	0	0	0	0	517	420	
5	0	0	0	0	512	406	
6	0	0	0	0	514	400	
7	0	0	0	0	518	403	
8	0	0	0	0	518	405	
9	0	0	0	0	516	411	
10	0	0	0	0	515	428	
11	0	0	0	0	512	449	
12	0	0	0	0	505	479	
13	0	0	0	0	505	514	
14	0	0	0	0	505	544	
15	0	0	0	0	508	573	
0	0	0	0	0	511	594	
1	0	0	0	0	511	608	
2	0	0	0	0	509	617	
3	0	0	0	0	503	620	
4	0	0	0	0	496	625	
5	0	0	0	0	492	621	
6	0	0	0	0	489	615	
7	0	0	0	0	481	602	
8	0	0	0	0	468	586	
9	0	0	0	0	459	568	
10	0	0	0	0	446	556	
11	0	0	0	0	437	550	
12	0	0	0	0	431	549	
13	0	0	0	0	428	550	
14	0	0	0	0	430	554	
15	0	0	0	0	433	555	
0	0	0	0	0	441	552	
1	0	0	0	0	452	554	
2	0	0	0	0	472	563	
3	0	0	0	0	494	578	
4	0	0	0	0	515	595	
5	0	0	0	0	532	610	
6	0	0	0	0	543	619	
7	0	0	0	0	546	619	
8	0	0	0	0	545	606	
9	0	0	0	0	540	586	
10	0	0	0	0	533	563	
11	0	0	0	0	527	538	
12	0	0	0	0	522	516	
13	0	0	0	0	522	496	
14	0	0	0	0	519	483	
15	0	0	0	0	511	475	
0	0	0	0	0	502	471	
1	0	0	0	0	500	470	
2	0	0	0	0	503	468	
3	0	0	0	0	506	466	
4	0	0	0	0	507	464	
5	0	0	0	0	507	470	
6	0	0	0	0	513	484	
7	0	0	0	0	522	502	
8	0	0	0	0	528	520	
9	0	0	0	0	533	536	
10	0	0	0	0	539	548	
11	0	0	0	0	542	555	
12	0	0	0	0	542	555	
13	0	0	0	0	538	548	
14	0	0	0	0	528	539	
15	0	0	0	0	519	528	
0	0	0	0	0	510	512	
1	0	0	0	0	501	496	
2	0	0	0	0	494	484	
3	0	0	0	0	490	475	
4	0	0	0	0	490	469	
5	0	0	0	0	489	464	
6	0	0	0	0	483	463	
7	0	0	0	0	480	462	
8	0	0	0	0	481	465	
9	0	0	0	0	486	468	
10	0	0	0	0	492	479	
11	0	0	0	0	497	487	
12	0	0	0	0	501	491	
13	0	0	0	0	507	496	
14	0	0	0	0	518	503	
15	0	0	0	0	534	512	
0	0	0	0	0	549	524	
1	0	0	0	0	563	537	
2	0	0	0	0	570	551	
3	0	0	0	0	574	561	
4	0	0	0	0	575	569	
5	0	0	0	0	570	579	
6	0	0	0	0	559	583	
7	0	0	0	0	546	585	
8	0	0	0	0	531	581	
9	0	0	0	0	521	573	
10	0	0	0	0	518	561	
11	0	0	0	0	519	547	
12	0	0	0	0	519	531	
13	0	0	0	0	519	511	
14	0	0	0	0	513	492	
15	0	0	0	0	506	483	
0	0	0	0	0	503	474	
1	0	0	0	0	502	473	
2	0	0	0	0	504	478	
3	0	0	0	0	504	481	
4	0	0	0	0	504	487	
5	0	0	0	0	504	493	
6	0	0	0	0	500	494	
7	0	0	0	0	496	495	
8	0	0	0	0	493	495	
9	0	0	0	0	488	494	
10	0	0	0	0	493	492	
11	0	0	0	0	502	486	
12	0	0	0	0	511	479	
13	0	0	0	0	511	477	
14	0	0	0	0	508	475	
15	0	0	0	0	499	476	
0	0	0	0	0	483	477	
1	0	0	0	0	467	485	
2	0	0	0	0	456	497	
3	0	0	0	0	449	513	
4	0	0	0	0	444	529	
5	0	0	0	0	436	541	
6	0	0	0	0	432	556	
7	0	0	0	0	432	575	
8	0	0	0	0	438	595	
9	0	0	0	0	444	612	
10	0	0	0	0	448	622	
11	0	0	0	0	453	628	
12	0	0	0	0	460	630	
13	0	0	0	0	467	617	
14	0	0	0	0	476	599	
15	0	0	0	0	483	580	
0	0	0	0	0	494	562	
1	0	0	0	0	503	544	
2	0	0	0	0	510	526	
3	0	0	0	0	513	509	
4	0	0	0	0	511	494	
5	0	0	0	0	507	478	
6	0	0	0	0	502	464	
7	0	0	0	0	496	457	
8	0	0	0	0	489	462	
9	0	0	0	0	483	464	
10	0	0	0	0	481	464	
11	0	0	0	0	483	464	
12	0	0	0	0	487	459	
13	0	0	0	0	494	449	
14	0	0	0	0	495	438	
15	0	0	0	0	497	430	
0	0	0	0	0	502	424	
1	0	0	0	0	506	427	
2	0	0	0	0	510	435	
3	0	0	0	0	508	445	
4	0	0	0	0	502	454	
5	0	0	0	0	492	459	
6	0	0	0	0	483	463	
7	0	0	0	0	475	466	
8	0	0	0	0	469	477	
9	0	0	0	0	466	491	
10	0	0	0	0	465	506	
11	0	0	0	0	468	519	
12	0	0	0	0	473	527	
13	0	0	0	0	476	531	
14	0	0	0	0	483	535	
15	0	0	0	0	486	534	
0	0	0	0	0	492	531	
1	0	0	0	0	496	530	
2	0	0	0	0	496	532	
3	0	0	0	0	495	540	
4	0	0	0	0	493	551	
5	0	0	0	0	494	554	
6	0	0	0	0	494	555	
7	0	0	0	0	492	553	
8	0	0	0	0	493	551	
9	0	0	0	0	491	542	
10	0	0	0	0	487	532	
11	0	0	0	0	486	522	
12	0	0	0	0	487	511	
13	0	0	0	0	486	506	
14	0	0	0	0	483	503	
15	0	0	0	0	481	502	
0	0	0	0	0	479	503	
1	0	0	0	0	478	502	
2	0	0	0	0	477	499	
3	0	0	0	0	472	496	
4	0	0	0	0	465	489	
5	0	0	0	0	460	483	
6	0	0	0	0	459	480	
7	0	0	0	0	462	480	
8	0	0	0	0	467	482	
9	0	0	0	0	473	486	
10	0	0	0	0	481	500	
11	0	0	0	0	490	529	
12	0	0	0	0	495	565	
13	0	0	0	0	493	593	
14	0	0	0	0	492	611	
15	0	0	0	0	491	618	
0	0	0	0	0	488	618	
1	0	0	0	0	481	615	
2	0	0	0	0	478	601	
3	0	0	0	0	478	578	
4	0	0	0	0	480	551	
5	0	0	0	0	483	520	
6	0	0	0	0	488	496	
7	0	0	0	0	491	483	
8	0	0	0	0	495	475	
9	0	0	0	0	497	469	
10	0	0	0	0	494	463	
11	0	0	0	0	489	460	
12	0	0	0	0	482	454	
13	0	0	0	0	476	450	
14	0	0	0	0	470	441	
15	0	0	0	0	463	425	
0	0	0	0	0	460	403	
1	0	0	0	0	462	382	
2	0	0	0	0	470	367	
3	0	0	0	0	485	359	
4	0	0	0	0	505	356	
5	0	0	0	0	530	350	
6	0	0	0	0	548	348	
7	0	0	0	0	561	361	
8	0	0	0	0	569	381	
9	0	0	0	0	563	407	
10	0	0	0	0	544	432	
11	0	0	0	0	520	451	
12	0	0	0	0	492	460	
13	0	0	0	0	470	466	
14	0	0	0	0	455	471	
15	0	0	0	0	449	476	
0	0	0	0	0	449	486	
1	0	0	0	0	452	492	
2	0	0	0	0	459	492	
3	0	0	0	0	465	488	
4	0	0	0	0	469	483	
5	0	0	0	0	472	481	
6	0	0	0	0	476	484	
7	0	0	0	0	480	492	
8	0	0	0	0	485	501	
9	0	0	0	0	493	510	
10	0	0	0	0	502	516	
11	0	0	0	0	512	519	
12	0	0	0	0	518	521	
13	0	0	0	0	523	521	
14	0	0	0	0	528	520	
15	0	0	0	0	531	515	
0	0	0	0	0	533	505	
1	0	0	0	0	534	497	
2	0	0	0	0	529	485	
3	0	0	0	0	523	472	
4	0	0	0	0	519	464	
5	0	0	0	0	519	465	
6	0	0	0	0	517	476	
7	0	0	0	0	517	492	
8	0	0	0	0	519	510	
9	0	0	0	0	518	523	
10	0	0	0	0	515	535	
11	0	0	0	0	512	537	
12	0	0	0	0	509	526	
13	0	0	0	0	511	510	
14	0	0	0	0	513	496	
15	0	0	0	0	517	490	
0	0	0	0	0	526	491	
1	0	0	0	0	536	499	
2	0	0	0	0	543	509	
3	0	0	0	0	547	521	
4	0	0	0	0	545	536	
5	0	0	0	0	539	543	
6	0	0	0	0	536	542	
7	0	0	0	0	531	534	
8	0	0	0	0	525	523	
9	0	0	0	0	520	511	
10	0	0	0	0	518	502	
11	0	0	0	0	516	491	
12	0	0	0	0	515	475	
13	0	0	0	0	514	457	
14	0	0	0	0	516	441	
15	0	0	0	0	518	435	
0	0	0	0	0	520	437	
1	0	0	0	0	524	450	
2	0	0	0	0	529	467	
3	0	0	0	0	531	483	
4	0	0	0	0	534	497	
5	0	0	0	0	534	510	
6	0	0	0	0	533	518	
7	0	0	0	0	531	522	
8	0	0	0	0	526	523	
9	0	0	0	0	521	523	
10	0	0	0	0	514	525	
11	0	0	0	0	507	531	
12	0	0	0	0	499	540	
13	0	0	0	0	489	545	
14	0	0	0	0	483	551	
15	0	0	0	0	483	555	
0	0	0	0	0	488	559	
1	0	0	0	0	491	565	
2	0	0	0	0	494	573	
3	0	0	0	0	499	580	
4	0	0	0	0	497	581	
5	0	0	0	0	495	581	
6	0	0	0	0	497	581	
7	0	0	0	0	500	575	
8	0	0	0	0	502	562	
9	0	0	0	0	505	552	
10	0	0	0	0	510	543	
11	0	0	0	0	511	535	
12	0	0	0	0	515	532	
13	0	0	0	0	523	529	
14	0	0	0	0	530	526	
15	0	0	0	0	534	520	
0	0	0	0	0	532	509	
1	0	0	0	0	533	505	
2	0	0	0	0	535	508	
3	0	0	0	0	536	512	
4	0	0	0	0	535	519	
5	0	0	0	0	530	528	
6	0	0	0	0	520	536	
7	0	0	0	0	508	547	
8	0	0	0	0	499	556	
9	0	0	0	0	491	561	
10	0	0	0	0	485	563	
11	0	0	0	0	480	566	
12	0	0	0	0	479	568	
13	0	0	0	0	477	566	
14	0	0	0	0	478	556	
15	0	0	0	0	480	541	
0	0	0	0	0	483	525	
1	0	0	0	0	489	511	
2	0	0	0	0	492	500	
3	0	0	0	0	494	488	
4	0	0	0	0	497	481	
5	0	0	0	0	505	476	
6	0	0	0	0	514	474	
7	0	0	0	0	518	478	
8	0	0	0	0	519	486	
9	0	0	0	0	521	494	
10	0	0	0	0	524	503	
11	0	0	0	0	528	514	
12	0	0	0	0	528	523	
13	0	0	0	0	532	523	
14	0	0	0	0	538	512	
15	0	0	0	0	543	496	
0	0	0	0	0	547	481	
1	0	0	0	0	544	467	
2	0	0	0	0	541	466	
3	0	0	0	0	538	467	
4	0	0	0	0	538	468	
5	0	0	0	0	539	471	
6	0	0	0	0	536	475	
7	0	0	0	0	531	476	
8	0	0	0	0	524	479	
9	0	0	0	0	517	485	
10	0	0	0	0	512	497	
11	0	0	0	0	511	513	
12	0	0	0	0	511	529	
13	0	0	0	0	516	542	
14	0	0	0	0	519	550	
15	0	0	0	0	524	551	
0	0	0	0	0	534	547	
1	0	0	0	0	543	539	
2	0	0	0	0	551	530	
3	0	0	0	0	553	518	
4	0	0	0	0	555	506	
5	0	0	0	0	552	499	
6	0	0	0	0	542	498	
7	0	0	0	0	531	498	
8	0	0	0	0	518	494	
9	0	0	0	0	510	491	
10	0	0	0	0	501	485	
11	0	0	0	0	501	479	
12	0	0	0	0	504	472	
13	0	0	0	0	504	464	
14	0	0	0	0	501	457	
15	0	0	0	0	500	448	
0	0	0	0	0	503	440	
1	0	0	0	0	509	431	
2	0	0	0	0	514	423	
3	0	0	0	0	526	423	
4	0	0	0	0	540	436	
5	0	0	0	0	557	460	
6	0	0	0	0	569	492	
7	0	0	0	0	582	525	
8	0	0	0	0	590	558	
9	0	0	0	0	591	580	
10	0	0	0	0	583	591	
11	0	0	0	0	573	588	
12	0	0	0	0	565	575	
13	0	0	0	0	553	558	
14	0	0	0	0	541	536	
15	0	0	0	0	531	508	
0	0	0	0	0	523	471	
1	0	0	0	0	512	433	
2	0	0	0	0	505	401	
3	0	0	0	0	502	382	
4	0	0	0	0	505	373	
5	0	0	0	0	510	372	
6	0	0	0	0	516	380	
7	0	0	0	0	520	391	
8	0	0	0	0	524	406	
9	0	0	0	0	524	418	
10	0	0	0	0	522	427	
11	0	0	0	0	519	436	
12	0	0	0	0	524	447	
13	0	0	0	0	528	465	
14	0	0	0	0	536	492	
15	0	0	0	0	539	518	
0	0	0	0	0	538	538	
1	0	0	0	0	534	551	
2	0	0	0	0	525	561	
3	0	0	0	0	521	568	
4	0	0	0	0	524	577	
5	0	0	0	0	532	590	
6	0	0	0	0	539	600	
7	0	0	0	0	543	602	
8	0	0	0	0	548	600	
9	0	0	0	0	551	586	
10	0	0	0	0	549	566	
11	0	0	0	0	551	541	
12	0	0	0	0	551	519	
13	0	0	0	0	553	502	
14	0	0	0	0	555	486	
15	0	0	0	0	556	475	
0	0	0	0	0	557	468	
1	0	0	0	0	557	470	
2	0	0	0	0	557	474	
3	0	0	0	0	557	481	
4	0	0	0	0	562	497	
5	0	0	0	0	567	518	
6	0	0	0	0	576	536	
7	0	0	0	0	585	554	
8	0	0	0	0	589	568	
9	0	0	0	0	587	579	
10	0	0	0	0	586	582	
11	0	0	0	0	583	578	
12	0	0	0	0	581	571	
13	0	0	0	0	582	565	
14	0	0	0	0	586	560	
15	0	0	0	0	589	554	
0	0	0	0	0	591	553	
1	0	0	0	0	598	557	
2	0	0	0	0	605	567	
3	0	0	0	0	611	581	
4	0	0	0	0	614	592	
5	0	0	0	0	613	595	
6	0	0	0	0	609	595	
7	0	0	0	0	606	598	
8	0	0	0	0	605	602	
9	0	0	0	0	601	606	
10	0	0	0	0	594	607	
11	0	0	0	0	583	604	
12	0	0	0	0	579	601	
13	0	0	0	0	579	602	
14	0	0	0	0	582	604	
15	0	0	0	0	589	605	
0	0	0	0	0	596	608	
1	0	0	0	0	600	610	
2	0	0	0	0	604	605	
3	0	0	0	0	611	597	
4	0	0	0	0	618	585	
5	0	0	0	0	625	572	
6	0	0	0	0	630	563	
7	0	0	0	0	632	560	
8	0	0	0	0	628	561	
9	0	0	0	0	617	560	
10	0	0	0	0	603	560	
11	0	0	0	0	588	566	
12	0	0	0	0	572	576	
13	0	0	0	0	560	592	
14	0	0	0	0	549	614	
15	0	0	0	0	540	643	
0	0	0	0	0	531	682	
1	0	0	0	0	522	721	
2	0	0	0	0	516	758	
3	0	0	0	0	516	771	
4	0	0	0	0	519	774	
5	0	0	0	0	519	761	
6	0	0	0	0	519	735	
7	0	0	0	0	519	697	
8	0	0	0	0	524	656	
9	0	0	0	0	527	615	
10	0	0	0	0	527	583	
11	0	0	0	0	523	558	
12	0	0	0	0	517	541	
13	0	0	0	0	514	536	
14	0	0	0	0	506	536	
15	0	0	0	0	504	541	
0	0	0	0	0	505	546	
1	0	0	0	0	507	552	
2	0	0	0	0	512	560	
3	0	0	0	0	517	569	
4	0	0	0	0	517	576	
5	0	0	0	0	518	580	
6	0	0	0	0	523	580	
7	0	0	0	0	529	578	
8	0	0	0	0	534	577	
9	0	0	0	0	538	575	
10	0	0	0	0	542	584	
11	0	0	0	0	541	601	
12	0	0	0	0	542	619	
13	0	0	0	0	543	630	
14	0	0	0	0	546	641	
15	0	0	0	0	552	659	
0	0	0	0	0	559	679	
1	0	0	0	0	568	696	
2	0	0	0	0	575	711	
3	0	0	0	0	586	729	
4	0	0	0	0	601	748	
5	0	0	0	0	621	752	
6	0	0	0	0	639	740	
7	0	0	0	0	656	715	
8	0	0	0	0	665	681	
9	0	0	0	0	672	646	
10	0	0	0	0	670	610	
11	0	0	0	0	659	579	
12	0	0	0	0	642	551	
13	0	0	0	0	628	534	
14	0	0	0	0	615	518	
15	0	0	0	0	607	510	
0	0	0	0	0	603	510	
1	0	0	0	0	605	513	
2	0	0	0	0	608	517	
3	0	0	0	0	606	519	
4	0	0	0	0	604	518	
5	0	0	0	0	603	515	
6	0	0	0	0	599	511	
7	0	0	0	0	590	503	
8	0	0	0	0	582	495	
9	0	0	0	0	572	487	
10	0	0	0	0	564	487	
11	0	0	0	0	560	496	
12	0	0	0	0	560	511	
13	0	0	0	0	558	530	
14	0	0	0	0	558	554	
15	0	0	0	0	558	576	
0	0	0	0	0	558	595	
1	0	0	0	0	559	609	
2	0	0	0	0	561	620	
3	0	0	0	0	560	626	
4	0	0	0	0	559	623	
5	0	0	0	0	555	613	
6	0	0	0	0	555	595	
7	0	0	0	0	555	573	
8	0	0	0	0	555	557	
9	0	0	0	0	554	549	
10	0	0	0	0	556	544	
11	0	0	0	0	558	534	
12	0	0	0	0	561	524	
13	0	0	0	0	560	517	
14	0	0	0	0	560	512	
15	0	0	0	0	557	513	
0	0	0	0	0	553	520	
1	0	0	0	0	550	529	
2	0	0	0	0	548	543	
3	0	0	0	0	544	557	
4	0	0	0	0	544	568	
5	0	0	0	0	545	577	
6	0	0	0	0	544	585	
7	0	0	0	0	541	592	
8	0	0	0	0	538	598	
9	0	0	0	0	536	605	
10	0	0	0	0	536	611	
11	0	0	0	0	538	623	
12	0	0	0	0	540	646	
13	0	0	0	0	547	668	
14	0	0	0	0	554	691	
15	0	0	0	0	559	713	
0	0	0	0	0	562	730	
1	0	0	0	0	565	736	
2	0	0	0	0	572	736	
3	0	0	0	0	577	734	
4	0	0	0	0	574	723	
5	0	0	0	0	569	705	
6	0	0	0	0	567	679	
7	0	0	0	0	565	652	
8	0	0	0	0	561	624	
9	0	0	0	0	558	596	
10	0	0	0	0	555	569	
11	0	0	0	0	554	551	
12	0	0	0	0	551	538	
13	0	0	0	0	550	534	
14	0	0	0	0	551	535	
15	0	0	0	0	551	540	
0	0	0	0	0	553	552	
1	0	0	0	0	551	567	
2	0	0	0	0	550	583	
3	0	0	0	0	552	602	
4	0	0	0	0	552	615	
5	0	0	0	0	549	621	
6	0	0	0	0	547	625	
7	0	0	0	0	549	622	
8	0	0	0	0	552	613	
9	0	0	0	0	556	606	
10	0	0	0	0	560	602	
11	0	0	0	0	563	600	
12	0	0	0	0	563	593	
13	0	0	0	0	566	581	
14	0	0	0	0	569	567	
15	0	0	0	0	571	551	
0	0	0	0	0	572	539	
1	0	0	0	0	572	527	
2	0	0	0	0	569	523	
3	0	0	0	0	559	527	
4	0	0	0	0	546	543	
5	0	0	0	0	532	567	
6	0	0	0	0	519	591	
7	0	0	0	0	509	615	
8	0	0	0	0	504	636	
9	0	0	0	0	501	654	
10	0	0	0	0	503	661	
11	0	0	0	0	509	666	
12	0	0	0	0	515	662	
13	0	0	0	0	519	641	
14	0	0	0	0	522	615	
15	0	0	0	0	525	587	
0	0	0	0	0	525	564	
1	0	0	0	0	525	551	
2	0	0	0	0	527	542	
3	0	0	0	0	527	534	
4	0	0	0	0	526	524	
5	0	0	0	0	523	513	
6	0	0	0	0	522	508	
7	0	0	0	0	521	498	
8	0	0	0	0	519	490	
9	0	0	0	0	515	481	
10	0	0	0	0	515	475	
11	0	0	0	0	513	477	
12	0	0	0	0	508	481	
13	0	0	0	0	499	488	
14	0	0	0	0	493	497	
15	0	0	0	0	486	505	
0	0	0	0	0	475	513	
1	0	0	0	0	467	518	
2	0	0	0	0	463	519	
3	0	0	0	0	464	518	
4	0	0	0	0	470	513	
5	0	0	0	0	481	509	
6	0	0	0	0	492	504	
7	0	0	0	0	501	492	
8	0	0	0	0	505	479	
9	0	0	0	0	505	467	
10	0	0	0	0	501	456	
11	0	0	0	0	494	449	
12	0	0	0	0	485	447	
13	0	0	0	0	480	446	
14	0	0	0	0	480	449	
15	0	0	0	0	482	454	
0	0	0	0	0	485	461	
1	0	0	0	0	489	473	
2	0	0	0	0	492	488	
3	0	0	0	0	489	500	
4	0	0	0	0	486	511	
5	0	0	0	0	491	521	
6	0	0	0	0	500	538	
7	0	0	0	0	505	561	
8	0	0	0	0	511	584	
9	0	0	0	0	512	600	
10	0	0	0	0	507	602	
11	0	0	0	0	501	591	
12	0	0	0	0	493	569	
13	0	0	0	0	485	542	
14	0	0	0	0	477	513	
15	0	0	0	0	468	485	
0	0	0	0	0	458	460	
1	0	0	0	0	448	439	
2	0	0	0	0	439	423	
3	0	0	0	0	434	417	
4	0	0	0	0	433	419	
5	0	0	0	0	439	432	
6	0	0	0	0	453	448	
7	0	0	0	0	472	459	
8	0	0	0	0	491	468	
9	0	0	0	0	513	480	
10	0	0	0	0	532	495	
11	0	0	0	0	549	509	
12	0	0	0	0	560	513	
13	0	0	0	0	564	511	
14	0	0	0	0	564	500	
15	0	0	0	0	563	492	
0	0	0	0	0	560	486	
1	0	0	0	0	556	482	
2	0	0	0	0	554	482	
3	0	0	0	0	556	486	
4	0	0	0	0	558	490	
5	0	0	0	0	556	496	
6	0	0	0	0	553	508	
7	0	0	0	0	550	520	
8	0	0	0	0	545	535	
9	0	0	0	0	543	542	
10	0	0	0	0	541	540	
11	0	0	0	0	541	528	
12	0	0	0	0	544	510	
13	0	0	0	0	550	488	
14	0	0	0	0	558	468	
15	0	0	0	0	562	453	
0	0	0	0	0	561	445	
1	0	0	0	0	557	447	
2	0	0	0	0	546	449	
3	0	0	0	0	536	443	
4	0	0	0	0	529	434	
5	0	0	0	0	526	420	
6	0	0	0	0	528	407	
7	0	0	0	0	536	401	
8	0	0	0	0	546	403	
9	0	0	0	0	559	415	
10	0	0	0	0	572	430	
11	0	0	0	0	580	452	
12	0	0	0	0	584	477	
13	0	0	0	0	582	503	
14	0	0	0	0	572	524	
15	0	0	0	0	560	541	
0	0	0	0	0	547	555	
1	0	0	0	0	541	557	
2	0	0	0	0	538	555	
3	0	0	0	0	537	554	
4	0	0	0	0	538	552	
5	0	0	0	0	538	545	
6	0	0	0	0	540	532	
7	0	0	0	0	535	517	
8	0	0	0	0	525	498	
9	0	0	0	0	510	475	
10	0	0	0	0	499	459	
11	0	0	0	0	492	448	
12	0	0	0	0	488	446	
13	0	0	0	0	487	447	
14	0	0	0	0	487	447	
15	0	0	0	0	488	445	
0	0	0	0	0	489	441	
1	0	0	0	0	489	439	
2	0	0	0	0	484	444	
3	0	0	0	0	482	451	
4	0	0	0	0	481	463	
5	0	0	0	0	483	478	
6	0	0	0	0	488	493	
7	0	0	0	0	494	504	
8	0	0	0	0	502	512	
9	0	0	0	0	508	515	
10	0	0	0	0	515	514	
11	0	0	0	0	523	513	
12	0	0	0	0	533	512	
13	0	0	0	0	543	516	
14	0	0	0	0	547	519	
15	0	0	0	0	546	517	
0	0	0	0	0	540	514	
1	0	0	0	0	534	511	
2	0	0	0	0	526	506	
3	0	0	0	0	521	500	
4	0	0	0	0	519	495	
5	0	0	0	0	515	484	
6	0	0	0	0	513	475	
7	0	0	0	0	509	468	
8	0	0	0	0	505	464	
9	0	0	0	0	500	457	
10	0	0	0	0	496	445	
11	0	0	0	0	488	432	
12	0	0	0	0	476	423	
13	0	0	0	0	468	426	
14	0	0	0	0	467	437	
15	0	0	0	0	467	454	
0	0	0	0	0	464	472	
1	0	0	0	0	463	484	
2	0	0	0	0	461	492	
3	0	0	0	0	460	497	
4	0	0	0	0	461	500	
5	0	0	0	0	467	506	
6	0	0	0	0	478	517	
7	0	0	0	0	486	531	
8	0	0	0	0	492	540	
9	0	0	0	0	493	545	
10	0	0	0	0	492	548	
11	0	0	0	0	486	546	
12	0	0	0	0	479	540	
13	0	0	0	0	478	531	
14	0	0	0	0	473	521	
15	0	0	0	0	466	515	
0	0	0	0	0	455	510	
1	0	0	0	0	446	514	
2	0	0	0	0	441	529	
3	0	0	0	0	445	558	
4	0	0	0	0	453	596	
5	0	0	0	0	460	639	
6	0	0	0	0	470	669	
7	0	0	0	0	481	684	
8	0	0	0	0	493	677	
9	0	0	0	0	499	647	
10	0	0	0	0	497	598	
11	0	0	0	0	497	546	
12	0	0	0	0	500	499	
13	0	0	0	0	508	456	
14	0	0	0	0	518	420	
15	0	0	0	0	529	403	
0	0	0	0	0	541	400	
1	0	0	0	0	549	411	
2	0	0	0	0	554	425	
3	0	0	0	0	553	447	
4	0	0	0	0	555	472	
5	0	0	0	0	553	497	
6	0	0	0	0	550	518	
7	0	0	0	0	546	532	
8	0	0	0	0	543	537	
9	0	0	0	0	542	539	
10	0	0	0	0	542	538	
11	0	0	0	0	533	539	
12	0	0	0	0	521	541	
13	0	0	0	0	509	542	
14	0	0	0	0	497	543	
15	0	0	0	0	487	546	
0	0	0	0	0	481	546	
1	0	0	0	0	478	548	
2	0	0	0	0	478	543	
3	0	0	0	0	479	535	
4	0	0	0	0	483	524	
5	0	0	0	0	491	511	
6	0	0	0	0	503	501	
7	0	0	0	0	510	491	
8	0	0	0	0	514	488	
9	0	0	0	0	516	484	
10	0	0	0	0	515	480	
11	0	0	0	0	512	472	
12	0	0	0	0	513	459	
13	0	0	0	0	519	444	
14	0	0	0	0	525	441	
15	0	0	0	0	530	450	
0	0	0	0	0	533	466	
1	0	0	0	0	535	488	
2	0	0	0	0	539	508	
3	0	0	0	0	538	524	
4	0	0	0	0	536	534	
5	0	0	0	0	531	539	
6	0	0	0	0	524	541	
7	0	0	0	0	512	541	
8	0	0	0	0	501	540	
9	0	0	0	0	492	537	
10	0	0	0	0	486	535	
11	0	0	0	0	479	527	
12	0	0	0	0	473	519	
13	0	0	0	0	473	510	
14	0	0	0	0	483	500	
15	0	0	0	0	494	490	
0	0	0	0	0	503	477	
1	0	0	0	0	509	465	
2	0	0	0	0	512	457	
3	0	0	0	0	514	455	
4	0	0	0	0	513	455	
5	0	0	0	0	508	457	
6	0	0	0	0	503	463	
7	0	0	0	0	503	469	
8	0	0	0	0	506	478	
9	0	0	0	0	505	494	
10	0	0	0	0	504	512	
11	0	0	0	0	498	535	
12	0	0	0	0	488	549	
13	0	0	0	0	484	548	
14	0	0	0	0	486	534	
15	0	0	0	0	492	512	
0	0	0	0	0	495	486	
1	0	0	0	0	496	462	
2	0	0	0	0	498	440	
3	0	0	0	0	497	422	
4	0	0	0	0	493	413	
5	0	0	0	0	486	409	
6	0	0	0	0	479	411	
7	0	0	0	0	473	413	
8	0	0	0	0	470	419	
9	0	0	0	0	467	429	
10	0	0	0	0	465	441	
11	0	0	0	0	467	451	
12	0	0	0	0	470	460	
13	0	0	0	0	473	467	
14	0	0	0	0	475	476	
15	0	0	0	0	472	485	
0	0	0	0	0	471	495	
1	0	0	0	0	472	499	
2	0	0	0	0	473	500	
3	0	0	0	0	472	502	
4	0	0	0	0	468	508	
5	0	0	0	0	465	519	
6	0	0	0	0	462	526	
7	0	0	0	0	463	520	
8	0	0	0	0	466	510	
9	0	0	0	0	470	498	
10	0	0	0	0	473	486	
11	0	0	0	0	476	478	
12	0	0	0	0	475	468	
13	0	0	0	0	471	461	
14	0	0	0	0	465	456	
15	0	0	0	0	455	452	
0	0	0	0	0	445	448	
1	0	0	0	0	438	446	
2	0	0	0	0	433	451	
3	0	0	0	0	434	456	
4	0	0	0	0	434	460	
5	0	0	0	0	436	462	
6	0	0	0	0	441	461	
7	0	0	0	0	446	454	
8	0	0	0	0	449	446	
9	0	0	0	0	449	439	
10	0	0	0	0	452	439	
11	0	0	0	0	456	441	
12	0	0	0	0	462	446	
13	0	0	0	0	466	453	
14	0	0	0	0	465	463	
15	0	0	0	0	469	475	
0	0	0	0	0	468	484	
1	0	0	0	0	468	491	
2	0	0	0	0	469	489	
3	0	0	0	0	469	485	
4	0	0	0	0	470	479	
5	0	0	0	0	473	475	
6	0	0	0	0	475	470	
7	0	0	0	0	478	465	
8	0	0	0	0	476	462	
9	0	0	0	0	473	460	
10	0	0	0	0	475	464	
11	0	0	0	0	478	471	
12	0	0	0	0	481	482	
13	0	0	0	0	492	495	
14	0	0	0	0	506	504	
15	0	0	0	0	523	510	
0	0	0	0	0	533	509	
1	0	0	0	0	536	502	
2	0	0	0	0	525	491	
3	0	0	0	0	503	479	
4	0	0	0	0	478	472	
5	0	0	0	0	456	475	
6	0	0	0	0	444	487	
7	0	0	0	0	435	500	
8	0	0	0	0	430	502	
9	0	0	0	0	429	493	
10	0	0	0	0	432	476	
11	0	0	0	0	437	455	
12	0	0	0	0	446	431	
13	0	0	0	0	459	406	
14	0	0	0	0	472	379	
15	0	0	0	0	486	359	
0	0	0	0	0	500	344	
1	0	0	0	0	515	334	
2	0	0	0	0	531	342	
3	0	0	0	0	541	351	
4	0	0	0	0	550	363	
5	0	0	0	0	555	372	
6	0	0	0	0	560	377	
7	0	0	0	0	565	377	
8	0	0	0	0	564	376	
9	0	0	0	0	560	371	
10	0	0	0	0	556	368	
11	0	0	0	0	550	361	
12	0	0	0	0	549	358	
13	0	0	0	0	550	366	
14	0	0	0	0	550	373	
15	0	0	0	0	549	382	
0	0	0	0	0	546	391	
1	0	0	0	0	542	401	
2	0	0	0	0	540	412	
3	0	0	0	0	535	422	
4	0	0	0	0	533	431	
5	0	0	0	0	540	446	
6	0	0	0	0	547	466	
7	0	0	0	0	552	495	
8	0	0	0	0	555	525	
9	0	0	0	0	560	548	
10	0	0	0	0	561	564	
11	0	0	0	0	558	571	
12	0	0	0	0	550	570	
13	0	0	0	0	542	563	
14	0	0	0	0	539	549	
15	0	0	0	0	534	525	
0	0	0	0	0	529	492	
1	0	0	0	0	527	467	
2	0	0	0	0	526	443	
3	0	0	0	0	518	422	
4	0	0	0	0	506	401	
5	0	0	0	0	491	385	
6	0	0	0	0	475	379	
7	0	0	0	0	462	376	
8	0	0	0	0	452	377	
9	0	0	0	0	443	376	
10	0	0	0	0	433	378	
11	0	0	0	0	431	390	
12	0	0	0	0	438	412	
13	0	0	0	0	449	436	
14	0	0	0	0	467	462	
15	0	0	0	0	484	488	
0	0	0	0	0	498	508	
1	0	0	0	0	511	518	
2	0	0	0	0	516	515	
3	0	0	0	0	519	507	
4	0	0	0	0	516	496	
5	0	0	0	0	514	488	
6	0	0	0	0	511	481	
7	0	0	0	0	507	474	
8	0	0	0	0	500	465	
9	0	0	0	0	493	453	
10	0	0	0	0	488	437	
11	0	0	0	0	487	419	
12	0	0	0	0	485	402	
13	0	0	0	0	481	386	
14	0	0	0	0	475	376	
15	0	0	0	0	472	377	
0	0	0	0	0	470	380	
1	0	0	0	0	470	390	
2	0	0	0	0	473	403	
3	0	0	0	0	472	419	
4	0	0	0	0	473	435	
5	0	0	0	0	477	448	
6	0	0	0	0	482	460	
7	0	0	0	0	486	471	
8	0	0	0	0	491	480	
9	0	0	0	0	498	486	
10	0	0	0	0	499	495	
11	0	0	0	0	498	505	
12	0	0	0	0	495	516	
13	0	0	0	0	489	532	
14	0	0	0	0	486	554	
15	0	0	0	0	488	581	
0	0	0	0	0	489	600	
1	0	0	0	0	491	611	
2	0	0	0	0	496	602	
3	0	0	0	0	500	583	
4	0	0	0	0	505	560	
5	0	0	0	0	510	534	
6	0	0	0	0	519	509	
7	0	0	0	0	526	489	
8	0	0	0	0	531	479	
9	0	0	0	0	536	470	
10	0	0	0	0	542	460	
11	0	0	0	0	544	456	
12	0	0	0	0	541	451	
13	0	0	0	0	539	446	
14	0	0	0	0	538	451	
15	0	0	0	0	540	455	
0	0	0	0	0	536	459	
1	0	0	0	0	531	467	
2	0	0	0	0	531	466	
3	0	0	0	0	531	465	
4	0	0	0	0	529	462	
5	0	0	0	0	524	462	
6	0	0	0	0	516	467	
7	0	0	0	0	510	476	
8	0	0	0	0	504	492	
9	0	0	0	0	504	514	
10	0	0	0	0	509	538	
11	0	0	0	0	520	563	
12	0	0	0	0	533	577	
13	0	0	0	0	540	578	
14	0	0	0	0	542	569	
15	0	0	0	0	540	552	
0	0	0	0	0	536	527	
1	0	0	0	0	526	499	
2	0	0	0	0	512	477	
3	0	0	0	0	500	460	
4	0	0	0	0	489	448	
5	0	0	0	0	483	441	
6	0	0	0	0	480	436	
7	0	0	0	0	480	432	
8	0	0	0	0	480	431	
9	0	0	0	0	484	440	
10	0	0	0	0	491	455	
11	0	0	0	0	498	477	
12	0	0	0	0	508	500	
13	0	0	0	0	516	523	
14	0	0	0	0	524	544	
15	0	0	0	0	533	558	
0	0	0	0	0	540	561	
1	0	0	0	0	544	555	
2	0	0	0	0	547	543	
3	0	0	0	0	551	526	
4	0	0	0	0	558	504	
5	0	0	0	0	561	481	
6	0	0	0	0	561	458	
7	0	0	0	0	560	440	
8	0	0	0	0	558	425	
9	0	0	0	0	551	409	
10	0	0	0	0	539	395	
11	0	0	0	0	521	381	
12	0	0	0	0	507	380	
13	0	0	0	0	495	393	
14	0	0	0	0	489	414	
15	0	0	0	0	487	438	
0	0	0	0	0	487	463	
1	0	0	0	0	492	491	
2	0	0	0	0	495	513	
3	0	0	0	0	493	525	
4	0	0	0	0	489	524	
5	0	0	0	0	484	515	
6	0	0	0	0	480	498	
7	0	0	0	0	480	480	
8	0	0	0	0	480	461	
9	0	0	0	0	486	447	
10	0	0	0	0	489	447	
11	0	0	0	0	491	455	
12	0	0	0	0	494	463	
13	0	0	0	0	497	472	
14	0	0	0	0	503	487	
15	0	0	0	0	510	502	
0	0	0	0	0	523	520	
1	0	0	0	0	534	535	
2	0	0	0	0	542	541	
3	0	0	0	0	545	542	
4	0	0	0	0	544	535	
5	0	0	0	0	541	520	
6	0	0	0	0	539	505	
7	0	0	0	0	536	491	
8	0	0	0	0	538	476	
9	0	0	0	0	537	464	
10	0	0	0	0	534	455	
11	0	0	0	0	531	449	
12	0	0	0	0	529	446	
13	0	0	0	0	532	448	
14	0	0	0	0	535	459	
15	0	0	0	0	535	474	
0	0	0	0	0	535	489	
1	0	0	0	0	531	501	
2	0	0	0	0	527	509	
3	0	0	0	0	519	508	
4	0	0	0	0	515	501	
5	0	0	0	0	509	489	
6	0	0	0	0	507	481	
7	0	0	0	0	504	478	
8	0	0	0	0	501	480	
9	0	0	0	0	499	487	
10	0	0	0	0	495	496	
11	0	0	0	0	491	503	
12	0	0	0	0	491	511	
13	0	0	0	0	502	527	
14	0	0	0	0	518	546	
15	0	0	0	0	536	560	
0	0	0	0	0	550	570	
1	0	0	0	0	559	570	
2	0	0	0	0	561	562	
3	0	0	0	0	556	547	
4	0	0	0	0	548	534	
5	0	0	0	0	541	525	
6	0	0	0	0	535	516	
7	0	0	0	0	530	504	
8	0	0	0	0	525	484	
9	0	0	0	0	519	463	
10	0	0	0	0	513	443	
11	0	0	0	0	508	425	
12	0	0	0	0	506	412	
13	0	0	0	0	505	403	
14	0	0	0	0	505	400	
15	0	0	0	0	507	396	
0	0	0	0	0	508	397	
1	0	0	0	0	511	395	
2	0	0	0	0	513	397	
3	0	0	0	0	518	405	
4	0	0	0	0	524	413	
5	0	0	0	0	527	419	
6	0	0	0	0	526	430	
7	0	0	0	0	526	444	
8	0	0	0	0	522	457	
9	0	0	0	0	514	468	
10	0	0	0	0	505	481	
11	0	0	0	0	499	493	
12	0	0	0	0	496	509	
13	0	0	0	0	497	529	
14	0	0	0	0	508	551	
15	0	0	0	0	524	569	
0	0	0	0	0	545	582	
1	0	0	0	0	565	590	
2	0	0	0	0	575	595	
3	0	0	0	0	580	597	
4	0	0	0	0	579	600	
5	0	0	0	0	570	604	
6	0	0	0	0	564	604	
7	0	0	0	0	560	591	
8	0	0	0	0	553	571	
9	0	0	0	0	543	550	
10	0	0	0	0	532	527	
11	0	0	0	0	520	510	
12	0	0	0	0	508	492	
13	0	0	0	0	500	476	
14	0	0	0	0	499	462	
15	0	0	0	0	504	454	
0	0	0	0	0	512	456	
1	0	0	0	0	522	460	
2	0	0	0	0	528	465	
3	0	0	0	0	533	464	
4	0	0	0	0	536	462	
5	0	0	0	0	538	463	
6	0	0	0	0	537	462	
7	0	0	0	0	536	458	
8	0	0	0	0	533	452	
9	0	0	0	0	531	453	
10	0	0	0	0	532	462	
11	0	0	0	0	532	467	
12	0	0	0	0	528	468	
13	0	0	0	0	521	469	
14	0	0	0	0	513	471	
15	0	0	0	0	503	474	
0	0	0	0	0	494	476	
1	0	0	0	0	488	477	
2	0	0	0	0	480	478	
3	0	0	0	0	474	481	
4	0	0	0	0	473	479	
5	0	0	0	0	472	474	
6	0	0	0	0	476	473	
7	0	0	0	0	484	479	
8	0	0	0	0	494	491	
9	0	0	0	0	504	505	
10	0	0	0	0	512	515	
11	0	0	0	0	513	522	
12	0	0	0	0	509	519	
13	0	0	0	0	503	508	
14	0	0	0	0	494	492	
15	0	0	0	0	486	473	
0	0	0	0	0	478	451	
1	0	0	0	0	471	431	
2	0	0	0	0	471	414	
3	0	0	0	0	473	404	
4	0	0	0	0	475	404	
5	0	0	0	0	476	413	
6	0	0	0	0	483	426	
7	0	0	0	0	491	440	
8	0	0	0	0	499	459	
9	0	0	0	0	504	476	
10	0	0	0	0	511	487	
11	0	0	0	0	516	497	
12	0	0	0	0	521	508	
13	0	0	0	0	529	522	
14	0	0	0	0	540	528	
15	0	0	0	0	550	532	
0	0	0	0	0	557	539	
1	0	0	0	0	552	544	
2	0	0	0	0	546	552	
3	0	0	0	0	539	557	
4	0	0	0	0	531	560	
5	0	0	0	0	522	560	
6	0	0	0	0	510	560	
7	0	0	0	0	502	560	
8	0	0	0	0	492	559	
9	0	0	0	0	484	559	
10	0	0	0	0	478	559	
11	0	0	0	0	475	553	
12	0	0	0	0	471	545	
13	0	0	0	0	468	536	
14	0	0	0	0	466	527	
15	0	0	0	0	466	518	
0	0	0	0	0	470	513	
1	0	0	0	0	478	509	
2	0	0	0	0	487	500	
3	0	0	0	0	493	492	
4	0	0	0	0	499	478	
5	0	0	0	0	499	460	
6	0	0	0	0	500	448	
7	0	0	0	0	494	448	
8	0	0	0	0	485	451	
9	0	0	0	0	479	459	
10	0	0	0	0	475	470	
11	0	0	0	0	474	487	
12	0	0	0	0	477	502	
13	0	0	0	0	480	512	
14	0	0	0	0	488	516	
15	0	0	0	0	496	518	
0	0	0	0	0	501	518	
1	0	0	0	0	507	511	
2	0	0	0	0	509	504	
3	0	0	0	0	513	505	
4	0	0	0	0	516	511	
5	0	0	0	0	521	521	
6	0	0	0	0	525	529	
7	0	0	0	0	531	539	
8	0	0	0	0	537	545	
9	0	0	0	0	542	548	
10	0	0	0	0	542	551	
11	0	0	0	0	538	556	
12	0	0	0	0	534	561	
13	0	0	0	0	526	562	
14	0	0	0	0	519	561	
15	0	0	0	0	510	559	
0	0	0	0	0	500	557	
1	0	0	0	0	492	561	
2	0	0	0	0	486	568	
3	0	0	0	0	483	569	
4	0	0	0	0	483	566	
5	0	0	0	0	483	559	
6	0	0	0	0	487	547	
7	0	0	0	0	492	532	
8	0	0	0	0	501	516	
9	0	0	0	0	510	502	
10	0	0	0	0	519	494	
11	0	0	0	0	529	492	
12	0	0	0	0	539	489	
13	0	0	0	0	544	489	
14	0	0	0	0	547	486	
15	0	0	0	0	545	482	
0	0	0	0	0	541	476	
1	0	0	0	0	536	472	
2	0	0	0	0	530	476	
3	0	0	0	0	520	485	
4	0	0	0	0	507	492	
5	0	0	0	0	496	496	
6	0	0	0	0	488	502	
7	0	0	0	0	487	508	
8	0	0	0	0	494	520	
9	0	0	0	0	501	537	
10	0	0	0	0	508	558	
11	0	0	0	0	518	577	
12	0	0	0	0	524	593	
13	0	0	0	0	526	604	
14	0	0	0	0	524	605	
15	0	0	0	0	519	599	
0	0	0	0	0	515	583	
1	0	0	0	0	511	558	
2	0	0	0	0	510	530	
3	0	0	0	0	512	507	
4	0	0	0	0	515	493	
5	0	0	0	0	518	487	
6	0	0	0	0	521	488	
7	0	0	0	0	527	495	
8	0	0	0	0	536	505	
9	0	0	0	0	541	512	
10	0	0	0	0	547	519	
11	0	0	0	0	551	524	
12	0	0	0	0	553	531	
13	0	0	0	0	557	541	
14	0	0	0	0	558	550	
15	0	0	0	0	554	558	
0	0	0	0	0	547	558	
1	0	0	0	0	539	554	
2	0	0	0	0	530	550	
3	0	0	0	0	519	550	
4	0	0	0	0	512	551	
5	0	0	0	0	509	554	
6	0	0	0	0	510	555	
7	0	0	0	0	515	559	
8	0	0	0	0	524	567	
9	0	0	0	0	534	577	
10	0	0	0	0	543	583	
11	0	0	0	0	548	584	
12	0	0	0	0	550	583	
13	0	0	0	0	551	584	
14	0	0	0	0	549	583	
15	0	0	0	0	547	583	
0	0	0	0	0	547	579	
1	0	0	0	0	546	575	
2	0	0	0	0	544	572	
3	0	0	0	0	539	569	
4	0	0	0	0	536	561	
5	0	0	0	0	536	553	
6	0	0	0	0	538	545	
7	0	0	0	0	540	537	
8	0	0	0	0	545	536	
9	0	0	0	0	553	535	
10	0	0	0	0	566	537	
11	0	0	0	0	580	540	
12	0	0	0	0	586	543	
13	0	0	0	0	590	540	
14	0	0	0	0	596	527	
15	0	0	0	0	598	514	
0	0	0	0	0	597	499	
1	0	0	0	0	592	487	
2	0	0	0	0	587	480	
3	0	0	0	0	578	475	
4	0	0	0	0	568	475	
5	0	0	0	0	562	479	
6	0	0	0	0	555	486	
7	0	0	0	0	548	492	
8	0	0	0	0	540	502	
9	0	0	0	0	533	513	
10	0	0	0	0	526	523	
11	0	0	0	0	527	531	
12	0	0	0	0	534	534	
13	0	0	0	0	537	536	
14	0	0	0	0	534	539	
15	0	0	0	0	524	543	
0	0	0	0	0	513	543	
1	0	0	0	0	504	542	
2	0	0	0	0	495	540	
3	0	0	0	0	495	537	
4	0	0	0	0	498	534	
5	0	0	0	0	503	533	
6	0	0	0	0	507	535	
7	0	0	0	0	512	534	
8	0	0	0	0	513	527	
9	0	0	0	0	511	523	
10	0	0	0	0	505	515	
11	0	0	0	0	498	508	
12	0	0	0	0	488	495	
13	0	0	0	0	480	483	
14	0	0	0	0	469	468	
15	0	0	0	0	460	457	
0	0	0	0	0	451	453	
1	0	0	0	0	445	457	
2	0	0	0	0	445	465	
3	0	0	0	0	447	472	
4	0	0	0	0	452	476	
5	0	0	0	0	459	482	
6	0	0	0	0	469	488	
7	0	0	0	0	479	491	
8	0	0	0	0	487	493	
9	0	0	0	0	493	495	
10	0	0	0	0	500	495	
11	0	0	0	0	505	499	
12	0	0	0	0	511	510	
13	0	0	0	0	519	527	
14	0	0	0	0	524	542	
15	0	0	0	0	524	551	
0	0	0	0	0	524	547	
1	0	0	0	0	519	536	
2	0	0	0	0	516	517	
3	0	0	0	0	509	491	
4	0	0	0	0	504	466	
5	0	0	0	0	501	445	
6	0	0	0	0	494	436	
7	0	0	0	0	483	433	
8	0	0	0	0	473	435	
9	0	0	0	0	471	446	
10	0	0	0	0	469	460	
11	0	0	0	0	469	476	
12	0	0	0	0	474	496	
13	0	0	0	0	478	513	
14	0	0	0	0	483	524	
15	0	0	0	0	488	528	
0	0	0	0	0	493	533	
1	0	0	0	0	496	541	
2	0	0	0	0	496	547	
3	0	0	0	0	493	550	
4	0	0	0	0	489	549	
5	0	0	0	0	485	546	
6	0	0	0	0	481	539	
7	0	0	0	0	481	532	
8	0	0	0	0	481	526	
9	0	0	0	0	482	517	
10	0	0	0	0	487	510	
11	0	0	0	0	491	503	
12	0	0	0	0	495	496	
13	0	0	0	0	498	491	
14	0	0	0	0	496	489	
15	0	0	0	0	488	489	
0	0	0	0	0	478	494	
1	0	0	0	0	472	500	
2	0	0	0	0	471	504	
3	0	0	0	0	471	508	
4	0	0	0	0	467	511	
5	0	0	0	0	463	509	
6	0	0	0	0	459	504	
7	0	0	0	0	458	497	
8	0	0	0	0	462	493	
9	0	0	0	0	467	489	
10	0	0	0	0	472	478	
11	0	0	0	0	478	464	
12	0	0	0	0	484	452	
13	0	0	0	0	491	446	
14	0	0	0	0	495	447	
15	0	0	0	0	497	455	
0	0	0	0	0	497	469	
1	0	0	0	0	497	480	
2	0	0	0	0	501	495	
3	0	0	0	0	506	508	
4	0	0	0	0	509	516	
5	0	0	0	0	510	518	
6	0	0	0	0	510	517	
7	0	0	0	0	507	522	
8	0	0	0	0	506	532	
9	0	0	0	0	504	541	
10	0	0	0	0	499	544	
11	0	0	0	0	494	539	
12	0	0	0	0	494	528	
13	0	0	0	0	495	516	
14	0	0	0	0	494	505	
15	0	0	0	0	491	496	
0	0	0	0	0	490	491	
1	0	0	0	0	486	491	
2	0	0	0	0	486	500	
3	0	0	0	0	485	513	
4	0	0	0	0	486	528	
5	0	0	0	0	486	545	
6	0	0	0	0	493	559	
7	0	0	0	0	497	572	
8	0	0	0	0	505	577	
9	0	0	0	0	511	577	
10	0	0	0	0	515	571	
11	0	0	0	0	519	567	
12	0	0	0	0	528	556	
13	0	0	0	0	533	535	
14	0	0	0	0	536	511	
15	0	0	0	0	537	488	
0	0	0	0	0	535	473	
1	0	0	0	0	533	461	
2	0	0	0	0	528	454	
3	0	0	0	0	524	449	
4	0	0	0	0	519	447	
5	0	0	0	0	510	449	
6	0	0	0	0	501	458	
7	0	0	0	0	496	469	
8	0	0	0	0	492	479	
9	0	0	0	0	490	493	
10	0	0	0	0	488	510	
11	0	0	0	0	486	532	
12	0	0	0	0	484	551	
13	0	0	0	0	483	563	
14	0	0	0	0	480	565	
15	0	0	0	0	478	565	
0	0	0	0	0	474	560	
1	0	0	0	0	472	558	
2	0	0	0	0	478	559	
3	0	0	0	0	486	565	
4	0	0	0	0	499	576	
5	0	0	0	0	516	585	
6	0	0	0	0	537	590	
7	0	0	0	0	553	589	
8	0	0	0	0	563	584	
9	0	0	0	0	570	571	
10	0	0	0	0	574	549	
11	0	0	0	0	572	516	
12	0	0	0	0	566	483	
13	0	0	0	0	551	457	
14	0	0	0	0	532	434	
15	0	0	0	0	511	417	
0	0	0	0	0	493	406	
1	0	0	0	0	479	405	
2	0	0	0	0	468	410	
3	0	0	0	0	458	419	
4	0	0	0	0	446	429	
5	0	0	0	0	436	442	
6	0	0	0	0	432	453	
7	0	0	0	0	435	462	
8	0	0	0	0	440	468	
9	0	0	0	0	446	473	
10	0	0	0	0	449	478	
11	0	0	0	0	451	483	
12	0	0	0	0	451	488	
13	0	0	0	0	450	497	
14	0	0	0	0	452	513	
15	0	0	0	0	456	539	
0	0	0	0	0	471	561	
1	0	0	0	0	488	575	
2	0	0	0	0	501	579	
3	0	0	0	0	510	570	
4	0	0	0	0	519	551	
5	0	0	0	0	528	526	
6	0	0	0	0	533	498	
7	0	0	0	0	535	482	
8	0	0	0	0	531	471	
9	0	0	0	0	521	460	
10	0	0	0	0	510	454	
11	0	0	0	0	498	453	
12	0	0	0	0	486	458	
13	0	0	0	0	478	468	
14	0	0	0	0	474	484	
15	0	0	0	0	474	506	
0	0	0	0	0	470	527	
1	0	0	0	0	469	556	
2	0	0	0	0	472	587	
3	0	0	0	0	475	609	
4	0	0	0	0	476	622	
5	0	0	0	0	475	630	
6	0	0	0	0	470	627	
7	0	0	0	0	467	619	
8	0	0	0	0	465	600	
9	0	0	0	0	466	575	
10	0	0	0	0	472	548	
11	0	0	0	0	478	516	
12	0	0	0	0	483	489	
13	0	0	0	0	488	465	
14	0	0	0	0	492	443	
15	0	0	0	0	493	429	
0	0	0	0	0	496	423	
1	0	0	0	0	497	422	
2	0	0	0	0	500	423	
3	0	0	0	0	501	428	
4	0	0	0	0	505	431	
5	0	0	0	0	508	437	
6	0	0	0	0	511	450	
7	0	0	0	0	511	466	
8	0	0	0	0	509	481	
9	0	0	0	0	504	493	
10	0	0	0	0	497	507	
11	0	0	0	0	494	521	
12	0	0	0	0	491	539	
13	0	0	0	0	489	557	
14	0	0	0	0	489	563	
15	0	0	0	0	489	558	
0	0	0	0	0	490	546	
1	0	0	0	0	492	532	
2	0	0	0	0	496	521	
3	0	0	0	0	502	517	
4	0	0	0	0	506	520	
5	0	0	0	0	510	530	
6	0	0	0	0	511	543	
7	0	0	0	0	511	557	
8	0	0	0	0	511	568	
9	0	0	0	0	506	574	
10	0	0	0	0	502	579	
11	0	0	0	0	508	584	
12	0	0	0	0	517	591	
13	0	0	0	0	530	601	
14	0	0	0	0	544	607	
15	0	0	0	0	558	607	
0	0	0	0	0	566	604	
1	0	0	0	0	568	595	
2	0	0	0	0	567	586	
3	0	0	0	0	565	577	
4	0	0	0	0	563	569	
5	0	0	0	0	561	564	
6	0	0	0	0	556	560	
7	0	0	0	0	550	553	
8	0	0	0	0	545	545	
9	0	0	0	0	545	538	
10	0	0	0	0	546	535	
11	0	0	0	0	543	535	
12	0	0	0	0	542	536	
13	0	0	0	0	541	536	
14	0	0	0	0	536	534	
15	0	0	0	0	525	531	
0	0	0	0	0	513	532	
1	0	0	0	0	498	533	
2	0	0	0	0	485	536	
3	0	0	0	0	479	542	
4	0	0	0	0	484	557	
5	0	0	0	0	494	582	
6	0	0	0	0	506	607	
7	0	0	0	0	519	630	
8	0	0	0	0	533	651	
9	0	0	0	0	547	672	
10	0	0	0	0	560	694	
11	0	0	0	0	567	704	
12	0	0	0	0	567	707	
13	0	0	0	0	561	693	
14	0	0	0	0	552	674	
15	0	0	0	0	550	647	
0	0	0	0	0	550	613	
1	0	0	0	0	547	576	
2	0	0	0	0	547	544	
3	0	0	0	0	547	524	
4	0	0	0	0	541	511	
5	0	0	0	0	535	503	
6	0	0	0	0	525	501	
7	0	0	0	0	517	503	
8	0	0	0	0	510	505	
9	0	0	0	0	503	511	
10	0	0	0	0	495	519	
11	0	0	0	0	487	523	
12	0	0	0	0	480	520	
13	0	0	0	0	472	515	
14	0	0	0	0	465	515	
15	0	0	0	0	462	515	
0	0	0	0	0	457	516	
1	0	0	0	0	455	517	
2	0	0	0	0	452	524	
3	0	0	0	0	448	537	
4	0	0	0	0	451	559	
5	0	0	0	0	454	584	
6	0	0	0	0	458	607	
7	0	0	0	0	460	615	
8	0	0	0	0	460	610	
9	0	0	0	0	458	604	
10	0	0	0	0	461	597	
11	0	0	0	0	463	592	
12	0	0	0	0	467	587	
13	0	0	0	0	469	577	
14	0	0	0	0	469	567	
15	0	0	0	0	465	556	
0	0	0	0	0	461	542	
1	0	0	0	0	464	527	
2	0	0	0	0	471	514	
3	0	0	0	0	480	499	
4	0	0	0	0	491	481	
5	0	0	0	0	499	462	
6	0	0	0	0	507	447	
7	0	0	0	0	511	442	
8	0	0	0	0	513	441	
9	0	0	0	0	513	443	
10	0	0	0	0	506	446	
11	0	0	0	0	497	448	
12	0	0	0	0	486	448	
13	0	0	0	0	474	444	
14	0	0	0	0	467	438	
15	0	0	0	0	464	438	
0	0	0	0	0	463	441	
1	0	0	0	0	462	446	
2	0	0	0	0	463	455	
3	0	0	0	0	463	466	
4	0	0	0	0	462	476	
5	0	0	0	0	458	482	
6	0	0	0	0	456	487	
7	0	0	0	0	455	491	
8	0	0	0	0	456	501	
9	0	0	0	0	460	516	
10	0	0	0	0	468	535	
11	0	0	0	0	477	547	
12	0	0	0	0	483	555	
13	0	0	0	0	487	557	
14	0	0	0	0	490	553	
15	0	0	0	0	492	551	
0	0	0	0	0	487	550	
1	0	0	0	0	487	546	
2	0	0	0	0	487	545	
3	0	0	0	0	492	542	
4	0	0	0	0	501	543	
5	0	0	0	0	504	540	
6	0	0	0	0	505	532	
7	0	0	0	0	506	521	
8	0	0	0	0	507	511	
9	0	0	0	0	507	500	
10	0	0	0	0	505	487	
11	0	0	0	0	498	474	
12	0	0	0	0	486	460	
13	0	0	0	0	472	448	
14	0	0	0	0	461	442	
15	0	0	0	0	457	444	
0	0	0	0	0	460	451	
1	0	0	0	0	465	463	
2	0	0	0	0	470	477	
3	0	0	0	0	470	492	
4	0	0	0	0	472	509	
5	0	0	0	0	471	528	
6	0	0	0	0	467	546	
7	0	0	0	0	463	556	
8	0	0	0	0	455	560	
9	0	0	0	0	446	560	
10	0	0	0	0	442	558	
11	0	0	0	0	444	559	
12	0	0	0	0	449	558	
13	0	0	0	0	459	558	
14	0	0	0	0	466	559	
15	0	0	0	0	480	566	
0	0	0	0	0	499	573	
1	0	0	0	0	518	572	
2	0	0	0	0	531	565	
3	0	0	0	0	540	551	
4	0	0	0	0	544	535	
5	0	0	0	0	543	518	
6	0	0	0	0	536	503	
7	0	0	0	0	521	484	
8	0	0	0	0	502	463	
9	0	0	0	0	483	445	
10	0	0	0	0	463	430	
11	0	0	0	0	450	422	
12	0	0	0	0	441	422	
13	0	0	0	0	435	428	
14	0	0	0	0	429	436	
15	0	0	0	0	425	445	
0	0	0	0	0	426	456	
1	0	0	0	0	433	471	
2	0	0	0	0	440	486	
3	0	0	0	0	445	496	
4	0	0	0	0	447	501	
5	0	0	0	0	449	507	
6	0	0	0	0	456	507	
7	0	0	0	0	462	509	
8	0	0	0	0	467	515	
9	0	0	0	0	474	518	
10	0	0	0	0	481	517	
11	0	0	0	0	489	521	
12	0	0	0	0	494	523	
13	0	0	0	0	496	524	
14	0	0	0	0	497	524	
15	0	0	0	0	496	527	
0	0	0	0	0	494	543	
1	0	0	0	0	493	562	
2	0	0	0	0	495	587	
3	0	0	0	0	497	612	
4	0	0	0	0	495	627	
5	0	0	0	0	495	634	
6	0	0	0	0	497	632	
7	0	0	0	0	498	626	
8	0	0	0	0	500	614	
9	0	0	0	0	504	598	
10	0	0	0	0	502	580	
11	0	0	0	0	501	558	
12	0	0	0	0	496	536	
13	0	0	0	0	490	512	
14	0	0	0	0	481	495	
15	0	0	0	0	475	481	
0	0	0	0	0	474	475	
1	0	0	0	0	480	473	
2	0	0	0	0	487	471	
3	0	0	0	0	497	473	
4	0	0	0	0	504	478	
5	0	0	0	0	508	483	
6	0	0	0	0	513	487	
7	0	0	0	0	514	486	
8	0	0	0	0	507	483	
9	0	0	0	0	498	485	
10	0	0	0	0	487	487	
11	0	0	0	0	481	492	
12	0	0	0	0	473	494	
13	0	0	0	0	471	496	
14	0	0	0	0	464	499	
15	0	0	0	0	461	501	
0	0	0	0	0	461	504	
1	0	0	0	0	465	509	
2	0	0	0	0	477	518	
3	0	0	0	0	490	533	
4	0	0	0	0	498	555	
5	0	0	0	0	502	573	
6	0	0	0	0	503	591	
7	0	0	0	0	503	610	
8	0	0	0	0	507	627	
9	0	0	0	0	513	636	
10	0	0	0	0	519	640	
11	0	0	0	0	519	638	
12	0	0	0	0	520	625	
13	0	0	0	0	519	598	
14	0	0	0	0	516	561	
15	0	0	0	0	514	516	
0	0	0	0	0	513	476	
1	0	0	0	0	515	440	
2	0	0	0	0	520	414	
3	0	0	0	0	526	400	
4	0	0	0	0	527	393	
5	0	0	0	0	530	388	
6	0	0	0	0	534	388	
7	0	0	0	0	544	390	
8	0	0	0	0	556	393	
9	0	0	0	0	567	399	
10	0	0	0	0	576	409	
11	0	0	0	0	581	418	
12	0	0	0	0	579	427	
13	0	0	0	0	577	434	
14	0	0	0	0	573	436	
15	0	0	0	0	568	439	
0	0	0	0	0	560	442	
1	0	0	0	0	551	447	
2	0	0	0	0	541	452	
3	0	0	0	0	531	454	
4	0	0	0	0	521	451	
5	0	0	0	0	516	453	
6	0	0	0	0	513	456	
7	0	0	0	0	509	455	
8	0	0	0	0	508	456	
9	0	0	0	0	505	460	
10	0	0	0	0	503	466	
11	0	0	0	0	503	475	
12	0	0	0	0	505	483	
13	0	0	0	0	507	487	
14	0	0	0	0	508	486	
15	0	0	0	0	510	480	
0	0	0	0	0	512	471	
1	0	0	0	0	520	457	
2	0	0	0	0	527	444	
3	0	0	0	0	534	433	
4	0	0	0	0	540	430	
5	0	0	0	0	547	438	
6	0	0	0	0	550	450	
7	0	0	0	0	551	463	
8	0	0	0	0	555	473	
9	0	0	0	0	559	484	
10	0	0	0	0	563	490	
11	0	0	0	0	567	493	
12	0	0	0	0	569	492	
13	0	0	0	0	571	489	
14	0	0	0	0	571	485	
15	0	0	0	0	570	481	
0	0	0	0	0	570	477	
1	0	0	0	0	570	478	
2	0	0	0	0	566	485	
3	0	0	0	0	557	497	
4	0	0	0	0	547	504	
5	0	0	0	0	536	505	
6	0	0	0	0	524	503	
7	0	0	0	0	513	502	
8	0	0	0	0	503	501	
9	0	0	0	0	493	499	
10	0	0	0	0	484	501	
11	0	0	0	0	483	508	
12	0	0	0	0	486	517	
13	0	0	0	0	488	524	
14	0	0	0	0	492	528	
15	0	0	0	0	496	531	
0	0	0	0	0	500	529	
1	0	0	0	0	509	537	
2	0	0	0	0	521	560	
3	0	0	0	0	533	588	
4	0	0	0	0	545	610	
5	0	0	0	0	555	624	
6	0	0	0	0	559	625	
7	0	0	0	0	558	615	
8	0	0	0	0	552	591	
9	0	0	0	0	544	558	
10	0	0	0	0	535	523	
11	0	0	0	0	524	493	
12	0	0	0	0	513	472	
13	0	0	0	0	502	458	
14	0	0	0	0	496	447	
15	0	0	0	0	498	441	
0	0	0	0	0	503	440	
1	0	0	0	0	509	444	
2	0	0	0	0	515	455	
3	0	0	0	0	523	470	
4	0	0	0	0	535	491	
5	0	0	0	0	544	512	
6	0	0	0	0	551	532	
7	0	0	0	0	552	543	
8	0	0	0	0	551	546	
9	0	0	0	0	553	541	
10	0	0	0	0	557	527	
11	0	0	0	0	565	515	
12	0	0	0	0	570	504	
13	0	0	0	0	573	494	
14	0	0	0	0	574	484	
15	0	0	0	0	570	483	
0	0	0	0	0	561	487	
1	0	0	0	0	550	492	
2	0	0	0	0	531	499	
3	0	0	0	0	515	507	
4	0	0	0	0	503	517	
5	0	0	0	0	492	525	
6	0	0	0	0	483	529	
7	0	0	0	0	476	527	
8	0	0	0	0	471	524	
9	0	0	0	0	471	520	
10	0	0	0	0	476	518	
11	0	0	0	0	481	515	
12	0	0	0	0	489	518	
13	0	0	0	0	494	518	
14	0	0	0	0	495	517	
15	0	0	0	0	494	516	
0	0	0	0	0	494	518	
1	0	0	0	0	494	523	
2	0	0	0	0	496	531	
3	0	0	0	0	493	531	
4	0	0	0	0	488	530	
5	0	0	0	0	484	525	
6	0	0	0	0	479	515	
7	0	0	0	0	477	511	
8	0	0	0	0	479	513	
9	0	0	0	0	487	521	
10	0	0	0	0	498	532	
11	0	0	0	0	512	541	
12	0	0	0	0	526	547	
13	0	0	0	0	540	551	
14	0	0	0	0	553	553	
15	0	0	0	0	563	555	
0	0	0	0	0	565	554	
1	0	0	0	0	561	555	
2	0	0	0	0	556	558	
3	0	0	0	0	551	563	
4	0	0	0	0	546	568	
5	0	0	0	0	540	576	
6	0	0	0	0	536	587	
7	0	0	0	0	532	592	
8	0	0	0	0	534	595	
9	0	0	0	0	538	593	
10	0	0	0	0	543	591	
11	0	0	0	0	543	590	
12	0	0	0	0	542	587	
13	0	0	0	0	543	576	
14	0	0	0	0	547	567	
15	0	0	0	0	552	553	
0	0	0	0	0	555	537	
1	0	0	0	0	559	523	
2	0	0	0	0	562	505	
3	0	0	0	0	562	488	
4	0	0	0	0	562	470	
5	0	0	0	0	564	457	
6	0	0	0	0	564	447	
7	0	0	0	0	564	441	
8	0	0	0	0	563	433	
9	0	0	0	0	561	422	
10	0	0	0	0	562	422	
11	0	0	0	0	562	415	
12	0	0	0	0	561	407	
13	0	0	0	0	560	405	
14	0	0	0	0	558	403	
15	0	0	0	0	556	407	
0	0	0	0	0	556	421	
1	0	0	0	0	557	439	
2	0	0	0	0	554	465	
3	0	0	0	0	545	487	
4	0	0	0	0	534	502	
5	0	0	0	0	519	512	
6	0	0	0	0	509	520	
7	0	0	0	0	502	526	
8	0	0	0	0	502	527	
9	0	0	0	0	508	530	
10	0	0	0	0	515	530	
11	0	0	0	0	519	531	
12	0	0	0	0	520	533	
13	0	0	0	0	520	535	
14	0	0	0	0	518	536	
15	0	0	0	0	518	535	
0	0	0	0	0	520	534	
1	0	0	0	0	520	534	
2	0	0	0	0	519	534	
3	0	0	0	0	519	531	
4	0	0	0	0	519	527	
5	0	0	0	0	518	524	
6	0	0	0	0	519	524	
7	0	0	0	0	520	529	
8	0	0	0	0	521	540	
9	0	0	0	0	521	551	
10	0	0	0	0	523	555	
11	0	0	0	0	527	553	
12	0	0	0	0	535	553	
13	0	0	0	0	543	548	
14	0	0	0	0	553	543	
15	0	0	0	0	564	538	
0	0	0	0	0	566	532	
1	0	0	0	0	568	526	
2	0	0	0	0	572	516	
3	0	0	0	0	574	506	
4	0	0	0	0	573	492	
5	0	0	0	0	563	482	
6	0	0	0	0	551	471	
7	0	0	0	0	540	460	
8	0	0	0	0	528	452	
9	0	0	0	0	514	440	
10	0	0	0	0	502	426	
11	0	0	0	0	493	413	
12	0	0	0	0	488	407	
13	0	0	0	0	487	407	
14	0	0	0	0	486	410	
15	0	0	0	0	485	415	
0	0	0	0	0	485	429	
1	0	0	0	0	495	451	
2	0	0	0	0	504	475	
3	0	0	0	0	510	505	
4	0	0	0	0	510	537	
5	0	0	0	0	505	560	
6	0	0	0	0	498	578	
7	0	0	0	0	495	592	
8	0	0	0	0	495	595	
9	0	0	0	0	496	593	
10	0	0	0	0	498	592	
11	0	0	0	0	500	584	
12	0	0	0	0	503	570	
13	0	0	0	0	504	551	
14	0	0	0	0	505	530	
15	0	0	0	0	506	509	
0	0	0	0	0	509	487	
1	0	0	0	0	512	473	
2	0	0	0	0	512	465	
3	0	0	0	0	513	462	
4	0	0	0	0	515	464	
5	0	0	0	0	518	466	
6	0	0	0	0	519	465	
7	0	0	0	0	518	462	
8	0	0	0	0	520	457	
9	0	0	0	0	523	460	
10	0	0	0	0	526	465	
11	0	0	0	0	528	475	
12	0	0	0	0	531	486	
13	0	0	0	0	536	501	
14	0	0	0	0	539	516	
15	0	0	0	0	539	521	
0	0	0	0	0	538	523	
1	0	0	0	0	533	520	
2	0	0	0	0	527	515	
3	0	0	0	0	523	511	
4	0	0	0	0	517	508	
5	0	0	0	0	509	503	
6	0	0	0	0	499	498	
7	0	0	0	0	486	490	
8	0	0	0	0	475	483	
9	0	0	0	0	464	475	
10	0	0	0	0	455	467	
11	0	0	0	0	449	462	
12	0	0	0	0	449	452	
13	0	0	0	0	453	446	
14	0	0	0	0	462	441	
15	0	0	0	0	473	442	
0	0	0	0	0	484	449	
1	0	0	0	0	494	467	
2	0	0	0	0	501	489	
3	0	0	0	0	508	518	
4	0	0	0	0	519	549	
5	0	0	0	0	527	571	
6	0	0	0	0	534	585	
7	0	0	0	0	534	593	
8	0	0	0	0	526	591	
9	0	0	0	0	516	581	
10	0	0	0	0	508	559	
11	0	0	0	0	506	528	
12	0	0	0	0	504	497	
13	0	0	0	0	505	471	
14	0	0	0	0	506	455	
15	0	0	0	0	503	448	
0	0	0	0	0	501	451	
1	0	0	0	0	495	455	
2	0	0	0	0	492	462	
3	0	0	0	0	489	469	
4	0	0	0	0	488	475	
5	0	0	0	0	494	481	
6	0	0	0	0	502	489	
7	0	0	0	0	508	495	
8	0	0	0	0	509	497	
9	0	0	0	0	507	499	
10	0	0	0	0	499	499	
11	0	0	0	0	493	499	
12	0	0	0	0	490	493	
13	0	0	0	0	487	487	
14	0	0	0	0	489	478	
15	0	0	0	0	489	464	
0	0	0	0	0	489	451	
1	0	0	0	0	491	440	
2	0	0	0	0	492	435	
3	0	0	0	0	489	431	
4	0	0	0	0	486	430	
5	0	0	0	0	483	427	
6	0	0	0	0	483	427	
7	0	0	0	0	486	429	
8	0	0	0	0	492	438	
9	0	0	0	0	499	453	
10	0	0	0	0	509	470	
11	0	0	0	0	519	490	
12	0	0	0	0	527	507	
13	0	0	0	0	531	515	
14	0	0	0	0	529	515	
15	0	0	0	0	528	512	
0	0	0	0	0	529	506	
1	0	0	0	0	530	506	
2	0	0	0	0	535	507	
3	0	0	0	0	540	508	
4	0	0	0	0	547	513	
5	0	0	0	0	554	524	
6	0	0	0	0	558	535	
7	0	0	0	0	559	546	
8	0	0	0	0	554	548	
9	0	0	0	0	548	547	
10	0	0	0	0	543	542	
11	0	0	0	0	537	537	
12	0	0	0	0	531	532	
13	0	0	0	0	527	519	
14	0	0	0	0	527	496	
15	0	0	0	0	526	468	
0	0	0	0	0	522	446	
1	0	0	0	0	519	428	
2	0	0	0	0	515	415	
3	0	0	0	0	511	408	
4	0	0	0	0	512	406	
5	0	0	0	0	514	404	
6	0	0	0	0	515	405	
7	0	0	0	0	514	406	
8	0	0	0	0	515	409	
9	0	0	0	0	512	420	
10	0	0	0	0	508	436	
11	0	0	0	0	505	451	
12	0	0	0	0	505	467	
13	0	0	0	0	508	480	
14	0	0	0	0	511	487	
15	0	0	0	0	515	488	
0	0	0	0	0	519	484	
1	0	0	0	0	519	477	
2	0	0	0	0	519	474	
3	0	0	0	0	516	470	
4	0	0	0	0	516	467	
5	0	0	0	0	522	476	
6	0	0	0	0	537	492	
7	0	0	0	0	553	507	
8	0	0	0	0	562	519	
9	0	0	0	0	569	527	
10	0	0	0	0	572	534	
11	0	0	0	0	573	534	
12	0	0	0	0	569	532	
13	0	0	0	0	566	532	
14	0	0	0	0	562	534	
15	0	0	0	0	559	535	
0	0	0	0	0	559	537	
1	0	0	0	0	556	542	
2	0	0	0	0	551	550	
3	0	0	0	0	546	558	
4	0	0	0	0	540	566	
5	0	0	0	0	534	575	
6	0	0	0	0	528	583	
7	0	0	0	0	527	585	
8	0	0	0	0	524	580	
9	0	0	0	0	519	571	
10	0	0	0	0	516	554	
11	0	0	0	0	511	530	
12	0	0	0	0	507	504	
13	0	0	0	0	504	473	
14	0	0	0	0	504	447	
15	0	0	0	0	502	432	
0	0	0	0	0	504	422	
1	0	0	0	0	509	424	
2	0	0	0	0	511	434	
3	0	0	0	0	518	452	
4	0	0	0	0	525	471	
5	0	0	0	0	529	484	
6	0	0	0	0	532	494	
7	0	0	0	0	535	500	
8	0	0	0	0	536	503	
9	0	0	0	0	539	503	
10	0	0	0	0	539	497	
11	0	0	0	0	536	486	
12	0	0	0	0	530	468	
13	0	0	0	0	524	461	
14	0	0	0	0	522	457	
15	0	0	0	0	523	452	
0	0	0	0	0	524	453	
1	0	0	0	0	523	455	
2	0	0	0	0	524	462	
3	0	0	0	0	523	471	
4	0	0	0	0	522	482	
5	0	0	0	0	525	496	
6	0	0	0	0	529	505	
7	0	0	0	0	532	514	
8	0	0	0	0	535	524	
9	0	0	0	0	536	534	
10	0	0	0	0	543	539	
11	0	0	0	0	549	540	
12	0	0	0	0	557	540	
13	0	0	0	0	564	534	
14	0	0	0	0	564	527	
15	0	0	0	0	561	521	
0	0	0	0	0	556	516	
1	0	0	0	0	555	511	
2	0	0	0	0	551	509	
3	0	0	0	0	546	506	
4	0	0	0	0	542	507	
5	0	0	0	0	536	508	
6	0	0	0	0	526	515	
7	0	0	0	0	518	523	
8	0	0	0	0	511	526	
9	0	0	0	0	505	527	
10	0	0	0	0	497	527	
11	0	0	0	0	491	527	
12	0	0	0	0	481	529	
13	0	0	0	0	474	540	
14	0	0	0	0	468	563	
15	0	0	0	0	471	585	
0	0	0	0	0	475	601	
1	0	0	0	0	478	608	
2	0	0	0	0	483	608	
3	0	0	0	0	488	604	
4	0	0	0	0	490	597	
5	0	0	0	0	493	583	
6	0	0	0	0	494	561	
7	0	0	0	0	489	529	
8	0	0	0	0	484	500	
9	0	0	0	0	477	480	
10	0	0	0	0	468	465	
11	0	0	0	0	461	460	
12	0	0	0	0	456	463	
13	0	0	0	0	451	475	
14	0	0	0	0	450	486	
15	0	0	0	0	451	493	
0	0	0	0	0	453	494	
1	0	0	0	0	457	488	
2	0	0	0	0	460	483	
3	0	0	0	0	465	478	
4	0	0	0	0	471	473	
5	0	0	0	0	475	467	
6	0	0	0	0	478	460	
7	0	0	0	0	480	458	
8	0	0	0	0	484	458	
9	0	0	0	0	489	460	
10	0	0	0	0	492	466	
11	0	0	0	0	492	476	
12	0	0	0	0	493	495	
13	0	0	0	0	495	517	
14	0	0	0	0	496	541	
15	0	0	0	0	496	552	
0	0	0	0	0	495	554	
1	0	0	0	0	496	548	
2	0	0	0	0	496	541	
3	0	0	0	0	492	530	
4	0	0	0	0	489	517	
5	0	0	0	0	487	501	
6	0	0	0	0	484	485	
7	0	0	0	0	481	466	
8	0	0	0	0	474	448	
9	0	0	0	0	468	433	
10	0	0	0	0	465	427	
11	0	0	0	0	468	425	
12	0	0	0	0	473	430	
13	0	0	0	0	480	438	
14	0	0	0	0	490	450	
15	0	0	0	0	504	460	
0	0	0	0	0	520	469	
1	0	0	0	0	532	476	
2	0	0	0	0	540	479	
3	0	0	0	0	542	476	
4	0	0	0	0	539	467	
5	0	0	0	0	532	464	
6	0	0	0	0	527	466	
7	0	0	0	0	525	476	
8	0	0	0	0	523	489	
9	0	0	0	0	518	505	
10	0	0	0	0	514	518	
11	0	0	0	0	511	526	
12	0	0	0	0	512	531	
13	0	0	0	0	516	536	
14	0	0	0	0	520	534	
15	0	0	0	0	522	521	
0	0	0	0	0	523	504	
1	0	0	0	0	526	481	
2	0	0	0	0	521	454	
3	0	0	0	0	512	428	
4	0	0	0	0	499	409	
5	0	0	0	0	485	393	
6	0	0	0	0	472	380	
7	0	0	0	0	455	374	
8	0	0	0	0	442	375	
9	0	0	0	0	431	384	
10	0	0	0	0	423	398	
11	0	0	0	0	420	411	
12	0	0	0	0	425	422	
13	0	0	0	0	440	439	
14	0	0	0	0	458	461	
15	0	0	0	0	477	489	
0	0	0	0	0	494	514	
1	0	0	0	0	507	534	
2	0	0	0	0	515	542	
3	0	0	0	0	519	540	
4	0	0	0	0	518	533	
5	0	0	0	0	515	524	
6	0	0	0	0	512	515	
7	0	0	0	0	512	507	
8	0	0	0	0	515	499	
9	0	0	0	0	516	496	
10	0	0	0	0	520	496	
11	0	0	0	0	521	493	
12	0	0	0	0	519	487	
13	0	0	0	0	519	481	
14	0	0	0	0	519	479	
15	0	0	0	0	523	476	
0	0	0	0	0	523	473	
1	0	0	0	0	526	468	
2	0	0	0	0	527	465	
3	0	0	0	0	533	462	
4	0	0	0	0	540	464	
5	0	0	0	0	544	470	
6	0	0	0	0	548	483	
7	0	0	0	0	547	497	
8	0	0	0	0	543	506	
9	0	0	0	0	538	513	
10	0	0	0	0	534	515	
11	0	0	0	0	526	521	
12	0	0	0	0	510	529	
13	0	0	0	0	492	532	
14	0	0	0	0	478	527	
15	0	0	0	0	470	514	
0	0	0	0	0	463	498	
1	0	0	0	0	459	487	
2	0	0	0	0	455	476	
3	0	0	0	0	451	464	
4	0	0	0	0	448	455	
5	0	0	0	0	447	449	
6	0	0	0	0	448	442	
7	0	0	0	0	453	434	
8	0	0	0	0	458	430	
9	0	0	0	0	463	430	
10	0	0	0	0	467	431	
11	0	0	0	0	474	432	
12	0	0	0	0	483	432	
13	0	0	0	0	495	433	
14	0	0	0	0	509	436	
15	0	0	0	0	523	444	
0	0	0	0	0	536	455	
1	0	0	0	0	547	465	
2	0	0	0	0	549	474	
3	0	0	0	0	546	481	
4	0	0	0	0	540	492	
5	0	0	0	0	534	512	
6	0	0	0	0	526	531	
7	0	0	0	0	522	544	
8	0	0	0	0	514	552	
9	0	0	0	0	501	549	
10	0	0	0	0	487	540	
11	0	0	0	0	473	526	
12	0	0	0	0	460	502	
13	0	0	0	0	454	472	
14	0	0	0	0	447	436	
15	0	0	0	0	439	400	
0	0	0	0	0	431	369	
1	0	0	0	0	428	350	
2	0	0	0	0	431	342	
3	0	0	0	0	440	340	
4	0	0	0	0	456	351	
5	0	0	0	0	477	362	
6	0	0	0	0	497	376	
7	0	0	0	0	513	390	
8	0	0	0	0	527	400	
9	0	0	0	0	537	410	
10	0	0	0	0	540	422	
11	0	0	0	0	541	443	
12	0	0	0	0	541	459	
13	0	0	0	0	540	477	
14	0	0	0	0	536	493	
15	0	0	0	0	529	500	
0	0	0	0	0	521	506	
1	0	0	0	0	515	508	
2	0	0	0	0	508	509	
3	0	0	0	0	503	504	
4	0	0	0	0	499	494	
5	0	0	0	0	494	481	
6	0	0	0	0	489	470	
7	0	0	0	0	491	468	
8	0	0	0	0	492	472	
9	0	0	0	0	492	479	
10	0	0	0	0	496	491	
11	0	0	0	0	499	499	
12	0	0	0	0	503	498	
13	0	0	0	0	506	490	
14	0	0	0	0	507	479	
15	0	0	0	0	503	467	
0	0	0	0	0	497	457	
1	0	0	0	0	496	450	
2	0	0	0	0	501	449	
3	0	0	0	0	507	457	
4	0	0	0	0	510	466	
5	0	0	0	0	507	474	
6	0	0	0	0	506	483	
7	0	0	0	0	507	494	
8	0	0	0	0	507	502	
9	0	0	0	0	502	504	
10	0	0	0	0	493	506	
11	0	0	0	0	482	507	
12	0	0	0	0	474	508	
13	0	0	0	0	468	509	
14	0	0	0	0	467	510	
15	0	0	0	0	469	513	
0	0	0	0	0	474	515	
1	0	0	0	0	477	513	
2	0	0	0	0	478	512	
3	0	0	0	0	486	522	
4	0	0	0	0	498	541	
5	0	0	0	0	506	568	
6	0	0	0	0	506	597	
7	0	0	0	0	501	620	
8	0	0	0	0	492	636	
9	0	0	0	0	486	641	
10	0	0	0	0	477	640	
11	0	0	0	0	467	629	
12	0	0	0	0	459	621	
13	0	0	0	0	455	613	
14	0	0	0	0	453	608	
15	0	0	0	0	450	601	
0	0	0	0	0	451	595	
1	0	0	0	0	450	593	
2	0	0	0	0	448	595	
3	0	0	0	0	444	599	
4	0	0	0	0	446	604	
5	0	0	0	0	450	606	
6	0	0	0	0	455	607	
7	0	0	0	0	459	605	
8	0	0	0	0	465	605	
9	0	0	0	0	471	610	
10	0	0	0	0	477	611	
11	0	0	0	0	480	603	
12	0	0	0	0	480	584	
13	0	0	0	0	473	558	
14	0	0	0	0	461	524	
15	0	0	0	0	450	488	
0	0	0	0	0	444	461	
1	0	0	0	0	445	443	
2	0	0	0	0	449	439	
3	0	0	0	0	455	448	
4	0	0	0	0	461	470	
5	0	0	0	0	471	500	
6	0	0	0	0	487	541	
7	0	0	0	0	505	587	
8	0	0	0	0	518	623	
9	0	0	0	0	526	648	
10	0	0	0	0	533	663	
11	0	0	0	0	532	671	
12	0	0	0	0	527	674	
13	0	0	0	0	522	672	
14	0	0	0	0	515	657	
15	0	0	0	0	506	640	
0	0	0	0	0	501	619	
1	0	0	0	0	498	591	
2	0	0	0	0	495	566	
3	0	0	0	0	496	542	
4	0	0	0	0	496	526	
5	0	0	0	0	497	519	
6	0	0	0	0	495	519	
7	0	0	0	0	489	523	
8	0	0	0	0	480	529	
9	0	0	0	0	465	535	
10	0	0	0	0	457	536	
11	0	0	0	0	457	537	
12	0	0	0	0	463	534	
13	0	0	0	0	474	530	
14	0	0	0	0	489	533	
15	0	0	0	0	507	543	
0	0	0	0	0	520	554	
1	0	0	0	0	531	572	
2	0	0	0	0	546	594	
3	0	0	0	0	552	615	
4	0	0	0	0	556	629	
5	0	0	0	0	557	638	
6	0	0	0	0	559	641	
7	0	0	0	0	561	636	
8	0	0	0	0	560	624	
9	0	0	0	0	553	609	
10	0	0	0	0	546	592	
11	0	0	0	0	538	574	
12	0	0	0	0	535	556	
13	0	0	0	0	534	532	
14	0	0	0	0	528	513	
15	0	0	0	0	515	495	
0	0	0	0	0	502	482	
1	0	0	0	0	491	477	
2	0	0	0	0	479	474	
3	0	0	0	0	469	475	
4	0	0	0	0	458	473	
5	0	0	0	0	451	465	
6	0	0	0	0	448	455	
7	0	0	0	0	452	448	
8	0	0	0	0	458	444	
9	0	0	0	0	462	439	
10	0	0	0	0	464	437	
11	0	0	0	0	466	437	
12	0	0	0	0	467	441	
13	0	0	0	0	465	449	
14	0	0	0	0	465	458	
15	0	0	0	0	463	467	
0	0	0	0	0	460	481	
1	0	0	0	0	458	503	
2	0	0	0	0	463	528	
3	0	0	0	0	466	551	
4	0	0	0	0	470	568	
5	0	0	0	0	474	580	
6	0	0	0	0	477	592	
7	0	0	0	0	483	603	
8	0	0	0	0	489	611	
9	0	0	0	0	495	611	
10	0	0	0	0	502	608	
11	0	0	0	0	510	601	
12	0	0	0	0	523	597	
13	0	0	0	0	536	597	
14	0	0	0	0	542	599	
15	0	0	0	0	543	599	
0	0	0	0	0	537	597	
1	0	0	0	0	530	589	
2	0	0	0	0	525	579	
3	0	0	0	0	520	566	
4	0	0	0	0	518	550	
5	0	0	0	0	513	533	
6	0	0	0	0	507	520	
7	0	0	0	0	501	512	
8	0	0	0	0	499	510	
9	0	0	0	0	501	515	
10	0	0	0	0	498	522	
11	0	0	0	0	501	527	
12	0	0	0	0	502	529	
13	0	0	0	0	504	527	
14	0	0	0	0	502	520	
15	0	0	0	0	502	514	
0	0	0	0	0	499	506	
1	0	0	0	0	494	500	
2	0	0	0	0	487	496	
3	0	0	0	0	479	499	
4	0	0	0	0	468	504	
5	0	0	0	0	455	509	
6	0	0	0	0	441	514	
7	0	0	0	0	436	521	
8	0	0	0	0	444	535	
9	0	0	0	0	462	550	
10	0	0	0	0	486	565	
11	0	0	0	0	508	574	
12	0	0	0	0	530	571	
13	0	0	0	0	555	565	
14	0	0	0	0	576	556	
15	0	0	0	0	587	546	
0	0	0	0	0	588	536	
1	0	0	0	0	575	523	
2	0	0	0	0	556	509	
3	0	0	0	0	535	498	
4	0	0	0	0	514	490	
5	0	0	0	0	499	489	
6	0	0	0	0	489	494	
7	0	0	0	0	482	498	
8	0	0	0	0	476	505	
9	0	0	0	0	470	519	
10	0	0	0	0	467	534	
11	0	0	0	0	468	546	
12	0	0	0	0	470	556	
13	0	0	0	0	467	558	
14	0	0	0	0	462	554	
15	0	0	0	0	457	536	
0	0	0	0	0	457	517	
1	0	0	0	0	455	496	
2	0	0	0	0	452	474	
3	0	0	0	0	450	458	
4	0	0	0	0	455	454	
5	0	0	0	0	469	460	
6	0	0	0	0	485	469	
7	0	0	0	0	497	475	
8	0	0	0	0	510	484	
9	0	0	0	0	517	491	
10	0	0	0	0	519	494	
11	0	0	0	0	519	491	
12	0	0	0	0	516	481	
13	0	0	0	0	512	476	
14	0	0	0	0	504	475	
15	0	0	0	0	497	479	
0	0	0	0	0	490	483	
1	0	0	0	0	484	481	
2	0	0	0	0	480	483	
3	0	0	0	0	476	485	
4	0	0	0	0	469	486	
5	0	0	0	0	463	487	
6	0	0	0	0	461	489	
7	0	0	0	0	461	491	
8	0	0	0	0	458	494	
9	0	0	0	0	451	496	
10	0	0	0	0	441	502	
11	0	0	0	0	431	508	
12	0	0	0	0	429	516	
13	0	0	0	0	437	524	
14	0	0	0	0	456	528	
15	0	0	0	0	479	529	
0	0	0	0	0	496	524	
1	0	0	0	0	510	514	
2	0	0	0	0	521	502	
3	0	0	0	0	528	483	
4	0	0	0	0	529	467	
5	0	0	0	0	527	460	
6	0	0	0	0	520	463	
7	0	0	0	0	517	474	
8	0	0	0	0	519	490	
9	0	0	0	0	523	506	
10	0	0	0	0	523	522	
11	0	0	0	0	524	537	
12	0	0	0	0	526	548	
13	0	0	0	0	534	558	
14	0	0	0	0	539	561	
15	0	0	0	0	537	561	
0	0	0	0	0	531	553	
1	0	0	0	0	522	541	
2	0	0	0	0	511	528	
3	0	0	0	0	499	519	
4	0	0	0	0	492	513	
5	0	0	0	0	487	512	
6	0	0	0	0	484	519	
7	0	0	0	0	483	537	
8	0	0	0	0	486	558	
9	0	0	0	0	492	576	
10	0	0	0	0	503	589	
11	0	0	0	0	515	597	
12	0	0	0	0	523	601	
13	0	0	0	0	528	596	
14	0	0	0	0	538	585	
15	0	0	0	0	551	566	
0	0	0	0	0	559	543	
1	0	0	0	0	566	520	
2	0	0	0	0	570	501	
3	0	0	0	0	569	487	
4	0	0	0	0	565	487	
5	0	0	0	0	556	496	
6	0	0	0	0	540	513	
7	0	0	0	0	521	529	
8	0	0	0	0	502	540	
9	0	0	0	0	486	538	
10	0	0	0	0	481	530	
11	0	0	0	0	481	519	
12	0	0	0	0	487	513	
13	0	0	0	0	496	508	
14	0	0	0	0	499	500	
15	0	0	0	0	501	492	
0	0	0	0	0	502	483	
1	0	0	0	0	502	478	
2	0	0	0	0	499	477	
3	0	0	0	0	496	483	
4	0	0	0	0	495	491	
5	0	0	0	0	496	508	
6	0	0	0	0	497	529	
7	0	0	0	0	500	547	
8	0	0	0	0	499	560	
9	0	0	0	0	494	569	
10	0	0	0	0	485	573	
11	0	0	0	0	477	578	
12	0	0	0	0	471	577	
13	0	0	0	0	465	572	
14	0	0	0	0	464	564	
15	0	0	0	0	466	559	
0	0	0	0	0	470	558	
1	0	0	0	0	475	560	
2	0	0	0	0	483	570	
3	0	0	0	0	490	575	
4	0	0	0	0	493	577	
5	0	0	0	0	495	575	
6	0	0	0	0	492	566	
7	0	0	0	0	490	557	
8	0	0	0	0	489	549	
9	0	0	0	0	490	535	
10	0	0	0	0	491	513	
11	0	0	0	0	491	487	
12	0	0	0	0	487	461	
13	0	0	0	0	483	440	
14	0	0	0	0	480	428	
15	0	0	0	0	483	420	
0	0	0	0	0	485	415	
1	0	0	0	0	490	412	
2	0	0	0	0	498	411	
3	0	0	0	0	507	413	
4	0	0	0	0	519	412	
5	0	0	0	0	531	407	
6	0	0	0	0	543	399	
7	0	0	0	0	556	389	
8	0	0	0	0	563	384	
9	0	0	0	0	568	381	
10	0	0	0	0	573	380	
11	0	0	0	0	577	384	
12	0	0	0	0	580	377	
13	0	0	0	0	583	361	
14	0	0	0	0	586	355	
15	0	0	0	0	593	348	
0	0	0	0	0	592	348	
1	0	0	0	0	589	355	
2	0	0	0	0	587	364	
3	0	0	0	0	584	376	
4	0	0	0	0	581	387	
5	0	0	0	0	577	402	
6	0	0	0	0	576	426	
7	0	0	0	0	575	443	
8	0	0	0	0	572	455	
9	0	0	0	0	567	463	
10	0	0	0	0	559	467	
11	0	0	0	0	550	471	
12	0	0	0	0	542	472	
13	0	0	0	0	534	468	
14	0	0	0	0	532	464	
15	0	0	0	0	533	463	
0	0	0	0	0	532	462	
1	0	0	0	0	532	463	
2	0	0	0	0	527	465	
3	0	0	0	0	522	471	
4	0	0	0	0	516	479	
5	0	0	0	0	514	492	
6	0	0	0	0	514	507	
7	0	0	0	0	516	518	
8	0	0	0	0	519	529	
9	0	0	0	0	527	537	
10	0	0	0	0	531	533	
11	0	0	0	0	534	526	
12	0	0	0	0	536	517	
13	0	0	0	0	539	504	
14	0	0	0	0	537	485	
15	0	0	0	0	535	460	
0	0	0	0	0	530	436	
1	0	0	0	0	528	412	
2	0	0	0	0	527	391	
3	0	0	0	0	526	380	
4	0	0	0	0	524	377	
5	0	0	0	0	519	383	
6	0	0	0	0	518	405	
7	0	0	0	0	521	429	
8	0	0	0	0	525	457	
9	0	0	0	0	530	485	
10	0	0	0	0	532	505	
11	0	0	0	0	539	516	
12	0	0	0	0	548	520	
13	0	0	0	0	559	518	
14	0	0	0	0	564	512	
15	0	0	0	0	569	499	
0	0	0	0	0	571	483	
1	0	0	0	0	571	471	
2	0	0	0	0	570	465	
3	0	0	0	0	568	463	
4	0	0	0	0	566	465	
5	0	0	0	0	561	471	
6	0	0	0	0	558	482	
7	0	0	0	0	553	496	
8	0	0	0	0	549	506	
9	0	0	0	0	543	512	
10	0	0	0	0	537	516	
11	0	0	0	0	529	512	
12	0	0	0	0	520	509	
13	0	0	0	0	511	511	
14	0	0	0	0	504	512	
15	0	0	0	0	499	510	
0	0	0	0	0	496	507	
1	0	0	0	0	495	496	
2	0	0	0	0	499	484	
3	0	0	0	0	505	475	
4	0	0	0	0	507	467	
5	0	0	0	0	507	458	
6	0	0	0	0	509	453	
7	0	0	0	0	513	450	
8	0	0	0	0	520	449	
9	0	0	0	0	528	455	
10	0	0	0	0	530	459	
11	0	0	0	0	529	458	
12	0	0	0	0	525	459	
13	0	0	0	0	520	465	
14	0	0	0	0	515	473	
15	0	0	0	0	511	475	
0	0	0	0	0	508	472	
1	0	0	0	0	508	468	
2	0	0	0	0	509	463	
3	0	0	0	0	510	460	
4	0	0	0	0	511	460	
5	0	0	0	0	516	461	
6	0	0	0	0	517	467	
7	0	0	0	0	519	472	
8	0	0	0	0	523	481	
9	0	0	0	0	525	497	
10	0	0	0	0	526	520	
11	0	0	0	0	525	542	
12	0	0	0	0	525	556	
13	0	0	0	0	526	567	
14	0	0	0	0	534	575	
15	0	0	0	0	544	586	
0	0	0	0	0	551	593	
1	0	0	0	0	557	594	
2	0	0	0	0	560	588	
3	0	0	0	0	561	575	
4	0	0	0	0	560	557	
5	0	0	0	0	555	539	
6	0	0	0	0	547	521	
7	0	0	0	0	543	507	
8	0	0	0	0	535	497	
9	0	0	0	0	529	489	
10	0	0	0	0	526	490	
11	0	0	0	0	523	497	
12	0	0	0	0	521	507	
13	0	0	0	0	515	514	
14	0	0	0	0	512	524	
15	0	0	0	0	517	537	
0	0	0	0	0	524	552	
1	0	0	0	0	526	568	
2	0	0	0	0	532	579	
3	0	0	0	0	537	582	
4	0	0	0	0	536	581	
5	0	0	0	0	527	574	
6	0	0	0	0	515	558	
7	0	0	0	0	504	536	
8	0	0	0	0	495	513	
9	0	0	0	0	487	487	
10	0	0	0	0	480	461	
11	0	0	0	0	476	436	
12	0	0	0	0	476	417	
13	0	0	0	0	478	403	
14	0	0	0	0	477	395	
15	0	0	0	0	481	398	
0	0	0	0	0	491	412	
1	0	0	0	0	501	431	
2	0	0	0	0	512	451	
3	0	0	0	0	524	468	
4	0	0	0	0	534	477	
5	0	0	0	0	541	485	
6	0	0	0	0	546	486	
7	0	0	0	0	551	484	
8	0	0	0	0	550	479	
9	0	0	0	0	549	472	
10	0	0	0	0	548	467	
11	0	0	0	0	543	462	
12	0	0	0	0	533	454	
13	0	0	0	0	522	449	
14	0	0	0	0	504	448	
15	0	0	0	0	490	447	
0	0	0	0	0	476	445	
1	0	0	0	0	465	453	
2	0	0	0	0	460	472	
3	0	0	0	0	461	503	
4	0	0	0	0	463	536	
5	0	0	0	0	461	567	
6	0	0	0	0	454	592	
7	0	0	0	0	447	612	
8	0	0	0	0	440	624	
9	0	0	0	0	433	635	
10	0	0	0	0	430	634	
11	0	0	0	0	436	627	
12	0	0	0	0	444	615	
13	0	0	0	0	454	595	
14	0	0	0	0	464	571	
15	0	0	0	0	471	547	
0	0	0	0	0	474	532	
1	0	0	0	0	479	524	
2	0	0	0	0	479	509	
3	0	0	0	0	476	484	
4	0	0	0	0	476	453	
5	0	0	0	0	475	426	
6	0	0	0	0	479	405	
7	0	0	0	0	483	391	
8	0	0	0	0	484	384	
9	0	0	0	0	482	385	
10	0	0	0	0	480	391	
11	0	0	0	0	480	396	
12	0	0	0	0	483	401	
13	0	0	0	0	489	408	
14	0	0	0	0	494	426	
15	0	0	0	0	503	449	
0	0	0	0	0	510	476	
1	0	0	0	0	519	503	
2	0	0	0	0	532	527	
3	0	0	0	0	541	543	
4	0	0	0	0	543	554	
5	0	0	0	0	546	559	
6	0	0	0	0	543	558	
7	0	0	0	0	535	550	
8	0	0	0	0	524	544	
9	0	0	0	0	510	545	
10	0	0	0	0	495	554	
11	0	0	0	0	476	565	
12	0	0	0	0	451	583	
13	0	0	0	0	430	601	
14	0	0	0	0	419	612	
15	0	0	0	0	413	610	
0	0	0	0	0	409	598	
1	0	0	0	0	410	590	
2	0	0	0	0	413	579	
3	0	0	0	0	418	562	
4	0	0	0	0	427	541	
5	0	0	0	0	439	516	
6	0	0	0	0	455	488	
7	0	0	0	0	467	456	
8	0	0	0	0	476	426	
9	0	0	0	0	484	399	
10	0	0	0	0	484	376	
11	0	0	0	0	483	365	
12	0	0	0	0	483	362	
13	0	0	0	0	483	364	
14	0	0	0	0	482	374	
15	0	0	0	0	481	394	
0	0	0	0	0	481	415	
1	0	0	0	0	485	442	
2	0	0	0	0	490	471	
3	0	0	0	0	494	508	
4	0	0	0	0	497	538	
5	0	0	0	0	499	566	
6	0	0	0	0	502	585	
7	0	0	0	0	506	588	
8	0	0	0	0	509	578	
9	0	0	0	0	513	569	
10	0	0	0	0	519	563	
11	0	0	0	0	519	564	
12	0	0	0	0	515	568	
13	0	0	0	0	504	572	
14	0	0	0	0	494	573	
15	0	0	0	0	490	575	
0	0	0	0	0	493	582	
1	0	0	0	0	503	588	
2	0	0	0	0	516	593	
3	0	0	0	0	531	591	
4	0	0	0	0	539	583	
5	0	0	0	0	538	571	
6	0	0	0	0	529	555	
7	0	0	0	0	518	539	
8	0	0	0	0	500	519	
9	0	0	0	0	488	504	
10	0	0	0	0	481	493	
11	0	0	0	0	478	486	
12	0	0	0	0	476	481	
13	0	0	0	0	475	480	
14	0	0	0	0	475	487	
15	0	0	0	0	475	495	
0	0	0	0	0	474	505	
1	0	0	0	0	475	514	
2	0	0	0	0	476	521	
3	0	0	0	0	477	525	
4	0	0	0	0	478	519	
5	0	0	0	0	476	509	
6	0	0	0	0	478	500	
7	0	0	0	0	481	491	
8	0	0	0	0	487	484	
9	0	0	0	0	487	480	
10	0	0	0	0	487	480	
11	0	0	0	0	484	480	
12	0	0	0	0	483	484	
13	0	0	0	0	486	490	
14	0	0	0	0	487	493	
15	0	0	0	0	485	496	
0	0	0	0	0	484	499	
1	0	0	0	0	481	500	
2	0	0	0	0	476	499	
3	0	0	0	0	470	492	
4	0	0	0	0	465	483	
5	0	0	0	0	468	479	
6	0	0	0	0	478	476	
7	0	0	0	0	493	481	
8	0	0	0	0	507	495	
9	0	0	0	0	522	518	
10	0	0	0	0	535	545	
11	0	0	0	0	543	571	
12	0	0	0	0	545	592	
13	0	0	0	0	541	608	
14	0	0	0	0	535	618	
15	0	0	0	0	528	624	
0	0	0	0	0	521	620	
1	0	0	0	0	510	610	
2	0	0	0	0	496	594	
3	0	0	0	0	481	577	
4	0	0	0	0	470	557	
5	0	0	0	0	466	539	
6	0	0	0	0	470	521	
7	0	0	0	0	477	502	
8	0	0	0	0	490	476	
9	0	0	0	0	503	449	
10	0	0	0	0	513	430	
11	0	0	0	0	520	418	
12	0	0	0	0	529	415	
13	0	0	0	0	539	428	
14	0	0	0	0	545	449	
15	0	0	0	0	551	470	
0	0	0	0	0	556	487	
1	0	0	0	0	559	498	
2	0	0	0	0	562	505	
3	0	0	0	0	564	506	
4	0	0	0	0	568	506	
5	0	0	0	0	569	508	
6	0	0	0	0	567	511	
7	0	0	0	0	563	514	
8	0	0	0	0	563	515	
9	0	0	0	0	562	515	
10	0	0	0	0	560	519	
11	0	0	0	0	550	519	
12	0	0	0	0	537	515	
13	0	0	0	0	526	510	
14	0	0	0	0	523	505	
15	0	0	0	0	521	498	
0	0	0	0	0	520	487	
1	0	0	0	0	524	483	
2	0	0	0	0	527	488	
3	0	0	0	0	527	495	
4	0	0	0	0	524	502	
5	0	0	0	0	517	508	
6	0	0	0	0	511	514	
7	0	0	0	0	504	517	
8	0	0	0	0	502	527	
9	0	0	0	0	503	542	
10	0	0	0	0	507	557	
11	0	0	0	0	515	571	
12	0	0	0	0	526	580	
13	0	0	0	0	537	580	
14	0	0	0	0	547	580	
15	0	0	0	0	553	578	
0	0	0	0	0	561	571	
1	0	0	0	0	569	559	
2	0	0	0	0	572	544	
3	0	0	0	0	570	530	
4	0	0	0	0	563	515	
5	0	0	0	0	554	497	
6	0	0	0	0	543	480	
7	0	0	0	0	529	464	
8	0	0	0	0	510	453	
9	0	0	0	0	493	451	
10	0	0	0	0	479	458	
11	0	0	0	0	472	467	
12	0	0	0	0	465	477	
13	0	0	0	0	465	492	
14	0	0	0	0	467	514	
15	0	0	0	0	470	540	
0	0	0	0	0	474	562	
1	0	0	0	0	478	581	
2	0	0	0	0	482	594	
3	0	0	0	0	485	599	
4	0	0	0	0	482	594	
5	0	0	0	0	481	583	
6	0	0	0	0	487	569	
7	0	0	0	0	492	554	
8	0	0	0	0	500	543	
9	0	0	0	0	512	531	
10	0	0	0	0	520	521	
11	0	0	0	0	530	516	
12	0	0	0	0	536	503	
13	0	0	0	0	539	491	
14	0	0	0	0	538	485	
15	0	0	0	0	535	483	
0	0	0	0	0	531	487	
1	0	0	0	0	528	497	
2	0	0	0	0	527	509	
3	0	0	0	0	526	522	
4	0	0	0	0	521	531	
5	0	0	0	0	515	534	
6	0	0	0	0	511	537	
7	0	0	0	0	507	541	
8	0	0	0	0	502	547	
9	0	0	0	0	496	552	
10	0	0	0	0	492	557	
11	0	0	0	0	488	559	
12	0	0	0	0	484	560	
13	0	0	0	0	488	563	
14	0	0	0	0	497	569	
15	0	0	0	0	508	582	
0	0	0	0	0	520	596	
1	0	0	0	0	530	604	
2	0	0	0	0	540	607	
3	0	0	0	0	550	608	
4	0	0	0	0	555	601	
5	0	0	0	0	553	587	
6	0	0	0	0	553	571	
7	0	0	0	0	558	552	
8	0	0	0	0	564	536	
9	0	0	0	0	564	529	
10	0	0	0	0	558	526	
11	0	0	0	0	551	523	
12	0	0	0	0	540	515	
13	0	0	0	0	529	509	
14	0	0	0	0	520	500	
15	0	0	0	0	518	492	
0	0	0	0	0	519	487	
1	0	0	0	0	521	488	
2	0	0	0	0	524	489	
3	0	0	0	0	527	487	
4	0	0	0	0	533	493	
5	0	0	0	0	539	507	
6	0	0	0	0	540	531	
7	0	0	0	0	538	561	
8	0	0	0	0	531	588	
9	0	0	0	0	524	617	
10	0	0	0	0	515	645	
11	0	0	0	0	511	663	
12	0	0	0	0	509	667	
13	0	0	0	0	508	659	
14	0	0	0	0	506	639	
15	0	0	0	0	508	610	
0	0	0	0	0	508	584	
1	0	0	0	0	510	564	
2	0	0	0	0	509	547	
3	0	0	0	0	503	534	
4	0	0	0	0	493	521	
5	0	0	0	0	491	508	
6	0	0	0	0	492	496	
7	0	0	0	0	496	490	
8	0	0	0	0	499	486	
9	0	0	0	0	499	488	
10	0	0	0	0	502	495	
11	0	0	0	0	507	500	
12	0	0	0	0	512	502	
13	0	0	0	0	514	500	
14	0	0	0	0	519	503	
15	0	0	0	0	524	513	
0	0	0	0	0	526	526	
1	0	0	0	0	524	540	
2	0	0	0	0	519	549	
3	0	0	0	0	514	554	
4	0	0	0	0	508	563	
5	0	0	0	0	507	572	
6	0	0	0	0	503	585	
7	0	0	0	0	503	596	
8	0	0	0	0	507	608	
9	0	0	0	0	514	620	
10	0	0	0	0	521	626	
11	0	0	0	0	524	625	
12	0	0	0	0	523	614	
13	0	0	0	0	520	598	
14	0	0	0	0	515	583	
15	0	0	0	0	508	563	
0	0	0	0	0	500	543	
1	0	0	0	0	499	526	
2	0	0	0	0	499	516	
3	0	0	0	0	504	508	
4	0	0	0	0	511	502	
5	0	0	0	0	518	495	
6	0	0	0	0	525	492	
7	0	0	0	0	531	495	
8	0	0	0	0	533	497	
9	0	0	0	0	530	497	
10	0	0	0	0	527	495	
11	0	0	0	0	523	488	
12	0	0	0	0	521	483	
13	0	0	0	0	520	481	
14	0	0	0	0	516	485	
15	0	0	0	0	513	497	
0	0	0	0	0	511	516	
1	0	0	0	0	510	538	
2	0	0	0	0	511	556	
3	0	0	0	0	513	569	
4	0	0	0	0	514	574	
5	0	0	0	0	515	570	
6	0	0	0	0	516	560	
7	0	0	0	0	518	540	
8	0	0	0	0	518	522	
9	0	0	0	0	518	504	
10	0	0	0	0	516	492	
11	0	0	0	0	511	485	
12	0	0	0	0	500	484	
13	0	0	0	0	485	490	
14	0	0	0	0	473	498	
15	0	0	0	0	459	507	
0	0	0	0	0	446	517	
1	0	0	0	0	442	527	
2	0	0	0	0	442	536	
3	0	0	0	0	447	543	
4	0	0	0	0	455	545	
5	0	0	0	0	471	551	
6	0	0	0	0	486	559	
7	0	0	0	0	493	565	
8	0	0	0	0	496	569	
9	0	0	0	0	493	576	
10	0	0	0	0	489	576	
11	0	0	0	0	484	575	
12	0	0	0	0	482	579	
13	0	0	0	0	486	585	
14	0	0	0	0	494	601	
15	0	0	0	0	505	620	
0	0	0	0	0	519	641	
1	0	0	0	0	532	655	
2	0	0	0	0	541	657	
3	0	0	0	0	544	651	
4	0	0	0	0	539	641	
5	0	0	0	0	526	633	
6	0	0	0	0	511	623	
7	0	0	0	0	495	607	
8	0	0	0	0	482	583	
9	0	0	0	0	469	553	
10	0	0	0	0	461	526	
11	0	0	0	0	455	501	
12	0	0	0	0	454	480	
13	0	0	0	0	457	463	
14	0	0	0	0	459	447	
15	0	0	0	0	462	434	
0	0	0	0	0	467	422	
1	0	0	0	0	471	413	
2	0	0	0	0	474	405	
3	0	0	0	0	477	400	
4	0	0	0	0	482	399	
5	0	0	0	0	490	399	
6	0	0	0	0	497	401	
7	0	0	0	0	508	409	
8	0	0	0	0	515	421	
9	0	0	0	0	519	440	
10	0	0	0	0	520	463	
11	0	0	0	0	516	485	
12	0	0	0	0	512	508	
13	0	0	0	0	507	531	
14	0	0	0	0	505	553	
15	0	0	0	0	510	573	
0	0	0	0	0	522	592	
1	0	0	0	0	531	608	
2	0	0	0	0	537	621	
3	0	0	0	0	542	628	
4	0	0	0	0	543	628	
5	0	0	0	0	539	621	
6	0	0	0	0	529	605	
7	0	0	0	0	519	585	
8	0	0	0	0	510	554	
9	0	0	0	0	498	515	
10	0	0	0	0	488	472	
11	0	0	0	0	480	437	
12	0	0	0	0	475	417	
13	0	0	0	0	472	410	
14	0	0	0	0	476	408	
15	0	0	0	0	478	414	
0	0	0	0	0	479	425	
1	0	0	0	0	480	437	
2	0	0	0	0	488	449	
3	0	0	0	0	499	459	
4	0	0	0	0	511	465	
5	0	0	0	0	524	463	
6	0	0	0	0	534	457	
7	0	0	0	0	542	452	
8	0	0	0	0	550	451	
9	0	0	0	0	556	452	
10	0	0	0	0	559	458	
11	0	0	0	0	559	470	
12	0	0	0	0	556	484	
13	0	0	0	0	548	501	
14	0	0	0	0	541	516	
15	0	0	0	0	532	529	
0	0	0	0	0	526	539	
1	0	0	0	0	522	545	
2	0	0	0	0	518	542	
3	0	0	0	0	514	534	
4	0	0	0	0	512	524	
5	0	0	0	0	511	512	
6	0	0	0	0	513	504	
7	0	0	0	0	512	501	
8	0	0	0	0	511	504	
9	0	0	0	0	504	512	
10	0	0	0	0	498	520	
11	0	0	0	0	491	525	
12	0	0	0	0	483	527	
13	0	0	0	0	477	529	
14	0	0	0	0	480	534	
15	0	0	0	0	488	537	
0	0	0	0	0	497	535	
1	0	0	0	0	504	526	
2	0	0	0	0	510	512	
3	0	0	0	0	518	495	
4	0	0	0	0	523	482	
5	0	0	0	0	530	472	
6	0	0	0	0	539	467	
7	0	0	0	0	545	470	
8	0	0	0	0	549	470	
9	0	0	0	0	548	470	
10	0	0	0	0	545	469	
11	0	0	0	0	542	463	
12	0	0	0	0	536	463	
13	0	0	0	0	528	468	
14	0	0	0	0	516	472	
15	0	0	0	0	509	479	
0	0	0	0	0	504	486	
1	0	0	0	0	504	496	
2	0	0	0	0	511	509	
3	0	0	0	0	519	520	
4	0	0	0	0	526	527	
5	0	0	0	0	531	528	
6	0	0	0	0	530	524	
7	0	0	0	0	518	517	
8	0	0	0	0	499	510	
9	0	0	0	0	488	503	
10	0	0	0	0	478	499	
11	0	0	0	0	475	506	
12	0	0	0	0	479	520	
13	0	0	0	0	485	537	
14	0	0	0	0	491	551	
15	0	0	0	0	498	559	
0	0	0	0	0	504	561	
1	0	0	0	0	509	563	
2	0	0	0	0	516	563	
3	0	0	0	0	527	560	
4	0	0	0	0	539	556	
5	0	0	0	0	547	551	
6	0	0	0	0	549	548	
7	0	0	0	0	544	545	
8	0	0	0	0	535	541	
9	0	0	0	0	522	541	
10	0	0	0	0	510	550	
11	0	0	0	0	504	558	
12	0	0	0	0	501	566	
13	0	0	0	0	499	574	
14	0	0	0	0	498	582	
15	0	0	0	0	499	583	
0	0	0	0	0	501	576	
1	0	0	0	0	501	557	
2	0	0	0	0	501	527	
3	0	0	0	0	496	497	
4	0	0	0	0	487	473	
5	0	0	0	0	481	456	
6	0	0	0	0	479	450	
7	0	0	0	0	486	451	
8	0	0	0	0	490	455	
9	0	0	0	0	489	456	
10	0	0	0	0	493	452	
11	0	0	0	0	496	451	
12	0	0	0	0	500	450	
13	0	0	0	0	501	452	
14	0	0	0	0	497	462	
15	0	0	0	0	492	476	
0	0	0	0	0	490	493	
1	0	0	0	0	487	507	
2	0	0	0	0	485	519	
3	0	0	0	0	484	532	
4	0	0	0	0	486	544	
5	0	0	0	0	488	556	
6	0	0	0	0	496	560	
7	0	0	0	0	504	558	
8	0	0	0	0	511	553	
9	0	0	0	0	519	544	
10	0	0	0	0	525	531	
11	0	0	0	0	526	519	
12	0	0	0	0	519	511	
13	0	0	0	0	509	508	
14	0	0	0	0	496	500	
15	0	0	0	0	492	492	
0	0	0	0	0	490	488	
1	0	0	0	0	492	483	
2	0	0	0	0	499	475	
3	0	0	0	0	502	467	
4	0	0	0	0	504	463	
5	0	0	0	0	500	465	
6	0	0	0	0	492	476	
7	0	0	0	0	480	487	
8	0	0	0	0	472	497	
9	0	0	0	0	468	510	
10	0	0	0	0	469	522	
11	0	0	0	0	471	532	
12	0	0	0	0	472	541	
13	0	0	0	0	471	546	
14	0	0	0	0	464	552	
15	0	0	0	0	457	556	
0	0	0	0	0	444	555	
1	0	0	0	0	428	552	
2	0	0	0	0	412	550	
3	0	0	0	0	402	542	
4	0	0	0	0	402	544	
5	0	0	0	0	411	548	
6	0	0	0	0	421	561	
7	0	0	0	0	432	583	
8	0	0	0	0	441	609	
9	0	0	0	0	446	629	
10	0	0	0	0	445	638	
11	0	0	0	0	438	638	
12	0	0	0	0	431	632	
13	0	0	0	0	422	621	
14	0	0	0	0	415	596	
15	0	0	0	0	406	561	
0	0	0	0	0	399	521	
1	0	0	0	0	396	476	
2	0	0	0	0	401	433	
3	0	0	0	0	406	400	
4	0	0	0	0	417	384	
5	0	0	0	0	428	380	
6	0	0	0	0	442	384	
7	0	0	0	0	457	397	
8	0	0	0	0	468	411	
9	0	0	0	0	477	426	
10	0	0	0	0	482	441	
11	0	0	0	0	487	457	
12	0	0	0	0	491	472	
13	0	0	0	0	495	486	
14	0	0	0	0	496	502	
15	0	0	0	0	496	521	
0	0	0	0	0	497	543	
1	0	0	0	0	499	569	
2	0	0	0	0	500	592	
3	0	0	0	0	499	613	
4	0	0	0	0	499	627	
5	0	0	0	0	499	635	
6	0	0	0	0	502	631	
7	0	0	0	0	502	619	
8	0	0	0	0	506	603	
9	0	0	0	0	510	584	
10	0	0	0	0	511	561	
11	0	0	0	0	510	538	
12	0	0	0	0	506	517	
13	0	0	0	0	499	503	
14	0	0	0	0	487	492	
15	0	0	0	0	475	485	
0	0	0	0	0	463	481	
1	0	0	0	0	454	479	
2	0	0	0	0	449	477	
3	0	0	0	0	450	479	
4	0	0	0	0	452	478	
5	0	0	0	0	452	474	
6	0	0	0	0	454	467	
7	0	0	0	0	459	458	
8	0	0	0	0	469	455	
9	0	0	0	0	482	460	
10	0	0	0	0	501	471	
11	0	0	0	0	516	488	
12	0	0	0	0	529	503	
13	0	0	0	0	536	510	
14	0	0	0	0	538	509	
15	0	0	0	0	533	507	
0	0	0	0	0	524	504	
1	0	0	0	0	513	497	
2	0	0	0	0	504	494	
3	0	0	0	0	499	491	
4	0	0	0	0	502	485	
5	0	0	0	0	507	479	
6	0	0	0	0	511	475	
7	0	0	0	0	519	472	
8	0	0	0	0	526	471	
9	0	0	0	0	532	465	
10	0	0	0	0	537	462	
11	0	0	0	0	537	457	
12	0	0	0	0	534	452	
13	0	0	0	0	530	445	
14	0	0	0	0	523	440	
15	0	0	0	0	518	437	
0	0	0	0	0	513	434	
1	0	0	0	0	506	431	
2	0	0	0	0	497	434	
3	0	0	0	0	487	446	
4	0	0	0	0	482	471	
5	0	0	0	0	481	496	
6	0	0	0	0	483	519	
7	0	0	0	0	486	538	
8	0	0	0	0	487	551	
9	0	0	0	0	489	555	
10	0	0	0	0	498	551	
11	0	0	0	0	510	541	
12	0	0	0	0	523	523	
13	0	0	0	0	536	500	
14	0	0	0	0	543	477	
15	0	0	0	0	548	451	
0	0	0	0	0	552	433	
1	0	0	0	0	556	427	
2	0	0	0	0	560	431	
3	0	0	0	0	563	442	
4	0	0	0	0	558	452	
5	0	0	0	0	551	461	
6	0	0	0	0	543	467	
7	0	0	0	0	537	468	
8	0	0	0	0	532	464	
9	0	0	0	0	532	455	
10	0	0	0	0	538	446	
11	0	0	0	0	548	437	
12	0	0	0	0	560	429	
13	0	0	0	0	574	425	
14	0	0	0	0	584	425	
15	0	0	0	0	590	423	
0	0	0	0	0	591	423	
1	0	0	0	0	583	425	
2	0	0	0	0	571	431	
3	0	0	0	0	559	433	
4	0	0	0	0	550	431	
5	0	0	0	0	542	432	
6	0	0	0	0	536	433	
7	0	0	0	0	527	440	
8	0	0	0	0	519	453	
9	0	0	0	0	513	468	
10	0	0	0	0	514	484	
11	0	0	0	0	521	500	
12	0	0	0	0	527	512	
13	0	0	0	0	532	521	
14	0	0	0	0	540	526	
15	0	0	0	0	551	527	
0	0	0	0	0	561	522	
1	0	0	0	0	570	513	
2	0	0	0	0	576	499	
3	0	0	0	0	582	485	
4	0	0	0	0	587	474	
5	0	0	0	0	585	462	
6	0	0	0	0	583	447	
7	0	0	0	0	579	432	
8	0	0	0	0	575	422	
9	0	0	0	0	570	419	
10	0	0	0	0	566	423	
11	0	0	0	0	562	428	
12	0	0	0	0	557	427	
13	0	0	0	0	553	423	
14	0	0	0	0	550	418	
15	0	0	0	0	542	417	
0	0	0	0	0	527	419	
1	0	0	0	0	512	422	
2	0	0	0	0	494	425	
3	0	0	0	0	479	433	
4	0	0	0	0	468	443	
5	0	0	0	0	468	449	
6	0	0	0	0	474	452	
7	0	0	0	0	485	456	
8	0	0	0	0	497	458	
9	0	0	0	0	513	463	
10	0	0	0	0	530	474	
11	0	0	0	0	540	493	
12	0	0	0	0	542	522	
13	0	0	0	0	540	555	
14	0	0	0	0	532	583	
15	0	0	0	0	516	599	
0	0	0	0	0	499	601	
1	0	0	0	0	484	601	
2	0	0	0	0	477	594	
3	0	0	0	0	476	579	
4	0	0	0	0	481	560	
5	0	0	0	0	492	539	
6	0	0	0	0	503	517	
7	0	0	0	0	511	488	
8	0	0	0	0	517	458	
9	0	0	0	0	517	429	
10	0	0	0	0	513	403	
11	0	0	0	0	506	387	
12	0	0	0	0	496	381	
13	0	0	0	0	485	378	
14	0	0	0	0	472	380	
15	0	0	0	0	459	380	
0	0	0	0	0	448	379	
1	0	0	0	0	444	380	
2	0	0	0	0	437	382	
3	0	0	0	0	430	386	
4	0	0	0	0	423	392	
5	0	0	0	0	414	397	
6	0	0	0	0	404	401	
7	0	0	0	0	400	403	
8	0	0	0	0	401	409	
9	0	0	0	0	409	419	
10	0	0	0	0	421	438	
11	0	0	0	0	433	455	
12	0	0	0	0	448	462	
13	0	0	0	0	464	458	
14	0	0	0	0	477	447	
15	0	0	0	0	492	433	
0	0	0	0	0	507	420	
1	0	0	0	0	518	415	
2	0	0	0	0	528	417	
3	0	0	0	0	533	414	
4	0	0	0	0	538	403	
5	0	0	0	0	543	389	
6	0	0	0	0	545	376	
7	0	0	0	0	547	359	
8	0	0	0	0	548	337	
9	0	0	0	0	547	311	
10	0	0	0	0	541	296	
11	0	0	0	0	529	280	
12	0	0	0	0	519	262	
13	0	0	0	0	511	262	
14	0	0	0	0	498	268	
15	0	0	0	0	483	282	
0	0	0	0	0	470	298	
1	0	0	0	0	459	312	
2	0	0	0	0	455	325	
3	0	0	0	0	449	340	
4	0	0	0	0	443	359	
5	0	0	0	0	438	377	
6	0	0	0	0	435	387	
7	0	0	0	0	443	390	
8	0	0	0	0	456	385	
9	0	0	0	0	470	373	
10	0	0	0	0	488	359	
11	0	0	0	0	504	348	
12	0	0	0	0	515	333	
13	0	0	0	0	524	321	
14	0	0	0	0	529	319	
15	0	0	0	0	532	320	
0	0	0	0	0	535	335	
1	0	0	0	0	533	358	
2	0	0	0	0	529	381	
3	0	0	0	0	520	407	
4	0	0	0	0	509	429	
5	0	0	0	0	492	449	
6	0	0	0	0	478	463	
7	0	0	0	0	467	459	
8	0	0	0	0	462	443	
9	0	0	0	0	459	415	
10	0	0	0	0	455	389	
11	0	0	0	0	452	370	
12	0	0	0	0	452	352	
13	0	0	0	0	455	343	
14	0	0	0	0	460	343	
15	0	0	0	0	468	351	
0	0	0	0	0	483	365	
1	0	0	0	0	497	372	
2	0	0	0	0	508	367	
3	0	0	0	0	514	353	
4	0	0	0	0	520	337	
5	0	0	0	0	525	320	
6	0	0	0	0	529	306	
7	0	0	0	0	532	295	
8	0	0	0	0	536	289	
9	0	0	0	0	540	286	
10	0	0	0	0	539	288	
11	0	0	0	0	535	307	
12	0	0	0	0	531	318	
13	0	0	0	0	530	329	
14	0	0	0	0	528	345	
15	0	0	0	0	526	357	
0	0	0	0	0	519	363	
1	0	0	0	0	508	368	
2	0	0	0	0	496	374	
3	0	0	0	0	483	378	
4	0	0	0	0	463	376	
5	0	0	0	0	446	372	
6	0	0	0	0	435	369	
7	0	0	0	0	432	367	
8	0	0	0	0	432	368	
9	0	0	0	0	436	368	
10	0	0	0	0	443	374	
11	0	0	0	0	458	388	
12	0	0	0	0	477	403	
13	0	0	0	0	495	413	
14	0	0	0	0	505	415	
15	0	0	0	0	512	410	
0	0	0	0	0	515	410	
1	0	0	0	0	518	410	
2	0	0	0	0	522	414	
3	0	0	0	0	525	421	
4	0	0	0	0	524	427	
5	0	0	0	0	523	431	
6	0	0	0	0	524	432	
7	0	0	0	0	521	430	
8	0	0	0	0	519	427	
9	0	0	0	0	515	424	
10	0	0	0	0	508	416	
11	0	0	0	0	499	409	
12	0	0	0	0	488	405	
13	0	0	0	0	478	402	
14	0	0	0	0	469	398	
15	0	0	0	0	460	391	
0	0	0	0	0	454	389	
1	0	0	0	0	455	392	
2	0	0	0	0	460	402	
3	0	0	0	0	466	416	
4	0	0	0	0	471	438	
5	0	0	0	0	473	467	
6	0	0	0	0	472	499	
7	0	0	0	0	470	525	
8	0	0	0	0	469	537	
9	0	0	0	0	468	539	
10	0	0	0	0	471	528	
11	0	0	0	0	476	510	
12	0	0	0	0	481	485	
13	0	0	0	0	489	464	
14	0	0	0	0	489	450	
15	0	0	0	0	491	438	
0	0	0	0	0	495	432	
1	0	0	0	0	501	430	
2	0	0	0	0	507	427	
3	0	0	0	0	514	422	
4	0	0	0	0	522	413	
5	0	0	0	0	527	410	
6	0	0	0	0	526	407	
7	0	0	0	0	519	405	
8	0	0	0	0	512	407	
9	0	0	0	0	502	407	
10	0	0	0	0	490	409	
11	0	0	0	0	482	409	
12	0	0	0	0	480	404	
13	0	0	0	0	478	402	
14	0	0	0	0	478	406	
15	0	0	0	0	476	423	
0	0	0	0	0	472	444	
1	0	0	0	0	463	467	
2	0	0	0	0	455	491	
3	0	0	0	0	448	514	
4	0	0	0	0	443	534	
5	0	0	0	0	444	544	
6	0	0	0	0	455	551	
7	0	0	0	0	466	562	
8	0	0	0	0	478	571	
9	0	0	0	0	489	573	
10	0	0	0	0	499	566	
11	0	0	0	0	511	564	
12	0	0	0	0	520	564	
13	0	0	0	0	531	563	
14	0	0	0	0	539	551	
15	0	0	0	0	543	535	
0	0	0	0	0	543	518	
1	0	0	0	0	541	499	
2	0	0	0	0	544	480	
3	0	0	0	0	546	459	
4	0	0	0	0	545	442	
5	0	0	0	0	549	432	
6	0	0	0	0	555	428	
7	0	0	0	0	562	432	
8	0	0	0	0	570	435	
9	0	0	0	0	572	429	
10	0	0	0	0	566	422	
11	0	0	0	0	557	418	
12	0	0	0	0	550	422	
13	0	0	0	0	537	429	
14	0	0	0	0	519	439	
15	0	0	0	0	507	449	
0	0	0	0	0	497	464	
1	0	0	0	0	487	476	
2	0	0	0	0	480	490	
3	0	0	0	0	476	504	
4	0	0	0	0	471	513	
5	0	0	0	0	472	522	
6	0	0	0	0	473	528	
7	0	0	0	0	474	527	
8	0	0	0	0	471	522	
9	0	0	0	0	465	516	
10	0	0	0	0	465	516	
11	0	0	0	0	472	524	
12	0	0	0	0	477	535	
13	0	0	0	0	483	547	
14	0	0	0	0	493	561	
15	0	0	0	0	501	574	
0	0	0	0	0	510	585	
1	0	0	0	0	514	595	
2	0	0	0	0	512	606	
3	0	0	0	0	508	614	
4	0	0	0	0	500	618	
5	0	0	0	0	495	619	
6	0	0	0	0	491	612	
7	0	0	0	0	489	601	
8	0	0	0	0	491	595	
9	0	0	0	0	496	600	
10	0	0	0	0	500	600	
11	0	0	0	0	505	594	
12	0	0	0	0	506	576	
13	0	0	0	0	505	553	
14	0	0	0	0	501	524	
15	0	0	0	0	497	489	
0	0	0	0	0	492	461	
1	0	0	0	0	487	439	
2	0	0	0	0	484	422	
3	0	0	0	0	484	409	
4	0	0	0	0	483	398	
5	0	0	0	0	486	387	
6	0	0	0	0	487	375	
7	0	0	0	0	492	369	
8	0	0	0	0	499	369	
9	0	0	0	0	510	374	
10	0	0	0	0	523	386	
11	0	0	0	0	531	391	
12	0	0	0	0	535	401	
13	0	0	0	0	539	411	
14	0	0	0	0	542	423	
15	0	0	0	0	545	433	
0	0	0	0	0	545	444	
1	0	0	0	0	545	453	
2	0	0	0	0	543	461	
3	0	0	0	0	538	460	
4	0	0	0	0	535	458	
5	0	0	0	0	532	452	
6	0	0	0	0	534	451	
7	0	0	0	0	537	454	
8	0	0	0	0	536	462	
9	0	0	0	0	533	474	
10	0	0	0	0	529	491	
11	0	0	0	0	528	510	
12	0	0	0	0	528	528	
13	0	0	0	0	531	541	
14	0	0	0	0	533	550	
15	0	0	0	0	531	551	
0	0	0	0	0	527	548	
1	0	0	0	0	519	532	
2	0	0	0	0	510	512	
3	0	0	0	0	501	493	
4	0	0	0	0	496	481	
5	0	0	0	0	500	480	
6	0	0	0	0	507	480	
7	0	0	0	0	514	481	
8	0	0	0	0	522	478	
9	0	0	0	0	530	477	
10	0	0	0	0	538	474	
11	0	0	0	0	541	468	
12	0	0	0	0	539	462	
13	0	0	0	0	536	451	
14	0	0	0	0	530	443	
15	0	0	0	0	529	436	
0	0	0	0	0	533	435	
1	0	0	0	0	540	440	
2	0	0	0	0	547	446	
3	0	0	0	0	551	455	
4	0	0	0	0	551	464	
5	0	0	0	0	544	473	
6	0	0	0	0	535	481	
7	0	0	0	0	525	476	
8	0	0	0	0	515	470	
9	0	0	0	0	509	466	
10	0	0	0	0	504	469	
11	0	0	0	0	499	481	
12	0	0	0	0	495	494	
13	0	0	0	0	495	505	
14	0	0	0	0	495	515	
15	0	0	0	0	497	524	
0	0	0	0	0	497	529	
1	0	0	0	0	496	531	
2	0	0	0	0	493	527	
3	0	0	0	0	490	515	
4	0	0	0	0	485	502	
5	0	0	0	0	480	494	
6	0	0	0	0	476	489	
7	0	0	0	0	475	481	
8	0	0	0	0	478	476	
9	0	0	0	0	487	476	
10	0	0	0	0	492	478	
11	0	0	0	0	502	483	
12	0	0	0	0	511	492	
13	0	0	0	0	518	505	
14	0	0	0	0	525	525	
15	0	0	0	0	532	543	
0	0	0	0	0	539	553	
1	0	0	0	0	540	558	
2	0	0	0	0	536	558	
3	0	0	0	0	532	551	
4	0	0	0	0	527	540	
5	0	0	0	0	519	529	
6	0	0	0	0	507	520	
7	0	0	0	0	496	512	
8	0	0	0	0	486	505	
9	0	0	0	0	476	492	
10	0	0	0	0	469	476	
11	0	0	0	0	465	466	
12	0	0	0	0	466	461	
13	0	0	0	0	470	468	
14	0	0	0	0	472	480	
15	0	0	0	0	476	492	
0	0	0	0	0	478	505	
1	0	0	0	0	481	513	
2	0	0	0	0	486	519	
3	0	0	0	0	493	515	
4	0	0	0	0	503	512	
5	0	0	0	0	509	505	
6	0	0	0	0	513	500	
7	0	0	0	0	515	495	
8	0	0	0	0	515	494	
9	0	0	0	0	513	500	
10	0	0	0	0	512	510	
11	0	0	0	0	510	516	
12	0	0	0	0	504	520	
13	0	0	0	0	500	519	
14	0	0	0	0	497	519	
15	0	0	0	0	494	512	
0	0	0	0	0	491	503	
1	0	0	0	0	491	499	
2	0	0	0	0	496	503	
3	0	0	0	0	501	520	
4	0	0	0	0	497	541	
5	0	0	0	0	490	559	
6	0	0	0	0	481	574	
7	0	0	0	0	474	583	
8	0	0	0	0	471	587	
9	0	0	0	0	468	581	
10	0	0	0	0	467	563	
11	0	0	0	0	469	539	
12	0	0	0	0	469	512	
13	0	0	0	0	471	480	
14	0	0	0	0	467	453	
15	0	0	0	0	470	435	
0	0	0	0	0	473	425	
1	0	0	0	0	475	425	
2	0	0	0	0	477	430	
3	0	0	0	0	482	437	
4	0	0	0	0	487	439	
5	0	0	0	0	486	435	
6	0	0	0	0	481	426	
7	0	0	0	0	475	418	
8	0	0	0	0	472	418	
9	0	0	0	0	470	426	
10	0	0	0	0	468	438	
11	0	0	0	0	468	452	
12	0	0	0	0	470	476	
13	0	0	0	0	471	505	
14	0	0	0	0	471	533	
15	0	0	0	0	479	559	
0	0	0	0	0	491	580	
1	0	0	0	0	508	597	
2	0	0	0	0	531	608	
3	0	0	0	0	550	608	
4	0	0	0	0	561	595	
5	0	0	0	0	562	575	
6	0	0	0	0	552	556	
7	0	0	0	0	538	540	
8	0	0	0	0	525	521	
9	0	0	0	0	513	505	
10	0	0	0	0	499	485	
11	0	0	0	0	487	459	
12	0	0	0	0	480	435	
13	0	0	0	0	474	409	
14	0	0	0	0	472	385	
15	0	0	0	0	470	367	
0	0	0	0	0	469	361	
1	0	0	0	0	466	363	
2	0	0	0	0	462	366	
3	0	0	0	0	458	368	
4	0	0	0	0	460	371	
5	0	0	0	0	468	382	
6	0	0	0	0	481	401	
7	0	0	0	0	497	423	
8	0	0	0	0	514	444	
9	0	0	0	0	529	462	
10	0	0	0	0	535	473	
11	0	0	0	0	537	481	
12	0	0	0	0	536	487	
13	0	0	0	0	535	491	
14	0	0	0	0	532	490	
15	0	0	0	0	525	487	
0	0	0	0	0	521	489	
1	0	0	0	0	523	499	
2	0	0	0	0	530	517	
3	0	0	0	0	541	536	
4	0	0	0	0	548	558	
5	0	0	0	0	551	572	
6	0	0	0	0	543	577	
7	0	0	0	0	532	570	
8	0	0	0	0	518	551	
9	0	0	0	0	504	524	
10	0	0	0	0	494	498	
11	0	0	0	0	483	474	
12	0	0	0	0	478	458	
13	0	0	0	0	480	448	
14	0	0	0	0	484	446	
15	0	0	0	0	495	444	
0	0	0	0	0	508	438	
1	0	0	0	0	520	430	
2	0	0	0	0	537	419	
3	0	0	0	0	550	410	
4	0	0	0	0	563	405	
5	0	0	0	0	575	405	
6	0	0	0	0	583	413	
7	0	0	0	0	587	425	
8	0	0	0	0	585	439	
9	0	0	0	0	580	453	
10	0	0	0	0	574	466	
11	0	0	0	0	571	482	
12	0	0	0	0	573	497	
13	0	0	0	0	580	511	
14	0	0	0	0	595	518	
15	0	0	0	0	605	519	
0	0	0	0	0	609	518	
1	0	0	0	0	607	511	
2	0	0	0	0	603	505	
3	0	0	0	0	593	496	
4	0	0	0	0	582	491	
5	0	0	0	0	572	483	
6	0	0	0	0	561	473	
7	0	0	0	0	552	466	
8	0	0	0	0	545	467	
9	0	0	0	0	540	476	
10	0	0	0	0	536	483	
11	0	0	0	0	532	488	
12	0	0	0	0	531	494	
13	0	0	0	0	532	502	
14	0	0	0	0	534	511	
15	0	0	0	0	536	520	
0	0	0	0	0	544	530	
1	0	0	0	0	554	532	
2	0	0	0	0	564	530	
3	0	0	0	0	568	526	
4	0	0	0	0	569	524	
5	0	0	0	0	573	525	
6	0	0	0	0	576	524	
7	0	0	0	0	577	522	
8	0	0	0	0	575	521	
9	0	0	0	0	571	521	
10	0	0	0	0	566	526	
11	0	0	0	0	565	539	
12	0	0	0	0	563	551	
13	0	0	0	0	563	558	
14	0	0	0	0	560	557	
15	0	0	0	0	558	552	
0	0	0	0	0	558	539	
1	0	0	0	0	558	521	
2	0	0	0	0	557	502	
3	0	0	0	0	555	485	
4	0	0	0	0	547	475	
5	0	0	0	0	540	467	
6	0	0	0	0	534	466	
7	0	0	0	0	528	467	
8	0	0	0	0	525	475	
9	0	0	0	0	522	485	
10	0	0	0	0	518	495	
11	0	0	0	0	515	509	
12	0	0	0	0	513	528	
13	0	0	0	0	511	544	
14	0	0	0	0	508	556	
15	0	0	0	0	509	560	
0	0	0	0	0	513	553	
1	0	0	0	0	515	541	
2	0	0	0	0	522	528	
3	0	0	0	0	534	510	
4	0	0	0	0	548	489	
5	0	0	0	0	560	469	
6	0	0	0	0	571	453	
7	0	0	0	0	578	439	
8	0	0	0	0	585	433	
9	0	0	0	0	590	439	
10	0	0	0	0	592	450	
11	0	0	0	0	587	461	
12	0	0	0	0	579	473	
13	0	0	0	0	568	477	
14	0	0	0	0	554	482	
15	0	0	0	0	546	485	
0	0	0	0	0	542	492	
1	0	0	0	0	543	504	
2	0	0	0	0	538	514	
3	0	0	0	0	539	527	
4	0	0	0	0	540	540	
5	0	0	0	0	546	556	
6	0	0	0	0	551	578	
7	0	0	0	0	558	599	
8	0	0	0	0	573	615	
9	0	0	0	0	583	624	
10	0	0	0	0	582	623	
11	0	0	0	0	575	610	
12	0	0	0	0	565	591	
13	0	0	0	0	555	573	
14	0	0	0	0	546	555	
15	0	0	0	0	543	536	
0	0	0	0	0	544	514	
1	0	0	0	0	545	493	
2	0	0	0	0	547	475	
3	0	0	0	0	546	457	
4	0	0	0	0	546	439	
5	0	0	0	0	543	418	
6	0	0	0	0	540	402	
7	0	0	0	0	541	398	
8	0	0	0	0	540	404	
9	0	0	0	0	535	417	
10	0	0	0	0	532	437	
11	0	0	0	0	530	460	
12	0	0	0	0	526	487	
13	0	0	0	0	524	510	
14	0	0	0	0	522	523	
15	0	0	0	0	519	529	
0	0	0	0	0	520	528	
1	0	0	0	0	523	519	
2	0	0	0	0	527	509	
3	0	0	0	0	534	498	
4	0	0	0	0	543	492	
5	0	0	0	0	551	487	
6	0	0	0	0	560	480	
7	0	0	0	0	560	471	
8	0	0	0	0	556	465	
9	0	0	0	0	547	466	
10	0	0	0	0	539	471	
11	0	0	0	0	532	481	
12	0	0	0	0	531	494	
13	0	0	0	0	529	507	
14	0	0	0	0	527	520	
15	0	0	0	0	529	529	
0	0	0	0	0	532	537	
1	0	0	0	0	536	542	
2	0	0	0	0	539	548	
3	0	0	0	0	540	552	
4	0	0	0	0	537	552	
5	0	0	0	0	537	551	
6	0	0	0	0	538	550	
7	0	0	0	0	543	551	
8	0	0	0	0	550	559	
9	0	0	0	0	555	571	
10	0	0	0	0	561	586	
11	0	0	0	0	570	602	
12	0	0	0	0	574	619	
13	0	0	0	0	566	631	
14	0	0	0	0	552	639	
15	0	0	0	0	540	641	
0	0	0	0	0	531	641	
1	0	0	0	0	527	635	
2	0	0	0	0	522	626	
3	0	0	0	0	518	616	
4	0	0	0	0	517	608	
5	0	0	0	0	518	599	
6	0	0	0	0	523	591	
7	0	0	0	0	528	584	
8	0	0	0	0	540	579	
9	0	0	0	0	553	571	
10	0	0	0	0	565	566	
11	0	0	0	0	572	565	
12	0	0	0	0	575	568	
13	0	0	0	0	571	569	
14	0	0	0	0	568	571	
15	0	0	0	0	564	574	
0	0	0	0	0	556	570	
1	0	0	0	0	545	563	
2	0	0	0	0	536	553	
3	0	0	0	0	536	541	
4	0	0	0	0	542	531	
5	0	0	0	0	544	518	
6	0	0	0	0	547	503	
7	0	0	0	0	549	490	
8	0	0	0	0	548	483	
9	0	0	0	0	541	481	
10	0	0	0	0	533	487	
11	0	0	0	0	524	496	
12	0	0	0	0	514	506	
13	0	0	0	0	511	519	
14	0	0	0	0	512	526	
15	0	0	0	0	513	525	
0	0	0	0	0	515	514	
1	0	0	0	0	521	501	
2	0	0	0	0	532	493	
3	0	0	0	0	540	486	
4	0	0	0	0	545	485	
5	0	0	0	0	549	491	
6	0	0	0	0	555	500	
7	0	0	0	0	561	512	
8	0	0	0	0	566	528	
9	0	0	0	0	569	545	
10	0	0	0	0	571	561	
11	0	0	0	0	569	576	
12	0	0	0	0	566	590	
13	0	0	0	0	558	599	
14	0	0	0	0	547	606	
15	0	0	0	0	532	611	
0	0	0	0	0	519	615	
1	0	0	0	0	510	611	
2	0	0	0	0	503	604	
3	0	0	0	0	503	600	
4	0	0	0	0	507	602	
5	0	0	0	0	508	604	
6	0	0	0	0	511	609	
7	0	0	0	0	512	619	
8	0	0	0	0	509	626	
9	0	0	0	0	506	627	
10	0	0	0	0	507	623	
11	0	0	0	0	514	616	
12	0	0	0	0	523	608	
13	0	0	0	0	528	600	
14	0	0	0	0	534	594	
15	0	0	0	0	537	592	
0	0	0	0	0	541	590	
1	0	0	0	0	543	588	
2	0	0	0	0	546	588	
3	0	0	0	0	546	591	
4	0	0	0	0	549	599	
5	0	0	0	0	555	609	
6	0	0	0	0	563	622	
7	0	0	0	0	562	636	
8	0	0	0	0	557	648	
9	0	0	0	0	548	652	
10	0	0	0	0	539	654	
11	0	0	0	0	531	649	
12	0	0	0	0	521	635	
13	0	0	0	0	511	613	
14	0	0	0	0	495	587	
15	0	0	0	0	480	564	
0	0	0	0	0	469	547	
1	0	0	0	0	465	531	
2	0	0	0	0	467	519	
3	0	0	0	0	470	509	
4	0	0	0	0	475	503	
5	0	0	0	0	482	499	
6	0	0	0	0	489	496	
7	0	0	0	0	497	498	
8	0	0	0	0	509	502	
9	0	0	0	0	520	509	
10	0	0	0	0	532	519	
11	0	0	0	0	541	532	
12	0	0	0	0	551	542	
13	0	0	0	0	558	549	
14	0	0	0	0	560	556	
15	0	0	0	0	555	558	
0	0	0	0	0	544	557	
1	0	0	0	0	534	559	
2	0	0	0	0	519	559	
3	0	0	0	0	510	563	
4	0	0	0	0	507	567	
5	0	0	0	0	509	573	
6	0	0	0	0	513	581	
7	0	0	0	0	521	589	
8	0	0	0	0	526	590	
9	0	0	0	0	531	590	
10	0	0	0	0	533	591	
11	0	0	0	0	535	596	
12	0	0	0	0	536	608	
13	0	0	0	0	537	623	
14	0	0	0	0	535	632	
15	0	0	0	0	528	633	
0	0	0	0	0	521	630	
1	0	0	0	0	514	623	
2	0	0	0	0	504	611	
3	0	0	0	0	496	591	
4	0	0	0	0	491	568	
5	0	0	0	0	493	541	
6	0	0	0	0	499	514	
7	0	0	0	0	508	499	
8	0	0	0	0	515	495	
9	0	0	0	0	524	497	
10	0	0	0	0	533	503	
11	0	0	0	0	540	504	
12	0	0	0	0	545	508	
13	0	0	0	0	549	517	
14	0	0	0	0	552	527	
15	0	0	0	0	551	529	
0	0	0	0	0	546	522	
1	0	0	0	0	541	510	
2	0	0	0	0	536	500	
3	0	0	0	0	526	490	
4	0	0	0	0	512	480	
5	0	0	0	0	497	475	
6	0	0	0	0	484	472	
7	0	0	0	0	476	474	
8	0	0	0	0	473	479	
9	0	0	0	0	478	489	
10	0	0	0	0	487	498	
11	0	0	0	0	491	507	
12	0	0	0	0	492	513	
13	0	0	0	0	492	524	
14	0	0	0	0	491	536	
15	0	0	0	0	494	550	
0	0	0	0	0	495	559	
1	0	0	0	0	496	565	
2	0	0	0	0	497	572	
3	0	0	0	0	494	576	
4	0	0	0	0	488	583	
5	0	0	0	0	482	590	
6	0	0	0	0	476	596	
7	0	0	0	0	473	597	
8	0	0	0	0	473	590	
9	0	0	0	0	473	578	
10	0	0	0	0	477	561	
11	0	0	0	0	486	543	
12	0	0	0	0	497	533	
13	0	0	0	0	502	524	
14	0	0	0	0	501	515	
15	0	0	0	0	499	505	
0	0	0	0	0	495	493	
1	0	0	0	0	492	478	
2	0	0	0	0	485	460	
3	0	0	0	0	480	443	
4	0	0	0	0	476	433	
5	0	0	0	0	470	429	
6	0	0	0	0	466	430	
7	0	0	0	0	459	435	
8	0	0	0	0	452	446	
9	0	0	0	0	453	464	
10	0	0	0	0	462	487	
11	0	0	0	0	472	507	
12	0	0	0	0	487	519	
13	0	0	0	0	501	522	
14	0	0	0	0	513	520	
15	0	0	0	0	521	515	
0	0	0	0	0	524	513	
1	0	0	0	0	525	513	
2	0	0	0	0	526	513	
3	0	0	0	0	528	516	
4	0	0	0	0	529	515	
5	0	0	0	0	527	512	
6	0	0	0	0	531	502	
7	0	0	0	0	540	496	
8	0	0	0	0	547	502	
9	0	0	0	0	558	514	
10	0	0	0	0	569	518	
11	0	0	0	0	575	512	
12	0	0	0	0	585	502	
13	0	0	0	0	600	504	
14	0	0	0	0	612	521	
15	0	0	0	0	621	546	
0	0	0	0	0	627	572	
1	0	0	0	0	627	591	
2	0	0	0	0	622	597	
3	0	0	0	0	615	589	
4	0	0	0	0	601	577	
5	0	0	0	0	589	556	
6	0	0	0	0	574	527	
7	0	0	0	0	561	502	
8	0	0	0	0	549	482	
9	0	0	0	0	539	471	
10	0	0	0	0	530	466	
11	0	0	0	0	521	462	
12	0	0	0	0	512	465	
13	0	0	0	0	506	467	
14	0	0	0	0	501	467	
15	0	0	0	0	496	470	
0	0	0	0	0	494	478	
1	0	0	0	0	497	493	
2	0	0	0	0	502	513	
3	0	0	0	0	507	537	
4	0	0	0	0	513	557	
5	0	0	0	0	519	574	
6	0	0	0	0	529	586	
7	0	0	0	0	539	588	
8	0	0	0	0	544	580	
9	0	0	0	0	549	568	
10	0	0	0	0	556	553	
11	0	0	0	0	562	539	
12	0	0	0	0	570	531	
13	0	0	0	0	577	532	
14	0	0	0	0	585	540	
15	0	0	0	0	590	550	
0	0	0	0	0	593	567	
1	0	0	0	0	589	581	
2	0	0	0	0	582	600	
3	0	0	0	0	569	616	
4	0	0	0	0	556	625	
5	0	0	0	0	542	621	
6	0	0	0	0	529	606	
7	0	0	0	0	520	583	
8	0	0	0	0	513	560	
9	0	0	0	0	512	536	
10	0	0	0	0	510	519	
11	0	0	0	0	504	509	
12	0	0	0	0	498	505	
13	0	0	0	0	493	506	
14	0	0	0	0	489	513	
15	0	0	0	0	487	521	
0	0	0	0	0	485	527	
1	0	0	0	0	485	528	
2	0	0	0	0	487	527	
3	0	0	0	0	486	517	
4	0	0	0	0	485	501	
5	0	0	0	0	485	488	
6	0	0	0	0	485	482	
7	0	0	0	0	487	484	
8	0	0	0	0	495	497	
9	0	0	0	0	509	515	
10	0	0	0	0	523	535	
11	0	0	0	0	536	553	
12	0	0	0	0	547	568	
13	0	0	0	0	553	574	
14	0	0	0	0	557	575	
15	0	0	0	0	555	572	
0	0	0	0	0	553	566	
1	0	0	0	0	545	564	
2	0	0	0	0	535	569	
3	0	0	0	0	526	581	
4	0	0	0	0	519	597	
5	0	0	0	0	510	610	
6	0	0	0	0	502	615	
7	0	0	0	0	494	619	
8	0	0	0	0	487	619	
9	0	0	0	0	485	613	
10	0	0	0	0	492	603	
11	0	0	0	0	508	583	
12	0	0	0	0	522	558	
13	0	0	0	0	539	525	
14	0	0	0	0	550	492	
15	0	0	0	0	554	462	
0	0	0	0	0	557	435	
1	0	0	0	0	559	417	
2	0	0	0	0	557	413	
3	0	0	0	0	552	408	
4	0	0	0	0	547	412	
5	0	0	0	0	540	418	
6	0	0	0	0	536	426	
7	0	0	0	0	530	439	
8	0	0	0	0	524	457	
9	0	0	0	0	515	473	
10	0	0	0	0	511	489	
11	0	0	0	0	507	504	
12	0	0	0	0	504	521	
13	0	0	0	0	504	535	
14	0	0	0	0	507	547	
15	0	0	0	0	512	559	
0	0	0	0	0	521	567	
1	0	0	0	0	533	569	
2	0	0	0	0	548	574	
3	0	0	0	0	558	580	
4	0	0	0	0	563	589	
5	0	0	0	0	566	597	
6	0	0	0	0	568	602	
7	0	0	0	0	571	598	
8	0	0	0	0	566	589	
9	0	0	0	0	551	572	
10	0	0	0	0	534	548	
11	0	0	0	0	517	523	
12	0	0	0	0	500	495	
13	0	0	0	0	487	473	
14	0	0	0	0	477	460	
15	0	0	0	0	475	450	
0	0	0	0	0	477	445	
1	0	0	0	0	481	441	
2	0	0	0	0	487	443	
3	0	0	0	0	487	451	
4	0	0	0	0	485	459	
5	0	0	0	0	483	468	
6	0	0	0	0	481	477	
7	0	0	0	0	482	491	
8	0	0	0	0	480	511	
9	0	0	0	0	474	530	
10	0	0	0	0	467	550	
11	0	0	0	0	464	576	
12	0	0	0	0	468	600	
13	0	0	0	0	476	615	
14	0	0	0	0	491	617	
15	0	0	0	0	511	617	
0	0	0	0	0	528	611	
1	0	0	0	0	545	594	
2	0	0	0	0	562	571	
3	0	0	0	0	573	547	
4	0	0	0	0	581	523	
5	0	0	0	0	580	497	
6	0	0	0	0	575	476	
7	0	0	0	0	560	463	
8	0	0	0	0	545	458	
9	0	0	0	0	528	461	
10	0	0	0	0	514	473	
11	0	0	0	0	505	487	
12	0	0	0	0	499	498	
13	0	0	0	0	494	501	
14	0	0	0	0	489	496	
15	0	0	0	0	486	486	
0	0	0	0	0	486	480	
1	0	0	0	0	488	475	
2	0	0	0	0	487	472	
3	0	0	0	0	487	468	
4	0	0	0	0	484	467	
5	0	0	0	0	479	467	
6	0	0	0	0	475	467	
7	0	0	0	0	471	469	
8	0	0	0	0	463	475	
9	0	0	0	0	462	484	
10	0	0	0	0	456	495	
11	0	0	0	0	455	508	
12	0	0	0	0	455	518	
13	0	0	0	0	457	531	
14	0	0	0	0	462	540	
15	0	0	0	0	472	552	
0	0	0	0	0	486	564	
1	0	0	0	0	499	571	
2	0	0	0	0	506	572	
3	0	0	0	0	510	574	
4	0	0	0	0	516	572	
5	0	0	0	0	521	564	
6	0	0	0	0	524	556	
7	0	0	0	0	524	548	
8	0	0	0	0	522	539	
9	0	0	0	0	517	530	
10	0	0	0	0	511	522	
11	0	0	0	0	504	519	
12	0	0	0	0	502	518	
13	0	0	0	0	501	520	
14	0	0	0	0	503	523	
15	0	0	0	0	508	528	
0	0	0	0	0	519	532	
1	0	0	0	0	527	537	
2	0	0	0	0	531	538	
3	0	0	0	0	534	538	
4	0	0	0	0	537	537	
5	0	0	0	0	540	536	
6	0	0	0	0	544	541	
7	0	0	0	0	547	541	
8	0	0	0	0	543	536	
9	0	0	0	0	534	530	
10	0	0	0	0	529	527	
11	0	0	0	0	529	521	
12	0	0	0	0	524	511	
13	0	0	0	0	519	500	
14	0	0	0	0	515	494	
15	0	0	0	0	508	495	
0	0	0	0	0	501	497	
1	0	0	0	0	490	499	
2	0	0	0	0	476	498	
3	0	0	0	0	466	496	
4	0	0	0	0	456	495	
5	0	0	0	0	453	496	
6	0	0	0	0	449	492	
7	0	0	0	0	443	486	
8	0	0	0	0	442	484	
9	0	0	0	0	447	487	
10	0	0	0	0	459	495	
11	0	0	0	0	476	508	
12	0	0	0	0	497	531	
13	0	0	0	0	517	559	
14	0	0	0	0	528	585	
15	0	0	0	0	535	607	
0	0	0	0	0	540	627	
1	0	0	0	0	540	643	
2	0	0	0	0	536	646	
3	0	0	0	0	528	639	
4	0	0	0	0	520	629	
5	0	0	0	0	512	612	
6	0	0	0	0	507	591	
7	0	0	0	0	500	564	
8	0	0	0	0	496	538	
9	0	0	0	0	491	515	
10	0	0	0	0	489	499	
11	0	0	0	0	486	492	
12	0	0	0	0	487	484	
13	0	0	0	0	489	481	
14	0	0	0	0	487	481	
15	0	0	0	0	484	481	
0	0	0	0	0	483	480	
1	0	0	0	0	482	480	
2	0	0	0	0	480	483	
3	0	0	0	0	484	490	
4	0	0	0	0	488	494	
5	0	0	0	0	489	493	
6	0	0	0	0	491	495	
7	0	0	0	0	494	500	
8	0	0	0	0	502	513	
9	0	0	0	0	511	534	
10	0	0	0	0	522	559	
11	0	0	0	0	529	577	
12	0	0	0	0	537	591	
13	0	0	0	0	546	598	
14	0	0	0	0	552	600	
15	0	0	0	0	559	607	
0	0	0	0	0	563	617	
1	0	0	0	0	574	628	
2	0	0	0	0	588	637	
3	0	0	0	0	600	640	
4	0	0	0	0	601	635	
5	0	0	0	0	600	628	
6	0	0	0	0	599	614	
7	0	0	0	0	596	597	
8	0	0	0	0	589	579	
9	0	0	0	0	581	555	
10	0	0	0	0	576	527	
11	0	0	0	0	570	501	
12	0	0	0	0	562	483	
13	0	0	0	0	553	470	
14	0	0	0	0	550	467	
15	0	0	0	0	550	467	
0	0	0	0	0	551	479	
1	0	0	0	0	552	491	
2	0	0	0	0	551	509	
3	0	0	0	0	554	532	
4	0	0	0	0	561	554	
5	0	0	0	0	564	567	
6	0	0	0	0	566	568	
7	0	0	0	0	560	560	
8	0	0	0	0	553	548	
9	0	0	0	0	547	535	
10	0	0	0	0	540	525	
11	0	0	0	0	533	518	
12	0	0	0	0	523	510	
13	0	0	0	0	510	499	
14	0	0	0	0	500	484	
15	0	0	0	0	493	470	
0	0	0	0	0	489	460	
1	0	0	0	0	490	459	
2	0	0	0	0	499	469	
3	0	0	0	0	514	489	
4	0	0	0	0	529	518	
5	0	0	0	0	544	543	
6	0	0	0	0	558	566	
7	0	0	0	0	571	584	
8	0	0	0	0	576	595	
9	0	0	0	0	580	594	
10	0	0	0	0	579	586	
11	0	0	0	0	574	571	
12	0	0	0	0	568	555	
13	0	0	0	0	559	539	
14	0	0	0	0	544	525	
15	0	0	0	0	531	513	
0	0	0	0	0	518	507	
1	0	0	0	0	510	506	
2	0	0	0	0	505	508	
3	0	0	0	0	504	514	
4	0	0	0	0	509	524	
5	0	0	0	0	511	532	
6	0	0	0	0	509	541	
7	0	0	0	0	506	543	
8	0	0	0	0	506	541	
9	0	0	0	0	509	536	
10	0	0	0	0	509	531	
11	0	0	0	0	506	528	
12	0	0	0	0	503	526	
13	0	0	0	0	496	524	
14	0	0	0	0	490	524	
15	0	0	0	0	482	526	
0	0	0	0	0	475	527	
1	0	0	0	0	471	527	
2	0	0	0	0	470	534	
3	0	0	0	0	474	555	
4	0	0	0	0	482	582	
5	0	0	0	0	492	615	
6	0	0	0	0	498	649	
7	0	0	0	0	509	672	
8	0	0	0	0	522	687	
9	0	0	0	0	534	690	
10	0	0	0	0	543	684	
11	0	0	0	0	550	670	
12	0	0	0	0	552	652	
13	0	0	0	0	551	636	
14	0	0	0	0	551	611	
15	0	0	0	0	547	586	
0	0	0	0	0	545	559	
1	0	0	0	0	541	536	
2	0	0	0	0	537	523	
3	0	0	0	0	535	515	
4	0	0	0	0	531	512	
5	0	0	0	0	528	510	
6	0	0	0	0	521	516	
7	0	0	0	0	509	519	
8	0	0	0	0	492	519	
9	0	0	0	0	476	519	
10	0	0	0	0	464	519	
11	0	0	0	0	455	521	
12	0	0	0	0	447	519	
13	0	0	0	0	443	515	
14	0	0	0	0	441	513	
15	0	0	0	0	443	510	
0	0	0	0	0	451	508	
1	0	0	0	0	471	508	
2	0	0	0	0	497	515	
3	0	0	0	0	525	532	
4	0	0	0	0	551	562	
5	0	0	0	0	572	598	
6	0	0	0	0	589	634	
7	0	0	0	0	599	661	
8	0	0	0	0	598	681	
9	0	0	0	0	588	687	
10	0	0	0	0	568	680	
11	0	0	0	0	547	656	
12	0	0	0	0	521	623	
13	0	0	0	0	498	586	
14	0	0	0	0	482	558	
15	0	0	0	0	471	537	
0	0	0	0	0	465	529	
1	0	0	0	0	464	535	
2	0	0	0	0	467	550	
3	0	0	0	0	470	566	
4	0	0	0	0	472	580	
5	0	0	0	0	478	589	
6	0	0	0	0	486	587	
7	0	0	0	0	493	579	
8	0	0	0	0	505	568	
9	0	0	0	0	518	563	
10	0	0	0	0	528	559	
11	0	0	0	0	543	553	
12	0	0	0	0	554	548	
13	0	0	0	0	557	542	
14	0	0	0	0	553	534	
15	0	0	0	0	546	526	
0	0	0	0	0	537	521	
1	0	0	0	0	527	517	
2	0	0	0	0	518	514	
3	0	0	0	0	512	506	
4	0	0	0	0	508	499	
5	0	0	0	0	506	499	
6	0	0	0	0	509	505	
7	0	0	0	0	511	519	
8	0	0	0	0	517	537	
9	0	0	0	0	522	556	
10	0	0	0	0	524	573	
11	0	0	0	0	519	583	
12	0	0	0	0	511	585	
13	0	0	0	0	500	581	
14	0	0	0	0	491	575	
15	0	0	0	0	480	569	
0	0	0	0	0	476	565	
1	0	0	0	0	476	563	
2	0	0	0	0	477	559	
3	0	0	0	0	482	571	
4	0	0	0	0	487	593	
5	0	0	0	0	491	616	
6	0	0	0	0	496	632	
7	0	0	0	0	500	639	
8	0	0	0	0	510	644	
9	0	0	0	0	519	646	
10	0	0	0	0	527	647	
11	0	0	0	0	536	643	
12	0	0	0	0	543	635	
13	0	0	0	0	549	621	
14	0	0	0	0	551	603	
15	0	0	0	0	551	578	
0	0	0	0	0	550	550	
1	0	0	0	0	547	516	
2	0	0	0	0	549	492	
3	0	0	0	0	556	476	
4	0	0	0	0	561	469	
5	0	0	0	0	570	472	
6	0	0	0	0	577	483	
7	0	0	0	0	587	500	
8	0	0	0	0	594	523	
9	0	0	0	0	598	542	
10	0	0	0	0	601	554	
11	0	0	0	0	604	566	
12	0	0	0	0	607	576	
13	0	0	0	0	609	584	
14	0	0	0	0	613	593	
15	0	0	0	0	622	598	
0	0	0	0	0	635	603	
1	0	0	0	0	645	603	
2	0	0	0	0	649	606	
3	0	0	0	0	649	606	
4	0	0	0	0	645	603	
5	0	0	0	0	636	602	
6	0	0	0	0	625	601	
7	0	0	0	0	612	596	
8	0	0	0	0	600	585	
9	0	0	0	0	590	565	
10	0	0	0	0	586	546	
11	0	0	0	0	588	527	
12	0	0	0	0	592	511	
13	0	0	0	0	596	496	
14	0	0	0	0	598	489	
15	0	0	0	0	599	492	
0	0	0	0	0	601	499	
1	0	0	0	0	606	511	
2	0	0	0	0	616	523	
3	0	0	0	0	624	536	
4	0	0	0	0	623	543	
5	0	0	0	0	615	548	
6	0	0	0	0	604	551	
7	0	0	0	0	587	553	
8	0	0	0	0	570	556	
9	0	0	0	0	553	560	
10	0	0	0	0	536	564	
11	0	0	0	0	518	567	
12	0	0	0	0	508	567	
13	0	0	0	0	504	562	
14	0	0	0	0	502	552	
15	0	0	0	0	502	546	
0	0	0	0	0	505	540	
1	0	0	0	0	511	535	
2	0	0	0	0	519	530	
3	0	0	0	0	525	520	
4	0	0	0	0	528	505	
5	0	0	0	0	530	491	
6	0	0	0	0	534	481	
7	0	0	0	0	534	477	
8	0	0	0	0	535	478	
9	0	0	0	0	534	476	
10	0	0	0	0	534	473	
11	0	0	0	0	532	471	
12	0	0	0	0	536	477	
13	0	0	0	0	544	491	
14	0	0	0	0	548	505	
15	0	0	0	0	550	514	
0	0	0	0	0	552	525	
1	0	0	0	0	558	538	
2	0	0	0	0	565	557	
3	0	0	0	0	575	575	
4	0	0	0	0	583	592	
5	0	0	0	0	587	607	
6	0	0	0	0	583	617	
7	0	0	0	0	577	619	
8	0	0	0	0	572	615	
9	0	0	0	0	566	606	
10	0	0	0	0	560	595	
11	0	0	0	0	557	591	
12	0	0	0	0	553	591	
13	0	0	0	0	548	592	
14	0	0	0	0	540	593	
15	0	0	0	0	532	587	
0	0	0	0	0	525	572	
1	0	0	0	0	520	556	
2	0	0	0	0	516	543	
3	0	0	0	0	514	529	
4	0	0	0	0	512	515	
5	0	0	0	0	509	495	
6	0	0	0	0	506	475	
7	0	0	0	0	502	460	
8	0	0	0	0	499	448	
9	0	0	0	0	494	440	
10	0	0	0	0	491	433	
11	0	0	0	0	487	428	
12	0	0	0	0	491	427	
13	0	0	0	0	497	430	
14	0	0	0	0	507	432	
15	0	0	0	0	517	434	
0	0	0	0	0	526	431	
1	0	0	0	0	531	428	
2	0	0	0	0	536	432	
3	0	0	0	0	545	441	
4	0	0	0	0	555	450	
5	0	0	0	0	559	456	
6	0	0	0	0	563	462	
7	0	0	0	0	569	474	
8	0	0	0	0	579	487	
9	0	0	0	0	586	505	
10	0	0	0	0	584	527	
11	0	0	0	0	577	544	
12	0	0	0	0	569	553	
13	0	0	0	0	559	554	
14	0	0	0	0	551	556	
15	0	0	0	0	542	555	
0	0	0	0	0	536	553	
1	0	0	0	0	526	556	
2	0	0	0	0	516	565	
3	0	0	0	0	508	571	
4	0	0	0	0	501	572	
5	0	0	0	0	496	565	
6	0	0	0	0	491	553	
7	0	0	0	0	487	539	
8	0	0	0	0	484	521	
9	0	0	0	0	479	500	
10	0	0	0	0	474	480	
11	0	0	0	0	468	456	
12	0	0	0	0	467	433	
13	0	0	0	0	472	417	
14	0	0	0	0	476	416	
15	0	0	0	0	474	419	
0	0	0	0	0	473	429	
1	0	0	0	0	475	440	
2	0	0	0	0	480	450	
3	0	0	0	0	491	465	
4	0	0	0	0	504	479	
5	0	0	0	0	514	484	
6	0	0	0	0	520	482	
7	0	0	0	0	526	480	
8	0	0	0	0	527	480	
9	0	0	0	0	527	486	
10	0	0	0	0	524	495	
11	0	0	0	0	518	513	
12	0	0	0	0	508	537	
13	0	0	0	0	499	561	
14	0	0	0	0	492	584	
15	0	0	0	0	491	607	
0	0	0	0	0	496	622	
1	0	0	0	0	502	628	
2	0	0	0	0	510	626	
3	0	0	0	0	516	619	
4	0	0	0	0	521	607	
5	0	0	0	0	520	593	
6	0	0	0	0	520	579	
7	0	0	0	0	514	563	
8	0	0	0	0	502	547	
9	0	0	0	0	490	529	
10	0	0	0	0	482	510	
11	0	0	0	0	481	494	
12	0	0	0	0	484	479	
13	0	0	0	0	491	465	
14	0	0	0	0	499	461	
15	0	0	0	0	508	459	
0	0	0	0	0	519	460	
1	0	0	0	0	527	460	
2	0	0	0	0	532	465	
3	0	0	0	0	532	470	
4	0	0	0	0	528	471	
5	0	0	0	0	521	474	
6	0	0	0	0	513	480	
7	0	0	0	0	510	484	
8	0	0	0	0	506	481	
9	0	0	0	0	503	472	
10	0	0	0	0	497	463	
11	0	0	0	0	490	459	
12	0	0	0	0	485	455	
13	0	0	0	0	484	451	
14	0	0	0	0	481	457	
15	0	0	0	0	482	469	
0	0	0	0	0	485	494	
1	0	0	0	0	487	524	
2	0	0	0	0	484	552	
3	0	0	0	0	484	579	
4	0	0	0	0	489	597	
5	0	0	0	0	494	608	
6	0	0	0	0	502	615	
7	0	0	0	0	512	610	
8	0	0	0	0	516	598	
9	0	0	0	0	519	580	
10	0	0	0	0	521	559	
11	0	0	0	0	524	537	
12	0	0	0	0	525	516	
13	0	0	0	0	523	503	
14	0	0	0	0	520	496	
15	0	0	0	0	517	492	
0	0	0	0	0	517	493	
1	0	0	0	0	517	499	
2	0	0	0	0	518	504	
3	0	0	0	0	516	505	
4	0	0	0	0	512	504	
5	0	0	0	0	509	505	
6	0	0	0	0	508	508	
7	0	0	0	0	511	512	
8	0	0	0	0	516	511	
9	0	0	0	0	519	503	
10	0	0	0	0	517	491	
11	0	0	0	0	510	481	
12	0	0	0	0	500	476	
13	0	0	0	0	493	479	
14	0	0	0	0	487	486	
15	0	0	0	0	483	493	
0	0	0	0	0	484	499	
1	0	0	0	0	487	505	
2	0	0	0	0	490	508	
3	0	0	0	0	493	513	
4	0	0	0	0	499	511	
5	0	0	0	0	505	508	
6	0	0	0	0	510	507	
7	0	0	0	0	512	509	
8	0	0	0	0	510	502	
9	0	0	0	0	502	483	
10	0	0	0	0	492	460	
11	0	0	0	0	478	444	
12	0	0	0	0	468	440	
13	0	0	0	0	468	446	
14	0	0	0	0	475	455	
15	0	0	0	0	487	463	
0	0	0	0	0	500	476	
1	0	0	0	0	513	489	
2	0	0	0	0	523	498	
3	0	0	0	0	529	507	
4	0	0	0	0	531	516	
5	0	0	0	0	531	525	
6	0	0	0	0	528	528	
7	0	0	0	0	527	528	
8	0	0	0	0	520	531	
9	0	0	0	0	512	534	
10	0	0	0	0	506	537	
11	0	0	0	0	496	535	
12	0	0	0	0	487	531	
13	0	0	0	0	476	529	
14	0	0	0	0	465	525	
15	0	0	0	0	456	518	
0	0	0	0	0	451	507	
1	0	0	0	0	449	490	
2	0	0	0	0	447	472	
3	0	0	0	0	444	451	
4	0	0	0	0	438	433	
5	0	0	0	0	428	413	
6	0	0	0	0	423	393	
7	0	0	0	0	422	386	
8	0	0	0	0	428	391	
9	0	0	0	0	438	408	
10	0	0	0	0	452	437	
11	0	0	0	0	463	469	
12	0	0	0	0	464	494	
13	0	0	0	0	469	507	
14	0	0	0	0	477	512	
15	0	0	0	0	483	513	
0	0	0	0	0	484	516	
1	0	0	0	0	480	518	
2	0	0	0	0	478	519	
3	0	0	0	0	474	520	
4	0	0	0	0	467	519	
5	0	0	0	0	463	518	
6	0	0	0	0	456	517	
7	0	0	0	0	449	515	
8	0	0	0	0	443	510	
9	0	0	0	0	442	503	
10	0	0	0	0	445	497	
11	0	0	0	0	452	496	
12	0	0	0	0	455	497	
13	0	0	0	0	456	496	
14	0	0	0	0	455	491	
15	0	0	0	0	451	486	
0	0	0	0	0	444	481	
1	0	0	0	0	437	479	
2	0	0	0	0	432	480	
3	0	0	0	0	429	478	
4	0	0	0	0	430	475	
5	0	0	0	0	433	468	
6	0	0	0	0	439	463	
7	0	0	0	0	443	458	
8	0	0	0	0	449	460	
9	0	0	0	0	453	474	
10	0	0	0	0	462	487	
11	0	0	0	0	471	502	
12	0	0	0	0	479	510	
13	0	0	0	0	486	508	
14	0	0	0	0	487	498	
15	0	0	0	0	484	487	
0	0	0	0	0	479	484	
1	0	0	0	0	477	487	
2	0	0	0	0	479	493	
3	0	0	0	0	479	496	
4	0	0	0	0	484	496	
5	0	0	0	0	491	493	
6	0	0	0	0	499	489	
7	0	0	0	0	509	490	
8	0	0	0	0	518	489	
9	0	0	0	0	518	482	
10	0	0	0	0	509	468	
11	0	0	0	0	496	452	
12	0	0	0	0	486	444	
13	0	0	0	0	477	442	
14	0	0	0	0	465	441	
15	0	0	0	0	457	440	
0	0	0	0	0	449	435	
1	0	0	0	0	444	426	
2	0	0	0	0	441	419	
3	0	0	0	0	439	415	
4	0	0	0	0	439	412	
5	0	0	0	0	441	416	
6	0	0	0	0	448	416	
7	0	0	0	0	455	416	
8	0	0	0	0	463	419	
9	0	0	0	0	470	428	
10	0	0	0	0	478	440	
11	0	0	0	0	484	459	
12	0	0	0	0	491	478	
13	0	0	0	0	497	493	
14	0	0	0	0	499	504	
15	0	0	0	0	499	510	
0	0	0	0	0	501	512	
1	0	0	0	0	503	515	
2	0	0	0	0	505	513	
3	0	0	0	0	505	505	
4	0	0	0	0	502	496	
5	0	0	0	0	494	481	
6	0	0	0	0	481	469	
7	0	0	0	0	464	459	
8	0	0	0	0	447	452	
9	0	0	0	0	430	455	
10	0	0	0	0	416	468	
11	0	0	0	0	409	487	
12	0	0	0	0	406	509	
13	0	0	0	0	405	536	
14	0	0	0	0	407	557	
15	0	0	0	0	412	570	
0	0	0	0	0	418	573	
1	0	0	0	0	425	572	
2	0	0	0	0	432	572	
3	0	0	0	0	439	576	
4	0	0	0	0	447	582	
5	0	0	0	0	459	593	
6	0	0	0	0	475	604	
7	0	0	0	0	495	613	
8	0	0	0	0	509	622	
9	0	0	0	0	521	622	
10	0	0	0	0	529	614	
11	0	0	0	0	533	595	
12	0	0	0	0	535	569	
13	0	0	0	0	533	541	
14	0	0	0	0	527	513	
15	0	0	0	0	518	491	
0	0	0	0	0	515	478	
1	0	0	0	0	509	472	
2	0	0	0	0	503	472	
3	0	0	0	0	501	475	
4	0	0	0	0	498	478	
5	0	0	0	0	490	479	
6	0	0	0	0	484	478	
7	0	0	0	0	477	478	
8	0	0	0	0	472	478	
9	0	0	0	0	471	476	
10	0	0	0	0	469	472	
11	0	0	0	0	467	475	
12	0	0	0	0	466	481	
13	0	0	0	0	469	492	
14	0	0	0	0	473	507	
15	0	0	0	0	476	528	
0	0	0	0	0	481	553	
1	0	0	0	0	489	573	
2	0	0	0	0	496	588	
3	0	0	0	0	507	598	
4	0	0	0	0	521	606	
5	0	0	0	0	536	607	
6	0	0	0	0	546	606	
7	0	0	0	0	557	602	
8	0	0	0	0	565	593	
9	0	0	0	0	569	587	
10	0	0	0	0	571	580	
11	0	0	0	0	572	574	
12	0	0	0	0	567	572	
13	0	0	0	0	564	571	
14	0	0	0	0	558	563	
15	0	0	0	0	550	554	
0	0	0	0	0	543	543	
1	0	0	0	0	536	530	
2	0	0	0	0	527	516	
3	0	0	0	0	519	501	
4	0	0	0	0	508	481	
5	0	0	0	0	495	467	
6	0	0	0	0	481	460	
7	0	0	0	0	470	462	
8	0	0	0	0	473	472	
9	0	0	0	0	479	484	
10	0	0	0	0	490	498	
11	0	0	0	0	502	510	
12	0	0	0	0	511	521	
13	0	0	0	0	516	530	
14	0	0	0	0	517	538	
15	0	0	0	0	519	548	
0	0	0	0	0	523	559	
1	0	0	0	0	526	567	
2	0	0	0	0	527	571	
3	0	0	0	0	521	573	
4	0	0	0	0	514	569	
5	0	0	0	0	505	556	
6	0	0	0	0	494	540	
7	0	0	0	0	481	523	
8	0	0	0	0	467	507	
9	0	0	0	0	452	502	
10	0	0	0	0	445	504	
11	0	0	0	0	451	516	
12	0	0	0	0	472	537	
13	0	0	0	0	501	566	
14	0	0	0	0	535	591	
15	0	0	0	0	564	611	
0	0	0	0	0	588	616	
1	0	0	0	0	603	606	
2	0	0	0	0	609	582	
3	0	0	0	0	608	548	
4	0	0	0	0	599	513	
5	0	0	0	0	587	475	
6	0	0	0	0	573	438	
7	0	0	0	0	555	418	
8	0	0	0	0	537	406	
9	0	0	0	0	521	401	
10	0	0	0	0	508	406	
11	0	0	0	0	502	415	
12	0	0	0	0	496	430	
13	0	0	0	0	490	443	
14	0	0	0	0	482	454	
15	0	0	0	0	477	465	
0	0	0	0	0	475	472	
1	0	0	0	0	474	476	
2	0	0	0	0	472	476	
3	0	0	0	0	473	476	
4	0	0	0	0	479	480	
5	0	0	0	0	490	483	
6	0	0	0	0	499	487	
7	0	0	0	0	507	490	
8	0	0	0	0	510	495	
9	0	0	0	0	507	499	
10	0	0	0	0	500	500	
11	0	0	0	0	497	501	
12	0	0	0	0	497	503	
13	0	0	0	0	504	509	
14	0	0	0	0	515	519	
15	0	0	0	0	527	531	
0	0	0	0	0	537	547	
1	0	0	0	0	542	563	
2	0	0	0	0	543	575	
3	0	0	0	0	542	579	
4	0	0	0	0	530	576	
5	0	0	0	0	511	569	
6	0	0	0	0	499	560	
7	0	0	0	0	497	556	
8	0	0	0	0	494	555	
9	0	0	0	0	487	555	
10	0	0	0	0	481	549	
11	0	0	0	0	476	544	
12	0	0	0	0	467	539	
13	0	0	0	0	461	530	
14	0	0	0	0	457	523	
15	0	0	0	0	462	524	
0	0	0	0	0	467	530	
1	0	0	0	0	481	538	
2	0	0	0	0	498	545	
3	0	0	0	0	512	550	
4	0	0	0	0	529	551	
5	0	0	0	0	544	553	
6	0	0	0	0	556	563	
7	0	0	0	0	561	576	
8	0	0	0	0	563	586	
9	0	0	0	0	563	593	
10	0	0	0	0	564	601	
11	0	0	0	0	567	605	
12	0	0	0	0	567	608	
13	0	0	0	0	566	608	
14	0	0	0	0	560	603	
15	0	0	0	0	556	593	
0	0	0	0	0	550	579	
1	0	0	0	0	542	563	
2	0	0	0	0	534	544	
3	0	0	0	0	528	524	
4	0	0	0	0	523	506	
5	0	0	0	0	512	488	
6	0	0	0	0	502	472	
7	0	0	0	0	493	459	
8	0	0	0	0	483	451	
9	0	0	0	0	480	452	
10	0	0	0	0	482	460	
11	0	0	0	0	488	469	
12	0	0	0	0	493	482	
13	0	0	0	0	499	497	
14	0	0	0	0	507	511	
15	0	0	0	0	515	526	
0	0	0	0	0	521	538	
1	0	0	0	0	522	548	
2	0	0	0	0	521	553	
3	0	0	0	0	518	557	
4	0	0	0	0	512	566	
5	0	0	0	0	506	574	
6	0	0	0	0	498	582	
7	0	0	0	0	491	584	
8	0	0	0	0	486	581	
9	0	0	0	0	487	571	
10	0	0	0	0	492	561	
11	0	0	0	0	501	552	
12	0	0	0	0	505	546	
13	0	0	0	0	509	546	
14	0	0	0	0	514	550	
15	0	0	0	0	517	551	
0	0	0	0	0	521	553	
1	0	0	0	0	531	547	
2	0	0	0	0	543	542	
3	0	0	0	0	556	542	
4	0	0	0	0	566	544	
5	0	0	0	0	577	547	
6	0	0	0	0	585	553	
7	0	0	0	0	583	560	
8	0	0	0	0	577	564	
9	0	0	0	0	564	565	
10	0	0	0	0	547	559	
11	0	0	0	0	530	548	
12	0	0	0	0	507	532	
13	0	0	0	0	486	515	
14	0	0	0	0	473	495	
15	0	0	0	0	466	483	
0	0	0	0	0	465	476	
1	0	0	0	0	464	475	
2	0	0	0	0	471	479	
3	0	0	0	0	480	487	
4	0	0	0	0	492	496	
5	0	0	0	0	504	498	
6	0	0	0	0	517	503	
7	0	0	0	0	529	509	
8	0	0	0	0	539	522	
9	0	0	0	0	549	535	
10	0	0	0	0	555	547	
11	0	0	0	0	560	557	
12	0	0	0	0	564	567	
13	0	0	0	0	568	577	
14	0	0	0	0	575	586	
15	0	0	0	0	576	587	
0	0	0	0	0	572	578	
1	0	0	0	0	568	558	
2	0	0	0	0	562	536	
3	0	0	0	0	556	514	
4	0	0	0	0	551	493	
5	0	0	0	0	549	470	
6	0	0	0	0	545	450	
7	0	0	0	0	537	426	
8	0	0	0	0	531	406	
9	0	0	0	0	525	396	
10	0	0	0	0	522	397	
11	0	0	0	0	519	406	
12	0	0	0	0	513	412	
13	0	0	0	0	508	417	
14	0	0	0	0	502	423	
15	0	0	0	0	493	419	
0	0	0	0	0	483	414	
1	0	0	0	0	473	408	
2	0	0	0	0	466	402	
3	0	0	0	0	462	397	
4	0	0	0	0	462	398	
5	0	0	0	0	468	406	
6	0	0	0	0	479	423	
7	0	0	0	0	495	443	
8	0	0	0	0	513	465	
9	0	0	0	0	524	491	
10	0	0	0	0	526	516	
11	0	0	0	0	527	543	
12	0	0	0	0	527	566	
13	0	0	0	0	525	579	
14	0	0	0	0	519	585	
15	0	0	0	0	510	584	
0	0	0	0	0	500	574	
1	0	0	0	0	492	563	
2	0	0	0	0	485	556	
3	0	0	0	0	479	546	
4	0	0	0	0	472	531	
5	0	0	0	0	460	516	
6	0	0	0	0	449	502	
7	0	0	0	0	439	490	
8	0	0	0	0	432	481	
9	0	0	0	0	428	472	
10	0	0	0	0	430	467	
11	0	0	0	0	438	464	
12	0	0	0	0	450	467	
13	0	0	0	0	466	476	
14	0	0	0	0	485	488	
15	0	0	0	0	503	494	
0	0	0	0	0	516	494	
1	0	0	0	0	527	489	
2	0	0	0	0	537	484	
3	0	0	0	0	542	482	
4	0	0	0	0	548	485	
5	0	0	0	0	554	492	
6	0	0	0	0	560	500	
7	0	0	0	0	561	508	
8	0	0	0	0	558	515	
9	0	0	0	0	554	516	
10	0	0	0	0	545	515	
11	0	0	0	0	533	508	
12	0	0	0	0	523	496	
13	0	0	0	0	520	476	
14	0	0	0	0	520	451	
15	0	0	0	0	523	428	
0	0	0	0	0	521	403	
1	0	0	0	0	524	394	
2	0	0	0	0	532	391	
3	0	0	0	0	546	400	
4	0	0	0	0	559	415	
5	0	0	0	0	568	440	
6	0	0	0	0	568	464	
7	0	0	0	0	564	484	
8	0	0	0	0	558	499	
9	0	0	0	0	550	511	
10	0	0	0	0	542	514	
11	0	0	0	0	534	513	
12	0	0	0	0	530	512	
13	0	0	0	0	523	507	
14	0	0	0	0	506	496	
15	0	0	0	0	486	484	
0	0	0	0	0	462	479	
1	0	0	0	0	443	480	
2	0	0	0	0	433	481	
3	0	0	0	0	431	479	
4	0	0	0	0	433	476	
5	0	0	0	0	439	470	
6	0	0	0	0	450	467	
7	0	0	0	0	471	469	
8	0	0	0	0	491	472	
9	0	0	0	0	509	478	
10	0	0	0	0	524	479	
11	0	0	0	0	534	480	
12	0	0	0	0	541	481	
13	0	0	0	0	547	481	
14	0	0	0	0	549	485	
15	0	0	0	0	548	492	
0	0	0	0	0	550	496	
1	0	0	0	0	550	500	
2	0	0	0	0	551	500	
3	0	0	0	0	548	500	
4	0	0	0	0	547	505	
5	0	0	0	0	547	511	
6	0	0	0	0	549	515	
7	0	0	0	0	555	518	
8	0	0	0	0	558	517	
9	0	0	0	0	558	515	
10	0	0	0	0	559	515	
11	0	0	0	0	558	519	
12	0	0	0	0	561	527	
13	0	0	0	0	562	531	
14	0	0	0	0	559	533	
15	0	0	0	0	556	532	
0	0	0	0	0	552	527	
1	0	0	0	0	546	523	
2	0	0	0	0	540	525	
3	0	0	0	0	536	530	
4	0	0	0	0	537	543	
5	0	0	0	0	542	555	
6	0	0	0	0	546	564	
7	0	0	0	0	550	574	
8	0	0	0	0	555	577	
9	0	0	0	0	555	576	
10	0	0	0	0	548	576	
11	0	0	0	0	537	574	
12	0	0	0	0	524	566	
13	0	0	0	0	510	553	
14	0	0	0	0	504	544	
15	0	0	0	0	503	539	
0	0	0	0	0	505	542	
1	0	0	0	0	510	551	
2	0	0	0	0	513	562	
3	0	0	0	0	517	572	
4	0	0	0	0	518	580	
5	0	0	0	0	519	580	
6	0	0	0	0	522	583	
7	0	0	0	0	523	573	
8	0	0	0	0	524	557	
9	0	0	0	0	524	543	
10	0	0	0	0	527	533	
11	0	0	0	0	526	526	
12	0	0	0	0	521	521	
13	0	0	0	0	514	518	
14	0	0	0	0	508	517	
15	0	0	0	0	503	519	
0	0	0	0	0	495	524	
1	0	0	0	0	484	531	
2	0	0	0	0	473	539	
3	0	0	0	0	467	548	
4	0	0	0	0	467	558	
5	0	0	0	0	473	565	
6	0	0	0	0	482	568	
7	0	0	0	0	496	571	
8	0	0	0	0	509	574	
9	0	0	0	0	522	579	
10	0	0	0	0	528	579	
11	0	0	0	0	525	576	
12	0	0	0	0	516	567	
13	0	0	0	0	506	557	
14	0	0	0	0	496	547	
15	0	0	0	0	482	540	
0	0	0	0	0	467	534	
1	0	0	0	0	454	533	
2	0	0	0	0	443	528	
3	0	0	0	0	439	524	
4	0	0	0	0	441	518	
5	0	0	0	0	448	506	
6	0	0	0	0	460	495	
7	0	0	0	0	473	486	
8	0	0	0	0	486	482	
9	0	0	0	0	496	486	
10	0	0	0	0	507	496	
11	0	0	0	0	518	508	
12	0	0	0	0	520	518	
13	0	0	0	0	526	526	
14	0	0	0	0	531	531	
15	0	0	0	0	529	535	
0	0	0	0	0	521	539	
1	0	0	0	0	511	540	
2	0	0	0	0	502	539	
3	0	0	0	0	494	537	
4	0	0	0	0	489	534	
5	0	0	0	0	483	533	
6	0	0	0	0	472	535	
7	0	0	0	0	459	536	
8	0	0	0	0	445	537	
9	0	0	0	0	435	539	
10	0	0	0	0	426	539	
11	0	0	0	0	415	540	
12	0	0	0	0	400	534	
13	0	0	0	0	392	526	
14	0	0	0	0	391	517	
15	0	0	0	0	397	506	
0	0	0	0	0	410	498	
1	0	0	0	0	428	501	
2	0	0	0	0	448	511	
3	0	0	0	0	467	522	
4	0	0	0	0	483	535	
5	0	0	0	0	493	550	
6	0	0	0	0	501	563	
7	0	0	0	0	510	569	
8	0	0	0	0	516	569	
9	0	0	0	0	527	566	
10	0	0	0	0	528	563	
11	0	0	0	0	527	557	
12	0	0	0	0	524	548	
13	0	0	0	0	521	532	
14	0	0	0	0	515	511	
15	0	0	0	0	508	491	
0	0	0	0	0	502	474	
1	0	0	0	0	501	461	
2	0	0	0	0	496	452	
3	0	0	0	0	492	453	
4	0	0	0	0	486	455	
5	0	0	0	0	477	452	
6	0	0	0	0	467	447	
7	0	0	0	0	461	440	
8	0	0	0	0	462	439	
9	0	0	0	0	462	444	
10	0	0	0	0	461	455	
11	0	0	0	0	455	473	
12	0	0	0	0	451	493	
13	0	0	0	0	449	515	
14	0	0	0	0	450	537	
15	0	0	0	0	457	552	
0	0	0	0	0	464	561	
1	0	0	0	0	472	562	
2	0	0	0	0	480	563	
3	0	0	0	0	486	556	
4	0	0	0	0	490	542	
5	0	0	0	0	491	524	
6	0	0	0	0	490	506	
7	0	0	0	0	483	493	
8	0	0	0	0	479	483	
9	0	0	0	0	479	474	
10	0	0	0	0	489	472	
11	0	0	0	0	510	475	
12	0	0	0	0	533	484	
13	0	0	0	0	553	502	
14	0	0	0	0	573	520	
15	0	0	0	0	589	537	
0	0	0	0	0	600	546	
1	0	0	0	0	607	551	
2	0	0	0	0	615	555	
3	0	0	0	0	620	558	
4	0	0	0	0	622	559	
5	0	0	0	0	617	556	
6	0	0	0	0	609	550	
7	0	0	0	0	595	539	
8	0	0	0	0	573	529	
9	0	0	0	0	550	519	
10	0	0	0	0	528	508	
11	0	0	0	0	508	500	
12	0	0	0	0	491	494	
13	0	0	0	0	478	492	
14	0	0	0	0	466	493	
15	0	0	0	0	458	505	
0	0	0	0	0	452	524	
1	0	0	0	0	446	547	
2	0	0	0	0	442	569	
3	0	0	0	0	439	577	
4	0	0	0	0	436	578	
5	0	0	0	0	438	573	
6	0	0	0	0	444	557	
7	0	0	0	0	450	535	
8	0	0	0	0	457	509	
9	0	0	0	0	462	483	
10	0	0	0	0	470	461	
11	0	0	0	0	482	446	
12	0	0	0	0	493	436	
13	0	0	0	0	505	428	
14	0	0	0	0	516	427	
15	0	0	0	0	521	429	
0	0	0	0	0	521	431	
1	0	0	0	0	521	434	
2	0	0	0	0	525	440	
3	0	0	0	0	529	449	
4	0	0	0	0	533	459	
5	0	0	0	0	536	473	
6	0	0	0	0	536	487	
7	0	0	0	0	531	495	
8	0	0	0	0	523	497	
9	0	0	0	0	510	495	
10	0	0	0	0	495	487	
11	0	0	0	0	482	479	
12	0	0	0	0	470	479	
13	0	0	0	0	460	487	
14	0	0	0	0	456	505	
15	0	0	0	0	462	525	
0	0	0	0	0	472	541	
1	0	0	0	0	478	547	
2	0	0	0	0	483	549	
3	0	0	0	0	487	544	
4	0	0	0	0	484	531	
5	0	0	0	0	483	515	
6	0	0	0	0	483	495	
7	0	0	0	0	485	477	
8	0	0	0	0	489	462	
9	0	0	0	0	495	452	
10	0	0	0	0	503	448	
11	0	0	0	0	511	447	
12	0	0	0	0	518	450	
13	0	0	0	0	528	457	
14	0	0	0	0	534	468	
15	0	0	0	0	541	484	
0	0	0	0	0	548	498	
1	0	0	0	0	551	502	
2	0	0	0	0	548	500	
3	0	0	0	0	543	499	
4	0	0	0	0	540	499	
5	0	0	0	0	533	497	
6	0	0	0	0	524	493	
7	0	0	0	0	521	481	
8	0	0	0	0	522	473	
9	0	0	0	0	530	473	
10	0	0	0	0	540	479	
11	0	0	0	0	555	486	
12	0	0	0	0	564	495	
13	0	0	0	0	566	507	
14	0	0	0	0	564	520	
15	0	0	0	0	564	533	
0	0	0	0	0	565	541	
1	0	0	0	0	561	546	
2	0	0	0	0	558	542	
3	0	0	0	0	555	524	
4	0	0	0	0	550	499	
5	0	0	0	0	544	473	
6	0	0	0	0	539	452	
7	0	0	0	0	537	435	
8	0	0	0	0	532	426	
9	0	0	0	0	527	423	
10	0	0	0	0	523	425	
11	0	0	0	0	523	431	
12	0	0	0	0	524	439	
13	0	0	0	0	526	454	
14	0	0	0	0	528	471	
15	0	0	0	0	528	493	
0	0	0	0	0	528	515	
1	0	0	0	0	527	531	
2	0	0	0	0	526	535	
3	0	0	0	0	521	535	
4	0	0	0	0	518	529	
5	0	0	0	0	514	512	
6	0	0	0	0	507	494	
7	0	0	0	0	500	481	
8	0	0	0	0	496	478	
9	0	0	0	0	496	480	
10	0	0	0	0	499	486	
11	0	0	0	0	500	496	
12	0	0	0	0	503	509	
13	0	0	0	0	506	525	
14	0	0	0	0	510	539	
15	0	0	0	0	516	551	
0	0	0	0	0	522	551	
1	0	0	0	0	527	543	
2	0	0	0	0	527	527	
3	0	0	0	0	524	510	
4	0	0	0	0	520	498	
5	0	0	0	0	515	488	
6	0	0	0	0	511	486	
7	0	0	0	0	507	484	
8	0	0	0	0	503	485	
9	0	0	0	0	498	487	
10	0	0	0	0	495	488	
11	0	0	0	0	494	491	
12	0	0	0	0	496	498	
13	0	0	0	0	504	506	
14	0	0	0	0	511	512	
15	0	0	0	0	520	512	
0	0	0	0	0	527	508	
1	0	0	0	0	529	504	
2	0	0	0	0	525	500	
3	0	0	0	0	520	492	
4	0	0	0	0	514	481	
5	0	0	0	0	508	473	
6	0	0	0	0	508	469	
7	0	0	0	0	509	468	
8	0	0	0	0	509	467	
9	0	0	0	0	508	468	
10	0	0	0	0	507	472	
11	0	0	0	0	508	476	
12	0	0	0	0	512	490	
13	0	0	0	0	516	511	
14	0	0	0	0	518	531	
15	0	0	0	0	525	547	
0	0	0	0	0	533	558	
1	0	0	0	0	540	572	
2	0	0	0	0	544	587	
3	0	0	0	0	549	599	
4	0	0	0	0	554	604	
5	0	0	0	0	560	600	
6	0	0	0	0	568	583	
7	0	0	0	0	576	563	
8	0	0	0	0	584	546	
9	0	0	0	0	585	531	
10	0	0	0	0	583	524	
11	0	0	0	0	577	519	
12	0	0	0	0	566	513	
13	0	0	0	0	558	508	
14	0	0	0	0	550	500	
15	0	0	0	0	541	488	
0	0	0	0	0	533	480	
1	0	0	0	0	526	471	
2	0	0	0	0	521	465	
3	0	0	0	0	519	460	
4	0	0	0	0	519	457	
5	0	0	0	0	519	453	
6	0	0	0	0	518	452	
7	0	0	0	0	512	451	
8	0	0	0	0	504	451	
9	0	0	0	0	492	448	
10	0	0	0	0	483	449	
11	0	0	0	0	481	452	
12	0	0	0	0	484	468	
13	0	0	0	0	488	494	
14	0	0	0	0	494	524	
15	0	0	0	0	497	555	
0	0	0	0	0	499	579	
1	0	0	0	0	493	598	
2	0	0	0	0	487	614	
3	0	0	0	0	482	632	
4	0	0	0	0	480	644	
5	0	0	0	0	483	651	
6	0	0	0	0	492	640	
7	0	0	0	0	498	615	
8	0	0	0	0	503	578	
9	0	0	0	0	497	537	
10	0	0	0	0	489	493	
11	0	0	0	0	477	452	
12	0	0	0	0	470	416	
13	0	0	0	0	470	386	
14	0	0	0	0	472	369	
15	0	0	0	0	477	364	
0	0	0	0	0	483	370	
1	0	0	0	0	487	387	
2	0	0	0	0	490	403	
3	0	0	0	0	492	419	
4	0	0	0	0	496	442	
5	0	0	0	0	499	465	
6	0	0	0	0	503	488	
7	0	0	0	0	502	506	
8	0	0	0	0	501	516	
9	0	0	0	0	499	527	
10	0	0	0	0	497	536	
11	0	0	0	0	492	546	
12	0	0	0	0	486	551	
13	0	0	0	0	477	553	
14	0	0	0	0	466	551	
15	0	0	0	0	455	555	
0	0	0	0	0	447	559	
1	0	0	0	0	444	563	
2	0	0	0	0	445	567	
3	0	0	0	0	447	560	
4	0	0	0	0	448	550	
5	0	0	0	0	449	543	
6	0	0	0	0	453	537	
7	0	0	0	0	462	532	
8	0	0	0	0	473	532	
9	0	0	0	0	477	532	
10	0	0	0	0	477	534	
11	0	0	0	0	475	539	
12	0	0	0	0	473	542	
13	0	0	0	0	473	553	
14	0	0	0	0	475	569	
15	0	0	0	0	475	592	
0	0	0	0	0	478	617	
1	0	0	0	0	482	636	
2	0	0	0	0	485	646	
3	0	0	0	0	488	645	
4	0	0	0	0	493	633	
5	0	0	0	0	495	608	
6	0	0	0	0	492	577	
7	0	0	0	0	487	547	
8	0	0	0	0	481	522	
9	0	0	0	0	481	501	
10	0	0	0	0	486	482	
11	0	0	0	0	491	472	
12	0	0	0	0	492	469	
13	0	0	0	0	489	472	
14	0	0	0	0	490	482	
15	0	0	0	0	491	498	
0	0	0	0	0	494	517	
1	0	0	0	0	505	543	
2	0	0	0	0	515	571	
3	0	0	0	0	522	598	
4	0	0	0	0	527	616	
5	0	0	0	0	526	626	
6	0	0	0	0	523	631	
7	0	0	0	0	524	629	
8	0	0	0	0	527	620	
9	0	0	0	0	531	607	
10	0	0	0	0	535	591	
11	0	0	0	0	539	573	
12	0	0	0	0	542	549	
13	0	0	0	0	547	527	
14	0	0	0	0	548	509	
15	0	0	0	0	547	493	
0	0	0	0	0	543	481	
1	0	0	0	0	535	472	
2	0	0	0	0	529	462	
3	0	0	0	0	525	458	
4	0	0	0	0	520	457	
5	0	0	0	0	515	462	
6	0	0	0	0	512	467	
7	0	0	0	0	513	470	
8	0	0	0	0	515	477	
9	0	0	0	0	519	495	
10	0	0	0	0	523	516	
11	0	0	0	0	522	533	
12	0	0	0	0	516	543	
13	0	0	0	0	504	551	
14	0	0	0	0	489	549	
15	0	0	0	0	478	543	
0	0	0	0	0	473	537	
1	0	0	0	0	477	539	
2	0	0	0	0	487	547	
3	0	0	0	0	500	556	
4	0	0	0	0	514	568	
5	0	0	0	0	528	579	
6	0	0	0	0	547	589	
7	0	0	0	0	561	599	
8	0	0	0	0	568	606	
9	0	0	0	0	569	614	
10	0	0	0	0	565	627	
11	0	0	0	0	560	646	
12	0	0	0	0	555	668	
13	0	0	0	0	550	690	
14	0	0	0	0	542	708	
15	0	0	0	0	533	723	
0	0	0	0	0	530	732	
1	0	0	0	0	527	728	
2	0	0	0	0	525	727	
3	0	0	0	0	527	713	
4	0	0	0	0	524	682	
5	0	0	0	0	515	636	
6	0	0	0	0	503	584	
7	0	0	0	0	491	533	
8	0	0	0	0	483	487	
9	0	0	0	0	482	444	
10	0	0	0	0	481	413	
11	0	0	0	0	482	388	
12	0	0	0	0	484	374	
13	0	0	0	0	481	371	
14	0	0	0	0	473	375	
15	0	0	0	0	467	389	
0	0	0	0	0	467	408	
1	0	0	0	0	471	428	
2	0	0	0	0	482	446	
3	0	0	0	0	500	468	
4	0	0	0	0	526	492	
5	0	0	0	0	555	512	
6	0	0	0	0	581	532	
7	0	0	0	0	599	549	
8	0	0	0	0	608	558	
9	0	0	0	0	612	558	
10	0	0	0	0	612	551	
11	0	0	0	0	607	542	
12	0	0	0	0	600	530	
13	0	0	0	0	590	515	
14	0	0	0	0	578	504	
15	0	0	0	0	565	499	
0	0	0	0	0	555	497	
1	0	0	0	0	547	494	
2	0	0	0	0	541	486	
3	0	0	0	0	539	479	
4	0	0	0	0	537	468	
5	0	0	0	0	531	464	
6	0	0	0	0	525	466	
7	0	0	0	0	521	478	
8	0	0	0	0	522	497	
9	0	0	0	0	524	522	
10	0	0	0	0	523	547	
11	0	0	0	0	530	573	
12	0	0	0	0	543	591	
13	0	0	0	0	557	599	
14	0	0	0	0	574	602	
15	0	0	0	0	590	596	
0	0	0	0	0	598	581	
1	0	0	0	0	596	558	
2	0	0	0	0	590	526	
3	0	0	0	0	585	494	
4	0	0	0	0	579	468	
5	0	0	0	0	571	454	
6	0	0	0	0	557	444	
7	0	0	0	0	547	440	
8	0	0	0	0	542	439	
9	0	0	0	0	539	440	
10	0	0	0	0	542	449	
11	0	0	0	0	544	460	
12	0	0	0	0	545	470	
13	0	0	0	0	544	476	
14	0	0	0	0	543	476	
15	0	0	0	0	539	481	
0	0	0	0	0	536	487	
1	0	0	0	0	534	486	
2	0	0	0	0	537	477	
3	0	0	0	0	540	465	
4	0	0	0	0	539	454	
5	0	0	0	0	535	450	
6	0	0	0	0	531	454	
7	0	0	0	0	528	457	
8	0	0	0	0	525	464	
9	0	0	0	0	523	473	
10	0	0	0	0	521	487	
11	0	0	0	0	521	499	
12	0	0	0	0	522	512	
13	0	0	0	0	524	525	
14	0	0	0	0	529	542	
15	0	0	0	0	534	560	
0	0	0	0	0	540	579	
1	0	0	0	0	544	595	
2	0	0	0	0	550	605	
3	0	0	0	0	555	606	
4	0	0	0	0	561	596	
5	0	0	0	0	561	578	
6	0	0	0	0	559	558	
7	0	0	0	0	552	532	
8	0	0	0	0	545	500	
9	0	0	0	0	534	460	
10	0	0	0	0	529	425	
11	0	0	0	0	535	401	
12	0	0	0	0	543	393	
13	0	0	0	0	556	395	
14	0	0	0	0	575	397	
15	0	0	0	0	593	408	
0	0	0	0	0	605	412	
1	0	0	0	0	611	414	
2	0	0	0	0	610	409	
3	0	0	0	0	600	398	
4	0	0	0	0	588	393	
5	0	0	0	0	575	389	
6	0	0	0	0	564	383	
7	0	0	0	0	559	393	
8	0	0	0	0	565	402	
9	0	0	0	0	571	410	
10	0	0	0	0	573	422	
11	0	0	0	0	570	429	
12	0	0	0	0	569	429	
13	0	0	0	0	567	429	
14	0	0	0	0	559	429	
15	0	0	0	0	550	434	
0	0	0	0	0	548	445	
1	0	0	0	0	553	465	
2	0	0	0	0	557	492	
3	0	0	0	0	556	510	
4	0	0	0	0	555	525	
5	0	0	0	0	549	537	
6	0	0	0	0	538	551	
7	0	0	0	0	530	564	
8	0	0	0	0	520	573	
9	0	0	0	0	511	570	
10	0	0	0	0	500	555	
11	0	0	0	0	489	532	
12	0	0	0	0	487	508	
13	0	0	0	0	485	483	
14	0	0	0	0	489	463	
15	0	0	0	0	495	445	
0	0	0	0	0	497	428	
1	0	0	0	0	500	416	
2	0	0	0	0	503	401	
3	0	0	0	0	502	391	
4	0	0	0	0	495	384	
5	0	0	0	0	484	383	
6	0	0	0	0	470	381	
7	0	0	0	0	462	386	
8	0	0	0	0	455	398	
9	0	0	0	0	453	410	
10	0	0	0	0	455	423	
11	0	0	0	0	463	433	
12	0	0	0	0	472	437	
13	0	0	0	0	481	441	
14	0	0	0	0	493	446	
15	0	0	0	0	503	454	
0	0	0	0	0	511	467	
1	0	0	0	0	516	485	
2	0	0	0	0	521	502	
3	0	0	0	0	526	519	
4	0	0	0	0	529	540	
5	0	0	0	0	534	559	
6	0	0	0	0	539	579	
7	0	0	0	0	541	591	
8	0	0	0	0	539	596	
9	0	0	0	0	531	589	
10	0	0	0	0	521	572	
11	0	0	0	0	516	556	
12	0	0	0	0	513	539	
13	0	0	0	0	511	519	
14	0	0	0	0	508	495	
15	0	0	0	0	510	474	
0	0	0	0	0	514	457	
1	0	0	0	0	518	450	
2	0	0	0	0	515	450	
3	0	0	0	0	513	452	
4	0	0	0	0	513	458	
5	0	0	0	0	520	466	
6	0	0	0	0	522	468	
7	0	0	0	0	523	466	
8	0	0	0	0	518	460	
9	0	0	0	0	512	457	
10	0	0	0	0	511	452	
11	0	0	0	0	512	449	
12	0	0	0	0	516	452	
13	0	0	0	0	527	452	
14	0	0	0	0	541	451	
15	0	0	0	0	555	453	
0	0	0	0	0	569	455	
1	0	0	0	0	583	461	
2	0	0	0	0	591	475	
3	0	0	0	0	601	485	
4	0	0	0	0	611	497	
5	0	0	0	0	617	511	
6	0	0	0	0	620	521	
7	0	0	0	0	623	529	
8	0	0	0	0	624	536	
9	0	0	0	0	624	540	
10	0	0	0	0	620	536	
11	0	0	0	0	611	528	
12	0	0	0	0	606	510	
13	0	0	0	0	603	487	
14	0	0	0	0	604	464	
15	0	0	0	0	608	444	
0	0	0	0	0	607	423	
1	0	0	0	0	604	416	
2	0	0	0	0	602	407	
3	0	0	0	0	599	402	
4	0	0	0	0	599	399	
5	0	0	0	0	594	399	
6	0	0	0	0	585	399	
7	0	0	0	0	574	402	
8	0	0	0	0	557	400	
9	0	0	0	0	540	401	
10	0	0	0	0	525	403	
11	0	0	0	0	513	408	
12	0	0	0	0	508	414	
13	0	0	0	0	502	418	
14	0	0	0	0	503	424	
15	0	0	0	0	507	432	
0	0	0	0	0	516	442	
1	0	0	0	0	531	455	
2	0	0	0	0	546	467	
3	0	0	0	0	556	475	
4	0	0	0	0	564	483	
5	0	0	0	0	564	484	
6	0	0	0	0	558	483	
7	0	0	0	0	547	481	
8	0	0	0	0	536	480	
9	0	0	0	0	525	473	
10	0	0	0	0	510	465	
11	0	0	0	0	499	457	
12	0	0	0	0	489	448	
13	0	0	0	0	483	444	
14	0	0	0	0	476	449	
15	0	0	0	0	478	468	
0	0	0	0	0	482	495	
1	0	0	0	0	495	521	
2	0	0	0	0	508	536	
3	0	0	0	0	518	539	
4	0	0	0	0	519	533	
5	0	0	0	0	517	528	
6	0	0	0	0	513	533	
7	0	0	0	0	507	545	
8	0	0	0	0	502	556	
9	0	0	0	0	497	560	
10	0	0	0	0	495	557	
11	0	0	0	0	498	550	
12	0	0	0	0	499	539	
13	0	0	0	0	502	532	
14	0	0	0	0	507	529	
15	0	0	0	0	516	521	
0	0	0	0	0	529	507	
1	0	0	0	0	539	491	
2	0	0	0	0	547	479	
3	0	0	0	0	552	471	
4	0	0	0	0	555	462	
5	0	0	0	0	554	459	
6	0	0	0	0	550	450	
7	0	0	0	0	543	440	
8	0	0	0	0	534	430	
9	0	0	0	0	524	422	
10	0	0	0	0	519	421	
11	0	0	0	0	520	431	
12	0	0	0	0	518	445	
13	0	0	0	0	516	458	
14	0	0	0	0	515	468	
15	0	0	0	0	513	476	
0	0	0	0	0	511	480	
1	0	0	0	0	505	483	
2	0	0	0	0	494	482	
3	0	0	0	0	484	483	
4	0	0	0	0	478	487	
5	0	0	0	0	476	489	
6	0	0	0	0	475	488	
7	0	0	0	0	477	488	
8	0	0	0	0	478	487	
9	0	0	0	0	479	484	
10	0	0	0	0	484	478	
11	0	0	0	0	484	468	
12	0	0	0	0	487	460	
13	0	0	0	0	489	457	
14	0	0	0	0	488	457	
15	0	0	0	0	486	460	
0	0	0	0	0	488	465	
1	0	0	0	0	491	470	
2	0	0	0	0	488	470	
3	0	0	0	0	485	471	
4	0	0	0	0	487	477	
5	0	0	0	0	492	488	
6	0	0	0	0	492	503	
7	0	0	0	0	494	523	
8	0	0	0	0	495	547	
9	0	0	0	0	495	572	
10	0	0	0	0	494	600	
11	0	0	0	0	496	618	
12	0	0	0	0	493	626	
13	0	0	0	0	489	630	
14	0	0	0	0	485	630	
15	0	0	0	0	477	627	
0	0	0	0	0	468	624	
1	0	0	0	0	461	617	
2	0	0	0	0	460	607	
3	0	0	0	0	465	591	
4	0	0	0	0	472	574	
5	0	0	0	0	474	560	
6	0	0	0	0	478	547	
7	0	0	0	0	479	536	
8	0	0	0	0	479	522	
9	0	0	0	0	483	513	
10	0	0	0	0	487	504	
11	0	0	0	0	491	496	
12	0	0	0	0	499	487	
13	0	0	0	0	509	471	
14	0	0	0	0	511	451	
15	0	0	0	0	515	435	
0	0	0	0	0	515	426	
1	0	0	0	0	519	423	
2	0	0	0	0	524	427	
3	0	0	0	0	525	436	
4	0	0	0	0	524	447	
5	0	0	0	0	520	454	
6	0	0	0	0	512	460	
7	0	0	0	0	504	462	
8	0	0	0	0	498	460	
9	0	0	0	0	495	459	
10	0	0	0	0	496	462	
11	0	0	0	0	496	469	
12	0	0	0	0	493	479	
13	0	0	0	0	489	495	
14	0	0	0	0	487	511	
15	0	0	0	0	484	521	
0	0	0	0	0	486	530	
1	0	0	0	0	489	535	
2	0	0	0	0	492	534	
3	0	0	0	0	499	527	
4	0	0	0	0	509	513	
5	0	0	0	0	523	500	
6	0	0	0	0	532	487	
7	0	0	0	0	539	476	
8	0	0	0	0	541	470	
9	0	0	0	0	542	469	
10	0	0	0	0	542	474	
11	0	0	0	0	541	486	
12	0	0	0	0	540	499	
13	0	0	0	0	540	520	
14	0	0	0	0	536	540	
15	0	0	0	0	531	561	
0	0	0	0	0	524	580	
1	0	0	0	0	518	596	
2	0	0	0	0	510	605	
3	0	0	0	0	502	608	
4	0	0	0	0	499	608	
5	0	0	0	0	496	610	
6	0	0	0	0	500	608	
7	0	0	0	0	505	604	
8	0	0	0	0	506	593	
9	0	0	0	0	505	568	
10	0	0	0	0	507	537	
11	0	0	0	0	503	509	
12	0	0	0	0	496	486	
13	0	0	0	0	492	467	
14	0	0	0	0	493	462	
15	0	0	0	0	499	469	
0	0	0	0	0	507	489	
1	0	0	0	0	516	512	
2	0	0	0	0	527	538	
3	0	0	0	0	536	560	
4	0	0	0	0	538	576	
5	0	0	0	0	532	583	
6	0	0	0	0	524	583	
7	0	0	0	0	516	579	
8	0	0	0	0	514	570	
9	0	0	0	0	515	558	
10	0	0	0	0	519	545	
11	0	0	0	0	523	528	
12	0	0	0	0	527	514	
13	0	0	0	0	529	505	
14	0	0	0	0	529	500	
15	0	0	0	0	525	499	
0	0	0	0	0	519	504	
1	0	0	0	0	511	512	
2	0	0	0	0	502	523	
3	0	0	0	0	495	540	
4	0	0	0	0	494	558	
5	0	0	0	0	493	575	
6	0	0	0	0	493	593	
7	0	0	0	0	493	608	
8	0	0	0	0	495	610	
9	0	0	0	0	501	603	
10	0	0	0	0	509	588	
11	0	0	0	0	515	573	
12	0	0	0	0	524	561	
13	0	0	0	0	529	557	
14	0	0	0	0	533	557	
15	0	0	0	0	536	562	
0	0	0	0	0	536	572	
1	0	0	0	0	536	586	
2	0	0	0	0	535	604	
3	0	0	0	0	538	619	
4	0	0	0	0	543	624	
5	0	0	0	0	544	620	
6	0	0	0	0	541	611	
7	0	0	0	0	537	601	
8	0	0	0	0	528	585	
9	0	0	0	0	520	563	
10	0	0	0	0	511	543	
11	0	0	0	0	502	526	
12	0	0	0	0	492	506	
13	0	0	0	0	481	488	
14	0	0	0	0	474	470	
15	0	0	0	0	470	449	
0	0	0	0	0	469	431	
1	0	0	0	0	473	412	
2	0	0	0	0	480	395	
3	0	0	0	0	495	387	
4	0	0	0	0	506	392	
5	0	0	0	0	516	403	
6	0	0	0	0	524	419	
7	0	0	0	0	528	439	
8	0	0	0	0	533	457	
9	0	0	0	0	536	476	
10	0	0	0	0	543	492	
11	0	0	0	0	547	504	
12	0	0	0	0	549	511	
13	0	0	0	0	551	514	
14	0	0	0	0	550	518	
15	0	0	0	0	547	521	
0	0	0	0	0	550	526	
1	0	0	0	0	549	531	
2	0	0	0	0	543	540	
3	0	0	0	0	538	552	
4	0	0	0	0	533	567	
5	0	0	0	0	525	575	
6	0	0	0	0	514	582	
7	0	0	0	0	501	585	
8	0	0	0	0	488	595	
9	0	0	0	0	480	609	
10	0	0	0	0	480	626	
11	0	0	0	0	484	638	
12	0	0	0	0	494	643	
13	0	0	0	0	505	642	
14	0	0	0	0	512	636	
15	0	0	0	0	515	625	
0	0	0	0	0	520	618	
1	0	0	0	0	524	617	
2	0	0	0	0	520	619	
3	0	0	0	0	513	608	
4	0	0	0	0	510	587	
5	0	0	0	0	506	559	
6	0	0	0	0	507	530	
7	0	0	0	0	514	511	
8	0	0	0	0	527	496	
9	0	0	0	0	540	476	
10	0	0	0	0	548	455	
11	0	0	0	0	553	436	
12	0	0	0	0	562	418	
13	0	0	0	0	566	403	
14	0	0	0	0	568	393	
15	0	0	0	0	568	392	
0	0	0	0	0	562	396	
1	0	0	0	0	545	393	
2	0	0	0	0	529	397	
3	0	0	0	0	520	398	
4	0	0	0	0	519	399	
5	0	0	0	0	521	406	
6	0	0	0	0	522	415	
7	0	0	0	0	524	426	
8	0	0	0	0	526	438	
9	0	0	0	0	533	448	
10	0	0	0	0	541	455	
11	0	0	0	0	550	465	
12	0	0	0	0	561	471	
13	0	0	0	0	569	476	
14	0	0	0	0	572	480	
15	0	0	0	0	571	475	
0	0	0	0	0	563	465	
1	0	0	0	0	556	460	
2	0	0	0	0	543	459	
3	0	0	0	0	531	461	
4	0	0	0	0	521	468	
5	0	0	0	0	512	479	
6	0	0	0	0	503	489	
7	0	0	0	0	497	499	
8	0	0	0	0	495	503	
9	0	0	0	0	499	500	
10	0	0	0	0	502	495	
11	0	0	0	0	506	494	
12	0	0	0	0	515	495	
13	0	0	0	0	524	497	
14	0	0	0	0	533	503	
15	0	0	0	0	539	511	
0	0	0	0	0	544	523	
1	0	0	0	0	545	537	
2	0	0	0	0	545	549	
3	0	0	0	0	545	561	
4	0	0	0	0	545	576	
5	0	0	0	0	544	588	
6	0	0	0	0	546	600	
7	0	0	0	0	550	606	
8	0	0	0	0	555	607	
9	0	0	0	0	556	603	
10	0	0	0	0	555	593	
11	0	0	0	0	550	579	
12	0	0	0	0	544	560	
13	0	0	0	0	543	544	
14	0	0	0	0	543	527	
15	0	0	0	0	546	520	
0	0	0	0	0	545	521	
1	0	0	0	0	544	525	
2	0	0	0	0	547	533	
3	0	0	0	0	549	538	
4	0	0	0	0	552	539	
5	0	0	0	0	556	531	
6	0	0	0	0	558	521	
7	0	0	0	0	558	509	
8	0	0	0	0	556	496	
9	0	0	0	0	550	486	
10	0	0	0	0	543	479	
11	0	0	0	0	539	475	
12	0	0	0	0	540	479	
13	0	0	0	0	542	484	
14	0	0	0	0	539	490	
15	0	0	0	0	536	496	
0	0	0	0	0	531	500	
1	0	0	0	0	529	503	
2	0	0	0	0	523	499	
3	0	0	0	0	518	496	
4	0	0	0	0	513	500	
5	0	0	0	0	512	506	
6	0	0	0	0	508	510	
7	0	0	0	0	503	512	
8	0	0	0	0	501	513	
9	0	0	0	0	500	513	
10	0	0	0	0	499	515	
11	0	0	0	0	507	525	
12	0	0	0	0	523	537	
13	0	0	0	0	545	553	
14	0	0	0	0	566	566	
15	0	0	0	0	577	570	
0	0	0	0	0	583	563	
1	0	0	0	0	586	548	
2	0	0	0	0	588	530	
3	0	0	0	0	589	514	
4	0	0	0	0	585	505	
5	0	0	0	0	578	504	
6	0	0	0	0	572	507	
7	0	0	0	0	564	510	
8	0	0	0	0	557	514	
9	0	0	0	0	548	517	
10	0	0	0	0	544	523	
11	0	0	0	0	544	531	
12	0	0	0	0	544	541	
13	0	0	0	0	548	549	
14	0	0	0	0	550	555	
15	0	0	0	0	549	558	
0	0	0	0	0	546	559	
1	0	0	0	0	546	563	
2	0	0	0	0	547	569	
3	0	0	0	0	545	578	
4	0	0	0	0	540	585	
5	0	0	0	0	531	589	
6	0	0	0	0	520	591	
7	0	0	0	0	507	583	
8	0	0	0	0	495	564	
9	0	0	0	0	483	547	
10	0	0	0	0	478	533	
11	0	0	0	0	477	527	
12	0	0	0	0	477	522	
13	0	0	0	0	479	513	
14	0	0	0	0	481	497	
15	0	0	0	0	489	480	
0	0	0	0	0	503	463	
1	0	0	0	0	513	449	
2	0	0	0	0	524	440	
3	0	0	0	0	533	435	
4	0	0	0	0	544	436	
5	0	0	0	0	551	440	
6	0	0	0	0	561	444	
7	0	0	0	0	571	444	
8	0	0	0	0	577	445	
9	0	0	0	0	576	442	
10	0	0	0	0	575	436	
11	0	0	0	0	572	432	
12	0	0	0	0	572	432	
13	0	0	0	0	567	444	
14	0	0	0	0	560	452	
15	0	0	0	0	551	463	
0	0	0	0	0	541	474	
1	0	0	0	0	530	487	
2	0	0	0	0	520	500	
3	0	0	0	0	509	509	
4	0	0	0	0	500	515	
5	0	0	0	0	493	514	
6	0	0	0	0	492	508	
7	0	0	0	0	491	508	
8	0	0	0	0	485	507	
9	0	0	0	0	481	512	
10	0	0	0	0	483	518	
11	0	0	0	0	494	532	
12	0	0	0	0	511	545	
13	0	0	0	0	526	552	
14	0	0	0	0	537	558	
15	0	0	0	0	544	557	
0	0	0	0	0	549	553	
1	0	0	0	0	553	551	
2	0	0	0	0	553	548	
3	0	0	0	0	547	548	
4	0	0	0	0	542	545	
5	0	0	0	0	532	538	
6	0	0	0	0	518	524	
7	0	0	0	0	497	505	
8	0	0	0	0	475	483	
9	0	0	0	0	452	463	
10	0	0	0	0	434	453	
11	0	0	0	0	426	451	
12	0	0	0	0	424	453	
13	0	0	0	0	434	460	
14	0	0	0	0	446	474	
15	0	0	0	0	457	493	
0	0	0	0	0	464	511	
1	0	0	0	0	471	525	
2	0	0	0	0	476	530	
3	0	0	0	0	478	529	
4	0	0	0	0	476	524	
5	0	0	0	0	471	515	
6	0	0	0	0	459	502	
7	0	0	0	0	446	484	
8	0	0	0	0	434	467	
9	0	0	0	0	423	453	
10	0	0	0	0	414	436	
11	0	0	0	0	408	418	
12	0	0	0	0	406	407	
13	0	0	0	0	406	408	
14	0	0	0	0	412	417	
15	0	0	0	0	419	431	
0	0	0	0	0	427	444	
1	0	0	0	0	432	458	
2	0	0	0	0	437	470	
3	0	0	0	0	439	478	
4	0	0	0	0	438	482	
5	0	0	0	0	430	484	
6	0	0	0	0	420	481	
7	0	0	0	0	411	477	
8	0	0	0	0	403	472	
9	0	0	0	0	396	470	
10	0	0	0	0	386	471	
11	0	0	0	0	378	471	
12	0	0	0	0	372	472	
13	0	0	0	0	368	471	
14	0	0	0	0	368	469	
15	0	0	0	0	369	463	
0	0	0	0	0	368	461	
1	0	0	0	0	366	463	
2	0	0	0	0	367	471	
3	0	0	0	0	374	483	
4	0	0	0	0	387	498	
5	0	0	0	0	410	516	
6	0	0	0	0	434	531	
7	0	0	0	0	455	543	
8	0	0	0	0	469	556	
9	0	0	0	0	479	568	
10	0	0	0	0	484	579	
11	0	0	0	0	484	590	
12	0	0	0	0	477	603	
13	0	0	0	0	468	620	
14	0	0	0	0	459	640	
15	0	0	0	0	453	652	
0	0	0	0	0	445	654	
1	0	0	0	0	432	642	
2	0	0	0	0	418	620	
3	0	0	0	0	404	588	
4	0	0	0	0	395	549	
5	0	0	0	0	384	512	
6	0	0	0	0	376	481	
7	0	0	0	0	368	457	
8	0	0	0	0	363	440	
9	0	0	0	0	355	431	
10	0	0	0	0	353	424	
11	0	0	0	0	355	422	
12	0	0	0	0	359	426	
13	0	0	0	0	360	437	
14	0	0	0	0	364	451	
15	0	0	0	0	371	468	
0	0	0	0	0	379	484	
1	0	0	0	0	390	500	
2	0	0	0	0	400	510	
3	0	0	0	0	413	523	
4	0	0	0	0	429	532	
5	0	0	0	0	441	533	
6	0	0	0	0	451	529	
7	0	0	0	0	456	523	
8	0	0	0	0	458	520	
9	0	0	0	0	455	520	
10	0	0	0	0	446	532	
11	0	0	0	0	431	558	
12	0	0	0	0	413	584	
13	0	0	0	0	396	613	
14	0	0	0	0	383	635	
15	0	0	0	0	379	649	
0	0	0	0	0	383	660	
1	0	0	0	0	390	665	
2	0	0	0	0	398	659	
3	0	0	0	0	407	640	
4	0	0	0	0	417	611	
5	0	0	0	0	426	579	
6	0	0	0	0	433	544	
7	0	0	0	0	435	519	
8	0	0	0	0	433	494	
9	0	0	0	0	428	478	
10	0	0	0	0	425	473	
11	0	0	0	0	420	472	
12	0	0	0	0	416	483	
13	0	0	0	0	414	500	
14	0	0	0	0	417	513	
15	0	0	0	0	426	520	
0	0	0	0	0	431	527	
1	0	0	0	0	432	537	
2	0	0	0	0	434	546	
3	0	0	0	0	438	551	
4	0	0	0	0	442	551	
5	0	0	0	0	441	549	
6	0	0	0	0	436	547	
7	0	0	0	0	427	547	
8	0	0	0	0	419	555	
9	0	0	0	0	414	565	
10	0	0	0	0	413	578	
11	0	0	0	0	417	588	
12	0	0	0	0	423	587	
13	0	0	0	0	433	587	
14	0	0	0	0	444	587	
15	0	0	0	0	455	591	
0	0	0	0	0	469	606	
1	0	0	0	0	483	619	
2	0	0	0	0	494	623	
3	0	0	0	0	497	616	
4	0	0	0	0	492	597	
5	0	0	0	0	485	569	
6	0	0	0	0	476	544	
7	0	0	0	0	464	525	
8	0	0	0	0	458	519	
9	0	0	0	0	456	524	
10	0	0	0	0	457	535	
11	0	0	0	0	459	554	
12	0	0	0	0	464	568	
13	0	0	0	0	468	573	
14	0	0	0	0	470	568	
15	0	0	0	0	471	553	
0	0	0	0	0	474	536	
1	0	0	0	0	473	521	
2	0	0	0	0	468	508	
3	0	0	0	0	462	496	
4	0	0	0	0	455	492	
5	0	0	0	0	451	491	
6	0	0	0	0	445	487	
7	0	0	0	0	441	481	
8	0	0	0	0	440	470	
9	0	0	0	0	444	462	
10	0	0	0	0	455	459	
11	0	0	0	0	468	463	
12	0	0	0	0	475	471	
13	0	0	0	0	479	475	
14	0	0	0	0	477	478	
15	0	0	0	0	470	477	
0	0	0	0	0	463	474	
1	0	0	0	0	455	470	
2	0	0	0	0	447	467	
3	0	0	0	0	438	467	
4	0	0	0	0	423	472	
5	0	0	0	0	416	483	
6	0	0	0	0	412	504	
7	0	0	0	0	407	524	
8	0	0	0	0	407	547	
9	0	0	0	0	409	562	
10	0	0	0	0	414	571	
11	0	0	0	0	420	576	
12	0	0	0	0	423	572	
13	0	0	0	0	423	565	
14	0	0	0	0	424	557	
15	0	0	0	0	421	550	
0	0	0	0	0	421	551	
1	0	0	0	0	423	555	
2	0	0	0	0	430	559	
3	0	0	0	0	435	557	
4	0	0	0	0	432	555	
5	0	0	0	0	436	553	
6	0	0	0	0	446	551	
7	0	0	0	0	456	547	
8	0	0	0	0	468	544	
9	0	0	0	0	480	542	
10	0	0	0	0	491	531	
11	0	0	0	0	499	518	
12	0	0	0	0	502	511	
13	0	0	0	0	501	509	
14	0	0	0	0	497	510	
15	0	0	0	0	492	515	
0	0	0	0	0	485	517	
1	0	0	0	0	472	516	
2	0	0	0	0	451	512	
3	0	0	0	0	431	506	
4	0	0	0	0	410	499	
5	0	0	0	0	393	491	
6	0	0	0	0	387	488	
7	0	0	0	0	391	491	
8	0	0	0	0	402	496	
9	0	0	0	0	419	513	
10	0	0	0	0	441	543	
11	0	0	0	0	463	569	
12	0	0	0	0	482	585	
13	0	0	0	0	492	587	
14	0	0	0	0	493	577	
15	0	0	0	0	488	559	
0	0	0	0	0	485	537	
1	0	0	0	0	481	513	
2	0	0	0	0	474	492	
3	0	0	0	0	468	473	
4	0	0	0	0	466	463	
5	0	0	0	0	462	464	
6	0	0	0	0	450	467	
7	0	0	0	0	438	478	
8	0	0	0	0	433	501	
9	0	0	0	0	439	530	
10	0	0	0	0	451	561	
11	0	0	0	0	467	590	
12	0	0	0	0	486	615	
13	0	0	0	0	505	636	
14	0	0	0	0	524	650	
15	0	0	0	0	540	652	
0	0	0	0	0	547	640	
1	0	0	0	0	547	622	
2	0	0	0	0	540	596	
3	0	0	0	0	526	568	
4	0	0	0	0	510	535	
5	0	0	0	0	492	503	
6	0	0	0	0	479	471	
7	0	0	0	0	473	440	
8	0	0	0	0	470	420	
9	0	0	0	0	467	411	
10	0	0	0	0	466	407	
11	0	0	0	0	465	408	
12	0	0	0	0	461	416	
13	0	0	0	0	460	430	
14	0	0	0	0	462	450	
15	0	0	0	0	464	477	
0	0	0	0	0	467	505	
1	0	0	0	0	466	538	
2	0	0	0	0	466	569	
3	0	0	0	0	468	598	
4	0	0	0	0	472	624	
5	0	0	0	0	471	644	
6	0	0	0	0	470	652	
7	0	0	0	0	472	654	
8	0	0	0	0	472	651	
9	0	0	0	0	479	650	
10	0	0	0	0	492	644	
11	0	0	0	0	503	638	
12	0	0	0	0	512	628	
13	0	0	0	0	524	615	
14	0	0	0	0	532	603	
15	0	0	0	0	540	584	
0	0	0	0	0	540	564	
1	0	0	0	0	536	538	
2	0	0	0	0	522	509	
3	0	0	0	0	507	483	
4	0	0	0	0	494	465	
5	0	0	0	0	487	455	
6	0	0	0	0	483	455	
7	0	0	0	0	484	466	
8	0	0	0	0	492	481	
9	0	0	0	0	502	497	
10	0	0	0	0	510	513	
11	0	0	0	0	516	523	
12	0	0	0	0	521	528	
13	0	0	0	0	524	529	
14	0	0	0	0	522	531	
15	0	0	0	0	518	536	
0	0	0	0	0	517	545	
1	0	0	0	0	520	551	
2	0	0	0	0	525	556	
3	0	0	0	0	533	566	
4	0	0	0	0	540	580	
5	0	0	0	0	546	594	
6	0	0	0	0	552	607	
7	0	0	0	0	550	612	
8	0	0	0	0	538	605	
9	0	0	0	0	527	588	
10	0	0	0	0	516	566	
11	0	0	0	0	505	543	
12	0	0	0	0	496	518	
13	0	0	0	0	491	492	
14	0	0	0	0	489	472	
15	0	0	0	0	495	462	
0	0	0	0	0	505	462	
1	0	0	0	0	518	469	
2	0	0	0	0	530	481	
3	0	0	0	0	538	493	
4	0	0	0	0	541	499	
5	0	0	0	0	542	503	
6	0	0	0	0	543	502	
7	0	0	0	0	546	497	
8	0	0	0	0	548	489	
9	0	0	0	0	549	481	
10	0	0	0	0	551	473	
11	0	0	0	0	553	467	
12	0	0	0	0	557	463	
13	0	0	0	0	560	470	
14	0	0	0	0	559	483	
15	0	0	0	0	558	504	
0	0	0	0	0	555	524	
1	0	0	0	0	554	542	
2	0	0	0	0	550	557	
3	0	0	0	0	542	565	
4	0	0	0	0	536	565	
5	0	0	0	0	534	567	
6	0	0	0	0	534	567	
7	0	0	0	0	529	568	
8	0	0	0	0	526	564	
9	0	0	0	0	524	557	
10	0	0	0	0	525	545	
11	0	0	0	0	527	526	
12	0	0	0	0	527	503	
13	0	0	0	0	525	477	
14	0	0	0	0	524	451	
15	0	0	0	0	520	431	
0	0	0	0	0	514	415	
1	0	0	0	0	510	411	
2	0	0	0	0	508	418	
3	0	0	0	0	503	438	
4	0	0	0	0	502	462	
5	0	0	0	0	500	479	
6	0	0	0	0	502	488	
7	0	0	0	0	505	492	
8	0	0	0	0	512	497	
9	0	0	0	0	519	506	
10	0	0	0	0	528	515	
11	0	0	0	0	537	528	
12	0	0	0	0	546	541	
13	0	0	0	0	556	554	
14	0	0	0	0	564	568	
15	0	0	0	0	567	584	
0	0	0	0	0	563	602	
1	0	0	0	0	556	618	
2	0	0	0	0	544	630	
3	0	0	0	0	527	635	
4	0	0	0	0	508	631	
5	0	0	0	0	491	616	
6	0	0	0	0	477	595	
7	0	0	0	0	467	579	
8	0	0	0	0	467	567	
9	0	0	0	0	474	556	
10	0	0	0	0	481	553	
11	0	0	0	0	490	545	
12	0	0	0	0	497	534	
13	0	0	0	0	507	523	
14	0	0	0	0	520	517	
15	0	0	0	0	534	513	
0	0	0	0	0	544	511	
1	0	0	0	0	551	504	
2	0	0	0	0	555	493	
3	0	0	0	0	553	487	
4	0	0	0	0	543	484	
5	0	0	0	0	528	484	
6	0	0	0	0	510	482	
7	0	0	0	0	494	474	
8	0	0	0	0	483	463	
9	0	0	0	0	475	449	
10	0	0	0	0	468	430	
11	0	0	0	0	464	409	
12	0	0	0	0	458	395	
13	0	0	0	0	450	390	
14	0	0	0	0	440	387	
15	0	0	0	0	432	384	
0	0	0	0	0	423	384	
1	0	0	0	0	414	392	
2	0	0	0	0	408	412	
3	0	0	0	0	407	439	
4	0	0	0	0	411	474	
5	0	0	0	0	415	499	
6	0	0	0	0	419	520	
7	0	0	0	0	427	536	
8	0	0	0	0	435	552	
9	0	0	0	0	449	568	
10	0	0	0	0	465	581	
11	0	0	0	0	484	597	
12	0	0	0	0	504	613	
13	0	0	0	0	521	622	
14	0	0	0	0	536	624	
15	0	0	0	0	547	615	
0	0	0	0	0	550	607	
1	0	0	0	0	551	598	
2	0	0	0	0	552	585	
3	0	0	0	0	554	564	
4	0	0	0	0	555	540	
5	0	0	0	0	556	513	
6	0	0	0	0	553	483	
7	0	0	0	0	552	459	
8	0	0	0	0	551	440	
9	0	0	0	0	551	426	
10	0	0	0	0	556	416	
11	0	0	0	0	557	415	
12	0	0	0	0	556	420	
13	0	0	0	0	555	426	
14	0	0	0	0	554	430	
15	0	0	0	0	550	432	
0	0	0	0	0	542	428	
1	0	0	0	0	529	422	
2	0	0	0	0	515	414	
3	0	0	0	0	508	405	
4	0	0	0	0	504	399	
5	0	0	0	0	502	398	
6	0	0	0	0	504	401	
7	0	0	0	0	504	409	
8	0	0	0	0	507	419	
9	0	0	0	0	511	432	
10	0	0	0	0	520	448	
11	0	0	0	0	533	471	
12	0	0	0	0	548	497	
13	0	0	0	0	561	524	
14	0	0	0	0	569	549	
15	0	0	0	0	577	566	
0	0	0	0	0	583	574	
1	0	0	0	0	590	572	
2	0	0	0	0	593	564	
3	0	0	0	0	595	552	
4	0	0	0	0	597	543	
5	0	0	0	0	597	540	
6	0	0	0	0	596	540	
7	0	0	0	0	594	541	
8	0	0	0	0	586	540	
9	0	0	0	0	574	539	
10	0	0	0	0	560	536	
11	0	0	0	0	548	528	
12	0	0	0	0	544	512	
13	0	0	0	0	539	485	
14	0	0	0	0	536	453	
15	0	0	0	0	539	421	
0	0	0	0	0	545	395	
1	0	0	0	0	549	379	
2	0	0	0	0	552	375	
3	0	0	0	0	551	380	
4	0	0	0	0	547	396	
5	0	0	0	0	543	419	
6	0	0	0	0	539	443	
7	0	0	0	0	538	460	
8	0	0	0	0	541	472	
9	0	0	0	0	548	482	
10	0	0	0	0	554	484	
11	0	0	0	0	559	485	
12	0	0	0	0	563	492	
13	0	0	0	0	568	500	
14	0	0	0	0	573	505	
15	0	0	0	0	578	509	
0	0	0	0	0	588	511	
1	0	0	0	0	599	513	
2	0	0	0	0	609	515	
3	0	0	0	0	617	521	
4	0	0	0	0	624	528	
5	0	0	0	0	626	535	
6	0	0	0	0	619	534	
7	0	0	0	0	607	535	
8	0	0	0	0	595	535	
9	0	0	0	0	584	532	
10	0	0	0	0	571	530	
11	0	0	0	0	556	524	
12	0	0	0	0	542	522	
13	0	0	0	0	532	522	
14	0	0	0	0	523	525	
15	0	0	0	0	519	527	
0	0	0	0	0	515	529	
1	0	0	0	0	513	524	
2	0	0	0	0	512	519	
3	0	0	0	0	510	518	
4	0	0	0	0	507	519	
5	0	0	0	0	502	516	
6	0	0	0	0	498	510	
7	0	0	0	0	500	501	
8	0	0	0	0	500	495	
9	0	0	0	0	500	489	
10	0	0	0	0	500	479	
11	0	0	0	0	500	468	
12	0	0	0	0	502	460	
13	0	0	0	0	505	454	
14	0	0	0	0	508	461	
15	0	0	0	0	512	485	
0	0	0	0	0	516	515	
1	0	0	0	0	525	550	
2	0	0	0	0	533	581	
3	0	0	0	0	538	601	
4	0	0	0	0	542	616	
5	0	0	0	0	543	622	
6	0	0	0	0	545	619	
7	0	0	0	0	547	609	
8	0	0	0	0	548	596	
9	0	0	0	0	545	581	
10	0	0	0	0	547	562	
11	0	0	0	0	551	539	
12	0	0	0	0	555	519	
13	0	0	0	0	560	503	
14	0	0	0	0	567	492	
15	0	0	0	0	575	486	
0	0	0	0	0	578	480	
1	0	0	0	0	578	473	
2	0	0	0	0	576	467	
3	0	0	0	0	575	456	
4	0	0	0	0	573	442	
5	0	0	0	0	570	427	
6	0	0	0	0	569	415	
7	0	0	0	0	568	411	
8	0	0	0	0	564	409	
9	0	0	0	0	561	409	
10	0	0	0	0	555	408	
11	0	0	0	0	545	409	
12	0	0	0	0	534	419	
13	0	0	0	0	529	439	
14	0	0	0	0	525	464	
15	0	0	0	0	525	490	
0	0	0	0	0	528	513	
1	0	0	0	0	539	530	
2	0	0	0	0	551	539	
3	0	0	0	0	560	542	
4	0	0	0	0	565	543	
5	0	0	0	0	564	540	
6	0	0	0	0	563	538	
7	0	0	0	0	563	539	
8	0	0	0	0	559	542	
9	0	0	0	0	554	544	
10	0	0	0	0	547	537	
11	0	0	0	0	545	534	
12	0	0	0	0	543	526	
13	0	0	0	0	540	518	
14	0	0	0	0	537	512	
15	0	0	0	0	531	508	
0	0	0	0	0	524	508	
1	0	0	0	0	518	508	
2	0	0	0	0	511	506	
3	0	0	0	0	505	504	
4	0	0	0	0	505	500	
5	0	0	0	0	512	499	
6	0	0	0	0	513	496	
7	0	0	0	0	508	495	
8	0	0	0	0	499	504	
9	0	0	0	0	493	524	
10	0	0	0	0	492	550	
11	0	0	0	0	493	575	
12	0	0	0	0	496	588	
13	0	0	0	0	502	591	
14	0	0	0	0	502	583	
15	0	0	0	0	501	574	
0	0	0	0	0	498	567	
1	0	0	0	0	500	557	
2	0	0	0	0	508	549	
3	0	0	0	0	516	539	
4	0	0	0	0	524	529	
5	0	0	0	0	526	519	
6	0	0	0	0	526	512	
7	0	0	0	0	528	505	
8	0	0	0	0	530	495	
9	0	0	0	0	533	484	
10	0	0	0	0	532	474	
11	0	0	0	0	531	463	
12	0	0	0	0	532	457	
13	0	0	0	0	534	453	
14	0	0	0	0	533	455	
15	0	0	0	0	526	454	
0	0	0	0	0	514	452	
1	0	0	0	0	504	445	
2	0	0	0	0	495	446	
3	0	0	0	0	487	452	
4	0	0	0	0	479	457	
5	0	0	0	0	481	466	
6	0	0	0	0	487	481	
7	0	0	0	0	498	502	
8	0	0	0	0	514	531	
9	0	0	0	0	536	558	
10	0	0	0	0	555	582	
11	0	0	0	0	562	600	
12	0	0	0	0	559	612	
13	0	0	0	0	550	625	
14	0	0	0	0	540	636	
15	0	0	0	0	525	643	
0	0	0	0	0	510	647	
1	0	0	0	0	499	650	
2	0	0	0	0	496	644	
3	0	0	0	0	499	628	
4	0	0	0	0	502	603	
5	0	0	0	0	509	575	
6	0	0	0	0	515	545	
7	0	0	0	0	521	515	
8	0	0	0	0	522	486	
9	0	0	0	0	520	464	
10	0	0	0	0	519	454	
11	0	0	0	0	515	452	
12	0	0	0	0	512	455	
13	0	0	0	0	509	461	
14	0	0	0	0	504	468	
15	0	0	0	0	499	473	
0	0	0	0	0	495	476	
1	0	0	0	0	492	474	
2	0	0	0	0	492	472	
3	0	0	0	0	492	470	
4	0	0	0	0	496	466	
5	0	0	0	0	496	463	
6	0	0	0	0	504	467	
7	0	0	0	0	513	478	
8	0	0	0	0	526	494	
9	0	0	0	0	540	516	
10	0	0	0	0	552	542	
11	0	0	0	0	559	567	
12	0	0	0	0	558	587	
13	0	0	0	0	551	598	
14	0	0	0	0	543	597	
15	0	0	0	0	532	589	
0	0	0	0	0	523	581	
1	0	0	0	0	518	571	
2	0	0	0	0	515	563	
3	0	0	0	0	515	553	
4	0	0	0	0	513	547	
5	0	0	0	0	509	545	
6	0	0	0	0	505	548	
7	0	0	0	0	505	556	
8	0	0	0	0	512	564	
9	0	0	0	0	526	569	
10	0	0	0	0	543	565	
11	0	0	0	0	558	557	
12	0	0	0	0	568	551	
13	0	0	0	0	574	547	
14	0	0	0	0	578	551	
15	0	0	0	0	577	556	
0	0	0	0	0	571	558	
1	0	0	0	0	557	563	
2	0	0	0	0	544	572	
3	0	0	0	0	530	578	
4	0	0	0	0	518	579	
5	0	0	0	0	509	572	
6	0	0	0	0	503	560	
7	0	0	0	0	499	543	
8	0	0	0	0	496	524	
9	0	0	0	0	491	504	
10	0	0	0	0	485	486	
11	0	0	0	0	478	468	
12	0	0	0	0	473	452	
13	0	0	0	0	471	442	
14	0	0	0	0	471	439	
15	0	0	0	0	471	441	
0	0	0	0	0	467	445	
1	0	0	0	0	464	446	
2	0	0	0	0	464	451	
3	0	0	0	0	469	460	
4	0	0	0	0	475	470	
5	0	0	0	0	487	482	
6	0	0	0	0	496	496	
7	0	0	0	0	508	511	
8	0	0	0	0	512	524	
9	0	0	0	0	515	534	
10	0	0	0	0	515	542	
11	0	0	0	0	513	551	
12	0	0	0	0	510	557	
13	0	0	0	0	499	560	
14	0	0	0	0	485	557	
15	0	0	0	0	467	552	
0	0	0	0	0	451	547	
1	0	0	0	0	436	538	
2	0	0	0	0	424	528	
3	0	0	0	0	414	513	
4	0	0	0	0	406	499	
5	0	0	0	0	405	489	
6	0	0	0	0	408	483	
7	0	0	0	0	415	483	
8	0	0	0	0	422	492	
9	0	0	0	0	427	501	
10	0	0	0	0	434	517	
11	0	0	0	0	444	532	
12	0	0	0	0	459	547	
13	0	0	0	0	473	560	
14	0	0	0	0	484	563	
15	0	0	0	0	494	562	
0	0	0	0	0	496	563	
1	0	0	0	0	495	561	
2	0	0	0	0	489	556	
3	0	0	0	0	476	550	
4	0	0	0	0	463	545	
5	0	0	0	0	451	542	
6	0	0	0	0	442	539	
7	0	0	0	0	436	536	
8	0	0	0	0	431	540	
9	0	0	0	0	424	546	
10	0	0	0	0	421	553	
11	0	0	0	0	419	552	
12	0	0	0	0	418	548	
13	0	0	0	0	420	542	
14	0	0	0	0	420	533	
15	0	0	0	0	421	518	
0	0	0	0	0	416	502	
1	0	0	0	0	411	480	
2	0	0	0	0	408	459	
3	0	0	0	0	404	444	
4	0	0	0	0	404	435	
5	0	0	0	0	407	434	
6	0	0	0	0	408	432	
7	0	0	0	0	412	429	
8	0	0	0	0	416	424	
9	0	0	0	0	416	428	
10	0	0	0	0	419	444	
11	0	0	0	0	427	472	
12	0	0	0	0	437	501	
13	0	0	0	0	449	531	
14	0	0	0	0	458	553	
15	0	0	0	0	463	568	
0	0	0	0	0	464	579	
1	0	0	0	0	462	581	
2	0	0	0	0	460	582	
3	0	0	0	0	458	572	
4	0	0	0	0	455	559	
5	0	0	0	0	452	542	
6	0	0	0	0	456	524	
7	0	0	0	0	462	511	
8	0	0	0	0	466	501	
9	0	0	0	0	472	491	
10	0	0	0	0	473	479	
11	0	0	0	0	465	470	
12	0	0	0	0	455	456	
13	0	0	0	0	444	443	
14	0	0	0	0	434	434	
15	0	0	0	0	428	427	
0	0	0	0	0	427	420	
1	0	0	0	0	431	415	
2	0	0	0	0	440	416	
3	0	0	0	0	448	423	
4	0	0	0	0	449	431	
5	0	0	0	0	447	440	
6	0	0	0	0	444	448	
7	0	0	0	0	442	458	
8	0	0	0	0	443	468	
9	0	0	0	0	443	472	
10	0	0	0	0	444	483	
11	0	0	0	0	445	500	
12	0	0	0	0	444	516	
13	0	0	0	0	443	524	
14	0	0	0	0	441	535	
15	0	0	0	0	440	543	
0	0	0	0	0	442	553	
1	0	0	0	0	449	563	
2	0	0	0	0	455	569	
3	0	0	0	0	461	572	
4	0	0	0	0	467	575	
5	0	0	0	0	471	579	
6	0	0	0	0	473	579	
7	0	0	0	0	479	578	
8	0	0	0	0	487	580	
9	0	0	0	0	496	582	
10	0	0	0	0	507	579	
11	0	0	0	0	515	577	
12	0	0	0	0	521	574	
13	0	0	0	0	527	564	
14	0	0	0	0	532	556	
15	0	0	0	0	536	541	
0	0	0	0	0	537	521	
1	0	0	0	0	537	503	
2	0	0	0	0	538	491	
3	0	0	0	0	540	479	
4	0	0	0	0	545	467	
5	0	0	0	0	548	460	
6	0	0	0	0	544	447	
7	0	0	0	0	540	434	
8	0	0	0	0	534	417	
9	0	0	0	0	526	405	
10	0	0	0	0	521	403	
11	0	0	0	0	518	413	
12	0	0	0	0	512	430	
13	0	0	0	0	508	450	
14	0	0	0	0	504	474	
15	0	0	0	0	504	493	
0	0	0	0	0	506	512	
1	0	0	0	0	512	529	
2	0	0	0	0	519	545	
3	0	0	0	0	524	559	
4	0	0	0	0	527	564	
5	0	0	0	0	530	565	
6	0	0	0	0	532	562	
7	0	0	0	0	535	558	
8	0	0	0	0	538	557	
9	0	0	0	0	541	553	
10	0	0	0	0	540	547	
11	0	0	0	0	532	536	
12	0	0	0	0	524	526	
13	0	0	0	0	515	515	
14	0	0	0	0	503	503	
15	0	0	0	0	489	496	
0	0	0	0	0	477	496	
1	0	0	0	0	469	499	
2	0	0	0	0	471	505	
3	0	0	0	0	478	514	
4	0	0	0	0	493	528	
5	0	0	0	0	508	542	
6	0	0	0	0	523	554	
7	0	0	0	0	537	563	
8	0	0	0	0	551	567	
9	0	0	0	0	563	568	
10	0	0	0	0	572	571	
11	0	0	0	0	579	575	
12	0	0	0	0	580	580	
13	0	0	0	0	575	579	
14	0	0	0	0	570	574	
15	0	0	0	0	559	564	
0	0	0	0	0	545	553	
1	0	0	0	0	530	541	
2	0	0	0	0	512	533	
3	0	0	0	0	497	529	
4	0	0	0	0	478	526	
5	0	0	0	0	460	525	
6	0	0	0	0	444	524	
7	0	0	0	0	428	525	
8	0	0	0	0	416	535	
9	0	0	0	0	406	547	
10	0	0	0	0	401	562	
11	0	0	0	0	401	577	
12	0	0	0	0	412	585	
13	0	0	0	0	424	587	
14	0	0	0	0	436	583	
15	0	0	0	0	449	576	
0	0	0	0	0	464	571	
1	0	0	0	0	478	566	
2	0	0	0	0	492	560	
3	0	0	0	0	505	552	
4	0	0	0	0	508	544	
5	0	0	0	0	507	539	
6	0	0	0	0	502	535	
7	0	0	0	0	493	536	
8	0	0	0	0	482	537	
9	0	0	0	0	474	539	
10	0	0	0	0	473	543	
11	0	0	0	0	476	551	
12	0	0	0	0	480	559	
13	0	0	0	0	483	564	
14	0	0	0	0	482	566	
15	0	0	0	0	476	564	
0	0	0	0	0	470	551	
1	0	0	0	0	467	537	
2	0	0	0	0	465	524	
3	0	0	0	0	459	513	
4	0	0	0	0	454	500	
5	0	0	0	0	447	486	
6	0	0	0	0	443	472	
7	0	0	0	0	442	463	
8	0	0	0	0	447	463	
9	0	0	0	0	449	472	
10	0	0	0	0	447	489	
11	0	0	0	0	443	502	
12	0	0	0	0	444	513	
13	0	0	0	0	451	529	
14	0	0	0	0	462	546	
15	0	0	0	0	481	561	
0	0	0	0	0	501	575	
1	0	0	0	0	520	584	
2	0	0	0	0	540	592	
3	0	0	0	0	556	596	
4	0	0	0	0	566	597	
5	0	0	0	0	566	592	
6	0	0	0	0	562	583	
7	0	0	0	0	550	570	
8	0	0	0	0	536	554	
9	0	0	0	0	515	534	
10	0	0	0	0	497	513	
11	0	0	0	0	480	497	
12	0	0	0	0	463	487	
13	0	0	0	0	449	481	
14	0	0	0	0	437	479	
15	0	0	0	0	421	477	
0	0	0	0	0	405	475	
1	0	0	0	0	395	473	
2	0	0	0	0	391	478	
3	0	0	0	0	387	487	
4	0	0	0	0	393	497	
5	0	0	0	0	406	512	
6	0	0	0	0	417	531	
7	0	0	0	0	427	549	
8	0	0	0	0	440	568	
9	0	0	0	0	455	582	
10	0	0	0	0	471	594	
11	0	0	0	0	490	601	
12	0	0	0	0	506	606	
13	0	0	0	0	516	609	
14	0	0	0	0	522	611	
15	0	0	0	0	521	614	
0	0	0	0	0	513	610	
1	0	0	0	0	499	606	
2	0	0	0	0	488	601	
3	0	0	0	0	476	596	
4	0	0	0	0	462	591	
5	0	0	0	0	452	583	
6	0	0	0	0	444	575	
7	0	0	0	0	438	560	
8	0	0	0	0	438	540	
9	0	0	0	0	436	516	
10	0	0	0	0	435	486	
11	0	0	0	0	433	460	
12	0	0	0	0	433	439	
13	0	0	0	0	434	424	
14	0	0	0	0	434	415	
15	0	0	0	0	436	416	
0	0	0	0	0	441	430	
1	0	0	0	0	446	455	
2	0	0	0	0	457	488	
3	0	0	0	0	470	526	
4	0	0	0	0	483	570	
5	0	0	0	0	496	610	
6	0	0	0	0	512	641	
7	0	0	0	0	532	656	
8	0	0	0	0	550	657	
9	0	0	0	0	560	652	
10	0	0	0	0	563	641	
11	0	0	0	0	559	624	
12	0	0	0	0	549	605	
13	0	0	0	0	536	583	
14	0	0	0	0	521	560	
15	0	0	0	0	505	540	
0	0	0	0	0	488	521	
1	0	0	0	0	474	504	
2	0	0	0	0	460	485	
3	0	0	0	0	445	473	
4	0	0	0	0	435	468	
5	0	0	0	0	433	466	
6	0	0	0	0	436	461	
7	0	0	0	0	441	459	
8	0	0	0	0	444	458	
9	0	0	0	0	446	460	
10	0	0	0	0	448	466	
11	0	0	0	0	452	475	
12	0	0	0	0	457	483	
13	0	0	0	0	456	492	
14	0	0	0	0	455	496	
15	0	0	0	0	452	496	
0	0	0	0	0	453	494	
1	0	0	0	0	458	491	
2	0	0	0	0	462	483	
3	0	0	0	0	465	480	
4	0	0	0	0	467	477	
5	0	0	0	0	469	476	
6	0	0	0	0	472	478	
7	0	0	0	0	479	483	
8	0	0	0	0	488	490	
9	0	0	0	0	497	503	
10	0	0	0	0	498	516	
11	0	0	0	0	497	529	
12	0	0	0	0	494	541	
13	0	0	0	0	488	552	
14	0	0	0	0	484	557	
15	0	0	0	0	485	555	
0	0	0	0	0	485	550	
1	0	0	0	0	486	539	
2	0	0	0	0	496	524	
3	0	0	0	0	506	504	
4	0	0	0	0	506	481	
5	0	0	0	0	500	464	
6	0	0	0	0	495	450	
7	0	0	0	0	493	443	
8	0	0	0	0	489	445	
9	0	0	0	0	484	451	
10	0	0	0	0	476	463	
11	0	0	0	0	474	468	
12	0	0	0	0	472	473	
13	0	0	0	0	468	473	
14	0	0	0	0	468	473	
15	0	0	0	0	468	472	
0	0	0	0	0	470	475	
1	0	0	0	0	473	481	
2	0	0	0	0	478	483	
3	0	0	0	0	488	480	
4	0	0	0	0	496	475	
5	0	0	0	0	500	467	
6	0	0	0	0	499	462	
7	0	0	0	0	497	460	
8	0	0	0	0	490	460	
9	0	0	0	0	481	458	
10	0	0	0	0	472	456	
11	0	0	0	0	465	454	
12	0	0	0	0	463	453	
13	0	0	0	0	467	453	
14	0	0	0	0	478	456	
15	0	0	0	0	493	469	
0	0	0	0	0	505	492	
1	0	0	0	0	512	518	
2	0	0	0	0	514	542	
3	0	0	0	0	509	568	
4	0	0	0	0	503	593	
5	0	0	0	0	499	621	
6	0	0	0	0	495	644	
7	0	0	0	0	491	648	
8	0	0	0	0	488	645	
9	0	0	0	0	487	630	
10	0	0	0	0	482	608	
11	0	0	0	0	475	577	
12	0	0	0	0	464	543	
13	0	0	0	0	457	513	
14	0	0	0	0	452	488	
15	0	0	0	0	448	466	
0	0	0	0	0	446	453	
1	0	0	0	0	448	446	
2	0	0	0	0	451	444	
3	0	0	0	0	454	445	
4	0	0	0	0	455	448	
5	0	0	0	0	450	448	
6	0	0	0	0	444	448	
7	0	0	0	0	436	448	
8	0	0	0	0	429	443	
9	0	0	0	0	423	439	
10	0	0	0	0	418	436	
11	0	0	0	0	419	438	
12	0	0	0	0	423	441	
13	0	0	0	0	429	442	
14	0	0	0	0	436	439	
15	0	0	0	0	444	432	
0	0	0	0	0	452	429	
1	0	0	0	0	459	430	
2	0	0	0	0	463	440	
3	0	0	0	0	463	456	
4	0	0	0	0	459	467	
5	0	0	0	0	452	471	
6	0	0	0	0	448	477	
7	0	0	0	0	444	479	
8	0	0	0	0	440	479	
9	0	0	0	0	436	478	
10	0	0	0	0	432	478	
11	0	0	0	0	426	480	
12	0	0	0	0	419	484	
13	0	0	0	0	414	487	
14	0	0	0	0	409	491	
15	0	0	0	0	409	492	
0	0	0	0	0	410	493	
1	0	0	0	0	409	492	
2	0	0	0	0	409	495	
3	0	0	0	0	413	502	
4	0	0	0	0	418	508	
5	0	0	0	0	426	515	
6	0	0	0	0	435	528	
7	0	0	0	0	454	546	
8	0	0	0	0	473	560	
9	0	0	0	0	491	569	
10	0	0	0	0	504	577	
11	0	0	0	0	508	587	
12	0	0	0	0	506	593	
13	0	0	0	0	505	598	
14	0	0	0	0	503	591	
15	0	0	0	0	496	572	
0	0	0	0	0	494	545	
1	0	0	0	0	489	519	
2	0	0	0	0	476	504	
3	0	0	0	0	463	494	
4	0	0	0	0	455	486	
5	0	0	0	0	452	482	
6	0	0	0	0	451	481	
7	0	0	0	0	451	476	
8	0	0	0	0	446	464	
9	0	0	0	0	436	447	
10	0	0	0	0	428	432	
11	0	0	0	0	422	425	
12	0	0	0	0	420	426	
13	0	0	0	0	427	430	
14	0	0	0	0	436	433	
15	0	0	0	0	449	441	
0	0	0	0	0	466	454	
1	0	0	0	0	479	464	
2	0	0	0	0	492	477	
3	0	0	0	0	503	491	
4	0	0	0	0	510	503	
5	0	0	0	0	516	508	
6	0	0	0	0	522	512	
7	0	0	0	0	531	513	
8	0	0	0	0	538	516	
9	0	0	0	0	543	519	
10	0	0	0	0	545	523	
11	0	0	0	0	544	528	
12	0	0	0	0	545	533	
13	0	0	0	0	549	537	
14	0	0	0	0	558	539	
15	0	0	0	0	566	536	
0	0	0	0	0	573	526	
1	0	0	0	0	576	511	
2	0	0	0	0	574	495	
3	0	0	0	0	570	486	
4	0	0	0	0	563	480	
5	0	0	0	0	558	480	
6	0	0	0	0	556	487	
7	0	0	0	0	554	498	
8	0	0	0	0	551	512	
9	0	0	0	0	553	522	
10	0	0	0	0	551	527	
11	0	0	0	0	545	532	
12	0	0	0	0	541	529	
13	0	0	0	0	540	525	
14	0	0	0	0	543	521	
15	0	0	0	0	549	516	
0	0	0	0	0	556	509	
1	0	0	0	0	559	502	
2	0	0	0	0	562	495	
3	0	0	0	0	560	486	
4	0	0	0	0	552	476	
5	0	0	0	0	540	468	
6	0	0	0	0	528	467	
7	0	0	0	0	521	476	
8	0	0	0	0	519	492	
9	0	0	0	0	520	516	
10	0	0	0	0	524	542	
11	0	0	0	0	534	568	
12	0	0	0	0	543	588	
13	0	0	0	0	547	605	
14	0	0	0	0	551	611	
15	0	0	0	0	553	609	
0	0	0	0	0	556	600	
1	0	0	0	0	557	590	
2	0	0	0	0	563	579	
3	0	0	0	0	568	571	
4	0	0	0	0	572	561	
5	0	0	0	0	574	548	
6	0	0	0	0	573	533	
7	0	0	0	0	565	515	
8	0	0	0	0	552	491	
9	0	0	0	0	537	465	
10	0	0	0	0	525	443	
11	0	0	0	0	517	431	
12	0	0	0	0	516	436	
13	0	0	0	0	521	455	
14	0	0	0	0	536	483	
15	0	0	0	0	556	508	
0	0	0	0	0	579	531	
1	0	0	0	0	597	547	
2	0	0	0	0	605	554	
3	0	0	0	0	608	555	
4	0	0	0	0	606	549	
5	0	0	0	0	604	550	
6	0	0	0	0	603	557	
7	0	0	0	0	599	566	
8	0	0	0	0	590	572	
9	0	0	0	0	583	575	
10	0	0	0	0	579	574	
11	0	0	0	0	580	560	
12	0	0	0	0	579	543	
13	0	0	0	0	581	528	
14	0	0	0	0	582	512	
15	0	0	0	0	584	498	
0	0	0	0	0	585	486	
1	0	0	0	0	587	474	
2	0	0	0	0	590	465	
3	0	0	0	0	593	460	
4	0	0	0	0	596	462	
5	0	0	0	0	598	464	
6	0	0	0	0	595	463	
7	0	0	0	0	589	463	
8	0	0	0	0	582	468	
9	0	0	0	0	577	469	
10	0	0	0	0	572	470	
11	0	0	0	0	566	472	
12	0	0	0	0	563	481	
13	0	0	0	0	564	495	
14	0	0	0	0	564	505	
15	0	0	0	0	569	516	
0	0	0	0	0	573	522	
1	0	0	0	0	576	524	
2	0	0	0	0	583	525	
3	0	0	0	0	590	524	
4	0	0	0	0	596	527	
5	0	0	0	0	600	538	
6	0	0	0	0	600	551	
7	0	0	0	0	598	566	
8	0	0	0	0	595	585	
9	0	0	0	0	594	606	
10	0	0	0	0	595	617	
11	0	0	0	0	595	616	
12	0	0	0	0	584	607	
13	0	0	0	0	575	593	
14	0	0	0	0	570	577	
15	0	0	0	0	566	556	
0	0	0	0	0	559	534	
1	0	0	0	0	551	509	
2	0	0	0	0	541	489	
3	0	0	0	0	535	475	
4	0	0	0	0	528	468	
5	0	0	0	0	520	467	
6	0	0	0	0	511	468	
7	0	0	0	0	505	472	
8	0	0	0	0	500	482	
9	0	0	0	0	496	492	
10	0	0	0	0	489	495	
11	0	0	0	0	488	491	
12	0	0	0	0	492	488	
13	0	0	0	0	491	488	
14	0	0	0	0	489	487	
15	0	0	0	0	484	489	
0	0	0	0	0	481	487	
1	0	0	0	0	483	481	
2	0	0	0	0	489	482	
3	0	0	0	0	500	486	
4	0	0	0	0	518	498	
5	0	0	0	0	538	521	
6	0	0	0	0	556	540	
7	0	0	0	0	567	553	
8	0	0	0	0	576	561	
9	0	0	0	0	583	566	
10	0	0	0	0	587	571	
11	0	0	0	0	583	574	
12	0	0	0	0	579	572	
13	0	0	0	0	571	572	
14	0	0	0	0	559	573	
15	0	0	0	0	545	579	
0	0	0	0	0	531	579	
1	0	0	0	0	519	569	
2	0	0	0	0	507	552	
3	0	0	0	0	497	532	
4	0	0	0	0	488	508	
5	0	0	0	0	483	488	
6	0	0	0	0	476	472	
7	0	0	0	0	473	456	
8	0	0	0	0	475	439	
9	0	0	0	0	483	422	
10	0	0	0	0	498	414	
11	0	0	0	0	509	411	
12	0	0	0	0	516	408	
13	0	0	0	0	522	403	
14	0	0	0	0	525	397	
15	0	0	0	0	524	389	
0	0	0	0	0	516	384	
1	0	0	0	0	505	383	
2	0	0	0	0	495	387	
3	0	0	0	0	483	395	
4	0	0	0	0	476	408	
5	0	0	0	0	473	425	
6	0	0	0	0	476	443	
7	0	0	0	0	481	457	
8	0	0	0	0	482	466	
9	0	0	0	0	485	467	
10	0	0	0	0	484	465	
11	0	0	0	0	482	464	
12	0	0	0	0	487	465	
13	0	0	0	0	492	465	
14	0	0	0	0	502	465	
15	0	0	0	0	511	475	
0	0	0	0	0	517	489	
1	0	0	0	0	519	502	
2	0	0	0	0	514	511	
3	0	0	0	0	511	509	
4	0	0	0	0	505	498	
5	0	0	0	0	497	483	
6	0	0	0	0	491	467	
7	0	0	0	0	488	452	
8	0	0	0	0	488	448	
9	0	0	0	0	494	450	
10	0	0	0	0	500	457	
11	0	0	0	0	504	469	
12	0	0	0	0	507	483	
13	0	0	0	0	506	502	
14	0	0	0	0	504	524	
15	0	0	0	0	499	547	
0	0	0	0	0	492	572	
1	0	0	0	0	493	599	
2	0	0	0	0	498	622	
3	0	0	0	0	505	638	
4	0	0	0	0	510	647	
5	0	0	0	0	515	642	
6	0	0	0	0	522	624	
7	0	0	0	0	521	600	
8	0	0	0	0	519	570	
9	0	0	0	0	519	545	
10	0	0	0	0	523	527	
11	0	0	0	0	527	512	
12	0	0	0	0	527	501	
13	0	0	0	0	529	494	
14	0	0	0	0	535	486	
15	0	0	0	0	542	474	
0	0	0	0	0	547	460	
1	0	0	0	0	549	444	
2	0	0	0	0	548	431	
3	0	0	0	0	545	422	
4	0	0	0	0	545	417	
5	0	0	0	0	539	414	
6	0	0	0	0	532	410	
7	0	0	0	0	525	411	
8	0	0	0	0	513	407	
9	0	0	0	0	499	403	
10	0	0	0	0	481	401	
11	0	0	0	0	471	400	
12	0	0	0	0	467	408	
13	0	0	0	0	470	427	
14	0	0	0	0	480	450	
15	0	0	0	0	490	472	
0	0	0	0	0	495	495	
1	0	0	0	0	498	519	
2	0	0	0	0	505	541	
3	0	0	0	0	515	556	
4	0	0	0	0	521	562	
5	0	0	0	0	525	560	
6	0	0	0	0	528	554	
7	0	0	0	0	531	541	
8	0	0	0	0	527	527	
9	0	0	0	0	519	515	
10	0	0	0	0	508	508	
11	0	0	0	0	494	510	
12	0	0	0	0	480	518	
13	0	0	0	0	470	532	
14	0	0	0	0	465	549	
15	0	0	0	0	470	569	
0	0	0	0	0	479	585	
1	0	0	0	0	485	593	
2	0	0	0	0	488	591	
3	0	0	0	0	493	580	
4	0	0	0	0	497	560	
5	0	0	0	0	498	535	
6	0	0	0	0	498	507	
7	0	0	0	0	495	477	
8	0	0	0	0	492	448	
9	0	0	0	0	489	420	
10	0	0	0	0	487	399	
11	0	0	0	0	492	389	
12	0	0	0	0	498	386	
13	0	0	0	0	509	386	
14	0	0	0	0	518	389	
15	0	0	0	0	519	391	
0	0	0	0	0	518	393	
1	0	0	0	0	513	397	
2	0	0	0	0	505	405	
3	0	0	0	0	497	421	
4	0	0	0	0	491	447	
5	0	0	0	0	489	475	
6	0	0	0	0	491	501	
7	0	0	0	0	496	519	
8	0	0	0	0	496	528	
9	0	0	0	0	491	531	
10	0	0	0	0	482	523	
11	0	0	0	0	476	514	
12	0	0	0	0	478	513	
13	0	0	0	0	483	524	
14	0	0	0	0	485	539	
15	0	0	0	0	487	562	
0	0	0	0	0	486	589	
1	0	0	0	0	477	614	
2	0	0	0	0	469	640	
3	0	0	0	0	464	659	
4	0	0	0	0	458	668	
5	0	0	0	0	451	670	
6	0	0	0	0	446	666	
7	0	0	0	0	445	658	
8	0	0	0	0	443	643	
9	0	0	0	0	442	622	
10	0	0	0	0	444	592	
11	0	0	0	0	444	559	
12	0	0	0	0	441	522	
13	0	0	0	0	439	478	
14	0	0	0	0	437	433	
15	0	0	0	0	438	391	
0	0	0	0	0	438	356	
1	0	0	0	0	446	335	
2	0	0	0	0	455	326	
3	0	0	0	0	464	326	
4	0	0	0	0	475	332	
5	0	0	0	0	491	340	
6	0	0	0	0	504	357	
7	0	0	0	0	509	376	
8	0	0	0	0	511	399	
9	0	0	0	0	511	420	
10	0	0	0	0	509	440	
11	0	0	0	0	503	452	
12	0	0	0	0	494	460	
13	0	0	0	0	481	461	
14	0	0	0	0	470	462	
15	0	0	0	0	462	460	
0	0	0	0	0	455	464	
1	0	0	0	0	452	477	
2	0	0	0	0	458	497	
3	0	0	0	0	466	516	
4	0	0	0	0	479	539	
5	0	0	0	0	493	563	
6	0	0	0	0	504	587	
7	0	0	0	0	516	608	
8	0	0	0	0	532	621	
9	0	0	0	0	545	627	
10	0	0	0	0	551	632	
11	0	0	0	0	554	641	
12	0	0	0	0	555	645	
13	0	0	0	0	553	646	
14	0	0	0	0	548	638	
15	0	0	0	0	537	622	
0	0	0	0	0	524	603	
1	0	0	0	0	512	578	
2	0	0	0	0	504	549	
3	0	0	0	0	494	509	
4	0	0	0	0	485	468	
5	0	0	0	0	478	426	
6	0	0	0	0	471	387	
7	0	0	0	0	467	356	
8	0	0	0	0	465	330	
9	0	0	0	0	460	321	
10	0	0	0	0	451	316	
11	0	0	0	0	448	322	
12	0	0	0	0	452	339	
13	0	0	0	0	460	363	
14	0	0	0	0	471	394	
15	0	0	0	0	487	424	
0	0	0	0	0	504	451	
1	0	0	0	0	519	483	
2	0	0	0	0	531	507	
3	0	0	0	0	540	529	
4	0	0	0	0	546	543	
5	0	0	0	0	552	547	
6	0	0	0	0	560	544	
7	0	0	0	0	575	539	
8	0	0	0	0	590	535	
9	0	0	0	0	602	531	
10	0	0	0	0	606	524	
11	0	0	0	0	608	521	
12	0	0	0	0	606	516	
13	0	0	0	0	600	510	
14	0	0	0	0	590	505	
15	0	0	0	0	576	499	
0	0	0	0	0	560	496	
1	0	0	0	0	544	493	
2	0	0	0	0	530	489	
3	0	0	0	0	518	488	
4	0	0	0	0	510	495	
5	0	0	0	0	507	506	
6	0	0	0	0	511	519	
7	0	0	0	0	515	529	
8	0	0	0	0	517	535	
9	0	0	0	0	519	537	
10	0	0	0	0	521	537	
11	0	0	0	0	521	533	
12	0	0	0	0	521	526	
13	0	0	0	0	519	517	
14	0	0	0	0	514	509	
15	0	0	0	0	504	501	
0	0	0	0	0	497	491	
1	0	0	0	0	492	481	
2	0	0	0	0	491	476	
3	0	0	0	0	494	475	
4	0	0	0	0	499	478	
5	0	0	0	0	504	485	
6	0	0	0	0	507	492	
7	0	0	0	0	512	496	
8	0	0	0	0	521	498	
9	0	0	0	0	530	499	
10	0	0	0	0	534	500	
11	0	0	0	0	539	502	
12	0	0	0	0	545	508	
13	0	0	0	0	551	511	
14	0	0	0	0	558	519	
15	0	0	0	0	568	527	
0	0	0	0	0	578	537	
1	0	0	0	0	580	544	
2	0	0	0	0	575	549	
3	0	0	0	0	566	552	
4	0	0	0	0	558	556	
5	0	0	0	0	548	559	
6	0	0	0	0	541	564	
7	0	0	0	0	536	576	
8	0	0	0	0	538	595	
9	0	0	0	0	546	609	
10	0	0	0	0	557	622	
11	0	0	0	0	566	637	
12	0	0	0	0	569	647	
13	0	0	0	0	567	647	
14	0	0	0	0	563	638	
15	0	0	0	0	560	620	
0	0	0	0	0	558	598	
1	0	0	0	0	556	578	
2	0	0	0	0	551	562	
3	0	0	0	0	546	544	
4	0	0	0	0	540	524	
5	0	0	0	0	534	505	
6	0	0	0	0	531	486	
7	0	0	0	0	532	472	
8	0	0	0	0	532	461	
9	0	0	0	0	534	455	
10	0	0	0	0	535	451	
11	0	0	0	0	539	444	
12	0	0	0	0	542	439	
13	0	0	0	0	543	439	
14	0	0	0	0	544	444	
15	0	0	0	0	541	458	
0	0	0	0	0	534	480	
1	0	0	0	0	523	505	
2	0	0	0	0	511	524	
3	0	0	0	0	499	531	
4	0	0	0	0	492	536	
5	0	0	0	0	492	538	
6	0	0	0	0	492	536	
7	0	0	0	0	498	527	
8	0	0	0	0	502	514	
9	0	0	0	0	502	505	
10	0	0	0	0	502	500	
11	0	0	0	0	506	495	
12	0	0	0	0	515	490	
13	0	0	0	0	524	487	
14	0	0	0	0	535	485	
15	0	0	0	0	542	484	
0	0	0	0	0	550	484	
1	0	0	0	0	558	484	
2	0	0	0	0	565	485	
3	0	0	0	0	571	484	
4	0	0	0	0	564	481	
5	0	0	0	0	552	477	
6	0	0	0	0	541	467	
7	0	0	0	0	527	453	
8	0	0	0	0	511	441	
9	0	0	0	0	501	431	
10	0	0	0	0	495	425	
11	0	0	0	0	494	420	
12	0	0	0	0	497	417	
13	0	0	0	0	500	419	
14	0	0	0	0	502	422	
15	0	0	0	0	504	424	
0	0	0	0	0	504	426	
1	0	0	0	0	504	425	
2	0	0	0	0	501	431	
3	0	0	0	0	496	443	
4	0	0	0	0	493	456	
5	0	0	0	0	490	473	
6	0	0	0	0	487	489	
7	0	0	0	0	481	504	
8	0	0	0	0	469	516	
9	0	0	0	0	460	524	
10	0	0	0	0	457	527	
11	0	0	0	0	463	533	
12	0	0	0	0	481	547	
13	0	0	0	0	504	568	
14	0	0	0	0	533	596	
15	0	0	0	0	556	621	
0	0	0	0	0	571	636	
1	0	0	0	0	580	640	
2	0	0	0	0	589	633	
3	0	0	0	0	594	615	
4	0	0	0	0	595	591	
5	0	0	0	0	592	563	
6	0	0	0	0	585	540	
7	0	0	0	0	576	519	
8	0	0	0	0	568	495	
9	0	0	0	0	560	467	
10	0	0	0	0	556	440	
11	0	0	0	0	556	425	
12	0	0	0	0	562	420	
13	0	0	0	0	571	430	
14	0	0	0	0	575	451	
15	0	0	0	0	580	484	
0	0	0	0	0	581	512	
1	0	0	0	0	580	532	
2	0	0	0	0	577	542	
3	0	0	0	0	567	547	
4	0	0	0	0	553	547	
5	0	0	0	0	540	539	
6	0	0	0	0	530	523	
7	0	0	0	0	526	508	
8	0	0	0	0	529	491	
9	0	0	0	0	532	477	
10	0	0	0	0	534	460	
11	0	0	0	0	536	451	
12	0	0	0	0	540	451	
13	0	0	0	0	543	464	
14	0	0	0	0	547	480	
15	0	0	0	0	550	497	
0	0	0	0	0	551	508	
1	0	0	0	0	553	515	
2	0	0	0	0	555	520	
3	0	0	0	0	559	524	
4	0	0	0	0	564	521	
5	0	0	0	0	565	508	
6	0	0	0	0	561	490	
7	0	0	0	0	556	468	
8	0	0	0	0	549	451	
9	0	0	0	0	543	438	
10	0	0	0	0	540	427	
11	0	0	0	0	535	419	
12	0	0	0	0	523	419	
13	0	0	0	0	511	424	
14	0	0	0	0	499	434	
15	0	0	0	0	490	443	
0	0	0	0	0	486	455	
1	0	0	0	0	481	471	
2	0	0	0	0	475	489	
3	0	0	0	0	463	507	
4	0	0	0	0	450	520	
5	0	0	0	0	440	520	
6	0	0	0	0	432	513	
7	0	0	0	0	428	504	
8	0	0	0	0	431	502	
9	0	0	0	0	440	508	
10	0	0	0	0	458	520	
11	0	0	0	0	480	533	
12	0	0	0	0	503	543	
13	0	0	0	0	529	550	
14	0	0	0	0	558	560	
15	0	0	0	0	583	576	
0	0	0	0	0	598	591	
1	0	0	0	0	604	604	
2	0	0	0	0	606	611	
3	0	0	0	0	603	615	
4	0	0	0	0	591	618	
5	0	0	0	0	573	616	
6	0	0	0	0	552	610	
7	0	0	0	0	536	597	
8	0	0	0	0	524	576	
9	0	0	0	0	513	548	
10	0	0	0	0	504	515	
11	0	0	0	0	494	484	
12	0	0	0	0	484	461	
13	0	0	0	0	479	444	
14	0	0	0	0	479	430	
15	0	0	0	0	480	425	
0	0	0	0	0	477	433	
1	0	0	0	0	479	455	
2	0	0	0	0	486	483	
3	0	0	0	0	496	508	
4	0	0	0	0	502	525	
5	0	0	0	0	504	537	
6	0	0	0	0	502	549	
7	0	0	0	0	501	554	
8	0	0	0	0	504	558	
9	0	0	0	0	511	557	
10	0	0	0	0	519	556	
11	0	0	0	0	537	553	
12	0	0	0	0	553	550	
13	0	0	0	0	564	546	
14	0	0	0	0	571	541	
15	0	0	0	0	575	533	
0	0	0	0	0	577	528	
1	0	0	0	0	575	526	
2	0	0	0	0	572	524	
3	0	0	0	0	571	520	
4	0	0	0	0	568	521	
5	0	0	0	0	564	521	
6	0	0	0	0	557	520	
7	0	0	0	0	550	517	
8	0	0	0	0	546	516	
9	0	0	0	0	542	519	
10	0	0	0	0	540	528	
11	0	0	0	0	543	545	
12	0	0	0	0	548	561	
13	0	0	0	0	547	574	
14	0	0	0	0	547	588	
15	0	0	0	0	551	600	
0	0	0	0	0	557	603	
1	0	0	0	0	563	599	
2	0	0	0	0	569	588	
3	0	0	0	0	570	574	
4	0	0	0	0	568	554	
5	0	0	0	0	571	540	
6	0	0	0	0	569	530	
7	0	0	0	0	560	516	
8	0	0	0	0	548	502	
9	0	0	0	0	535	490	
10	0	0	0	0	526	478	
11	0	0	0	0	525	473	
12	0	0	0	0	529	472	
13	0	0	0	0	539	473	
14	0	0	0	0	551	478	
15	0	0	0	0	556	483	
0	0	0	0	0	556	485	
1	0	0	0	0	555	490	
2	0	0	0	0	555	497	
3	0	0	0	0	558	504	
4	0	0	0	0	562	509	
5	0	0	0	0	572	518	
6	0	0	0	0	582	536	
7	0	0	0	0	588	558	
8	0	0	0	0	591	583	
9	0	0	0	0	591	602	
10	0	0	0	0	589	617	
11	0	0	0	0	586	625	
12	0	0	0	0	587	628	
13	0	0	0	0	585	629	
14	0	0	0	0	582	626	
15	0	0	0	0	575	619	
0	0	0	0	0	566	606	
1	0	0	0	0	548	585	
2	0	0	0	0	524	563	
3	0	0	0	0	504	545	
4	0	0	0	0	486	527	
5	0	0	0	0	471	509	
6	0	0	0	0	461	491	
7	0	0	0	0	457	475	
8	0	0	0	0	455	459	
9	0	0	0	0	456	450	
10	0	0	0	0	460	448	
11	0	0	0	0	462	456	
12	0	0	0	0	467	470	
13	0	0	0	0	476	491	
14	0	0	0	0	483	515	
15	0	0	0	0	492	537	
0	0	0	0	0	500	551	
1	0	0	0	0	506	555	
2	0	0	0	0	511	549	
3	0	0	0	0	515	532	
4	0	0	0	0	516	504	
5	0	0	0	0	515	474	
6	0	0	0	0	515	447	
7	0	0	0	0	519	425	
8	0	0	0	0	522	412	
9	0	0	0	0	530	409	
10	0	0	0	0	536	407	
11	0	0	0	0	536	413	
12	0	0	0	0	529	418	
13	0	0	0	0	521	423	
14	0	0	0	0	509	428	
15	0	0	0	0	499	434	
0	0	0	0	0	487	437	
1	0	0	0	0	473	439	
2	0	0	0	0	467	444	
3	0	0	0	0	464	452	
4	0	0	0	0	463	465	
5	0	0	0	0	467	479	
6	0	0	0	0	472	488	
7	0	0	0	0	473	492	
8	0	0	0	0	477	487	
9	0	0	0	0	482	478	
10	0	0	0	0	483	464	
11	0	0	0	0	483	448	
12	0	0	0	0	480	434	
13	0	0	0	0	480	430	
14	0	0	0	0	488	438	
15	0	0	0	0	503	462	
0	0	0	0	0	520	496	
1	0	0	0	0	535	534	
2	0	0	0	0	548	567	
3	0	0	0	0	556	598	
4	0	0	0	0	560	632	
5	0	0	0	0	559	659	
6	0	0	0	0	559	676	
7	0	0	0	0	555	680	
8	0	0	0	0	545	671	
9	0	0	0	0	532	650	
10	0	0	0	0	519	622	
11	0	0	0	0	509	591	
12	0	0	0	0	497	561	
13	0	0	0	0	484	535	
14	0	0	0	0	473	512	
15	0	0	0	0	469	494	
0	0	0	0	0	465	486	
1	0	0	0	0	457	481	
2	0	0	0	0	448	476	
3	0	0	0	0	442	471	
4	0	0	0	0	441	473	
5	0	0	0	0	440	479	
6	0	0	0	0	433	488	
7	0	0	0	0	430	503	
8	0	0	0	0	431	521	
9	0	0	0	0	434	541	
10	0	0	0	0	437	556	
11	0	0	0	0	445	567	
12	0	0	0	0	457	568	
13	0	0	0	0	468	565	
14	0	0	0	0	477	568	
15	0	0	0	0	483	577	
0	0	0	0	0	489	586	
1	0	0	0	0	493	595	
2	0	0	0	0	492	603	
3	0	0	0	0	491	603	
4	0	0	0	0	492	600	
5	0	0	0	0	494	596	
6	0	0	0	0	494	590	
7	0	0	0	0	492	583	
8	0	0	0	0	486	574	
9	0	0	0	0	480	560	
10	0	0	0	0	478	549	
11	0	0	0	0	472	538	
12	0	0	0	0	465	530	
13	0	0	0	0	464	530	
14	0	0	0	0	468	538	
15	0	0	0	0	470	549	
0	0	0	0	0	475	555	
1	0	0	0	0	481	557	
2	0	0	0	0	488	551	
3	0	0	0	0	493	531	
4	0	0	0	0	498	507	
5	0	0	0	0	503	488	
6	0	0	0	0	504	476	
7	0	0	0	0	504	470	
8	0	0	0	0	500	468	
9	0	0	0	0	496	470	
10	0	0	0	0	494	475	
11	0	0	0	0	497	483	
12	0	0	0	0	503	491	
13	0	0	0	0	507	504	
14	0	0	0	0	506	519	
15	0	0	0	0	503	532	
0	0	0	0	0	497	539	
1	0	0	0	0	493	540	
2	0	0	0	0	494	536	
3	0	0	0	0	500	530	
4	0	0	0	0	511	521	
5	0	0	0	0	522	513	
6	0	0	0	0	534	504	
7	0	0	0	0	540	489	
8	0	0	0	0	540	472	
9	0	0	0	0	540	455	
10	0	0	0	0	543	438	
11	0	0	0	0	548	420	
12	0	0	0	0	556	414	
13	0	0	0	0	562	414	
14	0	0	0	0	566	416	
15	0	0	0	0	568	430	
0	0	0	0	0	563	444	
1	0	0	0	0	552	457	
2	0	0	0	0	542	473	
3	0	0	0	0	527	484	
4	0	0	0	0	520	497	
5	0	0	0	0	520	513	
6	0	0	0	0	519	523	
7	0	0	0	0	516	527	
8	0	0	0	0	509	526	
9	0	0	0	0	504	528	
10	0	0	0	0	502	526	
11	0	0	0	0	503	530	
12	0	0	0	0	504	540	
13	0	0	0	0	502	551	
14	0	0	0	0	497	558	
15	0	0	0	0	492	559	
0	0	0	0	0	487	551	
1	0	0	0	0	482	535	
2	0	0	0	0	479	515	
3	0	0	0	0	473	496	
4	0	0	0	0	473	479	
5	0	0	0	0	478	469	
6	0	0	0	0	487	468	
7	0	0	0	0	503	476	
8	0	0	0	0	521	492	
9	0	0	0	0	543	511	
10	0	0	0	0	561	532	
11	0	0	0	0	577	550	
12	0	0	0	0	590	564	
13	0	0	0	0	600	571	
14	0	0	0	0	606	572	
15	0	0	0	0	609	568	
0	0	0	0	0	601	554	
1	0	0	0	0	590	538	
2	0	0	0	0	582	521	
3	0	0	0	0	572	506	
4	0	0	0	0	563	493	
5	0	0	0	0	564	487	
6	0	0	0	0	566	482	
7	0	0	0	0	568	482	
8	0	0	0	0	566	483	
9	0	0	0	0	565	489	
10	0	0	0	0	563	498	
11	0	0	0	0	563	510	
12	0	0	0	0	563	524	
13	0	0	0	0	560	539	
14	0	0	0	0	555	551	
15	0	0	0	0	546	553	
0	0	0	0	0	536	547	
1	0	0	0	0	530	540	
2	0	0	0	0	526	528	
3	0	0	0	0	521	514	
4	0	0	0	0	511	499	
5	0	0	0	0	500	488	
6	0	0	0	0	488	475	
7	0	0	0	0	479	463	
8	0	0	0	0	474	460	
9	0	0	0	0	473	468	
10	0	0	0	0	482	485	
11	0	0	0	0	497	515	
12	0	0	0	0	514	555	
13	0	0	0	0	527	597	
14	0	0	0	0	543	641	
15	0	0	0	0	556	672	
0	0	0	0	0	568	690	
1	0	0	0	0	575	699	
2	0	0	0	0	581	692	
3	0	0	0	0	583	679	
4	0	0	0	0	577	655	
5	0	0	0	0	569	627	
6	0	0	0	0	558	598	
7	0	0	0	0	550	569	
8	0	0	0	0	551	541	
9	0	0	0	0	555	514	
10	0	0	0	0	559	492	
11	0	0	0	0	563	473	
12	0	0	0	0	568	460	
13	0	0	0	0	574	450	
14	0	0	0	0	582	442	
15	0	0	0	0	591	429	
0	0	0	0	0	601	419	
1	0	0	0	0	605	420	
2	0	0	0	0	603	425	
3	0	0	0	0	596	438	
4	0	0	0	0	589	444	
5	0	0	0	0	582	449	
6	0	0	0	0	575	451	
7	0	0	0	0	564	453	
8	0	0	0	0	554	450	
9	0	0	0	0	543	450	
10	0	0	0	0	541	459	
11	0	0	0	0	545	478	
12	0	0	0	0	553	500	
13	0	0	0	0	558	524	
14	0	0	0	0	563	554	
15	0	0	0	0	566	578	
0	0	0	0	0	568	595	
1	0	0	0	0	569	604	
2	0	0	0	0	568	606	
3	0	0	0	0	567	606	
4	0	0	0	0	563	602	
5	0	0	0	0	559	593	
6	0	0	0	0	553	579	
7	0	0	0	0	547	559	
8	0	0	0	0	545	539	
9	0	0	0	0	545	520	
10	0	0	0	0	548	505	
11	0	0	0	0	555	492	
12	0	0	0	0	556	476	
13	0	0	0	0	555	459	
14	0	0	0	0	549	444	
15	0	0	0	0	543	433	
0	0	0	0	0	535	430	
1	0	0	0	0	526	432	
2	0	0	0	0	518	439	
3	0	0	0	0	515	451	
4	0	0	0	0	511	464	
5	0	0	0	0	505	475	
6	0	0	0	0	503	483	
7	0	0	0	0	501	495	
8	0	0	0	0	500	508	
9	0	0	0	0	501	521	
10	0	0	0	0	504	527	
11	0	0	0	0	506	533	
12	0	0	0	0	506	533	
13	0	0	0	0	512	532	
14	0	0	0	0	519	535	
15	0	0	0	0	519	537	
0	0	0	0	0	521	544	
1	0	0	0	0	521	561	
2	0	0	0	0	523	574	
3	0	0	0	0	522	579	
4	0	0	0	0	521	579	
5	0	0	0	0	519	576	
6	0	0	0	0	516	565	
7	0	0	0	0	516	546	
8	0	0	0	0	515	520	
9	0	0	0	0	512	494	
10	0	0	0	0	511	473	
11	0	0	0	0	508	461	
12	0	0	0	0	504	456	
13	0	0	0	0	504	455	
14	0	0	0	0	504	461	
15	0	0	0	0	508	471	
0	0	0	0	0	511	483	
1	0	0	0	0	513	492	
2	0	0	0	0	512	500	
3	0	0	0	0	510	504	
4	0	0	0	0	504	504	
5	0	0	0	0	499	506	
6	0	0	0	0	493	514	
7	0	0	0	0	484	526	
8	0	0	0	0	473	542	
9	0	0	0	0	463	563	
10	0	0	0	0	453	590	
11	0	0	0	0	441	619	
12	0	0	0	0	436	646	
13	0	0	0	0	433	666	
14	0	0	0	0	437	679	
15	0	0	0	0	441	687	
0	0	0	0	0	449	678	
1	0	0	0	0	455	659	
2	0	0	0	0	462	628	
3	0	0	0	0	472	590	
4	0	0	0	0	481	553	
5	0	0	0	0	492	524	
6	0	0	0	0	499	499	
7	0	0	0	0	502	483	
8	0	0	0	0	503	470	
9	0	0	0	0	501	461	
10	0	0	0	0	496	455	
11	0	0	0	0	495	451	
12	0	0	0	0	499	449	
13	0	0	0	0	507	446	
14	0	0	0	0	514	440	
15	0	0	0	0	511	430	
0	0	0	0	0	504	419	
1	0	0	0	0	490	415	
2	0	0	0	0	479	425	
3	0	0	0	0	471	440	
4	0	0	0	0	471	457	
5	0	0	0	0	475	473	
6	0	0	0	0	479	489	
7	0	0	0	0	481	502	
8	0	0	0	0	484	515	
9	0	0	0	0	484	523	
10	0	0	0	0	484	528	
11	0	0	0	0	487	529	
12	0	0	0	0	492	523	
13	0	0	0	0	497	522	
14	0	0	0	0	505	523	
15	0	0	0	0	513	524	
0	0	0	0	0	518	530	
1	0	0	0	0	520	542	
2	0	0	0	0	521	551	
3	0	0	0	0	522	559	
4	0	0	0	0	523	566	
5	0	0	0	0	523	571	
6	0	0	0	0	519	563	
7	0	0	0	0	516	547	
8	0	0	0	0	512	529	
9	0	0	0	0	510	508	
10	0	0	0	0	504	487	
11	0	0	0	0	502	466	
12	0	0	0	0	497	444	
13	0	0	0	0	491	423	
14	0	0	0	0	485	407	
15	0	0	0	0	486	399	
0	0	0	0	0	482	398	
1	0	0	0	0	480	405	
2	0	0	0	0	474	417	
3	0	0	0	0	468	427	
4	0	0	0	0	463	429	
5	0	0	0	0	455	434	
6	0	0	0	0	454	440	
7	0	0	0	0	455	451	
8	0	0	0	0	463	467	
9	0	0	0	0	472	485	
10	0	0	0	0	484	502	
11	0	0	0	0	499	518	
12	0	0	0	0	513	531	
13	0	0	0	0	524	547	
14	0	0	0	0	533	563	
15	0	0	0	0	543	582	
0	0	0	0	0	550	606	
1	0	0	0	0	553	624	
2	0	0	0	0	561	639	
3	0	0	0	0	575	652	
4	0	0	0	0	589	666	
5	0	0	0	0	595	677	
6	0	0	0	0	595	686	
7	0	0	0	0	585	693	
8	0	0	0	0	574	695	
9	0	0	0	0	555	685	
10	0	0	0	0	536	668	
11	0	0	0	0	518	639	
12	0	0	0	0	505	603	
13	0	0	0	0	489	559	
14	0	0	0	0	471	507	
15	0	0	0	0	462	458	
0	0	0	0	0	460	420	
1	0	0	0	0	467	401	
2	0	0	0	0	484	394	
3	0	0	0	0	497	400	
4	0	0	0	0	511	411	
5	0	0	0	0	521	423	
6	0	0	0	0	529	437	
7	0	0	0	0	536	448	
8	0	0	0	0	542	458	
9	0	0	0	0	541	467	
10	0	0	0	0	533	472	
11	0	0	0	0	524	473	
12	0	0	0	0	510	471	
13	0	0	0	0	497	467	
14	0	0	0	0	486	462	
15	0	0	0	0	483	459	
0	0	0	0	0	481	462	
1	0	0	0	0	483	472	
2	0	0	0	0	492	482	
3	0	0	0	0	496	496	
4	0	0	0	0	499	511	
5	0	0	0	0	501	524	
6	0	0	0	0	501	538	
7	0	0	0	0	500	555	
8	0	0	0	0	499	575	
9	0	0	0	0	498	590	
10	0	0	0	0	499	598	
11	0	0	0	0	502	600	
12	0	0	0	0	509	596	
13	0	0	0	0	521	585	
14	0	0	0	0	537	566	
15	0	0	0	0	551	542	
0	0	0	0	0	562	516	
1	0	0	0	0	566	490	
2	0	0	0	0	568	463	
3	0	0	0	0	562	436	
4	0	0	0	0	554	415	
5	0	0	0	0	541	401	
6	0	0	0	0	528	397	
7	0	0	0	0	521	403	
8	0	0	0	0	523	418	
9	0	0	0	0	531	437	
10	0	0	0	0	543	456	
11	0	0	0	0	560	479	
12	0	0	0	0	579	511	
13	0	0	0	0	595	539	
14	0	0	0	0	606	562	
15	0	0	0	0	602	577	
0	0	0	0	0	587	581	
1	0	0	0	0	563	572	
2	0	0	0	0	537	561	
3	0	0	0	0	511	551	
4	0	0	0	0	494	540	
5	0	0	0	0	484	530	
6	0	0	0	0	480	516	
7	0	0	0	0	485	506	
8	0	0	0	0	492	497	
9	0	0	0	0	499	489	
10	0	0	0	0	510	488	
11	0	0	0	0	523	496	
12	0	0	0	0	536	510	
13	0	0	0	0	552	524	
14	0	0	0	0	568	537	
15	0	0	0	0	582	543	
0	0	0	0	0	591	542	
1	0	0	0	0	596	532	
2	0	0	0	0	596	518	
3	0	0	0	0	596	501	
4	0	0	0	0	598	484	
5	0	0	0	0	598	475	
6	0	0	0	0	593	470	
7	0	0	0	0	590	469	
8	0	0	0	0	585	468	
9	0	0	0	0	579	468	
10	0	0	0	0	574	467	
11	0	0	0	0	572	472	
12	0	0	0	0	574	476	
13	0	0	0	0	574	474	
14	0	0	0	0	570	468	
15	0	0	0	0	560	457	
0	0	0	0	0	542	446	
1	0	0	0	0	522	438	
2	0	0	0	0	505	434	
3	0	0	0	0	492	435	
4	0	0	0	0	484	440	
5	0	0	0	0	480	447	
6	0	0	0	0	481	457	
7	0	0	0	0	489	473	
8	0	0	0	0	499	493	
9	0	0	0	0	505	512	
10	0	0	0	0	509	526	
11	0	0	0	0	511	538	
12	0	0	0	0	512	545	
13	0	0	0	0	510	546	
14	0	0	0	0	509	540	
15	0	0	0	0	509	532	
0	0	0	0	0	506	531	
1	0	0	0	0	507	535	
2	0	0	0	0	512	543	
3	0	0	0	0	518	555	
4	0	0	0	0	526	568	
5	0	0	0	0	530	586	
6	0	0	0	0	529	603	
7	0	0	0	0	525	616	
8	0	0	0	0	519	629	
9	0	0	0	0	515	631	
10	0	0	0	0	508	625	
11	0	0	0	0	497	610	
12	0	0	0	0	487	589	
13	0	0	0	0	480	564	
14	0	0	0	0	473	531	
15	0	0	0	0	468	500	
0	0	0	0	0	463	475	
1	0	0	0	0	457	452	
2	0	0	0	0	450	436	
3	0	0	0	0	446	426	
4	0	0	0	0	444	422	
5	0	0	0	0	444	421	
6	0	0	0	0	446	428	
7	0	0	0	0	453	439	
8	0	0	0	0	464	447	
9	0	0	0	0	476	454	
10	0	0	0	0	484	463	
11	0	0	0	0	486	473	
12	0	0	0	0	483	480	
13	0	0	0	0	481	487	
14	0	0	0	0	475	498	
15	0	0	0	0	465	504	
0	0	0	0	0	456	508	
1	0	0	0	0	452	510	
2	0	0	0	0	450	512	
3	0	0	0	0	455	525	
4	0	0	0	0	462	547	
5	0	0	0	0	467	578	
6	0	0	0	0	469	611	
7	0	0	0	0	475	645	
8	0	0	0	0	482	668	
9	0	0	0	0	488	675	
10	0	0	0	0	495	669	
11	0	0	0	0	502	653	
12	0	0	0	0	509	626	
13	0	0	0	0	514	594	
14	0	0	0	0	518	568	
15	0	0	0	0	515	552	
0	0	0	0	0	513	547	
1	0	0	0	0	511	547	
2	0	0	0	0	510	551	
3	0	0	0	0	510	552	
4	0	0	0	0	510	550	
5	0	0	0	0	508	545	
6	0	0	0	0	508	539	
7	0	0	0	0	511	533	
8	0	0	0	0	515	527	
9	0	0	0	0	519	524	
10	0	0	0	0	518	519	
11	0	0	0	0	515	513	
12	0	0	0	0	506	505	
13	0	0	0	0	491	496	
14	0	0	0	0	472	493	
15	0	0	0	0	454	492	
0	0	0	0	0	439	492	
1	0	0	0	0	423	490	
2	0	0	0	0	416	488	
3	0	0	0	0	414	488	
4	0	0	0	0	416	486	
5	0	0	0	0	420	481	
6	0	0	0	0	424	482	
7	0	0	0	0	424	484	
8	0	0	0	0	425	494	
9	0	0	0	0	424	508	
10	0	0	0	0	423	524	
11	0	0	0	0	423	536	
12	0	0	0	0	430	554	
13	0	0	0	0	444	579	
14	0	0	0	0	463	611	
15	0	0	0	0	487	642	
0	0	0	0	0	511	662	
1	0	0	0	0	532	674	
2	0	0	0	0	548	675	
3	0	0	0	0	562	654	
4	0	0	0	0	581	630	
5	0	0	0	0	596	601	
6	0	0	0	0	596	564	
7	0	0	0	0	589	519	
8	0	0	0	0	578	474	
9	0	0	0	0	566	435	
10	0	0	0	0	552	409	
11	0	0	0	0	536	397	
12	0	0	0	0	520	387	
13	0	0	0	0	504	380	
14	0	0	0	0	493	388	
15	0	0	0	0	488	403	
0	0	0	0	0	485	429	
1	0	0	0	0	483	456	
2	0	0	0	0	483	486	
3	0	0	0	0	487	512	
4	0	0	0	0	494	537	
5	0	0	0	0	499	560	
6	0	0	0	0	502	582	
7	0	0	0	0	510	600	
8	0	0	0	0	516	616	
9	0	0	0	0	521	630	
10	0	0	0	0	524	639	
11	0	0	0	0	523	644	
12	0	0	0	0	527	644	
13	0	0	0	0	535	641	
14	0	0	0	0	546	634	
15	0	0	0	0	557	620	
0	0	0	0	0	563	598	
1	0	0	0	0	566	577	
2	0	0	0	0	564	560	
3	0	0	0	0	560	543	
4	0	0	0	0	556	521	
5	0	0	0	0	551	494	
6	0	0	0	0	548	472	
7	0	0	0	0	549	449	
8	0	0	0	0	546	435	
9	0	0	0	0	541	425	
10	0	0	0	0	533	432	
11	0	0	0	0	529	440	
12	0	0	0	0	524	450	
13	0	0	0	0	520	462	
14	0	0	0	0	513	474	
15	0	0	0	0	511	489	
0	0	0	0	0	511	503	
1	0	0	0	0	515	519	
2	0	0	0	0	516	534	
3	0	0	0	0	521	551	
4	0	0	0	0	530	569	
5	0	0	0	0	548	595	
6	0	0	0	0	562	623	
7	0	0	0	0	575	645	
8	0	0	0	0	582	656	
9	0	0	0	0	582	657	
10	0	0	0	0	575	650	
11	0	0	0	0	568	632	
12	0	0	0	0	564	604	
13	0	0	0	0	561	578	
14	0	0	0	0	560	555	
15	0	0	0	0	563	538	
0	0	0	0	0	567	523	
1	0	0	0	0	570	511	
2	0	0	0	0	573	504	
3	0	0	0	0	571	499	
4	0	0	0	0	563	499	
5	0	0	0	0	553	511	
6	0	0	0	0	549	526	
7	0	0	0	0	545	538	
8	0	0	0	0	539	545	
9	0	0	0	0	526	543	
10	0	0	0	0	511	534	
11	0	0	0	0	495	520	
12	0	0	0	0	484	503	
13	0	0	0	0	483	483	
14	0	0	0	0	488	467	
15	0	0	0	0	496	464	
0	0	0	0	0	507	472	
1	0	0	0	0	517	484	
2	0	0	0	0	529	500	
3	0	0	0	0	537	514	
4	0	0	0	0	539	521	
5	0	0	0	0	537	526	
6	0	0	0	0	530	528	
7	0	0	0	0	523	527	
8	0	0	0	0	514	527	
9	0	0	0	0	504	523	
10	0	0	0	0	495	519	
11	0	0	0	0	485	511	
12	0	0	0	0	478	505	
13	0	0	0	0	468	505	
14	0	0	0	0	460	504	
15	0	0	0	0	455	503	
0	0	0	0	0	457	504	
1	0	0	0	0	466	508	
2	0	0	0	0	472	522	
3	0	0	0	0	482	536	
4	0	0	0	0	492	545	
5	0	0	0	0	498	557	
6	0	0	0	0	499	572	
7	0	0	0	0	491	582	
8	0	0	0	0	481	590	
9	0	0	0	0	473	597	
10	0	0	0	0	468	604	
11	0	0	0	0	470	604	
12	0	0	0	0	483	597	
13	0	0	0	0	504	581	
14	0	0	0	0	526	559	
15	0	0	0	0	546	535	
0	0	0	0	0	563	516	
1	0	0	0	0	576	501	
2	0	0	0	0	586	495	
3	0	0	0	0	591	487	
4	0	0	0	0	591	481	
5	0	0	0	0	585	481	
6	0	0	0	0	575	485	
7	0	0	0	0	564	493	
8	0	0	0	0	550	505	
9	0	0	0	0	535	513	
10	0	0	0	0	519	519	
11	0	0	0	0	504	527	
12	0	0	0	0	493	534	
13	0	0	0	0	483	543	
14	0	0	0	0	472	546	
15	0	0	0	0	458	540	
0	0	0	0	0	447	524	
1	0	0	0	0	439	502	
2	0	0	0	0	432	484	
3	0	0	0	0	433	476	
4	0	0	0	0	443	479	
5	0	0	0	0	457	493	
6	0	0	0	0	472	508	
7	0	0	0	0	483	519	
8	0	0	0	0	496	532	
9	0	0	0	0	504	537	
10	0	0	0	0	509	540	
11	0	0	0	0	514	542	
12	0	0	0	0	513	540	
13	0	0	0	0	507	534	
14	0	0	0	0	497	527	
15	0	0	0	0	485	510	
0	0	0	0	0	472	498	
1	0	0	0	0	466	487	
2	0	0	0	0	468	479	
3	0	0	0	0	472	474	
4	0	0	0	0	480	471	
5	0	0	0	0	491	471	
6	0	0	0	0	503	473	
7	0	0	0	0	516	480	
8	0	0	0	0	527	481	
9	0	0	0	0	528	479	
10	0	0	0	0	526	476	
11	0	0	0	0	523	479	
12	0	0	0	0	525	494	
13	0	0	0	0	528	513	
14	0	0	0	0	531	529	
15	0	0	0	0	533	545	
0	0	0	0	0	530	558	
1	0	0	0	0	526	562	
2	0	0	0	0	526	559	
3	0	0	0	0	531	551	
4	0	0	0	0	534	545	
5	0	0	0	0	537	533	
6	0	0	0	0	530	512	
7	0	0	0	0	515	487	
8	0	0	0	0	497	467	
9	0	0	0	0	474	448	
10	0	0	0	0	455	430	
11	0	0	0	0	438	414	
12	0	0	0	0	426	403	
13	0	0	0	0	419	398	
14	0	0	0	0	417	401	
15	0	0	0	0	419	411	
0	0	0	0	0	423	422	
1	0	0	0	0	429	436	
2	0	0	0	0	436	457	
3	0	0	0	0	438	481	
4	0	0	0	0	439	510	
5	0	0	0	0	444	545	
6	0	0	0	0	451	572	
7	0	0	0	0	460	589	
8	0	0	0	0	463	606	
9	0	0	0	0	464	615	
10	0	0	0	0	458	621	
11	0	0	0	0	451	615	
12	0	0	0	0	448	600	
13	0	0	0	0	449	579	
14	0	0	0	0	451	551	
15	0	0	0	0	457	518	
0	0	0	0	0	463	486	
1	0	0	0	0	469	460	
2	0	0	0	0	471	439	
3	0	0	0	0	471	423	
4	0	0	0	0	470	415	
5	0	0	0	0	465	410	
6	0	0	0	0	461	414	
7	0	0	0	0	461	422	
8	0	0	0	0	461	436	
9	0	0	0	0	459	450	
10	0	0	0	0	455	464	
11	0	0	0	0	450	476	
12	0	0	0	0	447	477	
13	0	0	0	0	446	478	
14	0	0	0	0	448	482	
15	0	0	0	0	454	483	
0	0	0	0	0	459	482	
1	0	0	0	0	459	482	
2	0	0	0	0	455	489	
3	0	0	0	0	448	498	
4	0	0	0	0	449	507	
5	0	0	0	0	457	517	
6	0	0	0	0	472	526	
7	0	0	0	0	492	537	
8	0	0	0	0	511	545	
9	0	0	0	0	534	554	
10	0	0	0	0	553	564	
11	0	0	0	0	570	571	
12	0	0	0	0	582	568	
13	0	0	0	0	585	563	
14	0	0	0	0	579	559	
15	0	0	0	0	566	555	
0	0	0	0	0	552	557	
1	0	0	0	0	539	564	
2	0	0	0	0	526	576	
3	0	0	0	0	517	590	
4	0	0	0	0	511	600	
5	0	0	0	0	502	604	
6	0	0	0	0	490	603	
7	0	0	0	0	480	594	
8	0	0	0	0	471	577	
9	0	0	0	0	464	554	
10	0	0	0	0	455	529	
11	0	0	0	0	447	511	
12	0	0	0	0	440	491	
13	0	0	0	0	436	475	
14	0	0	0	0	438	468	
15	0	0	0	0	443	474	
0	0	0	0	0	455	486	
1	0	0	0	0	470	499	
2	0	0	0	0	486	513	
3	0	0	0	0	499	530	
4	0	0	0	0	509	551	
5	0	0	0	0	514	572	
6	0	0	0	0	515	589	
7	0	0	0	0	513	600	
8	0	0	0	0	513	604	
9	0	0	0	0	515	601	
10	0	0	0	0	513	598	
11	0	0	0	0	508	591	
12	0	0	0	0	504	580	
13	0	0	0	0	504	567	
14	0	0	0	0	507	551	
15	0	0	0	0	509	543	
0	0	0	0	0	511	535	
1	0	0	0	0	513	521	
2	0	0	0	0	514	505	
3	0	0	0	0	514	487	
4	0	0	0	0	510	467	
5	0	0	0	0	504	448	
6	0	0	0	0	491	431	
7	0	0	0	0	473	410	
8	0	0	0	0	457	394	
9	0	0	0	0	449	385	
10	0	0	0	0	444	386	
11	0	0	0	0	444	396	
12	0	0	0	0	449	413	
13	0	0	0	0	463	434	
14	0	0	0	0	483	453	
15	0	0	0	0	502	471	
0	0	0	0	0	516	489	
1	0	0	0	0	525	503	
2	0	0	0	0	525	515	
3	0	0	0	0	519	515	
4	0	0	0	0	511	509	
5	0	0	0	0	508	502	
6	0	0	0	0	508	494	
7	0	0	0	0	512	488	
8	0	0	0	0	517	486	
9	0	0	0	0	521	487	
10	0	0	0	0	526	495	
11	0	0	0	0	535	510	
12	0	0	0	0	547	527	
13	0	0	0	0	560	536	
14	0	0	0	0	573	543	
15	0	0	0	0	586	543	
0	0	0	0	0	597	530	
1	0	0	0	0	604	512	
2	0	0	0	0	600	487	
3	0	0	0	0	593	458	
4	0	0	0	0	584	434	
5	0	0	0	0	574	416	
6	0	0	0	0	562	403	
7	0	0	0	0	555	396	
8	0	0	0	0	546	396	
9	0	0	0	0	540	404	
10	0	0	0	0	537	419	
11	0	0	0	0	536	440	
12	0	0	0	0	537	459	
13	0	0	0	0	537	475	
14	0	0	0	0	536	496	
15	0	0	0	0	533	519	
0	0	0	0	0	526	539	
1	0	0	0	0	516	556	
2	0	0	0	0	508	565	
3	0	0	0	0	496	562	
4	0	0	0	0	487	552	
5	0	0	0	0	479	541	
6	0	0	0	0	474	530	
7	0	0	0	0	475	522	
8	0	0	0	0	480	520	
9	0	0	0	0	486	518	
10	0	0	0	0	489	510	
11	0	0	0	0	492	499	
12	0	0	0	0	496	489	
13	0	0	0	0	500	481	
14	0	0	0	0	501	471	
15	0	0	0	0	502	453	
0	0	0	0	0	502	437	
1	0	0	0	0	504	426	
2	0	0	0	0	505	414	
3	0	0	0	0	506	401	
4	0	0	0	0	508	389	
5	0	0	0	0	511	378	
6	0	0	0	0	509	371	
7	0	0	0	0	502	364	
8	0	0	0	0	498	361	
9	0	0	0	0	500	369	
10	0	0	0	0	506	377	
11	0	0	0	0	509	386	
12	0	0	0	0	511	402	
13	0	0	0	0	508	418	
14	0	0	0	0	507	432	
15	0	0	0	0	508	448	
0	0	0	0	0	510	463	
1	0	0	0	0	511	475	
2	0	0	0	0	512	483	
3	0	0	0	0	510	489	
4	0	0	0	0	507	494	
5	0	0	0	0	501	496	
6	0	0	0	0	496	492	
7	0	0	0	0	497	483	
8	0	0	0	0	506	477	
9	0	0	0	0	523	481	
10	0	0	0	0	542	490	
11	0	0	0	0	558	501	
12	0	0	0	0	568	508	
13	0	0	0	0	574	516	
14	0	0	0	0	574	524	
15	0	0	0	0	569	521	
0	0	0	0	0	556	507	
1	0	0	0	0	538	489	
2	0	0	0	0	523	473	
3	0	0	0	0	513	467	
4	0	0	0	0	512	467	
5	0	0	0	0	513	465	
6	0	0	0	0	519	462	
7	0	0	0	0	530	456	
8	0	0	0	0	542	452	
9	0	0	0	0	547	451	
10	0	0	0	0	549	454	
11	0	0	0	0	548	473	
12	0	0	0	0	550	497	
13	0	0	0	0	556	528	
14	0	0	0	0	566	563	
15	0	0	0	0	581	601	
0	0	0	0	0	589	632	
1	0	0	0	0	591	655	
2	0	0	0	0	595	668	
3	0	0	0	0	594	667	
4	0	0	0	0	590	654	
5	0	0	0	0	583	632	
6	0	0	0	0	576	598	
7	0	0	0	0	564	560	
8	0	0	0	0	556	521	
9	0	0	0	0	549	487	
10	0	0	0	0	544	459	
11	0	0	0	0	537	433	
12	0	0	0	0	533	412	
13	0	0	0	0	531	398	
14	0	0	0	0	535	385	
15	0	0	0	0	541	378	
0	0	0	0	0	551	381	
1	0	0	0	0	561	394	
2	0	0	0	0	571	417	
3	0	0	0	0	576	439	
4	0	0	0	0	578	456	
5	0	0	0	0	575	471	
6	0	0	0	0	575	485	
7	0	0	0	0	573	499	
8	0	0	0	0	571	510	
9	0	0	0	0	571	516	
10	0	0	0	0	572	518	
11	0	0	0	0	577	517	
12	0	0	0	0	581	512	
13	0	0	0	0	584	503	
14	0	0	0	0	584	486	
15	0	0	0	0	581	473	
0	0	0	0	0	576	455	
1	0	0	0	0	572	444	
2	0	0	0	0	572	438	
3	0	0	0	0	576	432	
4	0	0	0	0	583	435	
5	0	0	0	0	587	443	
6	0	0	0	0	595	450	
7	0	0	0	0	605	452	
8	0	0	0	0	608	456	
9	0	0	0	0	608	459	
10	0	0	0	0	607	463	
11	0	0	0	0	602	465	
12	0	0	0	0	597	469	
13	0	0	0	0	589	469	
14	0	0	0	0	580	465	
15	0	0	0	0	570	467	
0	0	0	0	0	563	471	
1	0	0	0	0	556	479	
2	0	0	0	0	549	492	
3	0	0	0	0	539	510	
4	0	0	0	0	533	522	
5	0	0	0	0	532	533	
6	0	0	0	0	531	545	
7	0	0	0	0	534	568	
8	0	0	0	0	540	600	
9	0	0	0	0	549	634	
10	0	0	0	0	557	664	
11	0	0	0	0	560	687	
12	0	0	0	0	563	695	
13	0	0	0	0	566	685	
14	0	0	0	0	567	658	
15	0	0	0	0	565	616	
0	0	0	0	0	559	564	
1	0	0	0	0	551	510	
2	0	0	0	0	543	459	
3	0	0	0	0	539	416	
4	0	0	0	0	540	382	
5	0	0	0	0	547	363	
6	0	0	0	0	559	352	
7	0	0	0	0	567	354	
8	0	0	0	0	569	357	
9	0	0	0	0	569	365	
10	0	0	0	0	566	388	
11	0	0	0	0	558	408	
12	0	0	0	0	544	427	
13	0	0	0	0	529	442	
14	0	0	0	0	514	448	
15	0	0	0	0	503	448	
0	0	0	0	0	490	440	
1	0	0	0	0	477	423	
2	0	0	0	0	464	410	
3	0	0	0	0	460	403	
4	0	0	0	0	467	405	
5	0	0	0	0	479	416	
6	0	0	0	0	491	432	
7	0	0	0	0	504	446	
8	0	0	0	0	515	456	
9	0	0	0	0	522	464	
10	0	0	0	0	524	469	
11	0	0	0	0	524	467	
12	0	0	0	0	524	467	
13	0	0	0	0	525	471	
14	0	0	0	0	530	474	
15	0	0	0	0	539	478	
0	0	0	0	0	551	479	
1	0	0	0	0	561	474	
2	0	0	0	0	565	468	
3	0	0	0	0	566	463	
4	0	0	0	0	565	456	
5	0	0	0	0	560	449	
6	0	0	0	0	552	443	
7	0	0	0	0	545	445	
8	0	0	0	0	541	447	
9	0	0	0	0	535	452	
10	0	0	0	0	528	466	
11	0	0	0	0	527	483	
12	0	0	0	0	523	502	
13	0	0	0	0	515	523	
14	0	0	0	0	503	541	
15	0	0	0	0	487	558	
0	0	0	0	0	472	572	
1	0	0	0	0	464	578	
2	0	0	0	0	462	577	
3	0	0	0	0	468	577	
4	0	0	0	0	479	576	
5	0	0	0	0	496	581	
6	0	0	0	0	519	588	
7	0	0	0	0	542	594	
8	0	0	0	0	566	599	
9	0	0	0	0	583	603	
10	0	0	0	0	592	600	
11	0	0	0	0	596	595	
12	0	0	0	0	595	579	
13	0	0	0	0	593	556	
14	0	0	0	0	587	530	
15	0	0	0	0	579	501	
0	0	0	0	0	569	477	
1	0	0	0	0	557	458	
2	0	0	0	0	547	441	
3	0	0	0	0	538	428	
4	0	0	0	0	529	419	
5	0	0	0	0	522	408	
6	0	0	0	0	518	397	
7	0	0	0	0	516	391	
8	0	0	0	0	518	391	
9	0	0	0	0	521	396	
10	0	0	0	0	524	403	
11	0	0	0	0	520	416	
12	0	0	0	0	517	433	
13	0	0	0	0	513	447	
14	0	0	0	0	511	465	
15	0	0	0	0	511	483	
0	0	0	0	0	511	499	
1	0	0	0	0	510	519	
2	0	0	0	0	511	540	
3	0	0	0	0	516	563	
4	0	0	0	0	518	583	
5	0	0	0	0	519	595	
6	0	0	0	0	519	604	
7	0	0	0	0	520	610	
8	0	0	0	0	519	614	
9	0	0	0	0	516	613	
10	0	0	0	0	516	615	
11	0	0	0	0	521	615	
12	0	0	0	0	529	627	
13	0	0	0	0	540	642	
14	0	0	0	0	553	651	
15	0	0	0	0	560	650	
0	0	0	0	0	565	638	
1	0	0	0	0	567	619	
2	0	0	0	0	561	590	
3	0	0	0	0	549	562	
4	0	0	0	0	538	534	
5	0	0	0	0	527	507	
6	0	0	0	0	515	483	
7	0	0	0	0	508	464	
8	0	0	0	0	504	457	
9	0	0	0	0	502	457	
10	0	0	0	0	511	460	
11	0	0	0	0	523	467	
12	0	0	0	0	533	476	
13	0	0	0	0	543	480	
14	0	0	0	0	554	474	
15	0	0	0	0	569	465	
0	0	0	0	0	585	467	
1	0	0	0	0	598	472	
2	0	0	0	0	602	476	
3	0	0	0	0	598	484	
4	0	0	0	0	585	493	
5	0	0	0	0	569	504	
6	0	0	0	0	551	509	
7	0	0	0	0	537	506	
8	0	0	0	0	526	500	
9	0	0	0	0	521	495	
10	0	0	0	0	517	487	
11	0	0	0	0	516	483	
12	0	0	0	0	515	477	
13	0	0	0	0	517	469	
14	0	0	0	0	514	460	
15	0	0	0	0	508	447	
0	0	0	0	0	500	440	
1	0	0	0	0	487	442	
2	0	0	0	0	474	452	
3	0	0	0	0	463	467	
4	0	0	0	0	462	486	
5	0	0	0	0	471	505	
6	0	0	0	0	484	523	
7	0	0	0	0	501	543	
8	0	0	0	0	516	560	
9	0	0	0	0	531	574	
10	0	0	0	0	545	578	
11	0	0	0	0	553	573	
12	0	0	0	0	561	560	
13	0	0	0	0	568	543	
14	0	0	0	0	572	527	
15	0	0	0	0	568	515	
0	0	0	0	0	558	508	
1	0	0	0	0	545	506	
2	0	0	0	0	535	509	
3	0	0	0	0	524	511	
4	0	0	0	0	515	507	
5	0	0	0	0	505	496	
6	0	0	0	0	497	488	
7	0	0	0	0	493	487	
8	0	0	0	0	493	488	
9	0	0	0	0	494	493	
10	0	0	0	0	496	499	
11	0	0	0	0	496	502	
12	0	0	0	0	499	500	
13	0	0	0	0	503	493	
14	0	0	0	0	507	491	
15	0	0	0	0	512	492	
0	0	0	0	0	518	495	
1	0	0	0	0	519	496	
2	0	0	0	0	519	500	
3	0	0	0	0	515	506	
4	0	0	0	0	506	516	
5	0	0	0	0	494	527	
6	0	0	0	0	480	539	
7	0	0	0	0	466	547	
8	0	0	0	0	455	559	
9	0	0	0	0	454	567	
10	0	0	0	0	457	571	
11	0	0	0	0	461	572	
12	0	0	0	0	467	567	
13	0	0	0	0	472	557	
14	0	0	0	0	480	543	
15	0	0	0	0	488	535	
0	0	0	0	0	498	537	
1	0	0	0	0	507	550	
2	0	0	0	0	515	568	
3	0	0	0	0	523	590	
4	0	0	0	0	527	609	
5	0	0	0	0	527	625	
6	0	0	0	0	528	641	
7	0	0	0	0	526	652	
8	0	0	0	0	521	654	
9	0	0	0	0	511	645	
10	0	0	0	0	499	628	
11	0	0	0	0	489	608	
12	0	0	0	0	487	591	
13	0	0	0	0	491	571	
14	0	0	0	0	496	555	
15	0	0	0	0	504	545	
0	0	0	0	0	511	539	
1	0	0	0	0	515	531	
2	0	0	0	0	518	525	
3	0	0	0	0	517	527	
4	0	0	0	0	513	532	
5	0	0	0	0	510	541	
6	0	0	0	0	506	547	
7	0	0	0	0	501	545	
8	0	0	0	0	497	536	
9	0	0	0	0	487	527	
10	0	0	0	0	472	516	
11	0	0	0	0	461	500	
12	0	0	0	0	457	482	
13	0	0	0	0	466	466	
14	0	0	0	0	479	453	
15	0	0	0	0	493	446	
0	0	0	0	0	503	434	
1	0	0	0	0	507	424	
2	0	0	0	0	505	415	
3	0	0	0	0	503	405	
4	0	0	0	0	498	399	
5	0	0	0	0	489	398	
6	0	0	0	0	478	400	
7	0	0	0	0	464	408	
8	0	0	0	0	452	419	
9	0	0	0	0	447	432	
10	0	0	0	0	443	448	
11	0	0	0	0	438	463	
12	0	0	0	0	436	475	
13	0	0	0	0	440	484	
14	0	0	0	0	444	490	
15	0	0	0	0	448	491	
0	0	0	0	0	453	490	
1	0	0	0	0	458	490	
2	0	0	0	0	462	492	
3	0	0	0	0	465	492	
4	0	0	0	0	465	489	
5	0	0	0	0	466	484	
6	0	0	0	0	466	483	
7	0	0	0	0	467	493	
8	0	0	0	0	473	516	
9	0	0	0	0	483	544	
10	0	0	0	0	488	570	
11	0	0	0	0	490	594	
12	0	0	0	0	498	619	
13	0	0	0	0	508	651	
14	0	0	0	0	519	679	
15	0	0	0	0	535	697	
0	0	0	0	0	549	704	
1	0	0	0	0	556	690	
2	0	0	0	0	555	664	
3	0	0	0	0	546	623	
4	0	0	0	0	529	575	
5	0	0	0	0	506	524	
6	0	0	0	0	483	476	
7	0	0	0	0	463	440	
8	0	0	0	0	451	418	
9	0	0	0	0	447	406	
10	0	0	0	0	448	401	
11	0	0	0	0	447	399	
12	0	0	0	0	443	407	
13	0	0	0	0	438	419	
14	0	0	0	0	435	438	
15	0	0	0	0	439	461	
0	0	0	0	0	449	489	
1	0	0	0	0	457	514	
2	0	0	0	0	465	532	
3	0	0	0	0	475	541	
4	0	0	0	0	483	544	
5	0	0	0	0	492	545	
6	0	0	0	0	497	545	
7	0	0	0	0	500	545	
8	0	0	0	0	505	546	
9	0	0	0	0	512	551	
10	0	0	0	0	513	556	
11	0	0	0	0	515	560	
12	0	0	0	0	518	561	
13	0	0	0	0	518	559	
14	0	0	0	0	515	560	
15	0	0	0	0	511	559	
0	0	0	0	0	504	560	
1	0	0	0	0	499	556	
2	0	0	0	0	491	543	
3	0	0	0	0	482	522	
4	0	0	0	0	473	502	
5	0	0	0	0	460	487	
6	0	0	0	0	448	478	
7	0	0	0	0	435	479	
8	0	0	0	0	424	494	
9	0	0	0	0	422	515	
10	0	0	0	0	425	544	
11	0	0	0	0	435	575	
12	0	0	0	0	441	604	
13	0	0	0	0	450	632	
14	0	0	0	0	458	647	
15	0	0	0	0	466	657	
0	0	0	0	0	472	662	
1	0	0	0	0	476	654	
2	0	0	0	0	477	643	
3	0	0	0	0	480	633	
4	0	0	0	0	481	623	
5	0	0	0	0	479	609	
6	0	0	0	0	478	599	
7	0	0	0	0	475	590	
8	0	0	0	0	477	582	
9	0	0	0	0	480	573	
10	0	0	0	0	482	562	
11	0	0	0	0	482	551	
12	0	0	0	0	488	543	
13	0	0	0	0	496	539	
14	0	0	0	0	505	538	
15	0	0	0	0	510	535	
0	0	0	0	0	515	530	
1	0	0	0	0	517	523	
2	0	0	0	0	514	519	
3	0	0	0	0	504	516	
4	0	0	0	0	496	516	
5	0	0	0	0	491	522	
6	0	0	0	0	488	539	
7	0	0	0	0	489	556	
8	0	0	0	0	493	572	
9	0	0	0	0	497	579	
10	0	0	0	0	498	584	
11	0	0	0	0	498	587	
12	0	0	0	0	493	590	
13	0	0	0	0	487	596	
14	0	0	0	0	478	595	
15	0	0	0	0	469	585	
0	0	0	0	0	465	574	
1	0	0	0	0	470	572	
2	0	0	0	0	476	572	
3	0	0	0	0	483	574	
4	0	0	0	0	491	576	
5	0	0	0	0	497	573	
6	0	0	0	0	503	569	
7	0	0	0	0	507	560	
8	0	0	0	0	513	549	
9	0	0	0	0	517	543	
10	0	0	0	0	516	538	
11	0	0	0	0	519	537	
12	0	0	0	0	525	546	
13	0	0	0	0	532	559	
14	0	0	0	0	532	581	
15	0	0	0	0	524	610	
0	0	0	0	0	512	638	
1	0	0	0	0	501	658	
2	0	0	0	0	489	669	
3	0	0	0	0	478	672	
4	0	0	0	0	468	670	
5	0	0	0	0	463	660	
6	0	0	0	0	460	649	
7	0	0	0	0	463	628	
8	0	0	0	0	471	607	
9	0	0	0	0	476	584	
10	0	0	0	0	474	569	
11	0	0	0	0	471	560	
12	0	0	0	0	472	559	
13	0	0	0	0	477	562	
14	0	0	0	0	484	569	
15	0	0	0	0	492	580	
0	0	0	0	0	498	587	
1	0	0	0	0	506	593	
2	0	0	0	0	511	597	
3	0	0	0	0	510	597	
4	0	0	0	0	507	595	
5	0	0	0	0	505	591	
6	0	0	0	0	504	587	
7	0	0	0	0	508	583	
8	0	0	0	0	518	583	
9	0	0	0	0	534	580	
10	0	0	0	0	551	582	
11	0	0	0	0	556	581	
12	0	0	0	0	548	572	
13	0	0	0	0	540	563	
14	0	0	0	0	527	557	
15	0	0	0	0	515	550	
0	0	0	0	0	505	547	
1	0	0	0	0	496	546	
2	0	0	0	0	490	549	
3	0	0	0	0	489	551	
4	0	0	0	0	491	553	
5	0	0	0	0	492	561	
6	0	0	0	0	486	575	
7	0	0	0	0	480	592	
8	0	0	0	0	476	615	
9	0	0	0	0	473	633	
10	0	0	0	0	467	644	
11	0	0	0	0	461	647	
12	0	0	0	0	454	641	
13	0	0	0	0	443	627	
14	0	0	0	0	427	612	
15	0	0	0	0	412	602	
0	0	0	0	0	400	595	
1	0	0	0	0	397	584	
2	0	0	0	0	401	572	
3	0	0	0	0	404	555	
4	0	0	0	0	406	544	
5	0	0	0	0	412	540	
6	0	0	0	0	419	549	
7	0	0	0	0	422	563	
8	0	0	0	0	423	582	
9	0	0	0	0	427	608	
10	0	0	0	0	431	636	
11	0	0	0	0	437	659	
12	0	0	0	0	445	676	
13	0	0	0	0	456	688	
14	0	0	0	0	470	688	
15	0	0	0	0	482	682	
0	0	0	0	0	492	667	
1	0	0	0	0	502	648	
2	0	0	0	0	511	630	
3	0	0	0	0	517	609	
4	0	0	0	0	520	591	
5	0	0	0	0	525	574	
6	0	0	0	0	528	556	
7	0	0	0	0	532	542	
8	0	0	0	0	538	533	
9	0	0	0	0	547	530	
10	0	0	0	0	558	534	
11	0	0	0	0	567	540	
12	0	0	0	0	569	551	
13	0	0	0	0	573	568	
14	0	0	0	0	575	583	
15	0	0	0	0	577	594	
0	0	0	0	0	579	603	
1	0	0	0	0	583	608	
2	0	0	0	0	591	612	
3	0	0	0	0	605	612	
4	0	0	0	0	622	610	
5	0	0	0	0	636	601	
6	0	0	0	0	644	586	
7	0	0	0	0	641	565	
8	0	0	0	0	635	541	
9	0	0	0	0	632	516	
10	0	0	0	0	629	496	
11	0	0	0	0	620	483	
12	0	0	0	0	605	480	
13	0	0	0	0	584	487	
14	0	0	0	0	562	495	
15	0	0	0	0	538	502	
0	0	0	0	0	517	511	
1	0	0	0	0	501	527	
2	0	0	0	0	491	542	
3	0	0	0	0	487	563	
4	0	0	0	0	490	581	
5	0	0	0	0	504	589	
6	0	0	0	0	518	593	
7	0	0	0	0	528	585	
8	0	0	0	0	535	569	
9	0	0	0	0	537	549	
10	0	0	0	0	540	531	
11	0	0	0	0	541	516	
12	0	0	0	0	541	508	
13	0	0	0	0	543	499	
14	0	0	0	0	546	493	
15	0	0	0	0	545	489	
0	0	0	0	0	540	487	
1	0	0	0	0	537	493	
2	0	0	0	0	535	510	
3	0	0	0	0	532	528	
4	0	0	0	0	526	544	
5	0	0	0	0	521	557	
6	0	0	0	0	516	567	
7	0	0	0	0	512	573	
8	0	0	0	0	509	572	
9	0	0	0	0	507	567	
10	0	0	0	0	505	554	
11	0	0	0	0	502	539	
12	0	0	0	0	499	526	
13	0	0	0	0	497	515	
14	0	0	0	0	502	508	
15	0	0	0	0	511	503	
0	0	0	0	0	521	498	
1	0	0	0	0	529	499	
2	0	0	0	0	535	503	
3	0	0	0	0	539	511	
4	0	0	0	0	545	521	
5	0	0	0	0	548	527	
6	0	0	0	0	550	532	
7	0	0	0	0	550	538	
8	0	0	0	0	546	541	
9	0	0	0	0	542	545	
10	0	0	0	0	539	547	
11	0	0	0	0	540	548	
12	0	0	0	0	543	546	
13	0	0	0	0	545	545	
14	0	0	0	0	547	540	
15	0	0	0	0	542	534	
0	0	0	0	0	533	530	
1	0	0	0	0	521	527	
2	0	0	0	0	508	529	
3	0	0	0	0	502	534	
4	0	0	0	0	500	543	
5	0	0	0	0	505	556	
6	0	0	0	0	515	576	
7	0	0	0	0	526	595	
8	0	0	0	0	533	616	
9	0	0	0	0	535	630	
10	0	0	0	0	536	631	
11	0	0	0	0	535	628	
12	0	0	0	0	529	624	
13	0	0	0	0	526	614	
14	0	0	0	0	523	603	
15	0	0	0	0	519	586	
0	0	0	0	0	520	567	
1	0	0	0	0	523	548	
2	0	0	0	0	523	532	
3	0	0	0	0	519	519	
4	0	0	0	0	510	506	
5	0	0	0	0	502	493	
6	0	0	0	0	494	486	
7	0	0	0	0	492	484	
8	0	0	0	0	491	486	
9	0	0	0	0	488	493	
10	0	0	0	0	483	499	
11	0	0	0	0	476	501	
12	0	0	0	0	476	499	
13	0	0	0	0	483	494	
14	0	0	0	0	499	483	
15	0	0	0	0	516	472	
0	0	0	0	0	526	468	
1	0	0	0	0	531	470	
2	0	0	0	0	529	468	
3	0	0	0	0	526	462	
4	0	0	0	0	521	459	
5	0	0	0	0	513	452	
6	0	0	0	0	499	445	
7	0	0	0	0	480	438	
8	0	0	0	0	466	441	
9	0	0	0	0	460	457	
10	0	0	0	0	459	479	
11	0	0	0	0	459	499	
12	0	0	0	0	465	511	
13	0	0	0	0	471	516	
14	0	0	0	0	479	516	
15	0	0	0	0	486	510	
0	0	0	0	0	494	505	
1	0	0	0	0	498	497	
2	0	0	0	0	499	489	
3	0	0	0	0	497	483	
4	0	0	0	0	496	479	
5	0	0	0	0	492	479	
6	0	0	0	0	484	482	
7	0	0	0	0	477	489	
8	0	0	0	0	471	495	
9	0	0	0	0	465	494	
10	0	0	0	0	461	494	
11	0	0	0	0	462	501	
12	0	0	0	0	463	511	
13	0	0	0	0	465	523	
14	0	0	0	0	475	531	
15	0	0	0	0	487	527	
0	0	0	0	0	494	515	
1	0	0	0	0	498	499	
2	0	0	0	0	496	483	
3	0	0	0	0	486	468	
4	0	0	0	0	470	451	
5	0	0	0	0	455	437	
6	0	0	0	0	441	429	
7	0	0	0	0	428	428	
8	0	0	0	0	419	432	
9	0	0	0	0	412	436	
10	0	0	0	0	411	438	
11	0	0	0	0	414	443	
12	0	0	0	0	413	453	
13	0	0	0	0	411	472	
14	0	0	0	0	408	487	
15	0	0	0	0	404	501	
0	0	0	0	0	399	514	
1	0	0	0	0	400	524	
2	0	0	0	0	405	536	
3	0	0	0	0	413	544	
4	0	0	0	0	419	547	
5	0	0	0	0	425	540	
6	0	0	0	0	425	523	
7	0	0	0	0	427	509	
8	0	0	0	0	426	499	
9	0	0	0	0	428	495	
10	0	0	0	0	428	495	
11	0	0	0	0	422	492	
12	0	0	0	0	419	490	
13	0	0	0	0	418	487	
14	0	0	0	0	421	484	
15	0	0	0	0	428	481	
0	0	0	0	0	440	482	
1	0	0	0	0	451	483	
2	0	0	0	0	461	483	
3	0	0	0	0	465	486	
4	0	0	0	0	461	487	
5	0	0	0	0	455	491	
6	0	0	0	0	446	495	
7	0	0	0	0	435	499	
8	0	0	0	0	423	500	
9	0	0	0	0	411	495	
10	0	0	0	0	400	495	
11	0	0	0	0	395	497	
12	0	0	0	0	394	505	
13	0	0	0	0	403	513	
14	0	0	0	0	418	524	
15	0	0	0	0	431	538	
0	0	0	0	0	442	551	
1	0	0	0	0	451	553	
2	0	0	0	0	455	542	
3	0	0	0	0	454	516	
4	0	0	0	0	455	491	
5	0	0	0	0	454	465	
6	0	0	0	0	448	444	
7	0	0	0	0	447	429	
8	0	0	0	0	448	428	
9	0	0	0	0	455	441	
10	0	0	0	0	461	455	
11	0	0	0	0	468	470	
12	0	0	0	0	475	487	
13	0	0	0	0	483	507	
14	0	0	0	0	490	529	
15	0	0	0	0	493	550	
0	0	0	0	0	492	562	
1	0	0	0	0	486	568	
2	0	0	0	0	482	569	
3	0	0	0	0	475	562	
4	0	0	0	0	470	555	
5	0	0	0	0	463	547	
6	0	0	0	0	457	541	
7	0	0	0	0	459	538	
8	0	0	0	0	462	538	
9	0	0	0	0	463	537	
10	0	0	0	0	462	536	
11	0	0	0	0	466	529	
12	0	0	0	0	467	519	
13	0	0	0	0	470	505	
14	0	0	0	0	471	495	
15	0	0	0	0	470	487	
0	0	0	0	0	470	483	
1	0	0	0	0	474	483	
2	0	0	0	0	481	486	
3	0	0	0	0	492	494	
4	0	0	0	0	505	507	
5	0	0	0	0	521	522	
6	0	0	0	0	537	532	
7	0	0	0	0	550	534	
8	0	0	0	0	561	534	
9	0	0	0	0	571	540	
10	0	0	0	0	577	548	
11	0	0	0	0	580	560	
12	0	0	0	0	581	576	
13	0	0	0	0	583	595	
14	0	0	0	0	584	614	
15	0	0	0	0	583	622	
0	0	0	0	0	580	618	
1	0	0	0	0	577	606	
2	0	0	0	0	566	585	
3	0	0	0	0	554	559	
4	0	0	0	0	541	528	
5	0	0	0	0	526	493	
6	0	0	0	0	513	460	
7	0	0	0	0	505	435	
8	0	0	0	0	499	424	
9	0	0	0	0	497	427	
10	0	0	0	0	498	442	
11	0	0	0	0	501	464	
12	0	0	0	0	504	487	
13	0	0	0	0	510	507	
14	0	0	0	0	516	519	
15	0	0	0	0	521	521	
0	0	0	0	0	525	515	
1	0	0	0	0	524	503	
2	0	0	0	0	524	498	
3	0	0	0	0	527	490	
4	0	0	0	0	531	482	
5	0	0	0	0	541	476	
6	0	0	0	0	555	480	
7	0	0	0	0	568	484	
8	0	0	0	0	582	492	
9	0	0	0	0	595	498	
10	0	0	0	0	604	498	
11	0	0	0	0	606	488	
12	0	0	0	0	596	477	
13	0	0	0	0	580	460	
14	0	0	0	0	562	444	
15	0	0	0	0	551	428	
0	0	0	0	0	542	412	
1	0	0	0	0	535	400	
2	0	0	0	0	527	391	
3	0	0	0	0	527	387	
4	0	0	0	0	530	382	
5	0	0	0	0	535	380	
6	0	0	0	0	542	378	
7	0	0	0	0	547	375	
8	0	0	0	0	549	386	
9	0	0	0	0	546	400	
10	0	0	0	0	537	419	
11	0	0	0	0	526	441	
12	0	0	0	0	512	455	
13	0	0	0	0	498	463	
14	0	0	0	0	483	455	
15	0	0	0	0	475	439	
0	0	0	0	0	478	431	
1	0	0	0	0	487	423	
2	0	0	0	0	497	414	
3	0	0	0	0	505	406	
4	0	0	0	0	516	398	
5	0	0	0	0	528	399	
6	0	0	0	0	540	408	
7	0	0	0	0	549	422	
8	0	0	0	0	552	439	
9	0	0	0	0	550	457	
10	0	0	0	0	546	475	
11	0	0	0	0	544	490	
12	0	0	0	0	543	505	
13	0	0	0	0	542	517	
14	0	0	0	0	543	528	
15	0	0	0	0	544	535	
0	0	0	0	0	545	534	
1	0	0	0	0	546	525	
2	0	0	0	0	553	514	
3	0	0	0	0	563	510	
4	0	0	0	0	571	511	
5	0	0	0	0	579	512	
6	0	0	0	0	579	515	
7	0	0	0	0	576	519	
8	0	0	0	0	569	518	
9	0	0	0	0	560	517	
10	0	0	0	0	547	512	
11	0	0	0	0	533	508	
12	0	0	0	0	526	508	
13	0	0	0	0	520	515	
14	0	0	0	0	516	519	
15	0	0	0	0	518	520	
0	0	0	0	0	520	512	
1	0	0	0	0	519	500	
2	0	0	0	0	518	489	
3	0	0	0	0	520	474	
4	0	0	0	0	527	461	
5	0	0	0	0	534	457	
6	0	0	0	0	538	461	
7	0	0	0	0	536	468	
8	0	0	0	0	532	476	
9	0	0	0	0	526	481	
10	0	0	0	0	521	482	
11	0	0	0	0	518	474	
12	0	0	0	0	510	460	
13	0	0	0	0	499	438	
14	0	0	0	0	496	416	
15	0	0	0	0	500	408	
0	0	0	0	0	510	410	
1	0	0	0	0	525	420	
2	0	0	0	0	538	443	
3	0	0	0	0	548	472	
4	0	0	0	0	554	510	
5	0	0	0	0	561	552	
6	0	0	0	0	569	590	
7	0	0	0	0	575	616	
8	0	0	0	0	580	632	
9	0	0	0	0	584	640	
10	0	0	0	0	586	633	
11	0	0	0	0	582	615	
12	0	0	0	0	577	581	
13	0	0	0	0	569	542	
14	0	0	0	0	559	504	
15	0	0	0	0	548	472	
0	0	0	0	0	540	450	
1	0	0	0	0	537	438	
2	0	0	0	0	533	428	
3	0	0	0	0	525	413	
4	0	0	0	0	518	392	
5	0	0	0	0	513	376	
6	0	0	0	0	509	361	
7	0	0	0	0	507	345	
8	0	0	0	0	504	338	
9	0	0	0	0	500	334	
10	0	0	0	0	499	335	
11	0	0	0	0	500	353	
12	0	0	0	0	499	372	
13	0	0	0	0	492	390	
14	0	0	0	0	481	418	
15	0	0	0	0	469	447	
0	0	0	0	0	452	474	
1	0	0	0	0	440	499	
2	0	0	0	0	435	527	
3	0	0	0	0	439	550	
4	0	0	0	0	452	566	
5	0	0	0	0	468	563	
6	0	0	0	0	480	548	
7	0	0	0	0	486	520	
8	0	0	0	0	483	487	
9	0	0	0	0	478	446	
10	0	0	0	0	465	407	
11	0	0	0	0	445	377	
12	0	0	0	0	423	359	
13	0	0	0	0	404	352	
14	0	0	0	0	391	354	
15	0	0	0	0	383	359	
0	0	0	0	0	383	372	
1	0	0	0	0	386	391	
2	0	0	0	0	392	411	
3	0	0	0	0	400	435	
4	0	0	0	0	414	455	
5	0	0	0	0	429	476	
6	0	0	0	0	443	496	
7	0	0	0	0	455	508	
8	0	0	0	0	463	516	
9	0	0	0	0	471	522	
10	0	0	0	0	478	525	
11	0	0	0	0	485	526	
12	0	0	0	0	486	525	
13	0	0	0	0	491	522	
14	0	0	0	0	495	521	
15	0	0	0	0	496	520	
0	0	0	0	0	496	523	
1	0	0	0	0	496	526	
2	0	0	0	0	493	524	
3	0	0	0	0	487	519	
4	0	0	0	0	479	513	
5	0	0	0	0	478	509	
6	0	0	0	0	481	504	
7	0	0	0	0	484	495	
8	0	0	0	0	486	484	
9	0	0	0	0	484	471	
10	0	0	0	0	486	454	
11	0	0	0	0	492	441	
12	0	0	0	0	493	430	
13	0	0	0	0	485	419	
14	0	0	0	0	476	413	
15	0	0	0	0	464	403	
0	0	0	0	0	453	395	
1	0	0	0	0	441	389	
2	0	0	0	0	433	386	
3	0	0	0	0	428	390	
4	0	0	0	0	424	400	
5	0	0	0	0	429	418	
6	0	0	0	0	441	447	
7	0	0	0	0	459	487	
8	0	0	0	0	472	530	
9	0	0	0	0	482	568	
10	0	0	0	0	494	600	
11	0	0	0	0	507	626	
12	0	0	0	0	515	640	
13	0	0	0	0	517	643	
14	0	0	0	0	513	636	
15	0	0	0	0	508	622	
0	0	0	0	0	502	606	
1	0	0	0	0	495	586	
2	0	0	0	0	485	563	
3	0	0	0	0	475	542	
4	0	0	0	0	467	520	
5	0	0	0	0	463	504	
6	0	0	0	0	464	494	
7	0	0	0	0	471	496	
8	0	0	0	0	482	505	
9	0	0	0	0	491	508	
10	0	0	0	0	491	510	
11	0	0	0	0	487	506	
12	0	0	0	0	482	493	
13	0	0	0	0	476	474	
14	0	0	0	0	472	454	
15	0	0	0	0	468	437	
0	0	0	0	0	467	427	
1	0	0	0	0	468	423	
2	0	0	0	0	470	423	
3	0	0	0	0	471	431	
4	0	0	0	0	470	438	
5	0	0	0	0	467	444	
6	0	0	0	0	464	451	
7	0	0	0	0	462	456	
8	0	0	0	0	455	466	
9	0	0	0	0	446	475	
10	0	0	0	0	438	487	
11	0	0	0	0	430	504	
12	0	0	0	0	425	525	
13	0	0	0	0	431	544	
14	0	0	0	0	446	561	
15	0	0	0	0	460	572	
0	0	0	0	0	472	583	
1	0	0	0	0	484	599	
2	0	0	0	0	498	615	
3	0	0	0	0	508	621	
4	0	0	0	0	515	625	
5	0	0	0	0	522	622	
6	0	0	0	0	526	614	
7	0	0	0	0	524	604	
8	0	0	0	0	517	589	
9	0	0	0	0	510	575	
10	0	0	0	0	505	552	
11	0	0	0	0	500	526	
12	0	0	0	0	496	506	
13	0	0	0	0	494	486	
14	0	0	0	0	490	471	
15	0	0	0	0	487	465	
0	0	0	0	0	483	470	
1	0	0	0	0	481	481	
2	0	0	0	0	481	495	
3	0	0	0	0	480	512	
4	0	0	0	0	479	526	
5	0	0	0	0	477	540	
6	0	0	0	0	478	550	
7	0	0	0	0	486	554	
8	0	0	0	0	497	555	
9	0	0	0	0	507	559	
10	0	0	0	0	512	561	
11	0	0	0	0	516	563	
12	0	0	0	0	519	565	
13	0	0	0	0	518	568	
14	0	0	0	0	512	569	
15	0	0	0	0	509	567	
0	0	0	0	0	510	561	
1	0	0	0	0	509	559	
2	0	0	0	0	506	564	
3	0	0	0	0	503	571	
4	0	0	0	0	500	572	
5	0	0	0	0	499	572	
6	0	0	0	0	499	570	
7	0	0	0	0	503	569	
8	0	0	0	0	505	567	
9	0	0	0	0	504	565	
10	0	0	0	0	499	564	
11	0	0	0	0	489	566	
12	0	0	0	0	473	561	
13	0	0	0	0	454	555	
14	0	0	0	0	437	549	
15	0	0	0	0	425	544	
0	0	0	0	0	418	539	
1	0	0	0	0	419	531	
2	0	0	0	0	423	517	
3	0	0	0	0	430	500	
4	0	0	0	0	440	478	
5	0	0	0	0	451	456	
6	0	0	0	0	461	436	
7	0	0	0	0	470	423	
8	0	0	0	0	476	416	
9	0	0	0	0	478	411	
10	0	0	0	0	480	410	
11	0	0	0	0	479	416	
12	0	0	0	0	475	423	
13	0	0	0	0	474	433	
14	0	0	0	0	477	449	
15	0	0	0	0	485	475	
0	0	0	0	0	493	500	
1	0	0	0	0	496	519	
2	0	0	0	0	496	532	
3	0	0	0	0	493	539	
4	0	0	0	0	492	542	
5	0	0	0	0	492	536	
6	0	0	0	0	487	526	
7	0	0	0	0	479	518	
8	0	0	0	0	471	518	
9	0	0	0	0	470	525	
10	0	0	0	0	470	536	
11	0	0	0	0	468	549	
12	0	0	0	0	466	551	
13	0	0	0	0	461	542	
14	0	0	0	0	457	529	
15	0	0	0	0	457	515	
0	0	0	0	0	456	504	
1	0	0	0	0	457	503	
2	0	0	0	0	463	510	
3	0	0	0	0	475	526	
4	0	0	0	0	485	543	
5	0	0	0	0	496	555	
6	0	0	0	0	507	564	
7	0	0	0	0	515	573	
8	0	0	0	0	526	573	
9	0	0	0	0	538	567	
10	0	0	0	0	551	555	
11	0	0	0	0	561	534	
12	0	0	0	0	569	510	
13	0	0	0	0	574	484	
14	0	0	0	0	571	459	
15	0	0	0	0	563	433	
0	0	0	0	0	555	414	
1	0	0	0	0	550	400	
2	0	0	0	0	542	398	
3	0	0	0	0	533	407	
4	0	0	0	0	523	417	
5	0	0	0	0	515	432	
6	0	0	0	0	505	443	
7	0	0	0	0	500	455	
8	0	0	0	0	497	466	
9	0	0	0	0	498	475	
10	0	0	0	0	499	478	
11	0	0	0	0	499	477	
12	0	0	0	0	496	473	
13	0	0	0	0	497	470	
14	0	0	0	0	504	465	
15	0	0	0	0	516	460	
0	0	0	0	0	526	456	
1	0	0	0	0	538	446	
2	0	0	0	0	550	433	
3	0	0	0	0	552	417	
4	0	0	0	0	553	401	
5	0	0	0	0	552	389	
6	0	0	0	0	548	384	
7	0	0	0	0	543	381	
8	0	0	0	0	540	385	
9	0	0	0	0	536	403	
10	0	0	0	0	532	422	
11	0	0	0	0	527	441	
12	0	0	0	0	527	456	
13	0	0	0	0	531	463	
14	0	0	0	0	536	464	
15	0	0	0	0	540	458	
0	0	0	0	0	540	448	
1	0	0	0	0	538	439	
2	0	0	0	0	533	428	
3	0	0	0	0	522	423	
4	0	0	0	0	510	428	
5	0	0	0	0	498	438	
6	0	0	0	0	484	455	
7	0	0	0	0	467	471	
8	0	0	0	0	456	485	
9	0	0	0	0	446	495	
10	0	0	0	0	443	504	
11	0	0	0	0	447	510	
12	0	0	0	0	458	508	
13	0	0	0	0	467	504	
14	0	0	0	0	475	492	
15	0	0	0	0	482	473	
0	0	0	0	0	491	452	
1	0	0	0	0	498	434	
2	0	0	0	0	504	420	
3	0	0	0	0	507	408	
4	0	0	0	0	505	398	
5	0	0	0	0	502	391	
6	0	0	0	0	499	386	
7	0	0	0	0	497	376	
8	0	0	0	0	499	370	
9	0	0	0	0	504	365	
10	0	0	0	0	513	359	
11	0	0	0	0	523	356	
12	0	0	0	0	534	363	
13	0	0	0	0	541	374	
14	0	0	0	0	546	391	
15	0	0	0	0	548	415	
0	0	0	0	0	540	430	
1	0	0	0	0	523	435	
2	0	0	0	0	499	439	
3	0	0	0	0	474	438	
4	0	0	0	0	457	436	
5	0	0	0	0	450	440	
6	0	0	0	0	454	451	
7	0	0	0	0	467	462	
8	0	0	0	0	485	479	
9	0	0	0	0	501	504	
10	0	0	0	0	513	527	
11	0	0	0	0	518	547	
12	0	0	0	0	519	566	
13	0	0	0	0	520	573	
14	0	0	0	0	523	574	
15	0	0	0	0	529	569	
0	0	0	0	0	539	556	
1	0	0	0	0	549	533	
2	0	0	0	0	556	498	
3	0	0	0	0	559	457	
4	0	0	0	0	556	421	
5	0	0	0	0	553	398	
6	0	0	0	0	544	388	
7	0	0	0	0	534	384	
8	0	0	0	0	521	384	
9	0	0	0	0	512	388	
10	0	0	0	0	500	395	
11	0	0	0	0	489	407	
12	0	0	0	0	484	425	
13	0	0	0	0	483	448	
14	0	0	0	0	484	471	
15	0	0	0	0	486	491	
0	0	0	0	0	489	506	
1	0	0	0	0	490	519	
2	0	0	0	0	490	529	
3	0	0	0	0	492	531	
4	0	0	0	0	493	525	
5	0	0	0	0	494	511	
6	0	0	0	0	496	495	
7	0	0	0	0	499	480	
8	0	0	0	0	501	468	
9	0	0	0	0	507	460	
10	0	0	0	0	513	454	
11	0	0	0	0	517	459	
12	0	0	0	0	522	471	
13	0	0	0	0	526	486	
14	0	0	0	0	527	502	
15	0	0	0	0	525	509	
0	0	0	0	0	524	511	
1	0	0	0	0	525	508	
2	0	0	0	0	522	496	
3	0	0	0	0	515	478	
4	0	0	0	0	508	464	
5	0	0	0	0	500	459	
6	0	0	0	0	493	458	
7	0	0	0	0	485	462	
8	0	0	0	0	481	472	
9	0	0	0	0	479	484	
10	0	0	0	0	475	496	
11	0	0	0	0	473	503	
12	0	0	0	0	474	501	
13	0	0	0	0	477	494	
14	0	0	0	0	482	480	
15	0	0	0	0	481	464	
0	0	0	0	0	476	445	
1	0	0	0	0	471	429	
2	0	0	0	0	465	416	
3	0	0	0	0	456	408	
4	0	0	0	0	446	399	
5	0	0	0	0	441	389	
6	0	0	0	0	440	383	
7	0	0	0	0	446	383	
8	0	0	0	0	453	395	
9	0	0	0	0	465	414	
10	0	0	0	0	478	440	
11	0	0	0	0	489	466	
12	0	0	0	0	499	492	
13	0	0	0	0	509	511	
14	0	0	0	0	514	523	
15	0	0	0	0	517	535	
0	0	0	0	0	519	550	
1	0	0	0	0	521	568	
2	0	0	0	0	527	582	
3	0	0	0	0	536	597	
4	0	0	0	0	544	609	
5	0	0	0	0	549	615	
6	0	0	0	0	547	610	
7	0	0	0	0	543	591	
8	0	0	0	0	533	556	
9	0	0	0	0	521	516	
10	0	0	0	0	510	471	
11	0	0	0	0	502	434	
12	0	0	0	0	495	402	
13	0	0	0	0	491	378	
14	0	0	0	0	487	366	
15	0	0	0	0	486	365	
0	0	0	0	0	483	372	
1	0	0	0	0	483	378	
2	0	0	0	0	484	393	
3	0	0	0	0	484	409	
4	0	0	0	0	483	419	
5	0	0	0	0	483	427	
6	0	0	0	0	483	432	
7	0	0	0	0	485	434	
8	0	0	0	0	483	435	
9	0	0	0	0	477	436	
10	0	0	0	0	471	441	
11	0	0	0	0	463	451	
12	0	0	0	0	451	462	
13	0	0	0	0	440	477	
14	0	0	0	0	440	496	
15	0	0	0	0	444	524	
0	0	0	0	0	455	548	
1	0	0	0	0	472	572	
2	0	0	0	0	488	592	
3	0	0	0	0	504	604	
4	0	0	0	0	515	603	
5	0	0	0	0	521	598	
6	0	0	0	0	519	593	
7	0	0	0	0	519	587	
8	0	0	0	0	517	577	
9	0	0	0	0	516	563	
10	0	0	0	0	515	551	
11	0	0	0	0	512	533	
12	0	0	0	0	513	513	
13	0	0	0	0	515	494	
14	0	0	0	0	520	483	
15	0	0	0	0	526	474	
0	0	0	0	0	535	468	
1	0	0	0	0	542	476	
2	0	0	0	0	543	489	
3	0	0	0	0	541	508	
4	0	0	0	0	540	531	
5	0	0	0	0	536	554	
6	0	0	0	0	530	572	
7	0	0	0	0	527	574	
8	0	0	0	0	524	564	
9	0	0	0	0	527	548	
10	0	0	0	0	535	526	
11	0	0	0	0	547	500	
12	0	0	0	0	556	483	
13	0	0	0	0	559	475	
14	0	0	0	0	558	474	
15	0	0	0	0	552	473	
0	0	0	0	0	548	472	
1	0	0	0	0	546	464	
2	0	0	0	0	546	455	
3	0	0	0	0	542	449	
4	0	0	0	0	537	444	
5	0	0	0	0	529	440	
6	0	0	0	0	521	443	
7	0	0	0	0	511	452	
8	0	0	0	0	501	468	
9	0	0	0	0	490	488	
10	0	0	0	0	476	507	
11	0	0	0	0	460	524	
12	0	0	0	0	447	536	
13	0	0	0	0	440	545	
14	0	0	0	0	438	551	
15	0	0	0	0	442	554	
0	0	0	0	0	448	559	
1	0	0	0	0	457	569	
2	0	0	0	0	470	582	
3	0	0	0	0	486	592	
4	0	0	0	0	493	599	
5	0	0	0	0	498	602	
6	0	0	0	0	502	604	
7	0	0	0	0	511	601	
8	0	0	0	0	520	595	
9	0	0	0	0	533	587	
10	0	0	0	0	545	579	
11	0	0	0	0	561	574	
12	0	0	0	0	578	574	
13	0	0	0	0	589	572	
14	0	0	0	0	591	570	
15	0	0	0	0	587	560	
0	0	0	0	0	580	550	
1	0	0	0	0	568	545	
2	0	0	0	0	553	542	
3	0	0	0	0	542	543	
4	0	0	0	0	530	546	
5	0	0	0	0	517	548	
6	0	0	0	0	507	548	
7	0	0	0	0	501	542	
8	0	0	0	0	502	536	
9	0	0	0	0	505	535	
10	0	0	0	0	510	537	
11	0	0	0	0	512	541	
12	0	0	0	0	509	543	
13	0	0	0	0	503	542	
14	0	0	0	0	490	542	
15	0	0	0	0	477	545	
0	0	0	0	0	465	552	
1	0	0	0	0	460	561	
2	0	0	0	0	456	563	
3	0	0	0	0	459	561	
4	0	0	0	0	460	558	
5	0	0	0	0	466	547	
6	0	0	0	0	472	528	
7	0	0	0	0	476	506	
8	0	0	0	0	484	486	
9	0	0	0	0	493	473	
10	0	0	0	0	499	470	
11	0	0	0	0	506	480	
12	0	0	0	0	508	496	
13	0	0	0	0	508	512	
14	0	0	0	0	505	525	
15	0	0	0	0	498	533	
0	0	0	0	0	490	535	
1	0	0	0	0	485	534	
2	0	0	0	0	482	535	
3	0	0	0	0	481	540	
4	0	0	0	0	477	546	
5	0	0	0	0	476	563	
6	0	0	0	0	477	589	
7	0	0	0	0	479	615	
8	0	0	0	0	481	628	
9	0	0	0	0	482	630	
10	0	0	0	0	488	616	
11	0	0	0	0	495	594	
12	0	0	0	0	496	566	
13	0	0	0	0	497	540	
14	0	0	0	0	496	519	
15	0	0	0	0	494	503	
0	0	0	0	0	492	490	
1	0	0	0	0	488	482	
2	0	0	0	0	483	480	
3	0	0	0	0	483	483	
4	0	0	0	0	491	488	
5	0	0	0	0	500	491	
6	0	0	0	0	508	496	
7	0	0	0	0	515	503	
8	0	0	0	0	519	516	
9	0	0	0	0	526	527	
10	0	0	0	0	529	536	
11	0	0	0	0	531	543	
12	0	0	0	0	529	553	
13	0	0	0	0	529	570	
14	0	0	0	0	530	585	
15	0	0	0	0	531	596	
0	0	0	0	0	532	608	
1	0	0	0	0	533	617	
2	0	0	0	0	538	623	
3	0	0	0	0	539	622	
4	0	0	0	0	537	611	
5	0	0	0	0	529	597	
6	0	0	0	0	520	580	
7	0	0	0	0	507	560	
8	0	0	0	0	499	545	
9	0	0	0	0	497	538	
10	0	0	0	0	504	541	
11	0	0	0	0	515	547	
12	0	0	0	0	525	545	
13	0	0	0	0	533	540	
14	0	0	0	0	540	532	
15	0	0	0	0	546	524	
0	0	0	0	0	551	523	
1	0	0	0	0	553	525	
2	0	0	0	0	558	532	
3	0	0	0	0	557	543	
4	0	0	0	0	557	556	
5	0	0	0	0	559	566	
6	0	0	0	0	568	569	
7	0	0	0	0	582	563	
8	0	0	0	0	592	556	
9	0	0	0	0	599	543	
10	0	0	0	0	608	532	
11	0	0	0	0	620	525	
12	0	0	0	0	626	520	
13	0	0	0	0	626	521	
14	0	0	0	0	619	521	
15	0	0	0	0	608	523	
0	0	0	0	0	595	526	
1	0	0	0	0	579	533	
2	0	0	0	0	562	545	
3	0	0	0	0	551	561	
4	0	0	0	0	541	581	
5	0	0	0	0	531	602	
6	0	0	0	0	522	622	
7	0	0	0	0	512	629	
8	0	0	0	0	506	625	
9	0	0	0	0	502	611	
10	0	0	0	0	499	597	
11	0	0	0	0	500	580	
12	0	0	0	0	498	560	
13	0	0	0	0	496	536	
14	0	0	0	0	493	512	
15	0	0	0	0	495	496	
0	0	0	0	0	497	491	
1	0	0	0	0	503	492	
2	0	0	0	0	511	492	
3	0	0	0	0	520	496	
4	0	0	0	0	531	504	
5	0	0	0	0	538	512	
6	0	0	0	0	540	512	
7	0	0	0	0	537	507	
8	0	0	0	0	530	497	
9	0	0	0	0	524	491	
10	0	0	0	0	516	494	
11	0	0	0	0	509	501	
12	0	0	0	0	496	510	
13	0	0	0	0	484	523	
14	0	0	0	0	481	548	
15	0	0	0	0	489	582	
0	0	0	0	0	499	614	
1	0	0	0	0	510	641	
2	0	0	0	0	521	660	
3	0	0	0	0	535	666	
4	0	0	0	0	550	658	
5	0	0	0	0	562	635	
6	0	0	0	0	572	608	
7	0	0	0	0	578	578	
8	0	0	0	0	584	545	
9	0	0	0	0	588	514	
10	0	0	0	0	588	491	
11	0	0	0	0	584	476	
12	0	0	0	0	582	471	
13	0	0	0	0	580	469	
14	0	0	0	0	580	474	
15	0	0	0	0	579	483	
0	0	0	0	0	575	489	
1	0	0	0	0	567	500	
2	0	0	0	0	559	515	
3	0	0	0	0	550	521	
4	0	0	0	0	543	525	
5	0	0	0	0	537	524	
6	0	0	0	0	534	521	
7	0	0	0	0	531	512	
8	0	0	0	0	532	500	
9	0	0	0	0	532	495	
10	0	0	0	0	527	500	
11	0	0	0	0	519	505	
12	0	0	0	0	512	513	
13	0	0	0	0	510	517	
14	0	0	0	0	509	518	
15	0	0	0	0	515	515	
0	0	0	0	0	526	518	
1	0	0	0	0	542	523	
2	0	0	0	0	555	531	
3	0	0	0	0	556	542	
4	0	0	0	0	554	553	
5	0	0	0	0	552	565	
6	0	0	0	0	549	572	
7	0	0	0	0	543	571	
8	0	0	0	0	542	567	
9	0	0	0	0	545	562	
10	0	0	0	0	550	558	
11	0	0	0	0	551	553	
12	0	0	0	0	546	543	
13	0	0	0	0	537	527	
14	0	0	0	0	526	508	
15	0	0	0	0	517	487	
0	0	0	0	0	508	471	
1	0	0	0	0	500	454	
2	0	0	0	0	492	436	
3	0	0	0	0	483	425	
4	0	0	0	0	480	423	
5	0	0	0	0	480	430	
6	0	0	0	0	483	443	
7	0	0	0	0	489	463	
8	0	0	0	0	499	489	
9	0	0	0	0	511	518	
10	0	0	0	0	518	545	
11	0	0	0	0	520	569	
12	0	0	0	0	521	589	
13	0	0	0	0	522	599	
14	0	0	0	0	524	600	
15	0	0	0	0	520	593	
0	0	0	0	0	513	584	
1	0	0	0	0	507	579	
2	0	0	0	0	501	570	
3	0	0	0	0	494	558	
4	0	0	0	0	489	546	
5	0	0	0	0	489	542	
6	0	0	0	0	489	547	
7	0	0	0	0	488	551	
8	0	0	0	0	481	551	
9	0	0	0	0	467	552	
10	0	0	0	0	455	552	
11	0	0	0	0	446	552	
12	0	0	0	0	439	560	
13	0	0	0	0	439	572	
14	0	0	0	0	445	591	
15	0	0	0	0	460	611	
0	0	0	0	0	478	624	
1	0	0	0	0	490	633	
2	0	0	0	0	498	638	
3	0	0	0	0	503	638	
4	0	0	0	0	504	639	
5	0	0	0	0	504	642	
6	0	0	0	0	503	646	
7	0	0	0	0	503	652	
8	0	0	0	0	505	657	
9	0	0	0	0	507	657	
10	0	0	0	0	512	649	
11	0	0	0	0	512	629	
12	0	0	0	0	508	608	
13	0	0	0	0	502	588	
14	0	0	0	0	494	569	
15	0	0	0	0	489	553	
0	0	0	0	0	484	534	
1	0	0	0	0	484	514	
2	0	0	0	0	487	497	
3	0	0	0	0	490	489	
4	0	0	0	0	490	487	
5	0	0	0	0	487	489	
6	0	0	0	0	483	488	
7	0	0	0	0	478	493	
8	0	0	0	0	475	496	
9	0	0	0	0	473	499	
10	0	0	0	0	473	502	
11	0	0	0	0	475	508	
12	0	0	0	0	474	516	
13	0	0	0	0	472	521	
14	0	0	0	0	470	523	
15	0	0	0	0	470	524	
0	0	0	0	0	467	529	
1	0	0	0	0	465	535	
2	0	0	0	0	467	540	
3	0	0	0	0	474	549	
4	0	0	0	0	485	558	
5	0	0	0	0	502	574	
6	0	0	0	0	525	591	
7	0	0	0	0	546	600	
8	0	0	0	0	561	604	
9	0	0	0	0	573	600	
10	0	0	0	0	583	591	
11	0	0	0	0	589	581	
12	0	0	0	0	589	571	
13	0	0	0	0	587	563	
14	0	0	0	0	579	553	
15	0	0	0	0	575	545	
0	0	0	0	0	569	537	
1	0	0	0	0	563	536	
2	0	0	0	0	558	541	
3	0	0	0	0	549	552	
4	0	0	0	0	540	571	
5	0	0	0	0	531	591	
6	0	0	0	0	525	604	
7	0	0	0	0	518	610	
8	0	0	0	0	510	611	
9	0	0	0	0	499	607	
10	0	0	0	0	486	598	
11	0	0	0	0	472	586	
12	0	0	0	0	463	577	
13	0	0	0	0	458	564	
14	0	0	0	0	459	557	
15	0	0	0	0	466	558	
0	0	0	0	0	473	560	
1	0	0	0	0	474	568	
2	0	0	0	0	471	577	
3	0	0	0	0	463	583	
4	0	0	0	0	452	577	
5	0	0	0	0	441	563	
6	0	0	0	0	435	543	
7	0	0	0	0	436	525	
8	0	0	0	0	439	507	
9	0	0	0	0	445	494	
10	0	0	0	0	449	482	
11	0	0	0	0	449	475	
12	0	0	0	0	452	468	
13	0	0	0	0	452	456	
14	0	0	0	0	454	441	
15	0	0	0	0	453	427	
0	0	0	0	0	454	421	
1	0	0	0	0	455	416	
2	0	0	0	0	462	412	
3	0	0	0	0	472	412	
4	0	0	0	0	479	416	
5	0	0	0	0	489	428	
6	0	0	0	0	503	440	
7	0	0	0	0	519	452	
8	0	0	0	0	531	465	
9	0	0	0	0	538	479	
10	0	0	0	0	538	496	
11	0	0	0	0	536	513	
12	0	0	0	0	530	524	
13	0	0	0	0	521	527	
14	0	0	0	0	505	519	
15	0	0	0	0	491	504	
0	0	0	0	0	482	484	
1	0	0	0	0	480	460	
2	0	0	0	0	482	434	
3	0	0	0	0	482	404	
4	0	0	0	0	486	380	
5	0	0	0	0	490	366	
6	0	0	0	0	496	371	
7	0	0	0	0	506	390	
8	0	0	0	0	516	414	
9	0	0	0	0	529	448	
10	0	0	0	0	543	486	
11	0	0	0	0	551	518	
12	0	0	0	0	555	541	
13	0	0	0	0	554	554	
14	0	0	0	0	558	563	
15	0	0	0	0	559	574	
0	0	0	0	0	557	583	
1	0	0	0	0	549	589	
2	0	0	0	0	543	596	
3	0	0	0	0	537	604	
4	0	0	0	0	521	611	
5	0	0	0	0	503	618	
6	0	0	0	0	486	624	
7	0	0	0	0	471	627	
8	0	0	0	0	457	622	
9	0	0	0	0	446	610	
10	0	0	0	0	439	589	
11	0	0	0	0	440	568	
12	0	0	0	0	442	546	
13	0	0	0	0	448	525	
14	0	0	0	0	458	511	
15	0	0	0	0	472	503	
0	0	0	0	0	483	496	
1	0	0	0	0	490	488	
2	0	0	0	0	499	479	
3	0	0	0	0	507	467	
4	0	0	0	0	517	464	
5	0	0	0	0	527	469	
6	0	0	0	0	533	477	
7	0	0	0	0	536	487	
8	0	0	0	0	533	497	
9	0	0	0	0	528	505	
10	0	0	0	0	523	510	
11	0	0	0	0	518	514	
12	0	0	0	0	515	517	
13	0	0	0	0	514	524	
14	0	0	0	0	521	528	
15	0	0	0	0	532	532	
0	0	0	0	0	540	535	
1	0	0	0	0	547	539	
2	0	0	0	0	554	543	
3	0	0	0	0	560	545	
4	0	0	0	0	563	550	
5	0	0	0	0	565	559	
6	0	0	0	0	566	568	
7	0	0	0	0	560	579	
8	0	0	0	0	553	588	
9	0	0	0	0	551	598	
10	0	0	0	0	554	601	
11	0	0	0	0	564	601	
12	0	0	0	0	576	603	
13	0	0	0	0	591	609	
14	0	0	0	0	603	620	
15	0	0	0	0	612	633	
0	0	0	0	0	615	644	
1	0	0	0	0	613	646	
2	0	0	0	0	606	638	
3	0	0	0	0	598	625	
4	0	0	0	0	586	603	
5	0	0	0	0	574	573	
6	0	0	0	0	559	542	
7	0	0	0	0	547	515	
8	0	0	0	0	537	492	
9	0	0	0	0	535	479	
10	0	0	0	0	534	473	
11	0	0	0	0	535	478	
12	0	0	0	0	537	495	
13	0	0	0	0	543	525	
14	0	0	0	0	545	553	
15	0	0	0	0	547	575	
0	0	0	0	0	549	588	
1	0	0	0	0	553	598	
2	0	0	0	0	557	601	
3	0	0	0	0	561	601	
4	0	0	0	0	565	600	
5	0	0	0	0	570	593	
6	0	0	0	0	569	587	
7	0	0	0	0	573	589	
8	0	0	0	0	578	592	
9	0	0	0	0	582	603	
10	0	0	0	0	581	607	
11	0	0	0	0	575	606	
12	0	0	0	0	568	609	
13	0	0	0	0	560	616	
14	0	0	0	0	551	628	
15	0	0	0	0	543	635	
0	0	0	0	0	543	635	
1	0	0	0	0	545	629	
2	0	0	0	0	549	615	
3	0	0	0	0	551	603	
4	0	0	0	0	556	589	
5	0	0	0	0	560	575	
6	0	0	0	0	560	561	
7	0	0	0	0	561	549	
8	0	0	0	0	567	543	
9	0	0	0	0	567	544	
10	0	0	0	0	566	551	
11	0	0	0	0	569	564	
12	0	0	0	0	572	579	
13	0	0	0	0	574	599	
14	0	0	0	0	575	613	
15	0	0	0	0	575	628	
0	0	0	0	0	576	643	
1	0	0	0	0	575	654	
2	0	0	0	0	570	663	
3	0	0	0	0	562	671	
4	0	0	0	0	551	684	
5	0	0	0	0	543	702	
6	0	0	0	0	540	723	
7	0	0	0	0	542	745	
8	0	0	0	0	547	759	
9	0	0	0	0	552	767	
10	0	0	0	0	551	771	
11	0	0	0	0	548	773	
12	0	0	0	0	539	771	
13	0	0	0	0	526	764	
14	0	0	0	0	517	751	
15	0	0	0	0	513	742	
0	0	0	0	0	510	731	
1	0	0	0	0	508	715	
2	0	0	0	0	511	702	
3	0	0	0	0	512	684	
4	0	0	0	0	515	671	
5	0	0	0	0	515	654	
6	0	0	0	0	513	635	
7	0	0	0	0	508	615	
8	0	0	0	0	504	597	
9	0	0	0	0	501	580	
10	0	0	0	0	496	560	
11	0	0	0	0	491	541	
12	0	0	0	0	486	525	
13	0	0	0	0	483	519	
14	0	0	0	0	481	526	
15	0	0	0	0	477	542	
0	0	0	0	0	471	565	
1	0	0	0	0	461	593	
2	0	0	0	0	451	621	
3	0	0	0	0	446	648	
4	0	0	0	0	445	679	
5	0	0	0	0	447	710	
6	0	0	0	0	449	743	
7	0	0	0	0	450	775	
8	0	0	0	0	450	798	
9	0	0	0	0	450	807	
10	0	0	0	0	450	797	
11	0	0	0	0	447	771	
12	0	0	0	0	442	741	
13	0	0	0	0	437	704	
14	0	0	0	0	439	669	
15	0	0	0	0	449	634	
0	0	0	0	0	464	590	
1	0	0	0	0	481	552	
2	0	0	0	0	498	526	
3	0	0	0	0	511	508	
4	0	0	0	0	521	496	
5	0	0	0	0	526	487	
6	0	0	0	0	519	478	
7	0	0	0	0	511	471	
8	0	0	0	0	499	468	
9	0	0	0	0	487	470	
10	0	0	0	0	476	471	
11	0	0	0	0	469	475	
12	0	0	0	0	462	478	
13	0	0	0	0	456	481	
14	0	0	0	0	455	488	
15	0	0	0	0	458	497	
0	0	0	0	0	461	518	
1	0	0	0	0	468	551	
2	0	0	0	0	476	590	
3	0	0	0	0	480	627	
4	0	0	0	0	483	660	
5	0	0	0	0	483	687	
6	0	0	0	0	487	706	
7	0	0	0	0	489	720	
8	0	0	0	0	491	734	
9	0	0	0	0	493	743	
10	0	0	0	0	491	739	
11	0	0	0	0	486	729	
12	0	0	0	0	481	710	
13	0	0	0	0	476	679	
14	0	0	0	0	473	647	
15	0	0	0	0	476	611	
0	0	0	0	0	476	577	
1	0	0	0	0	472	548	
2	0	0	0	0	467	525	
3	0	0	0	0	465	510	
4	0	0	0	0	459	497	
5	0	0	0	0	447	480	
6	0	0	0	0	436	459	
7	0	0	0	0	429	439	
8	0	0	0	0	430	430	
9	0	0	0	0	433	424	
10	0	0	0	0	441	420	
11	0	0	0	0	452	419	
12	0	0	0	0	461	418	
13	0	0	0	0	467	419	
14	0	0	0	0	472	425	
15	0	0	0	0	476	433	
0	0	0	0	0	480	445	
1	0	0	0	0	487	463	
2	0	0	0	0	495	486	
3	0	0	0	0	503	513	
4	0	0	0	0	510	540	
5	0	0	0	0	516	564	
6	0	0	0	0	521	587	
7	0	0	0	0	528	604	
8	0	0	0	0	535	616	
9	0	0	0	0	543	627	
10	0	0	0	0	550	630	
11	0	0	0	0	549	630	
12	0	0	0	0	544	616	
13	0	0	0	0	535	602	
14	0	0	0	0	521	584	
15	0	0	0	0	510	564	
0	0	0	0	0	502	547	
1	0	0	0	0	495	534	
2	0	0	0	0	496	526	
3	0	0	0	0	500	529	
4	0	0	0	0	504	540	
5	0	0	0	0	510	555	
6	0	0	0	0	520	569	
7	0	0	0	0	530	579	
8	0	0	0	0	531	584	
9	0	0	0	0	528	576	
10	0	0	0	0	521	563	
11	0	0	0	0	518	553	
12	0	0	0	0	519	545	
13	0	0	0	0	525	536	
14	0	0	0	0	535	528	
15	0	0	0	0	547	521	
0	0	0	0	0	561	524	
1	0	0	0	0	574	534	
2	0	0	0	0	584	550	
3	0	0	0	0	593	568	
4	0	0	0	0	597	587	
5	0	0	0	0	593	602	
6	0	0	0	0	589	618	
7	0	0	0	0	586	634	
8	0	0	0	0	584	643	
9	0	0	0	0	582	648	
10	0	0	0	0	578	646	
11	0	0	0	0	570	643	
12	0	0	0	0	558	639	
13	0	0	0	0	543	633	
14	0	0	0	0	529	627	
15	0	0	0	0	515	617	
0	0	0	0	0	504	600	
1	0	0	0	0	494	582	
2	0	0	0	0	486	560	
3	0	0	0	0	484	543	
4	0	0	0	0	487	526	
5	0	0	0	0	488	511	
6	0	0	0	0	489	502	
7	0	0	0	0	492	501	
8	0	0	0	0	494	498	
9	0	0	0	0	493	502	
10	0	0	0	0	490	506	
11	0	0	0	0	487	504	
12	0	0	0	0	484	499	
13	0	0	0	0	486	489	
14	0	0	0	0	490	478	
15	0	0	0	0	496	467	
0	0	0	0	0	507	461	
1	0	0	0	0	513	455	
2	0	0	0	0	518	455	
3	0	0	0	0	521	461	
4	0	0	0	0	522	466	
5	0	0	0	0	519	477	
6	0	0	0	0	514	489	
7	0	0	0	0	510	494	
8	0	0	0	0	507	492	
9	0	0	0	0	504	487	
10	0	0	0	0	500	487	
11	0	0	0	0	499	490	
12	0	0	0	0	504	497	
13	0	0	0	0	507	504	
14	0	0	0	0	511	512	
15	0	0	0	0	515	518	
0	0	0	0	0	512	517	
1	0	0	0	0	510	514	
2	0	0	0	0	510	513	
3	0	0	0	0	511	512	
4	0	0	0	0	515	519	
5	0	0	0	0	523	536	
6	0	0	0	0	531	555	
7	0	0	0	0	537	568	
8	0	0	0	0	537	579	
9	0	0	0	0	535	584	
10	0	0	0	0	529	582	
11	0	0	0	0	527	574	
12	0	0	0	0	526	561	
13	0	0	0	0	527	544	
14	0	0	0	0	529	524	
15	0	0	0	0	531	501	
0	0	0	0	0	530	473	
1	0	0	0	0	525	444	
2	0	0	0	0	519	414	
3	0	0	0	0	508	385	
4	0	0	0	0	497	364	
5	0	0	0	0	488	350	
6	0	0	0	0	482	342	
7	0	0	0	0	478	334	
8	0	0	0	0	478	327	
9	0	0	0	0	479	333	
10	0	0	0	0	480	352	
11	0	0	0	0	484	382	
12	0	0	0	0	484	409	
13	0	0	0	0	480	433	
14	0	0	0	0	470	448	
15	0	0	0	0	462	457	
0	0	0	0	0	459	459	
1	0	0	0	0	453	454	
2	0	0	0	0	447	453	
3	0	0	0	0	441	449	
4	0	0	0	0	435	448	
5	0	0	0	0	435	451	
6	0	0	0	0	435	464	
7	0	0	0	0	436	479	
8	0	0	0	0	447	492	
9	0	0	0	0	457	497	
10	0	0	0	0	463	497	
11	0	0	0	0	467	494	
12	0	0	0	0	470	488	
13	0	0	0	0	467	481	
14	0	0	0	0	457	470	
15	0	0	0	0	442	458	
0	0	0	0	0	427	446	
1	0	0	0	0	415	439	
2	0	0	0	0	405	431	
3	0	0	0	0	396	418	
4	0	0	0	0	391	407	
5	0	0	0	0	389	398	
6	0	0	0	0	386	395	
7	0	0	0	0	384	393	
8	0	0	0	0	381	396	
9	0	0	0	0	380	402	
10	0	0	0	0	384	410	
11	0	0	0	0	391	419	
12	0	0	0	0	395	427	
13	0	0	0	0	404	440	
14	0	0	0	0	412	450	
15	0	0	0	0	422	462	
0	0	0	0	0	432	468	
1	0	0	0	0	445	473	
2	0	0	0	0	455	480	
3	0	0	0	0	460	485	
4	0	0	0	0	463	487	
5	0	0	0	0	460	484	
6	0	0	0	0	457	475	
7	0	0	0	0	455	467	
8	0	0	0	0	459	460	
9	0	0	0	0	464	459	
10	0	0	0	0	464	462	
11	0	0	0	0	460	464	
12	0	0	0	0	451	469	
13	0	0	0	0	442	468	
14	0	0	0	0	434	462	
15	0	0	0	0	426	455	
0	0	0	0	0	415	451	
1	0	0	0	0	405	447	
2	0	0	0	0	396	451	
3	0	0	0	0	392	461	
4	0	0	0	0	391	480	
5	0	0	0	0	394	503	
6	0	0	0	0	399	533	
7	0	0	0	0	410	562	
8	0	0	0	0	427	585	
9	0	0	0	0	446	604	
10	0	0	0	0	462	612	
11	0	0	0	0	476	612	
12	0	0	0	0	490	607	
13	0	0	0	0	497	596	
14	0	0	0	0	499	583	
15	0	0	0	0	497	569	
0	0	0	0	0	492	555	
1	0	0	0	0	483	544	
2	0	0	0	0	474	534	
3	0	0	0	0	465	518	
4	0	0	0	0	459	500	
5	0	0	0	0	452	481	
6	0	0	0	0	451	465	
7	0	0	0	0	452	452	
8	0	0	0	0	457	448	
9	0	0	0	0	462	446	
10	0	0	0	0	468	444	
11	0	0	0	0	472	442	
12	0	0	0	0	474	438	
13	0	0	0	0	476	435	
14	0	0	0	0	477	440	
15	0	0	0	0	483	451	
0	0	0	0	0	492	459	
1	0	0	0	0	497	460	
2	0	0	0	0	496	462	
3	0	0	0	0	492	466	
4	0	0	0	0	487	470	
5	0	0	0	0	479	476	
6	0	0	0	0	476	479	
7	0	0	0	0	475	483	
8	0	0	0	0	479	488	
9	0	0	0	0	486	495	
10	0	0	0	0	491	500	
11	0	0	0	0	498	505	
12	0	0	0	0	508	508	
13	0	0	0	0	519	515	
14	0	0	0	0	533	523	
15	0	0	0	0	547	534	
0	0	0	0	0	556	546	
1	0	0	0	0	560	558	
2	0	0	0	0	560	561	
3	0	0	0	0	558	560	
4	0	0	0	0	550	548	
5	0	0	0	0	539	527	
6	0	0	0	0	529	510	
7	0	0	0	0	519	504	
8	0	0	0	0	512	507	
9	0	0	0	0	503	508	
10	0	0	0	0	497	508	
11	0	0	0	0	496	507	
12	0	0	0	0	496	507	
13	0	0	0	0	496	511	
14	0	0	0	0	498	515	
15	0	0	0	0	497	518	
0	0	0	0	0	491	521	
1	0	0	0	0	483	515	
2	0	0	0	0	479	508	
3	0	0	0	0	479	500	
4	0	0	0	0	489	495	
5	0	0	0	0	500	491	
6	0	0	0	0	513	491	
7	0	0	0	0	527	492	
8	0	0	0	0	535	499	
9	0	0	0	0	539	508	
10	0	0	0	0	538	516	
11	0	0	0	0	532	521	
12	0	0	0	0	524	524	
13	0	0	0	0	517	523	
14	0	0	0	0	515	526	
15	0	0	0	0	515	531	
0	0	0	0	0	514	544	
1	0	0	0	0	513	559	
2	0	0	0	0	510	569	
3	0	0	0	0	505	577	
4	0	0	0	0	497	584	
5	0	0	0	0	488	590	
6	0	0	0	0	484	598	
7	0	0	0	0	482	603	
8	0	0	0	0	480	601	
9	0	0	0	0	476	593	
10	0	0	0	0	471	587	
11	0	0	0	0	467	582	
12	0	0	0	0	466	576	
13	0	0	0	0	469	565	
14	0	0	0	0	473	552	
15	0	0	0	0	483	538	
0	0	0	0	0	494	519	
1	0	0	0	0	497	503	
2	0	0	0	0	502	494	
3	0	0	0	0	505	487	
4	0	0	0	0	508	487	
5	0	0	0	0	513	489	
6	0	0	0	0	519	488	
7	0	0	0	0	526	488	
8	0	0	0	0	534	486	
9	0	0	0	0	540	480	
10	0	0	0	0	545	467	
11	0	0	0	0	543	456	
12	0	0	0	0	543	445	
13	0	0	0	0	549	435	
14	0	0	0	0	557	431	
15	0	0	0	0	567	431	
0	0	0	0	0	576	435	
1	0	0	0	0	587	444	
2	0	0	0	0	592	454	
3	0	0	0	0	594	463	
4	0	0	0	0	593	467	
5	0	0	0	0	585	474	
6	0	0	0	0	575	476	
7	0	0	0	0	566	479	
8	0	0	0	0	557	487	
9	0	0	0	0	551	500	
10	0	0	0	0	543	515	
11	0	0	0	0	536	528	
12	0	0	0	0	532	536	
13	0	0	0	0	533	541	
14	0	0	0	0	534	541	
15	0	0	0	0	534	538	
0	0	0	0	0	536	531	
1	0	0	0	0	537	526	
2	0	0	0	0	536	522	
3	0	0	0	0	533	518	
4	0	0	0	0	526	509	
5	0	0	0	0	519	499	
6	0	0	0	0	515	490	
7	0	0	0	0	513	483	
8	0	0	0	0	511	480	
9	0	0	0	0	512	481	
10	0	0	0	0	518	481	
11	0	0	0	0	527	477	
12	0	0	0	0	543	476	
13	0	0	0	0	560	474	
14	0	0	0	0	573	475	
15	0	0	0	0	582	473	
0	0	0	0	0	583	477	
1	0	0	0	0	583	495	
2	0	0	0	0	585	518	
3	0	0	0	0	590	545	
4	0	0	0	0	595	571	
5	0	0	0	0	610	598	
6	0	0	0	0	628	627	
7	0	0	0	0	644	646	
8	0	0	0	0	655	654	
9	0	0	0	0	663	654	
10	0	0	0	0	665	645	
11	0	0	0	0	664	625	
12	0	0	0	0	662	595	
13	0	0	0	0	652	559	
14	0	0	0	0	636	524	
15	0	0	0	0	625	483	
0	0	0	0	0	614	442	
1	0	0	0	0	600	406	
2	0	0	0	0	583	379	
3	0	0	0	0	567	372	
4	0	0	0	0	551	373	
5	0	0	0	0	538	382	
6	0	0	0	0	529	395	
7	0	0	0	0	523	410	
8	0	0	0	0	520	423	
9	0	0	0	0	519	431	
10	0	0	0	0	519	432	
11	0	0	0	0	515	432	
12	0	0	0	0	514	427	
13	0	0	0	0	513	424	
14	0	0	0	0	512	419	
15	0	0	0	0	514	415	
0	0	0	0	0	514	415	
1	0	0	0	0	515	418	
2	0	0	0	0	515	423	
3	0	0	0	0	510	429	
4	0	0	0	0	503	435	
5	0	0	0	0	499	443	
6	0	0	0	0	501	450	
7	0	0	0	0	509	454	
8	0	0	0	0	523	452	
9	0	0	0	0	536	449	
10	0	0	0	0	550	448	
11	0	0	0	0	559	455	
12	0	0	0	0	561	468	
13	0	0	0	0	563	483	
14	0	0	0	0	560	497	
15	0	0	0	0	556	507	
0	0	0	0	0	552	510	
1	0	0	0	0	549	509	
2	0	0	0	0	545	503	
3	0	0	0	0	538	490	
4	0	0	0	0	529	469	
5	0	0	0	0	520	445	
6	0	0	0	0	511	428	
7	0	0	0	0	501	419	
8	0	0	0	0	493	420	
9	0	0	0	0	484	424	
10	0	0	0	0	479	432	
11	0	0	0	0	475	441	
12	0	0	0	0	470	448	
13	0	0	0	0	463	450	
14	0	0	0	0	461	454	
15	0	0	0	0	461	455	
0	0	0	0	0	467	455	
1	0	0	0	0	479	455	
2	0	0	0	0	490	453	
3	0	0	0	0	497	448	
4	0	0	0	0	504	443	
5	0	0	0	0	507	428	
6	0	0	0	0	509	411	
7	0	0	0	0	511	390	
8	0	0	0	0	512	376	
9	0	0	0	0	513	364	
10	0	0	0	0	519	364	
11	0	0	0	0	524	373	
12	0	0	0	0	526	383	
13	0	0	0	0	527	393	
14	0	0	0	0	528	402	
15	0	0	0	0	529	415	
0	0	0	0	0	526	429	
1	0	0	0	0	520	435	
2	0	0	0	0	512	434	
3	0	0	0	0	503	427	
4	0	0	0	0	498	427	
5	0	0	0	0	498	431	
6	0	0	0	0	506	431	
7	0	0	0	0	517	430	
8	0	0	0	0	529	432	
9	0	0	0	0	539	444	
10	0	0	0	0	551	462	
11	0	0	0	0	559	481	
12	0	0	0	0	562	499	
13	0	0	0	0	567	508	
14	0	0	0	0	568	512	
15	0	0	0	0	565	511	
0	0	0	0	0	558	505	
1	0	0	0	0	542	490	
2	0	0	0	0	524	474	
3	0	0	0	0	502	460	
4	0	0	0	0	482	445	
5	0	0	0	0	464	429	
6	0	0	0	0	451	412	
7	0	0	0	0	451	397	
8	0	0	0	0	457	385	
9	0	0	0	0	467	376	
10	0	0	0	0	480	376	
11	0	0	0	0	497	379	
12	0	0	0	0	517	388	
13	0	0	0	0	534	401	
14	0	0	0	0	545	421	
15	0	0	0	0	554	444	
0	0	0	0	0	561	466	
1	0	0	0	0	568	486	
2	0	0	0	0	577	505	
3	0	0	0	0	587	522	
4	0	0	0	0	593	535	
5	0	0	0	0	596	540	
6	0	0	0	0	591	539	
7	0	0	0	0	581	536	
8	0	0	0	0	573	537	
9	0	0	0	0	571	537	
10	0	0	0	0	572	538	
11	0	0	0	0	571	536	
12	0	0	0	0	571	536	
13	0	0	0	0	568	535	
14	0	0	0	0	563	536	
15	0	0	0	0	558	537	
0	0	0	0	0	552	538	
1	0	0	0	0	551	537	
2	0	0	0	0	547	534	
3	0	0	0	0	542	529	
4	0	0	0	0	539	523	
5	0	0	0	0	531	518	
6	0	0	0	0	524	518	
7	0	0	0	0	516	517	
8	0	0	0	0	510	509	
9	0	0	0	0	508	502	
10	0	0	0	0	512	500	
11	0	0	0	0	524	510	
12	0	0	0	0	539	523	
13	0	0	0	0	551	526	
14	0	0	0	0	560	520	
15	0	0	0	0	568	510	
0	0	0	0	0	572	498	
1	0	0	0	0	571	482	
2	0	0	0	0	570	469	
3	0	0	0	0	569	459	
4	0	0	0	0	571	453	
5	0	0	0	0	573	450	
6	0	0	0	0	569	450	
7	0	0	0	0	563	450	
8	0	0	0	0	553	446	
9	0	0	0	0	543	443	
10	0	0	0	0	536	443	
11	0	0	0	0	527	447	
12	0	0	0	0	521	450	
13	0	0	0	0	515	452	
14	0	0	0	0	510	453	
15	0	0	0	0	508	451	
0	0	0	0	0	512	450	
1	0	0	0	0	518	448	
2	0	0	0	0	527	452	
3	0	0	0	0	534	461	
4	0	0	0	0	539	474	
5	0	0	0	0	541	492	
6	0	0	0	0	543	509	
7	0	0	0	0	547	524	
8	0	0	0	0	551	540	
9	0	0	0	0	555	555	
10	0	0	0	0	556	567	
11	0	0	0	0	553	577	
12	0	0	0	0	548	581	
13	0	0	0	0	548	580	
14	0	0	0	0	548	575	
15	0	0	0	0	546	566	
0	0	0	0	0	545	553	
1	0	0	0	0	543	536	
2	0	0	0	0	544	521	
3	0	0	0	0	550	509	
4	0	0	0	0	555	500	
5	0	0	0	0	559	490	
6	0	0	0	0	565	492	
7	0	0	0	0	572	506	
8	0	0	0	0	576	520	
9	0	0	0	0	578	536	
10	0	0	0	0	574	550	
11	0	0	0	0	566	561	
12	0	0	0	0	553	569	
13	0	0	0	0	542	569	
14	0	0	0	0	529	565	
15	0	0	0	0	518	556	
0	0	0	0	0	507	544	
1	0	0	0	0	501	529	
2	0	0	0	0	496	516	
3	0	0	0	0	495	509	
4	0	0	0	0	495	509	
5	0	0	0	0	497	517	
6	0	0	0	0	496	529	
7	0	0	0	0	499	539	
8	0	0	0	0	501	546	
9	0	0	0	0	503	549	
10	0	0	0	0	501	550	
11	0	0	0	0	496	546	
12	0	0	0	0	491	536	
13	0	0	0	0	486	524	
14	0	0	0	0	483	505	
15	0	0	0	0	485	487	
0	0	0	0	0	486	472	
1	0	0	0	0	484	460	
2	0	0	0	0	483	446	
3	0	0	0	0	483	439	
4	0	0	0	0	482	435	
5	0	0	0	0	483	440	
6	0	0	0	0	479	447	
7	0	0	0	0	475	458	
8	0	0	0	0	472	475	
9	0	0	0	0	470	492	
10	0	0	0	0	472	512	
11	0	0	0	0	474	531	
12	0	0	0	0	474	551	
13	0	0	0	0	475	563	
14	0	0	0	0	476	574	
15	0	0	0	0	478	585	
0	0	0	0	0	480	591	
1	0	0	0	0	484	582	
2	0	0	0	0	486	564	
3	0	0	0	0	487	545	
4	0	0	0	0	495	523	
5	0	0	0	0	506	505	
6	0	0	0	0	517	493	
7	0	0	0	0	527	489	
8	0	0	0	0	535	489	
9	0	0	0	0	545	490	
10	0	0	0	0	551	490	
11	0	0	0	0	550	492	
12	0	0	0	0	541	497	
13	0	0	0	0	527	500	
14	0	0	0	0	515	499	
15	0	0	0	0	509	500	
0	0	0	0	0	503	515	
1	0	0	0	0	497	537	
2	0	0	0	0	491	558	
3	0	0	0	0	487	574	
4	0	0	0	0	485	577	
5	0	0	0	0	486	571	
6	0	0	0	0	485	560	
7	0	0	0	0	483	547	
8	0	0	0	0	482	537	
9	0	0	0	0	481	531	
10	0	0	0	0	484	536	
11	0	0	0	0	493	540	
12	0	0	0	0	501	546	
13	0	0	0	0	515	543	
14	0	0	0	0	533	536	
15	0	0	0	0	547	520	
0	0	0	0	0	557	501	
1	0	0	0	0	564	481	
2	0	0	0	0	567	464	
3	0	0	0	0	566	451	
4	0	0	0	0	561	445	
5	0	0	0	0	556	438	
6	0	0	0	0	547	428	
7	0	0	0	0	542	427	
8	0	0	0	0	535	429	
9	0	0	0	0	531	432	
10	0	0	0	0	529	440	
11	0	0	0	0	527	443	
12	0	0	0	0	521	442	
13	0	0	0	0	512	436	
14	0	0	0	0	498	426	
15	0	0	0	0	487	420	
0	0	0	0	0	477	418	
1	0	0	0	0	469	419	
2	0	0	0	0	471	427	
3	0	0	0	0	479	443	
4	0	0	0	0	491	468	
5	0	0	0	0	504	496	
6	0	0	0	0	515	521	
7	0	0	0	0	527	555	
8	0	0	0	0	535	585	
9	0	0	0	0	539	608	
10	0	0	0	0	540	620	
11	0	0	0	0	541	624	
12	0	0	0	0	542	619	
13	0	0	0	0	542	604	
14	0	0	0	0	543	584	
15	0	0	0	0	542	573	
0	0	0	0	0	540	571	
1	0	0	0	0	540	572	
2	0	0	0	0	537	574	
3	0	0	0	0	532	571	
4	0	0	0	0	523	569	
5	0	0	0	0	516	568	
6	0	0	0	0	515	562	
7	0	0	0	0	512	550	
8	0	0	0	0	507	528	
9	0	0	0	0	496	501	
10	0	0	0	0	484	475	
11	0	0	0	0	478	459	
12	0	0	0	0	472	450	
13	0	0	0	0	470	451	
14	0	0	0	0	470	461	
15	0	0	0	0	478	478	
0	0	0	0	0	488	492	
1	0	0	0	0	502	503	
2	0	0	0	0	517	511	
3	0	0	0	0	532	517	
4	0	0	0	0	546	515	
5	0	0	0	0	549	511	
6	0	0	0	0	545	509	
7	0	0	0	0	538	510	
8	0	0	0	0	533	511	
9	0	0	0	0	530	511	
10	0	0	0	0	528	512	
11	0	0	0	0	523	512	
12	0	0	0	0	513	510	
13	0	0	0	0	503	508	
14	0	0	0	0	496	513	
15	0	0	0	0	493	522	
0	0	0	0	0	494	534	
1	0	0	0	0	494	543	
2	0	0	0	0	497	549	
3	0	0	0	0	501	551	
4	0	0	0	0	502	555	
5	0	0	0	0	503	555	
6	0	0	0	0	506	550	
7	0	0	0	0	507	539	
8	0	0	0	0	508	527	
9	0	0	0	0	510	513	
10	0	0	0	0	511	498	
11	0	0	0	0	510	481	
12	0	0	0	0	510	467	
13	0	0	0	0	512	455	
14	0	0	0	0	514	455	
15	0	0	0	0	518	460	
0	0	0	0	0	525	471	
1	0	0	0	0	536	478	
2	0	0	0	0	547	488	
3	0	0	0	0	554	498	
4	0	0	0	0	559	512	
5	0	0	0	0	568	529	
6	0	0	0	0	578	548	
7	0	0	0	0	579	566	
8	0	0	0	0	575	579	
9	0	0	0	0	566	580	
10	0	0	0	0	557	572	
11	0	0	0	0	549	556	
12	0	0	0	0	543	540	
13	0	0	0	0	541	527	
14	0	0	0	0	540	518	
15	0	0	0	0	542	509	
0	0	0	0	0	544	501	
1	0	0	0	0	547	497	
2	0	0	0	0	552	498	
3	0	0	0	0	558	495	
4	0	0	0	0	569	486	
5	0	0	0	0	580	471	
6	0	0	0	0	583	451	
7	0	0	0	0	582	432	
8	0	0	0	0	577	419	
9	0	0	0	0	569	414	
10	0	0	0	0	560	408	
11	0	0	0	0	547	406	
12	0	0	0	0	539	404	
13	0	0	0	0	536	406	
14	0	0	0	0	539	412	
15	0	0	0	0	540	421	
0	0	0	0	0	541	432	
1	0	0	0	0	545	447	
2	0	0	0	0	547	457	
3	0	0	0	0	547	461	
4	0	0	0	0	542	461	
5	0	0	0	0	533	458	
6	0	0	0	0	523	460	
7	0	0	0	0	516	469	
8	0	0	0	0	511	480	
9	0	0	0	0	510	493	
10	0	0	0	0	507	508	
11	0	0	0	0	504	527	
12	0	0	0	0	503	546	
13	0	0	0	0	503	556	
14	0	0	0	0	505	557	
15	0	0	0	0	510	557	
0	0	0	0	0	517	558	
1	0	0	0	0	523	557	
2	0	0	0	0	531	558	
3	0	0	0	0	539	563	
4	0	0	0	0	548	568	
5	0	0	0	0	556	567	
6	0	0	0	0	560	560	
7	0	0	0	0	563	544	
8	0	0	0	0	561	529	
9	0	0	0	0	559	515	
10	0	0	0	0	562	503	
11	0	0	0	0	567	487	
12	0	0	0	0	571	473	
13	0	0	0	0	571	460	
14	0	0	0	0	566	453	
15	0	0	0	0	559	447	
0	0	0	0	0	552	447	
1	0	0	0	0	545	448	
2	0	0	0	0	542	449	
3	0	0	0	0	542	452	
4	0	0	0	0	543	462	
5	0	0	0	0	545	473	
6	0	0	0	0	546	487	
7	0	0	0	0	551	505	
8	0	0	0	0	555	526	
9	0	0	0	0	558	553	
10	0	0	0	0	560	581	
11	0	0	0	0	567	611	
12	0	0	0	0	572	639	
13	0	0	0	0	578	666	
14	0	0	0	0	582	680	
15	0	0	0	0	587	676	
0	0	0	0	0	588	656	
1	0	0	0	0	587	628	
2	0	0	0	0	587	595	
3	0	0	0	0	585	561	
4	0	0	0	0	582	529	
5	0	0	0	0	574	501	
6	0	0	0	0	566	478	
7	0	0	0	0	560	467	
8	0	0	0	0	555	465	
9	0	0	0	0	550	471	
10	0	0	0	0	543	479	
11	0	0	0	0	537	486	
12	0	0	0	0	538	489	
13	0	0	0	0	546	492	
14	0	0	0	0	552	495	
15	0	0	0	0	551	496	
0	0	0	0	0	546	501	
1	0	0	0	0	539	507	
2	0	0	0	0	532	512	
3	0	0	0	0	527	519	
4	0	0	0	0	522	527	
5	0	0	0	0	516	534	
6	0	0	0	0	511	543	
7	0	0	0	0	506	558	
8	0	0	0	0	499	573	
9	0	0	0	0	497	588	
10	0	0	0	0	499	603	
11	0	0	0	0	507	611	
12	0	0	0	0	515	616	
13	0	0	0	0	523	616	
14	0	0	0	0	527	610	
15	0	0	0	0	532	600	
0	0	0	0	0	538	580	
1	0	0	0	0	540	556	
2	0	0	0	0	539	526	
3	0	0	0	0	533	491	
4	0	0	0	0	526	461	
5	0	0	0	0	523	442	
6	0	0	0	0	524	430	
7	0	0	0	0	529	425	
8	0	0	0	0	532	433	
9	0	0	0	0	535	451	
10	0	0	0	0	534	469	
11	0	0	0	0	532	493	
12	0	0	0	0	531	518	
13	0	0	0	0	524	533	
14	0	0	0	0	513	536	
15	0	0	0	0	499	530	
0	0	0	0	0	482	521	
1	0	0	0	0	470	516	
2	0	0	0	0	463	515	
3	0	0	0	0	462	511	
4	0	0	0	0	465	511	
5	0	0	0	0	471	513	
6	0	0	0	0	479	517	
7	0	0	0	0	491	516	
8	0	0	0	0	507	513	
9	0	0	0	0	526	512	
10	0	0	0	0	541	515	
11	0	0	0	0	549	523	
12	0	0	0	0	551	539	
13	0	0	0	0	550	558	
14	0	0	0	0	547	575	
15	0	0	0	0	545	591	
0	0	0	0	0	543	598	
1	0	0	0	0	544	596	
2	0	0	0	0	552	594	
3	0	0	0	0	560	594	
4	0	0	0	0	565	601	
5	0	0	0	0	568	611	
6	0	0	0	0	566	619	
7	0	0	0	0	560	621	
8	0	0	0	0	557	618	
9	0	0	0	0	552	601	
10	0	0	0	0	547	579	
11	0	0	0	0	540	555	
12	0	0	0	0	531	528	
13	0	0	0	0	524	500	
14	0	0	0	0	526	476	
15	0	0	0	0	531	454	
0	0	0	0	0	539	439	
1	0	0	0	0	548	429	
2	0	0	0	0	556	431	
3	0	0	0	0	558	442	
4	0	0	0	0	552	456	
5	0	0	0	0	550	469	
6	0	0	0	0	546	480	
7	0	0	0	0	539	485	
8	0	0	0	0	523	494	
9	0	0	0	0	504	500	
10	0	0	0	0	486	497	
11	0	0	0	0	473	494	
12	0	0	0	0	464	486	
13	0	0	0	0	462	476	
14	0	0	0	0	464	467	
15	0	0	0	0	470	460	
0	0	0	0	0	479	457	
1	0	0	0	0	488	455	
2	0	0	0	0	500	457	
3	0	0	0	0	512	465	
4	0	0	0	0	524	479	
5	0	0	0	0	535	492	
6	0	0	0	0	540	499	
7	0	0	0	0	540	508	
8	0	0	0	0	532	512	
9	0	0	0	0	526	516	
10	0	0	0	0	520	519	
11	0	0	0	0	517	525	
12	0	0	0	0	518	527	
13	0	0	0	0	519	531	
14	0	0	0	0	527	532	
15	0	0	0	0	536	527	
0	0	0	0	0	546	521	
1	0	0	0	0	551	513	
2	0	0	0	0	551	510	
3	0	0	0	0	551	511	
4	0	0	0	0	554	516	
5	0	0	0	0	559	525	
6	0	0	0	0	561	535	
7	0	0	0	0	568	546	
8	0	0	0	0	574	557	
9	0	0	0	0	577	562	
10	0	0	0	0	580	565	
11	0	0	0	0	585	567	
12	0	0	0	0	587	570	
13	0	0	0	0	588	575	
14	0	0	0	0	591	578	
15	0	0	0	0	590	579	
0	0	0	0	0	588	574	
1	0	0	0	0	580	563	
2	0	0	0	0	566	545	
3	0	0	0	0	551	527	
4	0	0	0	0	535	511	
5	0	0	0	0	524	503	
6	0	0	0	0	515	511	
7	0	0	0	0	508	528	
8	0	0	0	0	506	544	
9	0	0	0	0	508	549	
10	0	0	0	0	511	550	
11	0	0	0	0	518	550	
12	0	0	0	0	527	545	
13	0	0	0	0	535	538	
14	0	0	0	0	545	531	
15	0	0	0	0	553	524	
0	0	0	0	0	559	512	
1	0	0	0	0	562	499	
2	0	0	0	0	568	487	
3	0	0	0	0	573	480	
4	0	0	0	0	579	475	
5	0	0	0	0	583	469	
6	0	0	0	0	585	467	
7	0	0	0	0	585	464	
8	0	0	0	0	584	461	
9	0	0	0	0	585	460	
10	0	0	0	0	579	454	
11	0	0	0	0	572	450	
12	0	0	0	0	568	451	
13	0	0	0	0	561	456	
14	0	0	0	0	555	463	
15	0	0	0	0	547	472	
0	0	0	0	0	538	477	
1	0	0	0	0	527	483	
2	0	0	0	0	515	490	
3	0	0	0	0	503	501	
4	0	0	0	0	493	521	
5	0	0	0	0	487	542	
6	0	0	0	0	485	562	
7	0	0	0	0	484	577	
8	0	0	0	0	486	590	
9	0	0	0	0	490	591	
10	0	0	0	0	497	588	
11	0	0	0	0	509	585	
12	0	0	0	0	521	583	
13	0	0	0	0	528	585	
14	0	0	0	0	534	595	
15	0	0	0	0	539	607	
0	0	0	0	0	540	622	
1	0	0	0	0	543	636	
2	0	0	0	0	547	645	
3	0	0	0	0	553	645	
4	0	0	0	0	553	639	
5	0	0	0	0	551	630	
6	0	0	0	0	545	614	
7	0	0	0	0	537	584	
8	0	0	0	0	530	549	
9	0	0	0	0	522	520	
10	0	0	0	0	518	504	
11	0	0	0	0	512	496	
12	0	0	0	0	505	490	
13	0	0	0	0	503	487	
14	0	0	0	0	504	487	
15	0	0	0	0	506	491	
0	0	0	0	0	509	490	
1	0	0	0	0	510	482	
2	0	0	0	0	511	468	
3	0	0	0	0	510	453	
4	0	0	0	0	510	436	
5	0	0	0	0	505	424	
6	0	0	0	0	496	417	
7	0	0	0	0	484	415	
8	0	0	0	0	473	422	
9	0	0	0	0	467	442	
10	0	0	0	0	466	468	
11	0	0	0	0	472	496	
12	0	0	0	0	486	524	
13	0	0	0	0	503	547	
14	0	0	0	0	521	571	
15	0	0	0	0	542	595	
0	0	0	0	0	565	616	
1	0	0	0	0	583	635	
2	0	0	0	0	594	649	
3	0	0	0	0	600	653	
4	0	0	0	0	596	646	
5	0	0	0	0	584	632	
6	0	0	0	0	569	612	
7	0	0	0	0	549	593	
8	0	0	0	0	525	574	
9	0	0	0	0	507	556	
10	0	0	0	0	487	536	
11	0	0	0	0	466	523	
12	0	0	0	0	451	523	
13	0	0	0	0	441	531	
14	0	0	0	0	439	545	
15	0	0	0	0	442	559	
0	0	0	0	0	451	576	
1	0	0	0	0	456	584	
2	0	0	0	0	463	589	
3	0	0	0	0	467	584	
4	0	0	0	0	472	573	
5	0	0	0	0	474	554	
6	0	0	0	0	475	533	
7	0	0	0	0	476	512	
8	0	0	0	0	478	501	
9	0	0	0	0	483	499	
10	0	0	0	0	488	504	
11	0	0	0	0	491	510	
12	0	0	0	0	493	520	
13	0	0	0	0	491	537	
14	0	0	0	0	487	550	
15	0	0	0	0	482	556	
0	0	0	0	0	477	559	
1	0	0	0	0	471	554	
2	0	0	0	0	463	539	
3	0	0	0	0	455	513	
4	0	0	0	0	444	491	
5	0	0	0	0	439	472	
6	0	0	0	0	441	465	
7	0	0	0	0	449	461	
8	0	0	0	0	459	456	
9	0	0	0	0	471	457	
10	0	0	0	0	482	464	
11	0	0	0	0	490	472	
12	0	0	0	0	497	483	
13	0	0	0	0	508	491	
14	0	0	0	0	515	497	
15	0	0	0	0	519	499	
0	0	0	0	0	519	499	
1	0	0	0	0	521	494	
2	0	0	0	0	524	482	
3	0	0	0	0	527	464	
4	0	0	0	0	523	447	
5	0	0	0	0	514	437	
6	0	0	0	0	502	430	
7	0	0	0	0	489	431	
8	0	0	0	0	480	437	
9	0	0	0	0	477	447	
10	0	0	0	0	476	458	
11	0	0	0	0	479	478	
12	0	0	0	0	487	505	
13	0	0	0	0	499	537	
14	0	0	0	0	508	571	
15	0	0	0	0	515	594	
0	0	0	0	0	523	606	
1	0	0	0	0	524	610	
2	0	0	0	0	520	611	
3	0	0	0	0	517	614	
4	0	0	0	0	519	613	
5	0	0	0	0	522	610	
6	0	0	0	0	531	604	
7	0	0	0	0	544	601	
8	0	0	0	0	559	595	
9	0	0	0	0	568	587	
10	0	0	0	0	568	580	
11	0	0	0	0	563	571	
12	0	0	0	0	553	560	
13	0	0	0	0	544	546	
14	0	0	0	0	534	531	
15	0	0	0	0	525	516	
0	0	0	0	0	524	502	
1	0	0	0	0	527	489	
2	0	0	0	0	532	481	
3	0	0	0	0	530	472	
4	0	0	0	0	530	461	
5	0	0	0	0	531	449	
6	0	0	0	0	529	435	
7	0	0	0	0	522	423	
8	0	0	0	0	515	411	
9	0	0	0	0	509	408	
10	0	0	0	0	508	414	
11	0	0	0	0	507	423	
12	0	0	0	0	503	431	
13	0	0	0	0	496	435	
14	0	0	0	0	494	438	
15	0	0	0	0	496	446	
0	0	0	0	0	502	455	
1	0	0	0	0	509	461	
2	0	0	0	0	513	465	
3	0	0	0	0	513	467	
4	0	0	0	0	509	468	
5	0	0	0	0	504	469	
6	0	0	0	0	499	473	
7	0	0	0	0	493	484	
8	0	0	0	0	489	498	
9	0	0	0	0	482	510	
10	0	0	0	0	476	523	
11	0	0	0	0	467	539	
12	0	0	0	0	457	556	
13	0	0	0	0	449	563	
14	0	0	0	0	446	563	
15	0	0	0	0	450	557	
0	0	0	0	0	457	546	
1	0	0	0	0	469	534	
2	0	0	0	0	478	514	
3	0	0	0	0	488	497	
4	0	0	0	0	494	486	
5	0	0	0	0	498	475	
6	0	0	0	0	500	460	
7	0	0	0	0	501	455	
8	0	0	0	0	502	455	
9	0	0	0	0	506	467	
10	0	0	0	0	510	489	
11	0	0	0	0	516	519	
12	0	0	0	0	519	550	
13	0	0	0	0	514	582	
14	0	0	0	0	508	611	
15	0	0	0	0	504	636	
0	0	0	0	0	502	656	
1	0	0	0	0	497	665	
2	0	0	0	0	492	668	
3	0	0	0	0	483	658	
4	0	0	0	0	471	642	
5	0	0	0	0	462	619	
6	0	0	0	0	452	593	
7	0	0	0	0	444	566	
8	0	0	0	0	433	539	
9	0	0	0	0	426	513	
10	0	0	0	0	421	489	
11	0	0	0	0	418	464	
12	0	0	0	0	415	443	
13	0	0	0	0	409	428	
14	0	0	0	0	405	422	
15	0	0	0	0	404	424	
0	0	0	0	0	407	432	
1	0	0	0	0	411	447	
2	0	0	0	0	413	470	
3	0	0	0	0	412	494	
4	0	0	0	0	410	510	
5	0	0	0	0	408	519	
6	0	0	0	0	404	524	
7	0	0	0	0	395	526	
8	0	0	0	0	384	519	
9	0	0	0	0	373	504	
10	0	0	0	0	364	486	
11	0	0	0	0	360	473	
12	0	0	0	0	363	464	
13	0	0	0	0	371	463	
14	0	0	0	0	384	468	
15	0	0	0	0	398	474	
0	0	0	0	0	412	478	
1	0	0	0	0	428	475	
2	0	0	0	0	446	471	
3	0	0	0	0	462	470	
4	0	0	0	0	477	470	
5	0	0	0	0	492	475	
6	0	0	0	0	504	481	
7	0	0	0	0	519	487	
8	0	0	0	0	531	489	
9	0	0	0	0	536	487	
10	0	0	0	0	538	487	
11	0	0	0	0	539	492	
12	0	0	0	0	538	497	
13	0	0	0	0	537	505	
14	0	0	0	0	534	515	
15	0	0	0	0	531	533	
0	0	0	0	0	529	558	
1	0	0	0	0	524	588	
2	0	0	0	0	522	616	
3	0	0	0	0	516	638	
4	0	0	0	0	509	652	
5	0	0	0	0	507	651	
6	0	0	0	0	507	635	
7	0	0	0	0	514	612	
8	0	0	0	0	522	584	
9	0	0	0	0	529	557	
10	0	0	0	0	529	534	
11	0	0	0	0	528	514	
12	0	0	0	0	527	507	
13	0	0	0	0	528	508	
14	0	0	0	0	527	510	
15	0	0	0	0	524	509	
0	0	0	0	0	520	508	
1	0	0	0	0	514	505	
2	0	0	0	0	511	503	
3	0	0	0	0	517	497	
4	0	0	0	0	525	495	
5	0	0	0	0	532	492	
6	0	0	0	0	539	493	
7	0	0	0	0	547	504	
8	0	0	0	0	546	515	
9	0	0	0	0	536	524	
10	0	0	0	0	518	529	
11	0	0	0	0	500	534	
12	0	0	0	0	484	538	
13	0	0	0	0	474	540	
14	0	0	0	0	465	538	
15	0	0	0	0	461	533	
0	0	0	0	0	458	526	
1	0	0	0	0	461	534	
2	0	0	0	0	471	549	
3	0	0	0	0	490	569	
4	0	0	0	0	507	585	
5	0	0	0	0	524	594	
6	0	0	0	0	533	600	
7	0	0	0	0	542	601	
8	0	0	0	0	548	595	
9	0	0	0	0	548	579	
10	0	0	0	0	550	556	
11	0	0	0	0	551	527	
12	0	0	0	0	553	496	
13	0	0	0	0	551	465	
14	0	0	0	0	543	444	
15	0	0	0	0	531	433	
0	0	0	0	0	520	435	
1	0	0	0	0	514	449	
2	0	0	0	0	511	467	
3	0	0	0	0	509	480	
4	0	0	0	0	507	491	
5	0	0	0	0	507	496	
6	0	0	0	0	510	495	
7	0	0	0	0	516	496	
8	0	0	0	0	520	497	
9	0	0	0	0	521	500	
10	0	0	0	0	525	508	
11	0	0	0	0	526	524	
12	0	0	0	0	529	544	
13	0	0	0	0	537	565	
14	0	0	0	0	545	579	
15	0	0	0	0	549	580	
0	0	0	0	0	552	572	
1	0	0	0	0	553	559	
2	0	0	0	0	551	548	
3	0	0	0	0	555	537	
4	0	0	0	0	562	526	
5	0	0	0	0	573	516	
6	0	0	0	0	581	511	
7	0	0	0	0	584	508	
8	0	0	0	0	583	508	
9	0	0	0	0	578	513	
10	0	0	0	0	572	527	
11	0	0	0	0	562	549	
12	0	0	0	0	556	575	
13	0	0	0	0	552	601	
14	0	0	0	0	547	630	
15	0	0	0	0	538	650	
0	0	0	0	0	527	656	
1	0	0	0	0	514	654	
2	0	0	0	0	495	640	
3	0	0	0	0	479	615	
4	0	0	0	0	461	590	
5	0	0	0	0	445	562	
6	0	0	0	0	435	532	
7	0	0	0	0	430	502	
8	0	0	0	0	428	477	
9	0	0	0	0	429	462	
10	0	0	0	0	440	456	
11	0	0	0	0	455	457	
12	0	0	0	0	473	462	
13	0	0	0	0	494	470	
14	0	0	0	0	506	478	
15	0	0	0	0	518	487	
0	0	0	0	0	524	499	
1	0	0	0	0	534	513	
2	0	0	0	0	537	527	
3	0	0	0	0	540	540	
4	0	0	0	0	540	551	
5	0	0	0	0	535	562	
6	0	0	0	0	532	578	
7	0	0	0	0	531	598	
8	0	0	0	0	532	615	
9	0	0	0	0	533	621	
10	0	0	0	0	532	616	
11	0	0	0	0	534	602	
12	0	0	0	0	532	583	
13	0	0	0	0	528	567	
14	0	0	0	0	519	552	
15	0	0	0	0	507	538	
0	0	0	0	0	492	527	
1	0	0	0	0	476	517	
2	0	0	0	0	465	514	
3	0	0	0	0	465	516	
4	0	0	0	0	473	523	
5	0	0	0	0	483	524	
6	0	0	0	0	493	524	
7	0	0	0	0	505	530	
8	0	0	0	0	518	543	
9	0	0	0	0	531	562	
10	0	0	0	0	543	580	
11	0	0	0	0	554	591	
12	0	0	0	0	564	593	
13	0	0	0	0	575	593	
14	0	0	0	0	582	595	
15	0	0	0	0	580	587	
0	0	0	0	0	569	569	
1	0	0	0	0	554	541	
2	0	0	0	0	533	509	
3	0	0	0	0	511	479	
4	0	0	0	0	493	454	
5	0	0	0	0	482	435	
6	0	0	0	0	479	423	
7	0	0	0	0	482	421	
8	0	0	0	0	487	420	
9	0	0	0	0	496	422	
10	0	0	0	0	504	425	
11	0	0	0	0	515	433	
12	0	0	0	0	526	447	
13	0	0	0	0	537	463	
14	0	0	0	0	546	482	
15	0	0	0	0	554	505	
0	0	0	0	0	555	527	
1	0	0	0	0	551	545	
2	0	0	0	0	543	551	
3	0	0	0	0	533	554	
4	0	0	0	0	524	553	
5	0	0	0	0	520	540	
6	0	0	0	0	523	521	
7	0	0	0	0	524	504	
8	0	0	0	0	525	491	
9	0	0	0	0	525	479	
10	0	0	0	0	525	467	
11	0	0	0	0	526	463	
12	0	0	0	0	530	468	
13	0	0	0	0	537	483	
14	0	0	0	0	542	499	
15	0	0	0	0	544	516	
0	0	0	0	0	544	536	
1	0	0	0	0	543	558	
2	0	0	0	0	545	579	
3	0	0	0	0	551	596	
4	0	0	0	0	553	615	
5	0	0	0	0	554	632	
6	0	0	0	0	553	643	
7	0	0	0	0	553	646	
8	0	0	0	0	550	644	
9	0	0	0	0	545	632	
10	0	0	0	0	539	611	
11	0	0	0	0	537	584	
12	0	0	0	0	540	556	
13	0	0	0	0	542	524	
14	0	0	0	0	544	494	
15	0	0	0	0	547	468	
0	0	0	0	0	546	447	
1	0	0	0	0	543	433	
2	0	0	0	0	538	423	
3	0	0	0	0	527	412	
4	0	0	0	0	513	411	
5	0	0	0	0	505	413	
6	0	0	0	0	502	419	
7	0	0	0	0	500	425	
8	0	0	0	0	504	430	
9	0	0	0	0	512	431	
10	0	0	0	0	529	435	
11	0	0	0	0	551	439	
12	0	0	0	0	570	450	
13	0	0	0	0	586	460	
14	0	0	0	0	600	471	
15	0	0	0	0	607	487	
0	0	0	0	0	612	502	
1	0	0	0	0	616	518	
2	0	0	0	0	616	535	
3	0	0	0	0	608	549	
4	0	0	0	0	598	560	
5	0	0	0	0	591	568	
6	0	0	0	0	584	569	
7	0	0	0	0	584	565	
8	0	0	0	0	583	556	
9	0	0	0	0	584	541	
10	0	0	0	0	583	525	
11	0	0	0	0	577	515	
12	0	0	0	0	568	513	
13	0	0	0	0	557	515	
14	0	0	0	0	547	517	
15	0	0	0	0	539	520	
0	0	0	0	0	532	524	
1	0	0	0	0	530	533	
2	0	0	0	0	527	547	
3	0	0	0	0	521	562	
4	0	0	0	0	513	575	
5	0	0	0	0	505	583	
6	0	0	0	0	501	584	
7	0	0	0	0	504	581	
8	0	0	0	0	513	583	
9	0	0	0	0	524	584	
10	0	0	0	0	531	580	
11	0	0	0	0	531	563	
12	0	0	0	0	525	529	
13	0	0	0	0	517	485	
14	0	0	0	0	508	436	
15	0	0	0	0	497	396	
0	0	0	0	0	493	373	
1	0	0	0	0	493	367	
2	0	0	0	0	499	385	
3	0	0	0	0	505	418	
4	0	0	0	0	509	451	
5	0	0	0	0	506	473	
6	0	0	0	0	498	480	
7	0	0	0	0	486	480	
8	0	0	0	0	478	476	
9	0	0	0	0	471	473	
10	0	0	0	0	465	476	
11	0	0	0	0	461	482	
12	0	0	0	0	453	489	
13	0	0	0	0	448	504	
14	0	0	0	0	445	520	
15	0	0	0	0	450	544	
0	0	0	0	0	452	563	
1	0	0	0	0	452	579	
2	0	0	0	0	455	590	
3	0	0	0	0	461	595	
4	0	0	0	0	472	595	
5	0	0	0	0	486	587	
6	0	0	0	0	500	572	
7	0	0	0	0	512	551	
8	0	0	0	0	520	527	
9	0	0	0	0	524	508	
10	0	0	0	0	523	489	
11	0	0	0	0	517	473	
12	0	0	0	0	511	460	
13	0	0	0	0	505	450	
14	0	0	0	0	500	450	
15	0	0	0	0	495	458	
0	0	0	0	0	492	468	
1	0	0	0	0	487	480	
2	0	0	0	0	480	493	
3	0	0	0	0	471	510	
4	0	0	0	0	460	528	
5	0	0	0	0	448	542	
6	0	0	0	0	431	550	
7	0	0	0	0	419	548	
8	0	0	0	0	410	542	
9	0	0	0	0	408	535	
10	0	0	0	0	412	530	
11	0	0	0	0	418	532	
12	0	0	0	0	427	537	
13	0	0	0	0	435	543	
14	0	0	0	0	442	553	
15	0	0	0	0	454	569	
0	0	0	0	0	466	588	
1	0	0	0	0	483	608	
2	0	0	0	0	501	627	
3	0	0	0	0	519	639	
4	0	0	0	0	541	649	
5	0	0	0	0	556	649	
6	0	0	0	0	564	643	
7	0	0	0	0	568	632	
8	0	0	0	0	570	616	
9	0	0	0	0	568	597	
10	0	0	0	0	562	574	
11	0	0	0	0	553	548	
12	0	0	0	0	539	527	
13	0	0	0	0	520	512	
14	0	0	0	0	496	507	
15	0	0	0	0	476	515	
0	0	0	0	0	460	531	
1	0	0	0	0	450	549	
2	0	0	0	0	444	560	
3	0	0	0	0	437	558	
4	0	0	0	0	438	547	
5	0	0	0	0	434	529	
6	0	0	0	0	431	507	
7	0	0	0	0	433	489	
8	0	0	0	0	443	480	
9	0	0	0	0	459	482	
10	0	0	0	0	477	487	
11	0	0	0	0	495	494	
12	0	0	0	0	507	504	
13	0	0	0	0	513	514	
14	0	0	0	0	518	527	
15	0	0	0	0	521	534	
0	0	0	0	0	519	535	
1	0	0	0	0	513	533	
2	0	0	0	0	509	527	
3	0	0	0	0	503	519	
4	0	0	0	0	499	514	
5	0	0	0	0	495	515	
6	0	0	0	0	492	516	
7	0	0	0	0	487	519	
8	0	0	0	0	483	524	
9	0	0	0	0	478	526	
10	0	0	0	0	473	526	
11	0	0	0	0	469	522	
12	0	0	0	0	462	518	
13	0	0	0	0	455	517	
14	0	0	0	0	452	516	
15	0	0	0	0	450	513	
0	0	0	0	0	447	516	
1	0	0	0	0	444	523	
2	0	0	0	0	439	530	
3	0	0	0	0	440	537	
4	0	0	0	0	449	542	
5	0	0	0	0	463	542	
6	0	0	0	0	478	538	
7	0	0	0	0	496	526	
8	0	0	0	0	512	515	
9	0	0	0	0	530	515	
10	0	0	0	0	549	527	
11	0	0	0	0	562	550	
12	0	0	0	0	569	575	
13	0	0	0	0	572	595	
14	0	0	0	0	576	608	
15	0	0	0	0	577	616	
0	0	0	0	0	574	607	
1	0	0	0	0	567	586	
2	0	0	0	0	559	551	
3	0	0	0	0	551	508	
4	0	0	0	0	537	466	
5	0	0	0	0	519	428	
6	0	0	0	0	504	396	
7	0	0	0	0	487	371	
8	0	0	0	0	471	353	
9	0	0	0	0	459	343	
10	0	0	0	0	449	339	
11	0	0	0	0	441	341	
12	0	0	0	0	441	350	
13	0	0	0	0	443	363	
14	0	0	0	0	448	380	
15	0	0	0	0	453	400	
0	0	0	0	0	459	427	
1	0	0	0	0	464	456	
2	0	0	0	0	469	482	
3	0	0	0	0	474	489	
4	0	0	0	0	480	486	
5	0	0	0	0	488	487	
6	0	0	0	0	494	497	
7	0	0	0	0	503	514	
8	0	0	0	0	515	539	
9	0	0	0	0	533	566	
10	0	0	0	0	544	584	
11	0	0	0	0	551	591	
12	0	0	0	0	553	587	
13	0	0	0	0	547	569	
14	0	0	0	0	537	543	
15	0	0	0	0	526	511	
0	0	0	0	0	512	476	
1	0	0	0	0	502	451	
2	0	0	0	0	494	436	
3	0	0	0	0	489	430	
4	0	0	0	0	488	435	
5	0	0	0	0	483	439	
6	0	0	0	0	478	442	
7	0	0	0	0	470	450	
8	0	0	0	0	466	462	
9	0	0	0	0	470	479	
10	0	0	0	0	480	494	
11	0	0	0	0	493	508	
12	0	0	0	0	506	516	
13	0	0	0	0	516	517	
14	0	0	0	0	524	520	
15	0	0	0	0	528	523	
0	0	0	0	0	533	529	
1	0	0	0	0	536	532	
2	0	0	0	0	537	538	
3	0	0	0	0	539	538	
4	0	0	0	0	540	536	
5	0	0	0	0	541	534	
6	0	0	0	0	547	529	
7	0	0	0	0	556	519	
8	0	0	0	0	563	509	
9	0	0	0	0	572	503	
10	0	0	0	0	580	506	
11	0	0	0	0	579	516	
12	0	0	0	0	568	523	
13	0	0	0	0	554	528	
14	0	0	0	0	535	533	
15	0	0	0	0	512	532	
0	0	0	0	0	493	524	
1	0	0	0	0	477	516	
2	0	0	0	0	463	504	
3	0	0	0	0	454	494	
4	0	0	0	0	448	488	
5	0	0	0	0	447	481	
6	0	0	0	0	450	470	
7	0	0	0	0	455	459	
8	0	0	0	0	464	447	
9	0	0	0	0	477	437	
10	0	0	0	0	490	432	
11	0	0	0	0	503	433	
12	0	0	0	0	511	438	
13	0	0	0	0	520	444	
14	0	0	0	0	530	454	
15	0	0	0	0	542	468	
0	0	0	0	0	552	488	
1	0	0	0	0	560	510	
2	0	0	0	0	572	527	
3	0	0	0	0	585	541	
4	0	0	0	0	598	553	
5	0	0	0	0	607	563	
6	0	0	0	0	611	574	
7	0	0	0	0	608	579	
8	0	0	0	0	603	578	
9	0	0	0	0	597	575	
10	0	0	0	0	596	581	
11	0	0	0	0	595	593	
12	0	0	0	0	591	608	
13	0	0	0	0	581	619	
14	0	0	0	0	573	625	
15	0	0	0	0	567	625	
0	0	0	0	0	566	618	
1	0	0	0	0	567	604	
2	0	0	0	0	566	580	
3	0	0	0	0	563	545	
4	0	0	0	0	561	508	
5	0	0	0	0	557	468	
6	0	0	0	0	550	433	
7	0	0	0	0	545	403	
8	0	0	0	0	540	385	
9	0	0	0	0	536	382	
10	0	0	0	0	539	392	
11	0	0	0	0	541	421	
12	0	0	0	0	545	463	
13	0	0	0	0	544	504	
14	0	0	0	0	534	535	
15	0	0	0	0	520	550	
0	0	0	0	0	508	555	
1	0	0	0	0	498	550	
2	0	0	0	0	496	541	
3	0	0	0	0	504	531	
4	0	0	0	0	517	521	
5	0	0	0	0	534	512	
6	0	0	0	0	551	507	
7	0	0	0	0	565	507	
8	0	0	0	0	575	506	
9	0	0	0	0	583	505	
10	0	0	0	0	590	501	
11	0	0	0	0	590	495	
12	0	0	0	0	583	483	
13	0	0	0	0	573	466	
14	0	0	0	0	563	456	
15	0	0	0	0	551	457	
0	0	0	0	0	537	472	
1	0	0	0	0	526	494	
2	0	0	0	0	513	522	
3	0	0	0	0	500	545	
4	0	0	0	0	489	563	
5	0	0	0	0	481	568	
6	0	0	0	0	472	557	
7	0	0	0	0	468	534	
8	0	0	0	0	468	500	
9	0	0	0	0	473	464	
10	0	0	0	0	479	430	
11	0	0	0	0	483	401	
12	0	0	0	0	484	377	
13	0	0	0	0	483	355	
14	0	0	0	0	480	342	
15	0	0	0	0	478	341	
0	0	0	0	0	484	345	
1	0	0	0	0	491	352	
2	0	0	0	0	499	359	
3	0	0	0	0	508	368	
4	0	0	0	0	523	383	
5	0	0	0	0	538	397	
6	0	0	0	0	547	412	
7	0	0	0	0	551	434	
8	0	0	0	0	555	450	
9	0	0	0	0	556	462	
10	0	0	0	0	558	464	
11	0	0	0	0	555	462	
12	0	0	0	0	550	459	
13	0	0	0	0	544	451	
14	0	0	0	0	540	438	
15	0	0	0	0	531	422	
0	0	0	0	0	521	404	
1	0	0	0	0	517	390	
2	0	0	0	0	516	379	
3	0	0	0	0	516	368	
4	0	0	0	0	516	363	
5	0	0	0	0	517	360	
6	0	0	0	0	513	358	
7	0	0	0	0	503	364	
8	0	0	0	0	495	377	
9	0	0	0	0	489	395	
10	0	0	0	0	483	421	
11	0	0	0	0	480	453	
12	0	0	0	0	478	482	
13	0	0	0	0	481	504	
14	0	0	0	0	484	521	
15	0	0	0	0	488	538	
0	0	0	0	0	491	549	
1	0	0	0	0	493	552	
2	0	0	0	0	494	544	
3	0	0	0	0	496	527	
4	0	0	0	0	500	505	
5	0	0	0	0	505	480	
6	0	0	0	0	513	460	
7	0	0	0	0	522	440	
8	0	0	0	0	528	425	
9	0	0	0	0	532	421	
10	0	0	0	0	532	425	
11	0	0	0	0	527	427	
12	0	0	0	0	518	420	
13	0	0	0	0	514	408	
14	0	0	0	0	516	392	
15	0	0	0	0	517	377	
0	0	0	0	0	513	367	
1	0	0	0	0	511	361	
2	0	0	0	0	511	371	
3	0	0	0	0	511	385	
4	0	0	0	0	508	407	
5	0	0	0	0	505	427	
6	0	0	0	0	500	436	
7	0	0	0	0	496	441	
8	0	0	0	0	493	445	
9	0	0	0	0	487	449	
10	0	0	0	0	480	456	
11	0	0	0	0	477	465	
12	0	0	0	0	475	472	
13	0	0	0	0	475	478	
14	0	0	0	0	480	484	
15	0	0	0	0	487	490	
0	0	0	0	0	498	501	
1	0	0	0	0	514	517	
2	0	0	0	0	525	532	
3	0	0	0	0	532	541	
4	0	0	0	0	539	545	
5	0	0	0	0	537	548	
6	0	0	0	0	529	547	
7	0	0	0	0	524	546	
8	0	0	0	0	524	545	
9	0	0	0	0	532	548	
10	0	0	0	0	542	552	
11	0	0	0	0	551	549	
12	0	0	0	0	561	541	
13	0	0	0	0	570	528	
14	0	0	0	0	572	519	
15	0	0	0	0	569	510	
0	0	0	0	0	564	501	
1	0	0	0	0	554	491	
2	0	0	0	0	537	482	
3	0	0	0	0	521	467	
4	0	0	0	0	513	444	
5	0	0	0	0	507	420	
6	0	0	0	0	502	406	
7	0	0	0	0	501	398	
8	0	0	0	0	501	393	
9	0	0	0	0	500	392	
10	0	0	0	0	502	395	
11	0	0	0	0	507	407	
12	0	0	0	0	513	422	
13	0	0	0	0	517	436	
14	0	0	0	0	518	448	
15	0	0	0	0	520	455	
0	0	0	0	0	526	465	
1	0	0	0	0	536	478	
2	0	0	0	0	544	485	
3	0	0	0	0	547	491	
4	0	0	0	0	548	495	
5	0	0	0	0	551	500	
6	0	0	0	0	551	516	
7	0	0	0	0	552	536	
8	0	0	0	0	553	556	
9	0	0	0	0	553	574	
10	0	0	0	0	550	587	
11	0	0	0	0	542	593	
12	0	0	0	0	534	595	
13	0	0	0	0	520	596	
14	0	0	0	0	507	601	
15	0	0	0	0	498	610	
0	0	0	0	0	492	614	
1	0	0	0	0	496	616	
2	0	0	0	0	502	607	
3	0	0	0	0	507	585	
4	0	0	0	0	511	557	
5	0	0	0	0	516	530	
6	0	0	0	0	523	504	
7	0	0	0	0	526	483	
8	0	0	0	0	527	463	
9	0	0	0	0	527	444	
10	0	0	0	0	525	433	
11	0	0	0	0	519	423	
12	0	0	0	0	516	422	
13	0	0	0	0	512	428	
14	0	0	0	0	509	441	
15	0	0	0	0	509	452	
0	0	0	0	0	508	460	
1	0	0	0	0	506	465	
2	0	0	0	0	505	479	
3	0	0	0	0	505	497	
4	0	0	0	0	511	516	
5	0	0	0	0	522	532	
6	0	0	0	0	537	541	
7	0	0	0	0	549	543	
8	0	0	0	0	558	541	
9	0	0	0	0	563	539	
10	0	0	0	0	558	536	
11	0	0	0	0	547	529	
12	0	0	0	0	532	518	
13	0	0	0	0	519	512	
14	0	0	0	0	508	510	
15	0	0	0	0	499	507	
0	0	0	0	0	496	505	
1	0	0	0	0	497	508	
2	0	0	0	0	501	511	
3	0	0	0	0	506	513	
4	0	0	0	0	510	504	
5	0	0	0	0	513	495	
6	0	0	0	0	512	488	
7	0	0	0	0	508	486	
8	0	0	0	0	500	486	
9	0	0	0	0	494	489	
10	0	0	0	0	484	492	
11	0	0	0	0	477	493	
12	0	0	0	0	472	493	
13	0	0	0	0	470	488	
14	0	0	0	0	467	476	
15	0	0	0	0	467	461	
0	0	0	0	0	471	448	
1	0	0	0	0	477	439	
2	0	0	0	0	480	434	
3	0	0	0	0	481	434	
4	0	0	0	0	484	433	
5	0	0	0	0	492	444	
6	0	0	0	0	496	464	
7	0	0	0	0	502	496	
8	0	0	0	0	508	524	
9	0	0	0	0	509	547	
10	0	0	0	0	507	563	
11	0	0	0	0	504	568	
12	0	0	0	0	504	566	
13	0	0	0	0	499	558	
14	0	0	0	0	494	543	
15	0	0	0	0	483	526	
0	0	0	0	0	472	506	
1	0	0	0	0	465	491	
2	0	0	0	0	470	481	
3	0	0	0	0	481	476	
4	0	0	0	0	492	479	
5	0	0	0	0	498	489	
6	0	0	0	0	508	499	
7	0	0	0	0	515	501	
8	0	0	0	0	516	492	
9	0	0	0	0	511	477	
10	0	0	0	0	502	456	
11	0	0	0	0	489	438	
12	0	0	0	0	474	422	
13	0	0	0	0	460	416	
14	0	0	0	0	456	422	
15	0	0	0	0	455	432	
0	0	0	0	0	454	442	
1	0	0	0	0	450	454	
2	0	0	0	0	443	461	
3	0	0	0	0	433	461	
4	0	0	0	0	431	463	
5	0	0	0	0	431	472	
6	0	0	0	0	427	488	
7	0	0	0	0	422	504	
8	0	0	0	0	415	516	
9	0	0	0	0	408	523	
10	0	0	0	0	406	529	
11	0	0	0	0	405	527	
12	0	0	0	0	407	526	
13	0	0	0	0	410	523	
14	0	0	0	0	416	526	
15	0	0	0	0	422	532	
0	0	0	0	0	427	538	
1	0	0	0	0	435	547	
2	0	0	0	0	449	549	
3	0	0	0	0	468	544	
4	0	0	0	0	481	529	
5	0	0	0	0	493	515	
6	0	0	0	0	502	507	
7	0	0	0	0	509	505	
8	0	0	0	0	513	505	
9	0	0	0	0	517	506	
10	0	0	0	0	521	503	
11	0	0	0	0	522	495	
12	0	0	0	0	524	481	
13	0	0	0	0	523	470	
14	0	0	0	0	522	463	
15	0	0	0	0	517	460	
0	0	0	0	0	512	455	
1	0	0	0	0	506	441	
2	0	0	0	0	496	421	
3	0	0	0	0	492	412	
4	0	0	0	0	488	416	
5	0	0	0	0	487	431	
6	0	0	0	0	487	454	
7	0	0	0	0	492	475	
8	0	0	0	0	496	491	
9	0	0	0	0	496	504	
10	0	0	0	0	496	508	
11	0	0	0	0	496	510	
12	0	0	0	0	494	514	
13	0	0	0	0	491	513	
14	0	0	0	0	484	504	
15	0	0	0	0	480	493	
0	0	0	0	0	477	483	
1	0	0	0	0	474	477	
2	0	0	0	0	476	479	
3	0	0	0	0	481	483	
4	0	0	0	0	490	491	
5	0	0	0	0	501	496	
6	0	0	0	0	511	499	
7	0	0	0	0	519	494	
8	0	0	0	0	525	487	
9	0	0	0	0	531	482	
10	0	0	0	0	537	479	
11	0	0	0	0	540	480	
12	0	0	0	0	541	478	
13	0	0	0	0	534	478	
14	0	0	0	0	525	483	
15	0	0	0	0	516	492	
0	0	0	0	0	504	505	
1	0	0	0	0	497	525	
2	0	0	0	0	494	550	
3	0	0	0	0	494	580	
4	0	0	0	0	491	602	
5	0	0	0	0	484	610	
6	0	0	0	0	478	611	
7	0	0	0	0	475	609	
8	0	0	0	0	479	606	
9	0	0	0	0	493	607	
10	0	0	0	0	516	606	
11	0	0	0	0	534	604	
12	0	0	0	0	543	599	
13	0	0	0	0	542	584	
14	0	0	0	0	541	565	
15	0	0	0	0	536	540	
0	0	0	0	0	531	513	
1	0	0	0	0	526	487	
2	0	0	0	0	524	465	
3	0	0	0	0	524	451	
4	0	0	0	0	527	447	
5	0	0	0	0	531	451	
6	0	0	0	0	531	456	
7	0	0	0	0	531	466	
8	0	0	0	0	529	472	
9	0	0	0	0	527	473	
10	0	0	0	0	522	481	
11	0	0	0	0	521	491	
12	0	0	0	0	526	502	
13	0	0	0	0	532	518	
14	0	0	0	0	540	534	
15	0	0	0	0	547	546	
0	0	0	0	0	550	550	
1	0	0	0	0	548	552	
2	0	0	0	0	543	549	
3	0	0	0	0	534	538	
4	0	0	0	0	526	523	
5	0	0	0	0	520	506	
6	0	0	0	0	519	494	
7	0	0	0	0	521	487	
8	0	0	0	0	531	482	
9	0	0	0	0	548	478	
10	0	0	0	0	568	464	
11	0	0	0	0	588	455	
12	0	0	0	0	602	448	
13	0	0	0	0	613	457	
14	0	0	0	0	620	473	
15	0	0	0	0	619	493	
0	0	0	0	0	617	520	
1	0	0	0	0	613	550	
2	0	0	0	0	604	581	
3	0	0	0	0	593	613	
4	0	0	0	0	583	636	
5	0	0	0	0	574	649	
6	0	0	0	0	561	654	
7	0	0	0	0	549	653	
8	0	0	0	0	546	654	
9	0	0	0	0	550	654	
10	0	0	0	0	553	650	
11	0	0	0	0	555	630	
12	0	0	0	0	556	601	
13	0	0	0	0	558	565	
14	0	0	0	0	557	526	
15	0	0	0	0	551	492	
0	0	0	0	0	547	460	
1	0	0	0	0	543	434	
2	0	0	0	0	548	414	
3	0	0	0	0	559	402	
4	0	0	0	0	571	398	
5	0	0	0	0	576	400	
6	0	0	0	0	572	403	
7	0	0	0	0	559	408	
8	0	0	0	0	543	418	
9	0	0	0	0	522	425	
10	0	0	0	0	497	427	
11	0	0	0	0	476	425	
12	0	0	0	0	455	421	
13	0	0	0	0	439	423	
14	0	0	0	0	427	426	
15	0	0	0	0	419	436	
0	0	0	0	0	420	451	
1	0	0	0	0	425	473	
2	0	0	0	0	432	499	
3	0	0	0	0	444	532	
4	0	0	0	0	455	571	
5	0	0	0	0	463	611	
6	0	0	0	0	467	655	
7	0	0	0	0	471	692	
8	0	0	0	0	478	715	
9	0	0	0	0	483	716	
10	0	0	0	0	487	696	
11	0	0	0	0	489	664	
12	0	0	0	0	490	635	
13	0	0	0	0	489	614	
14	0	0	0	0	488	598	
15	0	0	0	0	488	580	
0	0	0	0	0	486	559	
1	0	0	0	0	480	532	
2	0	0	0	0	476	500	
3	0	0	0	0	475	469	
4	0	0	0	0	477	440	
5	0	0	0	0	475	411	
6	0	0	0	0	467	388	
7	0	0	0	0	463	366	
8	0	0	0	0	463	348	
9	0	0	0	0	462	336	
10	0	0	0	0	457	332	
11	0	0	0	0	447	339	
12	0	0	0	0	436	352	
13	0	0	0	0	426	367	
14	0	0	0	0	425	385	
15	0	0	0	0	428	409	
0	0	0	0	0	430	433	
1	0	0	0	0	436	455	
2	0	0	0	0	445	476	
3	0	0	0	0	451	498	
4	0	0	0	0	465	517	
5	0	0	0	0	483	529	
6	0	0	0	0	502	534	
7	0	0	0	0	514	535	
8	0	0	0	0	523	539	
9	0	0	0	0	530	547	
10	0	0	0	0	535	554	
11	0	0	0	0	539	560	
12	0	0	0	0	538	561	
13	0	0	0	0	535	561	
14	0	0	0	0	530	561	
15	0	0	0	0	519	560	
0	0	0	0	0	509	563	
1	0	0	0	0	496	566	
2	0	0	0	0	486	571	
3	0	0	0	0	478	576	
4	0	0	0	0	469	588	
5	0	0	0	0	465	594	
6	0	0	0	0	469	592	
7	0	0	0	0	476	582	
8	0	0	0	0	487	574	
9	0	0	0	0	500	558	
10	0	0	0	0	512	547	
11	0	0	0	0	519	533	
12	0	0	0	0	519	511	
13	0	0	0	0	515	489	
14	0	0	0	0	506	469	
15	0	0	0	0	500	452	
0	0	0	0	0	499	446	
1	0	0	0	0	500	455	
2	0	0	0	0	503	475	
3	0	0	0	0	501	500	
4	0	0	0	0	500	524	
5	0	0	0	0	503	546	
6	0	0	0	0	512	569	
7	0	0	0	0	520	588	
8	0	0	0	0	529	604	
9	0	0	0	0	536	612	
10	0	0	0	0	536	615	
11	0	0	0	0	537	614	
12	0	0	0	0	537	608	
13	0	0	0	0	531	589	
14	0	0	0	0	524	569	
15	0	0	0	0	514	544	
0	0	0	0	0	503	521	
1	0	0	0	0	490	499	
2	0	0	0	0	477	483	
3	0	0	0	0	462	478	
4	0	0	0	0	448	480	
5	0	0	0	0	441	489	
6	0	0	0	0	435	501	
7	0	0	0	0	433	511	
8	0	0	0	0	435	511	
9	0	0	0	0	439	507	
10	0	0	0	0	445	501	
11	0	0	0	0	457	495	
12	0	0	0	0	471	491	
13	0	0	0	0	482	483	
14	0	0	0	0	487	478	
15	0	0	0	0	489	470	
0	0	0	0	0	487	465	
1	0	0	0	0	483	467	
2	0	0	0	0	479	478	
3	0	0	0	0	476	491	
4	0	0	0	0	476	503	
5	0	0	0	0	481	511	
6	0	0	0	0	487	514	
7	0	0	0	0	497	514	
8	0	0	0	0	503	519	
9	0	0	0	0	510	526	
10	0	0	0	0	511	531	
11	0	0	0	0	510	536	
12	0	0	0	0	504	545	
13	0	0	0	0	492	552	
14	0	0	0	0	478	561	
15	0	0	0	0	464	567	
0	0	0	0	0	455	572	
1	0	0	0	0	449	574	
2	0	0	0	0	451	569	
3	0	0	0	0	456	555	
4	0	0	0	0	459	535	
5	0	0	0	0	459	515	
6	0	0	0	0	458	502	
7	0	0	0	0	449	495	
8	0	0	0	0	439	494	
9	0	0	0	0	424	492	
10	0	0	0	0	413	498	
11	0	0	0	0	404	508	
12	0	0	0	0	396	520	
13	0	0	0	0	390	535	
14	0	0	0	0	387	552	
15	0	0	0	0	389	562	
0	0	0	0	0	391	563	
1	0	0	0	0	400	556	
2	0	0	0	0	413	547	
3	0	0	0	0	432	539	
4	0	0	0	0	449	534	
5	0	0	0	0	463	528	
6	0	0	0	0	468	520	
7	0	0	0	0	473	511	
8	0	0	0	0	470	509	
9	0	0	0	0	467	512	
10	0	0	0	0	465	512	
11	0	0	0	0	462	507	
12	0	0	0	0	455	492	
13	0	0	0	0	451	469	
14	0	0	0	0	448	442	
15	0	0	0	0	449	415	
0	0	0	0	0	449	395	
1	0	0	0	0	448	382	
2	0	0	0	0	443	390	
3	0	0	0	0	432	409	
4	0	0	0	0	424	444	
5	0	0	0	0	422	484	
6	0	0	0	0	429	519	
7	0	0	0	0	440	546	
8	0	0	0	0	456	563	
9	0	0	0	0	473	571	
10	0	0	0	0	486	567	
11	0	0	0	0	499	549	
12	0	0	0	0	509	517	
13	0	0	0	0	514	481	
14	0	0	0	0	516	451	
15	0	0	0	0	515	432	
0	0	0	0	0	510	416	
1	0	0	0	0	506	409	
2	0	0	0	0	500	406	
3	0	0	0	0	495	410	
4	0	0	0	0	486	415	
5	0	0	0	0	475	419	
6	0	0	0	0	469	425	
7	0	0	0	0	468	428	
8	0	0	0	0	474	432	
9	0	0	0	0	478	435	
10	0	0	0	0	475	443	
11	0	0	0	0	467	454	
12	0	0	0	0	460	468	
13	0	0	0	0	455	481	
14	0	0	0	0	454	493	
15	0	0	0	0	455	505	
0	0	0	0	0	457	506	
1	0	0	0	0	454	496	
2	0	0	0	0	447	487	
3	0	0	0	0	436	478	
4	0	0	0	0	428	470	
5	0	0	0	0	421	467	
6	0	0	0	0	423	464	
7	0	0	0	0	433	463	
8	0	0	0	0	446	465	
9	0	0	0	0	460	465	
10	0	0	0	0	479	464	
11	0	0	0	0	498	463	
12	0	0	0	0	516	465	
13	0	0	0	0	533	476	
14	0	0	0	0	542	488	
15	0	0	0	0	547	501	
0	0	0	0	0	546	511	
1	0	0	0	0	540	520	
2	0	0	0	0	531	526	
3	0	0	0	0	524	527	
4	0	0	0	0	517	523	
5	0	0	0	0	515	515	
6	0	0	0	0	514	503	
7	0	0	0	0	516	491	
8	0	0	0	0	517	480	
9	0	0	0	0	511	468	
10	0	0	0	0	503	456	
11	0	0	0	0	500	452	
12	0	0	0	0	496	452	
13	0	0	0	0	488	449	
14	0	0	0	0	484	451	
15	0	0	0	0	487	467	
0	0	0	0	0	499	495	
1	0	0	0	0	512	526	
2	0	0	0	0	526	551	
3	0	0	0	0	537	568	
4	0	0	0	0	540	574	
5	0	0	0	0	536	573	
6	0	0	0	0	531	564	
7	0	0	0	0	531	555	
8	0	0	0	0	529	548	
9	0	0	0	0	526	543	
10	0	0	0	0	524	544	
11	0	0	0	0	520	543	
12	0	0	0	0	511	541	
13	0	0	0	0	500	543	
14	0	0	0	0	488	543	
15	0	0	0	0	477	544	
0	0	0	0	0	472	550	
1	0	0	0	0	467	559	
2	0	0	0	0	464	575	
3	0	0	0	0	463	593	
4	0	0	0	0	468	606	
5	0	0	0	0	476	618	
6	0	0	0	0	487	628	
7	0	0	0	0	496	637	
8	0	0	0	0	512	652	
9	0	0	0	0	531	663	
10	0	0	0	0	547	673	
11	0	0	0	0	561	676	
12	0	0	0	0	569	670	
13	0	0	0	0	572	645	
14	0	0	0	0	572	612	
15	0	0	0	0	564	577	
0	0	0	0	0	551	551	
1	0	0	0	0	536	531	
2	0	0	0	0	523	512	
3	0	0	0	0	515	495	
4	0	0	0	0	513	483	
5	0	0	0	0	513	478	
6	0	0	0	0	514	473	
7	0	0	0	0	519	471	
8	0	0	0	0	521	474	
9	0	0	0	0	518	483	
10	0	0	0	0	511	493	
11	0	0	0	0	504	504	
12	0	0	0	0	499	518	
13	0	0	0	0	500	525	
14	0	0	0	0	501	520	
15	0	0	0	0	503	506	
0	0	0	0	0	506	491	
1	0	0	0	0	509	478	
2	0	0	0	0	517	473	
3	0	0	0	0	524	473	
4	0	0	0	0	532	475	
5	0	0	0	0	542	473	
6	0	0	0	0	547	474	
7	0	0	0	0	546	473	
8	0	0	0	0	541	478	
9	0	0	0	0	535	486	
10	0	0	0	0	533	499	
11	0	0	0	0	536	518	
12	0	0	0	0	548	544	
13	0	0	0	0	561	569	
14	0	0	0	0	576	593	
15	0	0	0	0	589	612	
0	0	0	0	0	595	624	
1	0	0	0	0	597	628	
2	0	0	0	0	591	624	
3	0	0	0	0	583	615	
4	0	0	0	0	571	601	
5	0	0	0	0	563	590	
6	0	0	0	0	560	581	
7	0	0	0	0	560	573	
8	0	0	0	0	558	563	
9	0	0	0	0	559	554	
10	0	0	0	0	556	543	
11	0	0	0	0	552	533	
12	0	0	0	0	549	523	
13	0	0	0	0	551	516	
14	0	0	0	0	554	517	
15	0	0	0	0	564	526	
0	0	0	0	0	578	540	
1	0	0	0	0	588	555	
2	0	0	0	0	593	568	
3	0	0	0	0	595	584	
4	0	0	0	0	592	599	
5	0	0	0	0	585	609	
6	0	0	0	0	569	614	
7	0	0	0	0	550	614	
8	0	0	0	0	530	606	
9	0	0	0	0	512	595	
10	0	0	0	0	502	582	
11	0	0	0	0	497	563	
12	0	0	0	0	497	543	
13	0	0	0	0	505	520	
14	0	0	0	0	515	504	
15	0	0	0	0	526	491	
0	0	0	0	0	536	479	
1	0	0	0	0	540	472	
2	0	0	0	0	539	474	
3	0	0	0	0	539	488	
4	0	0	0	0	531	506	
5	0	0	0	0	520	527	
6	0	0	0	0	508	541	
7	0	0	0	0	491	550	
8	0	0	0	0	476	560	
9	0	0	0	0	460	572	
10	0	0	0	0	451	586	
11	0	0	0	0	453	601	
12	0	0	0	0	462	614	
13	0	0	0	0	477	630	
14	0	0	0	0	492	649	
15	0	0	0	0	505	670	
0	0	0	0	0	516	685	
1	0	0	0	0	523	703	
2	0	0	0	0	532	716	
3	0	0	0	0	539	726	
4	0	0	0	0	542	733	
5	0	0	0	0	545	740	
6	0	0	0	0	548	739	
7	0	0	0	0	550	731	
8	0	0	0	0	548	715	
9	0	0	0	0	543	690	
10	0	0	0	0	539	660	
11	0	0	0	0	542	635	
12	0	0	0	0	542	620	
13	0	0	0	0	540	611	
14	0	0	0	0	532	607	
15	0	0	0	0	530	600	
0	0	0	0	0	527	591	
1	0	0	0	0	520	580	
2	0	0	0	0	515	565	
3	0	0	0	0	515	548	
4	0	0	0	0	514	532	
5	0	0	0	0	519	517	
6	0	0	0	0	520	504	
7	0	0	0	0	518	491	
8	0	0	0	0	511	487	
9	0	0	0	0	504	485	
10	0	0	0	0	497	498	
11	0	0	0	0	494	520	
12	0	0	0	0	494	546	
13	0	0	0	0	500	569	
14	0	0	0	0	508	586	
15	0	0	0	0	518	592	
0	0	0	0	0	527	595	
1	0	0	0	0	537	604	
2	0	0	0	0	549	612	
3	0	0	0	0	558	622	
4	0	0	0	0	561	630	
5	0	0	0	0	552	630	
6	0	0	0	0	540	629	
7	0	0	0	0	530	620	
8	0	0	0	0	528	612	
9	0	0	0	0	531	605	
10	0	0	0	0	536	608	
11	0	0	0	0	541	617	
12	0	0	0	0	550	624	
13	0	0	0	0	557	623	
14	0	0	0	0	561	610	
15	0	0	0	0	561	591	
0	0	0	0	0	561	573	
1	0	0	0	0	561	557	
2	0	0	0	0	558	544	
3	0	0	0	0	551	543	
4	0	0	0	0	544	544	
5	0	0	0	0	536	549	
6	0	0	0	0	526	551	
7	0	0	0	0	513	549	
8	0	0	0	0	499	543	
9	0	0	0	0	486	531	
10	0	0	0	0	473	519	
11	0	0	0	0	462	511	
12	0	0	0	0	446	506	
13	0	0	0	0	437	504	
14	0	0	0	0	432	503	
15	0	0	0	0	430	503	
0	0	0	0	0	435	509	
1	0	0	0	0	443	518	
2	0	0	0	0	447	535	
3	0	0	0	0	458	560	
4	0	0	0	0	471	588	
5	0	0	0	0	481	612	
6	0	0	0	0	486	636	
7	0	0	0	0	487	647	
8	0	0	0	0	490	660	
9	0	0	0	0	496	672	
10	0	0	0	0	503	681	
11	0	0	0	0	513	684	
12	0	0	0	0	521	682	
13	0	0	0	0	524	668	
14	0	0	0	0	527	647	
15	0	0	0	0	532	627	
0	0	0	0	0	538	609	
1	0	0	0	0	544	600	
2	0	0	0	0	538	591	
3	0	0	0	0	526	588	
4	0	0	0	0	513	588	
5	0	0	0	0	504	596	
6	0	0	0	0	503	608	
7	0	0	0	0	503	617	
8	0	0	0	0	504	627	
9	0	0	0	0	506	632	
10	0	0	0	0	510	629	
11	0	0	0	0	518	623	
12	0	0	0	0	528	616	
13	0	0	0	0	536	612	
14	0	0	0	0	542	617	
15	0	0	0	0	544	627	
0	0	0	0	0	543	631	
1	0	0	0	0	540	628	
2	0	0	0	0	536	619	
3	0	0	0	0	529	604	
4	0	0	0	0	519	587	
5	0	0	0	0	512	568	
6	0	0	0	0	505	553	
7	0	0	0	0	499	542	
8	0	0	0	0	494	542	
9	0	0	0	0	489	547	
10	0	0	0	0	493	558	
11	0	0	0	0	500	575	
12	0	0	0	0	507	600	
13	0	0	0	0	511	620	
14	0	0	0	0	509	627	
15	0	0	0	0	504	626	
0	0	0	0	0	496	620	
1	0	0	0	0	490	609	
2	0	0	0	0	488	600	
3	0	0	0	0	496	599	
4	0	0	0	0	510	604	
5	0	0	0	0	521	616	
6	0	0	0	0	532	622	
7	0	0	0	0	536	623	
8	0	0	0	0	533	615	
9	0	0	0	0	529	596	
10	0	0	0	0	521	573	
11	0	0	0	0	512	549	
12	0	0	0	0	505	527	
13	0	0	0	0	495	507	
14	0	0	0	0	480	492	
15	0	0	0	0	469	475	
0	0	0	0	0	460	461	
1	0	0	0	0	451	460	
2	0	0	0	0	444	465	
3	0	0	0	0	439	472	
4	0	0	0	0	431	479	
5	0	0	0	0	426	478	
6	0	0	0	0	423	477	
7	0	0	0	0	423	472	
8	0	0	0	0	420	468	
9	0	0	0	0	422	466	
10	0	0	0	0	431	471	
11	0	0	0	0	443	483	
12	0	0	0	0	452	496	
13	0	0	0	0	460	504	
14	0	0	0	0	461	508	
15	0	0	0	0	453	512	
0	0	0	0	0	444	518	
1	0	0	0	0	436	520	
2	0	0	0	0	428	517	
3	0	0	0	0	420	511	
4	0	0	0	0	414	502	
5	0	0	0	0	411	492	
6	0	0	0	0	411	475	
7	0	0	0	0	411	462	
8	0	0	0	0	413	455	
9	0	0	0	0	422	455	
10	0	0	0	0	436	460	
11	0	0	0	0	454	463	
12	0	0	0	0	464	463	
13	0	0	0	0	473	457	
14	0	0	0	0	482	451	
15	0	0	0	0	488	451	
0	0	0	0	0	486	458	
1	0	0	0	0	484	468	
2	0	0	0	0	483	476	
3	0	0	0	0	480	476	
4	0	0	0	0	479	473	
5	0	0	0	0	478	467	
6	0	0	0	0	477	460	
7	0	0	0	0	477	451	
8	0	0	0	0	483	433	
9	0	0	0	0	496	414	
10	0	0	0	0	509	407	
11	0	0	0	0	520	413	
12	0	0	0	0	526	433	
13	0	0	0	0	520	463	
14	0	0	0	0	506	496	
15	0	0	0	0	490	535	
0	0	0	0	0	479	571	
1	0	0	0	0	474	593	
2	0	0	0	0	473	601	
3	0	0	0	0	479	592	
4	0	0	0	0	484	578	
5	0	0	0	0	485	556	
6	0	0	0	0	483	532	
7	0	0	0	0	479	514	
8	0	0	0	0	474	497	
9	0	0	0	0	464	481	
10	0	0	0	0	454	462	
11	0	0	0	0	446	445	
12	0	0	0	0	440	430	
13	0	0	0	0	439	423	
14	0	0	0	0	440	422	
15	0	0	0	0	446	422	
0	0	0	0	0	460	427	
1	0	0	0	0	472	435	
2	0	0	0	0	482	452	
3	0	0	0	0	489	467	
4	0	0	0	0	494	480	
5	0	0	0	0	495	486	
6	0	0	0	0	495	485	
7	0	0	0	0	496	478	
8	0	0	0	0	495	475	
9	0	0	0	0	493	478	
10	0	0	0	0	491	477	
11	0	0	0	0	492	474	
12	0	0	0	0	500	472	
13	0	0	0	0	519	477	
14	0	0	0	0	533	482	
15	0	0	0	0	541	488	
0	0	0	0	0	543	493	
1	0	0	0	0	539	500	
2	0	0	0	0	529	508	
3	0	0	0	0	522	510	
4	0	0	0	0	512	513	
5	0	0	0	0	500	518	
6	0	0	0	0	491	525	
7	0	0	0	0	484	530	
8	0	0	0	0	476	535	
9	0	0	0	0	463	541	
10	0	0	0	0	455	549	
11	0	0	0	0	451	560	
12	0	0	0	0	449	574	
13	0	0	0	0	453	581	
14	0	0	0	0	466	578	
15	0	0	0	0	478	565	
0	0	0	0	0	484	541	
1	0	0	0	0	489	509	
2	0	0	0	0	492	471	
3	0	0	0	0	492	429	
4	0	0	0	0	491	390	
5	0	0	0	0	489	361	
6	0	0	0	0	485	337	
7	0	0	0	0	476	326	
8	0	0	0	0	465	319	
9	0	0	0	0	455	319	
10	0	0	0	0	448	326	
11	0	0	0	0	440	339	
12	0	0	0	0	433	352	
13	0	0	0	0	428	367	
14	0	0	0	0	422	380	
15	0	0	0	0	419	395	
0	0	0	0	0	417	416	
1	0	0	0	0	415	440	
2	0	0	0	0	414	465	
3	0	0	0	0	411	490	
4	0	0	0	0	408	508	
5	0	0	0	0	408	524	
6	0	0	0	0	412	537	
7	0	0	0	0	422	537	
8	0	0	0	0	433	534	
9	0	0	0	0	446	536	
10	0	0	0	0	460	538	
11	0	0	0	0	475	537	
12	0	0	0	0	495	529	
13	0	0	0	0	519	519	
14	0	0	0	0	538	521	
15	0	0	0	0	558	534	
0	0	0	0	0	575	548	
1	0	0	0	0	582	564	
2	0	0	0	0	581	579	
3	0	0	0	0	575	589	
4	0	0	0	0	565	595	
5	0	0	0	0	552	587	
6	0	0	0	0	543	573	
7	0	0	0	0	532	559	
8	0	0	0	0	526	551	
9	0	0	0	0	524	546	
10	0	0	0	0	525	544	
11	0	0	0	0	530	546	
12	0	0	0	0	532	550	
13	0	0	0	0	535	551	
14	0	0	0	0	539	551	
15	0	0	0	0	545	556	
0	0	0	0	0	551	563	
1	0	0	0	0	552	569	
2	0	0	0	0	551	575	
3	0	0	0	0	548	579	
4	0	0	0	0	541	576	
5	0	0	0	0	535	568	
6	0	0	0	0	536	551	
7	0	0	0	0	543	535	
8	0	0	0	0	551	515	
9	0	0	0	0	558	497	
10	0	0	0	0	564	483	
11	0	0	0	0	567	472	
12	0	0	0	0	567	467	
13	0	0	0	0	566	466	
14	0	0	0	0	571	468	
15	0	0	0	0	578	473	
0	0	0	0	0	585	472	
1	0	0	0	0	591	464	
2	0	0	0	0	595	454	
3	0	0	0	0	602	452	
4	0	0	0	0	611	456	
5	0	0	0	0	620	468	
6	0	0	0	0	622	485	
7	0	0	0	0	612	499	
8	0	0	0	0	597	504	
9	0	0	0	0	583	506	
10	0	0	0	0	576	510	
11	0	0	0	0	569	511	
12	0	0	0	0	566	507	
13	0	0	0	0	561	503	
14	0	0	0	0	557	499	
15	0	0	0	0	557	497	
0	0	0	0	0	558	499	
1	0	0	0	0	558	495	
2	0	0	0	0	556	490	
3	0	0	0	0	550	478	
4	0	0	0	0	546	467	
5	0	0	0	0	542	457	
6	0	0	0	0	540	448	
7	0	0	0	0	539	438	
8	0	0	0	0	540	430	
9	0	0	0	0	544	431	
10	0	0	0	0	547	444	
11	0	0	0	0	552	467	
12	0	0	0	0	554	489	
13	0	0	0	0	556	509	
14	0	0	0	0	562	526	
15	0	0	0	0	574	542	
0	0	0	0	0	585	551	
1	0	0	0	0	598	556	
2	0	0	0	0	607	555	
3	0	0	0	0	615	548	
4	0	0	0	0	620	535	
5	0	0	0	0	616	514	
6	0	0	0	0	607	487	
7	0	0	0	0	595	464	
8	0	0	0	0	580	446	
9	0	0	0	0	569	431	
10	0	0	0	0	560	431	
11	0	0	0	0	554	440	
12	0	0	0	0	552	455	
13	0	0	0	0	551	472	
14	0	0	0	0	551	494	
15	0	0	0	0	551	512	
0	0	0	0	0	561	522	
1	0	0	0	0	575	527	
2	0	0	0	0	588	534	
3	0	0	0	0	601	539	
4	0	0	0	0	613	536	
5	0	0	0	0	619	531	
6	0	0	0	0	615	524	
7	0	0	0	0	608	508	
8	0	0	0	0	600	486	
9	0	0	0	0	592	461	
10	0	0	0	0	584	440	
11	0	0	0	0	575	423	
12	0	0	0	0	570	408	
13	0	0	0	0	567	408	
14	0	0	0	0	567	412	
15	0	0	0	0	568	421	
0	0	0	0	0	571	441	
1	0	0	0	0	579	468	
2	0	0	0	0	585	494	
3	0	0	0	0	595	520	
4	0	0	0	0	603	535	
5	0	0	0	0	610	542	
6	0	0	0	0	611	546	
7	0	0	0	0	606	547	
8	0	0	0	0	600	540	
9	0	0	0	0	592	531	
10	0	0	0	0	590	523	
11	0	0	0	0	591	512	
12	0	0	0	0	593	498	
13	0	0	0	0	592	482	
14	0	0	0	0	594	470	
15	0	0	0	0	594	459	
0	0	0	0	0	590	450	
1	0	0	0	0	582	439	
2	0	0	0	0	572	426	
3	0	0	0	0	567	417	
4	0	0	0	0	564	411	
5	0	0	0	0	563	413	
6	0	0	0	0	557	418	
7	0	0	0	0	554	433	
8	0	0	0	0	549	454	
9	0	0	0	0	543	481	
10	0	0	0	0	538	507	
11	0	0	0	0	534	529	
12	0	0	0	0	525	542	
13	0	0	0	0	516	547	
14	0	0	0	0	510	546	
15	0	0	0	0	511	539	
0	0	0	0	0	514	529	
1	0	0	0	0	520	521	
2	0	0	0	0	524	516	
3	0	0	0	0	527	517	
4	0	0	0	0	531	524	
5	0	0	0	0	537	539	
6	0	0	0	0	537	562	
7	0	0	0	0	534	589	
8	0	0	0	0	527	612	
9	0	0	0	0	524	620	
10	0	0	0	0	518	615	
11	0	0	0	0	511	601	
12	0	0	0	0	510	575	
13	0	0	0	0	512	543	
14	0	0	0	0	518	511	
15	0	0	0	0	524	478	
0	0	0	0	0	531	454	
1	0	0	0	0	536	440	
2	0	0	0	0	534	439	
3	0	0	0	0	531	445	
4	0	0	0	0	535	454	
5	0	0	0	0	547	466	
6	0	0	0	0	561	485	
7	0	0	0	0	574	510	
8	0	0	0	0	583	535	
9	0	0	0	0	583	569	
10	0	0	0	0	576	601	
11	0	0	0	0	563	622	
12	0	0	0	0	540	630	
13	0	0	0	0	519	627	
14	0	0	0	0	503	625	
15	0	0	0	0	491	615	
0	0	0	0	0	486	602	
1	0	0	0	0	480	588	
2	0	0	0	0	481	579	
3	0	0	0	0	488	571	
4	0	0	0	0	493	562	
5	0	0	0	0	497	552	
6	0	0	0	0	499	542	
7	0	0	0	0	499	529	
8	0	0	0	0	498	508	
9	0	0	0	0	496	481	
10	0	0	0	0	495	459	
11	0	0	0	0	492	437	
12	0	0	0	0	490	421	
13	0	0	0	0	486	413	
14	0	0	0	0	481	405	
15	0	0	0	0	476	401	
0	0	0	0	0	471	401	
1	0	0	0	0	470	406	
2	0	0	0	0	475	412	
3	0	0	0	0	483	419	
4	0	0	0	0	494	428	
5	0	0	0	0	502	438	
6	0	0	0	0	511	448	
7	0	0	0	0	516	462	
8	0	0	0	0	519	476	
9	0	0	0	0	520	492	
10	0	0	0	0	523	505	
11	0	0	0	0	525	520	
12	0	0	0	0	524	530	
13	0	0	0	0	519	537	
14	0	0	0	0	517	541	
15	0	0	0	0	519	545	
0	0	0	0	0	518	552	
1	0	0	0	0	515	559	
2	0	0	0	0	513	569	
3	0	0	0	0	511	581	
4	0	0	0	0	511	594	
5	0	0	0	0	516	605	
6	0	0	0	0	526	608	
7	0	0	0	0	541	605	
8	0	0	0	0	555	603	
9	0	0	0	0	566	607	
10	0	0	0	0	574	620	
11	0	0	0	0	575	635	
12	0	0	0	0	572	648	
13	0	0	0	0	568	653	
14	0	0	0	0	562	640	
15	0	0	0	0	558	617	
0	0	0	0	0	551	587	
1	0	0	0	0	540	548	
2	0	0	0	0	530	511	
3	0	0	0	0	521	476	
4	0	0	0	0	513	443	
5	0	0	0	0	505	419	
6	0	0	0	0	496	405	
7	0	0	0	0	489	396	
8	0	0	0	0	483	396	
9	0	0	0	0	480	400	
10	0	0	0	0	484	415	
11	0	0	0	0	486	436	
12	0	0	0	0	493	461	
13	0	0	0	0	502	477	
14	0	0	0	0	511	488	
15	0	0	0	0	516	494	
0	0	0	0	0	520	493	
1	0	0	0	0	518	486	
2	0	0	0	0	512	483	
3	0	0	0	0	508	485	
4	0	0	0	0	507	493	
5	0	0	0	0	504	500	
6	0	0	0	0	495	508	
7	0	0	0	0	487	513	
8	0	0	0	0	487	515	
9	0	0	0	0	494	521	
10	0	0	0	0	507	532	
11	0	0	0	0	519	547	
12	0	0	0	0	527	556	
13	0	0	0	0	536	553	
14	0	0	0	0	544	545	
15	0	0	0	0	559	531	
0	0	0	0	0	574	521	
1	0	0	0	0	584	512	
2	0	0	0	0	592	502	
3	0	0	0	0	597	485	
4	0	0	0	0	597	471	
5	0	0	0	0	594	448	
6	0	0	0	0	590	424	
7	0	0	0	0	588	401	
8	0	0	0	0	580	379	
9	0	0	0	0	578	357	
10	0	0	0	0	575	336	
11	0	0	0	0	571	316	
12	0	0	0	0	568	308	
13	0	0	0	0	565	302	
14	0	0	0	0	557	297	
15	0	0	0	0	543	293	
0	0	0	0	0	526	281	
1	0	0	0	0	509	269	
2	0	0	0	0	495	268	
3	0	0	0	0	483	269	
4	0	0	0	0	477	272	
5	0	0	0	0	475	284	
6	0	0	0	0	479	297	
7	0	0	0	0	487	312	
8	0	0	0	0	502	334	
9	0	0	0	0	520	348	
10	0	0	0	0	547	352	
11	0	0	0	0	573	361	
12	0	0	0	0	595	368	
13	0	0	0	0	614	377	
14	0	0	0	0	625	396	
15	0	0	0	0	625	408	
0	0	0	0	0	616	417	
1	0	0	0	0	608	427	
2	0	0	0	0	609	431	
3	0	0	0	0	604	437	
4	0	0	0	0	598	444	
5	0	0	0	0	592	449	
6	0	0	0	0	588	461	
7	0	0	0	0	585	471	
8	0	0	0	0	580	472	
9	0	0	0	0	575	471	
10	0	0	0	0	568	455	
11	0	0	0	0	562	434	
12	0	0	0	0	558	408	
13	0	0	0	0	556	377	
14	0	0	0	0	552	350	
15	0	0	0	0	547	324	
0	0	0	0	0	541	297	
1	0	0	0	0	532	281	
2	0	0	0	0	526	271	
3	0	0	0	0	523	263	
4	0	0	0	0	520	274	
5	0	0	0	0	521	279	
6	0	0	0	0	523	284	
7	0	0	0	0	523	287	
8	0	0	0	0	524	283	
9	0	0	0	0	524	283	
10	0	0	0	0	521	283	
11	0	0	0	0	521	281	
12	0	0	0	0	526	291	
13	0	0	0	0	534	305	
14	0	0	0	0	545	322	
15	0	0	0	0	556	355	
0	0	0	0	0	568	391	
1	0	0	0	0	576	421	
2	0	0	0	0	583	443	
3	0	0	0	0	585	461	
4	0	0	0	0	583	475	
5	0	0	0	0	579	489	
6	0	0	0	0	574	497	
7	0	0	0	0	565	492	
8	0	0	0	0	556	473	
9	0	0	0	0	546	446	
10	0	0	0	0	542	412	
11	0	0	0	0	540	378	
12	0	0	0	0	544	351	
13	0	0	0	0	554	334	
14	0	0	0	0	569	323	
15	0	0	0	0	585	316	
0	0	0	0	0	591	320	
1	0	0	0	0	585	320	
2	0	0	0	0	573	321	
3	0	0	0	0	556	329	
4	0	0	0	0	540	337	
5	0	0	0	0	526	347	
6	0	0	0	0	513	361	
7	0	0	0	0	504	370	
8	0	0	0	0	496	376	
9	0	0	0	0	492	384	
10	0	0	0	0	487	386	
11	0	0	0	0	482	385	
12	0	0	0	0	481	392	
13	0	0	0	0	487	402	
14	0	0	0	0	495	409	
15	0	0	0	0	504	422	
0	0	0	0	0	514	432	
1	0	0	0	0	525	446	
2	0	0	0	0	532	458	
3	0	0	0	0	537	461	
4	0	0	0	0	542	451	
5	0	0	0	0	547	441	
6	0	0	0	0	552	431	
7	0	0	0	0	556	423	
8	0	0	0	0	558	423	
9	0	0	0	0	559	427	
10	0	0	0	0	561	431	
11	0	0	0	0	563	431	
12	0	0	0	0	565	424	
13	0	0	0	0	569	411	
14	0	0	0	0	571	394	
15	0	0	0	0	567	379	
0	0	0	0	0	559	375	
1	0	0	0	0	547	370	
2	0	0	0	0	528	368	
3	0	0	0	0	507	372	
4	0	0	0	0	485	371	
5	0	0	0	0	463	371	
6	0	0	0	0	444	375	
7	0	0	0	0	429	383	
8	0	0	0	0	417	391	
9	0	0	0	0	412	397	
10	0	0	0	0	411	399	
11	0	0	0	0	413	404	
12	0	0	0	0	422	407	
13	0	0	0	0	436	410	
14	0	0	0	0	453	407	
15	0	0	0	0	470	399	
0	0	0	0	0	484	391	
1	0	0	0	0	499	385	
2	0	0	0	0	509	380	
3	0	0	0	0	515	373	
4	0	0	0	0	519	363	
5	0	0	0	0	519	351	
6	0	0	0	0	516	344	
7	0	0	0	0	510	334	
8	0	0	0	0	500	321	
9	0	0	0	0	493	317	
10	0	0	0	0	487	316	
11	0	0	0	0	479	318	
12	0	0	0	0	476	328	
13	0	0	0	0	472	345	
14	0	0	0	0	471	368	
15	0	0	0	0	471	390	
0	0	0	0	0	472	410	
1	0	0	0	0	479	427	
2	0	0	0	0	488	439	
3	0	0	0	0	498	444	
4	0	0	0	0	508	446	
5	0	0	0	0	511	444	
6	0	0	0	0	512	438	
7	0	0	0	0	512	434	
8	0	0	0	0	514	433	
9	0	0	0	0	520	427	
10	0	0	0	0	531	414	
11	0	0	0	0	543	407	
12	0	0	0	0	551	403	
13	0	0	0	0	556	401	
14	0	0	0	0	556	405	
15	0	0	0	0	548	413	
0	0	0	0	0	534	417	
1	0	0	0	0	515	416	
2	0	0	0	0	497	416	
3	0	0	0	0	484	412	
4	0	0	0	0	476	403	
5	0	0	0	0	473	395	
6	0	0	0	0	477	386	
7	0	0	0	0	483	380	
8	0	0	0	0	492	378	
9	0	0	0	0	501	384	
10	0	0	0	0	507	389	
11	0	0	0	0	507	394	
12	0	0	0	0	507	399	
13	0	0	0	0	508	406	
14	0	0	0	0	512	413	
15	0	0	0	0	516	424	
0	0	0	0	0	521	433	
1	0	0	0	0	524	441	
2	0	0	0	0	529	447	
3	0	0	0	0	532	455	
4	0	0	0	0	540	467	
5	0	0	0	0	546	478	
6	0	0	0	0	551	483	
7	0	0	0	0	554	481	
8	0	0	0	0	555	479	
9	0	0	0	0	553	473	
10	0	0	0	0	544	465	
11	0	0	0	0	539	464	
12	0	0	0	0	536	468	
13	0	0	0	0	533	477	
14	0	0	0	0	529	486	
15	0	0	0	0	521	492	
0	0	0	0	0	511	493	
1	0	0	0	0	500	489	
2	0	0	0	0	487	477	
3	0	0	0	0	478	466	
4	0	0	0	0	475	456	
5	0	0	0	0	480	447	
6	0	0	0	0	492	440	
7	0	0	0	0	507	437	
8	0	0	0	0	519	435	
9	0	0	0	0	530	436	
10	0	0	0	0	540	434	
11	0	0	0	0	551	433	
12	0	0	0	0	558	437	
13	0	0	0	0	559	439	
14	0	0	0	0	556	445	
15	0	0	0	0	550	447	
0	0	0	0	0	537	446	
1	0	0	0	0	517	443	
2	0	0	0	0	496	440	
3	0	0	0	0	475	440	
4	0	0	0	0	456	442	
5	0	0	0	0	445	441	
6	0	0	0	0	441	437	
7	0	0	0	0	442	434	
8	0	0	0	0	446	431	
9	0	0	0	0	458	426	
10	0	0	0	0	467	421	
11	0	0	0	0	471	417	
12	0	0	0	0	472	414	
13	0	0	0	0	476	409	
14	0	0	0	0	483	401	
15	0	0	0	0	496	393	
0	0	0	0	0	504	383	
1	0	0	0	0	514	373	
2	0	0	0	0	522	373	
3	0	0	0	0	529	370	
4	0	0	0	0	537	369	
5	0	0	0	0	543	369	
6	0	0	0	0	545	375	
7	0	0	0	0	547	382	
8	0	0	0	0	548	391	
9	0	0	0	0	554	400	
10	0	0	0	0	559	410	
11	0	0	0	0	563	416	
12	0	0	0	0	567	412	
13	0	0	0	0	569	411	
14	0	0	0	0	572	405	
15	0	0	0	0	576	398	
0	0	0	0	0	580	395	
1	0	0	0	0	584	391	
2	0	0	0	0	591	396	
3	0	0	0	0	595	400	
4	0	0	0	0	596	400	
5	0	0	0	0	598	409	
6	0	0	0	0	601	413	
7	0	0	0	0	604	417	
8	0	0	0	0	604	423	
9	0	0	0	0	599	432	
10	0	0	0	0	592	440	
11	0	0	0	0	583	446	
12	0	0	0	0	574	451	
13	0	0	0	0	566	452	
14	0	0	0	0	562	452	
15	0	0	0	0	564	456	
0	0	0	0	0	569	469	
1	0	0	0	0	575	487	
2	0	0	0	0	579	506	
3	0	0	0	0	576	530	
4	0	0	0	0	572	545	
5	0	0	0	0	566	551	
6	0	0	0	0	556	549	
7	0	0	0	0	547	537	
8	0	0	0	0	537	519	
9	0	0	0	0	524	496	
10	0	0	0	0	510	467	
11	0	0	0	0	505	435	
12	0	0	0	0	509	406	
13	0	0	0	0	517	382	
14	0	0	0	0	528	366	
15	0	0	0	0	539	352	
0	0	0	0	0	551	344	
1	0	0	0	0	561	343	
2	0	0	0	0	571	345	
3	0	0	0	0	575	359	
4	0	0	0	0	572	370	
5	0	0	0	0	565	377	
6	0	0	0	0	560	387	
7	0	0	0	0	558	388	
8	0	0	0	0	564	384	
9	0	0	0	0	569	385	
10	0	0	0	0	574	383	
11	0	0	0	0	581	383	
12	0	0	0	0	585	387	
13	0	0	0	0	584	391	
14	0	0	0	0	581	395	
15	0	0	0	0	579	400	
0	0	0	0	0	575	409	
1	0	0	0	0	569	423	
2	0	0	0	0	567	444	
3	0	0	0	0	566	459	
4	0	0	0	0	564	479	
5	0	0	0	0	561	499	
6	0	0	0	0	554	525	
7	0	0	0	0	547	553	
8	0	0	0	0	540	578	
9	0	0	0	0	538	598	
10	0	0	0	0	539	605	
11	0	0	0	0	543	596	
12	0	0	0	0	545	569	
13	0	0	0	0	546	524	
14	0	0	0	0	547	470	
15	0	0	0	0	546	414	
0	0	0	0	0	543	368	
1	0	0	0	0	542	331	
2	0	0	0	0	540	317	
3	0	0	0	0	540	307	
4	0	0	0	0	541	307	
5	0	0	0	0	540	319	
6	0	0	0	0	540	331	
7	0	0	0	0	539	346	
8	0	0	0	0	536	367	
9	0	0	0	0	532	385	
10	0	0	0	0	523	398	
11	0	0	0	0	515	408	
12	0	0	0	0	510	416	
13	0	0	0	0	506	423	
14	0	0	0	0	509	431	
15	0	0	0	0	512	443	
0	0	0	0	0	520	455	
1	0	0	0	0	532	463	
2	0	0	0	0	542	470	
3	0	0	0	0	551	481	
4	0	0	0	0	558	500	
5	0	0	0	0	564	521	
6	0	0	0	0	565	538	
7	0	0	0	0	560	552	
8	0	0	0	0	549	565	
9	0	0	0	0	534	577	
10	0	0	0	0	516	589	
11	0	0	0	0	504	598	
12	0	0	0	0	499	607	
13	0	0	0	0	499	620	
14	0	0	0	0	507	631	
15	0	0	0	0	518	641	
0	0	0	0	0	529	646	
1	0	0	0	0	535	639	
2	0	0	0	0	534	623	
3	0	0	0	0	535	596	
4	0	0	0	0	534	562	
5	0	0	0	0	533	524	
6	0	0	0	0	536	489	
7	0	0	0	0	540	460	
8	0	0	0	0	539	437	
9	0	0	0	0	535	421	
10	0	0	0	0	529	409	
11	0	0	0	0	523	404	
12	0	0	0	0	518	404	
13	0	0	0	0	515	407	
14	0	0	0	0	513	422	
15	0	0	0	0	512	433	
0	0	0	0	0	510	444	
1	0	0	0	0	512	452	
2	0	0	0	0	513	459	
3	0	0	0	0	512	467	
4	0	0	0	0	505	475	
5	0	0	0	0	499	483	
6	0	0	0	0	496	493	
7	0	0	0	0	493	505	
8	0	0	0	0	493	515	
9	0	0	0	0	488	521	
10	0	0	0	0	484	526	
11	0	0	0	0	485	531	
12	0	0	0	0	487	533	
13	0	0	0	0	489	534	
14	0	0	0	0	487	532	
15	0	0	0	0	487	529	
0	0	0	0	0	487	533	
1	0	0	0	0	484	541	
2	0	0	0	0	480	555	
3	0	0	0	0	477	571	
4	0	0	0	0	480	583	
5	0	0	0	0	495	601	
6	0	0	0	0	512	622	
7	0	0	0	0	531	640	
8	0	0	0	0	547	657	
9	0	0	0	0	558	667	
10	0	0	0	0	567	661	
11	0	0	0	0	572	651	
12	0	0	0	0	573	632	
13	0	0	0	0	569	611	
14	0	0	0	0	563	595	
15	0	0	0	0	553	582	
0	0	0	0	0	546	575	
1	0	0	0	0	540	575	
2	0	0	0	0	534	581	
3	0	0	0	0	529	589	
4	0	0	0	0	523	594	
5	0	0	0	0	519	594	
6	0	0	0	0	516	595	
7	0	0	0	0	514	592	
8	0	0	0	0	508	585	
9	0	0	0	0	497	576	
10	0	0	0	0	487	561	
11	0	0	0	0	476	539	
12	0	0	0	0	469	522	
13	0	0	0	0	466	514	
14	0	0	0	0	473	519	
15	0	0	0	0	488	533	
0	0	0	0	0	505	552	
1	0	0	0	0	519	564	
2	0	0	0	0	530	573	
3	0	0	0	0	539	583	
4	0	0	0	0	544	591	
5	0	0	0	0	545	599	
6	0	0	0	0	543	602	
7	0	0	0	0	540	597	
8	0	0	0	0	537	588	
9	0	0	0	0	535	579	
10	0	0	0	0	531	576	
11	0	0	0	0	528	576	
12	0	0	0	0	525	580	
13	0	0	0	0	521	580	
14	0	0	0	0	515	580	
15	0	0	0	0	504	587	
0	0	0	0	0	487	602	
1	0	0	0	0	470	624	
2	0	0	0	0	457	643	
3	0	0	0	0	449	656	
4	0	0	0	0	448	661	
5	0	0	0	0	451	652	
6	0	0	0	0	457	644	
7	0	0	0	0	464	632	
8	0	0	0	0	471	613	
9	0	0	0	0	476	585	
10	0	0	0	0	477	559	
11	0	0	0	0	475	534	
12	0	0	0	0	467	515	
13	0	0	0	0	461	498	
14	0	0	0	0	458	491	
15	0	0	0	0	460	493	
0	0	0	0	0	466	500	
1	0	0	0	0	475	507	
2	0	0	0	0	483	510	
3	0	0	0	0	492	509	
4	0	0	0	0	504	508	
5	0	0	0	0	518	513	
6	0	0	0	0	529	523	
7	0	0	0	0	540	532	
8	0	0	0	0	545	542	
9	0	0	0	0	542	548	
10	0	0	0	0	534	551	
11	0	0	0	0	522	551	
12	0	0	0	0	514	547	
13	0	0	0	0	509	541	
14	0	0	0	0	507	536	
15	0	0	0	0	505	532	
0	0	0	0	0	499	536	
1	0	0	0	0	494	543	
2	0	0	0	0	486	557	
3	0	0	0	0	478	567	
4	0	0	0	0	471	580	
5	0	0	0	0	465	593	
6	0	0	0	0	463	604	
7	0	0	0	0	462	610	
8	0	0	0	0	464	615	
9	0	0	0	0	465	612	
10	0	0	0	0	460	612	
11	0	0	0	0	455	611	
12	0	0	0	0	456	610	
13	0	0	0	0	461	610	
14	0	0	0	0	470	613	
15	0	0	0	0	481	627	
0	0	0	0	0	493	649	
1	0	0	0	0	506	672	
2	0	0	0	0	516	690	
3	0	0	0	0	518	698	
4	0	0	0	0	513	696	
5	0	0	0	0	501	687	
6	0	0	0	0	489	669	
7	0	0	0	0	472	653	
8	0	0	0	0	455	637	
9	0	0	0	0	444	630	
10	0	0	0	0	437	624	
11	0	0	0	0	432	625	
12	0	0	0	0	428	630	
13	0	0	0	0	426	635	
14	0	0	0	0	427	641	
15	0	0	0	0	430	649	
0	0	0	0	0	436	647	
1	0	0	0	0	444	649	
2	0	0	0	0	448	655	
3	0	0	0	0	450	663	
4	0	0	0	0	452	673	
5	0	0	0	0	454	684	
6	0	0	0	0	460	683	
7	0	0	0	0	465	680	
8	0	0	0	0	472	669	
9	0	0	0	0	479	644	
10	0	0	0	0	487	624	
11	0	0	0	0	491	611	
12	0	0	0	0	493	602	
13	0	0	0	0	496	600	
14	0	0	0	0	499	599	
15	0	0	0	0	502	594	
0	0	0	0	0	503	590	
1	0	0	0	0	503	583	
2	0	0	0	0	504	578	
3	0	0	0	0	506	581	
4	0	0	0	0	508	588	
5	0	0	0	0	512	593	
6	0	0	0	0	513	596	
7	0	0	0	0	519	604	
8	0	0	0	0	524	618	
9	0	0	0	0	527	635	
10	0	0	0	0	532	649	
11	0	0	0	0	533	656	
12	0	0	0	0	525	652	
13	0	0	0	0	509	640	
14	0	0	0	0	489	624	
15	0	0	0	0	473	601	
0	0	0	0	0	463	579	
1	0	0	0	0	459	556	
2	0	0	0	0	455	527	
3	0	0	0	0	451	499	
4	0	0	0	0	448	469	
5	0	0	0	0	449	447	
6	0	0	0	0	454	433	
7	0	0	0	0	462	422	
8	0	0	0	0	471	415	
9	0	0	0	0	476	411	
10	0	0	0	0	480	410	
11	0	0	0	0	480	415	
12	0	0	0	0	474	429	
13	0	0	0	0	473	447	
14	0	0	0	0	475	464	
15	0	0	0	0	481	480	
0	0	0	0	0	488	493	
1	0	0	0	0	495	504	
2	0	0	0	0	506	516	
3	0	0	0	0	514	523	
4	0	0	0	0	523	527	
5	0	0	0	0	534	531	
6	0	0	0	0	543	540	
7	0	0	0	0	551	556	
8	0	0	0	0	557	579	
9	0	0	0	0	559	600	
10	0	0	0	0	550	615	
11	0	0	0	0	536	619	
12	0	0	0	0	525	617	
13	0	0	0	0	512	608	
14	0	0	0	0	501	595	
15	0	0	0	0	489	579	
0	0	0	0	0	476	562	
1	0	0	0	0	467	543	
2	0	0	0	0	462	533	
3	0	0	0	0	461	535	
4	0	0	0	0	465	545	
5	0	0	0	0	471	558	
6	0	0	0	0	476	561	
7	0	0	0	0	487	563	
8	0	0	0	0	501	564	
9	0	0	0	0	510	560	
10	0	0	0	0	513	556	
11	0	0	0	0	515	551	
12	0	0	0	0	517	544	
13	0	0	0	0	514	540	
14	0	0	0	0	511	538	
15	0	0	0	0	509	540	
0	0	0	0	0	511	545	
1	0	0	0	0	515	551	
2	0	0	0	0	517	559	
3	0	0	0	0	519	570	
4	0	0	0	0	516	585	
5	0	0	0	0	508	603	
6	0	0	0	0	499	621	
7	0	0	0	0	491	639	
8	0	0	0	0	487	655	
9	0	0	0	0	481	663	
10	0	0	0	0	479	668	
11	0	0	0	0	479	668	
12	0	0	0	0	487	658	
13	0	0	0	0	496	647	
14	0	0	0	0	502	630	
15	0	0	0	0	505	611	
0	0	0	0	0	508	584	
1	0	0	0	0	505	556	
2	0	0	0	0	505	530	
3	0	0	0	0	504	509	
4	0	0	0	0	500	494	
5	0	0	0	0	496	483	
6	0	0	0	0	489	472	
7	0	0	0	0	483	459	
8	0	0	0	0	479	444	
9	0	0	0	0	474	429	
10	0	0	0	0	473	414	
11	0	0	0	0	472	404	
12	0	0	0	0	473	397	
13	0	0	0	0	479	395	
14	0	0	0	0	484	396	
15	0	0	0	0	490	398	
0	0	0	0	0	497	394	
1	0	0	0	0	507	393	
2	0	0	0	0	519	397	
3	0	0	0	0	526	406	
4	0	0	0	0	532	419	
5	0	0	0	0	542	435	
6	0	0	0	0	557	452	
7	0	0	0	0	570	473	
8	0	0	0	0	579	493	
9	0	0	0	0	587	511	
10	0	0	0	0	592	526	
11	0	0	0	0	590	540	
12	0	0	0	0	581	554	
13	0	0	0	0	565	566	
14	0	0	0	0	550	577	
15	0	0	0	0	533	582	
0	0	0	0	0	520	579	
1	0	0	0	0	513	571	
2	0	0	0	0	508	559	
3	0	0	0	0	508	544	
4	0	0	0	0	511	527	
5	0	0	0	0	510	509	
6	0	0	0	0	511	492	
7	0	0	0	0	505	475	
8	0	0	0	0	496	460	
9	0	0	0	0	483	446	
10	0	0	0	0	470	440	
11	0	0	0	0	459	444	
12	0	0	0	0	449	452	
13	0	0	0	0	441	463	
14	0	0	0	0	436	472	
15	0	0	0	0	434	473	
0	0	0	0	0	439	477	
1	0	0	0	0	452	492	
2	0	0	0	0	471	517	
3	0	0	0	0	490	546	
4	0	0	0	0	507	580	
5	0	0	0	0	523	613	
6	0	0	0	0	527	639	
7	0	0	0	0	525	659	
8	0	0	0	0	519	665	
9	0	0	0	0	511	655	
10	0	0	0	0	498	631	
11	0	0	0	0	489	599	
12	0	0	0	0	483	558	
13	0	0	0	0	480	515	
14	0	0	0	0	478	472	
15	0	0	0	0	481	425	
0	0	0	0	0	480	385	
1	0	0	0	0	481	352	
2	0	0	0	0	485	333	
3	0	0	0	0	491	326	
4	0	0	0	0	495	325	
5	0	0	0	0	500	338	
6	0	0	0	0	504	358	
7	0	0	0	0	505	382	
8	0	0	0	0	508	409	
9	0	0	0	0	513	440	
10	0	0	0	0	516	465	
11	0	0	0	0	520	487	
12	0	0	0	0	525	505	
13	0	0	0	0	532	521	
14	0	0	0	0	542	538	
15	0	0	0	0	555	559	
0	0	0	0	0	565	580	
1	0	0	0	0	575	595	
2	0	0	0	0	581	597	
3	0	0	0	0	589	591	
4	0	0	0	0	592	580	
5	0	0	0	0	591	560	
6	0	0	0	0	578	535	
7	0	0	0	0	558	508	
8	0	0	0	0	542	477	
9	0	0	0	0	526	443	
10	0	0	0	0	512	409	
11	0	0	0	0	497	379	
12	0	0	0	0	483	358	
13	0	0	0	0	472	351	
14	0	0	0	0	465	357	
15	0	0	0	0	463	368	
0	0	0	0	0	459	379	
1	0	0	0	0	452	385	
2	0	0	0	0	445	389	
3	0	0	0	0	441	396	
4	0	0	0	0	446	406	
5	0	0	0	0	457	419	
6	0	0	0	0	468	432	
7	0	0	0	0	480	444	
8	0	0	0	0	493	459	
9	0	0	0	0	505	476	
10	0	0	0	0	514	495	
11	0	0	0	0	520	524	
12	0	0	0	0	521	549	
13	0	0	0	0	521	568	
14	0	0	0	0	521	577	
15	0	0	0	0	523	582	
0	0	0	0	0	529	584	
1	0	0	0	0	539	587	
2	0	0	0	0	550	583	
3	0	0	0	0	560	578	
4	0	0	0	0	566	572	
5	0	0	0	0	567	560	
6	0	0	0	0	563	540	
7	0	0	0	0	558	518	
8	0	0	0	0	553	501	
9	0	0	0	0	553	493	
10	0	0	0	0	552	494	
11	0	0	0	0	554	494	
12	0	0	0	0	551	493	
13	0	0	0	0	541	495	
14	0	0	0	0	523	494	
15	0	0	0	0	499	487	
0	0	0	0	0	477	478	
1	0	0	0	0	458	469	
2	0	0	0	0	442	458	
3	0	0	0	0	431	443	
4	0	0	0	0	423	428	
5	0	0	0	0	415	415	
6	0	0	0	0	416	406	
7	0	0	0	0	416	401	
8	0	0	0	0	420	395	
9	0	0	0	0	425	387	
10	0	0	0	0	431	382	
11	0	0	0	0	430	383	
12	0	0	0	0	425	393	
13	0	0	0	0	421	410	
14	0	0	0	0	418	428	
15	0	0	0	0	419	446	
0	0	0	0	0	427	461	
1	0	0	0	0	434	477	
2	0	0	0	0	441	495	
3	0	0	0	0	453	515	
4	0	0	0	0	468	533	
5	0	0	0	0	483	556	
6	0	0	0	0	497	579	
7	0	0	0	0	511	600	
8	0	0	0	0	529	616	
9	0	0	0	0	555	625	
10	0	0	0	0	572	623	
11	0	0	0	0	582	612	
12	0	0	0	0	588	600	
13	0	0	0	0	586	590	
14	0	0	0	0	583	574	
15	0	0	0	0	576	555	
0	0	0	0	0	563	532	
1	0	0	0	0	544	506	
2	0	0	0	0	524	479	
3	0	0	0	0	505	460	
4	0	0	0	0	492	444	
5	0	0	0	0	481	432	
6	0	0	0	0	478	429	
7	0	0	0	0	478	428	
8	0	0	0	0	479	430	
9	0	0	0	0	475	430	
10	0	0	0	0	466	432	
11	0	0	0	0	459	435	
12	0	0	0	0	454	440	
13	0	0	0	0	455	448	
14	0	0	0	0	456	457	
15	0	0	0	0	460	471	
0	0	0	0	0	468	482	
1	0	0	0	0	478	487	
2	0	0	0	0	492	488	
3	0	0	0	0	503	482	
4	0	0	0	0	518	475	
5	0	0	0	0	529	465	
6	0	0	0	0	539	460	
7	0	0	0	0	549	459	
8	0	0	0	0	563	465	
9	0	0	0	0	577	474	
10	0	0	0	0	588	485	
11	0	0	0	0	599	493	
12	0	0	0	0	599	505	
13	0	0	0	0	592	525	
14	0	0	0	0	587	547	
15	0	0	0	0	577	563	
0	0	0	0	0	567	575	
1	0	0	0	0	554	581	
2	0	0	0	0	539	584	
3	0	0	0	0	524	590	
4	0	0	0	0	515	597	
5	0	0	0	0	504	597	
6	0	0	0	0	496	587	
7	0	0	0	0	490	573	
8	0	0	0	0	487	559	
9	0	0	0	0	491	551	
10	0	0	0	0	501	548	
11	0	0	0	0	511	545	
12	0	0	0	0	521	542	
13	0	0	0	0	532	538	
14	0	0	0	0	540	531	
15	0	0	0	0	546	524	
0	0	0	0	0	556	515	
1	0	0	0	0	569	510	
2	0	0	0	0	578	508	
3	0	0	0	0	586	508	
4	0	0	0	0	593	509	
5	0	0	0	0	599	509	
6	0	0	0	0	601	508	
7	0	0	0	0	600	502	
8	0	0	0	0	593	492	
9	0	0	0	0	583	483	
10	0	0	0	0	574	470	
11	0	0	0	0	569	457	
