# OpenSignals Text File Format. Version 1
# {"98:D3:41:FE:30:BA": {"position": 0, "device": "bitalino_rev", "device name": "98:D3:41:FE:30:BA", "device connection": "BTH98:D3:41:FE:30:BA", "sampling rate": 1000, "resolution": [4, 1, 1, 1, 1, 10, 10], "firmware version": 1282, "comments": "", "keywords": "", "mode": 0, "sync interval": 2, "date": "2026-9-25", "time": "12:20:18.909", "channels": [1, 2], "sensor": ["EEGBITREV", "EEGBITREV"], "label": ["A1", "A2"], "column": ["nSeq", "I1", "I2", "O1", "O2", "A1", "A2"], "special": [{}, {}], "digital IO": [0, 0, 1, 1]}}
# EndOfHeader
0	0	0	0	0	463	600	
1	0	0	0	0	467	596	
2	0	0	0	0	470	587	
3	0	0	0	0	471	579	
4	0	0	0	0	473	568	
5	0	0	0	0	474	558	
6	0	0	0	0	478	552	
7	0	0	0	0	487	549	
8	0	0	0	0	496	548	
9	0	0	0	0	503	548	
10	0	0	0	0	507	547	
11	0	0	0	0	511	543	
12	0	0	0	0	516	536	
13	0	0	0	0	519	530	
14	0	0	0	0	521	527	
15	0	0	0	0	519	530	
0	0	0	0	0	515	534	
1	0	0	0	0	515	537	
2	0	0	0	0	515	541	
3	0	0	0	0	511	547	
4	0	0	0	0	504	553	
5	0	0	0	0	492	556	
6	0	0	0	0	481	557	
7	0	0	0	0	476	563	
8	0	0	0	0	473	572	
9	0	0	0	0	469	580	
10	0	0	0	0	468	588	
11	0	0	0	0	468	588	
12	0	0	0	0	471	588	
13	0	0	0	0	473	591	
14	0	0	0	0	477	593	
15	0	0	0	0	476	596	
0	0	0	0	0	470	596	
1	0	0	0	0	463	596	
2	0	0	0	0	455	587	
3	0	0	0	0	449	580	
4	0	0	0	0	447	577	
5	0	0	0	0	446	579	
6	0	0	0	0	451	579	
7	0	0	0	0	454	570	
8	0	0	0	0	455	555	
9	0	0	0	0	455	540	
10	0	0	0	0	453	526	
11	0	0	0	0	451	513	
12	0	0	0	0	453	503	
13	0	0	0	0	456	497	
14	0	0	0	0	459	499	
15	0	0	0	0	462	503	
0	0	0	0	0	469	505	
1	0	0	0	0	476	504	
2	0	0	0	0	483	499	
3	0	0	0	0	489	492	
4	0	0	0	0	494	483	
5	0	0	0	0	496	481	
6	0	0	0	0	497	476	
7	0	0	0	0	493	471	
8	0	0	0	0	487	468	
9	0	0	0	0	481	465	
10	0	0	0	0	484	465	
11	0	0	0	0	489	467	
12	0	0	0	0	491	471	
13	0	0	0	0	490	477	
14	0	0	0	0	489	487	
15	0	0	0	0	487	498	
0	0	0	0	0	487	508	
1	0	0	0	0	487	513	
2	0	0	0	0	484	512	
3	0	0	0	0	483	512	
4	0	0	0	0	483	513	
5	0	0	0	0	482	514	
6	0	0	0	0	479	519	
7	0	0	0	0	479	522	
8	0	0	0	0	481	527	
9	0	0	0	0	484	530	
10	0	0	0	0	490	532	
11	0	0	0	0	496	527	
12	0	0	0	0	504	517	
13	0	0	0	0	509	505	
14	0	0	0	0	516	492	
15	0	0	0	0	522	480	
0	0	0	0	0	527	471	
1	0	0	0	0	528	468	
2	0	0	0	0	527	466	
3	0	0	0	0	528	469	
4	0	0	0	0	533	471	
5	0	0	0	0	537	473	
6	0	0	0	0	541	476	
7	0	0	0	0	546	476	
8	0	0	0	0	546	476	
9	0	0	0	0	543	476	
10	0	0	0	0	540	475	
11	0	0	0	0	536	475	
12	0	0	0	0	534	477	
13	0	0	0	0	529	478	
14	0	0	0	0	524	480	
15	0	0	0	0	517	484	
0	0	0	0	0	512	492	
1	0	0	0	0	510	503	
2	0	0	0	0	508	516	
3	0	0	0	0	506	525	
4	0	0	0	0	503	526	
5	0	0	0	0	494	520	
6	0	0	0	0	489	512	
7	0	0	0	0	489	503	
8	0	0	0	0	491	498	
9	0	0	0	0	494	493	
10	0	0	0	0	499	493	
11	0	0	0	0	506	495	
12	0	0	0	0	510	495	
13	0	0	0	0	511	496	
14	0	0	0	0	511	495	
15	0	0	0	0	511	495	
0	0	0	0	0	511	496	
1	0	0	0	0	507	499	
2	0	0	0	0	504	499	
3	0	0	0	0	499	496	
4	0	0	0	0	495	492	
5	0	0	0	0	489	486	
6	0	0	0	0	485	484	
7	0	0	0	0	487	485	
8	0	0	0	0	491	488	
9	0	0	0	0	496	490	
10	0	0	0	0	497	489	
11	0	0	0	0	496	486	
12	0	0	0	0	497	483	
13	0	0	0	0	502	477	
14	0	0	0	0	505	474	
15	0	0	0	0	507	475	
0	0	0	0	0	514	479	
1	0	0	0	0	520	488	
2	0	0	0	0	530	499	
3	0	0	0	0	544	512	
4	0	0	0	0	556	526	
5	0	0	0	0	563	533	
6	0	0	0	0	563	531	
7	0	0	0	0	556	527	
8	0	0	0	0	546	526	
9	0	0	0	0	538	526	
10	0	0	0	0	531	527	
11	0	0	0	0	524	525	
12	0	0	0	0	518	520	
13	0	0	0	0	508	516	
14	0	0	0	0	499	514	
15	0	0	0	0	496	515	
0	0	0	0	0	498	514	
1	0	0	0	0	507	518	
2	0	0	0	0	515	525	
3	0	0	0	0	523	532	
4	0	0	0	0	527	539	
5	0	0	0	0	529	546	
6	0	0	0	0	529	549	
7	0	0	0	0	526	549	
8	0	0	0	0	520	541	
9	0	0	0	0	515	528	
10	0	0	0	0	515	517	
11	0	0	0	0	522	508	
12	0	0	0	0	529	507	
13	0	0	0	0	536	507	
14	0	0	0	0	544	508	
15	0	0	0	0	551	508	
0	0	0	0	0	558	511	
1	0	0	0	0	563	510	
2	0	0	0	0	569	505	
3	0	0	0	0	575	508	
4	0	0	0	0	578	513	
5	0	0	0	0	580	527	
6	0	0	0	0	585	539	
7	0	0	0	0	586	552	
8	0	0	0	0	583	568	
9	0	0	0	0	579	575	
10	0	0	0	0	574	571	
11	0	0	0	0	571	555	
12	0	0	0	0	572	527	
13	0	0	0	0	579	501	
14	0	0	0	0	583	480	
15	0	0	0	0	585	463	
0	0	0	0	0	583	449	
1	0	0	0	0	576	438	
2	0	0	0	0	568	433	
3	0	0	0	0	563	437	
4	0	0	0	0	556	444	
5	0	0	0	0	547	453	
6	0	0	0	0	533	467	
7	0	0	0	0	527	481	
8	0	0	0	0	523	496	
9	0	0	0	0	520	510	
10	0	0	0	0	521	520	
11	0	0	0	0	521	527	
12	0	0	0	0	524	532	
13	0	0	0	0	528	536	
14	0	0	0	0	532	537	
15	0	0	0	0	538	537	
0	0	0	0	0	542	538	
1	0	0	0	0	544	541	
2	0	0	0	0	543	547	
3	0	0	0	0	541	560	
4	0	0	0	0	540	574	
5	0	0	0	0	540	580	
6	0	0	0	0	540	580	
7	0	0	0	0	540	575	
8	0	0	0	0	536	566	
9	0	0	0	0	530	556	
10	0	0	0	0	527	549	
11	0	0	0	0	523	547	
12	0	0	0	0	521	547	
13	0	0	0	0	516	547	
14	0	0	0	0	513	547	
15	0	0	0	0	514	547	
0	0	0	0	0	515	543	
1	0	0	0	0	519	538	
2	0	0	0	0	524	532	
3	0	0	0	0	529	526	
4	0	0	0	0	536	519	
5	0	0	0	0	541	512	
6	0	0	0	0	540	505	
7	0	0	0	0	537	496	
8	0	0	0	0	536	487	
9	0	0	0	0	536	483	
10	0	0	0	0	535	484	
11	0	0	0	0	539	488	
12	0	0	0	0	545	494	
13	0	0	0	0	556	499	
14	0	0	0	0	567	504	
15	0	0	0	0	579	507	
0	0	0	0	0	588	508	
1	0	0	0	0	597	505	
2	0	0	0	0	601	502	
3	0	0	0	0	604	499	
4	0	0	0	0	607	501	
5	0	0	0	0	606	502	
6	0	0	0	0	603	501	
7	0	0	0	0	599	503	
8	0	0	0	0	594	509	
9	0	0	0	0	588	520	
10	0	0	0	0	580	531	
11	0	0	0	0	575	535	
12	0	0	0	0	569	535	
13	0	0	0	0	562	524	
14	0	0	0	0	559	505	
15	0	0	0	0	556	483	
0	0	0	0	0	555	460	
1	0	0	0	0	556	447	
2	0	0	0	0	558	437	
3	0	0	0	0	563	440	
4	0	0	0	0	566	441	
5	0	0	0	0	570	448	
6	0	0	0	0	568	451	
7	0	0	0	0	562	460	
8	0	0	0	0	555	472	
9	0	0	0	0	547	486	
10	0	0	0	0	538	503	
11	0	0	0	0	527	522	
12	0	0	0	0	515	537	
13	0	0	0	0	506	553	
14	0	0	0	0	500	563	
15	0	0	0	0	498	568	
0	0	0	0	0	496	564	
1	0	0	0	0	499	553	
2	0	0	0	0	504	540	
3	0	0	0	0	511	525	
4	0	0	0	0	514	511	
5	0	0	0	0	517	499	
6	0	0	0	0	521	495	
7	0	0	0	0	525	494	
8	0	0	0	0	533	495	
9	0	0	0	0	544	499	
10	0	0	0	0	554	507	
11	0	0	0	0	563	510	
12	0	0	0	0	569	506	
13	0	0	0	0	577	501	
14	0	0	0	0	584	494	
15	0	0	0	0	590	492	
0	0	0	0	0	595	492	
1	0	0	0	0	603	494	
2	0	0	0	0	608	491	
3	0	0	0	0	611	484	
4	0	0	0	0	613	474	
5	0	0	0	0	614	466	
6	0	0	0	0	611	459	
7	0	0	0	0	605	455	
8	0	0	0	0	600	451	
9	0	0	0	0	600	448	
10	0	0	0	0	601	450	
11	0	0	0	0	604	451	
12	0	0	0	0	603	453	
13	0	0	0	0	600	455	
14	0	0	0	0	599	462	
15	0	0	0	0	600	466	
0	0	0	0	0	602	470	
1	0	0	0	0	604	477	
2	0	0	0	0	602	483	
3	0	0	0	0	601	483	
4	0	0	0	0	604	485	
5	0	0	0	0	611	480	
6	0	0	0	0	617	475	
7	0	0	0	0	626	467	
8	0	0	0	0	632	460	
9	0	0	0	0	636	457	
10	0	0	0	0	636	458	
11	0	0	0	0	635	458	
12	0	0	0	0	635	457	
13	0	0	0	0	631	455	
14	0	0	0	0	626	454	
15	0	0	0	0	622	451	
0	0	0	0	0	620	446	
1	0	0	0	0	624	440	
2	0	0	0	0	625	434	
3	0	0	0	0	624	432	
4	0	0	0	0	624	432	
5	0	0	0	0	626	440	
6	0	0	0	0	627	445	
7	0	0	0	0	630	449	
8	0	0	0	0	631	450	
9	0	0	0	0	632	449	
10	0	0	0	0	634	450	
11	0	0	0	0	637	454	
12	0	0	0	0	644	457	
13	0	0	0	0	649	458	
14	0	0	0	0	654	455	
15	0	0	0	0	661	450	
0	0	0	0	0	662	444	
1	0	0	0	0	657	443	
2	0	0	0	0	649	445	
3	0	0	0	0	643	451	
4	0	0	0	0	639	455	
5	0	0	0	0	630	460	
6	0	0	0	0	622	466	
7	0	0	0	0	615	476	
8	0	0	0	0	607	489	
9	0	0	0	0	600	505	
10	0	0	0	0	600	519	
11	0	0	0	0	604	531	
12	0	0	0	0	607	543	
13	0	0	0	0	611	545	
14	0	0	0	0	615	547	
15	0	0	0	0	619	543	
0	0	0	0	0	620	530	
1	0	0	0	0	619	510	
2	0	0	0	0	616	487	
3	0	0	0	0	609	464	
4	0	0	0	0	600	444	
5	0	0	0	0	589	429	
6	0	0	0	0	582	416	
7	0	0	0	0	579	409	
8	0	0	0	0	581	408	
9	0	0	0	0	585	406	
10	0	0	0	0	591	403	
11	0	0	0	0	595	402	
12	0	0	0	0	600	399	
13	0	0	0	0	600	402	
14	0	0	0	0	603	408	
15	0	0	0	0	607	418	
0	0	0	0	0	612	430	
1	0	0	0	0	611	441	
2	0	0	0	0	609	454	
3	0	0	0	0	604	464	
4	0	0	0	0	594	473	
5	0	0	0	0	587	484	
6	0	0	0	0	577	494	
7	0	0	0	0	569	500	
8	0	0	0	0	558	504	
9	0	0	0	0	551	500	
10	0	0	0	0	547	496	
11	0	0	0	0	547	489	
12	0	0	0	0	551	483	
13	0	0	0	0	555	478	
14	0	0	0	0	559	469	
15	0	0	0	0	561	462	
0	0	0	0	0	563	457	
1	0	0	0	0	561	448	
2	0	0	0	0	563	443	
3	0	0	0	0	565	442	
4	0	0	0	0	573	445	
5	0	0	0	0	583	453	
6	0	0	0	0	595	464	
7	0	0	0	0	606	473	
8	0	0	0	0	613	484	
9	0	0	0	0	617	489	
10	0	0	0	0	624	491	
11	0	0	0	0	630	493	
12	0	0	0	0	631	496	
13	0	0	0	0	631	499	
14	0	0	0	0	630	499	
15	0	0	0	0	627	501	
0	0	0	0	0	622	498	
1	0	0	0	0	619	492	
2	0	0	0	0	615	487	
3	0	0	0	0	611	479	
4	0	0	0	0	606	476	
5	0	0	0	0	603	476	
6	0	0	0	0	598	478	
7	0	0	0	0	595	482	
8	0	0	0	0	592	484	
9	0	0	0	0	591	480	
10	0	0	0	0	590	476	
11	0	0	0	0	590	470	
12	0	0	0	0	588	466	
13	0	0	0	0	586	464	
14	0	0	0	0	588	462	
15	0	0	0	0	589	457	
0	0	0	0	0	593	461	
1	0	0	0	0	596	457	
2	0	0	0	0	595	459	
3	0	0	0	0	595	449	
4	0	0	0	0	592	434	
5	0	0	0	0	583	419	
6	0	0	0	0	576	411	
7	0	0	0	0	571	406	
8	0	0	0	0	563	408	
9	0	0	0	0	556	414	
10	0	0	0	0	551	423	
11	0	0	0	0	548	431	
12	0	0	0	0	547	433	
13	0	0	0	0	547	433	
14	0	0	0	0	548	429	
15	0	0	0	0	551	428	
0	0	0	0	0	553	432	
1	0	0	0	0	555	437	
2	0	0	0	0	556	443	
3	0	0	0	0	557	448	
4	0	0	0	0	555	451	
5	0	0	0	0	550	451	
6	0	0	0	0	547	448	
7	0	0	0	0	543	446	
8	0	0	0	0	538	441	
9	0	0	0	0	529	439	
10	0	0	0	0	518	437	
11	0	0	0	0	510	435	
12	0	0	0	0	502	437	
13	0	0	0	0	498	439	
14	0	0	0	0	497	441	
15	0	0	0	0	497	448	
0	0	0	0	0	494	455	
1	0	0	0	0	493	459	
2	0	0	0	0	493	460	
3	0	0	0	0	492	463	
4	0	0	0	0	488	464	
5	0	0	0	0	478	466	
6	0	0	0	0	467	469	
7	0	0	0	0	458	472	
8	0	0	0	0	447	482	
9	0	0	0	0	433	496	
10	0	0	0	0	427	512	
11	0	0	0	0	428	526	
12	0	0	0	0	433	536	
13	0	0	0	0	438	548	
14	0	0	0	0	442	561	
15	0	0	0	0	448	568	
0	0	0	0	0	453	572	
1	0	0	0	0	462	573	
2	0	0	0	0	471	571	
3	0	0	0	0	480	568	
4	0	0	0	0	487	563	
5	0	0	0	0	489	555	
6	0	0	0	0	492	546	
7	0	0	0	0	494	536	
8	0	0	0	0	495	526	
9	0	0	0	0	496	516	
10	0	0	0	0	496	504	
11	0	0	0	0	492	494	
12	0	0	0	0	489	492	
13	0	0	0	0	489	495	
14	0	0	0	0	490	496	
15	0	0	0	0	492	499	
0	0	0	0	0	494	507	
1	0	0	0	0	491	519	
2	0	0	0	0	489	529	
3	0	0	0	0	483	540	
4	0	0	0	0	480	547	
5	0	0	0	0	477	556	
6	0	0	0	0	474	567	
7	0	0	0	0	478	573	
8	0	0	0	0	485	574	
9	0	0	0	0	492	569	
10	0	0	0	0	497	563	
11	0	0	0	0	504	558	
12	0	0	0	0	508	553	
13	0	0	0	0	510	550	
14	0	0	0	0	509	547	
15	0	0	0	0	504	546	
0	0	0	0	0	497	545	
1	0	0	0	0	493	540	
2	0	0	0	0	491	537	
3	0	0	0	0	492	536	
4	0	0	0	0	492	538	
5	0	0	0	0	491	537	
6	0	0	0	0	488	535	
7	0	0	0	0	481	532	
8	0	0	0	0	473	530	
9	0	0	0	0	465	520	
10	0	0	0	0	460	512	
11	0	0	0	0	455	505	
12	0	0	0	0	452	500	
13	0	0	0	0	447	498	
14	0	0	0	0	441	499	
15	0	0	0	0	437	503	
0	0	0	0	0	433	507	
1	0	0	0	0	432	508	
2	0	0	0	0	430	508	
3	0	0	0	0	427	507	
4	0	0	0	0	421	509	
5	0	0	0	0	417	512	
6	0	0	0	0	414	518	
7	0	0	0	0	412	527	
8	0	0	0	0	408	540	
9	0	0	0	0	407	556	
10	0	0	0	0	406	570	
11	0	0	0	0	411	577	
12	0	0	0	0	413	577	
13	0	0	0	0	414	576	
14	0	0	0	0	416	576	
15	0	0	0	0	420	576	
0	0	0	0	0	423	572	
1	0	0	0	0	429	572	
2	0	0	0	0	434	570	
3	0	0	0	0	440	569	
4	0	0	0	0	446	567	
5	0	0	0	0	449	561	
6	0	0	0	0	446	561	
7	0	0	0	0	441	563	
8	0	0	0	0	432	566	
9	0	0	0	0	425	569	
10	0	0	0	0	422	569	
11	0	0	0	0	420	567	
12	0	0	0	0	421	566	
13	0	0	0	0	422	570	
14	0	0	0	0	423	577	
15	0	0	0	0	425	590	
0	0	0	0	0	425	599	
1	0	0	0	0	425	609	
2	0	0	0	0	425	614	
3	0	0	0	0	423	615	
4	0	0	0	0	422	615	
5	0	0	0	0	420	612	
6	0	0	0	0	418	607	
7	0	0	0	0	416	600	
8	0	0	0	0	415	587	
9	0	0	0	0	416	574	
10	0	0	0	0	422	561	
11	0	0	0	0	430	555	
12	0	0	0	0	434	551	
13	0	0	0	0	436	550	
14	0	0	0	0	437	556	
15	0	0	0	0	440	563	
0	0	0	0	0	443	572	
1	0	0	0	0	448	582	
2	0	0	0	0	453	596	
3	0	0	0	0	454	608	
4	0	0	0	0	453	622	
5	0	0	0	0	453	627	
6	0	0	0	0	451	632	
7	0	0	0	0	449	628	
8	0	0	0	0	446	624	
9	0	0	0	0	443	622	
10	0	0	0	0	438	620	
11	0	0	0	0	433	622	
12	0	0	0	0	430	623	
13	0	0	0	0	429	625	
14	0	0	0	0	429	623	
15	0	0	0	0	433	620	
0	0	0	0	0	437	620	
1	0	0	0	0	444	618	
2	0	0	0	0	447	621	
3	0	0	0	0	448	625	
4	0	0	0	0	453	627	
5	0	0	0	0	447	627	
6	0	0	0	0	443	626	
7	0	0	0	0	437	626	
8	0	0	0	0	430	622	
9	0	0	0	0	425	621	
10	0	0	0	0	423	622	
11	0	0	0	0	422	623	
12	0	0	0	0	425	627	
13	0	0	0	0	431	625	
14	0	0	0	0	433	624	
15	0	0	0	0	434	623	
0	0	0	0	0	434	624	
1	0	0	0	0	433	621	
2	0	0	0	0	432	611	
3	0	0	0	0	433	593	
4	0	0	0	0	441	580	
5	0	0	0	0	444	566	
6	0	0	0	0	443	558	
7	0	0	0	0	446	548	
8	0	0	0	0	448	545	
9	0	0	0	0	451	542	
10	0	0	0	0	454	547	
11	0	0	0	0	458	558	
12	0	0	0	0	461	570	
13	0	0	0	0	463	579	
14	0	0	0	0	462	586	
15	0	0	0	0	459	593	
0	0	0	0	0	457	596	
1	0	0	0	0	459	596	
2	0	0	0	0	462	594	
3	0	0	0	0	460	593	
4	0	0	0	0	456	590	
5	0	0	0	0	449	583	
6	0	0	0	0	441	575	
7	0	0	0	0	438	569	
8	0	0	0	0	439	567	
9	0	0	0	0	440	567	
10	0	0	0	0	440	568	
11	0	0	0	0	439	566	
12	0	0	0	0	433	563	
13	0	0	0	0	426	563	
14	0	0	0	0	417	565	
15	0	0	0	0	411	568	
0	0	0	0	0	404	576	
1	0	0	0	0	399	575	
2	0	0	0	0	394	578	
3	0	0	0	0	393	586	
4	0	0	0	0	394	596	
5	0	0	0	0	396	600	
6	0	0	0	0	399	601	
7	0	0	0	0	401	604	
8	0	0	0	0	407	603	
9	0	0	0	0	412	600	
10	0	0	0	0	415	592	
11	0	0	0	0	418	585	
12	0	0	0	0	422	579	
13	0	0	0	0	428	573	
14	0	0	0	0	431	570	
15	0	0	0	0	432	566	
0	0	0	0	0	432	561	
1	0	0	0	0	434	560	
2	0	0	0	0	432	556	
3	0	0	0	0	433	558	
4	0	0	0	0	436	560	
5	0	0	0	0	436	567	
6	0	0	0	0	435	572	
7	0	0	0	0	429	579	
8	0	0	0	0	427	588	
9	0	0	0	0	427	593	
10	0	0	0	0	430	591	
11	0	0	0	0	433	585	
12	0	0	0	0	436	582	
13	0	0	0	0	439	576	
14	0	0	0	0	444	577	
15	0	0	0	0	445	576	
0	0	0	0	0	445	574	
1	0	0	0	0	446	573	
2	0	0	0	0	450	575	
3	0	0	0	0	454	582	
4	0	0	0	0	462	587	
5	0	0	0	0	463	591	
6	0	0	0	0	463	591	
7	0	0	0	0	466	592	
8	0	0	0	0	465	588	
9	0	0	0	0	463	584	
10	0	0	0	0	461	587	
11	0	0	0	0	459	588	
12	0	0	0	0	458	588	
13	0	0	0	0	459	588	
14	0	0	0	0	455	583	
15	0	0	0	0	451	582	
0	0	0	0	0	444	581	
1	0	0	0	0	436	583	
2	0	0	0	0	432	584	
3	0	0	0	0	429	585	
4	0	0	0	0	431	584	
5	0	0	0	0	432	582	
6	0	0	0	0	435	575	
7	0	0	0	0	438	563	
8	0	0	0	0	443	551	
9	0	0	0	0	448	537	
10	0	0	0	0	451	529	
11	0	0	0	0	451	522	
12	0	0	0	0	452	518	
13	0	0	0	0	451	510	
14	0	0	0	0	450	506	
15	0	0	0	0	449	504	
0	0	0	0	0	448	503	
1	0	0	0	0	449	501	
2	0	0	0	0	449	494	
3	0	0	0	0	452	488	
4	0	0	0	0	460	483	
5	0	0	0	0	467	480	
6	0	0	0	0	473	480	
7	0	0	0	0	479	480	
8	0	0	0	0	483	483	
9	0	0	0	0	487	482	
10	0	0	0	0	490	477	
11	0	0	0	0	492	472	
12	0	0	0	0	489	469	
13	0	0	0	0	486	472	
14	0	0	0	0	486	476	
15	0	0	0	0	487	481	
0	0	0	0	0	488	487	
1	0	0	0	0	489	486	
2	0	0	0	0	488	481	
3	0	0	0	0	489	477	
4	0	0	0	0	494	477	
5	0	0	0	0	498	479	
6	0	0	0	0	503	487	
7	0	0	0	0	507	493	
8	0	0	0	0	510	500	
9	0	0	0	0	517	512	
10	0	0	0	0	519	523	
11	0	0	0	0	522	528	
12	0	0	0	0	523	535	
13	0	0	0	0	522	543	
14	0	0	0	0	520	548	
15	0	0	0	0	519	549	
0	0	0	0	0	513	543	
1	0	0	0	0	506	535	
2	0	0	0	0	495	529	
3	0	0	0	0	489	525	
4	0	0	0	0	489	524	
5	0	0	0	0	492	525	
6	0	0	0	0	500	527	
7	0	0	0	0	509	530	
8	0	0	0	0	519	530	
9	0	0	0	0	531	527	
10	0	0	0	0	541	522	
11	0	0	0	0	547	516	
12	0	0	0	0	547	510	
13	0	0	0	0	544	510	
14	0	0	0	0	541	513	
15	0	0	0	0	537	516	
0	0	0	0	0	531	519	
1	0	0	0	0	523	519	
2	0	0	0	0	514	516	
3	0	0	0	0	511	512	
4	0	0	0	0	508	503	
5	0	0	0	0	505	497	
6	0	0	0	0	506	490	
7	0	0	0	0	510	483	
8	0	0	0	0	518	478	
9	0	0	0	0	526	477	
10	0	0	0	0	532	479	
11	0	0	0	0	544	488	
12	0	0	0	0	555	500	
13	0	0	0	0	561	512	
14	0	0	0	0	563	521	
15	0	0	0	0	561	527	
0	0	0	0	0	558	527	
1	0	0	0	0	556	524	
2	0	0	0	0	552	520	
3	0	0	0	0	545	521	
4	0	0	0	0	539	527	
5	0	0	0	0	535	532	
6	0	0	0	0	533	537	
7	0	0	0	0	534	542	
8	0	0	0	0	537	547	
9	0	0	0	0	540	551	
10	0	0	0	0	544	551	
11	0	0	0	0	544	555	
12	0	0	0	0	539	556	
13	0	0	0	0	530	556	
14	0	0	0	0	521	552	
15	0	0	0	0	512	551	
0	0	0	0	0	499	547	
1	0	0	0	0	489	543	
2	0	0	0	0	481	541	
3	0	0	0	0	476	540	
4	0	0	0	0	472	539	
5	0	0	0	0	470	539	
6	0	0	0	0	473	540	
7	0	0	0	0	481	538	
8	0	0	0	0	486	536	
9	0	0	0	0	490	536	
10	0	0	0	0	496	534	
11	0	0	0	0	503	535	
12	0	0	0	0	512	536	
13	0	0	0	0	519	534	
14	0	0	0	0	525	528	
15	0	0	0	0	534	518	
0	0	0	0	0	542	509	
1	0	0	0	0	547	502	
2	0	0	0	0	548	495	
3	0	0	0	0	543	486	
4	0	0	0	0	540	478	
5	0	0	0	0	541	470	
6	0	0	0	0	542	468	
7	0	0	0	0	543	470	
8	0	0	0	0	541	472	
9	0	0	0	0	537	477	
10	0	0	0	0	533	481	
11	0	0	0	0	527	487	
12	0	0	0	0	519	496	
13	0	0	0	0	513	501	
14	0	0	0	0	511	506	
15	0	0	0	0	509	510	
0	0	0	0	0	506	514	
1	0	0	0	0	501	516	
2	0	0	0	0	496	517	
3	0	0	0	0	493	519	
4	0	0	0	0	492	521	
5	0	0	0	0	488	522	
6	0	0	0	0	484	521	
7	0	0	0	0	476	518	
8	0	0	0	0	472	512	
9	0	0	0	0	470	512	
10	0	0	0	0	467	509	
11	0	0	0	0	465	505	
12	0	0	0	0	465	501	
13	0	0	0	0	466	496	
14	0	0	0	0	467	494	
15	0	0	0	0	468	490	
0	0	0	0	0	470	485	
1	0	0	0	0	475	483	
2	0	0	0	0	479	478	
3	0	0	0	0	483	478	
4	0	0	0	0	486	479	
5	0	0	0	0	492	483	
6	0	0	0	0	498	488	
7	0	0	0	0	503	491	
8	0	0	0	0	503	492	
9	0	0	0	0	506	493	
10	0	0	0	0	509	500	
11	0	0	0	0	507	511	
12	0	0	0	0	508	514	
13	0	0	0	0	512	515	
14	0	0	0	0	518	515	
15	0	0	0	0	522	519	
0	0	0	0	0	524	524	
1	0	0	0	0	525	523	
2	0	0	0	0	521	512	
3	0	0	0	0	513	495	
4	0	0	0	0	503	480	
5	0	0	0	0	496	468	
6	0	0	0	0	490	460	
7	0	0	0	0	481	457	
8	0	0	0	0	476	460	
9	0	0	0	0	472	468	
10	0	0	0	0	471	477	
11	0	0	0	0	473	484	
12	0	0	0	0	479	490	
13	0	0	0	0	486	491	
14	0	0	0	0	494	491	
15	0	0	0	0	500	488	
0	0	0	0	0	509	482	
1	0	0	0	0	514	481	
2	0	0	0	0	520	481	
3	0	0	0	0	523	481	
4	0	0	0	0	526	479	
5	0	0	0	0	523	478	
6	0	0	0	0	518	478	
7	0	0	0	0	515	478	
8	0	0	0	0	514	482	
9	0	0	0	0	515	489	
10	0	0	0	0	521	495	
11	0	0	0	0	526	499	
12	0	0	0	0	528	499	
13	0	0	0	0	531	496	
14	0	0	0	0	536	491	
15	0	0	0	0	541	481	
0	0	0	0	0	543	470	
1	0	0	0	0	549	461	
2	0	0	0	0	556	456	
3	0	0	0	0	562	459	
4	0	0	0	0	567	465	
5	0	0	0	0	573	472	
6	0	0	0	0	583	481	
7	0	0	0	0	588	488	
8	0	0	0	0	589	496	
9	0	0	0	0	588	500	
10	0	0	0	0	585	497	
11	0	0	0	0	580	489	
12	0	0	0	0	578	483	
13	0	0	0	0	575	475	
14	0	0	0	0	574	476	
15	0	0	0	0	571	477	
0	0	0	0	0	564	479	
1	0	0	0	0	557	479	
2	0	0	0	0	550	477	
3	0	0	0	0	543	475	
4	0	0	0	0	541	470	
5	0	0	0	0	537	463	
6	0	0	0	0	532	458	
7	0	0	0	0	529	453	
8	0	0	0	0	529	451	
9	0	0	0	0	531	448	
10	0	0	0	0	531	446	
11	0	0	0	0	531	443	
12	0	0	0	0	525	442	
13	0	0	0	0	518	445	
14	0	0	0	0	513	450	
15	0	0	0	0	511	454	
0	0	0	0	0	511	452	
1	0	0	0	0	512	452	
2	0	0	0	0	514	453	
3	0	0	0	0	517	457	
4	0	0	0	0	520	454	
5	0	0	0	0	520	451	
6	0	0	0	0	519	447	
7	0	0	0	0	516	447	
8	0	0	0	0	511	448	
9	0	0	0	0	503	451	
10	0	0	0	0	496	456	
11	0	0	0	0	492	466	
12	0	0	0	0	491	477	
13	0	0	0	0	488	492	
14	0	0	0	0	486	505	
15	0	0	0	0	487	519	
0	0	0	0	0	486	532	
1	0	0	0	0	486	546	
2	0	0	0	0	491	558	
3	0	0	0	0	501	564	
4	0	0	0	0	514	563	
5	0	0	0	0	524	555	
6	0	0	0	0	532	543	
7	0	0	0	0	539	529	
8	0	0	0	0	542	515	
9	0	0	0	0	545	497	
10	0	0	0	0	547	476	
11	0	0	0	0	549	455	
12	0	0	0	0	544	432	
13	0	0	0	0	535	412	
14	0	0	0	0	529	398	
15	0	0	0	0	523	388	
0	0	0	0	0	519	376	
1	0	0	0	0	518	367	
2	0	0	0	0	519	362	
3	0	0	0	0	526	360	
4	0	0	0	0	534	359	
5	0	0	0	0	542	364	
6	0	0	0	0	554	364	
7	0	0	0	0	564	369	
8	0	0	0	0	574	367	
9	0	0	0	0	586	371	
10	0	0	0	0	595	367	
11	0	0	0	0	600	367	
12	0	0	0	0	606	366	
13	0	0	0	0	612	372	
14	0	0	0	0	620	376	
15	0	0	0	0	625	383	
0	0	0	0	0	629	390	
1	0	0	0	0	629	397	
2	0	0	0	0	627	401	
3	0	0	0	0	626	406	
4	0	0	0	0	625	404	
5	0	0	0	0	623	400	
6	0	0	0	0	618	398	
7	0	0	0	0	609	397	
8	0	0	0	0	598	408	
9	0	0	0	0	580	419	
10	0	0	0	0	565	430	
11	0	0	0	0	550	436	
12	0	0	0	0	538	439	
13	0	0	0	0	527	441	
14	0	0	0	0	521	443	
15	0	0	0	0	516	445	
0	0	0	0	0	518	449	
1	0	0	0	0	521	454	
2	0	0	0	0	527	454	
3	0	0	0	0	534	455	
4	0	0	0	0	543	453	
5	0	0	0	0	550	453	
6	0	0	0	0	553	455	
7	0	0	0	0	558	457	
8	0	0	0	0	561	451	
9	0	0	0	0	563	449	
10	0	0	0	0	565	446	
11	0	0	0	0	564	444	
12	0	0	0	0	566	436	
13	0	0	0	0	568	434	
14	0	0	0	0	569	435	
15	0	0	0	0	567	438	
0	0	0	0	0	563	435	
1	0	0	0	0	560	433	
2	0	0	0	0	560	431	
3	0	0	0	0	557	432	
4	0	0	0	0	556	430	
5	0	0	0	0	555	429	
6	0	0	0	0	552	429	
7	0	0	0	0	547	428	
8	0	0	0	0	540	428	
9	0	0	0	0	530	428	
10	0	0	0	0	522	430	
11	0	0	0	0	518	433	
12	0	0	0	0	518	440	
13	0	0	0	0	518	447	
14	0	0	0	0	519	451	
15	0	0	0	0	520	456	
0	0	0	0	0	521	463	
1	0	0	0	0	523	466	
2	0	0	0	0	525	469	
3	0	0	0	0	528	472	
4	0	0	0	0	531	473	
5	0	0	0	0	531	475	
6	0	0	0	0	527	473	
7	0	0	0	0	521	470	
8	0	0	0	0	516	465	
9	0	0	0	0	509	461	
10	0	0	0	0	504	461	
11	0	0	0	0	501	462	
12	0	0	0	0	499	466	
13	0	0	0	0	496	463	
14	0	0	0	0	495	461	
15	0	0	0	0	498	460	
0	0	0	0	0	501	464	
1	0	0	0	0	507	467	
2	0	0	0	0	508	476	
3	0	0	0	0	507	491	
4	0	0	0	0	511	498	
5	0	0	0	0	514	498	
6	0	0	0	0	514	497	
7	0	0	0	0	514	496	
8	0	0	0	0	513	495	
9	0	0	0	0	511	495	
10	0	0	0	0	508	494	
11	0	0	0	0	508	493	
12	0	0	0	0	508	496	
13	0	0	0	0	504	501	
14	0	0	0	0	499	506	
15	0	0	0	0	496	508	
0	0	0	0	0	491	508	
1	0	0	0	0	490	509	
2	0	0	0	0	493	511	
3	0	0	0	0	495	507	
4	0	0	0	0	492	499	
5	0	0	0	0	488	492	
6	0	0	0	0	483	483	
7	0	0	0	0	478	474	
8	0	0	0	0	468	467	
9	0	0	0	0	458	463	
10	0	0	0	0	447	460	
11	0	0	0	0	441	460	
12	0	0	0	0	438	460	
13	0	0	0	0	436	461	
14	0	0	0	0	432	462	
15	0	0	0	0	432	467	
0	0	0	0	0	433	476	
1	0	0	0	0	433	484	
2	0	0	0	0	433	494	
3	0	0	0	0	438	497	
4	0	0	0	0	443	498	
5	0	0	0	0	450	494	
6	0	0	0	0	457	489	
7	0	0	0	0	467	483	
8	0	0	0	0	477	480	
9	0	0	0	0	486	484	
10	0	0	0	0	493	487	
11	0	0	0	0	502	489	
12	0	0	0	0	510	489	
13	0	0	0	0	516	487	
14	0	0	0	0	521	487	
15	0	0	0	0	525	489	
0	0	0	0	0	524	494	
1	0	0	0	0	516	498	
2	0	0	0	0	508	502	
3	0	0	0	0	500	503	
4	0	0	0	0	494	500	
5	0	0	0	0	487	502	
6	0	0	0	0	479	508	
7	0	0	0	0	474	517	
8	0	0	0	0	471	525	
9	0	0	0	0	471	532	
10	0	0	0	0	473	537	
11	0	0	0	0	473	538	
12	0	0	0	0	478	538	
13	0	0	0	0	480	534	
14	0	0	0	0	483	528	
15	0	0	0	0	484	516	
0	0	0	0	0	481	502	
1	0	0	0	0	478	490	
2	0	0	0	0	477	477	
3	0	0	0	0	474	468	
4	0	0	0	0	474	463	
5	0	0	0	0	472	460	
6	0	0	0	0	471	460	
7	0	0	0	0	475	462	
8	0	0	0	0	479	467	
9	0	0	0	0	485	478	
10	0	0	0	0	489	489	
11	0	0	0	0	494	501	
12	0	0	0	0	502	508	
13	0	0	0	0	510	513	
14	0	0	0	0	516	519	
15	0	0	0	0	522	520	
0	0	0	0	0	526	521	
1	0	0	0	0	527	523	
2	0	0	0	0	526	524	
3	0	0	0	0	524	527	
4	0	0	0	0	524	529	
5	0	0	0	0	527	532	
6	0	0	0	0	533	536	
7	0	0	0	0	539	539	
8	0	0	0	0	543	541	
9	0	0	0	0	544	540	
10	0	0	0	0	543	537	
11	0	0	0	0	541	536	
12	0	0	0	0	542	531	
13	0	0	0	0	539	521	
14	0	0	0	0	534	512	
15	0	0	0	0	532	504	
0	0	0	0	0	530	502	
1	0	0	0	0	526	505	
2	0	0	0	0	519	513	
3	0	0	0	0	511	517	
4	0	0	0	0	504	515	
5	0	0	0	0	493	510	
6	0	0	0	0	485	506	
7	0	0	0	0	480	506	
8	0	0	0	0	478	506	
9	0	0	0	0	478	507	
10	0	0	0	0	478	507	
11	0	0	0	0	479	509	
12	0	0	0	0	481	512	
13	0	0	0	0	481	517	
14	0	0	0	0	480	522	
15	0	0	0	0	476	526	
0	0	0	0	0	473	531	
1	0	0	0	0	472	529	
2	0	0	0	0	468	524	
3	0	0	0	0	469	523	
4	0	0	0	0	473	525	
5	0	0	0	0	480	532	
6	0	0	0	0	487	536	
7	0	0	0	0	493	543	
8	0	0	0	0	498	545	
9	0	0	0	0	508	542	
10	0	0	0	0	513	537	
11	0	0	0	0	519	534	
12	0	0	0	0	521	532	
13	0	0	0	0	520	533	
14	0	0	0	0	518	534	
15	0	0	0	0	518	536	
0	0	0	0	0	512	532	
1	0	0	0	0	507	525	
2	0	0	0	0	504	523	
3	0	0	0	0	502	516	
4	0	0	0	0	497	511	
5	0	0	0	0	493	510	
6	0	0	0	0	489	509	
7	0	0	0	0	489	510	
8	0	0	0	0	488	511	
9	0	0	0	0	486	505	
10	0	0	0	0	490	494	
11	0	0	0	0	495	484	
12	0	0	0	0	503	480	
13	0	0	0	0	512	482	
14	0	0	0	0	518	486	
15	0	0	0	0	520	489	
0	0	0	0	0	521	492	
1	0	0	0	0	519	495	
2	0	0	0	0	514	498	
3	0	0	0	0	511	502	
4	0	0	0	0	507	499	
5	0	0	0	0	500	500	
6	0	0	0	0	497	497	
7	0	0	0	0	494	496	
8	0	0	0	0	492	497	
9	0	0	0	0	492	503	
10	0	0	0	0	494	511	
11	0	0	0	0	499	518	
12	0	0	0	0	504	519	
13	0	0	0	0	508	520	
14	0	0	0	0	512	521	
15	0	0	0	0	516	522	
0	0	0	0	0	521	525	
1	0	0	0	0	523	529	
2	0	0	0	0	523	532	
3	0	0	0	0	522	536	
4	0	0	0	0	521	536	
5	0	0	0	0	521	536	
6	0	0	0	0	522	538	
7	0	0	0	0	522	540	
8	0	0	0	0	519	543	
9	0	0	0	0	518	541	
10	0	0	0	0	514	540	
11	0	0	0	0	512	537	
12	0	0	0	0	510	534	
13	0	0	0	0	505	529	
14	0	0	0	0	502	526	
15	0	0	0	0	499	524	
0	0	0	0	0	494	522	
1	0	0	0	0	491	527	
2	0	0	0	0	488	532	
3	0	0	0	0	488	540	
4	0	0	0	0	487	545	
5	0	0	0	0	483	551	
6	0	0	0	0	479	555	
7	0	0	0	0	477	554	
8	0	0	0	0	477	549	
9	0	0	0	0	480	543	
10	0	0	0	0	485	537	
11	0	0	0	0	494	536	
12	0	0	0	0	500	537	
13	0	0	0	0	508	536	
14	0	0	0	0	515	530	
15	0	0	0	0	516	521	
0	0	0	0	0	514	512	
1	0	0	0	0	513	508	
2	0	0	0	0	513	507	
3	0	0	0	0	511	510	
4	0	0	0	0	512	514	
5	0	0	0	0	513	514	
6	0	0	0	0	515	510	
7	0	0	0	0	519	507	
8	0	0	0	0	524	507	
9	0	0	0	0	528	508	
10	0	0	0	0	527	508	
11	0	0	0	0	525	509	
12	0	0	0	0	524	510	
13	0	0	0	0	522	514	
14	0	0	0	0	522	519	
15	0	0	0	0	527	523	
0	0	0	0	0	528	525	
1	0	0	0	0	527	526	
2	0	0	0	0	523	526	
3	0	0	0	0	516	526	
4	0	0	0	0	513	527	
5	0	0	0	0	512	535	
6	0	0	0	0	512	547	
7	0	0	0	0	512	556	
8	0	0	0	0	512	556	
9	0	0	0	0	514	547	
10	0	0	0	0	515	540	
11	0	0	0	0	514	536	
12	0	0	0	0	512	532	
13	0	0	0	0	509	532	
14	0	0	0	0	505	533	
15	0	0	0	0	499	532	
0	0	0	0	0	492	535	
1	0	0	0	0	484	532	
2	0	0	0	0	479	527	
3	0	0	0	0	476	524	
4	0	0	0	0	477	520	
5	0	0	0	0	480	519	
6	0	0	0	0	483	521	
7	0	0	0	0	483	526	
8	0	0	0	0	484	534	
9	0	0	0	0	487	536	
10	0	0	0	0	489	536	
11	0	0	0	0	498	534	
12	0	0	0	0	509	530	
13	0	0	0	0	520	521	
14	0	0	0	0	530	515	
15	0	0	0	0	539	513	
0	0	0	0	0	544	511	
1	0	0	0	0	547	511	
2	0	0	0	0	547	510	
3	0	0	0	0	546	511	
4	0	0	0	0	544	513	
5	0	0	0	0	544	519	
6	0	0	0	0	545	524	
7	0	0	0	0	546	534	
8	0	0	0	0	544	544	
9	0	0	0	0	543	555	
10	0	0	0	0	542	563	
11	0	0	0	0	535	572	
12	0	0	0	0	530	579	
13	0	0	0	0	526	585	
14	0	0	0	0	522	595	
15	0	0	0	0	518	602	
0	0	0	0	0	513	606	
1	0	0	0	0	511	608	
2	0	0	0	0	511	604	
3	0	0	0	0	518	595	
4	0	0	0	0	527	581	
5	0	0	0	0	538	568	
6	0	0	0	0	550	552	
7	0	0	0	0	559	537	
8	0	0	0	0	571	524	
9	0	0	0	0	584	512	
10	0	0	0	0	595	504	
11	0	0	0	0	604	495	
12	0	0	0	0	612	496	
13	0	0	0	0	621	495	
14	0	0	0	0	627	499	
15	0	0	0	0	628	500	
0	0	0	0	0	629	503	
1	0	0	0	0	627	504	
2	0	0	0	0	622	513	
3	0	0	0	0	613	516	
4	0	0	0	0	607	519	
5	0	0	0	0	601	518	
6	0	0	0	0	598	520	
7	0	0	0	0	590	523	
8	0	0	0	0	582	522	
9	0	0	0	0	573	524	
10	0	0	0	0	567	528	
11	0	0	0	0	563	531	
12	0	0	0	0	559	532	
13	0	0	0	0	556	535	
14	0	0	0	0	550	539	
15	0	0	0	0	545	544	
0	0	0	0	0	540	550	
1	0	0	0	0	534	558	
2	0	0	0	0	529	565	
3	0	0	0	0	525	571	
4	0	0	0	0	523	575	
5	0	0	0	0	524	574	
6	0	0	0	0	525	571	
7	0	0	0	0	527	568	
8	0	0	0	0	529	563	
9	0	0	0	0	530	556	
10	0	0	0	0	534	547	
11	0	0	0	0	536	541	
12	0	0	0	0	538	536	
13	0	0	0	0	540	529	
14	0	0	0	0	541	521	
15	0	0	0	0	543	515	
0	0	0	0	0	546	508	
1	0	0	0	0	547	502	
2	0	0	0	0	549	496	
3	0	0	0	0	551	492	
4	0	0	0	0	555	491	
5	0	0	0	0	557	492	
6	0	0	0	0	559	492	
7	0	0	0	0	559	490	
8	0	0	0	0	556	489	
9	0	0	0	0	553	488	
10	0	0	0	0	556	491	
11	0	0	0	0	558	494	
12	0	0	0	0	563	495	
13	0	0	0	0	571	496	
14	0	0	0	0	583	499	
15	0	0	0	0	596	493	
0	0	0	0	0	608	484	
1	0	0	0	0	616	473	
2	0	0	0	0	622	466	
3	0	0	0	0	627	460	
4	0	0	0	0	633	460	
5	0	0	0	0	634	457	
6	0	0	0	0	635	451	
7	0	0	0	0	637	444	
8	0	0	0	0	634	439	
9	0	0	0	0	627	434	
10	0	0	0	0	620	430	
11	0	0	0	0	617	425	
12	0	0	0	0	620	421	
13	0	0	0	0	622	417	
14	0	0	0	0	626	418	
15	0	0	0	0	630	418	
0	0	0	0	0	633	419	
1	0	0	0	0	638	421	
2	0	0	0	0	642	428	
3	0	0	0	0	642	439	
4	0	0	0	0	636	450	
5	0	0	0	0	626	466	
6	0	0	0	0	611	479	
7	0	0	0	0	596	493	
8	0	0	0	0	583	508	
9	0	0	0	0	572	525	
10	0	0	0	0	561	539	
11	0	0	0	0	553	547	
12	0	0	0	0	551	545	
13	0	0	0	0	552	535	
14	0	0	0	0	555	519	
15	0	0	0	0	559	502	
0	0	0	0	0	566	483	
1	0	0	0	0	573	472	
2	0	0	0	0	582	463	
3	0	0	0	0	593	459	
4	0	0	0	0	604	456	
5	0	0	0	0	609	460	
6	0	0	0	0	615	465	
7	0	0	0	0	617	473	
8	0	0	0	0	620	481	
9	0	0	0	0	628	487	
10	0	0	0	0	636	487	
11	0	0	0	0	640	483	
12	0	0	0	0	641	476	
13	0	0	0	0	636	468	
14	0	0	0	0	627	462	
15	0	0	0	0	618	452	
0	0	0	0	0	611	452	
1	0	0	0	0	608	447	
2	0	0	0	0	606	451	
3	0	0	0	0	605	455	
4	0	0	0	0	608	465	
5	0	0	0	0	611	473	
6	0	0	0	0	615	481	
7	0	0	0	0	617	491	
8	0	0	0	0	621	501	
9	0	0	0	0	621	511	
10	0	0	0	0	620	521	
11	0	0	0	0	619	529	
12	0	0	0	0	615	531	
13	0	0	0	0	614	531	
14	0	0	0	0	610	526	
15	0	0	0	0	607	527	
0	0	0	0	0	604	528	
1	0	0	0	0	603	531	
2	0	0	0	0	602	532	
3	0	0	0	0	602	533	
4	0	0	0	0	600	528	
5	0	0	0	0	590	524	
6	0	0	0	0	578	517	
7	0	0	0	0	567	517	
8	0	0	0	0	558	521	
9	0	0	0	0	550	530	
10	0	0	0	0	543	536	
11	0	0	0	0	536	540	
12	0	0	0	0	531	540	
13	0	0	0	0	526	538	
14	0	0	0	0	525	533	
15	0	0	0	0	527	526	
0	0	0	0	0	529	514	
1	0	0	0	0	532	500	
2	0	0	0	0	537	482	
3	0	0	0	0	542	462	
4	0	0	0	0	548	449	
5	0	0	0	0	556	435	
6	0	0	0	0	562	424	
7	0	0	0	0	567	408	
8	0	0	0	0	570	401	
9	0	0	0	0	570	396	
10	0	0	0	0	568	400	
11	0	0	0	0	564	405	
12	0	0	0	0	556	415	
13	0	0	0	0	549	430	
14	0	0	0	0	541	444	
15	0	0	0	0	536	460	
0	0	0	0	0	536	475	
1	0	0	0	0	536	484	
2	0	0	0	0	535	485	
3	0	0	0	0	529	478	
4	0	0	0	0	516	467	
5	0	0	0	0	503	454	
6	0	0	0	0	495	440	
7	0	0	0	0	490	421	
8	0	0	0	0	489	403	
9	0	0	0	0	491	386	
10	0	0	0	0	491	372	
11	0	0	0	0	494	355	
12	0	0	0	0	498	338	
13	0	0	0	0	502	325	
14	0	0	0	0	513	313	
15	0	0	0	0	526	307	
0	0	0	0	0	536	308	
1	0	0	0	0	548	319	
2	0	0	0	0	557	332	
3	0	0	0	0	566	357	
4	0	0	0	0	572	373	
5	0	0	0	0	570	401	
6	0	0	0	0	562	423	
7	0	0	0	0	550	442	
8	0	0	0	0	535	453	
9	0	0	0	0	523	460	
10	0	0	0	0	514	465	
11	0	0	0	0	511	468	
12	0	0	0	0	509	469	
13	0	0	0	0	506	469	
14	0	0	0	0	503	466	
15	0	0	0	0	498	460	
0	0	0	0	0	500	453	
1	0	0	0	0	506	449	
2	0	0	0	0	511	445	
3	0	0	0	0	515	444	
4	0	0	0	0	515	444	
5	0	0	0	0	515	448	
6	0	0	0	0	514	453	
7	0	0	0	0	517	464	
8	0	0	0	0	516	478	
9	0	0	0	0	517	495	
10	0	0	0	0	515	510	
11	0	0	0	0	512	521	
12	0	0	0	0	509	532	
13	0	0	0	0	501	540	
14	0	0	0	0	488	547	
15	0	0	0	0	480	552	
0	0	0	0	0	473	557	
1	0	0	0	0	470	563	
2	0	0	0	0	473	560	
3	0	0	0	0	478	551	
4	0	0	0	0	480	541	
5	0	0	0	0	483	529	
6	0	0	0	0	487	521	
7	0	0	0	0	490	519	
8	0	0	0	0	492	521	
9	0	0	0	0	493	524	
10	0	0	0	0	495	525	
11	0	0	0	0	492	528	
12	0	0	0	0	487	531	
13	0	0	0	0	483	533	
14	0	0	0	0	480	538	
15	0	0	0	0	476	547	
0	0	0	0	0	476	556	
1	0	0	0	0	474	562	
2	0	0	0	0	470	562	
3	0	0	0	0	467	560	
4	0	0	0	0	464	549	
5	0	0	0	0	461	532	
6	0	0	0	0	461	513	
7	0	0	0	0	467	499	
8	0	0	0	0	472	489	
9	0	0	0	0	480	490	
10	0	0	0	0	481	494	
11	0	0	0	0	480	505	
12	0	0	0	0	481	520	
13	0	0	0	0	481	535	
14	0	0	0	0	480	543	
15	0	0	0	0	483	547	
0	0	0	0	0	486	549	
1	0	0	0	0	491	548	
2	0	0	0	0	497	546	
3	0	0	0	0	504	547	
4	0	0	0	0	510	548	
5	0	0	0	0	512	551	
6	0	0	0	0	516	556	
7	0	0	0	0	517	551	
8	0	0	0	0	516	540	
9	0	0	0	0	513	530	
10	0	0	0	0	510	522	
11	0	0	0	0	505	515	
12	0	0	0	0	501	510	
13	0	0	0	0	497	511	
14	0	0	0	0	496	515	
15	0	0	0	0	495	515	
0	0	0	0	0	499	518	
1	0	0	0	0	505	521	
2	0	0	0	0	515	523	
3	0	0	0	0	525	524	
4	0	0	0	0	530	523	
5	0	0	0	0	532	524	
6	0	0	0	0	530	530	
7	0	0	0	0	524	535	
8	0	0	0	0	514	541	
9	0	0	0	0	505	547	
10	0	0	0	0	494	551	
11	0	0	0	0	487	552	
12	0	0	0	0	485	551	
13	0	0	0	0	483	550	
14	0	0	0	0	487	552	
15	0	0	0	0	488	557	
0	0	0	0	0	489	567	
1	0	0	0	0	489	575	
2	0	0	0	0	488	584	
3	0	0	0	0	487	589	
4	0	0	0	0	486	591	
5	0	0	0	0	483	591	
6	0	0	0	0	477	588	
7	0	0	0	0	470	582	
8	0	0	0	0	465	577	
9	0	0	0	0	459	572	
10	0	0	0	0	452	568	
11	0	0	0	0	448	562	
12	0	0	0	0	446	557	
13	0	0	0	0	446	554	
14	0	0	0	0	445	550	
15	0	0	0	0	443	547	
0	0	0	0	0	441	547	
1	0	0	0	0	443	553	
2	0	0	0	0	443	555	
3	0	0	0	0	443	564	
4	0	0	0	0	442	574	
5	0	0	0	0	439	584	
6	0	0	0	0	440	593	
7	0	0	0	0	442	600	
8	0	0	0	0	442	599	
9	0	0	0	0	443	596	
10	0	0	0	0	444	595	
11	0	0	0	0	445	589	
12	0	0	0	0	446	588	
13	0	0	0	0	441	589	
14	0	0	0	0	434	592	
15	0	0	0	0	428	591	
0	0	0	0	0	427	593	
1	0	0	0	0	427	592	
2	0	0	0	0	431	598	
3	0	0	0	0	427	599	
4	0	0	0	0	420	609	
5	0	0	0	0	411	620	
6	0	0	0	0	412	636	
7	0	0	0	0	415	641	
8	0	0	0	0	423	651	
9	0	0	0	0	431	649	
10	0	0	0	0	438	650	
11	0	0	0	0	441	639	
12	0	0	0	0	444	624	
13	0	0	0	0	442	606	
14	0	0	0	0	435	588	
15	0	0	0	0	430	573	
0	0	0	0	0	423	561	
1	0	0	0	0	419	544	
2	0	0	0	0	420	537	
3	0	0	0	0	419	531	
4	0	0	0	0	416	529	
5	0	0	0	0	414	532	
6	0	0	0	0	415	540	
7	0	0	0	0	418	553	
8	0	0	0	0	421	563	
9	0	0	0	0	426	569	
10	0	0	0	0	425	575	
11	0	0	0	0	422	580	
12	0	0	0	0	421	588	
13	0	0	0	0	416	599	
14	0	0	0	0	412	607	
15	0	0	0	0	409	613	
0	0	0	0	0	403	614	
1	0	0	0	0	402	611	
2	0	0	0	0	400	608	
3	0	0	0	0	400	609	
4	0	0	0	0	400	612	
5	0	0	0	0	407	614	
6	0	0	0	0	415	615	
7	0	0	0	0	422	618	
8	0	0	0	0	428	622	
9	0	0	0	0	434	628	
10	0	0	0	0	433	633	
11	0	0	0	0	430	635	
12	0	0	0	0	424	643	
13	0	0	0	0	419	655	
14	0	0	0	0	417	665	
15	0	0	0	0	422	670	
0	0	0	0	0	429	668	
1	0	0	0	0	437	662	
2	0	0	0	0	446	657	
3	0	0	0	0	453	658	
4	0	0	0	0	455	657	
5	0	0	0	0	447	658	
6	0	0	0	0	431	655	
7	0	0	0	0	412	654	
8	0	0	0	0	397	656	
9	0	0	0	0	384	664	
10	0	0	0	0	376	673	
11	0	0	0	0	372	683	
12	0	0	0	0	374	695	
13	0	0	0	0	377	704	
14	0	0	0	0	380	708	
15	0	0	0	0	385	709	
0	0	0	0	0	394	704	
1	0	0	0	0	403	698	
2	0	0	0	0	412	692	
3	0	0	0	0	418	684	
4	0	0	0	0	422	676	
5	0	0	0	0	423	668	
6	0	0	0	0	424	666	
7	0	0	0	0	422	669	
8	0	0	0	0	416	677	
9	0	0	0	0	410	688	
10	0	0	0	0	404	695	
11	0	0	0	0	401	698	
12	0	0	0	0	401	697	
13	0	0	0	0	399	696	
14	0	0	0	0	400	692	
15	0	0	0	0	404	693	
0	0	0	0	0	405	696	
1	0	0	0	0	407	698	
2	0	0	0	0	407	700	
3	0	0	0	0	406	702	
4	0	0	0	0	405	701	
5	0	0	0	0	404	696	
6	0	0	0	0	411	692	
7	0	0	0	0	415	685	
8	0	0	0	0	422	675	
9	0	0	0	0	428	664	
10	0	0	0	0	432	648	
11	0	0	0	0	434	630	
12	0	0	0	0	438	615	
13	0	0	0	0	441	605	
14	0	0	0	0	447	598	
15	0	0	0	0	453	593	
0	0	0	0	0	455	592	
1	0	0	0	0	455	595	
2	0	0	0	0	455	596	
3	0	0	0	0	456	598	
4	0	0	0	0	458	593	
5	0	0	0	0	462	584	
6	0	0	0	0	467	569	
7	0	0	0	0	475	553	
8	0	0	0	0	486	535	
9	0	0	0	0	502	514	
10	0	0	0	0	518	498	
11	0	0	0	0	529	491	
12	0	0	0	0	536	491	
13	0	0	0	0	538	497	
14	0	0	0	0	536	505	
15	0	0	0	0	526	516	
0	0	0	0	0	514	531	
1	0	0	0	0	499	547	
2	0	0	0	0	482	564	
3	0	0	0	0	467	579	
4	0	0	0	0	455	588	
5	0	0	0	0	448	595	
6	0	0	0	0	445	601	
7	0	0	0	0	443	604	
8	0	0	0	0	443	609	
9	0	0	0	0	447	608	
10	0	0	0	0	451	605	
11	0	0	0	0	457	603	
12	0	0	0	0	464	599	
13	0	0	0	0	471	598	
14	0	0	0	0	475	593	
15	0	0	0	0	476	591	
0	0	0	0	0	476	587	
1	0	0	0	0	477	585	
2	0	0	0	0	478	585	
3	0	0	0	0	483	587	
4	0	0	0	0	489	588	
5	0	0	0	0	495	591	
6	0	0	0	0	503	589	
7	0	0	0	0	511	582	
8	0	0	0	0	517	575	
9	0	0	0	0	527	573	
10	0	0	0	0	541	575	
11	0	0	0	0	554	580	
12	0	0	0	0	566	583	
13	0	0	0	0	574	588	
14	0	0	0	0	576	588	
15	0	0	0	0	578	592	
0	0	0	0	0	575	599	
1	0	0	0	0	562	608	
2	0	0	0	0	545	621	
3	0	0	0	0	525	636	
4	0	0	0	0	506	642	
5	0	0	0	0	492	643	
6	0	0	0	0	484	642	
7	0	0	0	0	482	641	
8	0	0	0	0	483	637	
9	0	0	0	0	485	627	
10	0	0	0	0	489	617	
11	0	0	0	0	492	600	
12	0	0	0	0	498	582	
13	0	0	0	0	504	563	
14	0	0	0	0	507	551	
15	0	0	0	0	509	535	
0	0	0	0	0	519	522	
1	0	0	0	0	538	515	
2	0	0	0	0	560	512	
3	0	0	0	0	578	510	
4	0	0	0	0	595	508	
5	0	0	0	0	606	516	
6	0	0	0	0	608	524	
7	0	0	0	0	601	534	
8	0	0	0	0	589	542	
9	0	0	0	0	573	553	
10	0	0	0	0	555	565	
11	0	0	0	0	536	579	
12	0	0	0	0	520	591	
13	0	0	0	0	505	600	
14	0	0	0	0	493	602	
15	0	0	0	0	490	602	
0	0	0	0	0	494	599	
1	0	0	0	0	501	587	
2	0	0	0	0	511	575	
3	0	0	0	0	519	559	
4	0	0	0	0	523	544	
5	0	0	0	0	516	529	
6	0	0	0	0	511	515	
7	0	0	0	0	503	506	
8	0	0	0	0	491	504	
9	0	0	0	0	483	507	
10	0	0	0	0	482	521	
11	0	0	0	0	493	537	
12	0	0	0	0	507	552	
13	0	0	0	0	521	565	
14	0	0	0	0	534	575	
15	0	0	0	0	549	580	
0	0	0	0	0	560	580	
1	0	0	0	0	571	575	
2	0	0	0	0	573	566	
3	0	0	0	0	574	556	
4	0	0	0	0	572	540	
5	0	0	0	0	566	519	
6	0	0	0	0	562	500	
7	0	0	0	0	558	483	
8	0	0	0	0	559	468	
9	0	0	0	0	559	455	
10	0	0	0	0	560	445	
11	0	0	0	0	567	439	
12	0	0	0	0	572	434	
13	0	0	0	0	574	422	
14	0	0	0	0	571	409	
15	0	0	0	0	568	394	
0	0	0	0	0	563	378	
1	0	0	0	0	560	362	
2	0	0	0	0	560	353	
3	0	0	0	0	562	353	
4	0	0	0	0	566	359	
5	0	0	0	0	566	368	
6	0	0	0	0	569	381	
7	0	0	0	0	570	391	
8	0	0	0	0	567	400	
9	0	0	0	0	559	411	
10	0	0	0	0	548	431	
11	0	0	0	0	535	453	
12	0	0	0	0	523	475	
13	0	0	0	0	512	495	
14	0	0	0	0	512	510	
15	0	0	0	0	519	517	
0	0	0	0	0	522	518	
1	0	0	0	0	524	514	
2	0	0	0	0	531	512	
3	0	0	0	0	540	511	
4	0	0	0	0	548	517	
5	0	0	0	0	555	523	
6	0	0	0	0	559	524	
7	0	0	0	0	563	519	
8	0	0	0	0	568	508	
9	0	0	0	0	569	500	
10	0	0	0	0	567	491	
11	0	0	0	0	560	483	
12	0	0	0	0	553	483	
13	0	0	0	0	549	482	
14	0	0	0	0	545	481	
15	0	0	0	0	543	481	
0	0	0	0	0	542	481	
1	0	0	0	0	540	480	
2	0	0	0	0	537	479	
3	0	0	0	0	534	480	
4	0	0	0	0	535	481	
5	0	0	0	0	536	476	
6	0	0	0	0	536	468	
7	0	0	0	0	535	462	
8	0	0	0	0	534	458	
9	0	0	0	0	533	451	
10	0	0	0	0	535	447	
11	0	0	0	0	537	443	
12	0	0	0	0	542	440	
13	0	0	0	0	545	442	
14	0	0	0	0	545	451	
15	0	0	0	0	546	464	
0	0	0	0	0	549	480	
1	0	0	0	0	550	500	
2	0	0	0	0	547	521	
3	0	0	0	0	546	546	
4	0	0	0	0	546	569	
5	0	0	0	0	547	585	
6	0	0	0	0	551	593	
7	0	0	0	0	553	592	
8	0	0	0	0	560	582	
9	0	0	0	0	568	564	
10	0	0	0	0	576	540	
11	0	0	0	0	585	508	
12	0	0	0	0	593	473	
13	0	0	0	0	598	438	
14	0	0	0	0	605	407	
15	0	0	0	0	613	381	
0	0	0	0	0	623	369	
1	0	0	0	0	627	361	
2	0	0	0	0	629	363	
3	0	0	0	0	632	368	
4	0	0	0	0	632	376	
5	0	0	0	0	631	385	
6	0	0	0	0	630	400	
7	0	0	0	0	628	413	
8	0	0	0	0	628	424	
9	0	0	0	0	628	434	
10	0	0	0	0	628	434	
11	0	0	0	0	629	423	
12	0	0	0	0	626	409	
13	0	0	0	0	618	391	
14	0	0	0	0	611	375	
15	0	0	0	0	608	354	
0	0	0	0	0	609	352	
1	0	0	0	0	617	354	
2	0	0	0	0	627	379	
3	0	0	0	0	632	413	
4	0	0	0	0	636	461	
5	0	0	0	0	642	511	
6	0	0	0	0	649	552	
7	0	0	0	0	657	588	
8	0	0	0	0	665	616	
9	0	0	0	0	674	632	
10	0	0	0	0	681	632	
11	0	0	0	0	683	607	
12	0	0	0	0	682	564	
13	0	0	0	0	673	509	
14	0	0	0	0	659	443	
15	0	0	0	0	644	377	
0	0	0	0	0	626	324	
1	0	0	0	0	609	273	
2	0	0	0	0	594	243	
3	0	0	0	0	582	218	
4	0	0	0	0	573	215	
5	0	0	0	0	570	210	
6	0	0	0	0	570	224	
7	0	0	0	0	576	235	
8	0	0	0	0	585	257	
9	0	0	0	0	592	268	
10	0	0	0	0	596	292	
11	0	0	0	0	601	302	
12	0	0	0	0	606	319	
13	0	0	0	0	607	327	
14	0	0	0	0	609	345	
15	0	0	0	0	612	359	
0	0	0	0	0	613	376	
1	0	0	0	0	611	388	
2	0	0	0	0	611	397	
3	0	0	0	0	611	404	
4	0	0	0	0	607	410	
5	0	0	0	0	603	414	
6	0	0	0	0	599	419	
7	0	0	0	0	598	421	
8	0	0	0	0	600	427	
9	0	0	0	0	603	428	
10	0	0	0	0	608	433	
11	0	0	0	0	613	432	
12	0	0	0	0	616	435	
13	0	0	0	0	617	441	
14	0	0	0	0	617	444	
15	0	0	0	0	615	444	
0	0	0	0	0	608	448	
1	0	0	0	0	596	447	
2	0	0	0	0	587	451	
3	0	0	0	0	579	447	
4	0	0	0	0	576	440	
5	0	0	0	0	578	435	
6	0	0	0	0	583	434	
7	0	0	0	0	591	439	
8	0	0	0	0	599	445	
9	0	0	0	0	602	448	
10	0	0	0	0	599	456	
11	0	0	0	0	593	459	
12	0	0	0	0	586	464	
13	0	0	0	0	573	460	
14	0	0	0	0	558	455	
15	0	0	0	0	549	447	
0	0	0	0	0	543	444	
1	0	0	0	0	543	438	
2	0	0	0	0	547	433	
3	0	0	0	0	553	431	
4	0	0	0	0	558	431	
5	0	0	0	0	560	434	
6	0	0	0	0	560	436	
7	0	0	0	0	558	435	
8	0	0	0	0	558	438	
9	0	0	0	0	557	443	
10	0	0	0	0	560	456	
11	0	0	0	0	565	467	
12	0	0	0	0	568	477	
13	0	0	0	0	575	483	
14	0	0	0	0	584	485	
15	0	0	0	0	592	484	
0	0	0	0	0	598	484	
1	0	0	0	0	599	487	
2	0	0	0	0	596	490	
3	0	0	0	0	594	491	
4	0	0	0	0	593	486	
5	0	0	0	0	588	475	
6	0	0	0	0	582	467	
7	0	0	0	0	574	460	
8	0	0	0	0	569	450	
9	0	0	0	0	568	443	
10	0	0	0	0	569	435	
11	0	0	0	0	569	433	
12	0	0	0	0	572	431	
13	0	0	0	0	573	435	
14	0	0	0	0	573	435	
15	0	0	0	0	575	441	
0	0	0	0	0	578	447	
1	0	0	0	0	583	455	
2	0	0	0	0	592	459	
3	0	0	0	0	599	459	
4	0	0	0	0	602	456	
5	0	0	0	0	600	452	
6	0	0	0	0	599	449	
7	0	0	0	0	591	448	
8	0	0	0	0	581	450	
9	0	0	0	0	573	455	
10	0	0	0	0	566	460	
11	0	0	0	0	561	462	
12	0	0	0	0	560	461	
13	0	0	0	0	557	462	
14	0	0	0	0	557	462	
15	0	0	0	0	563	462	
0	0	0	0	0	568	466	
1	0	0	0	0	573	463	
2	0	0	0	0	577	460	
3	0	0	0	0	578	457	
4	0	0	0	0	572	450	
5	0	0	0	0	561	443	
6	0	0	0	0	554	441	
7	0	0	0	0	551	445	
8	0	0	0	0	545	450	
9	0	0	0	0	542	451	
10	0	0	0	0	540	449	
11	0	0	0	0	540	446	
12	0	0	0	0	539	449	
13	0	0	0	0	539	455	
14	0	0	0	0	539	464	
15	0	0	0	0	538	473	
0	0	0	0	0	537	480	
1	0	0	0	0	538	487	
2	0	0	0	0	541	498	
3	0	0	0	0	543	510	
4	0	0	0	0	544	523	
5	0	0	0	0	543	534	
6	0	0	0	0	541	540	
7	0	0	0	0	537	540	
8	0	0	0	0	536	536	
9	0	0	0	0	537	532	
10	0	0	0	0	534	528	
11	0	0	0	0	528	524	
12	0	0	0	0	525	520	
13	0	0	0	0	522	520	
14	0	0	0	0	522	518	
15	0	0	0	0	527	516	
0	0	0	0	0	529	515	
1	0	0	0	0	531	519	
2	0	0	0	0	534	517	
3	0	0	0	0	541	514	
4	0	0	0	0	545	512	
5	0	0	0	0	545	504	
6	0	0	0	0	544	493	
7	0	0	0	0	543	480	
8	0	0	0	0	541	475	
9	0	0	0	0	539	470	
10	0	0	0	0	533	467	
11	0	0	0	0	525	461	
12	0	0	0	0	515	459	
13	0	0	0	0	503	461	
14	0	0	0	0	494	468	
15	0	0	0	0	487	479	
0	0	0	0	0	481	489	
1	0	0	0	0	478	497	
2	0	0	0	0	476	509	
3	0	0	0	0	476	524	
4	0	0	0	0	476	540	
5	0	0	0	0	475	558	
6	0	0	0	0	473	567	
7	0	0	0	0	465	569	
8	0	0	0	0	454	568	
9	0	0	0	0	443	563	
10	0	0	0	0	435	561	
11	0	0	0	0	435	558	
12	0	0	0	0	441	557	
13	0	0	0	0	450	547	
14	0	0	0	0	461	540	
15	0	0	0	0	476	535	
0	0	0	0	0	496	535	
1	0	0	0	0	517	531	
2	0	0	0	0	532	524	
3	0	0	0	0	538	517	
4	0	0	0	0	540	510	
5	0	0	0	0	535	503	
6	0	0	0	0	527	494	
7	0	0	0	0	523	488	
8	0	0	0	0	516	484	
9	0	0	0	0	511	480	
10	0	0	0	0	503	470	
11	0	0	0	0	494	460	
12	0	0	0	0	487	454	
13	0	0	0	0	482	446	
14	0	0	0	0	477	441	
15	0	0	0	0	472	444	
0	0	0	0	0	469	449	
1	0	0	0	0	468	457	
2	0	0	0	0	469	461	
3	0	0	0	0	467	464	
4	0	0	0	0	468	470	
5	0	0	0	0	470	476	
6	0	0	0	0	472	480	
7	0	0	0	0	476	479	
8	0	0	0	0	480	476	
9	0	0	0	0	482	473	
10	0	0	0	0	486	472	
11	0	0	0	0	491	476	
12	0	0	0	0	498	482	
13	0	0	0	0	509	490	
14	0	0	0	0	519	497	
15	0	0	0	0	521	504	
0	0	0	0	0	520	510	
1	0	0	0	0	517	514	
2	0	0	0	0	511	516	
3	0	0	0	0	508	511	
4	0	0	0	0	507	504	
5	0	0	0	0	502	496	
6	0	0	0	0	497	488	
7	0	0	0	0	491	483	
8	0	0	0	0	484	479	
9	0	0	0	0	481	474	
10	0	0	0	0	476	470	
11	0	0	0	0	469	466	
12	0	0	0	0	466	460	
13	0	0	0	0	462	455	
14	0	0	0	0	462	453	
15	0	0	0	0	466	446	
0	0	0	0	0	473	438	
1	0	0	0	0	484	428	
2	0	0	0	0	492	422	
3	0	0	0	0	500	417	
4	0	0	0	0	509	423	
5	0	0	0	0	514	434	
6	0	0	0	0	519	452	
7	0	0	0	0	516	470	
8	0	0	0	0	508	487	
9	0	0	0	0	496	505	
10	0	0	0	0	480	519	
11	0	0	0	0	463	533	
12	0	0	0	0	451	543	
13	0	0	0	0	448	549	
14	0	0	0	0	447	556	
15	0	0	0	0	449	560	
0	0	0	0	0	453	566	
1	0	0	0	0	459	566	
2	0	0	0	0	464	559	
3	0	0	0	0	467	545	
4	0	0	0	0	468	530	
5	0	0	0	0	465	516	
6	0	0	0	0	461	503	
7	0	0	0	0	458	496	
8	0	0	0	0	453	491	
9	0	0	0	0	450	487	
10	0	0	0	0	448	485	
11	0	0	0	0	444	487	
12	0	0	0	0	440	489	
13	0	0	0	0	437	492	
14	0	0	0	0	438	494	
15	0	0	0	0	440	494	
0	0	0	0	0	443	494	
1	0	0	0	0	451	499	
2	0	0	0	0	460	505	
3	0	0	0	0	466	511	
4	0	0	0	0	468	515	
5	0	0	0	0	468	519	
6	0	0	0	0	465	521	
7	0	0	0	0	462	520	
8	0	0	0	0	457	516	
9	0	0	0	0	453	515	
10	0	0	0	0	448	515	
11	0	0	0	0	445	515	
12	0	0	0	0	442	517	
13	0	0	0	0	436	518	
14	0	0	0	0	433	521	
15	0	0	0	0	429	527	
0	0	0	0	0	423	532	
1	0	0	0	0	423	542	
2	0	0	0	0	423	551	
3	0	0	0	0	429	560	
4	0	0	0	0	435	574	
5	0	0	0	0	440	578	
6	0	0	0	0	442	577	
7	0	0	0	0	440	574	
8	0	0	0	0	434	579	
9	0	0	0	0	431	582	
10	0	0	0	0	428	588	
11	0	0	0	0	428	600	
12	0	0	0	0	427	609	
13	0	0	0	0	424	620	
14	0	0	0	0	422	622	
15	0	0	0	0	424	624	
0	0	0	0	0	427	624	
1	0	0	0	0	428	625	
2	0	0	0	0	430	621	
3	0	0	0	0	427	611	
4	0	0	0	0	424	599	
5	0	0	0	0	423	584	
6	0	0	0	0	426	576	
7	0	0	0	0	431	568	
8	0	0	0	0	435	559	
9	0	0	0	0	440	552	
10	0	0	0	0	446	546	
11	0	0	0	0	448	544	
12	0	0	0	0	449	543	
13	0	0	0	0	448	539	
14	0	0	0	0	446	543	
15	0	0	0	0	440	547	
0	0	0	0	0	432	551	
1	0	0	0	0	428	553	
2	0	0	0	0	429	553	
3	0	0	0	0	435	553	
4	0	0	0	0	446	556	
5	0	0	0	0	457	555	
6	0	0	0	0	468	555	
7	0	0	0	0	475	556	
8	0	0	0	0	478	553	
9	0	0	0	0	479	555	
10	0	0	0	0	483	560	
11	0	0	0	0	487	566	
12	0	0	0	0	482	576	
13	0	0	0	0	475	592	
14	0	0	0	0	465	609	
15	0	0	0	0	454	616	
0	0	0	0	0	446	620	
1	0	0	0	0	439	613	
2	0	0	0	0	432	612	
3	0	0	0	0	429	611	
4	0	0	0	0	432	609	
5	0	0	0	0	433	608	
6	0	0	0	0	432	606	
7	0	0	0	0	430	606	
8	0	0	0	0	429	603	
9	0	0	0	0	423	600	
10	0	0	0	0	420	598	
11	0	0	0	0	419	595	
12	0	0	0	0	422	590	
13	0	0	0	0	425	588	
14	0	0	0	0	424	585	
15	0	0	0	0	418	586	
0	0	0	0	0	411	590	
1	0	0	0	0	401	588	
2	0	0	0	0	395	584	
3	0	0	0	0	389	586	
4	0	0	0	0	390	591	
5	0	0	0	0	390	600	
6	0	0	0	0	390	612	
7	0	0	0	0	391	619	
8	0	0	0	0	393	627	
9	0	0	0	0	395	633	
10	0	0	0	0	398	643	
11	0	0	0	0	403	647	
12	0	0	0	0	408	644	
13	0	0	0	0	411	642	
14	0	0	0	0	410	642	
15	0	0	0	0	413	645	
0	0	0	0	0	415	646	
1	0	0	0	0	412	648	
2	0	0	0	0	409	653	
3	0	0	0	0	407	658	
4	0	0	0	0	403	660	
5	0	0	0	0	396	663	
6	0	0	0	0	390	664	
7	0	0	0	0	385	667	
8	0	0	0	0	377	665	
9	0	0	0	0	368	671	
10	0	0	0	0	358	675	
11	0	0	0	0	351	681	
12	0	0	0	0	349	681	
13	0	0	0	0	348	676	
14	0	0	0	0	353	672	
15	0	0	0	0	361	667	
0	0	0	0	0	368	659	
1	0	0	0	0	370	653	
2	0	0	0	0	372	647	
3	0	0	0	0	375	641	
4	0	0	0	0	382	635	
5	0	0	0	0	389	629	
6	0	0	0	0	402	624	
7	0	0	0	0	412	617	
8	0	0	0	0	422	605	
9	0	0	0	0	431	592	
10	0	0	0	0	443	581	
11	0	0	0	0	453	568	
12	0	0	0	0	461	562	
13	0	0	0	0	464	556	
14	0	0	0	0	463	555	
15	0	0	0	0	454	556	
0	0	0	0	0	443	559	
1	0	0	0	0	434	566	
2	0	0	0	0	424	571	
3	0	0	0	0	415	575	
4	0	0	0	0	411	579	
5	0	0	0	0	408	588	
6	0	0	0	0	406	593	
7	0	0	0	0	408	601	
8	0	0	0	0	411	608	
9	0	0	0	0	411	617	
10	0	0	0	0	407	623	
11	0	0	0	0	401	628	
12	0	0	0	0	395	632	
13	0	0	0	0	391	637	
14	0	0	0	0	388	642	
15	0	0	0	0	383	648	
0	0	0	0	0	379	657	
1	0	0	0	0	380	664	
2	0	0	0	0	385	668	
3	0	0	0	0	389	667	
4	0	0	0	0	393	667	
5	0	0	0	0	397	658	
6	0	0	0	0	401	660	
7	0	0	0	0	407	656	
8	0	0	0	0	412	659	
9	0	0	0	0	417	664	
10	0	0	0	0	423	668	
11	0	0	0	0	431	675	
12	0	0	0	0	435	679	
13	0	0	0	0	433	682	
14	0	0	0	0	431	681	
15	0	0	0	0	427	681	
0	0	0	0	0	426	681	
1	0	0	0	0	428	686	
2	0	0	0	0	428	688	
3	0	0	0	0	424	691	
4	0	0	0	0	419	689	
5	0	0	0	0	409	686	
6	0	0	0	0	398	677	
7	0	0	0	0	388	672	
8	0	0	0	0	384	670	
9	0	0	0	0	380	673	
10	0	0	0	0	380	667	
11	0	0	0	0	381	664	
12	0	0	0	0	385	664	
13	0	0	0	0	388	660	
14	0	0	0	0	393	657	
15	0	0	0	0	400	652	
0	0	0	0	0	410	651	
1	0	0	0	0	419	652	
2	0	0	0	0	423	654	
3	0	0	0	0	426	655	
4	0	0	0	0	429	659	
5	0	0	0	0	428	668	
6	0	0	0	0	424	679	
7	0	0	0	0	418	683	
8	0	0	0	0	413	684	
9	0	0	0	0	410	680	
10	0	0	0	0	409	681	
11	0	0	0	0	413	675	
12	0	0	0	0	422	676	
13	0	0	0	0	431	670	
14	0	0	0	0	443	663	
15	0	0	0	0	451	652	
0	0	0	0	0	457	638	
1	0	0	0	0	456	625	
2	0	0	0	0	456	612	
3	0	0	0	0	455	601	
4	0	0	0	0	453	591	
5	0	0	0	0	451	586	
6	0	0	0	0	448	584	
7	0	0	0	0	446	587	
8	0	0	0	0	441	585	
9	0	0	0	0	439	582	
10	0	0	0	0	434	579	
11	0	0	0	0	431	582	
12	0	0	0	0	431	585	
13	0	0	0	0	433	585	
14	0	0	0	0	435	584	
15	0	0	0	0	435	583	
0	0	0	0	0	431	580	
1	0	0	0	0	428	577	
2	0	0	0	0	425	577	
3	0	0	0	0	423	575	
4	0	0	0	0	425	575	
5	0	0	0	0	430	577	
6	0	0	0	0	433	573	
7	0	0	0	0	441	570	
8	0	0	0	0	457	568	
9	0	0	0	0	471	571	
10	0	0	0	0	482	577	
11	0	0	0	0	489	585	
12	0	0	0	0	491	591	
13	0	0	0	0	484	593	
14	0	0	0	0	473	594	
15	0	0	0	0	459	593	
0	0	0	0	0	445	594	
1	0	0	0	0	432	594	
2	0	0	0	0	425	593	
3	0	0	0	0	423	591	
4	0	0	0	0	419	587	
5	0	0	0	0	417	582	
6	0	0	0	0	417	578	
7	0	0	0	0	419	569	
8	0	0	0	0	425	563	
9	0	0	0	0	431	550	
10	0	0	0	0	441	540	
11	0	0	0	0	455	526	
12	0	0	0	0	470	511	
13	0	0	0	0	486	504	
14	0	0	0	0	501	495	
15	0	0	0	0	514	489	
0	0	0	0	0	520	488	
1	0	0	0	0	525	495	
2	0	0	0	0	525	511	
3	0	0	0	0	517	532	
4	0	0	0	0	509	547	
5	0	0	0	0	497	553	
6	0	0	0	0	487	551	
7	0	0	0	0	476	543	
8	0	0	0	0	464	537	
9	0	0	0	0	455	534	
10	0	0	0	0	447	534	
11	0	0	0	0	442	533	
12	0	0	0	0	434	525	
13	0	0	0	0	428	523	
14	0	0	0	0	425	529	
15	0	0	0	0	423	539	
0	0	0	0	0	422	553	
1	0	0	0	0	419	568	
2	0	0	0	0	418	581	
3	0	0	0	0	415	590	
4	0	0	0	0	415	594	
5	0	0	0	0	415	596	
6	0	0	0	0	416	601	
7	0	0	0	0	419	608	
8	0	0	0	0	421	611	
9	0	0	0	0	422	611	
10	0	0	0	0	424	607	
11	0	0	0	0	426	601	
12	0	0	0	0	427	599	
13	0	0	0	0	430	593	
14	0	0	0	0	432	589	
15	0	0	0	0	434	585	
0	0	0	0	0	435	582	
1	0	0	0	0	438	583	
2	0	0	0	0	441	584	
3	0	0	0	0	444	584	
4	0	0	0	0	446	582	
5	0	0	0	0	445	577	
6	0	0	0	0	448	571	
7	0	0	0	0	448	566	
8	0	0	0	0	448	565	
9	0	0	0	0	447	560	
10	0	0	0	0	445	556	
11	0	0	0	0	447	551	
12	0	0	0	0	446	551	
13	0	0	0	0	446	556	
14	0	0	0	0	445	560	
15	0	0	0	0	441	563	
0	0	0	0	0	435	568	
1	0	0	0	0	430	575	
2	0	0	0	0	428	583	
3	0	0	0	0	430	592	
4	0	0	0	0	436	597	
5	0	0	0	0	446	600	
6	0	0	0	0	459	595	
7	0	0	0	0	470	588	
8	0	0	0	0	477	579	
9	0	0	0	0	483	575	
10	0	0	0	0	486	575	
11	0	0	0	0	490	575	
12	0	0	0	0	492	572	
13	0	0	0	0	492	572	
14	0	0	0	0	488	571	
15	0	0	0	0	481	569	
0	0	0	0	0	475	569	
1	0	0	0	0	472	565	
2	0	0	0	0	469	556	
3	0	0	0	0	465	546	
4	0	0	0	0	459	535	
5	0	0	0	0	456	521	
6	0	0	0	0	452	515	
7	0	0	0	0	448	512	
8	0	0	0	0	448	512	
9	0	0	0	0	452	523	
10	0	0	0	0	452	534	
11	0	0	0	0	454	547	
12	0	0	0	0	455	558	
13	0	0	0	0	453	570	
14	0	0	0	0	451	578	
15	0	0	0	0	447	582	
0	0	0	0	0	441	584	
1	0	0	0	0	438	582	
2	0	0	0	0	432	580	
3	0	0	0	0	432	579	
4	0	0	0	0	435	575	
5	0	0	0	0	442	576	
6	0	0	0	0	449	577	
7	0	0	0	0	451	573	
8	0	0	0	0	455	568	
9	0	0	0	0	465	563	
10	0	0	0	0	477	562	
11	0	0	0	0	491	564	
12	0	0	0	0	500	566	
13	0	0	0	0	504	564	
14	0	0	0	0	508	556	
15	0	0	0	0	512	546	
0	0	0	0	0	516	536	
1	0	0	0	0	518	530	
2	0	0	0	0	521	528	
3	0	0	0	0	523	529	
4	0	0	0	0	524	534	
5	0	0	0	0	523	542	
6	0	0	0	0	522	553	
7	0	0	0	0	523	563	
8	0	0	0	0	519	572	
9	0	0	0	0	515	575	
10	0	0	0	0	509	575	
11	0	0	0	0	502	572	
12	0	0	0	0	496	566	
13	0	0	0	0	490	551	
14	0	0	0	0	490	536	
15	0	0	0	0	491	523	
0	0	0	0	0	496	509	
1	0	0	0	0	502	501	
2	0	0	0	0	510	494	
3	0	0	0	0	515	488	
4	0	0	0	0	520	482	
5	0	0	0	0	521	477	
6	0	0	0	0	525	476	
7	0	0	0	0	527	478	
8	0	0	0	0	521	480	
9	0	0	0	0	510	483	
10	0	0	0	0	496	481	
11	0	0	0	0	485	479	
12	0	0	0	0	477	475	
13	0	0	0	0	471	468	
14	0	0	0	0	468	463	
15	0	0	0	0	466	456	
0	0	0	0	0	465	452	
1	0	0	0	0	463	448	
2	0	0	0	0	466	446	
3	0	0	0	0	475	444	
4	0	0	0	0	480	447	
5	0	0	0	0	486	451	
6	0	0	0	0	491	455	
7	0	0	0	0	494	456	
8	0	0	0	0	501	461	
9	0	0	0	0	513	470	
10	0	0	0	0	526	480	
11	0	0	0	0	538	489	
12	0	0	0	0	551	494	
13	0	0	0	0	558	500	
14	0	0	0	0	563	503	
15	0	0	0	0	559	507	
0	0	0	0	0	552	510	
1	0	0	0	0	543	504	
2	0	0	0	0	531	499	
3	0	0	0	0	519	497	
4	0	0	0	0	508	497	
5	0	0	0	0	496	503	
6	0	0	0	0	487	508	
7	0	0	0	0	484	510	
8	0	0	0	0	480	502	
9	0	0	0	0	475	492	
10	0	0	0	0	474	480	
11	0	0	0	0	471	472	
12	0	0	0	0	469	464	
13	0	0	0	0	470	458	
14	0	0	0	0	475	454	
15	0	0	0	0	480	448	
0	0	0	0	0	483	447	
1	0	0	0	0	484	449	
2	0	0	0	0	489	451	
3	0	0	0	0	495	455	
4	0	0	0	0	499	460	
5	0	0	0	0	499	467	
6	0	0	0	0	501	475	
7	0	0	0	0	501	481	
8	0	0	0	0	499	487	
9	0	0	0	0	494	487	
10	0	0	0	0	491	483	
11	0	0	0	0	487	481	
12	0	0	0	0	484	479	
13	0	0	0	0	476	480	
14	0	0	0	0	473	484	
15	0	0	0	0	472	491	
0	0	0	0	0	470	499	
1	0	0	0	0	475	508	
2	0	0	0	0	483	511	
3	0	0	0	0	493	512	
4	0	0	0	0	503	509	
5	0	0	0	0	512	509	
6	0	0	0	0	519	508	
7	0	0	0	0	523	510	
8	0	0	0	0	524	509	
9	0	0	0	0	524	508	
10	0	0	0	0	521	506	
11	0	0	0	0	519	504	
12	0	0	0	0	520	499	
13	0	0	0	0	525	493	
14	0	0	0	0	530	484	
15	0	0	0	0	536	478	
0	0	0	0	0	541	476	
1	0	0	0	0	548	475	
2	0	0	0	0	558	477	
3	0	0	0	0	566	476	
4	0	0	0	0	570	472	
5	0	0	0	0	570	468	
6	0	0	0	0	570	464	
7	0	0	0	0	567	462	
8	0	0	0	0	566	459	
9	0	0	0	0	567	463	
10	0	0	0	0	567	463	
11	0	0	0	0	563	463	
12	0	0	0	0	559	460	
13	0	0	0	0	552	459	
14	0	0	0	0	545	460	
15	0	0	0	0	542	471	
0	0	0	0	0	536	477	
1	0	0	0	0	530	484	
2	0	0	0	0	523	490	
3	0	0	0	0	516	493	
4	0	0	0	0	511	493	
5	0	0	0	0	513	488	
6	0	0	0	0	519	483	
7	0	0	0	0	522	479	
8	0	0	0	0	524	479	
9	0	0	0	0	524	485	
10	0	0	0	0	525	491	
11	0	0	0	0	524	496	
12	0	0	0	0	520	496	
13	0	0	0	0	520	496	
14	0	0	0	0	519	500	
15	0	0	0	0	524	503	
0	0	0	0	0	529	504	
1	0	0	0	0	536	505	
2	0	0	0	0	543	505	
3	0	0	0	0	545	506	
4	0	0	0	0	546	502	
5	0	0	0	0	543	498	
6	0	0	0	0	537	494	
7	0	0	0	0	529	494	
8	0	0	0	0	523	496	
9	0	0	0	0	517	502	
10	0	0	0	0	510	506	
11	0	0	0	0	504	508	
12	0	0	0	0	500	510	
13	0	0	0	0	496	515	
14	0	0	0	0	496	520	
15	0	0	0	0	492	520	
0	0	0	0	0	491	522	
1	0	0	0	0	488	523	
2	0	0	0	0	486	528	
3	0	0	0	0	487	536	
4	0	0	0	0	487	542	
5	0	0	0	0	488	542	
6	0	0	0	0	491	540	
7	0	0	0	0	495	541	
8	0	0	0	0	500	544	
9	0	0	0	0	506	547	
10	0	0	0	0	511	551	
11	0	0	0	0	514	549	
12	0	0	0	0	520	543	
13	0	0	0	0	524	535	
14	0	0	0	0	527	527	
15	0	0	0	0	530	522	
0	0	0	0	0	536	519	
1	0	0	0	0	545	519	
2	0	0	0	0	550	518	
3	0	0	0	0	553	513	
4	0	0	0	0	556	508	
5	0	0	0	0	558	502	
6	0	0	0	0	558	494	
7	0	0	0	0	556	485	
8	0	0	0	0	561	473	
9	0	0	0	0	566	457	
10	0	0	0	0	572	447	
11	0	0	0	0	575	445	
12	0	0	0	0	575	449	
13	0	0	0	0	575	453	
14	0	0	0	0	576	457	
15	0	0	0	0	580	466	
0	0	0	0	0	582	474	
1	0	0	0	0	580	483	
2	0	0	0	0	577	490	
3	0	0	0	0	570	494	
4	0	0	0	0	566	497	
5	0	0	0	0	563	495	
6	0	0	0	0	563	491	
7	0	0	0	0	565	488	
8	0	0	0	0	567	486	
9	0	0	0	0	568	485	
10	0	0	0	0	567	480	
11	0	0	0	0	563	478	
12	0	0	0	0	560	479	
13	0	0	0	0	556	484	
14	0	0	0	0	551	487	
15	0	0	0	0	551	487	
0	0	0	0	0	550	485	
1	0	0	0	0	547	481	
2	0	0	0	0	545	478	
3	0	0	0	0	539	479	
4	0	0	0	0	532	479	
5	0	0	0	0	525	481	
6	0	0	0	0	521	486	
7	0	0	0	0	521	492	
8	0	0	0	0	521	498	
9	0	0	0	0	526	504	
10	0	0	0	0	529	509	
11	0	0	0	0	526	518	
12	0	0	0	0	524	524	
13	0	0	0	0	522	527	
14	0	0	0	0	522	529	
15	0	0	0	0	522	529	
0	0	0	0	0	524	532	
1	0	0	0	0	525	534	
2	0	0	0	0	526	535	
3	0	0	0	0	527	533	
4	0	0	0	0	527	530	
5	0	0	0	0	529	527	
6	0	0	0	0	537	522	
7	0	0	0	0	541	516	
8	0	0	0	0	546	508	
9	0	0	0	0	548	498	
10	0	0	0	0	551	493	
11	0	0	0	0	551	489	
12	0	0	0	0	549	485	
13	0	0	0	0	539	481	
14	0	0	0	0	527	481	
15	0	0	0	0	516	485	
0	0	0	0	0	505	488	
1	0	0	0	0	497	489	
2	0	0	0	0	489	488	
3	0	0	0	0	481	486	
4	0	0	0	0	478	488	
5	0	0	0	0	473	489	
6	0	0	0	0	471	497	
7	0	0	0	0	467	507	
8	0	0	0	0	463	516	
9	0	0	0	0	456	518	
10	0	0	0	0	452	513	
11	0	0	0	0	451	502	
12	0	0	0	0	452	491	
13	0	0	0	0	454	486	
14	0	0	0	0	453	485	
15	0	0	0	0	452	492	
0	0	0	0	0	450	501	
1	0	0	0	0	448	510	
2	0	0	0	0	449	513	
3	0	0	0	0	456	511	
4	0	0	0	0	466	504	
5	0	0	0	0	473	497	
6	0	0	0	0	477	494	
7	0	0	0	0	480	490	
8	0	0	0	0	481	488	
9	0	0	0	0	483	486	
10	0	0	0	0	484	482	
11	0	0	0	0	487	479	
12	0	0	0	0	487	473	
13	0	0	0	0	489	469	
14	0	0	0	0	494	463	
15	0	0	0	0	499	458	
0	0	0	0	0	505	457	
1	0	0	0	0	510	462	
2	0	0	0	0	509	465	
3	0	0	0	0	504	466	
4	0	0	0	0	503	468	
5	0	0	0	0	503	467	
6	0	0	0	0	503	469	
7	0	0	0	0	507	475	
8	0	0	0	0	509	481	
9	0	0	0	0	508	489	
10	0	0	0	0	503	496	
11	0	0	0	0	495	502	
12	0	0	0	0	489	505	
13	0	0	0	0	482	507	
14	0	0	0	0	480	510	
15	0	0	0	0	476	515	
0	0	0	0	0	471	518	
1	0	0	0	0	467	521	
2	0	0	0	0	464	518	
3	0	0	0	0	463	520	
4	0	0	0	0	466	524	
5	0	0	0	0	472	530	
6	0	0	0	0	480	534	
7	0	0	0	0	484	535	
8	0	0	0	0	489	533	
9	0	0	0	0	490	529	
10	0	0	0	0	486	526	
11	0	0	0	0	484	524	
12	0	0	0	0	483	527	
13	0	0	0	0	482	535	
14	0	0	0	0	478	543	
15	0	0	0	0	477	547	
0	0	0	0	0	477	549	
1	0	0	0	0	479	549	
2	0	0	0	0	483	547	
3	0	0	0	0	487	547	
4	0	0	0	0	491	544	
5	0	0	0	0	492	543	
6	0	0	0	0	494	540	
7	0	0	0	0	499	536	
8	0	0	0	0	503	531	
9	0	0	0	0	508	528	
10	0	0	0	0	511	529	
11	0	0	0	0	516	534	
12	0	0	0	0	522	535	
13	0	0	0	0	521	540	
14	0	0	0	0	517	543	
15	0	0	0	0	514	548	
0	0	0	0	0	509	552	
1	0	0	0	0	504	552	
2	0	0	0	0	500	549	
3	0	0	0	0	494	546	
4	0	0	0	0	486	541	
5	0	0	0	0	478	536	
6	0	0	0	0	467	532	
7	0	0	0	0	459	527	
8	0	0	0	0	455	527	
9	0	0	0	0	450	529	
10	0	0	0	0	444	535	
11	0	0	0	0	437	543	
12	0	0	0	0	435	553	
13	0	0	0	0	436	562	
14	0	0	0	0	438	569	
15	0	0	0	0	440	570	
0	0	0	0	0	446	566	
1	0	0	0	0	451	559	
2	0	0	0	0	460	555	
3	0	0	0	0	470	547	
4	0	0	0	0	480	540	
5	0	0	0	0	488	535	
6	0	0	0	0	495	531	
7	0	0	0	0	502	525	
8	0	0	0	0	511	521	
9	0	0	0	0	519	515	
10	0	0	0	0	523	512	
11	0	0	0	0	526	515	
12	0	0	0	0	529	514	
13	0	0	0	0	528	516	
14	0	0	0	0	527	520	
15	0	0	0	0	527	523	
0	0	0	0	0	527	529	
1	0	0	0	0	524	536	
2	0	0	0	0	524	544	
3	0	0	0	0	526	548	
4	0	0	0	0	527	551	
5	0	0	0	0	525	548	
6	0	0	0	0	524	547	
7	0	0	0	0	523	543	
8	0	0	0	0	518	540	
9	0	0	0	0	510	540	
10	0	0	0	0	502	546	
11	0	0	0	0	494	551	
12	0	0	0	0	488	561	
13	0	0	0	0	480	568	
14	0	0	0	0	476	569	
15	0	0	0	0	475	568	
0	0	0	0	0	477	565	
1	0	0	0	0	480	564	
2	0	0	0	0	486	560	
3	0	0	0	0	495	556	
4	0	0	0	0	501	551	
5	0	0	0	0	510	550	
6	0	0	0	0	518	548	
7	0	0	0	0	527	547	
8	0	0	0	0	532	542	
9	0	0	0	0	536	537	
10	0	0	0	0	537	531	
11	0	0	0	0	535	527	
12	0	0	0	0	531	528	
13	0	0	0	0	526	532	
14	0	0	0	0	521	536	
15	0	0	0	0	515	536	
0	0	0	0	0	512	533	
1	0	0	0	0	511	537	
2	0	0	0	0	507	543	
3	0	0	0	0	499	550	
4	0	0	0	0	492	555	
5	0	0	0	0	484	561	
6	0	0	0	0	477	567	
7	0	0	0	0	475	569	
8	0	0	0	0	475	570	
9	0	0	0	0	473	570	
10	0	0	0	0	476	573	
11	0	0	0	0	483	574	
12	0	0	0	0	489	579	
13	0	0	0	0	492	578	
14	0	0	0	0	491	575	
15	0	0	0	0	488	571	
0	0	0	0	0	484	566	
1	0	0	0	0	477	565	
2	0	0	0	0	473	561	
3	0	0	0	0	470	558	
4	0	0	0	0	468	555	
5	0	0	0	0	465	556	
6	0	0	0	0	460	554	
7	0	0	0	0	457	551	
8	0	0	0	0	460	549	
9	0	0	0	0	466	551	
10	0	0	0	0	474	552	
11	0	0	0	0	484	555	
12	0	0	0	0	497	551	
13	0	0	0	0	510	547	
14	0	0	0	0	519	546	
15	0	0	0	0	526	545	
0	0	0	0	0	526	546	
1	0	0	0	0	523	549	
2	0	0	0	0	517	553	
3	0	0	0	0	513	558	
4	0	0	0	0	505	566	
5	0	0	0	0	497	572	
6	0	0	0	0	493	578	
7	0	0	0	0	488	582	
8	0	0	0	0	484	582	
9	0	0	0	0	480	579	
10	0	0	0	0	474	574	
11	0	0	0	0	474	571	
12	0	0	0	0	475	567	
13	0	0	0	0	475	566	
14	0	0	0	0	475	563	
15	0	0	0	0	471	562	
0	0	0	0	0	466	558	
1	0	0	0	0	461	555	
2	0	0	0	0	458	551	
3	0	0	0	0	453	548	
4	0	0	0	0	447	549	
5	0	0	0	0	443	550	
6	0	0	0	0	440	551	
7	0	0	0	0	438	552	
8	0	0	0	0	436	554	
9	0	0	0	0	438	557	
10	0	0	0	0	440	558	
11	0	0	0	0	445	560	
12	0	0	0	0	452	563	
13	0	0	0	0	461	564	
14	0	0	0	0	467	564	
15	0	0	0	0	474	565	
0	0	0	0	0	481	565	
1	0	0	0	0	484	567	
2	0	0	0	0	487	566	
3	0	0	0	0	491	567	
4	0	0	0	0	496	567	
5	0	0	0	0	501	566	
6	0	0	0	0	504	566	
7	0	0	0	0	501	566	
8	0	0	0	0	502	565	
9	0	0	0	0	502	563	
10	0	0	0	0	502	561	
11	0	0	0	0	504	557	
12	0	0	0	0	509	555	
13	0	0	0	0	514	551	
14	0	0	0	0	521	548	
15	0	0	0	0	534	540	
0	0	0	0	0	546	537	
1	0	0	0	0	557	540	
2	0	0	0	0	566	542	
3	0	0	0	0	571	545	
4	0	0	0	0	579	548	
5	0	0	0	0	586	551	
6	0	0	0	0	590	553	
7	0	0	0	0	590	548	
8	0	0	0	0	591	544	
9	0	0	0	0	593	536	
10	0	0	0	0	596	529	
11	0	0	0	0	601	523	
12	0	0	0	0	604	519	
13	0	0	0	0	603	514	
14	0	0	0	0	603	507	
15	0	0	0	0	604	501	
0	0	0	0	0	606	495	
1	0	0	0	0	611	490	
2	0	0	0	0	615	481	
3	0	0	0	0	615	471	
4	0	0	0	0	613	465	
5	0	0	0	0	611	455	
6	0	0	0	0	608	451	
7	0	0	0	0	607	443	
8	0	0	0	0	608	440	
9	0	0	0	0	614	440	
10	0	0	0	0	624	440	
11	0	0	0	0	638	441	
12	0	0	0	0	647	440	
13	0	0	0	0	652	435	
14	0	0	0	0	656	427	
15	0	0	0	0	655	416	
0	0	0	0	0	652	404	
1	0	0	0	0	647	395	
2	0	0	0	0	642	389	
3	0	0	0	0	640	384	
4	0	0	0	0	640	377	
5	0	0	0	0	640	376	
6	0	0	0	0	644	369	
7	0	0	0	0	651	373	
8	0	0	0	0	655	363	
9	0	0	0	0	656	362	
10	0	0	0	0	662	356	
11	0	0	0	0	669	356	
12	0	0	0	0	679	355	
13	0	0	0	0	683	358	
14	0	0	0	0	682	354	
15	0	0	0	0	682	355	
0	0	0	0	0	679	350	
1	0	0	0	0	678	351	
2	0	0	0	0	681	356	
3	0	0	0	0	684	363	
4	0	0	0	0	685	368	
5	0	0	0	0	687	361	
6	0	0	0	0	688	355	
7	0	0	0	0	686	336	
8	0	0	0	0	679	327	
9	0	0	0	0	673	308	
10	0	0	0	0	668	300	
11	0	0	0	0	668	283	
12	0	0	0	0	666	279	
13	0	0	0	0	668	270	
14	0	0	0	0	674	278	
15	0	0	0	0	678	278	
0	0	0	0	0	684	284	
1	0	0	0	0	691	280	
2	0	0	0	0	697	287	
3	0	0	0	0	701	287	
4	0	0	0	0	699	284	
5	0	0	0	0	699	276	
6	0	0	0	0	695	275	
7	0	0	0	0	689	273	
8	0	0	0	0	688	269	
9	0	0	0	0	688	265	
10	0	0	0	0	689	257	
11	0	0	0	0	693	256	
12	0	0	0	0	696	239	
13	0	0	0	0	695	236	
14	0	0	0	0	697	219	
15	0	0	0	0	703	217	
0	0	0	0	0	706	206	
1	0	0	0	0	710	210	
2	0	0	0	0	714	208	
3	0	0	0	0	716	211	
4	0	0	0	0	716	208	
5	0	0	0	0	714	206	
6	0	0	0	0	711	197	
7	0	0	0	0	704	191	
8	0	0	0	0	700	185	
9	0	0	0	0	704	174	
10	0	0	0	0	710	168	
11	0	0	0	0	713	151	
12	0	0	0	0	720	146	
13	0	0	0	0	724	132	
14	0	0	0	0	730	128	
15	0	0	0	0	732	120	
0	0	0	0	0	735	121	
1	0	0	0	0	737	119	
2	0	0	0	0	737	120	
3	0	0	0	0	738	119	
4	0	0	0	0	743	118	
5	0	0	0	0	745	121	
6	0	0	0	0	748	123	
7	0	0	0	0	753	126	
8	0	0	0	0	756	124	
9	0	0	0	0	758	134	
10	0	0	0	0	756	130	
11	0	0	0	0	752	135	
12	0	0	0	0	750	130	
13	0	0	0	0	743	139	
14	0	0	0	0	739	139	
15	0	0	0	0	736	148	
0	0	0	0	0	735	150	
1	0	0	0	0	734	153	
2	0	0	0	0	737	155	
3	0	0	0	0	741	159	
4	0	0	0	0	744	159	
5	0	0	0	0	745	157	
6	0	0	0	0	743	153	
7	0	0	0	0	739	149	
8	0	0	0	0	734	143	
9	0	0	0	0	730	133	
10	0	0	0	0	723	140	
11	0	0	0	0	715	137	
12	0	0	0	0	705	145	
13	0	0	0	0	696	140	
14	0	0	0	0	691	151	
15	0	0	0	0	693	154	
0	0	0	0	0	694	159	
1	0	0	0	0	696	157	
2	0	0	0	0	697	156	
3	0	0	0	0	699	151	
4	0	0	0	0	700	147	
5	0	0	0	0	704	142	
6	0	0	0	0	706	136	
7	0	0	0	0	708	130	
8	0	0	0	0	712	129	
9	0	0	0	0	718	132	
10	0	0	0	0	721	134	
11	0	0	0	0	722	152	
12	0	0	0	0	725	152	
13	0	0	0	0	727	161	
14	0	0	0	0	730	157	
15	0	0	0	0	732	162	
0	0	0	0	0	739	154	
1	0	0	0	0	741	156	
2	0	0	0	0	742	156	
3	0	0	0	0	742	155	
4	0	0	0	0	742	149	
5	0	0	0	0	738	147	
6	0	0	0	0	732	145	
7	0	0	0	0	721	143	
8	0	0	0	0	711	145	
9	0	0	0	0	703	150	
10	0	0	0	0	696	157	
11	0	0	0	0	687	154	
12	0	0	0	0	679	165	
13	0	0	0	0	670	162	
14	0	0	0	0	665	175	
15	0	0	0	0	660	178	
0	0	0	0	0	656	189	
1	0	0	0	0	653	192	
2	0	0	0	0	654	200	
3	0	0	0	0	656	204	
4	0	0	0	0	657	209	
5	0	0	0	0	658	207	
6	0	0	0	0	659	203	
7	0	0	0	0	664	200	
8	0	0	0	0	668	196	
9	0	0	0	0	672	193	
10	0	0	0	0	673	186	
11	0	0	0	0	670	195	
12	0	0	0	0	664	190	
13	0	0	0	0	656	204	
14	0	0	0	0	645	203	
15	0	0	0	0	635	215	
0	0	0	0	0	625	217	
1	0	0	0	0	617	224	
2	0	0	0	0	615	226	
3	0	0	0	0	612	227	
4	0	0	0	0	613	224	
5	0	0	0	0	617	221	
6	0	0	0	0	622	219	
7	0	0	0	0	627	211	
8	0	0	0	0	632	216	
9	0	0	0	0	635	206	
10	0	0	0	0	638	215	
11	0	0	0	0	642	218	
12	0	0	0	0	649	233	
13	0	0	0	0	655	239	
14	0	0	0	0	662	252	
15	0	0	0	0	665	258	
0	0	0	0	0	668	268	
1	0	0	0	0	670	270	
2	0	0	0	0	670	278	
3	0	0	0	0	671	280	
4	0	0	0	0	665	283	
5	0	0	0	0	660	282	
6	0	0	0	0	658	275	
7	0	0	0	0	659	280	
8	0	0	0	0	662	274	
9	0	0	0	0	664	284	
10	0	0	0	0	664	284	
11	0	0	0	0	667	299	
12	0	0	0	0	665	303	
13	0	0	0	0	661	314	
14	0	0	0	0	656	317	
15	0	0	0	0	654	321	
0	0	0	0	0	650	319	
1	0	0	0	0	645	319	
2	0	0	0	0	639	319	
3	0	0	0	0	636	315	
4	0	0	0	0	630	322	
5	0	0	0	0	621	320	
6	0	0	0	0	617	327	
7	0	0	0	0	614	329	
8	0	0	0	0	611	336	
9	0	0	0	0	610	335	
10	0	0	0	0	611	342	
11	0	0	0	0	616	346	
12	0	0	0	0	621	354	
13	0	0	0	0	620	358	
14	0	0	0	0	615	364	
15	0	0	0	0	609	367	
0	0	0	0	0	600	369	
1	0	0	0	0	594	368	
2	0	0	0	0	593	364	
3	0	0	0	0	599	358	
4	0	0	0	0	607	349	
5	0	0	0	0	616	342	
6	0	0	0	0	627	339	
7	0	0	0	0	640	357	
8	0	0	0	0	652	369	
9	0	0	0	0	658	387	
10	0	0	0	0	663	400	
11	0	0	0	0	665	412	
12	0	0	0	0	664	423	
13	0	0	0	0	654	433	
14	0	0	0	0	640	443	
15	0	0	0	0	628	451	
0	0	0	0	0	618	454	
1	0	0	0	0	608	451	
2	0	0	0	0	601	454	
3	0	0	0	0	592	455	
4	0	0	0	0	583	457	
5	0	0	0	0	571	462	
6	0	0	0	0	562	466	
7	0	0	0	0	552	471	
8	0	0	0	0	544	476	
9	0	0	0	0	534	486	
10	0	0	0	0	521	499	
11	0	0	0	0	506	509	
12	0	0	0	0	494	516	
13	0	0	0	0	483	523	
14	0	0	0	0	477	529	
15	0	0	0	0	475	536	
0	0	0	0	0	477	540	
1	0	0	0	0	477	547	
2	0	0	0	0	476	553	
3	0	0	0	0	476	560	
4	0	0	0	0	477	563	
5	0	0	0	0	478	564	
6	0	0	0	0	479	561	
7	0	0	0	0	485	557	
8	0	0	0	0	489	551	
9	0	0	0	0	494	543	
10	0	0	0	0	498	534	
11	0	0	0	0	504	527	
12	0	0	0	0	511	521	
13	0	0	0	0	518	516	
14	0	0	0	0	525	513	
15	0	0	0	0	528	515	
0	0	0	0	0	527	519	
1	0	0	0	0	523	522	
2	0	0	0	0	519	523	
3	0	0	0	0	517	521	
4	0	0	0	0	516	521	
5	0	0	0	0	513	519	
6	0	0	0	0	515	515	
7	0	0	0	0	519	514	
8	0	0	0	0	522	514	
9	0	0	0	0	525	513	
10	0	0	0	0	530	512	
11	0	0	0	0	536	510	
12	0	0	0	0	542	510	
13	0	0	0	0	542	512	
14	0	0	0	0	540	513	
15	0	0	0	0	539	517	
0	0	0	0	0	536	524	
1	0	0	0	0	536	537	
2	0	0	0	0	536	556	
3	0	0	0	0	535	574	
4	0	0	0	0	535	591	
5	0	0	0	0	538	599	
6	0	0	0	0	541	601	
7	0	0	0	0	539	601	
8	0	0	0	0	532	598	
9	0	0	0	0	524	593	
10	0	0	0	0	512	588	
11	0	0	0	0	503	582	
12	0	0	0	0	497	578	
13	0	0	0	0	493	577	
14	0	0	0	0	490	578	
15	0	0	0	0	486	577	
0	0	0	0	0	481	577	
1	0	0	0	0	479	576	
2	0	0	0	0	477	569	
3	0	0	0	0	475	565	
4	0	0	0	0	477	560	
5	0	0	0	0	476	560	
6	0	0	0	0	477	560	
7	0	0	0	0	480	562	
8	0	0	0	0	485	564	
9	0	0	0	0	490	570	
10	0	0	0	0	492	571	
11	0	0	0	0	491	575	
12	0	0	0	0	490	574	
13	0	0	0	0	491	574	
14	0	0	0	0	490	571	
15	0	0	0	0	487	570	
0	0	0	0	0	484	566	
1	0	0	0	0	483	563	
2	0	0	0	0	482	563	
3	0	0	0	0	481	566	
4	0	0	0	0	482	568	
5	0	0	0	0	483	574	
6	0	0	0	0	487	582	
7	0	0	0	0	491	592	
8	0	0	0	0	491	600	
9	0	0	0	0	492	604	
10	0	0	0	0	492	605	
11	0	0	0	0	488	600	
12	0	0	0	0	487	596	
13	0	0	0	0	483	593	
14	0	0	0	0	481	591	
15	0	0	0	0	480	593	
0	0	0	0	0	479	595	
1	0	0	0	0	477	600	
2	0	0	0	0	476	604	
3	0	0	0	0	474	608	
4	0	0	0	0	474	613	
5	0	0	0	0	474	625	
6	0	0	0	0	476	631	
7	0	0	0	0	478	635	
8	0	0	0	0	480	640	
9	0	0	0	0	487	640	
10	0	0	0	0	494	639	
11	0	0	0	0	504	633	
12	0	0	0	0	508	626	
13	0	0	0	0	511	613	
14	0	0	0	0	512	600	
15	0	0	0	0	512	587	
0	0	0	0	0	508	572	
1	0	0	0	0	499	561	
2	0	0	0	0	496	553	
3	0	0	0	0	495	552	
4	0	0	0	0	495	559	
5	0	0	0	0	496	566	
6	0	0	0	0	496	576	
7	0	0	0	0	496	587	
8	0	0	0	0	497	594	
9	0	0	0	0	496	603	
10	0	0	0	0	500	614	
11	0	0	0	0	501	622	
12	0	0	0	0	501	631	
13	0	0	0	0	500	636	
14	0	0	0	0	497	639	
15	0	0	0	0	496	639	
0	0	0	0	0	495	638	
1	0	0	0	0	494	637	
2	0	0	0	0	492	634	
3	0	0	0	0	492	630	
4	0	0	0	0	495	624	
5	0	0	0	0	492	617	
6	0	0	0	0	488	607	
7	0	0	0	0	484	596	
8	0	0	0	0	483	583	
9	0	0	0	0	490	572	
10	0	0	0	0	497	563	
11	0	0	0	0	501	548	
12	0	0	0	0	504	538	
13	0	0	0	0	508	531	
14	0	0	0	0	510	526	
15	0	0	0	0	511	524	
0	0	0	0	0	515	530	
1	0	0	0	0	516	540	
2	0	0	0	0	515	552	
3	0	0	0	0	508	572	
4	0	0	0	0	495	593	
5	0	0	0	0	479	614	
6	0	0	0	0	461	635	
7	0	0	0	0	444	646	
8	0	0	0	0	429	657	
9	0	0	0	0	419	664	
10	0	0	0	0	412	671	
11	0	0	0	0	408	676	
12	0	0	0	0	407	685	
13	0	0	0	0	402	689	
14	0	0	0	0	394	689	
15	0	0	0	0	387	692	
0	0	0	0	0	380	693	
1	0	0	0	0	368	696	
2	0	0	0	0	357	704	
3	0	0	0	0	354	716	
4	0	0	0	0	352	727	
5	0	0	0	0	350	735	
6	0	0	0	0	348	738	
7	0	0	0	0	345	740	
8	0	0	0	0	344	740	
9	0	0	0	0	344	743	
10	0	0	0	0	344	748	
11	0	0	0	0	347	748	
12	0	0	0	0	354	745	
13	0	0	0	0	364	747	
14	0	0	0	0	381	738	
15	0	0	0	0	393	733	
0	0	0	0	0	405	724	
1	0	0	0	0	413	718	
2	0	0	0	0	415	717	
3	0	0	0	0	419	719	
4	0	0	0	0	425	721	
5	0	0	0	0	431	723	
6	0	0	0	0	436	727	
7	0	0	0	0	436	728	
8	0	0	0	0	433	729	
9	0	0	0	0	430	729	
10	0	0	0	0	428	727	
11	0	0	0	0	427	722	
12	0	0	0	0	427	716	
13	0	0	0	0	426	708	
14	0	0	0	0	427	709	
15	0	0	0	0	431	703	
0	0	0	0	0	437	700	
1	0	0	0	0	443	693	
2	0	0	0	0	447	684	
3	0	0	0	0	449	670	
4	0	0	0	0	448	656	
5	0	0	0	0	441	648	
6	0	0	0	0	433	649	
7	0	0	0	0	425	657	
8	0	0	0	0	422	664	
9	0	0	0	0	419	670	
10	0	0	0	0	416	669	
11	0	0	0	0	415	670	
12	0	0	0	0	413	665	
13	0	0	0	0	411	662	
14	0	0	0	0	406	655	
15	0	0	0	0	403	651	
0	0	0	0	0	404	648	
1	0	0	0	0	406	647	
2	0	0	0	0	407	647	
3	0	0	0	0	406	649	
4	0	0	0	0	406	645	
5	0	0	0	0	404	639	
6	0	0	0	0	407	634	
7	0	0	0	0	408	628	
8	0	0	0	0	408	623	
9	0	0	0	0	409	620	
10	0	0	0	0	408	615	
11	0	0	0	0	410	611	
12	0	0	0	0	412	608	
13	0	0	0	0	415	607	
14	0	0	0	0	417	607	
15	0	0	0	0	419	605	
0	0	0	0	0	419	600	
1	0	0	0	0	421	596	
2	0	0	0	0	424	592	
3	0	0	0	0	428	600	
4	0	0	0	0	430	603	
5	0	0	0	0	429	604	
6	0	0	0	0	427	608	
7	0	0	0	0	423	610	
8	0	0	0	0	422	610	
9	0	0	0	0	417	609	
10	0	0	0	0	409	609	
11	0	0	0	0	404	609	
12	0	0	0	0	402	607	
13	0	0	0	0	400	600	
14	0	0	0	0	406	590	
15	0	0	0	0	413	579	
0	0	0	0	0	422	575	
1	0	0	0	0	430	575	
2	0	0	0	0	436	575	
3	0	0	0	0	440	574	
4	0	0	0	0	441	571	
5	0	0	0	0	440	568	
6	0	0	0	0	439	568	
7	0	0	0	0	437	569	
8	0	0	0	0	435	571	
9	0	0	0	0	433	572	
10	0	0	0	0	432	572	
11	0	0	0	0	436	568	
12	0	0	0	0	439	564	
13	0	0	0	0	437	563	
14	0	0	0	0	438	562	
15	0	0	0	0	442	562	
0	0	0	0	0	446	561	
1	0	0	0	0	451	562	
2	0	0	0	0	455	559	
3	0	0	0	0	458	557	
4	0	0	0	0	462	555	
5	0	0	0	0	468	556	
6	0	0	0	0	475	559	
7	0	0	0	0	481	561	
8	0	0	0	0	483	563	
9	0	0	0	0	482	561	
10	0	0	0	0	480	560	
11	0	0	0	0	477	561	
12	0	0	0	0	473	559	
13	0	0	0	0	467	559	
14	0	0	0	0	463	556	
15	0	0	0	0	463	553	
0	0	0	0	0	463	549	
1	0	0	0	0	467	547	
2	0	0	0	0	472	543	
3	0	0	0	0	473	539	
4	0	0	0	0	478	537	
5	0	0	0	0	481	534	
6	0	0	0	0	484	536	
7	0	0	0	0	486	546	
8	0	0	0	0	488	561	
9	0	0	0	0	490	574	
10	0	0	0	0	491	583	
11	0	0	0	0	492	587	
12	0	0	0	0	490	588	
13	0	0	0	0	484	589	
14	0	0	0	0	478	592	
15	0	0	0	0	476	596	
0	0	0	0	0	479	603	
1	0	0	0	0	487	608	
2	0	0	0	0	495	611	
3	0	0	0	0	499	610	
4	0	0	0	0	502	606	
5	0	0	0	0	505	601	
6	0	0	0	0	511	596	
7	0	0	0	0	518	592	
8	0	0	0	0	523	587	
9	0	0	0	0	525	584	
10	0	0	0	0	526	584	
11	0	0	0	0	527	584	
12	0	0	0	0	524	582	
13	0	0	0	0	518	582	
14	0	0	0	0	516	581	
15	0	0	0	0	518	578	
0	0	0	0	0	520	576	
1	0	0	0	0	523	574	
2	0	0	0	0	526	573	
3	0	0	0	0	527	572	
4	0	0	0	0	527	573	
5	0	0	0	0	526	572	
6	0	0	0	0	524	568	
7	0	0	0	0	520	564	
8	0	0	0	0	515	559	
9	0	0	0	0	510	553	
10	0	0	0	0	504	548	
11	0	0	0	0	501	545	
12	0	0	0	0	500	545	
13	0	0	0	0	501	544	
14	0	0	0	0	504	544	
15	0	0	0	0	506	546	
0	0	0	0	0	508	553	
1	0	0	0	0	515	560	
2	0	0	0	0	523	567	
3	0	0	0	0	527	569	
4	0	0	0	0	526	569	
5	0	0	0	0	525	568	
6	0	0	0	0	524	567	
7	0	0	0	0	521	565	
8	0	0	0	0	516	560	
9	0	0	0	0	509	556	
10	0	0	0	0	501	555	
11	0	0	0	0	497	556	
12	0	0	0	0	494	564	
13	0	0	0	0	488	570	
14	0	0	0	0	481	580	
15	0	0	0	0	473	588	
0	0	0	0	0	470	596	
1	0	0	0	0	472	601	
2	0	0	0	0	470	601	
3	0	0	0	0	471	600	
4	0	0	0	0	473	597	
5	0	0	0	0	474	593	
6	0	0	0	0	476	585	
7	0	0	0	0	472	574	
8	0	0	0	0	470	560	
9	0	0	0	0	470	545	
10	0	0	0	0	470	532	
11	0	0	0	0	466	526	
12	0	0	0	0	459	518	
13	0	0	0	0	450	515	
14	0	0	0	0	442	514	
15	0	0	0	0	440	521	
0	0	0	0	0	440	528	
1	0	0	0	0	444	525	
2	0	0	0	0	451	514	
3	0	0	0	0	461	504	
4	0	0	0	0	475	494	
5	0	0	0	0	490	491	
6	0	0	0	0	502	491	
7	0	0	0	0	512	491	
8	0	0	0	0	525	492	
9	0	0	0	0	531	495	
10	0	0	0	0	521	499	
11	0	0	0	0	505	505	
12	0	0	0	0	484	515	
13	0	0	0	0	459	525	
14	0	0	0	0	432	536	
15	0	0	0	0	410	550	
0	0	0	0	0	391	567	
1	0	0	0	0	381	578	
2	0	0	0	0	372	585	
3	0	0	0	0	368	588	
4	0	0	0	0	370	588	
5	0	0	0	0	370	591	
6	0	0	0	0	375	592	
7	0	0	0	0	384	591	
8	0	0	0	0	395	590	
9	0	0	0	0	406	588	
10	0	0	0	0	415	585	
11	0	0	0	0	420	584	
12	0	0	0	0	428	582	
13	0	0	0	0	432	581	
14	0	0	0	0	437	581	
15	0	0	0	0	440	581	
0	0	0	0	0	436	583	
1	0	0	0	0	429	586	
2	0	0	0	0	420	580	
3	0	0	0	0	415	577	
4	0	0	0	0	411	572	
5	0	0	0	0	408	570	
6	0	0	0	0	412	570	
7	0	0	0	0	415	566	
8	0	0	0	0	419	565	
9	0	0	0	0	423	561	
10	0	0	0	0	429	560	
11	0	0	0	0	435	556	
12	0	0	0	0	439	552	
13	0	0	0	0	446	551	
14	0	0	0	0	449	551	
15	0	0	0	0	451	551	
0	0	0	0	0	454	553	
1	0	0	0	0	455	555	
2	0	0	0	0	454	559	
3	0	0	0	0	456	558	
4	0	0	0	0	463	558	
5	0	0	0	0	470	558	
6	0	0	0	0	475	557	
7	0	0	0	0	483	553	
8	0	0	0	0	487	550	
9	0	0	0	0	487	547	
10	0	0	0	0	487	544	
11	0	0	0	0	485	542	
12	0	0	0	0	483	546	
13	0	0	0	0	479	553	
14	0	0	0	0	476	561	
15	0	0	0	0	480	567	
0	0	0	0	0	482	568	
1	0	0	0	0	484	573	
2	0	0	0	0	489	576	
3	0	0	0	0	495	579	
4	0	0	0	0	497	577	
5	0	0	0	0	502	573	
6	0	0	0	0	506	568	
7	0	0	0	0	507	564	
8	0	0	0	0	510	558	
9	0	0	0	0	513	554	
10	0	0	0	0	511	551	
11	0	0	0	0	508	548	
12	0	0	0	0	508	546	
13	0	0	0	0	509	548	
14	0	0	0	0	510	551	
15	0	0	0	0	513	554	
0	0	0	0	0	516	555	
1	0	0	0	0	518	551	
2	0	0	0	0	518	547	
3	0	0	0	0	518	541	
4	0	0	0	0	520	533	
5	0	0	0	0	517	527	
6	0	0	0	0	515	523	
7	0	0	0	0	513	521	
8	0	0	0	0	515	521	
9	0	0	0	0	519	523	
10	0	0	0	0	522	525	
11	0	0	0	0	524	523	
12	0	0	0	0	529	522	
13	0	0	0	0	528	523	
14	0	0	0	0	525	526	
15	0	0	0	0	519	528	
0	0	0	0	0	506	535	
1	0	0	0	0	493	545	
2	0	0	0	0	479	558	
3	0	0	0	0	463	567	
4	0	0	0	0	452	578	
5	0	0	0	0	444	587	
6	0	0	0	0	438	590	
7	0	0	0	0	438	588	
8	0	0	0	0	436	585	
9	0	0	0	0	439	576	
10	0	0	0	0	439	568	
11	0	0	0	0	443	556	
12	0	0	0	0	454	548	
13	0	0	0	0	465	541	
14	0	0	0	0	476	533	
15	0	0	0	0	490	527	
0	0	0	0	0	497	523	
1	0	0	0	0	502	522	
2	0	0	0	0	501	523	
3	0	0	0	0	496	523	
4	0	0	0	0	492	526	
5	0	0	0	0	487	527	
6	0	0	0	0	484	531	
7	0	0	0	0	480	536	
8	0	0	0	0	480	538	
9	0	0	0	0	482	540	
10	0	0	0	0	484	536	
11	0	0	0	0	484	532	
12	0	0	0	0	485	531	
13	0	0	0	0	483	527	
14	0	0	0	0	482	521	
15	0	0	0	0	482	516	
0	0	0	0	0	484	513	
1	0	0	0	0	487	512	
2	0	0	0	0	484	519	
3	0	0	0	0	482	527	
4	0	0	0	0	479	534	
5	0	0	0	0	475	539	
6	0	0	0	0	468	539	
7	0	0	0	0	461	534	
8	0	0	0	0	459	527	
9	0	0	0	0	459	520	
10	0	0	0	0	461	512	
11	0	0	0	0	461	501	
12	0	0	0	0	462	492	
13	0	0	0	0	465	484	
14	0	0	0	0	466	478	
15	0	0	0	0	463	477	
0	0	0	0	0	455	475	
1	0	0	0	0	447	471	
2	0	0	0	0	443	469	
3	0	0	0	0	441	471	
4	0	0	0	0	443	473	
5	0	0	0	0	446	479	
6	0	0	0	0	452	487	
7	0	0	0	0	455	493	
8	0	0	0	0	457	502	
9	0	0	0	0	459	510	
10	0	0	0	0	457	516	
11	0	0	0	0	456	520	
12	0	0	0	0	454	527	
13	0	0	0	0	451	535	
14	0	0	0	0	451	546	
15	0	0	0	0	448	553	
0	0	0	0	0	446	556	
1	0	0	0	0	446	555	
2	0	0	0	0	449	553	
3	0	0	0	0	452	547	
4	0	0	0	0	450	541	
5	0	0	0	0	444	538	
6	0	0	0	0	439	534	
7	0	0	0	0	436	525	
8	0	0	0	0	432	516	
9	0	0	0	0	425	512	
10	0	0	0	0	422	509	
11	0	0	0	0	420	510	
12	0	0	0	0	424	512	
13	0	0	0	0	430	519	
14	0	0	0	0	435	522	
15	0	0	0	0	437	523	
0	0	0	0	0	438	523	
1	0	0	0	0	440	522	
2	0	0	0	0	442	522	
3	0	0	0	0	445	524	
4	0	0	0	0	449	526	
5	0	0	0	0	451	527	
6	0	0	0	0	455	527	
7	0	0	0	0	458	528	
8	0	0	0	0	461	527	
9	0	0	0	0	465	524	
10	0	0	0	0	466	515	
11	0	0	0	0	466	507	
12	0	0	0	0	463	502	
13	0	0	0	0	458	499	
14	0	0	0	0	454	496	
15	0	0	0	0	455	487	
0	0	0	0	0	452	478	
1	0	0	0	0	449	471	
2	0	0	0	0	447	465	
3	0	0	0	0	449	465	
4	0	0	0	0	449	472	
5	0	0	0	0	449	479	
6	0	0	0	0	450	489	
7	0	0	0	0	452	497	
8	0	0	0	0	456	505	
9	0	0	0	0	461	513	
10	0	0	0	0	470	521	
11	0	0	0	0	480	524	
12	0	0	0	0	486	524	
13	0	0	0	0	493	519	
14	0	0	0	0	502	511	
15	0	0	0	0	507	506	
0	0	0	0	0	515	505	
1	0	0	0	0	521	507	
2	0	0	0	0	522	507	
3	0	0	0	0	520	507	
4	0	0	0	0	515	505	
5	0	0	0	0	506	505	
6	0	0	0	0	501	509	
7	0	0	0	0	497	514	
8	0	0	0	0	494	520	
9	0	0	0	0	493	526	
10	0	0	0	0	497	528	
11	0	0	0	0	503	528	
12	0	0	0	0	509	526	
13	0	0	0	0	515	522	
14	0	0	0	0	518	522	
15	0	0	0	0	523	524	
0	0	0	0	0	529	530	
1	0	0	0	0	532	535	
2	0	0	0	0	531	531	
3	0	0	0	0	530	527	
4	0	0	0	0	530	524	
5	0	0	0	0	527	523	
6	0	0	0	0	524	523	
7	0	0	0	0	519	520	
8	0	0	0	0	513	518	
9	0	0	0	0	511	516	
10	0	0	0	0	510	511	
11	0	0	0	0	507	507	
12	0	0	0	0	508	503	
13	0	0	0	0	510	495	
14	0	0	0	0	512	487	
15	0	0	0	0	511	480	
0	0	0	0	0	510	479	
1	0	0	0	0	513	485	
2	0	0	0	0	515	496	
3	0	0	0	0	518	510	
4	0	0	0	0	524	523	
5	0	0	0	0	525	536	
6	0	0	0	0	527	543	
7	0	0	0	0	528	546	
8	0	0	0	0	529	553	
9	0	0	0	0	528	557	
10	0	0	0	0	526	559	
11	0	0	0	0	523	558	
12	0	0	0	0	520	556	
13	0	0	0	0	516	552	
14	0	0	0	0	513	550	
15	0	0	0	0	511	548	
0	0	0	0	0	504	551	
1	0	0	0	0	498	552	
2	0	0	0	0	495	553	
3	0	0	0	0	493	549	
4	0	0	0	0	493	540	
5	0	0	0	0	496	531	
6	0	0	0	0	502	524	
7	0	0	0	0	505	524	
8	0	0	0	0	508	532	
9	0	0	0	0	511	543	
10	0	0	0	0	510	555	
11	0	0	0	0	509	564	
12	0	0	0	0	505	573	
13	0	0	0	0	498	575	
14	0	0	0	0	492	576	
15	0	0	0	0	488	577	
0	0	0	0	0	486	571	
1	0	0	0	0	488	564	
2	0	0	0	0	491	558	
3	0	0	0	0	495	556	
4	0	0	0	0	502	555	
5	0	0	0	0	504	557	
6	0	0	0	0	508	558	
7	0	0	0	0	510	559	
8	0	0	0	0	516	557	
9	0	0	0	0	517	555	
10	0	0	0	0	519	549	
11	0	0	0	0	523	539	
12	0	0	0	0	529	529	
13	0	0	0	0	533	519	
14	0	0	0	0	540	512	
15	0	0	0	0	547	507	
0	0	0	0	0	557	499	
1	0	0	0	0	569	487	
2	0	0	0	0	577	481	
3	0	0	0	0	581	478	
4	0	0	0	0	585	478	
5	0	0	0	0	590	477	
6	0	0	0	0	592	472	
7	0	0	0	0	593	469	
8	0	0	0	0	592	462	
9	0	0	0	0	592	456	
10	0	0	0	0	594	451	
11	0	0	0	0	594	447	
12	0	0	0	0	594	452	
13	0	0	0	0	595	460	
14	0	0	0	0	598	467	
15	0	0	0	0	600	477	
0	0	0	0	0	601	488	
1	0	0	0	0	600	497	
2	0	0	0	0	598	510	
3	0	0	0	0	596	523	
4	0	0	0	0	599	533	
5	0	0	0	0	603	540	
6	0	0	0	0	611	542	
7	0	0	0	0	622	540	
8	0	0	0	0	627	538	
9	0	0	0	0	635	532	
10	0	0	0	0	637	527	
11	0	0	0	0	636	521	
12	0	0	0	0	635	515	
13	0	0	0	0	629	500	
14	0	0	0	0	625	485	
15	0	0	0	0	622	468	
0	0	0	0	0	615	454	
1	0	0	0	0	608	442	
2	0	0	0	0	604	435	
3	0	0	0	0	595	430	
4	0	0	0	0	588	426	
5	0	0	0	0	579	427	
6	0	0	0	0	574	429	
7	0	0	0	0	574	431	
8	0	0	0	0	577	433	
9	0	0	0	0	579	434	
10	0	0	0	0	581	438	
11	0	0	0	0	583	448	
12	0	0	0	0	586	459	
13	0	0	0	0	591	467	
14	0	0	0	0	594	470	
15	0	0	0	0	596	474	
0	0	0	0	0	596	475	
1	0	0	0	0	593	480	
2	0	0	0	0	592	481	
3	0	0	0	0	590	480	
4	0	0	0	0	588	476	
5	0	0	0	0	586	467	
6	0	0	0	0	583	454	
7	0	0	0	0	581	443	
8	0	0	0	0	579	430	
9	0	0	0	0	577	415	
10	0	0	0	0	579	406	
11	0	0	0	0	579	402	
12	0	0	0	0	579	401	
13	0	0	0	0	575	406	
14	0	0	0	0	567	413	
15	0	0	0	0	552	421	
0	0	0	0	0	539	429	
1	0	0	0	0	532	433	
2	0	0	0	0	529	441	
3	0	0	0	0	532	444	
4	0	0	0	0	536	444	
5	0	0	0	0	540	442	
6	0	0	0	0	551	436	
7	0	0	0	0	562	429	
8	0	0	0	0	575	422	
9	0	0	0	0	589	415	
10	0	0	0	0	597	409	
11	0	0	0	0	603	408	
12	0	0	0	0	606	408	
13	0	0	0	0	609	408	
14	0	0	0	0	613	413	
15	0	0	0	0	616	415	
0	0	0	0	0	619	418	
1	0	0	0	0	622	419	
2	0	0	0	0	623	410	
3	0	0	0	0	624	406	
4	0	0	0	0	625	391	
5	0	0	0	0	627	387	
6	0	0	0	0	629	379	
7	0	0	0	0	632	380	
8	0	0	0	0	632	385	
9	0	0	0	0	630	393	
10	0	0	0	0	628	403	
11	0	0	0	0	623	417	
12	0	0	0	0	612	432	
13	0	0	0	0	601	445	
14	0	0	0	0	590	453	
15	0	0	0	0	579	460	
0	0	0	0	0	569	467	
1	0	0	0	0	560	472	
2	0	0	0	0	548	472	
3	0	0	0	0	540	468	
4	0	0	0	0	538	462	
5	0	0	0	0	535	451	
6	0	0	0	0	535	438	
7	0	0	0	0	536	419	
8	0	0	0	0	535	404	
9	0	0	0	0	534	391	
10	0	0	0	0	532	387	
11	0	0	0	0	528	386	
12	0	0	0	0	520	386	
13	0	0	0	0	515	390	
14	0	0	0	0	507	396	
15	0	0	0	0	497	397	
0	0	0	0	0	491	396	
1	0	0	0	0	487	398	
2	0	0	0	0	486	397	
3	0	0	0	0	489	405	
4	0	0	0	0	496	413	
5	0	0	0	0	506	417	
6	0	0	0	0	519	416	
7	0	0	0	0	531	416	
8	0	0	0	0	540	414	
9	0	0	0	0	549	411	
10	0	0	0	0	553	409	
11	0	0	0	0	555	409	
12	0	0	0	0	556	410	
13	0	0	0	0	557	409	
14	0	0	0	0	556	409	
15	0	0	0	0	552	406	
0	0	0	0	0	545	401	
1	0	0	0	0	536	395	
2	0	0	0	0	528	393	
3	0	0	0	0	521	388	
4	0	0	0	0	515	395	
5	0	0	0	0	510	396	
6	0	0	0	0	504	399	
7	0	0	0	0	501	400	
8	0	0	0	0	499	406	
9	0	0	0	0	498	407	
10	0	0	0	0	494	408	
11	0	0	0	0	493	407	
12	0	0	0	0	492	410	
13	0	0	0	0	488	417	
14	0	0	0	0	484	426	
15	0	0	0	0	480	432	
0	0	0	0	0	477	435	
1	0	0	0	0	477	434	
2	0	0	0	0	476	432	
3	0	0	0	0	477	429	
4	0	0	0	0	475	423	
5	0	0	0	0	473	418	
6	0	0	0	0	473	412	
7	0	0	0	0	479	412	
8	0	0	0	0	486	412	
9	0	0	0	0	497	412	
10	0	0	0	0	508	412	
11	0	0	0	0	519	411	
12	0	0	0	0	526	409	
13	0	0	0	0	533	411	
14	0	0	0	0	540	414	
15	0	0	0	0	542	423	
0	0	0	0	0	543	432	
1	0	0	0	0	541	436	
2	0	0	0	0	537	443	
3	0	0	0	0	534	452	
4	0	0	0	0	527	457	
5	0	0	0	0	519	456	
6	0	0	0	0	510	455	
7	0	0	0	0	498	455	
8	0	0	0	0	491	455	
9	0	0	0	0	487	454	
10	0	0	0	0	487	454	
11	0	0	0	0	488	456	
12	0	0	0	0	492	459	
13	0	0	0	0	493	462	
14	0	0	0	0	496	464	
15	0	0	0	0	502	469	
0	0	0	0	0	504	473	
1	0	0	0	0	505	473	
2	0	0	0	0	509	475	
3	0	0	0	0	515	475	
4	0	0	0	0	520	474	
5	0	0	0	0	521	472	
6	0	0	0	0	523	471	
7	0	0	0	0	522	468	
8	0	0	0	0	519	465	
9	0	0	0	0	516	462	
10	0	0	0	0	510	460	
11	0	0	0	0	503	459	
12	0	0	0	0	494	455	
13	0	0	0	0	484	452	
14	0	0	0	0	478	451	
15	0	0	0	0	473	451	
0	0	0	0	0	468	454	
1	0	0	0	0	467	462	
2	0	0	0	0	462	466	
3	0	0	0	0	460	470	
4	0	0	0	0	457	473	
5	0	0	0	0	455	479	
6	0	0	0	0	453	486	
7	0	0	0	0	455	494	
8	0	0	0	0	462	506	
9	0	0	0	0	471	514	
10	0	0	0	0	481	521	
11	0	0	0	0	492	526	
12	0	0	0	0	502	527	
13	0	0	0	0	510	532	
14	0	0	0	0	516	538	
15	0	0	0	0	518	544	
0	0	0	0	0	517	548	
1	0	0	0	0	516	551	
2	0	0	0	0	514	549	
3	0	0	0	0	510	547	
4	0	0	0	0	506	545	
5	0	0	0	0	499	539	
6	0	0	0	0	496	535	
7	0	0	0	0	495	529	
8	0	0	0	0	496	522	
9	0	0	0	0	498	514	
10	0	0	0	0	503	502	
11	0	0	0	0	508	491	
12	0	0	0	0	516	480	
13	0	0	0	0	522	473	
14	0	0	0	0	523	467	
15	0	0	0	0	520	461	
0	0	0	0	0	514	458	
1	0	0	0	0	504	460	
2	0	0	0	0	494	466	
3	0	0	0	0	483	476	
4	0	0	0	0	473	482	
5	0	0	0	0	458	491	
6	0	0	0	0	446	497	
7	0	0	0	0	439	498	
8	0	0	0	0	437	502	
9	0	0	0	0	439	500	
10	0	0	0	0	446	499	
11	0	0	0	0	451	500	
12	0	0	0	0	454	500	
13	0	0	0	0	455	499	
14	0	0	0	0	452	494	
15	0	0	0	0	452	487	
0	0	0	0	0	451	484	
1	0	0	0	0	449	482	
2	0	0	0	0	452	482	
3	0	0	0	0	455	484	
4	0	0	0	0	460	483	
5	0	0	0	0	462	477	
6	0	0	0	0	465	471	
7	0	0	0	0	470	464	
8	0	0	0	0	472	457	
9	0	0	0	0	472	451	
10	0	0	0	0	474	449	
11	0	0	0	0	474	448	
12	0	0	0	0	472	451	
13	0	0	0	0	471	455	
14	0	0	0	0	468	459	
15	0	0	0	0	467	463	
0	0	0	0	0	468	467	
1	0	0	0	0	466	472	
2	0	0	0	0	463	476	
3	0	0	0	0	466	481	
4	0	0	0	0	472	486	
5	0	0	0	0	482	489	
6	0	0	0	0	488	492	
7	0	0	0	0	495	496	
8	0	0	0	0	498	502	
9	0	0	0	0	499	508	
10	0	0	0	0	497	511	
11	0	0	0	0	496	514	
12	0	0	0	0	495	514	
13	0	0	0	0	494	514	
14	0	0	0	0	499	513	
15	0	0	0	0	507	508	
0	0	0	0	0	519	503	
1	0	0	0	0	528	501	
2	0	0	0	0	532	504	
3	0	0	0	0	533	511	
4	0	0	0	0	532	520	
5	0	0	0	0	527	528	
6	0	0	0	0	526	535	
7	0	0	0	0	521	532	
8	0	0	0	0	520	526	
9	0	0	0	0	518	518	
10	0	0	0	0	511	505	
11	0	0	0	0	504	491	
12	0	0	0	0	499	481	
13	0	0	0	0	495	472	
14	0	0	0	0	495	472	
15	0	0	0	0	499	475	
0	0	0	0	0	501	481	
1	0	0	0	0	505	487	
2	0	0	0	0	507	494	
3	0	0	0	0	508	502	
4	0	0	0	0	506	508	
5	0	0	0	0	501	515	
6	0	0	0	0	498	519	
7	0	0	0	0	499	517	
8	0	0	0	0	499	515	
9	0	0	0	0	498	515	
10	0	0	0	0	495	519	
11	0	0	0	0	486	520	
12	0	0	0	0	481	521	
13	0	0	0	0	475	523	
14	0	0	0	0	470	525	
15	0	0	0	0	465	527	
0	0	0	0	0	461	529	
1	0	0	0	0	458	528	
2	0	0	0	0	457	527	
3	0	0	0	0	456	527	
4	0	0	0	0	460	531	
5	0	0	0	0	464	530	
6	0	0	0	0	467	531	
7	0	0	0	0	470	528	
8	0	0	0	0	471	527	
9	0	0	0	0	473	524	
10	0	0	0	0	476	527	
11	0	0	0	0	480	530	
12	0	0	0	0	480	532	
13	0	0	0	0	480	533	
14	0	0	0	0	482	532	
15	0	0	0	0	485	529	
0	0	0	0	0	486	524	
1	0	0	0	0	487	518	
2	0	0	0	0	492	515	
3	0	0	0	0	498	515	
4	0	0	0	0	504	519	
5	0	0	0	0	509	525	
6	0	0	0	0	510	532	
7	0	0	0	0	510	542	
8	0	0	0	0	507	551	
9	0	0	0	0	504	559	
10	0	0	0	0	501	561	
11	0	0	0	0	500	565	
12	0	0	0	0	495	567	
13	0	0	0	0	491	567	
14	0	0	0	0	490	563	
15	0	0	0	0	489	553	
0	0	0	0	0	487	540	
1	0	0	0	0	485	525	
2	0	0	0	0	483	513	
3	0	0	0	0	478	508	
4	0	0	0	0	471	504	
5	0	0	0	0	463	503	
6	0	0	0	0	459	503	
7	0	0	0	0	454	502	
8	0	0	0	0	449	499	
9	0	0	0	0	444	494	
10	0	0	0	0	440	488	
11	0	0	0	0	433	484	
12	0	0	0	0	429	486	
13	0	0	0	0	431	492	
14	0	0	0	0	436	497	
15	0	0	0	0	441	502	
0	0	0	0	0	445	508	
1	0	0	0	0	448	513	
2	0	0	0	0	450	515	
3	0	0	0	0	452	515	
4	0	0	0	0	458	515	
5	0	0	0	0	459	519	
6	0	0	0	0	460	523	
7	0	0	0	0	460	528	
8	0	0	0	0	461	531	
9	0	0	0	0	458	531	
10	0	0	0	0	459	527	
11	0	0	0	0	460	521	
12	0	0	0	0	466	521	
13	0	0	0	0	471	523	
14	0	0	0	0	472	521	
15	0	0	0	0	471	519	
0	0	0	0	0	470	518	
1	0	0	0	0	469	515	
2	0	0	0	0	465	509	
3	0	0	0	0	459	505	
4	0	0	0	0	453	500	
5	0	0	0	0	450	497	
6	0	0	0	0	449	495	
7	0	0	0	0	455	493	
8	0	0	0	0	457	495	
9	0	0	0	0	458	497	
10	0	0	0	0	460	502	
11	0	0	0	0	461	506	
12	0	0	0	0	463	511	
13	0	0	0	0	463	514	
14	0	0	0	0	460	519	
15	0	0	0	0	460	527	
0	0	0	0	0	462	536	
1	0	0	0	0	465	543	
2	0	0	0	0	469	551	
3	0	0	0	0	474	562	
4	0	0	0	0	480	573	
5	0	0	0	0	485	583	
6	0	0	0	0	484	588	
7	0	0	0	0	483	583	
8	0	0	0	0	478	576	
9	0	0	0	0	476	569	
10	0	0	0	0	476	564	
11	0	0	0	0	479	558	
12	0	0	0	0	485	555	
13	0	0	0	0	492	552	
14	0	0	0	0	498	551	
15	0	0	0	0	504	547	
0	0	0	0	0	509	541	
1	0	0	0	0	515	531	
2	0	0	0	0	515	524	
3	0	0	0	0	512	518	
4	0	0	0	0	511	512	
5	0	0	0	0	509	509	
6	0	0	0	0	505	510	
7	0	0	0	0	502	513	
8	0	0	0	0	501	520	
9	0	0	0	0	499	523	
10	0	0	0	0	496	526	
11	0	0	0	0	495	526	
12	0	0	0	0	494	526	
13	0	0	0	0	494	521	
14	0	0	0	0	494	513	
15	0	0	0	0	498	505	
0	0	0	0	0	499	501	
1	0	0	0	0	500	496	
2	0	0	0	0	501	492	
3	0	0	0	0	502	488	
4	0	0	0	0	499	480	
5	0	0	0	0	496	475	
6	0	0	0	0	490	475	
7	0	0	0	0	486	478	
8	0	0	0	0	486	483	
9	0	0	0	0	487	487	
10	0	0	0	0	486	484	
11	0	0	0	0	488	479	
12	0	0	0	0	491	472	
13	0	0	0	0	493	470	
14	0	0	0	0	496	475	
15	0	0	0	0	498	481	
0	0	0	0	0	500	487	
1	0	0	0	0	501	494	
2	0	0	0	0	500	499	
3	0	0	0	0	498	503	
4	0	0	0	0	499	505	
5	0	0	0	0	500	511	
6	0	0	0	0	502	514	
7	0	0	0	0	503	510	
8	0	0	0	0	504	502	
9	0	0	0	0	502	494	
10	0	0	0	0	500	487	
11	0	0	0	0	498	480	
12	0	0	0	0	494	475	
13	0	0	0	0	492	474	
14	0	0	0	0	491	473	
15	0	0	0	0	489	471	
0	0	0	0	0	486	466	
1	0	0	0	0	484	467	
2	0	0	0	0	487	473	
3	0	0	0	0	492	481	
4	0	0	0	0	499	488	
5	0	0	0	0	508	492	
6	0	0	0	0	517	497	
7	0	0	0	0	525	503	
8	0	0	0	0	528	507	
9	0	0	0	0	528	512	
10	0	0	0	0	524	515	
11	0	0	0	0	519	515	
12	0	0	0	0	513	511	
13	0	0	0	0	508	511	
14	0	0	0	0	503	513	
15	0	0	0	0	497	518	
0	0	0	0	0	492	516	
1	0	0	0	0	491	512	
2	0	0	0	0	487	504	
3	0	0	0	0	481	496	
4	0	0	0	0	479	489	
5	0	0	0	0	480	485	
6	0	0	0	0	487	481	
7	0	0	0	0	493	476	
8	0	0	0	0	500	478	
9	0	0	0	0	506	482	
10	0	0	0	0	511	486	
11	0	0	0	0	511	492	
12	0	0	0	0	504	494	
13	0	0	0	0	491	491	
14	0	0	0	0	480	483	
15	0	0	0	0	468	476	
0	0	0	0	0	461	472	
1	0	0	0	0	457	469	
2	0	0	0	0	452	467	
3	0	0	0	0	448	468	
4	0	0	0	0	447	469	
5	0	0	0	0	447	476	
6	0	0	0	0	445	487	
7	0	0	0	0	448	501	
8	0	0	0	0	449	510	
9	0	0	0	0	454	515	
10	0	0	0	0	459	513	
11	0	0	0	0	461	511	
12	0	0	0	0	463	505	
13	0	0	0	0	465	497	
14	0	0	0	0	467	486	
15	0	0	0	0	472	480	
0	0	0	0	0	476	475	
1	0	0	0	0	479	467	
2	0	0	0	0	481	460	
3	0	0	0	0	484	454	
4	0	0	0	0	483	455	
5	0	0	0	0	482	462	
6	0	0	0	0	483	468	
7	0	0	0	0	483	472	
8	0	0	0	0	485	474	
9	0	0	0	0	486	473	
10	0	0	0	0	487	471	
11	0	0	0	0	486	472	
12	0	0	0	0	487	473	
13	0	0	0	0	494	476	
14	0	0	0	0	499	478	
15	0	0	0	0	504	476	
0	0	0	0	0	509	473	
1	0	0	0	0	508	469	
2	0	0	0	0	508	465	
3	0	0	0	0	504	464	
4	0	0	0	0	500	463	
5	0	0	0	0	493	463	
6	0	0	0	0	487	468	
7	0	0	0	0	481	471	
8	0	0	0	0	476	475	
9	0	0	0	0	471	476	
10	0	0	0	0	470	479	
11	0	0	0	0	468	483	
12	0	0	0	0	467	487	
13	0	0	0	0	463	488	
14	0	0	0	0	460	486	
15	0	0	0	0	461	483	
0	0	0	0	0	465	479	
1	0	0	0	0	472	479	
2	0	0	0	0	476	477	
3	0	0	0	0	477	480	
4	0	0	0	0	476	481	
5	0	0	0	0	475	481	
6	0	0	0	0	471	483	
7	0	0	0	0	467	489	
8	0	0	0	0	464	495	
9	0	0	0	0	465	499	
10	0	0	0	0	465	497	
11	0	0	0	0	470	494	
12	0	0	0	0	471	490	
13	0	0	0	0	472	484	
14	0	0	0	0	472	483	
15	0	0	0	0	473	483	
0	0	0	0	0	479	485	
1	0	0	0	0	487	487	
2	0	0	0	0	499	491	
3	0	0	0	0	512	496	
4	0	0	0	0	524	503	
5	0	0	0	0	531	510	
6	0	0	0	0	532	514	
7	0	0	0	0	524	520	
8	0	0	0	0	507	524	
9	0	0	0	0	484	526	
10	0	0	0	0	464	524	
11	0	0	0	0	449	521	
12	0	0	0	0	440	521	
13	0	0	0	0	435	525	
14	0	0	0	0	432	532	
15	0	0	0	0	428	540	
0	0	0	0	0	424	551	
1	0	0	0	0	416	561	
2	0	0	0	0	407	574	
3	0	0	0	0	398	573	
4	0	0	0	0	393	569	
5	0	0	0	0	393	563	
6	0	0	0	0	394	561	
7	0	0	0	0	396	562	
8	0	0	0	0	399	566	
9	0	0	0	0	404	568	
10	0	0	0	0	409	568	
11	0	0	0	0	419	562	
12	0	0	0	0	427	558	
13	0	0	0	0	435	554	
14	0	0	0	0	439	550	
15	0	0	0	0	438	551	
0	0	0	0	0	435	555	
1	0	0	0	0	435	561	
2	0	0	0	0	436	568	
3	0	0	0	0	441	575	
4	0	0	0	0	444	575	
5	0	0	0	0	445	576	
6	0	0	0	0	448	570	
7	0	0	0	0	452	568	
8	0	0	0	0	458	561	
9	0	0	0	0	460	553	
10	0	0	0	0	464	546	
11	0	0	0	0	465	540	
12	0	0	0	0	468	535	
13	0	0	0	0	471	530	
14	0	0	0	0	472	523	
15	0	0	0	0	470	517	
0	0	0	0	0	467	510	
1	0	0	0	0	468	501	
2	0	0	0	0	465	495	
3	0	0	0	0	464	493	
4	0	0	0	0	464	497	
5	0	0	0	0	473	500	
6	0	0	0	0	485	504	
7	0	0	0	0	496	508	
8	0	0	0	0	505	511	
9	0	0	0	0	511	513	
10	0	0	0	0	514	515	
11	0	0	0	0	510	518	
12	0	0	0	0	503	523	
13	0	0	0	0	496	531	
14	0	0	0	0	492	537	
15	0	0	0	0	488	540	
0	0	0	0	0	485	541	
1	0	0	0	0	481	539	
2	0	0	0	0	476	539	
3	0	0	0	0	475	538	
4	0	0	0	0	473	537	
5	0	0	0	0	471	537	
6	0	0	0	0	471	536	
7	0	0	0	0	465	534	
8	0	0	0	0	458	530	
9	0	0	0	0	453	526	
10	0	0	0	0	450	525	
11	0	0	0	0	453	527	
12	0	0	0	0	458	530	
13	0	0	0	0	464	532	
14	0	0	0	0	469	535	
15	0	0	0	0	476	536	
0	0	0	0	0	482	537	
1	0	0	0	0	487	539	
2	0	0	0	0	489	540	
3	0	0	0	0	488	537	
4	0	0	0	0	483	535	
5	0	0	0	0	475	534	
6	0	0	0	0	463	531	
7	0	0	0	0	452	529	
8	0	0	0	0	442	527	
9	0	0	0	0	436	525	
10	0	0	0	0	432	524	
11	0	0	0	0	434	527	
12	0	0	0	0	440	538	
13	0	0	0	0	451	551	
14	0	0	0	0	463	562	
15	0	0	0	0	480	568	
0	0	0	0	0	494	572	
1	0	0	0	0	504	576	
2	0	0	0	0	512	583	
3	0	0	0	0	520	587	
4	0	0	0	0	526	591	
5	0	0	0	0	529	592	
6	0	0	0	0	525	591	
7	0	0	0	0	518	583	
8	0	0	0	0	513	576	
9	0	0	0	0	506	567	
10	0	0	0	0	501	566	
11	0	0	0	0	500	562	
12	0	0	0	0	499	560	
13	0	0	0	0	495	557	
14	0	0	0	0	490	555	
15	0	0	0	0	483	550	
0	0	0	0	0	480	548	
1	0	0	0	0	480	547	
2	0	0	0	0	486	551	
3	0	0	0	0	495	551	
4	0	0	0	0	502	553	
5	0	0	0	0	507	553	
6	0	0	0	0	512	550	
7	0	0	0	0	516	543	
8	0	0	0	0	520	537	
9	0	0	0	0	526	533	
10	0	0	0	0	529	530	
11	0	0	0	0	536	530	
12	0	0	0	0	545	534	
13	0	0	0	0	550	538	
14	0	0	0	0	554	543	
15	0	0	0	0	556	551	
0	0	0	0	0	562	561	
1	0	0	0	0	569	570	
2	0	0	0	0	572	575	
3	0	0	0	0	575	576	
4	0	0	0	0	575	570	
5	0	0	0	0	572	558	
6	0	0	0	0	573	543	
7	0	0	0	0	576	531	
8	0	0	0	0	581	527	
9	0	0	0	0	584	521	
10	0	0	0	0	584	522	
11	0	0	0	0	581	527	
12	0	0	0	0	580	527	
13	0	0	0	0	579	528	
14	0	0	0	0	577	530	
15	0	0	0	0	577	532	
0	0	0	0	0	579	543	
1	0	0	0	0	585	554	
2	0	0	0	0	595	567	
3	0	0	0	0	600	579	
4	0	0	0	0	604	587	
5	0	0	0	0	604	593	
6	0	0	0	0	601	598	
7	0	0	0	0	596	599	
8	0	0	0	0	593	600	
9	0	0	0	0	589	598	
10	0	0	0	0	583	597	
11	0	0	0	0	580	592	
12	0	0	0	0	579	586	
13	0	0	0	0	579	582	
14	0	0	0	0	577	579	
15	0	0	0	0	574	572	
0	0	0	0	0	569	562	
1	0	0	0	0	567	554	
2	0	0	0	0	564	547	
3	0	0	0	0	563	545	
4	0	0	0	0	563	543	
5	0	0	0	0	563	542	
6	0	0	0	0	568	542	
7	0	0	0	0	571	543	
8	0	0	0	0	572	550	
9	0	0	0	0	571	560	
10	0	0	0	0	573	568	
11	0	0	0	0	573	570	
12	0	0	0	0	570	563	
13	0	0	0	0	569	554	
14	0	0	0	0	569	540	
15	0	0	0	0	572	528	
0	0	0	0	0	576	516	
1	0	0	0	0	577	506	
2	0	0	0	0	577	499	
3	0	0	0	0	581	494	
4	0	0	0	0	585	492	
5	0	0	0	0	583	495	
6	0	0	0	0	584	504	
7	0	0	0	0	588	513	
8	0	0	0	0	590	524	
9	0	0	0	0	590	533	
10	0	0	0	0	588	542	
11	0	0	0	0	587	547	
12	0	0	0	0	585	551	
13	0	0	0	0	576	554	
14	0	0	0	0	568	555	
15	0	0	0	0	561	553	
0	0	0	0	0	555	546	
1	0	0	0	0	547	539	
2	0	0	0	0	542	536	
3	0	0	0	0	536	538	
4	0	0	0	0	533	536	
5	0	0	0	0	531	536	
6	0	0	0	0	529	540	
7	0	0	0	0	526	545	
8	0	0	0	0	526	551	
9	0	0	0	0	523	554	
10	0	0	0	0	520	552	
11	0	0	0	0	517	548	
12	0	0	0	0	513	539	
13	0	0	0	0	510	528	
14	0	0	0	0	510	521	
15	0	0	0	0	512	517	
0	0	0	0	0	515	519	
1	0	0	0	0	519	525	
2	0	0	0	0	520	531	
3	0	0	0	0	523	543	
4	0	0	0	0	527	555	
5	0	0	0	0	527	556	
6	0	0	0	0	524	555	
7	0	0	0	0	518	550	
8	0	0	0	0	516	547	
9	0	0	0	0	514	539	
10	0	0	0	0	518	533	
11	0	0	0	0	521	532	
12	0	0	0	0	525	535	
13	0	0	0	0	525	540	
14	0	0	0	0	522	543	
15	0	0	0	0	521	547	
0	0	0	0	0	523	550	
1	0	0	0	0	528	550	
2	0	0	0	0	532	544	
3	0	0	0	0	536	538	
4	0	0	0	0	536	536	
5	0	0	0	0	536	536	
6	0	0	0	0	537	537	
7	0	0	0	0	537	536	
8	0	0	0	0	536	534	
9	0	0	0	0	536	531	
10	0	0	0	0	531	524	
11	0	0	0	0	524	524	
12	0	0	0	0	518	531	
13	0	0	0	0	517	543	
14	0	0	0	0	523	556	
15	0	0	0	0	529	564	
0	0	0	0	0	535	568	
1	0	0	0	0	539	569	
2	0	0	0	0	537	568	
3	0	0	0	0	533	566	
4	0	0	0	0	524	564	
5	0	0	0	0	519	562	
6	0	0	0	0	518	555	
7	0	0	0	0	515	548	
8	0	0	0	0	515	544	
9	0	0	0	0	518	543	
10	0	0	0	0	519	539	
11	0	0	0	0	519	533	
12	0	0	0	0	516	529	
13	0	0	0	0	511	522	
14	0	0	0	0	508	518	
15	0	0	0	0	504	514	
0	0	0	0	0	504	509	
1	0	0	0	0	503	508	
2	0	0	0	0	503	509	
3	0	0	0	0	504	512	
4	0	0	0	0	509	515	
5	0	0	0	0	513	518	
6	0	0	0	0	521	524	
7	0	0	0	0	530	532	
8	0	0	0	0	541	540	
9	0	0	0	0	555	546	
10	0	0	0	0	566	548	
11	0	0	0	0	571	543	
12	0	0	0	0	570	539	
13	0	0	0	0	566	534	
14	0	0	0	0	558	529	
15	0	0	0	0	552	525	
0	0	0	0	0	545	518	
1	0	0	0	0	537	513	
2	0	0	0	0	527	512	
3	0	0	0	0	519	514	
4	0	0	0	0	515	513	
5	0	0	0	0	516	510	
6	0	0	0	0	523	510	
7	0	0	0	0	529	513	
8	0	0	0	0	531	518	
9	0	0	0	0	534	523	
10	0	0	0	0	536	528	
11	0	0	0	0	538	536	
12	0	0	0	0	537	543	
13	0	0	0	0	537	547	
14	0	0	0	0	538	552	
15	0	0	0	0	539	556	
0	0	0	0	0	542	559	
1	0	0	0	0	540	560	
2	0	0	0	0	538	560	
3	0	0	0	0	536	558	
4	0	0	0	0	540	551	
5	0	0	0	0	547	542	
6	0	0	0	0	552	532	
7	0	0	0	0	559	524	
8	0	0	0	0	563	519	
9	0	0	0	0	564	519	
10	0	0	0	0	563	521	
11	0	0	0	0	562	527	
12	0	0	0	0	560	528	
13	0	0	0	0	558	521	
14	0	0	0	0	554	515	
15	0	0	0	0	550	512	
0	0	0	0	0	543	509	
1	0	0	0	0	540	507	
2	0	0	0	0	538	502	
3	0	0	0	0	540	497	
4	0	0	0	0	541	496	
5	0	0	0	0	533	495	
6	0	0	0	0	524	494	
7	0	0	0	0	517	487	
8	0	0	0	0	510	483	
9	0	0	0	0	505	480	
10	0	0	0	0	502	482	
11	0	0	0	0	501	487	
12	0	0	0	0	501	495	
13	0	0	0	0	506	501	
14	0	0	0	0	510	503	
15	0	0	0	0	516	504	
0	0	0	0	0	522	505	
1	0	0	0	0	525	508	
2	0	0	0	0	525	505	
3	0	0	0	0	526	503	
4	0	0	0	0	527	496	
5	0	0	0	0	530	486	
6	0	0	0	0	533	477	
7	0	0	0	0	532	469	
8	0	0	0	0	527	464	
9	0	0	0	0	521	458	
10	0	0	0	0	517	455	
11	0	0	0	0	511	455	
12	0	0	0	0	507	457	
13	0	0	0	0	505	467	
14	0	0	0	0	505	484	
15	0	0	0	0	507	506	
0	0	0	0	0	508	524	
1	0	0	0	0	503	536	
2	0	0	0	0	498	541	
3	0	0	0	0	495	541	
4	0	0	0	0	496	536	
5	0	0	0	0	498	530	
6	0	0	0	0	506	523	
7	0	0	0	0	512	519	
8	0	0	0	0	519	515	
9	0	0	0	0	523	515	
10	0	0	0	0	524	519	
11	0	0	0	0	521	524	
12	0	0	0	0	517	528	
13	0	0	0	0	514	528	
14	0	0	0	0	511	528	
15	0	0	0	0	509	526	
0	0	0	0	0	510	526	
1	0	0	0	0	511	524	
2	0	0	0	0	513	524	
3	0	0	0	0	516	523	
4	0	0	0	0	524	523	
5	0	0	0	0	531	525	
6	0	0	0	0	542	526	
7	0	0	0	0	549	531	
8	0	0	0	0	553	539	
9	0	0	0	0	552	551	
10	0	0	0	0	551	561	
11	0	0	0	0	547	570	
12	0	0	0	0	540	576	
13	0	0	0	0	534	577	
14	0	0	0	0	529	573	
15	0	0	0	0	525	572	
0	0	0	0	0	522	572	
1	0	0	0	0	520	574	
2	0	0	0	0	515	575	
3	0	0	0	0	511	574	
4	0	0	0	0	504	572	
5	0	0	0	0	497	568	
6	0	0	0	0	488	565	
7	0	0	0	0	479	563	
8	0	0	0	0	468	562	
9	0	0	0	0	463	560	
10	0	0	0	0	464	558	
11	0	0	0	0	465	557	
12	0	0	0	0	471	557	
13	0	0	0	0	473	556	
14	0	0	0	0	476	553	
15	0	0	0	0	481	548	
0	0	0	0	0	483	544	
1	0	0	0	0	483	539	
2	0	0	0	0	484	539	
3	0	0	0	0	486	537	
4	0	0	0	0	489	542	
5	0	0	0	0	493	545	
6	0	0	0	0	491	546	
7	0	0	0	0	483	545	
8	0	0	0	0	481	547	
9	0	0	0	0	478	547	
10	0	0	0	0	473	549	
11	0	0	0	0	470	551	
12	0	0	0	0	469	553	
13	0	0	0	0	465	551	
14	0	0	0	0	461	547	
15	0	0	0	0	457	542	
0	0	0	0	0	455	537	
1	0	0	0	0	454	531	
2	0	0	0	0	452	528	
3	0	0	0	0	451	522	
4	0	0	0	0	452	515	
5	0	0	0	0	451	508	
6	0	0	0	0	452	507	
7	0	0	0	0	453	506	
8	0	0	0	0	455	504	
9	0	0	0	0	454	506	
10	0	0	0	0	455	512	
11	0	0	0	0	456	522	
12	0	0	0	0	461	537	
13	0	0	0	0	465	556	
14	0	0	0	0	465	573	
15	0	0	0	0	464	590	
0	0	0	0	0	463	600	
1	0	0	0	0	463	604	
2	0	0	0	0	461	602	
3	0	0	0	0	460	596	
4	0	0	0	0	461	587	
5	0	0	0	0	458	577	
6	0	0	0	0	457	570	
7	0	0	0	0	453	565	
8	0	0	0	0	451	560	
9	0	0	0	0	451	554	
10	0	0	0	0	455	545	
11	0	0	0	0	455	539	
12	0	0	0	0	460	532	
13	0	0	0	0	462	533	
14	0	0	0	0	467	541	
15	0	0	0	0	472	552	
0	0	0	0	0	476	562	
1	0	0	0	0	482	567	
2	0	0	0	0	486	567	
3	0	0	0	0	492	570	
4	0	0	0	0	495	570	
5	0	0	0	0	494	564	
6	0	0	0	0	488	558	
7	0	0	0	0	484	552	
8	0	0	0	0	481	547	
9	0	0	0	0	478	543	
10	0	0	0	0	477	540	
11	0	0	0	0	480	536	
12	0	0	0	0	481	532	
13	0	0	0	0	480	532	
14	0	0	0	0	481	534	
15	0	0	0	0	481	540	
0	0	0	0	0	479	548	
1	0	0	0	0	479	558	
2	0	0	0	0	477	567	
3	0	0	0	0	475	576	
4	0	0	0	0	471	577	
5	0	0	0	0	465	579	
6	0	0	0	0	460	576	
7	0	0	0	0	458	574	
8	0	0	0	0	459	573	
9	0	0	0	0	459	573	
10	0	0	0	0	462	574	
11	0	0	0	0	467	577	
12	0	0	0	0	477	582	
13	0	0	0	0	492	589	
14	0	0	0	0	508	593	
15	0	0	0	0	518	591	
0	0	0	0	0	526	585	
1	0	0	0	0	536	575	
2	0	0	0	0	545	563	
3	0	0	0	0	554	553	
4	0	0	0	0	561	544	
5	0	0	0	0	566	536	
6	0	0	0	0	569	530	
7	0	0	0	0	570	525	
8	0	0	0	0	565	520	
9	0	0	0	0	560	520	
10	0	0	0	0	556	518	
11	0	0	0	0	552	512	
12	0	0	0	0	549	505	
13	0	0	0	0	547	499	
14	0	0	0	0	544	497	
15	0	0	0	0	540	497	
0	0	0	0	0	536	496	
1	0	0	0	0	526	493	
2	0	0	0	0	519	495	
3	0	0	0	0	511	500	
4	0	0	0	0	503	506	
5	0	0	0	0	496	512	
6	0	0	0	0	483	515	
7	0	0	0	0	472	512	
8	0	0	0	0	464	505	
9	0	0	0	0	463	497	
10	0	0	0	0	467	486	
11	0	0	0	0	473	477	
12	0	0	0	0	487	472	
13	0	0	0	0	505	475	
14	0	0	0	0	520	478	
15	0	0	0	0	535	481	
0	0	0	0	0	547	483	
1	0	0	0	0	556	486	
2	0	0	0	0	560	487	
3	0	0	0	0	554	491	
4	0	0	0	0	537	494	
5	0	0	0	0	517	496	
6	0	0	0	0	499	496	
7	0	0	0	0	484	493	
8	0	0	0	0	473	494	
9	0	0	0	0	465	499	
10	0	0	0	0	462	506	
11	0	0	0	0	460	515	
12	0	0	0	0	458	525	
13	0	0	0	0	453	536	
14	0	0	0	0	452	546	
15	0	0	0	0	457	553	
0	0	0	0	0	467	561	
1	0	0	0	0	475	567	
2	0	0	0	0	481	575	
3	0	0	0	0	484	576	
4	0	0	0	0	483	575	
5	0	0	0	0	481	569	
6	0	0	0	0	476	566	
7	0	0	0	0	471	563	
8	0	0	0	0	469	561	
9	0	0	0	0	465	558	
10	0	0	0	0	463	556	
11	0	0	0	0	464	553	
12	0	0	0	0	467	552	
13	0	0	0	0	475	548	
14	0	0	0	0	479	541	
15	0	0	0	0	486	535	
0	0	0	0	0	488	529	
1	0	0	0	0	491	522	
2	0	0	0	0	491	518	
3	0	0	0	0	490	519	
4	0	0	0	0	487	517	
5	0	0	0	0	483	516	
6	0	0	0	0	476	512	
7	0	0	0	0	468	512	
8	0	0	0	0	459	516	
9	0	0	0	0	451	516	
10	0	0	0	0	446	517	
11	0	0	0	0	440	515	
12	0	0	0	0	435	515	
13	0	0	0	0	430	515	
14	0	0	0	0	427	515	
15	0	0	0	0	431	517	
0	0	0	0	0	434	524	
1	0	0	0	0	440	533	
2	0	0	0	0	448	541	
3	0	0	0	0	455	547	
4	0	0	0	0	465	549	
5	0	0	0	0	475	551	
6	0	0	0	0	484	556	
7	0	0	0	0	490	560	
8	0	0	0	0	499	563	
9	0	0	0	0	508	564	
10	0	0	0	0	515	563	
11	0	0	0	0	523	560	
12	0	0	0	0	531	558	
13	0	0	0	0	538	557	
14	0	0	0	0	541	561	
15	0	0	0	0	543	566	
0	0	0	0	0	544	567	
1	0	0	0	0	543	560	
2	0	0	0	0	540	551	
3	0	0	0	0	531	542	
4	0	0	0	0	518	531	
5	0	0	0	0	506	523	
6	0	0	0	0	495	521	
7	0	0	0	0	486	522	
8	0	0	0	0	478	519	
9	0	0	0	0	471	516	
10	0	0	0	0	465	516	
11	0	0	0	0	460	515	
12	0	0	0	0	452	510	
13	0	0	0	0	446	512	
14	0	0	0	0	444	518	
15	0	0	0	0	442	528	
0	0	0	0	0	440	536	
1	0	0	0	0	440	546	
2	0	0	0	0	444	552	
3	0	0	0	0	453	557	
4	0	0	0	0	463	566	
5	0	0	0	0	476	574	
6	0	0	0	0	487	581	
7	0	0	0	0	497	586	
8	0	0	0	0	502	590	
9	0	0	0	0	507	592	
10	0	0	0	0	508	595	
11	0	0	0	0	504	599	
12	0	0	0	0	500	602	
13	0	0	0	0	495	600	
14	0	0	0	0	494	594	
15	0	0	0	0	494	588	
0	0	0	0	0	496	582	
1	0	0	0	0	499	577	
2	0	0	0	0	501	576	
3	0	0	0	0	499	577	
4	0	0	0	0	497	578	
5	0	0	0	0	496	575	
6	0	0	0	0	494	571	
7	0	0	0	0	487	568	
8	0	0	0	0	480	564	
9	0	0	0	0	473	558	
10	0	0	0	0	467	553	
11	0	0	0	0	463	544	
12	0	0	0	0	458	534	
13	0	0	0	0	453	526	
14	0	0	0	0	454	522	
15	0	0	0	0	457	515	
0	0	0	0	0	461	506	
1	0	0	0	0	462	494	
2	0	0	0	0	460	481	
3	0	0	0	0	461	474	
4	0	0	0	0	467	476	
5	0	0	0	0	475	481	
6	0	0	0	0	482	493	
7	0	0	0	0	489	510	
8	0	0	0	0	497	527	
9	0	0	0	0	509	544	
10	0	0	0	0	519	562	
11	0	0	0	0	527	579	
12	0	0	0	0	531	591	
13	0	0	0	0	531	599	
14	0	0	0	0	531	601	
15	0	0	0	0	529	603	
0	0	0	0	0	524	603	
1	0	0	0	0	515	600	
2	0	0	0	0	508	595	
3	0	0	0	0	501	591	
4	0	0	0	0	497	587	
5	0	0	0	0	489	579	
6	0	0	0	0	482	573	
7	0	0	0	0	476	571	
8	0	0	0	0	468	570	
9	0	0	0	0	462	573	
10	0	0	0	0	461	571	
11	0	0	0	0	461	572	
12	0	0	0	0	464	572	
13	0	0	0	0	472	569	
14	0	0	0	0	479	564	
15	0	0	0	0	483	555	
0	0	0	0	0	487	546	
1	0	0	0	0	492	537	
2	0	0	0	0	490	531	
3	0	0	0	0	489	527	
4	0	0	0	0	487	529	
5	0	0	0	0	489	531	
6	0	0	0	0	495	540	
7	0	0	0	0	502	551	
8	0	0	0	0	512	566	
9	0	0	0	0	521	579	
10	0	0	0	0	525	593	
11	0	0	0	0	529	604	
12	0	0	0	0	533	612	
13	0	0	0	0	535	621	
14	0	0	0	0	535	626	
15	0	0	0	0	530	625	
0	0	0	0	0	519	617	
1	0	0	0	0	504	604	
2	0	0	0	0	489	590	
3	0	0	0	0	480	575	
4	0	0	0	0	476	562	
5	0	0	0	0	472	555	
6	0	0	0	0	471	551	
7	0	0	0	0	471	551	
8	0	0	0	0	475	551	
9	0	0	0	0	480	558	
10	0	0	0	0	489	568	
11	0	0	0	0	498	580	
12	0	0	0	0	510	592	
13	0	0	0	0	522	600	
14	0	0	0	0	536	599	
15	0	0	0	0	545	595	
0	0	0	0	0	553	587	
1	0	0	0	0	559	580	
2	0	0	0	0	561	576	
3	0	0	0	0	567	576	
4	0	0	0	0	570	575	
5	0	0	0	0	569	573	
6	0	0	0	0	570	574	
7	0	0	0	0	569	572	
8	0	0	0	0	566	572	
9	0	0	0	0	566	573	
10	0	0	0	0	564	574	
11	0	0	0	0	562	575	
12	0	0	0	0	560	570	
13	0	0	0	0	555	566	
14	0	0	0	0	549	559	
15	0	0	0	0	541	551	
0	0	0	0	0	534	548	
1	0	0	0	0	526	542	
2	0	0	0	0	515	537	
3	0	0	0	0	504	532	
4	0	0	0	0	497	531	
5	0	0	0	0	490	534	
6	0	0	0	0	483	538	
7	0	0	0	0	481	541	
8	0	0	0	0	486	548	
9	0	0	0	0	491	555	
10	0	0	0	0	495	563	
11	0	0	0	0	500	571	
12	0	0	0	0	508	575	
13	0	0	0	0	511	574	
14	0	0	0	0	514	569	
15	0	0	0	0	514	560	
0	0	0	0	0	513	549	
1	0	0	0	0	511	539	
2	0	0	0	0	508	529	
3	0	0	0	0	505	520	
4	0	0	0	0	500	511	
5	0	0	0	0	492	504	
6	0	0	0	0	484	499	
7	0	0	0	0	483	492	
8	0	0	0	0	486	488	
9	0	0	0	0	489	490	
10	0	0	0	0	493	496	
11	0	0	0	0	499	504	
12	0	0	0	0	508	514	
13	0	0	0	0	513	524	
14	0	0	0	0	519	534	
15	0	0	0	0	520	546	
0	0	0	0	0	517	560	
1	0	0	0	0	511	568	
2	0	0	0	0	505	579	
3	0	0	0	0	497	586	
4	0	0	0	0	492	588	
5	0	0	0	0	482	588	
6	0	0	0	0	473	581	
7	0	0	0	0	468	571	
8	0	0	0	0	466	557	
9	0	0	0	0	464	544	
10	0	0	0	0	463	534	
11	0	0	0	0	461	526	
12	0	0	0	0	463	517	
13	0	0	0	0	464	512	
14	0	0	0	0	467	504	
15	0	0	0	0	469	494	
0	0	0	0	0	475	481	
1	0	0	0	0	479	466	
2	0	0	0	0	478	453	
3	0	0	0	0	476	441	
4	0	0	0	0	477	433	
5	0	0	0	0	476	432	
6	0	0	0	0	480	436	
7	0	0	0	0	487	445	
8	0	0	0	0	497	452	
9	0	0	0	0	508	461	
10	0	0	0	0	514	471	
11	0	0	0	0	520	484	
12	0	0	0	0	531	498	
13	0	0	0	0	543	510	
14	0	0	0	0	549	522	
15	0	0	0	0	549	531	
0	0	0	0	0	547	540	
1	0	0	0	0	542	548	
2	0	0	0	0	537	554	
3	0	0	0	0	534	554	
4	0	0	0	0	531	554	
5	0	0	0	0	524	553	
6	0	0	0	0	517	550	
7	0	0	0	0	508	540	
8	0	0	0	0	501	529	
9	0	0	0	0	497	516	
10	0	0	0	0	495	497	
11	0	0	0	0	499	478	
12	0	0	0	0	505	463	
13	0	0	0	0	510	451	
14	0	0	0	0	512	436	
15	0	0	0	0	512	433	
0	0	0	0	0	517	432	
1	0	0	0	0	523	435	
2	0	0	0	0	533	437	
3	0	0	0	0	542	440	
4	0	0	0	0	548	445	
5	0	0	0	0	555	451	
6	0	0	0	0	560	453	
7	0	0	0	0	562	455	
8	0	0	0	0	563	454	
9	0	0	0	0	566	459	
10	0	0	0	0	569	464	
11	0	0	0	0	571	472	
12	0	0	0	0	570	476	
13	0	0	0	0	568	479	
14	0	0	0	0	569	482	
15	0	0	0	0	567	481	
0	0	0	0	0	562	477	
1	0	0	0	0	557	468	
2	0	0	0	0	553	461	
3	0	0	0	0	547	455	
4	0	0	0	0	542	452	
5	0	0	0	0	535	449	
6	0	0	0	0	528	453	
7	0	0	0	0	520	457	
8	0	0	0	0	516	463	
9	0	0	0	0	513	466	
10	0	0	0	0	511	465	
11	0	0	0	0	512	467	
12	0	0	0	0	518	462	
13	0	0	0	0	521	453	
14	0	0	0	0	527	448	
15	0	0	0	0	532	444	
0	0	0	0	0	537	441	
1	0	0	0	0	536	443	
2	0	0	0	0	536	441	
3	0	0	0	0	536	437	
4	0	0	0	0	534	425	
5	0	0	0	0	531	414	
6	0	0	0	0	532	406	
7	0	0	0	0	534	406	
8	0	0	0	0	535	405	
9	0	0	0	0	534	408	
10	0	0	0	0	535	413	
11	0	0	0	0	536	420	
12	0	0	0	0	541	430	
13	0	0	0	0	545	441	
14	0	0	0	0	548	452	
15	0	0	0	0	550	465	
0	0	0	0	0	550	475	
1	0	0	0	0	547	484	
2	0	0	0	0	540	495	
3	0	0	0	0	533	505	
4	0	0	0	0	523	515	
5	0	0	0	0	512	520	
6	0	0	0	0	504	519	
7	0	0	0	0	499	514	
8	0	0	0	0	496	500	
9	0	0	0	0	500	484	
10	0	0	0	0	503	470	
11	0	0	0	0	508	464	
12	0	0	0	0	513	467	
13	0	0	0	0	517	471	
14	0	0	0	0	524	477	
15	0	0	0	0	529	480	
0	0	0	0	0	530	476	
1	0	0	0	0	527	466	
2	0	0	0	0	522	450	
3	0	0	0	0	515	434	
4	0	0	0	0	510	425	
5	0	0	0	0	505	420	
6	0	0	0	0	504	418	
7	0	0	0	0	505	420	
8	0	0	0	0	507	422	
9	0	0	0	0	508	432	
10	0	0	0	0	504	438	
11	0	0	0	0	504	449	
12	0	0	0	0	505	464	
13	0	0	0	0	508	480	
14	0	0	0	0	515	494	
15	0	0	0	0	520	506	
0	0	0	0	0	521	519	
1	0	0	0	0	524	529	
2	0	0	0	0	528	538	
3	0	0	0	0	531	546	
4	0	0	0	0	533	555	
5	0	0	0	0	535	560	
6	0	0	0	0	534	560	
7	0	0	0	0	532	562	
8	0	0	0	0	535	557	
9	0	0	0	0	536	549	
10	0	0	0	0	540	543	
11	0	0	0	0	540	536	
12	0	0	0	0	541	531	
13	0	0	0	0	539	524	
14	0	0	0	0	536	514	
15	0	0	0	0	536	504	
0	0	0	0	0	529	493	
1	0	0	0	0	526	483	
2	0	0	0	0	521	473	
3	0	0	0	0	519	464	
4	0	0	0	0	517	456	
5	0	0	0	0	519	455	
6	0	0	0	0	527	455	
7	0	0	0	0	536	455	
8	0	0	0	0	541	456	
9	0	0	0	0	540	454	
10	0	0	0	0	539	451	
11	0	0	0	0	537	447	
12	0	0	0	0	535	448	
13	0	0	0	0	532	451	
14	0	0	0	0	534	457	
15	0	0	0	0	542	463	
0	0	0	0	0	554	470	
1	0	0	0	0	566	476	
2	0	0	0	0	575	482	
3	0	0	0	0	585	489	
4	0	0	0	0	590	492	
5	0	0	0	0	596	492	
6	0	0	0	0	601	492	
7	0	0	0	0	602	490	
8	0	0	0	0	600	489	
9	0	0	0	0	596	485	
10	0	0	0	0	593	485	
11	0	0	0	0	592	484	
12	0	0	0	0	591	489	
13	0	0	0	0	587	492	
14	0	0	0	0	579	492	
15	0	0	0	0	569	490	
0	0	0	0	0	560	482	
1	0	0	0	0	552	475	
2	0	0	0	0	546	473	
3	0	0	0	0	540	472	
4	0	0	0	0	539	476	
5	0	0	0	0	541	486	
6	0	0	0	0	544	492	
7	0	0	0	0	542	496	
8	0	0	0	0	532	492	
9	0	0	0	0	519	486	
10	0	0	0	0	507	479	
11	0	0	0	0	498	476	
12	0	0	0	0	496	475	
13	0	0	0	0	499	476	
14	0	0	0	0	504	480	
15	0	0	0	0	511	483	
0	0	0	0	0	515	486	
1	0	0	0	0	519	490	
2	0	0	0	0	521	496	
3	0	0	0	0	520	503	
4	0	0	0	0	514	510	
5	0	0	0	0	509	518	
6	0	0	0	0	503	529	
7	0	0	0	0	494	533	
8	0	0	0	0	484	533	
9	0	0	0	0	477	532	
10	0	0	0	0	473	531	
11	0	0	0	0	473	529	
12	0	0	0	0	477	527	
13	0	0	0	0	482	522	
14	0	0	0	0	488	519	
15	0	0	0	0	492	518	
0	0	0	0	0	494	525	
1	0	0	0	0	496	530	
2	0	0	0	0	496	536	
3	0	0	0	0	496	536	
4	0	0	0	0	500	532	
5	0	0	0	0	506	526	
6	0	0	0	0	512	519	
7	0	0	0	0	517	512	
8	0	0	0	0	520	504	
9	0	0	0	0	520	498	
10	0	0	0	0	520	491	
11	0	0	0	0	517	483	
12	0	0	0	0	518	478	
13	0	0	0	0	519	475	
14	0	0	0	0	515	467	
15	0	0	0	0	513	457	
0	0	0	0	0	508	449	
1	0	0	0	0	506	440	
2	0	0	0	0	508	433	
3	0	0	0	0	516	432	
4	0	0	0	0	524	434	
5	0	0	0	0	529	440	
6	0	0	0	0	531	449	
7	0	0	0	0	533	459	
8	0	0	0	0	537	467	
9	0	0	0	0	541	470	
10	0	0	0	0	543	469	
11	0	0	0	0	540	469	
12	0	0	0	0	534	462	
13	0	0	0	0	528	451	
14	0	0	0	0	524	444	
15	0	0	0	0	520	432	
0	0	0	0	0	512	427	
1	0	0	0	0	504	420	
2	0	0	0	0	496	420	
3	0	0	0	0	495	422	
4	0	0	0	0	496	425	
5	0	0	0	0	492	428	
6	0	0	0	0	488	432	
7	0	0	0	0	486	437	
8	0	0	0	0	481	440	
9	0	0	0	0	482	442	
10	0	0	0	0	485	443	
11	0	0	0	0	489	441	
12	0	0	0	0	495	443	
13	0	0	0	0	500	440	
14	0	0	0	0	504	438	
15	0	0	0	0	507	433	
0	0	0	0	0	511	432	
1	0	0	0	0	513	437	
2	0	0	0	0	518	441	
3	0	0	0	0	519	441	
4	0	0	0	0	521	441	
5	0	0	0	0	522	440	
6	0	0	0	0	520	438	
7	0	0	0	0	516	431	
8	0	0	0	0	512	425	
9	0	0	0	0	508	424	
10	0	0	0	0	505	427	
11	0	0	0	0	499	434	
12	0	0	0	0	495	435	
13	0	0	0	0	490	437	
14	0	0	0	0	488	438	
15	0	0	0	0	490	438	
0	0	0	0	0	491	436	
1	0	0	0	0	489	435	
2	0	0	0	0	488	436	
3	0	0	0	0	492	440	
4	0	0	0	0	498	446	
5	0	0	0	0	500	454	
6	0	0	0	0	500	460	
7	0	0	0	0	501	463	
8	0	0	0	0	500	464	
9	0	0	0	0	502	462	
10	0	0	0	0	501	457	
11	0	0	0	0	503	453	
12	0	0	0	0	507	449	
13	0	0	0	0	516	446	
14	0	0	0	0	529	448	
15	0	0	0	0	539	446	
0	0	0	0	0	545	441	
1	0	0	0	0	548	435	
2	0	0	0	0	547	431	
3	0	0	0	0	548	429	
4	0	0	0	0	546	428	
5	0	0	0	0	540	432	
6	0	0	0	0	531	434	
7	0	0	0	0	521	439	
8	0	0	0	0	508	443	
9	0	0	0	0	494	446	
10	0	0	0	0	487	448	
11	0	0	0	0	487	449	
12	0	0	0	0	489	451	
13	0	0	0	0	489	454	
14	0	0	0	0	486	454	
15	0	0	0	0	479	455	
0	0	0	0	0	468	458	
1	0	0	0	0	460	465	
2	0	0	0	0	456	472	
3	0	0	0	0	460	478	
4	0	0	0	0	469	480	
5	0	0	0	0	481	479	
6	0	0	0	0	494	478	
7	0	0	0	0	509	474	
8	0	0	0	0	522	470	
9	0	0	0	0	536	468	
10	0	0	0	0	543	470	
11	0	0	0	0	545	471	
12	0	0	0	0	545	471	
13	0	0	0	0	541	470	
14	0	0	0	0	534	470	
15	0	0	0	0	529	472	
0	0	0	0	0	527	472	
1	0	0	0	0	526	471	
2	0	0	0	0	521	469	
3	0	0	0	0	513	467	
4	0	0	0	0	509	462	
5	0	0	0	0	503	456	
6	0	0	0	0	503	451	
7	0	0	0	0	502	446	
8	0	0	0	0	500	442	
9	0	0	0	0	496	440	
10	0	0	0	0	492	443	
11	0	0	0	0	489	441	
12	0	0	0	0	488	437	
13	0	0	0	0	486	437	
14	0	0	0	0	487	438	
15	0	0	0	0	490	442	
0	0	0	0	0	495	446	
1	0	0	0	0	504	452	
2	0	0	0	0	509	457	
3	0	0	0	0	518	460	
4	0	0	0	0	527	461	
5	0	0	0	0	535	461	
6	0	0	0	0	543	458	
7	0	0	0	0	545	455	
8	0	0	0	0	547	453	
9	0	0	0	0	545	448	
10	0	0	0	0	539	441	
11	0	0	0	0	529	434	
12	0	0	0	0	518	425	
13	0	0	0	0	504	417	
14	0	0	0	0	498	417	
15	0	0	0	0	497	421	
0	0	0	0	0	504	428	
1	0	0	0	0	516	436	
2	0	0	0	0	528	440	
3	0	0	0	0	539	444	
4	0	0	0	0	547	448	
5	0	0	0	0	548	449	
6	0	0	0	0	545	455	
7	0	0	0	0	542	461	
8	0	0	0	0	540	466	
9	0	0	0	0	532	469	
10	0	0	0	0	524	473	
11	0	0	0	0	519	478	
12	0	0	0	0	515	485	
13	0	0	0	0	510	495	
14	0	0	0	0	505	504	
15	0	0	0	0	498	510	
0	0	0	0	0	492	518	
1	0	0	0	0	491	529	
2	0	0	0	0	493	535	
3	0	0	0	0	499	537	
4	0	0	0	0	507	536	
5	0	0	0	0	514	531	
6	0	0	0	0	524	523	
7	0	0	0	0	532	515	
8	0	0	0	0	540	509	
9	0	0	0	0	546	503	
10	0	0	0	0	549	501	
11	0	0	0	0	549	499	
12	0	0	0	0	548	499	
13	0	0	0	0	544	500	
14	0	0	0	0	539	500	
15	0	0	0	0	534	499	
0	0	0	0	0	529	494	
1	0	0	0	0	523	487	
2	0	0	0	0	517	479	
3	0	0	0	0	511	471	
4	0	0	0	0	509	463	
5	0	0	0	0	508	457	
6	0	0	0	0	509	457	
7	0	0	0	0	511	455	
8	0	0	0	0	515	457	
9	0	0	0	0	523	463	
10	0	0	0	0	528	473	
11	0	0	0	0	532	480	
12	0	0	0	0	528	489	
13	0	0	0	0	521	494	
14	0	0	0	0	515	497	
15	0	0	0	0	511	497	
0	0	0	0	0	510	504	
1	0	0	0	0	510	512	
2	0	0	0	0	511	523	
3	0	0	0	0	511	530	
4	0	0	0	0	512	530	
5	0	0	0	0	515	526	
6	0	0	0	0	517	517	
7	0	0	0	0	515	507	
8	0	0	0	0	512	496	
9	0	0	0	0	512	485	
10	0	0	0	0	513	482	
11	0	0	0	0	513	486	
12	0	0	0	0	518	491	
13	0	0	0	0	520	494	
14	0	0	0	0	524	495	
15	0	0	0	0	528	496	
0	0	0	0	0	529	497	
1	0	0	0	0	529	495	
2	0	0	0	0	526	493	
3	0	0	0	0	522	495	
4	0	0	0	0	521	497	
5	0	0	0	0	523	499	
6	0	0	0	0	526	497	
7	0	0	0	0	526	495	
8	0	0	0	0	524	493	
9	0	0	0	0	524	486	
10	0	0	0	0	524	477	
11	0	0	0	0	517	470	
12	0	0	0	0	512	463	
13	0	0	0	0	510	457	
14	0	0	0	0	510	461	
15	0	0	0	0	513	472	
0	0	0	0	0	518	488	
1	0	0	0	0	521	502	
2	0	0	0	0	523	512	
3	0	0	0	0	523	516	
4	0	0	0	0	523	518	
5	0	0	0	0	519	515	
6	0	0	0	0	516	511	
7	0	0	0	0	514	507	
8	0	0	0	0	510	504	
9	0	0	0	0	507	502	
10	0	0	0	0	504	500	
11	0	0	0	0	503	499	
12	0	0	0	0	499	495	
13	0	0	0	0	496	490	
14	0	0	0	0	488	486	
15	0	0	0	0	482	484	
0	0	0	0	0	480	489	
1	0	0	0	0	476	491	
2	0	0	0	0	475	493	
3	0	0	0	0	477	496	
4	0	0	0	0	479	495	
5	0	0	0	0	478	491	
6	0	0	0	0	476	481	
7	0	0	0	0	475	473	
8	0	0	0	0	478	466	
9	0	0	0	0	482	463	
10	0	0	0	0	490	462	
11	0	0	0	0	500	462	
12	0	0	0	0	512	464	
13	0	0	0	0	521	464	
14	0	0	0	0	526	460	
15	0	0	0	0	526	454	
0	0	0	0	0	523	451	
1	0	0	0	0	521	448	
2	0	0	0	0	519	447	
3	0	0	0	0	517	452	
4	0	0	0	0	514	463	
5	0	0	0	0	507	473	
6	0	0	0	0	498	480	
7	0	0	0	0	487	480	
8	0	0	0	0	475	475	
9	0	0	0	0	464	468	
10	0	0	0	0	456	465	
11	0	0	0	0	446	467	
12	0	0	0	0	438	470	
13	0	0	0	0	434	479	
14	0	0	0	0	437	493	
15	0	0	0	0	445	515	
0	0	0	0	0	460	529	
1	0	0	0	0	476	537	
2	0	0	0	0	491	533	
3	0	0	0	0	503	527	
4	0	0	0	0	516	519	
5	0	0	0	0	526	515	
6	0	0	0	0	534	509	
7	0	0	0	0	540	504	
8	0	0	0	0	542	499	
9	0	0	0	0	543	494	
10	0	0	0	0	543	490	
11	0	0	0	0	545	487	
12	0	0	0	0	545	482	
13	0	0	0	0	543	476	
14	0	0	0	0	540	474	
15	0	0	0	0	536	473	
0	0	0	0	0	528	476	
1	0	0	0	0	521	478	
2	0	0	0	0	514	479	
3	0	0	0	0	509	476	
4	0	0	0	0	506	462	
5	0	0	0	0	507	444	
6	0	0	0	0	504	426	
7	0	0	0	0	493	408	
8	0	0	0	0	476	401	
9	0	0	0	0	459	401	
10	0	0	0	0	444	404	
11	0	0	0	0	437	410	
12	0	0	0	0	437	425	
13	0	0	0	0	447	450	
14	0	0	0	0	460	471	
15	0	0	0	0	477	491	
0	0	0	0	0	492	504	
1	0	0	0	0	503	512	
2	0	0	0	0	515	518	
3	0	0	0	0	524	517	
4	0	0	0	0	536	513	
5	0	0	0	0	547	509	
6	0	0	0	0	558	508	
7	0	0	0	0	562	502	
8	0	0	0	0	560	495	
9	0	0	0	0	554	494	
10	0	0	0	0	547	494	
11	0	0	0	0	543	495	
12	0	0	0	0	538	495	
13	0	0	0	0	532	493	
14	0	0	0	0	526	490	
15	0	0	0	0	519	488	
0	0	0	0	0	513	487	
1	0	0	0	0	512	488	
2	0	0	0	0	513	490	
3	0	0	0	0	514	492	
4	0	0	0	0	513	492	
5	0	0	0	0	509	489	
6	0	0	0	0	503	488	
7	0	0	0	0	499	491	
8	0	0	0	0	497	496	
9	0	0	0	0	496	502	
10	0	0	0	0	492	510	
11	0	0	0	0	487	515	
12	0	0	0	0	486	519	
13	0	0	0	0	483	523	
14	0	0	0	0	483	531	
15	0	0	0	0	487	542	
0	0	0	0	0	492	552	
1	0	0	0	0	499	556	
2	0	0	0	0	504	555	
3	0	0	0	0	508	551	
4	0	0	0	0	510	545	
5	0	0	0	0	508	537	
6	0	0	0	0	504	528	
7	0	0	0	0	505	517	
8	0	0	0	0	509	509	
9	0	0	0	0	514	504	
10	0	0	0	0	515	495	
11	0	0	0	0	517	488	
12	0	0	0	0	522	478	
13	0	0	0	0	525	467	
14	0	0	0	0	531	460	
15	0	0	0	0	538	454	
0	0	0	0	0	542	449	
1	0	0	0	0	545	447	
2	0	0	0	0	542	440	
3	0	0	0	0	540	435	
4	0	0	0	0	536	431	
5	0	0	0	0	535	431	
6	0	0	0	0	540	435	
7	0	0	0	0	543	440	
8	0	0	0	0	548	449	
9	0	0	0	0	551	457	
10	0	0	0	0	553	475	
11	0	0	0	0	551	494	
12	0	0	0	0	555	513	
13	0	0	0	0	555	526	
14	0	0	0	0	551	528	
15	0	0	0	0	547	527	
0	0	0	0	0	542	522	
1	0	0	0	0	540	516	
2	0	0	0	0	537	509	
3	0	0	0	0	536	507	
4	0	0	0	0	536	507	
5	0	0	0	0	535	507	
6	0	0	0	0	532	502	
7	0	0	0	0	531	494	
8	0	0	0	0	529	489	
9	0	0	0	0	530	486	
10	0	0	0	0	531	482	
11	0	0	0	0	532	480	
12	0	0	0	0	534	480	
13	0	0	0	0	537	481	
14	0	0	0	0	544	483	
15	0	0	0	0	547	483	
0	0	0	0	0	549	481	
1	0	0	0	0	547	481	
2	0	0	0	0	542	482	
3	0	0	0	0	535	485	
4	0	0	0	0	533	487	
5	0	0	0	0	534	489	
6	0	0	0	0	535	492	
7	0	0	0	0	535	494	
8	0	0	0	0	536	500	
9	0	0	0	0	535	508	
10	0	0	0	0	531	515	
11	0	0	0	0	531	522	
12	0	0	0	0	529	523	
13	0	0	0	0	525	522	
14	0	0	0	0	518	520	
15	0	0	0	0	515	519	
0	0	0	0	0	516	518	
1	0	0	0	0	519	517	
2	0	0	0	0	521	516	
3	0	0	0	0	520	512	
4	0	0	0	0	516	507	
5	0	0	0	0	508	500	
6	0	0	0	0	503	492	
7	0	0	0	0	497	484	
8	0	0	0	0	492	471	
9	0	0	0	0	487	459	
10	0	0	0	0	484	451	
11	0	0	0	0	483	446	
12	0	0	0	0	481	447	
13	0	0	0	0	478	452	
14	0	0	0	0	475	459	
15	0	0	0	0	468	463	
0	0	0	0	0	462	467	
1	0	0	0	0	463	473	
2	0	0	0	0	469	482	
3	0	0	0	0	470	490	
4	0	0	0	0	467	497	
5	0	0	0	0	463	502	
6	0	0	0	0	456	504	
7	0	0	0	0	450	505	
8	0	0	0	0	445	507	
9	0	0	0	0	444	505	
10	0	0	0	0	446	506	
11	0	0	0	0	451	503	
12	0	0	0	0	454	502	
13	0	0	0	0	457	504	
14	0	0	0	0	463	507	
15	0	0	0	0	469	504	
0	0	0	0	0	477	495	
1	0	0	0	0	486	486	
2	0	0	0	0	492	477	
3	0	0	0	0	494	472	
4	0	0	0	0	494	470	
5	0	0	0	0	492	471	
6	0	0	0	0	487	472	
7	0	0	0	0	487	475	
8	0	0	0	0	488	476	
9	0	0	0	0	492	478	
10	0	0	0	0	499	480	
11	0	0	0	0	510	482	
12	0	0	0	0	521	483	
13	0	0	0	0	528	482	
14	0	0	0	0	529	483	
15	0	0	0	0	532	486	
0	0	0	0	0	535	492	
1	0	0	0	0	539	497	
2	0	0	0	0	539	504	
3	0	0	0	0	540	512	
4	0	0	0	0	536	515	
5	0	0	0	0	529	519	
6	0	0	0	0	523	523	
7	0	0	0	0	513	524	
8	0	0	0	0	503	521	
9	0	0	0	0	496	515	
10	0	0	0	0	488	508	
11	0	0	0	0	478	499	
12	0	0	0	0	473	496	
13	0	0	0	0	473	495	
14	0	0	0	0	475	496	
15	0	0	0	0	484	505	
0	0	0	0	0	498	519	
1	0	0	0	0	513	533	
2	0	0	0	0	523	545	
3	0	0	0	0	526	556	
4	0	0	0	0	523	560	
5	0	0	0	0	514	557	
6	0	0	0	0	503	546	
7	0	0	0	0	492	535	
8	0	0	0	0	487	527	
9	0	0	0	0	481	524	
10	0	0	0	0	480	527	
11	0	0	0	0	482	529	
12	0	0	0	0	480	530	
13	0	0	0	0	481	528	
14	0	0	0	0	483	534	
15	0	0	0	0	487	541	
0	0	0	0	0	495	551	
1	0	0	0	0	498	554	
2	0	0	0	0	499	553	
3	0	0	0	0	502	548	
4	0	0	0	0	505	541	
5	0	0	0	0	506	533	
6	0	0	0	0	505	527	
7	0	0	0	0	503	524	
8	0	0	0	0	504	520	
9	0	0	0	0	507	519	
10	0	0	0	0	511	519	
11	0	0	0	0	513	522	
12	0	0	0	0	516	520	
13	0	0	0	0	523	519	
14	0	0	0	0	531	520	
15	0	0	0	0	540	526	
0	0	0	0	0	547	536	
1	0	0	0	0	552	549	
2	0	0	0	0	556	561	
3	0	0	0	0	556	572	
4	0	0	0	0	550	579	
5	0	0	0	0	542	582	
6	0	0	0	0	534	582	
7	0	0	0	0	529	583	
8	0	0	0	0	526	579	
9	0	0	0	0	523	574	
10	0	0	0	0	522	566	
11	0	0	0	0	520	558	
12	0	0	0	0	519	551	
13	0	0	0	0	516	550	
14	0	0	0	0	514	551	
15	0	0	0	0	514	554	
0	0	0	0	0	520	564	
1	0	0	0	0	525	572	
2	0	0	0	0	530	572	
3	0	0	0	0	540	568	
4	0	0	0	0	550	560	
5	0	0	0	0	559	551	
6	0	0	0	0	567	539	
7	0	0	0	0	569	532	
8	0	0	0	0	568	528	
9	0	0	0	0	568	526	
10	0	0	0	0	568	524	
11	0	0	0	0	566	520	
12	0	0	0	0	568	511	
13	0	0	0	0	570	498	
14	0	0	0	0	572	485	
15	0	0	0	0	575	474	
0	0	0	0	0	583	471	
1	0	0	0	0	585	461	
2	0	0	0	0	589	456	
3	0	0	0	0	593	452	
4	0	0	0	0	600	456	
5	0	0	0	0	608	462	
6	0	0	0	0	617	476	
7	0	0	0	0	618	490	
8	0	0	0	0	611	505	
9	0	0	0	0	607	520	
10	0	0	0	0	602	536	
11	0	0	0	0	596	545	
12	0	0	0	0	586	552	
13	0	0	0	0	575	556	
14	0	0	0	0	568	557	
15	0	0	0	0	562	558	
0	0	0	0	0	559	557	
1	0	0	0	0	557	553	
2	0	0	0	0	557	547	
3	0	0	0	0	558	541	
4	0	0	0	0	563	532	
5	0	0	0	0	569	527	
6	0	0	0	0	575	524	
7	0	0	0	0	581	523	
8	0	0	0	0	584	521	
9	0	0	0	0	587	523	
10	0	0	0	0	587	527	
11	0	0	0	0	585	532	
12	0	0	0	0	583	536	
13	0	0	0	0	583	536	
14	0	0	0	0	582	527	
15	0	0	0	0	580	516	
0	0	0	0	0	582	503	
1	0	0	0	0	585	488	
2	0	0	0	0	592	476	
3	0	0	0	0	601	470	
4	0	0	0	0	612	468	
5	0	0	0	0	623	468	
6	0	0	0	0	631	473	
7	0	0	0	0	634	483	
8	0	0	0	0	636	496	
9	0	0	0	0	638	505	
10	0	0	0	0	637	514	
11	0	0	0	0	638	520	
12	0	0	0	0	641	527	
13	0	0	0	0	646	530	
14	0	0	0	0	648	529	
15	0	0	0	0	649	523	
0	0	0	0	0	651	516	
1	0	0	0	0	649	511	
2	0	0	0	0	649	504	
3	0	0	0	0	646	499	
4	0	0	0	0	648	494	
5	0	0	0	0	653	488	
6	0	0	0	0	658	487	
7	0	0	0	0	664	480	
8	0	0	0	0	670	486	
9	0	0	0	0	674	485	
10	0	0	0	0	677	486	
11	0	0	0	0	675	489	
12	0	0	0	0	668	492	
13	0	0	0	0	660	496	
14	0	0	0	0	651	496	
15	0	0	0	0	641	497	
0	0	0	0	0	627	503	
1	0	0	0	0	612	509	
2	0	0	0	0	598	514	
3	0	0	0	0	588	518	
4	0	0	0	0	579	519	
5	0	0	0	0	575	518	
6	0	0	0	0	572	516	
7	0	0	0	0	571	511	
8	0	0	0	0	571	503	
9	0	0	0	0	575	496	
10	0	0	0	0	580	491	
11	0	0	0	0	586	489	
12	0	0	0	0	588	492	
13	0	0	0	0	587	491	
14	0	0	0	0	585	487	
15	0	0	0	0	587	476	
0	0	0	0	0	591	468	
1	0	0	0	0	595	464	
2	0	0	0	0	602	464	
3	0	0	0	0	607	464	
4	0	0	0	0	609	466	
5	0	0	0	0	611	468	
6	0	0	0	0	611	471	
7	0	0	0	0	611	472	
8	0	0	0	0	614	474	
9	0	0	0	0	619	468	
10	0	0	0	0	623	466	
11	0	0	0	0	627	460	
12	0	0	0	0	632	457	
13	0	0	0	0	635	454	
14	0	0	0	0	632	455	
15	0	0	0	0	628	456	
0	0	0	0	0	624	459	
1	0	0	0	0	616	460	
2	0	0	0	0	611	457	
3	0	0	0	0	609	451	
4	0	0	0	0	606	447	
5	0	0	0	0	603	440	
6	0	0	0	0	596	435	
7	0	0	0	0	589	432	
8	0	0	0	0	583	432	
9	0	0	0	0	580	432	
10	0	0	0	0	583	429	
11	0	0	0	0	590	427	
12	0	0	0	0	598	423	
13	0	0	0	0	607	422	
14	0	0	0	0	615	418	
15	0	0	0	0	621	420	
0	0	0	0	0	624	415	
1	0	0	0	0	624	418	
2	0	0	0	0	622	417	
3	0	0	0	0	619	420	
4	0	0	0	0	619	423	
5	0	0	0	0	616	432	
6	0	0	0	0	614	440	
7	0	0	0	0	611	449	
8	0	0	0	0	611	452	
9	0	0	0	0	612	448	
10	0	0	0	0	608	444	
11	0	0	0	0	601	439	
12	0	0	0	0	593	433	
13	0	0	0	0	583	428	
14	0	0	0	0	575	429	
15	0	0	0	0	567	428	
0	0	0	0	0	560	428	
1	0	0	0	0	560	425	
2	0	0	0	0	563	415	
3	0	0	0	0	569	400	
4	0	0	0	0	579	395	
5	0	0	0	0	588	388	
6	0	0	0	0	600	393	
7	0	0	0	0	613	396	
8	0	0	0	0	625	407	
9	0	0	0	0	635	413	
10	0	0	0	0	641	423	
11	0	0	0	0	644	438	
12	0	0	0	0	644	451	
13	0	0	0	0	643	467	
14	0	0	0	0	639	480	
15	0	0	0	0	634	491	
0	0	0	0	0	628	497	
1	0	0	0	0	625	503	
2	0	0	0	0	620	508	
3	0	0	0	0	612	506	
4	0	0	0	0	608	502	
5	0	0	0	0	602	499	
6	0	0	0	0	596	501	
7	0	0	0	0	591	506	
8	0	0	0	0	590	514	
9	0	0	0	0	590	523	
10	0	0	0	0	585	531	
11	0	0	0	0	581	537	
12	0	0	0	0	579	539	
13	0	0	0	0	575	540	
14	0	0	0	0	571	540	
15	0	0	0	0	568	539	
0	0	0	0	0	566	537	
1	0	0	0	0	560	529	
2	0	0	0	0	555	521	
3	0	0	0	0	554	511	
4	0	0	0	0	558	502	
5	0	0	0	0	563	494	
6	0	0	0	0	567	489	
7	0	0	0	0	572	492	
8	0	0	0	0	574	492	
9	0	0	0	0	573	497	
10	0	0	0	0	571	505	
11	0	0	0	0	568	510	
12	0	0	0	0	564	511	
13	0	0	0	0	559	511	
14	0	0	0	0	555	515	
15	0	0	0	0	549	518	
0	0	0	0	0	545	519	
1	0	0	0	0	544	519	
2	0	0	0	0	542	522	
3	0	0	0	0	538	524	
4	0	0	0	0	533	526	
5	0	0	0	0	526	529	
6	0	0	0	0	523	535	
7	0	0	0	0	523	544	
8	0	0	0	0	528	551	
9	0	0	0	0	533	556	
10	0	0	0	0	542	556	
11	0	0	0	0	549	551	
12	0	0	0	0	547	543	
13	0	0	0	0	544	533	
14	0	0	0	0	542	528	
15	0	0	0	0	546	532	
0	0	0	0	0	548	537	
1	0	0	0	0	548	543	
2	0	0	0	0	546	543	
3	0	0	0	0	542	539	
4	0	0	0	0	539	532	
5	0	0	0	0	532	528	
6	0	0	0	0	527	524	
7	0	0	0	0	526	519	
8	0	0	0	0	529	516	
9	0	0	0	0	532	519	
10	0	0	0	0	536	525	
11	0	0	0	0	543	536	
12	0	0	0	0	551	542	
13	0	0	0	0	554	550	
14	0	0	0	0	554	557	
15	0	0	0	0	551	562	
0	0	0	0	0	544	568	
1	0	0	0	0	536	574	
2	0	0	0	0	525	576	
3	0	0	0	0	513	575	
4	0	0	0	0	509	572	
5	0	0	0	0	505	564	
6	0	0	0	0	505	556	
7	0	0	0	0	499	552	
8	0	0	0	0	487	551	
9	0	0	0	0	476	547	
10	0	0	0	0	463	544	
11	0	0	0	0	451	543	
12	0	0	0	0	442	543	
13	0	0	0	0	436	546	
14	0	0	0	0	431	553	
15	0	0	0	0	426	561	
0	0	0	0	0	424	575	
1	0	0	0	0	421	591	
2	0	0	0	0	420	599	
3	0	0	0	0	425	611	
4	0	0	0	0	424	607	
5	0	0	0	0	423	604	
6	0	0	0	0	423	599	
7	0	0	0	0	424	596	
8	0	0	0	0	423	591	
9	0	0	0	0	425	585	
10	0	0	0	0	428	583	
11	0	0	0	0	428	584	
12	0	0	0	0	430	589	
13	0	0	0	0	435	595	
14	0	0	0	0	445	599	
15	0	0	0	0	457	602	
0	0	0	0	0	466	602	
1	0	0	0	0	472	597	
2	0	0	0	0	477	589	
3	0	0	0	0	477	580	
4	0	0	0	0	472	572	
5	0	0	0	0	466	567	
6	0	0	0	0	464	562	
7	0	0	0	0	457	555	
8	0	0	0	0	451	549	
9	0	0	0	0	449	544	
10	0	0	0	0	448	542	
11	0	0	0	0	452	541	
12	0	0	0	0	458	543	
13	0	0	0	0	464	548	
14	0	0	0	0	466	558	
15	0	0	0	0	468	570	
0	0	0	0	0	468	583	
1	0	0	0	0	468	595	
2	0	0	0	0	469	611	
3	0	0	0	0	470	624	
4	0	0	0	0	472	629	
5	0	0	0	0	472	630	
6	0	0	0	0	473	630	
7	0	0	0	0	473	622	
8	0	0	0	0	475	614	
9	0	0	0	0	479	608	
10	0	0	0	0	485	607	
11	0	0	0	0	491	602	
12	0	0	0	0	496	597	
13	0	0	0	0	501	583	
14	0	0	0	0	505	571	
15	0	0	0	0	505	560	
0	0	0	0	0	502	557	
1	0	0	0	0	498	557	
2	0	0	0	0	495	561	
3	0	0	0	0	493	560	
4	0	0	0	0	489	557	
5	0	0	0	0	486	552	
6	0	0	0	0	483	549	
7	0	0	0	0	483	542	
8	0	0	0	0	485	537	
9	0	0	0	0	485	531	
10	0	0	0	0	484	521	
11	0	0	0	0	481	512	
12	0	0	0	0	482	499	
13	0	0	0	0	483	487	
14	0	0	0	0	486	483	
15	0	0	0	0	490	488	
0	0	0	0	0	491	496	
1	0	0	0	0	491	500	
2	0	0	0	0	490	503	
3	0	0	0	0	486	506	
4	0	0	0	0	480	509	
5	0	0	0	0	478	514	
6	0	0	0	0	480	519	
7	0	0	0	0	482	524	
8	0	0	0	0	477	526	
9	0	0	0	0	467	523	
10	0	0	0	0	458	522	
11	0	0	0	0	455	518	
12	0	0	0	0	453	516	
13	0	0	0	0	458	515	
14	0	0	0	0	465	517	
15	0	0	0	0	472	520	
0	0	0	0	0	477	520	
1	0	0	0	0	480	519	
2	0	0	0	0	478	511	
3	0	0	0	0	472	503	
4	0	0	0	0	460	498	
5	0	0	0	0	449	493	
6	0	0	0	0	441	493	
7	0	0	0	0	430	494	
8	0	0	0	0	421	495	
9	0	0	0	0	416	500	
10	0	0	0	0	419	504	
11	0	0	0	0	421	505	
12	0	0	0	0	423	504	
13	0	0	0	0	425	504	
14	0	0	0	0	429	504	
15	0	0	0	0	431	502	
0	0	0	0	0	430	499	
1	0	0	0	0	429	498	
2	0	0	0	0	423	499	
3	0	0	0	0	416	504	
4	0	0	0	0	408	508	
5	0	0	0	0	399	515	
6	0	0	0	0	389	516	
7	0	0	0	0	381	519	
8	0	0	0	0	377	515	
9	0	0	0	0	375	514	
10	0	0	0	0	374	510	
11	0	0	0	0	373	513	
12	0	0	0	0	376	516	
13	0	0	0	0	383	516	
14	0	0	0	0	393	515	
15	0	0	0	0	403	511	
0	0	0	0	0	408	505	
1	0	0	0	0	412	497	
2	0	0	0	0	414	493	
3	0	0	0	0	416	491	
4	0	0	0	0	416	496	
5	0	0	0	0	414	503	
6	0	0	0	0	415	510	
7	0	0	0	0	418	513	
8	0	0	0	0	418	514	
9	0	0	0	0	417	522	
10	0	0	0	0	415	531	
11	0	0	0	0	412	538	
12	0	0	0	0	409	539	
13	0	0	0	0	412	537	
14	0	0	0	0	413	535	
15	0	0	0	0	417	527	
0	0	0	0	0	421	519	
1	0	0	0	0	424	509	
2	0	0	0	0	427	503	
3	0	0	0	0	423	508	
4	0	0	0	0	415	517	
5	0	0	0	0	404	527	
6	0	0	0	0	390	537	
7	0	0	0	0	381	543	
8	0	0	0	0	376	551	
9	0	0	0	0	376	555	
10	0	0	0	0	378	561	
11	0	0	0	0	381	564	
12	0	0	0	0	385	565	
13	0	0	0	0	390	564	
14	0	0	0	0	395	554	
15	0	0	0	0	398	548	
0	0	0	0	0	399	543	
1	0	0	0	0	396	536	
2	0	0	0	0	393	534	
3	0	0	0	0	393	526	
4	0	0	0	0	395	520	
5	0	0	0	0	395	515	
6	0	0	0	0	399	513	
7	0	0	0	0	403	508	
8	0	0	0	0	404	508	
9	0	0	0	0	408	511	
10	0	0	0	0	411	511	
11	0	0	0	0	414	513	
12	0	0	0	0	420	515	
13	0	0	0	0	423	519	
14	0	0	0	0	425	528	
15	0	0	0	0	426	529	
0	0	0	0	0	423	530	
1	0	0	0	0	421	529	
2	0	0	0	0	419	533	
3	0	0	0	0	415	540	
4	0	0	0	0	409	548	
5	0	0	0	0	404	557	
6	0	0	0	0	398	557	
7	0	0	0	0	395	555	
8	0	0	0	0	391	549	
9	0	0	0	0	391	540	
10	0	0	0	0	397	534	
11	0	0	0	0	400	529	
12	0	0	0	0	403	523	
13	0	0	0	0	403	521	
14	0	0	0	0	403	519	
15	0	0	0	0	402	518	
0	0	0	0	0	396	514	
1	0	0	0	0	391	505	
2	0	0	0	0	383	493	
3	0	0	0	0	379	486	
4	0	0	0	0	379	479	
5	0	0	0	0	382	484	
6	0	0	0	0	390	487	
7	0	0	0	0	395	493	
8	0	0	0	0	396	500	
9	0	0	0	0	401	515	
10	0	0	0	0	410	527	
11	0	0	0	0	413	544	
12	0	0	0	0	417	555	
13	0	0	0	0	418	567	
14	0	0	0	0	417	580	
15	0	0	0	0	416	585	
0	0	0	0	0	414	588	
1	0	0	0	0	412	589	
2	0	0	0	0	410	588	
3	0	0	0	0	405	580	
4	0	0	0	0	404	569	
5	0	0	0	0	403	551	
6	0	0	0	0	400	531	
7	0	0	0	0	402	514	
8	0	0	0	0	399	500	
9	0	0	0	0	395	489	
10	0	0	0	0	391	483	
11	0	0	0	0	387	484	
12	0	0	0	0	390	486	
13	0	0	0	0	391	488	
14	0	0	0	0	395	496	
15	0	0	0	0	399	505	
0	0	0	0	0	406	512	
1	0	0	0	0	412	516	
2	0	0	0	0	417	517	
3	0	0	0	0	424	519	
4	0	0	0	0	431	523	
5	0	0	0	0	440	524	
6	0	0	0	0	455	525	
7	0	0	0	0	472	525	
8	0	0	0	0	488	527	
9	0	0	0	0	501	534	
10	0	0	0	0	512	542	
11	0	0	0	0	521	550	
12	0	0	0	0	525	552	
13	0	0	0	0	525	553	
14	0	0	0	0	522	552	
15	0	0	0	0	520	547	
0	0	0	0	0	517	543	
1	0	0	0	0	513	539	
2	0	0	0	0	509	542	
3	0	0	0	0	506	543	
4	0	0	0	0	502	543	
5	0	0	0	0	498	541	
6	0	0	0	0	490	539	
7	0	0	0	0	485	535	
8	0	0	0	0	484	532	
9	0	0	0	0	486	527	
10	0	0	0	0	486	521	
11	0	0	0	0	489	515	
12	0	0	0	0	494	512	
13	0	0	0	0	498	510	
14	0	0	0	0	506	510	
15	0	0	0	0	511	506	
0	0	0	0	0	513	501	
1	0	0	0	0	512	500	
2	0	0	0	0	510	502	
3	0	0	0	0	508	506	
4	0	0	0	0	510	512	
5	0	0	0	0	513	519	
6	0	0	0	0	519	531	
7	0	0	0	0	524	543	
8	0	0	0	0	526	558	
9	0	0	0	0	529	568	
10	0	0	0	0	530	577	
11	0	0	0	0	525	584	
12	0	0	0	0	519	583	
13	0	0	0	0	512	582	
14	0	0	0	0	510	579	
15	0	0	0	0	509	570	
0	0	0	0	0	507	562	
1	0	0	0	0	504	550	
2	0	0	0	0	498	540	
3	0	0	0	0	488	534	
4	0	0	0	0	477	529	
5	0	0	0	0	467	529	
6	0	0	0	0	462	529	
7	0	0	0	0	458	535	
8	0	0	0	0	457	540	
9	0	0	0	0	455	543	
10	0	0	0	0	455	543	
11	0	0	0	0	453	544	
12	0	0	0	0	449	542	
13	0	0	0	0	444	543	
14	0	0	0	0	442	543	
15	0	0	0	0	439	543	
0	0	0	0	0	438	535	
1	0	0	0	0	435	530	
2	0	0	0	0	435	520	
3	0	0	0	0	440	515	
4	0	0	0	0	451	509	
5	0	0	0	0	458	504	
6	0	0	0	0	463	507	
7	0	0	0	0	472	515	
8	0	0	0	0	477	523	
9	0	0	0	0	480	530	
10	0	0	0	0	485	536	
11	0	0	0	0	489	539	
12	0	0	0	0	495	540	
13	0	0	0	0	497	536	
14	0	0	0	0	498	535	
15	0	0	0	0	500	534	
0	0	0	0	0	500	536	
1	0	0	0	0	498	534	
2	0	0	0	0	497	532	
3	0	0	0	0	496	529	
4	0	0	0	0	497	527	
5	0	0	0	0	496	524	
6	0	0	0	0	494	521	
7	0	0	0	0	488	522	
8	0	0	0	0	478	522	
9	0	0	0	0	468	516	
10	0	0	0	0	462	514	
11	0	0	0	0	457	509	
12	0	0	0	0	452	505	
13	0	0	0	0	448	500	
14	0	0	0	0	446	501	
15	0	0	0	0	448	507	
0	0	0	0	0	453	519	
1	0	0	0	0	463	536	
2	0	0	0	0	473	548	
3	0	0	0	0	485	561	
4	0	0	0	0	496	574	
5	0	0	0	0	505	584	
6	0	0	0	0	510	585	
7	0	0	0	0	511	579	
8	0	0	0	0	511	576	
9	0	0	0	0	516	572	
10	0	0	0	0	519	566	
11	0	0	0	0	519	565	
12	0	0	0	0	519	571	
13	0	0	0	0	517	575	
14	0	0	0	0	510	577	
15	0	0	0	0	505	573	
0	0	0	0	0	499	566	
1	0	0	0	0	496	557	
2	0	0	0	0	498	549	
3	0	0	0	0	507	544	
4	0	0	0	0	517	540	
5	0	0	0	0	531	544	
6	0	0	0	0	542	552	
7	0	0	0	0	551	560	
8	0	0	0	0	558	568	
9	0	0	0	0	558	579	
10	0	0	0	0	555	585	
11	0	0	0	0	550	588	
12	0	0	0	0	547	584	
13	0	0	0	0	544	583	
14	0	0	0	0	537	578	
15	0	0	0	0	528	572	
0	0	0	0	0	519	564	
1	0	0	0	0	511	559	
2	0	0	0	0	505	558	
3	0	0	0	0	501	558	
4	0	0	0	0	502	561	
5	0	0	0	0	501	564	
6	0	0	0	0	501	566	
7	0	0	0	0	503	564	
8	0	0	0	0	508	560	
9	0	0	0	0	515	556	
10	0	0	0	0	521	555	
11	0	0	0	0	527	555	
12	0	0	0	0	529	551	
13	0	0	0	0	527	547	
14	0	0	0	0	521	540	
15	0	0	0	0	509	531	
0	0	0	0	0	497	521	
1	0	0	0	0	489	515	
2	0	0	0	0	487	512	
3	0	0	0	0	487	510	
4	0	0	0	0	494	508	
5	0	0	0	0	503	505	
6	0	0	0	0	515	503	
7	0	0	0	0	525	501	
8	0	0	0	0	534	502	
9	0	0	0	0	543	504	
10	0	0	0	0	551	506	
11	0	0	0	0	559	512	
12	0	0	0	0	564	519	
13	0	0	0	0	566	525	
14	0	0	0	0	564	530	
15	0	0	0	0	560	532	
0	0	0	0	0	558	536	
1	0	0	0	0	556	545	
2	0	0	0	0	554	553	
3	0	0	0	0	551	557	
4	0	0	0	0	551	552	
5	0	0	0	0	553	545	
6	0	0	0	0	553	540	
7	0	0	0	0	553	534	
8	0	0	0	0	553	534	
9	0	0	0	0	553	536	
10	0	0	0	0	550	540	
11	0	0	0	0	544	541	
12	0	0	0	0	536	539	
13	0	0	0	0	527	536	
14	0	0	0	0	516	529	
15	0	0	0	0	507	522	
0	0	0	0	0	500	510	
1	0	0	0	0	504	502	
2	0	0	0	0	511	502	
3	0	0	0	0	515	510	
4	0	0	0	0	517	519	
5	0	0	0	0	520	529	
6	0	0	0	0	525	540	
7	0	0	0	0	529	548	
8	0	0	0	0	535	552	
9	0	0	0	0	536	555	
10	0	0	0	0	540	557	
11	0	0	0	0	540	560	
12	0	0	0	0	540	561	
13	0	0	0	0	536	563	
14	0	0	0	0	532	564	
15	0	0	0	0	527	562	
0	0	0	0	0	526	559	
1	0	0	0	0	526	554	
2	0	0	0	0	524	553	
3	0	0	0	0	525	554	
4	0	0	0	0	524	555	
5	0	0	0	0	524	553	
6	0	0	0	0	524	551	
7	0	0	0	0	522	549	
8	0	0	0	0	520	548	
9	0	0	0	0	523	547	
10	0	0	0	0	526	544	
11	0	0	0	0	531	538	
12	0	0	0	0	536	528	
13	0	0	0	0	541	519	
14	0	0	0	0	549	512	
15	0	0	0	0	556	509	
0	0	0	0	0	561	510	
1	0	0	0	0	568	508	
2	0	0	0	0	572	501	
3	0	0	0	0	574	492	
4	0	0	0	0	577	486	
5	0	0	0	0	579	485	
6	0	0	0	0	579	490	
7	0	0	0	0	577	495	
8	0	0	0	0	580	501	
9	0	0	0	0	580	508	
10	0	0	0	0	581	510	
11	0	0	0	0	575	511	
12	0	0	0	0	572	512	
13	0	0	0	0	569	516	
14	0	0	0	0	567	520	
15	0	0	0	0	563	521	
0	0	0	0	0	557	522	
1	0	0	0	0	549	522	
2	0	0	0	0	538	527	
3	0	0	0	0	531	537	
4	0	0	0	0	524	545	
5	0	0	0	0	515	544	
6	0	0	0	0	511	537	
7	0	0	0	0	509	536	
8	0	0	0	0	509	533	
9	0	0	0	0	509	531	
10	0	0	0	0	511	532	
11	0	0	0	0	516	532	
12	0	0	0	0	517	530	
13	0	0	0	0	518	527	
14	0	0	0	0	518	525	
15	0	0	0	0	520	527	
0	0	0	0	0	521	527	
1	0	0	0	0	521	527	
2	0	0	0	0	524	525	
3	0	0	0	0	524	521	
4	0	0	0	0	523	517	
5	0	0	0	0	525	518	
6	0	0	0	0	529	523	
7	0	0	0	0	536	531	
8	0	0	0	0	542	532	
9	0	0	0	0	542	532	
10	0	0	0	0	536	533	
11	0	0	0	0	529	536	
12	0	0	0	0	526	541	
13	0	0	0	0	524	548	
14	0	0	0	0	522	553	
15	0	0	0	0	518	556	
0	0	0	0	0	509	552	
1	0	0	0	0	499	547	
2	0	0	0	0	490	539	
3	0	0	0	0	481	532	
4	0	0	0	0	477	531	
5	0	0	0	0	478	529	
6	0	0	0	0	480	527	
7	0	0	0	0	485	525	
8	0	0	0	0	489	519	
9	0	0	0	0	494	512	
10	0	0	0	0	500	509	
11	0	0	0	0	504	509	
12	0	0	0	0	508	508	
13	0	0	0	0	512	505	
14	0	0	0	0	518	504	
15	0	0	0	0	521	504	
0	0	0	0	0	523	504	
1	0	0	0	0	522	502	
2	0	0	0	0	519	498	
3	0	0	0	0	519	494	
4	0	0	0	0	519	491	
5	0	0	0	0	521	486	
6	0	0	0	0	523	483	
7	0	0	0	0	530	480	
8	0	0	0	0	536	481	
9	0	0	0	0	540	482	
10	0	0	0	0	547	489	
11	0	0	0	0	559	500	
12	0	0	0	0	568	506	
13	0	0	0	0	575	508	
14	0	0	0	0	574	513	
15	0	0	0	0	570	520	
0	0	0	0	0	563	526	
1	0	0	0	0	557	528	
2	0	0	0	0	551	534	
3	0	0	0	0	540	542	
4	0	0	0	0	527	556	
5	0	0	0	0	513	570	
6	0	0	0	0	500	588	
7	0	0	0	0	489	604	
8	0	0	0	0	484	615	
9	0	0	0	0	491	622	
10	0	0	0	0	498	619	
11	0	0	0	0	505	610	
12	0	0	0	0	510	595	
13	0	0	0	0	511	579	
14	0	0	0	0	512	564	
15	0	0	0	0	514	552	
0	0	0	0	0	522	547	
1	0	0	0	0	535	551	
2	0	0	0	0	551	564	
3	0	0	0	0	563	579	
4	0	0	0	0	568	592	
5	0	0	0	0	567	607	
6	0	0	0	0	561	619	
7	0	0	0	0	551	624	
8	0	0	0	0	544	627	
9	0	0	0	0	540	627	
10	0	0	0	0	538	625	
11	0	0	0	0	540	623	
12	0	0	0	0	543	612	
13	0	0	0	0	548	604	
14	0	0	0	0	557	590	
15	0	0	0	0	568	579	
0	0	0	0	0	581	571	
1	0	0	0	0	592	566	
2	0	0	0	0	598	565	
3	0	0	0	0	603	562	
4	0	0	0	0	603	560	
5	0	0	0	0	604	559	
6	0	0	0	0	602	561	
7	0	0	0	0	600	563	
8	0	0	0	0	595	569	
9	0	0	0	0	589	575	
10	0	0	0	0	583	579	
11	0	0	0	0	579	582	
12	0	0	0	0	581	580	
13	0	0	0	0	585	578	
14	0	0	0	0	596	573	
15	0	0	0	0	608	567	
0	0	0	0	0	620	559	
1	0	0	0	0	627	549	
2	0	0	0	0	632	545	
3	0	0	0	0	633	543	
4	0	0	0	0	635	537	
5	0	0	0	0	632	535	
6	0	0	0	0	627	531	
7	0	0	0	0	615	529	
8	0	0	0	0	600	520	
9	0	0	0	0	584	513	
10	0	0	0	0	570	506	
11	0	0	0	0	558	503	
12	0	0	0	0	547	506	
13	0	0	0	0	539	517	
14	0	0	0	0	533	524	
15	0	0	0	0	531	528	
0	0	0	0	0	533	532	
1	0	0	0	0	536	536	
2	0	0	0	0	537	540	
3	0	0	0	0	538	548	
4	0	0	0	0	538	551	
5	0	0	0	0	535	556	
6	0	0	0	0	529	563	
7	0	0	0	0	527	568	
8	0	0	0	0	525	572	
9	0	0	0	0	521	580	
10	0	0	0	0	519	584	
11	0	0	0	0	516	590	
12	0	0	0	0	512	591	
13	0	0	0	0	508	586	
14	0	0	0	0	505	577	
15	0	0	0	0	507	565	
0	0	0	0	0	512	554	
1	0	0	0	0	519	543	
2	0	0	0	0	528	531	
3	0	0	0	0	534	515	
4	0	0	0	0	535	496	
5	0	0	0	0	536	476	
6	0	0	0	0	537	463	
7	0	0	0	0	542	460	
8	0	0	0	0	548	463	
9	0	0	0	0	548	469	
10	0	0	0	0	544	478	
11	0	0	0	0	535	484	
12	0	0	0	0	524	488	
13	0	0	0	0	513	489	
14	0	0	0	0	501	489	
15	0	0	0	0	491	488	
0	0	0	0	0	485	488	
1	0	0	0	0	482	487	
2	0	0	0	0	476	487	
3	0	0	0	0	468	491	
4	0	0	0	0	462	491	
5	0	0	0	0	462	492	
6	0	0	0	0	463	496	
7	0	0	0	0	463	503	
8	0	0	0	0	463	511	
9	0	0	0	0	463	519	
10	0	0	0	0	466	528	
11	0	0	0	0	471	533	
12	0	0	0	0	471	535	
13	0	0	0	0	476	539	
14	0	0	0	0	481	540	
15	0	0	0	0	484	537	
0	0	0	0	0	489	531	
1	0	0	0	0	492	524	
2	0	0	0	0	494	516	
3	0	0	0	0	491	508	
4	0	0	0	0	493	502	
5	0	0	0	0	493	499	
6	0	0	0	0	493	495	
7	0	0	0	0	490	493	
8	0	0	0	0	486	492	
9	0	0	0	0	485	488	
10	0	0	0	0	484	484	
11	0	0	0	0	483	478	
12	0	0	0	0	482	470	
13	0	0	0	0	481	466	
14	0	0	0	0	481	462	
15	0	0	0	0	482	458	
0	0	0	0	0	481	456	
1	0	0	0	0	480	457	
2	0	0	0	0	482	461	
3	0	0	0	0	485	465	
4	0	0	0	0	487	465	
5	0	0	0	0	488	462	
6	0	0	0	0	491	455	
7	0	0	0	0	491	451	
8	0	0	0	0	490	446	
9	0	0	0	0	493	446	
10	0	0	0	0	495	447	
11	0	0	0	0	495	450	
12	0	0	0	0	493	453	
13	0	0	0	0	487	455	
14	0	0	0	0	486	455	
15	0	0	0	0	487	454	
0	0	0	0	0	492	454	
1	0	0	0	0	492	451	
2	0	0	0	0	495	447	
3	0	0	0	0	494	446	
4	0	0	0	0	491	446	
5	0	0	0	0	487	452	
6	0	0	0	0	484	463	
7	0	0	0	0	482	470	
8	0	0	0	0	482	473	
9	0	0	0	0	481	469	
10	0	0	0	0	484	464	
11	0	0	0	0	484	461	
12	0	0	0	0	485	459	
13	0	0	0	0	483	452	
14	0	0	0	0	486	448	
15	0	0	0	0	489	446	
0	0	0	0	0	489	446	
1	0	0	0	0	491	446	
2	0	0	0	0	494	449	
3	0	0	0	0	499	450	
4	0	0	0	0	502	446	
5	0	0	0	0	500	444	
6	0	0	0	0	498	438	
7	0	0	0	0	497	438	
8	0	0	0	0	497	440	
9	0	0	0	0	496	446	
10	0	0	0	0	497	456	
11	0	0	0	0	498	467	
12	0	0	0	0	500	481	
13	0	0	0	0	499	492	
14	0	0	0	0	496	499	
15	0	0	0	0	496	503	
0	0	0	0	0	495	500	
1	0	0	0	0	491	501	
2	0	0	0	0	485	501	
3	0	0	0	0	476	499	
4	0	0	0	0	467	497	
5	0	0	0	0	463	493	
6	0	0	0	0	459	485	
7	0	0	0	0	455	482	
8	0	0	0	0	449	480	
9	0	0	0	0	441	484	
10	0	0	0	0	436	496	
11	0	0	0	0	434	509	
12	0	0	0	0	434	522	
13	0	0	0	0	437	529	
14	0	0	0	0	444	532	
15	0	0	0	0	447	533	
0	0	0	0	0	446	532	
1	0	0	0	0	444	524	
2	0	0	0	0	446	514	
3	0	0	0	0	450	508	
4	0	0	0	0	452	504	
5	0	0	0	0	452	495	
6	0	0	0	0	451	489	
7	0	0	0	0	452	487	
8	0	0	0	0	453	492	
9	0	0	0	0	451	497	
10	0	0	0	0	451	503	
11	0	0	0	0	452	513	
12	0	0	0	0	456	523	
13	0	0	0	0	458	532	
14	0	0	0	0	456	538	
15	0	0	0	0	453	543	
0	0	0	0	0	452	546	
1	0	0	0	0	452	547	
2	0	0	0	0	451	551	
3	0	0	0	0	448	558	
4	0	0	0	0	449	567	
5	0	0	0	0	450	574	
6	0	0	0	0	449	579	
7	0	0	0	0	448	579	
8	0	0	0	0	450	576	
9	0	0	0	0	455	574	
10	0	0	0	0	459	572	
11	0	0	0	0	460	566	
12	0	0	0	0	466	560	
13	0	0	0	0	472	558	
14	0	0	0	0	477	562	
15	0	0	0	0	481	563	
0	0	0	0	0	488	564	
1	0	0	0	0	492	563	
2	0	0	0	0	496	563	
3	0	0	0	0	500	565	
4	0	0	0	0	504	564	
5	0	0	0	0	505	566	
6	0	0	0	0	507	566	
7	0	0	0	0	507	567	
8	0	0	0	0	504	568	
9	0	0	0	0	497	568	
10	0	0	0	0	490	568	
11	0	0	0	0	480	567	
12	0	0	0	0	472	567	
13	0	0	0	0	462	563	
14	0	0	0	0	451	556	
15	0	0	0	0	443	550	
0	0	0	0	0	432	544	
1	0	0	0	0	423	538	
2	0	0	0	0	417	533	
3	0	0	0	0	414	526	
4	0	0	0	0	416	512	
5	0	0	0	0	423	501	
6	0	0	0	0	435	496	
7	0	0	0	0	451	495	
8	0	0	0	0	466	492	
9	0	0	0	0	482	493	
10	0	0	0	0	496	497	
11	0	0	0	0	506	502	
12	0	0	0	0	515	511	
13	0	0	0	0	519	521	
14	0	0	0	0	527	528	
15	0	0	0	0	534	536	
0	0	0	0	0	543	543	
1	0	0	0	0	547	548	
2	0	0	0	0	551	547	
3	0	0	0	0	553	543	
4	0	0	0	0	555	532	
5	0	0	0	0	553	525	
6	0	0	0	0	554	519	
7	0	0	0	0	553	515	
8	0	0	0	0	550	509	
9	0	0	0	0	542	503	
10	0	0	0	0	537	493	
11	0	0	0	0	531	484	
12	0	0	0	0	527	472	
13	0	0	0	0	516	461	
14	0	0	0	0	504	453	
15	0	0	0	0	495	449	
0	0	0	0	0	492	448	
1	0	0	0	0	485	451	
2	0	0	0	0	481	454	
3	0	0	0	0	482	459	
4	0	0	0	0	481	464	
5	0	0	0	0	481	466	
6	0	0	0	0	482	472	
7	0	0	0	0	480	478	
8	0	0	0	0	473	482	
9	0	0	0	0	469	484	
10	0	0	0	0	466	486	
11	0	0	0	0	468	487	
12	0	0	0	0	475	490	
13	0	0	0	0	489	495	
14	0	0	0	0	506	502	
15	0	0	0	0	521	508	
0	0	0	0	0	533	511	
1	0	0	0	0	542	512	
2	0	0	0	0	549	510	
3	0	0	0	0	551	509	
4	0	0	0	0	551	507	
5	0	0	0	0	550	504	
6	0	0	0	0	553	504	
7	0	0	0	0	558	504	
8	0	0	0	0	558	505	
9	0	0	0	0	559	505	
10	0	0	0	0	555	503	
11	0	0	0	0	546	497	
12	0	0	0	0	538	487	
13	0	0	0	0	534	476	
14	0	0	0	0	529	468	
15	0	0	0	0	520	462	
0	0	0	0	0	512	461	
1	0	0	0	0	507	460	
2	0	0	0	0	500	460	
3	0	0	0	0	493	459	
4	0	0	0	0	488	449	
5	0	0	0	0	486	444	
6	0	0	0	0	488	441	
7	0	0	0	0	494	441	
8	0	0	0	0	499	445	
9	0	0	0	0	508	452	
10	0	0	0	0	516	460	
11	0	0	0	0	521	466	
12	0	0	0	0	524	464	
13	0	0	0	0	526	459	
14	0	0	0	0	525	450	
15	0	0	0	0	523	442	
0	0	0	0	0	516	433	
1	0	0	0	0	511	427	
2	0	0	0	0	501	423	
3	0	0	0	0	491	422	
4	0	0	0	0	485	423	
5	0	0	0	0	478	425	
6	0	0	0	0	478	430	
7	0	0	0	0	486	437	
8	0	0	0	0	494	441	
9	0	0	0	0	503	449	
10	0	0	0	0	509	454	
11	0	0	0	0	513	456	
12	0	0	0	0	515	456	
13	0	0	0	0	516	457	
14	0	0	0	0	521	456	
15	0	0	0	0	526	456	
0	0	0	0	0	535	456	
1	0	0	0	0	540	457	
2	0	0	0	0	542	461	
3	0	0	0	0	540	465	
4	0	0	0	0	536	466	
5	0	0	0	0	527	468	
6	0	0	0	0	518	474	
7	0	0	0	0	508	480	
8	0	0	0	0	496	488	
9	0	0	0	0	487	491	
10	0	0	0	0	483	490	
11	0	0	0	0	483	487	
12	0	0	0	0	483	481	
13	0	0	0	0	483	477	
14	0	0	0	0	490	471	
15	0	0	0	0	495	471	
0	0	0	0	0	496	476	
1	0	0	0	0	496	481	
2	0	0	0	0	500	491	
3	0	0	0	0	504	497	
4	0	0	0	0	509	502	
5	0	0	0	0	512	504	
6	0	0	0	0	512	505	
7	0	0	0	0	506	503	
8	0	0	0	0	495	498	
9	0	0	0	0	486	491	
10	0	0	0	0	487	487	
11	0	0	0	0	493	483	
12	0	0	0	0	503	482	
13	0	0	0	0	512	486	
14	0	0	0	0	520	494	
15	0	0	0	0	530	501	
0	0	0	0	0	534	508	
1	0	0	0	0	536	513	
2	0	0	0	0	535	516	
3	0	0	0	0	537	514	
4	0	0	0	0	540	508	
5	0	0	0	0	540	498	
6	0	0	0	0	539	486	
7	0	0	0	0	540	471	
8	0	0	0	0	535	461	
9	0	0	0	0	531	452	
10	0	0	0	0	531	451	
11	0	0	0	0	533	455	
12	0	0	0	0	537	461	
13	0	0	0	0	540	459	
14	0	0	0	0	534	455	
15	0	0	0	0	532	445	
0	0	0	0	0	533	437	
1	0	0	0	0	534	433	
2	0	0	0	0	537	434	
3	0	0	0	0	542	437	
4	0	0	0	0	548	437	
5	0	0	0	0	552	439	
6	0	0	0	0	553	443	
7	0	0	0	0	555	447	
8	0	0	0	0	558	450	
9	0	0	0	0	560	454	
10	0	0	0	0	564	459	
11	0	0	0	0	567	463	
12	0	0	0	0	563	468	
13	0	0	0	0	558	477	
14	0	0	0	0	551	483	
15	0	0	0	0	546	488	
0	0	0	0	0	543	493	
1	0	0	0	0	540	503	
2	0	0	0	0	536	513	
3	0	0	0	0	536	517	
4	0	0	0	0	536	514	
5	0	0	0	0	535	505	
6	0	0	0	0	534	494	
7	0	0	0	0	533	481	
8	0	0	0	0	531	471	
9	0	0	0	0	529	460	
10	0	0	0	0	524	449	
11	0	0	0	0	521	438	
12	0	0	0	0	522	426	
13	0	0	0	0	525	419	
14	0	0	0	0	528	417	
15	0	0	0	0	532	412	
0	0	0	0	0	535	415	
1	0	0	0	0	539	418	
2	0	0	0	0	542	425	
3	0	0	0	0	542	428	
4	0	0	0	0	540	428	
5	0	0	0	0	536	431	
6	0	0	0	0	531	433	
7	0	0	0	0	532	436	
8	0	0	0	0	537	438	
9	0	0	0	0	543	435	
10	0	0	0	0	548	432	
11	0	0	0	0	550	431	
12	0	0	0	0	550	433	
13	0	0	0	0	549	440	
14	0	0	0	0	548	449	
15	0	0	0	0	549	455	
0	0	0	0	0	551	459	
1	0	0	0	0	553	466	
2	0	0	0	0	551	468	
3	0	0	0	0	551	473	
4	0	0	0	0	556	480	
5	0	0	0	0	560	487	
6	0	0	0	0	567	489	
7	0	0	0	0	568	490	
8	0	0	0	0	571	487	
9	0	0	0	0	572	487	
10	0	0	0	0	574	490	
11	0	0	0	0	575	494	
12	0	0	0	0	575	496	
13	0	0	0	0	575	495	
14	0	0	0	0	574	491	
15	0	0	0	0	577	483	
0	0	0	0	0	581	478	
1	0	0	0	0	582	473	
2	0	0	0	0	578	466	
3	0	0	0	0	568	454	
4	0	0	0	0	560	440	
5	0	0	0	0	550	429	
6	0	0	0	0	539	423	
7	0	0	0	0	529	424	
8	0	0	0	0	518	430	
9	0	0	0	0	515	437	
10	0	0	0	0	515	440	
11	0	0	0	0	522	443	
12	0	0	0	0	532	444	
13	0	0	0	0	544	448	
14	0	0	0	0	551	453	
15	0	0	0	0	555	459	
0	0	0	0	0	556	466	
1	0	0	0	0	551	473	
2	0	0	0	0	546	483	
3	0	0	0	0	541	492	
4	0	0	0	0	535	503	
5	0	0	0	0	532	515	
6	0	0	0	0	531	529	
7	0	0	0	0	530	540	
8	0	0	0	0	530	547	
9	0	0	0	0	528	548	
10	0	0	0	0	526	544	
11	0	0	0	0	526	541	
12	0	0	0	0	531	537	
13	0	0	0	0	539	534	
14	0	0	0	0	546	532	
15	0	0	0	0	554	534	
0	0	0	0	0	561	534	
1	0	0	0	0	565	528	
2	0	0	0	0	567	525	
3	0	0	0	0	564	524	
4	0	0	0	0	559	527	
5	0	0	0	0	549	534	
6	0	0	0	0	541	540	
7	0	0	0	0	535	543	
8	0	0	0	0	527	544	
9	0	0	0	0	524	545	
10	0	0	0	0	524	550	
11	0	0	0	0	526	549	
12	0	0	0	0	527	547	
13	0	0	0	0	524	544	
14	0	0	0	0	518	546	
15	0	0	0	0	513	545	
0	0	0	0	0	509	541	
1	0	0	0	0	507	535	
2	0	0	0	0	504	528	
3	0	0	0	0	500	521	
4	0	0	0	0	497	516	
5	0	0	0	0	493	511	
6	0	0	0	0	490	509	
7	0	0	0	0	487	508	
8	0	0	0	0	482	511	
9	0	0	0	0	478	518	
10	0	0	0	0	472	526	
11	0	0	0	0	468	536	
12	0	0	0	0	465	546	
13	0	0	0	0	460	551	
14	0	0	0	0	456	554	
15	0	0	0	0	456	553	
0	0	0	0	0	458	552	
1	0	0	0	0	456	552	
2	0	0	0	0	455	550	
3	0	0	0	0	455	546	
4	0	0	0	0	455	534	
5	0	0	0	0	455	522	
6	0	0	0	0	458	509	
7	0	0	0	0	460	498	
8	0	0	0	0	463	489	
9	0	0	0	0	473	483	
10	0	0	0	0	478	483	
11	0	0	0	0	478	483	
12	0	0	0	0	474	481	
13	0	0	0	0	469	483	
14	0	0	0	0	467	486	
15	0	0	0	0	467	490	
0	0	0	0	0	468	497	
1	0	0	0	0	470	504	
2	0	0	0	0	472	511	
3	0	0	0	0	476	517	
4	0	0	0	0	478	519	
5	0	0	0	0	479	519	
6	0	0	0	0	480	523	
7	0	0	0	0	484	524	
8	0	0	0	0	482	527	
9	0	0	0	0	478	527	
10	0	0	0	0	474	529	
11	0	0	0	0	466	538	
12	0	0	0	0	457	548	
13	0	0	0	0	450	558	
14	0	0	0	0	439	562	
15	0	0	0	0	430	560	
0	0	0	0	0	422	560	
1	0	0	0	0	419	556	
2	0	0	0	0	419	557	
3	0	0	0	0	422	556	
4	0	0	0	0	424	553	
5	0	0	0	0	429	552	
6	0	0	0	0	440	547	
7	0	0	0	0	451	541	
8	0	0	0	0	460	534	
9	0	0	0	0	467	531	
10	0	0	0	0	472	526	
11	0	0	0	0	478	527	
12	0	0	0	0	487	531	
13	0	0	0	0	493	539	
14	0	0	0	0	498	546	
15	0	0	0	0	499	557	
0	0	0	0	0	496	568	
1	0	0	0	0	497	574	
2	0	0	0	0	501	575	
3	0	0	0	0	501	573	
4	0	0	0	0	498	567	
5	0	0	0	0	491	559	
6	0	0	0	0	481	549	
7	0	0	0	0	473	539	
8	0	0	0	0	467	531	
9	0	0	0	0	462	527	
10	0	0	0	0	460	525	
11	0	0	0	0	458	526	
12	0	0	0	0	457	525	
13	0	0	0	0	455	523	
14	0	0	0	0	451	520	
15	0	0	0	0	450	519	
0	0	0	0	0	453	523	
1	0	0	0	0	455	533	
2	0	0	0	0	457	547	
3	0	0	0	0	459	559	
4	0	0	0	0	463	566	
5	0	0	0	0	468	568	
6	0	0	0	0	475	563	
7	0	0	0	0	481	555	
8	0	0	0	0	483	542	
9	0	0	0	0	485	535	
10	0	0	0	0	486	524	
11	0	0	0	0	491	513	
12	0	0	0	0	497	504	
13	0	0	0	0	505	492	
14	0	0	0	0	511	481	
15	0	0	0	0	514	473	
0	0	0	0	0	516	471	
1	0	0	0	0	517	468	
2	0	0	0	0	517	463	
3	0	0	0	0	516	462	
4	0	0	0	0	520	461	
5	0	0	0	0	523	464	
6	0	0	0	0	527	467	
7	0	0	0	0	531	471	
8	0	0	0	0	532	478	
9	0	0	0	0	534	485	
10	0	0	0	0	529	491	
11	0	0	0	0	528	496	
12	0	0	0	0	526	501	
13	0	0	0	0	520	508	
14	0	0	0	0	517	518	
15	0	0	0	0	515	527	
0	0	0	0	0	511	527	
1	0	0	0	0	508	522	
2	0	0	0	0	505	518	
3	0	0	0	0	506	517	
4	0	0	0	0	510	520	
5	0	0	0	0	515	525	
6	0	0	0	0	515	531	
7	0	0	0	0	518	537	
8	0	0	0	0	519	541	
9	0	0	0	0	524	546	
10	0	0	0	0	525	550	
11	0	0	0	0	527	551	
12	0	0	0	0	530	551	
13	0	0	0	0	533	552	
14	0	0	0	0	532	551	
15	0	0	0	0	529	547	
0	0	0	0	0	529	540	
1	0	0	0	0	528	530	
2	0	0	0	0	531	519	
3	0	0	0	0	536	509	
4	0	0	0	0	545	501	
5	0	0	0	0	555	497	
6	0	0	0	0	562	499	
7	0	0	0	0	569	506	
8	0	0	0	0	575	512	
9	0	0	0	0	575	519	
10	0	0	0	0	573	523	
11	0	0	0	0	570	527	
12	0	0	0	0	566	529	
13	0	0	0	0	566	527	
14	0	0	0	0	568	525	
15	0	0	0	0	574	521	
0	0	0	0	0	577	523	
1	0	0	0	0	579	525	
2	0	0	0	0	587	527	
3	0	0	0	0	594	526	
4	0	0	0	0	599	522	
5	0	0	0	0	599	516	
6	0	0	0	0	600	516	
7	0	0	0	0	597	518	
8	0	0	0	0	594	518	
9	0	0	0	0	590	521	
10	0	0	0	0	586	525	
11	0	0	0	0	582	530	
12	0	0	0	0	582	536	
13	0	0	0	0	579	541	
14	0	0	0	0	578	541	
15	0	0	0	0	575	536	
0	0	0	0	0	571	527	
1	0	0	0	0	567	519	
2	0	0	0	0	559	512	
3	0	0	0	0	552	509	
4	0	0	0	0	549	509	
5	0	0	0	0	548	510	
6	0	0	0	0	550	514	
7	0	0	0	0	556	515	
8	0	0	0	0	563	516	
9	0	0	0	0	573	519	
10	0	0	0	0	580	527	
11	0	0	0	0	585	538	
12	0	0	0	0	586	545	
13	0	0	0	0	580	545	
14	0	0	0	0	571	547	
15	0	0	0	0	561	546	
0	0	0	0	0	550	544	
1	0	0	0	0	541	536	
2	0	0	0	0	535	526	
3	0	0	0	0	528	518	
4	0	0	0	0	521	512	
5	0	0	0	0	516	508	
6	0	0	0	0	511	505	
7	0	0	0	0	507	502	
8	0	0	0	0	499	495	
9	0	0	0	0	492	489	
10	0	0	0	0	484	488	
11	0	0	0	0	476	486	
12	0	0	0	0	471	485	
13	0	0	0	0	470	487	
14	0	0	0	0	472	492	
15	0	0	0	0	475	493	
0	0	0	0	0	477	489	
1	0	0	0	0	482	488	
2	0	0	0	0	486	488	
3	0	0	0	0	491	492	
4	0	0	0	0	498	495	
5	0	0	0	0	506	496	
6	0	0	0	0	512	499	
7	0	0	0	0	519	505	
8	0	0	0	0	526	513	
9	0	0	0	0	533	517	
10	0	0	0	0	539	517	
11	0	0	0	0	542	518	
12	0	0	0	0	542	519	
13	0	0	0	0	539	519	
14	0	0	0	0	534	521	
15	0	0	0	0	528	524	
0	0	0	0	0	521	532	
1	0	0	0	0	522	537	
2	0	0	0	0	525	544	
3	0	0	0	0	528	545	
4	0	0	0	0	535	545	
5	0	0	0	0	540	543	
6	0	0	0	0	542	541	
7	0	0	0	0	538	533	
8	0	0	0	0	531	523	
9	0	0	0	0	524	513	
10	0	0	0	0	521	505	
11	0	0	0	0	520	498	
12	0	0	0	0	524	495	
13	0	0	0	0	526	494	
14	0	0	0	0	526	493	
15	0	0	0	0	524	492	
0	0	0	0	0	522	493	
1	0	0	0	0	519	494	
2	0	0	0	0	513	493	
3	0	0	0	0	508	493	
4	0	0	0	0	503	498	
5	0	0	0	0	496	504	
6	0	0	0	0	490	510	
7	0	0	0	0	485	512	
8	0	0	0	0	481	516	
9	0	0	0	0	478	523	
10	0	0	0	0	471	527	
11	0	0	0	0	469	534	
12	0	0	0	0	471	539	
13	0	0	0	0	473	541	
14	0	0	0	0	479	545	
15	0	0	0	0	485	551	
0	0	0	0	0	494	554	
1	0	0	0	0	503	560	
2	0	0	0	0	511	562	
3	0	0	0	0	515	564	
4	0	0	0	0	516	563	
5	0	0	0	0	515	555	
6	0	0	0	0	512	541	
7	0	0	0	0	511	526	
8	0	0	0	0	514	515	
9	0	0	0	0	519	511	
10	0	0	0	0	521	513	
11	0	0	0	0	523	518	
12	0	0	0	0	525	529	
13	0	0	0	0	525	537	
14	0	0	0	0	524	543	
15	0	0	0	0	524	546	
0	0	0	0	0	521	547	
1	0	0	0	0	524	549	
2	0	0	0	0	524	548	
3	0	0	0	0	525	548	
4	0	0	0	0	531	545	
5	0	0	0	0	537	540	
6	0	0	0	0	541	531	
7	0	0	0	0	541	521	
8	0	0	0	0	540	511	
9	0	0	0	0	540	499	
10	0	0	0	0	540	491	
11	0	0	0	0	539	488	
12	0	0	0	0	536	487	
13	0	0	0	0	534	487	
14	0	0	0	0	532	487	
15	0	0	0	0	527	483	
0	0	0	0	0	519	477	
1	0	0	0	0	514	472	
2	0	0	0	0	511	467	
3	0	0	0	0	509	467	
4	0	0	0	0	506	467	
5	0	0	0	0	507	468	
6	0	0	0	0	507	469	
7	0	0	0	0	507	472	
8	0	0	0	0	505	482	
9	0	0	0	0	504	495	
10	0	0	0	0	504	509	
11	0	0	0	0	507	523	
12	0	0	0	0	508	531	
13	0	0	0	0	511	534	
14	0	0	0	0	514	532	
15	0	0	0	0	520	526	
0	0	0	0	0	527	521	
1	0	0	0	0	534	522	
2	0	0	0	0	536	521	
3	0	0	0	0	532	521	
4	0	0	0	0	525	519	
5	0	0	0	0	519	513	
6	0	0	0	0	513	509	
7	0	0	0	0	508	507	
8	0	0	0	0	506	503	
9	0	0	0	0	511	502	
10	0	0	0	0	515	499	
11	0	0	0	0	520	494	
12	0	0	0	0	526	492	
13	0	0	0	0	533	488	
14	0	0	0	0	539	485	
15	0	0	0	0	542	484	
0	0	0	0	0	540	480	
1	0	0	0	0	537	477	
2	0	0	0	0	536	474	
3	0	0	0	0	537	473	
4	0	0	0	0	537	481	
5	0	0	0	0	535	487	
6	0	0	0	0	533	492	
7	0	0	0	0	531	497	
8	0	0	0	0	525	500	
9	0	0	0	0	519	498	
10	0	0	0	0	512	497	
11	0	0	0	0	508	497	
12	0	0	0	0	507	497	
13	0	0	0	0	503	493	
14	0	0	0	0	500	490	
15	0	0	0	0	498	488	
0	0	0	0	0	498	490	
1	0	0	0	0	493	493	
2	0	0	0	0	487	496	
3	0	0	0	0	480	497	
4	0	0	0	0	475	496	
5	0	0	0	0	473	493	
6	0	0	0	0	472	487	
7	0	0	0	0	471	480	
8	0	0	0	0	474	481	
9	0	0	0	0	481	482	
10	0	0	0	0	490	479	
11	0	0	0	0	501	474	
12	0	0	0	0	510	471	
13	0	0	0	0	516	467	
14	0	0	0	0	525	467	
15	0	0	0	0	531	468	
0	0	0	0	0	539	467	
1	0	0	0	0	546	467	
2	0	0	0	0	553	469	
3	0	0	0	0	558	473	
4	0	0	0	0	558	478	
5	0	0	0	0	554	479	
6	0	0	0	0	546	482	
7	0	0	0	0	536	481	
8	0	0	0	0	526	478	
9	0	0	0	0	519	472	
10	0	0	0	0	513	472	
11	0	0	0	0	515	473	
12	0	0	0	0	521	476	
13	0	0	0	0	529	480	
14	0	0	0	0	531	488	
15	0	0	0	0	531	494	
0	0	0	0	0	532	500	
1	0	0	0	0	536	505	
2	0	0	0	0	534	512	
3	0	0	0	0	527	519	
4	0	0	0	0	524	525	
5	0	0	0	0	518	524	
6	0	0	0	0	509	519	
7	0	0	0	0	501	510	
8	0	0	0	0	496	503	
9	0	0	0	0	492	497	
10	0	0	0	0	491	489	
11	0	0	0	0	490	480	
12	0	0	0	0	491	472	
13	0	0	0	0	496	460	
14	0	0	0	0	498	451	
15	0	0	0	0	501	444	
0	0	0	0	0	501	437	
1	0	0	0	0	505	436	
2	0	0	0	0	512	439	
3	0	0	0	0	523	446	
4	0	0	0	0	527	454	
5	0	0	0	0	533	466	
6	0	0	0	0	534	472	
7	0	0	0	0	533	479	
8	0	0	0	0	532	482	
9	0	0	0	0	529	478	
10	0	0	0	0	524	471	
11	0	0	0	0	515	470	
12	0	0	0	0	507	470	
13	0	0	0	0	501	472	
14	0	0	0	0	499	475	
15	0	0	0	0	502	478	
0	0	0	0	0	501	481	
1	0	0	0	0	495	485	
2	0	0	0	0	489	483	
3	0	0	0	0	481	480	
4	0	0	0	0	474	479	
5	0	0	0	0	471	483	
6	0	0	0	0	470	483	
7	0	0	0	0	467	481	
8	0	0	0	0	461	481	
9	0	0	0	0	458	476	
10	0	0	0	0	458	473	
11	0	0	0	0	462	474	
12	0	0	0	0	473	477	
13	0	0	0	0	483	477	
14	0	0	0	0	492	471	
15	0	0	0	0	496	460	
0	0	0	0	0	500	451	
1	0	0	0	0	504	443	
2	0	0	0	0	506	437	
3	0	0	0	0	511	437	
4	0	0	0	0	515	432	
5	0	0	0	0	516	430	
6	0	0	0	0	518	429	
7	0	0	0	0	522	431	
8	0	0	0	0	532	433	
9	0	0	0	0	545	439	
10	0	0	0	0	554	445	
11	0	0	0	0	557	446	
12	0	0	0	0	554	444	
13	0	0	0	0	547	440	
14	0	0	0	0	537	435	
15	0	0	0	0	523	424	
0	0	0	0	0	515	415	
1	0	0	0	0	513	413	
2	0	0	0	0	515	419	
3	0	0	0	0	519	427	
4	0	0	0	0	521	428	
5	0	0	0	0	525	426	
6	0	0	0	0	530	425	
7	0	0	0	0	535	420	
8	0	0	0	0	541	423	
9	0	0	0	0	551	431	
10	0	0	0	0	559	442	
11	0	0	0	0	566	454	
12	0	0	0	0	570	463	
13	0	0	0	0	568	469	
14	0	0	0	0	564	472	
15	0	0	0	0	558	472	
0	0	0	0	0	547	467	
1	0	0	0	0	537	461	
2	0	0	0	0	528	455	
3	0	0	0	0	519	451	
4	0	0	0	0	511	448	
5	0	0	0	0	507	447	
6	0	0	0	0	504	445	
7	0	0	0	0	497	446	
8	0	0	0	0	490	448	
9	0	0	0	0	487	447	
10	0	0	0	0	483	446	
11	0	0	0	0	481	445	
12	0	0	0	0	479	441	
13	0	0	0	0	475	440	
14	0	0	0	0	475	440	
15	0	0	0	0	477	440	
0	0	0	0	0	480	436	
1	0	0	0	0	485	432	
2	0	0	0	0	493	432	
3	0	0	0	0	502	437	
4	0	0	0	0	513	444	
5	0	0	0	0	527	450	
6	0	0	0	0	538	455	
7	0	0	0	0	544	457	
8	0	0	0	0	543	458	
9	0	0	0	0	539	462	
10	0	0	0	0	533	473	
11	0	0	0	0	526	488	
12	0	0	0	0	519	505	
13	0	0	0	0	513	516	
14	0	0	0	0	511	521	
15	0	0	0	0	515	515	
0	0	0	0	0	521	503	
1	0	0	0	0	529	486	
2	0	0	0	0	536	464	
3	0	0	0	0	536	438	
4	0	0	0	0	535	418	
5	0	0	0	0	534	406	
6	0	0	0	0	536	402	
7	0	0	0	0	540	402	
8	0	0	0	0	537	403	
9	0	0	0	0	533	398	
10	0	0	0	0	531	387	
11	0	0	0	0	530	381	
12	0	0	0	0	527	371	
13	0	0	0	0	526	369	
14	0	0	0	0	529	367	
15	0	0	0	0	531	369	
0	0	0	0	0	533	368	
1	0	0	0	0	535	364	
2	0	0	0	0	539	352	
3	0	0	0	0	543	343	
4	0	0	0	0	543	333	
5	0	0	0	0	545	331	
6	0	0	0	0	550	330	
7	0	0	0	0	557	331	
8	0	0	0	0	570	329	
9	0	0	0	0	584	330	
10	0	0	0	0	593	332	
11	0	0	0	0	603	332	
12	0	0	0	0	609	336	
13	0	0	0	0	611	340	
14	0	0	0	0	609	344	
15	0	0	0	0	604	353	
0	0	0	0	0	599	364	
1	0	0	0	0	590	376	
2	0	0	0	0	581	386	
3	0	0	0	0	575	382	
4	0	0	0	0	573	382	
5	0	0	0	0	570	372	
6	0	0	0	0	567	369	
7	0	0	0	0	564	360	
8	0	0	0	0	565	361	
9	0	0	0	0	563	361	
10	0	0	0	0	558	370	
11	0	0	0	0	553	368	
12	0	0	0	0	549	367	
13	0	0	0	0	541	361	
14	0	0	0	0	536	364	
15	0	0	0	0	535	362	
0	0	0	0	0	533	362	
1	0	0	0	0	533	356	
2	0	0	0	0	534	352	
3	0	0	0	0	538	352	
4	0	0	0	0	542	355	
5	0	0	0	0	544	358	
6	0	0	0	0	546	366	
7	0	0	0	0	548	373	
8	0	0	0	0	551	387	
9	0	0	0	0	552	404	
10	0	0	0	0	552	420	
11	0	0	0	0	551	431	
12	0	0	0	0	553	439	
13	0	0	0	0	556	446	
14	0	0	0	0	562	456	
15	0	0	0	0	566	468	
0	0	0	0	0	569	481	
1	0	0	0	0	569	495	
2	0	0	0	0	569	505	
3	0	0	0	0	569	512	
4	0	0	0	0	572	516	
5	0	0	0	0	575	519	
6	0	0	0	0	579	524	
7	0	0	0	0	583	525	
8	0	0	0	0	588	525	
9	0	0	0	0	589	527	
10	0	0	0	0	587	531	
11	0	0	0	0	583	535	
12	0	0	0	0	577	539	
13	0	0	0	0	568	547	
14	0	0	0	0	559	553	
15	0	0	0	0	551	557	
0	0	0	0	0	543	554	
1	0	0	0	0	535	547	
2	0	0	0	0	529	537	
3	0	0	0	0	526	527	
4	0	0	0	0	524	522	
5	0	0	0	0	521	518	
6	0	0	0	0	522	514	
7	0	0	0	0	522	512	
8	0	0	0	0	523	509	
9	0	0	0	0	519	508	
10	0	0	0	0	512	506	
11	0	0	0	0	508	505	
12	0	0	0	0	504	511	
13	0	0	0	0	500	518	
14	0	0	0	0	499	526	
15	0	0	0	0	496	534	
0	0	0	0	0	492	537	
1	0	0	0	0	490	539	
2	0	0	0	0	486	542	
3	0	0	0	0	483	547	
4	0	0	0	0	485	551	
5	0	0	0	0	490	551	
6	0	0	0	0	496	547	
7	0	0	0	0	504	545	
8	0	0	0	0	510	543	
9	0	0	0	0	515	541	
10	0	0	0	0	522	537	
11	0	0	0	0	527	527	
12	0	0	0	0	528	518	
13	0	0	0	0	526	509	
14	0	0	0	0	519	503	
15	0	0	0	0	513	503	
0	0	0	0	0	505	504	
1	0	0	0	0	501	511	
2	0	0	0	0	498	520	
3	0	0	0	0	496	527	
4	0	0	0	0	495	535	
5	0	0	0	0	495	543	
6	0	0	0	0	492	549	
7	0	0	0	0	487	552	
8	0	0	0	0	484	553	
9	0	0	0	0	478	547	
10	0	0	0	0	472	543	
11	0	0	0	0	465	537	
12	0	0	0	0	462	531	
13	0	0	0	0	459	524	
14	0	0	0	0	460	519	
15	0	0	0	0	456	518	
0	0	0	0	0	451	515	
1	0	0	0	0	446	510	
2	0	0	0	0	441	508	
3	0	0	0	0	442	507	
4	0	0	0	0	450	504	
5	0	0	0	0	457	502	
6	0	0	0	0	467	501	
7	0	0	0	0	479	506	
8	0	0	0	0	494	514	
9	0	0	0	0	511	523	
10	0	0	0	0	529	532	
11	0	0	0	0	546	537	
12	0	0	0	0	558	542	
13	0	0	0	0	561	543	
14	0	0	0	0	563	539	
15	0	0	0	0	558	535	
0	0	0	0	0	551	532	
1	0	0	0	0	544	528	
2	0	0	0	0	538	525	
3	0	0	0	0	532	519	
4	0	0	0	0	524	513	
5	0	0	0	0	517	512	
6	0	0	0	0	512	515	
7	0	0	0	0	509	519	
8	0	0	0	0	508	526	
9	0	0	0	0	507	529	
10	0	0	0	0	502	530	
11	0	0	0	0	496	534	
12	0	0	0	0	492	539	
13	0	0	0	0	491	539	
14	0	0	0	0	490	541	
15	0	0	0	0	492	542	
0	0	0	0	0	490	543	
1	0	0	0	0	490	540	
2	0	0	0	0	492	538	
3	0	0	0	0	493	534	
4	0	0	0	0	495	531	
5	0	0	0	0	496	525	
6	0	0	0	0	495	520	
7	0	0	0	0	493	515	
8	0	0	0	0	492	511	
9	0	0	0	0	492	512	
10	0	0	0	0	496	513	
11	0	0	0	0	504	516	
12	0	0	0	0	515	514	
13	0	0	0	0	527	511	
14	0	0	0	0	539	510	
15	0	0	0	0	545	513	
0	0	0	0	0	550	516	
1	0	0	0	0	552	520	
2	0	0	0	0	554	524	
3	0	0	0	0	555	533	
4	0	0	0	0	559	542	
5	0	0	0	0	558	547	
6	0	0	0	0	553	552	
7	0	0	0	0	548	556	
8	0	0	0	0	544	552	
9	0	0	0	0	541	548	
10	0	0	0	0	539	540	
11	0	0	0	0	539	534	
12	0	0	0	0	535	530	
13	0	0	0	0	527	528	
14	0	0	0	0	522	525	
15	0	0	0	0	516	521	
0	0	0	0	0	507	519	
1	0	0	0	0	497	519	
2	0	0	0	0	487	518	
3	0	0	0	0	476	520	
4	0	0	0	0	465	522	
5	0	0	0	0	457	524	
6	0	0	0	0	455	521	
7	0	0	0	0	455	520	
8	0	0	0	0	457	518	
9	0	0	0	0	457	514	
10	0	0	0	0	455	511	
11	0	0	0	0	453	507	
12	0	0	0	0	453	505	
13	0	0	0	0	453	510	
14	0	0	0	0	452	511	
15	0	0	0	0	448	511	
0	0	0	0	0	446	512	
1	0	0	0	0	446	518	
2	0	0	0	0	450	525	
3	0	0	0	0	455	535	
4	0	0	0	0	459	544	
5	0	0	0	0	461	548	
6	0	0	0	0	461	553	
7	0	0	0	0	463	556	
8	0	0	0	0	464	556	
9	0	0	0	0	467	559	
10	0	0	0	0	470	566	
11	0	0	0	0	475	578	
12	0	0	0	0	481	584	
13	0	0	0	0	485	588	
14	0	0	0	0	490	590	
15	0	0	0	0	496	587	
0	0	0	0	0	501	575	
1	0	0	0	0	501	566	
2	0	0	0	0	498	552	
3	0	0	0	0	495	536	
4	0	0	0	0	490	519	
5	0	0	0	0	483	502	
6	0	0	0	0	479	487	
7	0	0	0	0	475	474	
8	0	0	0	0	474	462	
9	0	0	0	0	476	451	
10	0	0	0	0	478	443	
11	0	0	0	0	477	434	
12	0	0	0	0	476	428	
13	0	0	0	0	478	428	
14	0	0	0	0	480	430	
15	0	0	0	0	484	435	
0	0	0	0	0	483	441	
1	0	0	0	0	480	448	
2	0	0	0	0	481	454	
3	0	0	0	0	480	461	
4	0	0	0	0	478	466	
5	0	0	0	0	472	472	
6	0	0	0	0	465	474	
7	0	0	0	0	462	468	
8	0	0	0	0	460	463	
9	0	0	0	0	463	463	
10	0	0	0	0	464	466	
11	0	0	0	0	467	474	
12	0	0	0	0	471	484	
13	0	0	0	0	473	497	
14	0	0	0	0	476	510	
15	0	0	0	0	478	523	
0	0	0	0	0	479	530	
1	0	0	0	0	479	537	
2	0	0	0	0	475	540	
3	0	0	0	0	476	541	
4	0	0	0	0	474	541	
5	0	0	0	0	475	536	
6	0	0	0	0	475	534	
7	0	0	0	0	476	529	
8	0	0	0	0	480	526	
9	0	0	0	0	484	518	
10	0	0	0	0	486	509	
11	0	0	0	0	485	503	
12	0	0	0	0	487	494	
13	0	0	0	0	490	486	
14	0	0	0	0	488	481	
15	0	0	0	0	487	480	
0	0	0	0	0	488	483	
1	0	0	0	0	487	485	
2	0	0	0	0	489	483	
3	0	0	0	0	489	480	
4	0	0	0	0	492	473	
5	0	0	0	0	496	471	
6	0	0	0	0	502	468	
7	0	0	0	0	509	468	
8	0	0	0	0	513	473	
9	0	0	0	0	513	478	
10	0	0	0	0	512	481	
11	0	0	0	0	514	486	
12	0	0	0	0	519	489	
13	0	0	0	0	520	492	
14	0	0	0	0	519	494	
15	0	0	0	0	522	496	
0	0	0	0	0	526	501	
1	0	0	0	0	526	504	
2	0	0	0	0	523	512	
3	0	0	0	0	524	518	
4	0	0	0	0	529	524	
5	0	0	0	0	531	529	
6	0	0	0	0	529	533	
7	0	0	0	0	528	533	
8	0	0	0	0	526	530	
9	0	0	0	0	523	526	
10	0	0	0	0	518	526	
11	0	0	0	0	515	529	
12	0	0	0	0	510	532	
13	0	0	0	0	504	532	
14	0	0	0	0	497	529	
15	0	0	0	0	488	526	
0	0	0	0	0	482	525	
1	0	0	0	0	478	523	
2	0	0	0	0	474	519	
3	0	0	0	0	476	519	
4	0	0	0	0	478	518	
5	0	0	0	0	476	520	
6	0	0	0	0	477	519	
7	0	0	0	0	479	519	
8	0	0	0	0	479	518	
9	0	0	0	0	478	519	
10	0	0	0	0	478	519	
11	0	0	0	0	477	521	
12	0	0	0	0	480	524	
13	0	0	0	0	482	526	
14	0	0	0	0	485	525	
15	0	0	0	0	489	526	
0	0	0	0	0	493	530	
1	0	0	0	0	494	531	
2	0	0	0	0	494	531	
3	0	0	0	0	493	531	
4	0	0	0	0	497	533	
5	0	0	0	0	504	538	
6	0	0	0	0	514	536	
7	0	0	0	0	525	527	
8	0	0	0	0	532	512	
9	0	0	0	0	541	497	
10	0	0	0	0	547	484	
11	0	0	0	0	551	475	
12	0	0	0	0	558	469	
13	0	0	0	0	566	466	
14	0	0	0	0	570	467	
15	0	0	0	0	567	469	
0	0	0	0	0	561	473	
1	0	0	0	0	556	478	
2	0	0	0	0	551	483	
3	0	0	0	0	542	489	
4	0	0	0	0	537	492	
5	0	0	0	0	535	493	
6	0	0	0	0	531	496	
7	0	0	0	0	527	497	
8	0	0	0	0	521	498	
9	0	0	0	0	519	491	
10	0	0	0	0	519	483	
11	0	0	0	0	519	479	
12	0	0	0	0	523	472	
13	0	0	0	0	530	467	
14	0	0	0	0	539	465	
15	0	0	0	0	546	465	
0	0	0	0	0	557	471	
1	0	0	0	0	566	480	
2	0	0	0	0	574	487	
3	0	0	0	0	578	487	
4	0	0	0	0	580	485	
5	0	0	0	0	578	483	
6	0	0	0	0	572	480	
7	0	0	0	0	562	473	
8	0	0	0	0	552	464	
9	0	0	0	0	544	460	
10	0	0	0	0	540	457	
11	0	0	0	0	538	462	
12	0	0	0	0	538	467	
13	0	0	0	0	535	476	
14	0	0	0	0	530	484	
15	0	0	0	0	525	493	
0	0	0	0	0	523	497	
1	0	0	0	0	520	498	
2	0	0	0	0	524	496	
3	0	0	0	0	531	491	
4	0	0	0	0	536	480	
5	0	0	0	0	540	472	
6	0	0	0	0	538	468	
7	0	0	0	0	538	465	
8	0	0	0	0	539	459	
9	0	0	0	0	543	454	
10	0	0	0	0	551	455	
11	0	0	0	0	558	460	
12	0	0	0	0	562	463	
13	0	0	0	0	563	464	
14	0	0	0	0	560	462	
15	0	0	0	0	555	459	
0	0	0	0	0	548	459	
1	0	0	0	0	543	459	
2	0	0	0	0	538	462	
3	0	0	0	0	537	471	
4	0	0	0	0	535	482	
5	0	0	0	0	534	494	
6	0	0	0	0	530	502	
7	0	0	0	0	528	503	
8	0	0	0	0	523	500	
9	0	0	0	0	516	499	
10	0	0	0	0	511	499	
11	0	0	0	0	510	504	
12	0	0	0	0	513	510	
13	0	0	0	0	514	515	
14	0	0	0	0	515	517	
15	0	0	0	0	521	520	
0	0	0	0	0	527	522	
1	0	0	0	0	536	522	
2	0	0	0	0	547	523	
3	0	0	0	0	552	523	
4	0	0	0	0	556	525	
5	0	0	0	0	556	526	
6	0	0	0	0	556	524	
7	0	0	0	0	556	523	
8	0	0	0	0	553	522	
9	0	0	0	0	549	522	
10	0	0	0	0	543	523	
11	0	0	0	0	540	524	
12	0	0	0	0	536	525	
13	0	0	0	0	536	524	
14	0	0	0	0	534	523	
15	0	0	0	0	530	519	
0	0	0	0	0	523	516	
1	0	0	0	0	513	514	
2	0	0	0	0	505	513	
3	0	0	0	0	500	513	
4	0	0	0	0	497	514	
5	0	0	0	0	496	514	
6	0	0	0	0	497	516	
7	0	0	0	0	498	514	
8	0	0	0	0	502	513	
9	0	0	0	0	505	516	
10	0	0	0	0	507	521	
11	0	0	0	0	502	526	
12	0	0	0	0	496	529	
13	0	0	0	0	488	530	
14	0	0	0	0	482	531	
15	0	0	0	0	476	540	
0	0	0	0	0	474	549	
1	0	0	0	0	475	552	
2	0	0	0	0	480	551	
3	0	0	0	0	487	550	
4	0	0	0	0	495	545	
5	0	0	0	0	505	540	
6	0	0	0	0	515	536	
7	0	0	0	0	523	534	
8	0	0	0	0	528	536	
9	0	0	0	0	531	534	
10	0	0	0	0	530	532	
11	0	0	0	0	528	529	
12	0	0	0	0	527	523	
13	0	0	0	0	525	513	
14	0	0	0	0	524	504	
15	0	0	0	0	523	497	
0	0	0	0	0	519	498	
1	0	0	0	0	515	501	
2	0	0	0	0	511	503	
3	0	0	0	0	513	505	
4	0	0	0	0	519	504	
5	0	0	0	0	524	504	
6	0	0	0	0	529	505	
7	0	0	0	0	535	510	
8	0	0	0	0	537	515	
9	0	0	0	0	535	519	
10	0	0	0	0	531	523	
11	0	0	0	0	529	524	
12	0	0	0	0	527	524	
13	0	0	0	0	527	523	
14	0	0	0	0	529	521	
15	0	0	0	0	530	523	
0	0	0	0	0	531	526	
1	0	0	0	0	527	530	
2	0	0	0	0	527	534	
3	0	0	0	0	526	535	
4	0	0	0	0	524	533	
5	0	0	0	0	523	534	
6	0	0	0	0	526	532	
7	0	0	0	0	528	530	
8	0	0	0	0	532	526	
9	0	0	0	0	536	524	
10	0	0	0	0	538	524	
11	0	0	0	0	539	526	
12	0	0	0	0	540	528	
13	0	0	0	0	544	529	
14	0	0	0	0	543	527	
15	0	0	0	0	542	526	
0	0	0	0	0	541	530	
1	0	0	0	0	542	542	
2	0	0	0	0	543	554	
3	0	0	0	0	542	564	
4	0	0	0	0	540	567	
5	0	0	0	0	536	564	
6	0	0	0	0	534	561	
7	0	0	0	0	529	559	
8	0	0	0	0	524	556	
9	0	0	0	0	515	555	
10	0	0	0	0	508	555	
11	0	0	0	0	503	561	
12	0	0	0	0	501	567	
13	0	0	0	0	499	569	
14	0	0	0	0	501	572	
15	0	0	0	0	501	574	
0	0	0	0	0	500	576	
1	0	0	0	0	497	577	
2	0	0	0	0	495	577	
3	0	0	0	0	493	577	
4	0	0	0	0	493	574	
5	0	0	0	0	493	568	
6	0	0	0	0	497	560	
7	0	0	0	0	505	555	
8	0	0	0	0	513	555	
9	0	0	0	0	519	555	
10	0	0	0	0	524	553	
11	0	0	0	0	532	548	
12	0	0	0	0	545	543	
13	0	0	0	0	560	544	
14	0	0	0	0	576	547	
15	0	0	0	0	588	554	
0	0	0	0	0	598	562	
1	0	0	0	0	601	570	
2	0	0	0	0	599	579	
3	0	0	0	0	591	580	
4	0	0	0	0	583	579	
5	0	0	0	0	572	575	
6	0	0	0	0	558	572	
7	0	0	0	0	547	568	
8	0	0	0	0	538	567	
9	0	0	0	0	532	569	
10	0	0	0	0	529	571	
11	0	0	0	0	528	574	
12	0	0	0	0	527	579	
13	0	0	0	0	522	585	
14	0	0	0	0	516	588	
15	0	0	0	0	511	593	
0	0	0	0	0	509	590	
1	0	0	0	0	509	586	
2	0	0	0	0	509	577	
3	0	0	0	0	510	572	
4	0	0	0	0	513	565	
5	0	0	0	0	517	560	
6	0	0	0	0	521	557	
7	0	0	0	0	521	557	
8	0	0	0	0	522	558	
9	0	0	0	0	521	561	
10	0	0	0	0	519	563	
11	0	0	0	0	519	568	
12	0	0	0	0	517	576	
13	0	0	0	0	513	584	
14	0	0	0	0	513	594	
15	0	0	0	0	515	604	
0	0	0	0	0	515	609	
1	0	0	0	0	515	612	
2	0	0	0	0	518	615	
3	0	0	0	0	521	615	
4	0	0	0	0	526	612	
5	0	0	0	0	526	608	
6	0	0	0	0	525	600	
7	0	0	0	0	523	591	
8	0	0	0	0	520	582	
9	0	0	0	0	518	574	
10	0	0	0	0	515	564	
11	0	0	0	0	510	560	
12	0	0	0	0	505	553	
13	0	0	0	0	502	547	
14	0	0	0	0	499	543	
15	0	0	0	0	499	539	
0	0	0	0	0	504	535	
1	0	0	0	0	508	533	
2	0	0	0	0	510	531	
3	0	0	0	0	506	527	
4	0	0	0	0	502	520	
5	0	0	0	0	492	515	
6	0	0	0	0	483	515	
7	0	0	0	0	474	517	
8	0	0	0	0	465	519	
9	0	0	0	0	456	522	
10	0	0	0	0	454	524	
11	0	0	0	0	461	526	
12	0	0	0	0	470	524	
13	0	0	0	0	483	525	
14	0	0	0	0	491	529	
15	0	0	0	0	498	536	
0	0	0	0	0	505	542	
1	0	0	0	0	503	549	
2	0	0	0	0	499	553	
3	0	0	0	0	497	558	
4	0	0	0	0	497	557	
5	0	0	0	0	495	558	
6	0	0	0	0	489	552	
7	0	0	0	0	483	547	
8	0	0	0	0	479	543	
9	0	0	0	0	474	535	
10	0	0	0	0	470	531	
11	0	0	0	0	467	527	
12	0	0	0	0	467	523	
13	0	0	0	0	466	516	
14	0	0	0	0	467	508	
15	0	0	0	0	466	504	
0	0	0	0	0	466	504	
1	0	0	0	0	465	503	
2	0	0	0	0	468	505	
3	0	0	0	0	471	506	
4	0	0	0	0	473	499	
5	0	0	0	0	476	489	
6	0	0	0	0	480	480	
7	0	0	0	0	485	476	
8	0	0	0	0	486	473	
9	0	0	0	0	482	470	
10	0	0	0	0	482	470	
11	0	0	0	0	482	473	
12	0	0	0	0	480	481	
13	0	0	0	0	473	493	
14	0	0	0	0	461	501	
15	0	0	0	0	452	514	
0	0	0	0	0	451	528	
1	0	0	0	0	450	541	
2	0	0	0	0	450	551	
3	0	0	0	0	445	552	
4	0	0	0	0	444	549	
5	0	0	0	0	444	544	
6	0	0	0	0	449	535	
7	0	0	0	0	457	521	
8	0	0	0	0	460	508	
9	0	0	0	0	464	494	
10	0	0	0	0	470	481	
11	0	0	0	0	479	472	
12	0	0	0	0	492	467	
13	0	0	0	0	513	466	
14	0	0	0	0	539	468	
15	0	0	0	0	559	477	
0	0	0	0	0	575	493	
1	0	0	0	0	581	513	
2	0	0	0	0	576	536	
3	0	0	0	0	561	559	
4	0	0	0	0	541	580	
5	0	0	0	0	517	596	
6	0	0	0	0	496	615	
7	0	0	0	0	478	631	
8	0	0	0	0	466	643	
9	0	0	0	0	457	648	
10	0	0	0	0	451	657	
11	0	0	0	0	449	661	
12	0	0	0	0	447	672	
13	0	0	0	0	440	683	
14	0	0	0	0	435	697	
15	0	0	0	0	429	703	
0	0	0	0	0	423	716	
1	0	0	0	0	417	713	
2	0	0	0	0	409	711	
3	0	0	0	0	399	704	
4	0	0	0	0	391	694	
5	0	0	0	0	383	679	
6	0	0	0	0	376	660	
7	0	0	0	0	378	645	
8	0	0	0	0	383	630	
9	0	0	0	0	391	620	
10	0	0	0	0	401	612	
11	0	0	0	0	412	605	
12	0	0	0	0	425	600	
13	0	0	0	0	436	600	
14	0	0	0	0	448	601	
15	0	0	0	0	459	598	
0	0	0	0	0	467	589	
1	0	0	0	0	473	580	
2	0	0	0	0	476	573	
3	0	0	0	0	475	574	
4	0	0	0	0	476	573	
5	0	0	0	0	478	575	
6	0	0	0	0	481	579	
7	0	0	0	0	483	580	
8	0	0	0	0	483	577	
9	0	0	0	0	480	570	
10	0	0	0	0	478	565	
11	0	0	0	0	475	566	
12	0	0	0	0	473	568	
13	0	0	0	0	469	571	
14	0	0	0	0	465	573	
15	0	0	0	0	461	570	
0	0	0	0	0	455	570	
1	0	0	0	0	450	570	
2	0	0	0	0	445	572	
3	0	0	0	0	443	574	
4	0	0	0	0	443	575	
5	0	0	0	0	440	577	
6	0	0	0	0	436	579	
7	0	0	0	0	436	580	
8	0	0	0	0	435	579	
9	0	0	0	0	438	580	
10	0	0	0	0	447	576	
11	0	0	0	0	453	571	
12	0	0	0	0	458	565	
13	0	0	0	0	462	564	
14	0	0	0	0	467	563	
15	0	0	0	0	475	565	
0	0	0	0	0	481	569	
1	0	0	0	0	485	574	
2	0	0	0	0	483	576	
3	0	0	0	0	476	579	
4	0	0	0	0	467	579	
5	0	0	0	0	458	577	
6	0	0	0	0	449	578	
7	0	0	0	0	440	578	
8	0	0	0	0	430	578	
9	0	0	0	0	420	575	
10	0	0	0	0	414	572	
11	0	0	0	0	411	570	
12	0	0	0	0	407	565	
13	0	0	0	0	402	560	
14	0	0	0	0	397	554	
15	0	0	0	0	396	553	
0	0	0	0	0	400	550	
1	0	0	0	0	407	545	
2	0	0	0	0	414	537	
3	0	0	0	0	419	533	
4	0	0	0	0	428	534	
5	0	0	0	0	435	541	
6	0	0	0	0	446	551	
7	0	0	0	0	459	562	
8	0	0	0	0	469	571	
9	0	0	0	0	475	576	
10	0	0	0	0	477	584	
11	0	0	0	0	475	585	
12	0	0	0	0	472	586	
13	0	0	0	0	471	584	
14	0	0	0	0	469	580	
15	0	0	0	0	472	576	
0	0	0	0	0	477	574	
1	0	0	0	0	483	575	
2	0	0	0	0	490	575	
3	0	0	0	0	494	574	
4	0	0	0	0	495	567	
5	0	0	0	0	493	560	
6	0	0	0	0	491	556	
7	0	0	0	0	487	550	
8	0	0	0	0	480	543	
9	0	0	0	0	473	539	
10	0	0	0	0	464	536	
11	0	0	0	0	456	538	
12	0	0	0	0	451	543	
13	0	0	0	0	447	543	
14	0	0	0	0	445	543	
15	0	0	0	0	444	543	
0	0	0	0	0	444	548	
1	0	0	0	0	444	550	
2	0	0	0	0	442	548	
3	0	0	0	0	441	547	
4	0	0	0	0	442	543	
5	0	0	0	0	446	538	
6	0	0	0	0	448	532	
7	0	0	0	0	450	527	
8	0	0	0	0	454	521	
9	0	0	0	0	462	520	
10	0	0	0	0	467	519	
11	0	0	0	0	472	519	
12	0	0	0	0	478	517	
13	0	0	0	0	481	512	
14	0	0	0	0	483	502	
15	0	0	0	0	483	488	
0	0	0	0	0	485	479	
1	0	0	0	0	490	472	
2	0	0	0	0	491	465	
3	0	0	0	0	490	463	
4	0	0	0	0	485	464	
5	0	0	0	0	479	468	
6	0	0	0	0	473	472	
7	0	0	0	0	469	479	
8	0	0	0	0	469	486	
9	0	0	0	0	476	494	
10	0	0	0	0	483	502	
11	0	0	0	0	488	512	
12	0	0	0	0	491	521	
13	0	0	0	0	492	529	
14	0	0	0	0	492	536	
15	0	0	0	0	492	541	
0	0	0	0	0	491	544	
1	0	0	0	0	491	552	
2	0	0	0	0	492	560	
3	0	0	0	0	494	564	
4	0	0	0	0	496	567	
5	0	0	0	0	497	563	
6	0	0	0	0	501	561	
7	0	0	0	0	505	558	
8	0	0	0	0	508	554	
9	0	0	0	0	513	555	
10	0	0	0	0	516	556	
11	0	0	0	0	515	555	
12	0	0	0	0	513	549	
13	0	0	0	0	511	545	
14	0	0	0	0	513	540	
15	0	0	0	0	515	531	
0	0	0	0	0	517	520	
1	0	0	0	0	517	509	
2	0	0	0	0	515	503	
3	0	0	0	0	514	502	
4	0	0	0	0	515	503	
5	0	0	0	0	512	501	
6	0	0	0	0	510	497	
7	0	0	0	0	504	490	
8	0	0	0	0	497	487	
9	0	0	0	0	493	492	
10	0	0	0	0	492	500	
11	0	0	0	0	490	510	
12	0	0	0	0	491	515	
13	0	0	0	0	493	516	
14	0	0	0	0	499	517	
15	0	0	0	0	505	517	
0	0	0	0	0	507	517	
1	0	0	0	0	509	516	
2	0	0	0	0	510	513	
3	0	0	0	0	512	508	
4	0	0	0	0	516	502	
5	0	0	0	0	519	497	
6	0	0	0	0	518	496	
7	0	0	0	0	516	497	
8	0	0	0	0	515	495	
9	0	0	0	0	514	491	
10	0	0	0	0	513	490	
11	0	0	0	0	510	491	
12	0	0	0	0	508	494	
13	0	0	0	0	507	498	
14	0	0	0	0	506	500	
15	0	0	0	0	505	503	
0	0	0	0	0	504	503	
1	0	0	0	0	505	503	
2	0	0	0	0	506	500	
3	0	0	0	0	508	499	
4	0	0	0	0	504	496	
5	0	0	0	0	501	492	
6	0	0	0	0	502	492	
7	0	0	0	0	503	491	
8	0	0	0	0	506	491	
9	0	0	0	0	513	493	
10	0	0	0	0	516	494	
11	0	0	0	0	512	496	
12	0	0	0	0	504	494	
13	0	0	0	0	495	488	
14	0	0	0	0	485	478	
15	0	0	0	0	477	471	
0	0	0	0	0	474	466	
1	0	0	0	0	473	460	
2	0	0	0	0	476	460	
3	0	0	0	0	478	463	
4	0	0	0	0	483	464	
5	0	0	0	0	491	464	
6	0	0	0	0	499	463	
7	0	0	0	0	509	467	
8	0	0	0	0	519	473	
9	0	0	0	0	524	481	
10	0	0	0	0	526	494	
11	0	0	0	0	526	505	
12	0	0	0	0	525	518	
13	0	0	0	0	523	532	
14	0	0	0	0	516	546	
15	0	0	0	0	508	553	
0	0	0	0	0	504	556	
1	0	0	0	0	499	554	
2	0	0	0	0	492	545	
3	0	0	0	0	491	533	
4	0	0	0	0	492	522	
5	0	0	0	0	495	512	
6	0	0	0	0	498	508	
7	0	0	0	0	502	506	
8	0	0	0	0	505	506	
9	0	0	0	0	505	508	
10	0	0	0	0	499	511	
11	0	0	0	0	492	513	
12	0	0	0	0	485	515	
13	0	0	0	0	476	512	
14	0	0	0	0	468	509	
15	0	0	0	0	462	504	
0	0	0	0	0	458	502	
1	0	0	0	0	454	499	
2	0	0	0	0	451	496	
3	0	0	0	0	449	494	
4	0	0	0	0	451	496	
5	0	0	0	0	457	499	
6	0	0	0	0	467	502	
7	0	0	0	0	477	506	
8	0	0	0	0	487	511	
9	0	0	0	0	492	511	
10	0	0	0	0	491	511	
11	0	0	0	0	489	512	
12	0	0	0	0	486	508	
13	0	0	0	0	480	503	
14	0	0	0	0	475	499	
15	0	0	0	0	471	498	
0	0	0	0	0	467	503	
1	0	0	0	0	471	509	
2	0	0	0	0	476	512	
3	0	0	0	0	480	509	
4	0	0	0	0	482	506	
5	0	0	0	0	480	504	
6	0	0	0	0	478	500	
7	0	0	0	0	477	493	
8	0	0	0	0	477	487	
9	0	0	0	0	476	487	
10	0	0	0	0	476	489	
11	0	0	0	0	479	497	
12	0	0	0	0	481	503	
13	0	0	0	0	486	504	
14	0	0	0	0	488	507	
15	0	0	0	0	486	510	
0	0	0	0	0	481	515	
1	0	0	0	0	477	517	
2	0	0	0	0	475	518	
3	0	0	0	0	475	516	
4	0	0	0	0	476	513	
5	0	0	0	0	475	508	
6	0	0	0	0	479	499	
7	0	0	0	0	485	489	
8	0	0	0	0	491	480	
9	0	0	0	0	498	469	
10	0	0	0	0	506	463	
11	0	0	0	0	515	463	
12	0	0	0	0	525	466	
13	0	0	0	0	533	467	
14	0	0	0	0	536	471	
15	0	0	0	0	536	477	
0	0	0	0	0	535	488	
1	0	0	0	0	535	497	
2	0	0	0	0	527	505	
3	0	0	0	0	518	515	
4	0	0	0	0	508	522	
5	0	0	0	0	499	527	
6	0	0	0	0	487	528	
7	0	0	0	0	479	524	
8	0	0	0	0	472	515	
9	0	0	0	0	466	503	
10	0	0	0	0	465	493	
11	0	0	0	0	466	491	
12	0	0	0	0	471	493	
13	0	0	0	0	477	496	
14	0	0	0	0	482	497	
15	0	0	0	0	489	499	
0	0	0	0	0	496	502	
1	0	0	0	0	503	499	
2	0	0	0	0	503	498	
3	0	0	0	0	498	500	
4	0	0	0	0	493	504	
5	0	0	0	0	483	509	
6	0	0	0	0	473	516	
7	0	0	0	0	465	523	
8	0	0	0	0	458	526	
9	0	0	0	0	456	529	
10	0	0	0	0	453	534	
11	0	0	0	0	448	539	
12	0	0	0	0	445	547	
13	0	0	0	0	444	554	
14	0	0	0	0	442	562	
15	0	0	0	0	443	567	
0	0	0	0	0	444	571	
1	0	0	0	0	445	577	
2	0	0	0	0	443	579	
3	0	0	0	0	442	579	
4	0	0	0	0	445	575	
5	0	0	0	0	449	575	
6	0	0	0	0	457	576	
7	0	0	0	0	467	578	
8	0	0	0	0	477	582	
9	0	0	0	0	486	587	
10	0	0	0	0	494	590	
11	0	0	0	0	502	596	
12	0	0	0	0	505	601	
13	0	0	0	0	504	604	
14	0	0	0	0	503	604	
15	0	0	0	0	499	604	
0	0	0	0	0	496	602	
1	0	0	0	0	493	597	
2	0	0	0	0	487	594	
3	0	0	0	0	486	587	
4	0	0	0	0	486	579	
5	0	0	0	0	487	572	
6	0	0	0	0	487	561	
7	0	0	0	0	492	551	
8	0	0	0	0	496	545	
9	0	0	0	0	497	539	
10	0	0	0	0	495	534	
11	0	0	0	0	494	535	
12	0	0	0	0	496	540	
13	0	0	0	0	495	542	
14	0	0	0	0	497	543	
15	0	0	0	0	496	547	
0	0	0	0	0	495	553	
1	0	0	0	0	493	556	
2	0	0	0	0	493	559	
3	0	0	0	0	499	564	
4	0	0	0	0	506	567	
5	0	0	0	0	512	567	
6	0	0	0	0	515	563	
7	0	0	0	0	517	559	
8	0	0	0	0	518	553	
9	0	0	0	0	520	551	
10	0	0	0	0	520	547	
11	0	0	0	0	520	544	
12	0	0	0	0	519	544	
13	0	0	0	0	512	550	
14	0	0	0	0	507	557	
15	0	0	0	0	504	563	
0	0	0	0	0	501	568	
1	0	0	0	0	497	571	
2	0	0	0	0	490	574	
3	0	0	0	0	480	578	
4	0	0	0	0	476	579	
5	0	0	0	0	474	580	
6	0	0	0	0	473	574	
7	0	0	0	0	478	566	
8	0	0	0	0	487	561	
9	0	0	0	0	501	556	
10	0	0	0	0	515	551	
11	0	0	0	0	524	545	
12	0	0	0	0	528	536	
13	0	0	0	0	528	529	
14	0	0	0	0	524	528	
15	0	0	0	0	517	528	
0	0	0	0	0	510	530	
1	0	0	0	0	504	533	
2	0	0	0	0	496	540	
3	0	0	0	0	486	545	
4	0	0	0	0	481	551	
5	0	0	0	0	482	554	
6	0	0	0	0	482	558	
7	0	0	0	0	482	560	
8	0	0	0	0	484	564	
9	0	0	0	0	489	564	
10	0	0	0	0	492	560	
11	0	0	0	0	499	558	
12	0	0	0	0	509	559	
13	0	0	0	0	515	564	
14	0	0	0	0	520	565	
15	0	0	0	0	520	563	
0	0	0	0	0	516	556	
1	0	0	0	0	507	548	
2	0	0	0	0	504	545	
3	0	0	0	0	502	546	
4	0	0	0	0	501	549	
5	0	0	0	0	502	552	
6	0	0	0	0	505	554	
7	0	0	0	0	509	557	
8	0	0	0	0	513	558	
9	0	0	0	0	519	561	
10	0	0	0	0	523	566	
11	0	0	0	0	523	567	
12	0	0	0	0	520	569	
13	0	0	0	0	521	572	
14	0	0	0	0	523	573	
15	0	0	0	0	523	575	
0	0	0	0	0	523	573	
1	0	0	0	0	525	573	
2	0	0	0	0	526	574	
3	0	0	0	0	524	574	
4	0	0	0	0	525	572	
5	0	0	0	0	525	574	
6	0	0	0	0	526	573	
7	0	0	0	0	527	572	
8	0	0	0	0	528	568	
9	0	0	0	0	529	561	
10	0	0	0	0	530	551	
11	0	0	0	0	531	540	
12	0	0	0	0	535	531	
13	0	0	0	0	543	524	
14	0	0	0	0	552	517	
15	0	0	0	0	560	510	
0	0	0	0	0	563	505	
1	0	0	0	0	564	499	
2	0	0	0	0	562	495	
3	0	0	0	0	556	493	
4	0	0	0	0	547	497	
5	0	0	0	0	540	502	
6	0	0	0	0	539	507	
7	0	0	0	0	540	508	
8	0	0	0	0	540	511	
9	0	0	0	0	537	515	
10	0	0	0	0	538	519	
11	0	0	0	0	540	524	
12	0	0	0	0	541	526	
13	0	0	0	0	542	530	
14	0	0	0	0	544	535	
15	0	0	0	0	543	535	
0	0	0	0	0	536	534	
1	0	0	0	0	529	528	
2	0	0	0	0	520	525	
3	0	0	0	0	511	524	
4	0	0	0	0	507	524	
5	0	0	0	0	502	528	
6	0	0	0	0	500	534	
7	0	0	0	0	501	540	
8	0	0	0	0	505	548	
9	0	0	0	0	504	549	
10	0	0	0	0	503	547	
11	0	0	0	0	502	540	
12	0	0	0	0	506	532	
13	0	0	0	0	510	525	
14	0	0	0	0	514	519	
15	0	0	0	0	517	515	
0	0	0	0	0	519	512	
1	0	0	0	0	525	508	
2	0	0	0	0	532	504	
3	0	0	0	0	536	500	
4	0	0	0	0	539	497	
5	0	0	0	0	541	496	
6	0	0	0	0	544	495	
7	0	0	0	0	546	496	
8	0	0	0	0	547	495	
9	0	0	0	0	550	496	
10	0	0	0	0	549	501	
11	0	0	0	0	547	505	
12	0	0	0	0	543	509	
13	0	0	0	0	537	515	
14	0	0	0	0	531	521	
15	0	0	0	0	528	528	
0	0	0	0	0	530	531	
1	0	0	0	0	537	530	
2	0	0	0	0	547	527	
3	0	0	0	0	553	523	
4	0	0	0	0	556	519	
5	0	0	0	0	552	516	
6	0	0	0	0	545	513	
7	0	0	0	0	540	512	
8	0	0	0	0	537	515	
9	0	0	0	0	529	518	
10	0	0	0	0	522	523	
11	0	0	0	0	515	524	
12	0	0	0	0	511	523	
13	0	0	0	0	506	518	
14	0	0	0	0	504	510	
15	0	0	0	0	504	504	
0	0	0	0	0	508	502	
1	0	0	0	0	516	503	
2	0	0	0	0	528	505	
3	0	0	0	0	539	511	
4	0	0	0	0	550	519	
5	0	0	0	0	555	524	
6	0	0	0	0	556	527	
7	0	0	0	0	554	530	
8	0	0	0	0	555	532	
9	0	0	0	0	555	532	
10	0	0	0	0	550	531	
11	0	0	0	0	544	531	
12	0	0	0	0	542	532	
13	0	0	0	0	536	532	
14	0	0	0	0	533	534	
15	0	0	0	0	528	533	
0	0	0	0	0	522	530	
1	0	0	0	0	512	524	
2	0	0	0	0	508	516	
3	0	0	0	0	504	505	
4	0	0	0	0	503	491	
5	0	0	0	0	501	481	
6	0	0	0	0	501	475	
7	0	0	0	0	505	475	
8	0	0	0	0	512	477	
9	0	0	0	0	518	476	
10	0	0	0	0	522	474	
11	0	0	0	0	531	466	
12	0	0	0	0	536	456	
13	0	0	0	0	539	446	
14	0	0	0	0	542	443	
15	0	0	0	0	545	438	
0	0	0	0	0	552	440	
1	0	0	0	0	562	446	
2	0	0	0	0	571	458	
3	0	0	0	0	575	472	
4	0	0	0	0	575	484	
5	0	0	0	0	577	496	
6	0	0	0	0	577	506	
7	0	0	0	0	572	514	
8	0	0	0	0	565	520	
9	0	0	0	0	559	522	
10	0	0	0	0	550	520	
11	0	0	0	0	541	517	
12	0	0	0	0	534	515	
13	0	0	0	0	527	514	
14	0	0	0	0	523	519	
15	0	0	0	0	519	523	
0	0	0	0	0	515	523	
1	0	0	0	0	511	521	
2	0	0	0	0	506	521	
3	0	0	0	0	505	525	
4	0	0	0	0	506	532	
5	0	0	0	0	504	539	
6	0	0	0	0	499	540	
7	0	0	0	0	492	539	
8	0	0	0	0	483	532	
9	0	0	0	0	477	521	
10	0	0	0	0	475	511	
11	0	0	0	0	475	502	
12	0	0	0	0	479	495	
13	0	0	0	0	486	489	
14	0	0	0	0	494	486	
15	0	0	0	0	503	484	
0	0	0	0	0	512	480	
1	0	0	0	0	521	476	
2	0	0	0	0	531	476	
3	0	0	0	0	537	473	
4	0	0	0	0	540	473	
5	0	0	0	0	540	475	
6	0	0	0	0	542	479	
7	0	0	0	0	542	486	
8	0	0	0	0	541	493	
9	0	0	0	0	538	501	
10	0	0	0	0	538	511	
11	0	0	0	0	540	524	
12	0	0	0	0	546	537	
13	0	0	0	0	550	547	
14	0	0	0	0	548	548	
15	0	0	0	0	542	539	
0	0	0	0	0	539	525	
1	0	0	0	0	536	509	
2	0	0	0	0	536	498	
3	0	0	0	0	536	489	
4	0	0	0	0	536	485	
5	0	0	0	0	531	481	
6	0	0	0	0	527	482	
7	0	0	0	0	524	487	
8	0	0	0	0	521	498	
9	0	0	0	0	523	511	
10	0	0	0	0	527	525	
11	0	0	0	0	532	537	
12	0	0	0	0	533	539	
13	0	0	0	0	531	537	
14	0	0	0	0	529	534	
15	0	0	0	0	528	527	
0	0	0	0	0	526	519	
1	0	0	0	0	524	513	
2	0	0	0	0	522	507	
3	0	0	0	0	523	506	
4	0	0	0	0	527	511	
5	0	0	0	0	533	517	
6	0	0	0	0	540	524	
7	0	0	0	0	545	527	
8	0	0	0	0	545	531	
9	0	0	0	0	547	535	
10	0	0	0	0	547	534	
11	0	0	0	0	549	536	
12	0	0	0	0	549	536	
13	0	0	0	0	550	536	
14	0	0	0	0	551	537	
15	0	0	0	0	551	537	
0	0	0	0	0	547	537	
1	0	0	0	0	540	534	
2	0	0	0	0	529	532	
3	0	0	0	0	516	530	
4	0	0	0	0	506	527	
5	0	0	0	0	497	524	
6	0	0	0	0	492	520	
7	0	0	0	0	494	516	
8	0	0	0	0	496	509	
9	0	0	0	0	501	503	
10	0	0	0	0	511	497	
11	0	0	0	0	521	490	
12	0	0	0	0	528	484	
13	0	0	0	0	534	483	
14	0	0	0	0	535	485	
15	0	0	0	0	535	487	
0	0	0	0	0	536	488	
1	0	0	0	0	536	485	
2	0	0	0	0	535	482	
3	0	0	0	0	534	476	
4	0	0	0	0	536	471	
5	0	0	0	0	539	465	
6	0	0	0	0	543	468	
7	0	0	0	0	549	472	
8	0	0	0	0	550	477	
9	0	0	0	0	548	477	
10	0	0	0	0	544	476	
11	0	0	0	0	538	477	
12	0	0	0	0	532	480	
13	0	0	0	0	525	488	
14	0	0	0	0	518	499	
15	0	0	0	0	510	509	
0	0	0	0	0	504	520	
1	0	0	0	0	501	528	
2	0	0	0	0	496	532	
3	0	0	0	0	492	538	
4	0	0	0	0	489	541	
5	0	0	0	0	485	540	
6	0	0	0	0	483	536	
7	0	0	0	0	483	530	
8	0	0	0	0	480	527	
9	0	0	0	0	481	521	
10	0	0	0	0	483	515	
11	0	0	0	0	487	510	
12	0	0	0	0	490	504	
13	0	0	0	0	493	494	
14	0	0	0	0	498	480	
15	0	0	0	0	500	471	
0	0	0	0	0	499	469	
1	0	0	0	0	499	471	
2	0	0	0	0	499	480	
3	0	0	0	0	499	491	
4	0	0	0	0	499	498	
5	0	0	0	0	496	504	
6	0	0	0	0	497	512	
7	0	0	0	0	504	517	
8	0	0	0	0	515	523	
9	0	0	0	0	530	526	
10	0	0	0	0	540	532	
11	0	0	0	0	544	534	
12	0	0	0	0	546	535	
13	0	0	0	0	538	535	
14	0	0	0	0	529	529	
15	0	0	0	0	515	523	
0	0	0	0	0	503	516	
1	0	0	0	0	492	510	
2	0	0	0	0	481	508	
3	0	0	0	0	473	509	
4	0	0	0	0	469	508	
5	0	0	0	0	467	507	
6	0	0	0	0	469	507	
7	0	0	0	0	473	509	
8	0	0	0	0	478	511	
9	0	0	0	0	487	512	
10	0	0	0	0	493	514	
11	0	0	0	0	498	515	
12	0	0	0	0	506	515	
13	0	0	0	0	515	515	
14	0	0	0	0	522	515	
15	0	0	0	0	528	515	
0	0	0	0	0	529	513	
1	0	0	0	0	526	508	
2	0	0	0	0	519	505	
3	0	0	0	0	514	506	
4	0	0	0	0	517	507	
5	0	0	0	0	523	511	
6	0	0	0	0	531	511	
7	0	0	0	0	537	512	
8	0	0	0	0	547	513	
9	0	0	0	0	555	515	
10	0	0	0	0	560	517	
11	0	0	0	0	564	517	
12	0	0	0	0	566	518	
13	0	0	0	0	563	520	
14	0	0	0	0	561	527	
15	0	0	0	0	559	535	
0	0	0	0	0	556	541	
1	0	0	0	0	553	546	
2	0	0	0	0	548	550	
3	0	0	0	0	540	548	
4	0	0	0	0	532	542	
5	0	0	0	0	527	533	
6	0	0	0	0	523	525	
7	0	0	0	0	522	516	
8	0	0	0	0	524	509	
9	0	0	0	0	526	506	
10	0	0	0	0	531	508	
11	0	0	0	0	537	514	
12	0	0	0	0	546	517	
13	0	0	0	0	550	512	
14	0	0	0	0	551	506	
15	0	0	0	0	549	501	
0	0	0	0	0	545	499	
1	0	0	0	0	541	495	
2	0	0	0	0	537	487	
3	0	0	0	0	533	483	
4	0	0	0	0	529	483	
5	0	0	0	0	521	485	
6	0	0	0	0	513	487	
7	0	0	0	0	508	492	
8	0	0	0	0	507	497	
9	0	0	0	0	511	504	
10	0	0	0	0	513	507	
11	0	0	0	0	510	506	
12	0	0	0	0	509	508	
13	0	0	0	0	510	512	
14	0	0	0	0	507	519	
15	0	0	0	0	507	524	
0	0	0	0	0	505	530	
1	0	0	0	0	506	535	
2	0	0	0	0	509	543	
3	0	0	0	0	517	553	
4	0	0	0	0	530	558	
5	0	0	0	0	536	557	
6	0	0	0	0	536	553	
7	0	0	0	0	536	544	
8	0	0	0	0	534	532	
9	0	0	0	0	531	524	
10	0	0	0	0	524	519	
11	0	0	0	0	518	515	
12	0	0	0	0	513	515	
13	0	0	0	0	511	515	
14	0	0	0	0	508	515	
15	0	0	0	0	503	515	
0	0	0	0	0	494	519	
1	0	0	0	0	485	521	
2	0	0	0	0	477	522	
3	0	0	0	0	472	516	
4	0	0	0	0	471	506	
5	0	0	0	0	471	497	
6	0	0	0	0	472	492	
7	0	0	0	0	469	493	
8	0	0	0	0	467	496	
9	0	0	0	0	465	501	
10	0	0	0	0	463	503	
11	0	0	0	0	463	509	
12	0	0	0	0	465	514	
13	0	0	0	0	470	519	
14	0	0	0	0	479	521	
15	0	0	0	0	492	519	
0	0	0	0	0	503	519	
1	0	0	0	0	515	519	
2	0	0	0	0	527	512	
3	0	0	0	0	531	501	
4	0	0	0	0	532	492	
5	0	0	0	0	531	484	
6	0	0	0	0	528	476	
7	0	0	0	0	525	463	
8	0	0	0	0	519	456	
9	0	0	0	0	511	454	
10	0	0	0	0	507	455	
11	0	0	0	0	503	460	
12	0	0	0	0	504	462	
13	0	0	0	0	506	467	
14	0	0	0	0	507	472	
15	0	0	0	0	504	476	
0	0	0	0	0	495	477	
1	0	0	0	0	490	479	
2	0	0	0	0	489	480	
3	0	0	0	0	488	484	
4	0	0	0	0	492	489	
5	0	0	0	0	496	495	
6	0	0	0	0	499	501	
7	0	0	0	0	498	505	
8	0	0	0	0	500	508	
9	0	0	0	0	505	514	
10	0	0	0	0	512	519	
11	0	0	0	0	519	519	
12	0	0	0	0	527	516	
13	0	0	0	0	534	520	
14	0	0	0	0	539	526	
15	0	0	0	0	545	533	
0	0	0	0	0	554	535	
1	0	0	0	0	563	536	
2	0	0	0	0	569	532	
3	0	0	0	0	571	527	
4	0	0	0	0	571	522	
5	0	0	0	0	569	518	
6	0	0	0	0	565	510	
7	0	0	0	0	560	502	
8	0	0	0	0	557	492	
9	0	0	0	0	553	484	
10	0	0	0	0	547	478	
11	0	0	0	0	545	475	
12	0	0	0	0	547	473	
13	0	0	0	0	544	465	
14	0	0	0	0	542	454	
15	0	0	0	0	540	438	
0	0	0	0	0	539	426	
1	0	0	0	0	537	415	
2	0	0	0	0	540	410	
3	0	0	0	0	542	406	
4	0	0	0	0	543	408	
5	0	0	0	0	545	412	
6	0	0	0	0	548	419	
7	0	0	0	0	551	427	
8	0	0	0	0	552	438	
9	0	0	0	0	552	449	
10	0	0	0	0	551	457	
11	0	0	0	0	553	461	
12	0	0	0	0	557	461	
13	0	0	0	0	558	461	
14	0	0	0	0	557	461	
15	0	0	0	0	557	462	
0	0	0	0	0	553	460	
1	0	0	0	0	554	461	
2	0	0	0	0	553	462	
3	0	0	0	0	555	467	
4	0	0	0	0	558	472	
5	0	0	0	0	559	479	
6	0	0	0	0	560	483	
7	0	0	0	0	559	483	
8	0	0	0	0	556	479	
9	0	0	0	0	550	472	
10	0	0	0	0	545	471	
11	0	0	0	0	542	472	
12	0	0	0	0	540	476	
13	0	0	0	0	537	481	
14	0	0	0	0	536	489	
15	0	0	0	0	540	494	
0	0	0	0	0	543	499	
1	0	0	0	0	547	502	
2	0	0	0	0	548	504	
3	0	0	0	0	550	504	
4	0	0	0	0	550	504	
5	0	0	0	0	548	504	
6	0	0	0	0	545	504	
7	0	0	0	0	541	505	
8	0	0	0	0	536	505	
9	0	0	0	0	534	506	
10	0	0	0	0	537	506	
11	0	0	0	0	544	507	
12	0	0	0	0	556	508	
13	0	0	0	0	568	512	
14	0	0	0	0	579	519	
15	0	0	0	0	583	520	
0	0	0	0	0	584	519	
1	0	0	0	0	583	513	
2	0	0	0	0	582	506	
3	0	0	0	0	579	501	
4	0	0	0	0	574	497	
5	0	0	0	0	567	490	
6	0	0	0	0	560	485	
7	0	0	0	0	552	482	
8	0	0	0	0	553	479	
9	0	0	0	0	560	479	
10	0	0	0	0	567	480	
11	0	0	0	0	574	479	
12	0	0	0	0	579	478	
13	0	0	0	0	582	475	
14	0	0	0	0	587	476	
15	0	0	0	0	585	474	
0	0	0	0	0	582	472	
1	0	0	0	0	577	467	
2	0	0	0	0	572	467	
3	0	0	0	0	570	469	
4	0	0	0	0	567	468	
5	0	0	0	0	565	470	
6	0	0	0	0	566	476	
7	0	0	0	0	563	482	
8	0	0	0	0	558	490	
9	0	0	0	0	552	497	
10	0	0	0	0	551	506	
11	0	0	0	0	553	514	
12	0	0	0	0	553	521	
13	0	0	0	0	552	525	
14	0	0	0	0	551	528	
15	0	0	0	0	551	531	
0	0	0	0	0	551	534	
1	0	0	0	0	548	535	
2	0	0	0	0	548	535	
3	0	0	0	0	552	540	
4	0	0	0	0	559	541	
5	0	0	0	0	563	541	
6	0	0	0	0	564	540	
7	0	0	0	0	566	542	
8	0	0	0	0	570	541	
9	0	0	0	0	574	536	
10	0	0	0	0	575	535	
11	0	0	0	0	575	532	
12	0	0	0	0	576	534	
13	0	0	0	0	576	536	
14	0	0	0	0	580	538	
15	0	0	0	0	583	542	
0	0	0	0	0	584	546	
1	0	0	0	0	583	547	
2	0	0	0	0	577	542	
3	0	0	0	0	568	536	
4	0	0	0	0	561	531	
5	0	0	0	0	558	529	
6	0	0	0	0	559	525	
7	0	0	0	0	561	524	
8	0	0	0	0	563	528	
9	0	0	0	0	559	529	
10	0	0	0	0	557	527	
11	0	0	0	0	557	526	
12	0	0	0	0	565	526	
13	0	0	0	0	570	524	
14	0	0	0	0	573	519	
15	0	0	0	0	576	516	
0	0	0	0	0	579	515	
1	0	0	0	0	582	515	
2	0	0	0	0	583	512	
3	0	0	0	0	581	511	
4	0	0	0	0	580	508	
5	0	0	0	0	583	504	
6	0	0	0	0	583	502	
7	0	0	0	0	583	505	
8	0	0	0	0	580	512	
9	0	0	0	0	579	521	
10	0	0	0	0	577	530	
11	0	0	0	0	576	535	
12	0	0	0	0	576	536	
13	0	0	0	0	580	536	
14	0	0	0	0	583	531	
15	0	0	0	0	588	527	
0	0	0	0	0	588	523	
1	0	0	0	0	589	518	
2	0	0	0	0	589	512	
3	0	0	0	0	587	508	
4	0	0	0	0	586	505	
5	0	0	0	0	581	499	
6	0	0	0	0	577	493	
7	0	0	0	0	577	486	
8	0	0	0	0	581	480	
9	0	0	0	0	584	475	
10	0	0	0	0	583	470	
11	0	0	0	0	579	465	
12	0	0	0	0	575	459	
13	0	0	0	0	563	452	
14	0	0	0	0	552	445	
15	0	0	0	0	541	442	
0	0	0	0	0	536	446	
1	0	0	0	0	536	450	
2	0	0	0	0	540	453	
3	0	0	0	0	548	457	
4	0	0	0	0	555	463	
5	0	0	0	0	559	474	
6	0	0	0	0	563	486	
7	0	0	0	0	569	496	
8	0	0	0	0	575	508	
9	0	0	0	0	577	517	
10	0	0	0	0	579	522	
11	0	0	0	0	580	527	
12	0	0	0	0	579	530	
13	0	0	0	0	574	529	
14	0	0	0	0	565	525	
15	0	0	0	0	555	524	
0	0	0	0	0	545	524	
1	0	0	0	0	539	527	
2	0	0	0	0	534	528	
3	0	0	0	0	532	526	
4	0	0	0	0	534	519	
5	0	0	0	0	536	510	
6	0	0	0	0	534	504	
7	0	0	0	0	531	497	
8	0	0	0	0	531	492	
9	0	0	0	0	534	492	
10	0	0	0	0	533	495	
11	0	0	0	0	530	494	
12	0	0	0	0	527	486	
13	0	0	0	0	524	476	
14	0	0	0	0	521	472	
15	0	0	0	0	512	467	
0	0	0	0	0	505	467	
1	0	0	0	0	504	472	
2	0	0	0	0	502	476	
3	0	0	0	0	499	480	
4	0	0	0	0	498	481	
5	0	0	0	0	495	483	
6	0	0	0	0	494	492	
7	0	0	0	0	494	499	
8	0	0	0	0	491	505	
9	0	0	0	0	490	505	
10	0	0	0	0	489	500	
11	0	0	0	0	484	497	
12	0	0	0	0	479	496	
13	0	0	0	0	474	500	
14	0	0	0	0	472	504	
15	0	0	0	0	473	510	
0	0	0	0	0	473	512	
1	0	0	0	0	475	515	
2	0	0	0	0	479	516	
3	0	0	0	0	483	514	
4	0	0	0	0	487	513	
5	0	0	0	0	488	508	
6	0	0	0	0	487	500	
7	0	0	0	0	484	490	
8	0	0	0	0	481	478	
9	0	0	0	0	483	472	
10	0	0	0	0	484	472	
11	0	0	0	0	481	476	
12	0	0	0	0	476	481	
13	0	0	0	0	470	484	
14	0	0	0	0	463	486	
15	0	0	0	0	458	488	
0	0	0	0	0	449	489	
1	0	0	0	0	442	493	
2	0	0	0	0	435	493	
3	0	0	0	0	436	496	
4	0	0	0	0	444	497	
5	0	0	0	0	454	494	
6	0	0	0	0	464	486	
7	0	0	0	0	471	478	
8	0	0	0	0	476	476	
9	0	0	0	0	481	481	
10	0	0	0	0	488	489	
11	0	0	0	0	499	499	
12	0	0	0	0	509	506	
13	0	0	0	0	518	511	
14	0	0	0	0	524	512	
15	0	0	0	0	529	512	
0	0	0	0	0	532	515	
1	0	0	0	0	536	520	
2	0	0	0	0	537	523	
3	0	0	0	0	540	523	
4	0	0	0	0	542	520	
5	0	0	0	0	544	515	
6	0	0	0	0	543	507	
7	0	0	0	0	538	498	
8	0	0	0	0	534	491	
9	0	0	0	0	529	486	
10	0	0	0	0	528	477	
11	0	0	0	0	526	466	
12	0	0	0	0	520	454	
13	0	0	0	0	518	450	
14	0	0	0	0	513	448	
15	0	0	0	0	505	443	
0	0	0	0	0	500	440	
1	0	0	0	0	496	439	
2	0	0	0	0	492	442	
3	0	0	0	0	487	450	
4	0	0	0	0	485	457	
5	0	0	0	0	483	464	
6	0	0	0	0	484	472	
7	0	0	0	0	485	480	
8	0	0	0	0	489	484	
9	0	0	0	0	497	488	
10	0	0	0	0	504	487	
11	0	0	0	0	508	481	
12	0	0	0	0	517	475	
13	0	0	0	0	524	467	
14	0	0	0	0	530	462	
15	0	0	0	0	532	461	
0	0	0	0	0	529	463	
1	0	0	0	0	524	467	
2	0	0	0	0	514	470	
3	0	0	0	0	502	476	
4	0	0	0	0	493	479	
5	0	0	0	0	488	482	
6	0	0	0	0	494	489	
7	0	0	0	0	504	493	
8	0	0	0	0	521	493	
9	0	0	0	0	535	492	
10	0	0	0	0	543	484	
11	0	0	0	0	548	475	
12	0	0	0	0	551	467	
13	0	0	0	0	553	464	
14	0	0	0	0	551	467	
15	0	0	0	0	547	472	
0	0	0	0	0	541	479	
1	0	0	0	0	536	485	
2	0	0	0	0	528	493	
3	0	0	0	0	524	501	
4	0	0	0	0	518	510	
5	0	0	0	0	511	513	
6	0	0	0	0	505	516	
7	0	0	0	0	501	514	
8	0	0	0	0	498	507	
9	0	0	0	0	497	503	
10	0	0	0	0	493	501	
11	0	0	0	0	491	502	
12	0	0	0	0	493	499	
13	0	0	0	0	498	493	
14	0	0	0	0	508	486	
15	0	0	0	0	512	486	
0	0	0	0	0	513	493	
1	0	0	0	0	520	503	
2	0	0	0	0	528	512	
3	0	0	0	0	535	517	
4	0	0	0	0	540	515	
5	0	0	0	0	548	510	
6	0	0	0	0	552	507	
7	0	0	0	0	555	508	
8	0	0	0	0	557	509	
9	0	0	0	0	558	512	
10	0	0	0	0	559	514	
11	0	0	0	0	560	510	
12	0	0	0	0	563	501	
13	0	0	0	0	564	491	
14	0	0	0	0	568	481	
15	0	0	0	0	569	473	
0	0	0	0	0	568	460	
1	0	0	0	0	564	453	
2	0	0	0	0	559	448	
3	0	0	0	0	555	444	
4	0	0	0	0	550	447	
5	0	0	0	0	545	451	
6	0	0	0	0	543	454	
7	0	0	0	0	543	459	
8	0	0	0	0	550	466	
9	0	0	0	0	556	472	
10	0	0	0	0	558	478	
11	0	0	0	0	560	480	
12	0	0	0	0	565	483	
13	0	0	0	0	572	484	
14	0	0	0	0	576	489	
15	0	0	0	0	574	491	
0	0	0	0	0	573	488	
1	0	0	0	0	571	487	
2	0	0	0	0	571	490	
3	0	0	0	0	574	493	
4	0	0	0	0	578	497	
5	0	0	0	0	581	507	
6	0	0	0	0	587	515	
7	0	0	0	0	593	518	
8	0	0	0	0	599	518	
9	0	0	0	0	600	517	
10	0	0	0	0	600	515	
11	0	0	0	0	600	511	
12	0	0	0	0	596	508	
13	0	0	0	0	587	502	
14	0	0	0	0	576	497	
15	0	0	0	0	568	496	
0	0	0	0	0	561	494	
1	0	0	0	0	554	492	
2	0	0	0	0	545	488	
3	0	0	0	0	539	483	
4	0	0	0	0	541	475	
5	0	0	0	0	543	470	
6	0	0	0	0	547	467	
7	0	0	0	0	548	466	
8	0	0	0	0	550	468	
9	0	0	0	0	549	473	
10	0	0	0	0	547	478	
11	0	0	0	0	549	485	
12	0	0	0	0	554	493	
13	0	0	0	0	557	502	
14	0	0	0	0	557	504	
15	0	0	0	0	555	507	
0	0	0	0	0	555	511	
1	0	0	0	0	555	517	
2	0	0	0	0	557	527	
3	0	0	0	0	557	536	
4	0	0	0	0	556	541	
5	0	0	0	0	556	545	
6	0	0	0	0	556	551	
7	0	0	0	0	553	558	
8	0	0	0	0	550	564	
9	0	0	0	0	545	568	
10	0	0	0	0	539	569	
11	0	0	0	0	531	568	
12	0	0	0	0	524	565	
13	0	0	0	0	519	560	
14	0	0	0	0	516	559	
15	0	0	0	0	514	559	
0	0	0	0	0	512	556	
1	0	0	0	0	510	548	
2	0	0	0	0	509	545	
3	0	0	0	0	507	547	
4	0	0	0	0	508	545	
5	0	0	0	0	508	537	
6	0	0	0	0	512	527	
7	0	0	0	0	516	518	
8	0	0	0	0	518	508	
9	0	0	0	0	516	496	
10	0	0	0	0	519	484	
11	0	0	0	0	518	474	
12	0	0	0	0	521	465	
13	0	0	0	0	527	463	
14	0	0	0	0	532	466	
15	0	0	0	0	539	473	
0	0	0	0	0	548	484	
1	0	0	0	0	554	497	
2	0	0	0	0	555	504	
3	0	0	0	0	557	507	
4	0	0	0	0	558	508	
5	0	0	0	0	556	509	
6	0	0	0	0	552	509	
7	0	0	0	0	546	510	
8	0	0	0	0	540	510	
9	0	0	0	0	535	509	
10	0	0	0	0	531	508	
11	0	0	0	0	534	512	
12	0	0	0	0	542	517	
13	0	0	0	0	550	521	
14	0	0	0	0	559	524	
15	0	0	0	0	570	521	
0	0	0	0	0	579	513	
1	0	0	0	0	583	505	
2	0	0	0	0	583	492	
3	0	0	0	0	585	482	
4	0	0	0	0	590	476	
5	0	0	0	0	595	473	
6	0	0	0	0	600	468	
7	0	0	0	0	601	464	
8	0	0	0	0	599	457	
9	0	0	0	0	597	454	
10	0	0	0	0	598	451	
11	0	0	0	0	602	454	
12	0	0	0	0	608	453	
13	0	0	0	0	611	450	
14	0	0	0	0	609	446	
15	0	0	0	0	609	437	
0	0	0	0	0	606	428	
1	0	0	0	0	607	424	
2	0	0	0	0	613	425	
3	0	0	0	0	619	427	
4	0	0	0	0	623	437	
5	0	0	0	0	623	444	
6	0	0	0	0	626	453	
7	0	0	0	0	628	461	
8	0	0	0	0	631	469	
9	0	0	0	0	637	475	
10	0	0	0	0	641	475	
11	0	0	0	0	644	470	
12	0	0	0	0	644	462	
13	0	0	0	0	645	455	
14	0	0	0	0	646	445	
15	0	0	0	0	644	443	
0	0	0	0	0	644	434	
1	0	0	0	0	645	430	
2	0	0	0	0	645	417	
3	0	0	0	0	642	414	
4	0	0	0	0	644	406	
5	0	0	0	0	646	397	
6	0	0	0	0	652	388	
7	0	0	0	0	657	384	
8	0	0	0	0	656	381	
9	0	0	0	0	650	379	
10	0	0	0	0	641	374	
11	0	0	0	0	634	369	
12	0	0	0	0	632	364	
13	0	0	0	0	633	360	
14	0	0	0	0	638	365	
15	0	0	0	0	641	364	
0	0	0	0	0	648	380	
1	0	0	0	0	655	393	
2	0	0	0	0	657	407	
3	0	0	0	0	652	416	
4	0	0	0	0	644	422	
5	0	0	0	0	628	423	
6	0	0	0	0	613	420	
7	0	0	0	0	602	417	
8	0	0	0	0	603	415	
9	0	0	0	0	609	413	
10	0	0	0	0	613	413	
11	0	0	0	0	615	412	
12	0	0	0	0	615	406	
13	0	0	0	0	611	407	
14	0	0	0	0	609	406	
15	0	0	0	0	605	409	
0	0	0	0	0	600	409	
1	0	0	0	0	594	414	
2	0	0	0	0	586	416	
3	0	0	0	0	579	422	
4	0	0	0	0	574	429	
5	0	0	0	0	572	435	
6	0	0	0	0	571	438	
7	0	0	0	0	568	440	
8	0	0	0	0	566	443	
9	0	0	0	0	563	444	
10	0	0	0	0	562	444	
11	0	0	0	0	558	443	
12	0	0	0	0	552	440	
13	0	0	0	0	547	432	
14	0	0	0	0	538	427	
15	0	0	0	0	530	419	
0	0	0	0	0	522	411	
1	0	0	0	0	518	404	
2	0	0	0	0	516	402	
3	0	0	0	0	517	399	
4	0	0	0	0	519	394	
5	0	0	0	0	526	387	
6	0	0	0	0	533	380	
7	0	0	0	0	540	375	
8	0	0	0	0	549	372	
9	0	0	0	0	557	376	
10	0	0	0	0	561	378	
11	0	0	0	0	569	389	
12	0	0	0	0	577	393	
13	0	0	0	0	583	399	
14	0	0	0	0	591	400	
15	0	0	0	0	599	399	
0	0	0	0	0	603	394	
1	0	0	0	0	606	389	
2	0	0	0	0	603	380	
3	0	0	0	0	600	371	
4	0	0	0	0	595	364	
5	0	0	0	0	588	358	
6	0	0	0	0	584	354	
7	0	0	0	0	580	352	
8	0	0	0	0	569	359	
9	0	0	0	0	558	360	
10	0	0	0	0	547	369	
11	0	0	0	0	538	382	
12	0	0	0	0	527	396	
13	0	0	0	0	515	407	
14	0	0	0	0	505	415	
15	0	0	0	0	501	419	
0	0	0	0	0	492	423	
1	0	0	0	0	486	429	
2	0	0	0	0	481	433	
3	0	0	0	0	477	437	
4	0	0	0	0	474	439	
5	0	0	0	0	469	442	
6	0	0	0	0	466	443	
7	0	0	0	0	464	444	
8	0	0	0	0	464	445	
9	0	0	0	0	460	441	
10	0	0	0	0	454	438	
11	0	0	0	0	449	431	
12	0	0	0	0	446	424	
13	0	0	0	0	444	415	
14	0	0	0	0	447	410	
15	0	0	0	0	452	408	
0	0	0	0	0	457	411	
1	0	0	0	0	463	411	
2	0	0	0	0	473	412	
3	0	0	0	0	487	414	
4	0	0	0	0	505	415	
5	0	0	0	0	515	415	
6	0	0	0	0	521	413	
7	0	0	0	0	526	415	
8	0	0	0	0	528	414	
9	0	0	0	0	533	413	
10	0	0	0	0	540	417	
11	0	0	0	0	543	416	
12	0	0	0	0	542	423	
13	0	0	0	0	537	430	
14	0	0	0	0	527	441	
15	0	0	0	0	516	448	
0	0	0	0	0	504	451	
1	0	0	0	0	492	453	
2	0	0	0	0	483	454	
3	0	0	0	0	476	454	
4	0	0	0	0	470	451	
5	0	0	0	0	467	446	
6	0	0	0	0	464	437	
7	0	0	0	0	462	428	
8	0	0	0	0	461	426	
9	0	0	0	0	463	432	
10	0	0	0	0	465	444	
11	0	0	0	0	468	460	
12	0	0	0	0	470	472	
13	0	0	0	0	471	487	
14	0	0	0	0	474	497	
15	0	0	0	0	481	503	
0	0	0	0	0	490	503	
1	0	0	0	0	498	505	
2	0	0	0	0	505	506	
3	0	0	0	0	515	504	
4	0	0	0	0	523	504	
5	0	0	0	0	532	502	
6	0	0	0	0	542	499	
7	0	0	0	0	549	498	
8	0	0	0	0	551	500	
9	0	0	0	0	549	508	
10	0	0	0	0	543	512	
11	0	0	0	0	537	517	
12	0	0	0	0	528	523	
13	0	0	0	0	514	530	
14	0	0	0	0	502	535	
15	0	0	0	0	488	535	
0	0	0	0	0	477	530	
1	0	0	0	0	468	526	
2	0	0	0	0	460	523	
3	0	0	0	0	460	519	
4	0	0	0	0	462	515	
5	0	0	0	0	466	515	
6	0	0	0	0	469	518	
7	0	0	0	0	471	517	
8	0	0	0	0	471	514	
9	0	0	0	0	473	506	
10	0	0	0	0	475	494	
11	0	0	0	0	479	486	
12	0	0	0	0	488	479	
13	0	0	0	0	497	473	
14	0	0	0	0	507	470	
15	0	0	0	0	516	472	
0	0	0	0	0	524	473	
1	0	0	0	0	530	478	
2	0	0	0	0	533	487	
3	0	0	0	0	537	493	
4	0	0	0	0	542	498	
5	0	0	0	0	544	501	
6	0	0	0	0	544	505	
7	0	0	0	0	541	506	
8	0	0	0	0	534	505	
9	0	0	0	0	528	506	
10	0	0	0	0	524	511	
11	0	0	0	0	518	516	
12	0	0	0	0	510	522	
13	0	0	0	0	500	524	
14	0	0	0	0	495	527	
15	0	0	0	0	493	532	
0	0	0	0	0	487	529	
1	0	0	0	0	487	526	
2	0	0	0	0	487	517	
3	0	0	0	0	487	515	
4	0	0	0	0	490	512	
5	0	0	0	0	492	510	
6	0	0	0	0	493	507	
7	0	0	0	0	494	505	
8	0	0	0	0	490	504	
9	0	0	0	0	489	507	
10	0	0	0	0	491	510	
11	0	0	0	0	491	512	
12	0	0	0	0	492	515	
13	0	0	0	0	492	516	
14	0	0	0	0	494	516	
15	0	0	0	0	493	513	
0	0	0	0	0	489	509	
1	0	0	0	0	481	504	
2	0	0	0	0	474	502	
3	0	0	0	0	467	498	
4	0	0	0	0	460	495	
5	0	0	0	0	452	492	
6	0	0	0	0	446	492	
7	0	0	0	0	446	495	
8	0	0	0	0	446	500	
9	0	0	0	0	448	503	
10	0	0	0	0	447	504	
11	0	0	0	0	444	510	
12	0	0	0	0	441	518	
13	0	0	0	0	436	525	
14	0	0	0	0	433	528	
15	0	0	0	0	432	531	
0	0	0	0	0	434	532	
1	0	0	0	0	432	531	
2	0	0	0	0	432	533	
3	0	0	0	0	434	532	
4	0	0	0	0	438	531	
5	0	0	0	0	444	531	
6	0	0	0	0	448	529	
7	0	0	0	0	451	531	
8	0	0	0	0	448	530	
9	0	0	0	0	448	529	
10	0	0	0	0	451	529	
11	0	0	0	0	453	528	
12	0	0	0	0	452	529	
13	0	0	0	0	448	534	
14	0	0	0	0	451	534	
15	0	0	0	0	455	537	
0	0	0	0	0	455	540	
1	0	0	0	0	454	547	
2	0	0	0	0	446	551	
3	0	0	0	0	438	559	
4	0	0	0	0	433	566	
5	0	0	0	0	433	571	
6	0	0	0	0	433	574	
7	0	0	0	0	430	573	
8	0	0	0	0	426	570	
9	0	0	0	0	425	565	
10	0	0	0	0	426	558	
11	0	0	0	0	428	550	
12	0	0	0	0	429	539	
13	0	0	0	0	424	534	
14	0	0	0	0	419	531	
15	0	0	0	0	418	540	
0	0	0	0	0	419	554	
1	0	0	0	0	421	563	
2	0	0	0	0	427	573	
3	0	0	0	0	436	575	
4	0	0	0	0	451	576	
5	0	0	0	0	467	573	
6	0	0	0	0	479	572	
7	0	0	0	0	489	568	
8	0	0	0	0	495	562	
9	0	0	0	0	500	558	
10	0	0	0	0	502	553	
11	0	0	0	0	504	551	
12	0	0	0	0	505	552	
13	0	0	0	0	508	551	
14	0	0	0	0	505	548	
15	0	0	0	0	500	547	
0	0	0	0	0	494	544	
1	0	0	0	0	487	542	
2	0	0	0	0	483	540	
3	0	0	0	0	481	536	
4	0	0	0	0	482	540	
5	0	0	0	0	484	544	
6	0	0	0	0	487	545	
7	0	0	0	0	488	543	
8	0	0	0	0	489	540	
9	0	0	0	0	494	537	
10	0	0	0	0	502	536	
11	0	0	0	0	510	537	
12	0	0	0	0	516	541	
13	0	0	0	0	524	543	
14	0	0	0	0	530	543	
15	0	0	0	0	533	549	
0	0	0	0	0	529	556	
1	0	0	0	0	515	557	
2	0	0	0	0	496	560	
3	0	0	0	0	471	571	
4	0	0	0	0	448	584	
5	0	0	0	0	425	596	
6	0	0	0	0	408	608	
7	0	0	0	0	395	619	
8	0	0	0	0	387	627	
9	0	0	0	0	387	636	
10	0	0	0	0	389	644	
11	0	0	0	0	391	649	
12	0	0	0	0	396	655	
13	0	0	0	0	400	659	
14	0	0	0	0	404	661	
15	0	0	0	0	407	659	
0	0	0	0	0	407	659	
1	0	0	0	0	406	651	
2	0	0	0	0	403	652	
3	0	0	0	0	404	651	
4	0	0	0	0	407	654	
5	0	0	0	0	411	655	
6	0	0	0	0	417	651	
7	0	0	0	0	421	644	
8	0	0	0	0	426	634	
9	0	0	0	0	429	625	
10	0	0	0	0	429	611	
11	0	0	0	0	430	600	
12	0	0	0	0	427	591	
13	0	0	0	0	421	587	
14	0	0	0	0	417	585	
15	0	0	0	0	413	587	
0	0	0	0	0	408	590	
1	0	0	0	0	401	596	
2	0	0	0	0	401	600	
3	0	0	0	0	407	606	
4	0	0	0	0	412	611	
5	0	0	0	0	414	614	
6	0	0	0	0	417	616	
7	0	0	0	0	417	617	
8	0	0	0	0	421	617	
9	0	0	0	0	427	617	
10	0	0	0	0	433	614	
11	0	0	0	0	436	612	
12	0	0	0	0	440	601	
13	0	0	0	0	442	600	
14	0	0	0	0	444	597	
15	0	0	0	0	441	596	
0	0	0	0	0	435	604	
1	0	0	0	0	429	614	
2	0	0	0	0	424	625	
3	0	0	0	0	423	627	
4	0	0	0	0	421	624	
5	0	0	0	0	422	622	
6	0	0	0	0	423	622	
7	0	0	0	0	428	619	
8	0	0	0	0	432	619	
9	0	0	0	0	437	620	
10	0	0	0	0	442	625	
11	0	0	0	0	446	620	
12	0	0	0	0	453	616	
13	0	0	0	0	457	612	
14	0	0	0	0	466	609	
15	0	0	0	0	470	606	
0	0	0	0	0	471	600	
1	0	0	0	0	474	594	
2	0	0	0	0	476	588	
3	0	0	0	0	475	587	
4	0	0	0	0	471	584	
5	0	0	0	0	462	581	
6	0	0	0	0	459	582	
7	0	0	0	0	459	583	
8	0	0	0	0	460	577	
9	0	0	0	0	463	572	
10	0	0	0	0	466	565	
11	0	0	0	0	469	560	
12	0	0	0	0	474	557	
13	0	0	0	0	478	554	
14	0	0	0	0	476	551	
15	0	0	0	0	470	550	
0	0	0	0	0	466	549	
1	0	0	0	0	460	553	
2	0	0	0	0	454	558	
3	0	0	0	0	449	562	
4	0	0	0	0	443	560	
5	0	0	0	0	434	555	
6	0	0	0	0	424	552	
7	0	0	0	0	420	547	
8	0	0	0	0	418	543	
9	0	0	0	0	418	532	
10	0	0	0	0	422	518	
11	0	0	0	0	430	508	
12	0	0	0	0	437	504	
13	0	0	0	0	443	505	
14	0	0	0	0	448	511	
15	0	0	0	0	451	519	
0	0	0	0	0	458	527	
1	0	0	0	0	465	538	
2	0	0	0	0	469	547	
3	0	0	0	0	473	553	
4	0	0	0	0	478	560	
5	0	0	0	0	478	565	
6	0	0	0	0	478	566	
7	0	0	0	0	478	568	
8	0	0	0	0	477	568	
9	0	0	0	0	476	568	
10	0	0	0	0	474	566	
11	0	0	0	0	470	559	
12	0	0	0	0	466	555	
13	0	0	0	0	461	547	
14	0	0	0	0	459	539	
15	0	0	0	0	455	531	
0	0	0	0	0	451	527	
1	0	0	0	0	447	528	
2	0	0	0	0	439	527	
3	0	0	0	0	435	526	
4	0	0	0	0	438	527	
5	0	0	0	0	441	526	
6	0	0	0	0	444	524	
7	0	0	0	0	450	518	
8	0	0	0	0	456	511	
9	0	0	0	0	460	505	
10	0	0	0	0	468	503	
11	0	0	0	0	480	506	
12	0	0	0	0	489	507	
13	0	0	0	0	496	510	
14	0	0	0	0	499	513	
15	0	0	0	0	502	521	
0	0	0	0	0	503	527	
1	0	0	0	0	502	529	
2	0	0	0	0	497	529	
3	0	0	0	0	492	530	
4	0	0	0	0	486	530	
5	0	0	0	0	477	532	
6	0	0	0	0	473	533	
7	0	0	0	0	476	534	
8	0	0	0	0	482	536	
9	0	0	0	0	488	538	
10	0	0	0	0	492	542	
11	0	0	0	0	497	544	
12	0	0	0	0	498	545	
13	0	0	0	0	493	544	
14	0	0	0	0	483	540	
15	0	0	0	0	472	537	
0	0	0	0	0	466	537	
1	0	0	0	0	464	535	
2	0	0	0	0	464	530	
3	0	0	0	0	463	523	
4	0	0	0	0	464	511	
5	0	0	0	0	462	502	
6	0	0	0	0	462	497	
7	0	0	0	0	461	491	
8	0	0	0	0	462	487	
9	0	0	0	0	463	486	
10	0	0	0	0	466	488	
11	0	0	0	0	469	491	
12	0	0	0	0	476	491	
13	0	0	0	0	483	487	
14	0	0	0	0	491	482	
15	0	0	0	0	497	477	
0	0	0	0	0	503	475	
1	0	0	0	0	504	480	
2	0	0	0	0	507	489	
3	0	0	0	0	508	499	
4	0	0	0	0	508	513	
5	0	0	0	0	505	526	
6	0	0	0	0	502	534	
7	0	0	0	0	499	540	
8	0	0	0	0	494	543	
9	0	0	0	0	489	546	
10	0	0	0	0	486	550	
11	0	0	0	0	483	553	
12	0	0	0	0	478	555	
13	0	0	0	0	469	553	
14	0	0	0	0	462	546	
15	0	0	0	0	455	537	
0	0	0	0	0	446	526	
1	0	0	0	0	443	513	
2	0	0	0	0	446	503	
3	0	0	0	0	448	495	
4	0	0	0	0	450	493	
5	0	0	0	0	457	496	
6	0	0	0	0	465	507	
7	0	0	0	0	473	516	
8	0	0	0	0	480	521	
9	0	0	0	0	486	521	
10	0	0	0	0	493	523	
11	0	0	0	0	494	522	
12	0	0	0	0	493	521	
13	0	0	0	0	488	521	
14	0	0	0	0	482	524	
15	0	0	0	0	473	528	
0	0	0	0	0	467	527	
1	0	0	0	0	463	530	
2	0	0	0	0	455	533	
3	0	0	0	0	451	534	
4	0	0	0	0	448	531	
5	0	0	0	0	448	531	
6	0	0	0	0	448	530	
7	0	0	0	0	449	529	
8	0	0	0	0	450	527	
9	0	0	0	0	452	529	
10	0	0	0	0	457	531	
11	0	0	0	0	463	534	
12	0	0	0	0	471	536	
13	0	0	0	0	483	536	
14	0	0	0	0	494	532	
15	0	0	0	0	500	524	
0	0	0	0	0	502	517	
1	0	0	0	0	494	510	
2	0	0	0	0	484	505	
3	0	0	0	0	475	499	
4	0	0	0	0	465	496	
5	0	0	0	0	457	497	
6	0	0	0	0	451	496	
7	0	0	0	0	449	496	
8	0	0	0	0	449	499	
9	0	0	0	0	454	504	
10	0	0	0	0	461	516	
11	0	0	0	0	471	524	
12	0	0	0	0	479	531	
13	0	0	0	0	481	532	
14	0	0	0	0	481	534	
15	0	0	0	0	476	527	
0	0	0	0	0	471	520	
1	0	0	0	0	471	512	
2	0	0	0	0	470	503	
3	0	0	0	0	472	496	
4	0	0	0	0	474	494	
5	0	0	0	0	473	496	
6	0	0	0	0	475	496	
7	0	0	0	0	476	494	
8	0	0	0	0	479	492	
9	0	0	0	0	481	492	
10	0	0	0	0	488	492	
11	0	0	0	0	493	497	
12	0	0	0	0	495	502	
13	0	0	0	0	492	505	
14	0	0	0	0	487	501	
15	0	0	0	0	478	492	
0	0	0	0	0	467	480	
1	0	0	0	0	459	475	
2	0	0	0	0	457	476	
3	0	0	0	0	456	481	
4	0	0	0	0	462	489	
5	0	0	0	0	465	501	
6	0	0	0	0	470	515	
7	0	0	0	0	473	525	
8	0	0	0	0	475	531	
9	0	0	0	0	475	531	
10	0	0	0	0	477	534	
11	0	0	0	0	480	539	
12	0	0	0	0	481	544	
13	0	0	0	0	484	553	
14	0	0	0	0	487	558	
15	0	0	0	0	490	559	
0	0	0	0	0	487	552	
1	0	0	0	0	487	542	
2	0	0	0	0	488	529	
3	0	0	0	0	487	517	
4	0	0	0	0	489	506	
5	0	0	0	0	495	498	
6	0	0	0	0	498	492	
7	0	0	0	0	496	489	
8	0	0	0	0	495	490	
9	0	0	0	0	498	494	
10	0	0	0	0	503	497	
11	0	0	0	0	501	502	
12	0	0	0	0	497	506	
13	0	0	0	0	489	510	
14	0	0	0	0	478	510	
15	0	0	0	0	467	507	
0	0	0	0	0	459	504	
1	0	0	0	0	457	503	
2	0	0	0	0	457	499	
3	0	0	0	0	461	499	
4	0	0	0	0	463	497	
5	0	0	0	0	466	495	
6	0	0	0	0	472	497	
7	0	0	0	0	477	501	
8	0	0	0	0	482	508	
9	0	0	0	0	482	513	
10	0	0	0	0	484	517	
11	0	0	0	0	486	520	
12	0	0	0	0	483	523	
13	0	0	0	0	476	525	
14	0	0	0	0	469	529	
15	0	0	0	0	462	524	
0	0	0	0	0	457	515	
1	0	0	0	0	452	504	
2	0	0	0	0	452	492	
3	0	0	0	0	455	483	
4	0	0	0	0	459	478	
5	0	0	0	0	462	476	
6	0	0	0	0	467	473	
7	0	0	0	0	471	473	
8	0	0	0	0	475	472	
9	0	0	0	0	480	472	
10	0	0	0	0	487	473	
11	0	0	0	0	499	477	
12	0	0	0	0	509	488	
13	0	0	0	0	513	501	
14	0	0	0	0	519	511	
15	0	0	0	0	523	521	
0	0	0	0	0	524	527	
1	0	0	0	0	524	532	
2	0	0	0	0	521	529	
3	0	0	0	0	516	524	
4	0	0	0	0	513	515	
5	0	0	0	0	511	507	
6	0	0	0	0	511	497	
7	0	0	0	0	512	486	
8	0	0	0	0	513	478	
9	0	0	0	0	516	477	
10	0	0	0	0	516	480	
11	0	0	0	0	516	483	
12	0	0	0	0	518	484	
13	0	0	0	0	518	483	
14	0	0	0	0	516	486	
15	0	0	0	0	511	489	
0	0	0	0	0	501	491	
1	0	0	0	0	498	493	
2	0	0	0	0	497	493	
3	0	0	0	0	498	496	
4	0	0	0	0	499	503	
5	0	0	0	0	505	514	
6	0	0	0	0	509	529	
7	0	0	0	0	516	541	
8	0	0	0	0	525	548	
9	0	0	0	0	532	547	
10	0	0	0	0	536	539	
11	0	0	0	0	536	532	
12	0	0	0	0	535	524	
13	0	0	0	0	534	515	
14	0	0	0	0	536	510	
15	0	0	0	0	537	507	
0	0	0	0	0	542	508	
1	0	0	0	0	548	509	
2	0	0	0	0	556	514	
3	0	0	0	0	564	521	
4	0	0	0	0	574	530	
5	0	0	0	0	580	538	
6	0	0	0	0	582	546	
7	0	0	0	0	583	555	
8	0	0	0	0	581	558	
9	0	0	0	0	579	558	
10	0	0	0	0	570	556	
11	0	0	0	0	561	556	
12	0	0	0	0	555	553	
13	0	0	0	0	547	552	
14	0	0	0	0	540	555	
15	0	0	0	0	532	558	
0	0	0	0	0	525	560	
1	0	0	0	0	523	563	
2	0	0	0	0	522	563	
3	0	0	0	0	524	563	
4	0	0	0	0	526	566	
5	0	0	0	0	531	566	
6	0	0	0	0	541	564	
7	0	0	0	0	547	557	
8	0	0	0	0	552	553	
9	0	0	0	0	554	553	
10	0	0	0	0	559	553	
11	0	0	0	0	568	547	
12	0	0	0	0	576	542	
13	0	0	0	0	579	537	
14	0	0	0	0	580	526	
15	0	0	0	0	581	514	
0	0	0	0	0	578	509	
1	0	0	0	0	575	510	
2	0	0	0	0	573	519	
3	0	0	0	0	566	530	
4	0	0	0	0	560	538	
5	0	0	0	0	553	546	
6	0	0	0	0	546	551	
7	0	0	0	0	539	551	
8	0	0	0	0	535	551	
9	0	0	0	0	527	551	
10	0	0	0	0	521	554	
11	0	0	0	0	519	558	
12	0	0	0	0	519	561	
13	0	0	0	0	521	566	
14	0	0	0	0	526	571	
15	0	0	0	0	528	577	
0	0	0	0	0	527	579	
1	0	0	0	0	525	583	
2	0	0	0	0	524	588	
3	0	0	0	0	521	591	
4	0	0	0	0	516	592	
5	0	0	0	0	511	590	
6	0	0	0	0	504	579	
7	0	0	0	0	499	569	
8	0	0	0	0	496	559	
9	0	0	0	0	498	550	
10	0	0	0	0	499	539	
11	0	0	0	0	499	534	
12	0	0	0	0	504	531	
13	0	0	0	0	509	530	
14	0	0	0	0	514	527	
15	0	0	0	0	520	519	
0	0	0	0	0	523	507	
1	0	0	0	0	523	499	
2	0	0	0	0	519	494	
3	0	0	0	0	517	494	
4	0	0	0	0	515	495	
5	0	0	0	0	512	498	
6	0	0	0	0	513	504	
7	0	0	0	0	517	510	
8	0	0	0	0	523	511	
9	0	0	0	0	525	512	
10	0	0	0	0	525	513	
11	0	0	0	0	526	513	
12	0	0	0	0	522	514	
13	0	0	0	0	516	518	
14	0	0	0	0	511	521	
15	0	0	0	0	507	524	
0	0	0	0	0	509	528	
1	0	0	0	0	511	533	
2	0	0	0	0	515	540	
3	0	0	0	0	519	547	
4	0	0	0	0	522	553	
5	0	0	0	0	526	558	
6	0	0	0	0	529	562	
7	0	0	0	0	531	564	
8	0	0	0	0	531	564	
9	0	0	0	0	531	563	
10	0	0	0	0	534	564	
11	0	0	0	0	538	563	
12	0	0	0	0	541	563	
13	0	0	0	0	543	564	
14	0	0	0	0	541	567	
15	0	0	0	0	536	571	
0	0	0	0	0	527	575	
1	0	0	0	0	515	577	
2	0	0	0	0	508	580	
3	0	0	0	0	505	582	
4	0	0	0	0	504	581	
5	0	0	0	0	503	577	
6	0	0	0	0	501	577	
7	0	0	0	0	502	574	
8	0	0	0	0	504	567	
9	0	0	0	0	505	558	
10	0	0	0	0	504	555	
11	0	0	0	0	504	557	
12	0	0	0	0	507	559	
13	0	0	0	0	511	555	
14	0	0	0	0	514	546	
15	0	0	0	0	517	539	
0	0	0	0	0	523	534	
1	0	0	0	0	528	531	
2	0	0	0	0	532	531	
3	0	0	0	0	540	531	
4	0	0	0	0	547	532	
5	0	0	0	0	556	536	
6	0	0	0	0	559	540	
7	0	0	0	0	556	544	
8	0	0	0	0	553	551	
9	0	0	0	0	550	555	
10	0	0	0	0	548	558	
11	0	0	0	0	546	558	
12	0	0	0	0	547	556	
13	0	0	0	0	547	553	
14	0	0	0	0	546	549	
15	0	0	0	0	547	547	
0	0	0	0	0	549	546	
1	0	0	0	0	554	545	
2	0	0	0	0	557	543	
3	0	0	0	0	560	543	
4	0	0	0	0	563	543	
5	0	0	0	0	563	546	
6	0	0	0	0	563	545	
7	0	0	0	0	561	545	
8	0	0	0	0	565	546	
9	0	0	0	0	567	548	
10	0	0	0	0	567	548	
11	0	0	0	0	570	550	
12	0	0	0	0	573	550	
13	0	0	0	0	574	547	
14	0	0	0	0	572	542	
15	0	0	0	0	569	536	
0	0	0	0	0	563	531	
1	0	0	0	0	557	527	
2	0	0	0	0	551	522	
3	0	0	0	0	548	516	
4	0	0	0	0	547	513	
5	0	0	0	0	545	513	
6	0	0	0	0	548	520	
7	0	0	0	0	550	534	
8	0	0	0	0	550	551	
9	0	0	0	0	551	564	
10	0	0	0	0	547	570	
11	0	0	0	0	541	570	
12	0	0	0	0	534	568	
13	0	0	0	0	531	566	
14	0	0	0	0	527	556	
15	0	0	0	0	525	550	
0	0	0	0	0	526	544	
1	0	0	0	0	528	539	
2	0	0	0	0	536	535	
3	0	0	0	0	544	531	
4	0	0	0	0	551	526	
5	0	0	0	0	554	518	
6	0	0	0	0	557	514	
7	0	0	0	0	555	513	
8	0	0	0	0	551	513	
9	0	0	0	0	546	515	
10	0	0	0	0	542	517	
11	0	0	0	0	540	522	
12	0	0	0	0	540	526	
13	0	0	0	0	542	529	
14	0	0	0	0	547	532	
15	0	0	0	0	549	534	
0	0	0	0	0	551	535	
1	0	0	0	0	553	534	
2	0	0	0	0	553	528	
3	0	0	0	0	555	523	
4	0	0	0	0	556	519	
5	0	0	0	0	556	515	
6	0	0	0	0	560	513	
7	0	0	0	0	562	514	
8	0	0	0	0	565	512	
9	0	0	0	0	566	506	
10	0	0	0	0	566	505	
11	0	0	0	0	565	508	
12	0	0	0	0	562	514	
13	0	0	0	0	556	520	
14	0	0	0	0	552	525	
15	0	0	0	0	550	524	
0	0	0	0	0	549	522	
1	0	0	0	0	550	521	
2	0	0	0	0	550	516	
3	0	0	0	0	548	512	
4	0	0	0	0	546	508	
5	0	0	0	0	539	504	
6	0	0	0	0	531	496	
7	0	0	0	0	526	492	
8	0	0	0	0	526	487	
9	0	0	0	0	528	481	
10	0	0	0	0	530	482	
11	0	0	0	0	528	479	
12	0	0	0	0	528	474	
13	0	0	0	0	532	469	
14	0	0	0	0	536	466	
15	0	0	0	0	540	464	
0	0	0	0	0	546	469	
1	0	0	0	0	551	472	
2	0	0	0	0	555	474	
3	0	0	0	0	557	477	
4	0	0	0	0	555	480	
5	0	0	0	0	548	481	
6	0	0	0	0	540	491	
7	0	0	0	0	534	499	
8	0	0	0	0	531	509	
9	0	0	0	0	529	517	
10	0	0	0	0	525	524	
11	0	0	0	0	526	526	
12	0	0	0	0	527	527	
13	0	0	0	0	524	528	
14	0	0	0	0	523	534	
15	0	0	0	0	522	537	
0	0	0	0	0	524	538	
1	0	0	0	0	529	543	
2	0	0	0	0	537	549	
3	0	0	0	0	544	555	
4	0	0	0	0	551	555	
5	0	0	0	0	556	552	
6	0	0	0	0	558	555	
7	0	0	0	0	556	554	
8	0	0	0	0	555	551	
9	0	0	0	0	556	547	
10	0	0	0	0	560	541	
11	0	0	0	0	561	537	
12	0	0	0	0	561	531	
13	0	0	0	0	561	532	
14	0	0	0	0	563	536	
15	0	0	0	0	561	537	
0	0	0	0	0	561	539	
1	0	0	0	0	559	542	
2	0	0	0	0	556	543	
3	0	0	0	0	553	540	
4	0	0	0	0	550	537	
5	0	0	0	0	543	535	
6	0	0	0	0	543	530	
7	0	0	0	0	546	522	
8	0	0	0	0	549	514	
9	0	0	0	0	550	508	
10	0	0	0	0	550	498	
11	0	0	0	0	552	491	
12	0	0	0	0	556	490	
13	0	0	0	0	558	484	
14	0	0	0	0	560	486	
15	0	0	0	0	561	488	
0	0	0	0	0	566	491	
1	0	0	0	0	571	496	
2	0	0	0	0	578	503	
3	0	0	0	0	588	509	
4	0	0	0	0	592	517	
5	0	0	0	0	595	524	
6	0	0	0	0	595	526	
7	0	0	0	0	593	526	
8	0	0	0	0	593	526	
9	0	0	0	0	597	526	
10	0	0	0	0	600	521	
11	0	0	0	0	606	521	
12	0	0	0	0	611	521	
13	0	0	0	0	618	523	
14	0	0	0	0	625	526	
15	0	0	0	0	631	526	
0	0	0	0	0	633	525	
1	0	0	0	0	634	521	
2	0	0	0	0	631	520	
3	0	0	0	0	632	524	
4	0	0	0	0	635	529	
5	0	0	0	0	634	537	
6	0	0	0	0	632	545	
7	0	0	0	0	628	551	
8	0	0	0	0	621	553	
9	0	0	0	0	617	551	
10	0	0	0	0	614	550	
11	0	0	0	0	611	546	
12	0	0	0	0	608	542	
13	0	0	0	0	605	538	
14	0	0	0	0	603	538	
15	0	0	0	0	600	540	
0	0	0	0	0	595	537	
1	0	0	0	0	592	526	
2	0	0	0	0	587	511	
3	0	0	0	0	583	499	
4	0	0	0	0	580	490	
5	0	0	0	0	581	480	
6	0	0	0	0	584	474	
7	0	0	0	0	588	471	
8	0	0	0	0	591	466	
9	0	0	0	0	596	463	
10	0	0	0	0	599	459	
11	0	0	0	0	604	447	
12	0	0	0	0	609	435	
13	0	0	0	0	614	430	
14	0	0	0	0	618	429	
15	0	0	0	0	621	428	
0	0	0	0	0	622	432	
1	0	0	0	0	622	435	
2	0	0	0	0	616	437	
3	0	0	0	0	608	435	
4	0	0	0	0	605	430	
5	0	0	0	0	600	425	
6	0	0	0	0	598	421	
7	0	0	0	0	591	420	
8	0	0	0	0	588	415	
9	0	0	0	0	585	407	
10	0	0	0	0	585	407	
11	0	0	0	0	582	402	
12	0	0	0	0	580	401	
13	0	0	0	0	576	400	
14	0	0	0	0	574	403	
15	0	0	0	0	571	406	
0	0	0	0	0	567	412	
1	0	0	0	0	562	419	
2	0	0	0	0	559	428	
3	0	0	0	0	559	435	
4	0	0	0	0	561	435	
5	0	0	0	0	565	440	
6	0	0	0	0	571	440	
7	0	0	0	0	575	439	
8	0	0	0	0	577	426	
9	0	0	0	0	574	414	
10	0	0	0	0	575	403	
11	0	0	0	0	575	395	
12	0	0	0	0	573	387	
13	0	0	0	0	568	381	
14	0	0	0	0	565	377	
15	0	0	0	0	565	374	
0	0	0	0	0	568	371	
1	0	0	0	0	569	370	
2	0	0	0	0	570	372	
3	0	0	0	0	571	375	
4	0	0	0	0	572	379	
5	0	0	0	0	569	383	
6	0	0	0	0	562	389	
7	0	0	0	0	552	390	
8	0	0	0	0	547	395	
9	0	0	0	0	541	391	
10	0	0	0	0	536	390	
11	0	0	0	0	529	384	
12	0	0	0	0	523	381	
13	0	0	0	0	517	370	
14	0	0	0	0	516	366	
15	0	0	0	0	518	368	
0	0	0	0	0	520	375	
1	0	0	0	0	522	380	
2	0	0	0	0	524	378	
3	0	0	0	0	526	373	
4	0	0	0	0	527	368	
5	0	0	0	0	527	369	
6	0	0	0	0	528	371	
7	0	0	0	0	531	384	
8	0	0	0	0	534	392	
9	0	0	0	0	538	403	
10	0	0	0	0	541	411	
11	0	0	0	0	549	417	
12	0	0	0	0	556	419	
13	0	0	0	0	562	416	
14	0	0	0	0	567	412	
15	0	0	0	0	569	409	
0	0	0	0	0	567	407	
1	0	0	0	0	566	401	
2	0	0	0	0	560	398	
3	0	0	0	0	555	392	
4	0	0	0	0	550	386	
5	0	0	0	0	542	382	
6	0	0	0	0	538	381	
7	0	0	0	0	534	376	
8	0	0	0	0	527	381	
9	0	0	0	0	524	388	
10	0	0	0	0	518	395	
11	0	0	0	0	510	403	
12	0	0	0	0	508	416	
13	0	0	0	0	507	430	
14	0	0	0	0	504	438	
15	0	0	0	0	500	439	
0	0	0	0	0	494	439	
1	0	0	0	0	488	436	
2	0	0	0	0	480	433	
3	0	0	0	0	474	430	
4	0	0	0	0	466	425	
5	0	0	0	0	461	421	
6	0	0	0	0	459	417	
7	0	0	0	0	459	417	
8	0	0	0	0	462	424	
9	0	0	0	0	466	427	
10	0	0	0	0	472	428	
11	0	0	0	0	478	431	
12	0	0	0	0	482	436	
13	0	0	0	0	485	435	
14	0	0	0	0	483	435	
15	0	0	0	0	479	437	
0	0	0	0	0	477	440	
1	0	0	0	0	476	444	
2	0	0	0	0	482	446	
3	0	0	0	0	493	448	
4	0	0	0	0	509	450	
5	0	0	0	0	524	453	
6	0	0	0	0	534	451	
7	0	0	0	0	537	448	
8	0	0	0	0	534	446	
9	0	0	0	0	526	445	
10	0	0	0	0	516	448	
11	0	0	0	0	508	455	
12	0	0	0	0	504	465	
13	0	0	0	0	500	476	
14	0	0	0	0	494	484	
15	0	0	0	0	483	491	
0	0	0	0	0	478	496	
1	0	0	0	0	470	501	
2	0	0	0	0	458	508	
3	0	0	0	0	444	513	
4	0	0	0	0	433	515	
5	0	0	0	0	423	514	
6	0	0	0	0	416	512	
7	0	0	0	0	412	513	
8	0	0	0	0	409	512	
9	0	0	0	0	406	509	
10	0	0	0	0	403	508	
11	0	0	0	0	402	508	
12	0	0	0	0	406	507	
13	0	0	0	0	413	511	
14	0	0	0	0	424	514	
15	0	0	0	0	436	521	
0	0	0	0	0	448	529	
1	0	0	0	0	461	539	
2	0	0	0	0	473	547	
3	0	0	0	0	478	556	
4	0	0	0	0	480	563	
5	0	0	0	0	481	568	
6	0	0	0	0	480	570	
7	0	0	0	0	475	569	
8	0	0	0	0	475	567	
9	0	0	0	0	472	562	
10	0	0	0	0	468	551	
11	0	0	0	0	464	542	
12	0	0	0	0	458	531	
13	0	0	0	0	453	521	
14	0	0	0	0	451	508	
15	0	0	0	0	454	500	
0	0	0	0	0	455	493	
1	0	0	0	0	455	491	
2	0	0	0	0	451	494	
3	0	0	0	0	449	497	
4	0	0	0	0	446	503	
5	0	0	0	0	444	512	
6	0	0	0	0	440	518	
7	0	0	0	0	436	524	
8	0	0	0	0	432	526	
9	0	0	0	0	433	529	
10	0	0	0	0	437	530	
11	0	0	0	0	445	534	
12	0	0	0	0	453	539	
13	0	0	0	0	457	545	
14	0	0	0	0	458	553	
15	0	0	0	0	454	561	
0	0	0	0	0	449	571	
1	0	0	0	0	444	574	
2	0	0	0	0	435	572	
3	0	0	0	0	427	564	
4	0	0	0	0	422	559	
5	0	0	0	0	422	552	
6	0	0	0	0	424	548	
7	0	0	0	0	428	546	
8	0	0	0	0	430	548	
9	0	0	0	0	433	552	
10	0	0	0	0	438	558	
11	0	0	0	0	442	565	
12	0	0	0	0	445	569	
13	0	0	0	0	449	572	
14	0	0	0	0	450	573	
15	0	0	0	0	450	572	
0	0	0	0	0	448	569	
1	0	0	0	0	446	567	
2	0	0	0	0	446	560	
3	0	0	0	0	451	551	
4	0	0	0	0	458	543	
5	0	0	0	0	464	537	
6	0	0	0	0	471	531	
7	0	0	0	0	476	527	
8	0	0	0	0	480	527	
9	0	0	0	0	489	526	
10	0	0	0	0	499	529	
11	0	0	0	0	508	536	
12	0	0	0	0	508	548	
13	0	0	0	0	507	564	
14	0	0	0	0	502	579	
15	0	0	0	0	496	592	
0	0	0	0	0	489	608	
1	0	0	0	0	483	623	
2	0	0	0	0	479	641	
3	0	0	0	0	475	660	
4	0	0	0	0	473	675	
5	0	0	0	0	471	676	
6	0	0	0	0	466	675	
7	0	0	0	0	462	668	
8	0	0	0	0	459	666	
9	0	0	0	0	458	659	
10	0	0	0	0	456	653	
11	0	0	0	0	455	650	
12	0	0	0	0	455	650	
13	0	0	0	0	451	652	
14	0	0	0	0	441	649	
15	0	0	0	0	427	647	
0	0	0	0	0	411	643	
1	0	0	0	0	402	640	
2	0	0	0	0	395	634	
3	0	0	0	0	389	628	
4	0	0	0	0	388	624	
5	0	0	0	0	388	624	
6	0	0	0	0	390	624	
7	0	0	0	0	388	621	
8	0	0	0	0	383	621	
9	0	0	0	0	379	620	
10	0	0	0	0	380	622	
11	0	0	0	0	380	627	
12	0	0	0	0	383	633	
13	0	0	0	0	387	641	
14	0	0	0	0	391	641	
15	0	0	0	0	393	644	
0	0	0	0	0	392	645	
1	0	0	0	0	389	649	
2	0	0	0	0	384	656	
3	0	0	0	0	379	664	
4	0	0	0	0	370	676	
5	0	0	0	0	362	691	
6	0	0	0	0	356	704	
7	0	0	0	0	350	714	
8	0	0	0	0	343	726	
9	0	0	0	0	334	726	
10	0	0	0	0	331	729	
11	0	0	0	0	331	719	
12	0	0	0	0	332	716	
13	0	0	0	0	329	711	
14	0	0	0	0	329	705	
15	0	0	0	0	333	702	
0	0	0	0	0	340	703	
1	0	0	0	0	344	700	
2	0	0	0	0	350	694	
3	0	0	0	0	354	695	
4	0	0	0	0	355	693	
5	0	0	0	0	354	691	
6	0	0	0	0	353	684	
7	0	0	0	0	352	675	
8	0	0	0	0	353	663	
9	0	0	0	0	351	656	
10	0	0	0	0	349	646	
11	0	0	0	0	348	641	
12	0	0	0	0	347	632	
13	0	0	0	0	344	625	
14	0	0	0	0	347	622	
15	0	0	0	0	352	625	
0	0	0	0	0	363	632	
1	0	0	0	0	375	633	
2	0	0	0	0	389	634	
3	0	0	0	0	402	636	
4	0	0	0	0	412	639	
5	0	0	0	0	417	641	
6	0	0	0	0	418	640	
7	0	0	0	0	414	636	
8	0	0	0	0	409	639	
9	0	0	0	0	402	639	
10	0	0	0	0	393	638	
11	0	0	0	0	386	632	
12	0	0	0	0	384	624	
13	0	0	0	0	383	622	
14	0	0	0	0	384	628	
15	0	0	0	0	389	639	
0	0	0	0	0	395	649	
1	0	0	0	0	399	656	
2	0	0	0	0	404	657	
3	0	0	0	0	410	661	
4	0	0	0	0	413	665	
5	0	0	0	0	417	664	
6	0	0	0	0	420	661	
7	0	0	0	0	423	660	
8	0	0	0	0	426	643	
9	0	0	0	0	427	630	
10	0	0	0	0	426	618	
11	0	0	0	0	427	610	
12	0	0	0	0	430	603	
13	0	0	0	0	435	595	
14	0	0	0	0	440	587	
15	0	0	0	0	447	581	
0	0	0	0	0	452	575	
1	0	0	0	0	453	570	
2	0	0	0	0	454	565	
3	0	0	0	0	457	559	
4	0	0	0	0	460	552	
5	0	0	0	0	464	542	
6	0	0	0	0	464	532	
7	0	0	0	0	463	524	
8	0	0	0	0	462	515	
9	0	0	0	0	462	515	
10	0	0	0	0	462	517	
11	0	0	0	0	464	520	
12	0	0	0	0	467	524	
13	0	0	0	0	472	529	
14	0	0	0	0	475	536	
15	0	0	0	0	477	548	
0	0	0	0	0	481	553	
1	0	0	0	0	486	560	
2	0	0	0	0	491	565	
3	0	0	0	0	492	570	
4	0	0	0	0	495	577	
5	0	0	0	0	495	583	
6	0	0	0	0	494	584	
7	0	0	0	0	491	583	
8	0	0	0	0	487	581	
9	0	0	0	0	481	576	
10	0	0	0	0	470	571	
11	0	0	0	0	464	569	
12	0	0	0	0	460	572	
13	0	0	0	0	457	580	
14	0	0	0	0	458	590	
15	0	0	0	0	459	598	
0	0	0	0	0	461	600	
1	0	0	0	0	461	598	
2	0	0	0	0	462	595	
3	0	0	0	0	461	591	
4	0	0	0	0	459	589	
5	0	0	0	0	455	592	
6	0	0	0	0	455	594	
7	0	0	0	0	459	592	
8	0	0	0	0	464	592	
9	0	0	0	0	466	590	
10	0	0	0	0	464	585	
11	0	0	0	0	460	582	
12	0	0	0	0	457	583	
13	0	0	0	0	451	584	
14	0	0	0	0	448	583	
15	0	0	0	0	444	583	
0	0	0	0	0	445	585	
1	0	0	0	0	448	588	
2	0	0	0	0	455	591	
3	0	0	0	0	463	592	
4	0	0	0	0	474	597	
5	0	0	0	0	480	596	
6	0	0	0	0	483	595	
7	0	0	0	0	483	589	
8	0	0	0	0	480	582	
9	0	0	0	0	474	576	
10	0	0	0	0	467	573	
11	0	0	0	0	459	572	
12	0	0	0	0	454	571	
13	0	0	0	0	451	569	
14	0	0	0	0	452	568	
15	0	0	0	0	453	564	
0	0	0	0	0	459	562	
1	0	0	0	0	469	557	
2	0	0	0	0	479	556	
3	0	0	0	0	490	556	
4	0	0	0	0	497	556	
5	0	0	0	0	498	553	
6	0	0	0	0	495	548	
7	0	0	0	0	490	544	
8	0	0	0	0	485	538	
9	0	0	0	0	481	535	
10	0	0	0	0	475	530	
11	0	0	0	0	465	527	
12	0	0	0	0	457	529	
13	0	0	0	0	451	534	
14	0	0	0	0	448	540	
15	0	0	0	0	448	546	
0	0	0	0	0	447	551	
1	0	0	0	0	444	554	
2	0	0	0	0	438	556	
3	0	0	0	0	431	551	
4	0	0	0	0	428	546	
5	0	0	0	0	427	543	
6	0	0	0	0	427	536	
7	0	0	0	0	428	529	
8	0	0	0	0	429	523	
9	0	0	0	0	430	519	
10	0	0	0	0	431	516	
11	0	0	0	0	431	513	
12	0	0	0	0	433	508	
13	0	0	0	0	435	496	
14	0	0	0	0	437	486	
15	0	0	0	0	445	473	
0	0	0	0	0	451	467	
1	0	0	0	0	455	467	
2	0	0	0	0	459	472	
3	0	0	0	0	459	480	
4	0	0	0	0	461	490	
5	0	0	0	0	458	503	
6	0	0	0	0	452	518	
7	0	0	0	0	444	532	
8	0	0	0	0	439	546	
9	0	0	0	0	434	560	
10	0	0	0	0	429	568	
11	0	0	0	0	426	568	
12	0	0	0	0	425	562	
13	0	0	0	0	426	551	
14	0	0	0	0	429	543	
15	0	0	0	0	433	539	
0	0	0	0	0	440	535	
1	0	0	0	0	449	534	
2	0	0	0	0	455	537	
3	0	0	0	0	464	544	
4	0	0	0	0	473	550	
5	0	0	0	0	475	553	
6	0	0	0	0	477	550	
7	0	0	0	0	474	547	
8	0	0	0	0	468	543	
9	0	0	0	0	465	536	
10	0	0	0	0	459	529	
11	0	0	0	0	453	527	
12	0	0	0	0	451	525	
13	0	0	0	0	455	524	
14	0	0	0	0	461	519	
15	0	0	0	0	468	517	
0	0	0	0	0	478	518	
1	0	0	0	0	486	526	
2	0	0	0	0	495	534	
3	0	0	0	0	505	539	
4	0	0	0	0	515	543	
5	0	0	0	0	520	551	
6	0	0	0	0	525	555	
7	0	0	0	0	529	559	
8	0	0	0	0	530	559	
9	0	0	0	0	531	556	
10	0	0	0	0	531	551	
11	0	0	0	0	527	546	
12	0	0	0	0	524	540	
13	0	0	0	0	519	536	
14	0	0	0	0	513	530	
15	0	0	0	0	508	526	
0	0	0	0	0	504	526	
1	0	0	0	0	502	526	
2	0	0	0	0	504	523	
3	0	0	0	0	506	518	
4	0	0	0	0	506	516	
5	0	0	0	0	505	519	
6	0	0	0	0	504	520	
7	0	0	0	0	501	520	
8	0	0	0	0	497	518	
9	0	0	0	0	495	518	
10	0	0	0	0	494	522	
11	0	0	0	0	494	530	
12	0	0	0	0	491	540	
13	0	0	0	0	489	545	
14	0	0	0	0	486	550	
15	0	0	0	0	484	556	
0	0	0	0	0	486	559	
1	0	0	0	0	488	561	
2	0	0	0	0	495	564	
3	0	0	0	0	504	568	
4	0	0	0	0	511	569	
5	0	0	0	0	516	567	
6	0	0	0	0	518	558	
7	0	0	0	0	515	550	
8	0	0	0	0	514	540	
9	0	0	0	0	513	530	
10	0	0	0	0	508	521	
11	0	0	0	0	503	516	
12	0	0	0	0	500	515	
13	0	0	0	0	497	516	
14	0	0	0	0	496	521	
15	0	0	0	0	502	525	
0	0	0	0	0	506	530	
1	0	0	0	0	510	529	
2	0	0	0	0	510	524	
3	0	0	0	0	504	518	
4	0	0	0	0	494	517	
5	0	0	0	0	482	520	
6	0	0	0	0	473	526	
7	0	0	0	0	463	532	
8	0	0	0	0	459	539	
9	0	0	0	0	459	542	
10	0	0	0	0	465	547	
11	0	0	0	0	478	553	
12	0	0	0	0	491	557	
13	0	0	0	0	496	563	
14	0	0	0	0	495	565	
15	0	0	0	0	493	568	
0	0	0	0	0	492	569	
1	0	0	0	0	493	565	
2	0	0	0	0	489	559	
3	0	0	0	0	486	558	
4	0	0	0	0	487	557	
5	0	0	0	0	491	556	
6	0	0	0	0	495	551	
7	0	0	0	0	499	550	
8	0	0	0	0	502	547	
9	0	0	0	0	500	549	
10	0	0	0	0	497	546	
11	0	0	0	0	494	545	
12	0	0	0	0	491	544	
13	0	0	0	0	485	541	
14	0	0	0	0	478	539	
15	0	0	0	0	473	535	
0	0	0	0	0	472	529	
1	0	0	0	0	471	520	
2	0	0	0	0	472	513	
3	0	0	0	0	472	508	
4	0	0	0	0	472	501	
5	0	0	0	0	475	499	
6	0	0	0	0	479	504	
7	0	0	0	0	486	515	
8	0	0	0	0	496	525	
9	0	0	0	0	502	534	
10	0	0	0	0	504	542	
11	0	0	0	0	508	549	
12	0	0	0	0	512	551	
13	0	0	0	0	511	546	
14	0	0	0	0	511	540	
15	0	0	0	0	510	530	
0	0	0	0	0	508	519	
1	0	0	0	0	508	507	
2	0	0	0	0	504	501	
3	0	0	0	0	499	495	
4	0	0	0	0	495	493	
5	0	0	0	0	493	493	
6	0	0	0	0	494	494	
7	0	0	0	0	493	494	
8	0	0	0	0	488	496	
9	0	0	0	0	476	495	
10	0	0	0	0	467	495	
11	0	0	0	0	459	497	
12	0	0	0	0	455	496	
13	0	0	0	0	451	492	
14	0	0	0	0	449	487	
15	0	0	0	0	449	486	
0	0	0	0	0	453	489	
1	0	0	0	0	460	498	
2	0	0	0	0	468	504	
3	0	0	0	0	478	508	
4	0	0	0	0	487	509	
5	0	0	0	0	495	510	
6	0	0	0	0	500	519	
7	0	0	0	0	504	527	
8	0	0	0	0	509	534	
9	0	0	0	0	511	539	
10	0	0	0	0	515	538	
11	0	0	0	0	520	534	
12	0	0	0	0	527	529	
13	0	0	0	0	529	526	
14	0	0	0	0	527	521	
15	0	0	0	0	522	517	
0	0	0	0	0	516	516	
1	0	0	0	0	510	513	
2	0	0	0	0	504	511	
3	0	0	0	0	501	510	
4	0	0	0	0	500	507	
5	0	0	0	0	498	502	
6	0	0	0	0	497	500	
7	0	0	0	0	498	494	
8	0	0	0	0	503	486	
9	0	0	0	0	508	481	
10	0	0	0	0	511	486	
11	0	0	0	0	515	495	
12	0	0	0	0	517	503	
13	0	0	0	0	516	508	
14	0	0	0	0	516	510	
15	0	0	0	0	514	509	
0	0	0	0	0	512	510	
1	0	0	0	0	508	512	
2	0	0	0	0	499	511	
3	0	0	0	0	491	504	
4	0	0	0	0	483	496	
5	0	0	0	0	477	488	
6	0	0	0	0	476	484	
7	0	0	0	0	479	482	
8	0	0	0	0	479	483	
9	0	0	0	0	477	482	
10	0	0	0	0	479	479	
11	0	0	0	0	483	472	
12	0	0	0	0	487	464	
13	0	0	0	0	489	458	
14	0	0	0	0	489	457	
15	0	0	0	0	489	455	
0	0	0	0	0	491	453	
1	0	0	0	0	491	449	
2	0	0	0	0	488	451	
3	0	0	0	0	483	455	
4	0	0	0	0	480	459	
5	0	0	0	0	472	459	
6	0	0	0	0	469	460	
7	0	0	0	0	469	466	
8	0	0	0	0	471	471	
9	0	0	0	0	473	476	
10	0	0	0	0	480	480	
11	0	0	0	0	486	483	
12	0	0	0	0	493	482	
13	0	0	0	0	500	481	
14	0	0	0	0	504	479	
15	0	0	0	0	505	476	
0	0	0	0	0	508	468	
1	0	0	0	0	510	458	
2	0	0	0	0	515	448	
3	0	0	0	0	521	443	
4	0	0	0	0	526	441	
5	0	0	0	0	530	436	
6	0	0	0	0	534	432	
7	0	0	0	0	536	430	
8	0	0	0	0	537	429	
9	0	0	0	0	537	433	
10	0	0	0	0	534	432	
11	0	0	0	0	533	435	
12	0	0	0	0	532	440	
13	0	0	0	0	531	449	
14	0	0	0	0	531	460	
15	0	0	0	0	534	472	
0	0	0	0	0	536	478	
1	0	0	0	0	537	483	
2	0	0	0	0	542	485	
3	0	0	0	0	542	484	
4	0	0	0	0	544	481	
5	0	0	0	0	545	475	
6	0	0	0	0	544	471	
7	0	0	0	0	546	468	
8	0	0	0	0	548	468	
9	0	0	0	0	549	470	
10	0	0	0	0	546	472	
11	0	0	0	0	541	475	
12	0	0	0	0	535	479	
13	0	0	0	0	536	483	
14	0	0	0	0	540	484	
15	0	0	0	0	544	481	
0	0	0	0	0	549	474	
1	0	0	0	0	553	471	
2	0	0	0	0	557	469	
3	0	0	0	0	560	468	
4	0	0	0	0	563	467	
5	0	0	0	0	564	468	
6	0	0	0	0	564	472	
7	0	0	0	0	565	478	
8	0	0	0	0	561	488	
9	0	0	0	0	559	504	
10	0	0	0	0	559	513	
11	0	0	0	0	559	518	
12	0	0	0	0	556	514	
13	0	0	0	0	555	507	
14	0	0	0	0	553	503	
15	0	0	0	0	550	500	
0	0	0	0	0	548	496	
1	0	0	0	0	545	491	
2	0	0	0	0	542	485	
3	0	0	0	0	540	485	
4	0	0	0	0	535	484	
5	0	0	0	0	533	483	
6	0	0	0	0	531	481	
7	0	0	0	0	533	480	
8	0	0	0	0	540	481	
9	0	0	0	0	546	483	
10	0	0	0	0	550	483	
11	0	0	0	0	556	487	
12	0	0	0	0	560	496	
13	0	0	0	0	561	501	
14	0	0	0	0	561	507	
15	0	0	0	0	562	513	
0	0	0	0	0	564	516	
1	0	0	0	0	565	512	
2	0	0	0	0	566	508	
3	0	0	0	0	566	499	
4	0	0	0	0	567	493	
5	0	0	0	0	574	491	
6	0	0	0	0	578	492	
7	0	0	0	0	581	489	
8	0	0	0	0	584	491	
9	0	0	0	0	587	493	
10	0	0	0	0	590	500	
11	0	0	0	0	594	500	
12	0	0	0	0	596	502	
13	0	0	0	0	596	497	
14	0	0	0	0	594	494	
15	0	0	0	0	591	491	
0	0	0	0	0	583	487	
1	0	0	0	0	574	481	
2	0	0	0	0	568	478	
3	0	0	0	0	565	477	
4	0	0	0	0	563	479	
5	0	0	0	0	561	482	
6	0	0	0	0	560	489	
7	0	0	0	0	561	493	
8	0	0	0	0	561	493	
9	0	0	0	0	559	496	
10	0	0	0	0	555	499	
11	0	0	0	0	551	504	
12	0	0	0	0	555	512	
13	0	0	0	0	561	519	
14	0	0	0	0	568	523	
15	0	0	0	0	572	523	
0	0	0	0	0	574	516	
1	0	0	0	0	574	505	
2	0	0	0	0	575	494	
3	0	0	0	0	572	485	
4	0	0	0	0	567	476	
5	0	0	0	0	564	476	
6	0	0	0	0	561	478	
7	0	0	0	0	560	482	
8	0	0	0	0	558	485	
9	0	0	0	0	556	490	
10	0	0	0	0	552	500	
11	0	0	0	0	546	512	
12	0	0	0	0	542	524	
13	0	0	0	0	542	535	
14	0	0	0	0	545	542	
15	0	0	0	0	551	547	
0	0	0	0	0	559	545	
1	0	0	0	0	565	536	
2	0	0	0	0	567	525	
3	0	0	0	0	564	515	
4	0	0	0	0	566	502	
5	0	0	0	0	563	485	
6	0	0	0	0	560	471	
7	0	0	0	0	558	460	
8	0	0	0	0	551	451	
9	0	0	0	0	544	445	
10	0	0	0	0	537	439	
11	0	0	0	0	534	433	
12	0	0	0	0	533	426	
13	0	0	0	0	530	424	
14	0	0	0	0	534	429	
15	0	0	0	0	541	439	
0	0	0	0	0	545	449	
1	0	0	0	0	547	457	
2	0	0	0	0	548	461	
3	0	0	0	0	549	465	
4	0	0	0	0	546	473	
5	0	0	0	0	543	476	
6	0	0	0	0	541	477	
7	0	0	0	0	540	470	
8	0	0	0	0	537	462	
9	0	0	0	0	536	455	
10	0	0	0	0	532	457	
11	0	0	0	0	528	459	
12	0	0	0	0	524	463	
13	0	0	0	0	515	466	
14	0	0	0	0	505	473	
15	0	0	0	0	495	484	
0	0	0	0	0	486	494	
1	0	0	0	0	479	499	
2	0	0	0	0	474	501	
3	0	0	0	0	469	502	
4	0	0	0	0	463	497	
5	0	0	0	0	459	494	
6	0	0	0	0	455	490	
7	0	0	0	0	455	487	
8	0	0	0	0	456	483	
9	0	0	0	0	458	476	
10	0	0	0	0	459	471	
11	0	0	0	0	461	464	
12	0	0	0	0	463	457	
13	0	0	0	0	469	454	
14	0	0	0	0	477	455	
15	0	0	0	0	486	459	
0	0	0	0	0	493	462	
1	0	0	0	0	496	460	
2	0	0	0	0	496	459	
3	0	0	0	0	499	462	
4	0	0	0	0	500	470	
5	0	0	0	0	502	480	
6	0	0	0	0	501	489	
7	0	0	0	0	497	493	
8	0	0	0	0	495	497	
9	0	0	0	0	492	497	
10	0	0	0	0	488	492	
11	0	0	0	0	484	485	
12	0	0	0	0	483	479	
13	0	0	0	0	483	476	
14	0	0	0	0	483	477	
15	0	0	0	0	487	480	
0	0	0	0	0	491	485	
1	0	0	0	0	494	492	
2	0	0	0	0	492	503	
3	0	0	0	0	485	512	
4	0	0	0	0	478	521	
5	0	0	0	0	472	528	
6	0	0	0	0	466	530	
7	0	0	0	0	463	526	
8	0	0	0	0	459	518	
9	0	0	0	0	462	516	
10	0	0	0	0	465	517	
11	0	0	0	0	465	519	
12	0	0	0	0	469	518	
13	0	0	0	0	473	514	
14	0	0	0	0	480	507	
15	0	0	0	0	488	500	
0	0	0	0	0	494	495	
1	0	0	0	0	495	488	
2	0	0	0	0	492	477	
3	0	0	0	0	488	467	
4	0	0	0	0	490	460	
5	0	0	0	0	492	456	
6	0	0	0	0	496	455	
7	0	0	0	0	498	451	
8	0	0	0	0	499	448	
9	0	0	0	0	504	452	
10	0	0	0	0	512	457	
11	0	0	0	0	523	468	
12	0	0	0	0	533	478	
13	0	0	0	0	542	489	
14	0	0	0	0	556	496	
15	0	0	0	0	563	499	
0	0	0	0	0	566	506	
1	0	0	0	0	563	507	
2	0	0	0	0	560	506	
3	0	0	0	0	557	507	
4	0	0	0	0	556	507	
5	0	0	0	0	556	507	
6	0	0	0	0	558	506	
7	0	0	0	0	560	500	
8	0	0	0	0	557	487	
9	0	0	0	0	552	471	
10	0	0	0	0	549	463	
11	0	0	0	0	545	454	
12	0	0	0	0	537	444	
13	0	0	0	0	526	431	
14	0	0	0	0	520	417	
15	0	0	0	0	515	408	
0	0	0	0	0	512	401	
1	0	0	0	0	505	398	
2	0	0	0	0	499	399	
3	0	0	0	0	494	403	
4	0	0	0	0	494	404	
5	0	0	0	0	490	408	
6	0	0	0	0	488	410	
7	0	0	0	0	486	412	
8	0	0	0	0	485	412	
9	0	0	0	0	487	414	
10	0	0	0	0	495	417	
11	0	0	0	0	507	422	
12	0	0	0	0	520	424	
13	0	0	0	0	532	424	
14	0	0	0	0	543	424	
15	0	0	0	0	554	423	
0	0	0	0	0	564	421	
1	0	0	0	0	568	417	
2	0	0	0	0	568	416	
3	0	0	0	0	566	417	
4	0	0	0	0	560	416	
5	0	0	0	0	555	414	
6	0	0	0	0	549	409	
7	0	0	0	0	541	414	
8	0	0	0	0	536	419	
9	0	0	0	0	534	425	
10	0	0	0	0	529	429	
11	0	0	0	0	524	429	
12	0	0	0	0	517	427	
13	0	0	0	0	509	423	
14	0	0	0	0	500	417	
15	0	0	0	0	489	413	
0	0	0	0	0	478	415	
1	0	0	0	0	468	423	
2	0	0	0	0	464	433	
3	0	0	0	0	465	454	
4	0	0	0	0	473	480	
5	0	0	0	0	482	502	
6	0	0	0	0	492	521	
7	0	0	0	0	501	533	
8	0	0	0	0	510	542	
9	0	0	0	0	519	547	
10	0	0	0	0	524	544	
11	0	0	0	0	529	536	
12	0	0	0	0	534	523	
13	0	0	0	0	537	509	
14	0	0	0	0	538	496	
15	0	0	0	0	538	482	
0	0	0	0	0	534	468	
1	0	0	0	0	536	457	
2	0	0	0	0	539	448	
3	0	0	0	0	544	444	
4	0	0	0	0	548	445	
5	0	0	0	0	551	448	
6	0	0	0	0	554	454	
7	0	0	0	0	556	454	
8	0	0	0	0	558	462	
9	0	0	0	0	559	465	
10	0	0	0	0	555	467	
11	0	0	0	0	554	471	
12	0	0	0	0	550	471	
13	0	0	0	0	540	466	
14	0	0	0	0	524	461	
15	0	0	0	0	510	463	
0	0	0	0	0	502	471	
1	0	0	0	0	503	481	
2	0	0	0	0	512	490	
3	0	0	0	0	523	499	
4	0	0	0	0	531	508	
5	0	0	0	0	533	519	
6	0	0	0	0	535	525	
7	0	0	0	0	537	531	
8	0	0	0	0	543	539	
9	0	0	0	0	548	548	
10	0	0	0	0	547	551	
11	0	0	0	0	541	551	
12	0	0	0	0	534	551	
13	0	0	0	0	530	557	
14	0	0	0	0	531	568	
15	0	0	0	0	534	583	
0	0	0	0	0	532	595	
1	0	0	0	0	533	602	
2	0	0	0	0	529	607	
3	0	0	0	0	521	603	
4	0	0	0	0	512	590	
5	0	0	0	0	504	568	
6	0	0	0	0	495	542	
7	0	0	0	0	487	514	
8	0	0	0	0	484	495	
9	0	0	0	0	486	485	
10	0	0	0	0	487	479	
11	0	0	0	0	487	473	
12	0	0	0	0	487	469	
13	0	0	0	0	483	467	
14	0	0	0	0	483	467	
15	0	0	0	0	480	471	
0	0	0	0	0	481	476	
1	0	0	0	0	488	481	
2	0	0	0	0	496	483	
3	0	0	0	0	504	483	
4	0	0	0	0	508	486	
5	0	0	0	0	511	491	
6	0	0	0	0	515	498	
7	0	0	0	0	518	504	
8	0	0	0	0	521	514	
9	0	0	0	0	531	524	
10	0	0	0	0	540	534	
11	0	0	0	0	542	542	
12	0	0	0	0	535	546	
13	0	0	0	0	522	550	
14	0	0	0	0	503	549	
15	0	0	0	0	485	548	
0	0	0	0	0	470	548	
1	0	0	0	0	461	551	
2	0	0	0	0	465	554	
3	0	0	0	0	470	556	
4	0	0	0	0	477	558	
5	0	0	0	0	486	555	
6	0	0	0	0	492	549	
7	0	0	0	0	496	546	
8	0	0	0	0	499	542	
9	0	0	0	0	499	539	
10	0	0	0	0	499	537	
11	0	0	0	0	496	535	
12	0	0	0	0	496	532	
13	0	0	0	0	492	530	
14	0	0	0	0	489	529	
15	0	0	0	0	486	528	
0	0	0	0	0	484	528	
1	0	0	0	0	481	528	
2	0	0	0	0	477	522	
3	0	0	0	0	473	515	
4	0	0	0	0	467	509	
5	0	0	0	0	464	500	
6	0	0	0	0	462	490	
7	0	0	0	0	463	482	
8	0	0	0	0	467	475	
9	0	0	0	0	474	474	
10	0	0	0	0	484	472	
11	0	0	0	0	494	471	
12	0	0	0	0	502	467	
13	0	0	0	0	507	468	
14	0	0	0	0	509	471	
15	0	0	0	0	511	474	
0	0	0	0	0	516	479	
1	0	0	0	0	525	486	
2	0	0	0	0	536	492	
3	0	0	0	0	543	495	
4	0	0	0	0	547	491	
5	0	0	0	0	547	484	
6	0	0	0	0	546	476	
7	0	0	0	0	539	470	
8	0	0	0	0	532	463	
9	0	0	0	0	525	458	
10	0	0	0	0	521	456	
11	0	0	0	0	521	459	
12	0	0	0	0	522	469	
13	0	0	0	0	523	480	
14	0	0	0	0	522	490	
15	0	0	0	0	521	497	
0	0	0	0	0	520	506	
1	0	0	0	0	520	514	
2	0	0	0	0	519	516	
3	0	0	0	0	516	513	
4	0	0	0	0	513	510	
5	0	0	0	0	509	505	
6	0	0	0	0	507	498	
7	0	0	0	0	502	491	
8	0	0	0	0	494	483	
9	0	0	0	0	485	477	
10	0	0	0	0	477	474	
11	0	0	0	0	469	472	
12	0	0	0	0	464	464	
13	0	0	0	0	460	457	
14	0	0	0	0	459	453	
15	0	0	0	0	463	455	
0	0	0	0	0	467	464	
1	0	0	0	0	473	479	
2	0	0	0	0	476	495	
3	0	0	0	0	481	518	
4	0	0	0	0	490	537	
5	0	0	0	0	495	551	
6	0	0	0	0	497	552	
7	0	0	0	0	500	548	
8	0	0	0	0	509	542	
9	0	0	0	0	519	536	
10	0	0	0	0	530	527	
11	0	0	0	0	537	519	
12	0	0	0	0	542	510	
13	0	0	0	0	545	503	
14	0	0	0	0	544	496	
15	0	0	0	0	544	488	
0	0	0	0	0	546	483	
1	0	0	0	0	548	481	
2	0	0	0	0	543	481	
3	0	0	0	0	532	481	
4	0	0	0	0	521	483	
5	0	0	0	0	513	483	
6	0	0	0	0	497	483	
7	0	0	0	0	480	486	
8	0	0	0	0	461	494	
9	0	0	0	0	444	508	
10	0	0	0	0	439	532	
11	0	0	0	0	445	555	
12	0	0	0	0	465	574	
13	0	0	0	0	493	584	
14	0	0	0	0	527	577	
15	0	0	0	0	563	561	
0	0	0	0	0	595	544	
1	0	0	0	0	616	524	
2	0	0	0	0	624	505	
3	0	0	0	0	621	489	
4	0	0	0	0	613	475	
5	0	0	0	0	600	470	
6	0	0	0	0	585	469	
7	0	0	0	0	567	467	
8	0	0	0	0	546	470	
9	0	0	0	0	528	475	
10	0	0	0	0	517	478	
11	0	0	0	0	509	483	
12	0	0	0	0	502	482	
13	0	0	0	0	499	479	
14	0	0	0	0	500	472	
15	0	0	0	0	502	460	
0	0	0	0	0	504	454	
1	0	0	0	0	511	451	
2	0	0	0	0	518	446	
3	0	0	0	0	526	438	
4	0	0	0	0	532	429	
5	0	0	0	0	541	430	
6	0	0	0	0	552	433	
7	0	0	0	0	564	438	
8	0	0	0	0	575	446	
9	0	0	0	0	589	467	
10	0	0	0	0	608	491	
11	0	0	0	0	626	516	
12	0	0	0	0	639	532	
13	0	0	0	0	644	542	
14	0	0	0	0	644	543	
15	0	0	0	0	640	541	
0	0	0	0	0	636	537	
1	0	0	0	0	638	528	
2	0	0	0	0	635	516	
3	0	0	0	0	626	506	
4	0	0	0	0	615	493	
5	0	0	0	0	605	479	
6	0	0	0	0	594	464	
7	0	0	0	0	583	454	
8	0	0	0	0	575	445	
9	0	0	0	0	574	440	
10	0	0	0	0	572	442	
11	0	0	0	0	570	451	
12	0	0	0	0	570	474	
13	0	0	0	0	574	507	
14	0	0	0	0	579	547	
15	0	0	0	0	585	582	
0	0	0	0	0	596	606	
1	0	0	0	0	607	624	
2	0	0	0	0	611	629	
3	0	0	0	0	609	625	
4	0	0	0	0	606	611	
5	0	0	0	0	599	590	
6	0	0	0	0	591	561	
7	0	0	0	0	579	530	
8	0	0	0	0	564	499	
9	0	0	0	0	551	472	
10	0	0	0	0	541	452	
11	0	0	0	0	536	442	
12	0	0	0	0	535	431	
13	0	0	0	0	536	421	
14	0	0	0	0	535	410	
15	0	0	0	0	536	398	
0	0	0	0	0	540	387	
1	0	0	0	0	547	381	
2	0	0	0	0	553	379	
3	0	0	0	0	556	380	
4	0	0	0	0	558	383	
5	0	0	0	0	556	391	
6	0	0	0	0	553	396	
7	0	0	0	0	554	399	
8	0	0	0	0	557	402	
9	0	0	0	0	557	406	
10	0	0	0	0	556	409	
11	0	0	0	0	555	415	
12	0	0	0	0	551	419	
13	0	0	0	0	545	424	
14	0	0	0	0	541	432	
15	0	0	0	0	541	440	
0	0	0	0	0	542	455	
1	0	0	0	0	545	472	
2	0	0	0	0	546	486	
3	0	0	0	0	547	501	
4	0	0	0	0	555	512	
5	0	0	0	0	566	518	
6	0	0	0	0	576	519	
7	0	0	0	0	587	516	
8	0	0	0	0	597	515	
9	0	0	0	0	605	515	
10	0	0	0	0	608	510	
11	0	0	0	0	606	501	
12	0	0	0	0	596	487	
13	0	0	0	0	584	476	
14	0	0	0	0	572	464	
15	0	0	0	0	559	456	
0	0	0	0	0	549	449	
1	0	0	0	0	538	444	
2	0	0	0	0	530	441	
3	0	0	0	0	524	438	
4	0	0	0	0	522	436	
5	0	0	0	0	520	441	
6	0	0	0	0	521	444	
7	0	0	0	0	526	448	
8	0	0	0	0	531	451	
9	0	0	0	0	537	453	
10	0	0	0	0	543	457	
11	0	0	0	0	551	462	
12	0	0	0	0	558	465	
13	0	0	0	0	565	470	
14	0	0	0	0	567	471	
15	0	0	0	0	564	469	
0	0	0	0	0	557	463	
1	0	0	0	0	553	458	
2	0	0	0	0	551	461	
3	0	0	0	0	551	468	
4	0	0	0	0	554	484	
5	0	0	0	0	559	500	
6	0	0	0	0	568	507	
7	0	0	0	0	578	508	
8	0	0	0	0	584	504	
9	0	0	0	0	590	497	
10	0	0	0	0	600	488	
11	0	0	0	0	612	476	
12	0	0	0	0	621	467	
13	0	0	0	0	629	465	
14	0	0	0	0	639	463	
15	0	0	0	0	648	463	
0	0	0	0	0	655	463	
1	0	0	0	0	659	457	
2	0	0	0	0	657	445	
3	0	0	0	0	650	431	
4	0	0	0	0	638	414	
5	0	0	0	0	626	399	
6	0	0	0	0	615	384	
7	0	0	0	0	606	367	
8	0	0	0	0	600	365	
9	0	0	0	0	595	358	
10	0	0	0	0	593	356	
11	0	0	0	0	600	349	
12	0	0	0	0	609	348	
13	0	0	0	0	616	344	
14	0	0	0	0	625	341	
15	0	0	0	0	636	335	
0	0	0	0	0	648	332	
1	0	0	0	0	659	323	
2	0	0	0	0	666	317	
3	0	0	0	0	668	307	
4	0	0	0	0	672	292	
5	0	0	0	0	676	290	
6	0	0	0	0	682	280	
7	0	0	0	0	687	287	
8	0	0	0	0	691	279	
9	0	0	0	0	697	287	
10	0	0	0	0	706	281	
11	0	0	0	0	710	286	
12	0	0	0	0	713	280	
13	0	0	0	0	714	287	
14	0	0	0	0	710	291	
15	0	0	0	0	706	300	
0	0	0	0	0	703	307	
1	0	0	0	0	708	318	
2	0	0	0	0	708	327	
3	0	0	0	0	705	330	
4	0	0	0	0	701	339	
5	0	0	0	0	696	331	
6	0	0	0	0	688	335	
7	0	0	0	0	679	329	
8	0	0	0	0	669	333	
9	0	0	0	0	657	324	
10	0	0	0	0	643	325	
11	0	0	0	0	628	318	
12	0	0	0	0	613	323	
13	0	0	0	0	604	329	
14	0	0	0	0	600	344	
15	0	0	0	0	603	353	
0	0	0	0	0	609	367	
1	0	0	0	0	616	375	
2	0	0	0	0	625	385	
3	0	0	0	0	635	391	
4	0	0	0	0	644	391	
5	0	0	0	0	650	391	
6	0	0	0	0	652	382	
7	0	0	0	0	652	377	
8	0	0	0	0	646	363	
9	0	0	0	0	636	353	
10	0	0	0	0	626	341	
11	0	0	0	0	617	333	
12	0	0	0	0	607	326	
13	0	0	0	0	595	327	
14	0	0	0	0	583	330	
15	0	0	0	0	572	338	
0	0	0	0	0	564	348	
1	0	0	0	0	563	355	
2	0	0	0	0	568	366	
3	0	0	0	0	573	365	
4	0	0	0	0	577	364	
5	0	0	0	0	583	356	
6	0	0	0	0	588	354	
7	0	0	0	0	588	350	
8	0	0	0	0	590	349	
9	0	0	0	0	588	344	
10	0	0	0	0	583	343	
11	0	0	0	0	578	342	
12	0	0	0	0	575	343	
13	0	0	0	0	571	347	
14	0	0	0	0	566	353	
15	0	0	0	0	560	360	
0	0	0	0	0	553	363	
1	0	0	0	0	543	373	
2	0	0	0	0	534	379	
3	0	0	0	0	527	390	
4	0	0	0	0	522	401	
5	0	0	0	0	521	409	
6	0	0	0	0	520	413	
7	0	0	0	0	519	414	
8	0	0	0	0	520	414	
9	0	0	0	0	519	415	
10	0	0	0	0	519	416	
11	0	0	0	0	517	419	
12	0	0	0	0	513	419	
13	0	0	0	0	509	419	
14	0	0	0	0	505	420	
15	0	0	0	0	502	418	
0	0	0	0	0	501	420	
1	0	0	0	0	500	428	
2	0	0	0	0	505	440	
3	0	0	0	0	514	451	
4	0	0	0	0	531	464	
5	0	0	0	0	544	474	
6	0	0	0	0	553	482	
7	0	0	0	0	557	484	
8	0	0	0	0	561	485	
9	0	0	0	0	567	487	
10	0	0	0	0	573	491	
11	0	0	0	0	575	492	
12	0	0	0	0	579	490	
13	0	0	0	0	587	484	
14	0	0	0	0	589	475	
15	0	0	0	0	589	467	
0	0	0	0	0	588	467	
1	0	0	0	0	585	465	
2	0	0	0	0	582	462	
3	0	0	0	0	579	456	
4	0	0	0	0	583	450	
5	0	0	0	0	583	451	
6	0	0	0	0	583	459	
7	0	0	0	0	588	471	
8	0	0	0	0	595	486	
9	0	0	0	0	601	499	
10	0	0	0	0	604	512	
11	0	0	0	0	608	524	
12	0	0	0	0	608	529	
13	0	0	0	0	607	527	
14	0	0	0	0	606	515	
15	0	0	0	0	606	499	
0	0	0	0	0	606	481	
1	0	0	0	0	601	466	
2	0	0	0	0	596	444	
3	0	0	0	0	596	431	
4	0	0	0	0	593	417	
5	0	0	0	0	595	412	
6	0	0	0	0	598	410	
7	0	0	0	0	606	408	
8	0	0	0	0	611	407	
9	0	0	0	0	618	408	
10	0	0	0	0	622	407	
11	0	0	0	0	621	405	
12	0	0	0	0	616	403	
13	0	0	0	0	610	403	
14	0	0	0	0	596	399	
15	0	0	0	0	579	392	
0	0	0	0	0	564	388	
1	0	0	0	0	556	379	
2	0	0	0	0	552	378	
3	0	0	0	0	552	375	
4	0	0	0	0	559	372	
5	0	0	0	0	567	372	
6	0	0	0	0	582	379	
7	0	0	0	0	596	393	
8	0	0	0	0	603	418	
9	0	0	0	0	600	446	
10	0	0	0	0	596	477	
11	0	0	0	0	598	500	
12	0	0	0	0	600	519	
13	0	0	0	0	600	531	
14	0	0	0	0	600	537	
15	0	0	0	0	603	538	
0	0	0	0	0	605	540	
1	0	0	0	0	603	539	
2	0	0	0	0	597	530	
3	0	0	0	0	594	519	
4	0	0	0	0	588	500	
5	0	0	0	0	577	479	
6	0	0	0	0	568	452	
7	0	0	0	0	563	423	
8	0	0	0	0	558	396	
9	0	0	0	0	552	377	
10	0	0	0	0	544	368	
11	0	0	0	0	535	371	
12	0	0	0	0	525	382	
13	0	0	0	0	516	393	
14	0	0	0	0	510	407	
15	0	0	0	0	502	421	
0	0	0	0	0	498	438	
1	0	0	0	0	500	446	
2	0	0	0	0	503	448	
3	0	0	0	0	506	448	
4	0	0	0	0	509	448	
5	0	0	0	0	509	446	
6	0	0	0	0	511	440	
7	0	0	0	0	511	432	
8	0	0	0	0	511	420	
9	0	0	0	0	513	413	
10	0	0	0	0	515	409	
11	0	0	0	0	517	408	
12	0	0	0	0	518	415	
13	0	0	0	0	518	426	
14	0	0	0	0	518	436	
15	0	0	0	0	513	448	
0	0	0	0	0	504	462	
1	0	0	0	0	494	471	
2	0	0	0	0	485	475	
3	0	0	0	0	478	478	
4	0	0	0	0	476	478	
5	0	0	0	0	480	478	
6	0	0	0	0	489	476	
7	0	0	0	0	499	475	
8	0	0	0	0	505	472	
9	0	0	0	0	507	468	
10	0	0	0	0	510	466	
11	0	0	0	0	519	467	
12	0	0	0	0	525	470	
13	0	0	0	0	528	468	
14	0	0	0	0	526	467	
15	0	0	0	0	517	467	
0	0	0	0	0	511	465	
1	0	0	0	0	506	461	
2	0	0	0	0	507	458	
3	0	0	0	0	505	455	
4	0	0	0	0	507	453	
5	0	0	0	0	507	454	
6	0	0	0	0	504	455	
7	0	0	0	0	502	452	
8	0	0	0	0	499	451	
9	0	0	0	0	498	451	
10	0	0	0	0	499	459	
11	0	0	0	0	504	476	
12	0	0	0	0	511	498	
13	0	0	0	0	514	518	
14	0	0	0	0	516	537	
15	0	0	0	0	526	558	
0	0	0	0	0	537	575	
1	0	0	0	0	543	589	
2	0	0	0	0	551	599	
3	0	0	0	0	559	604	
4	0	0	0	0	560	606	
5	0	0	0	0	553	600	
6	0	0	0	0	543	591	
7	0	0	0	0	527	573	
8	0	0	0	0	512	554	
9	0	0	0	0	492	525	
10	0	0	0	0	472	495	
11	0	0	0	0	454	469	
12	0	0	0	0	438	450	
13	0	0	0	0	426	437	
14	0	0	0	0	419	424	
15	0	0	0	0	412	415	
0	0	0	0	0	408	410	
1	0	0	0	0	406	408	
2	0	0	0	0	408	406	
3	0	0	0	0	415	407	
4	0	0	0	0	421	401	
5	0	0	0	0	427	394	
6	0	0	0	0	433	391	
7	0	0	0	0	433	395	
8	0	0	0	0	432	404	
9	0	0	0	0	433	418	
10	0	0	0	0	439	433	
11	0	0	0	0	448	448	
12	0	0	0	0	457	459	
13	0	0	0	0	466	468	
14	0	0	0	0	471	474	
15	0	0	0	0	475	480	
0	0	0	0	0	480	482	
1	0	0	0	0	480	480	
2	0	0	0	0	479	480	
3	0	0	0	0	476	484	
4	0	0	0	0	472	493	
5	0	0	0	0	464	503	
6	0	0	0	0	459	508	
7	0	0	0	0	455	510	
8	0	0	0	0	455	515	
9	0	0	0	0	456	521	
10	0	0	0	0	460	530	
11	0	0	0	0	460	542	
12	0	0	0	0	461	549	
13	0	0	0	0	461	555	
14	0	0	0	0	464	563	
15	0	0	0	0	468	571	
0	0	0	0	0	469	576	
1	0	0	0	0	468	575	
2	0	0	0	0	465	564	
3	0	0	0	0	463	549	
4	0	0	0	0	466	532	
5	0	0	0	0	472	515	
6	0	0	0	0	485	500	
7	0	0	0	0	500	489	
8	0	0	0	0	512	483	
9	0	0	0	0	527	483	
10	0	0	0	0	536	490	
11	0	0	0	0	543	504	
12	0	0	0	0	545	517	
13	0	0	0	0	541	532	
14	0	0	0	0	533	551	
15	0	0	0	0	524	565	
0	0	0	0	0	509	571	
1	0	0	0	0	487	570	
2	0	0	0	0	465	572	
3	0	0	0	0	441	573	
4	0	0	0	0	418	579	
5	0	0	0	0	399	583	
6	0	0	0	0	385	591	
7	0	0	0	0	373	594	
8	0	0	0	0	371	595	
9	0	0	0	0	372	598	
10	0	0	0	0	377	601	
11	0	0	0	0	387	605	
12	0	0	0	0	395	607	
13	0	0	0	0	401	612	
14	0	0	0	0	403	619	
15	0	0	0	0	403	624	
0	0	0	0	0	404	624	
1	0	0	0	0	404	626	
2	0	0	0	0	403	632	
3	0	0	0	0	404	646	
4	0	0	0	0	406	667	
5	0	0	0	0	412	693	
6	0	0	0	0	420	714	
7	0	0	0	0	433	727	
8	0	0	0	0	443	729	
9	0	0	0	0	449	729	
10	0	0	0	0	447	718	
11	0	0	0	0	441	704	
12	0	0	0	0	432	678	
13	0	0	0	0	421	655	
14	0	0	0	0	412	637	
15	0	0	0	0	404	623	
0	0	0	0	0	393	610	
1	0	0	0	0	383	601	
2	0	0	0	0	376	600	
3	0	0	0	0	370	603	
4	0	0	0	0	367	606	
5	0	0	0	0	363	615	
6	0	0	0	0	360	627	
7	0	0	0	0	363	634	
8	0	0	0	0	373	637	
9	0	0	0	0	384	633	
10	0	0	0	0	393	628	
11	0	0	0	0	401	624	
12	0	0	0	0	409	619	
13	0	0	0	0	415	614	
14	0	0	0	0	418	612	
15	0	0	0	0	422	616	
0	0	0	0	0	423	624	
1	0	0	0	0	424	636	
2	0	0	0	0	425	648	
3	0	0	0	0	422	657	
4	0	0	0	0	418	666	
5	0	0	0	0	415	668	
6	0	0	0	0	416	671	
7	0	0	0	0	419	673	
8	0	0	0	0	419	671	
9	0	0	0	0	412	666	
10	0	0	0	0	400	662	
11	0	0	0	0	387	667	
12	0	0	0	0	376	683	
13	0	0	0	0	373	708	
14	0	0	0	0	379	735	
15	0	0	0	0	390	757	
0	0	0	0	0	401	776	
1	0	0	0	0	410	782	
2	0	0	0	0	415	775	
3	0	0	0	0	419	758	
4	0	0	0	0	423	737	
5	0	0	0	0	422	711	
6	0	0	0	0	418	680	
7	0	0	0	0	412	644	
8	0	0	0	0	404	609	
9	0	0	0	0	397	579	
10	0	0	0	0	393	551	
11	0	0	0	0	391	528	
12	0	0	0	0	389	511	
13	0	0	0	0	387	501	
14	0	0	0	0	384	496	
15	0	0	0	0	383	495	
0	0	0	0	0	384	495	
1	0	0	0	0	387	499	
2	0	0	0	0	395	511	
3	0	0	0	0	407	518	
4	0	0	0	0	422	524	
5	0	0	0	0	432	528	
6	0	0	0	0	435	536	
7	0	0	0	0	435	542	
8	0	0	0	0	428	546	
9	0	0	0	0	415	549	
10	0	0	0	0	398	551	
11	0	0	0	0	382	545	
12	0	0	0	0	371	539	
13	0	0	0	0	364	532	
14	0	0	0	0	362	537	
15	0	0	0	0	365	540	
0	0	0	0	0	373	551	
1	0	0	0	0	382	563	
2	0	0	0	0	388	573	
3	0	0	0	0	391	585	
4	0	0	0	0	396	596	
5	0	0	0	0	399	604	
6	0	0	0	0	402	608	
7	0	0	0	0	405	611	
8	0	0	0	0	407	613	
9	0	0	0	0	411	615	
10	0	0	0	0	419	617	
11	0	0	0	0	436	618	
12	0	0	0	0	454	612	
13	0	0	0	0	464	611	
14	0	0	0	0	467	607	
15	0	0	0	0	469	607	
0	0	0	0	0	464	607	
1	0	0	0	0	455	604	
2	0	0	0	0	446	600	
3	0	0	0	0	441	594	
4	0	0	0	0	437	584	
5	0	0	0	0	435	571	
6	0	0	0	0	435	559	
7	0	0	0	0	436	551	
8	0	0	0	0	440	542	
9	0	0	0	0	442	536	
10	0	0	0	0	441	528	
11	0	0	0	0	441	521	
12	0	0	0	0	443	518	
13	0	0	0	0	447	519	
14	0	0	0	0	454	523	
15	0	0	0	0	459	529	
0	0	0	0	0	461	540	
1	0	0	0	0	461	550	
2	0	0	0	0	462	556	
3	0	0	0	0	462	563	
4	0	0	0	0	465	567	
5	0	0	0	0	471	569	
6	0	0	0	0	480	572	
7	0	0	0	0	492	572	
8	0	0	0	0	498	574	
9	0	0	0	0	502	579	
10	0	0	0	0	501	587	
11	0	0	0	0	498	591	
12	0	0	0	0	502	595	
13	0	0	0	0	508	598	
14	0	0	0	0	514	598	
15	0	0	0	0	519	597	
0	0	0	0	0	523	595	
1	0	0	0	0	529	590	
2	0	0	0	0	530	577	
3	0	0	0	0	523	563	
4	0	0	0	0	514	547	
5	0	0	0	0	505	535	
6	0	0	0	0	495	526	
7	0	0	0	0	487	520	
8	0	0	0	0	479	512	
9	0	0	0	0	474	504	
10	0	0	0	0	474	500	
11	0	0	0	0	480	504	
12	0	0	0	0	489	508	
13	0	0	0	0	497	511	
14	0	0	0	0	504	514	
15	0	0	0	0	510	520	
0	0	0	0	0	509	538	
1	0	0	0	0	505	567	
2	0	0	0	0	497	597	
3	0	0	0	0	485	625	
4	0	0	0	0	476	652	
5	0	0	0	0	464	672	
6	0	0	0	0	459	683	
7	0	0	0	0	454	686	
8	0	0	0	0	450	689	
9	0	0	0	0	446	680	
10	0	0	0	0	440	675	
11	0	0	0	0	435	665	
12	0	0	0	0	427	658	
13	0	0	0	0	420	653	
14	0	0	0	0	415	649	
15	0	0	0	0	412	648	
0	0	0	0	0	406	651	
1	0	0	0	0	400	654	
2	0	0	0	0	396	653	
3	0	0	0	0	393	649	
4	0	0	0	0	393	648	
5	0	0	0	0	393	644	
6	0	0	0	0	390	641	
7	0	0	0	0	391	642	
8	0	0	0	0	391	643	
9	0	0	0	0	392	643	
10	0	0	0	0	394	640	
11	0	0	0	0	391	639	
12	0	0	0	0	388	645	
13	0	0	0	0	387	657	
14	0	0	0	0	392	664	
15	0	0	0	0	398	668	
0	0	0	0	0	406	670	
1	0	0	0	0	415	668	
2	0	0	0	0	427	664	
3	0	0	0	0	436	656	
4	0	0	0	0	441	647	
5	0	0	0	0	445	632	
6	0	0	0	0	448	620	
7	0	0	0	0	451	606	
8	0	0	0	0	453	600	
9	0	0	0	0	449	597	
10	0	0	0	0	439	596	
11	0	0	0	0	427	594	
12	0	0	0	0	411	590	
13	0	0	0	0	399	588	
14	0	0	0	0	392	590	
15	0	0	0	0	391	593	
0	0	0	0	0	393	598	
1	0	0	0	0	402	604	
2	0	0	0	0	414	612	
3	0	0	0	0	423	620	
4	0	0	0	0	431	623	
5	0	0	0	0	435	626	
6	0	0	0	0	439	631	
7	0	0	0	0	442	632	
8	0	0	0	0	444	631	
9	0	0	0	0	442	631	
10	0	0	0	0	436	627	
11	0	0	0	0	429	623	
12	0	0	0	0	425	620	
13	0	0	0	0	419	620	
14	0	0	0	0	415	622	
15	0	0	0	0	412	619	
0	0	0	0	0	412	612	
1	0	0	0	0	415	609	
2	0	0	0	0	421	609	
3	0	0	0	0	428	611	
4	0	0	0	0	433	619	
5	0	0	0	0	440	630	
6	0	0	0	0	448	640	
7	0	0	0	0	455	643	
8	0	0	0	0	461	644	
9	0	0	0	0	467	645	
10	0	0	0	0	471	648	
11	0	0	0	0	474	647	
12	0	0	0	0	470	644	
13	0	0	0	0	463	640	
14	0	0	0	0	453	646	
15	0	0	0	0	443	644	
0	0	0	0	0	436	644	
1	0	0	0	0	431	640	
2	0	0	0	0	425	636	
3	0	0	0	0	422	632	
4	0	0	0	0	420	622	
5	0	0	0	0	415	616	
6	0	0	0	0	409	611	
7	0	0	0	0	406	609	
8	0	0	0	0	402	603	
9	0	0	0	0	406	595	
10	0	0	0	0	411	583	
11	0	0	0	0	418	571	
12	0	0	0	0	424	558	
13	0	0	0	0	431	546	
14	0	0	0	0	435	540	
15	0	0	0	0	433	540	
0	0	0	0	0	425	543	
1	0	0	0	0	419	547	
2	0	0	0	0	415	547	
3	0	0	0	0	412	547	
4	0	0	0	0	412	544	
5	0	0	0	0	415	553	
6	0	0	0	0	424	561	
7	0	0	0	0	436	570	
8	0	0	0	0	443	579	
9	0	0	0	0	447	583	
10	0	0	0	0	448	582	
11	0	0	0	0	449	577	
12	0	0	0	0	446	569	
13	0	0	0	0	442	560	
14	0	0	0	0	443	543	
15	0	0	0	0	444	529	
0	0	0	0	0	443	521	
1	0	0	0	0	439	516	
2	0	0	0	0	431	518	
3	0	0	0	0	425	521	
4	0	0	0	0	426	531	
5	0	0	0	0	431	537	
6	0	0	0	0	438	550	
7	0	0	0	0	449	558	
8	0	0	0	0	462	571	
9	0	0	0	0	474	579	
10	0	0	0	0	484	591	
11	0	0	0	0	489	601	
12	0	0	0	0	491	607	
13	0	0	0	0	491	611	
14	0	0	0	0	486	611	
15	0	0	0	0	482	612	
0	0	0	0	0	480	617	
1	0	0	0	0	479	617	
2	0	0	0	0	480	616	
3	0	0	0	0	479	619	
4	0	0	0	0	480	623	
5	0	0	0	0	480	626	
6	0	0	0	0	479	624	
7	0	0	0	0	479	619	
8	0	0	0	0	481	613	
9	0	0	0	0	487	608	
10	0	0	0	0	493	601	
11	0	0	0	0	497	589	
12	0	0	0	0	499	575	
13	0	0	0	0	503	560	
14	0	0	0	0	508	545	
15	0	0	0	0	512	536	
0	0	0	0	0	518	529	
1	0	0	0	0	525	529	
2	0	0	0	0	532	534	
3	0	0	0	0	543	543	
4	0	0	0	0	556	553	
5	0	0	0	0	568	558	
6	0	0	0	0	580	563	
7	0	0	0	0	588	571	
8	0	0	0	0	590	578	
9	0	0	0	0	589	582	
10	0	0	0	0	583	584	
11	0	0	0	0	580	590	
12	0	0	0	0	576	593	
13	0	0	0	0	571	601	
14	0	0	0	0	565	611	
15	0	0	0	0	563	619	
0	0	0	0	0	564	624	
1	0	0	0	0	566	623	
2	0	0	0	0	568	621	
3	0	0	0	0	572	611	
4	0	0	0	0	576	596	
5	0	0	0	0	578	577	
6	0	0	0	0	579	560	
7	0	0	0	0	578	543	
8	0	0	0	0	575	530	
9	0	0	0	0	574	521	
10	0	0	0	0	575	516	
11	0	0	0	0	579	520	
12	0	0	0	0	585	527	
13	0	0	0	0	587	540	
14	0	0	0	0	588	550	
15	0	0	0	0	588	559	
0	0	0	0	0	584	562	
1	0	0	0	0	579	563	
2	0	0	0	0	576	564	
3	0	0	0	0	571	561	
4	0	0	0	0	562	560	
5	0	0	0	0	551	560	
6	0	0	0	0	538	559	
7	0	0	0	0	527	557	
8	0	0	0	0	519	552	
9	0	0	0	0	512	550	
10	0	0	0	0	506	549	
11	0	0	0	0	494	548	
12	0	0	0	0	482	545	
13	0	0	0	0	469	539	
14	0	0	0	0	463	540	
15	0	0	0	0	465	548	
0	0	0	0	0	475	563	
1	0	0	0	0	487	578	
2	0	0	0	0	499	597	
3	0	0	0	0	507	612	
4	0	0	0	0	511	624	
5	0	0	0	0	518	629	
6	0	0	0	0	523	630	
7	0	0	0	0	527	629	
8	0	0	0	0	536	624	
9	0	0	0	0	547	616	
10	0	0	0	0	562	608	
11	0	0	0	0	577	604	
12	0	0	0	0	587	604	
13	0	0	0	0	595	604	
14	0	0	0	0	595	600	
15	0	0	0	0	588	591	
0	0	0	0	0	577	583	
1	0	0	0	0	571	570	
2	0	0	0	0	565	558	
3	0	0	0	0	554	544	
4	0	0	0	0	542	527	
5	0	0	0	0	527	508	
6	0	0	0	0	517	495	
7	0	0	0	0	511	491	
8	0	0	0	0	510	490	
9	0	0	0	0	514	498	
10	0	0	0	0	520	508	
11	0	0	0	0	530	518	
12	0	0	0	0	540	528	
13	0	0	0	0	549	532	
14	0	0	0	0	551	529	
15	0	0	0	0	550	526	
0	0	0	0	0	548	527	
1	0	0	0	0	545	526	
2	0	0	0	0	541	524	
3	0	0	0	0	536	522	
4	0	0	0	0	532	519	
5	0	0	0	0	527	515	
6	0	0	0	0	525	513	
7	0	0	0	0	526	514	
8	0	0	0	0	531	516	
9	0	0	0	0	538	523	
10	0	0	0	0	540	529	
11	0	0	0	0	537	536	
12	0	0	0	0	531	540	
13	0	0	0	0	527	539	
14	0	0	0	0	524	536	
15	0	0	0	0	522	530	
0	0	0	0	0	524	525	
1	0	0	0	0	525	524	
2	0	0	0	0	527	529	
3	0	0	0	0	531	537	
4	0	0	0	0	536	545	
5	0	0	0	0	541	548	
6	0	0	0	0	547	553	
7	0	0	0	0	547	556	
8	0	0	0	0	549	561	
9	0	0	0	0	553	565	
10	0	0	0	0	559	567	
11	0	0	0	0	559	568	
12	0	0	0	0	562	571	
13	0	0	0	0	563	579	
14	0	0	0	0	561	588	
15	0	0	0	0	554	591	
0	0	0	0	0	545	589	
1	0	0	0	0	537	583	
2	0	0	0	0	526	575	
3	0	0	0	0	513	569	
4	0	0	0	0	501	560	
5	0	0	0	0	491	550	
6	0	0	0	0	483	545	
7	0	0	0	0	481	533	
8	0	0	0	0	479	517	
9	0	0	0	0	475	509	
10	0	0	0	0	477	505	
11	0	0	0	0	482	503	
12	0	0	0	0	492	503	
13	0	0	0	0	502	504	
14	0	0	0	0	513	505	
15	0	0	0	0	522	503	
0	0	0	0	0	526	499	
1	0	0	0	0	528	494	
2	0	0	0	0	529	489	
3	0	0	0	0	526	490	
4	0	0	0	0	521	494	
5	0	0	0	0	517	498	
6	0	0	0	0	513	506	
7	0	0	0	0	509	509	
8	0	0	0	0	504	511	
9	0	0	0	0	503	512	
10	0	0	0	0	502	516	
11	0	0	0	0	501	519	
12	0	0	0	0	499	521	
13	0	0	0	0	497	519	
14	0	0	0	0	491	519	
15	0	0	0	0	486	519	
0	0	0	0	0	482	519	
1	0	0	0	0	480	516	
2	0	0	0	0	477	508	
3	0	0	0	0	475	496	
4	0	0	0	0	473	486	
5	0	0	0	0	474	483	
6	0	0	0	0	476	489	
7	0	0	0	0	480	500	
8	0	0	0	0	489	510	
9	0	0	0	0	502	516	
10	0	0	0	0	514	519	
11	0	0	0	0	524	519	
12	0	0	0	0	530	518	
13	0	0	0	0	530	517	
14	0	0	0	0	527	517	
15	0	0	0	0	525	518	
0	0	0	0	0	516	518	
1	0	0	0	0	508	513	
2	0	0	0	0	498	507	
3	0	0	0	0	489	504	
4	0	0	0	0	487	503	
5	0	0	0	0	489	502	
6	0	0	0	0	496	504	
7	0	0	0	0	505	505	
8	0	0	0	0	510	508	
9	0	0	0	0	513	508	
10	0	0	0	0	515	509	
11	0	0	0	0	516	510	
12	0	0	0	0	518	513	
13	0	0	0	0	516	516	
14	0	0	0	0	518	521	
15	0	0	0	0	520	524	
0	0	0	0	0	524	527	
1	0	0	0	0	528	528	
2	0	0	0	0	531	527	
3	0	0	0	0	533	527	
4	0	0	0	0	536	528	
5	0	0	0	0	532	528	
6	0	0	0	0	530	527	
7	0	0	0	0	532	528	
8	0	0	0	0	539	530	
9	0	0	0	0	545	531	
10	0	0	0	0	550	536	
11	0	0	0	0	553	545	
12	0	0	0	0	558	555	
13	0	0	0	0	562	569	
14	0	0	0	0	565	582	
15	0	0	0	0	568	587	
0	0	0	0	0	569	590	
1	0	0	0	0	569	593	
2	0	0	0	0	568	597	
3	0	0	0	0	561	598	
4	0	0	0	0	551	596	
5	0	0	0	0	543	589	
6	0	0	0	0	544	575	
7	0	0	0	0	545	557	
8	0	0	0	0	544	538	
9	0	0	0	0	543	518	
10	0	0	0	0	538	504	
11	0	0	0	0	531	487	
12	0	0	0	0	527	473	
13	0	0	0	0	524	462	
14	0	0	0	0	520	455	
15	0	0	0	0	519	450	
0	0	0	0	0	517	450	
1	0	0	0	0	519	451	
2	0	0	0	0	516	449	
3	0	0	0	0	515	444	
4	0	0	0	0	516	444	
5	0	0	0	0	522	447	
6	0	0	0	0	531	457	
7	0	0	0	0	544	472	
8	0	0	0	0	555	492	
9	0	0	0	0	562	514	
10	0	0	0	0	567	531	
11	0	0	0	0	567	544	
12	0	0	0	0	563	553	
13	0	0	0	0	556	554	
14	0	0	0	0	549	549	
15	0	0	0	0	546	544	
0	0	0	0	0	547	536	
1	0	0	0	0	549	524	
2	0	0	0	0	552	515	
3	0	0	0	0	553	501	
4	0	0	0	0	550	488	
5	0	0	0	0	543	473	
6	0	0	0	0	532	461	
7	0	0	0	0	521	454	
8	0	0	0	0	513	449	
9	0	0	0	0	511	444	
10	0	0	0	0	514	440	
11	0	0	0	0	520	435	
12	0	0	0	0	532	430	
13	0	0	0	0	544	426	
14	0	0	0	0	555	429	
15	0	0	0	0	566	434	
0	0	0	0	0	577	444	
1	0	0	0	0	586	451	
2	0	0	0	0	592	454	
3	0	0	0	0	601	453	
4	0	0	0	0	609	450	
5	0	0	0	0	611	445	
6	0	0	0	0	607	437	
7	0	0	0	0	600	430	
8	0	0	0	0	587	424	
9	0	0	0	0	571	420	
10	0	0	0	0	553	415	
11	0	0	0	0	541	412	
12	0	0	0	0	532	412	
13	0	0	0	0	526	416	
14	0	0	0	0	519	419	
15	0	0	0	0	513	422	
0	0	0	0	0	514	425	
1	0	0	0	0	516	428	
2	0	0	0	0	521	435	
3	0	0	0	0	527	444	
4	0	0	0	0	531	454	
5	0	0	0	0	532	463	
6	0	0	0	0	529	466	
7	0	0	0	0	531	467	
8	0	0	0	0	539	470	
9	0	0	0	0	549	475	
10	0	0	0	0	562	478	
11	0	0	0	0	574	483	
12	0	0	0	0	581	489	
13	0	0	0	0	585	493	
14	0	0	0	0	585	494	
15	0	0	0	0	582	490	
0	0	0	0	0	574	485	
1	0	0	0	0	566	478	
2	0	0	0	0	556	468	
3	0	0	0	0	543	457	
4	0	0	0	0	531	446	
5	0	0	0	0	520	438	
6	0	0	0	0	512	429	
7	0	0	0	0	506	423	
8	0	0	0	0	499	418	
9	0	0	0	0	497	413	
10	0	0	0	0	496	412	
11	0	0	0	0	492	416	
12	0	0	0	0	490	429	
13	0	0	0	0	485	443	
14	0	0	0	0	484	455	
15	0	0	0	0	490	465	
0	0	0	0	0	498	476	
1	0	0	0	0	506	484	
2	0	0	0	0	516	495	
3	0	0	0	0	524	504	
4	0	0	0	0	531	506	
5	0	0	0	0	535	505	
6	0	0	0	0	541	506	
7	0	0	0	0	547	508	
8	0	0	0	0	545	512	
9	0	0	0	0	540	515	
10	0	0	0	0	536	515	
11	0	0	0	0	531	512	
12	0	0	0	0	525	507	
13	0	0	0	0	519	498	
14	0	0	0	0	517	489	
15	0	0	0	0	518	484	
0	0	0	0	0	517	482	
1	0	0	0	0	519	483	
2	0	0	0	0	521	483	
3	0	0	0	0	528	481	
4	0	0	0	0	539	478	
5	0	0	0	0	548	478	
6	0	0	0	0	553	478	
7	0	0	0	0	553	480	
8	0	0	0	0	552	479	
9	0	0	0	0	549	478	
10	0	0	0	0	547	478	
11	0	0	0	0	541	481	
12	0	0	0	0	535	482	
13	0	0	0	0	529	480	
14	0	0	0	0	526	480	
15	0	0	0	0	527	476	
0	0	0	0	0	530	470	
1	0	0	0	0	537	467	
2	0	0	0	0	542	463	
3	0	0	0	0	543	461	
4	0	0	0	0	542	459	
5	0	0	0	0	536	451	
6	0	0	0	0	527	447	
7	0	0	0	0	521	446	
8	0	0	0	0	519	448	
9	0	0	0	0	520	455	
10	0	0	0	0	522	470	
11	0	0	0	0	523	489	
12	0	0	0	0	527	510	
13	0	0	0	0	531	531	
14	0	0	0	0	537	553	
15	0	0	0	0	542	569	
0	0	0	0	0	548	577	
1	0	0	0	0	556	580	
2	0	0	0	0	561	582	
3	0	0	0	0	559	576	
4	0	0	0	0	552	565	
5	0	0	0	0	546	553	
6	0	0	0	0	537	542	
7	0	0	0	0	527	536	
8	0	0	0	0	521	534	
9	0	0	0	0	515	526	
10	0	0	0	0	510	512	
11	0	0	0	0	508	495	
12	0	0	0	0	505	479	
13	0	0	0	0	502	465	
14	0	0	0	0	496	456	
15	0	0	0	0	489	444	
0	0	0	0	0	478	430	
1	0	0	0	0	468	416	
2	0	0	0	0	462	408	
3	0	0	0	0	455	402	
4	0	0	0	0	460	401	
5	0	0	0	0	469	409	
6	0	0	0	0	485	418	
7	0	0	0	0	499	427	
8	0	0	0	0	511	432	
9	0	0	0	0	518	443	
10	0	0	0	0	523	456	
11	0	0	0	0	526	468	
12	0	0	0	0	525	480	
13	0	0	0	0	522	492	
14	0	0	0	0	516	501	
15	0	0	0	0	510	508	
0	0	0	0	0	503	515	
1	0	0	0	0	496	515	
2	0	0	0	0	498	516	
3	0	0	0	0	506	516	
4	0	0	0	0	514	511	
5	0	0	0	0	525	503	
6	0	0	0	0	537	492	
7	0	0	0	0	548	479	
8	0	0	0	0	551	465	
9	0	0	0	0	547	463	
10	0	0	0	0	541	465	
11	0	0	0	0	534	475	
12	0	0	0	0	520	483	
13	0	0	0	0	507	489	
14	0	0	0	0	496	492	
15	0	0	0	0	486	493	
0	0	0	0	0	481	489	
1	0	0	0	0	481	476	
2	0	0	0	0	483	461	
3	0	0	0	0	486	445	
4	0	0	0	0	492	437	
5	0	0	0	0	499	434	
6	0	0	0	0	505	437	
7	0	0	0	0	515	439	
8	0	0	0	0	528	441	
9	0	0	0	0	539	448	
10	0	0	0	0	547	455	
11	0	0	0	0	549	462	
12	0	0	0	0	545	468	
13	0	0	0	0	534	478	
14	0	0	0	0	521	487	
15	0	0	0	0	507	495	
0	0	0	0	0	494	504	
1	0	0	0	0	485	510	
2	0	0	0	0	480	512	
3	0	0	0	0	478	512	
4	0	0	0	0	473	504	
5	0	0	0	0	466	493	
6	0	0	0	0	464	483	
7	0	0	0	0	467	475	
8	0	0	0	0	471	463	
9	0	0	0	0	476	452	
10	0	0	0	0	480	445	
11	0	0	0	0	486	438	
12	0	0	0	0	491	432	
13	0	0	0	0	498	432	
14	0	0	0	0	508	441	
15	0	0	0	0	521	446	
0	0	0	0	0	534	445	
1	0	0	0	0	550	445	
2	0	0	0	0	558	438	
3	0	0	0	0	563	437	
4	0	0	0	0	568	439	
5	0	0	0	0	568	440	
6	0	0	0	0	566	445	
7	0	0	0	0	563	451	
8	0	0	0	0	563	458	
9	0	0	0	0	560	468	
10	0	0	0	0	558	480	
11	0	0	0	0	556	489	
12	0	0	0	0	556	505	
13	0	0	0	0	549	518	
14	0	0	0	0	537	527	
15	0	0	0	0	527	527	
0	0	0	0	0	514	523	
1	0	0	0	0	502	516	
2	0	0	0	0	495	512	
3	0	0	0	0	491	505	
4	0	0	0	0	486	493	
5	0	0	0	0	483	486	
6	0	0	0	0	484	485	
7	0	0	0	0	491	490	
8	0	0	0	0	503	496	
9	0	0	0	0	511	499	
10	0	0	0	0	519	498	
11	0	0	0	0	527	496	
12	0	0	0	0	536	490	
13	0	0	0	0	546	487	
14	0	0	0	0	554	484	
15	0	0	0	0	557	473	
0	0	0	0	0	558	464	
1	0	0	0	0	556	461	
2	0	0	0	0	548	460	
3	0	0	0	0	546	457	
4	0	0	0	0	545	459	
5	0	0	0	0	548	459	
6	0	0	0	0	551	462	
7	0	0	0	0	552	465	
8	0	0	0	0	553	471	
9	0	0	0	0	558	475	
10	0	0	0	0	563	479	
11	0	0	0	0	567	482	
12	0	0	0	0	567	479	
13	0	0	0	0	561	478	
14	0	0	0	0	553	481	
15	0	0	0	0	551	485	
0	0	0	0	0	549	489	
1	0	0	0	0	548	493	
2	0	0	0	0	545	497	
3	0	0	0	0	541	497	
4	0	0	0	0	540	496	
5	0	0	0	0	541	500	
6	0	0	0	0	545	504	
7	0	0	0	0	551	515	
8	0	0	0	0	563	535	
9	0	0	0	0	578	556	
10	0	0	0	0	590	570	
11	0	0	0	0	595	579	
12	0	0	0	0	598	584	
13	0	0	0	0	592	582	
14	0	0	0	0	588	578	
15	0	0	0	0	579	577	
0	0	0	0	0	571	568	
1	0	0	0	0	566	558	
2	0	0	0	0	567	543	
3	0	0	0	0	568	529	
4	0	0	0	0	569	513	
5	0	0	0	0	565	494	
6	0	0	0	0	559	477	
7	0	0	0	0	544	462	
8	0	0	0	0	527	449	
9	0	0	0	0	512	438	
10	0	0	0	0	499	427	
11	0	0	0	0	487	421	
12	0	0	0	0	480	417	
13	0	0	0	0	480	416	
14	0	0	0	0	480	416	
15	0	0	0	0	478	419	
0	0	0	0	0	477	423	
1	0	0	0	0	476	431	
2	0	0	0	0	480	438	
3	0	0	0	0	485	449	
4	0	0	0	0	489	466	
5	0	0	0	0	494	486	
6	0	0	0	0	499	503	
7	0	0	0	0	501	514	
8	0	0	0	0	501	524	
9	0	0	0	0	500	527	
10	0	0	0	0	499	526	
11	0	0	0	0	499	519	
12	0	0	0	0	500	512	
13	0	0	0	0	499	507	
14	0	0	0	0	497	506	
15	0	0	0	0	497	511	
0	0	0	0	0	496	517	
1	0	0	0	0	494	522	
2	0	0	0	0	489	530	
3	0	0	0	0	481	540	
4	0	0	0	0	474	545	
5	0	0	0	0	465	546	
6	0	0	0	0	458	544	
7	0	0	0	0	455	541	
8	0	0	0	0	455	535	
9	0	0	0	0	459	525	
10	0	0	0	0	464	520	
11	0	0	0	0	468	514	
12	0	0	0	0	471	507	
13	0	0	0	0	470	497	
14	0	0	0	0	472	491	
15	0	0	0	0	477	484	
0	0	0	0	0	484	479	
1	0	0	0	0	493	476	
2	0	0	0	0	500	479	
3	0	0	0	0	507	489	
4	0	0	0	0	514	502	
5	0	0	0	0	519	515	
6	0	0	0	0	525	523	
7	0	0	0	0	529	527	
8	0	0	0	0	531	531	
9	0	0	0	0	532	531	
10	0	0	0	0	529	526	
11	0	0	0	0	527	523	
12	0	0	0	0	524	520	
13	0	0	0	0	518	517	
14	0	0	0	0	515	513	
15	0	0	0	0	518	509	
0	0	0	0	0	521	502	
1	0	0	0	0	522	495	
2	0	0	0	0	524	490	
3	0	0	0	0	524	492	
4	0	0	0	0	529	496	
5	0	0	0	0	538	496	
6	0	0	0	0	550	495	
7	0	0	0	0	561	490	
8	0	0	0	0	571	486	
9	0	0	0	0	579	481	
10	0	0	0	0	581	480	
11	0	0	0	0	580	482	
12	0	0	0	0	578	487	
13	0	0	0	0	573	499	
14	0	0	0	0	568	519	
15	0	0	0	0	558	539	
0	0	0	0	0	545	555	
1	0	0	0	0	535	568	
2	0	0	0	0	525	579	
3	0	0	0	0	517	590	
4	0	0	0	0	508	596	
5	0	0	0	0	498	603	
6	0	0	0	0	490	600	
7	0	0	0	0	483	590	
8	0	0	0	0	473	577	
9	0	0	0	0	465	562	
10	0	0	0	0	455	546	
11	0	0	0	0	447	536	
12	0	0	0	0	444	528	
13	0	0	0	0	443	522	
14	0	0	0	0	441	517	
15	0	0	0	0	441	512	
0	0	0	0	0	449	513	
1	0	0	0	0	462	521	
2	0	0	0	0	476	525	
3	0	0	0	0	485	528	
4	0	0	0	0	494	534	
5	0	0	0	0	497	540	
6	0	0	0	0	496	548	
7	0	0	0	0	495	554	
8	0	0	0	0	495	560	
9	0	0	0	0	488	567	
10	0	0	0	0	480	569	
11	0	0	0	0	476	570	
12	0	0	0	0	473	579	
13	0	0	0	0	472	591	
14	0	0	0	0	475	605	
15	0	0	0	0	478	624	
0	0	0	0	0	479	644	
1	0	0	0	0	480	664	
2	0	0	0	0	480	681	
3	0	0	0	0	478	697	
4	0	0	0	0	477	699	
5	0	0	0	0	472	697	
6	0	0	0	0	472	686	
7	0	0	0	0	474	662	
8	0	0	0	0	475	632	
9	0	0	0	0	477	596	
10	0	0	0	0	481	561	
11	0	0	0	0	485	536	
12	0	0	0	0	489	517	
13	0	0	0	0	494	509	
14	0	0	0	0	497	511	
15	0	0	0	0	497	518	
0	0	0	0	0	496	527	
1	0	0	0	0	497	536	
2	0	0	0	0	497	540	
3	0	0	0	0	498	542	
4	0	0	0	0	497	541	
5	0	0	0	0	496	542	
6	0	0	0	0	498	543	
7	0	0	0	0	502	545	
8	0	0	0	0	506	547	
9	0	0	0	0	512	547	
10	0	0	0	0	517	542	
11	0	0	0	0	517	532	
12	0	0	0	0	516	521	
13	0	0	0	0	509	512	
14	0	0	0	0	499	504	
15	0	0	0	0	489	501	
0	0	0	0	0	479	496	
1	0	0	0	0	474	489	
2	0	0	0	0	470	486	
3	0	0	0	0	465	488	
4	0	0	0	0	462	492	
5	0	0	0	0	455	498	
6	0	0	0	0	445	502	
7	0	0	0	0	439	503	
8	0	0	0	0	434	506	
9	0	0	0	0	432	505	
10	0	0	0	0	428	504	
11	0	0	0	0	429	500	
12	0	0	0	0	435	498	
13	0	0	0	0	441	502	
14	0	0	0	0	450	512	
15	0	0	0	0	456	526	
0	0	0	0	0	460	540	
1	0	0	0	0	465	553	
2	0	0	0	0	470	563	
3	0	0	0	0	473	572	
4	0	0	0	0	474	575	
5	0	0	0	0	473	575	
6	0	0	0	0	476	574	
7	0	0	0	0	484	571	
8	0	0	0	0	496	567	
9	0	0	0	0	503	565	
10	0	0	0	0	503	562	
11	0	0	0	0	500	556	
12	0	0	0	0	496	548	
13	0	0	0	0	493	540	
14	0	0	0	0	492	535	
15	0	0	0	0	487	534	
0	0	0	0	0	484	539	
1	0	0	0	0	481	540	
2	0	0	0	0	469	542	
3	0	0	0	0	459	537	
4	0	0	0	0	446	532	
5	0	0	0	0	431	527	
6	0	0	0	0	416	519	
7	0	0	0	0	412	508	
8	0	0	0	0	413	492	
9	0	0	0	0	417	476	
10	0	0	0	0	419	461	
11	0	0	0	0	421	450	
12	0	0	0	0	425	441	
13	0	0	0	0	428	434	
14	0	0	0	0	434	432	
15	0	0	0	0	441	436	
0	0	0	0	0	451	444	
1	0	0	0	0	459	455	
2	0	0	0	0	463	464	
3	0	0	0	0	466	475	
4	0	0	0	0	472	485	
5	0	0	0	0	474	492	
6	0	0	0	0	477	496	
7	0	0	0	0	482	496	
8	0	0	0	0	487	496	
9	0	0	0	0	494	497	
10	0	0	0	0	498	501	
11	0	0	0	0	502	502	
12	0	0	0	0	505	503	
13	0	0	0	0	507	502	
14	0	0	0	0	509	502	
15	0	0	0	0	512	504	
0	0	0	0	0	510	507	
1	0	0	0	0	503	511	
2	0	0	0	0	493	522	
3	0	0	0	0	484	535	
4	0	0	0	0	480	547	
5	0	0	0	0	479	555	
6	0	0	0	0	476	556	
7	0	0	0	0	476	553	
8	0	0	0	0	476	543	
9	0	0	0	0	480	532	
10	0	0	0	0	481	520	
11	0	0	0	0	482	512	
12	0	0	0	0	485	507	
13	0	0	0	0	487	495	
14	0	0	0	0	488	480	
15	0	0	0	0	489	461	
0	0	0	0	0	487	443	
1	0	0	0	0	484	428	
2	0	0	0	0	485	419	
3	0	0	0	0	484	415	
4	0	0	0	0	486	410	
5	0	0	0	0	482	405	
6	0	0	0	0	473	402	
7	0	0	0	0	463	401	
8	0	0	0	0	451	399	
9	0	0	0	0	436	401	
10	0	0	0	0	418	411	
11	0	0	0	0	402	423	
12	0	0	0	0	391	436	
13	0	0	0	0	391	447	
14	0	0	0	0	395	452	
15	0	0	0	0	402	458	
0	0	0	0	0	411	461	
1	0	0	0	0	428	464	
2	0	0	0	0	448	466	
3	0	0	0	0	471	466	
4	0	0	0	0	488	464	
5	0	0	0	0	504	460	
6	0	0	0	0	516	454	
7	0	0	0	0	526	450	
8	0	0	0	0	530	444	
9	0	0	0	0	534	435	
10	0	0	0	0	537	435	
11	0	0	0	0	536	432	
12	0	0	0	0	530	435	
13	0	0	0	0	523	442	
14	0	0	0	0	520	451	
15	0	0	0	0	525	458	
0	0	0	0	0	532	463	
1	0	0	0	0	533	463	
2	0	0	0	0	532	463	
3	0	0	0	0	531	465	
4	0	0	0	0	526	469	
5	0	0	0	0	519	480	
6	0	0	0	0	519	487	
7	0	0	0	0	518	488	
8	0	0	0	0	519	493	
9	0	0	0	0	520	503	
10	0	0	0	0	518	513	
11	0	0	0	0	510	523	
12	0	0	0	0	500	528	
13	0	0	0	0	495	532	
14	0	0	0	0	495	537	
15	0	0	0	0	501	538	
0	0	0	0	0	508	533	
1	0	0	0	0	519	527	
2	0	0	0	0	535	520	
3	0	0	0	0	554	511	
4	0	0	0	0	573	501	
5	0	0	0	0	583	491	
6	0	0	0	0	593	483	
7	0	0	0	0	600	478	
8	0	0	0	0	601	477	
9	0	0	0	0	603	478	
10	0	0	0	0	601	478	
11	0	0	0	0	595	478	
12	0	0	0	0	581	476	
13	0	0	0	0	561	482	
14	0	0	0	0	541	485	
15	0	0	0	0	520	486	
0	0	0	0	0	498	481	
1	0	0	0	0	484	480	
2	0	0	0	0	473	478	
3	0	0	0	0	465	480	
4	0	0	0	0	461	487	
5	0	0	0	0	459	493	
6	0	0	0	0	463	492	
7	0	0	0	0	470	479	
8	0	0	0	0	478	456	
9	0	0	0	0	489	432	
10	0	0	0	0	499	409	
11	0	0	0	0	507	394	
12	0	0	0	0	511	390	
13	0	0	0	0	513	384	
14	0	0	0	0	511	389	
15	0	0	0	0	508	392	
0	0	0	0	0	507	399	
1	0	0	0	0	508	406	
2	0	0	0	0	515	413	
3	0	0	0	0	520	421	
4	0	0	0	0	526	432	
5	0	0	0	0	529	447	
6	0	0	0	0	532	459	
7	0	0	0	0	532	470	
8	0	0	0	0	534	480	
9	0	0	0	0	539	493	
10	0	0	0	0	545	506	
11	0	0	0	0	553	522	
12	0	0	0	0	561	543	
13	0	0	0	0	568	574	
14	0	0	0	0	572	607	
15	0	0	0	0	571	637	
0	0	0	0	0	567	651	
1	0	0	0	0	560	654	
2	0	0	0	0	552	647	
3	0	0	0	0	547	634	
4	0	0	0	0	546	615	
5	0	0	0	0	541	591	
6	0	0	0	0	540	564	
7	0	0	0	0	535	541	
8	0	0	0	0	529	520	
9	0	0	0	0	523	500	
10	0	0	0	0	521	486	
11	0	0	0	0	523	476	
12	0	0	0	0	527	470	
13	0	0	0	0	531	470	
14	0	0	0	0	529	471	
15	0	0	0	0	528	476	
0	0	0	0	0	525	480	
1	0	0	0	0	522	484	
2	0	0	0	0	515	487	
3	0	0	0	0	507	489	
4	0	0	0	0	504	492	
5	0	0	0	0	506	493	
6	0	0	0	0	512	495	
7	0	0	0	0	516	499	
8	0	0	0	0	523	502	
9	0	0	0	0	530	508	
10	0	0	0	0	539	516	
11	0	0	0	0	551	525	
12	0	0	0	0	560	534	
13	0	0	0	0	566	542	
14	0	0	0	0	566	547	
15	0	0	0	0	565	551	
0	0	0	0	0	560	550	
1	0	0	0	0	551	548	
2	0	0	0	0	546	545	
3	0	0	0	0	539	540	
4	0	0	0	0	535	538	
5	0	0	0	0	533	534	
6	0	0	0	0	536	535	
7	0	0	0	0	544	539	
8	0	0	0	0	557	546	
9	0	0	0	0	569	553	
10	0	0	0	0	579	558	
11	0	0	0	0	588	563	
12	0	0	0	0	595	568	
13	0	0	0	0	591	569	
14	0	0	0	0	581	566	
15	0	0	0	0	569	560	
0	0	0	0	0	551	553	
1	0	0	0	0	539	546	
2	0	0	0	0	529	538	
3	0	0	0	0	526	535	
4	0	0	0	0	525	536	
5	0	0	0	0	528	542	
6	0	0	0	0	529	549	
7	0	0	0	0	528	559	
8	0	0	0	0	529	572	
9	0	0	0	0	530	584	
10	0	0	0	0	528	589	
11	0	0	0	0	527	584	
12	0	0	0	0	526	574	
13	0	0	0	0	523	558	
14	0	0	0	0	523	541	
15	0	0	0	0	521	526	
0	0	0	0	0	524	510	
1	0	0	0	0	528	502	
2	0	0	0	0	528	505	
3	0	0	0	0	531	512	
4	0	0	0	0	536	526	
5	0	0	0	0	539	544	
6	0	0	0	0	543	563	
7	0	0	0	0	548	586	
8	0	0	0	0	555	609	
9	0	0	0	0	563	636	
10	0	0	0	0	568	659	
11	0	0	0	0	571	672	
12	0	0	0	0	578	680	
13	0	0	0	0	583	680	
14	0	0	0	0	585	677	
15	0	0	0	0	586	667	
0	0	0	0	0	589	655	
1	0	0	0	0	588	641	
2	0	0	0	0	580	625	
3	0	0	0	0	571	606	
4	0	0	0	0	560	586	
5	0	0	0	0	553	568	
6	0	0	0	0	549	560	
7	0	0	0	0	545	557	
8	0	0	0	0	542	560	
9	0	0	0	0	536	572	
10	0	0	0	0	529	582	
11	0	0	0	0	519	594	
12	0	0	0	0	514	603	
13	0	0	0	0	518	610	
14	0	0	0	0	524	619	
15	0	0	0	0	531	627	
0	0	0	0	0	534	633	
1	0	0	0	0	536	636	
2	0	0	0	0	536	630	
3	0	0	0	0	531	623	
4	0	0	0	0	527	612	
5	0	0	0	0	520	602	
6	0	0	0	0	516	594	
7	0	0	0	0	519	594	
8	0	0	0	0	520	599	
9	0	0	0	0	521	602	
10	0	0	0	0	520	608	
11	0	0	0	0	519	616	
12	0	0	0	0	519	624	
13	0	0	0	0	519	627	
14	0	0	0	0	523	625	
15	0	0	0	0	527	617	
0	0	0	0	0	533	607	
1	0	0	0	0	536	594	
2	0	0	0	0	537	583	
3	0	0	0	0	539	577	
4	0	0	0	0	544	575	
5	0	0	0	0	550	574	
6	0	0	0	0	558	572	
7	0	0	0	0	569	570	
8	0	0	0	0	577	569	
9	0	0	0	0	580	570	
10	0	0	0	0	583	575	
11	0	0	0	0	583	586	
12	0	0	0	0	585	595	
13	0	0	0	0	583	601	
14	0	0	0	0	583	603	
15	0	0	0	0	580	604	
0	0	0	0	0	576	603	
1	0	0	0	0	572	604	
2	0	0	0	0	568	604	
3	0	0	0	0	563	602	
4	0	0	0	0	556	601	
5	0	0	0	0	550	605	
6	0	0	0	0	541	603	
7	0	0	0	0	533	599	
8	0	0	0	0	529	601	
9	0	0	0	0	527	603	
10	0	0	0	0	523	605	
11	0	0	0	0	522	611	
12	0	0	0	0	525	619	
13	0	0	0	0	527	626	
14	0	0	0	0	531	632	
15	0	0	0	0	536	632	
0	0	0	0	0	545	630	
1	0	0	0	0	558	622	
2	0	0	0	0	574	613	
3	0	0	0	0	582	604	
4	0	0	0	0	588	600	
5	0	0	0	0	593	600	
6	0	0	0	0	599	603	
7	0	0	0	0	606	603	
8	0	0	0	0	608	601	
9	0	0	0	0	604	600	
10	0	0	0	0	596	606	
11	0	0	0	0	583	614	
12	0	0	0	0	573	630	
13	0	0	0	0	562	638	
14	0	0	0	0	548	646	
15	0	0	0	0	536	651	
0	0	0	0	0	524	655	
1	0	0	0	0	513	659	
2	0	0	0	0	504	665	
3	0	0	0	0	497	672	
4	0	0	0	0	494	679	
5	0	0	0	0	494	682	
6	0	0	0	0	496	684	
7	0	0	0	0	494	684	
8	0	0	0	0	490	684	
9	0	0	0	0	490	683	
10	0	0	0	0	495	668	
11	0	0	0	0	500	655	
12	0	0	0	0	505	643	
13	0	0	0	0	511	632	
14	0	0	0	0	515	623	
15	0	0	0	0	512	614	
0	0	0	0	0	508	609	
1	0	0	0	0	501	607	
2	0	0	0	0	495	608	
3	0	0	0	0	493	610	
4	0	0	0	0	494	610	
5	0	0	0	0	496	608	
6	0	0	0	0	498	608	
7	0	0	0	0	504	606	
8	0	0	0	0	510	605	
9	0	0	0	0	515	606	
10	0	0	0	0	518	605	
11	0	0	0	0	516	604	
12	0	0	0	0	515	600	
13	0	0	0	0	513	594	
14	0	0	0	0	513	585	
15	0	0	0	0	515	579	
0	0	0	0	0	515	581	
1	0	0	0	0	512	589	
2	0	0	0	0	510	599	
3	0	0	0	0	509	603	
4	0	0	0	0	511	601	
5	0	0	0	0	511	598	
6	0	0	0	0	512	595	
7	0	0	0	0	513	594	
8	0	0	0	0	509	589	
9	0	0	0	0	497	580	
10	0	0	0	0	486	574	
11	0	0	0	0	478	572	
12	0	0	0	0	473	575	
13	0	0	0	0	469	580	
14	0	0	0	0	469	587	
15	0	0	0	0	473	595	
0	0	0	0	0	477	600	
1	0	0	0	0	484	601	
2	0	0	0	0	489	600	
3	0	0	0	0	489	594	
4	0	0	0	0	487	588	
5	0	0	0	0	482	585	
6	0	0	0	0	480	585	
7	0	0	0	0	475	588	
8	0	0	0	0	468	591	
9	0	0	0	0	466	600	
10	0	0	0	0	465	615	
11	0	0	0	0	466	635	
12	0	0	0	0	468	649	
13	0	0	0	0	469	659	
14	0	0	0	0	472	657	
15	0	0	0	0	475	656	
0	0	0	0	0	477	656	
1	0	0	0	0	480	647	
2	0	0	0	0	485	637	
3	0	0	0	0	489	623	
4	0	0	0	0	492	610	
5	0	0	0	0	493	595	
6	0	0	0	0	493	580	
7	0	0	0	0	492	568	
8	0	0	0	0	488	560	
9	0	0	0	0	485	555	
10	0	0	0	0	483	553	
11	0	0	0	0	480	556	
12	0	0	0	0	478	559	
13	0	0	0	0	473	565	
14	0	0	0	0	471	567	
15	0	0	0	0	470	569	
0	0	0	0	0	469	568	
1	0	0	0	0	467	567	
2	0	0	0	0	464	567	
3	0	0	0	0	464	568	
4	0	0	0	0	467	566	
5	0	0	0	0	465	559	
6	0	0	0	0	461	551	
7	0	0	0	0	459	545	
8	0	0	0	0	457	541	
9	0	0	0	0	456	537	
10	0	0	0	0	456	534	
11	0	0	0	0	461	534	
12	0	0	0	0	464	539	
13	0	0	0	0	473	551	
14	0	0	0	0	489	565	
15	0	0	0	0	507	573	
0	0	0	0	0	524	582	
1	0	0	0	0	536	581	
2	0	0	0	0	543	579	
3	0	0	0	0	537	577	
4	0	0	0	0	527	574	
5	0	0	0	0	516	570	
6	0	0	0	0	502	561	
7	0	0	0	0	487	550	
8	0	0	0	0	474	540	
9	0	0	0	0	465	536	
10	0	0	0	0	463	540	
11	0	0	0	0	463	544	
12	0	0	0	0	467	544	
13	0	0	0	0	470	543	
14	0	0	0	0	474	541	
15	0	0	0	0	477	544	
0	0	0	0	0	481	548	
1	0	0	0	0	486	553	
2	0	0	0	0	487	556	
3	0	0	0	0	489	560	
4	0	0	0	0	489	562	
5	0	0	0	0	487	564	
6	0	0	0	0	479	565	
7	0	0	0	0	474	564	
8	0	0	0	0	466	556	
9	0	0	0	0	458	554	
10	0	0	0	0	453	554	
11	0	0	0	0	450	556	
12	0	0	0	0	452	554	
13	0	0	0	0	455	550	
14	0	0	0	0	462	545	
15	0	0	0	0	467	542	
0	0	0	0	0	475	541	
1	0	0	0	0	478	543	
2	0	0	0	0	483	544	
3	0	0	0	0	487	545	
4	0	0	0	0	492	546	
5	0	0	0	0	496	550	
6	0	0	0	0	495	555	
7	0	0	0	0	490	559	
8	0	0	0	0	486	561	
9	0	0	0	0	483	561	
10	0	0	0	0	477	558	
11	0	0	0	0	477	552	
12	0	0	0	0	478	551	
13	0	0	0	0	479	547	
14	0	0	0	0	480	540	
15	0	0	0	0	480	535	
0	0	0	0	0	480	533	
1	0	0	0	0	486	535	
2	0	0	0	0	493	536	
3	0	0	0	0	502	534	
4	0	0	0	0	511	533	
5	0	0	0	0	516	527	
6	0	0	0	0	519	520	
7	0	0	0	0	512	510	
8	0	0	0	0	508	502	
9	0	0	0	0	507	499	
10	0	0	0	0	508	496	
11	0	0	0	0	510	492	
12	0	0	0	0	512	486	
13	0	0	0	0	516	484	
14	0	0	0	0	526	486	
15	0	0	0	0	532	492	
0	0	0	0	0	533	499	
1	0	0	0	0	531	500	
2	0	0	0	0	523	496	
3	0	0	0	0	513	488	
4	0	0	0	0	504	483	
5	0	0	0	0	492	481	
6	0	0	0	0	484	481	
7	0	0	0	0	478	482	
8	0	0	0	0	474	480	
9	0	0	0	0	472	481	
10	0	0	0	0	475	487	
11	0	0	0	0	483	495	
12	0	0	0	0	490	500	
13	0	0	0	0	496	502	
14	0	0	0	0	496	503	
15	0	0	0	0	496	502	
0	0	0	0	0	498	502	
1	0	0	0	0	500	501	
2	0	0	0	0	503	501	
3	0	0	0	0	506	501	
4	0	0	0	0	511	499	
5	0	0	0	0	512	497	
6	0	0	0	0	512	495	
7	0	0	0	0	509	496	
8	0	0	0	0	503	501	
9	0	0	0	0	495	505	
10	0	0	0	0	490	511	
11	0	0	0	0	486	514	
12	0	0	0	0	482	512	
13	0	0	0	0	478	510	
14	0	0	0	0	474	506	
15	0	0	0	0	467	499	
0	0	0	0	0	462	488	
1	0	0	0	0	460	479	
2	0	0	0	0	460	467	
3	0	0	0	0	464	462	
4	0	0	0	0	470	463	
5	0	0	0	0	473	475	
6	0	0	0	0	474	492	
7	0	0	0	0	474	507	
8	0	0	0	0	473	519	
9	0	0	0	0	470	525	
10	0	0	0	0	465	523	
11	0	0	0	0	461	516	
12	0	0	0	0	461	514	
13	0	0	0	0	467	510	
14	0	0	0	0	478	512	
15	0	0	0	0	487	514	
0	0	0	0	0	493	517	
1	0	0	0	0	498	517	
2	0	0	0	0	499	513	
3	0	0	0	0	495	508	
4	0	0	0	0	486	503	
5	0	0	0	0	474	502	
6	0	0	0	0	464	501	
7	0	0	0	0	455	501	
8	0	0	0	0	453	502	
9	0	0	0	0	450	501	
10	0	0	0	0	449	498	
11	0	0	0	0	449	495	
12	0	0	0	0	447	489	
13	0	0	0	0	445	480	
14	0	0	0	0	446	472	
15	0	0	0	0	448	463	
0	0	0	0	0	451	457	
1	0	0	0	0	450	451	
2	0	0	0	0	444	442	
3	0	0	0	0	437	438	
4	0	0	0	0	434	437	
5	0	0	0	0	433	439	
6	0	0	0	0	436	438	
7	0	0	0	0	443	437	
8	0	0	0	0	452	441	
9	0	0	0	0	467	449	
10	0	0	0	0	483	458	
11	0	0	0	0	497	471	
12	0	0	0	0	509	485	
13	0	0	0	0	512	495	
14	0	0	0	0	511	497	
15	0	0	0	0	508	496	
0	0	0	0	0	507	496	
1	0	0	0	0	504	496	
2	0	0	0	0	500	494	
3	0	0	0	0	496	495	
4	0	0	0	0	494	494	
5	0	0	0	0	496	495	
6	0	0	0	0	499	496	
7	0	0	0	0	505	499	
8	0	0	0	0	510	507	
9	0	0	0	0	516	514	
10	0	0	0	0	516	520	
11	0	0	0	0	519	527	
12	0	0	0	0	519	531	
13	0	0	0	0	515	534	
14	0	0	0	0	511	531	
15	0	0	0	0	504	525	
0	0	0	0	0	500	516	
1	0	0	0	0	494	506	
2	0	0	0	0	489	492	
3	0	0	0	0	486	473	
4	0	0	0	0	483	453	
5	0	0	0	0	486	440	
6	0	0	0	0	493	432	
7	0	0	0	0	503	432	
8	0	0	0	0	516	438	
9	0	0	0	0	530	449	
10	0	0	0	0	537	467	
11	0	0	0	0	542	485	
12	0	0	0	0	544	502	
13	0	0	0	0	541	517	
14	0	0	0	0	534	526	
15	0	0	0	0	527	530	
0	0	0	0	0	519	529	
1	0	0	0	0	511	523	
2	0	0	0	0	505	516	
3	0	0	0	0	502	506	
4	0	0	0	0	501	493	
5	0	0	0	0	502	480	
6	0	0	0	0	508	468	
7	0	0	0	0	510	458	
8	0	0	0	0	511	450	
9	0	0	0	0	512	442	
10	0	0	0	0	509	434	
11	0	0	0	0	508	430	
12	0	0	0	0	510	425	
13	0	0	0	0	511	423	
14	0	0	0	0	511	421	
15	0	0	0	0	510	422	
0	0	0	0	0	506	420	
1	0	0	0	0	505	425	
2	0	0	0	0	503	429	
3	0	0	0	0	498	436	
4	0	0	0	0	493	435	
5	0	0	0	0	487	431	
6	0	0	0	0	484	429	
7	0	0	0	0	482	430	
8	0	0	0	0	481	437	
9	0	0	0	0	484	447	
10	0	0	0	0	485	462	
11	0	0	0	0	490	481	
12	0	0	0	0	496	500	
13	0	0	0	0	502	516	
14	0	0	0	0	510	524	
15	0	0	0	0	515	527	
0	0	0	0	0	516	529	
1	0	0	0	0	516	529	
2	0	0	0	0	515	524	
3	0	0	0	0	513	515	
4	0	0	0	0	511	503	
5	0	0	0	0	511	496	
6	0	0	0	0	516	495	
7	0	0	0	0	526	494	
8	0	0	0	0	536	492	
9	0	0	0	0	543	488	
10	0	0	0	0	551	483	
11	0	0	0	0	552	476	
12	0	0	0	0	552	467	
13	0	0	0	0	553	463	
14	0	0	0	0	557	466	
15	0	0	0	0	568	475	
0	0	0	0	0	581	481	
1	0	0	0	0	594	483	
2	0	0	0	0	600	489	
3	0	0	0	0	602	488	
4	0	0	0	0	598	482	
5	0	0	0	0	583	471	
6	0	0	0	0	573	463	
7	0	0	0	0	558	455	
8	0	0	0	0	545	454	
9	0	0	0	0	535	457	
10	0	0	0	0	527	463	
11	0	0	0	0	522	478	
12	0	0	0	0	516	491	
13	0	0	0	0	513	502	
14	0	0	0	0	510	512	
15	0	0	0	0	507	520	
0	0	0	0	0	507	526	
1	0	0	0	0	508	526	
2	0	0	0	0	508	525	
3	0	0	0	0	508	519	
4	0	0	0	0	510	511	
5	0	0	0	0	514	502	
6	0	0	0	0	519	492	
7	0	0	0	0	527	480	
8	0	0	0	0	536	476	
9	0	0	0	0	542	476	
10	0	0	0	0	547	482	
11	0	0	0	0	551	489	
12	0	0	0	0	556	498	
13	0	0	0	0	555	499	
14	0	0	0	0	555	496	
15	0	0	0	0	545	489	
0	0	0	0	0	533	480	
1	0	0	0	0	521	477	
2	0	0	0	0	506	476	
3	0	0	0	0	493	478	
4	0	0	0	0	486	480	
5	0	0	0	0	485	485	
6	0	0	0	0	489	492	
7	0	0	0	0	497	499	
8	0	0	0	0	504	506	
9	0	0	0	0	511	514	
10	0	0	0	0	518	521	
11	0	0	0	0	526	529	
12	0	0	0	0	534	533	
13	0	0	0	0	541	540	
14	0	0	0	0	547	551	
15	0	0	0	0	552	567	
0	0	0	0	0	550	583	
1	0	0	0	0	547	599	
2	0	0	0	0	543	618	
3	0	0	0	0	534	636	
4	0	0	0	0	523	646	
5	0	0	0	0	513	645	
6	0	0	0	0	505	624	
7	0	0	0	0	501	599	
8	0	0	0	0	504	568	
9	0	0	0	0	514	539	
10	0	0	0	0	524	512	
11	0	0	0	0	534	486	
12	0	0	0	0	536	459	
13	0	0	0	0	531	435	
14	0	0	0	0	518	408	
15	0	0	0	0	498	383	
0	0	0	0	0	480	365	
1	0	0	0	0	466	352	
2	0	0	0	0	455	349	
3	0	0	0	0	449	346	
4	0	0	0	0	443	344	
5	0	0	0	0	436	346	
6	0	0	0	0	433	355	
7	0	0	0	0	433	367	
8	0	0	0	0	435	379	
9	0	0	0	0	441	391	
10	0	0	0	0	449	400	
11	0	0	0	0	459	407	
12	0	0	0	0	470	412	
13	0	0	0	0	476	419	
14	0	0	0	0	479	425	
15	0	0	0	0	481	425	
0	0	0	0	0	479	427	
1	0	0	0	0	478	432	
2	0	0	0	0	480	437	
3	0	0	0	0	485	441	
4	0	0	0	0	491	449	
5	0	0	0	0	497	456	
6	0	0	0	0	500	467	
7	0	0	0	0	499	475	
8	0	0	0	0	498	481	
9	0	0	0	0	503	487	
10	0	0	0	0	509	490	
11	0	0	0	0	517	492	
12	0	0	0	0	523	489	
13	0	0	0	0	529	483	
14	0	0	0	0	532	473	
15	0	0	0	0	532	459	
0	0	0	0	0	528	445	
1	0	0	0	0	530	436	
2	0	0	0	0	531	427	
3	0	0	0	0	532	417	
4	0	0	0	0	532	415	
5	0	0	0	0	529	417	
6	0	0	0	0	524	420	
7	0	0	0	0	516	423	
8	0	0	0	0	511	423	
9	0	0	0	0	504	423	
10	0	0	0	0	494	423	
11	0	0	0	0	490	426	
12	0	0	0	0	490	428	
13	0	0	0	0	493	436	
14	0	0	0	0	501	446	
15	0	0	0	0	514	456	
0	0	0	0	0	525	462	
1	0	0	0	0	534	469	
2	0	0	0	0	540	474	
3	0	0	0	0	547	473	
4	0	0	0	0	555	473	
5	0	0	0	0	569	476	
6	0	0	0	0	586	475	
7	0	0	0	0	600	472	
8	0	0	0	0	598	474	
9	0	0	0	0	586	478	
10	0	0	0	0	568	483	
11	0	0	0	0	548	487	
12	0	0	0	0	532	492	
13	0	0	0	0	514	493	
14	0	0	0	0	501	489	
15	0	0	0	0	492	484	
0	0	0	0	0	484	476	
1	0	0	0	0	481	463	
2	0	0	0	0	478	448	
3	0	0	0	0	480	438	
4	0	0	0	0	483	435	
5	0	0	0	0	485	435	
6	0	0	0	0	486	434	
7	0	0	0	0	487	438	
8	0	0	0	0	491	444	
9	0	0	0	0	491	452	
10	0	0	0	0	495	460	
11	0	0	0	0	496	464	
12	0	0	0	0	495	466	
13	0	0	0	0	491	467	
14	0	0	0	0	487	467	
15	0	0	0	0	485	463	
0	0	0	0	0	484	455	
1	0	0	0	0	481	446	
2	0	0	0	0	479	438	
3	0	0	0	0	475	433	
4	0	0	0	0	468	431	
5	0	0	0	0	461	431	
6	0	0	0	0	455	428	
7	0	0	0	0	451	423	
8	0	0	0	0	455	421	
9	0	0	0	0	460	415	
10	0	0	0	0	465	412	
11	0	0	0	0	465	408	
12	0	0	0	0	464	409	
13	0	0	0	0	460	413	
14	0	0	0	0	454	420	
15	0	0	0	0	452	432	
0	0	0	0	0	456	448	
1	0	0	0	0	462	464	
2	0	0	0	0	467	478	
3	0	0	0	0	476	492	
4	0	0	0	0	488	507	
5	0	0	0	0	496	519	
6	0	0	0	0	500	525	
7	0	0	0	0	500	530	
8	0	0	0	0	503	528	
9	0	0	0	0	503	526	
10	0	0	0	0	495	519	
11	0	0	0	0	484	516	
12	0	0	0	0	472	513	
13	0	0	0	0	464	512	
14	0	0	0	0	459	511	
15	0	0	0	0	458	505	
0	0	0	0	0	465	493	
1	0	0	0	0	481	485	
2	0	0	0	0	499	476	
3	0	0	0	0	516	471	
4	0	0	0	0	531	468	
5	0	0	0	0	545	465	
6	0	0	0	0	556	466	
7	0	0	0	0	560	465	
8	0	0	0	0	560	459	
9	0	0	0	0	559	455	
10	0	0	0	0	557	454	
11	0	0	0	0	551	460	
12	0	0	0	0	547	471	
13	0	0	0	0	546	486	
14	0	0	0	0	545	504	
15	0	0	0	0	541	523	
0	0	0	0	0	538	542	
1	0	0	0	0	540	561	
2	0	0	0	0	542	578	
3	0	0	0	0	540	588	
4	0	0	0	0	531	591	
5	0	0	0	0	513	587	
6	0	0	0	0	494	578	
7	0	0	0	0	474	570	
8	0	0	0	0	456	562	
9	0	0	0	0	442	553	
10	0	0	0	0	431	543	
11	0	0	0	0	423	529	
12	0	0	0	0	419	519	
13	0	0	0	0	414	509	
14	0	0	0	0	417	499	
15	0	0	0	0	422	486	
0	0	0	0	0	424	469	
1	0	0	0	0	426	451	
2	0	0	0	0	429	441	
3	0	0	0	0	435	434	
4	0	0	0	0	444	427	
5	0	0	0	0	456	424	
6	0	0	0	0	470	424	
7	0	0	0	0	478	429	
8	0	0	0	0	479	433	
9	0	0	0	0	477	437	
10	0	0	0	0	473	439	
11	0	0	0	0	469	444	
12	0	0	0	0	463	443	
13	0	0	0	0	460	441	
14	0	0	0	0	457	439	
15	0	0	0	0	457	437	
0	0	0	0	0	457	439	
1	0	0	0	0	459	441	
2	0	0	0	0	457	443	
3	0	0	0	0	453	447	
4	0	0	0	0	455	453	
5	0	0	0	0	460	463	
6	0	0	0	0	466	474	
7	0	0	0	0	468	481	
8	0	0	0	0	467	488	
9	0	0	0	0	464	494	
10	0	0	0	0	460	502	
11	0	0	0	0	455	507	
12	0	0	0	0	455	511	
13	0	0	0	0	459	519	
14	0	0	0	0	463	526	
15	0	0	0	0	465	531	
0	0	0	0	0	469	535	
1	0	0	0	0	473	535	
2	0	0	0	0	480	529	
3	0	0	0	0	489	518	
4	0	0	0	0	499	513	
5	0	0	0	0	505	512	
6	0	0	0	0	514	517	
7	0	0	0	0	526	531	
8	0	0	0	0	534	548	
9	0	0	0	0	536	563	
10	0	0	0	0	541	576	
11	0	0	0	0	545	593	
12	0	0	0	0	549	615	
13	0	0	0	0	551	628	
14	0	0	0	0	550	631	
15	0	0	0	0	548	624	
0	0	0	0	0	548	609	
1	0	0	0	0	547	591	
2	0	0	0	0	545	565	
3	0	0	0	0	542	531	
4	0	0	0	0	543	496	
5	0	0	0	0	544	465	
6	0	0	0	0	547	434	
7	0	0	0	0	549	405	
8	0	0	0	0	551	382	
9	0	0	0	0	550	368	
10	0	0	0	0	549	364	
11	0	0	0	0	549	368	
12	0	0	0	0	549	372	
13	0	0	0	0	546	387	
14	0	0	0	0	540	396	
15	0	0	0	0	534	408	
0	0	0	0	0	527	423	
1	0	0	0	0	519	439	
2	0	0	0	0	516	451	
3	0	0	0	0	518	464	
4	0	0	0	0	526	470	
5	0	0	0	0	529	471	
6	0	0	0	0	527	470	
7	0	0	0	0	527	466	
8	0	0	0	0	525	464	
9	0	0	0	0	520	466	
10	0	0	0	0	516	467	
11	0	0	0	0	516	472	
12	0	0	0	0	518	483	
13	0	0	0	0	515	495	
14	0	0	0	0	512	502	
15	0	0	0	0	511	511	
0	0	0	0	0	511	523	
1	0	0	0	0	515	531	
2	0	0	0	0	521	536	
3	0	0	0	0	529	538	
4	0	0	0	0	537	537	
5	0	0	0	0	543	532	
6	0	0	0	0	544	526	
7	0	0	0	0	542	518	
8	0	0	0	0	539	506	
9	0	0	0	0	535	492	
10	0	0	0	0	534	485	
11	0	0	0	0	535	476	
12	0	0	0	0	535	466	
13	0	0	0	0	530	463	
14	0	0	0	0	527	463	
15	0	0	0	0	521	464	
0	0	0	0	0	513	465	
1	0	0	0	0	504	464	
2	0	0	0	0	495	461	
3	0	0	0	0	484	460	
4	0	0	0	0	476	460	
5	0	0	0	0	467	467	
6	0	0	0	0	463	477	
7	0	0	0	0	460	486	
8	0	0	0	0	455	492	
9	0	0	0	0	451	499	
10	0	0	0	0	453	509	
11	0	0	0	0	455	525	
12	0	0	0	0	463	548	
13	0	0	0	0	472	570	
14	0	0	0	0	484	585	
15	0	0	0	0	493	596	
0	0	0	0	0	498	600	
1	0	0	0	0	502	594	
2	0	0	0	0	508	580	
3	0	0	0	0	516	559	
4	0	0	0	0	525	540	
5	0	0	0	0	531	518	
6	0	0	0	0	535	496	
7	0	0	0	0	539	479	
8	0	0	0	0	542	464	
9	0	0	0	0	548	462	
10	0	0	0	0	550	470	
11	0	0	0	0	551	482	
12	0	0	0	0	547	491	
13	0	0	0	0	541	492	
14	0	0	0	0	533	487	
15	0	0	0	0	524	481	
0	0	0	0	0	514	477	
1	0	0	0	0	502	473	
2	0	0	0	0	492	472	
3	0	0	0	0	486	473	
4	0	0	0	0	487	477	
5	0	0	0	0	489	484	
6	0	0	0	0	495	491	
7	0	0	0	0	497	497	
8	0	0	0	0	498	500	
9	0	0	0	0	497	503	
10	0	0	0	0	493	504	
11	0	0	0	0	488	498	
12	0	0	0	0	487	487	
13	0	0	0	0	489	477	
14	0	0	0	0	492	471	
15	0	0	0	0	497	467	
0	0	0	0	0	503	465	
1	0	0	0	0	511	469	
2	0	0	0	0	521	478	
3	0	0	0	0	527	488	
4	0	0	0	0	534	504	
5	0	0	0	0	539	524	
6	0	0	0	0	539	540	
7	0	0	0	0	535	550	
8	0	0	0	0	532	554	
9	0	0	0	0	535	555	
10	0	0	0	0	537	555	
11	0	0	0	0	542	553	
12	0	0	0	0	545	548	
13	0	0	0	0	544	545	
14	0	0	0	0	547	541	
15	0	0	0	0	549	534	
0	0	0	0	0	549	525	
1	0	0	0	0	545	519	
2	0	0	0	0	542	508	
3	0	0	0	0	539	496	
4	0	0	0	0	538	486	
5	0	0	0	0	531	476	
6	0	0	0	0	525	467	
7	0	0	0	0	525	463	
8	0	0	0	0	530	463	
9	0	0	0	0	536	461	
10	0	0	0	0	542	458	
11	0	0	0	0	547	457	
12	0	0	0	0	549	451	
13	0	0	0	0	549	441	
14	0	0	0	0	548	435	
15	0	0	0	0	545	435	
0	0	0	0	0	538	441	
1	0	0	0	0	528	450	
2	0	0	0	0	518	457	
3	0	0	0	0	505	461	
4	0	0	0	0	496	463	
5	0	0	0	0	491	463	
6	0	0	0	0	494	460	
7	0	0	0	0	499	459	
8	0	0	0	0	502	461	
9	0	0	0	0	504	470	
10	0	0	0	0	504	479	
11	0	0	0	0	503	497	
12	0	0	0	0	508	521	
13	0	0	0	0	514	548	
14	0	0	0	0	520	570	
15	0	0	0	0	528	586	
0	0	0	0	0	530	599	
1	0	0	0	0	527	606	
2	0	0	0	0	519	605	
3	0	0	0	0	511	596	
4	0	0	0	0	502	579	
5	0	0	0	0	491	553	
6	0	0	0	0	483	522	
7	0	0	0	0	481	497	
8	0	0	0	0	481	471	
9	0	0	0	0	485	450	
10	0	0	0	0	491	436	
11	0	0	0	0	495	431	
12	0	0	0	0	499	430	
13	0	0	0	0	499	435	
14	0	0	0	0	497	444	
15	0	0	0	0	489	452	
0	0	0	0	0	478	456	
1	0	0	0	0	465	455	
2	0	0	0	0	451	450	
3	0	0	0	0	440	445	
4	0	0	0	0	433	443	
5	0	0	0	0	432	445	
6	0	0	0	0	440	449	
7	0	0	0	0	450	454	
8	0	0	0	0	460	455	
9	0	0	0	0	470	452	
10	0	0	0	0	480	448	
11	0	0	0	0	492	445	
12	0	0	0	0	502	444	
13	0	0	0	0	510	452	
14	0	0	0	0	514	464	
15	0	0	0	0	518	485	
0	0	0	0	0	519	508	
1	0	0	0	0	522	535	
2	0	0	0	0	518	557	
3	0	0	0	0	509	577	
4	0	0	0	0	497	596	
5	0	0	0	0	487	619	
6	0	0	0	0	484	641	
7	0	0	0	0	483	658	
8	0	0	0	0	481	657	
9	0	0	0	0	481	648	
10	0	0	0	0	481	636	
11	0	0	0	0	479	615	
12	0	0	0	0	474	586	
13	0	0	0	0	469	552	
14	0	0	0	0	467	522	
15	0	0	0	0	469	492	
0	0	0	0	0	477	469	
1	0	0	0	0	484	450	
2	0	0	0	0	490	431	
3	0	0	0	0	489	417	
4	0	0	0	0	486	412	
5	0	0	0	0	483	414	
6	0	0	0	0	482	419	
7	0	0	0	0	484	423	
8	0	0	0	0	489	427	
9	0	0	0	0	496	428	
10	0	0	0	0	511	427	
11	0	0	0	0	526	428	
12	0	0	0	0	542	431	
13	0	0	0	0	553	432	
14	0	0	0	0	561	437	
15	0	0	0	0	567	444	
0	0	0	0	0	567	456	
1	0	0	0	0	563	468	
2	0	0	0	0	552	483	
3	0	0	0	0	544	494	
4	0	0	0	0	542	508	
5	0	0	0	0	543	522	
6	0	0	0	0	544	535	
7	0	0	0	0	544	542	
8	0	0	0	0	541	543	
9	0	0	0	0	535	539	
10	0	0	0	0	527	537	
11	0	0	0	0	522	531	
12	0	0	0	0	522	522	
13	0	0	0	0	523	507	
14	0	0	0	0	525	491	
15	0	0	0	0	524	484	
0	0	0	0	0	521	486	
1	0	0	0	0	521	490	
2	0	0	0	0	519	490	
3	0	0	0	0	518	495	
4	0	0	0	0	519	502	
5	0	0	0	0	524	507	
6	0	0	0	0	532	507	
7	0	0	0	0	542	503	
8	0	0	0	0	546	502	
9	0	0	0	0	549	504	
10	0	0	0	0	549	508	
11	0	0	0	0	549	514	
12	0	0	0	0	548	520	
13	0	0	0	0	545	523	
14	0	0	0	0	539	526	
15	0	0	0	0	534	526	
0	0	0	0	0	527	521	
1	0	0	0	0	520	513	
2	0	0	0	0	516	504	
3	0	0	0	0	516	503	
4	0	0	0	0	516	504	
5	0	0	0	0	517	508	
6	0	0	0	0	519	508	
7	0	0	0	0	519	504	
8	0	0	0	0	518	505	
9	0	0	0	0	515	508	
10	0	0	0	0	511	510	
11	0	0	0	0	507	513	
12	0	0	0	0	503	516	
13	0	0	0	0	497	521	
14	0	0	0	0	493	529	
15	0	0	0	0	491	538	
0	0	0	0	0	491	545	
1	0	0	0	0	492	551	
2	0	0	0	0	494	551	
3	0	0	0	0	499	545	
4	0	0	0	0	505	539	
5	0	0	0	0	512	538	
6	0	0	0	0	526	541	
7	0	0	0	0	544	547	
8	0	0	0	0	563	553	
9	0	0	0	0	579	555	
10	0	0	0	0	592	552	
11	0	0	0	0	600	547	
12	0	0	0	0	604	543	
13	0	0	0	0	602	540	
14	0	0	0	0	600	538	
15	0	0	0	0	593	534	
0	0	0	0	0	584	526	
1	0	0	0	0	576	522	
2	0	0	0	0	567	517	
3	0	0	0	0	557	515	
4	0	0	0	0	553	513	
5	0	0	0	0	548	512	
6	0	0	0	0	543	518	
7	0	0	0	0	540	524	
8	0	0	0	0	538	533	
9	0	0	0	0	532	544	
10	0	0	0	0	531	557	
11	0	0	0	0	532	566	
12	0	0	0	0	531	564	
13	0	0	0	0	526	558	
14	0	0	0	0	526	550	
15	0	0	0	0	526	539	
0	0	0	0	0	529	524	
1	0	0	0	0	533	510	
2	0	0	0	0	534	496	
3	0	0	0	0	536	483	
4	0	0	0	0	538	476	
5	0	0	0	0	539	476	
6	0	0	0	0	537	476	
7	0	0	0	0	537	483	
8	0	0	0	0	539	491	
9	0	0	0	0	539	503	
10	0	0	0	0	536	513	
11	0	0	0	0	534	522	
12	0	0	0	0	530	527	
13	0	0	0	0	529	526	
14	0	0	0	0	527	521	
15	0	0	0	0	522	516	
0	0	0	0	0	520	511	
1	0	0	0	0	518	509	
2	0	0	0	0	512	500	
3	0	0	0	0	504	487	
4	0	0	0	0	497	475	
5	0	0	0	0	491	464	
6	0	0	0	0	482	458	
7	0	0	0	0	477	453	
8	0	0	0	0	468	450	
9	0	0	0	0	461	444	
10	0	0	0	0	454	441	
11	0	0	0	0	453	443	
12	0	0	0	0	453	445	
13	0	0	0	0	457	455	
14	0	0	0	0	463	465	
15	0	0	0	0	468	479	
0	0	0	0	0	471	492	
1	0	0	0	0	472	508	
2	0	0	0	0	476	525	
3	0	0	0	0	477	531	
4	0	0	0	0	481	532	
5	0	0	0	0	487	531	
6	0	0	0	0	492	527	
7	0	0	0	0	493	525	
8	0	0	0	0	494	526	
9	0	0	0	0	496	531	
10	0	0	0	0	497	535	
11	0	0	0	0	504	535	
12	0	0	0	0	516	530	
13	0	0	0	0	533	528	
14	0	0	0	0	551	527	
15	0	0	0	0	567	529	
0	0	0	0	0	577	529	
1	0	0	0	0	579	523	
2	0	0	0	0	575	515	
3	0	0	0	0	562	508	
4	0	0	0	0	550	500	
5	0	0	0	0	540	495	
6	0	0	0	0	534	490	
7	0	0	0	0	529	487	
8	0	0	0	0	525	483	
9	0	0	0	0	522	481	
10	0	0	0	0	517	482	
11	0	0	0	0	512	486	
12	0	0	0	0	508	492	
13	0	0	0	0	500	498	
14	0	0	0	0	495	503	
15	0	0	0	0	490	505	
0	0	0	0	0	492	510	
1	0	0	0	0	496	521	
2	0	0	0	0	501	532	
3	0	0	0	0	506	542	
4	0	0	0	0	513	552	
5	0	0	0	0	515	559	
6	0	0	0	0	519	559	
7	0	0	0	0	520	554	
8	0	0	0	0	522	541	
9	0	0	0	0	524	526	
10	0	0	0	0	524	511	
11	0	0	0	0	524	504	
12	0	0	0	0	522	503	
13	0	0	0	0	517	501	
14	0	0	0	0	515	498	
15	0	0	0	0	518	496	
0	0	0	0	0	520	497	
1	0	0	0	0	520	495	
2	0	0	0	0	522	491	
3	0	0	0	0	523	491	
4	0	0	0	0	522	490	
5	0	0	0	0	519	489	
6	0	0	0	0	519	487	
7	0	0	0	0	517	487	
8	0	0	0	0	517	487	
9	0	0	0	0	519	486	
10	0	0	0	0	526	487	
11	0	0	0	0	536	489	
12	0	0	0	0	547	489	
13	0	0	0	0	553	486	
14	0	0	0	0	555	484	
15	0	0	0	0	558	482	
0	0	0	0	0	558	476	
1	0	0	0	0	553	467	
2	0	0	0	0	548	459	
3	0	0	0	0	540	451	
4	0	0	0	0	532	444	
5	0	0	0	0	527	438	
6	0	0	0	0	525	433	
7	0	0	0	0	523	433	
8	0	0	0	0	526	434	
9	0	0	0	0	528	435	
10	0	0	0	0	531	440	
11	0	0	0	0	534	447	
12	0	0	0	0	536	447	
13	0	0	0	0	537	449	
14	0	0	0	0	537	450	
15	0	0	0	0	538	457	
0	0	0	0	0	542	463	
1	0	0	0	0	546	469	
2	0	0	0	0	552	475	
3	0	0	0	0	557	483	
4	0	0	0	0	558	492	
5	0	0	0	0	560	497	
6	0	0	0	0	560	500	
7	0	0	0	0	555	501	
8	0	0	0	0	547	504	
9	0	0	0	0	537	507	
10	0	0	0	0	529	512	
11	0	0	0	0	528	515	
12	0	0	0	0	533	517	
13	0	0	0	0	541	519	
14	0	0	0	0	547	521	
15	0	0	0	0	551	524	
0	0	0	0	0	553	529	
1	0	0	0	0	557	532	
2	0	0	0	0	563	531	
3	0	0	0	0	569	527	
4	0	0	0	0	575	524	
5	0	0	0	0	577	522	
6	0	0	0	0	576	523	
7	0	0	0	0	576	524	
8	0	0	0	0	575	521	
9	0	0	0	0	574	516	
10	0	0	0	0	577	507	
11	0	0	0	0	575	494	
12	0	0	0	0	569	483	
13	0	0	0	0	561	472	
14	0	0	0	0	556	459	
15	0	0	0	0	553	447	
0	0	0	0	0	551	440	
1	0	0	0	0	548	440	
2	0	0	0	0	542	444	
3	0	0	0	0	533	454	
4	0	0	0	0	524	465	
5	0	0	0	0	516	479	
6	0	0	0	0	512	492	
7	0	0	0	0	509	500	
8	0	0	0	0	504	504	
9	0	0	0	0	499	503	
10	0	0	0	0	495	500	
11	0	0	0	0	495	503	
12	0	0	0	0	499	510	
13	0	0	0	0	508	518	
14	0	0	0	0	518	518	
15	0	0	0	0	530	508	
0	0	0	0	0	543	496	
1	0	0	0	0	551	487	
2	0	0	0	0	558	481	
3	0	0	0	0	560	480	
4	0	0	0	0	563	480	
5	0	0	0	0	562	478	
6	0	0	0	0	556	474	
7	0	0	0	0	550	472	
8	0	0	0	0	546	471	
9	0	0	0	0	549	471	
10	0	0	0	0	554	473	
11	0	0	0	0	557	477	
12	0	0	0	0	560	487	
13	0	0	0	0	560	500	
14	0	0	0	0	561	513	
15	0	0	0	0	563	522	
0	0	0	0	0	559	524	
1	0	0	0	0	551	527	
2	0	0	0	0	539	527	
3	0	0	0	0	525	524	
4	0	0	0	0	516	514	
5	0	0	0	0	507	504	
6	0	0	0	0	500	495	
7	0	0	0	0	494	485	
8	0	0	0	0	491	477	
9	0	0	0	0	491	476	
10	0	0	0	0	490	481	
11	0	0	0	0	489	491	
12	0	0	0	0	490	503	
13	0	0	0	0	492	515	
14	0	0	0	0	495	526	
15	0	0	0	0	497	543	
0	0	0	0	0	498	556	
1	0	0	0	0	498	562	
2	0	0	0	0	502	562	
3	0	0	0	0	509	551	
4	0	0	0	0	523	541	
5	0	0	0	0	538	528	
6	0	0	0	0	551	519	
7	0	0	0	0	557	510	
8	0	0	0	0	556	498	
9	0	0	0	0	552	487	
10	0	0	0	0	545	480	
11	0	0	0	0	536	480	
12	0	0	0	0	532	481	
13	0	0	0	0	523	485	
14	0	0	0	0	514	489	
15	0	0	0	0	508	498	
0	0	0	0	0	501	506	
1	0	0	0	0	495	516	
2	0	0	0	0	491	526	
3	0	0	0	0	489	528	
4	0	0	0	0	486	527	
5	0	0	0	0	484	525	
6	0	0	0	0	487	518	
7	0	0	0	0	493	506	
8	0	0	0	0	502	499	
9	0	0	0	0	510	491	
10	0	0	0	0	518	487	
11	0	0	0	0	529	486	
12	0	0	0	0	539	487	
13	0	0	0	0	547	491	
14	0	0	0	0	551	496	
15	0	0	0	0	556	504	
0	0	0	0	0	560	513	
1	0	0	0	0	563	519	
2	0	0	0	0	566	524	
3	0	0	0	0	566	527	
4	0	0	0	0	566	531	
5	0	0	0	0	565	539	
6	0	0	0	0	562	551	
7	0	0	0	0	559	562	
8	0	0	0	0	554	571	
9	0	0	0	0	553	575	
10	0	0	0	0	551	579	
11	0	0	0	0	546	582	
12	0	0	0	0	538	580	
13	0	0	0	0	529	572	
14	0	0	0	0	519	562	
15	0	0	0	0	509	550	
0	0	0	0	0	499	539	
1	0	0	0	0	494	525	
2	0	0	0	0	497	513	
3	0	0	0	0	504	507	
4	0	0	0	0	517	508	
5	0	0	0	0	535	510	
6	0	0	0	0	553	516	
7	0	0	0	0	569	527	
8	0	0	0	0	576	537	
9	0	0	0	0	579	542	
10	0	0	0	0	580	543	
11	0	0	0	0	577	541	
12	0	0	0	0	574	536	
13	0	0	0	0	568	532	
14	0	0	0	0	562	528	
15	0	0	0	0	558	528	
0	0	0	0	0	555	529	
1	0	0	0	0	552	538	
2	0	0	0	0	547	545	
3	0	0	0	0	543	552	
4	0	0	0	0	542	558	
5	0	0	0	0	539	560	
6	0	0	0	0	538	556	
7	0	0	0	0	541	550	
8	0	0	0	0	545	543	
9	0	0	0	0	548	537	
10	0	0	0	0	547	527	
11	0	0	0	0	546	512	
12	0	0	0	0	545	496	
13	0	0	0	0	547	487	
14	0	0	0	0	550	490	
15	0	0	0	0	553	501	
0	0	0	0	0	560	515	
1	0	0	0	0	568	530	
2	0	0	0	0	575	543	
3	0	0	0	0	575	551	
4	0	0	0	0	569	559	
5	0	0	0	0	561	572	
6	0	0	0	0	554	591	
7	0	0	0	0	551	606	
8	0	0	0	0	551	608	
9	0	0	0	0	550	594	
10	0	0	0	0	550	569	
11	0	0	0	0	551	543	
12	0	0	0	0	555	515	
13	0	0	0	0	554	485	
14	0	0	0	0	555	457	
15	0	0	0	0	552	435	
0	0	0	0	0	548	418	
1	0	0	0	0	539	410	
2	0	0	0	0	530	412	
3	0	0	0	0	522	415	
4	0	0	0	0	516	423	
5	0	0	0	0	510	433	
6	0	0	0	0	505	439	
7	0	0	0	0	503	442	
8	0	0	0	0	500	440	
9	0	0	0	0	500	442	
10	0	0	0	0	501	446	
11	0	0	0	0	506	456	
12	0	0	0	0	511	469	
13	0	0	0	0	515	480	
14	0	0	0	0	519	488	
15	0	0	0	0	521	495	
0	0	0	0	0	523	499	
1	0	0	0	0	523	504	
2	0	0	0	0	524	512	
3	0	0	0	0	527	522	
4	0	0	0	0	534	529	
5	0	0	0	0	543	532	
6	0	0	0	0	555	530	
7	0	0	0	0	567	528	
8	0	0	0	0	577	524	
9	0	0	0	0	586	519	
10	0	0	0	0	590	514	
11	0	0	0	0	589	508	
12	0	0	0	0	583	503	
13	0	0	0	0	577	502	
14	0	0	0	0	568	505	
15	0	0	0	0	564	507	
0	0	0	0	0	562	507	
1	0	0	0	0	559	508	
2	0	0	0	0	556	498	
3	0	0	0	0	551	483	
4	0	0	0	0	547	471	
5	0	0	0	0	539	463	
6	0	0	0	0	532	457	
7	0	0	0	0	534	451	
8	0	0	0	0	537	448	
9	0	0	0	0	540	445	
10	0	0	0	0	540	449	
11	0	0	0	0	542	465	
12	0	0	0	0	550	491	
13	0	0	0	0	558	515	
14	0	0	0	0	563	536	
15	0	0	0	0	566	550	
0	0	0	0	0	569	562	
1	0	0	0	0	573	568	
2	0	0	0	0	576	571	
3	0	0	0	0	572	572	
4	0	0	0	0	561	572	
5	0	0	0	0	552	569	
6	0	0	0	0	544	560	
7	0	0	0	0	541	548	
8	0	0	0	0	539	538	
9	0	0	0	0	541	527	
10	0	0	0	0	543	517	
11	0	0	0	0	546	515	
12	0	0	0	0	549	515	
13	0	0	0	0	550	511	
14	0	0	0	0	551	511	
15	0	0	0	0	545	509	
0	0	0	0	0	539	500	
1	0	0	0	0	530	489	
2	0	0	0	0	523	479	
3	0	0	0	0	512	468	
4	0	0	0	0	503	456	
5	0	0	0	0	494	446	
6	0	0	0	0	488	447	
7	0	0	0	0	493	457	
8	0	0	0	0	497	472	
9	0	0	0	0	497	487	
10	0	0	0	0	498	505	
11	0	0	0	0	499	521	
12	0	0	0	0	496	535	
13	0	0	0	0	492	543	
14	0	0	0	0	490	548	
15	0	0	0	0	488	551	
0	0	0	0	0	492	555	
1	0	0	0	0	497	561	
2	0	0	0	0	503	564	
3	0	0	0	0	507	564	
4	0	0	0	0	510	562	
5	0	0	0	0	519	561	
6	0	0	0	0	529	560	
7	0	0	0	0	548	554	
8	0	0	0	0	565	548	
9	0	0	0	0	582	545	
10	0	0	0	0	590	543	
11	0	0	0	0	591	539	
12	0	0	0	0	586	534	
13	0	0	0	0	579	533	
14	0	0	0	0	570	533	
15	0	0	0	0	556	537	
0	0	0	0	0	542	543	
1	0	0	0	0	526	555	
2	0	0	0	0	513	568	
3	0	0	0	0	505	575	
4	0	0	0	0	503	575	
5	0	0	0	0	497	575	
6	0	0	0	0	491	569	
7	0	0	0	0	487	558	
8	0	0	0	0	483	546	
9	0	0	0	0	480	534	
10	0	0	0	0	477	520	
11	0	0	0	0	475	510	
12	0	0	0	0	475	495	
13	0	0	0	0	475	483	
14	0	0	0	0	479	475	
15	0	0	0	0	484	472	
0	0	0	0	0	496	473	
1	0	0	0	0	505	475	
2	0	0	0	0	516	477	
3	0	0	0	0	522	482	
4	0	0	0	0	525	492	
5	0	0	0	0	524	508	
6	0	0	0	0	519	521	
7	0	0	0	0	514	525	
8	0	0	0	0	511	526	
9	0	0	0	0	509	522	
10	0	0	0	0	513	524	
11	0	0	0	0	522	533	
12	0	0	0	0	533	545	
13	0	0	0	0	543	556	
14	0	0	0	0	551	564	
15	0	0	0	0	557	568	
0	0	0	0	0	561	568	
1	0	0	0	0	561	566	
2	0	0	0	0	552	562	
3	0	0	0	0	539	556	
4	0	0	0	0	525	549	
5	0	0	0	0	514	540	
6	0	0	0	0	514	532	
7	0	0	0	0	519	518	
8	0	0	0	0	521	503	
9	0	0	0	0	525	485	
10	0	0	0	0	527	472	
11	0	0	0	0	527	467	
12	0	0	0	0	528	461	
13	0	0	0	0	528	456	
14	0	0	0	0	526	451	
15	0	0	0	0	521	448	
0	0	0	0	0	516	450	
1	0	0	0	0	511	453	
2	0	0	0	0	512	461	
3	0	0	0	0	514	475	
4	0	0	0	0	519	490	
5	0	0	0	0	515	507	
6	0	0	0	0	511	523	
7	0	0	0	0	507	532	
8	0	0	0	0	503	539	
9	0	0	0	0	498	535	
10	0	0	0	0	494	528	
11	0	0	0	0	486	519	
12	0	0	0	0	473	516	
13	0	0	0	0	459	515	
14	0	0	0	0	447	516	
15	0	0	0	0	440	522	
0	0	0	0	0	436	527	
1	0	0	0	0	433	527	
2	0	0	0	0	432	526	
3	0	0	0	0	431	526	
4	0	0	0	0	428	523	
5	0	0	0	0	426	515	
6	0	0	0	0	426	511	
7	0	0	0	0	431	510	
8	0	0	0	0	439	515	
9	0	0	0	0	451	519	
10	0	0	0	0	470	522	
11	0	0	0	0	491	528	
12	0	0	0	0	511	533	
13	0	0	0	0	527	537	
14	0	0	0	0	537	544	
15	0	0	0	0	540	548	
0	0	0	0	0	538	551	
1	0	0	0	0	533	554	
2	0	0	0	0	528	558	
3	0	0	0	0	520	561	
4	0	0	0	0	510	559	
5	0	0	0	0	500	553	
6	0	0	0	0	493	550	
7	0	0	0	0	480	545	
8	0	0	0	0	463	540	
9	0	0	0	0	448	534	
10	0	0	0	0	437	528	
11	0	0	0	0	428	524	
12	0	0	0	0	425	521	
13	0	0	0	0	428	526	
14	0	0	0	0	436	531	
15	0	0	0	0	450	536	
0	0	0	0	0	465	537	
1	0	0	0	0	482	538	
2	0	0	0	0	500	533	
3	0	0	0	0	516	528	
4	0	0	0	0	530	527	
5	0	0	0	0	544	527	
6	0	0	0	0	551	528	
7	0	0	0	0	556	527	
8	0	0	0	0	556	525	
9	0	0	0	0	556	522	
10	0	0	0	0	557	518	
11	0	0	0	0	556	511	
12	0	0	0	0	558	505	
13	0	0	0	0	564	504	
14	0	0	0	0	570	504	
15	0	0	0	0	575	505	
0	0	0	0	0	575	504	
1	0	0	0	0	571	503	
2	0	0	0	0	562	508	
3	0	0	0	0	556	515	
4	0	0	0	0	552	522	
5	0	0	0	0	550	528	
6	0	0	0	0	550	531	
7	0	0	0	0	549	530	
8	0	0	0	0	548	527	
9	0	0	0	0	548	519	
10	0	0	0	0	550	509	
11	0	0	0	0	548	494	
12	0	0	0	0	545	484	
13	0	0	0	0	543	474	
14	0	0	0	0	539	462	
15	0	0	0	0	534	453	
0	0	0	0	0	530	455	
1	0	0	0	0	531	460	
2	0	0	0	0	536	464	
3	0	0	0	0	545	469	
4	0	0	0	0	558	476	
5	0	0	0	0	567	491	
6	0	0	0	0	570	512	
7	0	0	0	0	570	539	
8	0	0	0	0	571	563	
9	0	0	0	0	568	585	
10	0	0	0	0	562	600	
11	0	0	0	0	556	611	
12	0	0	0	0	552	618	
13	0	0	0	0	548	619	
14	0	0	0	0	542	608	
15	0	0	0	0	538	597	
0	0	0	0	0	538	583	
1	0	0	0	0	537	573	
2	0	0	0	0	535	569	
3	0	0	0	0	538	565	
4	0	0	0	0	541	559	
5	0	0	0	0	540	548	
6	0	0	0	0	537	534	
7	0	0	0	0	534	518	
8	0	0	0	0	531	506	
9	0	0	0	0	535	503	
10	0	0	0	0	542	504	
11	0	0	0	0	543	505	
12	0	0	0	0	542	501	
13	0	0	0	0	539	496	
14	0	0	0	0	536	490	
15	0	0	0	0	533	481	
0	0	0	0	0	532	477	
1	0	0	0	0	539	478	
2	0	0	0	0	548	484	
3	0	0	0	0	560	496	
4	0	0	0	0	572	514	
5	0	0	0	0	583	535	
6	0	0	0	0	591	548	
7	0	0	0	0	592	557	
8	0	0	0	0	592	562	
9	0	0	0	0	591	564	
10	0	0	0	0	584	564	
11	0	0	0	0	575	566	
12	0	0	0	0	566	568	
13	0	0	0	0	556	569	
14	0	0	0	0	543	572	
15	0	0	0	0	530	574	
0	0	0	0	0	520	580	
1	0	0	0	0	510	589	
2	0	0	0	0	504	601	
3	0	0	0	0	499	610	
4	0	0	0	0	500	613	
5	0	0	0	0	502	611	
6	0	0	0	0	502	604	
7	0	0	0	0	506	593	
8	0	0	0	0	513	582	
9	0	0	0	0	520	573	
10	0	0	0	0	526	568	
11	0	0	0	0	530	562	
12	0	0	0	0	534	556	
13	0	0	0	0	535	551	
14	0	0	0	0	536	544	
15	0	0	0	0	535	539	
0	0	0	0	0	533	538	
1	0	0	0	0	532	537	
2	0	0	0	0	527	537	
3	0	0	0	0	524	536	
4	0	0	0	0	519	537	
5	0	0	0	0	513	537	
6	0	0	0	0	509	544	
7	0	0	0	0	506	551	
8	0	0	0	0	504	560	
9	0	0	0	0	500	563	
10	0	0	0	0	496	562	
11	0	0	0	0	493	561	
12	0	0	0	0	489	555	
13	0	0	0	0	483	550	
14	0	0	0	0	473	542	
15	0	0	0	0	465	532	
0	0	0	0	0	459	520	
1	0	0	0	0	455	508	
2	0	0	0	0	448	496	
3	0	0	0	0	443	491	
4	0	0	0	0	442	494	
5	0	0	0	0	445	506	
6	0	0	0	0	452	515	
7	0	0	0	0	462	526	
8	0	0	0	0	472	536	
9	0	0	0	0	481	543	
10	0	0	0	0	493	552	
11	0	0	0	0	505	560	
12	0	0	0	0	514	564	
13	0	0	0	0	520	560	
14	0	0	0	0	523	556	
15	0	0	0	0	523	551	
0	0	0	0	0	518	545	
1	0	0	0	0	513	538	
2	0	0	0	0	504	531	
3	0	0	0	0	497	527	
4	0	0	0	0	496	525	
5	0	0	0	0	494	529	
6	0	0	0	0	492	535	
7	0	0	0	0	489	545	
8	0	0	0	0	486	556	
9	0	0	0	0	483	566	
10	0	0	0	0	480	567	
11	0	0	0	0	480	568	
12	0	0	0	0	482	567	
13	0	0	0	0	480	567	
14	0	0	0	0	479	564	
15	0	0	0	0	476	563	
0	0	0	0	0	477	564	
1	0	0	0	0	475	563	
2	0	0	0	0	470	564	
3	0	0	0	0	462	564	
4	0	0	0	0	454	561	
5	0	0	0	0	452	555	
6	0	0	0	0	451	546	
7	0	0	0	0	449	534	
8	0	0	0	0	443	525	
9	0	0	0	0	440	521	
10	0	0	0	0	438	523	
11	0	0	0	0	435	529	
12	0	0	0	0	431	536	
13	0	0	0	0	428	542	
14	0	0	0	0	423	547	
15	0	0	0	0	419	548	
0	0	0	0	0	416	547	
1	0	0	0	0	417	540	
2	0	0	0	0	422	533	
3	0	0	0	0	430	523	
4	0	0	0	0	439	518	
5	0	0	0	0	446	515	
6	0	0	0	0	452	512	
7	0	0	0	0	454	517	
8	0	0	0	0	452	519	
9	0	0	0	0	447	522	
10	0	0	0	0	444	521	
11	0	0	0	0	441	521	
12	0	0	0	0	438	523	
13	0	0	0	0	433	525	
14	0	0	0	0	429	530	
15	0	0	0	0	427	534	
0	0	0	0	0	429	537	
1	0	0	0	0	435	536	
2	0	0	0	0	446	536	
3	0	0	0	0	459	531	
4	0	0	0	0	474	525	
5	0	0	0	0	485	520	
6	0	0	0	0	492	520	
7	0	0	0	0	497	519	
8	0	0	0	0	499	518	
9	0	0	0	0	494	519	
10	0	0	0	0	486	521	
11	0	0	0	0	479	524	
12	0	0	0	0	475	525	
13	0	0	0	0	473	528	
14	0	0	0	0	471	524	
15	0	0	0	0	465	517	
0	0	0	0	0	457	511	
1	0	0	0	0	451	512	
2	0	0	0	0	444	521	
3	0	0	0	0	443	535	
4	0	0	0	0	443	545	
5	0	0	0	0	444	553	
6	0	0	0	0	443	559	
7	0	0	0	0	450	566	
8	0	0	0	0	456	569	
9	0	0	0	0	461	568	
10	0	0	0	0	470	562	
11	0	0	0	0	482	552	
12	0	0	0	0	497	541	
13	0	0	0	0	509	530	
14	0	0	0	0	517	519	
15	0	0	0	0	527	504	
0	0	0	0	0	537	495	
1	0	0	0	0	546	493	
2	0	0	0	0	549	492	
3	0	0	0	0	547	492	
4	0	0	0	0	543	494	
5	0	0	0	0	539	496	
6	0	0	0	0	537	495	
7	0	0	0	0	533	497	
8	0	0	0	0	527	498	
9	0	0	0	0	520	494	
10	0	0	0	0	512	485	
11	0	0	0	0	504	478	
12	0	0	0	0	490	474	
13	0	0	0	0	476	472	
14	0	0	0	0	463	477	
15	0	0	0	0	455	487	
0	0	0	0	0	447	503	
1	0	0	0	0	441	515	
2	0	0	0	0	437	525	
3	0	0	0	0	435	528	
4	0	0	0	0	436	528	
5	0	0	0	0	437	524	
6	0	0	0	0	442	519	
7	0	0	0	0	449	513	
8	0	0	0	0	457	511	
9	0	0	0	0	468	509	
10	0	0	0	0	477	507	
11	0	0	0	0	489	506	
12	0	0	0	0	501	502	
13	0	0	0	0	510	498	
14	0	0	0	0	516	498	
15	0	0	0	0	515	504	
0	0	0	0	0	509	512	
1	0	0	0	0	504	518	
2	0	0	0	0	499	524	
3	0	0	0	0	494	528	
4	0	0	0	0	487	527	
5	0	0	0	0	483	525	
6	0	0	0	0	479	519	
7	0	0	0	0	477	515	
8	0	0	0	0	477	513	
9	0	0	0	0	478	514	
10	0	0	0	0	476	512	
11	0	0	0	0	472	506	
12	0	0	0	0	466	500	
13	0	0	0	0	460	494	
14	0	0	0	0	455	489	
15	0	0	0	0	455	484	
0	0	0	0	0	455	478	
1	0	0	0	0	460	472	
2	0	0	0	0	466	466	
3	0	0	0	0	467	463	
4	0	0	0	0	471	467	
5	0	0	0	0	470	470	
6	0	0	0	0	464	476	
7	0	0	0	0	460	479	
8	0	0	0	0	460	488	
9	0	0	0	0	460	498	
10	0	0	0	0	465	512	
11	0	0	0	0	473	524	
12	0	0	0	0	481	537	
13	0	0	0	0	490	547	
14	0	0	0	0	496	553	
15	0	0	0	0	498	553	
0	0	0	0	0	497	553	
1	0	0	0	0	498	550	
2	0	0	0	0	498	539	
3	0	0	0	0	495	529	
4	0	0	0	0	491	516	
5	0	0	0	0	487	506	
6	0	0	0	0	484	496	
7	0	0	0	0	482	489	
8	0	0	0	0	482	478	
9	0	0	0	0	481	467	
10	0	0	0	0	482	460	
11	0	0	0	0	483	456	
12	0	0	0	0	487	451	
13	0	0	0	0	487	449	
14	0	0	0	0	487	449	
15	0	0	0	0	484	454	
0	0	0	0	0	480	457	
1	0	0	0	0	476	460	
2	0	0	0	0	472	463	
3	0	0	0	0	471	474	
4	0	0	0	0	476	482	
5	0	0	0	0	478	489	
6	0	0	0	0	481	487	
7	0	0	0	0	483	481	
8	0	0	0	0	483	473	
9	0	0	0	0	480	466	
10	0	0	0	0	478	459	
11	0	0	0	0	478	452	
12	0	0	0	0	479	443	
13	0	0	0	0	476	435	
14	0	0	0	0	475	430	
15	0	0	0	0	479	430	
0	0	0	0	0	482	433	
1	0	0	0	0	482	440	
2	0	0	0	0	485	450	
3	0	0	0	0	485	460	
4	0	0	0	0	487	468	
5	0	0	0	0	485	478	
6	0	0	0	0	478	488	
7	0	0	0	0	472	498	
8	0	0	0	0	472	503	
9	0	0	0	0	474	500	
10	0	0	0	0	478	491	
11	0	0	0	0	487	483	
12	0	0	0	0	502	475	
13	0	0	0	0	519	469	
14	0	0	0	0	538	469	
15	0	0	0	0	555	476	
0	0	0	0	0	566	485	
1	0	0	0	0	569	490	
2	0	0	0	0	567	489	
3	0	0	0	0	559	481	
4	0	0	0	0	548	474	
5	0	0	0	0	535	464	
6	0	0	0	0	526	456	
7	0	0	0	0	517	455	
8	0	0	0	0	511	456	
9	0	0	0	0	501	457	
10	0	0	0	0	492	459	
11	0	0	0	0	482	462	
12	0	0	0	0	474	463	
13	0	0	0	0	468	466	
14	0	0	0	0	466	471	
15	0	0	0	0	467	477	
0	0	0	0	0	471	483	
1	0	0	0	0	473	485	
2	0	0	0	0	476	481	
3	0	0	0	0	476	472	
4	0	0	0	0	471	462	
5	0	0	0	0	459	448	
6	0	0	0	0	444	438	
7	0	0	0	0	432	431	
8	0	0	0	0	422	428	
9	0	0	0	0	415	431	
10	0	0	0	0	414	435	
11	0	0	0	0	415	436	
12	0	0	0	0	418	440	
13	0	0	0	0	422	446	
14	0	0	0	0	433	449	
15	0	0	0	0	447	451	
0	0	0	0	0	463	455	
1	0	0	0	0	479	454	
2	0	0	0	0	491	454	
3	0	0	0	0	499	454	
4	0	0	0	0	499	455	
5	0	0	0	0	496	460	
6	0	0	0	0	492	465	
7	0	0	0	0	487	468	
8	0	0	0	0	483	467	
9	0	0	0	0	477	465	
10	0	0	0	0	472	464	
11	0	0	0	0	466	460	
12	0	0	0	0	462	453	
13	0	0	0	0	455	441	
14	0	0	0	0	451	428	
15	0	0	0	0	446	416	
0	0	0	0	0	444	408	
1	0	0	0	0	445	402	
2	0	0	0	0	450	400	
3	0	0	0	0	454	403	
4	0	0	0	0	457	411	
5	0	0	0	0	459	423	
6	0	0	0	0	461	439	
7	0	0	0	0	462	449	
8	0	0	0	0	462	455	
9	0	0	0	0	462	460	
10	0	0	0	0	463	466	
11	0	0	0	0	467	476	
12	0	0	0	0	474	483	
13	0	0	0	0	484	488	
14	0	0	0	0	497	497	
15	0	0	0	0	511	508	
0	0	0	0	0	519	519	
1	0	0	0	0	524	526	
2	0	0	0	0	525	523	
3	0	0	0	0	521	513	
4	0	0	0	0	515	498	
5	0	0	0	0	510	487	
6	0	0	0	0	509	476	
7	0	0	0	0	504	464	
8	0	0	0	0	496	456	
9	0	0	0	0	489	446	
10	0	0	0	0	483	435	
11	0	0	0	0	476	426	
12	0	0	0	0	472	423	
13	0	0	0	0	471	423	
14	0	0	0	0	470	427	
15	0	0	0	0	475	436	
0	0	0	0	0	487	445	
1	0	0	0	0	501	454	
2	0	0	0	0	511	462	
3	0	0	0	0	521	472	
4	0	0	0	0	536	481	
5	0	0	0	0	540	486	
6	0	0	0	0	533	484	
7	0	0	0	0	524	480	
8	0	0	0	0	520	473	
9	0	0	0	0	518	466	
10	0	0	0	0	516	467	
11	0	0	0	0	518	475	
12	0	0	0	0	526	486	
13	0	0	0	0	536	500	
14	0	0	0	0	544	516	
15	0	0	0	0	546	529	
0	0	0	0	0	547	540	
1	0	0	0	0	543	543	
2	0	0	0	0	534	546	
3	0	0	0	0	523	544	
4	0	0	0	0	513	538	
5	0	0	0	0	503	531	
6	0	0	0	0	495	521	
7	0	0	0	0	492	508	
8	0	0	0	0	492	491	
9	0	0	0	0	494	474	
10	0	0	0	0	498	457	
11	0	0	0	0	503	439	
12	0	0	0	0	509	422	
13	0	0	0	0	515	408	
14	0	0	0	0	519	398	
15	0	0	0	0	516	392	
0	0	0	0	0	513	387	
1	0	0	0	0	508	380	
2	0	0	0	0	503	377	
3	0	0	0	0	502	375	
4	0	0	0	0	499	374	
5	0	0	0	0	497	384	
6	0	0	0	0	496	396	
7	0	0	0	0	496	411	
8	0	0	0	0	495	427	
9	0	0	0	0	495	446	
10	0	0	0	0	498	470	
11	0	0	0	0	502	490	
12	0	0	0	0	505	507	
13	0	0	0	0	509	519	
14	0	0	0	0	512	523	
15	0	0	0	0	516	519	
0	0	0	0	0	520	506	
1	0	0	0	0	526	491	
2	0	0	0	0	532	482	
3	0	0	0	0	540	477	
4	0	0	0	0	549	472	
5	0	0	0	0	551	468	
6	0	0	0	0	548	463	
7	0	0	0	0	541	460	
8	0	0	0	0	527	455	
9	0	0	0	0	516	455	
10	0	0	0	0	505	456	
11	0	0	0	0	496	455	
12	0	0	0	0	491	455	
13	0	0	0	0	484	455	
14	0	0	0	0	481	458	
15	0	0	0	0	480	460	
0	0	0	0	0	483	460	
1	0	0	0	0	488	461	
2	0	0	0	0	490	460	
3	0	0	0	0	487	460	
4	0	0	0	0	484	462	
5	0	0	0	0	480	466	
6	0	0	0	0	477	473	
7	0	0	0	0	479	487	
8	0	0	0	0	482	504	
9	0	0	0	0	484	517	
10	0	0	0	0	484	527	
11	0	0	0	0	484	539	
12	0	0	0	0	491	553	
13	0	0	0	0	497	562	
14	0	0	0	0	502	566	
15	0	0	0	0	506	561	
0	0	0	0	0	506	550	
1	0	0	0	0	505	541	
2	0	0	0	0	504	529	
3	0	0	0	0	504	513	
4	0	0	0	0	502	497	
5	0	0	0	0	502	480	
6	0	0	0	0	506	463	
7	0	0	0	0	511	450	
8	0	0	0	0	518	442	
9	0	0	0	0	523	438	
10	0	0	0	0	524	443	
11	0	0	0	0	524	448	
12	0	0	0	0	519	458	
13	0	0	0	0	510	465	
14	0	0	0	0	496	476	
15	0	0	0	0	485	488	
0	0	0	0	0	480	499	
1	0	0	0	0	479	512	
2	0	0	0	0	479	522	
3	0	0	0	0	481	527	
4	0	0	0	0	480	525	
5	0	0	0	0	480	516	
6	0	0	0	0	481	501	
7	0	0	0	0	484	482	
8	0	0	0	0	491	469	
9	0	0	0	0	499	458	
10	0	0	0	0	508	445	
11	0	0	0	0	514	429	
12	0	0	0	0	517	421	
13	0	0	0	0	515	416	
14	0	0	0	0	511	420	
15	0	0	0	0	506	428	
0	0	0	0	0	502	441	
1	0	0	0	0	496	454	
2	0	0	0	0	494	464	
3	0	0	0	0	490	472	
4	0	0	0	0	492	478	
5	0	0	0	0	499	478	
6	0	0	0	0	506	475	
7	0	0	0	0	516	473	
8	0	0	0	0	523	476	
9	0	0	0	0	531	483	
10	0	0	0	0	535	494	
11	0	0	0	0	540	510	
12	0	0	0	0	545	527	
13	0	0	0	0	547	543	
14	0	0	0	0	545	551	
15	0	0	0	0	546	552	
0	0	0	0	0	552	553	
1	0	0	0	0	560	551	
2	0	0	0	0	564	547	
3	0	0	0	0	564	541	
4	0	0	0	0	563	535	
5	0	0	0	0	560	533	
6	0	0	0	0	558	534	
7	0	0	0	0	558	535	
8	0	0	0	0	560	536	
9	0	0	0	0	567	533	
10	0	0	0	0	574	532	
11	0	0	0	0	581	531	
12	0	0	0	0	587	526	
13	0	0	0	0	592	519	
14	0	0	0	0	592	517	
15	0	0	0	0	586	512	
0	0	0	0	0	581	514	
1	0	0	0	0	577	519	
2	0	0	0	0	575	526	
3	0	0	0	0	574	533	
4	0	0	0	0	574	538	
5	0	0	0	0	573	538	
6	0	0	0	0	572	534	
7	0	0	0	0	572	529	
8	0	0	0	0	571	524	
9	0	0	0	0	571	516	
10	0	0	0	0	567	508	
11	0	0	0	0	562	501	
12	0	0	0	0	558	494	
13	0	0	0	0	553	484	
14	0	0	0	0	545	476	
15	0	0	0	0	541	473	
0	0	0	0	0	540	475	
1	0	0	0	0	545	479	
2	0	0	0	0	551	481	
3	0	0	0	0	556	484	
4	0	0	0	0	563	484	
5	0	0	0	0	562	488	
6	0	0	0	0	557	488	
7	0	0	0	0	549	487	
8	0	0	0	0	540	481	
9	0	0	0	0	534	473	
10	0	0	0	0	530	466	
11	0	0	0	0	526	459	
12	0	0	0	0	522	457	
13	0	0	0	0	519	457	
14	0	0	0	0	515	460	
15	0	0	0	0	514	470	
0	0	0	0	0	516	479	
1	0	0	0	0	522	491	
2	0	0	0	0	524	502	
3	0	0	0	0	527	515	
4	0	0	0	0	533	526	
5	0	0	0	0	543	539	
6	0	0	0	0	553	550	
7	0	0	0	0	563	558	
8	0	0	0	0	571	562	
9	0	0	0	0	576	562	
10	0	0	0	0	585	559	
11	0	0	0	0	592	556	
12	0	0	0	0	591	548	
13	0	0	0	0	588	539	
14	0	0	0	0	583	527	
15	0	0	0	0	578	510	
0	0	0	0	0	571	496	
1	0	0	0	0	564	488	
2	0	0	0	0	560	487	
3	0	0	0	0	555	487	
4	0	0	0	0	552	485	
5	0	0	0	0	546	478	
6	0	0	0	0	541	473	
7	0	0	0	0	536	479	
8	0	0	0	0	535	493	
9	0	0	0	0	535	509	
10	0	0	0	0	537	527	
11	0	0	0	0	544	539	
12	0	0	0	0	553	542	
13	0	0	0	0	560	545	
14	0	0	0	0	563	547	
15	0	0	0	0	568	553	
0	0	0	0	0	566	553	
1	0	0	0	0	562	549	
2	0	0	0	0	559	545	
3	0	0	0	0	556	541	
4	0	0	0	0	551	535	
5	0	0	0	0	549	532	
6	0	0	0	0	550	529	
7	0	0	0	0	549	526	
8	0	0	0	0	545	523	
9	0	0	0	0	542	524	
10	0	0	0	0	538	527	
11	0	0	0	0	531	531	
12	0	0	0	0	528	535	
13	0	0	0	0	528	539	
14	0	0	0	0	530	541	
15	0	0	0	0	536	543	
0	0	0	0	0	540	542	
1	0	0	0	0	541	540	
2	0	0	0	0	537	535	
3	0	0	0	0	535	531	
4	0	0	0	0	530	527	
5	0	0	0	0	526	527	
6	0	0	0	0	523	526	
7	0	0	0	0	517	525	
8	0	0	0	0	511	522	
9	0	0	0	0	503	515	
10	0	0	0	0	496	513	
11	0	0	0	0	495	517	
12	0	0	0	0	500	524	
13	0	0	0	0	507	528	
14	0	0	0	0	511	527	
15	0	0	0	0	515	522	
0	0	0	0	0	518	515	
1	0	0	0	0	520	510	
2	0	0	0	0	521	507	
3	0	0	0	0	523	505	
4	0	0	0	0	524	508	
5	0	0	0	0	523	512	
6	0	0	0	0	517	513	
7	0	0	0	0	511	513	
8	0	0	0	0	504	515	
9	0	0	0	0	498	519	
10	0	0	0	0	498	524	
11	0	0	0	0	499	529	
12	0	0	0	0	506	532	
13	0	0	0	0	511	531	
14	0	0	0	0	519	531	
15	0	0	0	0	526	529	
0	0	0	0	0	529	532	
1	0	0	0	0	533	538	
2	0	0	0	0	535	543	
3	0	0	0	0	536	545	
4	0	0	0	0	533	544	
5	0	0	0	0	525	543	
6	0	0	0	0	514	542	
7	0	0	0	0	504	537	
8	0	0	0	0	503	537	
9	0	0	0	0	508	540	
10	0	0	0	0	516	547	
11	0	0	0	0	521	550	
12	0	0	0	0	529	551	
13	0	0	0	0	531	554	
14	0	0	0	0	534	558	
15	0	0	0	0	537	561	
0	0	0	0	0	539	559	
1	0	0	0	0	536	552	
2	0	0	0	0	532	546	
3	0	0	0	0	524	540	
4	0	0	0	0	515	527	
5	0	0	0	0	505	511	
6	0	0	0	0	497	494	
7	0	0	0	0	494	483	
8	0	0	0	0	498	481	
9	0	0	0	0	506	484	
10	0	0	0	0	518	492	
11	0	0	0	0	530	506	
12	0	0	0	0	537	523	
13	0	0	0	0	539	540	
14	0	0	0	0	539	553	
15	0	0	0	0	537	567	
0	0	0	0	0	535	579	
1	0	0	0	0	532	585	
2	0	0	0	0	526	580	
3	0	0	0	0	520	572	
4	0	0	0	0	515	560	
5	0	0	0	0	512	548	
6	0	0	0	0	510	531	
7	0	0	0	0	511	509	
8	0	0	0	0	512	489	
9	0	0	0	0	512	473	
10	0	0	0	0	517	460	
11	0	0	0	0	519	452	
12	0	0	0	0	526	448	
13	0	0	0	0	532	448	
14	0	0	0	0	540	445	
15	0	0	0	0	547	440	
0	0	0	0	0	557	436	
1	0	0	0	0	567	438	
2	0	0	0	0	576	445	
3	0	0	0	0	585	448	
4	0	0	0	0	600	448	
5	0	0	0	0	609	450	
6	0	0	0	0	620	452	
7	0	0	0	0	626	447	
8	0	0	0	0	628	439	
9	0	0	0	0	626	427	
10	0	0	0	0	617	413	
11	0	0	0	0	611	403	
12	0	0	0	0	603	399	
13	0	0	0	0	597	399	
14	0	0	0	0	593	403	
15	0	0	0	0	590	409	
0	0	0	0	0	589	415	
1	0	0	0	0	590	420	
2	0	0	0	0	593	420	
3	0	0	0	0	601	428	
4	0	0	0	0	611	429	
5	0	0	0	0	617	431	
6	0	0	0	0	621	432	
7	0	0	0	0	625	435	
8	0	0	0	0	628	436	
9	0	0	0	0	627	434	
10	0	0	0	0	623	435	
11	0	0	0	0	615	435	
12	0	0	0	0	608	437	
13	0	0	0	0	601	441	
14	0	0	0	0	598	444	
15	0	0	0	0	592	447	
0	0	0	0	0	582	456	
1	0	0	0	0	575	462	
2	0	0	0	0	569	468	
3	0	0	0	0	561	472	
4	0	0	0	0	555	475	
5	0	0	0	0	551	474	
6	0	0	0	0	546	466	
7	0	0	0	0	542	457	
8	0	0	0	0	537	449	
9	0	0	0	0	540	442	
10	0	0	0	0	546	429	
11	0	0	0	0	551	418	
12	0	0	0	0	556	408	
13	0	0	0	0	557	396	
14	0	0	0	0	559	387	
15	0	0	0	0	557	379	
0	0	0	0	0	551	375	
1	0	0	0	0	543	372	
2	0	0	0	0	540	376	
3	0	0	0	0	539	380	
4	0	0	0	0	542	385	
5	0	0	0	0	546	396	
6	0	0	0	0	550	400	
7	0	0	0	0	550	412	
8	0	0	0	0	546	420	
9	0	0	0	0	541	435	
10	0	0	0	0	542	455	
11	0	0	0	0	542	469	
12	0	0	0	0	544	476	
13	0	0	0	0	547	479	
14	0	0	0	0	548	480	
15	0	0	0	0	556	476	
0	0	0	0	0	563	470	
1	0	0	0	0	569	463	
2	0	0	0	0	571	456	
3	0	0	0	0	569	451	
4	0	0	0	0	566	447	
5	0	0	0	0	562	445	
6	0	0	0	0	555	445	
7	0	0	0	0	545	444	
8	0	0	0	0	533	446	
9	0	0	0	0	518	449	
10	0	0	0	0	504	454	
11	0	0	0	0	494	459	
12	0	0	0	0	489	464	
13	0	0	0	0	491	466	
14	0	0	0	0	494	468	
15	0	0	0	0	498	471	
0	0	0	0	0	501	476	
1	0	0	0	0	506	481	
2	0	0	0	0	508	482	
3	0	0	0	0	508	480	
4	0	0	0	0	508	478	
5	0	0	0	0	505	479	
6	0	0	0	0	503	480	
7	0	0	0	0	503	479	
8	0	0	0	0	508	478	
9	0	0	0	0	516	481	
10	0	0	0	0	529	483	
11	0	0	0	0	540	485	
12	0	0	0	0	547	486	
13	0	0	0	0	550	489	
14	0	0	0	0	553	495	
15	0	0	0	0	556	501	
0	0	0	0	0	559	507	
1	0	0	0	0	559	515	
2	0	0	0	0	559	519	
3	0	0	0	0	556	523	
4	0	0	0	0	550	526	
5	0	0	0	0	540	527	
6	0	0	0	0	528	526	
7	0	0	0	0	518	523	
8	0	0	0	0	511	515	
9	0	0	0	0	508	505	
10	0	0	0	0	506	491	
11	0	0	0	0	507	476	
12	0	0	0	0	508	466	
13	0	0	0	0	509	454	
14	0	0	0	0	510	447	
15	0	0	0	0	511	440	
0	0	0	0	0	512	437	
1	0	0	0	0	514	433	
2	0	0	0	0	516	431	
3	0	0	0	0	527	437	
4	0	0	0	0	537	445	
5	0	0	0	0	544	455	
6	0	0	0	0	551	461	
7	0	0	0	0	553	470	
8	0	0	0	0	552	472	
9	0	0	0	0	548	476	
10	0	0	0	0	544	482	
11	0	0	0	0	543	489	
12	0	0	0	0	543	496	
13	0	0	0	0	540	500	
14	0	0	0	0	535	502	
15	0	0	0	0	530	499	
0	0	0	0	0	524	498	
1	0	0	0	0	521	499	
2	0	0	0	0	519	503	
3	0	0	0	0	515	511	
4	0	0	0	0	507	519	
5	0	0	0	0	496	520	
6	0	0	0	0	488	516	
7	0	0	0	0	481	512	
8	0	0	0	0	476	508	
9	0	0	0	0	473	499	
10	0	0	0	0	470	489	
11	0	0	0	0	467	473	
12	0	0	0	0	468	457	
13	0	0	0	0	472	445	
14	0	0	0	0	481	443	
15	0	0	0	0	494	446	
0	0	0	0	0	506	451	
1	0	0	0	0	514	459	
2	0	0	0	0	521	466	
3	0	0	0	0	526	471	
4	0	0	0	0	526	475	
5	0	0	0	0	524	478	
6	0	0	0	0	521	479	
7	0	0	0	0	522	475	
8	0	0	0	0	523	469	
9	0	0	0	0	527	468	
10	0	0	0	0	534	463	
11	0	0	0	0	540	464	
12	0	0	0	0	540	471	
13	0	0	0	0	538	478	
14	0	0	0	0	534	482	
15	0	0	0	0	524	482	
0	0	0	0	0	515	475	
1	0	0	0	0	505	467	
2	0	0	0	0	500	461	
3	0	0	0	0	503	459	
4	0	0	0	0	508	465	
5	0	0	0	0	513	473	
6	0	0	0	0	523	483	
7	0	0	0	0	531	490	
8	0	0	0	0	537	506	
9	0	0	0	0	545	516	
10	0	0	0	0	553	525	
11	0	0	0	0	559	534	
12	0	0	0	0	559	534	
13	0	0	0	0	557	531	
14	0	0	0	0	555	524	
15	0	0	0	0	552	520	
0	0	0	0	0	546	516	
1	0	0	0	0	543	515	
2	0	0	0	0	540	515	
3	0	0	0	0	536	513	
4	0	0	0	0	532	510	
5	0	0	0	0	528	506	
6	0	0	0	0	521	500	
7	0	0	0	0	518	493	
8	0	0	0	0	514	485	
9	0	0	0	0	509	472	
10	0	0	0	0	499	460	
11	0	0	0	0	484	447	
12	0	0	0	0	474	440	
13	0	0	0	0	469	437	
14	0	0	0	0	472	437	
15	0	0	0	0	480	441	
0	0	0	0	0	494	451	
1	0	0	0	0	511	464	
2	0	0	0	0	523	475	
3	0	0	0	0	535	479	
4	0	0	0	0	541	484	
5	0	0	0	0	543	492	
6	0	0	0	0	546	501	
7	0	0	0	0	550	509	
8	0	0	0	0	551	515	
9	0	0	0	0	555	515	
10	0	0	0	0	554	514	
11	0	0	0	0	551	515	
12	0	0	0	0	545	515	
13	0	0	0	0	540	514	
14	0	0	0	0	532	515	
15	0	0	0	0	521	514	
0	0	0	0	0	514	511	
1	0	0	0	0	510	508	
2	0	0	0	0	503	509	
3	0	0	0	0	496	515	
4	0	0	0	0	491	515	
5	0	0	0	0	485	515	
6	0	0	0	0	478	508	
7	0	0	0	0	476	502	
8	0	0	0	0	480	502	
9	0	0	0	0	482	503	
10	0	0	0	0	482	510	
11	0	0	0	0	480	521	
12	0	0	0	0	484	532	
13	0	0	0	0	490	547	
14	0	0	0	0	499	561	
15	0	0	0	0	510	572	
0	0	0	0	0	520	579	
1	0	0	0	0	531	578	
2	0	0	0	0	539	577	
3	0	0	0	0	543	575	
4	0	0	0	0	546	572	
5	0	0	0	0	545	566	
6	0	0	0	0	541	555	
7	0	0	0	0	536	544	
8	0	0	0	0	527	536	
9	0	0	0	0	520	527	
10	0	0	0	0	515	513	
11	0	0	0	0	511	497	
12	0	0	0	0	507	481	
13	0	0	0	0	507	470	
14	0	0	0	0	510	465	
15	0	0	0	0	509	463	
0	0	0	0	0	505	463	
1	0	0	0	0	497	470	
2	0	0	0	0	491	482	
3	0	0	0	0	484	494	
4	0	0	0	0	482	502	
5	0	0	0	0	480	505	
6	0	0	0	0	480	509	
7	0	0	0	0	484	510	
8	0	0	0	0	489	510	
9	0	0	0	0	493	509	
10	0	0	0	0	494	508	
11	0	0	0	0	497	510	
12	0	0	0	0	499	513	
13	0	0	0	0	496	516	
14	0	0	0	0	493	515	
15	0	0	0	0	489	517	
0	0	0	0	0	484	521	
1	0	0	0	0	479	524	
2	0	0	0	0	474	527	
3	0	0	0	0	472	533	
4	0	0	0	0	472	541	
5	0	0	0	0	470	547	
6	0	0	0	0	467	552	
7	0	0	0	0	465	551	
8	0	0	0	0	462	549	
9	0	0	0	0	460	548	
10	0	0	0	0	457	547	
11	0	0	0	0	457	545	
12	0	0	0	0	456	536	
13	0	0	0	0	453	526	
14	0	0	0	0	449	515	
15	0	0	0	0	447	504	
0	0	0	0	0	446	497	
1	0	0	0	0	445	501	
2	0	0	0	0	439	505	
3	0	0	0	0	438	516	
4	0	0	0	0	445	531	
5	0	0	0	0	452	541	
6	0	0	0	0	463	546	
7	0	0	0	0	476	552	
8	0	0	0	0	487	557	
9	0	0	0	0	495	558	
10	0	0	0	0	499	553	
11	0	0	0	0	504	545	
12	0	0	0	0	507	537	
13	0	0	0	0	503	529	
14	0	0	0	0	492	520	
15	0	0	0	0	483	504	
0	0	0	0	0	474	487	
1	0	0	0	0	466	474	
2	0	0	0	0	458	462	
3	0	0	0	0	455	453	
4	0	0	0	0	451	453	
5	0	0	0	0	444	460	
6	0	0	0	0	440	465	
7	0	0	0	0	441	472	
8	0	0	0	0	446	477	
9	0	0	0	0	453	482	
10	0	0	0	0	464	491	
11	0	0	0	0	470	503	
12	0	0	0	0	475	515	
13	0	0	0	0	470	519	
14	0	0	0	0	465	519	
15	0	0	0	0	461	515	
0	0	0	0	0	456	507	
1	0	0	0	0	452	492	
2	0	0	0	0	454	477	
3	0	0	0	0	460	465	
4	0	0	0	0	470	457	
5	0	0	0	0	483	455	
6	0	0	0	0	497	462	
7	0	0	0	0	511	473	
8	0	0	0	0	521	480	
9	0	0	0	0	525	487	
10	0	0	0	0	521	494	
11	0	0	0	0	516	501	
12	0	0	0	0	511	506	
13	0	0	0	0	508	508	
14	0	0	0	0	504	509	
15	0	0	0	0	495	510	
0	0	0	0	0	487	508	
1	0	0	0	0	486	505	
2	0	0	0	0	485	499	
3	0	0	0	0	485	491	
4	0	0	0	0	484	479	
5	0	0	0	0	484	463	
6	0	0	0	0	485	448	
7	0	0	0	0	485	439	
8	0	0	0	0	484	436	
9	0	0	0	0	486	440	
10	0	0	0	0	491	444	
11	0	0	0	0	496	446	
12	0	0	0	0	498	448	
13	0	0	0	0	504	454	
14	0	0	0	0	511	456	
15	0	0	0	0	521	459	
0	0	0	0	0	531	457	
1	0	0	0	0	541	457	
2	0	0	0	0	547	458	
3	0	0	0	0	547	458	
4	0	0	0	0	548	456	
5	0	0	0	0	549	458	
6	0	0	0	0	552	461	
7	0	0	0	0	554	467	
8	0	0	0	0	557	470	
9	0	0	0	0	559	473	
10	0	0	0	0	558	476	
11	0	0	0	0	559	479	
12	0	0	0	0	563	481	
13	0	0	0	0	570	491	
14	0	0	0	0	575	502	
15	0	0	0	0	579	513	
0	0	0	0	0	576	519	
1	0	0	0	0	570	518	
2	0	0	0	0	560	513	
3	0	0	0	0	542	509	
4	0	0	0	0	521	502	
5	0	0	0	0	497	491	
6	0	0	0	0	476	480	
7	0	0	0	0	459	471	
8	0	0	0	0	448	464	
9	0	0	0	0	441	463	
10	0	0	0	0	440	463	
11	0	0	0	0	445	467	
12	0	0	0	0	455	470	
13	0	0	0	0	464	469	
14	0	0	0	0	475	471	
15	0	0	0	0	483	472	
0	0	0	0	0	492	476	
1	0	0	0	0	499	481	
2	0	0	0	0	503	487	
3	0	0	0	0	508	497	
4	0	0	0	0	511	505	
5	0	0	0	0	509	511	
6	0	0	0	0	506	515	
7	0	0	0	0	504	520	
8	0	0	0	0	502	525	
9	0	0	0	0	500	527	
10	0	0	0	0	502	529	
11	0	0	0	0	501	531	
12	0	0	0	0	494	524	
13	0	0	0	0	486	517	
14	0	0	0	0	476	510	
15	0	0	0	0	465	507	
0	0	0	0	0	454	504	
1	0	0	0	0	443	500	
2	0	0	0	0	436	495	
3	0	0	0	0	429	489	
4	0	0	0	0	425	485	
5	0	0	0	0	425	480	
6	0	0	0	0	426	472	
7	0	0	0	0	432	467	
8	0	0	0	0	440	463	
9	0	0	0	0	447	461	
10	0	0	0	0	456	465	
11	0	0	0	0	466	474	
12	0	0	0	0	478	483	
13	0	0	0	0	487	483	
14	0	0	0	0	494	479	
15	0	0	0	0	497	474	
0	0	0	0	0	501	473	
1	0	0	0	0	504	475	
2	0	0	0	0	504	476	
3	0	0	0	0	507	475	
4	0	0	0	0	513	476	
5	0	0	0	0	518	478	
6	0	0	0	0	518	482	
7	0	0	0	0	513	487	
8	0	0	0	0	508	490	
9	0	0	0	0	501	491	
10	0	0	0	0	492	488	
11	0	0	0	0	487	485	
12	0	0	0	0	487	481	
13	0	0	0	0	485	481	
14	0	0	0	0	485	481	
15	0	0	0	0	488	483	
0	0	0	0	0	492	488	
1	0	0	0	0	492	487	
2	0	0	0	0	492	484	
3	0	0	0	0	493	478	
4	0	0	0	0	491	470	
5	0	0	0	0	487	464	
6	0	0	0	0	479	459	
7	0	0	0	0	473	455	
8	0	0	0	0	470	455	
9	0	0	0	0	473	461	
10	0	0	0	0	476	467	
11	0	0	0	0	484	473	
12	0	0	0	0	494	483	
13	0	0	0	0	503	493	
14	0	0	0	0	508	503	
15	0	0	0	0	507	515	
0	0	0	0	0	505	524	
1	0	0	0	0	507	533	
2	0	0	0	0	509	540	
3	0	0	0	0	515	544	
4	0	0	0	0	522	545	
5	0	0	0	0	525	545	
6	0	0	0	0	525	541	
7	0	0	0	0	525	537	
8	0	0	0	0	525	538	
9	0	0	0	0	525	541	
10	0	0	0	0	526	543	
11	0	0	0	0	525	543	
12	0	0	0	0	525	540	
13	0	0	0	0	523	536	
14	0	0	0	0	523	527	
15	0	0	0	0	519	521	
0	0	0	0	0	512	514	
1	0	0	0	0	503	506	
2	0	0	0	0	495	504	
3	0	0	0	0	485	503	
4	0	0	0	0	478	502	
5	0	0	0	0	476	502	
6	0	0	0	0	475	505	
7	0	0	0	0	476	509	
8	0	0	0	0	475	508	
9	0	0	0	0	479	506	
10	0	0	0	0	487	507	
11	0	0	0	0	499	505	
12	0	0	0	0	510	509	
13	0	0	0	0	518	514	
14	0	0	0	0	524	517	
15	0	0	0	0	525	518	
0	0	0	0	0	523	519	
1	0	0	0	0	518	517	
2	0	0	0	0	510	512	
3	0	0	0	0	502	505	
4	0	0	0	0	499	502	
5	0	0	0	0	496	500	
6	0	0	0	0	493	499	
7	0	0	0	0	491	493	
8	0	0	0	0	488	484	
9	0	0	0	0	490	476	
10	0	0	0	0	491	474	
11	0	0	0	0	493	478	
12	0	0	0	0	499	483	
13	0	0	0	0	504	486	
14	0	0	0	0	506	487	
15	0	0	0	0	504	489	
0	0	0	0	0	505	487	
1	0	0	0	0	505	487	
2	0	0	0	0	500	489	
3	0	0	0	0	491	484	
4	0	0	0	0	484	478	
5	0	0	0	0	475	476	
6	0	0	0	0	472	480	
7	0	0	0	0	472	486	
8	0	0	0	0	479	493	
9	0	0	0	0	489	506	
10	0	0	0	0	497	520	
11	0	0	0	0	501	536	
12	0	0	0	0	505	548	
13	0	0	0	0	504	560	
14	0	0	0	0	500	570	
15	0	0	0	0	499	577	
0	0	0	0	0	498	576	
1	0	0	0	0	497	571	
2	0	0	0	0	498	563	
3	0	0	0	0	501	553	
4	0	0	0	0	505	541	
5	0	0	0	0	508	535	
6	0	0	0	0	507	531	
7	0	0	0	0	504	529	
8	0	0	0	0	499	526	
9	0	0	0	0	494	522	
10	0	0	0	0	489	519	
11	0	0	0	0	488	515	
12	0	0	0	0	496	514	
13	0	0	0	0	505	513	
14	0	0	0	0	518	508	
15	0	0	0	0	529	504	
0	0	0	0	0	538	501	
1	0	0	0	0	542	503	
2	0	0	0	0	542	508	
3	0	0	0	0	533	514	
4	0	0	0	0	526	517	
5	0	0	0	0	516	522	
6	0	0	0	0	505	528	
7	0	0	0	0	497	539	
8	0	0	0	0	487	546	
9	0	0	0	0	478	552	
10	0	0	0	0	474	558	
11	0	0	0	0	472	563	
12	0	0	0	0	471	561	
13	0	0	0	0	467	558	
14	0	0	0	0	459	552	
15	0	0	0	0	454	547	
0	0	0	0	0	452	544	
1	0	0	0	0	450	543	
2	0	0	0	0	451	546	
3	0	0	0	0	451	549	
4	0	0	0	0	455	548	
5	0	0	0	0	459	550	
6	0	0	0	0	464	551	
7	0	0	0	0	472	551	
8	0	0	0	0	477	551	
9	0	0	0	0	480	553	
10	0	0	0	0	482	554	
11	0	0	0	0	482	548	
12	0	0	0	0	481	543	
13	0	0	0	0	485	537	
14	0	0	0	0	486	536	
15	0	0	0	0	490	533	
0	0	0	0	0	492	531	
1	0	0	0	0	498	526	
2	0	0	0	0	504	521	
3	0	0	0	0	504	513	
4	0	0	0	0	505	505	
5	0	0	0	0	504	499	
6	0	0	0	0	503	492	
7	0	0	0	0	502	489	
8	0	0	0	0	501	489	
9	0	0	0	0	497	493	
10	0	0	0	0	497	497	
11	0	0	0	0	496	500	
12	0	0	0	0	501	498	
13	0	0	0	0	509	496	
14	0	0	0	0	519	492	
15	0	0	0	0	531	490	
0	0	0	0	0	541	487	
1	0	0	0	0	552	488	
2	0	0	0	0	560	492	
3	0	0	0	0	562	496	
4	0	0	0	0	562	505	
5	0	0	0	0	559	518	
6	0	0	0	0	555	527	
7	0	0	0	0	551	535	
8	0	0	0	0	541	540	
9	0	0	0	0	531	542	
10	0	0	0	0	523	541	
11	0	0	0	0	511	539	
12	0	0	0	0	499	537	
13	0	0	0	0	487	534	
14	0	0	0	0	480	531	
15	0	0	0	0	476	527	
0	0	0	0	0	471	524	
1	0	0	0	0	467	524	
2	0	0	0	0	467	522	
3	0	0	0	0	467	520	
4	0	0	0	0	468	525	
5	0	0	0	0	466	529	
6	0	0	0	0	466	536	
7	0	0	0	0	472	540	
8	0	0	0	0	481	542	
9	0	0	0	0	493	541	
10	0	0	0	0	510	539	
11	0	0	0	0	524	532	
12	0	0	0	0	539	529	
13	0	0	0	0	551	526	
14	0	0	0	0	563	524	
15	0	0	0	0	567	523	
0	0	0	0	0	569	524	
1	0	0	0	0	572	522	
2	0	0	0	0	572	516	
3	0	0	0	0	570	509	
4	0	0	0	0	568	499	
5	0	0	0	0	564	489	
6	0	0	0	0	560	486	
7	0	0	0	0	554	484	
8	0	0	0	0	544	484	
9	0	0	0	0	537	484	
10	0	0	0	0	532	486	
11	0	0	0	0	526	488	
12	0	0	0	0	520	487	
13	0	0	0	0	509	489	
14	0	0	0	0	499	489	
15	0	0	0	0	484	486	
0	0	0	0	0	476	479	
1	0	0	0	0	477	472	
2	0	0	0	0	483	471	
3	0	0	0	0	494	473	
4	0	0	0	0	507	478	
5	0	0	0	0	521	489	
6	0	0	0	0	535	499	
7	0	0	0	0	547	511	
8	0	0	0	0	556	519	
9	0	0	0	0	561	526	
10	0	0	0	0	567	537	
11	0	0	0	0	571	546	
12	0	0	0	0	572	551	
13	0	0	0	0	570	555	
14	0	0	0	0	567	559	
15	0	0	0	0	560	563	
0	0	0	0	0	552	567	
1	0	0	0	0	545	566	
2	0	0	0	0	538	560	
3	0	0	0	0	531	557	
4	0	0	0	0	528	556	
5	0	0	0	0	527	552	
6	0	0	0	0	524	547	
7	0	0	0	0	518	540	
8	0	0	0	0	511	536	
9	0	0	0	0	504	531	
10	0	0	0	0	498	533	
11	0	0	0	0	492	540	
12	0	0	0	0	486	549	
13	0	0	0	0	482	556	
14	0	0	0	0	481	560	
15	0	0	0	0	484	558	
0	0	0	0	0	491	553	
1	0	0	0	0	501	547	
2	0	0	0	0	514	543	
3	0	0	0	0	527	541	
4	0	0	0	0	535	540	
5	0	0	0	0	536	539	
6	0	0	0	0	535	540	
7	0	0	0	0	537	542	
8	0	0	0	0	540	543	
9	0	0	0	0	544	550	
10	0	0	0	0	544	558	
11	0	0	0	0	540	563	
12	0	0	0	0	533	568	
13	0	0	0	0	527	572	
14	0	0	0	0	521	574	
15	0	0	0	0	513	572	
0	0	0	0	0	508	568	
1	0	0	0	0	505	563	
2	0	0	0	0	505	560	
3	0	0	0	0	502	557	
4	0	0	0	0	498	554	
5	0	0	0	0	494	550	
6	0	0	0	0	487	545	
7	0	0	0	0	480	539	
8	0	0	0	0	475	531	
9	0	0	0	0	470	527	
10	0	0	0	0	469	519	
11	0	0	0	0	468	514	
12	0	0	0	0	471	512	
13	0	0	0	0	474	508	
14	0	0	0	0	478	507	
15	0	0	0	0	484	505	
0	0	0	0	0	488	503	
1	0	0	0	0	495	493	
2	0	0	0	0	501	479	
3	0	0	0	0	510	466	
4	0	0	0	0	521	452	
5	0	0	0	0	531	439	
6	0	0	0	0	541	430	
7	0	0	0	0	550	431	
8	0	0	0	0	558	437	
9	0	0	0	0	566	449	
10	0	0	0	0	569	468	
11	0	0	0	0	568	488	
12	0	0	0	0	558	505	
13	0	0	0	0	540	519	
14	0	0	0	0	520	530	
15	0	0	0	0	502	541	
0	0	0	0	0	487	551	
1	0	0	0	0	472	557	
2	0	0	0	0	460	564	
3	0	0	0	0	448	569	
4	0	0	0	0	441	568	
5	0	0	0	0	442	572	
6	0	0	0	0	445	572	
7	0	0	0	0	448	579	
8	0	0	0	0	449	582	
9	0	0	0	0	450	587	
10	0	0	0	0	448	595	
11	0	0	0	0	443	606	
12	0	0	0	0	437	621	
13	0	0	0	0	430	636	
14	0	0	0	0	419	648	
15	0	0	0	0	414	658	
0	0	0	0	0	411	663	
1	0	0	0	0	408	660	
2	0	0	0	0	406	655	
3	0	0	0	0	403	649	
4	0	0	0	0	401	645	
5	0	0	0	0	402	638	
6	0	0	0	0	401	635	
7	0	0	0	0	402	630	
8	0	0	0	0	404	626	
9	0	0	0	0	409	627	
10	0	0	0	0	415	629	
11	0	0	0	0	424	631	
12	0	0	0	0	437	632	
13	0	0	0	0	446	635	
14	0	0	0	0	453	638	
15	0	0	0	0	455	641	
0	0	0	0	0	453	639	
1	0	0	0	0	443	635	
2	0	0	0	0	425	631	
3	0	0	0	0	404	627	
4	0	0	0	0	386	628	
5	0	0	0	0	375	632	
6	0	0	0	0	373	636	
7	0	0	0	0	372	641	
8	0	0	0	0	377	643	
9	0	0	0	0	384	641	
10	0	0	0	0	393	639	
11	0	0	0	0	401	640	
12	0	0	0	0	408	643	
13	0	0	0	0	412	638	
14	0	0	0	0	415	633	
15	0	0	0	0	424	625	
0	0	0	0	0	433	615	
1	0	0	0	0	439	605	
2	0	0	0	0	444	593	
3	0	0	0	0	449	583	
4	0	0	0	0	449	577	
5	0	0	0	0	449	574	
6	0	0	0	0	449	573	
7	0	0	0	0	449	572	
8	0	0	0	0	449	573	
9	0	0	0	0	447	574	
10	0	0	0	0	447	574	
11	0	0	0	0	446	578	
12	0	0	0	0	444	583	
13	0	0	0	0	438	587	
14	0	0	0	0	434	590	
15	0	0	0	0	431	594	
0	0	0	0	0	426	594	
1	0	0	0	0	425	599	
2	0	0	0	0	425	600	
3	0	0	0	0	426	598	
4	0	0	0	0	427	595	
5	0	0	0	0	428	590	
6	0	0	0	0	427	587	
7	0	0	0	0	423	585	
8	0	0	0	0	417	583	
9	0	0	0	0	410	581	
10	0	0	0	0	403	579	
11	0	0	0	0	401	579	
12	0	0	0	0	403	578	
13	0	0	0	0	407	582	
14	0	0	0	0	412	592	
15	0	0	0	0	419	599	
0	0	0	0	0	423	611	
1	0	0	0	0	423	615	
2	0	0	0	0	420	617	
3	0	0	0	0	419	620	
4	0	0	0	0	417	617	
5	0	0	0	0	417	615	
6	0	0	0	0	414	612	
7	0	0	0	0	411	615	
8	0	0	0	0	407	619	
9	0	0	0	0	403	625	
10	0	0	0	0	402	629	
11	0	0	0	0	403	627	
12	0	0	0	0	408	619	
13	0	0	0	0	416	608	
14	0	0	0	0	426	599	
15	0	0	0	0	436	591	
0	0	0	0	0	447	583	
1	0	0	0	0	457	579	
2	0	0	0	0	465	574	
3	0	0	0	0	471	571	
4	0	0	0	0	470	566	
5	0	0	0	0	470	558	
6	0	0	0	0	472	547	
7	0	0	0	0	477	539	
8	0	0	0	0	484	534	
9	0	0	0	0	491	536	
10	0	0	0	0	496	544	
11	0	0	0	0	500	556	
12	0	0	0	0	506	562	
13	0	0	0	0	512	565	
14	0	0	0	0	517	568	
15	0	0	0	0	519	569	
0	0	0	0	0	517	574	
1	0	0	0	0	511	581	
2	0	0	0	0	500	588	
3	0	0	0	0	496	598	
4	0	0	0	0	498	609	
5	0	0	0	0	496	620	
6	0	0	0	0	496	628	
7	0	0	0	0	494	636	
8	0	0	0	0	491	631	
9	0	0	0	0	491	623	
10	0	0	0	0	493	616	
11	0	0	0	0	495	608	
12	0	0	0	0	499	599	
13	0	0	0	0	507	593	
14	0	0	0	0	513	588	
15	0	0	0	0	521	583	
0	0	0	0	0	527	579	
1	0	0	0	0	537	579	
2	0	0	0	0	550	581	
3	0	0	0	0	563	581	
4	0	0	0	0	570	579	
5	0	0	0	0	575	579	
6	0	0	0	0	584	579	
7	0	0	0	0	590	578	
8	0	0	0	0	590	576	
9	0	0	0	0	590	574	
10	0	0	0	0	589	572	
11	0	0	0	0	586	571	
12	0	0	0	0	583	568	
13	0	0	0	0	578	564	
14	0	0	0	0	572	560	
15	0	0	0	0	565	554	
0	0	0	0	0	560	550	
1	0	0	0	0	558	546	
2	0	0	0	0	556	547	
3	0	0	0	0	555	545	
4	0	0	0	0	551	543	
5	0	0	0	0	547	544	
6	0	0	0	0	544	545	
7	0	0	0	0	544	548	
8	0	0	0	0	543	552	
9	0	0	0	0	543	554	
10	0	0	0	0	542	555	
11	0	0	0	0	540	552	
12	0	0	0	0	537	543	
13	0	0	0	0	532	533	
14	0	0	0	0	528	530	
15	0	0	0	0	525	535	
0	0	0	0	0	524	545	
1	0	0	0	0	526	552	
2	0	0	0	0	527	558	
3	0	0	0	0	524	565	
4	0	0	0	0	520	568	
5	0	0	0	0	517	571	
6	0	0	0	0	518	578	
7	0	0	0	0	521	585	
8	0	0	0	0	525	591	
9	0	0	0	0	525	591	
10	0	0	0	0	524	583	
11	0	0	0	0	524	573	
12	0	0	0	0	526	563	
13	0	0	0	0	529	555	
14	0	0	0	0	531	548	
15	0	0	0	0	536	540	
0	0	0	0	0	540	529	
1	0	0	0	0	544	515	
2	0	0	0	0	545	501	
3	0	0	0	0	548	491	
4	0	0	0	0	550	485	
5	0	0	0	0	545	482	
6	0	0	0	0	538	474	
7	0	0	0	0	535	469	
8	0	0	0	0	536	469	
9	0	0	0	0	538	476	
10	0	0	0	0	536	480	
11	0	0	0	0	535	479	
12	0	0	0	0	530	475	
13	0	0	0	0	526	472	
14	0	0	0	0	524	466	
15	0	0	0	0	524	463	
0	0	0	0	0	526	469	
1	0	0	0	0	528	480	
2	0	0	0	0	529	489	
3	0	0	0	0	530	497	
4	0	0	0	0	530	503	
5	0	0	0	0	532	503	
6	0	0	0	0	539	504	
7	0	0	0	0	551	506	
8	0	0	0	0	563	510	
9	0	0	0	0	576	514	
10	0	0	0	0	585	521	
11	0	0	0	0	592	531	
12	0	0	0	0	598	535	
13	0	0	0	0	599	538	
14	0	0	0	0	595	538	
15	0	0	0	0	589	537	
0	0	0	0	0	583	535	
1	0	0	0	0	573	526	
2	0	0	0	0	560	521	
3	0	0	0	0	547	515	
4	0	0	0	0	532	513	
5	0	0	0	0	521	514	
6	0	0	0	0	512	515	
7	0	0	0	0	500	516	
8	0	0	0	0	491	515	
9	0	0	0	0	481	513	
10	0	0	0	0	473	514	
11	0	0	0	0	466	513	
12	0	0	0	0	464	512	
13	0	0	0	0	465	507	
14	0	0	0	0	463	499	
15	0	0	0	0	463	491	
0	0	0	0	0	459	484	
1	0	0	0	0	454	480	
2	0	0	0	0	450	478	
3	0	0	0	0	452	480	
4	0	0	0	0	457	489	
5	0	0	0	0	466	502	
6	0	0	0	0	480	515	
7	0	0	0	0	495	518	
8	0	0	0	0	507	515	
9	0	0	0	0	518	510	
10	0	0	0	0	530	504	
11	0	0	0	0	537	495	
12	0	0	0	0	539	488	
13	0	0	0	0	536	479	
14	0	0	0	0	529	472	
15	0	0	0	0	519	469	
0	0	0	0	0	510	468	
1	0	0	0	0	504	469	
2	0	0	0	0	502	467	
3	0	0	0	0	502	462	
4	0	0	0	0	499	457	
5	0	0	0	0	493	452	
6	0	0	0	0	489	448	
7	0	0	0	0	491	443	
8	0	0	0	0	493	444	
9	0	0	0	0	494	451	
10	0	0	0	0	497	463	
11	0	0	0	0	503	481	
12	0	0	0	0	509	496	
13	0	0	0	0	514	509	
14	0	0	0	0	522	524	
15	0	0	0	0	529	540	
0	0	0	0	0	534	549	
1	0	0	0	0	533	551	
2	0	0	0	0	529	550	
3	0	0	0	0	528	547	
4	0	0	0	0	527	544	
5	0	0	0	0	528	534	
6	0	0	0	0	531	520	
7	0	0	0	0	538	504	
8	0	0	0	0	547	489	
9	0	0	0	0	547	476	
10	0	0	0	0	542	465	
11	0	0	0	0	539	459	
12	0	0	0	0	535	455	
13	0	0	0	0	527	455	
14	0	0	0	0	522	455	
15	0	0	0	0	516	455	
0	0	0	0	0	512	455	
1	0	0	0	0	509	455	
2	0	0	0	0	508	449	
3	0	0	0	0	501	441	
4	0	0	0	0	496	440	
5	0	0	0	0	495	446	
6	0	0	0	0	492	454	
7	0	0	0	0	493	461	
8	0	0	0	0	498	474	
9	0	0	0	0	503	490	
10	0	0	0	0	508	504	
11	0	0	0	0	510	515	
12	0	0	0	0	514	518	
13	0	0	0	0	514	519	
14	0	0	0	0	515	515	
15	0	0	0	0	517	511	
0	0	0	0	0	520	507	
1	0	0	0	0	526	503	
2	0	0	0	0	531	498	
3	0	0	0	0	537	494	
4	0	0	0	0	542	486	
5	0	0	0	0	548	475	
6	0	0	0	0	552	457	
7	0	0	0	0	554	444	
8	0	0	0	0	554	434	
9	0	0	0	0	555	429	
10	0	0	0	0	554	428	
11	0	0	0	0	551	435	
12	0	0	0	0	547	444	
13	0	0	0	0	539	451	
14	0	0	0	0	534	457	
15	0	0	0	0	528	465	
0	0	0	0	0	524	467	
1	0	0	0	0	519	467	
2	0	0	0	0	513	460	
3	0	0	0	0	504	449	
4	0	0	0	0	492	441	
5	0	0	0	0	480	436	
6	0	0	0	0	467	434	
7	0	0	0	0	462	435	
8	0	0	0	0	461	438	
9	0	0	0	0	468	443	
10	0	0	0	0	481	452	
11	0	0	0	0	498	470	
12	0	0	0	0	509	495	
13	0	0	0	0	516	518	
14	0	0	0	0	519	534	
15	0	0	0	0	520	543	
0	0	0	0	0	522	543	
1	0	0	0	0	527	542	
2	0	0	0	0	535	543	
3	0	0	0	0	542	540	
4	0	0	0	0	548	537	
5	0	0	0	0	550	531	
6	0	0	0	0	552	521	
7	0	0	0	0	555	505	
8	0	0	0	0	556	489	
9	0	0	0	0	554	472	
10	0	0	0	0	551	463	
11	0	0	0	0	546	451	
12	0	0	0	0	539	442	
13	0	0	0	0	533	434	
14	0	0	0	0	527	430	
15	0	0	0	0	521	424	
0	0	0	0	0	512	422	
1	0	0	0	0	504	415	
2	0	0	0	0	501	413	
3	0	0	0	0	504	414	
4	0	0	0	0	513	418	
5	0	0	0	0	525	428	
6	0	0	0	0	540	439	
7	0	0	0	0	556	447	
8	0	0	0	0	571	455	
9	0	0	0	0	581	463	
10	0	0	0	0	585	472	
11	0	0	0	0	580	486	
12	0	0	0	0	570	500	
13	0	0	0	0	557	514	
14	0	0	0	0	547	530	
15	0	0	0	0	537	545	
0	0	0	0	0	524	554	
1	0	0	0	0	515	556	
2	0	0	0	0	510	558	
3	0	0	0	0	509	559	
4	0	0	0	0	512	560	
5	0	0	0	0	513	563	
6	0	0	0	0	515	569	
7	0	0	0	0	510	575	
8	0	0	0	0	502	584	
9	0	0	0	0	496	587	
10	0	0	0	0	487	588	
11	0	0	0	0	477	587	
12	0	0	0	0	469	587	
13	0	0	0	0	459	589	
14	0	0	0	0	454	594	
15	0	0	0	0	451	600	
0	0	0	0	0	448	601	
1	0	0	0	0	446	600	
2	0	0	0	0	447	592	
3	0	0	0	0	449	583	
4	0	0	0	0	449	575	
5	0	0	0	0	448	568	
6	0	0	0	0	444	561	
7	0	0	0	0	442	558	
8	0	0	0	0	442	554	
9	0	0	0	0	442	551	
10	0	0	0	0	445	551	
11	0	0	0	0	451	551	
12	0	0	0	0	457	555	
13	0	0	0	0	463	556	
14	0	0	0	0	467	557	
15	0	0	0	0	470	561	
0	0	0	0	0	473	567	
1	0	0	0	0	477	572	
2	0	0	0	0	478	575	
3	0	0	0	0	477	575	
4	0	0	0	0	471	574	
5	0	0	0	0	460	574	
6	0	0	0	0	453	575	
7	0	0	0	0	450	572	
8	0	0	0	0	448	569	
9	0	0	0	0	447	569	
10	0	0	0	0	448	572	
11	0	0	0	0	457	576	
12	0	0	0	0	467	583	
13	0	0	0	0	477	591	
14	0	0	0	0	483	604	
15	0	0	0	0	484	610	
0	0	0	0	0	486	609	
1	0	0	0	0	485	601	
2	0	0	0	0	480	587	
3	0	0	0	0	472	575	
4	0	0	0	0	460	561	
5	0	0	0	0	451	551	
6	0	0	0	0	445	544	
7	0	0	0	0	441	541	
8	0	0	0	0	437	536	
9	0	0	0	0	435	535	
10	0	0	0	0	433	541	
11	0	0	0	0	434	551	
12	0	0	0	0	433	557	
13	0	0	0	0	429	561	
14	0	0	0	0	428	568	
15	0	0	0	0	428	576	
0	0	0	0	0	429	579	
1	0	0	0	0	433	583	
2	0	0	0	0	436	584	
3	0	0	0	0	438	581	
4	0	0	0	0	440	572	
5	0	0	0	0	440	556	
6	0	0	0	0	440	542	
7	0	0	0	0	443	535	
8	0	0	0	0	445	531	
9	0	0	0	0	448	527	
10	0	0	0	0	455	527	
11	0	0	0	0	463	533	
12	0	0	0	0	476	542	
13	0	0	0	0	486	549	
14	0	0	0	0	497	554	
15	0	0	0	0	506	562	
0	0	0	0	0	512	569	
1	0	0	0	0	518	575	
2	0	0	0	0	524	581	
3	0	0	0	0	530	580	
4	0	0	0	0	532	579	
5	0	0	0	0	530	573	
6	0	0	0	0	527	565	
7	0	0	0	0	521	556	
8	0	0	0	0	513	547	
9	0	0	0	0	509	542	
10	0	0	0	0	507	531	
11	0	0	0	0	505	522	
12	0	0	0	0	509	513	
13	0	0	0	0	509	507	
14	0	0	0	0	509	506	
15	0	0	0	0	508	507	
0	0	0	0	0	504	511	
1	0	0	0	0	499	513	
2	0	0	0	0	494	519	
3	0	0	0	0	492	529	
4	0	0	0	0	488	541	
5	0	0	0	0	483	556	
6	0	0	0	0	481	570	
7	0	0	0	0	484	582	
8	0	0	0	0	491	587	
9	0	0	0	0	497	585	
10	0	0	0	0	503	578	
11	0	0	0	0	507	568	
12	0	0	0	0	509	552	
13	0	0	0	0	506	539	
14	0	0	0	0	504	529	
15	0	0	0	0	502	521	
0	0	0	0	0	499	516	
1	0	0	0	0	499	513	
2	0	0	0	0	496	514	
3	0	0	0	0	496	513	
4	0	0	0	0	498	518	
5	0	0	0	0	502	526	
6	0	0	0	0	508	537	
7	0	0	0	0	514	548	
8	0	0	0	0	522	559	
9	0	0	0	0	534	567	
10	0	0	0	0	540	564	
11	0	0	0	0	547	557	
12	0	0	0	0	554	545	
13	0	0	0	0	558	527	
14	0	0	0	0	563	512	
15	0	0	0	0	570	502	
0	0	0	0	0	573	496	
1	0	0	0	0	572	489	
2	0	0	0	0	571	485	
3	0	0	0	0	571	483	
4	0	0	0	0	572	483	
5	0	0	0	0	569	486	
6	0	0	0	0	564	486	
7	0	0	0	0	559	486	
8	0	0	0	0	551	481	
9	0	0	0	0	550	479	
10	0	0	0	0	550	473	
11	0	0	0	0	551	471	
12	0	0	0	0	554	466	
13	0	0	0	0	558	468	
14	0	0	0	0	563	467	
15	0	0	0	0	566	470	
0	0	0	0	0	566	467	
1	0	0	0	0	563	467	
2	0	0	0	0	557	465	
3	0	0	0	0	550	465	
4	0	0	0	0	547	467	
5	0	0	0	0	545	470	
6	0	0	0	0	542	473	
7	0	0	0	0	536	478	
8	0	0	0	0	529	485	
9	0	0	0	0	527	496	
10	0	0	0	0	522	504	
11	0	0	0	0	518	514	
12	0	0	0	0	514	524	
13	0	0	0	0	512	533	
14	0	0	0	0	519	540	
15	0	0	0	0	528	543	
0	0	0	0	0	536	543	
1	0	0	0	0	545	542	
2	0	0	0	0	549	537	
3	0	0	0	0	551	534	
4	0	0	0	0	552	527	
5	0	0	0	0	558	524	
6	0	0	0	0	561	520	
7	0	0	0	0	563	516	
8	0	0	0	0	566	513	
9	0	0	0	0	572	508	
10	0	0	0	0	577	508	
11	0	0	0	0	583	512	
12	0	0	0	0	588	516	
13	0	0	0	0	588	519	
14	0	0	0	0	588	520	
15	0	0	0	0	589	519	
0	0	0	0	0	591	524	
1	0	0	0	0	591	527	
2	0	0	0	0	586	521	
3	0	0	0	0	577	519	
4	0	0	0	0	567	515	
5	0	0	0	0	553	513	
6	0	0	0	0	540	507	
7	0	0	0	0	531	498	
8	0	0	0	0	526	493	
9	0	0	0	0	525	487	
10	0	0	0	0	527	484	
11	0	0	0	0	532	485	
12	0	0	0	0	535	487	
13	0	0	0	0	535	487	
14	0	0	0	0	532	491	
15	0	0	0	0	533	494	
0	0	0	0	0	534	494	
1	0	0	0	0	535	496	
2	0	0	0	0	535	499	
3	0	0	0	0	536	505	
4	0	0	0	0	544	511	
5	0	0	0	0	550	518	
6	0	0	0	0	557	528	
7	0	0	0	0	562	531	
8	0	0	0	0	566	528	
9	0	0	0	0	568	519	
10	0	0	0	0	571	508	
11	0	0	0	0	569	494	
12	0	0	0	0	574	479	
13	0	0	0	0	575	471	
14	0	0	0	0	579	471	
15	0	0	0	0	580	476	
0	0	0	0	0	580	484	
1	0	0	0	0	579	496	
2	0	0	0	0	582	510	
3	0	0	0	0	583	519	
4	0	0	0	0	585	529	
5	0	0	0	0	586	538	
6	0	0	0	0	590	547	
7	0	0	0	0	591	552	
8	0	0	0	0	592	549	
9	0	0	0	0	591	542	
10	0	0	0	0	590	529	
11	0	0	0	0	589	517	
12	0	0	0	0	589	506	
13	0	0	0	0	590	500	
14	0	0	0	0	592	490	
15	0	0	0	0	599	487	
0	0	0	0	0	605	491	
1	0	0	0	0	611	496	
2	0	0	0	0	612	505	
3	0	0	0	0	614	514	
4	0	0	0	0	619	522	
5	0	0	0	0	621	527	
6	0	0	0	0	624	533	
7	0	0	0	0	627	537	
8	0	0	0	0	628	543	
9	0	0	0	0	629	550	
10	0	0	0	0	626	560	
11	0	0	0	0	621	568	
12	0	0	0	0	611	572	
13	0	0	0	0	598	576	
14	0	0	0	0	588	580	
15	0	0	0	0	576	585	
0	0	0	0	0	568	586	
1	0	0	0	0	560	584	
2	0	0	0	0	559	583	
3	0	0	0	0	558	577	
4	0	0	0	0	562	573	
5	0	0	0	0	567	566	
6	0	0	0	0	572	556	
7	0	0	0	0	575	547	
8	0	0	0	0	575	532	
9	0	0	0	0	573	520	
10	0	0	0	0	579	515	
11	0	0	0	0	585	514	
12	0	0	0	0	592	519	
13	0	0	0	0	599	526	
14	0	0	0	0	605	536	
15	0	0	0	0	609	546	
0	0	0	0	0	609	558	
1	0	0	0	0	607	568	
2	0	0	0	0	599	575	
3	0	0	0	0	587	575	
4	0	0	0	0	572	570	
5	0	0	0	0	555	561	
6	0	0	0	0	537	547	
7	0	0	0	0	521	531	
8	0	0	0	0	505	516	
9	0	0	0	0	495	509	
10	0	0	0	0	490	504	
11	0	0	0	0	488	503	
12	0	0	0	0	485	504	
13	0	0	0	0	487	504	
14	0	0	0	0	493	505	
15	0	0	0	0	504	505	
0	0	0	0	0	515	503	
1	0	0	0	0	527	498	
2	0	0	0	0	538	494	
3	0	0	0	0	550	487	
4	0	0	0	0	560	481	
5	0	0	0	0	569	479	
6	0	0	0	0	576	480	
7	0	0	0	0	580	483	
8	0	0	0	0	583	488	
9	0	0	0	0	587	495	
10	0	0	0	0	587	501	
11	0	0	0	0	590	512	
12	0	0	0	0	592	524	
13	0	0	0	0	599	536	
14	0	0	0	0	606	553	
15	0	0	0	0	610	571	
0	0	0	0	0	611	585	
1	0	0	0	0	612	595	
2	0	0	0	0	611	595	
3	0	0	0	0	610	586	
4	0	0	0	0	608	569	
5	0	0	0	0	603	551	
6	0	0	0	0	595	531	
7	0	0	0	0	585	510	
8	0	0	0	0	577	487	
9	0	0	0	0	570	469	
10	0	0	0	0	564	454	
11	0	0	0	0	561	442	
12	0	0	0	0	557	433	
13	0	0	0	0	559	429	
14	0	0	0	0	561	430	
15	0	0	0	0	567	435	
0	0	0	0	0	568	437	
1	0	0	0	0	568	440	
2	0	0	0	0	568	444	
3	0	0	0	0	567	445	
4	0	0	0	0	567	440	
5	0	0	0	0	567	435	
6	0	0	0	0	568	432	
7	0	0	0	0	571	432	
8	0	0	0	0	575	437	
9	0	0	0	0	584	447	
10	0	0	0	0	591	459	
11	0	0	0	0	595	471	
12	0	0	0	0	594	481	
13	0	0	0	0	592	491	
14	0	0	0	0	585	498	
15	0	0	0	0	575	498	
0	0	0	0	0	566	494	
1	0	0	0	0	556	484	
2	0	0	0	0	548	468	
3	0	0	0	0	541	449	
4	0	0	0	0	536	435	
5	0	0	0	0	535	421	
6	0	0	0	0	532	407	
7	0	0	0	0	528	399	
8	0	0	0	0	529	401	
9	0	0	0	0	529	408	
10	0	0	0	0	531	414	
11	0	0	0	0	531	419	
12	0	0	0	0	532	423	
13	0	0	0	0	535	423	
14	0	0	0	0	542	422	
15	0	0	0	0	556	420	
0	0	0	0	0	569	425	
1	0	0	0	0	582	429	
2	0	0	0	0	592	431	
3	0	0	0	0	595	436	
4	0	0	0	0	597	436	
5	0	0	0	0	593	443	
6	0	0	0	0	583	444	
7	0	0	0	0	575	447	
8	0	0	0	0	569	449	
9	0	0	0	0	563	452	
10	0	0	0	0	555	456	
11	0	0	0	0	542	460	
12	0	0	0	0	532	463	
13	0	0	0	0	525	464	
14	0	0	0	0	518	463	
15	0	0	0	0	510	456	
0	0	0	0	0	500	450	
1	0	0	0	0	491	449	
2	0	0	0	0	484	452	
3	0	0	0	0	485	454	
4	0	0	0	0	494	458	
5	0	0	0	0	505	460	
6	0	0	0	0	516	463	
7	0	0	0	0	524	463	
8	0	0	0	0	527	456	
9	0	0	0	0	531	445	
10	0	0	0	0	532	434	
11	0	0	0	0	532	426	
12	0	0	0	0	534	421	
13	0	0	0	0	532	423	
14	0	0	0	0	530	425	
15	0	0	0	0	529	427	
0	0	0	0	0	531	431	
1	0	0	0	0	534	438	
2	0	0	0	0	536	446	
3	0	0	0	0	541	454	
4	0	0	0	0	545	459	
5	0	0	0	0	547	458	
6	0	0	0	0	549	452	
7	0	0	0	0	547	445	
8	0	0	0	0	547	438	
9	0	0	0	0	548	430	
10	0	0	0	0	555	424	
11	0	0	0	0	564	420	
12	0	0	0	0	575	414	
13	0	0	0	0	577	406	
14	0	0	0	0	577	398	
15	0	0	0	0	575	391	
0	0	0	0	0	569	387	
1	0	0	0	0	562	385	
2	0	0	0	0	555	384	
3	0	0	0	0	554	388	
4	0	0	0	0	552	392	
5	0	0	0	0	551	396	
6	0	0	0	0	551	401	
7	0	0	0	0	559	409	
8	0	0	0	0	569	418	
9	0	0	0	0	579	426	
10	0	0	0	0	586	426	
11	0	0	0	0	591	430	
12	0	0	0	0	595	433	
13	0	0	0	0	595	435	
14	0	0	0	0	594	434	
15	0	0	0	0	594	441	
0	0	0	0	0	591	443	
1	0	0	0	0	588	447	
2	0	0	0	0	582	445	
3	0	0	0	0	577	440	
4	0	0	0	0	571	434	
5	0	0	0	0	565	433	
6	0	0	0	0	561	431	
7	0	0	0	0	558	431	
8	0	0	0	0	555	430	
9	0	0	0	0	554	432	
10	0	0	0	0	550	436	
11	0	0	0	0	544	440	
12	0	0	0	0	540	444	
13	0	0	0	0	537	446	
14	0	0	0	0	536	451	
15	0	0	0	0	537	456	
0	0	0	0	0	539	465	
1	0	0	0	0	544	473	
2	0	0	0	0	552	479	
3	0	0	0	0	560	477	
4	0	0	0	0	568	479	
5	0	0	0	0	571	477	
6	0	0	0	0	570	473	
7	0	0	0	0	568	466	
8	0	0	0	0	573	463	
9	0	0	0	0	580	458	
10	0	0	0	0	589	460	
11	0	0	0	0	595	464	
12	0	0	0	0	596	473	
13	0	0	0	0	592	476	
14	0	0	0	0	587	480	
15	0	0	0	0	578	487	
0	0	0	0	0	570	494	
1	0	0	0	0	559	501	
2	0	0	0	0	551	507	
3	0	0	0	0	544	513	
4	0	0	0	0	543	513	
5	0	0	0	0	543	511	
6	0	0	0	0	542	506	
7	0	0	0	0	538	496	
8	0	0	0	0	534	485	
9	0	0	0	0	531	472	
10	0	0	0	0	527	459	
11	0	0	0	0	523	454	
12	0	0	0	0	518	450	
13	0	0	0	0	516	450	
14	0	0	0	0	515	447	
15	0	0	0	0	516	440	
0	0	0	0	0	514	429	
1	0	0	0	0	514	422	
2	0	0	0	0	513	415	
3	0	0	0	0	515	408	
4	0	0	0	0	518	403	
5	0	0	0	0	521	400	
6	0	0	0	0	523	398	
7	0	0	0	0	527	393	
8	0	0	0	0	528	389	
9	0	0	0	0	531	386	
10	0	0	0	0	532	381	
11	0	0	0	0	532	376	
12	0	0	0	0	531	365	
13	0	0	0	0	535	353	
14	0	0	0	0	542	343	
15	0	0	0	0	551	347	
0	0	0	0	0	560	353	
1	0	0	0	0	570	368	
2	0	0	0	0	579	371	
3	0	0	0	0	585	382	
4	0	0	0	0	590	380	
5	0	0	0	0	596	382	
6	0	0	0	0	600	371	
7	0	0	0	0	601	372	
8	0	0	0	0	599	368	
9	0	0	0	0	595	373	
10	0	0	0	0	590	376	
11	0	0	0	0	584	378	
12	0	0	0	0	579	376	
13	0	0	0	0	575	374	
14	0	0	0	0	575	369	
15	0	0	0	0	573	364	
0	0	0	0	0	568	360	
1	0	0	0	0	562	361	
2	0	0	0	0	560	360	
3	0	0	0	0	555	362	
4	0	0	0	0	547	366	
5	0	0	0	0	540	372	
6	0	0	0	0	537	380	
7	0	0	0	0	537	389	
8	0	0	0	0	537	395	
9	0	0	0	0	538	400	
10	0	0	0	0	539	396	
11	0	0	0	0	536	390	
12	0	0	0	0	530	389	
13	0	0	0	0	528	392	
14	0	0	0	0	527	402	
15	0	0	0	0	526	414	
0	0	0	0	0	525	425	
1	0	0	0	0	521	437	
2	0	0	0	0	517	454	
3	0	0	0	0	509	467	
4	0	0	0	0	503	480	
5	0	0	0	0	497	494	
6	0	0	0	0	493	508	
7	0	0	0	0	493	524	
8	0	0	0	0	494	530	
9	0	0	0	0	495	531	
10	0	0	0	0	503	524	
11	0	0	0	0	512	517	
12	0	0	0	0	525	510	
13	0	0	0	0	536	504	
14	0	0	0	0	544	501	
15	0	0	0	0	551	501	
0	0	0	0	0	553	499	
1	0	0	0	0	556	503	
2	0	0	0	0	550	506	
3	0	0	0	0	540	511	
4	0	0	0	0	531	514	
5	0	0	0	0	520	513	
6	0	0	0	0	511	508	
7	0	0	0	0	505	498	
8	0	0	0	0	499	489	
9	0	0	0	0	496	479	
10	0	0	0	0	492	469	
11	0	0	0	0	491	464	
12	0	0	0	0	486	464	
13	0	0	0	0	485	464	
14	0	0	0	0	483	463	
15	0	0	0	0	485	461	
0	0	0	0	0	486	459	
1	0	0	0	0	484	456	
2	0	0	0	0	480	455	
3	0	0	0	0	476	454	
4	0	0	0	0	473	454	
5	0	0	0	0	476	456	
6	0	0	0	0	487	461	
7	0	0	0	0	498	468	
8	0	0	0	0	510	477	
9	0	0	0	0	521	483	
10	0	0	0	0	527	486	
11	0	0	0	0	533	488	
12	0	0	0	0	537	496	
13	0	0	0	0	539	504	
14	0	0	0	0	540	507	
15	0	0	0	0	543	507	
0	0	0	0	0	544	502	
1	0	0	0	0	540	496	
2	0	0	0	0	534	491	
3	0	0	0	0	527	489	
4	0	0	0	0	517	483	
5	0	0	0	0	508	476	
6	0	0	0	0	503	467	
7	0	0	0	0	499	460	
8	0	0	0	0	495	449	
9	0	0	0	0	495	440	
10	0	0	0	0	497	433	
11	0	0	0	0	507	428	
12	0	0	0	0	516	420	
13	0	0	0	0	523	414	
14	0	0	0	0	531	408	
15	0	0	0	0	537	399	
0	0	0	0	0	548	397	
1	0	0	0	0	561	395	
2	0	0	0	0	572	403	
3	0	0	0	0	580	412	
4	0	0	0	0	580	430	
5	0	0	0	0	579	441	
6	0	0	0	0	575	454	
7	0	0	0	0	567	471	
8	0	0	0	0	552	493	
9	0	0	0	0	540	513	
10	0	0	0	0	531	529	
11	0	0	0	0	525	544	
12	0	0	0	0	521	559	
13	0	0	0	0	515	575	
14	0	0	0	0	511	589	
15	0	0	0	0	505	594	
0	0	0	0	0	499	592	
1	0	0	0	0	495	587	
2	0	0	0	0	489	576	
3	0	0	0	0	483	563	
4	0	0	0	0	483	546	
5	0	0	0	0	483	531	
6	0	0	0	0	482	509	
7	0	0	0	0	480	487	
8	0	0	0	0	480	471	
9	0	0	0	0	480	461	
10	0	0	0	0	480	456	
11	0	0	0	0	478	461	
12	0	0	0	0	479	471	
13	0	0	0	0	481	486	
14	0	0	0	0	487	504	
15	0	0	0	0	490	521	
0	0	0	0	0	490	533	
1	0	0	0	0	483	543	
2	0	0	0	0	476	543	
3	0	0	0	0	470	539	
4	0	0	0	0	467	536	
5	0	0	0	0	463	533	
6	0	0	0	0	460	527	
7	0	0	0	0	457	521	
8	0	0	0	0	453	510	
9	0	0	0	0	449	495	
10	0	0	0	0	448	478	
11	0	0	0	0	451	468	
12	0	0	0	0	452	460	
13	0	0	0	0	452	451	
14	0	0	0	0	450	449	
15	0	0	0	0	448	449	
0	0	0	0	0	448	449	
1	0	0	0	0	451	451	
2	0	0	0	0	454	455	
3	0	0	0	0	461	461	
4	0	0	0	0	467	466	
5	0	0	0	0	472	473	
6	0	0	0	0	478	480	
7	0	0	0	0	482	486	
8	0	0	0	0	483	487	
9	0	0	0	0	485	486	
10	0	0	0	0	482	483	
11	0	0	0	0	479	480	
12	0	0	0	0	476	480	
13	0	0	0	0	478	480	
14	0	0	0	0	481	485	
15	0	0	0	0	487	491	
0	0	0	0	0	490	499	
1	0	0	0	0	492	501	
2	0	0	0	0	494	503	
3	0	0	0	0	496	506	
4	0	0	0	0	498	508	
5	0	0	0	0	497	509	
6	0	0	0	0	498	513	
7	0	0	0	0	502	510	
8	0	0	0	0	508	508	
9	0	0	0	0	511	502	
10	0	0	0	0	512	495	
11	0	0	0	0	513	486	
12	0	0	0	0	515	478	
13	0	0	0	0	522	471	
14	0	0	0	0	528	464	
15	0	0	0	0	534	458	
0	0	0	0	0	536	457	
1	0	0	0	0	537	460	
2	0	0	0	0	535	463	
3	0	0	0	0	532	461	
4	0	0	0	0	528	456	
5	0	0	0	0	519	455	
6	0	0	0	0	508	457	
7	0	0	0	0	492	455	
8	0	0	0	0	478	457	
9	0	0	0	0	467	462	
10	0	0	0	0	459	468	
11	0	0	0	0	455	474	
12	0	0	0	0	457	484	
13	0	0	0	0	460	500	
14	0	0	0	0	465	522	
15	0	0	0	0	472	544	
0	0	0	0	0	476	562	
1	0	0	0	0	482	577	
2	0	0	0	0	488	588	
3	0	0	0	0	493	595	
4	0	0	0	0	497	600	
5	0	0	0	0	503	605	
6	0	0	0	0	507	605	
7	0	0	0	0	513	599	
8	0	0	0	0	518	595	
9	0	0	0	0	522	588	
10	0	0	0	0	524	578	
11	0	0	0	0	524	564	
12	0	0	0	0	521	547	
13	0	0	0	0	516	528	
14	0	0	0	0	510	512	
15	0	0	0	0	502	496	
0	0	0	0	0	494	483	
1	0	0	0	0	487	471	
2	0	0	0	0	475	461	
3	0	0	0	0	465	459	
4	0	0	0	0	464	459	
5	0	0	0	0	465	459	
6	0	0	0	0	470	461	
7	0	0	0	0	476	464	
8	0	0	0	0	481	466	
9	0	0	0	0	484	467	
10	0	0	0	0	482	468	
11	0	0	0	0	480	472	
12	0	0	0	0	479	480	
13	0	0	0	0	480	492	
14	0	0	0	0	484	505	
15	0	0	0	0	486	515	
0	0	0	0	0	484	522	
1	0	0	0	0	488	522	
2	0	0	0	0	492	522	
3	0	0	0	0	494	523	
4	0	0	0	0	503	527	
5	0	0	0	0	514	530	
6	0	0	0	0	522	531	
7	0	0	0	0	523	524	
8	0	0	0	0	518	511	
9	0	0	0	0	511	499	
10	0	0	0	0	500	492	
11	0	0	0	0	496	483	
12	0	0	0	0	494	477	
13	0	0	0	0	489	470	
14	0	0	0	0	484	465	
15	0	0	0	0	483	465	
0	0	0	0	0	482	465	
1	0	0	0	0	485	460	
2	0	0	0	0	488	453	
3	0	0	0	0	492	449	
4	0	0	0	0	499	449	
5	0	0	0	0	503	455	
6	0	0	0	0	508	468	
7	0	0	0	0	511	482	
8	0	0	0	0	510	494	
9	0	0	0	0	509	505	
10	0	0	0	0	507	515	
11	0	0	0	0	506	524	
12	0	0	0	0	510	528	
13	0	0	0	0	511	529	
14	0	0	0	0	511	528	
15	0	0	0	0	513	531	
0	0	0	0	0	513	535	
1	0	0	0	0	514	537	
2	0	0	0	0	511	535	
3	0	0	0	0	509	531	
4	0	0	0	0	505	529	
5	0	0	0	0	503	530	
6	0	0	0	0	504	539	
7	0	0	0	0	508	551	
8	0	0	0	0	510	560	
9	0	0	0	0	515	568	
10	0	0	0	0	519	569	
11	0	0	0	0	522	567	
12	0	0	0	0	523	559	
13	0	0	0	0	526	549	
14	0	0	0	0	535	534	
15	0	0	0	0	539	518	
0	0	0	0	0	540	502	
1	0	0	0	0	533	488	
2	0	0	0	0	526	484	
3	0	0	0	0	526	493	
4	0	0	0	0	526	505	
5	0	0	0	0	526	515	
6	0	0	0	0	523	524	
7	0	0	0	0	520	534	
8	0	0	0	0	516	543	
9	0	0	0	0	514	555	
10	0	0	0	0	511	568	
11	0	0	0	0	510	582	
12	0	0	0	0	508	594	
13	0	0	0	0	507	596	
14	0	0	0	0	502	592	
15	0	0	0	0	495	578	
0	0	0	0	0	489	563	
1	0	0	0	0	484	549	
2	0	0	0	0	482	535	
3	0	0	0	0	482	516	
4	0	0	0	0	484	501	
5	0	0	0	0	487	495	
6	0	0	0	0	491	496	
7	0	0	0	0	495	503	
8	0	0	0	0	498	509	
9	0	0	0	0	498	510	
10	0	0	0	0	499	505	
11	0	0	0	0	496	506	
12	0	0	0	0	489	508	
13	0	0	0	0	480	509	
14	0	0	0	0	472	514	
15	0	0	0	0	465	522	
0	0	0	0	0	470	529	
1	0	0	0	0	478	538	
2	0	0	0	0	487	548	
3	0	0	0	0	493	558	
4	0	0	0	0	497	563	
5	0	0	0	0	500	569	
6	0	0	0	0	507	574	
7	0	0	0	0	511	579	
8	0	0	0	0	513	583	
9	0	0	0	0	515	578	
10	0	0	0	0	515	570	
11	0	0	0	0	511	562	
12	0	0	0	0	509	559	
13	0	0	0	0	508	559	
14	0	0	0	0	510	560	
15	0	0	0	0	510	560	
0	0	0	0	0	507	553	
1	0	0	0	0	505	546	
2	0	0	0	0	504	541	
3	0	0	0	0	503	539	
4	0	0	0	0	504	541	
5	0	0	0	0	504	542	
6	0	0	0	0	505	543	
7	0	0	0	0	509	546	
8	0	0	0	0	512	550	
9	0	0	0	0	518	559	
10	0	0	0	0	519	576	
11	0	0	0	0	526	593	
12	0	0	0	0	531	609	
13	0	0	0	0	535	617	
14	0	0	0	0	532	621	
15	0	0	0	0	528	621	
0	0	0	0	0	520	615	
1	0	0	0	0	507	606	
2	0	0	0	0	494	593	
3	0	0	0	0	478	583	
4	0	0	0	0	464	569	
5	0	0	0	0	450	563	
6	0	0	0	0	440	549	
7	0	0	0	0	433	538	
8	0	0	0	0	428	526	
9	0	0	0	0	424	513	
10	0	0	0	0	424	502	
11	0	0	0	0	428	497	
12	0	0	0	0	434	499	
13	0	0	0	0	443	507	
14	0	0	0	0	452	524	
15	0	0	0	0	462	543	
0	0	0	0	0	467	567	
1	0	0	0	0	467	591	
2	0	0	0	0	467	611	
3	0	0	0	0	471	624	
4	0	0	0	0	477	630	
5	0	0	0	0	480	636	
6	0	0	0	0	480	636	
7	0	0	0	0	481	630	
8	0	0	0	0	477	617	
9	0	0	0	0	477	597	
10	0	0	0	0	480	584	
11	0	0	0	0	483	570	
12	0	0	0	0	483	557	
13	0	0	0	0	479	549	
14	0	0	0	0	472	543	
15	0	0	0	0	462	537	
0	0	0	0	0	453	532	
1	0	0	0	0	446	531	
2	0	0	0	0	442	531	
3	0	0	0	0	441	533	
4	0	0	0	0	443	535	
5	0	0	0	0	444	539	
6	0	0	0	0	444	544	
7	0	0	0	0	448	543	
8	0	0	0	0	456	539	
9	0	0	0	0	465	536	
10	0	0	0	0	474	538	
11	0	0	0	0	480	542	
12	0	0	0	0	484	543	
13	0	0	0	0	488	544	
14	0	0	0	0	491	539	
15	0	0	0	0	490	536	
0	0	0	0	0	489	536	
1	0	0	0	0	489	534	
2	0	0	0	0	491	532	
3	0	0	0	0	494	531	
4	0	0	0	0	495	535	
5	0	0	0	0	498	545	
6	0	0	0	0	502	555	
7	0	0	0	0	499	562	
8	0	0	0	0	492	565	
9	0	0	0	0	487	562	
10	0	0	0	0	480	556	
11	0	0	0	0	476	551	
12	0	0	0	0	472	548	
13	0	0	0	0	469	545	
14	0	0	0	0	467	539	
15	0	0	0	0	463	536	
0	0	0	0	0	454	535	
1	0	0	0	0	444	536	
2	0	0	0	0	437	538	
3	0	0	0	0	431	541	
4	0	0	0	0	426	544	
5	0	0	0	0	422	546	
6	0	0	0	0	419	545	
7	0	0	0	0	419	543	
8	0	0	0	0	420	546	
9	0	0	0	0	424	548	
10	0	0	0	0	423	554	
11	0	0	0	0	425	557	
12	0	0	0	0	426	562	
13	0	0	0	0	428	564	
14	0	0	0	0	433	566	
15	0	0	0	0	442	568	
0	0	0	0	0	452	568	
1	0	0	0	0	459	572	
2	0	0	0	0	459	575	
3	0	0	0	0	457	572	
4	0	0	0	0	452	569	
5	0	0	0	0	446	560	
6	0	0	0	0	443	553	
7	0	0	0	0	443	542	
8	0	0	0	0	445	536	
9	0	0	0	0	448	529	
10	0	0	0	0	453	526	
11	0	0	0	0	460	525	
12	0	0	0	0	466	522	
13	0	0	0	0	472	517	
14	0	0	0	0	476	513	
15	0	0	0	0	478	513	
0	0	0	0	0	480	514	
1	0	0	0	0	481	514	
2	0	0	0	0	480	515	
3	0	0	0	0	477	515	
4	0	0	0	0	474	514	
5	0	0	0	0	475	513	
6	0	0	0	0	481	516	
7	0	0	0	0	488	520	
8	0	0	0	0	496	524	
9	0	0	0	0	503	527	
10	0	0	0	0	504	534	
11	0	0	0	0	504	536	
12	0	0	0	0	503	530	
13	0	0	0	0	499	521	
14	0	0	0	0	493	517	
15	0	0	0	0	483	521	
0	0	0	0	0	472	524	
1	0	0	0	0	462	534	
2	0	0	0	0	451	542	
3	0	0	0	0	441	553	
4	0	0	0	0	431	562	
5	0	0	0	0	424	579	
6	0	0	0	0	426	592	
7	0	0	0	0	431	605	
8	0	0	0	0	439	606	
9	0	0	0	0	448	601	
10	0	0	0	0	455	585	
11	0	0	0	0	464	571	
12	0	0	0	0	471	555	
13	0	0	0	0	478	543	
14	0	0	0	0	482	534	
15	0	0	0	0	484	526	
0	0	0	0	0	489	520	
1	0	0	0	0	490	517	
2	0	0	0	0	489	513	
3	0	0	0	0	487	515	
4	0	0	0	0	485	516	
5	0	0	0	0	485	513	
6	0	0	0	0	487	508	
7	0	0	0	0	490	502	
8	0	0	0	0	490	500	
9	0	0	0	0	489	501	
10	0	0	0	0	482	502	
11	0	0	0	0	476	508	
12	0	0	0	0	478	518	
13	0	0	0	0	476	529	
14	0	0	0	0	473	543	
15	0	0	0	0	469	549	
0	0	0	0	0	463	553	
1	0	0	0	0	455	552	
2	0	0	0	0	452	547	
3	0	0	0	0	451	546	
4	0	0	0	0	453	544	
5	0	0	0	0	455	544	
6	0	0	0	0	461	544	
7	0	0	0	0	470	549	
8	0	0	0	0	480	551	
9	0	0	0	0	488	553	
10	0	0	0	0	493	556	
11	0	0	0	0	496	566	
12	0	0	0	0	501	577	
13	0	0	0	0	505	594	
14	0	0	0	0	511	613	
15	0	0	0	0	515	628	
0	0	0	0	0	518	639	
1	0	0	0	0	523	647	
2	0	0	0	0	525	647	
3	0	0	0	0	524	646	
4	0	0	0	0	523	639	
5	0	0	0	0	519	633	
6	0	0	0	0	521	619	
7	0	0	0	0	527	603	
8	0	0	0	0	536	583	
9	0	0	0	0	542	562	
10	0	0	0	0	547	543	
11	0	0	0	0	548	524	
12	0	0	0	0	546	510	
13	0	0	0	0	545	505	
14	0	0	0	0	543	508	
15	0	0	0	0	539	516	
0	0	0	0	0	537	523	
1	0	0	0	0	534	531	
2	0	0	0	0	529	535	
3	0	0	0	0	526	542	
4	0	0	0	0	524	554	
5	0	0	0	0	523	568	
6	0	0	0	0	522	579	
7	0	0	0	0	522	584	
8	0	0	0	0	524	583	
9	0	0	0	0	529	582	
10	0	0	0	0	530	581	
11	0	0	0	0	534	580	
12	0	0	0	0	540	583	
13	0	0	0	0	543	591	
14	0	0	0	0	543	600	
15	0	0	0	0	540	610	
0	0	0	0	0	540	620	
1	0	0	0	0	542	632	
2	0	0	0	0	546	640	
3	0	0	0	0	551	647	
4	0	0	0	0	555	648	
5	0	0	0	0	556	648	
6	0	0	0	0	560	643	
7	0	0	0	0	559	633	
8	0	0	0	0	555	621	
9	0	0	0	0	552	611	
10	0	0	0	0	548	601	
11	0	0	0	0	545	595	
12	0	0	0	0	542	583	
13	0	0	0	0	538	567	
14	0	0	0	0	536	555	
15	0	0	0	0	535	547	
0	0	0	0	0	539	542	
1	0	0	0	0	545	538	
2	0	0	0	0	549	537	
3	0	0	0	0	556	541	
4	0	0	0	0	559	546	
5	0	0	0	0	553	555	
6	0	0	0	0	546	568	
7	0	0	0	0	536	579	
8	0	0	0	0	526	591	
9	0	0	0	0	517	601	
10	0	0	0	0	515	613	
11	0	0	0	0	515	619	
12	0	0	0	0	516	627	
13	0	0	0	0	513	632	
14	0	0	0	0	513	637	
15	0	0	0	0	513	642	
0	0	0	0	0	516	647	
1	0	0	0	0	520	649	
2	0	0	0	0	524	652	
3	0	0	0	0	533	647	
4	0	0	0	0	543	640	
5	0	0	0	0	550	635	
6	0	0	0	0	552	630	
7	0	0	0	0	551	624	
8	0	0	0	0	544	618	
9	0	0	0	0	536	607	
10	0	0	0	0	524	598	
11	0	0	0	0	513	591	
12	0	0	0	0	505	591	
13	0	0	0	0	503	590	
14	0	0	0	0	509	591	
15	0	0	0	0	516	593	
0	0	0	0	0	521	600	
1	0	0	0	0	527	606	
2	0	0	0	0	528	609	
3	0	0	0	0	531	612	
4	0	0	0	0	538	617	
5	0	0	0	0	542	628	
6	0	0	0	0	543	640	
7	0	0	0	0	543	651	
8	0	0	0	0	539	657	
9	0	0	0	0	533	664	
10	0	0	0	0	528	663	
11	0	0	0	0	518	656	
12	0	0	0	0	508	642	
13	0	0	0	0	498	628	
14	0	0	0	0	489	617	
15	0	0	0	0	480	608	
0	0	0	0	0	473	600	
1	0	0	0	0	469	593	
2	0	0	0	0	471	588	
3	0	0	0	0	473	585	
4	0	0	0	0	478	586	
5	0	0	0	0	479	589	
6	0	0	0	0	478	589	
7	0	0	0	0	476	589	
8	0	0	0	0	472	589	
9	0	0	0	0	466	590	
10	0	0	0	0	459	591	
11	0	0	0	0	458	590	
12	0	0	0	0	461	591	
13	0	0	0	0	465	581	
14	0	0	0	0	475	576	
15	0	0	0	0	482	569	
0	0	0	0	0	489	566	
1	0	0	0	0	493	569	
2	0	0	0	0	496	572	
3	0	0	0	0	500	574	
4	0	0	0	0	503	575	
5	0	0	0	0	504	575	
6	0	0	0	0	502	578	
7	0	0	0	0	498	584	
8	0	0	0	0	497	596	
9	0	0	0	0	497	615	
10	0	0	0	0	495	635	
11	0	0	0	0	492	653	
12	0	0	0	0	489	668	
13	0	0	0	0	488	679	
14	0	0	0	0	488	679	
15	0	0	0	0	494	673	
0	0	0	0	0	500	667	
1	0	0	0	0	503	658	
2	0	0	0	0	505	651	
3	0	0	0	0	509	639	
4	0	0	0	0	510	628	
5	0	0	0	0	512	620	
6	0	0	0	0	515	612	
7	0	0	0	0	514	606	
8	0	0	0	0	512	597	
9	0	0	0	0	512	592	
10	0	0	0	0	512	589	
11	0	0	0	0	511	586	
12	0	0	0	0	509	577	
13	0	0	0	0	504	563	
14	0	0	0	0	493	550	
15	0	0	0	0	485	540	
0	0	0	0	0	476	534	
1	0	0	0	0	468	533	
2	0	0	0	0	461	536	
3	0	0	0	0	458	536	
4	0	0	0	0	459	541	
5	0	0	0	0	463	546	
6	0	0	0	0	465	556	
7	0	0	0	0	466	565	
8	0	0	0	0	464	568	
9	0	0	0	0	464	570	
10	0	0	0	0	467	575	
11	0	0	0	0	469	577	
12	0	0	0	0	476	580	
13	0	0	0	0	483	580	
14	0	0	0	0	493	575	
15	0	0	0	0	498	569	
0	0	0	0	0	502	562	
1	0	0	0	0	506	553	
2	0	0	0	0	511	543	
3	0	0	0	0	516	534	
4	0	0	0	0	515	523	
5	0	0	0	0	513	511	
6	0	0	0	0	507	496	
7	0	0	0	0	499	486	
8	0	0	0	0	491	482	
9	0	0	0	0	482	481	
10	0	0	0	0	475	483	
11	0	0	0	0	464	487	
12	0	0	0	0	452	492	
13	0	0	0	0	442	495	
14	0	0	0	0	430	501	
15	0	0	0	0	419	508	
0	0	0	0	0	406	515	
1	0	0	0	0	396	517	
2	0	0	0	0	388	519	
3	0	0	0	0	387	524	
4	0	0	0	0	391	531	
5	0	0	0	0	398	542	
6	0	0	0	0	403	553	
7	0	0	0	0	409	567	
8	0	0	0	0	415	574	
9	0	0	0	0	420	577	
10	0	0	0	0	425	575	
11	0	0	0	0	431	571	
12	0	0	0	0	439	561	
13	0	0	0	0	447	557	
14	0	0	0	0	454	551	
15	0	0	0	0	461	550	
0	0	0	0	0	469	551	
1	0	0	0	0	473	556	
2	0	0	0	0	472	559	
3	0	0	0	0	467	561	
4	0	0	0	0	456	569	
5	0	0	0	0	441	578	
6	0	0	0	0	428	581	
7	0	0	0	0	417	582	
8	0	0	0	0	409	578	
9	0	0	0	0	404	575	
10	0	0	0	0	403	572	
11	0	0	0	0	404	573	
12	0	0	0	0	401	579	
13	0	0	0	0	397	586	
14	0	0	0	0	393	598	
15	0	0	0	0	393	612	
0	0	0	0	0	399	625	
1	0	0	0	0	405	636	
2	0	0	0	0	412	649	
3	0	0	0	0	425	659	
4	0	0	0	0	437	663	
5	0	0	0	0	450	665	
6	0	0	0	0	463	660	
7	0	0	0	0	476	655	
8	0	0	0	0	484	649	
9	0	0	0	0	488	633	
10	0	0	0	0	487	610	
11	0	0	0	0	481	585	
12	0	0	0	0	475	563	
13	0	0	0	0	470	543	
14	0	0	0	0	467	528	
15	0	0	0	0	462	519	
0	0	0	0	0	461	519	
1	0	0	0	0	457	525	
2	0	0	0	0	455	543	
3	0	0	0	0	455	566	
4	0	0	0	0	451	595	
5	0	0	0	0	448	625	
6	0	0	0	0	447	650	
7	0	0	0	0	448	666	
8	0	0	0	0	448	668	
9	0	0	0	0	448	662	
10	0	0	0	0	445	647	
11	0	0	0	0	442	628	
12	0	0	0	0	440	617	
13	0	0	0	0	439	613	
14	0	0	0	0	440	609	
15	0	0	0	0	441	603	
0	0	0	0	0	443	595	
1	0	0	0	0	448	587	
2	0	0	0	0	452	580	
3	0	0	0	0	455	574	
4	0	0	0	0	455	573	
5	0	0	0	0	451	572	
6	0	0	0	0	448	575	
7	0	0	0	0	444	576	
8	0	0	0	0	440	581	
9	0	0	0	0	436	584	
10	0	0	0	0	434	586	
11	0	0	0	0	436	592	
12	0	0	0	0	440	596	
13	0	0	0	0	447	600	
14	0	0	0	0	452	598	
15	0	0	0	0	454	596	
0	0	0	0	0	454	594	
1	0	0	0	0	455	592	
2	0	0	0	0	459	588	
3	0	0	0	0	463	588	
4	0	0	0	0	465	585	
5	0	0	0	0	468	584	
6	0	0	0	0	471	582	
7	0	0	0	0	473	582	
8	0	0	0	0	475	587	
9	0	0	0	0	481	596	
10	0	0	0	0	489	600	
11	0	0	0	0	495	598	
12	0	0	0	0	501	588	
13	0	0	0	0	504	572	
14	0	0	0	0	504	555	
15	0	0	0	0	499	542	
0	0	0	0	0	493	534	
1	0	0	0	0	486	527	
2	0	0	0	0	483	523	
3	0	0	0	0	479	519	
4	0	0	0	0	476	513	
5	0	0	0	0	474	508	
6	0	0	0	0	474	504	
7	0	0	0	0	476	502	
8	0	0	0	0	480	504	
9	0	0	0	0	484	508	
10	0	0	0	0	484	513	
11	0	0	0	0	485	519	
12	0	0	0	0	483	525	
13	0	0	0	0	483	530	
14	0	0	0	0	486	536	
15	0	0	0	0	493	540	
0	0	0	0	0	502	544	
1	0	0	0	0	511	544	
2	0	0	0	0	513	537	
3	0	0	0	0	511	531	
4	0	0	0	0	507	524	
5	0	0	0	0	498	517	
6	0	0	0	0	487	512	
7	0	0	0	0	479	509	
8	0	0	0	0	470	510	
9	0	0	0	0	463	516	
10	0	0	0	0	455	527	
11	0	0	0	0	454	540	
12	0	0	0	0	452	549	
13	0	0	0	0	450	553	
14	0	0	0	0	449	547	
15	0	0	0	0	452	540	
0	0	0	0	0	459	532	
1	0	0	0	0	464	522	
2	0	0	0	0	467	512	
3	0	0	0	0	470	504	
4	0	0	0	0	467	503	
5	0	0	0	0	464	504	
6	0	0	0	0	461	512	
7	0	0	0	0	457	519	
8	0	0	0	0	452	530	
9	0	0	0	0	452	543	
10	0	0	0	0	456	558	
11	0	0	0	0	459	572	
12	0	0	0	0	462	588	
13	0	0	0	0	459	594	
14	0	0	0	0	453	603	
15	0	0	0	0	449	605	
0	0	0	0	0	451	611	
1	0	0	0	0	454	613	
2	0	0	0	0	460	616	
3	0	0	0	0	471	613	
4	0	0	0	0	479	608	
5	0	0	0	0	487	591	
6	0	0	0	0	489	575	
7	0	0	0	0	486	558	
8	0	0	0	0	482	542	
9	0	0	0	0	479	531	
10	0	0	0	0	481	523	
11	0	0	0	0	483	515	
12	0	0	0	0	487	510	
13	0	0	0	0	488	508	
14	0	0	0	0	493	511	
15	0	0	0	0	496	516	
0	0	0	0	0	494	518	
1	0	0	0	0	489	521	
2	0	0	0	0	479	529	
3	0	0	0	0	467	539	
4	0	0	0	0	460	545	
5	0	0	0	0	455	550	
6	0	0	0	0	451	551	
7	0	0	0	0	451	551	
8	0	0	0	0	455	555	
9	0	0	0	0	462	556	
10	0	0	0	0	467	552	
11	0	0	0	0	470	547	
12	0	0	0	0	474	546	
13	0	0	0	0	479	551	
14	0	0	0	0	484	557	
15	0	0	0	0	487	563	
0	0	0	0	0	487	565	
1	0	0	0	0	488	567	
2	0	0	0	0	494	563	
3	0	0	0	0	496	556	
4	0	0	0	0	501	545	
5	0	0	0	0	509	534	
6	0	0	0	0	515	527	
7	0	0	0	0	521	522	
8	0	0	0	0	528	518	
9	0	0	0	0	535	512	
10	0	0	0	0	540	505	
11	0	0	0	0	544	500	
12	0	0	0	0	546	496	
13	0	0	0	0	548	494	
14	0	0	0	0	551	496	
15	0	0	0	0	557	495	
0	0	0	0	0	561	484	
1	0	0	0	0	562	466	
2	0	0	0	0	561	447	
3	0	0	0	0	561	430	
4	0	0	0	0	560	411	
5	0	0	0	0	562	392	
6	0	0	0	0	563	381	
7	0	0	0	0	564	373	
8	0	0	0	0	565	371	
9	0	0	0	0	565	368	
10	0	0	0	0	561	375	
11	0	0	0	0	559	380	
12	0	0	0	0	559	387	
13	0	0	0	0	557	393	
14	0	0	0	0	554	400	
15	0	0	0	0	550	404	
0	0	0	0	0	543	407	
1	0	0	0	0	536	408	
2	0	0	0	0	529	408	
3	0	0	0	0	527	414	
4	0	0	0	0	528	420	
5	0	0	0	0	526	428	
6	0	0	0	0	519	432	
7	0	0	0	0	510	437	
8	0	0	0	0	498	440	
9	0	0	0	0	488	442	
10	0	0	0	0	480	441	
11	0	0	0	0	474	436	
12	0	0	0	0	468	425	
13	0	0	0	0	463	415	
14	0	0	0	0	462	414	
15	0	0	0	0	461	415	
0	0	0	0	0	464	424	
1	0	0	0	0	468	438	
2	0	0	0	0	472	452	
3	0	0	0	0	474	466	
4	0	0	0	0	475	474	
5	0	0	0	0	474	480	
6	0	0	0	0	472	487	
7	0	0	0	0	470	500	
8	0	0	0	0	466	515	
9	0	0	0	0	464	537	
10	0	0	0	0	463	551	
11	0	0	0	0	468	568	
12	0	0	0	0	470	577	
13	0	0	0	0	467	580	
14	0	0	0	0	462	579	
15	0	0	0	0	454	573	
0	0	0	0	0	449	561	
1	0	0	0	0	448	543	
2	0	0	0	0	449	530	
3	0	0	0	0	446	517	
4	0	0	0	0	446	500	
5	0	0	0	0	448	486	
6	0	0	0	0	456	476	
7	0	0	0	0	468	474	
8	0	0	0	0	476	471	
9	0	0	0	0	483	468	
10	0	0	0	0	486	471	
11	0	0	0	0	489	473	
12	0	0	0	0	493	476	
13	0	0	0	0	494	476	
14	0	0	0	0	496	473	
15	0	0	0	0	496	473	
0	0	0	0	0	496	475	
1	0	0	0	0	496	478	
2	0	0	0	0	496	483	
3	0	0	0	0	493	486	
4	0	0	0	0	486	487	
5	0	0	0	0	474	487	
6	0	0	0	0	461	488	
7	0	0	0	0	449	489	
8	0	0	0	0	442	494	
9	0	0	0	0	440	500	
10	0	0	0	0	439	510	
11	0	0	0	0	438	519	
12	0	0	0	0	440	526	
13	0	0	0	0	440	529	
14	0	0	0	0	443	531	
15	0	0	0	0	448	533	
0	0	0	0	0	451	537	
1	0	0	0	0	455	537	
2	0	0	0	0	461	534	
3	0	0	0	0	466	527	
4	0	0	0	0	475	514	
5	0	0	0	0	484	494	
6	0	0	0	0	493	472	
7	0	0	0	0	496	452	
8	0	0	0	0	497	437	
9	0	0	0	0	505	428	
10	0	0	0	0	514	423	
11	0	0	0	0	526	423	
12	0	0	0	0	540	427	
13	0	0	0	0	552	428	
14	0	0	0	0	560	427	
15	0	0	0	0	565	417	
0	0	0	0	0	570	408	
1	0	0	0	0	572	396	
2	0	0	0	0	569	384	
3	0	0	0	0	563	374	
4	0	0	0	0	554	368	
5	0	0	0	0	551	360	
6	0	0	0	0	549	355	
7	0	0	0	0	545	348	
8	0	0	0	0	539	342	
9	0	0	0	0	529	338	
10	0	0	0	0	519	336	
11	0	0	0	0	512	337	
12	0	0	0	0	510	344	
13	0	0	0	0	510	350	
14	0	0	0	0	512	355	
15	0	0	0	0	517	355	
0	0	0	0	0	526	354	
1	0	0	0	0	534	345	
2	0	0	0	0	537	333	
3	0	0	0	0	536	321	
4	0	0	0	0	533	310	
5	0	0	0	0	527	304	
6	0	0	0	0	525	305	
7	0	0	0	0	525	312	
8	0	0	0	0	524	323	
9	0	0	0	0	529	333	
10	0	0	0	0	533	342	
11	0	0	0	0	537	354	
12	0	0	0	0	539	374	
13	0	0	0	0	536	398	
14	0	0	0	0	529	417	
15	0	0	0	0	520	427	
0	0	0	0	0	513	426	
1	0	0	0	0	508	420	
2	0	0	0	0	502	410	
3	0	0	0	0	495	401	
4	0	0	0	0	485	391	
5	0	0	0	0	476	389	
6	0	0	0	0	471	384	
7	0	0	0	0	467	384	
8	0	0	0	0	463	383	
9	0	0	0	0	466	382	
10	0	0	0	0	471	382	
11	0	0	0	0	476	386	
12	0	0	0	0	486	388	
13	0	0	0	0	491	389	
14	0	0	0	0	496	380	
15	0	0	0	0	503	371	
0	0	0	0	0	509	358	
1	0	0	0	0	512	353	
2	0	0	0	0	517	346	
3	0	0	0	0	520	351	
4	0	0	0	0	521	349	
5	0	0	0	0	523	357	
6	0	0	0	0	524	361	
7	0	0	0	0	525	369	
8	0	0	0	0	525	372	
9	0	0	0	0	531	384	
10	0	0	0	0	541	399	
11	0	0	0	0	551	418	
12	0	0	0	0	566	430	
13	0	0	0	0	575	433	
14	0	0	0	0	580	428	
15	0	0	0	0	583	419	
0	0	0	0	0	588	409	
1	0	0	0	0	592	401	
2	0	0	0	0	598	393	
3	0	0	0	0	604	386	
4	0	0	0	0	611	380	
5	0	0	0	0	616	377	
6	0	0	0	0	623	371	
7	0	0	0	0	632	369	
8	0	0	0	0	641	367	
9	0	0	0	0	647	366	
10	0	0	0	0	649	363	
11	0	0	0	0	649	366	
12	0	0	0	0	648	367	
13	0	0	0	0	644	373	
14	0	0	0	0	639	376	
15	0	0	0	0	632	372	
0	0	0	0	0	628	367	
1	0	0	0	0	625	359	
2	0	0	0	0	622	348	
3	0	0	0	0	617	344	
4	0	0	0	0	612	344	
5	0	0	0	0	606	345	
6	0	0	0	0	605	350	
7	0	0	0	0	606	354	
8	0	0	0	0	605	371	
9	0	0	0	0	603	384	
10	0	0	0	0	600	407	
11	0	0	0	0	594	425	
12	0	0	0	0	589	440	
13	0	0	0	0	581	448	
14	0	0	0	0	568	452	
15	0	0	0	0	556	451	
0	0	0	0	0	546	453	
1	0	0	0	0	537	460	
2	0	0	0	0	537	467	
3	0	0	0	0	543	478	
4	0	0	0	0	551	486	
5	0	0	0	0	556	494	
6	0	0	0	0	561	499	
7	0	0	0	0	566	499	
8	0	0	0	0	564	492	
9	0	0	0	0	563	480	
10	0	0	0	0	559	467	
11	0	0	0	0	551	451	
12	0	0	0	0	543	430	
13	0	0	0	0	537	412	
14	0	0	0	0	531	393	
15	0	0	0	0	523	381	
0	0	0	0	0	515	365	
1	0	0	0	0	513	350	
2	0	0	0	0	517	339	
3	0	0	0	0	527	338	
4	0	0	0	0	539	339	
5	0	0	0	0	546	346	
6	0	0	0	0	549	352	
7	0	0	0	0	551	357	
8	0	0	0	0	553	362	
9	0	0	0	0	556	374	
10	0	0	0	0	553	381	
11	0	0	0	0	547	388	
12	0	0	0	0	545	394	
13	0	0	0	0	541	391	
14	0	0	0	0	541	388	
15	0	0	0	0	538	380	
0	0	0	0	0	535	370	
1	0	0	0	0	532	361	
2	0	0	0	0	536	354	
3	0	0	0	0	542	350	
4	0	0	0	0	551	342	
5	0	0	0	0	556	336	
6	0	0	0	0	558	322	
7	0	0	0	0	555	311	
8	0	0	0	0	547	299	
9	0	0	0	0	537	296	
10	0	0	0	0	536	295	
11	0	0	0	0	544	295	
12	0	0	0	0	558	307	
13	0	0	0	0	570	313	
14	0	0	0	0	582	323	
15	0	0	0	0	591	328	
0	0	0	0	0	606	329	
1	0	0	0	0	621	328	
2	0	0	0	0	633	320	
3	0	0	0	0	641	322	
4	0	0	0	0	645	309	
5	0	0	0	0	643	308	
6	0	0	0	0	636	300	
7	0	0	0	0	627	300	
8	0	0	0	0	619	298	
9	0	0	0	0	609	299	
10	0	0	0	0	601	297	
11	0	0	0	0	594	293	
12	0	0	0	0	588	291	
13	0	0	0	0	580	292	
14	0	0	0	0	571	299	
15	0	0	0	0	561	301	
0	0	0	0	0	551	318	
1	0	0	0	0	544	332	
2	0	0	0	0	544	347	
3	0	0	0	0	547	355	
4	0	0	0	0	556	361	
5	0	0	0	0	562	364	
6	0	0	0	0	571	366	
7	0	0	0	0	579	374	
8	0	0	0	0	587	377	
9	0	0	0	0	596	385	
10	0	0	0	0	598	391	
11	0	0	0	0	596	398	
12	0	0	0	0	591	403	
13	0	0	0	0	590	408	
14	0	0	0	0	586	417	
15	0	0	0	0	585	422	
0	0	0	0	0	587	428	
1	0	0	0	0	591	432	
2	0	0	0	0	595	433	
3	0	0	0	0	596	427	
4	0	0	0	0	598	420	
5	0	0	0	0	596	411	
6	0	0	0	0	592	395	
7	0	0	0	0	585	383	
8	0	0	0	0	575	370	
9	0	0	0	0	564	360	
10	0	0	0	0	553	350	
11	0	0	0	0	537	343	
12	0	0	0	0	523	336	
13	0	0	0	0	512	333	
14	0	0	0	0	512	333	
15	0	0	0	0	519	339	
0	0	0	0	0	528	354	
1	0	0	0	0	538	365	
2	0	0	0	0	551	373	
3	0	0	0	0	561	385	
4	0	0	0	0	573	396	
5	0	0	0	0	579	401	
6	0	0	0	0	581	407	
7	0	0	0	0	580	416	
8	0	0	0	0	580	428	
9	0	0	0	0	580	450	
10	0	0	0	0	579	475	
11	0	0	0	0	579	493	
12	0	0	0	0	576	506	
13	0	0	0	0	573	511	
14	0	0	0	0	571	516	
15	0	0	0	0	571	512	
0	0	0	0	0	573	509	
1	0	0	0	0	572	501	
2	0	0	0	0	573	485	
3	0	0	0	0	572	465	
4	0	0	0	0	569	455	
5	0	0	0	0	565	445	
6	0	0	0	0	567	440	
7	0	0	0	0	568	430	
8	0	0	0	0	562	423	
9	0	0	0	0	558	410	
10	0	0	0	0	555	404	
11	0	0	0	0	557	394	
12	0	0	0	0	566	393	
13	0	0	0	0	579	396	
14	0	0	0	0	592	411	
15	0	0	0	0	603	422	
0	0	0	0	0	613	440	
1	0	0	0	0	620	459	
2	0	0	0	0	626	473	
3	0	0	0	0	625	485	
4	0	0	0	0	623	487	
5	0	0	0	0	620	486	
6	0	0	0	0	617	487	
7	0	0	0	0	612	487	
8	0	0	0	0	600	486	
9	0	0	0	0	588	485	
10	0	0	0	0	580	489	
11	0	0	0	0	577	495	
12	0	0	0	0	576	503	
13	0	0	0	0	574	505	
14	0	0	0	0	572	506	
15	0	0	0	0	574	508	
0	0	0	0	0	574	508	
1	0	0	0	0	572	502	
2	0	0	0	0	571	495	
3	0	0	0	0	568	487	
4	0	0	0	0	563	479	
5	0	0	0	0	563	472	
6	0	0	0	0	563	467	
7	0	0	0	0	565	462	
8	0	0	0	0	566	460	
9	0	0	0	0	564	460	
10	0	0	0	0	564	459	
11	0	0	0	0	570	455	
12	0	0	0	0	574	453	
13	0	0	0	0	575	454	
14	0	0	0	0	575	460	
15	0	0	0	0	575	469	
0	0	0	0	0	582	482	
1	0	0	0	0	587	492	
2	0	0	0	0	592	500	
3	0	0	0	0	601	508	
4	0	0	0	0	612	520	
5	0	0	0	0	627	535	
6	0	0	0	0	641	541	
7	0	0	0	0	653	539	
8	0	0	0	0	657	532	
9	0	0	0	0	657	525	
10	0	0	0	0	651	518	
11	0	0	0	0	638	508	
12	0	0	0	0	620	495	
13	0	0	0	0	599	481	
14	0	0	0	0	578	465	
15	0	0	0	0	561	451	
0	0	0	0	0	548	436	
1	0	0	0	0	537	424	
2	0	0	0	0	534	411	
3	0	0	0	0	531	408	
4	0	0	0	0	527	406	
5	0	0	0	0	524	409	
6	0	0	0	0	523	416	
7	0	0	0	0	523	429	
8	0	0	0	0	527	433	
9	0	0	0	0	531	443	
10	0	0	0	0	539	450	
11	0	0	0	0	545	457	
12	0	0	0	0	548	460	
13	0	0	0	0	545	464	
14	0	0	0	0	544	468	
15	0	0	0	0	543	472	
0	0	0	0	0	542	473	
1	0	0	0	0	539	475	
2	0	0	0	0	538	475	
3	0	0	0	0	539	471	
4	0	0	0	0	542	463	
5	0	0	0	0	545	459	
6	0	0	0	0	546	463	
7	0	0	0	0	546	477	
8	0	0	0	0	547	497	
9	0	0	0	0	549	521	
10	0	0	0	0	548	541	
11	0	0	0	0	551	555	
12	0	0	0	0	555	563	
13	0	0	0	0	558	570	
14	0	0	0	0	563	573	
15	0	0	0	0	564	564	
0	0	0	0	0	563	553	
1	0	0	0	0	561	536	
2	0	0	0	0	555	511	
3	0	0	0	0	547	484	
4	0	0	0	0	540	460	
5	0	0	0	0	531	442	
6	0	0	0	0	525	433	
7	0	0	0	0	526	435	
8	0	0	0	0	529	443	
9	0	0	0	0	531	453	
10	0	0	0	0	532	467	
11	0	0	0	0	530	478	
12	0	0	0	0	531	489	
13	0	0	0	0	533	504	
14	0	0	0	0	536	515	
15	0	0	0	0	540	528	
0	0	0	0	0	542	544	
1	0	0	0	0	540	556	
2	0	0	0	0	543	564	
3	0	0	0	0	543	564	
4	0	0	0	0	546	558	
5	0	0	0	0	551	547	
6	0	0	0	0	561	540	
7	0	0	0	0	567	533	
8	0	0	0	0	568	526	
9	0	0	0	0	571	524	
10	0	0	0	0	575	523	
11	0	0	0	0	579	524	
12	0	0	0	0	583	523	
13	0	0	0	0	586	523	
14	0	0	0	0	586	520	
15	0	0	0	0	588	519	
0	0	0	0	0	586	526	
1	0	0	0	0	584	536	
2	0	0	0	0	581	549	
3	0	0	0	0	577	557	
4	0	0	0	0	571	563	
5	0	0	0	0	564	569	
6	0	0	0	0	556	575	
7	0	0	0	0	546	579	
8	0	0	0	0	535	581	
9	0	0	0	0	526	579	
10	0	0	0	0	519	577	
11	0	0	0	0	515	571	
12	0	0	0	0	515	568	
13	0	0	0	0	511	567	
14	0	0	0	0	507	563	
15	0	0	0	0	502	554	
0	0	0	0	0	494	536	
1	0	0	0	0	487	515	
2	0	0	0	0	490	502	
3	0	0	0	0	500	497	
4	0	0	0	0	511	499	
5	0	0	0	0	523	510	
6	0	0	0	0	527	516	
7	0	0	0	0	524	518	
8	0	0	0	0	515	520	
9	0	0	0	0	504	523	
10	0	0	0	0	492	525	
11	0	0	0	0	486	523	
12	0	0	0	0	482	519	
13	0	0	0	0	476	510	
14	0	0	0	0	470	504	
15	0	0	0	0	461	497	
0	0	0	0	0	454	487	
1	0	0	0	0	449	478	
2	0	0	0	0	444	470	
3	0	0	0	0	441	466	
4	0	0	0	0	438	464	
5	0	0	0	0	440	463	
6	0	0	0	0	447	468	
7	0	0	0	0	457	480	
8	0	0	0	0	465	494	
9	0	0	0	0	466	507	
10	0	0	0	0	463	522	
11	0	0	0	0	464	536	
12	0	0	0	0	473	545	
13	0	0	0	0	486	545	
14	0	0	0	0	499	534	
15	0	0	0	0	515	515	
0	0	0	0	0	531	494	
1	0	0	0	0	543	470	
2	0	0	0	0	558	450	
3	0	0	0	0	568	434	
4	0	0	0	0	572	420	
5	0	0	0	0	571	407	
6	0	0	0	0	564	392	
7	0	0	0	0	552	383	
8	0	0	0	0	540	380	
9	0	0	0	0	533	382	
10	0	0	0	0	526	390	
11	0	0	0	0	523	402	
12	0	0	0	0	522	414	
13	0	0	0	0	519	426	
14	0	0	0	0	517	435	
15	0	0	0	0	520	446	
0	0	0	0	0	520	456	
1	0	0	0	0	521	463	
2	0	0	0	0	523	471	
3	0	0	0	0	528	480	
4	0	0	0	0	539	490	
5	0	0	0	0	549	496	
6	0	0	0	0	561	502	
7	0	0	0	0	572	507	
8	0	0	0	0	583	513	
9	0	0	0	0	595	520	
10	0	0	0	0	601	520	
11	0	0	0	0	605	517	
12	0	0	0	0	604	505	
13	0	0	0	0	600	488	
14	0	0	0	0	594	472	
15	0	0	0	0	588	464	
0	0	0	0	0	583	457	
1	0	0	0	0	578	460	
2	0	0	0	0	568	462	
3	0	0	0	0	559	473	
4	0	0	0	0	551	479	
5	0	0	0	0	548	486	
6	0	0	0	0	546	491	
7	0	0	0	0	542	496	
8	0	0	0	0	537	500	
9	0	0	0	0	531	502	
10	0	0	0	0	524	499	
11	0	0	0	0	515	495	
12	0	0	0	0	510	492	
13	0	0	0	0	508	492	
14	0	0	0	0	512	496	
15	0	0	0	0	524	500	
0	0	0	0	0	544	508	
1	0	0	0	0	570	517	
2	0	0	0	0	594	528	
3	0	0	0	0	612	543	
4	0	0	0	0	620	562	
5	0	0	0	0	622	579	
6	0	0	0	0	615	588	
7	0	0	0	0	600	592	
8	0	0	0	0	586	589	
9	0	0	0	0	571	581	
10	0	0	0	0	552	573	
11	0	0	0	0	536	563	
12	0	0	0	0	519	551	
13	0	0	0	0	509	534	
14	0	0	0	0	504	517	
15	0	0	0	0	501	504	
0	0	0	0	0	501	496	
1	0	0	0	0	504	492	
2	0	0	0	0	513	496	
3	0	0	0	0	523	504	
4	0	0	0	0	532	514	
5	0	0	0	0	540	524	
6	0	0	0	0	549	532	
7	0	0	0	0	556	545	
8	0	0	0	0	560	559	
9	0	0	0	0	565	574	
10	0	0	0	0	571	590	
11	0	0	0	0	577	604	
12	0	0	0	0	587	612	
13	0	0	0	0	591	607	
14	0	0	0	0	589	592	
15	0	0	0	0	583	569	
0	0	0	0	0	573	552	
1	0	0	0	0	561	539	
2	0	0	0	0	546	526	
3	0	0	0	0	531	518	
4	0	0	0	0	519	509	
5	0	0	0	0	509	499	
6	0	0	0	0	504	490	
7	0	0	0	0	499	486	
8	0	0	0	0	493	481	
9	0	0	0	0	489	472	
10	0	0	0	0	482	463	
11	0	0	0	0	479	452	
12	0	0	0	0	478	438	
13	0	0	0	0	478	423	
14	0	0	0	0	476	412	
15	0	0	0	0	479	403	
0	0	0	0	0	484	400	
1	0	0	0	0	490	400	
2	0	0	0	0	496	406	
3	0	0	0	0	501	416	
4	0	0	0	0	509	434	
5	0	0	0	0	521	452	
6	0	0	0	0	532	469	
7	0	0	0	0	544	483	
8	0	0	0	0	558	499	
9	0	0	0	0	571	513	
10	0	0	0	0	578	533	
11	0	0	0	0	580	551	
12	0	0	0	0	582	569	
13	0	0	0	0	579	580	
14	0	0	0	0	576	579	
15	0	0	0	0	570	571	
0	0	0	0	0	563	558	
1	0	0	0	0	555	543	
2	0	0	0	0	543	528	
3	0	0	0	0	527	511	
4	0	0	0	0	512	498	
5	0	0	0	0	501	491	
6	0	0	0	0	493	487	
7	0	0	0	0	488	491	
8	0	0	0	0	484	499	
9	0	0	0	0	480	508	
10	0	0	0	0	478	515	
11	0	0	0	0	475	525	
12	0	0	0	0	478	534	
13	0	0	0	0	479	542	
14	0	0	0	0	478	545	
15	0	0	0	0	478	548	
0	0	0	0	0	480	548	
1	0	0	0	0	484	547	
2	0	0	0	0	492	548	
3	0	0	0	0	503	545	
4	0	0	0	0	511	547	
5	0	0	0	0	516	546	
6	0	0	0	0	519	544	
7	0	0	0	0	520	542	
8	0	0	0	0	515	543	
9	0	0	0	0	505	544	
10	0	0	0	0	497	543	
11	0	0	0	0	492	543	
12	0	0	0	0	485	542	
13	0	0	0	0	481	546	
14	0	0	0	0	477	553	
15	0	0	0	0	475	556	
0	0	0	0	0	478	548	
1	0	0	0	0	478	531	
2	0	0	0	0	473	511	
3	0	0	0	0	471	493	
4	0	0	0	0	471	481	
5	0	0	0	0	468	475	
6	0	0	0	0	466	467	
7	0	0	0	0	465	468	
8	0	0	0	0	461	474	
9	0	0	0	0	456	481	
10	0	0	0	0	454	486	
11	0	0	0	0	457	492	
12	0	0	0	0	468	505	
13	0	0	0	0	485	523	
14	0	0	0	0	503	537	
15	0	0	0	0	517	548	
0	0	0	0	0	529	554	
1	0	0	0	0	539	556	
2	0	0	0	0	537	559	
3	0	0	0	0	527	564	
4	0	0	0	0	515	569	
5	0	0	0	0	504	577	
6	0	0	0	0	496	588	
7	0	0	0	0	487	596	
8	0	0	0	0	476	595	
9	0	0	0	0	470	586	
10	0	0	0	0	469	581	
11	0	0	0	0	470	576	
12	0	0	0	0	470	578	
13	0	0	0	0	471	574	
14	0	0	0	0	477	569	
15	0	0	0	0	478	568	
0	0	0	0	0	478	574	
1	0	0	0	0	475	584	
2	0	0	0	0	467	597	
3	0	0	0	0	460	610	
4	0	0	0	0	460	621	
5	0	0	0	0	465	624	
6	0	0	0	0	480	617	
7	0	0	0	0	504	602	
8	0	0	0	0	526	587	
9	0	0	0	0	545	568	
10	0	0	0	0	561	551	
11	0	0	0	0	572	534	
12	0	0	0	0	579	516	
13	0	0	0	0	581	499	
14	0	0	0	0	579	488	
15	0	0	0	0	570	478	
0	0	0	0	0	551	475	
1	0	0	0	0	529	474	
2	0	0	0	0	508	475	
3	0	0	0	0	494	478	
4	0	0	0	0	484	484	
5	0	0	0	0	476	495	
6	0	0	0	0	471	508	
7	0	0	0	0	472	518	
8	0	0	0	0	478	524	
9	0	0	0	0	487	524	
10	0	0	0	0	496	519	
11	0	0	0	0	497	508	
12	0	0	0	0	497	496	
13	0	0	0	0	494	492	
14	0	0	0	0	491	494	
15	0	0	0	0	488	503	
0	0	0	0	0	489	515	
1	0	0	0	0	491	531	
2	0	0	0	0	495	553	
3	0	0	0	0	498	567	
4	0	0	0	0	503	579	
5	0	0	0	0	508	588	
6	0	0	0	0	516	592	
7	0	0	0	0	525	595	
8	0	0	0	0	528	598	
9	0	0	0	0	529	600	
10	0	0	0	0	527	599	
11	0	0	0	0	525	595	
12	0	0	0	0	524	587	
13	0	0	0	0	522	577	
14	0	0	0	0	521	569	
15	0	0	0	0	519	563	
0	0	0	0	0	514	555	
1	0	0	0	0	508	551	
2	0	0	0	0	500	549	
3	0	0	0	0	490	552	
4	0	0	0	0	480	556	
5	0	0	0	0	470	555	
6	0	0	0	0	466	555	
7	0	0	0	0	467	555	
8	0	0	0	0	466	558	
9	0	0	0	0	469	563	
10	0	0	0	0	473	569	
11	0	0	0	0	477	578	
12	0	0	0	0	481	584	
13	0	0	0	0	486	587	
14	0	0	0	0	486	584	
15	0	0	0	0	486	582	
0	0	0	0	0	490	582	
1	0	0	0	0	496	583	
2	0	0	0	0	498	582	
3	0	0	0	0	498	576	
4	0	0	0	0	495	572	
5	0	0	0	0	490	572	
6	0	0	0	0	485	573	
7	0	0	0	0	481	569	
8	0	0	0	0	475	559	
9	0	0	0	0	468	543	
10	0	0	0	0	463	529	
11	0	0	0	0	457	516	
12	0	0	0	0	450	504	
13	0	0	0	0	448	496	
14	0	0	0	0	447	492	
15	0	0	0	0	446	491	
0	0	0	0	0	447	491	
1	0	0	0	0	450	497	
2	0	0	0	0	452	504	
3	0	0	0	0	451	512	
4	0	0	0	0	448	519	
5	0	0	0	0	444	522	
6	0	0	0	0	440	515	
7	0	0	0	0	437	505	
8	0	0	0	0	437	496	
9	0	0	0	0	443	492	
10	0	0	0	0	452	490	
11	0	0	0	0	462	497	
12	0	0	0	0	470	506	
13	0	0	0	0	472	520	
14	0	0	0	0	476	540	
15	0	0	0	0	484	558	
0	0	0	0	0	494	575	
1	0	0	0	0	503	588	
2	0	0	0	0	510	600	
3	0	0	0	0	515	608	
4	0	0	0	0	518	608	
5	0	0	0	0	516	595	
6	0	0	0	0	512	577	
7	0	0	0	0	507	561	
8	0	0	0	0	498	550	
9	0	0	0	0	492	540	
10	0	0	0	0	487	532	
11	0	0	0	0	485	534	
12	0	0	0	0	488	534	
13	0	0	0	0	487	536	
14	0	0	0	0	486	534	
15	0	0	0	0	486	528	
0	0	0	0	0	489	524	
1	0	0	0	0	498	523	
2	0	0	0	0	509	519	
3	0	0	0	0	521	518	
4	0	0	0	0	532	521	
5	0	0	0	0	540	527	
6	0	0	0	0	539	537	
7	0	0	0	0	537	547	
8	0	0	0	0	535	554	
9	0	0	0	0	529	556	
10	0	0	0	0	521	547	
11	0	0	0	0	516	537	
12	0	0	0	0	515	529	
13	0	0	0	0	515	519	
14	0	0	0	0	515	505	
15	0	0	0	0	523	495	
0	0	0	0	0	529	487	
1	0	0	0	0	535	482	
2	0	0	0	0	539	477	
3	0	0	0	0	543	477	
4	0	0	0	0	545	484	
5	0	0	0	0	544	495	
6	0	0	0	0	543	510	
7	0	0	0	0	543	521	
8	0	0	0	0	540	530	
9	0	0	0	0	535	532	
10	0	0	0	0	528	532	
11	0	0	0	0	517	529	
12	0	0	0	0	505	527	
13	0	0	0	0	493	526	
14	0	0	0	0	484	527	
15	0	0	0	0	480	531	
0	0	0	0	0	477	538	
1	0	0	0	0	473	547	
2	0	0	0	0	471	560	
3	0	0	0	0	472	569	
4	0	0	0	0	471	576	
5	0	0	0	0	468	582	
6	0	0	0	0	468	590	
7	0	0	0	0	474	599	
8	0	0	0	0	481	603	
9	0	0	0	0	493	608	
10	0	0	0	0	506	602	
11	0	0	0	0	517	593	
12	0	0	0	0	522	584	
13	0	0	0	0	524	575	
14	0	0	0	0	520	567	
15	0	0	0	0	513	556	
0	0	0	0	0	508	537	
1	0	0	0	0	504	519	
2	0	0	0	0	499	506	
3	0	0	0	0	496	502	
4	0	0	0	0	494	515	
5	0	0	0	0	487	536	
6	0	0	0	0	479	555	
7	0	0	0	0	472	566	
8	0	0	0	0	462	567	
9	0	0	0	0	458	562	
10	0	0	0	0	458	553	
11	0	0	0	0	460	547	
12	0	0	0	0	462	542	
13	0	0	0	0	463	536	
14	0	0	0	0	469	527	
15	0	0	0	0	475	519	
0	0	0	0	0	479	511	
1	0	0	0	0	478	509	
2	0	0	0	0	477	514	
3	0	0	0	0	476	524	
4	0	0	0	0	477	531	
5	0	0	0	0	475	535	
6	0	0	0	0	474	537	
7	0	0	0	0	468	534	
8	0	0	0	0	461	526	
9	0	0	0	0	449	518	
10	0	0	0	0	440	511	
11	0	0	0	0	434	502	
12	0	0	0	0	434	487	
13	0	0	0	0	438	477	
14	0	0	0	0	444	469	
15	0	0	0	0	448	467	
0	0	0	0	0	450	474	
1	0	0	0	0	450	487	
2	0	0	0	0	451	508	
3	0	0	0	0	458	526	
4	0	0	0	0	467	536	
5	0	0	0	0	475	543	
6	0	0	0	0	482	546	
7	0	0	0	0	490	547	
8	0	0	0	0	494	544	
9	0	0	0	0	499	541	
10	0	0	0	0	497	537	
11	0	0	0	0	489	533	
12	0	0	0	0	478	530	
13	0	0	0	0	460	529	
14	0	0	0	0	443	527	
15	0	0	0	0	429	518	
0	0	0	0	0	424	507	
1	0	0	0	0	427	495	
2	0	0	0	0	436	486	
3	0	0	0	0	450	479	
4	0	0	0	0	467	475	
5	0	0	0	0	481	473	
6	0	0	0	0	487	474	
7	0	0	0	0	491	479	
8	0	0	0	0	497	483	
9	0	0	0	0	502	482	
10	0	0	0	0	505	479	
11	0	0	0	0	511	478	
12	0	0	0	0	515	477	
13	0	0	0	0	521	476	
14	0	0	0	0	527	473	
15	0	0	0	0	530	474	
0	0	0	0	0	528	475	
1	0	0	0	0	522	474	
2	0	0	0	0	518	471	
3	0	0	0	0	512	471	
4	0	0	0	0	510	474	
5	0	0	0	0	507	473	
6	0	0	0	0	504	475	
7	0	0	0	0	504	478	
8	0	0	0	0	510	482	
9	0	0	0	0	515	485	
10	0	0	0	0	519	487	
11	0	0	0	0	520	487	
12	0	0	0	0	521	491	
13	0	0	0	0	520	497	
14	0	0	0	0	519	506	
15	0	0	0	0	518	512	
0	0	0	0	0	515	516	
1	0	0	0	0	514	521	
2	0	0	0	0	515	526	
3	0	0	0	0	516	532	
4	0	0	0	0	514	539	
5	0	0	0	0	510	545	
6	0	0	0	0	508	551	
7	0	0	0	0	510	558	
8	0	0	0	0	508	564	
9	0	0	0	0	507	569	
10	0	0	0	0	503	572	
11	0	0	0	0	500	571	
12	0	0	0	0	499	569	
13	0	0	0	0	498	568	
14	0	0	0	0	499	567	
15	0	0	0	0	499	566	
0	0	0	0	0	503	558	
1	0	0	0	0	506	543	
2	0	0	0	0	507	526	
3	0	0	0	0	515	510	
4	0	0	0	0	524	489	
5	0	0	0	0	530	467	
6	0	0	0	0	535	455	
7	0	0	0	0	540	445	
8	0	0	0	0	543	448	
9	0	0	0	0	550	454	
10	0	0	0	0	558	467	
11	0	0	0	0	561	486	
12	0	0	0	0	561	501	
13	0	0	0	0	559	516	
14	0	0	0	0	555	521	
15	0	0	0	0	552	524	
0	0	0	0	0	548	520	
1	0	0	0	0	542	520	
2	0	0	0	0	535	523	
3	0	0	0	0	524	527	
4	0	0	0	0	511	537	
5	0	0	0	0	497	554	
6	0	0	0	0	485	575	
7	0	0	0	0	476	590	
8	0	0	0	0	467	595	
9	0	0	0	0	462	591	
10	0	0	0	0	460	580	
11	0	0	0	0	459	566	
12	0	0	0	0	462	550	
13	0	0	0	0	461	527	
14	0	0	0	0	459	507	
15	0	0	0	0	457	490	
0	0	0	0	0	456	478	
1	0	0	0	0	456	471	
2	0	0	0	0	464	465	
3	0	0	0	0	477	464	
4	0	0	0	0	490	466	
5	0	0	0	0	500	471	
6	0	0	0	0	507	476	
7	0	0	0	0	512	484	
8	0	0	0	0	519	496	
9	0	0	0	0	524	504	
10	0	0	0	0	524	510	
11	0	0	0	0	524	516	
12	0	0	0	0	519	518	
13	0	0	0	0	515	511	
14	0	0	0	0	512	502	
15	0	0	0	0	513	491	
0	0	0	0	0	519	481	
1	0	0	0	0	523	478	
2	0	0	0	0	529	479	
3	0	0	0	0	533	483	
4	0	0	0	0	533	491	
5	0	0	0	0	535	500	
6	0	0	0	0	536	510	
7	0	0	0	0	534	515	
8	0	0	0	0	529	516	
9	0	0	0	0	524	519	
10	0	0	0	0	517	522	
11	0	0	0	0	511	527	
12	0	0	0	0	503	535	
13	0	0	0	0	493	543	
14	0	0	0	0	480	547	
15	0	0	0	0	467	547	
0	0	0	0	0	455	540	
1	0	0	0	0	448	533	
2	0	0	0	0	441	527	
3	0	0	0	0	444	529	
4	0	0	0	0	455	535	
5	0	0	0	0	469	551	
6	0	0	0	0	483	575	
7	0	0	0	0	497	598	
8	0	0	0	0	510	614	
9	0	0	0	0	519	626	
10	0	0	0	0	524	632	
11	0	0	0	0	524	636	
12	0	0	0	0	522	631	
13	0	0	0	0	519	616	
14	0	0	0	0	517	592	
15	0	0	0	0	512	564	
0	0	0	0	0	509	534	
1	0	0	0	0	502	509	
2	0	0	0	0	494	491	
3	0	0	0	0	487	477	
4	0	0	0	0	484	468	
5	0	0	0	0	485	463	
6	0	0	0	0	489	461	
7	0	0	0	0	497	462	
8	0	0	0	0	506	467	
9	0	0	0	0	515	474	
10	0	0	0	0	521	480	
11	0	0	0	0	529	487	
12	0	0	0	0	537	490	
13	0	0	0	0	539	491	
14	0	0	0	0	539	492	
15	0	0	0	0	534	486	
0	0	0	0	0	526	479	
1	0	0	0	0	518	474	
2	0	0	0	0	514	480	
3	0	0	0	0	513	491	
4	0	0	0	0	513	497	
5	0	0	0	0	514	503	
6	0	0	0	0	517	507	
7	0	0	0	0	519	510	
8	0	0	0	0	520	512	
9	0	0	0	0	519	517	
10	0	0	0	0	519	520	
11	0	0	0	0	519	523	
12	0	0	0	0	526	523	
13	0	0	0	0	530	519	
14	0	0	0	0	535	517	
15	0	0	0	0	533	519	
0	0	0	0	0	528	520	
1	0	0	0	0	521	519	
2	0	0	0	0	509	516	
3	0	0	0	0	494	507	
4	0	0	0	0	484	499	
5	0	0	0	0	486	494	
6	0	0	0	0	494	491	
7	0	0	0	0	504	488	
8	0	0	0	0	516	489	
9	0	0	0	0	527	493	
10	0	0	0	0	536	499	
11	0	0	0	0	545	507	
12	0	0	0	0	553	512	
13	0	0	0	0	560	514	
14	0	0	0	0	563	511	
15	0	0	0	0	562	508	
0	0	0	0	0	561	502	
1	0	0	0	0	554	495	
2	0	0	0	0	543	491	
3	0	0	0	0	531	485	
4	0	0	0	0	521	482	
5	0	0	0	0	510	480	
6	0	0	0	0	503	480	
7	0	0	0	0	502	477	
8	0	0	0	0	507	477	
9	0	0	0	0	513	479	
10	0	0	0	0	516	483	
11	0	0	0	0	519	487	
12	0	0	0	0	526	491	
13	0	0	0	0	531	497	
14	0	0	0	0	534	508	
15	0	0	0	0	531	525	
0	0	0	0	0	524	542	
1	0	0	0	0	515	548	
2	0	0	0	0	505	548	
3	0	0	0	0	499	545	
4	0	0	0	0	493	543	
5	0	0	0	0	489	545	
6	0	0	0	0	488	550	
7	0	0	0	0	489	550	
8	0	0	0	0	493	550	
9	0	0	0	0	496	553	
10	0	0	0	0	499	556	
11	0	0	0	0	505	557	
12	0	0	0	0	514	561	
13	0	0	0	0	524	567	
14	0	0	0	0	531	567	
15	0	0	0	0	539	568	
0	0	0	0	0	544	573	
1	0	0	0	0	547	579	
2	0	0	0	0	549	583	
3	0	0	0	0	547	586	
4	0	0	0	0	545	585	
5	0	0	0	0	544	578	
6	0	0	0	0	543	564	
7	0	0	0	0	538	544	
8	0	0	0	0	534	525	
9	0	0	0	0	531	503	
10	0	0	0	0	526	487	
11	0	0	0	0	520	476	
12	0	0	0	0	512	468	
13	0	0	0	0	504	464	
14	0	0	0	0	498	468	
15	0	0	0	0	491	475	
0	0	0	0	0	482	483	
1	0	0	0	0	480	489	
2	0	0	0	0	481	492	
3	0	0	0	0	487	495	
4	0	0	0	0	494	498	
5	0	0	0	0	504	503	
6	0	0	0	0	518	508	
7	0	0	0	0	523	508	
8	0	0	0	0	524	509	
9	0	0	0	0	524	513	
10	0	0	0	0	520	520	
11	0	0	0	0	516	529	
12	0	0	0	0	512	540	
13	0	0	0	0	503	546	
14	0	0	0	0	494	550	
15	0	0	0	0	487	544	
0	0	0	0	0	481	533	
1	0	0	0	0	478	518	
2	0	0	0	0	472	496	
3	0	0	0	0	465	473	
4	0	0	0	0	464	453	
5	0	0	0	0	463	440	
6	0	0	0	0	463	436	
7	0	0	0	0	465	440	
8	0	0	0	0	464	446	
9	0	0	0	0	467	451	
10	0	0	0	0	471	455	
11	0	0	0	0	472	465	
12	0	0	0	0	475	472	
13	0	0	0	0	479	484	
14	0	0	0	0	483	496	
15	0	0	0	0	486	506	
0	0	0	0	0	487	519	
1	0	0	0	0	491	535	
2	0	0	0	0	492	549	
3	0	0	0	0	492	563	
4	0	0	0	0	494	572	
5	0	0	0	0	493	579	
6	0	0	0	0	493	577	
7	0	0	0	0	495	568	
8	0	0	0	0	496	550	
9	0	0	0	0	500	531	
10	0	0	0	0	506	512	
11	0	0	0	0	512	499	
12	0	0	0	0	523	486	
13	0	0	0	0	529	478	
14	0	0	0	0	531	473	
15	0	0	0	0	535	469	
0	0	0	0	0	537	471	
1	0	0	0	0	536	472	
2	0	0	0	0	529	475	
3	0	0	0	0	519	478	
4	0	0	0	0	507	480	
5	0	0	0	0	496	484	
6	0	0	0	0	482	487	
7	0	0	0	0	473	486	
8	0	0	0	0	465	487	
9	0	0	0	0	457	489	
10	0	0	0	0	450	491	
11	0	0	0	0	449	493	
12	0	0	0	0	455	494	
13	0	0	0	0	464	499	
14	0	0	0	0	476	509	
15	0	0	0	0	487	525	
0	0	0	0	0	497	543	
1	0	0	0	0	505	554	
2	0	0	0	0	511	561	
3	0	0	0	0	513	565	
4	0	0	0	0	513	560	
5	0	0	0	0	510	552	
6	0	0	0	0	507	540	
7	0	0	0	0	500	524	
8	0	0	0	0	499	500	
9	0	0	0	0	504	471	
10	0	0	0	0	509	443	
11	0	0	0	0	510	422	
12	0	0	0	0	511	401	
13	0	0	0	0	515	391	
14	0	0	0	0	519	390	
15	0	0	0	0	521	397	
0	0	0	0	0	519	404	
1	0	0	0	0	513	408	
2	0	0	0	0	509	411	
3	0	0	0	0	510	408	
4	0	0	0	0	509	406	
5	0	0	0	0	509	406	
6	0	0	0	0	510	412	
7	0	0	0	0	509	417	
8	0	0	0	0	506	426	
9	0	0	0	0	505	430	
10	0	0	0	0	505	437	
11	0	0	0	0	507	444	
12	0	0	0	0	510	455	
13	0	0	0	0	515	468	
14	0	0	0	0	515	482	
15	0	0	0	0	511	495	
0	0	0	0	0	508	509	
1	0	0	0	0	505	527	
2	0	0	0	0	498	540	
3	0	0	0	0	491	547	
4	0	0	0	0	483	550	
5	0	0	0	0	480	548	
6	0	0	0	0	483	545	
7	0	0	0	0	489	547	
8	0	0	0	0	496	550	
9	0	0	0	0	501	550	
10	0	0	0	0	508	551	
11	0	0	0	0	515	551	
12	0	0	0	0	519	551	
13	0	0	0	0	517	550	
14	0	0	0	0	516	555	
15	0	0	0	0	513	560	
0	0	0	0	0	507	566	
1	0	0	0	0	503	568	
2	0	0	0	0	497	566	
3	0	0	0	0	491	564	
4	0	0	0	0	490	560	
5	0	0	0	0	488	553	
6	0	0	0	0	488	541	
7	0	0	0	0	489	528	
8	0	0	0	0	494	518	
9	0	0	0	0	504	513	
10	0	0	0	0	516	512	
11	0	0	0	0	525	515	
12	0	0	0	0	531	523	
13	0	0	0	0	536	535	
14	0	0	0	0	545	545	
15	0	0	0	0	548	549	
0	0	0	0	0	547	547	
1	0	0	0	0	540	542	
2	0	0	0	0	536	536	
3	0	0	0	0	530	532	
4	0	0	0	0	524	525	
5	0	0	0	0	518	518	
6	0	0	0	0	517	513	
7	0	0	0	0	521	512	
8	0	0	0	0	520	509	
9	0	0	0	0	516	505	
10	0	0	0	0	510	499	
11	0	0	0	0	507	498	
12	0	0	0	0	505	504	
13	0	0	0	0	503	519	
14	0	0	0	0	507	536	
15	0	0	0	0	516	559	
0	0	0	0	0	529	585	
1	0	0	0	0	538	614	
2	0	0	0	0	543	636	
3	0	0	0	0	545	651	
4	0	0	0	0	542	656	
5	0	0	0	0	534	650	
6	0	0	0	0	524	635	
7	0	0	0	0	512	613	
8	0	0	0	0	501	585	
9	0	0	0	0	487	554	
10	0	0	0	0	476	522	
11	0	0	0	0	459	490	
12	0	0	0	0	448	463	
13	0	0	0	0	444	446	
14	0	0	0	0	443	432	
15	0	0	0	0	444	428	
0	0	0	0	0	448	434	
1	0	0	0	0	455	449	
2	0	0	0	0	463	464	
3	0	0	0	0	472	478	
4	0	0	0	0	486	490	
5	0	0	0	0	501	498	
6	0	0	0	0	517	503	
7	0	0	0	0	530	505	
8	0	0	0	0	539	511	
9	0	0	0	0	543	512	
10	0	0	0	0	543	511	
11	0	0	0	0	547	510	
12	0	0	0	0	549	508	
13	0	0	0	0	543	513	
14	0	0	0	0	538	521	
15	0	0	0	0	536	527	
0	0	0	0	0	530	532	
1	0	0	0	0	529	536	
2	0	0	0	0	526	535	
3	0	0	0	0	514	533	
4	0	0	0	0	496	529	
5	0	0	0	0	474	524	
6	0	0	0	0	457	518	
7	0	0	0	0	448	510	
8	0	0	0	0	448	505	
9	0	0	0	0	457	502	
10	0	0	0	0	474	499	
11	0	0	0	0	494	499	
12	0	0	0	0	513	494	
13	0	0	0	0	527	493	
14	0	0	0	0	535	491	
15	0	0	0	0	537	492	
0	0	0	0	0	538	504	
1	0	0	0	0	537	515	
2	0	0	0	0	537	526	
3	0	0	0	0	539	541	
4	0	0	0	0	539	556	
5	0	0	0	0	536	572	
6	0	0	0	0	529	584	
7	0	0	0	0	521	592	
8	0	0	0	0	517	596	
9	0	0	0	0	513	594	
10	0	0	0	0	508	591	
11	0	0	0	0	505	588	
12	0	0	0	0	503	583	
13	0	0	0	0	501	575	
14	0	0	0	0	500	563	
15	0	0	0	0	500	551	
0	0	0	0	0	501	546	
1	0	0	0	0	504	543	
2	0	0	0	0	506	541	
3	0	0	0	0	504	538	
4	0	0	0	0	505	543	
5	0	0	0	0	501	548	
6	0	0	0	0	495	551	
7	0	0	0	0	493	553	
8	0	0	0	0	488	553	
9	0	0	0	0	483	553	
10	0	0	0	0	477	557	
11	0	0	0	0	469	559	
12	0	0	0	0	462	559	
13	0	0	0	0	457	560	
14	0	0	0	0	458	561	
15	0	0	0	0	469	566	
0	0	0	0	0	480	568	
1	0	0	0	0	493	563	
2	0	0	0	0	504	558	
3	0	0	0	0	512	549	
4	0	0	0	0	521	539	
5	0	0	0	0	528	528	
6	0	0	0	0	532	519	
7	0	0	0	0	531	504	
8	0	0	0	0	529	485	
9	0	0	0	0	528	463	
10	0	0	0	0	526	443	
11	0	0	0	0	526	428	
12	0	0	0	0	526	418	
13	0	0	0	0	519	412	
14	0	0	0	0	513	407	
15	0	0	0	0	509	405	
0	0	0	0	0	504	407	
1	0	0	0	0	499	408	
2	0	0	0	0	497	415	
3	0	0	0	0	502	425	
4	0	0	0	0	504	440	
5	0	0	0	0	504	454	
6	0	0	0	0	499	469	
7	0	0	0	0	494	482	
8	0	0	0	0	487	497	
9	0	0	0	0	480	510	
10	0	0	0	0	468	522	
11	0	0	0	0	457	533	
12	0	0	0	0	453	542	
13	0	0	0	0	453	551	
14	0	0	0	0	455	562	
15	0	0	0	0	462	563	
0	0	0	0	0	466	563	
1	0	0	0	0	470	552	
2	0	0	0	0	471	536	
3	0	0	0	0	470	520	
4	0	0	0	0	468	505	
5	0	0	0	0	467	495	
6	0	0	0	0	466	487	
7	0	0	0	0	464	478	
8	0	0	0	0	462	473	
9	0	0	0	0	459	470	
10	0	0	0	0	455	467	
11	0	0	0	0	450	465	
12	0	0	0	0	444	461	
13	0	0	0	0	441	459	
14	0	0	0	0	437	457	
15	0	0	0	0	434	463	
0	0	0	0	0	435	478	
1	0	0	0	0	440	497	
2	0	0	0	0	448	515	
3	0	0	0	0	458	532	
4	0	0	0	0	467	543	
5	0	0	0	0	475	551	
6	0	0	0	0	481	556	
7	0	0	0	0	484	560	
8	0	0	0	0	486	569	
9	0	0	0	0	490	577	
10	0	0	0	0	494	582	
11	0	0	0	0	497	586	
12	0	0	0	0	501	590	
13	0	0	0	0	504	593	
14	0	0	0	0	508	595	
15	0	0	0	0	510	593	
0	0	0	0	0	511	588	
1	0	0	0	0	514	583	
2	0	0	0	0	516	577	
3	0	0	0	0	521	575	
4	0	0	0	0	522	573	
5	0	0	0	0	519	567	
6	0	0	0	0	519	559	
7	0	0	0	0	521	555	
8	0	0	0	0	522	548	
9	0	0	0	0	523	540	
10	0	0	0	0	527	534	
11	0	0	0	0	534	532	
12	0	0	0	0	541	535	
13	0	0	0	0	548	536	
14	0	0	0	0	555	535	
15	0	0	0	0	560	536	
0	0	0	0	0	563	535	
1	0	0	0	0	560	533	
2	0	0	0	0	558	529	
3	0	0	0	0	554	528	
4	0	0	0	0	553	524	
5	0	0	0	0	549	523	
6	0	0	0	0	545	521	
7	0	0	0	0	543	521	
8	0	0	0	0	544	524	
9	0	0	0	0	547	529	
10	0	0	0	0	551	539	
11	0	0	0	0	556	550	
12	0	0	0	0	558	563	
13	0	0	0	0	564	577	
14	0	0	0	0	574	590	
15	0	0	0	0	580	600	
0	0	0	0	0	582	605	
1	0	0	0	0	579	599	
2	0	0	0	0	577	593	
3	0	0	0	0	572	588	
4	0	0	0	0	570	583	
5	0	0	0	0	568	580	
6	0	0	0	0	567	579	
7	0	0	0	0	564	578	
8	0	0	0	0	558	574	
9	0	0	0	0	552	568	
10	0	0	0	0	545	553	
11	0	0	0	0	534	534	
12	0	0	0	0	521	516	
13	0	0	0	0	510	503	
14	0	0	0	0	507	494	
15	0	0	0	0	504	494	
0	0	0	0	0	500	500	
1	0	0	0	0	500	509	
2	0	0	0	0	501	525	
3	0	0	0	0	499	540	
4	0	0	0	0	498	548	
5	0	0	0	0	493	553	
6	0	0	0	0	491	554	
7	0	0	0	0	488	551	
8	0	0	0	0	486	549	
9	0	0	0	0	481	551	
10	0	0	0	0	480	565	
11	0	0	0	0	482	577	
12	0	0	0	0	486	584	
13	0	0	0	0	489	584	
14	0	0	0	0	497	584	
15	0	0	0	0	509	583	
0	0	0	0	0	519	588	
1	0	0	0	0	529	599	
2	0	0	0	0	542	608	
3	0	0	0	0	555	608	
4	0	0	0	0	566	603	
5	0	0	0	0	573	593	
6	0	0	0	0	572	580	
7	0	0	0	0	564	563	
8	0	0	0	0	553	548	
9	0	0	0	0	539	532	
10	0	0	0	0	527	519	
11	0	0	0	0	515	507	
12	0	0	0	0	503	491	
13	0	0	0	0	491	476	
14	0	0	0	0	484	465	
15	0	0	0	0	483	463	
0	0	0	0	0	485	470	
1	0	0	0	0	488	479	
2	0	0	0	0	492	487	
3	0	0	0	0	495	496	
4	0	0	0	0	496	501	
5	0	0	0	0	493	503	
6	0	0	0	0	487	497	
7	0	0	0	0	478	487	
8	0	0	0	0	469	475	
9	0	0	0	0	463	462	
10	0	0	0	0	455	451	
11	0	0	0	0	450	448	
12	0	0	0	0	446	447	
13	0	0	0	0	447	445	
14	0	0	0	0	453	442	
15	0	0	0	0	460	441	
0	0	0	0	0	461	438	
1	0	0	0	0	462	440	
2	0	0	0	0	461	447	
3	0	0	0	0	461	455	
4	0	0	0	0	463	461	
5	0	0	0	0	465	470	
6	0	0	0	0	469	477	
7	0	0	0	0	470	481	
8	0	0	0	0	472	480	
9	0	0	0	0	475	480	
10	0	0	0	0	480	482	
11	0	0	0	0	486	487	
12	0	0	0	0	491	494	
13	0	0	0	0	503	500	
14	0	0	0	0	517	503	
15	0	0	0	0	534	507	
0	0	0	0	0	546	511	
1	0	0	0	0	551	510	
2	0	0	0	0	556	509	
3	0	0	0	0	557	508	
4	0	0	0	0	555	507	
5	0	0	0	0	548	508	
6	0	0	0	0	536	505	
7	0	0	0	0	520	498	
8	0	0	0	0	506	483	
9	0	0	0	0	496	468	
10	0	0	0	0	495	452	
11	0	0	0	0	498	436	
12	0	0	0	0	508	425	
13	0	0	0	0	522	419	
14	0	0	0	0	536	412	
15	0	0	0	0	558	409	
0	0	0	0	0	579	414	
1	0	0	0	0	600	427	
2	0	0	0	0	609	443	
3	0	0	0	0	606	457	
4	0	0	0	0	596	472	
5	0	0	0	0	579	487	
6	0	0	0	0	557	508	
7	0	0	0	0	535	531	
8	0	0	0	0	514	554	
9	0	0	0	0	495	573	
10	0	0	0	0	479	588	
11	0	0	0	0	469	596	
12	0	0	0	0	460	603	
13	0	0	0	0	455	611	
14	0	0	0	0	448	620	
15	0	0	0	0	443	623	
0	0	0	0	0	440	635	
1	0	0	0	0	437	650	
2	0	0	0	0	430	661	
3	0	0	0	0	421	670	
4	0	0	0	0	414	676	
5	0	0	0	0	403	683	
6	0	0	0	0	396	686	
7	0	0	0	0	393	682	
8	0	0	0	0	391	674	
9	0	0	0	0	387	665	
10	0	0	0	0	384	653	
11	0	0	0	0	380	645	
12	0	0	0	0	376	638	
13	0	0	0	0	375	632	
14	0	0	0	0	377	633	
15	0	0	0	0	378	624	
0	0	0	0	0	381	619	
1	0	0	0	0	384	608	
2	0	0	0	0	386	608	
3	0	0	0	0	390	608	
4	0	0	0	0	394	619	
5	0	0	0	0	398	624	
6	0	0	0	0	402	638	
7	0	0	0	0	402	646	
8	0	0	0	0	399	657	
9	0	0	0	0	398	668	
10	0	0	0	0	396	677	
11	0	0	0	0	395	678	
12	0	0	0	0	399	671	
13	0	0	0	0	400	660	
14	0	0	0	0	403	646	
15	0	0	0	0	409	638	
0	0	0	0	0	416	627	
1	0	0	0	0	421	619	
2	0	0	0	0	425	608	
3	0	0	0	0	427	599	
4	0	0	0	0	429	591	
5	0	0	0	0	433	590	
6	0	0	0	0	436	594	
7	0	0	0	0	435	598	
8	0	0	0	0	431	604	
9	0	0	0	0	423	610	
10	0	0	0	0	416	612	
11	0	0	0	0	408	615	
12	0	0	0	0	401	616	
13	0	0	0	0	396	614	
14	0	0	0	0	394	611	
15	0	0	0	0	396	608	
0	0	0	0	0	399	610	
1	0	0	0	0	404	614	
2	0	0	0	0	413	622	
3	0	0	0	0	427	635	
4	0	0	0	0	438	642	
5	0	0	0	0	445	652	
6	0	0	0	0	449	653	
7	0	0	0	0	450	652	
8	0	0	0	0	449	639	
9	0	0	0	0	444	629	
10	0	0	0	0	440	611	
11	0	0	0	0	438	599	
12	0	0	0	0	440	586	
13	0	0	0	0	441	577	
14	0	0	0	0	443	574	
15	0	0	0	0	445	574	
0	0	0	0	0	443	578	
1	0	0	0	0	438	584	
2	0	0	0	0	430	591	
3	0	0	0	0	420	594	
4	0	0	0	0	411	596	
5	0	0	0	0	404	598	
6	0	0	0	0	400	605	
7	0	0	0	0	395	617	
8	0	0	0	0	392	627	
9	0	0	0	0	391	633	
10	0	0	0	0	391	625	
11	0	0	0	0	390	614	
12	0	0	0	0	390	599	
13	0	0	0	0	391	588	
14	0	0	0	0	399	580	
15	0	0	0	0	408	574	
0	0	0	0	0	423	564	
1	0	0	0	0	437	553	
2	0	0	0	0	451	542	
3	0	0	0	0	463	531	
4	0	0	0	0	479	520	
5	0	0	0	0	489	511	
6	0	0	0	0	491	502	
7	0	0	0	0	491	492	
8	0	0	0	0	483	480	
9	0	0	0	0	474	469	
10	0	0	0	0	466	462	
11	0	0	0	0	456	457	
12	0	0	0	0	446	452	
13	0	0	0	0	438	446	
14	0	0	0	0	437	448	
15	0	0	0	0	438	456	
0	0	0	0	0	439	466	
1	0	0	0	0	443	479	
2	0	0	0	0	444	492	
3	0	0	0	0	448	505	
4	0	0	0	0	449	518	
5	0	0	0	0	448	525	
6	0	0	0	0	446	527	
7	0	0	0	0	445	529	
8	0	0	0	0	444	533	
9	0	0	0	0	443	532	
10	0	0	0	0	441	532	
11	0	0	0	0	444	527	
12	0	0	0	0	449	528	
13	0	0	0	0	458	528	
14	0	0	0	0	464	532	
15	0	0	0	0	467	536	
0	0	0	0	0	472	537	
1	0	0	0	0	476	539	
2	0	0	0	0	484	538	
3	0	0	0	0	491	539	
4	0	0	0	0	496	540	
5	0	0	0	0	505	546	
6	0	0	0	0	511	553	
7	0	0	0	0	516	564	
8	0	0	0	0	517	575	
9	0	0	0	0	515	582	
10	0	0	0	0	511	581	
11	0	0	0	0	507	578	
12	0	0	0	0	501	579	
13	0	0	0	0	499	579	
14	0	0	0	0	499	577	
15	0	0	0	0	501	577	
0	0	0	0	0	508	578	
1	0	0	0	0	519	579	
2	0	0	0	0	528	583	
3	0	0	0	0	535	591	
4	0	0	0	0	541	601	
5	0	0	0	0	544	605	
6	0	0	0	0	549	610	
7	0	0	0	0	551	609	
8	0	0	0	0	550	600	
9	0	0	0	0	546	593	
10	0	0	0	0	542	590	
11	0	0	0	0	542	596	
12	0	0	0	0	547	604	
13	0	0	0	0	555	613	
14	0	0	0	0	563	622	
15	0	0	0	0	572	629	
0	0	0	0	0	578	632	
1	0	0	0	0	579	635	
2	0	0	0	0	568	632	
3	0	0	0	0	552	627	
4	0	0	0	0	539	615	
5	0	0	0	0	529	607	
6	0	0	0	0	522	593	
7	0	0	0	0	516	580	
8	0	0	0	0	515	567	
9	0	0	0	0	513	551	
10	0	0	0	0	515	539	
11	0	0	0	0	518	529	
12	0	0	0	0	522	523	
13	0	0	0	0	527	521	
14	0	0	0	0	531	527	
15	0	0	0	0	535	536	
0	0	0	0	0	545	551	
1	0	0	0	0	553	567	
2	0	0	0	0	558	579	
3	0	0	0	0	556	581	
4	0	0	0	0	553	580	
5	0	0	0	0	552	579	
6	0	0	0	0	553	583	
7	0	0	0	0	556	588	
8	0	0	0	0	561	591	
9	0	0	0	0	568	595	
10	0	0	0	0	578	598	
11	0	0	0	0	585	595	
12	0	0	0	0	580	590	
13	0	0	0	0	572	582	
14	0	0	0	0	560	572	
15	0	0	0	0	554	561	
0	0	0	0	0	554	557	
1	0	0	0	0	556	561	
2	0	0	0	0	556	572	
3	0	0	0	0	553	582	
4	0	0	0	0	546	589	
5	0	0	0	0	540	592	
6	0	0	0	0	533	590	
7	0	0	0	0	527	588	
8	0	0	0	0	523	582	
9	0	0	0	0	523	578	
10	0	0	0	0	522	575	
11	0	0	0	0	524	576	
12	0	0	0	0	526	582	
13	0	0	0	0	526	595	
14	0	0	0	0	525	609	
15	0	0	0	0	524	621	
0	0	0	0	0	525	630	
1	0	0	0	0	527	632	
2	0	0	0	0	529	624	
3	0	0	0	0	531	615	
4	0	0	0	0	535	601	
5	0	0	0	0	537	583	
6	0	0	0	0	541	568	
7	0	0	0	0	542	551	
8	0	0	0	0	541	536	
9	0	0	0	0	533	520	
10	0	0	0	0	525	505	
11	0	0	0	0	517	493	
12	0	0	0	0	514	482	
13	0	0	0	0	514	480	
14	0	0	0	0	513	480	
15	0	0	0	0	514	480	
0	0	0	0	0	514	478	
1	0	0	0	0	517	473	
2	0	0	0	0	523	468	
3	0	0	0	0	529	468	
4	0	0	0	0	537	470	
5	0	0	0	0	537	470	
6	0	0	0	0	540	472	
7	0	0	0	0	535	469	
8	0	0	0	0	525	466	
9	0	0	0	0	513	462	
10	0	0	0	0	503	462	
11	0	0	0	0	496	468	
12	0	0	0	0	491	477	
13	0	0	0	0	483	490	
14	0	0	0	0	477	503	
15	0	0	0	0	473	516	
0	0	0	0	0	471	526	
1	0	0	0	0	468	531	
2	0	0	0	0	464	534	
3	0	0	0	0	459	533	
4	0	0	0	0	460	527	
5	0	0	0	0	463	523	
6	0	0	0	0	467	525	
7	0	0	0	0	475	532	
8	0	0	0	0	485	541	
9	0	0	0	0	496	550	
10	0	0	0	0	509	560	
11	0	0	0	0	526	575	
12	0	0	0	0	546	584	
13	0	0	0	0	563	592	
14	0	0	0	0	577	595	
15	0	0	0	0	588	592	
0	0	0	0	0	594	586	
1	0	0	0	0	600	579	
2	0	0	0	0	600	566	
3	0	0	0	0	600	551	
4	0	0	0	0	598	536	
5	0	0	0	0	590	521	
6	0	0	0	0	578	508	
7	0	0	0	0	564	494	
8	0	0	0	0	550	486	
9	0	0	0	0	534	480	
10	0	0	0	0	517	476	
11	0	0	0	0	501	471	
12	0	0	0	0	491	459	
13	0	0	0	0	486	440	
14	0	0	0	0	480	425	
15	0	0	0	0	476	415	
0	0	0	0	0	475	409	
1	0	0	0	0	480	413	
2	0	0	0	0	485	420	
3	0	0	0	0	494	430	
4	0	0	0	0	503	440	
5	0	0	0	0	509	450	
6	0	0	0	0	515	463	
7	0	0	0	0	522	476	
8	0	0	0	0	525	487	
9	0	0	0	0	524	498	
10	0	0	0	0	520	507	
11	0	0	0	0	518	516	
12	0	0	0	0	511	520	
13	0	0	0	0	502	523	
14	0	0	0	0	493	524	
15	0	0	0	0	483	525	
0	0	0	0	0	471	524	
1	0	0	0	0	461	520	
2	0	0	0	0	459	519	
3	0	0	0	0	460	524	
4	0	0	0	0	464	533	
5	0	0	0	0	468	544	
6	0	0	0	0	471	557	
7	0	0	0	0	480	572	
8	0	0	0	0	484	584	
9	0	0	0	0	489	589	
10	0	0	0	0	493	592	
11	0	0	0	0	496	584	
12	0	0	0	0	495	574	
13	0	0	0	0	492	564	
14	0	0	0	0	492	556	
15	0	0	0	0	492	558	
0	0	0	0	0	493	560	
1	0	0	0	0	492	560	
2	0	0	0	0	491	553	
3	0	0	0	0	492	543	
4	0	0	0	0	495	532	
5	0	0	0	0	495	519	
6	0	0	0	0	496	505	
7	0	0	0	0	499	492	
8	0	0	0	0	505	479	
9	0	0	0	0	513	468	
10	0	0	0	0	523	462	
11	0	0	0	0	533	460	
12	0	0	0	0	541	466	
13	0	0	0	0	544	478	
14	0	0	0	0	547	493	
15	0	0	0	0	543	507	
0	0	0	0	0	538	522	
1	0	0	0	0	534	540	
2	0	0	0	0	530	553	
3	0	0	0	0	527	565	
4	0	0	0	0	526	577	
5	0	0	0	0	527	591	
6	0	0	0	0	530	607	
7	0	0	0	0	530	617	
8	0	0	0	0	530	624	
9	0	0	0	0	528	623	
10	0	0	0	0	524	613	
11	0	0	0	0	517	603	
12	0	0	0	0	508	590	
13	0	0	0	0	499	577	
14	0	0	0	0	489	558	
15	0	0	0	0	477	538	
0	0	0	0	0	468	523	
1	0	0	0	0	468	514	
2	0	0	0	0	471	514	
3	0	0	0	0	473	510	
4	0	0	0	0	479	501	
5	0	0	0	0	490	495	
6	0	0	0	0	509	496	
7	0	0	0	0	526	498	
8	0	0	0	0	543	502	
9	0	0	0	0	552	505	
10	0	0	0	0	559	504	
11	0	0	0	0	560	499	
12	0	0	0	0	556	491	
13	0	0	0	0	540	486	
14	0	0	0	0	524	483	
15	0	0	0	0	505	483	
0	0	0	0	0	489	480	
1	0	0	0	0	476	477	
2	0	0	0	0	469	476	
3	0	0	0	0	472	479	
4	0	0	0	0	476	486	
5	0	0	0	0	484	494	
6	0	0	0	0	495	504	
7	0	0	0	0	502	519	
8	0	0	0	0	504	529	
9	0	0	0	0	504	539	
10	0	0	0	0	502	549	
11	0	0	0	0	499	556	
12	0	0	0	0	491	559	
13	0	0	0	0	488	557	
14	0	0	0	0	491	557	
15	0	0	0	0	494	555	
0	0	0	0	0	496	550	
1	0	0	0	0	498	542	
2	0	0	0	0	495	530	
3	0	0	0	0	494	518	
4	0	0	0	0	495	509	
5	0	0	0	0	499	502	
6	0	0	0	0	510	498	
7	0	0	0	0	519	491	
8	0	0	0	0	529	485	
9	0	0	0	0	536	480	
10	0	0	0	0	543	478	
11	0	0	0	0	547	479	
12	0	0	0	0	548	481	
13	0	0	0	0	546	487	
14	0	0	0	0	546	493	
15	0	0	0	0	542	503	
0	0	0	0	0	536	510	
1	0	0	0	0	529	515	
2	0	0	0	0	519	523	
3	0	0	0	0	508	530	
4	0	0	0	0	497	536	
5	0	0	0	0	490	531	
6	0	0	0	0	486	526	
7	0	0	0	0	485	523	
8	0	0	0	0	490	519	
9	0	0	0	0	497	517	
10	0	0	0	0	505	516	
11	0	0	0	0	512	522	
12	0	0	0	0	519	536	
13	0	0	0	0	525	552	
14	0	0	0	0	528	564	
15	0	0	0	0	524	572	
0	0	0	0	0	519	581	
1	0	0	0	0	514	595	
2	0	0	0	0	507	607	
3	0	0	0	0	503	620	
4	0	0	0	0	502	625	
5	0	0	0	0	505	618	
6	0	0	0	0	510	598	
7	0	0	0	0	517	573	
8	0	0	0	0	521	545	
9	0	0	0	0	521	520	
10	0	0	0	0	519	492	
11	0	0	0	0	516	468	
12	0	0	0	0	518	453	
13	0	0	0	0	518	441	
14	0	0	0	0	518	435	
15	0	0	0	0	519	435	
0	0	0	0	0	520	440	
1	0	0	0	0	522	449	
2	0	0	0	0	526	458	
3	0	0	0	0	530	462	
4	0	0	0	0	536	468	
5	0	0	0	0	545	477	
6	0	0	0	0	553	487	
7	0	0	0	0	561	499	
8	0	0	0	0	572	511	
9	0	0	0	0	581	520	
10	0	0	0	0	591	523	
11	0	0	0	0	603	528	
12	0	0	0	0	612	529	
13	0	0	0	0	614	532	
14	0	0	0	0	615	536	
15	0	0	0	0	609	542	
0	0	0	0	0	601	543	
1	0	0	0	0	590	538	
2	0	0	0	0	574	529	
3	0	0	0	0	560	520	
4	0	0	0	0	547	512	
5	0	0	0	0	533	504	
6	0	0	0	0	525	500	
7	0	0	0	0	519	496	
8	0	0	0	0	519	493	
9	0	0	0	0	521	491	
10	0	0	0	0	521	491	
11	0	0	0	0	522	491	
12	0	0	0	0	526	492	
13	0	0	0	0	531	489	
14	0	0	0	0	535	487	
15	0	0	0	0	536	484	
0	0	0	0	0	539	481	
1	0	0	0	0	536	481	
2	0	0	0	0	527	487	
3	0	0	0	0	516	492	
4	0	0	0	0	504	498	
5	0	0	0	0	494	508	
6	0	0	0	0	491	516	
7	0	0	0	0	497	521	
8	0	0	0	0	513	527	
9	0	0	0	0	527	532	
10	0	0	0	0	543	537	
11	0	0	0	0	553	537	
12	0	0	0	0	559	536	
13	0	0	0	0	560	536	
14	0	0	0	0	557	536	
15	0	0	0	0	553	536	
0	0	0	0	0	548	534	
1	0	0	0	0	546	527	
2	0	0	0	0	546	520	
3	0	0	0	0	550	514	
4	0	0	0	0	555	508	
5	0	0	0	0	556	501	
6	0	0	0	0	551	494	
7	0	0	0	0	542	487	
8	0	0	0	0	539	480	
9	0	0	0	0	538	475	
10	0	0	0	0	536	471	
11	0	0	0	0	534	470	
12	0	0	0	0	531	469	
13	0	0	0	0	533	478	
14	0	0	0	0	534	487	
15	0	0	0	0	537	493	
0	0	0	0	0	535	500	
1	0	0	0	0	535	515	
2	0	0	0	0	539	535	
3	0	0	0	0	548	555	
4	0	0	0	0	556	575	
5	0	0	0	0	559	591	
6	0	0	0	0	558	607	
7	0	0	0	0	554	617	
8	0	0	0	0	550	617	
9	0	0	0	0	544	611	
10	0	0	0	0	537	595	
11	0	0	0	0	530	578	
12	0	0	0	0	527	558	
13	0	0	0	0	527	544	
14	0	0	0	0	526	527	
15	0	0	0	0	521	510	
0	0	0	0	0	516	491	
1	0	0	0	0	511	478	
2	0	0	0	0	509	470	
3	0	0	0	0	508	459	
4	0	0	0	0	509	446	
5	0	0	0	0	503	438	
6	0	0	0	0	501	433	
7	0	0	0	0	500	432	
8	0	0	0	0	503	431	
9	0	0	0	0	511	436	
10	0	0	0	0	525	447	
11	0	0	0	0	534	458	
12	0	0	0	0	535	471	
13	0	0	0	0	529	484	
14	0	0	0	0	519	495	
15	0	0	0	0	504	505	
0	0	0	0	0	488	512	
1	0	0	0	0	472	511	
2	0	0	0	0	461	507	
3	0	0	0	0	459	505	
4	0	0	0	0	466	507	
5	0	0	0	0	476	510	
6	0	0	0	0	488	516	
7	0	0	0	0	502	525	
8	0	0	0	0	515	539	
9	0	0	0	0	522	552	
10	0	0	0	0	524	561	
11	0	0	0	0	520	568	
12	0	0	0	0	513	572	
13	0	0	0	0	506	577	
14	0	0	0	0	502	581	
15	0	0	0	0	499	579	
0	0	0	0	0	499	573	
1	0	0	0	0	500	563	
2	0	0	0	0	502	555	
3	0	0	0	0	505	547	
4	0	0	0	0	507	534	
5	0	0	0	0	506	522	
6	0	0	0	0	502	508	
7	0	0	0	0	493	496	
8	0	0	0	0	485	486	
9	0	0	0	0	476	480	
10	0	0	0	0	472	480	
11	0	0	0	0	473	489	
12	0	0	0	0	481	503	
13	0	0	0	0	495	519	
14	0	0	0	0	513	537	
15	0	0	0	0	531	554	
0	0	0	0	0	539	569	
1	0	0	0	0	540	571	
2	0	0	0	0	537	563	
3	0	0	0	0	529	549	
4	0	0	0	0	526	531	
5	0	0	0	0	528	514	
6	0	0	0	0	530	503	
7	0	0	0	0	528	499	
8	0	0	0	0	521	498	
9	0	0	0	0	517	496	
10	0	0	0	0	514	494	
11	0	0	0	0	509	487	
12	0	0	0	0	505	481	
13	0	0	0	0	497	475	
14	0	0	0	0	490	468	
15	0	0	0	0	488	468	
0	0	0	0	0	489	478	
1	0	0	0	0	492	493	
2	0	0	0	0	491	508	
3	0	0	0	0	485	525	
4	0	0	0	0	478	535	
5	0	0	0	0	475	546	
6	0	0	0	0	475	553	
7	0	0	0	0	476	557	
8	0	0	0	0	476	555	
9	0	0	0	0	471	552	
10	0	0	0	0	467	546	
11	0	0	0	0	464	543	
12	0	0	0	0	464	530	
13	0	0	0	0	462	514	
14	0	0	0	0	461	505	
15	0	0	0	0	463	503	
0	0	0	0	0	473	508	
1	0	0	0	0	484	514	
2	0	0	0	0	498	517	
3	0	0	0	0	514	519	
4	0	0	0	0	530	516	
5	0	0	0	0	542	514	
6	0	0	0	0	552	508	
7	0	0	0	0	558	505	
8	0	0	0	0	566	499	
9	0	0	0	0	573	487	
10	0	0	0	0	578	475	
11	0	0	0	0	575	464	
12	0	0	0	0	573	453	
13	0	0	0	0	572	454	
14	0	0	0	0	568	458	
15	0	0	0	0	565	471	
0	0	0	0	0	561	485	
1	0	0	0	0	553	500	
2	0	0	0	0	545	516	
3	0	0	0	0	542	531	
4	0	0	0	0	545	540	
5	0	0	0	0	547	545	
6	0	0	0	0	551	551	
7	0	0	0	0	554	555	
8	0	0	0	0	552	563	
9	0	0	0	0	552	565	
10	0	0	0	0	547	568	
11	0	0	0	0	539	565	
12	0	0	0	0	533	554	
13	0	0	0	0	531	537	
14	0	0	0	0	532	512	
15	0	0	0	0	535	485	
0	0	0	0	0	535	465	
1	0	0	0	0	535	445	
2	0	0	0	0	533	426	
3	0	0	0	0	528	405	
4	0	0	0	0	526	390	
5	0	0	0	0	526	378	
6	0	0	0	0	528	374	
7	0	0	0	0	536	379	
8	0	0	0	0	539	390	
9	0	0	0	0	539	404	
10	0	0	0	0	536	423	
11	0	0	0	0	534	443	
12	0	0	0	0	529	468	
13	0	0	0	0	521	499	
14	0	0	0	0	515	531	
15	0	0	0	0	507	552	
0	0	0	0	0	499	563	
1	0	0	0	0	494	563	
2	0	0	0	0	488	555	
3	0	0	0	0	482	543	
4	0	0	0	0	478	529	
5	0	0	0	0	478	521	
6	0	0	0	0	481	515	
7	0	0	0	0	486	510	
8	0	0	0	0	488	499	
9	0	0	0	0	488	487	
10	0	0	0	0	483	481	
11	0	0	0	0	481	482	
12	0	0	0	0	484	487	
13	0	0	0	0	489	492	
14	0	0	0	0	495	491	
15	0	0	0	0	499	484	
0	0	0	0	0	507	477	
1	0	0	0	0	511	469	
2	0	0	0	0	514	465	
3	0	0	0	0	518	463	
4	0	0	0	0	520	462	
5	0	0	0	0	521	464	
6	0	0	0	0	524	468	
7	0	0	0	0	523	472	
8	0	0	0	0	515	473	
9	0	0	0	0	507	478	
10	0	0	0	0	499	488	
11	0	0	0	0	489	502	
12	0	0	0	0	477	513	
13	0	0	0	0	466	519	
14	0	0	0	0	463	522	
15	0	0	0	0	464	525	
0	0	0	0	0	470	529	
1	0	0	0	0	480	534	
2	0	0	0	0	492	540	
3	0	0	0	0	501	548	
4	0	0	0	0	511	551	
5	0	0	0	0	516	548	
6	0	0	0	0	518	536	
7	0	0	0	0	520	521	
8	0	0	0	0	521	514	
9	0	0	0	0	522	511	
10	0	0	0	0	520	517	
11	0	0	0	0	520	521	
12	0	0	0	0	519	520	
13	0	0	0	0	518	524	
14	0	0	0	0	520	528	
15	0	0	0	0	526	527	
0	0	0	0	0	535	519	
1	0	0	0	0	544	503	
2	0	0	0	0	548	484	
3	0	0	0	0	554	462	
4	0	0	0	0	560	443	
5	0	0	0	0	563	425	
6	0	0	0	0	564	409	
7	0	0	0	0	567	400	
8	0	0	0	0	573	388	
9	0	0	0	0	577	390	
10	0	0	0	0	581	393	
11	0	0	0	0	581	403	
12	0	0	0	0	581	414	
13	0	0	0	0	577	425	
14	0	0	0	0	577	435	
15	0	0	0	0	579	445	
0	0	0	0	0	581	454	
1	0	0	0	0	585	460	
2	0	0	0	0	595	472	
3	0	0	0	0	599	486	
4	0	0	0	0	595	501	
5	0	0	0	0	588	514	
6	0	0	0	0	580	518	
7	0	0	0	0	567	514	
8	0	0	0	0	551	510	
9	0	0	0	0	536	502	
10	0	0	0	0	523	493	
11	0	0	0	0	514	481	
12	0	0	0	0	513	474	
13	0	0	0	0	516	466	
14	0	0	0	0	519	464	
15	0	0	0	0	524	463	
0	0	0	0	0	529	467	
1	0	0	0	0	538	469	
2	0	0	0	0	549	472	
3	0	0	0	0	560	467	
4	0	0	0	0	571	454	
5	0	0	0	0	579	442	
6	0	0	0	0	585	439	
7	0	0	0	0	592	434	
8	0	0	0	0	599	443	
9	0	0	0	0	604	452	
10	0	0	0	0	607	470	
11	0	0	0	0	603	489	
12	0	0	0	0	590	512	
13	0	0	0	0	579	534	
14	0	0	0	0	568	555	
15	0	0	0	0	558	570	
0	0	0	0	0	548	586	
1	0	0	0	0	538	601	
2	0	0	0	0	524	613	
3	0	0	0	0	513	623	
4	0	0	0	0	507	627	
5	0	0	0	0	501	626	
6	0	0	0	0	495	622	
7	0	0	0	0	494	615	
8	0	0	0	0	494	607	
9	0	0	0	0	494	596	
10	0	0	0	0	500	583	
11	0	0	0	0	511	572	
12	0	0	0	0	527	562	
13	0	0	0	0	540	550	
14	0	0	0	0	554	542	
15	0	0	0	0	568	542	
0	0	0	0	0	581	542	
1	0	0	0	0	589	542	
2	0	0	0	0	593	540	
3	0	0	0	0	594	536	
4	0	0	0	0	593	524	
5	0	0	0	0	584	513	
6	0	0	0	0	572	506	
7	0	0	0	0	559	499	
8	0	0	0	0	548	497	
9	0	0	0	0	542	502	
10	0	0	0	0	540	510	
11	0	0	0	0	543	519	
12	0	0	0	0	545	526	
13	0	0	0	0	542	533	
14	0	0	0	0	537	540	
15	0	0	0	0	531	545	
0	0	0	0	0	526	553	
1	0	0	0	0	524	558	
2	0	0	0	0	521	559	
3	0	0	0	0	522	556	
4	0	0	0	0	525	549	
5	0	0	0	0	530	542	
6	0	0	0	0	533	532	
7	0	0	0	0	535	521	
8	0	0	0	0	540	512	
9	0	0	0	0	543	504	
10	0	0	0	0	543	499	
11	0	0	0	0	543	496	
12	0	0	0	0	542	492	
13	0	0	0	0	538	495	
14	0	0	0	0	534	502	
15	0	0	0	0	526	509	
0	0	0	0	0	518	514	
1	0	0	0	0	512	514	
2	0	0	0	0	505	516	
3	0	0	0	0	497	519	
4	0	0	0	0	489	511	
5	0	0	0	0	487	494	
6	0	0	0	0	485	475	
7	0	0	0	0	484	458	
8	0	0	0	0	482	443	
9	0	0	0	0	482	435	
10	0	0	0	0	483	433	
11	0	0	0	0	487	433	
12	0	0	0	0	492	442	
13	0	0	0	0	499	451	
14	0	0	0	0	513	465	
15	0	0	0	0	525	480	
0	0	0	0	0	532	498	
1	0	0	0	0	536	512	
2	0	0	0	0	536	519	
3	0	0	0	0	532	518	
4	0	0	0	0	523	515	
5	0	0	0	0	509	504	
6	0	0	0	0	492	498	
7	0	0	0	0	478	493	
8	0	0	0	0	471	487	
9	0	0	0	0	464	482	
10	0	0	0	0	462	479	
11	0	0	0	0	461	476	
12	0	0	0	0	463	476	
13	0	0	0	0	464	478	
14	0	0	0	0	456	476	
15	0	0	0	0	446	476	
0	0	0	0	0	439	479	
1	0	0	0	0	436	483	
2	0	0	0	0	438	486	
3	0	0	0	0	441	485	
4	0	0	0	0	444	480	
5	0	0	0	0	445	468	
6	0	0	0	0	445	455	
7	0	0	0	0	444	447	
8	0	0	0	0	441	443	
9	0	0	0	0	441	445	
10	0	0	0	0	446	448	
11	0	0	0	0	452	451	
12	0	0	0	0	457	455	
13	0	0	0	0	456	461	
14	0	0	0	0	451	469	
15	0	0	0	0	449	476	
0	0	0	0	0	450	481	
1	0	0	0	0	455	484	
2	0	0	0	0	464	488	
3	0	0	0	0	472	495	
4	0	0	0	0	481	503	
5	0	0	0	0	488	509	
6	0	0	0	0	493	514	
7	0	0	0	0	496	515	
8	0	0	0	0	498	518	
9	0	0	0	0	500	523	
10	0	0	0	0	502	530	
11	0	0	0	0	504	538	
12	0	0	0	0	507	541	
13	0	0	0	0	504	536	
14	0	0	0	0	499	527	
15	0	0	0	0	496	514	
0	0	0	0	0	492	500	
1	0	0	0	0	486	489	
2	0	0	0	0	477	483	
3	0	0	0	0	468	473	
4	0	0	0	0	460	462	
5	0	0	0	0	456	451	
6	0	0	0	0	457	446	
7	0	0	0	0	462	440	
8	0	0	0	0	473	434	
9	0	0	0	0	480	434	
10	0	0	0	0	480	451	
11	0	0	0	0	474	481	
12	0	0	0	0	467	512	
13	0	0	0	0	461	537	
14	0	0	0	0	459	553	
15	0	0	0	0	457	559	
0	0	0	0	0	462	555	
1	0	0	0	0	473	545	
2	0	0	0	0	486	530	
3	0	0	0	0	494	511	
4	0	0	0	0	496	488	
5	0	0	0	0	491	462	
6	0	0	0	0	484	438	
7	0	0	0	0	475	418	
8	0	0	0	0	465	405	
9	0	0	0	0	459	399	
10	0	0	0	0	459	399	
11	0	0	0	0	461	402	
12	0	0	0	0	469	406	
13	0	0	0	0	474	411	
14	0	0	0	0	479	417	
15	0	0	0	0	484	421	
0	0	0	0	0	486	425	
1	0	0	0	0	487	430	
2	0	0	0	0	494	435	
3	0	0	0	0	500	445	
4	0	0	0	0	510	451	
5	0	0	0	0	515	453	
6	0	0	0	0	521	452	
7	0	0	0	0	521	451	
8	0	0	0	0	520	450	
9	0	0	0	0	519	455	
10	0	0	0	0	518	457	
11	0	0	0	0	516	462	
12	0	0	0	0	516	470	
13	0	0	0	0	511	490	
14	0	0	0	0	505	516	
15	0	0	0	0	504	541	
0	0	0	0	0	508	564	
1	0	0	0	0	519	585	
2	0	0	0	0	531	601	
3	0	0	0	0	543	609	
4	0	0	0	0	548	604	
5	0	0	0	0	551	589	
6	0	0	0	0	552	561	
7	0	0	0	0	553	523	
8	0	0	0	0	552	481	
9	0	0	0	0	547	444	
10	0	0	0	0	540	417	
11	0	0	0	0	534	399	
12	0	0	0	0	530	389	
13	0	0	0	0	527	377	
14	0	0	0	0	522	375	
15	0	0	0	0	515	375	
0	0	0	0	0	508	377	
1	0	0	0	0	504	380	
2	0	0	0	0	503	390	
3	0	0	0	0	504	398	
4	0	0	0	0	510	404	
5	0	0	0	0	519	408	
6	0	0	0	0	526	412	
7	0	0	0	0	532	419	
8	0	0	0	0	536	427	
9	0	0	0	0	539	435	
10	0	0	0	0	539	442	
11	0	0	0	0	532	452	
12	0	0	0	0	524	467	
13	0	0	0	0	515	480	
14	0	0	0	0	507	487	
15	0	0	0	0	503	485	
0	0	0	0	0	498	475	
1	0	0	0	0	497	466	
2	0	0	0	0	502	456	
3	0	0	0	0	508	444	
4	0	0	0	0	511	431	
5	0	0	0	0	515	420	
6	0	0	0	0	521	419	
7	0	0	0	0	532	421	
8	0	0	0	0	540	428	
9	0	0	0	0	546	436	
10	0	0	0	0	550	443	
11	0	0	0	0	554	443	
12	0	0	0	0	558	438	
13	0	0	0	0	561	440	
14	0	0	0	0	564	451	
15	0	0	0	0	562	466	
0	0	0	0	0	558	484	
1	0	0	0	0	551	505	
2	0	0	0	0	545	525	
3	0	0	0	0	535	542	
4	0	0	0	0	525	551	
5	0	0	0	0	513	557	
6	0	0	0	0	505	556	
7	0	0	0	0	505	548	
8	0	0	0	0	511	541	
9	0	0	0	0	520	536	
10	0	0	0	0	532	534	
11	0	0	0	0	538	533	
12	0	0	0	0	539	527	
13	0	0	0	0	535	524	
14	0	0	0	0	528	522	
15	0	0	0	0	521	517	
0	0	0	0	0	513	508	
1	0	0	0	0	505	495	
2	0	0	0	0	502	479	
3	0	0	0	0	503	462	
4	0	0	0	0	512	452	
5	0	0	0	0	516	443	
6	0	0	0	0	516	436	
7	0	0	0	0	515	433	
8	0	0	0	0	510	437	
9	0	0	0	0	505	444	
10	0	0	0	0	503	452	
11	0	0	0	0	497	460	
12	0	0	0	0	491	471	
13	0	0	0	0	487	481	
14	0	0	0	0	492	494	
15	0	0	0	0	499	500	
0	0	0	0	0	507	506	
1	0	0	0	0	511	508	
2	0	0	0	0	515	509	
3	0	0	0	0	515	512	
4	0	0	0	0	514	515	
5	0	0	0	0	510	517	
6	0	0	0	0	502	519	
7	0	0	0	0	495	519	
8	0	0	0	0	493	521	
9	0	0	0	0	487	518	
10	0	0	0	0	483	509	
11	0	0	0	0	482	499	
12	0	0	0	0	485	487	
13	0	0	0	0	487	479	
14	0	0	0	0	488	471	
15	0	0	0	0	497	465	
0	0	0	0	0	504	463	
1	0	0	0	0	508	463	
2	0	0	0	0	511	466	
3	0	0	0	0	517	471	
4	0	0	0	0	522	475	
5	0	0	0	0	526	473	
6	0	0	0	0	527	473	
7	0	0	0	0	523	478	
8	0	0	0	0	517	483	
9	0	0	0	0	508	489	
10	0	0	0	0	501	497	
11	0	0	0	0	499	505	
12	0	0	0	0	500	513	
13	0	0	0	0	502	515	
14	0	0	0	0	507	514	
15	0	0	0	0	512	512	
0	0	0	0	0	513	510	
1	0	0	0	0	509	503	
2	0	0	0	0	505	499	
3	0	0	0	0	506	497	
4	0	0	0	0	509	496	
5	0	0	0	0	508	493	
6	0	0	0	0	507	491	
7	0	0	0	0	510	499	
8	0	0	0	0	517	510	
9	0	0	0	0	524	522	
10	0	0	0	0	529	532	
11	0	0	0	0	531	540	
12	0	0	0	0	537	543	
13	0	0	0	0	540	537	
14	0	0	0	0	543	518	
15	0	0	0	0	543	493	
0	0	0	0	0	543	466	
1	0	0	0	0	540	444	
2	0	0	0	0	536	425	
3	0	0	0	0	533	408	
4	0	0	0	0	532	392	
5	0	0	0	0	530	384	
6	0	0	0	0	531	384	
7	0	0	0	0	539	392	
8	0	0	0	0	548	408	
9	0	0	0	0	557	431	
10	0	0	0	0	562	450	
11	0	0	0	0	566	468	
12	0	0	0	0	567	484	
13	0	0	0	0	564	501	
14	0	0	0	0	560	513	
15	0	0	0	0	555	521	
0	0	0	0	0	549	523	
1	0	0	0	0	547	523	
2	0	0	0	0	548	518	
3	0	0	0	0	551	516	
4	0	0	0	0	554	515	
5	0	0	0	0	553	514	
6	0	0	0	0	552	518	
7	0	0	0	0	547	521	
8	0	0	0	0	537	524	
9	0	0	0	0	527	526	
10	0	0	0	0	519	529	
11	0	0	0	0	519	533	
12	0	0	0	0	518	535	
13	0	0	0	0	514	532	
14	0	0	0	0	512	527	
15	0	0	0	0	511	516	
0	0	0	0	0	511	501	
1	0	0	0	0	515	479	
2	0	0	0	0	517	457	
3	0	0	0	0	517	443	
4	0	0	0	0	515	438	
5	0	0	0	0	511	435	
6	0	0	0	0	508	442	
7	0	0	0	0	505	448	
8	0	0	0	0	504	459	
9	0	0	0	0	503	473	
10	0	0	0	0	504	492	
11	0	0	0	0	508	518	
12	0	0	0	0	511	537	
13	0	0	0	0	513	548	
14	0	0	0	0	518	553	
15	0	0	0	0	524	551	
0	0	0	0	0	530	544	
1	0	0	0	0	535	537	
2	0	0	0	0	540	534	
3	0	0	0	0	548	533	
4	0	0	0	0	557	539	
5	0	0	0	0	567	547	
6	0	0	0	0	574	556	
7	0	0	0	0	575	564	
8	0	0	0	0	573	568	
9	0	0	0	0	571	568	
10	0	0	0	0	571	567	
11	0	0	0	0	573	571	
12	0	0	0	0	576	580	
13	0	0	0	0	574	590	
14	0	0	0	0	569	601	
15	0	0	0	0	564	618	
0	0	0	0	0	561	632	
1	0	0	0	0	561	647	
2	0	0	0	0	568	663	
3	0	0	0	0	576	675	
4	0	0	0	0	579	684	
5	0	0	0	0	577	688	
6	0	0	0	0	568	684	
7	0	0	0	0	549	679	
8	0	0	0	0	529	670	
9	0	0	0	0	510	659	
10	0	0	0	0	495	652	
11	0	0	0	0	485	643	
12	0	0	0	0	480	635	
13	0	0	0	0	480	616	
14	0	0	0	0	480	595	
15	0	0	0	0	480	567	
0	0	0	0	0	483	543	
1	0	0	0	0	489	520	
2	0	0	0	0	499	504	
3	0	0	0	0	510	498	
4	0	0	0	0	521	495	
5	0	0	0	0	531	492	
6	0	0	0	0	540	488	
7	0	0	0	0	551	486	
8	0	0	0	0	561	483	
9	0	0	0	0	571	482	
10	0	0	0	0	580	482	
11	0	0	0	0	588	487	
12	0	0	0	0	593	495	
13	0	0	0	0	598	504	
14	0	0	0	0	602	517	
15	0	0	0	0	603	531	
0	0	0	0	0	601	544	
1	0	0	0	0	605	560	
2	0	0	0	0	611	573	
3	0	0	0	0	618	582	
4	0	0	0	0	624	585	
5	0	0	0	0	628	586	
6	0	0	0	0	632	584	
7	0	0	0	0	634	583	
8	0	0	0	0	634	583	
9	0	0	0	0	632	583	
10	0	0	0	0	629	579	
11	0	0	0	0	627	569	
12	0	0	0	0	621	556	
13	0	0	0	0	615	546	
14	0	0	0	0	608	536	
15	0	0	0	0	600	523	
0	0	0	0	0	599	512	
1	0	0	0	0	603	507	
2	0	0	0	0	609	507	
3	0	0	0	0	617	507	
4	0	0	0	0	622	502	
5	0	0	0	0	631	499	
6	0	0	0	0	638	499	
7	0	0	0	0	639	503	
8	0	0	0	0	635	511	
9	0	0	0	0	628	517	
10	0	0	0	0	617	527	
11	0	0	0	0	606	537	
12	0	0	0	0	597	550	
13	0	0	0	0	584	563	
14	0	0	0	0	573	581	
15	0	0	0	0	564	598	
0	0	0	0	0	563	614	
1	0	0	0	0	563	630	
2	0	0	0	0	561	637	
3	0	0	0	0	560	638	
4	0	0	0	0	560	627	
5	0	0	0	0	561	614	
6	0	0	0	0	565	600	
7	0	0	0	0	566	584	
8	0	0	0	0	563	565	
9	0	0	0	0	554	544	
10	0	0	0	0	544	521	
11	0	0	0	0	534	498	
12	0	0	0	0	527	473	
13	0	0	0	0	524	452	
14	0	0	0	0	522	433	
15	0	0	0	0	519	422	
0	0	0	0	0	518	421	
1	0	0	0	0	519	428	
2	0	0	0	0	523	440	
3	0	0	0	0	532	454	
4	0	0	0	0	543	465	
5	0	0	0	0	553	466	
6	0	0	0	0	560	464	
7	0	0	0	0	564	461	
8	0	0	0	0	563	460	
9	0	0	0	0	564	458	
10	0	0	0	0	564	463	
11	0	0	0	0	559	466	
12	0	0	0	0	551	476	
13	0	0	0	0	543	483	
14	0	0	0	0	538	491	
15	0	0	0	0	533	497	
0	0	0	0	0	526	505	
1	0	0	0	0	514	516	
2	0	0	0	0	499	525	
3	0	0	0	0	489	535	
4	0	0	0	0	483	546	
5	0	0	0	0	478	551	
6	0	0	0	0	469	552	
7	0	0	0	0	463	549	
8	0	0	0	0	456	547	
9	0	0	0	0	451	548	
10	0	0	0	0	447	553	
11	0	0	0	0	444	553	
12	0	0	0	0	443	547	
13	0	0	0	0	442	534	
14	0	0	0	0	440	518	
15	0	0	0	0	444	503	
0	0	0	0	0	449	494	
1	0	0	0	0	458	487	
2	0	0	0	0	463	482	
3	0	0	0	0	469	480	
4	0	0	0	0	477	480	
5	0	0	0	0	484	485	
6	0	0	0	0	494	493	
7	0	0	0	0	499	497	
8	0	0	0	0	499	496	
9	0	0	0	0	502	492	
10	0	0	0	0	505	487	
11	0	0	0	0	510	485	
12	0	0	0	0	516	489	
13	0	0	0	0	519	493	
14	0	0	0	0	519	492	
15	0	0	0	0	521	489	
0	0	0	0	0	526	488	
1	0	0	0	0	527	491	
2	0	0	0	0	525	499	
3	0	0	0	0	524	510	
4	0	0	0	0	521	515	
5	0	0	0	0	519	517	
6	0	0	0	0	515	516	
7	0	0	0	0	512	513	
8	0	0	0	0	509	504	
9	0	0	0	0	503	490	
10	0	0	0	0	497	477	
11	0	0	0	0	490	466	
12	0	0	0	0	481	457	
13	0	0	0	0	478	449	
14	0	0	0	0	478	441	
15	0	0	0	0	485	441	
0	0	0	0	0	496	443	
1	0	0	0	0	513	447	
2	0	0	0	0	526	447	
3	0	0	0	0	534	444	
4	0	0	0	0	539	440	
5	0	0	0	0	534	440	
6	0	0	0	0	525	437	
7	0	0	0	0	515	440	
8	0	0	0	0	509	444	
9	0	0	0	0	504	454	
10	0	0	0	0	496	461	
11	0	0	0	0	491	473	
12	0	0	0	0	483	487	
13	0	0	0	0	479	508	
14	0	0	0	0	483	532	
15	0	0	0	0	487	562	
0	0	0	0	0	489	593	
1	0	0	0	0	495	617	
2	0	0	0	0	499	629	
3	0	0	0	0	506	628	
4	0	0	0	0	510	620	
5	0	0	0	0	512	610	
6	0	0	0	0	512	596	
7	0	0	0	0	510	579	
8	0	0	0	0	510	553	
9	0	0	0	0	505	526	
10	0	0	0	0	497	503	
11	0	0	0	0	491	482	
12	0	0	0	0	487	463	
13	0	0	0	0	485	449	
14	0	0	0	0	481	435	
15	0	0	0	0	472	423	
0	0	0	0	0	459	417	
1	0	0	0	0	448	423	
2	0	0	0	0	443	433	
3	0	0	0	0	450	444	
4	0	0	0	0	460	452	
5	0	0	0	0	471	452	
6	0	0	0	0	483	450	
7	0	0	0	0	492	451	
8	0	0	0	0	497	457	
9	0	0	0	0	500	461	
10	0	0	0	0	502	466	
11	0	0	0	0	499	473	
12	0	0	0	0	502	487	
13	0	0	0	0	505	508	
14	0	0	0	0	506	531	
15	0	0	0	0	506	547	
0	0	0	0	0	510	558	
1	0	0	0	0	513	562	
2	0	0	0	0	512	560	
3	0	0	0	0	504	552	
4	0	0	0	0	490	542	
5	0	0	0	0	476	524	
6	0	0	0	0	461	506	
7	0	0	0	0	446	492	
8	0	0	0	0	432	486	
9	0	0	0	0	424	491	
10	0	0	0	0	418	502	
11	0	0	0	0	414	515	
12	0	0	0	0	412	524	
13	0	0	0	0	408	531	
14	0	0	0	0	411	528	
15	0	0	0	0	416	521	
0	0	0	0	0	421	516	
1	0	0	0	0	425	505	
2	0	0	0	0	430	494	
3	0	0	0	0	432	480	
4	0	0	0	0	434	470	
5	0	0	0	0	436	458	
6	0	0	0	0	440	449	
7	0	0	0	0	442	439	
8	0	0	0	0	444	431	
9	0	0	0	0	445	421	
10	0	0	0	0	447	412	
11	0	0	0	0	448	408	
12	0	0	0	0	455	407	
13	0	0	0	0	462	409	
14	0	0	0	0	467	414	
15	0	0	0	0	471	423	
0	0	0	0	0	473	435	
1	0	0	0	0	474	445	
2	0	0	0	0	477	450	
3	0	0	0	0	480	455	
4	0	0	0	0	481	456	
5	0	0	0	0	476	459	
6	0	0	0	0	467	460	
7	0	0	0	0	466	461	
8	0	0	0	0	465	463	
9	0	0	0	0	462	467	
10	0	0	0	0	464	475	
11	0	0	0	0	467	483	
12	0	0	0	0	472	492	
13	0	0	0	0	479	497	
14	0	0	0	0	482	498	
15	0	0	0	0	487	497	
0	0	0	0	0	491	494	
1	0	0	0	0	491	492	
2	0	0	0	0	489	492	
3	0	0	0	0	480	496	
4	0	0	0	0	471	498	
5	0	0	0	0	461	499	
6	0	0	0	0	455	503	
7	0	0	0	0	449	512	
8	0	0	0	0	447	528	
9	0	0	0	0	448	538	
10	0	0	0	0	448	542	
11	0	0	0	0	449	538	
12	0	0	0	0	454	531	
13	0	0	0	0	456	516	
14	0	0	0	0	459	503	
15	0	0	0	0	459	492	
0	0	0	0	0	459	485	
1	0	0	0	0	456	478	
2	0	0	0	0	456	473	
3	0	0	0	0	459	469	
4	0	0	0	0	458	467	
5	0	0	0	0	457	470	
6	0	0	0	0	455	476	
7	0	0	0	0	458	481	
8	0	0	0	0	463	487	
9	0	0	0	0	470	499	
10	0	0	0	0	477	512	
11	0	0	0	0	483	530	
12	0	0	0	0	486	541	
13	0	0	0	0	486	551	
14	0	0	0	0	483	556	
15	0	0	0	0	480	560	
0	0	0	0	0	470	559	
1	0	0	0	0	461	557	
2	0	0	0	0	451	553	
3	0	0	0	0	442	551	
4	0	0	0	0	438	550	
5	0	0	0	0	439	542	
6	0	0	0	0	440	538	
7	0	0	0	0	441	534	
8	0	0	0	0	443	530	
9	0	0	0	0	441	523	
10	0	0	0	0	436	511	
11	0	0	0	0	429	501	
12	0	0	0	0	420	491	
13	0	0	0	0	415	480	
14	0	0	0	0	415	466	
15	0	0	0	0	416	451	
0	0	0	0	0	416	444	
1	0	0	0	0	418	438	
2	0	0	0	0	423	437	
3	0	0	0	0	427	440	
4	0	0	0	0	428	449	
5	0	0	0	0	430	462	
6	0	0	0	0	435	476	
7	0	0	0	0	440	487	
8	0	0	0	0	445	494	
9	0	0	0	0	454	503	
10	0	0	0	0	461	512	
11	0	0	0	0	463	515	
12	0	0	0	0	463	515	
13	0	0	0	0	465	518	
14	0	0	0	0	463	524	
15	0	0	0	0	460	526	
0	0	0	0	0	456	523	
1	0	0	0	0	448	517	
2	0	0	0	0	440	509	
3	0	0	0	0	433	505	
4	0	0	0	0	430	507	
5	0	0	0	0	427	513	
6	0	0	0	0	430	521	
7	0	0	0	0	436	530	
8	0	0	0	0	451	539	
9	0	0	0	0	461	549	
10	0	0	0	0	468	560	
11	0	0	0	0	473	568	
12	0	0	0	0	476	571	
13	0	0	0	0	475	565	
14	0	0	0	0	472	551	
15	0	0	0	0	464	529	
0	0	0	0	0	455	509	
1	0	0	0	0	445	492	
2	0	0	0	0	439	481	
3	0	0	0	0	435	474	
4	0	0	0	0	438	470	
5	0	0	0	0	443	466	
6	0	0	0	0	449	470	
7	0	0	0	0	457	472	
8	0	0	0	0	461	468	
9	0	0	0	0	464	463	
10	0	0	0	0	466	462	
11	0	0	0	0	465	462	
12	0	0	0	0	461	470	
13	0	0	0	0	453	482	
14	0	0	0	0	443	492	
15	0	0	0	0	431	507	
0	0	0	0	0	428	523	
1	0	0	0	0	427	532	
2	0	0	0	0	430	545	
3	0	0	0	0	441	560	
4	0	0	0	0	455	577	
5	0	0	0	0	471	592	
6	0	0	0	0	487	601	
7	0	0	0	0	502	599	
8	0	0	0	0	516	588	
9	0	0	0	0	523	575	
10	0	0	0	0	523	561	
11	0	0	0	0	519	550	
12	0	0	0	0	517	536	
13	0	0	0	0	511	524	
14	0	0	0	0	506	511	
15	0	0	0	0	503	499	
0	0	0	0	0	501	491	
1	0	0	0	0	500	483	
2	0	0	0	0	502	481	
3	0	0	0	0	499	481	
4	0	0	0	0	498	480	
5	0	0	0	0	500	480	
6	0	0	0	0	505	481	
7	0	0	0	0	511	480	
8	0	0	0	0	520	482	
9	0	0	0	0	523	485	
10	0	0	0	0	525	489	
11	0	0	0	0	520	489	
12	0	0	0	0	514	484	
13	0	0	0	0	506	478	
14	0	0	0	0	506	475	
15	0	0	0	0	506	469	
0	0	0	0	0	510	461	
1	0	0	0	0	511	455	
2	0	0	0	0	510	447	
3	0	0	0	0	510	439	
4	0	0	0	0	516	438	
5	0	0	0	0	524	448	
6	0	0	0	0	532	465	
7	0	0	0	0	538	482	
8	0	0	0	0	541	497	
9	0	0	0	0	536	509	
10	0	0	0	0	527	522	
11	0	0	0	0	521	533	
12	0	0	0	0	515	543	
13	0	0	0	0	515	551	
14	0	0	0	0	515	565	
15	0	0	0	0	518	575	
0	0	0	0	0	519	582	
1	0	0	0	0	522	588	
2	0	0	0	0	527	584	
3	0	0	0	0	531	575	
4	0	0	0	0	533	561	
5	0	0	0	0	530	546	
6	0	0	0	0	528	531	
7	0	0	0	0	528	518	
8	0	0	0	0	529	504	
9	0	0	0	0	529	491	
10	0	0	0	0	529	478	
11	0	0	0	0	527	472	
12	0	0	0	0	527	469	
13	0	0	0	0	527	472	
14	0	0	0	0	527	472	
15	0	0	0	0	521	472	
0	0	0	0	0	512	470	
1	0	0	0	0	503	466	
2	0	0	0	0	496	462	
3	0	0	0	0	492	456	
4	0	0	0	0	490	449	
5	0	0	0	0	488	446	
6	0	0	0	0	488	449	
7	0	0	0	0	489	456	
8	0	0	0	0	489	463	
9	0	0	0	0	489	471	
10	0	0	0	0	493	478	
11	0	0	0	0	500	490	
12	0	0	0	0	505	499	
13	0	0	0	0	502	502	
14	0	0	0	0	499	503	
15	0	0	0	0	496	506	
0	0	0	0	0	499	508	
1	0	0	0	0	508	507	
2	0	0	0	0	519	508	
3	0	0	0	0	529	511	
4	0	0	0	0	536	510	
5	0	0	0	0	537	508	
6	0	0	0	0	536	506	
7	0	0	0	0	533	497	
8	0	0	0	0	526	489	
9	0	0	0	0	511	482	
10	0	0	0	0	496	476	
11	0	0	0	0	484	474	
12	0	0	0	0	473	473	
13	0	0	0	0	464	478	
14	0	0	0	0	458	481	
15	0	0	0	0	453	487	
0	0	0	0	0	447	494	
1	0	0	0	0	439	493	
2	0	0	0	0	428	488	
3	0	0	0	0	421	473	
4	0	0	0	0	413	454	
5	0	0	0	0	409	445	
6	0	0	0	0	412	441	
7	0	0	0	0	422	438	
8	0	0	0	0	434	432	
9	0	0	0	0	450	428	
10	0	0	0	0	465	430	
11	0	0	0	0	478	439	
12	0	0	0	0	486	452	
13	0	0	0	0	491	472	
14	0	0	0	0	496	493	
15	0	0	0	0	501	515	
0	0	0	0	0	507	537	
1	0	0	0	0	509	551	
2	0	0	0	0	506	559	
3	0	0	0	0	504	563	
4	0	0	0	0	505	565	
5	0	0	0	0	508	563	
6	0	0	0	0	510	555	
7	0	0	0	0	509	541	
8	0	0	0	0	510	528	
9	0	0	0	0	512	513	
10	0	0	0	0	514	499	
11	0	0	0	0	516	488	
12	0	0	0	0	519	481	
13	0	0	0	0	519	476	
14	0	0	0	0	516	476	
15	0	0	0	0	510	481	
0	0	0	0	0	500	486	
1	0	0	0	0	491	490	
2	0	0	0	0	481	491	
3	0	0	0	0	472	489	
4	0	0	0	0	467	482	
5	0	0	0	0	463	480	
6	0	0	0	0	455	479	
7	0	0	0	0	451	478	
8	0	0	0	0	453	480	
9	0	0	0	0	457	478	
10	0	0	0	0	457	472	
11	0	0	0	0	459	467	
12	0	0	0	0	456	463	
13	0	0	0	0	450	459	
14	0	0	0	0	448	458	
15	0	0	0	0	446	461	
0	0	0	0	0	444	465	
1	0	0	0	0	446	470	
2	0	0	0	0	450	473	
3	0	0	0	0	454	473	
4	0	0	0	0	459	472	
5	0	0	0	0	465	471	
6	0	0	0	0	470	469	
7	0	0	0	0	472	467	
8	0	0	0	0	476	466	
9	0	0	0	0	477	468	
10	0	0	0	0	480	476	
11	0	0	0	0	482	484	
12	0	0	0	0	484	494	
13	0	0	0	0	487	505	
14	0	0	0	0	490	513	
15	0	0	0	0	493	517	
0	0	0	0	0	496	517	
1	0	0	0	0	494	510	
2	0	0	0	0	493	500	
3	0	0	0	0	492	495	
4	0	0	0	0	492	490	
5	0	0	0	0	492	483	
6	0	0	0	0	499	475	
7	0	0	0	0	508	465	
8	0	0	0	0	516	455	
9	0	0	0	0	523	448	
10	0	0	0	0	528	436	
11	0	0	0	0	528	427	
12	0	0	0	0	524	414	
13	0	0	0	0	519	409	
14	0	0	0	0	511	405	
15	0	0	0	0	509	407	
0	0	0	0	0	508	409	
1	0	0	0	0	508	415	
2	0	0	0	0	513	423	
3	0	0	0	0	526	436	
4	0	0	0	0	547	452	
5	0	0	0	0	565	467	
6	0	0	0	0	583	481	
7	0	0	0	0	594	493	
8	0	0	0	0	597	500	
9	0	0	0	0	596	505	
10	0	0	0	0	592	513	
11	0	0	0	0	588	524	
12	0	0	0	0	583	534	
13	0	0	0	0	572	541	
14	0	0	0	0	556	543	
15	0	0	0	0	540	546	
0	0	0	0	0	528	548	
1	0	0	0	0	518	554	
2	0	0	0	0	510	560	
3	0	0	0	0	508	565	
4	0	0	0	0	505	563	
5	0	0	0	0	506	562	
6	0	0	0	0	512	554	
7	0	0	0	0	519	545	
8	0	0	0	0	525	534	
9	0	0	0	0	531	524	
10	0	0	0	0	536	516	
11	0	0	0	0	540	514	
12	0	0	0	0	544	516	
13	0	0	0	0	546	520	
14	0	0	0	0	546	521	
15	0	0	0	0	546	525	
0	0	0	0	0	545	530	
1	0	0	0	0	545	536	
2	0	0	0	0	551	541	
3	0	0	0	0	556	547	
4	0	0	0	0	560	549	
5	0	0	0	0	564	550	
6	0	0	0	0	565	553	
7	0	0	0	0	565	560	
8	0	0	0	0	564	568	
9	0	0	0	0	562	572	
10	0	0	0	0	557	575	
11	0	0	0	0	550	574	
12	0	0	0	0	539	572	
13	0	0	0	0	522	564	
14	0	0	0	0	513	558	
15	0	0	0	0	509	553	
0	0	0	0	0	509	556	
1	0	0	0	0	512	560	
2	0	0	0	0	513	561	
3	0	0	0	0	516	560	
4	0	0	0	0	517	558	
5	0	0	0	0	513	553	
6	0	0	0	0	508	543	
7	0	0	0	0	505	531	
8	0	0	0	0	511	516	
9	0	0	0	0	522	500	
10	0	0	0	0	538	487	
11	0	0	0	0	555	476	
12	0	0	0	0	569	470	
13	0	0	0	0	578	467	
14	0	0	0	0	585	472	
15	0	0	0	0	589	481	
0	0	0	0	0	587	492	
1	0	0	0	0	575	501	
2	0	0	0	0	565	513	
3	0	0	0	0	553	527	
4	0	0	0	0	544	535	
5	0	0	0	0	542	539	
6	0	0	0	0	538	538	
7	0	0	0	0	534	534	
8	0	0	0	0	526	527	
9	0	0	0	0	517	521	
10	0	0	0	0	507	519	
11	0	0	0	0	494	517	
12	0	0	0	0	481	515	
13	0	0	0	0	476	519	
14	0	0	0	0	472	519	
15	0	0	0	0	467	516	
0	0	0	0	0	463	510	
1	0	0	0	0	467	504	
2	0	0	0	0	475	503	
3	0	0	0	0	483	503	
4	0	0	0	0	495	505	
5	0	0	0	0	506	510	
6	0	0	0	0	518	517	
7	0	0	0	0	529	525	
8	0	0	0	0	536	535	
9	0	0	0	0	541	540	
10	0	0	0	0	544	542	
11	0	0	0	0	546	544	
12	0	0	0	0	543	540	
13	0	0	0	0	537	532	
14	0	0	0	0	530	520	
15	0	0	0	0	525	511	
0	0	0	0	0	521	505	
1	0	0	0	0	515	502	
2	0	0	0	0	512	503	
3	0	0	0	0	508	505	
4	0	0	0	0	508	506	
5	0	0	0	0	505	508	
6	0	0	0	0	508	512	
7	0	0	0	0	510	523	
8	0	0	0	0	514	538	
9	0	0	0	0	515	553	
10	0	0	0	0	517	569	
11	0	0	0	0	518	583	
12	0	0	0	0	515	588	
13	0	0	0	0	511	588	
14	0	0	0	0	504	582	
15	0	0	0	0	494	573	
0	0	0	0	0	487	570	
1	0	0	0	0	484	574	
2	0	0	0	0	486	583	
3	0	0	0	0	493	594	
4	0	0	0	0	499	603	
5	0	0	0	0	507	608	
6	0	0	0	0	515	607	
7	0	0	0	0	519	603	
8	0	0	0	0	519	591	
9	0	0	0	0	520	577	
10	0	0	0	0	519	560	
11	0	0	0	0	519	542	
12	0	0	0	0	513	523	
13	0	0	0	0	502	503	
14	0	0	0	0	492	483	
15	0	0	0	0	484	470	
0	0	0	0	0	477	468	
1	0	0	0	0	478	473	
2	0	0	0	0	483	480	
3	0	0	0	0	489	489	
4	0	0	0	0	496	497	
5	0	0	0	0	500	505	
6	0	0	0	0	507	514	
7	0	0	0	0	511	519	
8	0	0	0	0	510	526	
9	0	0	0	0	511	531	
10	0	0	0	0	519	533	
11	0	0	0	0	528	535	
12	0	0	0	0	540	542	
13	0	0	0	0	545	551	
14	0	0	0	0	553	558	
15	0	0	0	0	559	558	
0	0	0	0	0	564	559	
1	0	0	0	0	563	562	
2	0	0	0	0	557	566	
3	0	0	0	0	547	563	
4	0	0	0	0	530	556	
5	0	0	0	0	512	545	
6	0	0	0	0	494	531	
7	0	0	0	0	476	512	
8	0	0	0	0	455	496	
9	0	0	0	0	435	484	
10	0	0	0	0	422	479	
11	0	0	0	0	412	477	
12	0	0	0	0	407	487	
13	0	0	0	0	406	502	
14	0	0	0	0	412	516	
15	0	0	0	0	425	524	
0	0	0	0	0	442	532	
1	0	0	0	0	462	536	
2	0	0	0	0	480	537	
3	0	0	0	0	495	537	
4	0	0	0	0	507	536	
5	0	0	0	0	510	537	
6	0	0	0	0	512	533	
7	0	0	0	0	513	530	
8	0	0	0	0	511	531	
9	0	0	0	0	508	529	
10	0	0	0	0	508	526	
11	0	0	0	0	506	524	
12	0	0	0	0	505	518	
13	0	0	0	0	503	513	
14	0	0	0	0	505	511	
15	0	0	0	0	505	507	
0	0	0	0	0	503	507	
1	0	0	0	0	503	507	
2	0	0	0	0	502	506	
3	0	0	0	0	502	506	
4	0	0	0	0	499	507	
5	0	0	0	0	496	507	
6	0	0	0	0	492	508	
7	0	0	0	0	491	504	
8	0	0	0	0	497	492	
9	0	0	0	0	504	478	
10	0	0	0	0	509	465	
11	0	0	0	0	514	456	
12	0	0	0	0	517	452	
13	0	0	0	0	519	454	
14	0	0	0	0	518	454	
15	0	0	0	0	515	452	
0	0	0	0	0	512	452	
1	0	0	0	0	507	454	
2	0	0	0	0	501	460	
3	0	0	0	0	501	472	
4	0	0	0	0	503	489	
5	0	0	0	0	511	505	
6	0	0	0	0	521	521	
7	0	0	0	0	529	540	
8	0	0	0	0	540	555	
9	0	0	0	0	549	567	
10	0	0	0	0	554	574	
11	0	0	0	0	556	579	
12	0	0	0	0	556	578	
13	0	0	0	0	553	582	
14	0	0	0	0	549	584	
15	0	0	0	0	544	588	
0	0	0	0	0	536	592	
1	0	0	0	0	529	598	
2	0	0	0	0	522	598	
3	0	0	0	0	515	593	
4	0	0	0	0	510	589	
5	0	0	0	0	506	580	
6	0	0	0	0	511	571	
7	0	0	0	0	521	560	
8	0	0	0	0	532	547	
9	0	0	0	0	544	539	
10	0	0	0	0	556	534	
11	0	0	0	0	568	533	
12	0	0	0	0	578	535	
13	0	0	0	0	588	536	
14	0	0	0	0	596	536	
15	0	0	0	0	595	538	
0	0	0	0	0	585	531	
1	0	0	0	0	575	523	
2	0	0	0	0	564	512	
3	0	0	0	0	556	502	
4	0	0	0	0	554	494	
5	0	0	0	0	555	493	
6	0	0	0	0	552	495	
7	0	0	0	0	551	498	
8	0	0	0	0	551	504	
9	0	0	0	0	551	510	
10	0	0	0	0	557	518	
11	0	0	0	0	561	524	
12	0	0	0	0	566	528	
13	0	0	0	0	571	539	
14	0	0	0	0	578	546	
15	0	0	0	0	585	548	
0	0	0	0	0	591	548	
1	0	0	0	0	594	544	
2	0	0	0	0	596	536	
3	0	0	0	0	594	526	
4	0	0	0	0	592	515	
5	0	0	0	0	585	502	
6	0	0	0	0	575	492	
7	0	0	0	0	567	488	
8	0	0	0	0	558	487	
9	0	0	0	0	550	487	
10	0	0	0	0	546	490	
11	0	0	0	0	543	493	
12	0	0	0	0	548	495	
13	0	0	0	0	554	496	
14	0	0	0	0	562	496	
15	0	0	0	0	569	498	
0	0	0	0	0	573	497	
1	0	0	0	0	572	494	
2	0	0	0	0	566	487	
3	0	0	0	0	555	476	
4	0	0	0	0	537	463	
5	0	0	0	0	519	455	
6	0	0	0	0	510	448	
7	0	0	0	0	504	440	
8	0	0	0	0	504	428	
9	0	0	0	0	509	418	
10	0	0	0	0	513	408	
11	0	0	0	0	514	405	
12	0	0	0	0	516	406	
13	0	0	0	0	520	414	
14	0	0	0	0	522	432	
15	0	0	0	0	525	457	
0	0	0	0	0	531	486	
1	0	0	0	0	537	515	
2	0	0	0	0	540	535	
3	0	0	0	0	540	541	
4	0	0	0	0	537	542	
5	0	0	0	0	539	540	
6	0	0	0	0	542	537	
7	0	0	0	0	547	528	
8	0	0	0	0	551	510	
9	0	0	0	0	553	490	
10	0	0	0	0	548	474	
11	0	0	0	0	541	462	
12	0	0	0	0	537	456	
13	0	0	0	0	531	455	
14	0	0	0	0	526	459	
15	0	0	0	0	529	463	
0	0	0	0	0	530	468	
1	0	0	0	0	531	469	
2	0	0	0	0	536	468	
3	0	0	0	0	536	466	
4	0	0	0	0	531	460	
5	0	0	0	0	527	451	
6	0	0	0	0	526	445	
7	0	0	0	0	524	438	
8	0	0	0	0	523	433	
9	0	0	0	0	528	430	
10	0	0	0	0	534	427	
11	0	0	0	0	540	424	
12	0	0	0	0	548	424	
13	0	0	0	0	556	428	
14	0	0	0	0	562	436	
15	0	0	0	0	565	447	
0	0	0	0	0	563	458	
1	0	0	0	0	563	467	
2	0	0	0	0	563	476	
3	0	0	0	0	564	483	
4	0	0	0	0	565	483	
5	0	0	0	0	567	479	
6	0	0	0	0	574	475	
7	0	0	0	0	579	471	
8	0	0	0	0	585	466	
9	0	0	0	0	587	461	
10	0	0	0	0	582	458	
11	0	0	0	0	577	458	
12	0	0	0	0	572	462	
13	0	0	0	0	563	465	
14	0	0	0	0	556	467	
15	0	0	0	0	554	471	
0	0	0	0	0	554	476	
1	0	0	0	0	556	483	
2	0	0	0	0	559	491	
3	0	0	0	0	561	498	
4	0	0	0	0	568	501	
5	0	0	0	0	575	503	
6	0	0	0	0	582	499	
7	0	0	0	0	588	491	
8	0	0	0	0	592	482	
9	0	0	0	0	594	476	
10	0	0	0	0	593	470	
11	0	0	0	0	585	463	
12	0	0	0	0	577	460	
13	0	0	0	0	571	453	
14	0	0	0	0	561	447	
15	0	0	0	0	552	446	
0	0	0	0	0	548	447	
1	0	0	0	0	546	451	
2	0	0	0	0	543	456	
3	0	0	0	0	539	464	
4	0	0	0	0	536	472	
5	0	0	0	0	538	484	
6	0	0	0	0	541	496	
7	0	0	0	0	544	502	
8	0	0	0	0	545	509	
9	0	0	0	0	544	523	
10	0	0	0	0	542	534	
11	0	0	0	0	534	546	
12	0	0	0	0	523	553	
13	0	0	0	0	514	552	
14	0	0	0	0	509	542	
15	0	0	0	0	505	529	
0	0	0	0	0	502	518	
1	0	0	0	0	497	508	
2	0	0	0	0	492	495	
3	0	0	0	0	487	480	
4	0	0	0	0	483	460	
5	0	0	0	0	482	442	
6	0	0	0	0	488	428	
7	0	0	0	0	504	423	
8	0	0	0	0	524	425	
9	0	0	0	0	543	432	
10	0	0	0	0	559	437	
11	0	0	0	0	570	447	
12	0	0	0	0	572	459	
13	0	0	0	0	569	473	
14	0	0	0	0	558	486	
15	0	0	0	0	540	496	
0	0	0	0	0	519	505	
1	0	0	0	0	501	516	
2	0	0	0	0	487	527	
3	0	0	0	0	475	532	
4	0	0	0	0	465	538	
5	0	0	0	0	456	538	
6	0	0	0	0	454	535	
7	0	0	0	0	456	529	
8	0	0	0	0	461	526	
9	0	0	0	0	467	521	
10	0	0	0	0	472	514	
11	0	0	0	0	474	505	
12	0	0	0	0	480	499	
13	0	0	0	0	487	496	
14	0	0	0	0	494	499	
15	0	0	0	0	500	501	
0	0	0	0	0	505	504	
1	0	0	0	0	504	506	
2	0	0	0	0	503	511	
3	0	0	0	0	497	518	
4	0	0	0	0	491	519	
5	0	0	0	0	487	513	
6	0	0	0	0	485	502	
7	0	0	0	0	480	486	
8	0	0	0	0	480	465	
9	0	0	0	0	483	444	
10	0	0	0	0	493	434	
11	0	0	0	0	507	433	
12	0	0	0	0	524	441	
13	0	0	0	0	538	453	
14	0	0	0	0	547	468	
15	0	0	0	0	548	485	
0	0	0	0	0	541	508	
1	0	0	0	0	527	531	
2	0	0	0	0	510	552	
3	0	0	0	0	490	568	
4	0	0	0	0	471	583	
5	0	0	0	0	454	594	
6	0	0	0	0	444	599	
7	0	0	0	0	437	600	
8	0	0	0	0	436	594	
9	0	0	0	0	440	584	
10	0	0	0	0	444	575	
11	0	0	0	0	449	567	
12	0	0	0	0	448	561	
13	0	0	0	0	438	559	
14	0	0	0	0	429	560	
15	0	0	0	0	423	562	
0	0	0	0	0	423	572	
1	0	0	0	0	422	586	
2	0	0	0	0	416	598	
3	0	0	0	0	411	609	
4	0	0	0	0	408	621	
5	0	0	0	0	404	631	
6	0	0	0	0	406	643	
7	0	0	0	0	411	650	
8	0	0	0	0	417	652	
9	0	0	0	0	420	643	
10	0	0	0	0	419	635	
11	0	0	0	0	419	627	
12	0	0	0	0	422	621	
13	0	0	0	0	425	623	
14	0	0	0	0	428	627	
15	0	0	0	0	432	632	
0	0	0	0	0	432	640	
1	0	0	0	0	430	647	
2	0	0	0	0	426	654	
3	0	0	0	0	424	662	
4	0	0	0	0	427	669	
5	0	0	0	0	429	672	
6	0	0	0	0	429	668	
7	0	0	0	0	429	661	
8	0	0	0	0	430	650	
9	0	0	0	0	431	639	
10	0	0	0	0	437	623	
11	0	0	0	0	444	607	
12	0	0	0	0	446	596	
13	0	0	0	0	444	591	
14	0	0	0	0	443	595	
15	0	0	0	0	444	608	
0	0	0	0	0	449	623	
1	0	0	0	0	454	636	
2	0	0	0	0	457	643	
3	0	0	0	0	456	649	
4	0	0	0	0	456	652	
5	0	0	0	0	456	651	
6	0	0	0	0	456	641	
7	0	0	0	0	457	624	
8	0	0	0	0	456	602	
9	0	0	0	0	454	579	
10	0	0	0	0	451	560	
11	0	0	0	0	452	547	
12	0	0	0	0	455	543	
13	0	0	0	0	459	549	
14	0	0	0	0	462	560	
15	0	0	0	0	471	571	
0	0	0	0	0	482	585	
1	0	0	0	0	490	592	
2	0	0	0	0	489	595	
3	0	0	0	0	483	590	
4	0	0	0	0	480	579	
5	0	0	0	0	482	571	
6	0	0	0	0	489	566	
7	0	0	0	0	496	562	
8	0	0	0	0	498	557	
9	0	0	0	0	498	553	
10	0	0	0	0	496	551	
11	0	0	0	0	494	553	
12	0	0	0	0	497	560	
13	0	0	0	0	507	572	
14	0	0	0	0	518	591	
15	0	0	0	0	528	609	
0	0	0	0	0	531	624	
1	0	0	0	0	532	630	
2	0	0	0	0	528	635	
3	0	0	0	0	523	630	
4	0	0	0	0	515	625	
5	0	0	0	0	507	612	
6	0	0	0	0	499	603	
7	0	0	0	0	490	593	
8	0	0	0	0	480	583	
9	0	0	0	0	472	576	
10	0	0	0	0	467	571	
11	0	0	0	0	464	568	
12	0	0	0	0	462	570	
13	0	0	0	0	463	570	
14	0	0	0	0	469	575	
15	0	0	0	0	480	581	
0	0	0	0	0	491	587	
1	0	0	0	0	497	585	
2	0	0	0	0	504	579	
3	0	0	0	0	508	568	
4	0	0	0	0	508	559	
5	0	0	0	0	506	546	
6	0	0	0	0	501	534	
7	0	0	0	0	493	522	
8	0	0	0	0	485	511	
9	0	0	0	0	478	498	
10	0	0	0	0	476	481	
11	0	0	0	0	473	466	
12	0	0	0	0	470	460	
13	0	0	0	0	463	461	
14	0	0	0	0	459	465	
15	0	0	0	0	467	472	
0	0	0	0	0	484	480	
1	0	0	0	0	499	487	
2	0	0	0	0	515	492	
3	0	0	0	0	525	493	
4	0	0	0	0	529	500	
5	0	0	0	0	530	506	
6	0	0	0	0	527	514	
7	0	0	0	0	516	521	
8	0	0	0	0	502	522	
9	0	0	0	0	487	519	
10	0	0	0	0	473	516	
11	0	0	0	0	462	508	
12	0	0	0	0	457	500	
13	0	0	0	0	457	500	
14	0	0	0	0	462	506	
15	0	0	0	0	467	510	
0	0	0	0	0	467	513	
1	0	0	0	0	468	517	
2	0	0	0	0	467	521	
3	0	0	0	0	467	525	
4	0	0	0	0	469	532	
5	0	0	0	0	468	536	
6	0	0	0	0	467	539	
7	0	0	0	0	470	537	
8	0	0	0	0	472	535	
9	0	0	0	0	470	531	
10	0	0	0	0	464	527	
11	0	0	0	0	463	525	
12	0	0	0	0	465	529	
13	0	0	0	0	469	532	
14	0	0	0	0	475	534	
15	0	0	0	0	482	533	
0	0	0	0	0	487	534	
1	0	0	0	0	489	531	
2	0	0	0	0	484	526	
3	0	0	0	0	478	515	
4	0	0	0	0	467	504	
5	0	0	0	0	459	496	
6	0	0	0	0	453	494	
7	0	0	0	0	449	499	
8	0	0	0	0	449	511	
9	0	0	0	0	457	521	
10	0	0	0	0	472	526	
11	0	0	0	0	491	524	
12	0	0	0	0	511	513	
13	0	0	0	0	524	501	
14	0	0	0	0	532	492	
15	0	0	0	0	534	484	
0	0	0	0	0	528	482	
1	0	0	0	0	516	483	
2	0	0	0	0	505	491	
3	0	0	0	0	492	502	
4	0	0	0	0	479	512	
5	0	0	0	0	472	524	
6	0	0	0	0	468	533	
7	0	0	0	0	466	541	
8	0	0	0	0	461	546	
9	0	0	0	0	460	543	
10	0	0	0	0	455	536	
11	0	0	0	0	453	526	
12	0	0	0	0	452	514	
13	0	0	0	0	451	507	
14	0	0	0	0	451	499	
15	0	0	0	0	455	492	
0	0	0	0	0	465	484	
1	0	0	0	0	474	472	
2	0	0	0	0	482	462	
3	0	0	0	0	489	451	
4	0	0	0	0	497	443	
5	0	0	0	0	500	436	
6	0	0	0	0	499	431	
7	0	0	0	0	496	429	
8	0	0	0	0	495	429	
9	0	0	0	0	492	432	
10	0	0	0	0	490	441	
11	0	0	0	0	487	454	
12	0	0	0	0	482	464	
13	0	0	0	0	475	472	
14	0	0	0	0	466	477	
15	0	0	0	0	462	482	
0	0	0	0	0	459	487	
1	0	0	0	0	455	490	
2	0	0	0	0	451	490	
3	0	0	0	0	449	491	
4	0	0	0	0	447	491	
5	0	0	0	0	443	490	
6	0	0	0	0	446	489	
7	0	0	0	0	448	489	
8	0	0	0	0	451	487	
9	0	0	0	0	454	488	
10	0	0	0	0	457	492	
11	0	0	0	0	460	496	
12	0	0	0	0	467	500	
13	0	0	0	0	470	510	
14	0	0	0	0	470	515	
15	0	0	0	0	467	513	
0	0	0	0	0	469	509	
1	0	0	0	0	473	510	
2	0	0	0	0	480	517	
3	0	0	0	0	486	528	
4	0	0	0	0	486	539	
5	0	0	0	0	483	550	
6	0	0	0	0	479	557	
7	0	0	0	0	473	560	
8	0	0	0	0	472	553	
9	0	0	0	0	476	539	
10	0	0	0	0	480	523	
11	0	0	0	0	488	512	
12	0	0	0	0	498	505	
13	0	0	0	0	505	500	
14	0	0	0	0	510	499	
15	0	0	0	0	513	494	
0	0	0	0	0	512	488	
1	0	0	0	0	512	480	
2	0	0	0	0	512	473	
3	0	0	0	0	510	469	
4	0	0	0	0	508	463	
5	0	0	0	0	507	457	
6	0	0	0	0	507	452	
7	0	0	0	0	504	449	
8	0	0	0	0	502	449	
9	0	0	0	0	499	449	
10	0	0	0	0	499	448	
11	0	0	0	0	505	449	
12	0	0	0	0	515	453	
13	0	0	0	0	519	456	
14	0	0	0	0	525	459	
15	0	0	0	0	529	465	
0	0	0	0	0	531	479	
1	0	0	0	0	536	496	
2	0	0	0	0	543	513	
3	0	0	0	0	555	519	
4	0	0	0	0	567	523	
5	0	0	0	0	575	524	
6	0	0	0	0	577	526	
7	0	0	0	0	573	524	
8	0	0	0	0	569	514	
9	0	0	0	0	557	499	
10	0	0	0	0	541	480	
11	0	0	0	0	520	462	
12	0	0	0	0	503	446	
13	0	0	0	0	486	435	
14	0	0	0	0	472	432	
15	0	0	0	0	463	435	
0	0	0	0	0	461	444	
1	0	0	0	0	456	451	
2	0	0	0	0	453	457	
3	0	0	0	0	456	462	
4	0	0	0	0	459	464	
5	0	0	0	0	460	464	
6	0	0	0	0	459	463	
7	0	0	0	0	460	457	
8	0	0	0	0	463	453	
9	0	0	0	0	465	449	
10	0	0	0	0	472	444	
11	0	0	0	0	478	447	
12	0	0	0	0	483	458	
13	0	0	0	0	487	465	
14	0	0	0	0	490	474	
15	0	0	0	0	494	480	
0	0	0	0	0	497	483	
1	0	0	0	0	500	483	
2	0	0	0	0	504	473	
3	0	0	0	0	509	459	
4	0	0	0	0	513	441	
5	0	0	0	0	519	423	
6	0	0	0	0	526	407	
7	0	0	0	0	536	396	
8	0	0	0	0	547	391	
9	0	0	0	0	557	391	
10	0	0	0	0	561	399	
11	0	0	0	0	560	408	
12	0	0	0	0	550	421	
13	0	0	0	0	535	435	
14	0	0	0	0	519	459	
15	0	0	0	0	499	481	
0	0	0	0	0	478	503	
1	0	0	0	0	459	526	
2	0	0	0	0	438	541	
3	0	0	0	0	424	551	
4	0	0	0	0	416	557	
5	0	0	0	0	415	564	
6	0	0	0	0	419	568	
7	0	0	0	0	417	574	
8	0	0	0	0	415	574	
9	0	0	0	0	412	576	
10	0	0	0	0	408	573	
11	0	0	0	0	403	575	
12	0	0	0	0	399	570	
13	0	0	0	0	393	571	
14	0	0	0	0	387	567	
15	0	0	0	0	384	568	
0	0	0	0	0	390	566	
1	0	0	0	0	400	569	
2	0	0	0	0	416	574	
3	0	0	0	0	432	581	
4	0	0	0	0	441	590	
5	0	0	0	0	446	593	
6	0	0	0	0	449	593	
7	0	0	0	0	453	587	
8	0	0	0	0	457	582	
9	0	0	0	0	461	582	
10	0	0	0	0	466	582	
11	0	0	0	0	472	582	
12	0	0	0	0	476	583	
13	0	0	0	0	483	587	
14	0	0	0	0	490	587	
15	0	0	0	0	494	579	
0	0	0	0	0	492	564	
1	0	0	0	0	488	543	
2	0	0	0	0	483	526	
3	0	0	0	0	476	512	
4	0	0	0	0	472	506	
5	0	0	0	0	470	503	
6	0	0	0	0	470	497	
7	0	0	0	0	473	489	
8	0	0	0	0	475	489	
9	0	0	0	0	473	490	
10	0	0	0	0	467	489	
11	0	0	0	0	458	488	
12	0	0	0	0	447	492	
13	0	0	0	0	436	497	
14	0	0	0	0	432	501	
15	0	0	0	0	432	502	
0	0	0	0	0	434	500	
1	0	0	0	0	436	503	
2	0	0	0	0	437	508	
3	0	0	0	0	439	511	
4	0	0	0	0	437	514	
5	0	0	0	0	437	517	
6	0	0	0	0	441	513	
7	0	0	0	0	447	507	
8	0	0	0	0	454	502	
9	0	0	0	0	462	499	
10	0	0	0	0	469	497	
11	0	0	0	0	476	499	
12	0	0	0	0	487	501	
13	0	0	0	0	493	501	
14	0	0	0	0	496	498	
15	0	0	0	0	494	500	
0	0	0	0	0	486	505	
1	0	0	0	0	479	511	
2	0	0	0	0	475	520	
3	0	0	0	0	471	529	
4	0	0	0	0	469	535	
5	0	0	0	0	469	535	
6	0	0	0	0	468	531	
7	0	0	0	0	468	525	
8	0	0	0	0	466	517	
9	0	0	0	0	470	511	
10	0	0	0	0	476	510	
11	0	0	0	0	484	512	
12	0	0	0	0	493	515	
13	0	0	0	0	503	513	
14	0	0	0	0	509	514	
15	0	0	0	0	515	510	
0	0	0	0	0	520	504	
1	0	0	0	0	524	496	
2	0	0	0	0	525	489	
3	0	0	0	0	525	488	
4	0	0	0	0	529	488	
5	0	0	0	0	537	490	
6	0	0	0	0	544	491	
7	0	0	0	0	547	491	
8	0	0	0	0	550	487	
9	0	0	0	0	553	486	
10	0	0	0	0	559	487	
11	0	0	0	0	567	489	
12	0	0	0	0	574	491	
13	0	0	0	0	575	491	
14	0	0	0	0	572	491	
15	0	0	0	0	568	490	
0	0	0	0	0	566	488	
1	0	0	0	0	561	487	
2	0	0	0	0	558	486	
3	0	0	0	0	553	486	
4	0	0	0	0	544	486	
5	0	0	0	0	536	487	
6	0	0	0	0	532	492	
7	0	0	0	0	527	497	
8	0	0	0	0	527	506	
9	0	0	0	0	528	510	
10	0	0	0	0	528	510	
11	0	0	0	0	527	507	
12	0	0	0	0	527	503	
13	0	0	0	0	524	499	
14	0	0	0	0	522	492	
15	0	0	0	0	521	487	
0	0	0	0	0	524	481	
1	0	0	0	0	529	473	
2	0	0	0	0	532	470	
3	0	0	0	0	536	469	
4	0	0	0	0	536	469	
5	0	0	0	0	536	470	
6	0	0	0	0	536	475	
7	0	0	0	0	534	478	
8	0	0	0	0	531	479	
9	0	0	0	0	529	477	
10	0	0	0	0	528	471	
11	0	0	0	0	526	459	
12	0	0	0	0	524	447	
13	0	0	0	0	520	435	
14	0	0	0	0	522	430	
15	0	0	0	0	528	431	
0	0	0	0	0	534	438	
1	0	0	0	0	534	448	
2	0	0	0	0	528	455	
3	0	0	0	0	526	469	
4	0	0	0	0	523	486	
5	0	0	0	0	518	503	
6	0	0	0	0	516	513	
7	0	0	0	0	515	518	
8	0	0	0	0	515	515	
9	0	0	0	0	517	509	
10	0	0	0	0	518	503	
11	0	0	0	0	516	495	
12	0	0	0	0	516	490	
13	0	0	0	0	521	489	
14	0	0	0	0	534	493	
15	0	0	0	0	546	502	
0	0	0	0	0	556	515	
1	0	0	0	0	566	528	
2	0	0	0	0	567	541	
3	0	0	0	0	562	551	
4	0	0	0	0	559	564	
5	0	0	0	0	554	573	
6	0	0	0	0	546	574	
7	0	0	0	0	539	563	
8	0	0	0	0	538	543	
9	0	0	0	0	531	516	
10	0	0	0	0	525	487	
11	0	0	0	0	519	458	
12	0	0	0	0	513	432	
13	0	0	0	0	505	412	
14	0	0	0	0	498	400	
15	0	0	0	0	493	390	
0	0	0	0	0	488	380	
1	0	0	0	0	483	376	
2	0	0	0	0	476	378	
3	0	0	0	0	472	382	
4	0	0	0	0	473	389	
5	0	0	0	0	479	397	
6	0	0	0	0	487	407	
7	0	0	0	0	498	417	
8	0	0	0	0	507	426	
9	0	0	0	0	509	431	
10	0	0	0	0	511	435	
11	0	0	0	0	513	437	
12	0	0	0	0	518	439	
13	0	0	0	0	522	440	
14	0	0	0	0	527	446	
15	0	0	0	0	531	449	
0	0	0	0	0	535	455	
1	0	0	0	0	537	459	
2	0	0	0	0	541	469	
3	0	0	0	0	541	477	
4	0	0	0	0	543	487	
5	0	0	0	0	542	494	
6	0	0	0	0	538	501	
7	0	0	0	0	531	507	
8	0	0	0	0	522	511	
9	0	0	0	0	513	516	
10	0	0	0	0	505	524	
11	0	0	0	0	497	531	
12	0	0	0	0	498	538	
13	0	0	0	0	501	544	
14	0	0	0	0	505	552	
15	0	0	0	0	508	556	
0	0	0	0	0	511	559	
1	0	0	0	0	511	556	
2	0	0	0	0	510	553	
3	0	0	0	0	510	549	
4	0	0	0	0	509	547	
5	0	0	0	0	512	546	
6	0	0	0	0	513	540	
7	0	0	0	0	510	531	
8	0	0	0	0	505	514	
9	0	0	0	0	498	495	
10	0	0	0	0	491	473	
11	0	0	0	0	484	453	
12	0	0	0	0	481	438	
13	0	0	0	0	485	431	
14	0	0	0	0	492	432	
15	0	0	0	0	496	440	
0	0	0	0	0	505	446	
1	0	0	0	0	516	459	
2	0	0	0	0	524	474	
3	0	0	0	0	529	486	
4	0	0	0	0	528	495	
5	0	0	0	0	526	504	
6	0	0	0	0	524	512	
7	0	0	0	0	521	517	
8	0	0	0	0	518	517	
9	0	0	0	0	511	516	
10	0	0	0	0	500	514	
11	0	0	0	0	494	519	
12	0	0	0	0	491	524	
13	0	0	0	0	486	529	
14	0	0	0	0	481	527	
15	0	0	0	0	474	523	
0	0	0	0	0	470	520	
1	0	0	0	0	468	521	
2	0	0	0	0	470	519	
3	0	0	0	0	476	511	
4	0	0	0	0	480	501	
5	0	0	0	0	483	488	
6	0	0	0	0	488	476	
7	0	0	0	0	496	463	
8	0	0	0	0	510	455	
9	0	0	0	0	526	454	
10	0	0	0	0	539	455	
11	0	0	0	0	545	451	
12	0	0	0	0	548	447	
13	0	0	0	0	547	443	
14	0	0	0	0	541	440	
15	0	0	0	0	536	439	
0	0	0	0	0	528	441	
1	0	0	0	0	524	438	
2	0	0	0	0	524	430	
3	0	0	0	0	527	425	
4	0	0	0	0	526	428	
5	0	0	0	0	520	439	
6	0	0	0	0	517	452	
7	0	0	0	0	513	462	
8	0	0	0	0	509	469	
9	0	0	0	0	502	478	
10	0	0	0	0	501	490	
11	0	0	0	0	508	507	
12	0	0	0	0	516	521	
13	0	0	0	0	522	529	
14	0	0	0	0	527	531	
15	0	0	0	0	532	525	
0	0	0	0	0	538	517	
1	0	0	0	0	543	508	
2	0	0	0	0	545	499	
3	0	0	0	0	551	493	
4	0	0	0	0	558	491	
5	0	0	0	0	559	492	
6	0	0	0	0	557	496	
7	0	0	0	0	551	498	
8	0	0	0	0	543	504	
9	0	0	0	0	532	505	
10	0	0	0	0	520	503	
11	0	0	0	0	515	496	
12	0	0	0	0	510	486	
13	0	0	0	0	511	478	
14	0	0	0	0	514	472	
15	0	0	0	0	520	467	
0	0	0	0	0	527	463	
1	0	0	0	0	539	463	
2	0	0	0	0	552	463	
3	0	0	0	0	563	466	
4	0	0	0	0	573	468	
5	0	0	0	0	579	475	
6	0	0	0	0	588	483	
7	0	0	0	0	595	492	
8	0	0	0	0	601	505	
9	0	0	0	0	605	516	
10	0	0	0	0	607	526	
11	0	0	0	0	608	529	
12	0	0	0	0	607	529	
13	0	0	0	0	604	525	
14	0	0	0	0	604	522	
15	0	0	0	0	603	524	
0	0	0	0	0	599	527	
1	0	0	0	0	600	527	
2	0	0	0	0	603	526	
3	0	0	0	0	603	523	
4	0	0	0	0	602	518	
5	0	0	0	0	595	515	
6	0	0	0	0	586	512	
7	0	0	0	0	573	506	
8	0	0	0	0	561	502	
9	0	0	0	0	551	499	
10	0	0	0	0	545	499	
11	0	0	0	0	540	502	
12	0	0	0	0	539	502	
13	0	0	0	0	537	501	
14	0	0	0	0	545	507	
15	0	0	0	0	555	519	
0	0	0	0	0	567	536	
1	0	0	0	0	573	553	
2	0	0	0	0	574	570	
3	0	0	0	0	569	578	
4	0	0	0	0	563	579	
5	0	0	0	0	558	573	
6	0	0	0	0	552	557	
7	0	0	0	0	545	534	
8	0	0	0	0	538	505	
9	0	0	0	0	530	480	
10	0	0	0	0	522	462	
11	0	0	0	0	519	454	
12	0	0	0	0	524	448	
13	0	0	0	0	538	438	
14	0	0	0	0	555	427	
15	0	0	0	0	572	413	
0	0	0	0	0	589	407	
1	0	0	0	0	604	400	
2	0	0	0	0	615	398	
3	0	0	0	0	621	393	
4	0	0	0	0	626	388	
5	0	0	0	0	626	384	
6	0	0	0	0	623	384	
7	0	0	0	0	618	385	
8	0	0	0	0	614	389	
9	0	0	0	0	609	399	
10	0	0	0	0	605	409	
11	0	0	0	0	604	428	
12	0	0	0	0	603	435	
13	0	0	0	0	600	444	
14	0	0	0	0	594	442	
15	0	0	0	0	590	445	
0	0	0	0	0	591	447	
1	0	0	0	0	591	452	
2	0	0	0	0	590	454	
3	0	0	0	0	590	462	
4	0	0	0	0	584	466	
5	0	0	0	0	575	472	
6	0	0	0	0	567	472	
7	0	0	0	0	558	468	
8	0	0	0	0	553	466	
9	0	0	0	0	552	471	
10	0	0	0	0	552	478	
11	0	0	0	0	547	486	
12	0	0	0	0	537	484	
13	0	0	0	0	532	478	
14	0	0	0	0	531	468	
15	0	0	0	0	528	459	
0	0	0	0	0	521	446	
1	0	0	0	0	514	437	
2	0	0	0	0	511	430	
3	0	0	0	0	514	425	
4	0	0	0	0	523	421	
5	0	0	0	0	537	420	
6	0	0	0	0	550	421	
7	0	0	0	0	560	427	
8	0	0	0	0	569	431	
9	0	0	0	0	576	438	
10	0	0	0	0	580	447	
11	0	0	0	0	588	460	
12	0	0	0	0	595	467	
13	0	0	0	0	600	475	
14	0	0	0	0	604	491	
15	0	0	0	0	604	504	
0	0	0	0	0	603	524	
1	0	0	0	0	600	538	
2	0	0	0	0	597	547	
3	0	0	0	0	592	552	
4	0	0	0	0	590	558	
5	0	0	0	0	589	564	
6	0	0	0	0	588	567	
7	0	0	0	0	589	563	
8	0	0	0	0	589	553	
9	0	0	0	0	591	538	
10	0	0	0	0	589	517	
11	0	0	0	0	587	496	
12	0	0	0	0	583	479	
13	0	0	0	0	578	467	
14	0	0	0	0	571	458	
15	0	0	0	0	564	453	
0	0	0	0	0	558	453	
1	0	0	0	0	553	451	
2	0	0	0	0	549	451	
3	0	0	0	0	544	449	
4	0	0	0	0	540	449	
5	0	0	0	0	541	456	
6	0	0	0	0	544	470	
7	0	0	0	0	551	487	
8	0	0	0	0	560	503	
9	0	0	0	0	567	519	
10	0	0	0	0	571	531	
11	0	0	0	0	572	542	
12	0	0	0	0	574	551	
13	0	0	0	0	572	558	
14	0	0	0	0	572	559	
15	0	0	0	0	571	560	
0	0	0	0	0	572	556	
1	0	0	0	0	578	552	
2	0	0	0	0	591	545	
3	0	0	0	0	600	532	
4	0	0	0	0	607	522	
5	0	0	0	0	610	513	
6	0	0	0	0	614	509	
7	0	0	0	0	617	512	
8	0	0	0	0	611	512	
9	0	0	0	0	607	511	
10	0	0	0	0	600	511	
11	0	0	0	0	593	512	
12	0	0	0	0	588	512	
13	0	0	0	0	583	512	
14	0	0	0	0	579	508	
15	0	0	0	0	576	502	
0	0	0	0	0	575	498	
1	0	0	0	0	572	491	
2	0	0	0	0	567	487	
3	0	0	0	0	559	486	
4	0	0	0	0	548	486	
5	0	0	0	0	539	492	
6	0	0	0	0	530	497	
7	0	0	0	0	527	502	
8	0	0	0	0	523	508	
9	0	0	0	0	521	513	
10	0	0	0	0	523	520	
11	0	0	0	0	526	529	
12	0	0	0	0	529	543	
13	0	0	0	0	534	555	
14	0	0	0	0	539	568	
15	0	0	0	0	543	573	
0	0	0	0	0	548	576	
1	0	0	0	0	553	575	
2	0	0	0	0	553	572	
3	0	0	0	0	554	566	
4	0	0	0	0	552	559	
5	0	0	0	0	547	545	
6	0	0	0	0	543	528	
7	0	0	0	0	537	515	
8	0	0	0	0	531	506	
9	0	0	0	0	527	501	
10	0	0	0	0	523	498	
11	0	0	0	0	519	495	
12	0	0	0	0	519	495	
13	0	0	0	0	523	495	
14	0	0	0	0	527	498	
15	0	0	0	0	537	507	
0	0	0	0	0	546	519	
1	0	0	0	0	553	526	
2	0	0	0	0	558	526	
3	0	0	0	0	561	527	
4	0	0	0	0	562	531	
5	0	0	0	0	556	534	
6	0	0	0	0	541	535	
7	0	0	0	0	527	538	
8	0	0	0	0	512	543	
9	0	0	0	0	500	543	
10	0	0	0	0	489	543	
11	0	0	0	0	483	546	
12	0	0	0	0	475	544	
13	0	0	0	0	465	541	
14	0	0	0	0	459	533	
15	0	0	0	0	457	529	
0	0	0	0	0	456	527	
1	0	0	0	0	460	523	
2	0	0	0	0	464	515	
3	0	0	0	0	469	506	
4	0	0	0	0	474	494	
5	0	0	0	0	475	482	
6	0	0	0	0	472	466	
7	0	0	0	0	469	457	
8	0	0	0	0	464	454	
9	0	0	0	0	461	460	
10	0	0	0	0	464	471	
11	0	0	0	0	468	481	
12	0	0	0	0	472	493	
13	0	0	0	0	478	503	
14	0	0	0	0	487	512	
15	0	0	0	0	496	522	
0	0	0	0	0	505	527	
1	0	0	0	0	518	527	
2	0	0	0	0	529	527	
3	0	0	0	0	539	530	
4	0	0	0	0	549	533	
5	0	0	0	0	553	529	
6	0	0	0	0	551	519	
7	0	0	0	0	545	504	
8	0	0	0	0	537	489	
9	0	0	0	0	528	474	
10	0	0	0	0	515	461	
11	0	0	0	0	507	451	
12	0	0	0	0	498	446	
13	0	0	0	0	489	443	
14	0	0	0	0	482	443	
15	0	0	0	0	475	449	
0	0	0	0	0	469	460	
1	0	0	0	0	466	468	
2	0	0	0	0	462	478	
3	0	0	0	0	455	485	
4	0	0	0	0	453	483	
5	0	0	0	0	452	472	
6	0	0	0	0	455	467	
7	0	0	0	0	467	467	
8	0	0	0	0	479	472	
9	0	0	0	0	494	478	
10	0	0	0	0	510	487	
11	0	0	0	0	529	500	
12	0	0	0	0	546	511	
13	0	0	0	0	559	523	
14	0	0	0	0	572	529	
15	0	0	0	0	577	526	
0	0	0	0	0	579	519	
1	0	0	0	0	575	508	
2	0	0	0	0	568	492	
3	0	0	0	0	561	479	
4	0	0	0	0	556	470	
5	0	0	0	0	551	471	
6	0	0	0	0	545	475	
7	0	0	0	0	543	483	
8	0	0	0	0	541	489	
9	0	0	0	0	535	492	
10	0	0	0	0	525	488	
11	0	0	0	0	517	484	
12	0	0	0	0	513	488	
13	0	0	0	0	514	497	
14	0	0	0	0	513	511	
15	0	0	0	0	518	527	
0	0	0	0	0	521	546	
1	0	0	0	0	522	564	
2	0	0	0	0	521	580	
3	0	0	0	0	519	588	
4	0	0	0	0	515	589	
5	0	0	0	0	511	582	
6	0	0	0	0	506	568	
7	0	0	0	0	504	550	
8	0	0	0	0	507	532	
9	0	0	0	0	511	517	
10	0	0	0	0	511	504	
11	0	0	0	0	511	495	
12	0	0	0	0	518	491	
13	0	0	0	0	523	491	
14	0	0	0	0	531	491	
15	0	0	0	0	534	488	
0	0	0	0	0	535	486	
1	0	0	0	0	531	485	
2	0	0	0	0	526	488	
3	0	0	0	0	514	490	
4	0	0	0	0	502	493	
5	0	0	0	0	493	498	
6	0	0	0	0	486	512	
7	0	0	0	0	483	526	
8	0	0	0	0	481	545	
9	0	0	0	0	483	567	
10	0	0	0	0	481	583	
11	0	0	0	0	481	589	
12	0	0	0	0	482	585	
13	0	0	0	0	484	576	
14	0	0	0	0	484	564	
15	0	0	0	0	483	551	
0	0	0	0	0	479	538	
1	0	0	0	0	477	528	
2	0	0	0	0	476	523	
3	0	0	0	0	478	521	
4	0	0	0	0	485	523	
5	0	0	0	0	490	524	
6	0	0	0	0	496	523	
7	0	0	0	0	499	521	
8	0	0	0	0	502	515	
9	0	0	0	0	499	510	
10	0	0	0	0	494	505	
11	0	0	0	0	491	500	
12	0	0	0	0	489	493	
13	0	0	0	0	487	487	
14	0	0	0	0	486	483	
15	0	0	0	0	485	479	
0	0	0	0	0	484	480	
1	0	0	0	0	483	481	
2	0	0	0	0	484	485	
3	0	0	0	0	484	492	
4	0	0	0	0	484	498	
5	0	0	0	0	482	505	
6	0	0	0	0	478	513	
7	0	0	0	0	477	523	
8	0	0	0	0	480	538	
9	0	0	0	0	490	545	
10	0	0	0	0	505	549	
11	0	0	0	0	526	547	
12	0	0	0	0	547	542	
13	0	0	0	0	562	540	
14	0	0	0	0	572	543	
15	0	0	0	0	578	550	
0	0	0	0	0	574	550	
1	0	0	0	0	566	545	
2	0	0	0	0	553	536	
3	0	0	0	0	541	525	
4	0	0	0	0	530	513	
5	0	0	0	0	519	506	
6	0	0	0	0	511	504	
7	0	0	0	0	503	510	
8	0	0	0	0	496	522	
9	0	0	0	0	489	536	
10	0	0	0	0	480	548	
11	0	0	0	0	478	550	
12	0	0	0	0	478	545	
13	0	0	0	0	479	532	
14	0	0	0	0	477	514	
15	0	0	0	0	474	492	
0	0	0	0	0	470	465	
1	0	0	0	0	467	438	
2	0	0	0	0	461	416	
3	0	0	0	0	459	402	
4	0	0	0	0	462	397	
5	0	0	0	0	469	399	
6	0	0	0	0	480	403	
7	0	0	0	0	497	409	
8	0	0	0	0	514	418	
9	0	0	0	0	527	429	
10	0	0	0	0	537	440	
11	0	0	0	0	541	452	
12	0	0	0	0	543	471	
13	0	0	0	0	538	490	
14	0	0	0	0	531	505	
15	0	0	0	0	521	518	
0	0	0	0	0	509	526	
1	0	0	0	0	494	527	
2	0	0	0	0	485	528	
3	0	0	0	0	483	533	
4	0	0	0	0	486	533	
5	0	0	0	0	493	535	
6	0	0	0	0	501	534	
7	0	0	0	0	504	534	
8	0	0	0	0	503	531	
9	0	0	0	0	505	534	
10	0	0	0	0	505	532	
11	0	0	0	0	502	527	
12	0	0	0	0	497	515	
13	0	0	0	0	494	502	
14	0	0	0	0	491	489	
15	0	0	0	0	492	478	
0	0	0	0	0	497	471	
1	0	0	0	0	504	471	
2	0	0	0	0	512	472	
3	0	0	0	0	523	472	
4	0	0	0	0	531	472	
5	0	0	0	0	536	470	
6	0	0	0	0	540	471	
7	0	0	0	0	540	479	
8	0	0	0	0	531	492	
9	0	0	0	0	517	505	
10	0	0	0	0	497	517	
11	0	0	0	0	473	527	
12	0	0	0	0	454	529	
13	0	0	0	0	435	524	
14	0	0	0	0	420	515	
15	0	0	0	0	417	507	
0	0	0	0	0	422	502	
1	0	0	0	0	430	499	
2	0	0	0	0	442	498	
3	0	0	0	0	457	495	
4	0	0	0	0	475	492	
5	0	0	0	0	491	487	
6	0	0	0	0	500	481	
7	0	0	0	0	508	476	
8	0	0	0	0	512	474	
9	0	0	0	0	514	475	
10	0	0	0	0	516	474	
11	0	0	0	0	515	470	
12	0	0	0	0	509	461	
13	0	0	0	0	504	453	
14	0	0	0	0	500	448	
15	0	0	0	0	500	445	
0	0	0	0	0	496	445	
1	0	0	0	0	492	446	
2	0	0	0	0	489	448	
3	0	0	0	0	491	449	
4	0	0	0	0	497	452	
5	0	0	0	0	499	462	
6	0	0	0	0	500	475	
7	0	0	0	0	498	486	
8	0	0	0	0	495	495	
9	0	0	0	0	494	499	
10	0	0	0	0	492	499	
11	0	0	0	0	493	502	
12	0	0	0	0	493	511	
13	0	0	0	0	495	524	
14	0	0	0	0	499	540	
15	0	0	0	0	504	555	
0	0	0	0	0	512	572	
1	0	0	0	0	519	590	
2	0	0	0	0	527	611	
3	0	0	0	0	534	623	
4	0	0	0	0	539	628	
5	0	0	0	0	540	624	
6	0	0	0	0	543	613	
7	0	0	0	0	546	595	
8	0	0	0	0	543	574	
9	0	0	0	0	536	545	
10	0	0	0	0	530	523	
11	0	0	0	0	533	511	
12	0	0	0	0	538	498	
13	0	0	0	0	539	482	
14	0	0	0	0	532	474	
15	0	0	0	0	522	470	
0	0	0	0	0	512	465	
1	0	0	0	0	505	459	
2	0	0	0	0	497	448	
3	0	0	0	0	489	435	
4	0	0	0	0	480	422	
5	0	0	0	0	469	416	
6	0	0	0	0	465	414	
7	0	0	0	0	464	420	
8	0	0	0	0	466	432	
9	0	0	0	0	469	444	
10	0	0	0	0	474	462	
11	0	0	0	0	481	480	
12	0	0	0	0	491	500	
13	0	0	0	0	503	517	
14	0	0	0	0	513	532	
15	0	0	0	0	527	542	
0	0	0	0	0	543	540	
1	0	0	0	0	559	532	
2	0	0	0	0	564	516	
3	0	0	0	0	564	501	
4	0	0	0	0	561	483	
5	0	0	0	0	554	470	
6	0	0	0	0	543	459	
7	0	0	0	0	531	450	
8	0	0	0	0	520	442	
9	0	0	0	0	511	438	
10	0	0	0	0	504	433	
11	0	0	0	0	502	435	
12	0	0	0	0	503	438	
13	0	0	0	0	503	447	
14	0	0	0	0	504	459	
15	0	0	0	0	504	473	
0	0	0	0	0	505	489	
1	0	0	0	0	512	508	
2	0	0	0	0	519	528	
3	0	0	0	0	531	543	
4	0	0	0	0	543	556	
5	0	0	0	0	551	562	
6	0	0	0	0	554	563	
7	0	0	0	0	553	558	
8	0	0	0	0	549	552	
9	0	0	0	0	543	550	
10	0	0	0	0	535	551	
11	0	0	0	0	528	550	
12	0	0	0	0	525	546	
13	0	0	0	0	523	546	
14	0	0	0	0	520	546	
15	0	0	0	0	518	546	
0	0	0	0	0	515	543	
1	0	0	0	0	513	541	
2	0	0	0	0	513	542	
3	0	0	0	0	517	544	
4	0	0	0	0	523	547	
5	0	0	0	0	531	547	
6	0	0	0	0	539	553	
7	0	0	0	0	543	558	
8	0	0	0	0	542	558	
9	0	0	0	0	539	555	
10	0	0	0	0	535	551	
11	0	0	0	0	527	548	
12	0	0	0	0	519	547	
13	0	0	0	0	511	543	
14	0	0	0	0	504	540	
15	0	0	0	0	503	538	
0	0	0	0	0	503	534	
1	0	0	0	0	508	527	
2	0	0	0	0	519	518	
3	0	0	0	0	536	515	
4	0	0	0	0	555	521	
5	0	0	0	0	572	529	
6	0	0	0	0	590	535	
7	0	0	0	0	603	544	
8	0	0	0	0	608	555	
9	0	0	0	0	612	566	
10	0	0	0	0	613	579	
11	0	0	0	0	606	585	
12	0	0	0	0	597	583	
13	0	0	0	0	582	572	
14	0	0	0	0	567	560	
15	0	0	0	0	553	546	
0	0	0	0	0	543	536	
1	0	0	0	0	535	529	
2	0	0	0	0	526	523	
3	0	0	0	0	516	521	
4	0	0	0	0	510	519	
5	0	0	0	0	504	518	
6	0	0	0	0	500	521	
7	0	0	0	0	502	524	
8	0	0	0	0	503	518	
9	0	0	0	0	504	513	
10	0	0	0	0	502	512	
11	0	0	0	0	496	519	
12	0	0	0	0	481	524	
13	0	0	0	0	470	527	
14	0	0	0	0	458	523	
15	0	0	0	0	451	509	
0	0	0	0	0	449	487	
1	0	0	0	0	450	467	
2	0	0	0	0	457	451	
3	0	0	0	0	465	444	
4	0	0	0	0	475	440	
5	0	0	0	0	483	439	
6	0	0	0	0	489	443	
7	0	0	0	0	494	445	
8	0	0	0	0	499	450	
9	0	0	0	0	501	456	
10	0	0	0	0	501	463	
11	0	0	0	0	500	477	
12	0	0	0	0	499	495	
13	0	0	0	0	494	512	
14	0	0	0	0	491	530	
15	0	0	0	0	487	552	
0	0	0	0	0	486	573	
1	0	0	0	0	481	584	
2	0	0	0	0	476	583	
3	0	0	0	0	472	580	
4	0	0	0	0	471	577	
5	0	0	0	0	476	571	
6	0	0	0	0	484	562	
7	0	0	0	0	489	551	
8	0	0	0	0	495	540	
9	0	0	0	0	500	532	
10	0	0	0	0	502	534	
11	0	0	0	0	503	544	
12	0	0	0	0	509	554	
13	0	0	0	0	515	559	
14	0	0	0	0	521	564	
15	0	0	0	0	521	566	
0	0	0	0	0	515	569	
1	0	0	0	0	512	570	
2	0	0	0	0	508	572	
3	0	0	0	0	498	567	
4	0	0	0	0	484	558	
5	0	0	0	0	467	543	
6	0	0	0	0	452	521	
7	0	0	0	0	436	501	
8	0	0	0	0	425	483	
9	0	0	0	0	420	465	
10	0	0	0	0	420	453	
11	0	0	0	0	423	443	
12	0	0	0	0	427	436	
13	0	0	0	0	428	436	
14	0	0	0	0	431	440	
15	0	0	0	0	435	446	
0	0	0	0	0	440	450	
1	0	0	0	0	442	452	
2	0	0	0	0	446	458	
3	0	0	0	0	448	464	
4	0	0	0	0	455	475	
5	0	0	0	0	469	489	
6	0	0	0	0	485	504	
7	0	0	0	0	499	516	
8	0	0	0	0	512	530	
9	0	0	0	0	527	540	
10	0	0	0	0	539	541	
11	0	0	0	0	544	538	
12	0	0	0	0	544	529	
13	0	0	0	0	542	521	
14	0	0	0	0	535	512	
15	0	0	0	0	525	504	
0	0	0	0	0	515	496	
1	0	0	0	0	508	489	
2	0	0	0	0	504	487	
3	0	0	0	0	498	487	
4	0	0	0	0	489	483	
5	0	0	0	0	480	480	
6	0	0	0	0	472	477	
7	0	0	0	0	474	477	
8	0	0	0	0	482	483	
9	0	0	0	0	488	495	
10	0	0	0	0	495	510	
11	0	0	0	0	500	521	
12	0	0	0	0	502	531	
13	0	0	0	0	502	537	
14	0	0	0	0	502	541	
15	0	0	0	0	496	543	
0	0	0	0	0	486	537	
1	0	0	0	0	477	525	
2	0	0	0	0	471	510	
3	0	0	0	0	472	498	
4	0	0	0	0	471	487	
5	0	0	0	0	466	477	
6	0	0	0	0	456	474	
7	0	0	0	0	453	477	
8	0	0	0	0	455	486	
9	0	0	0	0	458	494	
10	0	0	0	0	463	505	
11	0	0	0	0	475	522	
12	0	0	0	0	489	541	
13	0	0	0	0	507	562	
14	0	0	0	0	524	587	
15	0	0	0	0	536	608	
0	0	0	0	0	538	621	
1	0	0	0	0	532	630	
2	0	0	0	0	522	632	
3	0	0	0	0	508	627	
4	0	0	0	0	495	617	
5	0	0	0	0	485	600	
6	0	0	0	0	476	580	
7	0	0	0	0	467	563	
8	0	0	0	0	460	542	
9	0	0	0	0	461	523	
10	0	0	0	0	465	507	
11	0	0	0	0	468	492	
12	0	0	0	0	473	481	
13	0	0	0	0	477	474	
14	0	0	0	0	479	476	
15	0	0	0	0	478	487	
0	0	0	0	0	474	500	
1	0	0	0	0	472	517	
2	0	0	0	0	476	529	
3	0	0	0	0	486	534	
4	0	0	0	0	495	531	
5	0	0	0	0	500	526	
6	0	0	0	0	505	515	
7	0	0	0	0	511	503	
8	0	0	0	0	520	498	
9	0	0	0	0	526	502	
10	0	0	0	0	533	515	
11	0	0	0	0	535	532	
12	0	0	0	0	537	545	
13	0	0	0	0	538	553	
14	0	0	0	0	535	554	
15	0	0	0	0	527	554	
0	0	0	0	0	520	550	
1	0	0	0	0	512	545	
2	0	0	0	0	504	542	
3	0	0	0	0	502	537	
4	0	0	0	0	500	531	
5	0	0	0	0	500	523	
6	0	0	0	0	500	512	
7	0	0	0	0	501	497	
8	0	0	0	0	503	478	
9	0	0	0	0	502	454	
10	0	0	0	0	502	430	
11	0	0	0	0	500	410	
12	0	0	0	0	499	402	
13	0	0	0	0	493	403	
14	0	0	0	0	485	412	
15	0	0	0	0	479	428	
0	0	0	0	0	476	444	
1	0	0	0	0	471	457	
2	0	0	0	0	466	468	
3	0	0	0	0	466	472	
4	0	0	0	0	471	475	
5	0	0	0	0	477	483	
6	0	0	0	0	485	496	
7	0	0	0	0	496	512	
8	0	0	0	0	508	527	
9	0	0	0	0	520	539	
10	0	0	0	0	527	547	
11	0	0	0	0	530	553	
12	0	0	0	0	532	555	
13	0	0	0	0	530	556	
14	0	0	0	0	529	556	
15	0	0	0	0	526	551	
0	0	0	0	0	516	545	
1	0	0	0	0	508	540	
2	0	0	0	0	502	531	
3	0	0	0	0	496	525	
4	0	0	0	0	494	519	
5	0	0	0	0	492	518	
6	0	0	0	0	493	519	
7	0	0	0	0	497	523	
8	0	0	0	0	503	526	
9	0	0	0	0	510	524	
10	0	0	0	0	517	515	
11	0	0	0	0	523	504	
12	0	0	0	0	532	493	
13	0	0	0	0	540	484	
14	0	0	0	0	549	475	
15	0	0	0	0	557	465	
0	0	0	0	0	559	461	
1	0	0	0	0	558	459	
2	0	0	0	0	558	449	
3	0	0	0	0	559	433	
4	0	0	0	0	559	420	
5	0	0	0	0	556	416	
6	0	0	0	0	551	421	
7	0	0	0	0	543	420	
8	0	0	0	0	533	420	
9	0	0	0	0	526	419	
10	0	0	0	0	523	425	
11	0	0	0	0	524	431	
12	0	0	0	0	524	440	
13	0	0	0	0	523	454	
14	0	0	0	0	519	467	
15	0	0	0	0	511	477	
0	0	0	0	0	501	488	
1	0	0	0	0	493	499	
2	0	0	0	0	489	504	
3	0	0	0	0	485	505	
4	0	0	0	0	484	504	
5	0	0	0	0	486	504	
6	0	0	0	0	494	503	
7	0	0	0	0	502	503	
8	0	0	0	0	513	501	
9	0	0	0	0	527	500	
10	0	0	0	0	537	499	
11	0	0	0	0	544	497	
12	0	0	0	0	552	498	
13	0	0	0	0	560	501	
14	0	0	0	0	569	500	
15	0	0	0	0	575	494	
0	0	0	0	0	575	489	
1	0	0	0	0	570	487	
2	0	0	0	0	562	487	
3	0	0	0	0	552	489	
4	0	0	0	0	542	491	
5	0	0	0	0	528	494	
6	0	0	0	0	518	501	
7	0	0	0	0	508	512	
8	0	0	0	0	503	516	
9	0	0	0	0	505	511	
10	0	0	0	0	510	503	
11	0	0	0	0	514	492	
12	0	0	0	0	518	483	
13	0	0	0	0	519	476	
14	0	0	0	0	520	472	
15	0	0	0	0	523	467	
0	0	0	0	0	530	467	
1	0	0	0	0	537	472	
2	0	0	0	0	544	475	
3	0	0	0	0	552	476	
4	0	0	0	0	558	472	
5	0	0	0	0	558	463	
6	0	0	0	0	556	452	
7	0	0	0	0	560	440	
8	0	0	0	0	559	420	
9	0	0	0	0	555	404	
10	0	0	0	0	551	385	
11	0	0	0	0	548	379	
12	0	0	0	0	548	371	
13	0	0	0	0	549	367	
14	0	0	0	0	552	364	
15	0	0	0	0	559	370	
0	0	0	0	0	565	371	
1	0	0	0	0	572	376	
2	0	0	0	0	578	368	
3	0	0	0	0	583	364	
4	0	0	0	0	589	352	
5	0	0	0	0	593	352	
6	0	0	0	0	595	345	
7	0	0	0	0	595	340	
8	0	0	0	0	596	334	
9	0	0	0	0	600	337	
10	0	0	0	0	604	336	
11	0	0	0	0	608	343	
12	0	0	0	0	612	352	
13	0	0	0	0	612	367	
14	0	0	0	0	611	380	
15	0	0	0	0	609	393	
0	0	0	0	0	604	403	
1	0	0	0	0	597	407	
2	0	0	0	0	590	408	
3	0	0	0	0	583	408	
4	0	0	0	0	572	403	
5	0	0	0	0	564	398	
6	0	0	0	0	558	392	
7	0	0	0	0	551	383	
8	0	0	0	0	547	375	
9	0	0	0	0	552	375	
10	0	0	0	0	564	381	
11	0	0	0	0	583	388	
12	0	0	0	0	604	399	
13	0	0	0	0	623	403	
14	0	0	0	0	636	403	
15	0	0	0	0	643	408	
0	0	0	0	0	643	414	
1	0	0	0	0	641	421	
2	0	0	0	0	639	428	
3	0	0	0	0	636	437	
4	0	0	0	0	636	446	
5	0	0	0	0	628	449	
6	0	0	0	0	614	446	
7	0	0	0	0	599	438	
8	0	0	0	0	585	427	
9	0	0	0	0	575	414	
10	0	0	0	0	573	406	
11	0	0	0	0	572	393	
12	0	0	0	0	572	391	
13	0	0	0	0	572	384	
14	0	0	0	0	574	384	
15	0	0	0	0	574	380	
0	0	0	0	0	569	380	
1	0	0	0	0	565	378	
2	0	0	0	0	562	380	
3	0	0	0	0	562	380	
4	0	0	0	0	561	381	
5	0	0	0	0	562	380	
6	0	0	0	0	564	383	
7	0	0	0	0	563	390	
8	0	0	0	0	563	398	
9	0	0	0	0	566	403	
10	0	0	0	0	567	409	
11	0	0	0	0	568	416	
12	0	0	0	0	571	422	
13	0	0	0	0	576	428	
14	0	0	0	0	579	432	
15	0	0	0	0	579	433	
0	0	0	0	0	582	438	
1	0	0	0	0	589	446	
2	0	0	0	0	597	457	
3	0	0	0	0	606	474	
4	0	0	0	0	609	492	
5	0	0	0	0	614	502	
6	0	0	0	0	610	504	
7	0	0	0	0	605	502	
8	0	0	0	0	599	499	
9	0	0	0	0	597	497	
10	0	0	0	0	595	501	
11	0	0	0	0	596	510	
12	0	0	0	0	598	519	
13	0	0	0	0	598	523	
14	0	0	0	0	600	523	
15	0	0	0	0	601	520	
0	0	0	0	0	600	516	
1	0	0	0	0	598	512	
2	0	0	0	0	603	513	
3	0	0	0	0	609	514	
4	0	0	0	0	617	516	
5	0	0	0	0	618	523	
6	0	0	0	0	615	530	
7	0	0	0	0	611	540	
8	0	0	0	0	608	549	
9	0	0	0	0	606	553	
10	0	0	0	0	604	547	
11	0	0	0	0	603	535	
12	0	0	0	0	603	520	
13	0	0	0	0	600	508	
14	0	0	0	0	596	498	
15	0	0	0	0	588	485	
0	0	0	0	0	577	469	
1	0	0	0	0	569	455	
2	0	0	0	0	563	441	
3	0	0	0	0	556	433	
4	0	0	0	0	549	430	
5	0	0	0	0	543	430	
6	0	0	0	0	536	429	
7	0	0	0	0	532	428	
8	0	0	0	0	531	433	
9	0	0	0	0	536	444	
10	0	0	0	0	545	460	
11	0	0	0	0	550	471	
12	0	0	0	0	556	484	
13	0	0	0	0	562	496	
14	0	0	0	0	568	507	
15	0	0	0	0	569	515	
0	0	0	0	0	568	525	
1	0	0	0	0	569	531	
2	0	0	0	0	573	537	
3	0	0	0	0	580	542	
4	0	0	0	0	584	544	
5	0	0	0	0	586	544	
6	0	0	0	0	588	543	
7	0	0	0	0	590	542	
8	0	0	0	0	589	540	
9	0	0	0	0	585	536	
10	0	0	0	0	578	529	
11	0	0	0	0	570	521	
12	0	0	0	0	560	510	
13	0	0	0	0	553	501	
14	0	0	0	0	549	489	
15	0	0	0	0	547	479	
0	0	0	0	0	549	474	
1	0	0	0	0	552	473	
2	0	0	0	0	556	484	
3	0	0	0	0	560	497	
4	0	0	0	0	560	507	
5	0	0	0	0	551	514	
6	0	0	0	0	543	518	
7	0	0	0	0	536	523	
8	0	0	0	0	526	527	
9	0	0	0	0	519	531	
10	0	0	0	0	514	534	
11	0	0	0	0	512	530	
12	0	0	0	0	512	521	
13	0	0	0	0	512	514	
14	0	0	0	0	513	509	
15	0	0	0	0	519	508	
0	0	0	0	0	521	507	
1	0	0	0	0	524	502	
2	0	0	0	0	525	492	
3	0	0	0	0	527	485	
4	0	0	0	0	532	483	
5	0	0	0	0	542	486	
6	0	0	0	0	550	496	
7	0	0	0	0	558	508	
8	0	0	0	0	568	524	
9	0	0	0	0	576	537	
10	0	0	0	0	582	543	
11	0	0	0	0	583	547	
12	0	0	0	0	580	549	
13	0	0	0	0	571	549	
14	0	0	0	0	562	550	
15	0	0	0	0	553	551	
0	0	0	0	0	541	555	
1	0	0	0	0	527	557	
2	0	0	0	0	513	559	
3	0	0	0	0	502	560	
4	0	0	0	0	495	559	
5	0	0	0	0	490	554	
6	0	0	0	0	487	542	
7	0	0	0	0	481	529	
8	0	0	0	0	480	511	
9	0	0	0	0	480	495	
10	0	0	0	0	479	478	
11	0	0	0	0	477	462	
12	0	0	0	0	477	449	
13	0	0	0	0	472	441	
14	0	0	0	0	462	433	
15	0	0	0	0	453	429	
0	0	0	0	0	446	430	
1	0	0	0	0	441	440	
2	0	0	0	0	444	453	
3	0	0	0	0	448	462	
4	0	0	0	0	455	469	
5	0	0	0	0	466	471	
6	0	0	0	0	480	475	
7	0	0	0	0	495	479	
8	0	0	0	0	508	486	
9	0	0	0	0	523	493	
10	0	0	0	0	538	500	
11	0	0	0	0	553	508	
12	0	0	0	0	563	516	
13	0	0	0	0	571	523	
14	0	0	0	0	572	529	
15	0	0	0	0	569	537	
0	0	0	0	0	559	548	
1	0	0	0	0	545	563	
2	0	0	0	0	527	580	
3	0	0	0	0	509	591	
4	0	0	0	0	497	599	
5	0	0	0	0	492	600	
6	0	0	0	0	486	598	
7	0	0	0	0	476	590	
8	0	0	0	0	469	583	
9	0	0	0	0	462	580	
10	0	0	0	0	454	582	
11	0	0	0	0	447	575	
12	0	0	0	0	439	563	
13	0	0	0	0	432	556	
14	0	0	0	0	432	552	
15	0	0	0	0	432	550	
0	0	0	0	0	435	550	
1	0	0	0	0	438	550	
2	0	0	0	0	440	552	
3	0	0	0	0	442	552	
4	0	0	0	0	441	555	
5	0	0	0	0	438	556	
6	0	0	0	0	436	558	
7	0	0	0	0	438	556	
8	0	0	0	0	443	553	
9	0	0	0	0	455	546	
10	0	0	0	0	465	536	
11	0	0	0	0	472	528	
12	0	0	0	0	476	523	
13	0	0	0	0	475	514	
14	0	0	0	0	472	504	
15	0	0	0	0	465	487	
0	0	0	0	0	461	470	
1	0	0	0	0	459	458	
2	0	0	0	0	458	451	
3	0	0	0	0	454	453	
4	0	0	0	0	452	463	
5	0	0	0	0	457	476	
6	0	0	0	0	463	489	
7	0	0	0	0	469	501	
8	0	0	0	0	472	511	
9	0	0	0	0	471	517	
10	0	0	0	0	467	526	
11	0	0	0	0	464	525	
12	0	0	0	0	462	521	
13	0	0	0	0	457	513	
14	0	0	0	0	453	508	
15	0	0	0	0	447	508	
0	0	0	0	0	441	506	
1	0	0	0	0	437	508	
2	0	0	0	0	431	511	
3	0	0	0	0	424	512	
4	0	0	0	0	423	515	
5	0	0	0	0	430	517	
6	0	0	0	0	439	520	
7	0	0	0	0	449	523	
8	0	0	0	0	462	527	
9	0	0	0	0	479	528	
10	0	0	0	0	494	533	
11	0	0	0	0	510	540	
12	0	0	0	0	523	550	
13	0	0	0	0	535	563	
14	0	0	0	0	546	576	
15	0	0	0	0	554	584	
0	0	0	0	0	558	589	
1	0	0	0	0	553	591	
2	0	0	0	0	543	590	
3	0	0	0	0	536	589	
4	0	0	0	0	526	588	
5	0	0	0	0	515	590	
6	0	0	0	0	502	600	
7	0	0	0	0	489	613	
8	0	0	0	0	476	624	
9	0	0	0	0	463	628	
10	0	0	0	0	451	620	
11	0	0	0	0	447	608	
12	0	0	0	0	446	588	
13	0	0	0	0	448	568	
14	0	0	0	0	455	552	
15	0	0	0	0	459	533	
0	0	0	0	0	461	510	
1	0	0	0	0	463	487	
2	0	0	0	0	462	467	
3	0	0	0	0	462	454	
4	0	0	0	0	464	448	
5	0	0	0	0	467	449	
6	0	0	0	0	472	459	
7	0	0	0	0	479	473	
8	0	0	0	0	483	484	
9	0	0	0	0	486	496	
10	0	0	0	0	493	508	
11	0	0	0	0	497	518	
12	0	0	0	0	499	528	
13	0	0	0	0	497	532	
14	0	0	0	0	494	534	
15	0	0	0	0	489	532	
0	0	0	0	0	480	530	
1	0	0	0	0	469	529	
2	0	0	0	0	457	526	
3	0	0	0	0	449	523	
4	0	0	0	0	443	528	
5	0	0	0	0	435	542	
6	0	0	0	0	431	561	
7	0	0	0	0	426	577	
8	0	0	0	0	423	581	
9	0	0	0	0	420	571	
10	0	0	0	0	415	558	
11	0	0	0	0	412	543	
12	0	0	0	0	404	534	
13	0	0	0	0	399	528	
14	0	0	0	0	399	525	
15	0	0	0	0	407	522	
0	0	0	0	0	415	519	
1	0	0	0	0	428	522	
2	0	0	0	0	441	528	
3	0	0	0	0	457	541	
4	0	0	0	0	474	553	
5	0	0	0	0	485	563	
6	0	0	0	0	494	573	
7	0	0	0	0	500	583	
8	0	0	0	0	503	592	
9	0	0	0	0	502	596	
10	0	0	0	0	502	599	
11	0	0	0	0	503	600	
12	0	0	0	0	507	596	
13	0	0	0	0	508	584	
14	0	0	0	0	515	564	
15	0	0	0	0	524	543	
0	0	0	0	0	534	528	
1	0	0	0	0	538	516	
2	0	0	0	0	538	508	
3	0	0	0	0	533	508	
4	0	0	0	0	524	511	
5	0	0	0	0	511	519	
6	0	0	0	0	501	531	
7	0	0	0	0	496	542	
8	0	0	0	0	491	552	
9	0	0	0	0	487	553	
10	0	0	0	0	488	551	
11	0	0	0	0	495	538	
12	0	0	0	0	499	526	
13	0	0	0	0	501	517	
14	0	0	0	0	504	509	
15	0	0	0	0	504	504	
0	0	0	0	0	504	504	
1	0	0	0	0	503	508	
2	0	0	0	0	496	514	
3	0	0	0	0	488	520	
4	0	0	0	0	486	526	
5	0	0	0	0	483	526	
6	0	0	0	0	478	519	
7	0	0	0	0	476	519	
8	0	0	0	0	475	519	
9	0	0	0	0	482	522	
10	0	0	0	0	495	524	
11	0	0	0	0	510	524	
12	0	0	0	0	522	519	
13	0	0	0	0	523	513	
14	0	0	0	0	520	512	
15	0	0	0	0	517	509	
0	0	0	0	0	513	504	
1	0	0	0	0	509	494	
2	0	0	0	0	505	489	
3	0	0	0	0	497	489	
4	0	0	0	0	490	496	
5	0	0	0	0	478	504	
6	0	0	0	0	468	509	
7	0	0	0	0	460	511	
8	0	0	0	0	455	511	
9	0	0	0	0	460	511	
10	0	0	0	0	464	508	
11	0	0	0	0	468	508	
12	0	0	0	0	475	509	
13	0	0	0	0	478	516	
14	0	0	0	0	484	523	
15	0	0	0	0	486	533	
0	0	0	0	0	490	546	
1	0	0	0	0	496	559	
2	0	0	0	0	503	570	
3	0	0	0	0	510	580	
4	0	0	0	0	512	582	
5	0	0	0	0	510	582	
6	0	0	0	0	502	581	
7	0	0	0	0	495	579	
8	0	0	0	0	487	571	
9	0	0	0	0	478	546	
10	0	0	0	0	473	511	
11	0	0	0	0	472	471	
12	0	0	0	0	478	435	
13	0	0	0	0	485	408	
14	0	0	0	0	488	393	
15	0	0	0	0	492	388	
0	0	0	0	0	493	392	
1	0	0	0	0	492	402	
2	0	0	0	0	489	415	
3	0	0	0	0	485	436	
4	0	0	0	0	484	458	
5	0	0	0	0	483	481	
6	0	0	0	0	479	504	
7	0	0	0	0	471	522	
8	0	0	0	0	463	536	
9	0	0	0	0	459	548	
10	0	0	0	0	457	556	
11	0	0	0	0	460	560	
12	0	0	0	0	460	556	
13	0	0	0	0	458	548	
14	0	0	0	0	458	538	
15	0	0	0	0	459	534	
0	0	0	0	0	458	532	
1	0	0	0	0	456	530	
2	0	0	0	0	456	529	
3	0	0	0	0	456	530	
4	0	0	0	0	457	535	
5	0	0	0	0	456	540	
6	0	0	0	0	456	540	
7	0	0	0	0	454	539	
8	0	0	0	0	454	536	
9	0	0	0	0	456	533	
10	0	0	0	0	458	531	
11	0	0	0	0	464	529	
12	0	0	0	0	476	524	
13	0	0	0	0	488	518	
14	0	0	0	0	500	516	
15	0	0	0	0	514	518	
0	0	0	0	0	524	520	
1	0	0	0	0	530	527	
2	0	0	0	0	531	533	
3	0	0	0	0	533	541	
4	0	0	0	0	534	545	
5	0	0	0	0	538	543	
6	0	0	0	0	541	538	
7	0	0	0	0	540	532	
8	0	0	0	0	534	525	
9	0	0	0	0	524	520	
10	0	0	0	0	509	524	
11	0	0	0	0	491	535	
12	0	0	0	0	475	543	
13	0	0	0	0	462	551	
14	0	0	0	0	449	557	
15	0	0	0	0	438	563	
0	0	0	0	0	431	570	
1	0	0	0	0	429	583	
2	0	0	0	0	436	587	
3	0	0	0	0	444	592	
4	0	0	0	0	454	598	
5	0	0	0	0	464	599	
6	0	0	0	0	474	600	
7	0	0	0	0	476	599	
8	0	0	0	0	476	593	
9	0	0	0	0	474	582	
10	0	0	0	0	472	566	
11	0	0	0	0	471	547	
12	0	0	0	0	469	532	
13	0	0	0	0	465	528	
14	0	0	0	0	466	534	
15	0	0	0	0	472	543	
0	0	0	0	0	478	555	
1	0	0	0	0	483	563	
2	0	0	0	0	481	563	
3	0	0	0	0	480	563	
4	0	0	0	0	476	563	
5	0	0	0	0	475	553	
6	0	0	0	0	471	539	
7	0	0	0	0	467	526	
8	0	0	0	0	464	520	
9	0	0	0	0	469	519	
10	0	0	0	0	484	525	
11	0	0	0	0	496	534	
12	0	0	0	0	502	543	
13	0	0	0	0	505	551	
14	0	0	0	0	508	556	
15	0	0	0	0	513	553	
0	0	0	0	0	512	544	
1	0	0	0	0	503	533	
2	0	0	0	0	492	523	
3	0	0	0	0	480	514	
4	0	0	0	0	468	501	
5	0	0	0	0	459	488	
6	0	0	0	0	451	480	
7	0	0	0	0	444	472	
8	0	0	0	0	440	467	
9	0	0	0	0	439	466	
10	0	0	0	0	439	472	
11	0	0	0	0	439	477	
12	0	0	0	0	440	480	
13	0	0	0	0	445	477	
14	0	0	0	0	454	470	
15	0	0	0	0	463	459	
0	0	0	0	0	474	446	
1	0	0	0	0	487	436	
2	0	0	0	0	500	433	
3	0	0	0	0	509	430	
4	0	0	0	0	514	423	
5	0	0	0	0	517	415	
6	0	0	0	0	521	408	
7	0	0	0	0	523	405	
8	0	0	0	0	517	411	
9	0	0	0	0	509	423	
10	0	0	0	0	502	444	
11	0	0	0	0	503	474	
12	0	0	0	0	503	503	
13	0	0	0	0	505	536	
14	0	0	0	0	505	566	
15	0	0	0	0	510	594	
0	0	0	0	0	516	625	
1	0	0	0	0	523	652	
2	0	0	0	0	533	669	
3	0	0	0	0	545	676	
4	0	0	0	0	555	667	
5	0	0	0	0	558	644	
6	0	0	0	0	556	609	
7	0	0	0	0	546	573	
8	0	0	0	0	529	528	
9	0	0	0	0	512	480	
10	0	0	0	0	495	440	
11	0	0	0	0	482	410	
12	0	0	0	0	475	395	
13	0	0	0	0	467	387	
14	0	0	0	0	465	384	
15	0	0	0	0	466	383	
0	0	0	0	0	469	385	
1	0	0	0	0	480	386	
2	0	0	0	0	494	389	
3	0	0	0	0	511	397	
4	0	0	0	0	527	412	
5	0	0	0	0	532	435	
6	0	0	0	0	529	460	
7	0	0	0	0	527	487	
8	0	0	0	0	523	510	
9	0	0	0	0	521	532	
10	0	0	0	0	524	551	
11	0	0	0	0	527	567	
12	0	0	0	0	531	579	
13	0	0	0	0	529	584	
14	0	0	0	0	522	583	
15	0	0	0	0	512	573	
0	0	0	0	0	498	559	
1	0	0	0	0	484	548	
2	0	0	0	0	474	542	
3	0	0	0	0	460	535	
4	0	0	0	0	446	519	
5	0	0	0	0	436	505	
6	0	0	0	0	432	493	
7	0	0	0	0	431	493	
8	0	0	0	0	435	497	
9	0	0	0	0	445	504	
10	0	0	0	0	459	510	
11	0	0	0	0	477	517	
12	0	0	0	0	491	524	
13	0	0	0	0	497	529	
14	0	0	0	0	501	536	
15	0	0	0	0	503	545	
0	0	0	0	0	503	550	
1	0	0	0	0	498	545	
2	0	0	0	0	496	531	
3	0	0	0	0	494	512	
4	0	0	0	0	492	493	
5	0	0	0	0	490	480	
6	0	0	0	0	488	471	
7	0	0	0	0	487	471	
8	0	0	0	0	482	477	
9	0	0	0	0	477	488	
10	0	0	0	0	470	504	
11	0	0	0	0	464	523	
12	0	0	0	0	460	547	
13	0	0	0	0	453	577	
14	0	0	0	0	446	608	
15	0	0	0	0	442	639	
0	0	0	0	0	444	672	
1	0	0	0	0	452	706	
2	0	0	0	0	462	734	
3	0	0	0	0	474	752	
4	0	0	0	0	487	756	
5	0	0	0	0	498	748	
6	0	0	0	0	504	727	
7	0	0	0	0	504	701	
8	0	0	0	0	498	674	
9	0	0	0	0	492	652	
10	0	0	0	0	486	628	
11	0	0	0	0	483	602	
12	0	0	0	0	483	575	
13	0	0	0	0	485	551	
14	0	0	0	0	489	535	
15	0	0	0	0	493	526	
0	0	0	0	0	497	524	
1	0	0	0	0	500	525	
2	0	0	0	0	508	528	
3	0	0	0	0	513	527	
4	0	0	0	0	519	530	
5	0	0	0	0	524	536	
6	0	0	0	0	528	548	
7	0	0	0	0	530	567	
8	0	0	0	0	527	583	
9	0	0	0	0	524	588	
10	0	0	0	0	518	589	
11	0	0	0	0	510	587	
12	0	0	0	0	502	579	
13	0	0	0	0	495	569	
14	0	0	0	0	487	558	
15	0	0	0	0	483	551	
0	0	0	0	0	481	543	
1	0	0	0	0	485	538	
2	0	0	0	0	494	539	
3	0	0	0	0	507	542	
4	0	0	0	0	523	547	
5	0	0	0	0	538	560	
6	0	0	0	0	558	579	
7	0	0	0	0	577	588	
8	0	0	0	0	594	592	
9	0	0	0	0	606	590	
10	0	0	0	0	620	585	
11	0	0	0	0	628	580	
12	0	0	0	0	635	566	
13	0	0	0	0	634	549	
14	0	0	0	0	630	534	
15	0	0	0	0	622	521	
0	0	0	0	0	613	511	
1	0	0	0	0	604	503	
2	0	0	0	0	598	497	
3	0	0	0	0	595	495	
4	0	0	0	0	595	495	
5	0	0	0	0	595	498	
6	0	0	0	0	597	500	
7	0	0	0	0	598	499	
8	0	0	0	0	596	495	
9	0	0	0	0	593	492	
10	0	0	0	0	589	489	
11	0	0	0	0	589	480	
12	0	0	0	0	595	467	
13	0	0	0	0	604	455	
14	0	0	0	0	614	448	
15	0	0	0	0	624	443	
0	0	0	0	0	632	448	
1	0	0	0	0	636	448	
2	0	0	0	0	633	459	
3	0	0	0	0	625	463	
4	0	0	0	0	612	469	
5	0	0	0	0	593	473	
6	0	0	0	0	573	476	
7	0	0	0	0	553	479	
8	0	0	0	0	535	480	
9	0	0	0	0	512	485	
10	0	0	0	0	493	497	
11	0	0	0	0	473	509	
12	0	0	0	0	463	518	
13	0	0	0	0	461	519	
14	0	0	0	0	462	518	
15	0	0	0	0	465	515	
0	0	0	0	0	469	512	
1	0	0	0	0	476	512	
2	0	0	0	0	485	513	
3	0	0	0	0	494	515	
4	0	0	0	0	502	517	
5	0	0	0	0	504	512	
6	0	0	0	0	506	502	
7	0	0	0	0	507	492	
8	0	0	0	0	510	491	
9	0	0	0	0	518	495	
10	0	0	0	0	530	499	
11	0	0	0	0	540	504	
12	0	0	0	0	547	512	
13	0	0	0	0	554	521	
14	0	0	0	0	558	527	
15	0	0	0	0	559	530	
0	0	0	0	0	556	533	
1	0	0	0	0	551	532	
2	0	0	0	0	543	526	
3	0	0	0	0	538	517	
4	0	0	0	0	535	514	
5	0	0	0	0	532	512	
6	0	0	0	0	527	512	
7	0	0	0	0	521	515	
8	0	0	0	0	517	519	
9	0	0	0	0	512	524	
10	0	0	0	0	505	526	
11	0	0	0	0	499	523	
12	0	0	0	0	495	519	
13	0	0	0	0	495	517	
14	0	0	0	0	496	513	
15	0	0	0	0	505	510	
0	0	0	0	0	515	508	
1	0	0	0	0	527	515	
2	0	0	0	0	539	535	
3	0	0	0	0	549	562	
4	0	0	0	0	558	590	
5	0	0	0	0	561	611	
6	0	0	0	0	559	618	
7	0	0	0	0	551	615	
8	0	0	0	0	540	605	
9	0	0	0	0	532	597	
10	0	0	0	0	528	588	
11	0	0	0	0	524	578	
12	0	0	0	0	527	569	
13	0	0	0	0	533	560	
14	0	0	0	0	542	549	
15	0	0	0	0	548	543	
0	0	0	0	0	551	540	
1	0	0	0	0	550	536	
2	0	0	0	0	544	534	
3	0	0	0	0	539	536	
4	0	0	0	0	534	540	
5	0	0	0	0	527	550	
6	0	0	0	0	518	562	
7	0	0	0	0	514	575	
8	0	0	0	0	512	584	
9	0	0	0	0	509	590	
10	0	0	0	0	505	600	
11	0	0	0	0	499	607	
12	0	0	0	0	496	616	
13	0	0	0	0	495	621	
14	0	0	0	0	496	624	
15	0	0	0	0	499	626	
0	0	0	0	0	497	626	
1	0	0	0	0	495	622	
2	0	0	0	0	487	622	
3	0	0	0	0	480	624	
4	0	0	0	0	476	631	
5	0	0	0	0	472	639	
6	0	0	0	0	474	644	
7	0	0	0	0	479	646	
8	0	0	0	0	480	650	
9	0	0	0	0	480	662	
10	0	0	0	0	479	681	
11	0	0	0	0	481	701	
12	0	0	0	0	482	716	
13	0	0	0	0	483	727	
14	0	0	0	0	486	732	
15	0	0	0	0	485	733	
0	0	0	0	0	485	729	
1	0	0	0	0	491	722	
2	0	0	0	0	497	706	
3	0	0	0	0	506	681	
4	0	0	0	0	516	657	
5	0	0	0	0	523	633	
6	0	0	0	0	527	614	
7	0	0	0	0	526	598	
8	0	0	0	0	520	586	
9	0	0	0	0	514	577	
10	0	0	0	0	511	570	
11	0	0	0	0	510	563	
12	0	0	0	0	504	559	
13	0	0	0	0	499	563	
14	0	0	0	0	497	571	
15	0	0	0	0	502	578	
0	0	0	0	0	511	588	
1	0	0	0	0	519	592	
2	0	0	0	0	527	599	
3	0	0	0	0	531	605	
4	0	0	0	0	530	608	
5	0	0	0	0	527	608	
6	0	0	0	0	524	607	
7	0	0	0	0	518	604	
8	0	0	0	0	511	599	
9	0	0	0	0	507	594	
10	0	0	0	0	504	595	
11	0	0	0	0	502	596	
12	0	0	0	0	501	601	
13	0	0	0	0	496	613	
14	0	0	0	0	486	621	
15	0	0	0	0	478	624	
0	0	0	0	0	474	625	
1	0	0	0	0	475	630	
2	0	0	0	0	476	639	
3	0	0	0	0	480	653	
4	0	0	0	0	484	665	
5	0	0	0	0	487	677	
6	0	0	0	0	492	685	
7	0	0	0	0	500	692	
8	0	0	0	0	507	698	
9	0	0	0	0	511	703	
10	0	0	0	0	515	705	
11	0	0	0	0	515	703	
12	0	0	0	0	513	696	
13	0	0	0	0	510	684	
14	0	0	0	0	511	674	
15	0	0	0	0	513	668	
0	0	0	0	0	516	667	
1	0	0	0	0	518	668	
2	0	0	0	0	516	671	
3	0	0	0	0	512	677	
4	0	0	0	0	511	685	
5	0	0	0	0	509	688	
6	0	0	0	0	506	681	
7	0	0	0	0	499	666	
8	0	0	0	0	494	648	
9	0	0	0	0	488	632	
10	0	0	0	0	481	616	
11	0	0	0	0	474	606	
12	0	0	0	0	467	603	
13	0	0	0	0	459	607	
14	0	0	0	0	454	611	
15	0	0	0	0	454	609	
0	0	0	0	0	455	608	
1	0	0	0	0	459	608	
2	0	0	0	0	469	606	
3	0	0	0	0	486	606	
4	0	0	0	0	504	608	
5	0	0	0	0	518	614	
6	0	0	0	0	526	621	
7	0	0	0	0	533	631	
8	0	0	0	0	537	636	
9	0	0	0	0	537	643	
10	0	0	0	0	534	648	
11	0	0	0	0	529	647	
12	0	0	0	0	529	642	
13	0	0	0	0	527	635	
14	0	0	0	0	517	626	
15	0	0	0	0	511	612	
0	0	0	0	0	506	594	
1	0	0	0	0	509	579	
2	0	0	0	0	515	567	
3	0	0	0	0	523	558	
4	0	0	0	0	529	555	
5	0	0	0	0	531	560	
6	0	0	0	0	534	568	
7	0	0	0	0	536	581	
8	0	0	0	0	534	595	
9	0	0	0	0	533	614	
10	0	0	0	0	529	625	
11	0	0	0	0	522	626	
12	0	0	0	0	515	617	
13	0	0	0	0	510	606	
14	0	0	0	0	507	598	
15	0	0	0	0	506	591	
0	0	0	0	0	508	591	
1	0	0	0	0	513	592	
2	0	0	0	0	511	591	
3	0	0	0	0	508	593	
4	0	0	0	0	505	595	
5	0	0	0	0	504	595	
6	0	0	0	0	504	592	
7	0	0	0	0	507	586	
8	0	0	0	0	510	583	
9	0	0	0	0	515	577	
10	0	0	0	0	519	572	
11	0	0	0	0	528	565	
12	0	0	0	0	536	563	
13	0	0	0	0	539	565	
14	0	0	0	0	542	567	
15	0	0	0	0	547	568	
0	0	0	0	0	552	566	
1	0	0	0	0	554	564	
2	0	0	0	0	556	564	
3	0	0	0	0	556	577	
4	0	0	0	0	552	602	
5	0	0	0	0	552	629	
6	0	0	0	0	552	657	
7	0	0	0	0	556	685	
8	0	0	0	0	554	713	
9	0	0	0	0	548	723	
10	0	0	0	0	541	729	
11	0	0	0	0	536	719	
12	0	0	0	0	530	698	
13	0	0	0	0	527	658	
14	0	0	0	0	526	616	
15	0	0	0	0	524	573	
0	0	0	0	0	523	537	
1	0	0	0	0	516	509	
2	0	0	0	0	511	492	
3	0	0	0	0	511	489	
4	0	0	0	0	515	491	
5	0	0	0	0	518	496	
6	0	0	0	0	518	501	
7	0	0	0	0	512	505	
8	0	0	0	0	506	505	
9	0	0	0	0	502	499	
10	0	0	0	0	506	489	
11	0	0	0	0	512	483	
12	0	0	0	0	521	477	
13	0	0	0	0	527	478	
14	0	0	0	0	529	479	
15	0	0	0	0	531	488	
0	0	0	0	0	531	502	
1	0	0	0	0	531	523	
2	0	0	0	0	534	551	
3	0	0	0	0	538	573	
4	0	0	0	0	543	592	
5	0	0	0	0	542	607	
6	0	0	0	0	538	618	
7	0	0	0	0	533	622	
8	0	0	0	0	527	620	
9	0	0	0	0	519	616	
10	0	0	0	0	512	608	
11	0	0	0	0	511	591	
12	0	0	0	0	507	575	
13	0	0	0	0	502	561	
14	0	0	0	0	502	549	
15	0	0	0	0	505	539	
0	0	0	0	0	512	533	
1	0	0	0	0	517	533	
2	0	0	0	0	522	537	
3	0	0	0	0	525	547	
4	0	0	0	0	527	549	
5	0	0	0	0	530	544	
6	0	0	0	0	535	536	
7	0	0	0	0	535	528	
8	0	0	0	0	538	527	
9	0	0	0	0	536	530	
10	0	0	0	0	525	534	
11	0	0	0	0	510	538	
12	0	0	0	0	494	539	
13	0	0	0	0	477	542	
14	0	0	0	0	460	546	
15	0	0	0	0	440	555	
0	0	0	0	0	424	565	
1	0	0	0	0	414	577	
2	0	0	0	0	410	592	
3	0	0	0	0	408	610	
4	0	0	0	0	405	630	
5	0	0	0	0	401	654	
6	0	0	0	0	401	671	
7	0	0	0	0	406	676	
8	0	0	0	0	413	671	
9	0	0	0	0	420	659	
10	0	0	0	0	424	632	
11	0	0	0	0	428	605	
12	0	0	0	0	434	578	
13	0	0	0	0	442	551	
14	0	0	0	0	450	520	
15	0	0	0	0	452	495	
0	0	0	0	0	452	476	
1	0	0	0	0	452	465	
2	0	0	0	0	449	460	
3	0	0	0	0	444	458	
4	0	0	0	0	438	457	
5	0	0	0	0	435	463	
6	0	0	0	0	435	473	
7	0	0	0	0	436	483	
8	0	0	0	0	436	494	
9	0	0	0	0	435	496	
10	0	0	0	0	432	496	
11	0	0	0	0	432	494	
12	0	0	0	0	432	492	
13	0	0	0	0	433	492	
14	0	0	0	0	441	499	
15	0	0	0	0	446	512	
0	0	0	0	0	451	527	
1	0	0	0	0	459	543	
2	0	0	0	0	465	558	
3	0	0	0	0	472	569	
4	0	0	0	0	476	578	
5	0	0	0	0	477	583	
6	0	0	0	0	478	592	
7	0	0	0	0	480	594	
8	0	0	0	0	485	591	
9	0	0	0	0	492	584	
10	0	0	0	0	494	568	
11	0	0	0	0	494	551	
12	0	0	0	0	493	540	
13	0	0	0	0	492	533	
14	0	0	0	0	495	529	
15	0	0	0	0	496	528	
0	0	0	0	0	493	528	
1	0	0	0	0	487	530	
2	0	0	0	0	484	533	
3	0	0	0	0	480	540	
4	0	0	0	0	476	554	
5	0	0	0	0	476	566	
6	0	0	0	0	480	573	
7	0	0	0	0	486	578	
8	0	0	0	0	493	574	
9	0	0	0	0	499	567	
10	0	0	0	0	501	560	
11	0	0	0	0	502	552	
12	0	0	0	0	504	543	
13	0	0	0	0	504	536	
14	0	0	0	0	509	539	
15	0	0	0	0	513	546	
0	0	0	0	0	516	560	
1	0	0	0	0	520	583	
2	0	0	0	0	524	604	
3	0	0	0	0	524	611	
4	0	0	0	0	524	606	
5	0	0	0	0	523	588	
6	0	0	0	0	523	571	
7	0	0	0	0	524	553	
8	0	0	0	0	524	539	
9	0	0	0	0	521	529	
10	0	0	0	0	521	525	
11	0	0	0	0	526	522	
12	0	0	0	0	527	516	
13	0	0	0	0	525	506	
14	0	0	0	0	522	499	
15	0	0	0	0	518	495	
0	0	0	0	0	511	496	
1	0	0	0	0	512	500	
2	0	0	0	0	523	504	
3	0	0	0	0	536	511	
4	0	0	0	0	543	517	
5	0	0	0	0	554	526	
6	0	0	0	0	563	530	
7	0	0	0	0	566	528	
8	0	0	0	0	564	524	
9	0	0	0	0	563	520	
10	0	0	0	0	561	519	
11	0	0	0	0	559	524	
12	0	0	0	0	558	531	
13	0	0	0	0	558	540	
14	0	0	0	0	560	544	
15	0	0	0	0	563	547	
0	0	0	0	0	562	549	
1	0	0	0	0	560	558	
2	0	0	0	0	556	571	
3	0	0	0	0	548	579	
4	0	0	0	0	542	582	
5	0	0	0	0	534	576	
6	0	0	0	0	525	569	
7	0	0	0	0	521	560	
8	0	0	0	0	520	547	
9	0	0	0	0	521	531	
10	0	0	0	0	524	509	
11	0	0	0	0	526	486	
12	0	0	0	0	525	463	
13	0	0	0	0	525	441	
14	0	0	0	0	524	423	
15	0	0	0	0	525	415	
0	0	0	0	0	531	419	
1	0	0	0	0	540	437	
2	0	0	0	0	545	461	
3	0	0	0	0	548	490	
4	0	0	0	0	549	515	
5	0	0	0	0	550	537	
6	0	0	0	0	551	556	
7	0	0	0	0	555	567	
8	0	0	0	0	555	568	
9	0	0	0	0	551	560	
10	0	0	0	0	545	544	
11	0	0	0	0	537	529	
12	0	0	0	0	535	515	
13	0	0	0	0	531	502	
14	0	0	0	0	522	492	
15	0	0	0	0	510	486	
0	0	0	0	0	502	479	
1	0	0	0	0	492	472	
2	0	0	0	0	482	470	
3	0	0	0	0	475	469	
4	0	0	0	0	470	472	
5	0	0	0	0	466	474	
6	0	0	0	0	466	475	
7	0	0	0	0	467	474	
8	0	0	0	0	475	478	
9	0	0	0	0	484	484	
10	0	0	0	0	490	492	
11	0	0	0	0	491	502	
12	0	0	0	0	491	507	
13	0	0	0	0	492	510	
14	0	0	0	0	494	516	
15	0	0	0	0	498	532	
0	0	0	0	0	503	551	
1	0	0	0	0	509	573	
2	0	0	0	0	513	589	
3	0	0	0	0	517	602	
4	0	0	0	0	518	604	
5	0	0	0	0	515	599	
6	0	0	0	0	515	593	
7	0	0	0	0	516	580	
8	0	0	0	0	516	553	
9	0	0	0	0	513	515	
10	0	0	0	0	512	476	
11	0	0	0	0	512	448	
12	0	0	0	0	513	431	
13	0	0	0	0	517	421	
14	0	0	0	0	524	417	
15	0	0	0	0	528	426	
0	0	0	0	0	524	439	
1	0	0	0	0	519	448	
2	0	0	0	0	516	457	
3	0	0	0	0	515	468	
4	0	0	0	0	515	481	
5	0	0	0	0	512	493	
6	0	0	0	0	510	507	
7	0	0	0	0	507	520	
8	0	0	0	0	504	531	
9	0	0	0	0	500	537	
10	0	0	0	0	495	534	
11	0	0	0	0	489	528	
12	0	0	0	0	481	521	
13	0	0	0	0	474	512	
14	0	0	0	0	468	499	
15	0	0	0	0	467	487	
0	0	0	0	0	470	476	
1	0	0	0	0	472	472	
2	0	0	0	0	476	468	
3	0	0	0	0	484	467	
4	0	0	0	0	494	470	
5	0	0	0	0	502	472	
6	0	0	0	0	508	476	
7	0	0	0	0	512	483	
8	0	0	0	0	520	493	
9	0	0	0	0	533	501	
10	0	0	0	0	548	511	
11	0	0	0	0	562	522	
12	0	0	0	0	571	535	
13	0	0	0	0	575	552	
14	0	0	0	0	577	564	
15	0	0	0	0	580	575	
0	0	0	0	0	582	585	
1	0	0	0	0	583	588	
2	0	0	0	0	578	587	
3	0	0	0	0	572	583	
4	0	0	0	0	566	570	
5	0	0	0	0	558	551	
6	0	0	0	0	547	532	
7	0	0	0	0	536	518	
8	0	0	0	0	528	509	
9	0	0	0	0	523	501	
10	0	0	0	0	522	489	
11	0	0	0	0	519	479	
12	0	0	0	0	518	463	
13	0	0	0	0	514	449	
14	0	0	0	0	509	440	
15	0	0	0	0	504	435	
0	0	0	0	0	501	435	
1	0	0	0	0	504	439	
2	0	0	0	0	511	450	
3	0	0	0	0	515	465	
4	0	0	0	0	520	480	
5	0	0	0	0	526	489	
6	0	0	0	0	530	496	
7	0	0	0	0	528	501	
8	0	0	0	0	526	502	
9	0	0	0	0	524	496	
10	0	0	0	0	521	492	
11	0	0	0	0	519	490	
12	0	0	0	0	523	487	
13	0	0	0	0	526	480	
14	0	0	0	0	527	471	
15	0	0	0	0	525	464	
0	0	0	0	0	519	458	
1	0	0	0	0	510	453	
2	0	0	0	0	499	453	
3	0	0	0	0	487	460	
4	0	0	0	0	482	473	
5	0	0	0	0	481	489	
6	0	0	0	0	483	501	
7	0	0	0	0	488	512	
8	0	0	0	0	501	517	
9	0	0	0	0	511	521	
10	0	0	0	0	522	524	
11	0	0	0	0	531	524	
12	0	0	0	0	543	521	
13	0	0	0	0	556	512	
14	0	0	0	0	563	499	
15	0	0	0	0	570	487	
0	0	0	0	0	569	474	
1	0	0	0	0	561	462	
2	0	0	0	0	550	453	
3	0	0	0	0	542	456	
4	0	0	0	0	536	461	
5	0	0	0	0	529	471	
6	0	0	0	0	522	480	
7	0	0	0	0	516	493	
8	0	0	0	0	514	508	
9	0	0	0	0	517	526	
10	0	0	0	0	525	546	
11	0	0	0	0	531	567	
12	0	0	0	0	537	586	
13	0	0	0	0	541	604	
14	0	0	0	0	538	616	
15	0	0	0	0	532	620	
0	0	0	0	0	523	617	
1	0	0	0	0	514	607	
2	0	0	0	0	501	597	
3	0	0	0	0	488	583	
4	0	0	0	0	480	572	
5	0	0	0	0	475	564	
6	0	0	0	0	476	561	
7	0	0	0	0	482	555	
8	0	0	0	0	492	550	
9	0	0	0	0	504	550	
10	0	0	0	0	515	548	
11	0	0	0	0	520	543	
12	0	0	0	0	525	527	
13	0	0	0	0	530	509	
14	0	0	0	0	533	489	
15	0	0	0	0	535	472	
0	0	0	0	0	538	459	
1	0	0	0	0	540	448	
2	0	0	0	0	538	439	
3	0	0	0	0	534	432	
4	0	0	0	0	525	428	
5	0	0	0	0	517	426	
6	0	0	0	0	512	431	
7	0	0	0	0	511	435	
8	0	0	0	0	512	436	
9	0	0	0	0	516	438	
10	0	0	0	0	519	441	
11	0	0	0	0	524	448	
12	0	0	0	0	527	451	
13	0	0	0	0	529	452	
14	0	0	0	0	530	456	
15	0	0	0	0	536	463	
0	0	0	0	0	538	470	
1	0	0	0	0	536	477	
2	0	0	0	0	532	484	
3	0	0	0	0	528	494	
4	0	0	0	0	527	507	
5	0	0	0	0	527	525	
6	0	0	0	0	531	542	
7	0	0	0	0	539	558	
8	0	0	0	0	548	573	
9	0	0	0	0	557	580	
10	0	0	0	0	561	575	
11	0	0	0	0	556	563	
12	0	0	0	0	549	543	
13	0	0	0	0	543	525	
14	0	0	0	0	538	508	
15	0	0	0	0	533	489	
0	0	0	0	0	529	471	
1	0	0	0	0	526	454	
2	0	0	0	0	525	435	
3	0	0	0	0	524	425	
4	0	0	0	0	524	415	
5	0	0	0	0	527	412	
6	0	0	0	0	532	414	
7	0	0	0	0	543	424	
8	0	0	0	0	550	440	
9	0	0	0	0	551	454	
10	0	0	0	0	543	473	
11	0	0	0	0	530	495	
12	0	0	0	0	521	516	
13	0	0	0	0	514	536	
14	0	0	0	0	504	549	
15	0	0	0	0	494	560	
0	0	0	0	0	487	575	
1	0	0	0	0	487	591	
2	0	0	0	0	495	602	
3	0	0	0	0	504	605	
4	0	0	0	0	510	599	
5	0	0	0	0	515	591	
6	0	0	0	0	518	580	
7	0	0	0	0	521	568	
8	0	0	0	0	523	553	
9	0	0	0	0	525	532	
10	0	0	0	0	524	511	
11	0	0	0	0	519	494	
12	0	0	0	0	516	478	
13	0	0	0	0	516	466	
14	0	0	0	0	522	455	
15	0	0	0	0	528	451	
0	0	0	0	0	531	449	
1	0	0	0	0	533	453	
2	0	0	0	0	535	463	
3	0	0	0	0	534	474	
4	0	0	0	0	534	487	
5	0	0	0	0	530	503	
6	0	0	0	0	527	519	
7	0	0	0	0	522	536	
8	0	0	0	0	515	548	
9	0	0	0	0	507	554	
10	0	0	0	0	501	559	
11	0	0	0	0	504	563	
12	0	0	0	0	504	569	
13	0	0	0	0	510	573	
14	0	0	0	0	514	575	
15	0	0	0	0	517	573	
0	0	0	0	0	519	571	
1	0	0	0	0	519	569	
2	0	0	0	0	516	569	
3	0	0	0	0	516	574	
4	0	0	0	0	515	575	
5	0	0	0	0	511	573	
6	0	0	0	0	505	569	
7	0	0	0	0	501	569	
8	0	0	0	0	498	563	
9	0	0	0	0	500	557	
10	0	0	0	0	506	548	
11	0	0	0	0	512	540	
12	0	0	0	0	518	527	
13	0	0	0	0	520	515	
14	0	0	0	0	521	502	
15	0	0	0	0	522	492	
0	0	0	0	0	522	480	
1	0	0	0	0	520	466	
2	0	0	0	0	522	455	
3	0	0	0	0	521	451	
4	0	0	0	0	520	451	
5	0	0	0	0	519	454	
6	0	0	0	0	515	463	
7	0	0	0	0	507	468	
8	0	0	0	0	500	474	
9	0	0	0	0	486	475	
10	0	0	0	0	474	477	
11	0	0	0	0	463	480	
12	0	0	0	0	456	488	
13	0	0	0	0	452	497	
14	0	0	0	0	453	513	
15	0	0	0	0	455	537	
0	0	0	0	0	456	562	
1	0	0	0	0	455	582	
2	0	0	0	0	449	591	
3	0	0	0	0	444	593	
4	0	0	0	0	445	583	
5	0	0	0	0	446	570	
6	0	0	0	0	445	549	
7	0	0	0	0	441	527	
8	0	0	0	0	440	506	
9	0	0	0	0	441	487	
10	0	0	0	0	443	470	
11	0	0	0	0	444	460	
12	0	0	0	0	445	457	
13	0	0	0	0	450	461	
14	0	0	0	0	457	470	
15	0	0	0	0	464	485	
0	0	0	0	0	472	501	
1	0	0	0	0	479	512	
2	0	0	0	0	482	519	
3	0	0	0	0	485	520	
4	0	0	0	0	487	519	
5	0	0	0	0	486	512	
6	0	0	0	0	482	510	
7	0	0	0	0	481	510	
8	0	0	0	0	480	511	
9	0	0	0	0	475	515	
10	0	0	0	0	466	521	
11	0	0	0	0	453	524	
12	0	0	0	0	443	526	
13	0	0	0	0	431	526	
14	0	0	0	0	426	524	
15	0	0	0	0	428	524	
0	0	0	0	0	439	524	
1	0	0	0	0	454	521	
2	0	0	0	0	468	518	
3	0	0	0	0	480	516	
4	0	0	0	0	485	513	
5	0	0	0	0	489	510	
6	0	0	0	0	496	505	
7	0	0	0	0	503	497	
8	0	0	0	0	512	487	
9	0	0	0	0	522	476	
10	0	0	0	0	531	469	
11	0	0	0	0	538	462	
12	0	0	0	0	544	454	
13	0	0	0	0	548	452	
14	0	0	0	0	551	460	
15	0	0	0	0	550	464	
0	0	0	0	0	544	476	
1	0	0	0	0	535	492	
2	0	0	0	0	527	511	
3	0	0	0	0	524	527	
4	0	0	0	0	519	545	
5	0	0	0	0	512	560	
6	0	0	0	0	508	574	
7	0	0	0	0	500	585	
8	0	0	0	0	493	592	
9	0	0	0	0	491	592	
10	0	0	0	0	495	581	
11	0	0	0	0	498	560	
12	0	0	0	0	508	539	
13	0	0	0	0	518	513	
14	0	0	0	0	528	486	
15	0	0	0	0	537	461	
0	0	0	0	0	544	433	
1	0	0	0	0	549	408	
2	0	0	0	0	551	388	
3	0	0	0	0	551	377	
4	0	0	0	0	553	376	
5	0	0	0	0	552	379	
6	0	0	0	0	547	381	
7	0	0	0	0	540	382	
8	0	0	0	0	531	382	
9	0	0	0	0	521	381	
10	0	0	0	0	512	376	
11	0	0	0	0	502	376	
12	0	0	0	0	498	380	
13	0	0	0	0	496	391	
14	0	0	0	0	495	398	
15	0	0	0	0	491	407	
0	0	0	0	0	487	418	
1	0	0	0	0	482	432	
2	0	0	0	0	479	448	
3	0	0	0	0	483	462	
4	0	0	0	0	491	476	
5	0	0	0	0	503	485	
6	0	0	0	0	524	497	
7	0	0	0	0	550	515	
8	0	0	0	0	577	532	
9	0	0	0	0	599	548	
10	0	0	0	0	612	563	
11	0	0	0	0	618	574	
12	0	0	0	0	614	573	
13	0	0	0	0	601	566	
14	0	0	0	0	587	558	
15	0	0	0	0	578	551	
0	0	0	0	0	576	538	
1	0	0	0	0	578	523	
2	0	0	0	0	577	503	
3	0	0	0	0	575	483	
4	0	0	0	0	570	460	
5	0	0	0	0	565	444	
6	0	0	0	0	555	430	
7	0	0	0	0	536	416	
8	0	0	0	0	518	403	
9	0	0	0	0	507	397	
10	0	0	0	0	500	396	
11	0	0	0	0	500	401	
12	0	0	0	0	506	412	
13	0	0	0	0	511	423	
14	0	0	0	0	513	428	
15	0	0	0	0	513	428	
0	0	0	0	0	513	426	
1	0	0	0	0	511	433	
2	0	0	0	0	511	448	
3	0	0	0	0	511	467	
4	0	0	0	0	515	483	
5	0	0	0	0	520	500	
6	0	0	0	0	527	513	
7	0	0	0	0	531	519	
8	0	0	0	0	534	514	
9	0	0	0	0	535	506	
10	0	0	0	0	531	496	
11	0	0	0	0	528	485	
12	0	0	0	0	524	469	
13	0	0	0	0	516	452	
14	0	0	0	0	511	436	
15	0	0	0	0	506	414	
0	0	0	0	0	504	403	
1	0	0	0	0	496	399	
2	0	0	0	0	490	406	
3	0	0	0	0	486	419	
4	0	0	0	0	483	433	
5	0	0	0	0	481	448	
6	0	0	0	0	481	465	
7	0	0	0	0	481	483	
8	0	0	0	0	483	496	
9	0	0	0	0	485	503	
10	0	0	0	0	492	509	
11	0	0	0	0	499	510	
12	0	0	0	0	504	511	
13	0	0	0	0	507	517	
14	0	0	0	0	508	522	
15	0	0	0	0	512	514	
0	0	0	0	0	514	496	
1	0	0	0	0	515	472	
2	0	0	0	0	510	448	
3	0	0	0	0	506	425	
4	0	0	0	0	502	408	
5	0	0	0	0	495	398	
6	0	0	0	0	487	390	
7	0	0	0	0	473	385	
8	0	0	0	0	458	388	
9	0	0	0	0	448	396	
10	0	0	0	0	441	408	
11	0	0	0	0	434	425	
12	0	0	0	0	433	447	
13	0	0	0	0	437	470	
14	0	0	0	0	440	495	
15	0	0	0	0	438	521	
0	0	0	0	0	433	539	
1	0	0	0	0	430	555	
2	0	0	0	0	431	560	
3	0	0	0	0	440	557	
4	0	0	0	0	449	554	
5	0	0	0	0	456	548	
6	0	0	0	0	460	535	
7	0	0	0	0	460	513	
8	0	0	0	0	460	485	
9	0	0	0	0	462	454	
10	0	0	0	0	464	428	
11	0	0	0	0	467	411	
12	0	0	0	0	468	402	
13	0	0	0	0	466	398	
14	0	0	0	0	464	400	
15	0	0	0	0	461	407	
0	0	0	0	0	459	415	
1	0	0	0	0	456	422	
2	0	0	0	0	459	424	
3	0	0	0	0	465	424	
4	0	0	0	0	476	425	
5	0	0	0	0	491	431	
6	0	0	0	0	503	444	
7	0	0	0	0	510	455	
8	0	0	0	0	516	466	
9	0	0	0	0	525	479	
10	0	0	0	0	530	488	
11	0	0	0	0	531	491	
12	0	0	0	0	537	499	
13	0	0	0	0	543	504	
14	0	0	0	0	546	512	
15	0	0	0	0	552	524	
0	0	0	0	0	557	540	
1	0	0	0	0	560	555	
2	0	0	0	0	558	571	
3	0	0	0	0	556	581	
4	0	0	0	0	557	588	
5	0	0	0	0	553	594	
6	0	0	0	0	550	594	
7	0	0	0	0	544	591	
8	0	0	0	0	532	577	
9	0	0	0	0	519	559	
10	0	0	0	0	504	534	
11	0	0	0	0	488	502	
12	0	0	0	0	476	466	
13	0	0	0	0	466	435	
14	0	0	0	0	459	412	
15	0	0	0	0	458	395	
0	0	0	0	0	462	387	
1	0	0	0	0	468	383	
2	0	0	0	0	475	380	
3	0	0	0	0	482	380	
4	0	0	0	0	486	382	
5	0	0	0	0	495	389	
6	0	0	0	0	508	400	
7	0	0	0	0	522	415	
8	0	0	0	0	534	431	
9	0	0	0	0	542	448	
10	0	0	0	0	547	467	
11	0	0	0	0	544	490	
12	0	0	0	0	537	513	
13	0	0	0	0	525	532	
14	0	0	0	0	509	546	
15	0	0	0	0	495	557	
0	0	0	0	0	482	561	
1	0	0	0	0	471	554	
2	0	0	0	0	462	540	
3	0	0	0	0	453	519	
4	0	0	0	0	445	503	
5	0	0	0	0	443	497	
6	0	0	0	0	450	498	
7	0	0	0	0	460	503	
8	0	0	0	0	468	513	
9	0	0	0	0	476	523	
10	0	0	0	0	482	534	
11	0	0	0	0	488	542	
12	0	0	0	0	498	548	
13	0	0	0	0	508	550	
14	0	0	0	0	518	554	
15	0	0	0	0	525	557	
0	0	0	0	0	527	562	
1	0	0	0	0	527	568	
2	0	0	0	0	529	575	
3	0	0	0	0	532	577	
4	0	0	0	0	531	573	
5	0	0	0	0	526	565	
6	0	0	0	0	521	554	
7	0	0	0	0	516	541	
8	0	0	0	0	513	527	
9	0	0	0	0	508	511	
10	0	0	0	0	503	495	
11	0	0	0	0	496	486	
12	0	0	0	0	491	478	
13	0	0	0	0	480	472	
14	0	0	0	0	471	465	
15	0	0	0	0	463	461	
0	0	0	0	0	457	459	
1	0	0	0	0	451	459	
2	0	0	0	0	449	461	
3	0	0	0	0	447	467	
4	0	0	0	0	447	472	
5	0	0	0	0	451	477	
6	0	0	0	0	462	480	
7	0	0	0	0	478	483	
8	0	0	0	0	491	494	
9	0	0	0	0	503	499	
10	0	0	0	0	513	506	
11	0	0	0	0	522	511	
12	0	0	0	0	527	511	
13	0	0	0	0	530	510	
14	0	0	0	0	536	513	
15	0	0	0	0	544	515	
0	0	0	0	0	551	514	
1	0	0	0	0	558	511	
2	0	0	0	0	558	506	
3	0	0	0	0	555	504	
4	0	0	0	0	548	504	
5	0	0	0	0	540	507	
6	0	0	0	0	529	512	
7	0	0	0	0	515	515	
8	0	0	0	0	502	518	
9	0	0	0	0	491	514	
10	0	0	0	0	487	508	
11	0	0	0	0	491	501	
12	0	0	0	0	493	491	
13	0	0	0	0	493	480	
14	0	0	0	0	493	470	
15	0	0	0	0	489	456	
0	0	0	0	0	486	442	
1	0	0	0	0	486	435	
2	0	0	0	0	484	432	
3	0	0	0	0	487	435	
4	0	0	0	0	489	438	
5	0	0	0	0	489	441	
6	0	0	0	0	483	445	
7	0	0	0	0	476	449	
8	0	0	0	0	472	456	
9	0	0	0	0	469	462	
10	0	0	0	0	472	467	
11	0	0	0	0	475	474	
12	0	0	0	0	483	484	
13	0	0	0	0	491	502	
14	0	0	0	0	495	519	
15	0	0	0	0	496	531	
0	0	0	0	0	497	541	
1	0	0	0	0	497	551	
2	0	0	0	0	495	561	
3	0	0	0	0	491	567	
4	0	0	0	0	483	563	
5	0	0	0	0	473	559	
6	0	0	0	0	463	551	
7	0	0	0	0	454	541	
8	0	0	0	0	450	528	
9	0	0	0	0	448	518	
10	0	0	0	0	449	506	
11	0	0	0	0	450	496	
12	0	0	0	0	452	490	
13	0	0	0	0	457	486	
14	0	0	0	0	463	488	
15	0	0	0	0	470	492	
0	0	0	0	0	479	495	
1	0	0	0	0	497	496	
2	0	0	0	0	508	498	
3	0	0	0	0	518	503	
4	0	0	0	0	524	510	
5	0	0	0	0	529	516	
6	0	0	0	0	524	518	
7	0	0	0	0	512	516	
8	0	0	0	0	498	510	
9	0	0	0	0	490	503	
10	0	0	0	0	485	496	
11	0	0	0	0	480	494	
12	0	0	0	0	473	492	
13	0	0	0	0	468	489	
14	0	0	0	0	463	492	
15	0	0	0	0	457	499	
0	0	0	0	0	456	511	
1	0	0	0	0	453	522	
2	0	0	0	0	450	529	
3	0	0	0	0	449	533	
4	0	0	0	0	451	539	
5	0	0	0	0	454	537	
6	0	0	0	0	461	534	
7	0	0	0	0	469	531	
8	0	0	0	0	480	522	
9	0	0	0	0	492	514	
10	0	0	0	0	504	508	
11	0	0	0	0	513	503	
12	0	0	0	0	523	499	
13	0	0	0	0	530	498	
14	0	0	0	0	540	498	
15	0	0	0	0	551	502	
0	0	0	0	0	556	509	
1	0	0	0	0	556	515	
2	0	0	0	0	553	515	
3	0	0	0	0	544	516	
4	0	0	0	0	536	514	
5	0	0	0	0	527	511	
6	0	0	0	0	519	509	
7	0	0	0	0	511	502	
8	0	0	0	0	505	494	
9	0	0	0	0	502	480	
10	0	0	0	0	505	467	
11	0	0	0	0	512	452	
12	0	0	0	0	520	442	
13	0	0	0	0	528	438	
14	0	0	0	0	538	440	
15	0	0	0	0	550	439	
0	0	0	0	0	561	431	
1	0	0	0	0	569	424	
2	0	0	0	0	574	419	
3	0	0	0	0	575	417	
4	0	0	0	0	573	417	
5	0	0	0	0	571	425	
6	0	0	0	0	564	439	
7	0	0	0	0	556	448	
8	0	0	0	0	551	449	
9	0	0	0	0	544	455	
10	0	0	0	0	537	463	
11	0	0	0	0	526	468	
12	0	0	0	0	515	473	
13	0	0	0	0	504	482	
14	0	0	0	0	496	489	
15	0	0	0	0	492	499	
0	0	0	0	0	487	507	
1	0	0	0	0	483	510	
2	0	0	0	0	483	510	
3	0	0	0	0	486	508	
4	0	0	0	0	493	504	
5	0	0	0	0	502	502	
6	0	0	0	0	511	503	
7	0	0	0	0	520	502	
8	0	0	0	0	527	508	
9	0	0	0	0	530	508	
10	0	0	0	0	532	507	
11	0	0	0	0	536	504	
12	0	0	0	0	541	505	
13	0	0	0	0	542	515	
14	0	0	0	0	543	527	
15	0	0	0	0	543	544	
0	0	0	0	0	553	561	
1	0	0	0	0	568	578	
2	0	0	0	0	578	591	
3	0	0	0	0	583	599	
4	0	0	0	0	585	600	
5	0	0	0	0	583	600	
6	0	0	0	0	577	598	
7	0	0	0	0	569	590	
8	0	0	0	0	563	573	
9	0	0	0	0	556	546	
10	0	0	0	0	549	519	
11	0	0	0	0	547	492	
12	0	0	0	0	547	469	
13	0	0	0	0	554	454	
14	0	0	0	0	561	443	
15	0	0	0	0	564	437	
0	0	0	0	0	560	435	
1	0	0	0	0	552	435	
2	0	0	0	0	546	439	
3	0	0	0	0	540	443	
4	0	0	0	0	531	444	
5	0	0	0	0	523	443	
6	0	0	0	0	514	444	
7	0	0	0	0	503	438	
8	0	0	0	0	491	436	
9	0	0	0	0	483	433	
10	0	0	0	0	477	435	
11	0	0	0	0	469	447	
12	0	0	0	0	465	471	
13	0	0	0	0	466	495	
14	0	0	0	0	467	519	
15	0	0	0	0	472	540	
0	0	0	0	0	476	552	
1	0	0	0	0	478	552	
2	0	0	0	0	479	547	
3	0	0	0	0	480	537	
4	0	0	0	0	481	522	
5	0	0	0	0	480	503	
6	0	0	0	0	475	474	
7	0	0	0	0	466	445	
8	0	0	0	0	455	419	
9	0	0	0	0	449	398	
10	0	0	0	0	445	383	
11	0	0	0	0	447	379	
12	0	0	0	0	451	385	
13	0	0	0	0	454	399	
14	0	0	0	0	459	419	
15	0	0	0	0	465	442	
0	0	0	0	0	473	456	
1	0	0	0	0	479	467	
2	0	0	0	0	484	476	
3	0	0	0	0	486	485	
4	0	0	0	0	487	496	
5	0	0	0	0	489	510	
6	0	0	0	0	488	521	
7	0	0	0	0	487	529	
8	0	0	0	0	488	532	
9	0	0	0	0	485	526	
10	0	0	0	0	480	516	
11	0	0	0	0	476	505	
12	0	0	0	0	476	493	
13	0	0	0	0	478	482	
14	0	0	0	0	481	474	
15	0	0	0	0	484	473	
0	0	0	0	0	490	477	
1	0	0	0	0	497	483	
2	0	0	0	0	503	493	
3	0	0	0	0	505	502	
4	0	0	0	0	501	510	
5	0	0	0	0	495	516	
6	0	0	0	0	487	521	
7	0	0	0	0	479	520	
8	0	0	0	0	473	514	
9	0	0	0	0	472	504	
10	0	0	0	0	470	491	
11	0	0	0	0	466	480	
12	0	0	0	0	461	473	
13	0	0	0	0	456	474	
14	0	0	0	0	457	483	
15	0	0	0	0	461	499	
0	0	0	0	0	466	513	
1	0	0	0	0	471	526	
2	0	0	0	0	480	535	
3	0	0	0	0	489	546	
4	0	0	0	0	506	558	
5	0	0	0	0	515	570	
6	0	0	0	0	519	578	
7	0	0	0	0	524	584	
8	0	0	0	0	528	583	
9	0	0	0	0	527	575	
10	0	0	0	0	520	566	
11	0	0	0	0	513	558	
12	0	0	0	0	510	560	
13	0	0	0	0	506	569	
14	0	0	0	0	502	586	
15	0	0	0	0	499	606	
0	0	0	0	0	500	626	
1	0	0	0	0	507	640	
2	0	0	0	0	513	643	
3	0	0	0	0	521	632	
4	0	0	0	0	525	608	
5	0	0	0	0	526	579	
6	0	0	0	0	527	547	
7	0	0	0	0	527	515	
8	0	0	0	0	526	490	
9	0	0	0	0	522	471	
10	0	0	0	0	516	457	
11	0	0	0	0	507	452	
12	0	0	0	0	495	452	
13	0	0	0	0	479	457	
14	0	0	0	0	464	460	
15	0	0	0	0	455	463	
0	0	0	0	0	449	464	
1	0	0	0	0	450	466	
2	0	0	0	0	453	467	
3	0	0	0	0	457	467	
4	0	0	0	0	461	464	
5	0	0	0	0	464	461	
6	0	0	0	0	467	465	
7	0	0	0	0	469	473	
8	0	0	0	0	473	479	
9	0	0	0	0	477	481	
10	0	0	0	0	480	484	
11	0	0	0	0	482	486	
12	0	0	0	0	483	496	
13	0	0	0	0	478	513	
14	0	0	0	0	476	534	
15	0	0	0	0	478	551	
0	0	0	0	0	480	562	
1	0	0	0	0	479	570	
2	0	0	0	0	476	569	
3	0	0	0	0	471	563	
4	0	0	0	0	472	554	
5	0	0	0	0	476	547	
6	0	0	0	0	478	548	
7	0	0	0	0	481	556	
8	0	0	0	0	485	567	
9	0	0	0	0	488	575	
10	0	0	0	0	495	581	
11	0	0	0	0	503	577	
12	0	0	0	0	503	568	
13	0	0	0	0	497	553	
14	0	0	0	0	488	530	
15	0	0	0	0	479	504	
0	0	0	0	0	469	476	
1	0	0	0	0	465	450	
2	0	0	0	0	465	431	
3	0	0	0	0	466	414	
4	0	0	0	0	470	400	
5	0	0	0	0	474	390	
6	0	0	0	0	476	388	
7	0	0	0	0	473	390	
8	0	0	0	0	470	391	
9	0	0	0	0	467	391	
10	0	0	0	0	467	393	
11	0	0	0	0	475	401	
12	0	0	0	0	484	413	
13	0	0	0	0	490	427	
14	0	0	0	0	494	437	
15	0	0	0	0	496	444	
0	0	0	0	0	495	446	
1	0	0	0	0	496	449	
2	0	0	0	0	495	452	
3	0	0	0	0	497	451	
4	0	0	0	0	504	450	
5	0	0	0	0	515	448	
6	0	0	0	0	531	448	
7	0	0	0	0	547	451	
8	0	0	0	0	561	459	
9	0	0	0	0	574	465	
10	0	0	0	0	580	476	
11	0	0	0	0	579	482	
12	0	0	0	0	572	482	
13	0	0	0	0	562	481	
14	0	0	0	0	553	479	
15	0	0	0	0	544	476	
0	0	0	0	0	535	482	
1	0	0	0	0	530	498	
2	0	0	0	0	531	518	
3	0	0	0	0	536	537	
4	0	0	0	0	541	555	
5	0	0	0	0	551	567	
6	0	0	0	0	561	570	
7	0	0	0	0	565	566	
8	0	0	0	0	567	549	
9	0	0	0	0	564	523	
10	0	0	0	0	559	491	
11	0	0	0	0	546	457	
12	0	0	0	0	537	431	
13	0	0	0	0	526	415	
14	0	0	0	0	517	408	
15	0	0	0	0	510	408	
0	0	0	0	0	504	415	
1	0	0	0	0	501	419	
2	0	0	0	0	502	428	
3	0	0	0	0	505	434	
4	0	0	0	0	506	434	
5	0	0	0	0	507	430	
6	0	0	0	0	508	426	
7	0	0	0	0	508	425	
8	0	0	0	0	508	422	
9	0	0	0	0	515	419	
10	0	0	0	0	524	420	
11	0	0	0	0	529	428	
12	0	0	0	0	533	446	
13	0	0	0	0	536	467	
14	0	0	0	0	536	479	
15	0	0	0	0	533	487	
0	0	0	0	0	528	488	
1	0	0	0	0	523	484	
2	0	0	0	0	513	473	
3	0	0	0	0	508	459	
4	0	0	0	0	502	440	
5	0	0	0	0	500	427	
6	0	0	0	0	501	418	
7	0	0	0	0	506	416	
8	0	0	0	0	512	416	
9	0	0	0	0	516	423	
10	0	0	0	0	516	436	
11	0	0	0	0	514	449	
12	0	0	0	0	511	463	
13	0	0	0	0	505	480	
14	0	0	0	0	500	493	
15	0	0	0	0	504	503	
0	0	0	0	0	512	513	
1	0	0	0	0	521	527	
2	0	0	0	0	536	549	
3	0	0	0	0	551	569	
4	0	0	0	0	565	579	
5	0	0	0	0	575	574	
6	0	0	0	0	581	554	
7	0	0	0	0	583	520	
8	0	0	0	0	578	481	
9	0	0	0	0	563	442	
10	0	0	0	0	551	414	
11	0	0	0	0	536	389	
12	0	0	0	0	523	377	
13	0	0	0	0	508	366	
14	0	0	0	0	501	365	
15	0	0	0	0	500	365	
0	0	0	0	0	503	371	
1	0	0	0	0	506	376	
2	0	0	0	0	511	386	
3	0	0	0	0	516	391	
4	0	0	0	0	520	397	
5	0	0	0	0	521	398	
6	0	0	0	0	521	403	
7	0	0	0	0	519	407	
8	0	0	0	0	517	418	
9	0	0	0	0	511	428	
10	0	0	0	0	499	444	
11	0	0	0	0	487	465	
12	0	0	0	0	478	487	
13	0	0	0	0	470	507	
14	0	0	0	0	464	514	
15	0	0	0	0	461	514	
0	0	0	0	0	460	514	
1	0	0	0	0	457	513	
2	0	0	0	0	460	513	
3	0	0	0	0	463	518	
4	0	0	0	0	470	520	
5	0	0	0	0	478	519	
6	0	0	0	0	487	521	
7	0	0	0	0	495	524	
8	0	0	0	0	502	534	
9	0	0	0	0	508	545	
10	0	0	0	0	515	557	
11	0	0	0	0	517	569	
12	0	0	0	0	518	579	
13	0	0	0	0	517	574	
14	0	0	0	0	515	560	
15	0	0	0	0	511	545	
0	0	0	0	0	505	530	
1	0	0	0	0	496	512	
2	0	0	0	0	491	490	
3	0	0	0	0	487	464	
4	0	0	0	0	485	433	
5	0	0	0	0	479	404	
6	0	0	0	0	474	387	
7	0	0	0	0	468	382	
8	0	0	0	0	464	382	
9	0	0	0	0	464	391	
10	0	0	0	0	461	401	
11	0	0	0	0	458	421	
12	0	0	0	0	462	440	
13	0	0	0	0	468	454	
14	0	0	0	0	475	462	
15	0	0	0	0	484	467	
0	0	0	0	0	492	470	
1	0	0	0	0	497	471	
2	0	0	0	0	501	462	
3	0	0	0	0	503	451	
4	0	0	0	0	502	446	
5	0	0	0	0	504	446	
6	0	0	0	0	509	448	
7	0	0	0	0	515	454	
8	0	0	0	0	519	462	
9	0	0	0	0	523	473	
10	0	0	0	0	526	483	
11	0	0	0	0	527	493	
12	0	0	0	0	527	503	
13	0	0	0	0	519	511	
14	0	0	0	0	511	515	
15	0	0	0	0	505	520	
0	0	0	0	0	504	523	
1	0	0	0	0	510	520	
2	0	0	0	0	512	511	
3	0	0	0	0	514	504	
4	0	0	0	0	514	507	
5	0	0	0	0	515	521	
6	0	0	0	0	516	545	
7	0	0	0	0	515	575	
8	0	0	0	0	515	601	
9	0	0	0	0	519	617	
10	0	0	0	0	527	624	
11	0	0	0	0	536	623	
12	0	0	0	0	545	620	
13	0	0	0	0	553	615	
14	0	0	0	0	551	600	
15	0	0	0	0	549	583	
0	0	0	0	0	545	562	
1	0	0	0	0	541	539	
2	0	0	0	0	531	513	
3	0	0	0	0	523	490	
4	0	0	0	0	515	471	
5	0	0	0	0	506	451	
6	0	0	0	0	499	432	
7	0	0	0	0	496	417	
8	0	0	0	0	499	409	
9	0	0	0	0	504	401	
10	0	0	0	0	509	399	
11	0	0	0	0	512	400	
12	0	0	0	0	511	406	
13	0	0	0	0	512	418	
14	0	0	0	0	519	438	
15	0	0	0	0	538	477	
0	0	0	0	0	562	529	
1	0	0	0	0	587	586	
2	0	0	0	0	607	632	
3	0	0	0	0	628	667	
4	0	0	0	0	644	692	
5	0	0	0	0	652	709	
6	0	0	0	0	652	709	
7	0	0	0	0	652	693	
8	0	0	0	0	654	666	
9	0	0	0	0	658	632	
10	0	0	0	0	667	609	
11	0	0	0	0	671	601	
12	0	0	0	0	668	619	
13	0	0	0	0	649	646	
14	0	0	0	0	617	664	
15	0	0	0	0	583	678	
0	0	0	0	0	545	679	
1	0	0	0	0	514	659	
2	0	0	0	0	484	617	
3	0	0	0	0	459	561	
4	0	0	0	0	439	500	
5	0	0	0	0	427	433	
6	0	0	0	0	417	366	
7	0	0	0	0	413	305	
8	0	0	0	0	417	267	
9	0	0	0	0	428	244	
10	0	0	0	0	440	231	
11	0	0	0	0	448	231	
12	0	0	0	0	462	243	
13	0	0	0	0	485	262	
14	0	0	0	0	512	293	
15	0	0	0	0	540	333	
0	0	0	0	0	575	379	
1	0	0	0	0	611	414	
2	0	0	0	0	642	443	
3	0	0	0	0	665	467	
4	0	0	0	0	671	478	
5	0	0	0	0	662	487	
6	0	0	0	0	644	513	
7	0	0	0	0	628	561	
8	0	0	0	0	621	631	
9	0	0	0	0	626	709	
10	0	0	0	0	644	784	
11	0	0	0	0	671	857	
12	0	0	0	0	708	924	
13	0	0	0	0	740	975	
14	0	0	0	0	765	996	
15	0	0	0	0	775	984	
0	0	0	0	0	767	935	
1	0	0	0	0	742	857	
2	0	0	0	0	707	751	
3	0	0	0	0	657	639	
4	0	0	0	0	595	542	
5	0	0	0	0	529	457	
6	0	0	0	0	476	379	
7	0	0	0	0	446	318	
8	0	0	0	0	439	274	
9	0	0	0	0	452	252	
10	0	0	0	0	485	240	
11	0	0	0	0	536	261	
12	0	0	0	0	585	279	
13	0	0	0	0	611	315	
14	0	0	0	0	612	344	
15	0	0	0	0	599	384	
0	0	0	0	0	572	414	
1	0	0	0	0	529	433	
2	0	0	0	0	479	440	
3	0	0	0	0	429	435	
4	0	0	0	0	386	419	
5	0	0	0	0	353	396	
6	0	0	0	0	332	369	
7	0	0	0	0	321	340	
8	0	0	0	0	318	316	
9	0	0	0	0	321	295	
10	0	0	0	0	331	289	
11	0	0	0	0	345	298	
12	0	0	0	0	360	309	
13	0	0	0	0	374	321	
14	0	0	0	0	391	338	
15	0	0	0	0	410	361	
0	0	0	0	0	429	388	
1	0	0	0	0	449	419	
2	0	0	0	0	472	451	
3	0	0	0	0	496	482	
4	0	0	0	0	524	506	
5	0	0	0	0	550	524	
6	0	0	0	0	575	538	
7	0	0	0	0	593	545	
8	0	0	0	0	605	545	
9	0	0	0	0	606	539	
10	0	0	0	0	600	526	
11	0	0	0	0	592	511	
12	0	0	0	0	589	489	
13	0	0	0	0	586	468	
14	0	0	0	0	586	455	
15	0	0	0	0	586	453	
0	0	0	0	0	583	459	
1	0	0	0	0	583	471	
2	0	0	0	0	584	485	
3	0	0	0	0	587	505	
4	0	0	0	0	593	526	
5	0	0	0	0	602	547	
6	0	0	0	0	611	568	
7	0	0	0	0	618	586	
8	0	0	0	0	625	600	
9	0	0	0	0	632	608	
10	0	0	0	0	639	611	
11	0	0	0	0	644	609	
12	0	0	0	0	655	606	
13	0	0	0	0	666	600	
14	0	0	0	0	676	592	
15	0	0	0	0	681	584	
0	0	0	0	0	681	576	
1	0	0	0	0	675	571	
2	0	0	0	0	662	568	
3	0	0	0	0	647	566	
4	0	0	0	0	632	558	
5	0	0	0	0	620	547	
6	0	0	0	0	612	541	
7	0	0	0	0	609	541	
8	0	0	0	0	610	550	
9	0	0	0	0	608	561	
10	0	0	0	0	609	578	
11	0	0	0	0	615	602	
12	0	0	0	0	620	627	
13	0	0	0	0	628	649	
14	0	0	0	0	636	668	
15	0	0	0	0	646	683	
0	0	0	0	0	652	683	
1	0	0	0	0	656	674	
2	0	0	0	0	663	663	
3	0	0	0	0	666	647	
4	0	0	0	0	671	631	
5	0	0	0	0	670	621	
6	0	0	0	0	663	615	
7	0	0	0	0	658	608	
8	0	0	0	0	653	606	
9	0	0	0	0	646	603	
10	0	0	0	0	638	602	
11	0	0	0	0	627	600	
12	0	0	0	0	612	595	
13	0	0	0	0	595	588	
14	0	0	0	0	580	575	
15	0	0	0	0	567	563	
0	0	0	0	0	557	549	
1	0	0	0	0	548	532	
2	0	0	0	0	543	513	
3	0	0	0	0	542	497	
4	0	0	0	0	545	488	
5	0	0	0	0	548	483	
6	0	0	0	0	553	480	
7	0	0	0	0	557	484	
8	0	0	0	0	562	487	
9	0	0	0	0	568	491	
10	0	0	0	0	571	497	
11	0	0	0	0	570	510	
12	0	0	0	0	574	527	
13	0	0	0	0	585	556	
14	0	0	0	0	601	587	
15	0	0	0	0	614	615	
0	0	0	0	0	626	635	
1	0	0	0	0	630	639	
2	0	0	0	0	634	635	
3	0	0	0	0	635	627	
4	0	0	0	0	632	615	
5	0	0	0	0	626	601	
6	0	0	0	0	619	589	
7	0	0	0	0	609	580	
8	0	0	0	0	595	573	
9	0	0	0	0	579	566	
10	0	0	0	0	567	562	
11	0	0	0	0	558	566	
12	0	0	0	0	558	572	
13	0	0	0	0	564	583	
14	0	0	0	0	577	592	
15	0	0	0	0	589	603	
0	0	0	0	0	603	606	
1	0	0	0	0	613	606	
2	0	0	0	0	621	604	
3	0	0	0	0	624	596	
4	0	0	0	0	625	579	
5	0	0	0	0	617	558	
6	0	0	0	0	604	533	
7	0	0	0	0	595	504	
8	0	0	0	0	590	475	
9	0	0	0	0	586	445	
10	0	0	0	0	582	417	
11	0	0	0	0	575	393	
12	0	0	0	0	568	372	
13	0	0	0	0	565	352	
14	0	0	0	0	559	345	
15	0	0	0	0	548	344	
0	0	0	0	0	537	362	
1	0	0	0	0	527	380	
2	0	0	0	0	518	406	
3	0	0	0	0	509	435	
4	0	0	0	0	504	468	
5	0	0	0	0	494	502	
6	0	0	0	0	482	529	
7	0	0	0	0	471	550	
8	0	0	0	0	465	560	
9	0	0	0	0	460	560	
10	0	0	0	0	459	550	
11	0	0	0	0	462	527	
12	0	0	0	0	473	502	
13	0	0	0	0	489	479	
14	0	0	0	0	508	462	
15	0	0	0	0	525	453	
0	0	0	0	0	537	450	
1	0	0	0	0	544	451	
2	0	0	0	0	549	454	
3	0	0	0	0	546	466	
4	0	0	0	0	540	483	
5	0	0	0	0	532	503	
6	0	0	0	0	529	521	
7	0	0	0	0	533	532	
8	0	0	0	0	539	532	
9	0	0	0	0	543	526	
10	0	0	0	0	541	513	
11	0	0	0	0	542	494	
12	0	0	0	0	542	468	
13	0	0	0	0	541	440	
14	0	0	0	0	544	424	
15	0	0	0	0	545	417	
0	0	0	0	0	542	425	
1	0	0	0	0	531	442	
2	0	0	0	0	520	467	
3	0	0	0	0	518	493	
4	0	0	0	0	519	511	
5	0	0	0	0	521	522	
6	0	0	0	0	519	525	
7	0	0	0	0	512	518	
8	0	0	0	0	509	504	
9	0	0	0	0	509	484	
10	0	0	0	0	513	463	
11	0	0	0	0	523	444	
12	0	0	0	0	532	425	
13	0	0	0	0	539	413	
14	0	0	0	0	543	400	
15	0	0	0	0	540	399	
0	0	0	0	0	531	402	
1	0	0	0	0	517	411	
2	0	0	0	0	504	427	
3	0	0	0	0	500	445	
4	0	0	0	0	500	465	
5	0	0	0	0	505	481	
6	0	0	0	0	513	494	
7	0	0	0	0	513	493	
8	0	0	0	0	508	486	
9	0	0	0	0	504	475	
10	0	0	0	0	495	476	
11	0	0	0	0	487	482	
12	0	0	0	0	481	495	
13	0	0	0	0	478	507	
14	0	0	0	0	479	513	
15	0	0	0	0	481	519	
0	0	0	0	0	485	519	
1	0	0	0	0	490	513	
2	0	0	0	0	495	502	
3	0	0	0	0	503	494	
4	0	0	0	0	511	488	
5	0	0	0	0	519	497	
6	0	0	0	0	528	519	
7	0	0	0	0	536	548	
8	0	0	0	0	542	577	
9	0	0	0	0	544	599	
10	0	0	0	0	544	608	
11	0	0	0	0	544	605	
12	0	0	0	0	541	592	
13	0	0	0	0	537	573	
14	0	0	0	0	534	550	
15	0	0	0	0	534	525	
0	0	0	0	0	530	501	
1	0	0	0	0	526	487	
2	0	0	0	0	521	482	
3	0	0	0	0	515	481	
4	0	0	0	0	503	475	
5	0	0	0	0	489	470	
6	0	0	0	0	477	461	
7	0	0	0	0	464	451	
8	0	0	0	0	456	440	
9	0	0	0	0	456	430	
10	0	0	0	0	463	423	
11	0	0	0	0	475	424	
12	0	0	0	0	492	431	
13	0	0	0	0	503	442	
14	0	0	0	0	506	478	
15	0	0	0	0	500	542	
0	0	0	0	0	493	618	
1	0	0	0	0	483	688	
2	0	0	0	0	472	736	
3	0	0	0	0	460	766	
4	0	0	0	0	456	780	
5	0	0	0	0	458	764	
6	0	0	0	0	465	736	
7	0	0	0	0	475	692	
8	0	0	0	0	482	636	
9	0	0	0	0	491	576	
10	0	0	0	0	497	517	
11	0	0	0	0	496	464	
12	0	0	0	0	490	421	
13	0	0	0	0	472	386	
14	0	0	0	0	448	359	
15	0	0	0	0	423	334	
0	0	0	0	0	397	318	
1	0	0	0	0	376	313	
2	0	0	0	0	364	322	
3	0	0	0	0	362	347	
4	0	0	0	0	362	378	
5	0	0	0	0	368	417	
6	0	0	0	0	375	460	
7	0	0	0	0	387	501	
8	0	0	0	0	402	540	
9	0	0	0	0	420	568	
10	0	0	0	0	439	584	
11	0	0	0	0	453	588	
12	0	0	0	0	460	582	
13	0	0	0	0	467	568	
14	0	0	0	0	478	556	
15	0	0	0	0	496	544	
0	0	0	0	0	519	536	
1	0	0	0	0	536	531	
2	0	0	0	0	542	531	
3	0	0	0	0	537	531	
4	0	0	0	0	527	527	
5	0	0	0	0	517	519	
6	0	0	0	0	508	507	
7	0	0	0	0	502	497	
8	0	0	0	0	502	493	
9	0	0	0	0	499	497	
10	0	0	0	0	496	515	
11	0	0	0	0	493	545	
12	0	0	0	0	483	574	
13	0	0	0	0	471	592	
14	0	0	0	0	457	599	
15	0	0	0	0	444	600	
0	0	0	0	0	434	593	
1	0	0	0	0	429	580	
2	0	0	0	0	431	562	
3	0	0	0	0	433	537	
4	0	0	0	0	438	507	
5	0	0	0	0	443	472	
6	0	0	0	0	447	440	
7	0	0	0	0	445	411	
8	0	0	0	0	442	387	
9	0	0	0	0	435	371	
10	0	0	0	0	428	369	
11	0	0	0	0	423	384	
12	0	0	0	0	419	409	
13	0	0	0	0	417	438	
14	0	0	0	0	417	465	
15	0	0	0	0	423	491	
0	0	0	0	0	433	514	
1	0	0	0	0	451	526	
2	0	0	0	0	471	527	
3	0	0	0	0	491	521	
4	0	0	0	0	506	505	
5	0	0	0	0	516	487	
6	0	0	0	0	518	471	
7	0	0	0	0	512	459	
8	0	0	0	0	504	448	
9	0	0	0	0	494	444	
10	0	0	0	0	480	447	
11	0	0	0	0	469	464	
12	0	0	0	0	462	487	
13	0	0	0	0	459	504	
14	0	0	0	0	461	521	
15	0	0	0	0	470	531	
0	0	0	0	0	477	540	
1	0	0	0	0	479	547	
2	0	0	0	0	475	555	
3	0	0	0	0	468	557	
4	0	0	0	0	462	556	
5	0	0	0	0	457	547	
6	0	0	0	0	459	535	
7	0	0	0	0	468	518	
8	0	0	0	0	473	504	
9	0	0	0	0	477	492	
10	0	0	0	0	475	477	
11	0	0	0	0	471	465	
12	0	0	0	0	467	458	
13	0	0	0	0	460	457	
14	0	0	0	0	451	462	
15	0	0	0	0	446	472	
0	0	0	0	0	448	487	
1	0	0	0	0	458	504	
2	0	0	0	0	474	519	
3	0	0	0	0	491	534	
4	0	0	0	0	503	550	
5	0	0	0	0	511	568	
6	0	0	0	0	517	589	
7	0	0	0	0	520	608	
8	0	0	0	0	519	615	
9	0	0	0	0	512	612	
10	0	0	0	0	502	600	
11	0	0	0	0	495	587	
12	0	0	0	0	487	582	
13	0	0	0	0	486	590	
14	0	0	0	0	489	598	
15	0	0	0	0	498	601	
0	0	0	0	0	508	599	
1	0	0	0	0	518	598	
2	0	0	0	0	531	588	
3	0	0	0	0	540	571	
4	0	0	0	0	548	545	
5	0	0	0	0	554	509	
6	0	0	0	0	552	469	
7	0	0	0	0	546	432	
8	0	0	0	0	540	413	
9	0	0	0	0	531	399	
10	0	0	0	0	518	399	
11	0	0	0	0	508	398	
12	0	0	0	0	499	408	
13	0	0	0	0	489	423	
14	0	0	0	0	484	444	
15	0	0	0	0	491	468	
0	0	0	0	0	499	496	
1	0	0	0	0	511	522	
2	0	0	0	0	527	544	
3	0	0	0	0	545	567	
4	0	0	0	0	561	585	
5	0	0	0	0	572	597	
6	0	0	0	0	584	602	
7	0	0	0	0	591	602	
8	0	0	0	0	591	592	
9	0	0	0	0	594	581	
10	0	0	0	0	600	568	
11	0	0	0	0	606	557	
12	0	0	0	0	609	546	
13	0	0	0	0	607	536	
14	0	0	0	0	599	528	
15	0	0	0	0	580	524	
0	0	0	0	0	553	525	
1	0	0	0	0	523	526	
2	0	0	0	0	499	534	
3	0	0	0	0	481	544	
4	0	0	0	0	466	556	
5	0	0	0	0	456	568	
6	0	0	0	0	458	575	
7	0	0	0	0	467	574	
8	0	0	0	0	478	566	
9	0	0	0	0	491	559	
10	0	0	0	0	498	547	
11	0	0	0	0	499	532	
12	0	0	0	0	497	511	
13	0	0	0	0	494	489	
14	0	0	0	0	492	473	
15	0	0	0	0	488	469	
0	0	0	0	0	482	470	
1	0	0	0	0	480	472	
2	0	0	0	0	487	472	
3	0	0	0	0	497	468	
4	0	0	0	0	502	466	
5	0	0	0	0	496	465	
6	0	0	0	0	492	466	
7	0	0	0	0	483	471	
8	0	0	0	0	472	478	
9	0	0	0	0	460	488	
10	0	0	0	0	449	509	
11	0	0	0	0	437	527	
12	0	0	0	0	432	540	
13	0	0	0	0	432	543	
14	0	0	0	0	442	547	
15	0	0	0	0	458	547	
0	0	0	0	0	481	550	
1	0	0	0	0	507	553	
2	0	0	0	0	531	558	
3	0	0	0	0	550	571	
4	0	0	0	0	567	579	
5	0	0	0	0	575	583	
6	0	0	0	0	577	591	
7	0	0	0	0	574	594	
8	0	0	0	0	574	588	
9	0	0	0	0	571	582	
10	0	0	0	0	559	573	
11	0	0	0	0	546	563	
12	0	0	0	0	537	546	
13	0	0	0	0	536	530	
14	0	0	0	0	537	516	
15	0	0	0	0	530	507	
0	0	0	0	0	519	495	
1	0	0	0	0	507	476	
2	0	0	0	0	486	462	
3	0	0	0	0	463	453	
4	0	0	0	0	436	445	
5	0	0	0	0	415	439	
6	0	0	0	0	402	433	
7	0	0	0	0	398	436	
8	0	0	0	0	398	446	
9	0	0	0	0	401	461	
10	0	0	0	0	407	472	
11	0	0	0	0	419	481	
12	0	0	0	0	435	491	
13	0	0	0	0	451	495	
14	0	0	0	0	466	497	
15	0	0	0	0	480	501	
0	0	0	0	0	489	507	
1	0	0	0	0	498	512	
2	0	0	0	0	508	515	
3	0	0	0	0	524	519	
4	0	0	0	0	539	526	
5	0	0	0	0	555	536	
6	0	0	0	0	570	549	
7	0	0	0	0	579	563	
8	0	0	0	0	580	575	
9	0	0	0	0	572	581	
10	0	0	0	0	559	586	
11	0	0	0	0	545	588	
12	0	0	0	0	527	589	
13	0	0	0	0	512	579	
14	0	0	0	0	511	570	
15	0	0	0	0	522	562	
0	0	0	0	0	539	558	
1	0	0	0	0	558	560	
2	0	0	0	0	578	573	
3	0	0	0	0	598	589	
4	0	0	0	0	615	608	
5	0	0	0	0	624	620	
6	0	0	0	0	624	624	
7	0	0	0	0	612	620	
8	0	0	0	0	595	605	
9	0	0	0	0	569	577	
10	0	0	0	0	542	554	
11	0	0	0	0	513	540	
12	0	0	0	0	492	531	
13	0	0	0	0	476	528	
14	0	0	0	0	463	527	
15	0	0	0	0	457	530	
0	0	0	0	0	460	533	
1	0	0	0	0	466	536	
2	0	0	0	0	473	535	
3	0	0	0	0	474	528	
4	0	0	0	0	470	518	
5	0	0	0	0	467	508	
6	0	0	0	0	465	499	
7	0	0	0	0	464	492	
8	0	0	0	0	463	489	
9	0	0	0	0	464	487	
10	0	0	0	0	464	481	
11	0	0	0	0	464	475	
12	0	0	0	0	461	475	
13	0	0	0	0	459	482	
14	0	0	0	0	462	501	
15	0	0	0	0	469	523	
0	0	0	0	0	478	547	
1	0	0	0	0	488	571	
2	0	0	0	0	498	603	
3	0	0	0	0	508	628	
4	0	0	0	0	520	652	
5	0	0	0	0	531	667	
6	0	0	0	0	542	668	
7	0	0	0	0	556	664	
8	0	0	0	0	572	653	
9	0	0	0	0	583	639	
10	0	0	0	0	592	626	
11	0	0	0	0	593	615	
12	0	0	0	0	587	610	
13	0	0	0	0	582	607	
14	0	0	0	0	578	598	
15	0	0	0	0	575	588	
0	0	0	0	0	568	578	
1	0	0	0	0	553	567	
2	0	0	0	0	538	555	
3	0	0	0	0	519	541	
4	0	0	0	0	498	527	
5	0	0	0	0	478	513	
6	0	0	0	0	461	498	
7	0	0	0	0	454	485	
8	0	0	0	0	461	476	
9	0	0	0	0	476	476	
10	0	0	0	0	496	486	
11	0	0	0	0	514	498	
12	0	0	0	0	527	512	
13	0	0	0	0	526	524	
14	0	0	0	0	517	532	
15	0	0	0	0	505	542	
0	0	0	0	0	491	551	
1	0	0	0	0	478	560	
2	0	0	0	0	466	572	
3	0	0	0	0	465	588	
4	0	0	0	0	475	604	
5	0	0	0	0	487	617	
6	0	0	0	0	504	626	
7	0	0	0	0	523	639	
8	0	0	0	0	540	657	
9	0	0	0	0	550	680	
10	0	0	0	0	553	696	
11	0	0	0	0	551	706	
12	0	0	0	0	542	701	
13	0	0	0	0	523	684	
14	0	0	0	0	504	657	
15	0	0	0	0	480	625	
0	0	0	0	0	459	593	
1	0	0	0	0	445	564	
2	0	0	0	0	436	536	
3	0	0	0	0	437	515	
4	0	0	0	0	443	500	
5	0	0	0	0	457	489	
6	0	0	0	0	478	479	
7	0	0	0	0	503	471	
8	0	0	0	0	527	471	
9	0	0	0	0	552	475	
10	0	0	0	0	574	483	
11	0	0	0	0	591	496	
12	0	0	0	0	602	515	
13	0	0	0	0	605	531	
14	0	0	0	0	602	541	
15	0	0	0	0	588	539	
0	0	0	0	0	570	529	
1	0	0	0	0	549	510	
2	0	0	0	0	534	489	
3	0	0	0	0	523	473	
4	0	0	0	0	519	460	
5	0	0	0	0	515	460	
6	0	0	0	0	511	467	
7	0	0	0	0	507	480	
8	0	0	0	0	505	499	
9	0	0	0	0	511	512	
10	0	0	0	0	521	521	
11	0	0	0	0	530	527	
12	0	0	0	0	534	530	
13	0	0	0	0	531	525	
14	0	0	0	0	523	515	
15	0	0	0	0	513	504	
0	0	0	0	0	506	502	
1	0	0	0	0	511	511	
2	0	0	0	0	515	536	
3	0	0	0	0	515	568	
4	0	0	0	0	516	596	
5	0	0	0	0	521	614	
6	0	0	0	0	524	628	
7	0	0	0	0	524	633	
8	0	0	0	0	519	633	
9	0	0	0	0	508	614	
10	0	0	0	0	492	590	
11	0	0	0	0	474	566	
12	0	0	0	0	451	548	
13	0	0	0	0	431	531	
14	0	0	0	0	415	520	
15	0	0	0	0	402	514	
0	0	0	0	0	397	512	
1	0	0	0	0	393	509	
2	0	0	0	0	393	504	
3	0	0	0	0	401	501	
4	0	0	0	0	413	496	
5	0	0	0	0	432	494	
6	0	0	0	0	457	494	
7	0	0	0	0	482	494	
8	0	0	0	0	504	499	
9	0	0	0	0	526	501	
10	0	0	0	0	543	505	
11	0	0	0	0	552	522	
12	0	0	0	0	554	542	
13	0	0	0	0	549	554	
14	0	0	0	0	545	555	
15	0	0	0	0	539	548	
0	0	0	0	0	528	533	
1	0	0	0	0	514	516	
2	0	0	0	0	497	500	
3	0	0	0	0	483	489	
4	0	0	0	0	465	483	
5	0	0	0	0	453	489	
6	0	0	0	0	447	501	
7	0	0	0	0	446	515	
8	0	0	0	0	447	529	
9	0	0	0	0	455	545	
10	0	0	0	0	467	563	
11	0	0	0	0	486	578	
12	0	0	0	0	504	585	
13	0	0	0	0	518	584	
14	0	0	0	0	524	572	
15	0	0	0	0	520	551	
0	0	0	0	0	512	527	
1	0	0	0	0	503	504	
2	0	0	0	0	492	481	
3	0	0	0	0	483	460	
4	0	0	0	0	480	443	
5	0	0	0	0	487	439	
6	0	0	0	0	501	442	
7	0	0	0	0	514	453	
8	0	0	0	0	524	467	
9	0	0	0	0	540	486	
10	0	0	0	0	560	504	
11	0	0	0	0	577	524	
12	0	0	0	0	583	546	
13	0	0	0	0	576	572	
14	0	0	0	0	565	595	
15	0	0	0	0	555	611	
0	0	0	0	0	543	615	
1	0	0	0	0	532	610	
2	0	0	0	0	527	594	
3	0	0	0	0	527	568	
4	0	0	0	0	531	536	
5	0	0	0	0	542	498	
6	0	0	0	0	552	465	
7	0	0	0	0	561	438	
8	0	0	0	0	566	423	
9	0	0	0	0	561	422	
10	0	0	0	0	558	430	
11	0	0	0	0	558	450	
12	0	0	0	0	558	476	
13	0	0	0	0	556	504	
14	0	0	0	0	553	526	
15	0	0	0	0	551	543	
0	0	0	0	0	550	556	
1	0	0	0	0	552	565	
2	0	0	0	0	547	570	
3	0	0	0	0	532	569	
4	0	0	0	0	510	560	
5	0	0	0	0	490	547	
6	0	0	0	0	473	529	
7	0	0	0	0	455	505	
8	0	0	0	0	440	482	
9	0	0	0	0	426	465	
10	0	0	0	0	415	453	
11	0	0	0	0	408	445	
12	0	0	0	0	408	438	
13	0	0	0	0	407	431	
14	0	0	0	0	410	429	
15	0	0	0	0	412	438	
0	0	0	0	0	415	463	
1	0	0	0	0	416	500	
2	0	0	0	0	420	546	
3	0	0	0	0	430	587	
4	0	0	0	0	448	614	
5	0	0	0	0	469	628	
6	0	0	0	0	489	628	
7	0	0	0	0	508	621	
8	0	0	0	0	522	612	
9	0	0	0	0	528	601	
10	0	0	0	0	529	585	
11	0	0	0	0	527	563	
12	0	0	0	0	523	539	
13	0	0	0	0	520	515	
14	0	0	0	0	520	497	
15	0	0	0	0	522	482	
0	0	0	0	0	525	475	
1	0	0	0	0	528	481	
2	0	0	0	0	530	498	
3	0	0	0	0	536	523	
4	0	0	0	0	542	543	
5	0	0	0	0	543	557	
6	0	0	0	0	535	562	
7	0	0	0	0	527	565	
8	0	0	0	0	510	563	
9	0	0	0	0	487	555	
10	0	0	0	0	470	542	
11	0	0	0	0	462	527	
12	0	0	0	0	461	510	
13	0	0	0	0	468	498	
14	0	0	0	0	480	495	
15	0	0	0	0	492	498	
0	0	0	0	0	502	508	
1	0	0	0	0	507	523	
2	0	0	0	0	507	536	
3	0	0	0	0	506	550	
4	0	0	0	0	505	559	
5	0	0	0	0	503	562	
6	0	0	0	0	501	558	
7	0	0	0	0	502	541	
8	0	0	0	0	503	516	
9	0	0	0	0	506	491	
10	0	0	0	0	518	472	
11	0	0	0	0	535	464	
12	0	0	0	0	557	470	
13	0	0	0	0	574	477	
14	0	0	0	0	586	485	
15	0	0	0	0	591	492	
0	0	0	0	0	583	497	
1	0	0	0	0	566	504	
2	0	0	0	0	542	510	
3	0	0	0	0	515	524	
4	0	0	0	0	495	548	
5	0	0	0	0	486	572	
6	0	0	0	0	486	593	
7	0	0	0	0	487	609	
8	0	0	0	0	486	610	
9	0	0	0	0	491	606	
10	0	0	0	0	497	593	
11	0	0	0	0	499	575	
12	0	0	0	0	497	551	
13	0	0	0	0	495	519	
14	0	0	0	0	492	481	
15	0	0	0	0	494	450	
0	0	0	0	0	498	430	
1	0	0	0	0	501	417	
2	0	0	0	0	503	420	
3	0	0	0	0	502	437	
4	0	0	0	0	499	457	
5	0	0	0	0	499	478	
6	0	0	0	0	506	500	
7	0	0	0	0	512	526	
8	0	0	0	0	519	553	
9	0	0	0	0	525	575	
10	0	0	0	0	527	588	
11	0	0	0	0	530	593	
12	0	0	0	0	528	584	
13	0	0	0	0	520	565	
14	0	0	0	0	512	542	
15	0	0	0	0	504	521	
0	0	0	0	0	495	497	
1	0	0	0	0	489	473	
2	0	0	0	0	489	451	
3	0	0	0	0	499	431	
4	0	0	0	0	511	408	
5	0	0	0	0	523	392	
6	0	0	0	0	535	382	
7	0	0	0	0	541	378	
8	0	0	0	0	549	384	
9	0	0	0	0	557	398	
10	0	0	0	0	565	422	
11	0	0	0	0	573	452	
12	0	0	0	0	585	480	
13	0	0	0	0	606	506	
14	0	0	0	0	626	521	
15	0	0	0	0	635	528	
0	0	0	0	0	630	531	
1	0	0	0	0	611	527	
2	0	0	0	0	582	518	
3	0	0	0	0	549	506	
4	0	0	0	0	518	491	
5	0	0	0	0	491	474	
6	0	0	0	0	471	457	
7	0	0	0	0	459	444	
8	0	0	0	0	449	431	
9	0	0	0	0	444	426	
10	0	0	0	0	443	423	
11	0	0	0	0	447	427	
12	0	0	0	0	455	436	
13	0	0	0	0	463	447	
14	0	0	0	0	472	465	
15	0	0	0	0	479	489	
0	0	0	0	0	486	514	
1	0	0	0	0	497	540	
2	0	0	0	0	512	563	
3	0	0	0	0	530	583	
4	0	0	0	0	551	599	
5	0	0	0	0	568	611	
6	0	0	0	0	575	614	
7	0	0	0	0	576	607	
8	0	0	0	0	570	588	
9	0	0	0	0	561	564	
10	0	0	0	0	551	543	
11	0	0	0	0	542	521	
12	0	0	0	0	531	494	
13	0	0	0	0	520	469	
14	0	0	0	0	507	452	
15	0	0	0	0	496	446	
0	0	0	0	0	490	450	
1	0	0	0	0	487	461	
2	0	0	0	0	485	475	
3	0	0	0	0	482	487	
4	0	0	0	0	486	492	
5	0	0	0	0	494	496	
6	0	0	0	0	507	497	
7	0	0	0	0	521	496	
8	0	0	0	0	529	496	
9	0	0	0	0	535	499	
10	0	0	0	0	541	499	
11	0	0	0	0	544	502	
12	0	0	0	0	540	509	
13	0	0	0	0	531	514	
14	0	0	0	0	516	523	
15	0	0	0	0	498	531	
0	0	0	0	0	481	534	
1	0	0	0	0	463	537	
2	0	0	0	0	448	537	
3	0	0	0	0	442	536	
4	0	0	0	0	443	527	
5	0	0	0	0	449	515	
6	0	0	0	0	458	508	
7	0	0	0	0	464	499	
8	0	0	0	0	467	487	
9	0	0	0	0	463	479	
10	0	0	0	0	456	477	
11	0	0	0	0	446	478	
12	0	0	0	0	437	473	
13	0	0	0	0	431	471	
14	0	0	0	0	431	468	
15	0	0	0	0	437	463	
0	0	0	0	0	446	464	
1	0	0	0	0	456	465	
2	0	0	0	0	463	470	
3	0	0	0	0	467	481	
4	0	0	0	0	469	494	
5	0	0	0	0	470	504	
6	0	0	0	0	474	513	
7	0	0	0	0	484	524	
8	0	0	0	0	494	535	
9	0	0	0	0	506	551	
10	0	0	0	0	517	566	
11	0	0	0	0	524	576	
12	0	0	0	0	525	579	
13	0	0	0	0	520	573	
14	0	0	0	0	518	557	
15	0	0	0	0	520	531	
0	0	0	0	0	522	499	
1	0	0	0	0	524	468	
2	0	0	0	0	527	435	
3	0	0	0	0	526	409	
4	0	0	0	0	520	391	
5	0	0	0	0	511	380	
6	0	0	0	0	499	374	
7	0	0	0	0	480	369	
8	0	0	0	0	461	376	
9	0	0	0	0	448	384	
10	0	0	0	0	438	399	
11	0	0	0	0	430	418	
12	0	0	0	0	428	442	
13	0	0	0	0	432	461	
14	0	0	0	0	438	473	
15	0	0	0	0	440	484	
0	0	0	0	0	442	492	
1	0	0	0	0	447	502	
2	0	0	0	0	457	515	
3	0	0	0	0	471	533	
4	0	0	0	0	481	541	
5	0	0	0	0	489	543	
6	0	0	0	0	496	544	
7	0	0	0	0	501	547	
8	0	0	0	0	507	552	
9	0	0	0	0	512	554	
10	0	0	0	0	517	552	
11	0	0	0	0	519	546	
12	0	0	0	0	520	534	
13	0	0	0	0	515	519	
14	0	0	0	0	511	500	
15	0	0	0	0	511	478	
0	0	0	0	0	523	458	
1	0	0	0	0	539	449	
2	0	0	0	0	555	456	
3	0	0	0	0	568	471	
4	0	0	0	0	577	489	
5	0	0	0	0	579	504	
6	0	0	0	0	572	512	
7	0	0	0	0	556	517	
8	0	0	0	0	530	521	
9	0	0	0	0	499	518	
10	0	0	0	0	466	507	
11	0	0	0	0	431	487	
12	0	0	0	0	404	467	
13	0	0	0	0	385	450	
14	0	0	0	0	377	442	
15	0	0	0	0	372	439	
0	0	0	0	0	372	436	
1	0	0	0	0	372	433	
2	0	0	0	0	380	428	
3	0	0	0	0	390	421	
4	0	0	0	0	403	415	
5	0	0	0	0	413	414	
6	0	0	0	0	428	418	
7	0	0	0	0	446	429	
8	0	0	0	0	467	444	
9	0	0	0	0	488	460	
10	0	0	0	0	508	481	
11	0	0	0	0	520	503	
12	0	0	0	0	534	531	
13	0	0	0	0	548	562	
14	0	0	0	0	563	588	
15	0	0	0	0	571	607	
0	0	0	0	0	575	613	
1	0	0	0	0	568	604	
2	0	0	0	0	558	589	
3	0	0	0	0	550	564	
4	0	0	0	0	540	529	
5	0	0	0	0	536	489	
6	0	0	0	0	532	449	
7	0	0	0	0	528	414	
8	0	0	0	0	522	383	
9	0	0	0	0	516	369	
10	0	0	0	0	512	362	
11	0	0	0	0	510	372	
12	0	0	0	0	513	378	
13	0	0	0	0	514	391	
14	0	0	0	0	515	398	
15	0	0	0	0	518	412	
0	0	0	0	0	519	425	
1	0	0	0	0	525	445	
2	0	0	0	0	540	464	
3	0	0	0	0	556	488	
4	0	0	0	0	568	517	
5	0	0	0	0	576	555	
6	0	0	0	0	574	597	
7	0	0	0	0	560	632	
8	0	0	0	0	538	654	
9	0	0	0	0	515	655	
10	0	0	0	0	494	652	
11	0	0	0	0	478	644	
12	0	0	0	0	471	626	
13	0	0	0	0	469	604	
14	0	0	0	0	473	577	
15	0	0	0	0	473	548	
0	0	0	0	0	469	516	
1	0	0	0	0	461	486	
2	0	0	0	0	449	456	
3	0	0	0	0	439	425	
4	0	0	0	0	435	404	
5	0	0	0	0	435	391	
6	0	0	0	0	439	388	
7	0	0	0	0	448	396	
8	0	0	0	0	463	404	
9	0	0	0	0	478	419	
10	0	0	0	0	490	438	
11	0	0	0	0	496	463	
12	0	0	0	0	503	485	
13	0	0	0	0	513	499	
14	0	0	0	0	525	507	
15	0	0	0	0	542	515	
0	0	0	0	0	569	525	
1	0	0	0	0	598	530	
2	0	0	0	0	623	532	
3	0	0	0	0	648	525	
4	0	0	0	0	670	516	
5	0	0	0	0	678	513	
6	0	0	0	0	674	513	
7	0	0	0	0	665	514	
8	0	0	0	0	653	513	
9	0	0	0	0	635	514	
10	0	0	0	0	607	512	
11	0	0	0	0	579	508	
12	0	0	0	0	554	504	
13	0	0	0	0	536	495	
14	0	0	0	0	519	482	
15	0	0	0	0	500	467	
0	0	0	0	0	486	448	
1	0	0	0	0	479	435	
2	0	0	0	0	476	429	
3	0	0	0	0	471	428	
4	0	0	0	0	464	433	
5	0	0	0	0	462	448	
6	0	0	0	0	465	475	
7	0	0	0	0	476	510	
8	0	0	0	0	493	550	
9	0	0	0	0	512	587	
10	0	0	0	0	528	612	
11	0	0	0	0	539	622	
12	0	0	0	0	543	616	
13	0	0	0	0	539	602	
14	0	0	0	0	526	583	
15	0	0	0	0	511	563	
0	0	0	0	0	496	543	
1	0	0	0	0	484	521	
2	0	0	0	0	482	497	
3	0	0	0	0	486	475	
4	0	0	0	0	495	455	
5	0	0	0	0	504	438	
6	0	0	0	0	515	431	
7	0	0	0	0	529	431	
8	0	0	0	0	545	439	
9	0	0	0	0	562	454	
10	0	0	0	0	574	468	
11	0	0	0	0	583	481	
12	0	0	0	0	591	487	
13	0	0	0	0	600	490	
14	0	0	0	0	604	487	
15	0	0	0	0	607	480	
0	0	0	0	0	604	472	
1	0	0	0	0	601	467	
2	0	0	0	0	604	467	
3	0	0	0	0	611	476	
4	0	0	0	0	618	488	
5	0	0	0	0	617	496	
6	0	0	0	0	607	504	
7	0	0	0	0	590	502	
8	0	0	0	0	572	499	
9	0	0	0	0	554	496	
10	0	0	0	0	537	489	
11	0	0	0	0	519	477	
12	0	0	0	0	504	461	
13	0	0	0	0	496	437	
14	0	0	0	0	496	415	
15	0	0	0	0	502	402	
0	0	0	0	0	515	397	
1	0	0	0	0	528	401	
2	0	0	0	0	546	414	
3	0	0	0	0	561	431	
4	0	0	0	0	571	453	
5	0	0	0	0	574	468	
6	0	0	0	0	576	483	
7	0	0	0	0	580	491	
8	0	0	0	0	587	506	
9	0	0	0	0	593	524	
10	0	0	0	0	603	550	
11	0	0	0	0	610	579	
12	0	0	0	0	613	606	
13	0	0	0	0	615	620	
14	0	0	0	0	618	619	
15	0	0	0	0	616	604	
0	0	0	0	0	604	575	
1	0	0	0	0	590	536	
2	0	0	0	0	568	495	
3	0	0	0	0	543	456	
4	0	0	0	0	518	426	
5	0	0	0	0	497	408	
6	0	0	0	0	489	398	
7	0	0	0	0	487	400	
8	0	0	0	0	482	410	
9	0	0	0	0	477	431	
10	0	0	0	0	472	450	
11	0	0	0	0	467	470	
12	0	0	0	0	465	487	
13	0	0	0	0	463	499	
14	0	0	0	0	467	500	
15	0	0	0	0	475	501	
0	0	0	0	0	483	503	
1	0	0	0	0	492	503	
2	0	0	0	0	500	496	
3	0	0	0	0	508	488	
4	0	0	0	0	514	489	
5	0	0	0	0	515	491	
6	0	0	0	0	518	499	
7	0	0	0	0	523	510	
8	0	0	0	0	531	529	
9	0	0	0	0	545	540	
10	0	0	0	0	558	542	
11	0	0	0	0	570	542	
12	0	0	0	0	580	544	
13	0	0	0	0	583	558	
14	0	0	0	0	577	577	
15	0	0	0	0	566	599	
0	0	0	0	0	552	615	
1	0	0	0	0	533	622	
2	0	0	0	0	517	617	
3	0	0	0	0	501	601	
4	0	0	0	0	487	572	
5	0	0	0	0	475	528	
6	0	0	0	0	461	475	
7	0	0	0	0	455	426	
8	0	0	0	0	453	390	
9	0	0	0	0	456	367	
10	0	0	0	0	464	357	
11	0	0	0	0	478	354	
12	0	0	0	0	494	363	
13	0	0	0	0	513	370	
14	0	0	0	0	531	381	
15	0	0	0	0	541	394	
0	0	0	0	0	547	409	
1	0	0	0	0	551	430	
2	0	0	0	0	551	448	
3	0	0	0	0	544	468	
4	0	0	0	0	535	495	
5	0	0	0	0	522	523	
6	0	0	0	0	514	548	
7	0	0	0	0	507	568	
8	0	0	0	0	497	578	
9	0	0	0	0	493	582	
10	0	0	0	0	492	583	
11	0	0	0	0	492	580	
12	0	0	0	0	496	575	
13	0	0	0	0	504	572	
14	0	0	0	0	507	563	
15	0	0	0	0	511	556	
0	0	0	0	0	511	545	
1	0	0	0	0	511	534	
2	0	0	0	0	518	527	
3	0	0	0	0	526	527	
4	0	0	0	0	537	535	
5	0	0	0	0	549	543	
6	0	0	0	0	562	551	
7	0	0	0	0	571	563	
8	0	0	0	0	578	579	
9	0	0	0	0	584	591	
10	0	0	0	0	594	604	
11	0	0	0	0	617	613	
12	0	0	0	0	647	611	
13	0	0	0	0	676	600	
14	0	0	0	0	701	583	
15	0	0	0	0	723	566	
0	0	0	0	0	738	542	
1	0	0	0	0	744	524	
2	0	0	0	0	738	494	
3	0	0	0	0	715	472	
4	0	0	0	0	682	442	
5	0	0	0	0	647	427	
6	0	0	0	0	615	417	
7	0	0	0	0	589	426	
8	0	0	0	0	563	437	
9	0	0	0	0	536	458	
10	0	0	0	0	514	481	
11	0	0	0	0	500	507	
12	0	0	0	0	488	527	
13	0	0	0	0	476	543	
14	0	0	0	0	458	555	
15	0	0	0	0	437	563	
0	0	0	0	0	419	570	
1	0	0	0	0	404	576	
2	0	0	0	0	396	583	
3	0	0	0	0	392	592	
4	0	0	0	0	395	604	
5	0	0	0	0	400	620	
6	0	0	0	0	408	643	
7	0	0	0	0	420	665	
8	0	0	0	0	433	687	
9	0	0	0	0	444	701	
10	0	0	0	0	451	704	
11	0	0	0	0	457	698	
12	0	0	0	0	458	687	
13	0	0	0	0	458	674	
14	0	0	0	0	459	662	
15	0	0	0	0	463	661	
0	0	0	0	0	469	663	
1	0	0	0	0	476	675	
2	0	0	0	0	476	691	
3	0	0	0	0	466	705	
4	0	0	0	0	449	717	
5	0	0	0	0	432	729	
6	0	0	0	0	414	734	
7	0	0	0	0	397	734	
8	0	0	0	0	386	734	
9	0	0	0	0	375	739	
10	0	0	0	0	370	747	
11	0	0	0	0	378	748	
12	0	0	0	0	397	753	
13	0	0	0	0	417	761	
14	0	0	0	0	434	768	
15	0	0	0	0	441	775	
0	0	0	0	0	440	781	
1	0	0	0	0	435	783	
2	0	0	0	0	430	787	
3	0	0	0	0	422	800	
4	0	0	0	0	415	826	
5	0	0	0	0	408	851	
6	0	0	0	0	397	874	
7	0	0	0	0	383	883	
8	0	0	0	0	365	874	
9	0	0	0	0	347	859	
10	0	0	0	0	334	835	
11	0	0	0	0	317	807	
12	0	0	0	0	302	772	
13	0	0	0	0	293	731	
14	0	0	0	0	289	693	
15	0	0	0	0	287	657	
0	0	0	0	0	290	632	
1	0	0	0	0	295	617	
2	0	0	0	0	304	615	
3	0	0	0	0	312	624	
4	0	0	0	0	309	633	
5	0	0	0	0	299	647	
6	0	0	0	0	289	659	
7	0	0	0	0	282	678	
8	0	0	0	0	272	701	
9	0	0	0	0	263	728	
10	0	0	0	0	253	747	
11	0	0	0	0	242	768	
12	0	0	0	0	231	787	
13	0	0	0	0	216	804	
14	0	0	0	0	205	814	
15	0	0	0	0	199	816	
0	0	0	0	0	195	811	
1	0	0	0	0	195	810	
2	0	0	0	0	199	786	
3	0	0	0	0	202	774	
4	0	0	0	0	208	760	
5	0	0	0	0	217	759	
6	0	0	0	0	232	767	
7	0	0	0	0	252	783	
8	0	0	0	0	273	809	
9	0	0	0	0	291	834	
10	0	0	0	0	304	855	
11	0	0	0	0	315	861	
12	0	0	0	0	321	860	
13	0	0	0	0	318	854	
14	0	0	0	0	308	852	
15	0	0	0	0	297	856	
0	0	0	0	0	287	860	
1	0	0	0	0	280	861	
2	0	0	0	0	271	864	
3	0	0	0	0	258	854	
4	0	0	0	0	248	856	
5	0	0	0	0	246	857	
6	0	0	0	0	247	857	
7	0	0	0	0	247	857	
8	0	0	0	0	249	856	
9	0	0	0	0	257	863	
10	0	0	0	0	265	873	
11	0	0	0	0	272	876	
12	0	0	0	0	273	884	
13	0	0	0	0	263	873	
14	0	0	0	0	251	864	
15	0	0	0	0	238	848	
0	0	0	0	0	221	828	
1	0	0	0	0	203	805	
2	0	0	0	0	187	781	
3	0	0	0	0	174	759	
4	0	0	0	0	166	743	
5	0	0	0	0	161	725	
6	0	0	0	0	163	709	
7	0	0	0	0	164	700	
8	0	0	0	0	164	695	
9	0	0	0	0	165	695	
10	0	0	0	0	166	695	
11	0	0	0	0	167	695	
12	0	0	0	0	171	706	
13	0	0	0	0	178	726	
14	0	0	0	0	184	748	
15	0	0	0	0	195	769	
0	0	0	0	0	205	786	
1	0	0	0	0	217	798	
2	0	0	0	0	232	809	
3	0	0	0	0	250	820	
4	0	0	0	0	269	833	
5	0	0	0	0	282	840	
6	0	0	0	0	291	837	
7	0	0	0	0	298	828	
8	0	0	0	0	303	824	
9	0	0	0	0	304	819	
10	0	0	0	0	300	812	
11	0	0	0	0	297	802	
12	0	0	0	0	292	784	
13	0	0	0	0	281	757	
14	0	0	0	0	263	724	
15	0	0	0	0	244	691	
0	0	0	0	0	230	658	
1	0	0	0	0	221	628	
2	0	0	0	0	213	601	
3	0	0	0	0	214	580	
4	0	0	0	0	214	561	
5	0	0	0	0	214	552	
6	0	0	0	0	216	551	
7	0	0	0	0	219	554	
8	0	0	0	0	228	561	
9	0	0	0	0	240	573	
10	0	0	0	0	254	585	
11	0	0	0	0	269	604	
12	0	0	0	0	295	627	
13	0	0	0	0	325	647	
14	0	0	0	0	357	658	
15	0	0	0	0	383	668	
0	0	0	0	0	398	674	
1	0	0	0	0	409	676	
2	0	0	0	0	414	682	
3	0	0	0	0	423	688	
4	0	0	0	0	431	692	
5	0	0	0	0	434	696	
6	0	0	0	0	434	702	
7	0	0	0	0	432	716	
8	0	0	0	0	425	721	
9	0	0	0	0	411	723	
10	0	0	0	0	396	708	
11	0	0	0	0	377	698	
12	0	0	0	0	356	678	
13	0	0	0	0	337	664	
14	0	0	0	0	321	653	
15	0	0	0	0	315	646	
0	0	0	0	0	311	646	
1	0	0	0	0	315	643	
2	0	0	0	0	324	634	
3	0	0	0	0	336	626	
4	0	0	0	0	351	607	
5	0	0	0	0	363	588	
6	0	0	0	0	373	563	
7	0	0	0	0	381	544	
8	0	0	0	0	383	526	
9	0	0	0	0	379	518	
10	0	0	0	0	379	511	
11	0	0	0	0	381	508	
12	0	0	0	0	382	505	
13	0	0	0	0	382	510	
14	0	0	0	0	384	509	
15	0	0	0	0	391	511	
0	0	0	0	0	403	509	
1	0	0	0	0	420	503	
2	0	0	0	0	436	491	
3	0	0	0	0	448	475	
4	0	0	0	0	459	459	
5	0	0	0	0	468	448	
6	0	0	0	0	472	443	
7	0	0	0	0	471	450	
8	0	0	0	0	468	465	
9	0	0	0	0	465	487	
10	0	0	0	0	475	517	
11	0	0	0	0	499	545	
12	0	0	0	0	525	574	
13	0	0	0	0	543	599	
14	0	0	0	0	555	618	
15	0	0	0	0	556	636	
0	0	0	0	0	551	659	
1	0	0	0	0	540	682	
2	0	0	0	0	524	707	
3	0	0	0	0	502	719	
4	0	0	0	0	472	723	
5	0	0	0	0	443	727	
6	0	0	0	0	422	722	
7	0	0	0	0	407	700	
8	0	0	0	0	393	663	
9	0	0	0	0	382	610	
10	0	0	0	0	371	546	
11	0	0	0	0	365	482	
12	0	0	0	0	363	423	
13	0	0	0	0	367	376	
14	0	0	0	0	378	343	
15	0	0	0	0	387	326	
0	0	0	0	0	400	324	
1	0	0	0	0	415	329	
2	0	0	0	0	426	344	
3	0	0	0	0	436	369	
4	0	0	0	0	444	399	
5	0	0	0	0	452	429	
6	0	0	0	0	456	455	
7	0	0	0	0	459	477	
8	0	0	0	0	464	494	
9	0	0	0	0	470	509	
10	0	0	0	0	479	520	
11	0	0	0	0	493	529	
12	0	0	0	0	508	531	
13	0	0	0	0	513	526	
14	0	0	0	0	512	514	
15	0	0	0	0	511	495	
0	0	0	0	0	508	474	
1	0	0	0	0	502	459	
2	0	0	0	0	494	463	
3	0	0	0	0	487	480	
4	0	0	0	0	491	501	
5	0	0	0	0	503	521	
6	0	0	0	0	518	536	
7	0	0	0	0	536	551	
8	0	0	0	0	556	569	
9	0	0	0	0	576	584	
10	0	0	0	0	590	598	
11	0	0	0	0	598	599	
12	0	0	0	0	604	590	
13	0	0	0	0	600	572	
14	0	0	0	0	588	551	
15	0	0	0	0	570	526	
0	0	0	0	0	552	503	
1	0	0	0	0	537	485	
2	0	0	0	0	531	467	
3	0	0	0	0	527	449	
4	0	0	0	0	526	432	
5	0	0	0	0	523	421	
6	0	0	0	0	516	416	
7	0	0	0	0	504	415	
8	0	0	0	0	497	413	
9	0	0	0	0	492	412	
10	0	0	0	0	490	413	
11	0	0	0	0	490	418	
12	0	0	0	0	489	429	
13	0	0	0	0	483	446	
14	0	0	0	0	479	467	
15	0	0	0	0	482	492	
0	0	0	0	0	492	516	
1	0	0	0	0	507	535	
2	0	0	0	0	527	547	
3	0	0	0	0	551	555	
4	0	0	0	0	578	557	
5	0	0	0	0	598	550	
6	0	0	0	0	609	541	
7	0	0	0	0	609	539	
8	0	0	0	0	602	537	
9	0	0	0	0	588	540	
10	0	0	0	0	575	548	
11	0	0	0	0	565	553	
12	0	0	0	0	558	551	
13	0	0	0	0	557	543	
14	0	0	0	0	558	527	
15	0	0	0	0	556	499	
0	0	0	0	0	545	458	
1	0	0	0	0	531	414	
2	0	0	0	0	513	377	
3	0	0	0	0	496	350	
4	0	0	0	0	478	336	
5	0	0	0	0	462	333	
6	0	0	0	0	455	338	
7	0	0	0	0	455	344	
8	0	0	0	0	464	352	
9	0	0	0	0	476	359	
10	0	0	0	0	484	362	
11	0	0	0	0	494	366	
12	0	0	0	0	507	372	
13	0	0	0	0	525	382	
14	0	0	0	0	547	393	
15	0	0	0	0	569	406	
0	0	0	0	0	587	424	
1	0	0	0	0	595	447	
2	0	0	0	0	604	471	
3	0	0	0	0	613	500	
4	0	0	0	0	616	525	
5	0	0	0	0	620	539	
6	0	0	0	0	620	534	
7	0	0	0	0	615	517	
8	0	0	0	0	617	499	
9	0	0	0	0	623	481	
10	0	0	0	0	629	467	
11	0	0	0	0	633	460	
12	0	0	0	0	635	461	
13	0	0	0	0	634	468	
14	0	0	0	0	626	486	
15	0	0	0	0	614	503	
0	0	0	0	0	601	520	
1	0	0	0	0	586	538	
2	0	0	0	0	576	555	
3	0	0	0	0	573	569	
4	0	0	0	0	570	577	
5	0	0	0	0	569	583	
6	0	0	0	0	572	579	
7	0	0	0	0	577	565	
8	0	0	0	0	577	543	
9	0	0	0	0	574	510	
10	0	0	0	0	564	485	
11	0	0	0	0	553	461	
12	0	0	0	0	544	436	
13	0	0	0	0	537	412	
14	0	0	0	0	536	389	
15	0	0	0	0	533	370	
0	0	0	0	0	537	354	
1	0	0	0	0	544	346	
2	0	0	0	0	550	345	
3	0	0	0	0	556	351	
4	0	0	0	0	560	361	
5	0	0	0	0	563	369	
6	0	0	0	0	566	379	
7	0	0	0	0	568	393	
8	0	0	0	0	574	401	
9	0	0	0	0	579	423	
10	0	0	0	0	584	448	
11	0	0	0	0	582	474	
12	0	0	0	0	575	497	
13	0	0	0	0	562	516	
14	0	0	0	0	547	527	
15	0	0	0	0	532	528	
0	0	0	0	0	535	525	
1	0	0	0	0	549	519	
2	0	0	0	0	563	515	
3	0	0	0	0	573	508	
4	0	0	0	0	580	496	
5	0	0	0	0	583	484	
6	0	0	0	0	582	463	
7	0	0	0	0	579	444	
8	0	0	0	0	574	424	
9	0	0	0	0	566	404	
10	0	0	0	0	556	393	
11	0	0	0	0	551	380	
12	0	0	0	0	548	383	
13	0	0	0	0	545	394	
14	0	0	0	0	546	420	
15	0	0	0	0	554	444	
0	0	0	0	0	564	474	
1	0	0	0	0	579	501	
2	0	0	0	0	596	527	
3	0	0	0	0	611	547	
4	0	0	0	0	623	559	
5	0	0	0	0	626	564	
6	0	0	0	0	623	567	
7	0	0	0	0	611	565	
8	0	0	0	0	596	566	
9	0	0	0	0	584	567	
10	0	0	0	0	574	561	
11	0	0	0	0	565	553	
12	0	0	0	0	557	533	
13	0	0	0	0	548	503	
14	0	0	0	0	538	466	
15	0	0	0	0	528	435	
0	0	0	0	0	516	411	
1	0	0	0	0	507	392	
2	0	0	0	0	500	378	
3	0	0	0	0	499	367	
4	0	0	0	0	496	363	
5	0	0	0	0	496	364	
6	0	0	0	0	500	364	
7	0	0	0	0	505	365	
8	0	0	0	0	513	369	
9	0	0	0	0	525	376	
10	0	0	0	0	535	379	
11	0	0	0	0	547	380	
12	0	0	0	0	558	385	
13	0	0	0	0	565	391	
14	0	0	0	0	572	397	
15	0	0	0	0	586	410	
0	0	0	0	0	603	423	
1	0	0	0	0	615	429	
2	0	0	0	0	631	430	
3	0	0	0	0	646	426	
4	0	0	0	0	654	422	
5	0	0	0	0	649	422	
6	0	0	0	0	638	427	
7	0	0	0	0	625	436	
8	0	0	0	0	609	441	
9	0	0	0	0	592	449	
10	0	0	0	0	575	451	
11	0	0	0	0	563	455	
12	0	0	0	0	553	454	
13	0	0	0	0	546	460	
14	0	0	0	0	536	463	
15	0	0	0	0	521	463	
0	0	0	0	0	511	463	
1	0	0	0	0	507	468	
2	0	0	0	0	511	479	
3	0	0	0	0	522	495	
4	0	0	0	0	539	507	
5	0	0	0	0	558	505	
6	0	0	0	0	572	489	
7	0	0	0	0	576	468	
8	0	0	0	0	575	444	
9	0	0	0	0	570	418	
10	0	0	0	0	559	394	
11	0	0	0	0	555	375	
12	0	0	0	0	553	362	
13	0	0	0	0	547	354	
14	0	0	0	0	540	344	
15	0	0	0	0	531	339	
0	0	0	0	0	524	339	
1	0	0	0	0	524	343	
2	0	0	0	0	528	356	
3	0	0	0	0	536	370	
4	0	0	0	0	544	382	
5	0	0	0	0	552	396	
6	0	0	0	0	554	403	
7	0	0	0	0	554	404	
8	0	0	0	0	551	397	
9	0	0	0	0	551	387	
10	0	0	0	0	555	379	
11	0	0	0	0	556	371	
12	0	0	0	0	556	365	
13	0	0	0	0	558	367	
14	0	0	0	0	561	367	
15	0	0	0	0	560	368	
0	0	0	0	0	557	368	
1	0	0	0	0	555	368	
2	0	0	0	0	553	367	
3	0	0	0	0	554	370	
4	0	0	0	0	561	376	
5	0	0	0	0	567	382	
6	0	0	0	0	571	391	
7	0	0	0	0	571	391	
8	0	0	0	0	574	402	
9	0	0	0	0	577	415	
10	0	0	0	0	582	441	
11	0	0	0	0	589	460	
12	0	0	0	0	598	478	
13	0	0	0	0	605	487	
14	0	0	0	0	610	491	
15	0	0	0	0	617	486	
0	0	0	0	0	622	479	
1	0	0	0	0	621	465	
2	0	0	0	0	621	454	
3	0	0	0	0	626	436	
4	0	0	0	0	630	419	
5	0	0	0	0	634	405	
6	0	0	0	0	648	401	
7	0	0	0	0	660	400	
8	0	0	0	0	662	402	
9	0	0	0	0	652	401	
10	0	0	0	0	636	398	
11	0	0	0	0	613	394	
12	0	0	0	0	587	390	
13	0	0	0	0	559	392	
14	0	0	0	0	532	399	
15	0	0	0	0	506	408	
0	0	0	0	0	487	416	
1	0	0	0	0	476	427	
2	0	0	0	0	468	436	
3	0	0	0	0	461	443	
4	0	0	0	0	460	447	
5	0	0	0	0	462	451	
6	0	0	0	0	467	448	
7	0	0	0	0	477	447	
8	0	0	0	0	485	437	
9	0	0	0	0	489	420	
10	0	0	0	0	489	401	
11	0	0	0	0	487	386	
12	0	0	0	0	488	372	
13	0	0	0	0	494	363	
14	0	0	0	0	502	346	
15	0	0	0	0	506	332	
0	0	0	0	0	510	325	
1	0	0	0	0	516	331	
2	0	0	0	0	526	343	
3	0	0	0	0	534	371	
4	0	0	0	0	541	404	
5	0	0	0	0	550	448	
6	0	0	0	0	558	492	
7	0	0	0	0	566	528	
8	0	0	0	0	574	547	
9	0	0	0	0	577	553	
10	0	0	0	0	575	551	
11	0	0	0	0	568	538	
12	0	0	0	0	559	519	
13	0	0	0	0	547	495	
14	0	0	0	0	534	474	
15	0	0	0	0	521	461	
0	0	0	0	0	511	453	
1	0	0	0	0	500	444	
2	0	0	0	0	491	437	
3	0	0	0	0	486	432	
4	0	0	0	0	488	424	
5	0	0	0	0	495	417	
6	0	0	0	0	504	411	
7	0	0	0	0	511	407	
8	0	0	0	0	520	404	
9	0	0	0	0	528	409	
10	0	0	0	0	531	416	
11	0	0	0	0	531	418	
12	0	0	0	0	532	418	
13	0	0	0	0	532	417	
14	0	0	0	0	535	420	
15	0	0	0	0	540	417	
0	0	0	0	0	545	413	
1	0	0	0	0	546	400	
2	0	0	0	0	542	393	
3	0	0	0	0	539	386	
4	0	0	0	0	534	386	
5	0	0	0	0	529	384	
6	0	0	0	0	527	393	
7	0	0	0	0	527	403	
8	0	0	0	0	526	415	
9	0	0	0	0	526	427	
10	0	0	0	0	523	438	
11	0	0	0	0	515	451	
12	0	0	0	0	504	463	
13	0	0	0	0	491	474	
14	0	0	0	0	483	482	
15	0	0	0	0	483	486	
0	0	0	0	0	491	480	
1	0	0	0	0	504	470	
2	0	0	0	0	521	458	
3	0	0	0	0	536	449	
4	0	0	0	0	554	447	
5	0	0	0	0	569	450	
6	0	0	0	0	583	458	
7	0	0	0	0	596	471	
8	0	0	0	0	606	474	
9	0	0	0	0	614	471	
10	0	0	0	0	621	460	
11	0	0	0	0	625	441	
12	0	0	0	0	628	417	
13	0	0	0	0	628	392	
14	0	0	0	0	628	363	
15	0	0	0	0	628	343	
0	0	0	0	0	629	324	
1	0	0	0	0	631	313	
2	0	0	0	0	631	301	
3	0	0	0	0	630	298	
4	0	0	0	0	625	295	
5	0	0	0	0	625	289	
6	0	0	0	0	626	279	
7	0	0	0	0	633	268	
8	0	0	0	0	642	258	
9	0	0	0	0	648	252	
10	0	0	0	0	652	252	
11	0	0	0	0	657	254	
12	0	0	0	0	660	260	
13	0	0	0	0	659	265	
14	0	0	0	0	657	279	
15	0	0	0	0	655	279	
0	0	0	0	0	653	291	
1	0	0	0	0	654	297	
2	0	0	0	0	657	311	
3	0	0	0	0	663	311	
4	0	0	0	0	676	320	
5	0	0	0	0	691	320	
6	0	0	0	0	710	332	
7	0	0	0	0	729	334	
8	0	0	0	0	746	347	
9	0	0	0	0	745	347	
10	0	0	0	0	736	359	
11	0	0	0	0	719	363	
12	0	0	0	0	696	385	
13	0	0	0	0	673	397	
14	0	0	0	0	648	415	
15	0	0	0	0	627	425	
0	0	0	0	0	611	430	
1	0	0	0	0	600	428	
2	0	0	0	0	593	426	
3	0	0	0	0	591	421	
4	0	0	0	0	599	419	
5	0	0	0	0	610	409	
6	0	0	0	0	618	397	
7	0	0	0	0	623	381	
8	0	0	0	0	623	370	
9	0	0	0	0	619	358	
10	0	0	0	0	614	360	
11	0	0	0	0	608	364	
12	0	0	0	0	601	377	
13	0	0	0	0	594	396	
14	0	0	0	0	587	416	
15	0	0	0	0	587	440	
0	0	0	0	0	589	458	
1	0	0	0	0	590	467	
2	0	0	0	0	592	465	
3	0	0	0	0	597	451	
4	0	0	0	0	604	424	
5	0	0	0	0	613	389	
6	0	0	0	0	620	349	
7	0	0	0	0	623	319	
8	0	0	0	0	619	288	
9	0	0	0	0	610	276	
10	0	0	0	0	598	263	
11	0	0	0	0	582	269	
12	0	0	0	0	567	275	
13	0	0	0	0	555	295	
14	0	0	0	0	545	312	
15	0	0	0	0	540	327	
0	0	0	0	0	540	336	
1	0	0	0	0	540	349	
2	0	0	0	0	542	364	
3	0	0	0	0	550	387	
4	0	0	0	0	557	414	
5	0	0	0	0	560	445	
6	0	0	0	0	563	466	
7	0	0	0	0	566	478	
8	0	0	0	0	574	476	
9	0	0	0	0	590	464	
10	0	0	0	0	611	444	
11	0	0	0	0	631	420	
12	0	0	0	0	644	399	
13	0	0	0	0	650	380	
14	0	0	0	0	653	363	
15	0	0	0	0	650	349	
0	0	0	0	0	639	344	
1	0	0	0	0	622	336	
2	0	0	0	0	598	335	
3	0	0	0	0	569	327	
4	0	0	0	0	547	328	
5	0	0	0	0	532	323	
6	0	0	0	0	527	327	
7	0	0	0	0	527	329	
8	0	0	0	0	531	343	
9	0	0	0	0	537	363	
10	0	0	0	0	541	392	
11	0	0	0	0	543	423	
12	0	0	0	0	546	452	
13	0	0	0	0	543	475	
14	0	0	0	0	550	492	
15	0	0	0	0	559	507	
0	0	0	0	0	571	521	
1	0	0	0	0	576	527	
2	0	0	0	0	575	527	
3	0	0	0	0	566	518	
4	0	0	0	0	560	495	
5	0	0	0	0	551	462	
6	0	0	0	0	533	427	
7	0	0	0	0	515	404	
8	0	0	0	0	501	392	
9	0	0	0	0	499	389	
10	0	0	0	0	503	381	
11	0	0	0	0	512	378	
12	0	0	0	0	527	374	
13	0	0	0	0	544	375	
14	0	0	0	0	560	376	
15	0	0	0	0	575	383	
0	0	0	0	0	585	391	
1	0	0	0	0	595	397	
2	0	0	0	0	600	394	
3	0	0	0	0	600	384	
4	0	0	0	0	603	367	
5	0	0	0	0	609	356	
6	0	0	0	0	612	343	
7	0	0	0	0	611	337	
8	0	0	0	0	606	331	
9	0	0	0	0	605	331	
10	0	0	0	0	611	333	
11	0	0	0	0	611	339	
12	0	0	0	0	611	350	
13	0	0	0	0	605	359	
14	0	0	0	0	597	382	
15	0	0	0	0	590	395	
0	0	0	0	0	583	412	
1	0	0	0	0	578	428	
2	0	0	0	0	577	445	
3	0	0	0	0	578	466	
4	0	0	0	0	588	492	
5	0	0	0	0	600	519	
6	0	0	0	0	609	545	
7	0	0	0	0	613	560	
8	0	0	0	0	614	568	
9	0	0	0	0	611	568	
10	0	0	0	0	609	552	
11	0	0	0	0	606	528	
12	0	0	0	0	601	495	
13	0	0	0	0	598	462	
14	0	0	0	0	590	434	
15	0	0	0	0	584	415	
0	0	0	0	0	578	400	
1	0	0	0	0	579	385	
2	0	0	0	0	584	377	
3	0	0	0	0	587	379	
4	0	0	0	0	583	387	
5	0	0	0	0	574	396	
6	0	0	0	0	561	407	
7	0	0	0	0	547	418	
8	0	0	0	0	533	432	
9	0	0	0	0	526	443	
10	0	0	0	0	524	449	
11	0	0	0	0	533	454	
12	0	0	0	0	545	452	
13	0	0	0	0	555	446	
14	0	0	0	0	561	436	
15	0	0	0	0	568	420	
0	0	0	0	0	572	397	
1	0	0	0	0	579	375	
2	0	0	0	0	582	350	
3	0	0	0	0	580	343	
4	0	0	0	0	577	342	
5	0	0	0	0	565	357	
6	0	0	0	0	548	368	
7	0	0	0	0	534	391	
8	0	0	0	0	521	410	
9	0	0	0	0	507	425	
10	0	0	0	0	497	433	
11	0	0	0	0	489	440	
12	0	0	0	0	480	443	
13	0	0	0	0	471	443	
14	0	0	0	0	463	444	
15	0	0	0	0	455	450	
0	0	0	0	0	451	462	
1	0	0	0	0	451	476	
2	0	0	0	0	457	491	
3	0	0	0	0	468	508	
4	0	0	0	0	478	520	
5	0	0	0	0	488	524	
6	0	0	0	0	499	523	
7	0	0	0	0	515	511	
8	0	0	0	0	535	488	
9	0	0	0	0	550	456	
10	0	0	0	0	559	422	
11	0	0	0	0	563	397	
12	0	0	0	0	563	377	
13	0	0	0	0	559	368	
14	0	0	0	0	553	366	
15	0	0	0	0	543	371	
0	0	0	0	0	535	382	
1	0	0	0	0	528	391	
2	0	0	0	0	523	399	
3	0	0	0	0	521	401	
4	0	0	0	0	524	403	
5	0	0	0	0	527	406	
6	0	0	0	0	527	407	
7	0	0	0	0	528	405	
8	0	0	0	0	524	403	
9	0	0	0	0	518	404	
10	0	0	0	0	512	411	
11	0	0	0	0	506	423	
12	0	0	0	0	503	433	
13	0	0	0	0	502	437	
14	0	0	0	0	506	433	
15	0	0	0	0	513	428	
0	0	0	0	0	522	428	
1	0	0	0	0	531	429	
2	0	0	0	0	537	430	
3	0	0	0	0	544	429	
4	0	0	0	0	551	433	
5	0	0	0	0	551	433	
6	0	0	0	0	547	440	
7	0	0	0	0	542	448	
8	0	0	0	0	534	465	
9	0	0	0	0	523	485	
10	0	0	0	0	510	508	
11	0	0	0	0	498	533	
12	0	0	0	0	492	554	
13	0	0	0	0	490	576	
14	0	0	0	0	494	600	
15	0	0	0	0	505	617	
0	0	0	0	0	519	629	
1	0	0	0	0	534	626	
2	0	0	0	0	548	612	
3	0	0	0	0	561	591	
4	0	0	0	0	572	569	
5	0	0	0	0	577	545	
6	0	0	0	0	577	524	
7	0	0	0	0	571	504	
8	0	0	0	0	563	487	
9	0	0	0	0	555	475	
10	0	0	0	0	549	460	
11	0	0	0	0	541	447	
12	0	0	0	0	534	443	
13	0	0	0	0	529	451	
14	0	0	0	0	530	463	
15	0	0	0	0	527	477	
0	0	0	0	0	525	489	
1	0	0	0	0	521	498	
2	0	0	0	0	518	503	
3	0	0	0	0	516	506	
4	0	0	0	0	520	504	
5	0	0	0	0	524	497	
6	0	0	0	0	532	489	
7	0	0	0	0	545	480	
8	0	0	0	0	559	475	
9	0	0	0	0	569	476	
10	0	0	0	0	581	480	
11	0	0	0	0	587	484	
12	0	0	0	0	586	491	
13	0	0	0	0	575	500	
14	0	0	0	0	562	511	
15	0	0	0	0	552	521	
0	0	0	0	0	550	528	
1	0	0	0	0	551	531	
2	0	0	0	0	555	532	
3	0	0	0	0	560	536	
4	0	0	0	0	565	536	
5	0	0	0	0	566	529	
6	0	0	0	0	567	514	
7	0	0	0	0	566	498	
8	0	0	0	0	565	488	
9	0	0	0	0	564	489	
10	0	0	0	0	564	501	
11	0	0	0	0	564	518	
12	0	0	0	0	562	526	
13	0	0	0	0	561	529	
14	0	0	0	0	560	535	
15	0	0	0	0	554	538	
0	0	0	0	0	548	540	
1	0	0	0	0	543	538	
2	0	0	0	0	540	534	
3	0	0	0	0	535	524	
4	0	0	0	0	536	507	
5	0	0	0	0	537	484	
6	0	0	0	0	540	463	
7	0	0	0	0	552	447	
8	0	0	0	0	569	434	
9	0	0	0	0	581	427	
10	0	0	0	0	586	425	
11	0	0	0	0	589	435	
12	0	0	0	0	585	454	
13	0	0	0	0	575	477	
14	0	0	0	0	564	501	
15	0	0	0	0	562	526	
0	0	0	0	0	565	544	
1	0	0	0	0	568	556	
2	0	0	0	0	570	554	
3	0	0	0	0	571	546	
4	0	0	0	0	574	534	
5	0	0	0	0	578	523	
6	0	0	0	0	587	520	
7	0	0	0	0	597	521	
8	0	0	0	0	601	519	
9	0	0	0	0	600	521	
10	0	0	0	0	596	524	
11	0	0	0	0	584	535	
12	0	0	0	0	572	549	
13	0	0	0	0	563	561	
14	0	0	0	0	551	565	
15	0	0	0	0	537	568	
0	0	0	0	0	528	570	
1	0	0	0	0	517	567	
2	0	0	0	0	504	558	
3	0	0	0	0	491	545	
4	0	0	0	0	476	525	
5	0	0	0	0	460	496	
6	0	0	0	0	453	467	
7	0	0	0	0	452	433	
8	0	0	0	0	453	405	
9	0	0	0	0	455	390	
10	0	0	0	0	464	392	
11	0	0	0	0	472	409	
12	0	0	0	0	482	433	
13	0	0	0	0	496	460	
14	0	0	0	0	512	485	
15	0	0	0	0	530	508	
0	0	0	0	0	547	526	
1	0	0	0	0	560	539	
2	0	0	0	0	564	551	
3	0	0	0	0	563	562	
4	0	0	0	0	568	571	
5	0	0	0	0	571	574	
6	0	0	0	0	571	575	
7	0	0	0	0	571	575	
8	0	0	0	0	569	579	
9	0	0	0	0	564	584	
10	0	0	0	0	554	592	
11	0	0	0	0	543	602	
12	0	0	0	0	537	611	
13	0	0	0	0	531	611	
14	0	0	0	0	529	608	
15	0	0	0	0	529	598	
0	0	0	0	0	532	583	
1	0	0	0	0	543	560	
2	0	0	0	0	564	527	
3	0	0	0	0	592	493	
4	0	0	0	0	624	459	
5	0	0	0	0	647	428	
6	0	0	0	0	667	399	
7	0	0	0	0	674	375	
8	0	0	0	0	668	362	
9	0	0	0	0	653	366	
10	0	0	0	0	629	380	
11	0	0	0	0	599	399	
12	0	0	0	0	568	417	
13	0	0	0	0	540	438	
14	0	0	0	0	519	459	
15	0	0	0	0	505	483	
0	0	0	0	0	496	509	
1	0	0	0	0	484	533	
2	0	0	0	0	470	555	
3	0	0	0	0	455	579	
4	0	0	0	0	447	599	
5	0	0	0	0	445	613	
6	0	0	0	0	449	619	
7	0	0	0	0	457	624	
8	0	0	0	0	462	626	
9	0	0	0	0	463	624	
10	0	0	0	0	463	609	
11	0	0	0	0	461	588	
12	0	0	0	0	458	565	
13	0	0	0	0	454	541	
14	0	0	0	0	455	515	
15	0	0	0	0	460	499	
0	0	0	0	0	468	487	
1	0	0	0	0	480	483	
2	0	0	0	0	485	479	
3	0	0	0	0	487	486	
4	0	0	0	0	490	495	
5	0	0	0	0	491	500	
6	0	0	0	0	487	497	
7	0	0	0	0	482	489	
8	0	0	0	0	476	477	
9	0	0	0	0	473	464	
10	0	0	0	0	473	448	
11	0	0	0	0	475	427	
12	0	0	0	0	477	401	
13	0	0	0	0	482	385	
14	0	0	0	0	492	380	
15	0	0	0	0	503	380	
0	0	0	0	0	516	382	
1	0	0	0	0	528	387	
2	0	0	0	0	536	402	
3	0	0	0	0	539	419	
4	0	0	0	0	540	432	
5	0	0	0	0	538	442	
6	0	0	0	0	537	451	
7	0	0	0	0	536	460	
8	0	0	0	0	541	472	
9	0	0	0	0	550	484	
10	0	0	0	0	554	493	
11	0	0	0	0	556	496	
12	0	0	0	0	557	497	
13	0	0	0	0	560	498	
14	0	0	0	0	561	506	
15	0	0	0	0	555	515	
0	0	0	0	0	543	517	
1	0	0	0	0	528	511	
2	0	0	0	0	518	502	
3	0	0	0	0	511	499	
4	0	0	0	0	510	505	
5	0	0	0	0	512	515	
6	0	0	0	0	517	527	
7	0	0	0	0	523	531	
8	0	0	0	0	523	530	
9	0	0	0	0	525	526	
10	0	0	0	0	524	523	
11	0	0	0	0	521	528	
12	0	0	0	0	520	536	
13	0	0	0	0	524	543	
14	0	0	0	0	522	540	
15	0	0	0	0	515	525	
0	0	0	0	0	506	506	
1	0	0	0	0	494	481	
2	0	0	0	0	485	455	
3	0	0	0	0	479	430	
4	0	0	0	0	476	410	
5	0	0	0	0	478	402	
6	0	0	0	0	490	402	
7	0	0	0	0	507	419	
8	0	0	0	0	520	438	
9	0	0	0	0	532	463	
10	0	0	0	0	539	494	
11	0	0	0	0	542	527	
12	0	0	0	0	538	554	
13	0	0	0	0	529	568	
14	0	0	0	0	519	575	
15	0	0	0	0	516	571	
0	0	0	0	0	520	558	
1	0	0	0	0	524	540	
2	0	0	0	0	530	527	
3	0	0	0	0	535	518	
4	0	0	0	0	540	515	
5	0	0	0	0	549	517	
6	0	0	0	0	556	521	
7	0	0	0	0	556	531	
8	0	0	0	0	546	543	
9	0	0	0	0	536	549	
10	0	0	0	0	522	551	
11	0	0	0	0	514	545	
12	0	0	0	0	507	532	
13	0	0	0	0	507	516	
14	0	0	0	0	511	499	
15	0	0	0	0	520	484	
0	0	0	0	0	525	471	
1	0	0	0	0	525	461	
2	0	0	0	0	525	456	
3	0	0	0	0	527	459	
4	0	0	0	0	529	465	
5	0	0	0	0	527	471	
6	0	0	0	0	522	475	
7	0	0	0	0	519	475	
8	0	0	0	0	516	473	
9	0	0	0	0	511	472	
10	0	0	0	0	505	471	
11	0	0	0	0	498	467	
12	0	0	0	0	490	464	
13	0	0	0	0	484	461	
14	0	0	0	0	482	459	
15	0	0	0	0	488	459	
0	0	0	0	0	496	460	
1	0	0	0	0	503	460	
2	0	0	0	0	515	462	
3	0	0	0	0	523	463	
4	0	0	0	0	527	468	
5	0	0	0	0	537	474	
6	0	0	0	0	547	480	
7	0	0	0	0	555	488	
8	0	0	0	0	561	502	
9	0	0	0	0	560	520	
10	0	0	0	0	555	540	
11	0	0	0	0	541	552	
12	0	0	0	0	528	566	
13	0	0	0	0	515	579	
14	0	0	0	0	508	586	
15	0	0	0	0	504	586	
0	0	0	0	0	498	575	
1	0	0	0	0	491	560	
2	0	0	0	0	478	537	
3	0	0	0	0	463	510	
4	0	0	0	0	455	482	
5	0	0	0	0	449	460	
6	0	0	0	0	442	439	
7	0	0	0	0	436	427	
8	0	0	0	0	435	423	
9	0	0	0	0	436	421	
10	0	0	0	0	437	423	
11	0	0	0	0	440	424	
12	0	0	0	0	440	425	
13	0	0	0	0	440	428	
14	0	0	0	0	447	435	
15	0	0	0	0	459	443	
0	0	0	0	0	468	451	
1	0	0	0	0	473	459	
2	0	0	0	0	478	467	
3	0	0	0	0	484	475	
4	0	0	0	0	491	491	
5	0	0	0	0	497	512	
6	0	0	0	0	504	534	
7	0	0	0	0	505	552	
8	0	0	0	0	506	563	
9	0	0	0	0	503	568	
10	0	0	0	0	496	568	
11	0	0	0	0	486	561	
12	0	0	0	0	479	545	
13	0	0	0	0	471	522	
14	0	0	0	0	462	498	
15	0	0	0	0	451	477	
0	0	0	0	0	449	467	
1	0	0	0	0	458	470	
2	0	0	0	0	467	485	
3	0	0	0	0	474	509	
4	0	0	0	0	477	529	
5	0	0	0	0	480	547	
6	0	0	0	0	486	568	
7	0	0	0	0	490	579	
8	0	0	0	0	491	585	
9	0	0	0	0	493	581	
10	0	0	0	0	495	568	
11	0	0	0	0	498	547	
12	0	0	0	0	497	520	
13	0	0	0	0	493	498	
14	0	0	0	0	485	482	
15	0	0	0	0	478	479	
0	0	0	0	0	470	485	
1	0	0	0	0	469	494	
2	0	0	0	0	475	505	
3	0	0	0	0	478	517	
4	0	0	0	0	479	531	
5	0	0	0	0	475	550	
6	0	0	0	0	472	574	
7	0	0	0	0	468	594	
8	0	0	0	0	468	605	
9	0	0	0	0	465	607	
10	0	0	0	0	465	604	
11	0	0	0	0	464	593	
12	0	0	0	0	466	576	
13	0	0	0	0	464	554	
14	0	0	0	0	463	530	
15	0	0	0	0	468	510	
0	0	0	0	0	469	501	
1	0	0	0	0	469	501	
2	0	0	0	0	472	511	
3	0	0	0	0	477	529	
4	0	0	0	0	481	547	
5	0	0	0	0	483	558	
6	0	0	0	0	486	556	
7	0	0	0	0	489	548	
8	0	0	0	0	495	542	
9	0	0	0	0	507	536	
10	0	0	0	0	516	528	
11	0	0	0	0	519	528	
12	0	0	0	0	512	531	
13	0	0	0	0	492	541	
14	0	0	0	0	463	548	
15	0	0	0	0	436	559	
0	0	0	0	0	415	568	
1	0	0	0	0	405	583	
2	0	0	0	0	403	586	
3	0	0	0	0	413	584	
4	0	0	0	0	430	575	
5	0	0	0	0	450	566	
6	0	0	0	0	476	557	
7	0	0	0	0	506	550	
8	0	0	0	0	532	550	
9	0	0	0	0	551	556	
10	0	0	0	0	565	563	
11	0	0	0	0	572	571	
12	0	0	0	0	574	580	
13	0	0	0	0	568	584	
14	0	0	0	0	551	580	
15	0	0	0	0	528	576	
0	0	0	0	0	506	566	
1	0	0	0	0	485	553	
2	0	0	0	0	470	536	
3	0	0	0	0	463	512	
4	0	0	0	0	467	486	
5	0	0	0	0	477	467	
6	0	0	0	0	489	455	
7	0	0	0	0	502	450	
8	0	0	0	0	511	451	
9	0	0	0	0	510	446	
10	0	0	0	0	504	440	
11	0	0	0	0	497	437	
12	0	0	0	0	491	442	
13	0	0	0	0	487	455	
14	0	0	0	0	487	466	
15	0	0	0	0	494	475	
0	0	0	0	0	506	480	
1	0	0	0	0	520	487	
2	0	0	0	0	536	495	
3	0	0	0	0	549	504	
4	0	0	0	0	562	505	
5	0	0	0	0	574	502	
6	0	0	0	0	583	492	
7	0	0	0	0	583	487	
8	0	0	0	0	574	481	
9	0	0	0	0	561	483	
10	0	0	0	0	551	485	
11	0	0	0	0	543	489	
12	0	0	0	0	537	493	
13	0	0	0	0	528	498	
14	0	0	0	0	524	500	
15	0	0	0	0	519	498	
0	0	0	0	0	518	489	
1	0	0	0	0	517	478	
2	0	0	0	0	517	468	
3	0	0	0	0	514	463	
4	0	0	0	0	513	459	
5	0	0	0	0	513	459	
6	0	0	0	0	513	458	
7	0	0	0	0	515	448	
8	0	0	0	0	514	435	
9	0	0	0	0	514	427	
10	0	0	0	0	514	424	
11	0	0	0	0	516	431	
12	0	0	0	0	519	439	
13	0	0	0	0	521	451	
14	0	0	0	0	521	474	
15	0	0	0	0	515	504	
0	0	0	0	0	508	540	
1	0	0	0	0	499	574	
2	0	0	0	0	498	604	
3	0	0	0	0	504	628	
4	0	0	0	0	512	637	
5	0	0	0	0	520	639	
6	0	0	0	0	532	631	
7	0	0	0	0	548	612	
8	0	0	0	0	561	585	
9	0	0	0	0	568	555	
10	0	0	0	0	569	526	
11	0	0	0	0	560	500	
12	0	0	0	0	549	474	
13	0	0	0	0	538	455	
14	0	0	0	0	527	444	
15	0	0	0	0	519	448	
0	0	0	0	0	510	459	
1	0	0	0	0	501	476	
2	0	0	0	0	488	491	
3	0	0	0	0	474	503	
4	0	0	0	0	459	512	
5	0	0	0	0	445	520	
6	0	0	0	0	439	523	
7	0	0	0	0	440	531	
8	0	0	0	0	444	537	
9	0	0	0	0	454	544	
10	0	0	0	0	461	556	
11	0	0	0	0	463	560	
12	0	0	0	0	458	559	
13	0	0	0	0	446	551	
14	0	0	0	0	433	543	
15	0	0	0	0	423	537	
0	0	0	0	0	418	537	
1	0	0	0	0	416	536	
2	0	0	0	0	420	529	
3	0	0	0	0	431	524	
4	0	0	0	0	446	519	
5	0	0	0	0	465	522	
6	0	0	0	0	487	527	
7	0	0	0	0	505	533	
8	0	0	0	0	516	540	
9	0	0	0	0	521	542	
10	0	0	0	0	520	543	
11	0	0	0	0	519	541	
12	0	0	0	0	516	534	
13	0	0	0	0	512	527	
14	0	0	0	0	507	516	
15	0	0	0	0	503	505	
0	0	0	0	0	504	494	
1	0	0	0	0	508	486	
2	0	0	0	0	511	486	
3	0	0	0	0	519	492	
4	0	0	0	0	526	505	
5	0	0	0	0	530	516	
6	0	0	0	0	531	524	
7	0	0	0	0	531	532	
8	0	0	0	0	532	535	
9	0	0	0	0	535	536	
10	0	0	0	0	542	537	
11	0	0	0	0	548	544	
12	0	0	0	0	555	554	
13	0	0	0	0	558	562	
14	0	0	0	0	561	567	
15	0	0	0	0	559	571	
0	0	0	0	0	553	571	
1	0	0	0	0	545	562	
2	0	0	0	0	550	551	
3	0	0	0	0	564	543	
4	0	0	0	0	576	542	
5	0	0	0	0	582	541	
6	0	0	0	0	581	537	
7	0	0	0	0	576	529	
8	0	0	0	0	563	517	
9	0	0	0	0	548	497	
10	0	0	0	0	537	479	
11	0	0	0	0	536	465	
12	0	0	0	0	537	461	
13	0	0	0	0	543	460	
14	0	0	0	0	550	468	
15	0	0	0	0	553	482	
0	0	0	0	0	558	501	
1	0	0	0	0	561	525	
2	0	0	0	0	561	547	
3	0	0	0	0	558	561	
4	0	0	0	0	545	570	
5	0	0	0	0	530	573	
6	0	0	0	0	519	571	
7	0	0	0	0	510	561	
8	0	0	0	0	504	551	
9	0	0	0	0	498	541	
10	0	0	0	0	497	533	
11	0	0	0	0	502	527	
12	0	0	0	0	511	527	
13	0	0	0	0	521	532	
14	0	0	0	0	538	538	
15	0	0	0	0	560	544	
0	0	0	0	0	582	551	
1	0	0	0	0	600	547	
2	0	0	0	0	614	536	
3	0	0	0	0	627	525	
4	0	0	0	0	637	515	
5	0	0	0	0	639	509	
6	0	0	0	0	638	511	
7	0	0	0	0	632	517	
8	0	0	0	0	618	524	
9	0	0	0	0	601	532	
10	0	0	0	0	585	529	
11	0	0	0	0	572	519	
12	0	0	0	0	563	499	
13	0	0	0	0	556	476	
14	0	0	0	0	551	456	
15	0	0	0	0	544	439	
0	0	0	0	0	536	426	
1	0	0	0	0	528	418	
2	0	0	0	0	518	416	
3	0	0	0	0	509	414	
4	0	0	0	0	500	421	
5	0	0	0	0	495	427	
6	0	0	0	0	498	440	
7	0	0	0	0	507	449	
8	0	0	0	0	521	463	
9	0	0	0	0	528	473	
10	0	0	0	0	529	477	
11	0	0	0	0	527	479	
12	0	0	0	0	521	481	
13	0	0	0	0	515	484	
14	0	0	0	0	503	490	
15	0	0	0	0	484	501	
0	0	0	0	0	467	518	
1	0	0	0	0	454	535	
2	0	0	0	0	446	545	
3	0	0	0	0	451	553	
4	0	0	0	0	465	561	
5	0	0	0	0	484	566	
6	0	0	0	0	503	569	
7	0	0	0	0	519	567	
8	0	0	0	0	527	566	
9	0	0	0	0	530	559	
10	0	0	0	0	529	546	
11	0	0	0	0	526	534	
12	0	0	0	0	525	519	
13	0	0	0	0	524	510	
14	0	0	0	0	516	510	
15	0	0	0	0	505	519	
0	0	0	0	0	494	534	
1	0	0	0	0	491	551	
2	0	0	0	0	494	566	
3	0	0	0	0	499	577	
4	0	0	0	0	507	585	
5	0	0	0	0	516	582	
6	0	0	0	0	527	570	
7	0	0	0	0	534	551	
8	0	0	0	0	543	531	
9	0	0	0	0	554	513	
10	0	0	0	0	560	502	
11	0	0	0	0	558	497	
12	0	0	0	0	551	492	
13	0	0	0	0	540	482	
14	0	0	0	0	529	466	
15	0	0	0	0	516	449	
0	0	0	0	0	508	435	
1	0	0	0	0	503	428	
2	0	0	0	0	502	423	
3	0	0	0	0	507	425	
4	0	0	0	0	515	423	
5	0	0	0	0	523	424	
6	0	0	0	0	526	429	
7	0	0	0	0	528	440	
8	0	0	0	0	528	455	
9	0	0	0	0	522	467	
10	0	0	0	0	511	478	
11	0	0	0	0	503	487	
12	0	0	0	0	505	493	
13	0	0	0	0	515	493	
14	0	0	0	0	529	489	
15	0	0	0	0	543	486	
0	0	0	0	0	558	485	
1	0	0	0	0	564	492	
2	0	0	0	0	564	503	
3	0	0	0	0	561	523	
4	0	0	0	0	554	545	
5	0	0	0	0	540	564	
6	0	0	0	0	525	571	
7	0	0	0	0	512	569	
8	0	0	0	0	502	566	
9	0	0	0	0	495	557	
10	0	0	0	0	490	545	
11	0	0	0	0	492	528	
12	0	0	0	0	496	509	
13	0	0	0	0	500	493	
14	0	0	0	0	504	488	
15	0	0	0	0	507	492	
0	0	0	0	0	513	511	
1	0	0	0	0	516	539	
2	0	0	0	0	518	567	
3	0	0	0	0	517	586	
4	0	0	0	0	519	587	
5	0	0	0	0	519	571	
6	0	0	0	0	519	544	
7	0	0	0	0	516	511	
8	0	0	0	0	510	481	
9	0	0	0	0	503	460	
10	0	0	0	0	493	450	
11	0	0	0	0	484	452	
12	0	0	0	0	476	463	
13	0	0	0	0	465	473	
14	0	0	0	0	460	476	
15	0	0	0	0	456	474	
0	0	0	0	0	459	473	
1	0	0	0	0	465	473	
2	0	0	0	0	473	476	
3	0	0	0	0	484	476	
4	0	0	0	0	497	473	
5	0	0	0	0	504	472	
6	0	0	0	0	508	475	
7	0	0	0	0	508	483	
8	0	0	0	0	510	494	
9	0	0	0	0	512	508	
10	0	0	0	0	521	528	
11	0	0	0	0	528	547	
12	0	0	0	0	529	559	
13	0	0	0	0	526	566	
14	0	0	0	0	521	571	
15	0	0	0	0	520	577	
0	0	0	0	0	526	579	
1	0	0	0	0	536	583	
2	0	0	0	0	542	583	
3	0	0	0	0	543	582	
4	0	0	0	0	536	584	
5	0	0	0	0	519	590	
6	0	0	0	0	499	591	
7	0	0	0	0	492	591	
8	0	0	0	0	493	584	
9	0	0	0	0	501	580	
10	0	0	0	0	509	575	
11	0	0	0	0	515	564	
12	0	0	0	0	519	551	
13	0	0	0	0	519	541	
14	0	0	0	0	517	531	
15	0	0	0	0	515	520	
0	0	0	0	0	512	504	
1	0	0	0	0	515	489	
2	0	0	0	0	522	475	
3	0	0	0	0	529	468	
4	0	0	0	0	535	466	
5	0	0	0	0	538	464	
6	0	0	0	0	541	463	
7	0	0	0	0	542	468	
8	0	0	0	0	545	475	
9	0	0	0	0	543	489	
10	0	0	0	0	535	511	
11	0	0	0	0	523	538	
12	0	0	0	0	506	558	
13	0	0	0	0	486	575	
14	0	0	0	0	468	585	
15	0	0	0	0	455	588	
0	0	0	0	0	447	589	
1	0	0	0	0	448	582	
2	0	0	0	0	460	564	
3	0	0	0	0	478	539	
4	0	0	0	0	497	511	
5	0	0	0	0	513	489	
6	0	0	0	0	527	478	
7	0	0	0	0	541	472	
8	0	0	0	0	554	471	
9	0	0	0	0	569	476	
10	0	0	0	0	583	486	
11	0	0	0	0	599	498	
12	0	0	0	0	611	516	
13	0	0	0	0	615	538	
14	0	0	0	0	614	556	
15	0	0	0	0	608	573	
0	0	0	0	0	600	588	
1	0	0	0	0	591	598	
2	0	0	0	0	581	601	
3	0	0	0	0	567	594	
4	0	0	0	0	552	579	
5	0	0	0	0	539	555	
6	0	0	0	0	526	527	
7	0	0	0	0	513	504	
8	0	0	0	0	503	484	
9	0	0	0	0	496	470	
10	0	0	0	0	491	457	
11	0	0	0	0	481	447	
12	0	0	0	0	470	438	
13	0	0	0	0	463	425	
14	0	0	0	0	459	411	
15	0	0	0	0	460	399	
0	0	0	0	0	465	391	
1	0	0	0	0	476	391	
2	0	0	0	0	494	397	
3	0	0	0	0	507	409	
4	0	0	0	0	519	428	
5	0	0	0	0	534	446	
6	0	0	0	0	544	464	
7	0	0	0	0	559	476	
8	0	0	0	0	580	478	
9	0	0	0	0	600	479	
10	0	0	0	0	618	484	
11	0	0	0	0	632	488	
12	0	0	0	0	638	500	
13	0	0	0	0	639	505	
14	0	0	0	0	635	510	
15	0	0	0	0	624	522	
0	0	0	0	0	609	545	
1	0	0	0	0	592	579	
2	0	0	0	0	578	620	
3	0	0	0	0	557	656	
4	0	0	0	0	536	683	
5	0	0	0	0	512	694	
6	0	0	0	0	492	689	
7	0	0	0	0	473	664	
8	0	0	0	0	458	627	
9	0	0	0	0	451	587	
10	0	0	0	0	451	551	
11	0	0	0	0	454	528	
12	0	0	0	0	458	514	
13	0	0	0	0	466	508	
14	0	0	0	0	475	503	
15	0	0	0	0	481	499	
0	0	0	0	0	490	499	
1	0	0	0	0	502	498	
2	0	0	0	0	512	499	
3	0	0	0	0	519	494	
4	0	0	0	0	525	483	
5	0	0	0	0	528	468	
6	0	0	0	0	527	457	
7	0	0	0	0	527	449	
8	0	0	0	0	529	443	
9	0	0	0	0	528	438	
10	0	0	0	0	525	435	
11	0	0	0	0	518	438	
12	0	0	0	0	511	440	
13	0	0	0	0	507	444	
14	0	0	0	0	500	451	
15	0	0	0	0	491	462	
0	0	0	0	0	479	476	
1	0	0	0	0	467	487	
2	0	0	0	0	457	493	
3	0	0	0	0	448	499	
4	0	0	0	0	442	500	
5	0	0	0	0	434	503	
6	0	0	0	0	429	511	
7	0	0	0	0	432	527	
8	0	0	0	0	447	551	
9	0	0	0	0	465	582	
10	0	0	0	0	489	612	
11	0	0	0	0	521	636	
12	0	0	0	0	561	655	
13	0	0	0	0	598	667	
14	0	0	0	0	622	668	
15	0	0	0	0	636	661	
0	0	0	0	0	642	648	
1	0	0	0	0	639	634	
2	0	0	0	0	623	621	
3	0	0	0	0	599	606	
4	0	0	0	0	567	582	
5	0	0	0	0	530	557	
6	0	0	0	0	498	532	
7	0	0	0	0	472	511	
8	0	0	0	0	458	497	
9	0	0	0	0	455	484	
10	0	0	0	0	456	472	
11	0	0	0	0	455	464	
12	0	0	0	0	451	454	
13	0	0	0	0	437	443	
14	0	0	0	0	423	432	
15	0	0	0	0	410	426	
0	0	0	0	0	397	427	
1	0	0	0	0	385	432	
2	0	0	0	0	374	437	
3	0	0	0	0	368	444	
4	0	0	0	0	374	458	
5	0	0	0	0	386	481	
6	0	0	0	0	405	504	
7	0	0	0	0	433	531	
8	0	0	0	0	460	560	
9	0	0	0	0	489	589	
10	0	0	0	0	519	617	
11	0	0	0	0	538	641	
12	0	0	0	0	555	657	
13	0	0	0	0	561	665	
14	0	0	0	0	558	667	
15	0	0	0	0	545	657	
0	0	0	0	0	525	638	
1	0	0	0	0	508	612	
2	0	0	0	0	492	580	
3	0	0	0	0	477	539	
4	0	0	0	0	462	496	
5	0	0	0	0	450	457	
6	0	0	0	0	441	423	
7	0	0	0	0	431	399	
8	0	0	0	0	421	383	
9	0	0	0	0	412	380	
10	0	0	0	0	404	386	
11	0	0	0	0	397	398	
12	0	0	0	0	390	411	
13	0	0	0	0	380	424	
14	0	0	0	0	374	439	
15	0	0	0	0	367	457	
0	0	0	0	0	363	477	
1	0	0	0	0	364	492	
2	0	0	0	0	372	501	
3	0	0	0	0	383	511	
4	0	0	0	0	395	518	
5	0	0	0	0	400	524	
6	0	0	0	0	400	537	
7	0	0	0	0	398	552	
8	0	0	0	0	401	565	
9	0	0	0	0	412	583	
10	0	0	0	0	423	609	
11	0	0	0	0	433	638	
12	0	0	0	0	444	657	
13	0	0	0	0	455	675	
14	0	0	0	0	463	689	
15	0	0	0	0	468	689	
0	0	0	0	0	471	671	
1	0	0	0	0	465	635	
2	0	0	0	0	455	599	
3	0	0	0	0	440	563	
4	0	0	0	0	425	531	
5	0	0	0	0	415	499	
6	0	0	0	0	414	461	
7	0	0	0	0	422	425	
8	0	0	0	0	439	404	
9	0	0	0	0	452	397	
10	0	0	0	0	467	399	
11	0	0	0	0	487	409	
12	0	0	0	0	499	422	
13	0	0	0	0	503	434	
14	0	0	0	0	510	445	
15	0	0	0	0	521	450	
0	0	0	0	0	531	458	
1	0	0	0	0	536	466	
2	0	0	0	0	538	480	
3	0	0	0	0	541	495	
4	0	0	0	0	545	516	
5	0	0	0	0	541	544	
6	0	0	0	0	530	575	
7	0	0	0	0	514	600	
8	0	0	0	0	502	627	
9	0	0	0	0	497	658	
10	0	0	0	0	497	695	
11	0	0	0	0	502	731	
12	0	0	0	0	503	759	
13	0	0	0	0	502	766	
14	0	0	0	0	495	747	
15	0	0	0	0	481	710	
0	0	0	0	0	460	666	
1	0	0	0	0	438	616	
2	0	0	0	0	415	561	
3	0	0	0	0	395	502	
4	0	0	0	0	375	444	
5	0	0	0	0	358	396	
6	0	0	0	0	349	354	
7	0	0	0	0	347	325	
8	0	0	0	0	353	311	
9	0	0	0	0	363	315	
10	0	0	0	0	382	330	
11	0	0	0	0	404	349	
12	0	0	0	0	430	374	
13	0	0	0	0	446	401	
14	0	0	0	0	461	428	
15	0	0	0	0	473	454	
0	0	0	0	0	486	479	
1	0	0	0	0	493	502	
2	0	0	0	0	496	524	
3	0	0	0	0	496	544	
4	0	0	0	0	490	563	
5	0	0	0	0	481	575	
6	0	0	0	0	476	586	
7	0	0	0	0	481	599	
8	0	0	0	0	499	610	
9	0	0	0	0	531	625	
10	0	0	0	0	569	639	
11	0	0	0	0	596	651	
12	0	0	0	0	609	654	
13	0	0	0	0	606	659	
14	0	0	0	0	592	668	
15	0	0	0	0	563	676	
0	0	0	0	0	524	674	
1	0	0	0	0	473	666	
2	0	0	0	0	435	659	
3	0	0	0	0	408	646	
4	0	0	0	0	395	633	
5	0	0	0	0	388	614	
6	0	0	0	0	387	585	
7	0	0	0	0	390	550	
8	0	0	0	0	396	518	
9	0	0	0	0	403	491	
10	0	0	0	0	407	475	
11	0	0	0	0	409	467	
12	0	0	0	0	410	473	
13	0	0	0	0	410	487	
14	0	0	0	0	407	511	
15	0	0	0	0	407	532	
0	0	0	0	0	406	560	
1	0	0	0	0	409	582	
2	0	0	0	0	415	605	
3	0	0	0	0	420	611	
4	0	0	0	0	428	617	
5	0	0	0	0	436	610	
6	0	0	0	0	446	607	
7	0	0	0	0	456	592	
8	0	0	0	0	471	576	
9	0	0	0	0	489	552	
10	0	0	0	0	504	532	
11	0	0	0	0	509	509	
12	0	0	0	0	510	492	
13	0	0	0	0	508	482	
14	0	0	0	0	505	484	
15	0	0	0	0	497	496	
0	0	0	0	0	492	510	
1	0	0	0	0	487	524	
2	0	0	0	0	487	531	
3	0	0	0	0	484	529	
4	0	0	0	0	478	522	
5	0	0	0	0	470	518	
6	0	0	0	0	467	515	
7	0	0	0	0	462	518	
8	0	0	0	0	459	526	
9	0	0	0	0	464	538	
10	0	0	0	0	472	549	
11	0	0	0	0	480	558	
12	0	0	0	0	490	567	
13	0	0	0	0	498	574	
14	0	0	0	0	503	576	
15	0	0	0	0	507	571	
0	0	0	0	0	515	558	
1	0	0	0	0	523	542	
2	0	0	0	0	529	524	
3	0	0	0	0	536	509	
4	0	0	0	0	539	497	
5	0	0	0	0	535	490	
6	0	0	0	0	525	491	
7	0	0	0	0	512	496	
8	0	0	0	0	494	504	
9	0	0	0	0	475	516	
10	0	0	0	0	456	528	
11	0	0	0	0	444	536	
12	0	0	0	0	437	535	
13	0	0	0	0	436	527	
14	0	0	0	0	441	524	
15	0	0	0	0	451	523	
0	0	0	0	0	470	527	
1	0	0	0	0	487	534	
2	0	0	0	0	503	543	
3	0	0	0	0	515	556	
4	0	0	0	0	527	566	
5	0	0	0	0	535	571	
6	0	0	0	0	540	569	
7	0	0	0	0	541	567	
8	0	0	0	0	545	563	
9	0	0	0	0	554	558	
10	0	0	0	0	560	555	
11	0	0	0	0	560	552	
12	0	0	0	0	553	553	
13	0	0	0	0	542	553	
14	0	0	0	0	531	551	
15	0	0	0	0	522	546	
0	0	0	0	0	512	537	
1	0	0	0	0	506	527	
2	0	0	0	0	503	511	
3	0	0	0	0	505	496	
4	0	0	0	0	513	486	
5	0	0	0	0	526	477	
6	0	0	0	0	543	471	
7	0	0	0	0	561	464	
8	0	0	0	0	571	461	
9	0	0	0	0	577	462	
10	0	0	0	0	576	467	
11	0	0	0	0	568	473	
12	0	0	0	0	555	475	
13	0	0	0	0	539	476	
14	0	0	0	0	525	477	
15	0	0	0	0	518	477	
0	0	0	0	0	521	481	
1	0	0	0	0	531	485	
2	0	0	0	0	542	491	
3	0	0	0	0	558	501	
4	0	0	0	0	573	516	
5	0	0	0	0	587	536	
6	0	0	0	0	605	556	
7	0	0	0	0	626	574	
8	0	0	0	0	645	594	
9	0	0	0	0	654	611	
10	0	0	0	0	649	631	
11	0	0	0	0	634	647	
12	0	0	0	0	614	659	
13	0	0	0	0	594	669	
14	0	0	0	0	579	674	
15	0	0	0	0	563	673	
0	0	0	0	0	547	668	
1	0	0	0	0	532	658	
2	0	0	0	0	524	644	
3	0	0	0	0	524	629	
4	0	0	0	0	528	619	
5	0	0	0	0	537	612	
6	0	0	0	0	551	604	
7	0	0	0	0	561	593	
8	0	0	0	0	567	586	
9	0	0	0	0	569	583	
10	0	0	0	0	569	583	
11	0	0	0	0	572	583	
12	0	0	0	0	576	585	
13	0	0	0	0	583	588	
14	0	0	0	0	593	593	
15	0	0	0	0	603	599	
0	0	0	0	0	608	609	
1	0	0	0	0	611	622	
2	0	0	0	0	608	630	
3	0	0	0	0	601	636	
4	0	0	0	0	589	647	
5	0	0	0	0	580	661	
6	0	0	0	0	569	674	
7	0	0	0	0	554	687	
8	0	0	0	0	540	702	
9	0	0	0	0	532	709	
10	0	0	0	0	529	719	
11	0	0	0	0	532	726	
12	0	0	0	0	540	735	
13	0	0	0	0	554	747	
14	0	0	0	0	574	754	
15	0	0	0	0	593	760	
0	0	0	0	0	608	765	
1	0	0	0	0	616	770	
2	0	0	0	0	622	766	
3	0	0	0	0	624	754	
4	0	0	0	0	623	743	
5	0	0	0	0	619	726	
6	0	0	0	0	607	706	
7	0	0	0	0	591	692	
8	0	0	0	0	582	680	
9	0	0	0	0	573	668	
10	0	0	0	0	566	658	
11	0	0	0	0	560	649	
12	0	0	0	0	558	648	
13	0	0	0	0	558	647	
14	0	0	0	0	558	651	
15	0	0	0	0	560	664	
0	0	0	0	0	563	681	
1	0	0	0	0	578	702	
2	0	0	0	0	593	726	
3	0	0	0	0	608	754	
4	0	0	0	0	626	777	
5	0	0	0	0	645	788	
6	0	0	0	0	659	791	
7	0	0	0	0	658	787	
8	0	0	0	0	646	780	
9	0	0	0	0	624	765	
10	0	0	0	0	591	740	
11	0	0	0	0	552	713	
12	0	0	0	0	513	686	
13	0	0	0	0	473	660	
14	0	0	0	0	437	637	
15	0	0	0	0	402	623	
0	0	0	0	0	377	614	
1	0	0	0	0	359	614	
2	0	0	0	0	350	615	
3	0	0	0	0	348	624	
4	0	0	0	0	349	639	
5	0	0	0	0	358	659	
6	0	0	0	0	371	687	
7	0	0	0	0	386	719	
8	0	0	0	0	402	755	
9	0	0	0	0	422	783	
10	0	0	0	0	442	799	
11	0	0	0	0	462	799	
12	0	0	0	0	483	788	
13	0	0	0	0	505	760	
14	0	0	0	0	523	716	
15	0	0	0	0	533	667	
0	0	0	0	0	539	627	
1	0	0	0	0	542	603	
2	0	0	0	0	542	588	
3	0	0	0	0	537	575	
4	0	0	0	0	533	561	
5	0	0	0	0	530	555	
6	0	0	0	0	526	561	
7	0	0	0	0	519	573	
8	0	0	0	0	508	588	
9	0	0	0	0	489	601	
10	0	0	0	0	463	608	
11	0	0	0	0	430	596	
12	0	0	0	0	396	576	
13	0	0	0	0	366	555	
14	0	0	0	0	342	536	
15	0	0	0	0	328	524	
0	0	0	0	0	328	516	
1	0	0	0	0	334	518	
2	0	0	0	0	346	520	
3	0	0	0	0	362	519	
4	0	0	0	0	376	515	
5	0	0	0	0	389	507	
6	0	0	0	0	398	497	
7	0	0	0	0	407	484	
8	0	0	0	0	417	468	
9	0	0	0	0	421	453	
10	0	0	0	0	417	440	
11	0	0	0	0	412	434	
12	0	0	0	0	412	437	
13	0	0	0	0	414	447	
14	0	0	0	0	420	463	
15	0	0	0	0	427	483	
0	0	0	0	0	435	509	
1	0	0	0	0	449	534	
2	0	0	0	0	461	556	
3	0	0	0	0	475	578	
4	0	0	0	0	491	594	
5	0	0	0	0	504	601	
6	0	0	0	0	522	598	
7	0	0	0	0	540	587	
8	0	0	0	0	551	574	
9	0	0	0	0	553	561	
10	0	0	0	0	545	553	
11	0	0	0	0	529	550	
12	0	0	0	0	506	548	
13	0	0	0	0	478	540	
14	0	0	0	0	448	528	
15	0	0	0	0	424	512	
0	0	0	0	0	410	496	
1	0	0	0	0	404	477	
2	0	0	0	0	408	455	
3	0	0	0	0	415	435	
4	0	0	0	0	421	413	
5	0	0	0	0	425	392	
6	0	0	0	0	430	373	
7	0	0	0	0	440	365	
8	0	0	0	0	456	367	
9	0	0	0	0	476	378	
10	0	0	0	0	494	389	
11	0	0	0	0	503	407	
12	0	0	0	0	503	428	
13	0	0	0	0	498	442	
14	0	0	0	0	486	454	
15	0	0	0	0	470	462	
0	0	0	0	0	455	464	
1	0	0	0	0	444	461	
2	0	0	0	0	438	460	
3	0	0	0	0	439	461	
4	0	0	0	0	443	464	
5	0	0	0	0	444	464	
6	0	0	0	0	445	469	
7	0	0	0	0	445	475	
8	0	0	0	0	443	480	
9	0	0	0	0	440	486	
10	0	0	0	0	440	484	
11	0	0	0	0	444	480	
12	0	0	0	0	448	474	
13	0	0	0	0	455	472	
14	0	0	0	0	462	472	
15	0	0	0	0	464	480	
0	0	0	0	0	464	487	
1	0	0	0	0	466	497	
2	0	0	0	0	473	509	
3	0	0	0	0	480	519	
4	0	0	0	0	491	538	
5	0	0	0	0	503	559	
6	0	0	0	0	513	575	
7	0	0	0	0	519	586	
8	0	0	0	0	523	596	
9	0	0	0	0	526	605	
10	0	0	0	0	528	608	
11	0	0	0	0	528	607	
12	0	0	0	0	527	593	
13	0	0	0	0	518	571	
14	0	0	0	0	509	542	
15	0	0	0	0	497	511	
0	0	0	0	0	488	476	
1	0	0	0	0	486	446	
2	0	0	0	0	486	420	
3	0	0	0	0	486	399	
4	0	0	0	0	482	387	
5	0	0	0	0	477	385	
6	0	0	0	0	472	388	
7	0	0	0	0	471	400	
8	0	0	0	0	471	415	
9	0	0	0	0	468	430	
10	0	0	0	0	468	448	
11	0	0	0	0	469	467	
12	0	0	0	0	471	490	
13	0	0	0	0	472	518	
14	0	0	0	0	471	543	
15	0	0	0	0	470	568	
0	0	0	0	0	469	586	
1	0	0	0	0	469	595	
2	0	0	0	0	475	600	
3	0	0	0	0	484	595	
4	0	0	0	0	494	584	
5	0	0	0	0	500	569	
6	0	0	0	0	507	550	
7	0	0	0	0	511	535	
8	0	0	0	0	517	523	
9	0	0	0	0	525	520	
10	0	0	0	0	534	522	
11	0	0	0	0	545	524	
12	0	0	0	0	551	521	
13	0	0	0	0	556	516	
14	0	0	0	0	558	516	
15	0	0	0	0	556	513	
0	0	0	0	0	554	506	
1	0	0	0	0	554	496	
2	0	0	0	0	555	487	
3	0	0	0	0	555	489	
4	0	0	0	0	551	491	
5	0	0	0	0	540	491	
6	0	0	0	0	534	487	
7	0	0	0	0	540	471	
8	0	0	0	0	551	458	
9	0	0	0	0	557	452	
10	0	0	0	0	555	451	
11	0	0	0	0	545	453	
12	0	0	0	0	528	455	
13	0	0	0	0	506	460	
14	0	0	0	0	487	467	
15	0	0	0	0	465	470	
0	0	0	0	0	445	467	
1	0	0	0	0	433	462	
2	0	0	0	0	423	448	
3	0	0	0	0	414	428	
4	0	0	0	0	410	404	
5	0	0	0	0	408	390	
6	0	0	0	0	412	379	
7	0	0	0	0	419	372	
8	0	0	0	0	424	369	
9	0	0	0	0	431	377	
10	0	0	0	0	437	393	
11	0	0	0	0	445	419	
12	0	0	0	0	464	455	
13	0	0	0	0	486	495	
14	0	0	0	0	506	532	
15	0	0	0	0	526	570	
0	0	0	0	0	542	606	
1	0	0	0	0	551	631	
2	0	0	0	0	553	638	
3	0	0	0	0	547	634	
4	0	0	0	0	535	618	
5	0	0	0	0	531	592	
6	0	0	0	0	532	554	
7	0	0	0	0	530	507	
8	0	0	0	0	527	458	
9	0	0	0	0	524	410	
10	0	0	0	0	513	360	
11	0	0	0	0	500	319	
12	0	0	0	0	490	290	
13	0	0	0	0	481	276	
14	0	0	0	0	470	275	
15	0	0	0	0	459	285	
0	0	0	0	0	451	295	
1	0	0	0	0	444	307	
2	0	0	0	0	432	325	
3	0	0	0	0	418	344	
4	0	0	0	0	412	364	
5	0	0	0	0	409	381	
6	0	0	0	0	411	399	
7	0	0	0	0	419	417	
8	0	0	0	0	434	436	
9	0	0	0	0	450	451	
10	0	0	0	0	468	461	
11	0	0	0	0	482	470	
12	0	0	0	0	487	475	
13	0	0	0	0	487	468	
14	0	0	0	0	486	464	
15	0	0	0	0	484	461	
0	0	0	0	0	481	460	
1	0	0	0	0	474	458	
2	0	0	0	0	465	455	
3	0	0	0	0	458	450	
4	0	0	0	0	458	443	
5	0	0	0	0	458	441	
6	0	0	0	0	461	441	
7	0	0	0	0	463	435	
8	0	0	0	0	470	424	
9	0	0	0	0	480	408	
10	0	0	0	0	490	387	
11	0	0	0	0	502	363	
12	0	0	0	0	514	339	
13	0	0	0	0	524	319	
14	0	0	0	0	531	312	
15	0	0	0	0	529	304	
0	0	0	0	0	524	309	
1	0	0	0	0	514	316	
2	0	0	0	0	505	330	
3	0	0	0	0	502	343	
4	0	0	0	0	505	357	
5	0	0	0	0	509	367	
6	0	0	0	0	515	375	
7	0	0	0	0	526	376	
8	0	0	0	0	534	379	
9	0	0	0	0	540	382	
10	0	0	0	0	541	390	
11	0	0	0	0	537	401	
12	0	0	0	0	532	419	
13	0	0	0	0	531	437	
14	0	0	0	0	532	451	
15	0	0	0	0	531	462	
0	0	0	0	0	529	472	
1	0	0	0	0	531	487	
2	0	0	0	0	532	500	
3	0	0	0	0	527	510	
4	0	0	0	0	518	510	
5	0	0	0	0	504	512	
6	0	0	0	0	498	518	
7	0	0	0	0	488	524	
8	0	0	0	0	483	526	
9	0	0	0	0	483	521	
10	0	0	0	0	482	508	
11	0	0	0	0	483	492	
12	0	0	0	0	479	478	
13	0	0	0	0	472	464	
14	0	0	0	0	472	451	
15	0	0	0	0	476	440	
0	0	0	0	0	486	434	
1	0	0	0	0	492	428	
2	0	0	0	0	497	425	
3	0	0	0	0	502	427	
4	0	0	0	0	506	430	
5	0	0	0	0	509	432	
6	0	0	0	0	515	433	
7	0	0	0	0	524	429	
8	0	0	0	0	529	426	
9	0	0	0	0	535	417	
10	0	0	0	0	537	409	
11	0	0	0	0	541	407	
12	0	0	0	0	540	408	
13	0	0	0	0	531	417	
14	0	0	0	0	520	428	
15	0	0	0	0	503	447	
0	0	0	0	0	487	468	
1	0	0	0	0	477	494	
2	0	0	0	0	475	525	
3	0	0	0	0	474	552	
4	0	0	0	0	472	570	
5	0	0	0	0	477	576	
6	0	0	0	0	487	572	
7	0	0	0	0	497	555	
8	0	0	0	0	500	528	
9	0	0	0	0	502	496	
10	0	0	0	0	499	462	
11	0	0	0	0	496	429	
12	0	0	0	0	498	396	
13	0	0	0	0	503	371	
14	0	0	0	0	501	356	
15	0	0	0	0	499	359	
0	0	0	0	0	497	363	
1	0	0	0	0	495	375	
2	0	0	0	0	489	384	
3	0	0	0	0	483	396	
4	0	0	0	0	483	405	
5	0	0	0	0	487	415	
6	0	0	0	0	490	421	
7	0	0	0	0	491	429	
8	0	0	0	0	484	437	
9	0	0	0	0	471	445	
10	0	0	0	0	462	452	
11	0	0	0	0	456	456	
12	0	0	0	0	455	470	
13	0	0	0	0	458	491	
14	0	0	0	0	464	511	
15	0	0	0	0	469	527	
0	0	0	0	0	473	540	
1	0	0	0	0	478	555	
2	0	0	0	0	491	565	
3	0	0	0	0	511	583	
4	0	0	0	0	540	600	
5	0	0	0	0	568	617	
6	0	0	0	0	596	624	
7	0	0	0	0	612	620	
8	0	0	0	0	611	608	
9	0	0	0	0	595	582	
10	0	0	0	0	574	543	
11	0	0	0	0	556	502	
12	0	0	0	0	545	461	
13	0	0	0	0	542	427	
14	0	0	0	0	540	409	
15	0	0	0	0	539	397	
0	0	0	0	0	537	399	
1	0	0	0	0	539	410	
2	0	0	0	0	542	433	
3	0	0	0	0	545	453	
4	0	0	0	0	543	473	
5	0	0	0	0	535	492	
6	0	0	0	0	525	513	
7	0	0	0	0	518	527	
8	0	0	0	0	513	535	
9	0	0	0	0	511	538	
10	0	0	0	0	508	531	
11	0	0	0	0	508	517	
12	0	0	0	0	511	494	
13	0	0	0	0	514	472	
14	0	0	0	0	522	450	
15	0	0	0	0	532	425	
0	0	0	0	0	540	400	
1	0	0	0	0	543	375	
2	0	0	0	0	543	357	
3	0	0	0	0	547	342	
4	0	0	0	0	551	338	
5	0	0	0	0	552	336	
6	0	0	0	0	560	339	
7	0	0	0	0	574	348	
8	0	0	0	0	592	366	
9	0	0	0	0	611	391	
10	0	0	0	0	631	422	
11	0	0	0	0	649	453	
12	0	0	0	0	666	473	
13	0	0	0	0	673	495	
14	0	0	0	0	678	502	
15	0	0	0	0	678	503	
0	0	0	0	0	681	492	
1	0	0	0	0	680	479	
2	0	0	0	0	676	454	
3	0	0	0	0	675	426	
4	0	0	0	0	675	396	
5	0	0	0	0	678	378	
6	0	0	0	0	683	358	
7	0	0	0	0	685	350	
8	0	0	0	0	688	335	
9	0	0	0	0	684	331	
10	0	0	0	0	682	318	
11	0	0	0	0	681	318	
12	0	0	0	0	678	311	
13	0	0	0	0	673	318	
14	0	0	0	0	669	324	
15	0	0	0	0	667	339	
0	0	0	0	0	668	345	
1	0	0	0	0	674	352	
2	0	0	0	0	677	357	
3	0	0	0	0	669	364	
4	0	0	0	0	662	369	
5	0	0	0	0	655	372	
6	0	0	0	0	643	375	
7	0	0	0	0	628	371	
8	0	0	0	0	615	376	
9	0	0	0	0	608	380	
10	0	0	0	0	611	390	
11	0	0	0	0	627	399	
12	0	0	0	0	647	415	
13	0	0	0	0	665	432	
14	0	0	0	0	683	455	
15	0	0	0	0	700	476	
0	0	0	0	0	716	493	
1	0	0	0	0	725	504	
2	0	0	0	0	729	506	
3	0	0	0	0	729	505	
4	0	0	0	0	718	506	
5	0	0	0	0	697	511	
6	0	0	0	0	669	517	
7	0	0	0	0	639	517	
8	0	0	0	0	609	507	
9	0	0	0	0	580	488	
10	0	0	0	0	558	465	
11	0	0	0	0	539	434	
12	0	0	0	0	525	401	
13	0	0	0	0	520	376	
14	0	0	0	0	518	355	
15	0	0	0	0	521	353	
0	0	0	0	0	526	365	
1	0	0	0	0	531	382	
2	0	0	0	0	539	400	
3	0	0	0	0	546	417	
4	0	0	0	0	554	431	
5	0	0	0	0	563	441	
6	0	0	0	0	568	449	
7	0	0	0	0	572	454	
8	0	0	0	0	584	465	
9	0	0	0	0	603	484	
10	0	0	0	0	625	503	
11	0	0	0	0	647	521	
12	0	0	0	0	667	538	
13	0	0	0	0	679	558	
14	0	0	0	0	680	567	
15	0	0	0	0	669	562	
0	0	0	0	0	647	542	
1	0	0	0	0	619	510	
2	0	0	0	0	590	475	
3	0	0	0	0	568	443	
4	0	0	0	0	557	419	
5	0	0	0	0	551	401	
6	0	0	0	0	545	380	
7	0	0	0	0	538	361	
8	0	0	0	0	531	345	
9	0	0	0	0	526	343	
10	0	0	0	0	522	355	
11	0	0	0	0	524	385	
12	0	0	0	0	528	414	
13	0	0	0	0	531	442	
14	0	0	0	0	536	469	
15	0	0	0	0	542	492	
0	0	0	0	0	552	511	
1	0	0	0	0	569	524	
2	0	0	0	0	588	537	
3	0	0	0	0	603	548	
4	0	0	0	0	614	553	
5	0	0	0	0	621	551	
6	0	0	0	0	623	543	
7	0	0	0	0	615	527	
8	0	0	0	0	601	510	
9	0	0	0	0	583	496	
10	0	0	0	0	561	479	
11	0	0	0	0	539	467	
12	0	0	0	0	519	458	
13	0	0	0	0	508	454	
14	0	0	0	0	507	451	
15	0	0	0	0	511	455	
0	0	0	0	0	518	462	
1	0	0	0	0	520	476	
2	0	0	0	0	518	493	
3	0	0	0	0	515	511	
4	0	0	0	0	505	524	
5	0	0	0	0	497	532	
6	0	0	0	0	497	536	
7	0	0	0	0	502	538	
8	0	0	0	0	510	527	
9	0	0	0	0	519	517	
10	0	0	0	0	531	512	
11	0	0	0	0	543	513	
12	0	0	0	0	551	517	
13	0	0	0	0	557	525	
14	0	0	0	0	561	536	
15	0	0	0	0	570	555	
0	0	0	0	0	583	574	
1	0	0	0	0	594	584	
2	0	0	0	0	608	588	
3	0	0	0	0	617	589	
4	0	0	0	0	625	584	
5	0	0	0	0	624	574	
6	0	0	0	0	613	557	
7	0	0	0	0	599	540	
8	0	0	0	0	582	521	
9	0	0	0	0	563	498	
10	0	0	0	0	547	478	
11	0	0	0	0	536	461	
12	0	0	0	0	522	448	
13	0	0	0	0	512	441	
14	0	0	0	0	505	432	
15	0	0	0	0	500	417	
0	0	0	0	0	497	408	
1	0	0	0	0	502	405	
2	0	0	0	0	511	413	
3	0	0	0	0	518	425	
4	0	0	0	0	528	440	
5	0	0	0	0	534	453	
6	0	0	0	0	536	471	
7	0	0	0	0	539	489	
8	0	0	0	0	539	511	
9	0	0	0	0	531	530	
10	0	0	0	0	518	551	
11	0	0	0	0	506	580	
12	0	0	0	0	498	604	
13	0	0	0	0	500	629	
14	0	0	0	0	503	648	
15	0	0	0	0	503	662	
0	0	0	0	0	497	662	
1	0	0	0	0	491	660	
2	0	0	0	0	483	647	
3	0	0	0	0	473	631	
4	0	0	0	0	466	610	
5	0	0	0	0	464	587	
6	0	0	0	0	465	564	
7	0	0	0	0	465	536	
8	0	0	0	0	463	512	
9	0	0	0	0	468	493	
10	0	0	0	0	475	478	
11	0	0	0	0	487	462	
12	0	0	0	0	496	448	
13	0	0	0	0	502	434	
14	0	0	0	0	506	420	
15	0	0	0	0	506	409	
0	0	0	0	0	498	403	
1	0	0	0	0	487	405	
2	0	0	0	0	469	413	
3	0	0	0	0	445	428	
4	0	0	0	0	424	447	
5	0	0	0	0	403	461	
6	0	0	0	0	393	471	
7	0	0	0	0	393	482	
8	0	0	0	0	397	499	
9	0	0	0	0	407	524	
10	0	0	0	0	425	557	
11	0	0	0	0	438	587	
12	0	0	0	0	445	612	
13	0	0	0	0	448	630	
14	0	0	0	0	452	639	
15	0	0	0	0	455	639	
0	0	0	0	0	455	643	
1	0	0	0	0	452	634	
2	0	0	0	0	451	628	
3	0	0	0	0	455	623	
4	0	0	0	0	460	618	
5	0	0	0	0	466	604	
6	0	0	0	0	471	573	
7	0	0	0	0	477	527	
8	0	0	0	0	488	488	
9	0	0	0	0	498	456	
10	0	0	0	0	507	438	
11	0	0	0	0	517	435	
12	0	0	0	0	527	444	
13	0	0	0	0	533	459	
14	0	0	0	0	531	476	
15	0	0	0	0	520	489	
0	0	0	0	0	505	496	
1	0	0	0	0	485	497	
2	0	0	0	0	466	494	
3	0	0	0	0	448	485	
4	0	0	0	0	435	467	
5	0	0	0	0	428	457	
6	0	0	0	0	435	453	
7	0	0	0	0	454	457	
8	0	0	0	0	478	464	
9	0	0	0	0	500	471	
10	0	0	0	0	520	475	
11	0	0	0	0	536	476	
12	0	0	0	0	543	476	
13	0	0	0	0	541	478	
14	0	0	0	0	532	487	
15	0	0	0	0	522	495	
0	0	0	0	0	511	503	
1	0	0	0	0	502	515	
2	0	0	0	0	489	532	
3	0	0	0	0	476	551	
4	0	0	0	0	467	561	
5	0	0	0	0	462	556	
6	0	0	0	0	462	545	
7	0	0	0	0	466	534	
8	0	0	0	0	473	514	
9	0	0	0	0	480	496	
10	0	0	0	0	489	479	
11	0	0	0	0	504	468	
12	0	0	0	0	521	463	
13	0	0	0	0	531	466	
14	0	0	0	0	530	476	
15	0	0	0	0	518	489	
0	0	0	0	0	502	504	
1	0	0	0	0	481	521	
2	0	0	0	0	456	543	
3	0	0	0	0	431	566	
4	0	0	0	0	411	580	
5	0	0	0	0	398	586	
6	0	0	0	0	394	582	
7	0	0	0	0	399	573	
8	0	0	0	0	412	563	
9	0	0	0	0	429	550	
10	0	0	0	0	449	529	
11	0	0	0	0	474	512	
12	0	0	0	0	497	490	
13	0	0	0	0	513	472	
14	0	0	0	0	523	449	
15	0	0	0	0	528	428	
0	0	0	0	0	529	419	
1	0	0	0	0	526	419	
2	0	0	0	0	519	434	
3	0	0	0	0	518	452	
4	0	0	0	0	519	469	
5	0	0	0	0	524	483	
6	0	0	0	0	529	499	
7	0	0	0	0	529	519	
8	0	0	0	0	526	535	
9	0	0	0	0	522	545	
10	0	0	0	0	511	548	
11	0	0	0	0	498	539	
12	0	0	0	0	487	519	
13	0	0	0	0	477	492	
14	0	0	0	0	471	467	
15	0	0	0	0	472	461	
0	0	0	0	0	477	476	
1	0	0	0	0	479	508	
2	0	0	0	0	481	544	
3	0	0	0	0	485	582	
4	0	0	0	0	491	615	
5	0	0	0	0	502	638	
6	0	0	0	0	524	643	
7	0	0	0	0	547	635	
8	0	0	0	0	566	616	
9	0	0	0	0	580	585	
10	0	0	0	0	589	547	
11	0	0	0	0	593	505	
12	0	0	0	0	593	465	
13	0	0	0	0	590	427	
14	0	0	0	0	584	396	
15	0	0	0	0	578	377	
0	0	0	0	0	571	372	
1	0	0	0	0	566	376	
2	0	0	0	0	568	401	
3	0	0	0	0	571	423	
4	0	0	0	0	570	449	
5	0	0	0	0	563	468	
6	0	0	0	0	549	482	
7	0	0	0	0	536	484	
8	0	0	0	0	526	483	
9	0	0	0	0	519	478	
10	0	0	0	0	516	472	
11	0	0	0	0	515	469	
12	0	0	0	0	515	469	
13	0	0	0	0	513	471	
14	0	0	0	0	515	474	
15	0	0	0	0	519	478	
0	0	0	0	0	526	475	
1	0	0	0	0	531	470	
2	0	0	0	0	530	469	
3	0	0	0	0	530	470	
4	0	0	0	0	530	472	
5	0	0	0	0	528	477	
6	0	0	0	0	527	484	
7	0	0	0	0	531	493	
8	0	0	0	0	535	500	
9	0	0	0	0	536	512	
10	0	0	0	0	534	530	
11	0	0	0	0	529	549	
12	0	0	0	0	525	570	
13	0	0	0	0	518	588	
14	0	0	0	0	508	600	
15	0	0	0	0	496	609	
0	0	0	0	0	483	610	
1	0	0	0	0	475	604	
2	0	0	0	0	475	597	
3	0	0	0	0	480	597	
4	0	0	0	0	488	601	
5	0	0	0	0	499	608	
6	0	0	0	0	508	611	
7	0	0	0	0	515	611	
8	0	0	0	0	519	609	
9	0	0	0	0	523	606	
10	0	0	0	0	521	597	
11	0	0	0	0	515	579	
12	0	0	0	0	507	555	
13	0	0	0	0	493	527	
14	0	0	0	0	474	494	
15	0	0	0	0	454	466	
0	0	0	0	0	436	444	
1	0	0	0	0	426	426	
2	0	0	0	0	428	414	
3	0	0	0	0	437	403	
4	0	0	0	0	452	396	
5	0	0	0	0	472	397	
6	0	0	0	0	487	399	
7	0	0	0	0	494	405	
8	0	0	0	0	499	412	
9	0	0	0	0	498	415	
10	0	0	0	0	496	419	
11	0	0	0	0	491	419	
12	0	0	0	0	483	414	
13	0	0	0	0	474	412	
14	0	0	0	0	469	412	
15	0	0	0	0	468	420	
0	0	0	0	0	470	428	
1	0	0	0	0	473	443	
2	0	0	0	0	472	467	
3	0	0	0	0	473	487	
4	0	0	0	0	473	507	
5	0	0	0	0	476	521	
6	0	0	0	0	482	529	
7	0	0	0	0	493	528	
8	0	0	0	0	503	522	
9	0	0	0	0	516	512	
10	0	0	0	0	529	495	
11	0	0	0	0	537	483	
12	0	0	0	0	540	477	
13	0	0	0	0	538	481	
14	0	0	0	0	532	488	
15	0	0	0	0	526	495	
0	0	0	0	0	516	499	
1	0	0	0	0	504	496	
2	0	0	0	0	486	490	
3	0	0	0	0	465	482	
4	0	0	0	0	449	475	
5	0	0	0	0	440	469	
6	0	0	0	0	436	463	
7	0	0	0	0	437	459	
8	0	0	0	0	441	456	
9	0	0	0	0	443	457	
10	0	0	0	0	445	464	
11	0	0	0	0	449	474	
12	0	0	0	0	452	493	
13	0	0	0	0	453	518	
14	0	0	0	0	454	542	
15	0	0	0	0	450	567	
0	0	0	0	0	444	584	
1	0	0	0	0	443	594	
2	0	0	0	0	448	593	
3	0	0	0	0	456	580	
4	0	0	0	0	465	558	
5	0	0	0	0	473	523	
6	0	0	0	0	489	490	
7	0	0	0	0	509	473	
8	0	0	0	0	531	472	
9	0	0	0	0	550	480	
10	0	0	0	0	570	497	
11	0	0	0	0	587	517	
12	0	0	0	0	599	535	
13	0	0	0	0	593	548	
14	0	0	0	0	577	557	
15	0	0	0	0	549	560	
0	0	0	0	0	516	554	
1	0	0	0	0	483	543	
2	0	0	0	0	454	527	
3	0	0	0	0	433	511	
4	0	0	0	0	419	494	
5	0	0	0	0	412	478	
6	0	0	0	0	409	464	
7	0	0	0	0	413	449	
8	0	0	0	0	420	438	
9	0	0	0	0	430	432	
10	0	0	0	0	441	436	
11	0	0	0	0	450	446	
12	0	0	0	0	454	457	
13	0	0	0	0	457	467	
14	0	0	0	0	455	476	
15	0	0	0	0	454	481	
0	0	0	0	0	451	487	
1	0	0	0	0	446	489	
2	0	0	0	0	444	496	
3	0	0	0	0	447	503	
4	0	0	0	0	449	507	
5	0	0	0	0	452	507	
6	0	0	0	0	459	508	
7	0	0	0	0	469	512	
8	0	0	0	0	479	522	
9	0	0	0	0	491	535	
10	0	0	0	0	504	552	
11	0	0	0	0	520	572	
12	0	0	0	0	540	591	
13	0	0	0	0	560	610	
14	0	0	0	0	581	628	
15	0	0	0	0	596	641	
0	0	0	0	0	609	638	
1	0	0	0	0	615	624	
2	0	0	0	0	608	599	
3	0	0	0	0	590	572	
4	0	0	0	0	566	552	
5	0	0	0	0	541	537	
6	0	0	0	0	520	527	
7	0	0	0	0	500	518	
8	0	0	0	0	483	511	
9	0	0	0	0	465	511	
10	0	0	0	0	453	514	
11	0	0	0	0	445	515	
12	0	0	0	0	447	512	
13	0	0	0	0	452	508	
14	0	0	0	0	460	507	
15	0	0	0	0	470	506	
0	0	0	0	0	485	504	
1	0	0	0	0	503	502	
2	0	0	0	0	516	501	
3	0	0	0	0	521	500	
4	0	0	0	0	523	503	
5	0	0	0	0	521	508	
6	0	0	0	0	523	518	
7	0	0	0	0	529	523	
8	0	0	0	0	539	526	
9	0	0	0	0	545	529	
10	0	0	0	0	547	535	
11	0	0	0	0	542	545	
12	0	0	0	0	533	557	
13	0	0	0	0	521	567	
14	0	0	0	0	514	581	
15	0	0	0	0	509	597	
0	0	0	0	0	507	612	
1	0	0	0	0	508	624	
2	0	0	0	0	510	633	
3	0	0	0	0	508	635	
4	0	0	0	0	503	626	
5	0	0	0	0	492	608	
6	0	0	0	0	482	586	
7	0	0	0	0	474	556	
8	0	0	0	0	464	516	
9	0	0	0	0	457	481	
10	0	0	0	0	454	462	
11	0	0	0	0	454	454	
12	0	0	0	0	449	451	
13	0	0	0	0	444	455	
14	0	0	0	0	444	472	
15	0	0	0	0	444	497	
0	0	0	0	0	446	523	
1	0	0	0	0	454	545	
2	0	0	0	0	464	559	
3	0	0	0	0	477	568	
4	0	0	0	0	494	572	
5	0	0	0	0	511	569	
6	0	0	0	0	525	564	
7	0	0	0	0	532	559	
8	0	0	0	0	531	555	
9	0	0	0	0	524	537	
10	0	0	0	0	511	514	
11	0	0	0	0	494	495	
12	0	0	0	0	478	478	
13	0	0	0	0	467	471	
14	0	0	0	0	456	461	
15	0	0	0	0	449	452	
0	0	0	0	0	444	447	
1	0	0	0	0	444	444	
2	0	0	0	0	445	445	
3	0	0	0	0	447	450	
4	0	0	0	0	449	455	
5	0	0	0	0	451	460	
6	0	0	0	0	453	467	
7	0	0	0	0	456	477	
8	0	0	0	0	455	493	
9	0	0	0	0	457	510	
10	0	0	0	0	457	528	
11	0	0	0	0	455	542	
12	0	0	0	0	455	549	
13	0	0	0	0	460	546	
14	0	0	0	0	466	530	
15	0	0	0	0	477	507	
0	0	0	0	0	486	483	
1	0	0	0	0	492	462	
2	0	0	0	0	496	447	
3	0	0	0	0	502	440	
4	0	0	0	0	510	441	
5	0	0	0	0	517	448	
6	0	0	0	0	527	465	
7	0	0	0	0	544	492	
8	0	0	0	0	563	527	
9	0	0	0	0	584	557	
10	0	0	0	0	602	583	
11	0	0	0	0	615	609	
12	0	0	0	0	617	630	
13	0	0	0	0	607	643	
14	0	0	0	0	589	646	
15	0	0	0	0	561	637	
0	0	0	0	0	529	624	
1	0	0	0	0	499	600	
2	0	0	0	0	479	570	
3	0	0	0	0	465	530	
4	0	0	0	0	459	493	
5	0	0	0	0	459	464	
6	0	0	0	0	458	444	
7	0	0	0	0	452	431	
8	0	0	0	0	448	423	
9	0	0	0	0	444	420	
10	0	0	0	0	445	426	
11	0	0	0	0	451	441	
12	0	0	0	0	460	460	
13	0	0	0	0	471	475	
14	0	0	0	0	478	487	
15	0	0	0	0	483	491	
0	0	0	0	0	491	495	
1	0	0	0	0	496	500	
2	0	0	0	0	501	509	
3	0	0	0	0	508	519	
4	0	0	0	0	515	527	
5	0	0	0	0	517	532	
6	0	0	0	0	513	529	
7	0	0	0	0	508	518	
8	0	0	0	0	504	503	
9	0	0	0	0	499	487	
10	0	0	0	0	490	472	
11	0	0	0	0	483	463	
12	0	0	0	0	475	460	
13	0	0	0	0	465	455	
14	0	0	0	0	455	454	
15	0	0	0	0	445	453	
0	0	0	0	0	436	450	
1	0	0	0	0	430	452	
2	0	0	0	0	431	461	
3	0	0	0	0	436	468	
4	0	0	0	0	444	471	
5	0	0	0	0	451	469	
6	0	0	0	0	461	463	
7	0	0	0	0	468	456	
8	0	0	0	0	476	451	
9	0	0	0	0	483	451	
10	0	0	0	0	491	451	
11	0	0	0	0	503	454	
12	0	0	0	0	511	454	
13	0	0	0	0	523	458	
14	0	0	0	0	543	462	
15	0	0	0	0	571	473	
0	0	0	0	0	590	491	
1	0	0	0	0	600	514	
2	0	0	0	0	598	548	
3	0	0	0	0	587	589	
4	0	0	0	0	569	629	
5	0	0	0	0	551	670	
6	0	0	0	0	534	702	
7	0	0	0	0	518	715	
8	0	0	0	0	503	706	
9	0	0	0	0	493	673	
10	0	0	0	0	489	631	
11	0	0	0	0	492	578	
12	0	0	0	0	498	527	
13	0	0	0	0	499	476	
14	0	0	0	0	494	429	
15	0	0	0	0	488	392	
0	0	0	0	0	487	365	
1	0	0	0	0	491	345	
2	0	0	0	0	496	335	
3	0	0	0	0	502	329	
4	0	0	0	0	512	332	
5	0	0	0	0	524	340	
6	0	0	0	0	536	358	
7	0	0	0	0	551	378	
8	0	0	0	0	573	400	
9	0	0	0	0	588	423	
10	0	0	0	0	591	441	
11	0	0	0	0	583	461	
12	0	0	0	0	569	483	
13	0	0	0	0	553	505	
14	0	0	0	0	540	523	
15	0	0	0	0	534	533	
0	0	0	0	0	534	536	
1	0	0	0	0	534	535	
2	0	0	0	0	535	530	
3	0	0	0	0	535	526	
4	0	0	0	0	531	521	
5	0	0	0	0	526	515	
6	0	0	0	0	519	511	
7	0	0	0	0	505	511	
8	0	0	0	0	490	524	
9	0	0	0	0	477	546	
10	0	0	0	0	466	576	
11	0	0	0	0	463	610	
12	0	0	0	0	466	638	
13	0	0	0	0	476	651	
14	0	0	0	0	492	650	
15	0	0	0	0	511	632	
0	0	0	0	0	527	605	
1	0	0	0	0	539	569	
2	0	0	0	0	547	531	
3	0	0	0	0	550	495	
4	0	0	0	0	552	470	
5	0	0	0	0	555	457	
6	0	0	0	0	561	455	
7	0	0	0	0	568	461	
8	0	0	0	0	570	473	
9	0	0	0	0	568	483	
10	0	0	0	0	564	488	
11	0	0	0	0	556	490	
12	0	0	0	0	545	487	
13	0	0	0	0	531	479	
14	0	0	0	0	520	473	
15	0	0	0	0	519	474	
0	0	0	0	0	530	483	
1	0	0	0	0	547	495	
2	0	0	0	0	565	504	
3	0	0	0	0	579	519	
4	0	0	0	0	585	535	
5	0	0	0	0	585	544	
6	0	0	0	0	575	545	
7	0	0	0	0	561	534	
8	0	0	0	0	540	523	
9	0	0	0	0	522	507	
10	0	0	0	0	504	487	
11	0	0	0	0	487	468	
12	0	0	0	0	475	448	
13	0	0	0	0	465	431	
14	0	0	0	0	457	419	
15	0	0	0	0	453	410	
0	0	0	0	0	449	409	
1	0	0	0	0	449	413	
2	0	0	0	0	455	423	
3	0	0	0	0	465	436	
4	0	0	0	0	475	453	
5	0	0	0	0	487	470	
6	0	0	0	0	499	484	
7	0	0	0	0	510	491	
8	0	0	0	0	520	502	
9	0	0	0	0	531	519	
10	0	0	0	0	543	538	
11	0	0	0	0	551	555	
12	0	0	0	0	555	569	
13	0	0	0	0	560	577	
14	0	0	0	0	562	580	
15	0	0	0	0	560	573	
0	0	0	0	0	552	551	
1	0	0	0	0	548	519	
2	0	0	0	0	543	484	
3	0	0	0	0	539	454	
4	0	0	0	0	534	435	
5	0	0	0	0	531	425	
6	0	0	0	0	533	419	
7	0	0	0	0	532	420	
8	0	0	0	0	531	427	
9	0	0	0	0	528	432	
10	0	0	0	0	525	438	
11	0	0	0	0	519	452	
12	0	0	0	0	515	467	
13	0	0	0	0	513	482	
14	0	0	0	0	512	492	
15	0	0	0	0	514	497	
0	0	0	0	0	519	503	
1	0	0	0	0	524	510	
2	0	0	0	0	529	519	
3	0	0	0	0	531	523	
4	0	0	0	0	526	518	
5	0	0	0	0	519	507	
6	0	0	0	0	519	491	
7	0	0	0	0	522	470	
8	0	0	0	0	526	447	
9	0	0	0	0	526	427	
10	0	0	0	0	518	415	
11	0	0	0	0	510	414	
12	0	0	0	0	498	420	
13	0	0	0	0	486	437	
14	0	0	0	0	472	457	
15	0	0	0	0	460	478	
0	0	0	0	0	455	494	
1	0	0	0	0	457	505	
2	0	0	0	0	463	513	
3	0	0	0	0	477	524	
4	0	0	0	0	493	529	
5	0	0	0	0	511	530	
6	0	0	0	0	531	529	
7	0	0	0	0	546	525	
8	0	0	0	0	558	521	
9	0	0	0	0	564	519	
10	0	0	0	0	564	519	
11	0	0	0	0	558	521	
12	0	0	0	0	549	527	
13	0	0	0	0	539	531	
14	0	0	0	0	529	537	
15	0	0	0	0	520	539	
0	0	0	0	0	516	538	
1	0	0	0	0	518	531	
2	0	0	0	0	525	516	
3	0	0	0	0	532	497	
4	0	0	0	0	535	476	
5	0	0	0	0	532	451	
6	0	0	0	0	524	431	
7	0	0	0	0	516	410	
8	0	0	0	0	518	391	
9	0	0	0	0	522	372	
10	0	0	0	0	520	357	
11	0	0	0	0	516	346	
12	0	0	0	0	515	351	
13	0	0	0	0	511	365	
14	0	0	0	0	510	393	
15	0	0	0	0	509	430	
0	0	0	0	0	515	470	
1	0	0	0	0	522	509	
2	0	0	0	0	525	542	
3	0	0	0	0	526	577	
4	0	0	0	0	528	606	
5	0	0	0	0	526	622	
6	0	0	0	0	522	629	
7	0	0	0	0	515	632	
8	0	0	0	0	505	628	
9	0	0	0	0	494	619	
10	0	0	0	0	489	601	
11	0	0	0	0	488	582	
12	0	0	0	0	488	571	
13	0	0	0	0	492	564	
14	0	0	0	0	501	555	
15	0	0	0	0	516	543	
0	0	0	0	0	531	524	
1	0	0	0	0	539	505	
2	0	0	0	0	544	484	
3	0	0	0	0	549	466	
4	0	0	0	0	556	454	
5	0	0	0	0	558	445	
6	0	0	0	0	559	442	
7	0	0	0	0	554	448	
8	0	0	0	0	539	457	
9	0	0	0	0	519	468	
10	0	0	0	0	496	468	
11	0	0	0	0	476	464	
12	0	0	0	0	470	457	
13	0	0	0	0	472	451	
14	0	0	0	0	481	445	
15	0	0	0	0	490	441	
0	0	0	0	0	495	440	
1	0	0	0	0	502	441	
2	0	0	0	0	500	443	
3	0	0	0	0	489	444	
4	0	0	0	0	470	443	
5	0	0	0	0	451	448	
6	0	0	0	0	437	459	
7	0	0	0	0	427	475	
8	0	0	0	0	426	495	
9	0	0	0	0	429	518	
10	0	0	0	0	433	543	
11	0	0	0	0	439	561	
12	0	0	0	0	447	568	
13	0	0	0	0	457	562	
14	0	0	0	0	472	548	
15	0	0	0	0	489	526	
0	0	0	0	0	502	502	
1	0	0	0	0	510	478	
2	0	0	0	0	514	462	
3	0	0	0	0	515	450	
4	0	0	0	0	511	451	
5	0	0	0	0	503	454	
6	0	0	0	0	496	460	
7	0	0	0	0	491	469	
8	0	0	0	0	486	476	
9	0	0	0	0	481	476	
10	0	0	0	0	476	472	
11	0	0	0	0	473	465	
12	0	0	0	0	470	454	
13	0	0	0	0	467	443	
14	0	0	0	0	467	431	
15	0	0	0	0	469	419	
0	0	0	0	0	471	407	
1	0	0	0	0	469	405	
2	0	0	0	0	467	415	
3	0	0	0	0	470	441	
4	0	0	0	0	479	478	
5	0	0	0	0	489	519	
6	0	0	0	0	498	557	
7	0	0	0	0	507	578	
8	0	0	0	0	520	587	
9	0	0	0	0	531	586	
10	0	0	0	0	533	584	
11	0	0	0	0	531	574	
12	0	0	0	0	527	556	
13	0	0	0	0	520	534	
14	0	0	0	0	507	503	
15	0	0	0	0	493	472	
0	0	0	0	0	481	442	
1	0	0	0	0	472	413	
2	0	0	0	0	465	391	
3	0	0	0	0	459	376	
4	0	0	0	0	454	371	
5	0	0	0	0	454	374	
6	0	0	0	0	458	383	
7	0	0	0	0	466	400	
8	0	0	0	0	473	417	
9	0	0	0	0	480	432	
10	0	0	0	0	490	447	
11	0	0	0	0	504	459	
12	0	0	0	0	519	470	
13	0	0	0	0	532	480	
14	0	0	0	0	543	492	
15	0	0	0	0	544	508	
0	0	0	0	0	539	525	
1	0	0	0	0	527	542	
2	0	0	0	0	514	562	
3	0	0	0	0	499	576	
4	0	0	0	0	489	587	
5	0	0	0	0	484	590	
6	0	0	0	0	484	588	
7	0	0	0	0	484	583	
8	0	0	0	0	487	575	
9	0	0	0	0	496	558	
10	0	0	0	0	506	538	
11	0	0	0	0	512	527	
12	0	0	0	0	513	524	
13	0	0	0	0	512	522	
14	0	0	0	0	502	516	
15	0	0	0	0	484	511	
0	0	0	0	0	468	504	
1	0	0	0	0	453	499	
2	0	0	0	0	441	497	
3	0	0	0	0	437	494	
4	0	0	0	0	437	488	
5	0	0	0	0	443	490	
6	0	0	0	0	457	491	
7	0	0	0	0	470	497	
8	0	0	0	0	480	505	
9	0	0	0	0	484	514	
10	0	0	0	0	493	518	
11	0	0	0	0	499	513	
12	0	0	0	0	499	504	
13	0	0	0	0	498	496	
14	0	0	0	0	495	484	
15	0	0	0	0	496	467	
0	0	0	0	0	495	449	
1	0	0	0	0	494	435	
2	0	0	0	0	494	428	
3	0	0	0	0	493	423	
4	0	0	0	0	494	423	
5	0	0	0	0	493	425	
6	0	0	0	0	488	433	
7	0	0	0	0	478	445	
8	0	0	0	0	463	472	
9	0	0	0	0	448	511	
10	0	0	0	0	436	552	
11	0	0	0	0	432	595	
12	0	0	0	0	437	624	
13	0	0	0	0	444	651	
14	0	0	0	0	454	664	
15	0	0	0	0	464	671	
0	0	0	0	0	472	670	
1	0	0	0	0	478	657	
2	0	0	0	0	484	632	
3	0	0	0	0	489	607	
4	0	0	0	0	494	572	
5	0	0	0	0	494	539	
6	0	0	0	0	493	507	
7	0	0	0	0	489	480	
8	0	0	0	0	487	455	
9	0	0	0	0	483	441	
10	0	0	0	0	481	437	
11	0	0	0	0	483	444	
12	0	0	0	0	492	457	
13	0	0	0	0	507	468	
14	0	0	0	0	525	473	
15	0	0	0	0	540	472	
0	0	0	0	0	550	469	
1	0	0	0	0	563	471	
2	0	0	0	0	571	479	
3	0	0	0	0	574	492	
4	0	0	0	0	573	507	
5	0	0	0	0	563	523	
6	0	0	0	0	546	538	
7	0	0	0	0	532	548	
8	0	0	0	0	517	548	
9	0	0	0	0	502	542	
10	0	0	0	0	486	536	
11	0	0	0	0	470	528	
12	0	0	0	0	458	518	
13	0	0	0	0	453	508	
14	0	0	0	0	453	499	
15	0	0	0	0	456	490	
0	0	0	0	0	470	485	
1	0	0	0	0	488	484	
2	0	0	0	0	502	483	
3	0	0	0	0	513	484	
4	0	0	0	0	530	493	
5	0	0	0	0	546	509	
6	0	0	0	0	560	527	
7	0	0	0	0	567	548	
8	0	0	0	0	569	566	
9	0	0	0	0	566	577	
10	0	0	0	0	554	580	
11	0	0	0	0	535	573	
12	0	0	0	0	510	560	
13	0	0	0	0	487	542	
14	0	0	0	0	467	517	
15	0	0	0	0	457	492	
0	0	0	0	0	451	472	
1	0	0	0	0	448	451	
2	0	0	0	0	448	434	
3	0	0	0	0	455	423	
4	0	0	0	0	466	416	
5	0	0	0	0	471	422	
6	0	0	0	0	473	434	
7	0	0	0	0	472	446	
8	0	0	0	0	473	453	
9	0	0	0	0	480	460	
10	0	0	0	0	495	475	
11	0	0	0	0	515	488	
12	0	0	0	0	535	498	
13	0	0	0	0	546	507	
14	0	0	0	0	549	517	
15	0	0	0	0	551	531	
0	0	0	0	0	551	543	
1	0	0	0	0	553	552	
2	0	0	0	0	556	552	
3	0	0	0	0	560	545	
4	0	0	0	0	565	540	
5	0	0	0	0	568	529	
6	0	0	0	0	565	515	
7	0	0	0	0	557	504	
8	0	0	0	0	543	496	
9	0	0	0	0	531	490	
10	0	0	0	0	518	476	
11	0	0	0	0	498	464	
12	0	0	0	0	478	458	
13	0	0	0	0	461	461	
14	0	0	0	0	449	468	
15	0	0	0	0	441	475	
0	0	0	0	0	439	485	
1	0	0	0	0	440	492	
2	0	0	0	0	445	498	
3	0	0	0	0	455	503	
4	0	0	0	0	462	505	
5	0	0	0	0	467	502	
6	0	0	0	0	472	497	
7	0	0	0	0	480	495	
8	0	0	0	0	491	498	
9	0	0	0	0	503	500	
10	0	0	0	0	519	500	
11	0	0	0	0	540	501	
12	0	0	0	0	561	505	
13	0	0	0	0	571	512	
14	0	0	0	0	576	517	
15	0	0	0	0	575	520	
0	0	0	0	0	568	523	
1	0	0	0	0	553	521	
2	0	0	0	0	540	520	
3	0	0	0	0	530	525	
4	0	0	0	0	521	535	
5	0	0	0	0	512	548	
6	0	0	0	0	507	559	
7	0	0	0	0	504	563	
8	0	0	0	0	504	559	
9	0	0	0	0	504	544	
10	0	0	0	0	501	518	
11	0	0	0	0	496	479	
12	0	0	0	0	490	439	
13	0	0	0	0	483	404	
14	0	0	0	0	480	374	
15	0	0	0	0	478	353	
0	0	0	0	0	483	333	
1	0	0	0	0	496	328	
2	0	0	0	0	509	327	
3	0	0	0	0	523	331	
4	0	0	0	0	537	341	
5	0	0	0	0	550	353	
6	0	0	0	0	560	371	
7	0	0	0	0	568	386	
8	0	0	0	0	570	395	
9	0	0	0	0	564	403	
10	0	0	0	0	549	413	
11	0	0	0	0	534	430	
12	0	0	0	0	519	443	
13	0	0	0	0	506	459	
14	0	0	0	0	490	468	
15	0	0	0	0	473	466	
0	0	0	0	0	462	458	
1	0	0	0	0	455	449	
2	0	0	0	0	451	444	
3	0	0	0	0	449	444	
4	0	0	0	0	454	447	
5	0	0	0	0	463	458	
6	0	0	0	0	469	477	
7	0	0	0	0	476	494	
8	0	0	0	0	485	515	
9	0	0	0	0	492	532	
10	0	0	0	0	493	544	
11	0	0	0	0	489	558	
12	0	0	0	0	487	570	
13	0	0	0	0	486	573	
14	0	0	0	0	489	568	
15	0	0	0	0	497	555	
0	0	0	0	0	505	538	
1	0	0	0	0	510	521	
2	0	0	0	0	512	513	
3	0	0	0	0	512	514	
4	0	0	0	0	515	518	
5	0	0	0	0	519	526	
6	0	0	0	0	527	537	
7	0	0	0	0	529	545	
8	0	0	0	0	532	549	
9	0	0	0	0	533	549	
10	0	0	0	0	532	545	
11	0	0	0	0	527	537	
12	0	0	0	0	525	523	
13	0	0	0	0	519	505	
14	0	0	0	0	509	489	
15	0	0	0	0	498	465	
0	0	0	0	0	494	440	
1	0	0	0	0	491	420	
2	0	0	0	0	491	411	
3	0	0	0	0	495	415	
4	0	0	0	0	499	433	
5	0	0	0	0	505	459	
6	0	0	0	0	513	481	
7	0	0	0	0	515	496	
8	0	0	0	0	510	507	
9	0	0	0	0	504	512	
10	0	0	0	0	500	515	
11	0	0	0	0	500	512	
12	0	0	0	0	506	509	
13	0	0	0	0	512	505	
14	0	0	0	0	517	497	
15	0	0	0	0	519	487	
0	0	0	0	0	523	475	
1	0	0	0	0	523	461	
2	0	0	0	0	519	444	
3	0	0	0	0	513	434	
4	0	0	0	0	504	432	
5	0	0	0	0	495	442	
6	0	0	0	0	483	463	
7	0	0	0	0	474	492	
8	0	0	0	0	468	524	
9	0	0	0	0	470	555	
10	0	0	0	0	479	576	
11	0	0	0	0	494	588	
12	0	0	0	0	513	592	
13	0	0	0	0	531	593	
14	0	0	0	0	543	587	
15	0	0	0	0	555	571	
0	0	0	0	0	564	547	
1	0	0	0	0	564	516	
2	0	0	0	0	554	482	
3	0	0	0	0	542	453	
4	0	0	0	0	529	435	
5	0	0	0	0	515	432	
6	0	0	0	0	505	438	
7	0	0	0	0	497	454	
8	0	0	0	0	495	477	
9	0	0	0	0	500	502	
10	0	0	0	0	509	522	
11	0	0	0	0	524	533	
12	0	0	0	0	535	542	
13	0	0	0	0	544	544	
14	0	0	0	0	556	552	
15	0	0	0	0	563	558	
0	0	0	0	0	563	563	
1	0	0	0	0	552	562	
2	0	0	0	0	534	559	
3	0	0	0	0	521	551	
4	0	0	0	0	513	537	
5	0	0	0	0	510	518	
6	0	0	0	0	510	499	
7	0	0	0	0	510	483	
8	0	0	0	0	513	466	
9	0	0	0	0	516	451	
10	0	0	0	0	523	447	
11	0	0	0	0	528	449	
12	0	0	0	0	533	455	
13	0	0	0	0	537	464	
14	0	0	0	0	535	472	
15	0	0	0	0	525	477	
0	0	0	0	0	513	483	
1	0	0	0	0	500	485	
2	0	0	0	0	490	489	
3	0	0	0	0	485	495	
4	0	0	0	0	481	497	
5	0	0	0	0	479	501	
6	0	0	0	0	478	506	
7	0	0	0	0	479	510	
8	0	0	0	0	481	505	
9	0	0	0	0	480	504	
10	0	0	0	0	480	506	
11	0	0	0	0	482	512	
12	0	0	0	0	484	524	
13	0	0	0	0	485	534	
14	0	0	0	0	490	542	
15	0	0	0	0	496	551	
0	0	0	0	0	507	564	
1	0	0	0	0	521	578	
2	0	0	0	0	536	590	
3	0	0	0	0	548	600	
4	0	0	0	0	556	608	
5	0	0	0	0	553	609	
6	0	0	0	0	546	608	
7	0	0	0	0	542	611	
8	0	0	0	0	539	613	
9	0	0	0	0	528	600	
10	0	0	0	0	513	582	
11	0	0	0	0	498	564	
12	0	0	0	0	488	553	
13	0	0	0	0	487	551	
14	0	0	0	0	489	552	
15	0	0	0	0	496	555	
0	0	0	0	0	502	553	
1	0	0	0	0	506	543	
2	0	0	0	0	509	528	
3	0	0	0	0	512	509	
4	0	0	0	0	513	488	
5	0	0	0	0	508	473	
6	0	0	0	0	502	462	
7	0	0	0	0	497	454	
8	0	0	0	0	493	453	
9	0	0	0	0	495	457	
10	0	0	0	0	503	470	
11	0	0	0	0	512	491	
12	0	0	0	0	524	513	
13	0	0	0	0	534	536	
14	0	0	0	0	542	556	
15	0	0	0	0	545	572	
0	0	0	0	0	545	577	
1	0	0	0	0	543	576	
2	0	0	0	0	543	568	
3	0	0	0	0	543	556	
4	0	0	0	0	543	542	
5	0	0	0	0	540	518	
6	0	0	0	0	539	493	
7	0	0	0	0	542	470	
8	0	0	0	0	545	449	
9	0	0	0	0	544	437	
10	0	0	0	0	543	425	
11	0	0	0	0	543	418	
12	0	0	0	0	542	417	
13	0	0	0	0	536	419	
14	0	0	0	0	530	424	
15	0	0	0	0	525	431	
0	0	0	0	0	526	442	
1	0	0	0	0	527	451	
2	0	0	0	0	527	461	
3	0	0	0	0	526	472	
4	0	0	0	0	523	485	
5	0	0	0	0	524	501	
6	0	0	0	0	526	516	
7	0	0	0	0	528	531	
8	0	0	0	0	528	545	
9	0	0	0	0	528	554	
10	0	0	0	0	530	560	
11	0	0	0	0	530	560	
12	0	0	0	0	532	554	
13	0	0	0	0	537	541	
14	0	0	0	0	543	529	
15	0	0	0	0	550	519	
0	0	0	0	0	556	520	
1	0	0	0	0	560	534	
2	0	0	0	0	565	559	
3	0	0	0	0	560	582	
4	0	0	0	0	546	597	
5	0	0	0	0	525	606	
6	0	0	0	0	500	608	
7	0	0	0	0	484	599	
8	0	0	0	0	475	583	
9	0	0	0	0	473	566	
10	0	0	0	0	473	548	
11	0	0	0	0	478	532	
12	0	0	0	0	483	518	
13	0	0	0	0	487	503	
14	0	0	0	0	493	491	
15	0	0	0	0	508	489	
0	0	0	0	0	527	493	
1	0	0	0	0	548	499	
2	0	0	0	0	572	508	
3	0	0	0	0	596	519	
4	0	0	0	0	616	529	
5	0	0	0	0	632	534	
6	0	0	0	0	638	537	
7	0	0	0	0	635	537	
8	0	0	0	0	627	538	
9	0	0	0	0	611	539	
10	0	0	0	0	592	539	
11	0	0	0	0	575	535	
12	0	0	0	0	559	533	
13	0	0	0	0	544	537	
14	0	0	0	0	533	547	
15	0	0	0	0	522	560	
0	0	0	0	0	511	575	
1	0	0	0	0	497	598	
2	0	0	0	0	484	627	
3	0	0	0	0	480	651	
4	0	0	0	0	487	667	
5	0	0	0	0	493	674	
6	0	0	0	0	498	673	
7	0	0	0	0	502	671	
8	0	0	0	0	506	673	
9	0	0	0	0	507	679	
10	0	0	0	0	506	689	
11	0	0	0	0	505	704	
12	0	0	0	0	508	721	
13	0	0	0	0	515	726	
14	0	0	0	0	527	716	
15	0	0	0	0	538	697	
0	0	0	0	0	547	677	
1	0	0	0	0	553	662	
2	0	0	0	0	554	643	
3	0	0	0	0	549	630	
4	0	0	0	0	547	619	
5	0	0	0	0	547	611	
6	0	0	0	0	544	609	
7	0	0	0	0	543	611	
8	0	0	0	0	544	616	
9	0	0	0	0	546	622	
10	0	0	0	0	553	625	
11	0	0	0	0	561	628	
12	0	0	0	0	567	630	
13	0	0	0	0	568	632	
14	0	0	0	0	564	637	
15	0	0	0	0	557	638	
0	0	0	0	0	546	639	
1	0	0	0	0	542	643	
2	0	0	0	0	538	640	
3	0	0	0	0	531	635	
4	0	0	0	0	530	632	
5	0	0	0	0	528	627	
6	0	0	0	0	528	624	
7	0	0	0	0	530	623	
8	0	0	0	0	532	622	
9	0	0	0	0	534	621	
10	0	0	0	0	538	623	
11	0	0	0	0	541	624	
12	0	0	0	0	544	625	
13	0	0	0	0	547	633	
14	0	0	0	0	551	652	
15	0	0	0	0	558	675	
0	0	0	0	0	561	696	
1	0	0	0	0	561	716	
2	0	0	0	0	558	731	
3	0	0	0	0	552	738	
4	0	0	0	0	547	742	
5	0	0	0	0	543	729	
6	0	0	0	0	542	718	
7	0	0	0	0	547	698	
8	0	0	0	0	552	681	
9	0	0	0	0	563	668	
10	0	0	0	0	572	664	
11	0	0	0	0	578	662	
12	0	0	0	0	579	661	
13	0	0	0	0	581	663	
14	0	0	0	0	578	663	
15	0	0	0	0	572	656	
0	0	0	0	0	564	646	
1	0	0	0	0	557	636	
2	0	0	0	0	554	625	
3	0	0	0	0	549	625	
4	0	0	0	0	547	631	
5	0	0	0	0	545	650	
6	0	0	0	0	545	683	
7	0	0	0	0	542	718	
8	0	0	0	0	534	747	
9	0	0	0	0	522	769	
10	0	0	0	0	508	781	
11	0	0	0	0	496	784	
12	0	0	0	0	482	777	
13	0	0	0	0	461	761	
14	0	0	0	0	437	738	
15	0	0	0	0	416	707	
0	0	0	0	0	406	679	
1	0	0	0	0	404	659	
2	0	0	0	0	407	647	
3	0	0	0	0	415	639	
4	0	0	0	0	426	637	
5	0	0	0	0	440	639	
6	0	0	0	0	456	634	
7	0	0	0	0	473	633	
8	0	0	0	0	486	620	
9	0	0	0	0	495	610	
10	0	0	0	0	502	595	
11	0	0	0	0	505	584	
12	0	0	0	0	508	576	
13	0	0	0	0	512	572	
14	0	0	0	0	517	572	
15	0	0	0	0	521	574	
0	0	0	0	0	523	578	
1	0	0	0	0	521	583	
2	0	0	0	0	515	585	
3	0	0	0	0	507	587	
4	0	0	0	0	498	582	
5	0	0	0	0	489	570	
6	0	0	0	0	482	560	
7	0	0	0	0	475	554	
8	0	0	0	0	470	545	
9	0	0	0	0	464	540	
10	0	0	0	0	456	542	
11	0	0	0	0	445	552	
12	0	0	0	0	433	569	
13	0	0	0	0	418	586	
14	0	0	0	0	407	600	
15	0	0	0	0	397	614	
0	0	0	0	0	391	635	
1	0	0	0	0	391	656	
2	0	0	0	0	398	682	
3	0	0	0	0	415	716	
4	0	0	0	0	438	756	
5	0	0	0	0	459	790	
6	0	0	0	0	475	816	
7	0	0	0	0	492	820	
8	0	0	0	0	508	807	
9	0	0	0	0	518	779	
10	0	0	0	0	524	736	
11	0	0	0	0	526	684	
12	0	0	0	0	516	629	
13	0	0	0	0	505	580	
14	0	0	0	0	491	541	
15	0	0	0	0	471	515	
0	0	0	0	0	447	495	
1	0	0	0	0	422	478	
2	0	0	0	0	401	461	
3	0	0	0	0	384	446	
4	0	0	0	0	369	434	
5	0	0	0	0	361	427	
6	0	0	0	0	362	423	
7	0	0	0	0	371	423	
8	0	0	0	0	382	428	
9	0	0	0	0	394	430	
10	0	0	0	0	406	437	
11	0	0	0	0	413	443	
12	0	0	0	0	421	447	
13	0	0	0	0	427	449	
14	0	0	0	0	435	455	
15	0	0	0	0	449	462	
0	0	0	0	0	462	474	
1	0	0	0	0	475	487	
2	0	0	0	0	485	506	
3	0	0	0	0	492	528	
4	0	0	0	0	496	551	
5	0	0	0	0	503	575	
6	0	0	0	0	508	598	
7	0	0	0	0	511	618	
8	0	0	0	0	512	637	
9	0	0	0	0	508	648	
10	0	0	0	0	494	649	
11	0	0	0	0	482	642	
12	0	0	0	0	470	620	
13	0	0	0	0	460	586	
14	0	0	0	0	449	548	
15	0	0	0	0	441	514	
0	0	0	0	0	440	486	
1	0	0	0	0	446	457	
2	0	0	0	0	455	431	
3	0	0	0	0	458	411	
4	0	0	0	0	460	407	
5	0	0	0	0	460	409	
6	0	0	0	0	456	418	
7	0	0	0	0	450	433	
8	0	0	0	0	445	445	
9	0	0	0	0	445	454	
10	0	0	0	0	454	454	
11	0	0	0	0	469	445	
12	0	0	0	0	490	428	
13	0	0	0	0	512	412	
14	0	0	0	0	531	410	
15	0	0	0	0	545	414	
0	0	0	0	0	554	425	
1	0	0	0	0	560	440	
2	0	0	0	0	566	454	
3	0	0	0	0	569	466	
4	0	0	0	0	567	475	
5	0	0	0	0	556	478	
6	0	0	0	0	547	483	
7	0	0	0	0	534	483	
8	0	0	0	0	517	481	
9	0	0	0	0	501	478	
10	0	0	0	0	487	476	
11	0	0	0	0	479	476	
12	0	0	0	0	474	477	
13	0	0	0	0	467	483	
14	0	0	0	0	464	487	
15	0	0	0	0	459	489	
0	0	0	0	0	456	487	
1	0	0	0	0	458	484	
2	0	0	0	0	470	484	
3	0	0	0	0	486	492	
4	0	0	0	0	503	499	
5	0	0	0	0	523	516	
6	0	0	0	0	540	537	
7	0	0	0	0	552	554	
8	0	0	0	0	560	565	
9	0	0	0	0	566	570	
10	0	0	0	0	566	569	
11	0	0	0	0	565	557	
12	0	0	0	0	562	533	
13	0	0	0	0	557	508	
14	0	0	0	0	552	483	
15	0	0	0	0	542	456	
0	0	0	0	0	523	429	
1	0	0	0	0	501	403	
2	0	0	0	0	482	379	
3	0	0	0	0	474	361	
4	0	0	0	0	476	346	
5	0	0	0	0	477	332	
6	0	0	0	0	475	321	
7	0	0	0	0	475	312	
8	0	0	0	0	478	301	
9	0	0	0	0	484	295	
10	0	0	0	0	483	291	
11	0	0	0	0	481	300	
12	0	0	0	0	485	305	
13	0	0	0	0	482	318	
14	0	0	0	0	482	328	
15	0	0	0	0	489	350	
0	0	0	0	0	497	374	
1	0	0	0	0	507	398	
2	0	0	0	0	513	415	
3	0	0	0	0	516	428	
4	0	0	0	0	516	428	
5	0	0	0	0	511	422	
6	0	0	0	0	509	414	
7	0	0	0	0	510	409	
8	0	0	0	0	515	412	
9	0	0	0	0	527	423	
10	0	0	0	0	542	438	
11	0	0	0	0	557	449	
12	0	0	0	0	571	460	
13	0	0	0	0	575	471	
14	0	0	0	0	572	479	
15	0	0	0	0	557	479	
0	0	0	0	0	537	476	
1	0	0	0	0	515	470	
2	0	0	0	0	492	464	
3	0	0	0	0	471	455	
4	0	0	0	0	452	437	
5	0	0	0	0	436	409	
6	0	0	0	0	425	387	
7	0	0	0	0	423	370	
8	0	0	0	0	423	366	
9	0	0	0	0	434	372	
10	0	0	0	0	449	391	
11	0	0	0	0	464	408	
12	0	0	0	0	476	422	
13	0	0	0	0	489	428	
14	0	0	0	0	499	429	
15	0	0	0	0	506	424	
0	0	0	0	0	507	411	
1	0	0	0	0	507	399	
2	0	0	0	0	509	389	
3	0	0	0	0	513	382	
4	0	0	0	0	514	383	
5	0	0	0	0	515	387	
6	0	0	0	0	514	391	
7	0	0	0	0	510	398	
8	0	0	0	0	508	406	
9	0	0	0	0	513	414	
10	0	0	0	0	524	410	
11	0	0	0	0	540	407	
12	0	0	0	0	552	397	
13	0	0	0	0	556	401	
14	0	0	0	0	553	409	
15	0	0	0	0	547	426	
0	0	0	0	0	536	439	
1	0	0	0	0	524	455	
2	0	0	0	0	511	472	
3	0	0	0	0	499	494	
4	0	0	0	0	483	516	
5	0	0	0	0	468	533	
6	0	0	0	0	462	545	
7	0	0	0	0	463	548	
8	0	0	0	0	465	545	
9	0	0	0	0	467	539	
10	0	0	0	0	468	532	
11	0	0	0	0	473	529	
12	0	0	0	0	483	521	
13	0	0	0	0	493	507	
14	0	0	0	0	502	489	
15	0	0	0	0	512	463	
0	0	0	0	0	525	435	
1	0	0	0	0	537	406	
2	0	0	0	0	545	379	
3	0	0	0	0	545	355	
4	0	0	0	0	540	334	
5	0	0	0	0	532	320	
6	0	0	0	0	523	310	
7	0	0	0	0	510	310	
8	0	0	0	0	499	317	
9	0	0	0	0	491	329	
10	0	0	0	0	486	343	
11	0	0	0	0	483	359	
12	0	0	0	0	481	369	
13	0	0	0	0	488	376	
14	0	0	0	0	497	387	
15	0	0	0	0	509	397	
0	0	0	0	0	529	412	
1	0	0	0	0	553	428	
2	0	0	0	0	571	444	
3	0	0	0	0	585	455	
4	0	0	0	0	596	461	
5	0	0	0	0	601	463	
6	0	0	0	0	598	463	
7	0	0	0	0	588	459	
8	0	0	0	0	579	450	
9	0	0	0	0	572	437	
10	0	0	0	0	562	425	
11	0	0	0	0	551	414	
12	0	0	0	0	545	401	
13	0	0	0	0	542	394	
14	0	0	0	0	542	393	
15	0	0	0	0	536	397	
0	0	0	0	0	527	399	
1	0	0	0	0	511	401	
2	0	0	0	0	496	402	
3	0	0	0	0	483	406	
4	0	0	0	0	478	412	
5	0	0	0	0	482	417	
6	0	0	0	0	493	414	
7	0	0	0	0	511	406	
8	0	0	0	0	531	399	
9	0	0	0	0	545	410	
10	0	0	0	0	553	422	
11	0	0	0	0	553	436	
12	0	0	0	0	556	447	
13	0	0	0	0	557	455	
14	0	0	0	0	558	461	
15	0	0	0	0	560	464	
0	0	0	0	0	558	460	
1	0	0	0	0	551	451	
2	0	0	0	0	538	439	
3	0	0	0	0	523	422	
4	0	0	0	0	505	405	
5	0	0	0	0	490	390	
6	0	0	0	0	477	379	
7	0	0	0	0	470	367	
8	0	0	0	0	465	359	
9	0	0	0	0	466	353	
10	0	0	0	0	473	351	
11	0	0	0	0	490	352	
12	0	0	0	0	504	352	
13	0	0	0	0	516	351	
14	0	0	0	0	521	355	
15	0	0	0	0	520	355	
0	0	0	0	0	519	359	
1	0	0	0	0	524	362	
2	0	0	0	0	539	369	
3	0	0	0	0	553	376	
4	0	0	0	0	566	395	
5	0	0	0	0	575	415	
6	0	0	0	0	588	436	
7	0	0	0	0	600	455	
8	0	0	0	0	603	473	
9	0	0	0	0	599	490	
10	0	0	0	0	589	507	
11	0	0	0	0	574	521	
12	0	0	0	0	554	529	
13	0	0	0	0	530	521	
14	0	0	0	0	504	505	
15	0	0	0	0	487	489	
0	0	0	0	0	477	476	
1	0	0	0	0	472	456	
2	0	0	0	0	470	441	
3	0	0	0	0	473	429	
4	0	0	0	0	479	415	
5	0	0	0	0	484	408	
6	0	0	0	0	487	402	
7	0	0	0	0	489	400	
8	0	0	0	0	489	395	
9	0	0	0	0	487	391	
10	0	0	0	0	487	382	
11	0	0	0	0	490	376	
12	0	0	0	0	499	371	
13	0	0	0	0	510	373	
14	0	0	0	0	522	378	
15	0	0	0	0	536	387	
0	0	0	0	0	547	400	
1	0	0	0	0	551	414	
2	0	0	0	0	547	439	
3	0	0	0	0	539	462	
4	0	0	0	0	535	486	
5	0	0	0	0	533	506	
6	0	0	0	0	536	517	
7	0	0	0	0	541	521	
8	0	0	0	0	552	520	
9	0	0	0	0	572	515	
10	0	0	0	0	594	513	
11	0	0	0	0	611	507	
12	0	0	0	0	621	494	
13	0	0	0	0	620	476	
14	0	0	0	0	612	455	
15	0	0	0	0	599	432	
0	0	0	0	0	583	417	
1	0	0	0	0	569	411	
2	0	0	0	0	557	419	
3	0	0	0	0	548	431	
4	0	0	0	0	544	444	
5	0	0	0	0	541	459	
6	0	0	0	0	538	468	
7	0	0	0	0	536	475	
8	0	0	0	0	540	483	
9	0	0	0	0	541	493	
10	0	0	0	0	540	502	
11	0	0	0	0	540	519	
12	0	0	0	0	538	538	
13	0	0	0	0	539	558	
14	0	0	0	0	545	583	
15	0	0	0	0	556	603	
0	0	0	0	0	561	615	
1	0	0	0	0	563	615	
2	0	0	0	0	560	605	
3	0	0	0	0	559	591	
4	0	0	0	0	560	574	
5	0	0	0	0	563	559	
6	0	0	0	0	564	548	
7	0	0	0	0	565	542	
8	0	0	0	0	568	541	
9	0	0	0	0	570	538	
10	0	0	0	0	569	539	
11	0	0	0	0	568	539	
12	0	0	0	0	563	537	
13	0	0	0	0	555	536	
14	0	0	0	0	542	530	
15	0	0	0	0	526	523	
0	0	0	0	0	514	515	
1	0	0	0	0	509	504	
2	0	0	0	0	509	497	
3	0	0	0	0	512	496	
4	0	0	0	0	516	498	
5	0	0	0	0	524	496	
6	0	0	0	0	531	497	
7	0	0	0	0	530	502	
8	0	0	0	0	521	513	
9	0	0	0	0	505	529	
10	0	0	0	0	489	546	
11	0	0	0	0	480	557	
12	0	0	0	0	478	559	
13	0	0	0	0	480	560	
14	0	0	0	0	487	555	
15	0	0	0	0	496	552	
0	0	0	0	0	510	558	
1	0	0	0	0	523	573	
2	0	0	0	0	537	587	
3	0	0	0	0	548	597	
4	0	0	0	0	557	600	
5	0	0	0	0	564	601	
6	0	0	0	0	569	608	
7	0	0	0	0	577	620	
8	0	0	0	0	584	637	
9	0	0	0	0	590	651	
10	0	0	0	0	593	657	
11	0	0	0	0	593	652	
12	0	0	0	0	585	641	
13	0	0	0	0	571	633	
14	0	0	0	0	554	623	
15	0	0	0	0	539	609	
0	0	0	0	0	527	592	
1	0	0	0	0	521	569	
2	0	0	0	0	513	546	
3	0	0	0	0	504	521	
4	0	0	0	0	499	500	
5	0	0	0	0	499	486	
6	0	0	0	0	502	478	
7	0	0	0	0	509	476	
8	0	0	0	0	520	477	
9	0	0	0	0	532	478	
10	0	0	0	0	542	483	
11	0	0	0	0	551	486	
12	0	0	0	0	554	487	
13	0	0	0	0	553	497	
14	0	0	0	0	552	510	
15	0	0	0	0	551	522	
0	0	0	0	0	549	524	
1	0	0	0	0	542	524	
2	0	0	0	0	530	521	
3	0	0	0	0	515	515	
4	0	0	0	0	497	512	
5	0	0	0	0	484	511	
6	0	0	0	0	476	510	
7	0	0	0	0	471	510	
8	0	0	0	0	467	514	
9	0	0	0	0	465	524	
10	0	0	0	0	467	542	
11	0	0	0	0	475	560	
12	0	0	0	0	483	577	
13	0	0	0	0	495	590	
14	0	0	0	0	512	596	
15	0	0	0	0	526	596	
0	0	0	0	0	539	590	
1	0	0	0	0	553	582	
2	0	0	0	0	569	576	
3	0	0	0	0	585	577	
4	0	0	0	0	594	580	
5	0	0	0	0	592	582	
6	0	0	0	0	586	579	
7	0	0	0	0	573	572	
8	0	0	0	0	554	558	
9	0	0	0	0	534	544	
10	0	0	0	0	508	527	
11	0	0	0	0	480	519	
12	0	0	0	0	452	518	
13	0	0	0	0	423	526	
14	0	0	0	0	403	545	
15	0	0	0	0	392	568	
0	0	0	0	0	386	594	
1	0	0	0	0	383	612	
2	0	0	0	0	379	621	
3	0	0	0	0	379	623	
4	0	0	0	0	380	617	
5	0	0	0	0	386	612	
6	0	0	0	0	400	611	
7	0	0	0	0	412	614	
8	0	0	0	0	423	620	
9	0	0	0	0	435	627	
10	0	0	0	0	454	639	
11	0	0	0	0	472	636	
12	0	0	0	0	491	627	
13	0	0	0	0	505	615	
14	0	0	0	0	516	604	
15	0	0	0	0	524	597	
0	0	0	0	0	526	587	
1	0	0	0	0	528	572	
2	0	0	0	0	533	551	
3	0	0	0	0	532	524	
4	0	0	0	0	525	497	
5	0	0	0	0	521	474	
6	0	0	0	0	524	455	
7	0	0	0	0	531	443	
8	0	0	0	0	539	433	
9	0	0	0	0	543	426	
10	0	0	0	0	542	425	
11	0	0	0	0	535	427	
12	0	0	0	0	529	437	
13	0	0	0	0	525	448	
14	0	0	0	0	523	465	
15	0	0	0	0	517	480	
0	0	0	0	0	502	496	
1	0	0	0	0	484	510	
2	0	0	0	0	468	522	
3	0	0	0	0	452	528	
4	0	0	0	0	444	532	
5	0	0	0	0	440	536	
6	0	0	0	0	444	544	
7	0	0	0	0	452	554	
8	0	0	0	0	466	567	
9	0	0	0	0	479	581	
10	0	0	0	0	485	595	
11	0	0	0	0	489	609	
12	0	0	0	0	494	621	
13	0	0	0	0	497	624	
14	0	0	0	0	500	621	
15	0	0	0	0	502	612	
0	0	0	0	0	509	603	
1	0	0	0	0	519	591	
2	0	0	0	0	529	576	
3	0	0	0	0	532	557	
4	0	0	0	0	534	539	
5	0	0	0	0	533	530	
6	0	0	0	0	537	533	
7	0	0	0	0	550	541	
8	0	0	0	0	568	553	
9	0	0	0	0	586	568	
10	0	0	0	0	597	585	
11	0	0	0	0	600	604	
12	0	0	0	0	597	625	
13	0	0	0	0	585	652	
14	0	0	0	0	562	681	
15	0	0	0	0	532	709	
0	0	0	0	0	501	726	
1	0	0	0	0	473	735	
2	0	0	0	0	445	732	
3	0	0	0	0	424	715	
4	0	0	0	0	414	684	
5	0	0	0	0	411	642	
6	0	0	0	0	415	593	
7	0	0	0	0	419	542	
8	0	0	0	0	423	498	
9	0	0	0	0	431	471	
10	0	0	0	0	440	453	
11	0	0	0	0	446	447	
12	0	0	0	0	448	444	
13	0	0	0	0	455	441	
14	0	0	0	0	467	444	
15	0	0	0	0	483	448	
0	0	0	0	0	499	456	
1	0	0	0	0	510	463	
2	0	0	0	0	518	470	
3	0	0	0	0	522	478	
4	0	0	0	0	521	482	
5	0	0	0	0	518	489	
6	0	0	0	0	511	503	
7	0	0	0	0	505	527	
8	0	0	0	0	501	559	
9	0	0	0	0	498	589	
10	0	0	0	0	493	620	
11	0	0	0	0	489	644	
12	0	0	0	0	484	656	
13	0	0	0	0	475	654	
14	0	0	0	0	471	645	
15	0	0	0	0	476	631	
0	0	0	0	0	482	611	
1	0	0	0	0	484	587	
2	0	0	0	0	487	570	
3	0	0	0	0	489	561	
4	0	0	0	0	489	558	
5	0	0	0	0	491	560	
6	0	0	0	0	497	558	
7	0	0	0	0	502	563	
8	0	0	0	0	501	574	
9	0	0	0	0	497	592	
10	0	0	0	0	495	615	
11	0	0	0	0	495	631	
12	0	0	0	0	498	639	
13	0	0	0	0	506	639	
14	0	0	0	0	519	633	
15	0	0	0	0	536	616	
0	0	0	0	0	548	595	
1	0	0	0	0	559	571	
2	0	0	0	0	571	545	
3	0	0	0	0	579	519	
4	0	0	0	0	583	499	
5	0	0	0	0	583	485	
6	0	0	0	0	582	475	
7	0	0	0	0	583	459	
8	0	0	0	0	589	448	
9	0	0	0	0	595	440	
10	0	0	0	0	596	439	
11	0	0	0	0	591	440	
12	0	0	0	0	586	443	
13	0	0	0	0	579	448	
14	0	0	0	0	571	453	
15	0	0	0	0	563	460	
0	0	0	0	0	563	471	
1	0	0	0	0	568	491	
2	0	0	0	0	581	521	
3	0	0	0	0	600	556	
4	0	0	0	0	626	585	
5	0	0	0	0	650	608	
6	0	0	0	0	659	626	
7	0	0	0	0	662	641	
8	0	0	0	0	658	646	
9	0	0	0	0	648	638	
10	0	0	0	0	634	620	
11	0	0	0	0	618	593	
12	0	0	0	0	606	569	
13	0	0	0	0	590	548	
14	0	0	0	0	573	534	
15	0	0	0	0	559	523	
0	0	0	0	0	547	518	
1	0	0	0	0	541	517	
2	0	0	0	0	538	519	
3	0	0	0	0	539	519	
4	0	0	0	0	539	516	
5	0	0	0	0	537	515	
6	0	0	0	0	534	515	
7	0	0	0	0	534	517	
8	0	0	0	0	531	520	
9	0	0	0	0	533	521	
10	0	0	0	0	538	520	
11	0	0	0	0	543	520	
12	0	0	0	0	544	520	
13	0	0	0	0	541	513	
14	0	0	0	0	541	507	
15	0	0	0	0	545	505	
0	0	0	0	0	551	506	
1	0	0	0	0	554	508	
2	0	0	0	0	555	516	
3	0	0	0	0	551	529	
4	0	0	0	0	547	545	
5	0	0	0	0	547	559	
6	0	0	0	0	549	571	
7	0	0	0	0	547	588	
8	0	0	0	0	542	601	
9	0	0	0	0	533	606	
10	0	0	0	0	522	606	
11	0	0	0	0	509	601	
12	0	0	0	0	500	593	
13	0	0	0	0	496	580	
14	0	0	0	0	497	559	
15	0	0	0	0	502	535	
0	0	0	0	0	512	519	
1	0	0	0	0	531	509	
2	0	0	0	0	550	501	
3	0	0	0	0	568	498	
4	0	0	0	0	583	498	
5	0	0	0	0	597	502	
6	0	0	0	0	607	508	
7	0	0	0	0	604	519	
8	0	0	0	0	595	536	
9	0	0	0	0	582	559	
10	0	0	0	0	565	581	
11	0	0	0	0	553	598	
12	0	0	0	0	550	614	
13	0	0	0	0	549	623	
14	0	0	0	0	550	627	
15	0	0	0	0	545	625	
0	0	0	0	0	543	616	
1	0	0	0	0	544	603	
2	0	0	0	0	543	589	
3	0	0	0	0	536	582	
4	0	0	0	0	522	575	
5	0	0	0	0	511	565	
6	0	0	0	0	499	547	
7	0	0	0	0	488	528	
8	0	0	0	0	481	508	
9	0	0	0	0	476	493	
10	0	0	0	0	475	479	
11	0	0	0	0	477	469	
12	0	0	0	0	485	467	
13	0	0	0	0	494	472	
14	0	0	0	0	500	481	
15	0	0	0	0	507	489	
0	0	0	0	0	515	495	
1	0	0	0	0	523	496	
2	0	0	0	0	527	497	
3	0	0	0	0	525	488	
4	0	0	0	0	512	477	
5	0	0	0	0	495	471	
6	0	0	0	0	485	466	
7	0	0	0	0	480	465	
8	0	0	0	0	478	469	
9	0	0	0	0	476	471	
10	0	0	0	0	477	476	
11	0	0	0	0	481	487	
12	0	0	0	0	484	499	
13	0	0	0	0	484	515	
14	0	0	0	0	487	532	
15	0	0	0	0	489	547	
0	0	0	0	0	490	556	
1	0	0	0	0	490	560	
2	0	0	0	0	488	563	
3	0	0	0	0	481	574	
4	0	0	0	0	473	588	
5	0	0	0	0	461	597	
6	0	0	0	0	447	606	
7	0	0	0	0	431	611	
8	0	0	0	0	414	613	
9	0	0	0	0	403	610	
10	0	0	0	0	395	605	
11	0	0	0	0	388	604	
12	0	0	0	0	383	599	
13	0	0	0	0	378	594	
14	0	0	0	0	376	578	
15	0	0	0	0	374	561	
0	0	0	0	0	376	542	
1	0	0	0	0	378	521	
2	0	0	0	0	377	502	
3	0	0	0	0	373	485	
4	0	0	0	0	371	472	
5	0	0	0	0	376	465	
6	0	0	0	0	384	468	
7	0	0	0	0	397	480	
8	0	0	0	0	407	495	
9	0	0	0	0	415	509	
10	0	0	0	0	427	515	
11	0	0	0	0	438	520	
12	0	0	0	0	445	522	
13	0	0	0	0	450	524	
14	0	0	0	0	456	533	
15	0	0	0	0	464	542	
0	0	0	0	0	476	551	
1	0	0	0	0	491	561	
2	0	0	0	0	504	570	
3	0	0	0	0	509	571	
4	0	0	0	0	505	568	
5	0	0	0	0	493	551	
6	0	0	0	0	482	528	
7	0	0	0	0	474	508	
8	0	0	0	0	463	492	
9	0	0	0	0	460	481	
10	0	0	0	0	461	478	
11	0	0	0	0	465	477	
12	0	0	0	0	470	480	
13	0	0	0	0	468	484	
14	0	0	0	0	464	489	
15	0	0	0	0	462	494	
0	0	0	0	0	461	498	
1	0	0	0	0	460	505	
2	0	0	0	0	459	517	
3	0	0	0	0	454	536	
4	0	0	0	0	446	555	
5	0	0	0	0	439	575	
6	0	0	0	0	432	589	
7	0	0	0	0	428	600	
8	0	0	0	0	423	594	
9	0	0	0	0	419	583	
10	0	0	0	0	421	566	
11	0	0	0	0	421	551	
12	0	0	0	0	420	547	
13	0	0	0	0	426	557	
14	0	0	0	0	432	578	
15	0	0	0	0	439	595	
0	0	0	0	0	447	609	
1	0	0	0	0	454	614	
2	0	0	0	0	456	617	
3	0	0	0	0	455	617	
4	0	0	0	0	455	611	
5	0	0	0	0	451	600	
6	0	0	0	0	452	583	
7	0	0	0	0	453	566	
8	0	0	0	0	448	550	
9	0	0	0	0	442	545	
10	0	0	0	0	436	541	
11	0	0	0	0	435	541	
12	0	0	0	0	440	550	
13	0	0	0	0	443	563	
14	0	0	0	0	446	577	
15	0	0	0	0	442	588	
0	0	0	0	0	430	600	
1	0	0	0	0	418	614	
2	0	0	0	0	407	625	
3	0	0	0	0	396	639	
4	0	0	0	0	388	641	
5	0	0	0	0	380	638	
6	0	0	0	0	374	630	
7	0	0	0	0	376	623	
8	0	0	0	0	380	626	
9	0	0	0	0	387	632	
10	0	0	0	0	392	643	
11	0	0	0	0	392	656	
12	0	0	0	0	393	673	
13	0	0	0	0	393	689	
14	0	0	0	0	398	702	
15	0	0	0	0	407	704	
0	0	0	0	0	416	702	
1	0	0	0	0	424	689	
2	0	0	0	0	425	669	
3	0	0	0	0	423	647	
4	0	0	0	0	421	628	
5	0	0	0	0	419	620	
6	0	0	0	0	419	620	
7	0	0	0	0	421	632	
8	0	0	0	0	428	654	
9	0	0	0	0	432	676	
10	0	0	0	0	429	703	
11	0	0	0	0	419	726	
12	0	0	0	0	409	740	
13	0	0	0	0	395	745	
14	0	0	0	0	381	743	
15	0	0	0	0	364	721	
0	0	0	0	0	347	689	
1	0	0	0	0	340	654	
2	0	0	0	0	344	611	
3	0	0	0	0	354	571	
4	0	0	0	0	364	532	
5	0	0	0	0	368	496	
6	0	0	0	0	372	463	
7	0	0	0	0	373	440	
8	0	0	0	0	375	427	
9	0	0	0	0	379	423	
10	0	0	0	0	386	427	
11	0	0	0	0	405	432	
12	0	0	0	0	433	435	
13	0	0	0	0	459	440	
14	0	0	0	0	478	448	
15	0	0	0	0	492	462	
0	0	0	0	0	496	480	
1	0	0	0	0	490	501	
2	0	0	0	0	480	526	
3	0	0	0	0	472	553	
4	0	0	0	0	463	585	
5	0	0	0	0	455	620	
6	0	0	0	0	453	653	
7	0	0	0	0	448	668	
8	0	0	0	0	440	668	
9	0	0	0	0	432	657	
10	0	0	0	0	429	640	
11	0	0	0	0	432	621	
12	0	0	0	0	441	605	
13	0	0	0	0	451	592	
14	0	0	0	0	459	582	
15	0	0	0	0	460	571	
0	0	0	0	0	459	563	
1	0	0	0	0	456	553	
2	0	0	0	0	455	545	
3	0	0	0	0	457	532	
4	0	0	0	0	462	519	
5	0	0	0	0	461	507	
6	0	0	0	0	460	502	
7	0	0	0	0	461	503	
8	0	0	0	0	460	510	
9	0	0	0	0	451	527	
10	0	0	0	0	438	547	
11	0	0	0	0	425	561	
12	0	0	0	0	417	571	
13	0	0	0	0	412	572	
14	0	0	0	0	408	568	
15	0	0	0	0	406	570	
0	0	0	0	0	406	575	
1	0	0	0	0	411	586	
2	0	0	0	0	411	598	
3	0	0	0	0	407	609	
4	0	0	0	0	403	618	
5	0	0	0	0	397	623	
6	0	0	0	0	391	615	
7	0	0	0	0	381	603	
8	0	0	0	0	375	587	
9	0	0	0	0	376	567	
10	0	0	0	0	381	550	
11	0	0	0	0	388	540	
12	0	0	0	0	399	542	
13	0	0	0	0	408	552	
14	0	0	0	0	417	572	
15	0	0	0	0	424	595	
0	0	0	0	0	424	618	
1	0	0	0	0	415	636	
2	0	0	0	0	405	654	
3	0	0	0	0	399	668	
4	0	0	0	0	395	672	
5	0	0	0	0	394	669	
6	0	0	0	0	401	667	
7	0	0	0	0	419	667	
8	0	0	0	0	441	670	
9	0	0	0	0	462	675	
10	0	0	0	0	477	673	
11	0	0	0	0	487	670	
12	0	0	0	0	490	670	
13	0	0	0	0	483	674	
14	0	0	0	0	471	676	
15	0	0	0	0	456	679	
0	0	0	0	0	444	680	
1	0	0	0	0	429	679	
2	0	0	0	0	415	671	
3	0	0	0	0	403	655	
4	0	0	0	0	395	639	
5	0	0	0	0	385	627	
6	0	0	0	0	380	614	
7	0	0	0	0	376	608	
8	0	0	0	0	374	606	
9	0	0	0	0	371	607	
10	0	0	0	0	368	607	
11	0	0	0	0	368	603	
12	0	0	0	0	371	600	
13	0	0	0	0	374	599	
14	0	0	0	0	380	595	
15	0	0	0	0	388	591	
0	0	0	0	0	397	588	
1	0	0	0	0	414	590	
2	0	0	0	0	436	598	
3	0	0	0	0	456	608	
4	0	0	0	0	476	617	
5	0	0	0	0	496	624	
6	0	0	0	0	512	621	
7	0	0	0	0	513	620	
8	0	0	0	0	506	623	
9	0	0	0	0	493	627	
10	0	0	0	0	474	633	
11	0	0	0	0	457	638	
12	0	0	0	0	445	645	
13	0	0	0	0	441	648	
14	0	0	0	0	447	648	
15	0	0	0	0	459	643	
0	0	0	0	0	463	635	
1	0	0	0	0	468	622	
2	0	0	0	0	475	607	
3	0	0	0	0	476	593	
4	0	0	0	0	476	589	
5	0	0	0	0	470	591	
6	0	0	0	0	462	599	
7	0	0	0	0	455	607	
8	0	0	0	0	448	614	
9	0	0	0	0	440	620	
10	0	0	0	0	435	630	
11	0	0	0	0	432	646	
12	0	0	0	0	439	668	
13	0	0	0	0	452	684	
14	0	0	0	0	470	687	
15	0	0	0	0	491	683	
0	0	0	0	0	510	675	
1	0	0	0	0	524	664	
2	0	0	0	0	527	654	
3	0	0	0	0	522	644	
4	0	0	0	0	515	627	
5	0	0	0	0	508	607	
6	0	0	0	0	500	585	
7	0	0	0	0	489	565	
8	0	0	0	0	478	549	
9	0	0	0	0	470	537	
10	0	0	0	0	463	531	
11	0	0	0	0	462	526	
12	0	0	0	0	467	523	
13	0	0	0	0	472	527	
14	0	0	0	0	475	539	
15	0	0	0	0	475	556	
0	0	0	0	0	476	578	
1	0	0	0	0	475	596	
2	0	0	0	0	479	611	
3	0	0	0	0	481	618	
4	0	0	0	0	484	623	
5	0	0	0	0	486	628	
6	0	0	0	0	489	629	
7	0	0	0	0	493	630	
8	0	0	0	0	500	631	
9	0	0	0	0	508	629	
10	0	0	0	0	512	632	
11	0	0	0	0	519	638	
12	0	0	0	0	525	641	
13	0	0	0	0	530	641	
14	0	0	0	0	531	631	
15	0	0	0	0	529	612	
0	0	0	0	0	521	587	
1	0	0	0	0	514	561	
2	0	0	0	0	507	542	
3	0	0	0	0	505	529	
4	0	0	0	0	512	525	
5	0	0	0	0	519	526	
6	0	0	0	0	524	525	
7	0	0	0	0	531	523	
8	0	0	0	0	537	520	
9	0	0	0	0	541	517	
10	0	0	0	0	537	515	
11	0	0	0	0	529	514	
12	0	0	0	0	522	513	
13	0	0	0	0	519	515	
14	0	0	0	0	519	527	
15	0	0	0	0	517	537	
0	0	0	0	0	513	551	
1	0	0	0	0	514	560	
2	0	0	0	0	521	578	
3	0	0	0	0	529	600	
4	0	0	0	0	539	621	
5	0	0	0	0	544	635	
6	0	0	0	0	546	639	
7	0	0	0	0	547	628	
8	0	0	0	0	543	599	
9	0	0	0	0	529	566	
10	0	0	0	0	513	531	
11	0	0	0	0	499	495	
12	0	0	0	0	489	464	
13	0	0	0	0	487	437	
14	0	0	0	0	488	414	
15	0	0	0	0	491	400	
0	0	0	0	0	490	389	
1	0	0	0	0	488	385	
2	0	0	0	0	485	390	
3	0	0	0	0	484	404	
4	0	0	0	0	487	423	
5	0	0	0	0	489	446	
6	0	0	0	0	492	471	
7	0	0	0	0	494	493	
8	0	0	0	0	493	506	
9	0	0	0	0	492	517	
10	0	0	0	0	490	525	
11	0	0	0	0	491	536	
12	0	0	0	0	496	552	
13	0	0	0	0	501	563	
14	0	0	0	0	507	580	
15	0	0	0	0	515	591	
0	0	0	0	0	521	592	
1	0	0	0	0	529	581	
2	0	0	0	0	536	555	
3	0	0	0	0	537	524	
4	0	0	0	0	535	489	
5	0	0	0	0	531	459	
6	0	0	0	0	526	440	
7	0	0	0	0	520	429	
8	0	0	0	0	523	423	
9	0	0	0	0	526	424	
10	0	0	0	0	529	426	
11	0	0	0	0	531	422	
12	0	0	0	0	533	421	
13	0	0	0	0	537	426	
14	0	0	0	0	542	440	
15	0	0	0	0	543	453	
0	0	0	0	0	542	469	
1	0	0	0	0	533	487	
2	0	0	0	0	524	497	
3	0	0	0	0	512	499	
4	0	0	0	0	501	494	
5	0	0	0	0	495	486	
6	0	0	0	0	489	475	
7	0	0	0	0	487	464	
8	0	0	0	0	488	457	
9	0	0	0	0	494	459	
10	0	0	0	0	502	467	
11	0	0	0	0	511	480	
12	0	0	0	0	515	495	
13	0	0	0	0	520	517	
14	0	0	0	0	526	540	
15	0	0	0	0	527	560	
0	0	0	0	0	523	571	
1	0	0	0	0	518	568	
2	0	0	0	0	508	558	
3	0	0	0	0	493	543	
4	0	0	0	0	483	520	
5	0	0	0	0	477	494	
6	0	0	0	0	470	468	
7	0	0	0	0	472	449	
8	0	0	0	0	479	436	
9	0	0	0	0	489	432	
10	0	0	0	0	496	435	
11	0	0	0	0	498	439	
12	0	0	0	0	495	445	
13	0	0	0	0	483	451	
14	0	0	0	0	471	454	
15	0	0	0	0	460	453	
0	0	0	0	0	454	458	
1	0	0	0	0	454	470	
2	0	0	0	0	459	483	
3	0	0	0	0	467	493	
4	0	0	0	0	475	498	
5	0	0	0	0	478	498	
6	0	0	0	0	479	495	
7	0	0	0	0	477	486	
8	0	0	0	0	478	472	
9	0	0	0	0	476	457	
10	0	0	0	0	474	437	
11	0	0	0	0	476	424	
12	0	0	0	0	482	424	
13	0	0	0	0	492	436	
14	0	0	0	0	510	457	
15	0	0	0	0	529	488	
0	0	0	0	0	548	518	
1	0	0	0	0	568	545	
2	0	0	0	0	582	565	
3	0	0	0	0	589	577	
4	0	0	0	0	590	585	
5	0	0	0	0	581	591	
6	0	0	0	0	571	600	
7	0	0	0	0	560	619	
8	0	0	0	0	550	638	
9	0	0	0	0	540	655	
10	0	0	0	0	532	665	
11	0	0	0	0	532	671	
12	0	0	0	0	534	672	
13	0	0	0	0	537	660	
14	0	0	0	0	540	635	
15	0	0	0	0	539	603	
0	0	0	0	0	529	568	
1	0	0	0	0	515	537	
2	0	0	0	0	502	509	
3	0	0	0	0	492	481	
4	0	0	0	0	489	447	
5	0	0	0	0	492	411	
6	0	0	0	0	494	379	
7	0	0	0	0	497	354	
8	0	0	0	0	503	340	
9	0	0	0	0	510	331	
10	0	0	0	0	513	335	
11	0	0	0	0	519	342	
12	0	0	0	0	526	358	
13	0	0	0	0	533	376	
14	0	0	0	0	546	394	
15	0	0	0	0	568	411	
0	0	0	0	0	590	431	
1	0	0	0	0	601	448	
2	0	0	0	0	606	456	
3	0	0	0	0	605	454	
4	0	0	0	0	606	453	
5	0	0	0	0	604	458	
6	0	0	0	0	604	471	
7	0	0	0	0	604	491	
8	0	0	0	0	607	515	
9	0	0	0	0	609	542	
10	0	0	0	0	609	560	
11	0	0	0	0	606	568	
12	0	0	0	0	599	565	
13	0	0	0	0	591	563	
14	0	0	0	0	588	553	
15	0	0	0	0	582	541	
0	0	0	0	0	577	526	
1	0	0	0	0	571	506	
2	0	0	0	0	567	489	
3	0	0	0	0	567	478	
4	0	0	0	0	575	470	
5	0	0	0	0	589	464	
6	0	0	0	0	600	465	
7	0	0	0	0	617	467	
8	0	0	0	0	631	473	
9	0	0	0	0	641	477	
10	0	0	0	0	646	477	
11	0	0	0	0	644	474	
12	0	0	0	0	640	474	
13	0	0	0	0	628	474	
14	0	0	0	0	622	472	
15	0	0	0	0	612	468	
0	0	0	0	0	601	448	
1	0	0	0	0	591	433	
2	0	0	0	0	579	410	
3	0	0	0	0	564	380	
4	0	0	0	0	547	352	
5	0	0	0	0	533	333	
6	0	0	0	0	521	316	
7	0	0	0	0	521	316	
8	0	0	0	0	527	324	
9	0	0	0	0	536	336	
10	0	0	0	0	544	343	
11	0	0	0	0	550	338	
12	0	0	0	0	552	339	
13	0	0	0	0	555	339	
14	0	0	0	0	568	357	
15	0	0	0	0	580	382	
0	0	0	0	0	589	407	
1	0	0	0	0	595	426	
2	0	0	0	0	596	446	
3	0	0	0	0	595	463	
4	0	0	0	0	590	468	
5	0	0	0	0	581	476	
6	0	0	0	0	573	480	
7	0	0	0	0	561	482	
8	0	0	0	0	541	480	
9	0	0	0	0	521	473	
10	0	0	0	0	506	457	
11	0	0	0	0	498	433	
12	0	0	0	0	500	402	
13	0	0	0	0	502	369	
14	0	0	0	0	506	351	
15	0	0	0	0	513	347	
0	0	0	0	0	524	354	
1	0	0	0	0	538	368	
2	0	0	0	0	548	392	
3	0	0	0	0	561	419	
4	0	0	0	0	577	444	
5	0	0	0	0	595	458	
6	0	0	0	0	615	459	
7	0	0	0	0	636	451	
8	0	0	0	0	661	446	
9	0	0	0	0	681	447	
10	0	0	0	0	691	448	
11	0	0	0	0	688	455	
12	0	0	0	0	675	453	
13	0	0	0	0	655	458	
14	0	0	0	0	631	457	
15	0	0	0	0	607	452	
0	0	0	0	0	584	442	
1	0	0	0	0	563	428	
2	0	0	0	0	541	414	
3	0	0	0	0	519	404	
4	0	0	0	0	498	397	
5	0	0	0	0	476	394	
6	0	0	0	0	461	403	
7	0	0	0	0	451	416	
8	0	0	0	0	451	431	
9	0	0	0	0	454	447	
10	0	0	0	0	458	463	
11	0	0	0	0	463	479	
12	0	0	0	0	473	489	
13	0	0	0	0	485	487	
14	0	0	0	0	499	471	
15	0	0	0	0	514	443	
0	0	0	0	0	531	412	
1	0	0	0	0	543	396	
2	0	0	0	0	548	393	
3	0	0	0	0	545	392	
4	0	0	0	0	542	398	
5	0	0	0	0	534	413	
6	0	0	0	0	526	433	
7	0	0	0	0	514	455	
8	0	0	0	0	503	469	
9	0	0	0	0	499	478	
10	0	0	0	0	499	480	
11	0	0	0	0	499	472	
12	0	0	0	0	503	456	
13	0	0	0	0	507	436	
14	0	0	0	0	512	418	
15	0	0	0	0	521	403	
0	0	0	0	0	533	389	
1	0	0	0	0	543	378	
2	0	0	0	0	547	372	
3	0	0	0	0	546	372	
4	0	0	0	0	539	376	
5	0	0	0	0	525	384	
6	0	0	0	0	510	391	
7	0	0	0	0	493	403	
8	0	0	0	0	478	414	
9	0	0	0	0	466	427	
10	0	0	0	0	465	440	
11	0	0	0	0	472	455	
12	0	0	0	0	481	466	
13	0	0	0	0	496	470	
14	0	0	0	0	512	466	
15	0	0	0	0	524	454	
0	0	0	0	0	536	440	
1	0	0	0	0	544	432	
2	0	0	0	0	553	418	
3	0	0	0	0	561	407	
4	0	0	0	0	565	393	
5	0	0	0	0	561	389	
6	0	0	0	0	554	388	
7	0	0	0	0	543	401	
8	0	0	0	0	533	407	
9	0	0	0	0	525	412	
10	0	0	0	0	525	425	
11	0	0	0	0	530	449	
12	0	0	0	0	540	476	
13	0	0	0	0	551	500	
14	0	0	0	0	562	517	
15	0	0	0	0	570	522	
0	0	0	0	0	578	519	
1	0	0	0	0	584	517	
2	0	0	0	0	592	507	
3	0	0	0	0	599	496	
4	0	0	0	0	606	493	
5	0	0	0	0	607	491	
6	0	0	0	0	604	488	
7	0	0	0	0	597	480	
8	0	0	0	0	588	471	
9	0	0	0	0	582	458	
10	0	0	0	0	576	448	
11	0	0	0	0	571	440	
12	0	0	0	0	562	441	
13	0	0	0	0	551	443	
14	0	0	0	0	550	453	
15	0	0	0	0	552	465	
0	0	0	0	0	562	478	
1	0	0	0	0	575	487	
2	0	0	0	0	587	497	
3	0	0	0	0	596	500	
4	0	0	0	0	602	503	
5	0	0	0	0	605	498	
6	0	0	0	0	605	501	
7	0	0	0	0	594	503	
8	0	0	0	0	579	503	
9	0	0	0	0	559	498	
10	0	0	0	0	537	491	
11	0	0	0	0	522	483	
12	0	0	0	0	516	477	
13	0	0	0	0	513	472	
14	0	0	0	0	512	465	
15	0	0	0	0	508	464	
0	0	0	0	0	507	469	
1	0	0	0	0	507	472	
2	0	0	0	0	508	477	
3	0	0	0	0	511	486	
4	0	0	0	0	515	497	
5	0	0	0	0	519	511	
6	0	0	0	0	523	522	
7	0	0	0	0	529	526	
8	0	0	0	0	536	520	
9	0	0	0	0	540	506	
10	0	0	0	0	542	487	
11	0	0	0	0	537	463	
12	0	0	0	0	534	441	
13	0	0	0	0	531	422	
14	0	0	0	0	525	402	
15	0	0	0	0	518	390	
0	0	0	0	0	515	388	
1	0	0	0	0	518	398	
2	0	0	0	0	526	417	
3	0	0	0	0	537	444	
4	0	0	0	0	545	472	
5	0	0	0	0	554	498	
6	0	0	0	0	559	511	
7	0	0	0	0	563	518	
8	0	0	0	0	559	519	
9	0	0	0	0	550	518	
10	0	0	0	0	538	508	
11	0	0	0	0	524	497	
12	0	0	0	0	509	485	
13	0	0	0	0	494	470	
14	0	0	0	0	480	455	
15	0	0	0	0	468	448	
0	0	0	0	0	461	444	
1	0	0	0	0	456	439	
2	0	0	0	0	455	435	
3	0	0	0	0	456	431	
4	0	0	0	0	458	428	
5	0	0	0	0	459	426	
6	0	0	0	0	462	424	
7	0	0	0	0	472	421	
8	0	0	0	0	483	423	
9	0	0	0	0	496	427	
10	0	0	0	0	510	438	
11	0	0	0	0	528	451	
12	0	0	0	0	546	460	
13	0	0	0	0	556	465	
14	0	0	0	0	561	474	
15	0	0	0	0	557	478	
0	0	0	0	0	548	479	
1	0	0	0	0	536	478	
2	0	0	0	0	521	476	
3	0	0	0	0	504	466	
4	0	0	0	0	489	456	
5	0	0	0	0	477	446	
6	0	0	0	0	467	440	
7	0	0	0	0	461	436	
8	0	0	0	0	463	444	
9	0	0	0	0	467	449	
10	0	0	0	0	476	457	
11	0	0	0	0	488	468	
12	0	0	0	0	508	487	
13	0	0	0	0	528	507	
14	0	0	0	0	547	521	
15	0	0	0	0	559	532	
0	0	0	0	0	565	540	
1	0	0	0	0	567	543	
2	0	0	0	0	564	544	
3	0	0	0	0	559	550	
4	0	0	0	0	551	552	
5	0	0	0	0	544	554	
6	0	0	0	0	540	560	
7	0	0	0	0	533	570	
8	0	0	0	0	531	582	
9	0	0	0	0	532	588	
10	0	0	0	0	539	584	
11	0	0	0	0	552	568	
12	0	0	0	0	570	540	
13	0	0	0	0	580	507	
14	0	0	0	0	583	473	
15	0	0	0	0	583	443	
0	0	0	0	0	580	414	
1	0	0	0	0	577	395	
2	0	0	0	0	569	379	
3	0	0	0	0	564	367	
4	0	0	0	0	555	365	
5	0	0	0	0	540	372	
6	0	0	0	0	521	376	
7	0	0	0	0	501	384	
8	0	0	0	0	481	391	
9	0	0	0	0	460	399	
10	0	0	0	0	437	408	
11	0	0	0	0	414	416	
12	0	0	0	0	399	426	
13	0	0	0	0	396	440	
14	0	0	0	0	400	455	
15	0	0	0	0	413	472	
0	0	0	0	0	426	485	
1	0	0	0	0	438	494	
2	0	0	0	0	445	498	
3	0	0	0	0	448	500	
4	0	0	0	0	448	500	
5	0	0	0	0	447	499	
6	0	0	0	0	444	504	
7	0	0	0	0	445	511	
8	0	0	0	0	448	520	
9	0	0	0	0	455	542	
10	0	0	0	0	465	579	
11	0	0	0	0	477	624	
12	0	0	0	0	489	662	
13	0	0	0	0	501	685	
14	0	0	0	0	509	686	
15	0	0	0	0	514	669	
0	0	0	0	0	515	639	
1	0	0	0	0	513	588	
2	0	0	0	0	509	532	
3	0	0	0	0	507	477	
4	0	0	0	0	506	436	
5	0	0	0	0	502	409	
6	0	0	0	0	495	390	
7	0	0	0	0	481	386	
8	0	0	0	0	461	387	
9	0	0	0	0	447	396	
10	0	0	0	0	443	409	
11	0	0	0	0	439	420	
12	0	0	0	0	435	432	
13	0	0	0	0	432	444	
14	0	0	0	0	429	457	
15	0	0	0	0	431	469	
0	0	0	0	0	438	470	
1	0	0	0	0	450	468	
2	0	0	0	0	464	464	
3	0	0	0	0	477	461	
4	0	0	0	0	488	455	
5	0	0	0	0	495	450	
6	0	0	0	0	504	450	
7	0	0	0	0	513	455	
8	0	0	0	0	521	464	
9	0	0	0	0	532	483	
10	0	0	0	0	545	508	
11	0	0	0	0	564	536	
12	0	0	0	0	588	560	
13	0	0	0	0	609	581	
14	0	0	0	0	623	602	
15	0	0	0	0	629	623	
0	0	0	0	0	624	651	
1	0	0	0	0	615	681	
2	0	0	0	0	604	711	
3	0	0	0	0	586	728	
4	0	0	0	0	565	727	
5	0	0	0	0	550	713	
6	0	0	0	0	535	682	
7	0	0	0	0	520	631	
8	0	0	0	0	511	569	
9	0	0	0	0	506	505	
10	0	0	0	0	503	447	
11	0	0	0	0	500	402	
12	0	0	0	0	502	370	
13	0	0	0	0	505	346	
14	0	0	0	0	504	327	
15	0	0	0	0	504	314	
0	0	0	0	0	501	306	
1	0	0	0	0	494	309	
2	0	0	0	0	488	321	
3	0	0	0	0	487	340	
4	0	0	0	0	488	369	
5	0	0	0	0	493	393	
6	0	0	0	0	502	411	
7	0	0	0	0	506	434	
8	0	0	0	0	508	462	
9	0	0	0	0	505	494	
10	0	0	0	0	503	525	
11	0	0	0	0	501	549	
12	0	0	0	0	498	564	
13	0	0	0	0	491	569	
14	0	0	0	0	483	567	
15	0	0	0	0	475	563	
0	0	0	0	0	476	557	
1	0	0	0	0	478	550	
2	0	0	0	0	476	541	
3	0	0	0	0	475	529	
4	0	0	0	0	471	511	
5	0	0	0	0	465	493	
6	0	0	0	0	456	481	
7	0	0	0	0	447	474	
8	0	0	0	0	441	470	
9	0	0	0	0	439	466	
10	0	0	0	0	443	457	
11	0	0	0	0	455	450	
12	0	0	0	0	475	443	
13	0	0	0	0	495	439	
14	0	0	0	0	517	436	
15	0	0	0	0	538	438	
0	0	0	0	0	558	448	
1	0	0	0	0	575	467	
2	0	0	0	0	589	485	
3	0	0	0	0	600	503	
4	0	0	0	0	612	520	
5	0	0	0	0	623	534	
6	0	0	0	0	628	545	
7	0	0	0	0	625	555	
8	0	0	0	0	618	567	
9	0	0	0	0	609	578	
10	0	0	0	0	598	580	
11	0	0	0	0	582	575	
12	0	0	0	0	563	567	
13	0	0	0	0	544	555	
14	0	0	0	0	530	542	
15	0	0	0	0	516	529	
0	0	0	0	0	500	521	
1	0	0	0	0	486	514	
2	0	0	0	0	473	502	
3	0	0	0	0	463	487	
4	0	0	0	0	457	473	
5	0	0	0	0	453	462	
6	0	0	0	0	452	454	
7	0	0	0	0	452	444	
8	0	0	0	0	456	437	
9	0	0	0	0	467	436	
10	0	0	0	0	481	444	
11	0	0	0	0	499	464	
12	0	0	0	0	518	488	
13	0	0	0	0	532	515	
14	0	0	0	0	542	541	
15	0	0	0	0	551	562	
0	0	0	0	0	561	579	
1	0	0	0	0	569	586	
2	0	0	0	0	576	587	
3	0	0	0	0	575	579	
4	0	0	0	0	568	562	
5	0	0	0	0	559	540	
6	0	0	0	0	553	515	
7	0	0	0	0	550	490	
8	0	0	0	0	551	471	
9	0	0	0	0	557	460	
10	0	0	0	0	564	457	
11	0	0	0	0	569	460	
12	0	0	0	0	576	476	
13	0	0	0	0	580	498	
14	0	0	0	0	579	529	
15	0	0	0	0	575	557	
0	0	0	0	0	571	573	
1	0	0	0	0	567	581	
2	0	0	0	0	561	579	
3	0	0	0	0	551	566	
4	0	0	0	0	540	539	
5	0	0	0	0	527	501	
6	0	0	0	0	517	457	
7	0	0	0	0	512	415	
8	0	0	0	0	513	381	
9	0	0	0	0	518	362	
10	0	0	0	0	523	347	
11	0	0	0	0	524	352	
12	0	0	0	0	525	357	
13	0	0	0	0	526	374	
14	0	0	0	0	530	388	
15	0	0	0	0	535	405	
0	0	0	0	0	539	417	
1	0	0	0	0	541	425	
2	0	0	0	0	543	426	
3	0	0	0	0	545	419	
4	0	0	0	0	547	409	
5	0	0	0	0	554	402	
6	0	0	0	0	563	399	
7	0	0	0	0	571	400	
8	0	0	0	0	575	399	
9	0	0	0	0	575	407	
10	0	0	0	0	570	413	
11	0	0	0	0	571	424	
12	0	0	0	0	571	440	
13	0	0	0	0	571	452	
14	0	0	0	0	570	468	
15	0	0	0	0	567	482	
0	0	0	0	0	568	493	
1	0	0	0	0	568	499	
2	0	0	0	0	563	498	
3	0	0	0	0	554	491	
4	0	0	0	0	543	479	
5	0	0	0	0	528	468	
6	0	0	0	0	517	460	
7	0	0	0	0	510	455	
8	0	0	0	0	510	456	
9	0	0	0	0	516	467	
10	0	0	0	0	528	482	
11	0	0	0	0	538	496	
12	0	0	0	0	542	510	
13	0	0	0	0	543	524	
14	0	0	0	0	542	530	
15	0	0	0	0	540	528	
0	0	0	0	0	536	524	
1	0	0	0	0	528	519	
2	0	0	0	0	520	513	
3	0	0	0	0	517	508	
4	0	0	0	0	516	497	
5	0	0	0	0	518	480	
6	0	0	0	0	525	458	
7	0	0	0	0	531	435	
8	0	0	0	0	539	418	
9	0	0	0	0	547	412	
10	0	0	0	0	556	419	
11	0	0	0	0	561	437	
12	0	0	0	0	563	455	
13	0	0	0	0	560	463	
14	0	0	0	0	550	463	
15	0	0	0	0	536	454	
0	0	0	0	0	527	436	
1	0	0	0	0	524	414	
2	0	0	0	0	524	394	
3	0	0	0	0	524	383	
4	0	0	0	0	524	380	
5	0	0	0	0	519	383	
6	0	0	0	0	514	393	
7	0	0	0	0	504	405	
8	0	0	0	0	493	420	
9	0	0	0	0	483	439	
10	0	0	0	0	475	452	
11	0	0	0	0	467	455	
12	0	0	0	0	463	451	
13	0	0	0	0	459	440	
14	0	0	0	0	455	430	
15	0	0	0	0	457	423	
0	0	0	0	0	463	424	
1	0	0	0	0	471	433	
2	0	0	0	0	480	445	
3	0	0	0	0	484	456	
4	0	0	0	0	488	464	
5	0	0	0	0	488	477	
6	0	0	0	0	489	490	
7	0	0	0	0	493	500	
8	0	0	0	0	500	505	
9	0	0	0	0	510	505	
10	0	0	0	0	525	505	
11	0	0	0	0	540	506	
12	0	0	0	0	553	504	
13	0	0	0	0	566	498	
14	0	0	0	0	577	488	
15	0	0	0	0	578	478	
0	0	0	0	0	567	471	
1	0	0	0	0	549	461	
2	0	0	0	0	535	452	
3	0	0	0	0	525	436	
4	0	0	0	0	518	416	
5	0	0	0	0	512	396	
6	0	0	0	0	507	379	
7	0	0	0	0	502	363	
8	0	0	0	0	500	350	
9	0	0	0	0	501	342	
10	0	0	0	0	505	341	
11	0	0	0	0	509	340	
12	0	0	0	0	515	346	
13	0	0	0	0	518	356	
14	0	0	0	0	516	378	
15	0	0	0	0	515	403	
0	0	0	0	0	516	425	
1	0	0	0	0	521	443	
2	0	0	0	0	524	457	
3	0	0	0	0	529	476	
4	0	0	0	0	536	497	
5	0	0	0	0	540	517	
6	0	0	0	0	547	533	
7	0	0	0	0	552	541	
8	0	0	0	0	554	545	
9	0	0	0	0	556	542	
10	0	0	0	0	551	536	
11	0	0	0	0	542	528	
12	0	0	0	0	536	515	
13	0	0	0	0	526	496	
14	0	0	0	0	518	476	
15	0	0	0	0	515	455	
0	0	0	0	0	511	441	
1	0	0	0	0	507	431	
2	0	0	0	0	500	431	
3	0	0	0	0	492	438	
4	0	0	0	0	486	447	
5	0	0	0	0	477	459	
6	0	0	0	0	471	475	
7	0	0	0	0	468	490	
8	0	0	0	0	466	500	
9	0	0	0	0	468	511	
10	0	0	0	0	472	519	
11	0	0	0	0	479	523	
12	0	0	0	0	487	524	
13	0	0	0	0	492	524	
14	0	0	0	0	497	523	
15	0	0	0	0	500	522	
0	0	0	0	0	503	520	
1	0	0	0	0	504	516	
2	0	0	0	0	505	509	
3	0	0	0	0	508	500	
4	0	0	0	0	506	492	
5	0	0	0	0	503	484	
6	0	0	0	0	502	478	
7	0	0	0	0	502	473	
8	0	0	0	0	499	473	
9	0	0	0	0	502	480	
10	0	0	0	0	503	488	
11	0	0	0	0	500	494	
12	0	0	0	0	497	499	
13	0	0	0	0	496	506	
14	0	0	0	0	493	519	
15	0	0	0	0	487	539	
0	0	0	0	0	482	559	
1	0	0	0	0	478	573	
2	0	0	0	0	475	585	
3	0	0	0	0	473	595	
4	0	0	0	0	474	604	
5	0	0	0	0	473	612	
6	0	0	0	0	471	621	
7	0	0	0	0	468	621	
8	0	0	0	0	465	609	
9	0	0	0	0	464	588	
10	0	0	0	0	461	561	
11	0	0	0	0	462	533	
12	0	0	0	0	464	505	
13	0	0	0	0	470	477	
14	0	0	0	0	474	458	
15	0	0	0	0	481	449	
0	0	0	0	0	487	449	
1	0	0	0	0	495	460	
2	0	0	0	0	498	483	
3	0	0	0	0	501	512	
4	0	0	0	0	501	540	
5	0	0	0	0	501	560	
6	0	0	0	0	504	571	
7	0	0	0	0	506	572	
8	0	0	0	0	506	563	
9	0	0	0	0	505	545	
10	0	0	0	0	505	524	
11	0	0	0	0	505	502	
12	0	0	0	0	505	485	
13	0	0	0	0	507	478	
14	0	0	0	0	513	477	
15	0	0	0	0	524	483	
0	0	0	0	0	536	496	
1	0	0	0	0	548	511	
2	0	0	0	0	559	522	
3	0	0	0	0	569	532	
4	0	0	0	0	575	535	
5	0	0	0	0	572	529	
6	0	0	0	0	566	515	
7	0	0	0	0	556	499	
8	0	0	0	0	545	486	
9	0	0	0	0	537	479	
10	0	0	0	0	532	481	
11	0	0	0	0	532	489	
12	0	0	0	0	539	499	
13	0	0	0	0	546	504	
14	0	0	0	0	548	510	
15	0	0	0	0	542	519	
0	0	0	0	0	526	527	
1	0	0	0	0	507	531	
2	0	0	0	0	484	527	
3	0	0	0	0	461	520	
4	0	0	0	0	444	512	
5	0	0	0	0	432	510	
6	0	0	0	0	424	511	
7	0	0	0	0	422	517	
8	0	0	0	0	419	523	
9	0	0	0	0	421	532	
10	0	0	0	0	425	546	
11	0	0	0	0	434	566	
12	0	0	0	0	447	587	
13	0	0	0	0	464	607	
14	0	0	0	0	488	624	
15	0	0	0	0	512	632	
0	0	0	0	0	532	638	
1	0	0	0	0	552	645	
2	0	0	0	0	575	649	
3	0	0	0	0	597	652	
4	0	0	0	0	609	643	
5	0	0	0	0	615	624	
6	0	0	0	0	613	599	
7	0	0	0	0	602	570	
8	0	0	0	0	588	540	
9	0	0	0	0	579	511	
10	0	0	0	0	575	489	
11	0	0	0	0	566	469	
12	0	0	0	0	558	454	
13	0	0	0	0	554	445	
14	0	0	0	0	548	436	
15	0	0	0	0	541	431	
0	0	0	0	0	532	431	
1	0	0	0	0	522	435	
2	0	0	0	0	512	441	
3	0	0	0	0	502	450	
4	0	0	0	0	496	459	
5	0	0	0	0	492	468	
6	0	0	0	0	488	486	
7	0	0	0	0	485	501	
8	0	0	0	0	487	516	
9	0	0	0	0	489	533	
10	0	0	0	0	493	547	
11	0	0	0	0	499	569	
12	0	0	0	0	503	592	
13	0	0	0	0	507	613	
14	0	0	0	0	509	627	
15	0	0	0	0	507	633	
0	0	0	0	0	505	636	
1	0	0	0	0	510	633	
2	0	0	0	0	517	630	
3	0	0	0	0	525	629	
4	0	0	0	0	536	628	
5	0	0	0	0	553	619	
6	0	0	0	0	580	604	
7	0	0	0	0	603	587	
8	0	0	0	0	627	575	
9	0	0	0	0	646	568	
10	0	0	0	0	655	560	
11	0	0	0	0	649	550	
12	0	0	0	0	629	542	
13	0	0	0	0	608	532	
14	0	0	0	0	583	525	
15	0	0	0	0	554	513	
0	0	0	0	0	527	503	
1	0	0	0	0	507	505	
2	0	0	0	0	493	518	
3	0	0	0	0	484	534	
4	0	0	0	0	476	545	
5	0	0	0	0	470	556	
6	0	0	0	0	470	567	
7	0	0	0	0	473	572	
8	0	0	0	0	473	575	
9	0	0	0	0	472	572	
10	0	0	0	0	468	564	
11	0	0	0	0	470	551	
12	0	0	0	0	479	536	
13	0	0	0	0	493	522	
14	0	0	0	0	508	515	
15	0	0	0	0	523	513	
0	0	0	0	0	539	513	
1	0	0	0	0	552	512	
2	0	0	0	0	563	513	
3	0	0	0	0	572	514	
4	0	0	0	0	578	508	
5	0	0	0	0	578	500	
6	0	0	0	0	579	497	
7	0	0	0	0	582	500	
8	0	0	0	0	590	508	
9	0	0	0	0	596	514	
10	0	0	0	0	596	517	
11	0	0	0	0	591	512	
12	0	0	0	0	580	504	
13	0	0	0	0	566	499	
14	0	0	0	0	554	501	
15	0	0	0	0	547	507	
0	0	0	0	0	539	508	
1	0	0	0	0	534	503	
2	0	0	0	0	533	500	
3	0	0	0	0	533	501	
4	0	0	0	0	533	496	
5	0	0	0	0	535	491	
6	0	0	0	0	540	478	
7	0	0	0	0	543	467	
8	0	0	0	0	543	459	
9	0	0	0	0	539	452	
10	0	0	0	0	532	455	
11	0	0	0	0	524	471	
12	0	0	0	0	518	494	
13	0	0	0	0	515	525	
14	0	0	0	0	511	552	
15	0	0	0	0	506	574	
0	0	0	0	0	502	588	
1	0	0	0	0	497	592	
2	0	0	0	0	496	588	
3	0	0	0	0	496	574	
4	0	0	0	0	502	551	
5	0	0	0	0	511	531	
6	0	0	0	0	528	525	
7	0	0	0	0	548	529	
8	0	0	0	0	571	534	
9	0	0	0	0	587	538	
10	0	0	0	0	589	537	
11	0	0	0	0	579	530	
12	0	0	0	0	561	518	
13	0	0	0	0	539	507	
14	0	0	0	0	527	504	
15	0	0	0	0	521	514	
0	0	0	0	0	519	536	
1	0	0	0	0	514	559	
2	0	0	0	0	511	582	
3	0	0	0	0	503	603	
4	0	0	0	0	490	620	
5	0	0	0	0	473	634	
6	0	0	0	0	455	624	
7	0	0	0	0	438	613	
8	0	0	0	0	420	598	
9	0	0	0	0	402	591	
10	0	0	0	0	385	593	
11	0	0	0	0	371	595	
12	0	0	0	0	368	593	
13	0	0	0	0	373	583	
14	0	0	0	0	383	566	
15	0	0	0	0	395	539	
0	0	0	0	0	412	501	
1	0	0	0	0	435	462	
2	0	0	0	0	457	428	
3	0	0	0	0	476	407	
4	0	0	0	0	496	391	
5	0	0	0	0	512	385	
6	0	0	0	0	525	388	
7	0	0	0	0	532	398	
8	0	0	0	0	534	415	
9	0	0	0	0	526	434	
10	0	0	0	0	519	457	
11	0	0	0	0	509	482	
12	0	0	0	0	502	505	
13	0	0	0	0	493	524	
14	0	0	0	0	481	537	
15	0	0	0	0	468	543	
0	0	0	0	0	460	543	
1	0	0	0	0	455	541	
2	0	0	0	0	451	536	
3	0	0	0	0	453	526	
4	0	0	0	0	463	518	
5	0	0	0	0	479	511	
6	0	0	0	0	495	505	
7	0	0	0	0	507	499	
8	0	0	0	0	512	495	
9	0	0	0	0	512	497	
10	0	0	0	0	506	508	
11	0	0	0	0	501	528	
12	0	0	0	0	500	556	
13	0	0	0	0	500	585	
14	0	0	0	0	505	612	
15	0	0	0	0	512	631	
0	0	0	0	0	526	641	
1	0	0	0	0	542	636	
2	0	0	0	0	553	620	
3	0	0	0	0	560	599	
4	0	0	0	0	562	579	
5	0	0	0	0	557	559	
6	0	0	0	0	544	536	
7	0	0	0	0	528	510	
8	0	0	0	0	510	488	
9	0	0	0	0	495	467	
10	0	0	0	0	487	448	
11	0	0	0	0	482	436	
12	0	0	0	0	480	432	
13	0	0	0	0	478	436	
14	0	0	0	0	479	444	
15	0	0	0	0	486	449	
0	0	0	0	0	493	455	
1	0	0	0	0	499	462	
2	0	0	0	0	504	470	
3	0	0	0	0	505	480	
4	0	0	0	0	502	487	
5	0	0	0	0	496	488	
6	0	0	0	0	490	491	
7	0	0	0	0	483	492	
8	0	0	0	0	482	491	
9	0	0	0	0	495	489	
10	0	0	0	0	514	483	
11	0	0	0	0	540	483	
12	0	0	0	0	566	482	
13	0	0	0	0	583	481	
14	0	0	0	0	603	487	
15	0	0	0	0	626	508	
0	0	0	0	0	643	540	
1	0	0	0	0	657	583	
2	0	0	0	0	655	632	
3	0	0	0	0	643	672	
4	0	0	0	0	625	700	
5	0	0	0	0	601	713	
6	0	0	0	0	576	713	
7	0	0	0	0	551	691	
8	0	0	0	0	522	649	
9	0	0	0	0	496	593	
10	0	0	0	0	478	543	
11	0	0	0	0	465	499	
12	0	0	0	0	459	462	
13	0	0	0	0	459	431	
14	0	0	0	0	461	406	
15	0	0	0	0	470	394	
0	0	0	0	0	478	394	
1	0	0	0	0	491	401	
2	0	0	0	0	511	413	
3	0	0	0	0	532	427	
4	0	0	0	0	552	444	
5	0	0	0	0	571	465	
6	0	0	0	0	590	484	
7	0	0	0	0	602	498	
8	0	0	0	0	610	504	
9	0	0	0	0	615	505	
10	0	0	0	0	616	499	
11	0	0	0	0	615	504	
12	0	0	0	0	611	512	
13	0	0	0	0	602	520	
14	0	0	0	0	591	527	
15	0	0	0	0	575	527	
0	0	0	0	0	559	532	
1	0	0	0	0	539	542	
2	0	0	0	0	525	543	
3	0	0	0	0	515	536	
4	0	0	0	0	509	526	
5	0	0	0	0	509	515	
6	0	0	0	0	511	503	
7	0	0	0	0	513	494	
8	0	0	0	0	511	490	
9	0	0	0	0	509	499	
10	0	0	0	0	505	517	
11	0	0	0	0	505	536	
12	0	0	0	0	511	555	
13	0	0	0	0	518	571	
14	0	0	0	0	524	587	
15	0	0	0	0	529	599	
0	0	0	0	0	532	605	
1	0	0	0	0	540	605	
2	0	0	0	0	557	606	
3	0	0	0	0	579	611	
4	0	0	0	0	603	619	
5	0	0	0	0	626	624	
6	0	0	0	0	646	620	
7	0	0	0	0	654	612	
8	0	0	0	0	647	600	
9	0	0	0	0	628	585	
10	0	0	0	0	608	579	
11	0	0	0	0	587	580	
12	0	0	0	0	563	579	
13	0	0	0	0	544	574	
14	0	0	0	0	529	562	
15	0	0	0	0	512	547	
0	0	0	0	0	497	527	
1	0	0	0	0	486	504	
2	0	0	0	0	480	481	
3	0	0	0	0	477	461	
4	0	0	0	0	479	445	
5	0	0	0	0	489	434	
6	0	0	0	0	501	443	
7	0	0	0	0	511	467	
8	0	0	0	0	515	504	
9	0	0	0	0	513	542	
10	0	0	0	0	513	574	
11	0	0	0	0	512	588	
12	0	0	0	0	517	594	
13	0	0	0	0	527	601	
14	0	0	0	0	544	613	
15	0	0	0	0	563	625	
0	0	0	0	0	575	628	
1	0	0	0	0	582	623	
2	0	0	0	0	585	608	
3	0	0	0	0	583	593	
4	0	0	0	0	579	582	
5	0	0	0	0	569	574	
6	0	0	0	0	553	570	
7	0	0	0	0	538	569	
8	0	0	0	0	529	575	
9	0	0	0	0	525	583	
10	0	0	0	0	519	590	
11	0	0	0	0	511	594	
12	0	0	0	0	498	595	
13	0	0	0	0	487	593	
14	0	0	0	0	475	587	
15	0	0	0	0	463	582	
0	0	0	0	0	459	581	
1	0	0	0	0	463	587	
2	0	0	0	0	467	598	
3	0	0	0	0	476	615	
4	0	0	0	0	483	627	
5	0	0	0	0	486	633	
6	0	0	0	0	494	629	
7	0	0	0	0	506	618	
8	0	0	0	0	521	604	
9	0	0	0	0	537	587	
10	0	0	0	0	546	566	
11	0	0	0	0	548	546	
12	0	0	0	0	553	533	
13	0	0	0	0	560	529	
14	0	0	0	0	569	535	
15	0	0	0	0	580	542	
0	0	0	0	0	581	542	
1	0	0	0	0	577	543	
2	0	0	0	0	570	545	
3	0	0	0	0	564	547	
4	0	0	0	0	561	553	
5	0	0	0	0	556	555	
6	0	0	0	0	546	552	
7	0	0	0	0	532	552	
8	0	0	0	0	523	559	
9	0	0	0	0	518	564	
10	0	0	0	0	518	569	
11	0	0	0	0	523	578	
12	0	0	0	0	531	583	
13	0	0	0	0	536	588	
14	0	0	0	0	538	590	
15	0	0	0	0	538	597	
0	0	0	0	0	543	606	
1	0	0	0	0	547	614	
2	0	0	0	0	546	624	
3	0	0	0	0	537	635	
4	0	0	0	0	525	639	
5	0	0	0	0	511	643	
6	0	0	0	0	502	640	
7	0	0	0	0	500	637	
8	0	0	0	0	505	632	
9	0	0	0	0	515	626	
10	0	0	0	0	532	615	
11	0	0	0	0	545	605	
12	0	0	0	0	548	586	
13	0	0	0	0	550	561	
14	0	0	0	0	553	533	
15	0	0	0	0	561	508	
0	0	0	0	0	574	485	
1	0	0	0	0	584	469	
2	0	0	0	0	592	462	
3	0	0	0	0	596	462	
4	0	0	0	0	598	469	
5	0	0	0	0	598	482	
6	0	0	0	0	595	500	
7	0	0	0	0	588	520	
8	0	0	0	0	581	534	
9	0	0	0	0	575	542	
10	0	0	0	0	569	550	
11	0	0	0	0	568	560	
12	0	0	0	0	572	568	
13	0	0	0	0	575	571	
14	0	0	0	0	583	574	
15	0	0	0	0	586	576	
0	0	0	0	0	588	576	
1	0	0	0	0	590	580	
2	0	0	0	0	588	581	
3	0	0	0	0	582	583	
4	0	0	0	0	574	584	
5	0	0	0	0	563	575	
6	0	0	0	0	554	562	
7	0	0	0	0	555	550	
8	0	0	0	0	561	545	
9	0	0	0	0	570	547	
10	0	0	0	0	580	545	
11	0	0	0	0	593	547	
12	0	0	0	0	604	554	
13	0	0	0	0	610	570	
14	0	0	0	0	610	595	
15	0	0	0	0	607	624	
0	0	0	0	0	603	646	
1	0	0	0	0	591	654	
2	0	0	0	0	582	649	
3	0	0	0	0	573	632	
4	0	0	0	0	560	609	
5	0	0	0	0	546	585	
6	0	0	0	0	531	559	
7	0	0	0	0	516	539	
8	0	0	0	0	504	526	
9	0	0	0	0	496	525	
10	0	0	0	0	493	527	
11	0	0	0	0	490	525	
12	0	0	0	0	491	521	
13	0	0	0	0	499	513	
14	0	0	0	0	507	507	
15	0	0	0	0	510	501	
0	0	0	0	0	507	495	
1	0	0	0	0	510	492	
2	0	0	0	0	512	494	
3	0	0	0	0	512	501	
4	0	0	0	0	509	508	
5	0	0	0	0	508	517	
6	0	0	0	0	510	528	
7	0	0	0	0	515	538	
8	0	0	0	0	518	546	
9	0	0	0	0	525	552	
10	0	0	0	0	533	556	
11	0	0	0	0	540	558	
12	0	0	0	0	548	558	
13	0	0	0	0	555	558	
14	0	0	0	0	556	560	
15	0	0	0	0	558	567	
0	0	0	0	0	561	583	
1	0	0	0	0	567	600	
2	0	0	0	0	575	614	
3	0	0	0	0	580	625	
4	0	0	0	0	579	625	
5	0	0	0	0	579	621	
6	0	0	0	0	576	605	
7	0	0	0	0	572	592	
8	0	0	0	0	563	579	
9	0	0	0	0	554	568	
10	0	0	0	0	546	567	
11	0	0	0	0	536	566	
12	0	0	0	0	527	558	
13	0	0	0	0	518	548	
14	0	0	0	0	512	537	
15	0	0	0	0	509	529	
0	0	0	0	0	507	525	
1	0	0	0	0	507	523	
2	0	0	0	0	511	518	
3	0	0	0	0	515	510	
4	0	0	0	0	517	504	
5	0	0	0	0	519	505	
6	0	0	0	0	521	515	
7	0	0	0	0	518	531	
8	0	0	0	0	515	547	
9	0	0	0	0	511	555	
10	0	0	0	0	507	553	
11	0	0	0	0	504	546	
12	0	0	0	0	504	534	
13	0	0	0	0	507	519	
14	0	0	0	0	512	504	
15	0	0	0	0	516	495	
0	0	0	0	0	519	491	
1	0	0	0	0	522	488	
2	0	0	0	0	524	492	
3	0	0	0	0	524	505	
4	0	0	0	0	518	524	
5	0	0	0	0	510	540	
6	0	0	0	0	504	553	
7	0	0	0	0	499	567	
8	0	0	0	0	495	579	
9	0	0	0	0	492	586	
10	0	0	0	0	492	586	
11	0	0	0	0	495	583	
12	0	0	0	0	505	579	
13	0	0	0	0	516	573	
14	0	0	0	0	531	563	
15	0	0	0	0	552	548	
0	0	0	0	0	570	536	
1	0	0	0	0	583	523	
2	0	0	0	0	593	512	
3	0	0	0	0	595	501	
4	0	0	0	0	588	498	
5	0	0	0	0	573	496	
6	0	0	0	0	547	502	
7	0	0	0	0	518	512	
8	0	0	0	0	488	524	
9	0	0	0	0	465	537	
10	0	0	0	0	446	550	
11	0	0	0	0	432	559	
12	0	0	0	0	427	564	
13	0	0	0	0	425	565	
14	0	0	0	0	431	564	
15	0	0	0	0	441	561	
0	0	0	0	0	454	550	
1	0	0	0	0	465	538	
2	0	0	0	0	477	524	
3	0	0	0	0	488	509	
4	0	0	0	0	503	492	
5	0	0	0	0	514	481	
6	0	0	0	0	523	476	
7	0	0	0	0	526	475	
8	0	0	0	0	520	473	
9	0	0	0	0	509	479	
10	0	0	0	0	497	487	
11	0	0	0	0	491	501	
12	0	0	0	0	492	522	
13	0	0	0	0	501	547	
14	0	0	0	0	512	568	
15	0	0	0	0	525	583	
0	0	0	0	0	537	584	
1	0	0	0	0	546	572	
2	0	0	0	0	551	544	
3	0	0	0	0	551	509	
4	0	0	0	0	544	472	
5	0	0	0	0	533	434	
6	0	0	0	0	519	408	
7	0	0	0	0	501	393	
8	0	0	0	0	483	391	
9	0	0	0	0	472	404	
10	0	0	0	0	465	430	
11	0	0	0	0	463	460	
12	0	0	0	0	464	483	
13	0	0	0	0	464	500	
14	0	0	0	0	465	511	
15	0	0	0	0	465	523	
0	0	0	0	0	469	532	
1	0	0	0	0	472	539	
2	0	0	0	0	479	548	
3	0	0	0	0	486	556	
4	0	0	0	0	499	560	
5	0	0	0	0	513	562	
6	0	0	0	0	525	559	
7	0	0	0	0	528	549	
8	0	0	0	0	530	537	
9	0	0	0	0	528	524	
10	0	0	0	0	526	513	
11	0	0	0	0	523	505	
12	0	0	0	0	520	499	
13	0	0	0	0	518	503	
14	0	0	0	0	518	515	
15	0	0	0	0	523	532	
0	0	0	0	0	529	548	
1	0	0	0	0	532	558	
2	0	0	0	0	535	562	
3	0	0	0	0	536	562	
4	0	0	0	0	536	555	
5	0	0	0	0	535	547	
6	0	0	0	0	531	547	
7	0	0	0	0	527	551	
8	0	0	0	0	523	559	
9	0	0	0	0	516	567	
10	0	0	0	0	509	574	
11	0	0	0	0	500	583	
12	0	0	0	0	492	591	
13	0	0	0	0	486	593	
14	0	0	0	0	478	591	
15	0	0	0	0	469	584	
0	0	0	0	0	464	575	
1	0	0	0	0	463	558	
2	0	0	0	0	468	540	
3	0	0	0	0	480	526	
4	0	0	0	0	490	510	
5	0	0	0	0	501	495	
6	0	0	0	0	511	485	
7	0	0	0	0	515	483	
8	0	0	0	0	511	489	
9	0	0	0	0	508	499	
10	0	0	0	0	503	515	
11	0	0	0	0	496	529	
12	0	0	0	0	489	541	
13	0	0	0	0	485	540	
14	0	0	0	0	489	532	
15	0	0	0	0	493	512	
0	0	0	0	0	495	491	
1	0	0	0	0	501	483	
2	0	0	0	0	513	487	
3	0	0	0	0	527	499	
4	0	0	0	0	536	507	
5	0	0	0	0	540	509	
6	0	0	0	0	543	511	
7	0	0	0	0	548	513	
8	0	0	0	0	548	511	
9	0	0	0	0	545	505	
10	0	0	0	0	541	497	
11	0	0	0	0	537	493	
12	0	0	0	0	531	484	
13	0	0	0	0	521	473	
14	0	0	0	0	512	463	
15	0	0	0	0	502	453	
0	0	0	0	0	497	445	
1	0	0	0	0	498	440	
2	0	0	0	0	494	439	
3	0	0	0	0	485	439	
4	0	0	0	0	479	443	
5	0	0	0	0	478	451	
6	0	0	0	0	478	462	
7	0	0	0	0	479	483	
8	0	0	0	0	481	505	
9	0	0	0	0	487	529	
10	0	0	0	0	496	545	
11	0	0	0	0	504	554	
12	0	0	0	0	512	554	
13	0	0	0	0	520	549	
14	0	0	0	0	526	544	
15	0	0	0	0	533	542	
0	0	0	0	0	540	547	
1	0	0	0	0	549	548	
2	0	0	0	0	556	544	
3	0	0	0	0	561	536	
4	0	0	0	0	560	523	
5	0	0	0	0	553	510	
6	0	0	0	0	546	503	
7	0	0	0	0	538	497	
8	0	0	0	0	527	494	
9	0	0	0	0	514	489	
10	0	0	0	0	504	482	
11	0	0	0	0	497	472	
12	0	0	0	0	497	465	
13	0	0	0	0	503	459	
14	0	0	0	0	509	458	
15	0	0	0	0	511	460	
0	0	0	0	0	511	465	
1	0	0	0	0	510	467	
2	0	0	0	0	505	465	
3	0	0	0	0	496	461	
4	0	0	0	0	487	460	
5	0	0	0	0	481	467	
6	0	0	0	0	475	475	
7	0	0	0	0	471	483	
8	0	0	0	0	469	492	
9	0	0	0	0	472	505	
10	0	0	0	0	480	519	
11	0	0	0	0	491	529	
12	0	0	0	0	506	534	
13	0	0	0	0	523	536	
14	0	0	0	0	537	544	
15	0	0	0	0	548	553	
0	0	0	0	0	559	566	
1	0	0	0	0	564	570	
2	0	0	0	0	568	562	
3	0	0	0	0	566	548	
4	0	0	0	0	558	532	
5	0	0	0	0	549	515	
6	0	0	0	0	540	502	
7	0	0	0	0	532	495	
8	0	0	0	0	523	497	
9	0	0	0	0	520	504	
10	0	0	0	0	523	518	
11	0	0	0	0	531	530	
12	0	0	0	0	542	534	
13	0	0	0	0	555	532	
14	0	0	0	0	560	520	
15	0	0	0	0	556	500	
0	0	0	0	0	548	474	
1	0	0	0	0	539	451	
2	0	0	0	0	527	429	
3	0	0	0	0	515	415	
4	0	0	0	0	505	407	
5	0	0	0	0	495	408	
6	0	0	0	0	489	415	
7	0	0	0	0	487	427	
8	0	0	0	0	492	439	
9	0	0	0	0	505	457	
10	0	0	0	0	519	479	
11	0	0	0	0	536	508	
12	0	0	0	0	554	536	
13	0	0	0	0	567	559	
14	0	0	0	0	571	578	
15	0	0	0	0	572	586	
0	0	0	0	0	575	583	
1	0	0	0	0	576	568	
2	0	0	0	0	565	546	
3	0	0	0	0	547	521	
4	0	0	0	0	527	502	
5	0	0	0	0	506	489	
6	0	0	0	0	489	486	
7	0	0	0	0	477	487	
8	0	0	0	0	475	491	
9	0	0	0	0	476	490	
10	0	0	0	0	476	481	
11	0	0	0	0	475	468	
12	0	0	0	0	473	453	
13	0	0	0	0	475	440	
14	0	0	0	0	486	435	
15	0	0	0	0	498	433	
0	0	0	0	0	515	433	
1	0	0	0	0	528	439	
2	0	0	0	0	535	451	
3	0	0	0	0	545	465	
4	0	0	0	0	560	481	
5	0	0	0	0	569	499	
6	0	0	0	0	578	519	
7	0	0	0	0	591	537	
8	0	0	0	0	598	550	
9	0	0	0	0	606	558	
10	0	0	0	0	607	565	
11	0	0	0	0	607	568	
12	0	0	0	0	607	567	
13	0	0	0	0	600	558	
14	0	0	0	0	588	545	
15	0	0	0	0	576	532	
0	0	0	0	0	563	522	
1	0	0	0	0	545	509	
2	0	0	0	0	523	496	
3	0	0	0	0	502	489	
4	0	0	0	0	495	491	
5	0	0	0	0	495	499	
6	0	0	0	0	496	514	
7	0	0	0	0	504	527	
8	0	0	0	0	514	537	
9	0	0	0	0	522	542	
10	0	0	0	0	528	543	
11	0	0	0	0	534	540	
12	0	0	0	0	534	530	
13	0	0	0	0	532	513	
14	0	0	0	0	531	495	
15	0	0	0	0	533	478	
0	0	0	0	0	536	464	
1	0	0	0	0	537	454	
2	0	0	0	0	539	448	
3	0	0	0	0	540	449	
4	0	0	0	0	543	456	
5	0	0	0	0	551	468	
6	0	0	0	0	555	483	
7	0	0	0	0	560	500	
8	0	0	0	0	561	524	
9	0	0	0	0	569	546	
10	0	0	0	0	583	566	
11	0	0	0	0	593	582	
12	0	0	0	0	601	599	
13	0	0	0	0	604	616	
14	0	0	0	0	604	630	
15	0	0	0	0	602	629	
0	0	0	0	0	604	619	
1	0	0	0	0	611	610	
2	0	0	0	0	614	601	
3	0	0	0	0	612	590	
4	0	0	0	0	609	575	
5	0	0	0	0	605	559	
6	0	0	0	0	603	544	
7	0	0	0	0	595	529	
8	0	0	0	0	590	516	
9	0	0	0	0	586	505	
10	0	0	0	0	583	494	
11	0	0	0	0	581	485	
12	0	0	0	0	583	481	
13	0	0	0	0	583	483	
14	0	0	0	0	583	491	
15	0	0	0	0	583	499	
0	0	0	0	0	583	508	
1	0	0	0	0	580	513	
2	0	0	0	0	581	519	
3	0	0	0	0	580	524	
4	0	0	0	0	583	535	
5	0	0	0	0	585	552	
6	0	0	0	0	583	571	
7	0	0	0	0	574	585	
8	0	0	0	0	566	592	
9	0	0	0	0	553	595	
10	0	0	0	0	552	597	
11	0	0	0	0	558	597	
12	0	0	0	0	569	599	
13	0	0	0	0	582	606	
14	0	0	0	0	591	608	
15	0	0	0	0	593	610	
0	0	0	0	0	595	610	
1	0	0	0	0	601	614	
2	0	0	0	0	607	621	
3	0	0	0	0	609	630	
4	0	0	0	0	606	625	
5	0	0	0	0	600	615	
6	0	0	0	0	589	596	
7	0	0	0	0	573	569	
8	0	0	0	0	555	537	
9	0	0	0	0	541	499	
10	0	0	0	0	534	463	
11	0	0	0	0	531	435	
12	0	0	0	0	531	419	
13	0	0	0	0	534	406	
14	0	0	0	0	542	403	
15	0	0	0	0	551	402	
0	0	0	0	0	557	409	
1	0	0	0	0	561	419	
2	0	0	0	0	560	436	
3	0	0	0	0	560	460	
4	0	0	0	0	559	487	
5	0	0	0	0	558	515	
6	0	0	0	0	559	540	
7	0	0	0	0	561	565	
8	0	0	0	0	565	580	
9	0	0	0	0	572	589	
10	0	0	0	0	574	586	
11	0	0	0	0	569	577	
12	0	0	0	0	553	563	
13	0	0	0	0	531	543	
14	0	0	0	0	512	519	
15	0	0	0	0	494	498	
0	0	0	0	0	478	477	
1	0	0	0	0	467	462	
2	0	0	0	0	468	453	
3	0	0	0	0	479	448	
4	0	0	0	0	493	452	
5	0	0	0	0	508	475	
6	0	0	0	0	523	509	
7	0	0	0	0	531	550	
8	0	0	0	0	535	591	
9	0	0	0	0	531	628	
10	0	0	0	0	531	653	
11	0	0	0	0	533	663	
12	0	0	0	0	540	656	
13	0	0	0	0	548	635	
14	0	0	0	0	553	605	
15	0	0	0	0	555	564	
0	0	0	0	0	553	521	
1	0	0	0	0	550	478	
2	0	0	0	0	551	435	
3	0	0	0	0	555	402	
4	0	0	0	0	556	374	
5	0	0	0	0	547	358	
6	0	0	0	0	536	352	
7	0	0	0	0	525	354	
8	0	0	0	0	516	360	
9	0	0	0	0	510	366	
10	0	0	0	0	503	372	
11	0	0	0	0	497	379	
12	0	0	0	0	492	388	
13	0	0	0	0	485	399	
14	0	0	0	0	483	412	
15	0	0	0	0	482	432	
0	0	0	0	0	487	458	
1	0	0	0	0	496	489	
2	0	0	0	0	505	517	
3	0	0	0	0	512	541	
4	0	0	0	0	523	557	
5	0	0	0	0	528	560	
6	0	0	0	0	531	547	
7	0	0	0	0	531	522	
8	0	0	0	0	531	499	
9	0	0	0	0	525	479	
10	0	0	0	0	515	467	
11	0	0	0	0	503	463	
12	0	0	0	0	483	466	
13	0	0	0	0	464	469	
14	0	0	0	0	452	470	
15	0	0	0	0	448	472	
0	0	0	0	0	447	475	
1	0	0	0	0	452	480	
2	0	0	0	0	465	486	
3	0	0	0	0	481	489	
4	0	0	0	0	499	487	
5	0	0	0	0	515	484	
6	0	0	0	0	527	487	
7	0	0	0	0	534	487	
8	0	0	0	0	533	485	
9	0	0	0	0	527	483	
10	0	0	0	0	519	479	
11	0	0	0	0	513	467	
12	0	0	0	0	510	456	
13	0	0	0	0	509	443	
14	0	0	0	0	511	438	
15	0	0	0	0	508	440	
0	0	0	0	0	504	448	
1	0	0	0	0	498	456	
2	0	0	0	0	499	468	
3	0	0	0	0	505	486	
4	0	0	0	0	516	502	
5	0	0	0	0	526	515	
6	0	0	0	0	534	524	
7	0	0	0	0	543	528	
8	0	0	0	0	554	523	
9	0	0	0	0	561	514	
10	0	0	0	0	567	501	
11	0	0	0	0	572	491	
12	0	0	0	0	569	487	
13	0	0	0	0	562	488	
14	0	0	0	0	551	491	
15	0	0	0	0	541	487	
0	0	0	0	0	530	477	
1	0	0	0	0	514	461	
2	0	0	0	0	501	442	
3	0	0	0	0	491	431	
4	0	0	0	0	485	420	
5	0	0	0	0	478	414	
6	0	0	0	0	471	411	
7	0	0	0	0	461	413	
8	0	0	0	0	452	415	
9	0	0	0	0	446	423	
10	0	0	0	0	445	436	
11	0	0	0	0	454	454	
12	0	0	0	0	468	476	
13	0	0	0	0	487	492	
14	0	0	0	0	504	505	
15	0	0	0	0	518	514	
0	0	0	0	0	527	516	
1	0	0	0	0	533	521	
2	0	0	0	0	534	526	
3	0	0	0	0	536	531	
4	0	0	0	0	535	536	
5	0	0	0	0	529	547	
6	0	0	0	0	520	563	
7	0	0	0	0	510	581	
8	0	0	0	0	502	596	
9	0	0	0	0	491	609	
10	0	0	0	0	483	614	
11	0	0	0	0	481	612	
12	0	0	0	0	479	600	
13	0	0	0	0	479	595	
14	0	0	0	0	484	590	
15	0	0	0	0	490	579	
0	0	0	0	0	496	558	
1	0	0	0	0	500	536	
2	0	0	0	0	503	511	
3	0	0	0	0	498	484	
4	0	0	0	0	485	462	
5	0	0	0	0	474	452	
6	0	0	0	0	465	448	
7	0	0	0	0	461	451	
8	0	0	0	0	463	463	
9	0	0	0	0	472	478	
10	0	0	0	0	482	496	
11	0	0	0	0	490	513	
12	0	0	0	0	498	531	
13	0	0	0	0	499	545	
14	0	0	0	0	497	551	
15	0	0	0	0	492	552	
0	0	0	0	0	484	552	
1	0	0	0	0	477	551	
2	0	0	0	0	470	547	
3	0	0	0	0	472	538	
4	0	0	0	0	476	526	
5	0	0	0	0	480	514	
6	0	0	0	0	488	505	
7	0	0	0	0	490	499	
8	0	0	0	0	484	499	
9	0	0	0	0	476	506	
10	0	0	0	0	470	515	
11	0	0	0	0	474	531	
12	0	0	0	0	483	550	
13	0	0	0	0	492	571	
14	0	0	0	0	504	589	
15	0	0	0	0	515	599	
0	0	0	0	0	521	603	
1	0	0	0	0	522	598	
2	0	0	0	0	519	588	
3	0	0	0	0	519	574	
4	0	0	0	0	518	559	
5	0	0	0	0	511	542	
6	0	0	0	0	499	519	
7	0	0	0	0	484	499	
8	0	0	0	0	470	483	
9	0	0	0	0	462	473	
10	0	0	0	0	460	471	
11	0	0	0	0	463	476	
12	0	0	0	0	472	487	
13	0	0	0	0	477	499	
14	0	0	0	0	477	519	
15	0	0	0	0	472	542	
0	0	0	0	0	463	562	
1	0	0	0	0	451	572	
2	0	0	0	0	439	572	
3	0	0	0	0	429	561	
4	0	0	0	0	428	547	
5	0	0	0	0	432	528	
6	0	0	0	0	439	506	
7	0	0	0	0	448	486	
8	0	0	0	0	460	471	
9	0	0	0	0	468	462	
10	0	0	0	0	471	459	
11	0	0	0	0	476	456	
12	0	0	0	0	483	455	
13	0	0	0	0	480	457	
14	0	0	0	0	476	462	
15	0	0	0	0	471	471	
0	0	0	0	0	466	476	
1	0	0	0	0	462	482	
2	0	0	0	0	460	496	
3	0	0	0	0	456	511	
4	0	0	0	0	458	529	
5	0	0	0	0	462	545	
6	0	0	0	0	469	556	
7	0	0	0	0	476	563	
8	0	0	0	0	483	571	
9	0	0	0	0	486	576	
10	0	0	0	0	485	580	
11	0	0	0	0	487	582	
12	0	0	0	0	491	582	
13	0	0	0	0	499	583	
14	0	0	0	0	510	584	
15	0	0	0	0	524	582	
0	0	0	0	0	541	573	
1	0	0	0	0	555	562	
2	0	0	0	0	561	557	
3	0	0	0	0	557	556	
4	0	0	0	0	548	559	
5	0	0	0	0	530	566	
6	0	0	0	0	501	568	
7	0	0	0	0	462	570	
8	0	0	0	0	426	569	
9	0	0	0	0	387	561	
10	0	0	0	0	352	547	
11	0	0	0	0	324	525	
