# OpenSignals Text File Format. Version 1
# {"98:D3:41:FE:30:BA": {"position": 0, "device": "bitalino_rev", "device name": "98:D3:41:FE:30:BA", "device connection": "BTH98:D3:41:FE:30:BA", "sampling rate": 1000, "resolution": [4, 1, 1, 1, 1, 10, 10], "firmware version": 1282, "comments": "", "keywords": "", "mode": 0, "sync interval": 2, "date": "2026-9-25", "time": "12:18:31.949", "channels": [1, 2], "sensor": ["EEGBITREV", "EEGBITREV"], "label": ["A1", "A2"], "column": ["nSeq", "I1", "I2", "O1", "O2", "A1", "A2"], "special": [{}, {}], "digital IO": [0, 0, 1, 1]}}
# EndOfHeader
0	0	0	0	0	566	390	
1	0	0	0	0	572	387	
2	0	0	0	0	586	381	
3	0	0	0	0	601	381	
4	0	0	0	0	606	375	
5	0	0	0	0	607	363	
6	0	0	0	0	604	349	
7	0	0	0	0	597	333	
8	0	0	0	0	591	327	
9	0	0	0	0	584	319	
10	0	0	0	0	577	314	
11	0	0	0	0	574	317	
12	0	0	0	0	577	319	
13	0	0	0	0	579	330	
14	0	0	0	0	582	335	
15	0	0	0	0	583	336	
0	0	0	0	0	585	342	
1	0	0	0	0	579	344	
2	0	0	0	0	569	342	
3	0	0	0	0	559	340	
4	0	0	0	0	550	336	
5	0	0	0	0	545	331	
6	0	0	0	0	540	323	
7	0	0	0	0	543	311	
8	0	0	0	0	544	302	
9	0	0	0	0	551	298	
10	0	0	0	0	562	298	
11	0	0	0	0	571	313	
12	0	0	0	0	581	318	
13	0	0	0	0	591	317	
14	0	0	0	0	599	316	
15	0	0	0	0	600	304	
0	0	0	0	0	597	293	
1	0	0	0	0	596	278	
2	0	0	0	0	603	256	
3	0	0	0	0	616	250	
4	0	0	0	0	624	236	
5	0	0	0	0	627	225	
6	0	0	0	0	631	217	
7	0	0	0	0	628	213	
8	0	0	0	0	620	216	
9	0	0	0	0	610	218	
10	0	0	0	0	601	213	
11	0	0	0	0	596	212	
12	0	0	0	0	592	207	
13	0	0	0	0	592	194	
14	0	0	0	0	596	195	
15	0	0	0	0	602	189	
0	0	0	0	0	607	182	
1	0	0	0	0	609	175	
2	0	0	0	0	611	171	
3	0	0	0	0	608	175	
4	0	0	0	0	607	179	
5	0	0	0	0	607	175	
6	0	0	0	0	607	179	
7	0	0	0	0	609	171	
8	0	0	0	0	614	159	
9	0	0	0	0	615	157	
10	0	0	0	0	614	150	
11	0	0	0	0	615	142	
12	0	0	0	0	615	135	
13	0	0	0	0	615	126	
14	0	0	0	0	612	126	
15	0	0	0	0	611	120	
0	0	0	0	0	616	107	
1	0	0	0	0	622	109	
2	0	0	0	0	630	106	
3	0	0	0	0	636	106	
4	0	0	0	0	646	110	
5	0	0	0	0	655	106	
6	0	0	0	0	662	107	
7	0	0	0	0	664	107	
8	0	0	0	0	665	102	
9	0	0	0	0	665	107	
10	0	0	0	0	664	105	
11	0	0	0	0	664	90	
12	0	0	0	0	669	86	
13	0	0	0	0	678	73	
14	0	0	0	0	677	53	
15	0	0	0	0	670	46	
0	0	0	0	0	658	36	
1	0	0	0	0	643	24	
2	0	0	0	0	624	8	
3	0	0	0	0	603	0	
4	0	0	0	0	583	0	
5	0	0	0	0	566	0	
6	0	0	0	0	557	0	
7	0	0	0	0	555	0	
8	0	0	0	0	556	0	
9	0	0	0	0	561	0	
10	0	0	0	0	569	0	
11	0	0	0	0	584	0	
12	0	0	0	0	602	0	
13	0	0	0	0	623	0	
14	0	0	0	0	640	23	
15	0	0	0	0	649	33	
0	0	0	0	0	652	37	
1	0	0	0	0	651	31	
2	0	0	0	0	648	30	
3	0	0	0	0	643	23	
4	0	0	0	0	635	11	
5	0	0	0	0	625	7	
6	0	0	0	0	614	0	
7	0	0	0	0	607	0	
8	0	0	0	0	604	0	
9	0	0	0	0	599	0	
10	0	0	0	0	595	0	
11	0	0	0	0	591	0	
12	0	0	0	0	588	0	
13	0	0	0	0	584	0	
14	0	0	0	0	586	0	
15	0	0	0	0	588	0	
0	0	0	0	0	591	0	
1	0	0	0	0	592	0	
2	0	0	0	0	595	0	
3	0	0	0	0	602	0	
4	0	0	0	0	614	0	
5	0	0	0	0	636	0	
6	0	0	0	0	655	0	
7	0	0	0	0	671	0	
8	0	0	0	0	685	0	
9	0	0	0	0	691	19	
10	0	0	0	0	688	30	
11	0	0	0	0	675	35	
12	0	0	0	0	657	37	
13	0	0	0	0	640	37	
14	0	0	0	0	620	30	
15	0	0	0	0	598	26	
0	0	0	0	0	575	15	
1	0	0	0	0	553	3	
2	0	0	0	0	540	0	
3	0	0	0	0	529	0	
4	0	0	0	0	518	0	
5	0	0	0	0	513	0	
6	0	0	0	0	515	0	
7	0	0	0	0	525	0	
8	0	0	0	0	543	44	
9	0	0	0	0	561	56	
10	0	0	0	0	577	79	
11	0	0	0	0	588	95	
12	0	0	0	0	594	109	
13	0	0	0	0	600	118	
14	0	0	0	0	603	123	
15	0	0	0	0	608	135	
0	0	0	0	0	614	142	
1	0	0	0	0	616	136	
2	0	0	0	0	614	143	
3	0	0	0	0	612	139	
4	0	0	0	0	605	138	
5	0	0	0	0	595	138	
6	0	0	0	0	582	139	
7	0	0	0	0	566	142	
8	0	0	0	0	552	147	
9	0	0	0	0	537	148	
10	0	0	0	0	526	156	
11	0	0	0	0	519	162	
12	0	0	0	0	518	163	
13	0	0	0	0	519	180	
14	0	0	0	0	521	192	
15	0	0	0	0	527	202	
0	0	0	0	0	534	218	
1	0	0	0	0	543	227	
2	0	0	0	0	550	243	
3	0	0	0	0	554	252	
4	0	0	0	0	554	253	
5	0	0	0	0	549	259	
6	0	0	0	0	545	250	
7	0	0	0	0	539	240	
8	0	0	0	0	536	223	
9	0	0	0	0	546	204	
10	0	0	0	0	564	196	
11	0	0	0	0	583	197	
12	0	0	0	0	593	197	
13	0	0	0	0	592	215	
14	0	0	0	0	582	226	
15	0	0	0	0	566	235	
0	0	0	0	0	546	244	
1	0	0	0	0	527	253	
2	0	0	0	0	510	266	
3	0	0	0	0	500	273	
4	0	0	0	0	497	275	
5	0	0	0	0	501	283	
6	0	0	0	0	508	285	
7	0	0	0	0	514	287	
8	0	0	0	0	513	290	
9	0	0	0	0	513	289	
10	0	0	0	0	512	291	
11	0	0	0	0	515	291	
12	0	0	0	0	517	291	
13	0	0	0	0	524	306	
14	0	0	0	0	534	321	
15	0	0	0	0	541	327	
0	0	0	0	0	545	343	
1	0	0	0	0	548	352	
2	0	0	0	0	551	362	
3	0	0	0	0	551	369	
4	0	0	0	0	547	376	
5	0	0	0	0	543	379	
6	0	0	0	0	540	380	
7	0	0	0	0	535	379	
8	0	0	0	0	530	381	
9	0	0	0	0	529	376	
10	0	0	0	0	531	373	
11	0	0	0	0	537	367	
12	0	0	0	0	545	366	
13	0	0	0	0	551	369	
14	0	0	0	0	551	368	
15	0	0	0	0	548	368	
0	0	0	0	0	547	368	
1	0	0	0	0	547	366	
2	0	0	0	0	548	371	
3	0	0	0	0	551	379	
4	0	0	0	0	557	389	
5	0	0	0	0	563	402	
6	0	0	0	0	565	410	
7	0	0	0	0	567	413	
8	0	0	0	0	566	423	
9	0	0	0	0	563	430	
10	0	0	0	0	564	439	
11	0	0	0	0	564	447	
12	0	0	0	0	563	454	
13	0	0	0	0	558	460	
14	0	0	0	0	555	465	
15	0	0	0	0	558	471	
0	0	0	0	0	570	488	
1	0	0	0	0	576	510	
2	0	0	0	0	574	532	
3	0	0	0	0	572	548	
4	0	0	0	0	567	555	
5	0	0	0	0	560	555	
6	0	0	0	0	552	554	
7	0	0	0	0	549	549	
8	0	0	0	0	548	543	
9	0	0	0	0	547	538	
10	0	0	0	0	547	532	
11	0	0	0	0	543	531	
12	0	0	0	0	539	533	
13	0	0	0	0	534	536	
14	0	0	0	0	528	535	
15	0	0	0	0	523	537	
0	0	0	0	0	523	541	
1	0	0	0	0	527	547	
2	0	0	0	0	529	556	
3	0	0	0	0	536	561	
4	0	0	0	0	541	567	
5	0	0	0	0	547	570	
6	0	0	0	0	551	568	
7	0	0	0	0	551	566	
8	0	0	0	0	551	562	
9	0	0	0	0	550	558	
10	0	0	0	0	551	558	
11	0	0	0	0	553	555	
12	0	0	0	0	559	551	
13	0	0	0	0	563	545	
14	0	0	0	0	564	540	
15	0	0	0	0	568	534	
0	0	0	0	0	569	529	
1	0	0	0	0	571	526	
2	0	0	0	0	574	527	
3	0	0	0	0	572	531	
4	0	0	0	0	572	534	
5	0	0	0	0	571	536	
6	0	0	0	0	569	534	
7	0	0	0	0	565	530	
8	0	0	0	0	558	529	
9	0	0	0	0	550	528	
10	0	0	0	0	539	527	
11	0	0	0	0	530	523	
12	0	0	0	0	524	519	
13	0	0	0	0	527	517	
14	0	0	0	0	537	525	
15	0	0	0	0	551	542	
0	0	0	0	0	567	560	
1	0	0	0	0	583	578	
2	0	0	0	0	596	596	
3	0	0	0	0	604	611	
4	0	0	0	0	608	620	
5	0	0	0	0	609	627	
6	0	0	0	0	608	627	
7	0	0	0	0	603	620	
8	0	0	0	0	598	614	
9	0	0	0	0	595	608	
10	0	0	0	0	591	601	
11	0	0	0	0	588	592	
12	0	0	0	0	579	580	
13	0	0	0	0	575	568	
14	0	0	0	0	577	557	
15	0	0	0	0	583	547	
0	0	0	0	0	580	539	
1	0	0	0	0	572	536	
2	0	0	0	0	565	533	
3	0	0	0	0	555	531	
4	0	0	0	0	545	531	
5	0	0	0	0	536	532	
6	0	0	0	0	527	540	
7	0	0	0	0	517	547	
8	0	0	0	0	506	558	
9	0	0	0	0	492	569	
10	0	0	0	0	483	581	
11	0	0	0	0	477	593	
12	0	0	0	0	473	606	
13	0	0	0	0	469	616	
14	0	0	0	0	465	623	
15	0	0	0	0	462	629	
0	0	0	0	0	460	632	
1	0	0	0	0	460	633	
2	0	0	0	0	463	631	
3	0	0	0	0	471	633	
4	0	0	0	0	477	636	
5	0	0	0	0	479	637	
6	0	0	0	0	480	640	
7	0	0	0	0	477	639	
8	0	0	0	0	470	632	
9	0	0	0	0	462	633	
10	0	0	0	0	457	634	
11	0	0	0	0	449	633	
12	0	0	0	0	441	630	
13	0	0	0	0	437	624	
14	0	0	0	0	437	618	
15	0	0	0	0	444	611	
0	0	0	0	0	450	603	
1	0	0	0	0	451	598	
2	0	0	0	0	451	600	
3	0	0	0	0	455	596	
4	0	0	0	0	456	595	
5	0	0	0	0	456	597	
6	0	0	0	0	457	601	
7	0	0	0	0	455	609	
8	0	0	0	0	457	617	
9	0	0	0	0	468	626	
10	0	0	0	0	492	637	
11	0	0	0	0	511	641	
12	0	0	0	0	514	643	
13	0	0	0	0	512	645	
14	0	0	0	0	507	645	
15	0	0	0	0	496	644	
0	0	0	0	0	480	642	
1	0	0	0	0	462	641	
2	0	0	0	0	444	644	
3	0	0	0	0	433	648	
4	0	0	0	0	430	654	
5	0	0	0	0	432	664	
6	0	0	0	0	440	676	
7	0	0	0	0	449	689	
8	0	0	0	0	460	700	
9	0	0	0	0	478	714	
10	0	0	0	0	499	732	
11	0	0	0	0	516	748	
12	0	0	0	0	530	763	
13	0	0	0	0	541	768	
14	0	0	0	0	546	762	
15	0	0	0	0	543	752	
0	0	0	0	0	534	737	
1	0	0	0	0	519	722	
2	0	0	0	0	506	707	
3	0	0	0	0	497	694	
4	0	0	0	0	493	681	
5	0	0	0	0	493	670	
6	0	0	0	0	493	663	
7	0	0	0	0	493	658	
8	0	0	0	0	490	656	
9	0	0	0	0	484	654	
10	0	0	0	0	478	653	
11	0	0	0	0	476	655	
12	0	0	0	0	472	659	
13	0	0	0	0	473	666	
14	0	0	0	0	474	669	
15	0	0	0	0	472	676	
0	0	0	0	0	469	683	
1	0	0	0	0	463	690	
2	0	0	0	0	464	694	
3	0	0	0	0	464	695	
4	0	0	0	0	463	696	
5	0	0	0	0	461	696	
6	0	0	0	0	456	694	
7	0	0	0	0	448	691	
8	0	0	0	0	447	686	
9	0	0	0	0	449	685	
10	0	0	0	0	449	686	
11	0	0	0	0	447	686	
12	0	0	0	0	448	689	
13	0	0	0	0	452	689	
14	0	0	0	0	455	689	
15	0	0	0	0	457	684	
0	0	0	0	0	460	677	
1	0	0	0	0	466	671	
2	0	0	0	0	480	668	
3	0	0	0	0	499	671	
4	0	0	0	0	520	672	
5	0	0	0	0	529	676	
6	0	0	0	0	528	681	
7	0	0	0	0	521	686	
8	0	0	0	0	507	692	
9	0	0	0	0	488	698	
10	0	0	0	0	473	701	
11	0	0	0	0	462	702	
12	0	0	0	0	458	703	
13	0	0	0	0	461	704	
14	0	0	0	0	464	711	
15	0	0	0	0	463	717	
0	0	0	0	0	464	728	
1	0	0	0	0	464	743	
2	0	0	0	0	464	748	
3	0	0	0	0	460	759	
4	0	0	0	0	453	771	
5	0	0	0	0	448	781	
6	0	0	0	0	444	789	
7	0	0	0	0	444	799	
8	0	0	0	0	451	798	
9	0	0	0	0	460	787	
10	0	0	0	0	471	771	
11	0	0	0	0	477	754	
12	0	0	0	0	480	743	
13	0	0	0	0	486	726	
14	0	0	0	0	487	712	
15	0	0	0	0	489	705	
0	0	0	0	0	488	696	
1	0	0	0	0	487	696	
2	0	0	0	0	485	701	
3	0	0	0	0	478	703	
4	0	0	0	0	473	704	
5	0	0	0	0	470	712	
6	0	0	0	0	464	721	
7	0	0	0	0	459	734	
8	0	0	0	0	454	743	
9	0	0	0	0	458	746	
10	0	0	0	0	467	737	
11	0	0	0	0	485	724	
12	0	0	0	0	510	710	
13	0	0	0	0	519	698	
14	0	0	0	0	517	687	
15	0	0	0	0	508	675	
0	0	0	0	0	494	667	
1	0	0	0	0	476	664	
2	0	0	0	0	459	667	
3	0	0	0	0	443	670	
4	0	0	0	0	428	677	
5	0	0	0	0	422	681	
6	0	0	0	0	423	685	
7	0	0	0	0	430	694	
8	0	0	0	0	439	691	
9	0	0	0	0	450	691	
10	0	0	0	0	463	689	
11	0	0	0	0	478	689	
12	0	0	0	0	488	687	
13	0	0	0	0	494	683	
14	0	0	0	0	499	677	
15	0	0	0	0	504	674	
0	0	0	0	0	510	665	
1	0	0	0	0	513	664	
2	0	0	0	0	519	664	
3	0	0	0	0	525	677	
4	0	0	0	0	532	691	
5	0	0	0	0	539	704	
6	0	0	0	0	543	708	
7	0	0	0	0	550	706	
8	0	0	0	0	552	698	
9	0	0	0	0	551	686	
10	0	0	0	0	547	675	
11	0	0	0	0	543	664	
12	0	0	0	0	539	660	
13	0	0	0	0	537	656	
14	0	0	0	0	539	654	
15	0	0	0	0	540	654	
0	0	0	0	0	540	651	
1	0	0	0	0	544	647	
2	0	0	0	0	556	645	
3	0	0	0	0	563	644	
4	0	0	0	0	563	644	
5	0	0	0	0	558	642	
6	0	0	0	0	553	640	
7	0	0	0	0	548	642	
8	0	0	0	0	541	648	
9	0	0	0	0	536	659	
10	0	0	0	0	532	675	
11	0	0	0	0	534	692	
12	0	0	0	0	541	707	
13	0	0	0	0	551	715	
14	0	0	0	0	562	722	
15	0	0	0	0	570	734	
0	0	0	0	0	578	745	
1	0	0	0	0	582	753	
2	0	0	0	0	587	761	
3	0	0	0	0	594	765	
4	0	0	0	0	604	768	
5	0	0	0	0	609	766	
6	0	0	0	0	610	761	
7	0	0	0	0	606	752	
8	0	0	0	0	599	739	
9	0	0	0	0	588	723	
10	0	0	0	0	580	711	
11	0	0	0	0	578	701	
12	0	0	0	0	579	696	
13	0	0	0	0	584	692	
14	0	0	0	0	590	695	
15	0	0	0	0	601	700	
0	0	0	0	0	612	707	
1	0	0	0	0	619	714	
2	0	0	0	0	619	723	
3	0	0	0	0	611	728	
4	0	0	0	0	601	734	
5	0	0	0	0	587	744	
6	0	0	0	0	568	759	
7	0	0	0	0	548	775	
8	0	0	0	0	534	785	
9	0	0	0	0	523	798	
10	0	0	0	0	515	803	
11	0	0	0	0	516	808	
12	0	0	0	0	523	801	
13	0	0	0	0	532	796	
14	0	0	0	0	540	791	
15	0	0	0	0	546	789	
0	0	0	0	0	549	786	
1	0	0	0	0	551	785	
2	0	0	0	0	548	783	
3	0	0	0	0	549	784	
4	0	0	0	0	552	780	
5	0	0	0	0	553	777	
6	0	0	0	0	556	780	
7	0	0	0	0	556	781	
8	0	0	0	0	555	784	
9	0	0	0	0	555	788	
10	0	0	0	0	561	790	
11	0	0	0	0	576	793	
12	0	0	0	0	597	796	
13	0	0	0	0	615	797	
14	0	0	0	0	628	799	
15	0	0	0	0	639	803	
0	0	0	0	0	643	807	
1	0	0	0	0	643	808	
2	0	0	0	0	642	811	
3	0	0	0	0	644	816	
4	0	0	0	0	644	817	
5	0	0	0	0	640	820	
6	0	0	0	0	638	820	
7	0	0	0	0	630	818	
8	0	0	0	0	617	812	
9	0	0	0	0	601	805	
10	0	0	0	0	584	799	
11	0	0	0	0	569	796	
12	0	0	0	0	556	792	
13	0	0	0	0	543	785	
14	0	0	0	0	534	780	
15	0	0	0	0	527	776	
0	0	0	0	0	520	772	
1	0	0	0	0	517	765	
2	0	0	0	0	518	763	
3	0	0	0	0	518	767	
4	0	0	0	0	523	772	
5	0	0	0	0	533	774	
6	0	0	0	0	543	777	
7	0	0	0	0	550	782	
8	0	0	0	0	558	790	
9	0	0	0	0	560	801	
10	0	0	0	0	557	812	
11	0	0	0	0	553	822	
12	0	0	0	0	546	833	
13	0	0	0	0	540	845	
14	0	0	0	0	531	856	
15	0	0	0	0	520	860	
0	0	0	0	0	513	866	
1	0	0	0	0	512	873	
2	0	0	0	0	514	884	
3	0	0	0	0	519	886	
4	0	0	0	0	521	886	
5	0	0	0	0	518	885	
6	0	0	0	0	515	886	
7	0	0	0	0	510	895	
8	0	0	0	0	504	897	
9	0	0	0	0	500	905	
10	0	0	0	0	499	913	
11	0	0	0	0	500	917	
12	0	0	0	0	501	921	
13	0	0	0	0	498	918	
14	0	0	0	0	493	912	
15	0	0	0	0	483	906	
0	0	0	0	0	478	900	
1	0	0	0	0	479	894	
2	0	0	0	0	482	885	
3	0	0	0	0	480	877	
4	0	0	0	0	469	870	
5	0	0	0	0	462	860	
6	0	0	0	0	457	854	
7	0	0	0	0	454	852	
8	0	0	0	0	452	855	
9	0	0	0	0	454	862	
10	0	0	0	0	458	872	
11	0	0	0	0	465	878	
12	0	0	0	0	472	881	
13	0	0	0	0	483	879	
14	0	0	0	0	484	881	
15	0	0	0	0	479	878	
0	0	0	0	0	474	883	
1	0	0	0	0	472	890	
2	0	0	0	0	469	899	
3	0	0	0	0	465	909	
4	0	0	0	0	462	917	
5	0	0	0	0	455	927	
6	0	0	0	0	449	936	
7	0	0	0	0	441	941	
8	0	0	0	0	436	944	
9	0	0	0	0	430	950	
10	0	0	0	0	424	953	
11	0	0	0	0	422	958	
12	0	0	0	0	419	964	
13	0	0	0	0	415	968	
14	0	0	0	0	413	972	
15	0	0	0	0	413	974	
0	0	0	0	0	413	978	
1	0	0	0	0	416	980	
2	0	0	0	0	427	982	
3	0	0	0	0	447	981	
4	0	0	0	0	470	977	
5	0	0	0	0	486	972	
6	0	0	0	0	497	964	
7	0	0	0	0	512	961	
8	0	0	0	0	525	963	
9	0	0	0	0	534	967	
10	0	0	0	0	536	966	
11	0	0	0	0	537	960	
12	0	0	0	0	532	952	
13	0	0	0	0	526	947	
14	0	0	0	0	520	949	
15	0	0	0	0	512	950	
0	0	0	0	0	504	945	
1	0	0	0	0	494	937	
2	0	0	0	0	481	928	
3	0	0	0	0	466	923	
4	0	0	0	0	454	920	
5	0	0	0	0	445	921	
6	0	0	0	0	438	929	
7	0	0	0	0	433	951	
8	0	0	0	0	432	968	
9	0	0	0	0	435	999	
10	0	0	0	0	436	1018	
11	0	0	0	0	441	1018	
12	0	0	0	0	448	1018	
13	0	0	0	0	452	1018	
14	0	0	0	0	452	1018	
15	0	0	0	0	448	1018	
0	0	0	0	0	439	1018	
1	0	0	0	0	429	1018	
2	0	0	0	0	423	1018	
3	0	0	0	0	417	1018	
4	0	0	0	0	410	972	
5	0	0	0	0	407	951	
6	0	0	0	0	407	934	
7	0	0	0	0	405	926	
8	0	0	0	0	404	920	
9	0	0	0	0	405	921	
10	0	0	0	0	408	926	
11	0	0	0	0	412	929	
12	0	0	0	0	414	941	
13	0	0	0	0	414	943	
14	0	0	0	0	414	950	
15	0	0	0	0	418	957	
0	0	0	0	0	430	965	
1	0	0	0	0	441	974	
2	0	0	0	0	447	979	
3	0	0	0	0	447	986	
4	0	0	0	0	443	1003	
5	0	0	0	0	440	1018	
6	0	0	0	0	429	1018	
7	0	0	0	0	414	1018	
8	0	0	0	0	397	1018	
9	0	0	0	0	381	1018	
10	0	0	0	0	372	1018	
11	0	0	0	0	368	1018	
12	0	0	0	0	369	1018	
13	0	0	0	0	375	1018	
14	0	0	0	0	385	1018	
15	0	0	0	0	395	1018	
0	0	0	0	0	403	1018	
1	0	0	0	0	410	1018	
2	0	0	0	0	415	1018	
3	0	0	0	0	415	1018	
4	0	0	0	0	410	1018	
5	0	0	0	0	396	1018	
6	0	0	0	0	377	1018	
7	0	0	0	0	355	976	
8	0	0	0	0	336	950	
9	0	0	0	0	325	927	
10	0	0	0	0	318	912	
11	0	0	0	0	316	915	
12	0	0	0	0	318	911	
13	0	0	0	0	320	916	
14	0	0	0	0	325	928	
15	0	0	0	0	329	941	
0	0	0	0	0	339	947	
1	0	0	0	0	343	947	
2	0	0	0	0	351	952	
3	0	0	0	0	358	958	
4	0	0	0	0	363	962	
5	0	0	0	0	368	968	
6	0	0	0	0	369	975	
7	0	0	0	0	370	981	
8	0	0	0	0	369	987	
9	0	0	0	0	365	992	
10	0	0	0	0	359	996	
11	0	0	0	0	358	1001	
12	0	0	0	0	359	1003	
13	0	0	0	0	359	1008	
14	0	0	0	0	359	1009	
15	0	0	0	0	363	1009	
0	0	0	0	0	368	1005	
1	0	0	0	0	376	998	
2	0	0	0	0	386	990	
3	0	0	0	0	396	983	
4	0	0	0	0	407	974	
5	0	0	0	0	417	965	
6	0	0	0	0	425	962	
7	0	0	0	0	430	953	
8	0	0	0	0	430	948	
9	0	0	0	0	429	944	
10	0	0	0	0	425	939	
11	0	0	0	0	416	938	
12	0	0	0	0	405	943	
13	0	0	0	0	395	947	
14	0	0	0	0	380	953	
15	0	0	0	0	368	953	
0	0	0	0	0	359	956	
1	0	0	0	0	350	957	
2	0	0	0	0	345	955	
3	0	0	0	0	344	956	
4	0	0	0	0	345	955	
5	0	0	0	0	353	950	
6	0	0	0	0	363	947	
7	0	0	0	0	368	935	
8	0	0	0	0	379	925	
9	0	0	0	0	397	923	
10	0	0	0	0	415	925	
11	0	0	0	0	422	928	
12	0	0	0	0	423	927	
13	0	0	0	0	426	920	
14	0	0	0	0	428	913	
15	0	0	0	0	428	903	
0	0	0	0	0	424	897	
1	0	0	0	0	419	896	
2	0	0	0	0	412	899	
3	0	0	0	0	407	900	
4	0	0	0	0	404	898	
5	0	0	0	0	399	889	
6	0	0	0	0	396	878	
7	0	0	0	0	391	867	
8	0	0	0	0	383	854	
9	0	0	0	0	376	839	
10	0	0	0	0	368	823	
11	0	0	0	0	360	810	
12	0	0	0	0	356	808	
13	0	0	0	0	354	808	
14	0	0	0	0	352	809	
15	0	0	0	0	352	808	
0	0	0	0	0	354	804	
1	0	0	0	0	359	799	
2	0	0	0	0	365	794	
3	0	0	0	0	373	788	
4	0	0	0	0	383	784	
5	0	0	0	0	392	770	
6	0	0	0	0	401	761	
7	0	0	0	0	410	752	
8	0	0	0	0	419	741	
9	0	0	0	0	428	736	
10	0	0	0	0	432	727	
11	0	0	0	0	435	721	
12	0	0	0	0	435	716	
13	0	0	0	0	433	713	
14	0	0	0	0	430	710	
15	0	0	0	0	425	711	
0	0	0	0	0	422	712	
1	0	0	0	0	416	715	
2	0	0	0	0	414	706	
3	0	0	0	0	409	701	
4	0	0	0	0	404	698	
5	0	0	0	0	399	698	
6	0	0	0	0	396	701	
7	0	0	0	0	395	703	
8	0	0	0	0	393	699	
9	0	0	0	0	391	696	
10	0	0	0	0	389	687	
11	0	0	0	0	387	684	
12	0	0	0	0	386	679	
13	0	0	0	0	385	672	
14	0	0	0	0	391	664	
15	0	0	0	0	395	662	
0	0	0	0	0	396	659	
1	0	0	0	0	396	659	
2	0	0	0	0	398	659	
3	0	0	0	0	400	662	
4	0	0	0	0	403	665	
5	0	0	0	0	409	657	
6	0	0	0	0	414	649	
7	0	0	0	0	417	645	
8	0	0	0	0	419	641	
9	0	0	0	0	423	632	
10	0	0	0	0	425	626	
11	0	0	0	0	432	620	
12	0	0	0	0	435	615	
13	0	0	0	0	444	612	
14	0	0	0	0	456	610	
15	0	0	0	0	466	610	
0	0	0	0	0	473	610	
1	0	0	0	0	476	611	
2	0	0	0	0	476	617	
3	0	0	0	0	474	622	
4	0	0	0	0	471	622	
5	0	0	0	0	464	622	
6	0	0	0	0	455	617	
7	0	0	0	0	444	611	
8	0	0	0	0	436	607	
9	0	0	0	0	426	600	
10	0	0	0	0	422	593	
11	0	0	0	0	420	585	
12	0	0	0	0	425	581	
13	0	0	0	0	432	575	
14	0	0	0	0	440	564	
15	0	0	0	0	447	551	
0	0	0	0	0	453	534	
1	0	0	0	0	457	519	
2	0	0	0	0	462	505	
3	0	0	0	0	467	492	
4	0	0	0	0	474	487	
5	0	0	0	0	479	481	
6	0	0	0	0	485	474	
7	0	0	0	0	492	469	
8	0	0	0	0	500	462	
9	0	0	0	0	511	458	
10	0	0	0	0	523	452	
11	0	0	0	0	529	448	
12	0	0	0	0	533	444	
13	0	0	0	0	536	441	
14	0	0	0	0	537	439	
15	0	0	0	0	536	439	
0	0	0	0	0	535	442	
1	0	0	0	0	537	443	
2	0	0	0	0	536	446	
3	0	0	0	0	532	447	
4	0	0	0	0	529	448	
5	0	0	0	0	525	451	
6	0	0	0	0	524	455	
7	0	0	0	0	526	454	
8	0	0	0	0	530	455	
9	0	0	0	0	533	454	
10	0	0	0	0	530	452	
11	0	0	0	0	525	450	
12	0	0	0	0	521	446	
13	0	0	0	0	518	444	
14	0	0	0	0	515	440	
15	0	0	0	0	516	438	
0	0	0	0	0	519	439	
1	0	0	0	0	521	436	
2	0	0	0	0	526	435	
3	0	0	0	0	543	437	
4	0	0	0	0	566	437	
5	0	0	0	0	584	435	
6	0	0	0	0	585	432	
7	0	0	0	0	575	419	
8	0	0	0	0	558	410	
9	0	0	0	0	532	394	
10	0	0	0	0	501	379	
11	0	0	0	0	474	367	
12	0	0	0	0	454	358	
13	0	0	0	0	440	359	
14	0	0	0	0	428	360	
15	0	0	0	0	425	365	
0	0	0	0	0	427	368	
1	0	0	0	0	432	368	
2	0	0	0	0	437	367	
3	0	0	0	0	443	363	
4	0	0	0	0	453	353	
5	0	0	0	0	463	346	
6	0	0	0	0	476	336	
7	0	0	0	0	490	327	
8	0	0	0	0	503	321	
9	0	0	0	0	512	316	
10	0	0	0	0	518	316	
11	0	0	0	0	524	314	
12	0	0	0	0	524	305	
13	0	0	0	0	523	307	
14	0	0	0	0	519	303	
15	0	0	0	0	512	305	
0	0	0	0	0	503	308	
1	0	0	0	0	493	308	
2	0	0	0	0	480	315	
3	0	0	0	0	473	316	
4	0	0	0	0	472	319	
5	0	0	0	0	473	316	
6	0	0	0	0	472	311	
7	0	0	0	0	477	309	
8	0	0	0	0	483	305	
9	0	0	0	0	486	301	
10	0	0	0	0	489	304	
11	0	0	0	0	494	300	
12	0	0	0	0	500	297	
13	0	0	0	0	504	289	
14	0	0	0	0	506	278	
15	0	0	0	0	507	278	
0	0	0	0	0	503	275	
1	0	0	0	0	502	274	
2	0	0	0	0	502	274	
3	0	0	0	0	499	273	
4	0	0	0	0	497	279	
5	0	0	0	0	496	279	
6	0	0	0	0	494	281	
7	0	0	0	0	491	279	
8	0	0	0	0	490	273	
9	0	0	0	0	491	271	
10	0	0	0	0	495	263	
11	0	0	0	0	502	249	
12	0	0	0	0	508	248	
13	0	0	0	0	512	245	
14	0	0	0	0	518	244	
15	0	0	0	0	523	236	
0	0	0	0	0	523	227	
1	0	0	0	0	524	240	
2	0	0	0	0	520	246	
3	0	0	0	0	514	254	
4	0	0	0	0	508	261	
5	0	0	0	0	501	263	
6	0	0	0	0	497	270	
7	0	0	0	0	492	272	
8	0	0	0	0	485	270	
9	0	0	0	0	481	277	
10	0	0	0	0	481	279	
11	0	0	0	0	485	279	
12	0	0	0	0	487	279	
13	0	0	0	0	488	277	
14	0	0	0	0	484	283	
15	0	0	0	0	479	289	
0	0	0	0	0	473	292	
1	0	0	0	0	465	296	
2	0	0	0	0	457	298	
3	0	0	0	0	455	300	
4	0	0	0	0	456	297	
5	0	0	0	0	459	287	
6	0	0	0	0	461	279	
7	0	0	0	0	463	264	
8	0	0	0	0	466	252	
9	0	0	0	0	470	236	
10	0	0	0	0	473	220	
11	0	0	0	0	480	215	
12	0	0	0	0	491	209	
13	0	0	0	0	509	207	
14	0	0	0	0	535	211	
15	0	0	0	0	559	211	
0	0	0	0	0	577	220	
1	0	0	0	0	589	222	
2	0	0	0	0	595	226	
3	0	0	0	0	594	228	
4	0	0	0	0	583	227	
5	0	0	0	0	568	231	
6	0	0	0	0	551	229	
7	0	0	0	0	533	229	
8	0	0	0	0	516	227	
9	0	0	0	0	501	222	
10	0	0	0	0	484	231	
11	0	0	0	0	469	245	
12	0	0	0	0	456	264	
13	0	0	0	0	449	283	
14	0	0	0	0	447	294	
15	0	0	0	0	448	305	
0	0	0	0	0	446	311	
1	0	0	0	0	446	314	
2	0	0	0	0	443	317	
3	0	0	0	0	443	318	
4	0	0	0	0	446	320	
5	0	0	0	0	451	320	
6	0	0	0	0	455	319	
7	0	0	0	0	462	323	
8	0	0	0	0	472	323	
9	0	0	0	0	482	326	
10	0	0	0	0	496	327	
11	0	0	0	0	512	325	
12	0	0	0	0	523	327	
13	0	0	0	0	533	325	
14	0	0	0	0	542	327	
15	0	0	0	0	547	326	
0	0	0	0	0	550	324	
1	0	0	0	0	551	330	
2	0	0	0	0	547	329	
3	0	0	0	0	544	328	
4	0	0	0	0	540	329	
5	0	0	0	0	538	331	
6	0	0	0	0	533	338	
7	0	0	0	0	526	345	
8	0	0	0	0	524	349	
9	0	0	0	0	525	358	
10	0	0	0	0	526	366	
11	0	0	0	0	526	373	
12	0	0	0	0	522	388	
13	0	0	0	0	516	400	
14	0	0	0	0	511	406	
15	0	0	0	0	505	407	
0	0	0	0	0	500	407	
1	0	0	0	0	499	408	
2	0	0	0	0	499	405	
3	0	0	0	0	499	402	
4	0	0	0	0	498	399	
5	0	0	0	0	496	392	
6	0	0	0	0	498	389	
7	0	0	0	0	500	387	
8	0	0	0	0	499	385	
9	0	0	0	0	499	383	
10	0	0	0	0	496	374	
11	0	0	0	0	495	362	
12	0	0	0	0	493	350	
13	0	0	0	0	496	342	
14	0	0	0	0	504	343	
15	0	0	0	0	515	347	
0	0	0	0	0	525	349	
1	0	0	0	0	532	353	
2	0	0	0	0	537	354	
3	0	0	0	0	540	347	
4	0	0	0	0	540	342	
5	0	0	0	0	545	329	
6	0	0	0	0	552	317	
7	0	0	0	0	555	324	
8	0	0	0	0	548	328	
9	0	0	0	0	536	331	
10	0	0	0	0	521	337	
11	0	0	0	0	505	339	
12	0	0	0	0	490	344	
13	0	0	0	0	475	351	
14	0	0	0	0	465	354	
15	0	0	0	0	459	357	
0	0	0	0	0	455	358	
1	0	0	0	0	455	361	
2	0	0	0	0	458	366	
3	0	0	0	0	462	367	
4	0	0	0	0	467	360	
5	0	0	0	0	473	356	
6	0	0	0	0	480	346	
7	0	0	0	0	484	342	
8	0	0	0	0	486	337	
9	0	0	0	0	487	332	
10	0	0	0	0	490	330	
11	0	0	0	0	493	328	
12	0	0	0	0	494	326	
13	0	0	0	0	495	323	
14	0	0	0	0	493	320	
15	0	0	0	0	492	319	
0	0	0	0	0	492	314	
1	0	0	0	0	495	311	
2	0	0	0	0	500	316	
3	0	0	0	0	504	318	
4	0	0	0	0	509	328	
5	0	0	0	0	515	348	
6	0	0	0	0	520	367	
7	0	0	0	0	525	378	
8	0	0	0	0	527	382	
9	0	0	0	0	530	387	
10	0	0	0	0	527	390	
11	0	0	0	0	521	392	
12	0	0	0	0	518	391	
13	0	0	0	0	514	390	
14	0	0	0	0	509	384	
15	0	0	0	0	504	380	
0	0	0	0	0	500	377	
1	0	0	0	0	499	376	
2	0	0	0	0	499	378	
3	0	0	0	0	506	380	
4	0	0	0	0	511	384	
5	0	0	0	0	513	390	
6	0	0	0	0	513	392	
7	0	0	0	0	518	396	
8	0	0	0	0	519	401	
9	0	0	0	0	518	407	
10	0	0	0	0	519	408	
11	0	0	0	0	518	411	
12	0	0	0	0	519	408	
13	0	0	0	0	522	403	
14	0	0	0	0	527	401	
15	0	0	0	0	531	399	
0	0	0	0	0	537	398	
1	0	0	0	0	543	394	
2	0	0	0	0	547	392	
3	0	0	0	0	549	393	
4	0	0	0	0	550	390	
5	0	0	0	0	546	388	
6	0	0	0	0	541	392	
7	0	0	0	0	536	396	
8	0	0	0	0	526	400	
9	0	0	0	0	519	408	
10	0	0	0	0	512	415	
11	0	0	0	0	507	423	
12	0	0	0	0	503	432	
13	0	0	0	0	497	440	
14	0	0	0	0	496	448	
15	0	0	0	0	495	459	
0	0	0	0	0	496	468	
1	0	0	0	0	497	474	
2	0	0	0	0	499	476	
3	0	0	0	0	500	475	
4	0	0	0	0	504	468	
5	0	0	0	0	508	462	
6	0	0	0	0	511	457	
7	0	0	0	0	511	455	
8	0	0	0	0	512	453	
9	0	0	0	0	513	451	
10	0	0	0	0	514	453	
11	0	0	0	0	513	460	
12	0	0	0	0	512	467	
13	0	0	0	0	507	471	
14	0	0	0	0	498	474	
15	0	0	0	0	493	474	
0	0	0	0	0	487	474	
1	0	0	0	0	484	473	
2	0	0	0	0	482	474	
3	0	0	0	0	481	479	
4	0	0	0	0	482	484	
5	0	0	0	0	483	491	
6	0	0	0	0	480	500	
7	0	0	0	0	474	507	
8	0	0	0	0	472	515	
9	0	0	0	0	470	519	
10	0	0	0	0	470	524	
11	0	0	0	0	470	527	
12	0	0	0	0	473	528	
13	0	0	0	0	476	529	
14	0	0	0	0	479	531	
15	0	0	0	0	483	530	
0	0	0	0	0	487	527	
1	0	0	0	0	486	519	
2	0	0	0	0	487	513	
3	0	0	0	0	490	506	
4	0	0	0	0	494	499	
5	0	0	0	0	499	495	
6	0	0	0	0	504	496	
7	0	0	0	0	506	498	
8	0	0	0	0	503	500	
9	0	0	0	0	500	503	
10	0	0	0	0	497	504	
11	0	0	0	0	497	505	
12	0	0	0	0	497	508	
13	0	0	0	0	494	510	
14	0	0	0	0	487	509	
15	0	0	0	0	483	509	
0	0	0	0	0	483	505	
1	0	0	0	0	493	503	
2	0	0	0	0	515	499	
3	0	0	0	0	539	496	
4	0	0	0	0	550	494	
5	0	0	0	0	557	491	
6	0	0	0	0	564	488	
7	0	0	0	0	565	491	
8	0	0	0	0	556	495	
9	0	0	0	0	540	497	
10	0	0	0	0	524	496	
11	0	0	0	0	506	492	
12	0	0	0	0	491	490	
13	0	0	0	0	477	489	
14	0	0	0	0	467	491	
15	0	0	0	0	455	493	
0	0	0	0	0	449	499	
1	0	0	0	0	446	504	
2	0	0	0	0	446	505	
3	0	0	0	0	447	504	
4	0	0	0	0	449	504	
5	0	0	0	0	452	500	
6	0	0	0	0	455	501	
7	0	0	0	0	461	497	
8	0	0	0	0	472	496	
9	0	0	0	0	479	493	
10	0	0	0	0	484	494	
11	0	0	0	0	486	495	
12	0	0	0	0	483	495	
13	0	0	0	0	480	495	
14	0	0	0	0	478	494	
15	0	0	0	0	478	489	
0	0	0	0	0	479	480	
1	0	0	0	0	479	473	
2	0	0	0	0	477	468	
3	0	0	0	0	476	465	
4	0	0	0	0	476	463	
5	0	0	0	0	477	462	
6	0	0	0	0	479	461	
7	0	0	0	0	485	463	
8	0	0	0	0	490	468	
9	0	0	0	0	492	478	
10	0	0	0	0	493	487	
11	0	0	0	0	495	498	
12	0	0	0	0	493	508	
13	0	0	0	0	489	521	
14	0	0	0	0	479	527	
15	0	0	0	0	470	528	
0	0	0	0	0	461	523	
1	0	0	0	0	449	514	
2	0	0	0	0	442	499	
3	0	0	0	0	440	487	
4	0	0	0	0	441	479	
5	0	0	0	0	444	475	
6	0	0	0	0	447	476	
7	0	0	0	0	449	480	
8	0	0	0	0	454	483	
9	0	0	0	0	454	487	
10	0	0	0	0	457	492	
11	0	0	0	0	456	499	
12	0	0	0	0	456	504	
13	0	0	0	0	456	508	
14	0	0	0	0	457	513	
15	0	0	0	0	459	515	
0	0	0	0	0	460	515	
1	0	0	0	0	460	514	
2	0	0	0	0	462	510	
3	0	0	0	0	460	504	
4	0	0	0	0	456	500	
5	0	0	0	0	457	499	
6	0	0	0	0	461	496	
7	0	0	0	0	468	493	
8	0	0	0	0	478	489	
9	0	0	0	0	487	480	
10	0	0	0	0	495	472	
11	0	0	0	0	500	467	
12	0	0	0	0	499	463	
13	0	0	0	0	497	458	
14	0	0	0	0	492	455	
15	0	0	0	0	486	451	
0	0	0	0	0	481	446	
1	0	0	0	0	475	444	
2	0	0	0	0	473	444	
3	0	0	0	0	480	441	
4	0	0	0	0	493	441	
5	0	0	0	0	508	442	
6	0	0	0	0	511	443	
7	0	0	0	0	515	444	
8	0	0	0	0	513	449	
9	0	0	0	0	509	451	
10	0	0	0	0	500	455	
11	0	0	0	0	489	457	
12	0	0	0	0	477	462	
13	0	0	0	0	466	466	
14	0	0	0	0	460	470	
15	0	0	0	0	460	470	
0	0	0	0	0	465	471	
1	0	0	0	0	472	476	
2	0	0	0	0	478	479	
3	0	0	0	0	482	476	
4	0	0	0	0	481	476	
5	0	0	0	0	477	479	
6	0	0	0	0	473	482	
7	0	0	0	0	463	480	
8	0	0	0	0	453	480	
9	0	0	0	0	444	480	
10	0	0	0	0	434	482	
11	0	0	0	0	425	486	
12	0	0	0	0	419	487	
13	0	0	0	0	418	487	
14	0	0	0	0	420	489	
15	0	0	0	0	428	492	
0	0	0	0	0	438	492	
1	0	0	0	0	448	493	
2	0	0	0	0	460	494	
3	0	0	0	0	468	494	
4	0	0	0	0	472	496	
5	0	0	0	0	474	497	
6	0	0	0	0	475	500	
7	0	0	0	0	478	500	
8	0	0	0	0	481	505	
9	0	0	0	0	485	510	
10	0	0	0	0	487	513	
11	0	0	0	0	489	512	
12	0	0	0	0	490	513	
13	0	0	0	0	494	514	
14	0	0	0	0	497	514	
15	0	0	0	0	503	513	
0	0	0	0	0	503	515	
1	0	0	0	0	502	519	
2	0	0	0	0	500	519	
3	0	0	0	0	501	520	
4	0	0	0	0	504	519	
5	0	0	0	0	508	519	
6	0	0	0	0	509	517	
7	0	0	0	0	510	512	
8	0	0	0	0	509	508	
9	0	0	0	0	508	503	
10	0	0	0	0	503	498	
11	0	0	0	0	499	494	
12	0	0	0	0	496	486	
13	0	0	0	0	493	476	
14	0	0	0	0	493	472	
15	0	0	0	0	495	467	
0	0	0	0	0	499	463	
1	0	0	0	0	499	458	
2	0	0	0	0	496	453	
3	0	0	0	0	500	450	
4	0	0	0	0	513	451	
5	0	0	0	0	531	457	
6	0	0	0	0	543	457	
7	0	0	0	0	544	456	
8	0	0	0	0	542	457	
9	0	0	0	0	536	459	
10	0	0	0	0	526	458	
11	0	0	0	0	510	453	
12	0	0	0	0	494	448	
13	0	0	0	0	481	444	
14	0	0	0	0	467	438	
15	0	0	0	0	457	433	
0	0	0	0	0	455	427	
1	0	0	0	0	455	420	
2	0	0	0	0	461	415	
3	0	0	0	0	468	408	
4	0	0	0	0	476	400	
5	0	0	0	0	480	393	
6	0	0	0	0	480	388	
7	0	0	0	0	480	381	
8	0	0	0	0	481	381	
9	0	0	0	0	478	383	
10	0	0	0	0	472	385	
11	0	0	0	0	465	391	
12	0	0	0	0	457	399	
13	0	0	0	0	450	404	
14	0	0	0	0	445	408	
15	0	0	0	0	444	412	
0	0	0	0	0	443	417	
1	0	0	0	0	444	420	
2	0	0	0	0	444	424	
3	0	0	0	0	442	429	
4	0	0	0	0	442	432	
5	0	0	0	0	441	431	
6	0	0	0	0	441	430	
7	0	0	0	0	444	427	
8	0	0	0	0	447	426	
9	0	0	0	0	449	425	
10	0	0	0	0	453	424	
11	0	0	0	0	460	426	
12	0	0	0	0	470	426	
13	0	0	0	0	480	425	
14	0	0	0	0	487	423	
15	0	0	0	0	492	419	
0	0	0	0	0	494	419	
1	0	0	0	0	496	419	
2	0	0	0	0	497	415	
3	0	0	0	0	495	415	
4	0	0	0	0	497	420	
5	0	0	0	0	506	423	
6	0	0	0	0	516	424	
7	0	0	0	0	520	423	
8	0	0	0	0	526	423	
9	0	0	0	0	530	419	
10	0	0	0	0	535	414	
11	0	0	0	0	537	406	
12	0	0	0	0	540	401	
13	0	0	0	0	540	395	
14	0	0	0	0	539	389	
15	0	0	0	0	535	385	
0	0	0	0	0	532	382	
1	0	0	0	0	529	382	
2	0	0	0	0	523	376	
3	0	0	0	0	521	369	
4	0	0	0	0	519	369	
5	0	0	0	0	513	367	
6	0	0	0	0	509	365	
7	0	0	0	0	505	361	
8	0	0	0	0	503	358	
9	0	0	0	0	501	352	
10	0	0	0	0	501	347	
11	0	0	0	0	506	342	
12	0	0	0	0	518	345	
13	0	0	0	0	535	345	
14	0	0	0	0	544	343	
15	0	0	0	0	542	347	
0	0	0	0	0	541	349	
1	0	0	0	0	535	352	
2	0	0	0	0	526	348	
3	0	0	0	0	512	340	
4	0	0	0	0	499	335	
5	0	0	0	0	491	331	
6	0	0	0	0	481	326	
7	0	0	0	0	480	331	
8	0	0	0	0	480	336	
9	0	0	0	0	480	339	
10	0	0	0	0	478	343	
11	0	0	0	0	475	348	
12	0	0	0	0	471	354	
13	0	0	0	0	467	356	
14	0	0	0	0	461	357	
15	0	0	0	0	459	354	
0	0	0	0	0	459	349	
1	0	0	0	0	457	342	
2	0	0	0	0	458	340	
3	0	0	0	0	463	337	
4	0	0	0	0	466	337	
5	0	0	0	0	472	336	
6	0	0	0	0	480	336	
7	0	0	0	0	489	343	
8	0	0	0	0	494	344	
9	0	0	0	0	495	347	
10	0	0	0	0	499	350	
11	0	0	0	0	504	356	
12	0	0	0	0	505	366	
13	0	0	0	0	502	375	
14	0	0	0	0	500	380	
15	0	0	0	0	500	381	
0	0	0	0	0	501	381	
1	0	0	0	0	499	376	
2	0	0	0	0	496	378	
3	0	0	0	0	492	377	
4	0	0	0	0	489	375	
5	0	0	0	0	487	371	
6	0	0	0	0	485	368	
7	0	0	0	0	481	364	
8	0	0	0	0	479	356	
9	0	0	0	0	483	348	
10	0	0	0	0	489	347	
11	0	0	0	0	496	343	
12	0	0	0	0	504	334	
13	0	0	0	0	518	332	
14	0	0	0	0	540	325	
15	0	0	0	0	563	324	
0	0	0	0	0	581	323	
1	0	0	0	0	589	323	
2	0	0	0	0	593	329	
3	0	0	0	0	593	334	
4	0	0	0	0	587	334	
5	0	0	0	0	576	340	
6	0	0	0	0	563	340	
7	0	0	0	0	551	341	
8	0	0	0	0	536	342	
9	0	0	0	0	524	344	
10	0	0	0	0	517	354	
11	0	0	0	0	510	363	
12	0	0	0	0	507	368	
13	0	0	0	0	507	372	
14	0	0	0	0	512	374	
15	0	0	0	0	520	376	
0	0	0	0	0	530	375	
1	0	0	0	0	537	371	
2	0	0	0	0	542	369	
3	0	0	0	0	545	366	
4	0	0	0	0	545	359	
5	0	0	0	0	542	353	
6	0	0	0	0	536	344	
7	0	0	0	0	530	336	
8	0	0	0	0	522	329	
9	0	0	0	0	515	322	
10	0	0	0	0	511	326	
11	0	0	0	0	511	326	
12	0	0	0	0	508	325	
13	0	0	0	0	504	327	
14	0	0	0	0	502	329	
15	0	0	0	0	496	332	
0	0	0	0	0	493	336	
1	0	0	0	0	488	344	
2	0	0	0	0	484	349	
3	0	0	0	0	484	351	
4	0	0	0	0	487	349	
5	0	0	0	0	486	348	
6	0	0	0	0	480	345	
7	0	0	0	0	478	344	
8	0	0	0	0	478	346	
9	0	0	0	0	477	343	
10	0	0	0	0	474	339	
11	0	0	0	0	476	341	
12	0	0	0	0	479	342	
13	0	0	0	0	481	340	
14	0	0	0	0	479	340	
15	0	0	0	0	480	340	
0	0	0	0	0	479	345	
1	0	0	0	0	480	352	
2	0	0	0	0	482	359	
3	0	0	0	0	486	370	
4	0	0	0	0	488	377	
5	0	0	0	0	492	381	
6	0	0	0	0	494	382	
7	0	0	0	0	496	383	
8	0	0	0	0	494	381	
9	0	0	0	0	495	378	
10	0	0	0	0	497	374	
11	0	0	0	0	499	372	
12	0	0	0	0	505	370	
13	0	0	0	0	510	368	
14	0	0	0	0	515	370	
15	0	0	0	0	521	374	
0	0	0	0	0	528	381	
1	0	0	0	0	537	387	
2	0	0	0	0	538	389	
3	0	0	0	0	537	395	
4	0	0	0	0	535	396	
5	0	0	0	0	534	395	
6	0	0	0	0	531	388	
7	0	0	0	0	531	381	
8	0	0	0	0	533	381	
9	0	0	0	0	536	380	
10	0	0	0	0	544	381	
11	0	0	0	0	548	384	
12	0	0	0	0	552	385	
13	0	0	0	0	559	390	
14	0	0	0	0	559	398	
15	0	0	0	0	560	397	
0	0	0	0	0	556	400	
1	0	0	0	0	550	410	
2	0	0	0	0	541	423	
3	0	0	0	0	527	435	
4	0	0	0	0	516	445	
5	0	0	0	0	507	453	
6	0	0	0	0	497	456	
7	0	0	0	0	490	456	
8	0	0	0	0	483	459	
9	0	0	0	0	478	454	
10	0	0	0	0	472	446	
11	0	0	0	0	464	435	
12	0	0	0	0	460	421	
13	0	0	0	0	459	408	
14	0	0	0	0	458	399	
15	0	0	0	0	460	395	
0	0	0	0	0	465	394	
1	0	0	0	0	472	395	
2	0	0	0	0	480	396	
3	0	0	0	0	496	397	
4	0	0	0	0	520	395	
5	0	0	0	0	546	399	
6	0	0	0	0	562	398	
7	0	0	0	0	571	395	
8	0	0	0	0	576	391	
9	0	0	0	0	577	386	
10	0	0	0	0	572	384	
11	0	0	0	0	562	382	
12	0	0	0	0	552	377	
13	0	0	0	0	544	374	
14	0	0	0	0	540	374	
15	0	0	0	0	537	371	
0	0	0	0	0	534	377	
1	0	0	0	0	536	379	
2	0	0	0	0	537	377	
3	0	0	0	0	538	381	
4	0	0	0	0	536	382	
5	0	0	0	0	533	384	
6	0	0	0	0	532	390	
7	0	0	0	0	534	393	
8	0	0	0	0	536	398	
9	0	0	0	0	540	400	
10	0	0	0	0	545	402	
11	0	0	0	0	543	410	
12	0	0	0	0	541	415	
13	0	0	0	0	538	417	
14	0	0	0	0	537	417	
15	0	0	0	0	536	416	
0	0	0	0	0	534	413	
1	0	0	0	0	535	410	
2	0	0	0	0	535	407	
3	0	0	0	0	534	408	
4	0	0	0	0	537	412	
5	0	0	0	0	541	417	
6	0	0	0	0	540	424	
7	0	0	0	0	538	436	
8	0	0	0	0	537	443	
9	0	0	0	0	537	449	
10	0	0	0	0	536	452	
11	0	0	0	0	532	456	
12	0	0	0	0	527	463	
13	0	0	0	0	523	472	
14	0	0	0	0	518	478	
15	0	0	0	0	512	483	
0	0	0	0	0	509	487	
1	0	0	0	0	505	488	
2	0	0	0	0	503	488	
3	0	0	0	0	503	487	
4	0	0	0	0	505	482	
5	0	0	0	0	512	479	
6	0	0	0	0	519	479	
7	0	0	0	0	521	478	
8	0	0	0	0	525	479	
9	0	0	0	0	530	479	
10	0	0	0	0	536	480	
11	0	0	0	0	538	480	
12	0	0	0	0	539	477	
13	0	0	0	0	539	471	
14	0	0	0	0	538	470	
15	0	0	0	0	536	469	
0	0	0	0	0	530	472	
1	0	0	0	0	526	477	
2	0	0	0	0	524	483	
3	0	0	0	0	521	487	
4	0	0	0	0	520	491	
5	0	0	0	0	521	494	
6	0	0	0	0	520	501	
7	0	0	0	0	522	507	
8	0	0	0	0	525	510	
9	0	0	0	0	526	512	
10	0	0	0	0	527	509	
11	0	0	0	0	527	504	
12	0	0	0	0	525	492	
13	0	0	0	0	524	472	
14	0	0	0	0	521	448	
15	0	0	0	0	519	423	
0	0	0	0	0	517	402	
1	0	0	0	0	516	384	
2	0	0	0	0	516	364	
3	0	0	0	0	511	348	
4	0	0	0	0	506	338	
5	0	0	0	0	499	328	
6	0	0	0	0	495	328	
7	0	0	0	0	490	327	
8	0	0	0	0	486	328	
9	0	0	0	0	487	330	
10	0	0	0	0	489	332	
11	0	0	0	0	494	336	
12	0	0	0	0	499	340	
13	0	0	0	0	504	342	
14	0	0	0	0	507	350	
15	0	0	0	0	510	353	
0	0	0	0	0	510	356	
1	0	0	0	0	510	356	
2	0	0	0	0	512	352	
3	0	0	0	0	512	353	
4	0	0	0	0	515	351	
5	0	0	0	0	517	349	
6	0	0	0	0	515	345	
7	0	0	0	0	515	346	
8	0	0	0	0	519	350	
9	0	0	0	0	520	354	
10	0	0	0	0	521	358	
11	0	0	0	0	523	368	
12	0	0	0	0	525	372	
13	0	0	0	0	526	371	
14	0	0	0	0	527	375	
15	0	0	0	0	529	372	
0	0	0	0	0	532	369	
1	0	0	0	0	539	366	
2	0	0	0	0	548	364	
3	0	0	0	0	556	366	
4	0	0	0	0	557	369	
5	0	0	0	0	553	369	
6	0	0	0	0	549	378	
7	0	0	0	0	547	382	
8	0	0	0	0	544	384	
9	0	0	0	0	546	391	
10	0	0	0	0	546	399	
11	0	0	0	0	547	407	
12	0	0	0	0	547	411	
13	0	0	0	0	547	411	
14	0	0	0	0	551	410	
15	0	0	0	0	555	409	
0	0	0	0	0	559	407	
1	0	0	0	0	562	408	
2	0	0	0	0	566	404	
3	0	0	0	0	570	403	
4	0	0	0	0	574	404	
5	0	0	0	0	576	410	
6	0	0	0	0	578	416	
7	0	0	0	0	579	418	
8	0	0	0	0	583	417	
9	0	0	0	0	586	417	
10	0	0	0	0	589	418	
11	0	0	0	0	592	422	
12	0	0	0	0	589	423	
13	0	0	0	0	585	425	
14	0	0	0	0	582	428	
15	0	0	0	0	579	434	
0	0	0	0	0	580	435	
1	0	0	0	0	581	430	
2	0	0	0	0	580	419	
3	0	0	0	0	579	406	
4	0	0	0	0	577	395	
5	0	0	0	0	572	383	
6	0	0	0	0	570	371	
7	0	0	0	0	562	369	
8	0	0	0	0	551	366	
9	0	0	0	0	540	360	
10	0	0	0	0	532	363	
11	0	0	0	0	528	360	
12	0	0	0	0	522	363	
13	0	0	0	0	517	363	
14	0	0	0	0	513	360	
15	0	0	0	0	512	366	
0	0	0	0	0	514	373	
1	0	0	0	0	514	382	
2	0	0	0	0	514	391	
3	0	0	0	0	512	400	
4	0	0	0	0	509	402	
5	0	0	0	0	504	404	
6	0	0	0	0	502	401	
7	0	0	0	0	502	398	
8	0	0	0	0	501	391	
9	0	0	0	0	501	386	
10	0	0	0	0	505	381	
11	0	0	0	0	509	378	
12	0	0	0	0	511	376	
13	0	0	0	0	512	379	
14	0	0	0	0	511	379	
15	0	0	0	0	509	376	
0	0	0	0	0	508	375	
1	0	0	0	0	505	372	
2	0	0	0	0	504	372	
3	0	0	0	0	498	369	
4	0	0	0	0	493	368	
5	0	0	0	0	487	367	
6	0	0	0	0	485	368	
7	0	0	0	0	485	371	
8	0	0	0	0	488	376	
9	0	0	0	0	490	380	
10	0	0	0	0	492	385	
11	0	0	0	0	492	388	
12	0	0	0	0	492	395	
13	0	0	0	0	491	398	
14	0	0	0	0	492	399	
15	0	0	0	0	496	399	
0	0	0	0	0	500	402	
1	0	0	0	0	512	402	
2	0	0	0	0	535	399	
3	0	0	0	0	559	401	
4	0	0	0	0	570	403	
5	0	0	0	0	574	406	
6	0	0	0	0	573	407	
7	0	0	0	0	568	407	
8	0	0	0	0	560	412	
9	0	0	0	0	548	413	
10	0	0	0	0	536	416	
11	0	0	0	0	527	419	
12	0	0	0	0	522	421	
13	0	0	0	0	519	425	
14	0	0	0	0	517	429	
15	0	0	0	0	518	428	
0	0	0	0	0	517	429	
1	0	0	0	0	516	431	
2	0	0	0	0	515	432	
3	0	0	0	0	514	432	
4	0	0	0	0	513	431	
5	0	0	0	0	510	431	
6	0	0	0	0	510	430	
7	0	0	0	0	507	428	
8	0	0	0	0	503	431	
9	0	0	0	0	501	436	
10	0	0	0	0	495	443	
11	0	0	0	0	487	448	
12	0	0	0	0	481	452	
13	0	0	0	0	475	460	
14	0	0	0	0	471	463	
15	0	0	0	0	469	467	
0	0	0	0	0	467	473	
1	0	0	0	0	461	475	
2	0	0	0	0	455	473	
3	0	0	0	0	449	473	
4	0	0	0	0	444	474	
5	0	0	0	0	440	475	
6	0	0	0	0	435	473	
7	0	0	0	0	433	473	
8	0	0	0	0	433	473	
9	0	0	0	0	438	474	
10	0	0	0	0	441	474	
11	0	0	0	0	448	473	
12	0	0	0	0	457	477	
13	0	0	0	0	467	482	
14	0	0	0	0	476	488	
15	0	0	0	0	478	496	
0	0	0	0	0	474	498	
1	0	0	0	0	472	499	
2	0	0	0	0	467	498	
3	0	0	0	0	467	494	
4	0	0	0	0	465	490	
5	0	0	0	0	462	482	
6	0	0	0	0	457	476	
7	0	0	0	0	451	472	
8	0	0	0	0	448	469	
9	0	0	0	0	448	466	
10	0	0	0	0	453	461	
11	0	0	0	0	457	454	
12	0	0	0	0	461	453	
13	0	0	0	0	466	455	
14	0	0	0	0	467	459	
15	0	0	0	0	467	462	
0	0	0	0	0	466	463	
1	0	0	0	0	465	464	
2	0	0	0	0	462	464	
3	0	0	0	0	460	460	
4	0	0	0	0	458	456	
5	0	0	0	0	458	454	
6	0	0	0	0	466	452	
7	0	0	0	0	480	455	
8	0	0	0	0	490	464	
9	0	0	0	0	489	473	
10	0	0	0	0	488	484	
11	0	0	0	0	487	494	
12	0	0	0	0	487	503	
13	0	0	0	0	482	510	
14	0	0	0	0	474	509	
15	0	0	0	0	464	505	
0	0	0	0	0	454	503	
1	0	0	0	0	447	501	
2	0	0	0	0	445	502	
3	0	0	0	0	449	503	
4	0	0	0	0	460	499	
5	0	0	0	0	471	492	
6	0	0	0	0	480	485	
7	0	0	0	0	484	479	
8	0	0	0	0	484	476	
9	0	0	0	0	487	477	
10	0	0	0	0	491	479	
11	0	0	0	0	492	482	
12	0	0	0	0	494	486	
13	0	0	0	0	496	489	
14	0	0	0	0	499	494	
15	0	0	0	0	501	494	
0	0	0	0	0	504	496	
1	0	0	0	0	509	502	
2	0	0	0	0	514	508	
3	0	0	0	0	516	512	
4	0	0	0	0	517	514	
5	0	0	0	0	519	515	
6	0	0	0	0	519	514	
7	0	0	0	0	520	515	
8	0	0	0	0	523	513	
9	0	0	0	0	527	508	
10	0	0	0	0	533	504	
11	0	0	0	0	542	501	
12	0	0	0	0	546	498	
13	0	0	0	0	551	496	
14	0	0	0	0	557	495	
15	0	0	0	0	560	497	
0	0	0	0	0	561	497	
1	0	0	0	0	558	497	
2	0	0	0	0	550	501	
3	0	0	0	0	540	508	
4	0	0	0	0	529	513	
5	0	0	0	0	518	523	
6	0	0	0	0	510	536	
7	0	0	0	0	505	545	
8	0	0	0	0	501	555	
9	0	0	0	0	494	563	
10	0	0	0	0	490	570	
11	0	0	0	0	487	577	
12	0	0	0	0	486	580	
13	0	0	0	0	482	578	
14	0	0	0	0	484	573	
15	0	0	0	0	496	568	
0	0	0	0	0	516	569	
1	0	0	0	0	531	574	
2	0	0	0	0	536	576	
3	0	0	0	0	537	578	
4	0	0	0	0	534	579	
5	0	0	0	0	523	574	
6	0	0	0	0	513	570	
7	0	0	0	0	495	568	
8	0	0	0	0	475	563	
9	0	0	0	0	451	564	
10	0	0	0	0	432	558	
11	0	0	0	0	420	555	
12	0	0	0	0	408	555	
13	0	0	0	0	403	556	
14	0	0	0	0	401	551	
15	0	0	0	0	401	547	
0	0	0	0	0	403	540	
1	0	0	0	0	404	539	
2	0	0	0	0	405	540	
3	0	0	0	0	408	543	
4	0	0	0	0	412	545	
5	0	0	0	0	415	547	
6	0	0	0	0	419	551	
7	0	0	0	0	421	553	
8	0	0	0	0	421	553	
9	0	0	0	0	418	557	
10	0	0	0	0	416	560	
11	0	0	0	0	416	567	
12	0	0	0	0	414	574	
13	0	0	0	0	409	583	
14	0	0	0	0	405	591	
15	0	0	0	0	403	600	
0	0	0	0	0	401	609	
1	0	0	0	0	404	614	
2	0	0	0	0	408	615	
3	0	0	0	0	413	614	
4	0	0	0	0	416	609	
5	0	0	0	0	418	599	
6	0	0	0	0	419	592	
7	0	0	0	0	417	584	
8	0	0	0	0	415	576	
9	0	0	0	0	414	564	
10	0	0	0	0	415	557	
11	0	0	0	0	416	552	
12	0	0	0	0	423	554	
13	0	0	0	0	431	554	
14	0	0	0	0	440	558	
15	0	0	0	0	445	561	
0	0	0	0	0	448	563	
1	0	0	0	0	453	565	
2	0	0	0	0	454	569	
3	0	0	0	0	455	573	
4	0	0	0	0	453	571	
5	0	0	0	0	450	572	
6	0	0	0	0	445	573	
7	0	0	0	0	440	575	
8	0	0	0	0	435	574	
9	0	0	0	0	427	575	
10	0	0	0	0	420	580	
11	0	0	0	0	414	577	
12	0	0	0	0	415	580	
13	0	0	0	0	419	585	
14	0	0	0	0	424	585	
15	0	0	0	0	434	587	
0	0	0	0	0	444	588	
1	0	0	0	0	452	586	
2	0	0	0	0	462	582	
3	0	0	0	0	470	575	
4	0	0	0	0	476	569	
5	0	0	0	0	475	566	
6	0	0	0	0	472	564	
7	0	0	0	0	465	562	
8	0	0	0	0	458	562	
9	0	0	0	0	451	561	
10	0	0	0	0	443	564	
11	0	0	0	0	439	564	
12	0	0	0	0	437	561	
13	0	0	0	0	431	558	
14	0	0	0	0	428	557	
15	0	0	0	0	424	561	
0	0	0	0	0	423	568	
1	0	0	0	0	428	575	
2	0	0	0	0	435	584	
3	0	0	0	0	444	594	
4	0	0	0	0	456	605	
5	0	0	0	0	465	615	
6	0	0	0	0	471	620	
7	0	0	0	0	476	624	
8	0	0	0	0	478	626	
9	0	0	0	0	483	621	
10	0	0	0	0	484	618	
11	0	0	0	0	485	622	
12	0	0	0	0	483	613	
13	0	0	0	0	482	604	
14	0	0	0	0	482	597	
15	0	0	0	0	484	588	
0	0	0	0	0	487	579	
1	0	0	0	0	492	571	
2	0	0	0	0	494	560	
3	0	0	0	0	499	551	
4	0	0	0	0	501	541	
5	0	0	0	0	500	531	
6	0	0	0	0	504	527	
7	0	0	0	0	511	525	
8	0	0	0	0	514	523	
9	0	0	0	0	505	523	
10	0	0	0	0	496	523	
11	0	0	0	0	484	521	
12	0	0	0	0	472	518	
13	0	0	0	0	460	518	
14	0	0	0	0	448	515	
15	0	0	0	0	438	511	
0	0	0	0	0	430	507	
1	0	0	0	0	423	507	
2	0	0	0	0	417	511	
3	0	0	0	0	414	518	
4	0	0	0	0	415	526	
5	0	0	0	0	415	530	
6	0	0	0	0	415	537	
7	0	0	0	0	416	543	
8	0	0	0	0	419	549	
9	0	0	0	0	424	552	
10	0	0	0	0	427	556	
11	0	0	0	0	424	556	
12	0	0	0	0	419	557	
13	0	0	0	0	412	558	
14	0	0	0	0	405	557	
15	0	0	0	0	400	560	
0	0	0	0	0	402	554	
1	0	0	0	0	410	550	
2	0	0	0	0	418	543	
3	0	0	0	0	427	531	
4	0	0	0	0	435	521	
5	0	0	0	0	440	515	
6	0	0	0	0	444	513	
7	0	0	0	0	451	513	
8	0	0	0	0	456	513	
9	0	0	0	0	459	515	
10	0	0	0	0	458	522	
11	0	0	0	0	460	528	
12	0	0	0	0	460	531	
13	0	0	0	0	460	535	
14	0	0	0	0	463	539	
15	0	0	0	0	463	542	
0	0	0	0	0	463	540	
1	0	0	0	0	460	538	
2	0	0	0	0	462	538	
3	0	0	0	0	462	540	
4	0	0	0	0	467	544	
5	0	0	0	0	472	547	
6	0	0	0	0	481	552	
7	0	0	0	0	492	560	
8	0	0	0	0	502	568	
9	0	0	0	0	510	572	
10	0	0	0	0	515	578	
11	0	0	0	0	519	579	
12	0	0	0	0	521	577	
13	0	0	0	0	520	572	
14	0	0	0	0	517	569	
15	0	0	0	0	514	566	
0	0	0	0	0	510	565	
1	0	0	0	0	507	563	
2	0	0	0	0	502	564	
3	0	0	0	0	499	567	
4	0	0	0	0	496	568	
5	0	0	0	0	492	568	
6	0	0	0	0	491	568	
7	0	0	0	0	492	569	
8	0	0	0	0	495	570	
9	0	0	0	0	501	569	
10	0	0	0	0	504	565	
11	0	0	0	0	508	565	
12	0	0	0	0	511	566	
13	0	0	0	0	511	568	
14	0	0	0	0	513	567	
15	0	0	0	0	514	568	
0	0	0	0	0	515	567	
1	0	0	0	0	515	566	
2	0	0	0	0	513	563	
3	0	0	0	0	510	557	
4	0	0	0	0	510	548	
5	0	0	0	0	510	537	
6	0	0	0	0	509	524	
7	0	0	0	0	510	508	
8	0	0	0	0	510	494	
9	0	0	0	0	510	485	
10	0	0	0	0	511	478	
11	0	0	0	0	512	472	
12	0	0	0	0	515	467	
13	0	0	0	0	518	469	
14	0	0	0	0	521	472	
15	0	0	0	0	524	473	
0	0	0	0	0	526	475	
1	0	0	0	0	528	475	
2	0	0	0	0	533	477	
3	0	0	0	0	539	484	
4	0	0	0	0	545	493	
5	0	0	0	0	547	502	
6	0	0	0	0	549	510	
7	0	0	0	0	551	518	
8	0	0	0	0	554	520	
9	0	0	0	0	555	517	
10	0	0	0	0	556	508	
11	0	0	0	0	559	499	
12	0	0	0	0	561	487	
13	0	0	0	0	564	481	
14	0	0	0	0	565	478	
15	0	0	0	0	568	480	
0	0	0	0	0	569	481	
1	0	0	0	0	573	483	
2	0	0	0	0	572	482	
3	0	0	0	0	571	481	
4	0	0	0	0	567	478	
5	0	0	0	0	561	476	
6	0	0	0	0	559	474	
7	0	0	0	0	556	473	
8	0	0	0	0	553	472	
9	0	0	0	0	553	471	
10	0	0	0	0	554	471	
11	0	0	0	0	553	474	
12	0	0	0	0	551	486	
13	0	0	0	0	551	502	
14	0	0	0	0	545	513	
15	0	0	0	0	537	523	
0	0	0	0	0	527	531	
1	0	0	0	0	516	542	
2	0	0	0	0	511	545	
3	0	0	0	0	505	547	
4	0	0	0	0	501	545	
5	0	0	0	0	498	542	
6	0	0	0	0	501	539	
7	0	0	0	0	507	537	
8	0	0	0	0	514	537	
9	0	0	0	0	519	536	
10	0	0	0	0	524	533	
11	0	0	0	0	524	528	
12	0	0	0	0	519	523	
13	0	0	0	0	512	519	
14	0	0	0	0	503	517	
15	0	0	0	0	492	519	
0	0	0	0	0	480	525	
1	0	0	0	0	470	530	
2	0	0	0	0	467	534	
3	0	0	0	0	473	536	
4	0	0	0	0	488	537	
5	0	0	0	0	500	536	
6	0	0	0	0	505	535	
7	0	0	0	0	503	531	
8	0	0	0	0	497	527	
9	0	0	0	0	492	526	
10	0	0	0	0	487	525	
11	0	0	0	0	480	525	
12	0	0	0	0	471	523	
13	0	0	0	0	463	524	
14	0	0	0	0	457	526	
15	0	0	0	0	451	527	
0	0	0	0	0	451	529	
1	0	0	0	0	451	533	
2	0	0	0	0	452	537	
3	0	0	0	0	453	546	
4	0	0	0	0	454	555	
5	0	0	0	0	452	564	
6	0	0	0	0	452	569	
7	0	0	0	0	455	573	
8	0	0	0	0	458	576	
9	0	0	0	0	461	580	
10	0	0	0	0	468	586	
11	0	0	0	0	476	590	
12	0	0	0	0	484	590	
13	0	0	0	0	490	590	
14	0	0	0	0	500	589	
15	0	0	0	0	511	584	
0	0	0	0	0	519	578	
1	0	0	0	0	529	571	
2	0	0	0	0	535	565	
3	0	0	0	0	537	556	
4	0	0	0	0	540	547	
5	0	0	0	0	541	539	
6	0	0	0	0	540	530	
7	0	0	0	0	537	523	
8	0	0	0	0	536	519	
9	0	0	0	0	533	516	
10	0	0	0	0	532	513	
11	0	0	0	0	535	509	
12	0	0	0	0	539	507	
13	0	0	0	0	542	507	
14	0	0	0	0	546	504	
15	0	0	0	0	550	503	
0	0	0	0	0	555	503	
1	0	0	0	0	557	503	
2	0	0	0	0	560	508	
3	0	0	0	0	564	512	
4	0	0	0	0	569	515	
5	0	0	0	0	572	520	
6	0	0	0	0	574	524	
7	0	0	0	0	574	525	
8	0	0	0	0	572	524	
9	0	0	0	0	569	521	
10	0	0	0	0	565	517	
11	0	0	0	0	558	509	
12	0	0	0	0	551	502	
13	0	0	0	0	546	494	
14	0	0	0	0	541	487	
15	0	0	0	0	540	478	
0	0	0	0	0	540	470	
1	0	0	0	0	543	463	
2	0	0	0	0	548	461	
3	0	0	0	0	549	462	
4	0	0	0	0	549	465	
5	0	0	0	0	547	469	
6	0	0	0	0	544	471	
7	0	0	0	0	542	476	
8	0	0	0	0	542	476	
9	0	0	0	0	544	477	
10	0	0	0	0	549	479	
11	0	0	0	0	556	480	
12	0	0	0	0	564	488	
13	0	0	0	0	573	492	
14	0	0	0	0	580	496	
15	0	0	0	0	586	502	
0	0	0	0	0	590	500	
1	0	0	0	0	591	500	
2	0	0	0	0	592	498	
3	0	0	0	0	592	497	
4	0	0	0	0	589	495	
5	0	0	0	0	584	488	
6	0	0	0	0	579	482	
7	0	0	0	0	576	482	
8	0	0	0	0	577	479	
9	0	0	0	0	578	476	
10	0	0	0	0	577	475	
11	0	0	0	0	574	477	
12	0	0	0	0	573	476	
13	0	0	0	0	574	477	
14	0	0	0	0	577	480	
15	0	0	0	0	578	484	
0	0	0	0	0	577	488	
1	0	0	0	0	577	491	
2	0	0	0	0	577	496	
3	0	0	0	0	577	500	
4	0	0	0	0	578	504	
5	0	0	0	0	582	509	
6	0	0	0	0	579	512	
7	0	0	0	0	575	515	
8	0	0	0	0	570	519	
9	0	0	0	0	568	525	
10	0	0	0	0	569	530	
11	0	0	0	0	573	534	
12	0	0	0	0	579	537	
13	0	0	0	0	589	540	
14	0	0	0	0	599	539	
15	0	0	0	0	607	540	
0	0	0	0	0	610	540	
1	0	0	0	0	608	537	
2	0	0	0	0	606	534	
3	0	0	0	0	599	530	
4	0	0	0	0	588	527	
5	0	0	0	0	576	525	
6	0	0	0	0	563	525	
7	0	0	0	0	552	523	
8	0	0	0	0	540	525	
9	0	0	0	0	533	527	
10	0	0	0	0	526	533	
11	0	0	0	0	522	539	
12	0	0	0	0	524	547	
13	0	0	0	0	529	556	
14	0	0	0	0	531	566	
15	0	0	0	0	532	572	
0	0	0	0	0	532	571	
1	0	0	0	0	532	569	
2	0	0	0	0	534	563	
3	0	0	0	0	533	555	
4	0	0	0	0	530	545	
5	0	0	0	0	527	538	
6	0	0	0	0	527	533	
7	0	0	0	0	532	536	
8	0	0	0	0	539	544	
9	0	0	0	0	548	551	
10	0	0	0	0	554	560	
11	0	0	0	0	556	564	
12	0	0	0	0	558	561	
13	0	0	0	0	553	558	
14	0	0	0	0	549	554	
15	0	0	0	0	546	547	
0	0	0	0	0	543	542	
1	0	0	0	0	541	536	
2	0	0	0	0	543	529	
3	0	0	0	0	545	523	
4	0	0	0	0	550	516	
5	0	0	0	0	556	511	
6	0	0	0	0	564	503	
7	0	0	0	0	571	499	
8	0	0	0	0	575	499	
9	0	0	0	0	575	501	
10	0	0	0	0	575	503	
11	0	0	0	0	579	506	
12	0	0	0	0	582	511	
13	0	0	0	0	583	518	
14	0	0	0	0	586	525	
15	0	0	0	0	590	529	
0	0	0	0	0	592	530	
1	0	0	0	0	595	534	
2	0	0	0	0	590	540	
3	0	0	0	0	588	543	
4	0	0	0	0	583	548	
5	0	0	0	0	576	550	
6	0	0	0	0	568	550	
7	0	0	0	0	560	548	
8	0	0	0	0	553	543	
9	0	0	0	0	550	536	
10	0	0	0	0	550	525	
11	0	0	0	0	553	517	
12	0	0	0	0	558	511	
13	0	0	0	0	563	505	
14	0	0	0	0	567	503	
15	0	0	0	0	567	503	
0	0	0	0	0	564	504	
1	0	0	0	0	561	506	
2	0	0	0	0	555	509	
3	0	0	0	0	548	511	
4	0	0	0	0	544	514	
5	0	0	0	0	539	513	
6	0	0	0	0	534	509	
7	0	0	0	0	532	506	
8	0	0	0	0	531	501	
9	0	0	0	0	530	497	
10	0	0	0	0	529	495	
11	0	0	0	0	528	496	
12	0	0	0	0	527	497	
13	0	0	0	0	530	499	
14	0	0	0	0	533	499	
15	0	0	0	0	536	497	
0	0	0	0	0	536	495	
1	0	0	0	0	536	495	
2	0	0	0	0	536	501	
3	0	0	0	0	535	508	
4	0	0	0	0	534	514	
5	0	0	0	0	532	519	
6	0	0	0	0	531	521	
7	0	0	0	0	531	526	
8	0	0	0	0	534	529	
9	0	0	0	0	539	532	
10	0	0	0	0	543	537	
11	0	0	0	0	546	541	
12	0	0	0	0	548	542	
13	0	0	0	0	550	539	
14	0	0	0	0	555	542	
15	0	0	0	0	558	544	
0	0	0	0	0	556	545	
1	0	0	0	0	556	542	
2	0	0	0	0	556	540	
3	0	0	0	0	558	537	
4	0	0	0	0	561	532	
5	0	0	0	0	565	526	
6	0	0	0	0	567	522	
7	0	0	0	0	568	520	
8	0	0	0	0	568	521	
9	0	0	0	0	564	518	
10	0	0	0	0	558	518	
11	0	0	0	0	556	521	
12	0	0	0	0	553	523	
13	0	0	0	0	553	524	
14	0	0	0	0	553	525	
15	0	0	0	0	552	526	
0	0	0	0	0	555	528	
1	0	0	0	0	563	532	
2	0	0	0	0	570	537	
3	0	0	0	0	577	543	
4	0	0	0	0	586	548	
5	0	0	0	0	599	554	
6	0	0	0	0	610	561	
7	0	0	0	0	621	565	
8	0	0	0	0	627	570	
9	0	0	0	0	628	579	
10	0	0	0	0	624	582	
11	0	0	0	0	613	580	
12	0	0	0	0	600	582	
13	0	0	0	0	585	584	
14	0	0	0	0	569	591	
15	0	0	0	0	558	600	
0	0	0	0	0	550	604	
1	0	0	0	0	547	608	
2	0	0	0	0	548	607	
3	0	0	0	0	550	608	
4	0	0	0	0	555	609	
5	0	0	0	0	560	606	
6	0	0	0	0	566	604	
7	0	0	0	0	568	603	
8	0	0	0	0	568	600	
9	0	0	0	0	564	599	
10	0	0	0	0	560	592	
11	0	0	0	0	555	584	
12	0	0	0	0	555	575	
13	0	0	0	0	556	565	
14	0	0	0	0	558	556	
15	0	0	0	0	560	548	
0	0	0	0	0	561	543	
1	0	0	0	0	561	541	
2	0	0	0	0	563	542	
3	0	0	0	0	564	544	
4	0	0	0	0	569	544	
5	0	0	0	0	574	543	
6	0	0	0	0	578	540	
7	0	0	0	0	579	536	
8	0	0	0	0	578	532	
9	0	0	0	0	576	531	
10	0	0	0	0	572	529	
11	0	0	0	0	565	529	
12	0	0	0	0	556	527	
13	0	0	0	0	547	525	
14	0	0	0	0	540	526	
15	0	0	0	0	539	528	
0	0	0	0	0	541	532	
1	0	0	0	0	543	532	
2	0	0	0	0	545	529	
3	0	0	0	0	546	527	
4	0	0	0	0	548	528	
5	0	0	0	0	551	532	
6	0	0	0	0	558	537	
7	0	0	0	0	569	545	
8	0	0	0	0	578	551	
9	0	0	0	0	588	556	
10	0	0	0	0	599	558	
11	0	0	0	0	615	554	
12	0	0	0	0	635	549	
13	0	0	0	0	647	544	
14	0	0	0	0	646	542	
15	0	0	0	0	636	540	
0	0	0	0	0	620	537	
1	0	0	0	0	603	536	
2	0	0	0	0	586	536	
3	0	0	0	0	570	536	
4	0	0	0	0	560	537	
5	0	0	0	0	552	537	
6	0	0	0	0	543	537	
7	0	0	0	0	538	537	
8	0	0	0	0	533	536	
9	0	0	0	0	532	536	
10	0	0	0	0	531	534	
11	0	0	0	0	531	528	
12	0	0	0	0	532	524	
13	0	0	0	0	532	524	
14	0	0	0	0	531	526	
15	0	0	0	0	534	530	
0	0	0	0	0	535	531	
1	0	0	0	0	536	532	
2	0	0	0	0	536	535	
3	0	0	0	0	534	539	
4	0	0	0	0	539	539	
5	0	0	0	0	542	539	
6	0	0	0	0	545	539	
7	0	0	0	0	547	539	
8	0	0	0	0	549	538	
9	0	0	0	0	549	536	
10	0	0	0	0	546	533	
11	0	0	0	0	545	531	
12	0	0	0	0	540	527	
13	0	0	0	0	536	522	
14	0	0	0	0	534	521	
15	0	0	0	0	534	524	
0	0	0	0	0	536	525	
1	0	0	0	0	539	527	
2	0	0	0	0	542	529	
3	0	0	0	0	543	531	
4	0	0	0	0	547	531	
5	0	0	0	0	551	527	
6	0	0	0	0	559	524	
7	0	0	0	0	567	522	
8	0	0	0	0	575	522	
9	0	0	0	0	580	524	
10	0	0	0	0	579	530	
11	0	0	0	0	577	540	
12	0	0	0	0	568	551	
13	0	0	0	0	553	562	
14	0	0	0	0	535	576	
15	0	0	0	0	515	588	
0	0	0	0	0	495	598	
1	0	0	0	0	480	606	
2	0	0	0	0	469	609	
3	0	0	0	0	462	610	
4	0	0	0	0	458	612	
5	0	0	0	0	459	613	
6	0	0	0	0	463	617	
7	0	0	0	0	473	627	
8	0	0	0	0	483	639	
9	0	0	0	0	491	647	
10	0	0	0	0	495	655	
11	0	0	0	0	496	656	
12	0	0	0	0	497	654	
13	0	0	0	0	495	649	
14	0	0	0	0	493	640	
15	0	0	0	0	488	631	
0	0	0	0	0	482	619	
1	0	0	0	0	475	611	
2	0	0	0	0	469	607	
3	0	0	0	0	464	607	
4	0	0	0	0	457	608	
5	0	0	0	0	451	608	
6	0	0	0	0	448	609	
7	0	0	0	0	444	611	
8	0	0	0	0	445	614	
9	0	0	0	0	448	614	
10	0	0	0	0	450	617	
11	0	0	0	0	452	618	
12	0	0	0	0	458	622	
13	0	0	0	0	467	616	
14	0	0	0	0	470	615	
15	0	0	0	0	468	614	
0	0	0	0	0	466	611	
1	0	0	0	0	463	613	
2	0	0	0	0	460	617	
3	0	0	0	0	459	621	
4	0	0	0	0	458	626	
5	0	0	0	0	459	620	
6	0	0	0	0	456	615	
7	0	0	0	0	454	614	
8	0	0	0	0	457	616	
9	0	0	0	0	463	622	
10	0	0	0	0	465	624	
11	0	0	0	0	467	626	
12	0	0	0	0	464	628	
13	0	0	0	0	462	629	
14	0	0	0	0	455	630	
15	0	0	0	0	449	627	
0	0	0	0	0	443	627	
1	0	0	0	0	440	624	
2	0	0	0	0	439	620	
3	0	0	0	0	440	615	
4	0	0	0	0	448	614	
5	0	0	0	0	459	611	
6	0	0	0	0	465	611	
7	0	0	0	0	470	613	
8	0	0	0	0	478	615	
9	0	0	0	0	487	615	
10	0	0	0	0	492	614	
11	0	0	0	0	488	611	
12	0	0	0	0	483	609	
13	0	0	0	0	474	606	
14	0	0	0	0	462	605	
15	0	0	0	0	452	606	
0	0	0	0	0	446	603	
1	0	0	0	0	441	599	
2	0	0	0	0	441	595	
3	0	0	0	0	445	593	
4	0	0	0	0	448	592	
5	0	0	0	0	453	595	
6	0	0	0	0	458	597	
7	0	0	0	0	462	597	
8	0	0	0	0	468	594	
9	0	0	0	0	479	594	
10	0	0	0	0	486	594	
11	0	0	0	0	490	596	
12	0	0	0	0	493	600	
13	0	0	0	0	497	600	
14	0	0	0	0	497	604	
15	0	0	0	0	500	604	
0	0	0	0	0	501	603	
1	0	0	0	0	501	600	
2	0	0	0	0	501	601	
3	0	0	0	0	502	604	
4	0	0	0	0	500	604	
5	0	0	0	0	499	604	
6	0	0	0	0	499	607	
7	0	0	0	0	498	611	
8	0	0	0	0	498	616	
9	0	0	0	0	497	622	
10	0	0	0	0	498	623	
11	0	0	0	0	498	622	
12	0	0	0	0	496	620	
13	0	0	0	0	493	619	
14	0	0	0	0	487	617	
15	0	0	0	0	481	619	
0	0	0	0	0	475	623	
1	0	0	0	0	468	628	
2	0	0	0	0	464	638	
3	0	0	0	0	462	646	
4	0	0	0	0	460	652	
5	0	0	0	0	460	657	
6	0	0	0	0	460	655	
7	0	0	0	0	460	653	
8	0	0	0	0	460	649	
9	0	0	0	0	458	643	
10	0	0	0	0	457	636	
11	0	0	0	0	460	626	
12	0	0	0	0	463	615	
13	0	0	0	0	466	606	
14	0	0	0	0	470	596	
15	0	0	0	0	475	583	
0	0	0	0	0	480	575	
1	0	0	0	0	483	566	
2	0	0	0	0	492	560	
3	0	0	0	0	505	556	
4	0	0	0	0	520	557	
5	0	0	0	0	529	560	
6	0	0	0	0	535	564	
7	0	0	0	0	535	569	
8	0	0	0	0	534	571	
9	0	0	0	0	527	570	
10	0	0	0	0	516	567	
11	0	0	0	0	502	562	
12	0	0	0	0	486	551	
13	0	0	0	0	472	546	
14	0	0	0	0	459	544	
15	0	0	0	0	449	544	
0	0	0	0	0	438	546	
1	0	0	0	0	428	548	
2	0	0	0	0	418	551	
3	0	0	0	0	411	556	
4	0	0	0	0	404	557	
5	0	0	0	0	402	561	
6	0	0	0	0	401	566	
7	0	0	0	0	401	571	
8	0	0	0	0	404	575	
9	0	0	0	0	407	580	
10	0	0	0	0	412	583	
11	0	0	0	0	419	585	
12	0	0	0	0	426	589	
13	0	0	0	0	433	590	
14	0	0	0	0	436	588	
15	0	0	0	0	438	583	
0	0	0	0	0	439	586	
1	0	0	0	0	436	593	
2	0	0	0	0	433	604	
3	0	0	0	0	429	617	
4	0	0	0	0	429	624	
5	0	0	0	0	429	625	
6	0	0	0	0	427	624	
7	0	0	0	0	423	620	
8	0	0	0	0	416	614	
9	0	0	0	0	411	606	
10	0	0	0	0	408	593	
11	0	0	0	0	405	583	
12	0	0	0	0	403	579	
13	0	0	0	0	403	576	
14	0	0	0	0	404	577	
15	0	0	0	0	406	569	
0	0	0	0	0	411	563	
1	0	0	0	0	416	561	
2	0	0	0	0	423	562	
3	0	0	0	0	423	563	
4	0	0	0	0	421	564	
5	0	0	0	0	414	562	
6	0	0	0	0	408	562	
7	0	0	0	0	403	560	
8	0	0	0	0	403	563	
9	0	0	0	0	396	568	
10	0	0	0	0	389	574	
11	0	0	0	0	383	578	
12	0	0	0	0	381	582	
13	0	0	0	0	382	583	
14	0	0	0	0	387	582	
15	0	0	0	0	391	579	
0	0	0	0	0	396	575	
1	0	0	0	0	399	575	
2	0	0	0	0	405	579	
3	0	0	0	0	409	588	
4	0	0	0	0	410	593	
5	0	0	0	0	405	597	
6	0	0	0	0	400	600	
7	0	0	0	0	399	604	
8	0	0	0	0	398	606	
9	0	0	0	0	403	609	
10	0	0	0	0	408	615	
11	0	0	0	0	415	621	
12	0	0	0	0	416	625	
13	0	0	0	0	419	623	
14	0	0	0	0	424	626	
15	0	0	0	0	428	623	
0	0	0	0	0	430	627	
1	0	0	0	0	433	629	
2	0	0	0	0	435	630	
3	0	0	0	0	438	629	
4	0	0	0	0	439	620	
5	0	0	0	0	436	611	
6	0	0	0	0	430	605	
7	0	0	0	0	423	599	
8	0	0	0	0	415	594	
9	0	0	0	0	411	590	
10	0	0	0	0	404	582	
11	0	0	0	0	401	579	
12	0	0	0	0	397	574	
13	0	0	0	0	387	573	
14	0	0	0	0	376	576	
15	0	0	0	0	365	577	
0	0	0	0	0	355	574	
1	0	0	0	0	348	574	
2	0	0	0	0	339	575	
3	0	0	0	0	332	582	
4	0	0	0	0	328	583	
5	0	0	0	0	326	584	
6	0	0	0	0	326	588	
7	0	0	0	0	324	589	
8	0	0	0	0	328	592	
9	0	0	0	0	333	599	
10	0	0	0	0	339	600	
11	0	0	0	0	341	601	
12	0	0	0	0	345	599	
13	0	0	0	0	348	596	
14	0	0	0	0	355	595	
15	0	0	0	0	360	593	
0	0	0	0	0	364	590	
1	0	0	0	0	368	588	
2	0	0	0	0	369	590	
3	0	0	0	0	376	592	
4	0	0	0	0	379	595	
5	0	0	0	0	381	599	
6	0	0	0	0	379	604	
7	0	0	0	0	375	608	
8	0	0	0	0	371	614	
9	0	0	0	0	367	619	
10	0	0	0	0	365	622	
11	0	0	0	0	362	628	
12	0	0	0	0	364	626	
13	0	0	0	0	367	630	
14	0	0	0	0	372	635	
15	0	0	0	0	381	638	
0	0	0	0	0	394	643	
1	0	0	0	0	407	649	
2	0	0	0	0	415	655	
3	0	0	0	0	417	662	
4	0	0	0	0	419	662	
5	0	0	0	0	416	665	
6	0	0	0	0	409	667	
7	0	0	0	0	404	665	
8	0	0	0	0	401	669	
9	0	0	0	0	397	666	
10	0	0	0	0	396	662	
11	0	0	0	0	397	656	
12	0	0	0	0	399	649	
13	0	0	0	0	402	641	
14	0	0	0	0	405	636	
15	0	0	0	0	410	633	
0	0	0	0	0	414	633	
1	0	0	0	0	420	627	
2	0	0	0	0	425	626	
3	0	0	0	0	431	630	
4	0	0	0	0	433	634	
5	0	0	0	0	434	639	
6	0	0	0	0	430	643	
7	0	0	0	0	423	641	
8	0	0	0	0	415	640	
9	0	0	0	0	402	632	
10	0	0	0	0	392	626	
11	0	0	0	0	383	626	
12	0	0	0	0	376	627	
13	0	0	0	0	370	627	
14	0	0	0	0	367	630	
15	0	0	0	0	368	636	
0	0	0	0	0	371	646	
1	0	0	0	0	371	650	
2	0	0	0	0	371	654	
3	0	0	0	0	374	659	
4	0	0	0	0	377	660	
5	0	0	0	0	382	662	
6	0	0	0	0	386	663	
7	0	0	0	0	389	662	
8	0	0	0	0	391	664	
9	0	0	0	0	395	659	
10	0	0	0	0	399	660	
11	0	0	0	0	404	663	
12	0	0	0	0	409	658	
13	0	0	0	0	411	654	
14	0	0	0	0	412	649	
15	0	0	0	0	413	637	
0	0	0	0	0	414	635	
1	0	0	0	0	416	636	
2	0	0	0	0	415	636	
3	0	0	0	0	416	637	
4	0	0	0	0	416	636	
5	0	0	0	0	418	637	
6	0	0	0	0	420	638	
7	0	0	0	0	422	639	
8	0	0	0	0	422	638	
9	0	0	0	0	417	637	
10	0	0	0	0	412	633	
11	0	0	0	0	403	629	
12	0	0	0	0	391	627	
13	0	0	0	0	384	618	
14	0	0	0	0	380	612	
15	0	0	0	0	375	610	
0	0	0	0	0	371	608	
1	0	0	0	0	370	608	
2	0	0	0	0	373	605	
3	0	0	0	0	379	605	
4	0	0	0	0	385	607	
5	0	0	0	0	389	609	
6	0	0	0	0	391	614	
7	0	0	0	0	391	617	
8	0	0	0	0	390	614	
9	0	0	0	0	385	616	
10	0	0	0	0	378	620	
11	0	0	0	0	369	613	
12	0	0	0	0	358	611	
13	0	0	0	0	350	609	
14	0	0	0	0	349	604	
15	0	0	0	0	351	604	
0	0	0	0	0	352	603	
1	0	0	0	0	358	598	
2	0	0	0	0	366	592	
3	0	0	0	0	375	590	
4	0	0	0	0	383	588	
5	0	0	0	0	393	587	
6	0	0	0	0	404	588	
7	0	0	0	0	413	588	
8	0	0	0	0	423	587	
9	0	0	0	0	430	588	
10	0	0	0	0	437	590	
11	0	0	0	0	446	594	
12	0	0	0	0	452	600	
13	0	0	0	0	461	608	
14	0	0	0	0	470	612	
15	0	0	0	0	480	614	
0	0	0	0	0	488	611	
1	0	0	0	0	491	607	
2	0	0	0	0	491	605	
3	0	0	0	0	489	605	
4	0	0	0	0	484	609	
5	0	0	0	0	480	610	
6	0	0	0	0	474	611	
7	0	0	0	0	467	611	
8	0	0	0	0	456	611	
9	0	0	0	0	447	613	
10	0	0	0	0	435	616	
11	0	0	0	0	422	612	
12	0	0	0	0	409	608	
13	0	0	0	0	398	606	
14	0	0	0	0	391	599	
15	0	0	0	0	386	595	
0	0	0	0	0	388	596	
1	0	0	0	0	389	595	
2	0	0	0	0	388	595	
3	0	0	0	0	391	601	
4	0	0	0	0	395	603	
5	0	0	0	0	399	602	
6	0	0	0	0	403	602	
7	0	0	0	0	406	599	
8	0	0	0	0	407	596	
9	0	0	0	0	406	596	
10	0	0	0	0	403	595	
11	0	0	0	0	399	595	
12	0	0	0	0	396	595	
13	0	0	0	0	391	588	
14	0	0	0	0	386	581	
15	0	0	0	0	386	575	
0	0	0	0	0	385	573	
1	0	0	0	0	384	572	
2	0	0	0	0	386	574	
3	0	0	0	0	386	577	
4	0	0	0	0	385	582	
5	0	0	0	0	386	590	
6	0	0	0	0	387	600	
7	0	0	0	0	388	608	
8	0	0	0	0	389	620	
9	0	0	0	0	390	621	
10	0	0	0	0	391	623	
11	0	0	0	0	387	624	
12	0	0	0	0	386	625	
13	0	0	0	0	388	630	
14	0	0	0	0	389	636	
15	0	0	0	0	394	641	
0	0	0	0	0	399	646	
1	0	0	0	0	408	643	
2	0	0	0	0	412	642	
3	0	0	0	0	416	639	
4	0	0	0	0	423	636	
5	0	0	0	0	429	632	
6	0	0	0	0	432	628	
7	0	0	0	0	432	625	
8	0	0	0	0	433	622	
9	0	0	0	0	428	622	
10	0	0	0	0	421	623	
11	0	0	0	0	413	620	
12	0	0	0	0	404	617	
13	0	0	0	0	392	616	
14	0	0	0	0	384	617	
15	0	0	0	0	380	614	
0	0	0	0	0	380	608	
1	0	0	0	0	379	604	
2	0	0	0	0	382	596	
3	0	0	0	0	383	592	
4	0	0	0	0	384	587	
5	0	0	0	0	385	583	
6	0	0	0	0	385	582	
7	0	0	0	0	387	585	
8	0	0	0	0	391	583	
9	0	0	0	0	396	579	
10	0	0	0	0	403	575	
11	0	0	0	0	411	572	
12	0	0	0	0	418	575	
13	0	0	0	0	427	574	
14	0	0	0	0	434	576	
15	0	0	0	0	440	582	
0	0	0	0	0	442	585	
1	0	0	0	0	444	586	
2	0	0	0	0	445	588	
3	0	0	0	0	441	585	
4	0	0	0	0	440	584	
5	0	0	0	0	442	584	
6	0	0	0	0	444	583	
7	0	0	0	0	446	585	
8	0	0	0	0	444	582	
9	0	0	0	0	441	581	
10	0	0	0	0	439	583	
11	0	0	0	0	438	582	
12	0	0	0	0	436	578	
13	0	0	0	0	435	574	
14	0	0	0	0	429	576	
15	0	0	0	0	421	579	
0	0	0	0	0	409	578	
1	0	0	0	0	397	580	
2	0	0	0	0	388	579	
3	0	0	0	0	382	581	
4	0	0	0	0	380	581	
5	0	0	0	0	377	578	
6	0	0	0	0	376	576	
7	0	0	0	0	377	572	
8	0	0	0	0	380	572	
9	0	0	0	0	386	574	
10	0	0	0	0	394	580	
11	0	0	0	0	402	580	
12	0	0	0	0	409	582	
13	0	0	0	0	415	582	
14	0	0	0	0	419	581	
15	0	0	0	0	423	580	
0	0	0	0	0	425	578	
1	0	0	0	0	428	577	
2	0	0	0	0	432	576	
3	0	0	0	0	433	571	
4	0	0	0	0	436	567	
5	0	0	0	0	440	566	
6	0	0	0	0	445	568	
7	0	0	0	0	452	576	
8	0	0	0	0	459	584	
9	0	0	0	0	462	592	
10	0	0	0	0	464	597	
11	0	0	0	0	468	602	
12	0	0	0	0	472	603	
13	0	0	0	0	477	606	
14	0	0	0	0	479	604	
15	0	0	0	0	479	609	
0	0	0	0	0	473	612	
1	0	0	0	0	466	614	
2	0	0	0	0	459	617	
3	0	0	0	0	455	619	
4	0	0	0	0	459	617	
5	0	0	0	0	463	617	
6	0	0	0	0	466	614	
7	0	0	0	0	470	610	
8	0	0	0	0	475	609	
9	0	0	0	0	478	613	
10	0	0	0	0	480	619	
11	0	0	0	0	485	626	
12	0	0	0	0	491	635	
13	0	0	0	0	497	639	
14	0	0	0	0	502	636	
15	0	0	0	0	508	636	
0	0	0	0	0	515	639	
1	0	0	0	0	524	640	
2	0	0	0	0	531	637	
3	0	0	0	0	536	636	
4	0	0	0	0	536	636	
5	0	0	0	0	535	635	
6	0	0	0	0	532	636	
7	0	0	0	0	524	640	
8	0	0	0	0	513	647	
9	0	0	0	0	503	652	
10	0	0	0	0	492	659	
11	0	0	0	0	484	670	
12	0	0	0	0	479	673	
13	0	0	0	0	478	679	
14	0	0	0	0	479	686	
15	0	0	0	0	481	692	
0	0	0	0	0	484	701	
1	0	0	0	0	492	713	
2	0	0	0	0	500	721	
3	0	0	0	0	505	728	
4	0	0	0	0	506	727	
5	0	0	0	0	505	727	
6	0	0	0	0	507	724	
7	0	0	0	0	507	719	
8	0	0	0	0	511	714	
9	0	0	0	0	515	711	
10	0	0	0	0	520	704	
11	0	0	0	0	525	703	
12	0	0	0	0	526	700	
13	0	0	0	0	528	698	
14	0	0	0	0	532	696	
15	0	0	0	0	540	695	
0	0	0	0	0	544	695	
1	0	0	0	0	544	696	
2	0	0	0	0	543	695	
3	0	0	0	0	544	692	
4	0	0	0	0	543	690	
5	0	0	0	0	541	683	
6	0	0	0	0	535	677	
7	0	0	0	0	527	670	
8	0	0	0	0	522	665	
9	0	0	0	0	519	663	
10	0	0	0	0	514	661	
11	0	0	0	0	511	661	
12	0	0	0	0	508	664	
13	0	0	0	0	504	662	
14	0	0	0	0	500	662	
15	0	0	0	0	495	662	
0	0	0	0	0	488	659	
1	0	0	0	0	481	657	
2	0	0	0	0	473	648	
3	0	0	0	0	468	643	
4	0	0	0	0	465	633	
5	0	0	0	0	470	623	
6	0	0	0	0	475	615	
7	0	0	0	0	483	610	
8	0	0	0	0	492	605	
9	0	0	0	0	504	606	
10	0	0	0	0	515	607	
11	0	0	0	0	520	613	
12	0	0	0	0	525	617	
13	0	0	0	0	531	616	
14	0	0	0	0	543	617	
15	0	0	0	0	555	620	
0	0	0	0	0	559	623	
1	0	0	0	0	557	626	
2	0	0	0	0	551	630	
3	0	0	0	0	541	632	
4	0	0	0	0	526	636	
5	0	0	0	0	510	640	
6	0	0	0	0	495	642	
7	0	0	0	0	476	644	
8	0	0	0	0	459	644	
9	0	0	0	0	445	645	
10	0	0	0	0	438	647	
11	0	0	0	0	433	646	
12	0	0	0	0	430	643	
13	0	0	0	0	430	637	
14	0	0	0	0	434	630	
15	0	0	0	0	440	623	
0	0	0	0	0	444	614	
1	0	0	0	0	444	608	
2	0	0	0	0	445	604	
3	0	0	0	0	446	597	
4	0	0	0	0	448	592	
5	0	0	0	0	454	587	
6	0	0	0	0	460	582	
7	0	0	0	0	466	579	
8	0	0	0	0	471	579	
9	0	0	0	0	474	576	
10	0	0	0	0	479	574	
11	0	0	0	0	486	571	
12	0	0	0	0	492	568	
13	0	0	0	0	494	565	
14	0	0	0	0	496	563	
15	0	0	0	0	501	565	
0	0	0	0	0	506	567	
1	0	0	0	0	509	568	
2	0	0	0	0	510	568	
3	0	0	0	0	510	567	
4	0	0	0	0	513	569	
5	0	0	0	0	514	575	
6	0	0	0	0	514	579	
7	0	0	0	0	515	582	
8	0	0	0	0	518	589	
9	0	0	0	0	527	591	
10	0	0	0	0	536	590	
11	0	0	0	0	544	589	
12	0	0	0	0	551	591	
13	0	0	0	0	555	596	
14	0	0	0	0	563	599	
15	0	0	0	0	564	595	
0	0	0	0	0	563	589	
1	0	0	0	0	561	582	
2	0	0	0	0	558	577	
3	0	0	0	0	555	574	
4	0	0	0	0	552	572	
5	0	0	0	0	552	568	
6	0	0	0	0	553	564	
7	0	0	0	0	554	561	
8	0	0	0	0	555	561	
9	0	0	0	0	552	560	
10	0	0	0	0	549	559	
11	0	0	0	0	544	560	
12	0	0	0	0	539	562	
13	0	0	0	0	539	564	
14	0	0	0	0	538	567	
15	0	0	0	0	539	573	
0	0	0	0	0	543	577	
1	0	0	0	0	548	579	
2	0	0	0	0	552	581	
3	0	0	0	0	555	585	
4	0	0	0	0	558	592	
5	0	0	0	0	561	592	
6	0	0	0	0	564	590	
7	0	0	0	0	566	590	
8	0	0	0	0	568	588	
9	0	0	0	0	571	588	
10	0	0	0	0	572	588	
11	0	0	0	0	574	587	
12	0	0	0	0	572	587	
13	0	0	0	0	570	585	
14	0	0	0	0	565	582	
15	0	0	0	0	566	575	
0	0	0	0	0	571	569	
1	0	0	0	0	575	564	
2	0	0	0	0	579	559	
3	0	0	0	0	583	559	
4	0	0	0	0	588	556	
5	0	0	0	0	592	555	
6	0	0	0	0	600	560	
7	0	0	0	0	606	568	
8	0	0	0	0	607	576	
9	0	0	0	0	607	583	
10	0	0	0	0	605	589	
11	0	0	0	0	599	595	
12	0	0	0	0	591	601	
13	0	0	0	0	583	604	
14	0	0	0	0	577	608	
15	0	0	0	0	571	612	
0	0	0	0	0	568	610	
1	0	0	0	0	568	607	
2	0	0	0	0	569	605	
3	0	0	0	0	570	604	
4	0	0	0	0	571	602	
5	0	0	0	0	572	598	
6	0	0	0	0	573	591	
7	0	0	0	0	571	584	
8	0	0	0	0	566	580	
9	0	0	0	0	563	579	
10	0	0	0	0	562	580	
11	0	0	0	0	561	581	
12	0	0	0	0	565	584	
13	0	0	0	0	570	588	
14	0	0	0	0	573	585	
15	0	0	0	0	578	582	
0	0	0	0	0	587	575	
1	0	0	0	0	600	568	
2	0	0	0	0	610	562	
3	0	0	0	0	619	558	
4	0	0	0	0	626	553	
5	0	0	0	0	632	547	
6	0	0	0	0	635	541	
7	0	0	0	0	634	537	
8	0	0	0	0	626	537	
9	0	0	0	0	615	536	
10	0	0	0	0	608	539	
11	0	0	0	0	600	541	
12	0	0	0	0	594	543	
13	0	0	0	0	588	547	
14	0	0	0	0	583	549	
15	0	0	0	0	577	549	
0	0	0	0	0	573	550	
1	0	0	0	0	572	555	
2	0	0	0	0	572	560	
3	0	0	0	0	573	566	
4	0	0	0	0	577	569	
5	0	0	0	0	579	574	
6	0	0	0	0	584	580	
7	0	0	0	0	587	585	
8	0	0	0	0	590	590	
9	0	0	0	0	590	593	
10	0	0	0	0	588	597	
11	0	0	0	0	585	601	
12	0	0	0	0	582	604	
13	0	0	0	0	579	601	
14	0	0	0	0	576	597	
15	0	0	0	0	575	590	
0	0	0	0	0	572	580	
1	0	0	0	0	573	568	
2	0	0	0	0	577	560	
3	0	0	0	0	580	554	
4	0	0	0	0	579	548	
5	0	0	0	0	577	544	
6	0	0	0	0	572	539	
7	0	0	0	0	567	536	
8	0	0	0	0	567	531	
9	0	0	0	0	562	526	
10	0	0	0	0	558	521	
11	0	0	0	0	555	519	
12	0	0	0	0	551	514	
13	0	0	0	0	551	510	
14	0	0	0	0	555	509	
15	0	0	0	0	559	510	
0	0	0	0	0	558	512	
1	0	0	0	0	557	516	
2	0	0	0	0	554	524	
3	0	0	0	0	551	533	
4	0	0	0	0	547	544	
5	0	0	0	0	546	556	
6	0	0	0	0	548	563	
7	0	0	0	0	551	565	
8	0	0	0	0	555	565	
9	0	0	0	0	562	563	
10	0	0	0	0	566	558	
11	0	0	0	0	568	551	
12	0	0	0	0	573	544	
13	0	0	0	0	578	540	
14	0	0	0	0	580	536	
15	0	0	0	0	583	531	
0	0	0	0	0	584	529	
1	0	0	0	0	584	529	
2	0	0	0	0	585	530	
3	0	0	0	0	586	528	
4	0	0	0	0	586	529	
5	0	0	0	0	589	528	
6	0	0	0	0	593	532	
7	0	0	0	0	593	532	
8	0	0	0	0	592	532	
9	0	0	0	0	590	531	
10	0	0	0	0	589	531	
11	0	0	0	0	593	532	
12	0	0	0	0	593	534	
13	0	0	0	0	593	535	
14	0	0	0	0	593	536	
15	0	0	0	0	593	537	
0	0	0	0	0	590	537	
1	0	0	0	0	586	536	
2	0	0	0	0	587	532	
3	0	0	0	0	584	526	
4	0	0	0	0	583	523	
5	0	0	0	0	583	519	
6	0	0	0	0	584	511	
7	0	0	0	0	588	508	
8	0	0	0	0	592	507	
9	0	0	0	0	597	504	
10	0	0	0	0	601	502	
11	0	0	0	0	603	501	
12	0	0	0	0	600	502	
13	0	0	0	0	595	499	
14	0	0	0	0	590	497	
15	0	0	0	0	587	491	
0	0	0	0	0	588	482	
1	0	0	0	0	591	473	
2	0	0	0	0	593	467	
3	0	0	0	0	597	465	
4	0	0	0	0	601	463	
5	0	0	0	0	605	464	
6	0	0	0	0	604	467	
7	0	0	0	0	596	468	
8	0	0	0	0	589	468	
9	0	0	0	0	585	468	
10	0	0	0	0	585	468	
11	0	0	0	0	591	465	
12	0	0	0	0	599	462	
13	0	0	0	0	610	463	
14	0	0	0	0	620	461	
15	0	0	0	0	626	459	
0	0	0	0	0	633	463	
1	0	0	0	0	636	466	
2	0	0	0	0	636	463	
3	0	0	0	0	635	459	
4	0	0	0	0	632	455	
5	0	0	0	0	627	453	
6	0	0	0	0	624	451	
7	0	0	0	0	620	449	
8	0	0	0	0	615	456	
9	0	0	0	0	608	467	
10	0	0	0	0	605	479	
11	0	0	0	0	601	487	
12	0	0	0	0	595	494	
13	0	0	0	0	588	503	
14	0	0	0	0	582	510	
15	0	0	0	0	577	515	
0	0	0	0	0	574	521	
1	0	0	0	0	575	523	
2	0	0	0	0	575	525	
3	0	0	0	0	573	524	
4	0	0	0	0	574	521	
5	0	0	0	0	576	514	
6	0	0	0	0	577	510	
7	0	0	0	0	580	503	
8	0	0	0	0	586	499	
9	0	0	0	0	595	498	
10	0	0	0	0	605	497	
11	0	0	0	0	610	494	
12	0	0	0	0	614	491	
13	0	0	0	0	619	485	
14	0	0	0	0	621	481	
15	0	0	0	0	623	477	
0	0	0	0	0	625	472	
1	0	0	0	0	627	473	
2	0	0	0	0	626	471	
3	0	0	0	0	625	470	
4	0	0	0	0	623	470	
5	0	0	0	0	621	472	
6	0	0	0	0	620	476	
7	0	0	0	0	619	479	
8	0	0	0	0	624	482	
9	0	0	0	0	633	483	
10	0	0	0	0	651	485	
11	0	0	0	0	667	483	
12	0	0	0	0	672	483	
13	0	0	0	0	673	477	
14	0	0	0	0	670	472	
15	0	0	0	0	664	470	
0	0	0	0	0	652	470	
1	0	0	0	0	634	468	
2	0	0	0	0	613	467	
3	0	0	0	0	600	464	
4	0	0	0	0	591	461	
5	0	0	0	0	585	455	
6	0	0	0	0	580	449	
7	0	0	0	0	579	443	
8	0	0	0	0	582	439	
9	0	0	0	0	585	436	
10	0	0	0	0	588	438	
11	0	0	0	0	585	443	
12	0	0	0	0	579	446	
13	0	0	0	0	572	446	
14	0	0	0	0	561	443	
15	0	0	0	0	551	440	
0	0	0	0	0	545	440	
1	0	0	0	0	542	441	
2	0	0	0	0	543	441	
3	0	0	0	0	545	441	
4	0	0	0	0	548	444	
5	0	0	0	0	554	450	
6	0	0	0	0	559	454	
7	0	0	0	0	562	453	
8	0	0	0	0	566	453	
9	0	0	0	0	566	453	
10	0	0	0	0	567	455	
11	0	0	0	0	569	456	
12	0	0	0	0	569	457	
13	0	0	0	0	572	463	
14	0	0	0	0	574	467	
15	0	0	0	0	574	472	
0	0	0	0	0	574	476	
1	0	0	0	0	575	478	
2	0	0	0	0	581	481	
3	0	0	0	0	583	486	
4	0	0	0	0	586	488	
5	0	0	0	0	589	492	
6	0	0	0	0	590	489	
7	0	0	0	0	587	488	
8	0	0	0	0	584	490	
9	0	0	0	0	575	486	
10	0	0	0	0	570	482	
11	0	0	0	0	564	478	
12	0	0	0	0	562	473	
13	0	0	0	0	562	469	
14	0	0	0	0	562	464	
15	0	0	0	0	563	456	
0	0	0	0	0	566	454	
1	0	0	0	0	567	453	
2	0	0	0	0	564	452	
3	0	0	0	0	565	453	
4	0	0	0	0	568	455	
5	0	0	0	0	568	454	
6	0	0	0	0	574	452	
7	0	0	0	0	580	448	
8	0	0	0	0	585	449	
9	0	0	0	0	590	450	
10	0	0	0	0	592	450	
11	0	0	0	0	591	448	
12	0	0	0	0	588	445	
13	0	0	0	0	586	443	
14	0	0	0	0	582	438	
15	0	0	0	0	578	429	
0	0	0	0	0	576	423	
1	0	0	0	0	574	418	
2	0	0	0	0	568	415	
3	0	0	0	0	561	415	
4	0	0	0	0	556	414	
5	0	0	0	0	555	414	
6	0	0	0	0	551	415	
7	0	0	0	0	544	415	
8	0	0	0	0	540	419	
9	0	0	0	0	538	425	
10	0	0	0	0	539	430	
11	0	0	0	0	540	433	
12	0	0	0	0	542	437	
13	0	0	0	0	546	443	
14	0	0	0	0	551	448	
15	0	0	0	0	558	451	
0	0	0	0	0	560	457	
1	0	0	0	0	563	463	
2	0	0	0	0	561	470	
3	0	0	0	0	558	478	
4	0	0	0	0	556	483	
5	0	0	0	0	551	486	
6	0	0	0	0	545	486	
7	0	0	0	0	538	484	
8	0	0	0	0	528	485	
9	0	0	0	0	520	483	
10	0	0	0	0	513	479	
11	0	0	0	0	508	472	
12	0	0	0	0	504	465	
13	0	0	0	0	501	461	
14	0	0	0	0	503	458	
15	0	0	0	0	503	458	
0	0	0	0	0	504	458	
1	0	0	0	0	503	461	
2	0	0	0	0	502	462	
3	0	0	0	0	504	464	
4	0	0	0	0	504	465	
5	0	0	0	0	504	468	
6	0	0	0	0	508	471	
7	0	0	0	0	515	473	
8	0	0	0	0	517	473	
9	0	0	0	0	519	475	
10	0	0	0	0	520	480	
11	0	0	0	0	522	481	
12	0	0	0	0	529	478	
13	0	0	0	0	534	475	
14	0	0	0	0	536	470	
15	0	0	0	0	538	469	
0	0	0	0	0	539	467	
1	0	0	0	0	539	463	
2	0	0	0	0	534	464	
3	0	0	0	0	529	464	
4	0	0	0	0	524	462	
5	0	0	0	0	519	459	
6	0	0	0	0	514	458	
7	0	0	0	0	511	463	
8	0	0	0	0	501	471	
9	0	0	0	0	495	480	
10	0	0	0	0	492	484	
11	0	0	0	0	492	490	
12	0	0	0	0	494	498	
13	0	0	0	0	501	500	
14	0	0	0	0	509	500	
15	0	0	0	0	515	503	
0	0	0	0	0	519	505	
1	0	0	0	0	519	506	
2	0	0	0	0	521	504	
3	0	0	0	0	521	502	
4	0	0	0	0	517	501	
5	0	0	0	0	510	502	
6	0	0	0	0	505	499	
7	0	0	0	0	503	495	
8	0	0	0	0	499	489	
9	0	0	0	0	495	483	
10	0	0	0	0	494	476	
11	0	0	0	0	494	468	
12	0	0	0	0	494	457	
13	0	0	0	0	496	448	
14	0	0	0	0	500	440	
15	0	0	0	0	508	436	
0	0	0	0	0	513	433	
1	0	0	0	0	518	435	
2	0	0	0	0	520	437	
3	0	0	0	0	520	438	
4	0	0	0	0	518	437	
5	0	0	0	0	513	433	
6	0	0	0	0	508	433	
7	0	0	0	0	504	434	
8	0	0	0	0	502	438	
9	0	0	0	0	502	438	
10	0	0	0	0	504	437	
11	0	0	0	0	505	438	
12	0	0	0	0	505	440	
13	0	0	0	0	508	442	
14	0	0	0	0	511	444	
15	0	0	0	0	515	449	
0	0	0	0	0	519	454	
1	0	0	0	0	529	455	
2	0	0	0	0	547	462	
3	0	0	0	0	563	466	
4	0	0	0	0	575	468	
5	0	0	0	0	583	470	
6	0	0	0	0	585	472	
7	0	0	0	0	585	472	
8	0	0	0	0	587	472	
9	0	0	0	0	590	473	
10	0	0	0	0	593	474	
11	0	0	0	0	596	473	
12	0	0	0	0	598	471	
13	0	0	0	0	603	473	
14	0	0	0	0	610	473	
15	0	0	0	0	615	471	
0	0	0	0	0	612	468	
1	0	0	0	0	609	462	
2	0	0	0	0	607	455	
3	0	0	0	0	603	450	
4	0	0	0	0	600	445	
5	0	0	0	0	597	444	
6	0	0	0	0	592	441	
7	0	0	0	0	588	439	
8	0	0	0	0	586	439	
9	0	0	0	0	584	439	
10	0	0	0	0	581	437	
11	0	0	0	0	579	438	
12	0	0	0	0	574	437	
13	0	0	0	0	575	441	
14	0	0	0	0	575	444	
15	0	0	0	0	576	445	
0	0	0	0	0	580	454	
1	0	0	0	0	583	455	
2	0	0	0	0	591	458	
3	0	0	0	0	604	458	
4	0	0	0	0	619	463	
5	0	0	0	0	630	469	
6	0	0	0	0	626	475	
7	0	0	0	0	617	479	
8	0	0	0	0	604	489	
9	0	0	0	0	591	497	
10	0	0	0	0	578	505	
11	0	0	0	0	561	512	
12	0	0	0	0	545	513	
13	0	0	0	0	529	515	
14	0	0	0	0	513	517	
15	0	0	0	0	496	519	
0	0	0	0	0	484	519	
1	0	0	0	0	475	520	
2	0	0	0	0	467	520	
3	0	0	0	0	462	518	
4	0	0	0	0	461	513	
5	0	0	0	0	463	504	
6	0	0	0	0	466	501	
7	0	0	0	0	467	501	
8	0	0	0	0	463	505	
9	0	0	0	0	462	513	
10	0	0	0	0	461	516	
11	0	0	0	0	461	517	
12	0	0	0	0	463	515	
13	0	0	0	0	466	514	
14	0	0	0	0	470	510	
15	0	0	0	0	475	509	
0	0	0	0	0	480	510	
1	0	0	0	0	487	513	
2	0	0	0	0	489	519	
3	0	0	0	0	493	523	
4	0	0	0	0	496	526	
5	0	0	0	0	497	533	
6	0	0	0	0	496	538	
7	0	0	0	0	493	540	
8	0	0	0	0	493	540	
9	0	0	0	0	488	541	
10	0	0	0	0	484	541	
11	0	0	0	0	482	541	
12	0	0	0	0	479	542	
13	0	0	0	0	477	543	
14	0	0	0	0	477	541	
15	0	0	0	0	480	540	
0	0	0	0	0	484	541	
1	0	0	0	0	493	543	
2	0	0	0	0	497	545	
3	0	0	0	0	500	545	
4	0	0	0	0	502	545	
5	0	0	0	0	500	543	
6	0	0	0	0	496	539	
7	0	0	0	0	491	536	
8	0	0	0	0	485	534	
9	0	0	0	0	480	530	
10	0	0	0	0	478	524	
11	0	0	0	0	481	519	
12	0	0	0	0	489	517	
13	0	0	0	0	497	515	
14	0	0	0	0	502	511	
15	0	0	0	0	506	512	
0	0	0	0	0	514	513	
1	0	0	0	0	520	518	
2	0	0	0	0	523	527	
3	0	0	0	0	529	535	
4	0	0	0	0	537	540	
5	0	0	0	0	542	541	
6	0	0	0	0	545	541	
7	0	0	0	0	546	541	
8	0	0	0	0	548	541	
9	0	0	0	0	551	543	
10	0	0	0	0	551	544	
11	0	0	0	0	552	541	
12	0	0	0	0	547	532	
13	0	0	0	0	545	523	
14	0	0	0	0	551	515	
15	0	0	0	0	563	513	
0	0	0	0	0	576	519	
1	0	0	0	0	583	520	
2	0	0	0	0	582	522	
3	0	0	0	0	577	527	
4	0	0	0	0	569	529	
5	0	0	0	0	558	534	
6	0	0	0	0	542	537	
7	0	0	0	0	530	537	
8	0	0	0	0	521	539	
9	0	0	0	0	510	540	
10	0	0	0	0	504	539	
11	0	0	0	0	501	537	
12	0	0	0	0	499	534	
13	0	0	0	0	496	531	
14	0	0	0	0	494	530	
15	0	0	0	0	492	531	
0	0	0	0	0	493	533	
1	0	0	0	0	500	535	
2	0	0	0	0	505	537	
3	0	0	0	0	512	536	
4	0	0	0	0	518	539	
5	0	0	0	0	522	540	
6	0	0	0	0	521	545	
7	0	0	0	0	516	548	
8	0	0	0	0	507	548	
9	0	0	0	0	498	543	
10	0	0	0	0	489	544	
11	0	0	0	0	481	548	
12	0	0	0	0	475	555	
13	0	0	0	0	469	558	
14	0	0	0	0	467	555	
15	0	0	0	0	463	549	
0	0	0	0	0	462	544	
1	0	0	0	0	459	537	
2	0	0	0	0	457	536	
3	0	0	0	0	459	531	
4	0	0	0	0	459	527	
5	0	0	0	0	459	528	
6	0	0	0	0	460	531	
7	0	0	0	0	462	535	
8	0	0	0	0	465	537	
9	0	0	0	0	467	536	
10	0	0	0	0	466	531	
11	0	0	0	0	469	528	
12	0	0	0	0	471	525	
13	0	0	0	0	470	523	
14	0	0	0	0	468	521	
15	0	0	0	0	473	523	
0	0	0	0	0	482	526	
1	0	0	0	0	492	528	
2	0	0	0	0	502	532	
3	0	0	0	0	509	533	
4	0	0	0	0	517	533	
5	0	0	0	0	521	532	
6	0	0	0	0	522	531	
7	0	0	0	0	522	533	
8	0	0	0	0	522	536	
9	0	0	0	0	520	540	
10	0	0	0	0	519	543	
11	0	0	0	0	518	545	
12	0	0	0	0	519	545	
13	0	0	0	0	518	546	
14	0	0	0	0	520	547	
15	0	0	0	0	519	550	
0	0	0	0	0	520	555	
1	0	0	0	0	523	558	
2	0	0	0	0	524	561	
3	0	0	0	0	532	568	
4	0	0	0	0	539	571	
5	0	0	0	0	543	570	
6	0	0	0	0	550	566	
7	0	0	0	0	553	563	
8	0	0	0	0	554	560	
9	0	0	0	0	554	556	
10	0	0	0	0	551	551	
11	0	0	0	0	546	550	
12	0	0	0	0	539	546	
13	0	0	0	0	532	541	
14	0	0	0	0	527	536	
15	0	0	0	0	529	532	
0	0	0	0	0	527	531	
1	0	0	0	0	526	531	
2	0	0	0	0	527	531	
3	0	0	0	0	529	534	
4	0	0	0	0	532	536	
5	0	0	0	0	537	539	
6	0	0	0	0	542	542	
7	0	0	0	0	545	543	
8	0	0	0	0	547	540	
9	0	0	0	0	546	537	
10	0	0	0	0	547	535	
11	0	0	0	0	555	532	
12	0	0	0	0	567	532	
13	0	0	0	0	574	533	
14	0	0	0	0	571	533	
15	0	0	0	0	565	531	
0	0	0	0	0	553	525	
1	0	0	0	0	542	519	
2	0	0	0	0	531	515	
3	0	0	0	0	521	515	
4	0	0	0	0	513	516	
5	0	0	0	0	509	514	
6	0	0	0	0	507	514	
7	0	0	0	0	510	512	
8	0	0	0	0	516	516	
9	0	0	0	0	524	519	
10	0	0	0	0	529	525	
11	0	0	0	0	535	527	
12	0	0	0	0	541	528	
13	0	0	0	0	543	529	
14	0	0	0	0	544	533	
15	0	0	0	0	540	535	
0	0	0	0	0	537	536	
1	0	0	0	0	537	532	
2	0	0	0	0	539	529	
3	0	0	0	0	543	526	
4	0	0	0	0	547	525	
5	0	0	0	0	555	525	
6	0	0	0	0	562	527	
7	0	0	0	0	573	526	
8	0	0	0	0	583	528	
9	0	0	0	0	592	527	
10	0	0	0	0	598	524	
11	0	0	0	0	603	524	
12	0	0	0	0	609	523	
13	0	0	0	0	613	523	
14	0	0	0	0	615	524	
15	0	0	0	0	616	526	
0	0	0	0	0	618	525	
1	0	0	0	0	617	526	
2	0	0	0	0	618	523	
3	0	0	0	0	619	523	
4	0	0	0	0	616	523	
5	0	0	0	0	613	524	
6	0	0	0	0	607	524	
7	0	0	0	0	598	523	
8	0	0	0	0	589	523	
9	0	0	0	0	582	520	
10	0	0	0	0	576	519	
11	0	0	0	0	574	519	
12	0	0	0	0	578	520	
13	0	0	0	0	582	520	
14	0	0	0	0	587	518	
15	0	0	0	0	591	515	
0	0	0	0	0	596	514	
1	0	0	0	0	600	514	
2	0	0	0	0	599	513	
3	0	0	0	0	600	512	
4	0	0	0	0	603	509	
5	0	0	0	0	601	507	
6	0	0	0	0	599	505	
7	0	0	0	0	598	502	
8	0	0	0	0	601	501	
9	0	0	0	0	604	500	
10	0	0	0	0	608	502	
11	0	0	0	0	614	500	
12	0	0	0	0	621	496	
13	0	0	0	0	626	492	
14	0	0	0	0	627	490	
15	0	0	0	0	628	492	
0	0	0	0	0	629	493	
1	0	0	0	0	628	494	
2	0	0	0	0	628	495	
3	0	0	0	0	625	495	
4	0	0	0	0	622	496	
5	0	0	0	0	617	499	
6	0	0	0	0	614	499	
7	0	0	0	0	613	500	
8	0	0	0	0	618	499	
9	0	0	0	0	624	499	
10	0	0	0	0	631	496	
11	0	0	0	0	638	491	
12	0	0	0	0	646	489	
13	0	0	0	0	654	487	
14	0	0	0	0	656	485	
15	0	0	0	0	656	484	
0	0	0	0	0	654	482	
1	0	0	0	0	652	482	
2	0	0	0	0	658	483	
3	0	0	0	0	672	484	
4	0	0	0	0	684	484	
5	0	0	0	0	688	482	
6	0	0	0	0	692	478	
7	0	0	0	0	693	471	
8	0	0	0	0	691	462	
9	0	0	0	0	684	448	
10	0	0	0	0	677	441	
11	0	0	0	0	671	432	
12	0	0	0	0	668	421	
13	0	0	0	0	671	412	
14	0	0	0	0	672	402	
15	0	0	0	0	671	400	
0	0	0	0	0	671	400	
1	0	0	0	0	669	403	
2	0	0	0	0	668	405	
3	0	0	0	0	666	404	
4	0	0	0	0	664	405	
5	0	0	0	0	663	408	
6	0	0	0	0	664	406	
7	0	0	0	0	664	412	
8	0	0	0	0	660	414	
9	0	0	0	0	654	413	
10	0	0	0	0	646	418	
11	0	0	0	0	639	417	
12	0	0	0	0	638	415	
13	0	0	0	0	637	408	
14	0	0	0	0	639	399	
15	0	0	0	0	642	393	
0	0	0	0	0	643	385	
1	0	0	0	0	648	375	
2	0	0	0	0	651	368	
3	0	0	0	0	651	356	
4	0	0	0	0	656	343	
5	0	0	0	0	659	339	
6	0	0	0	0	664	335	
7	0	0	0	0	668	337	
8	0	0	0	0	670	341	
9	0	0	0	0	672	341	
10	0	0	0	0	673	345	
11	0	0	0	0	674	342	
12	0	0	0	0	676	335	
13	0	0	0	0	675	341	
14	0	0	0	0	672	339	
15	0	0	0	0	664	340	
0	0	0	0	0	660	338	
1	0	0	0	0	654	331	
2	0	0	0	0	646	334	
3	0	0	0	0	641	335	
4	0	0	0	0	637	333	
5	0	0	0	0	634	339	
6	0	0	0	0	633	341	
7	0	0	0	0	632	349	
8	0	0	0	0	631	353	
9	0	0	0	0	635	352	
10	0	0	0	0	641	359	
11	0	0	0	0	646	357	
12	0	0	0	0	653	350	
13	0	0	0	0	662	347	
14	0	0	0	0	668	338	
15	0	0	0	0	677	332	
0	0	0	0	0	681	323	
1	0	0	0	0	684	306	
2	0	0	0	0	684	307	
3	0	0	0	0	683	303	
4	0	0	0	0	681	304	
5	0	0	0	0	679	303	
6	0	0	0	0	674	293	
7	0	0	0	0	669	297	
8	0	0	0	0	660	297	
9	0	0	0	0	649	295	
10	0	0	0	0	640	295	
11	0	0	0	0	635	295	
12	0	0	0	0	634	307	
13	0	0	0	0	635	316	
14	0	0	0	0	635	319	
15	0	0	0	0	633	327	
0	0	0	0	0	631	327	
1	0	0	0	0	627	322	
2	0	0	0	0	623	323	
3	0	0	0	0	617	317	
4	0	0	0	0	608	311	
5	0	0	0	0	601	300	
6	0	0	0	0	597	290	
7	0	0	0	0	598	290	
8	0	0	0	0	605	286	
9	0	0	0	0	614	281	
10	0	0	0	0	621	280	
11	0	0	0	0	628	274	
12	0	0	0	0	636	272	
13	0	0	0	0	643	269	
14	0	0	0	0	647	255	
15	0	0	0	0	651	250	
0	0	0	0	0	655	239	
1	0	0	0	0	657	231	
2	0	0	0	0	658	227	
3	0	0	0	0	662	216	
4	0	0	0	0	667	217	
5	0	0	0	0	673	214	
6	0	0	0	0	680	209	
7	0	0	0	0	687	221	
8	0	0	0	0	691	224	
9	0	0	0	0	693	228	
10	0	0	0	0	694	231	
11	0	0	0	0	695	227	
12	0	0	0	0	695	232	
13	0	0	0	0	696	235	
14	0	0	0	0	696	226	
15	0	0	0	0	696	234	
0	0	0	0	0	696	232	
1	0	0	0	0	692	231	
2	0	0	0	0	687	230	
3	0	0	0	0	682	224	
4	0	0	0	0	678	227	
5	0	0	0	0	675	227	
6	0	0	0	0	679	225	
7	0	0	0	0	683	234	
8	0	0	0	0	687	234	
9	0	0	0	0	692	227	
10	0	0	0	0	697	231	
11	0	0	0	0	697	228	
12	0	0	0	0	697	215	
13	0	0	0	0	697	215	
14	0	0	0	0	696	205	
15	0	0	0	0	693	187	
0	0	0	0	0	688	186	
1	0	0	0	0	682	180	
2	0	0	0	0	676	170	
3	0	0	0	0	675	170	
4	0	0	0	0	679	166	
5	0	0	0	0	683	174	
6	0	0	0	0	688	180	
7	0	0	0	0	692	182	
8	0	0	0	0	697	197	
9	0	0	0	0	700	201	
10	0	0	0	0	703	199	
11	0	0	0	0	707	201	
12	0	0	0	0	710	197	
13	0	0	0	0	709	201	
14	0	0	0	0	707	203	
15	0	0	0	0	708	195	
0	0	0	0	0	717	202	
1	0	0	0	0	727	201	
2	0	0	0	0	728	200	
3	0	0	0	0	719	196	
4	0	0	0	0	710	190	
5	0	0	0	0	699	193	
6	0	0	0	0	686	194	
7	0	0	0	0	672	188	
8	0	0	0	0	660	192	
9	0	0	0	0	648	191	
10	0	0	0	0	638	187	
11	0	0	0	0	627	192	
12	0	0	0	0	620	190	
13	0	0	0	0	616	191	
14	0	0	0	0	617	194	
15	0	0	0	0	622	197	
0	0	0	0	0	624	204	
1	0	0	0	0	627	210	
2	0	0	0	0	632	210	
3	0	0	0	0	640	221	
4	0	0	0	0	644	226	
5	0	0	0	0	641	227	
6	0	0	0	0	634	239	
7	0	0	0	0	622	243	
8	0	0	0	0	611	249	
9	0	0	0	0	606	252	
10	0	0	0	0	604	249	
11	0	0	0	0	607	255	
12	0	0	0	0	612	252	
13	0	0	0	0	615	246	
14	0	0	0	0	618	253	
15	0	0	0	0	623	251	
0	0	0	0	0	627	241	
1	0	0	0	0	628	249	
2	0	0	0	0	631	250	
3	0	0	0	0	632	250	
4	0	0	0	0	633	254	
5	0	0	0	0	632	249	
6	0	0	0	0	630	249	
7	0	0	0	0	628	243	
8	0	0	0	0	627	232	
9	0	0	0	0	627	229	
10	0	0	0	0	629	223	
11	0	0	0	0	632	208	
12	0	0	0	0	635	205	
13	0	0	0	0	638	194	
14	0	0	0	0	643	188	
15	0	0	0	0	649	184	
0	0	0	0	0	653	176	
1	0	0	0	0	658	177	
2	0	0	0	0	659	175	
3	0	0	0	0	656	167	
4	0	0	0	0	652	178	
5	0	0	0	0	649	182	
6	0	0	0	0	647	188	
7	0	0	0	0	649	191	
8	0	0	0	0	653	185	
9	0	0	0	0	659	192	
10	0	0	0	0	663	189	
11	0	0	0	0	660	187	
12	0	0	0	0	656	182	
13	0	0	0	0	653	170	
14	0	0	0	0	649	170	
15	0	0	0	0	647	164	
0	0	0	0	0	646	161	
1	0	0	0	0	644	159	
2	0	0	0	0	640	149	
3	0	0	0	0	639	151	
4	0	0	0	0	638	151	
5	0	0	0	0	636	151	
6	0	0	0	0	636	151	
7	0	0	0	0	636	146	
8	0	0	0	0	631	151	
9	0	0	0	0	625	152	
10	0	0	0	0	619	155	
11	0	0	0	0	614	159	
12	0	0	0	0	608	162	
13	0	0	0	0	607	170	
14	0	0	0	0	607	174	
15	0	0	0	0	607	173	
0	0	0	0	0	607	180	
1	0	0	0	0	612	179	
2	0	0	0	0	621	172	
3	0	0	0	0	629	174	
4	0	0	0	0	633	172	
5	0	0	0	0	638	172	
6	0	0	0	0	641	171	
7	0	0	0	0	647	169	
8	0	0	0	0	647	179	
9	0	0	0	0	646	181	
10	0	0	0	0	646	185	
11	0	0	0	0	645	191	
12	0	0	0	0	641	187	
13	0	0	0	0	637	194	
14	0	0	0	0	635	195	
15	0	0	0	0	632	191	
0	0	0	0	0	630	199	
1	0	0	0	0	624	198	
2	0	0	0	0	620	195	
3	0	0	0	0	616	199	
4	0	0	0	0	613	203	
5	0	0	0	0	609	205	
6	0	0	0	0	606	210	
7	0	0	0	0	600	211	
8	0	0	0	0	595	222	
9	0	0	0	0	589	228	
10	0	0	0	0	584	226	
11	0	0	0	0	581	237	
12	0	0	0	0	575	239	
13	0	0	0	0	569	243	
14	0	0	0	0	561	243	
15	0	0	0	0	552	236	
0	0	0	0	0	544	243	
1	0	0	0	0	536	245	
2	0	0	0	0	532	245	
3	0	0	0	0	532	255	
4	0	0	0	0	535	256	
5	0	0	0	0	537	259	
6	0	0	0	0	539	260	
7	0	0	0	0	538	256	
8	0	0	0	0	536	261	
9	0	0	0	0	536	262	
10	0	0	0	0	538	259	
11	0	0	0	0	540	265	
12	0	0	0	0	547	268	
13	0	0	0	0	557	273	
14	0	0	0	0	566	272	
15	0	0	0	0	573	267	
0	0	0	0	0	584	273	
1	0	0	0	0	594	274	
2	0	0	0	0	599	272	
3	0	0	0	0	604	280	
4	0	0	0	0	604	280	
5	0	0	0	0	604	283	
6	0	0	0	0	606	279	
7	0	0	0	0	615	274	
8	0	0	0	0	626	281	
9	0	0	0	0	639	283	
10	0	0	0	0	643	280	
11	0	0	0	0	640	285	
12	0	0	0	0	635	284	
13	0	0	0	0	626	289	
14	0	0	0	0	616	295	
15	0	0	0	0	603	299	
0	0	0	0	0	588	313	
1	0	0	0	0	575	318	
2	0	0	0	0	562	319	
3	0	0	0	0	553	329	
4	0	0	0	0	549	328	
5	0	0	0	0	548	329	
6	0	0	0	0	551	327	
7	0	0	0	0	556	325	
8	0	0	0	0	562	331	
9	0	0	0	0	563	335	
10	0	0	0	0	561	332	
11	0	0	0	0	559	332	
12	0	0	0	0	557	327	
13	0	0	0	0	551	319	
14	0	0	0	0	543	320	
15	0	0	0	0	532	319	
0	0	0	0	0	526	321	
1	0	0	0	0	523	326	
2	0	0	0	0	522	331	
3	0	0	0	0	529	335	
4	0	0	0	0	543	334	
5	0	0	0	0	553	332	
6	0	0	0	0	560	332	
7	0	0	0	0	567	328	
8	0	0	0	0	573	318	
9	0	0	0	0	575	324	
10	0	0	0	0	576	331	
11	0	0	0	0	575	336	
12	0	0	0	0	575	353	
13	0	0	0	0	572	364	
14	0	0	0	0	562	377	
15	0	0	0	0	547	386	
0	0	0	0	0	532	394	
1	0	0	0	0	512	404	
2	0	0	0	0	495	413	
3	0	0	0	0	480	418	
4	0	0	0	0	467	427	
5	0	0	0	0	460	433	
6	0	0	0	0	459	440	
7	0	0	0	0	462	446	
8	0	0	0	0	467	451	
9	0	0	0	0	477	456	
10	0	0	0	0	487	462	
11	0	0	0	0	492	467	
12	0	0	0	0	495	470	
13	0	0	0	0	495	477	
14	0	0	0	0	492	481	
15	0	0	0	0	489	485	
0	0	0	0	0	489	487	
1	0	0	0	0	488	488	
2	0	0	0	0	487	487	
3	0	0	0	0	488	487	
4	0	0	0	0	489	487	
5	0	0	0	0	487	488	
6	0	0	0	0	483	491	
7	0	0	0	0	480	497	
8	0	0	0	0	472	504	
9	0	0	0	0	465	509	
10	0	0	0	0	461	515	
11	0	0	0	0	459	519	
12	0	0	0	0	459	515	
13	0	0	0	0	460	517	
14	0	0	0	0	462	518	
15	0	0	0	0	464	517	
0	0	0	0	0	470	518	
1	0	0	0	0	472	515	
2	0	0	0	0	477	515	
3	0	0	0	0	480	513	
4	0	0	0	0	483	509	
5	0	0	0	0	487	505	
6	0	0	0	0	489	499	
7	0	0	0	0	492	493	
8	0	0	0	0	496	491	
9	0	0	0	0	503	491	
10	0	0	0	0	511	492	
11	0	0	0	0	516	491	
12	0	0	0	0	518	485	
13	0	0	0	0	515	477	
14	0	0	0	0	509	468	
15	0	0	0	0	500	462	
0	0	0	0	0	488	456	
1	0	0	0	0	477	452	
2	0	0	0	0	468	450	
3	0	0	0	0	462	448	
4	0	0	0	0	458	450	
5	0	0	0	0	453	455	
6	0	0	0	0	449	463	
7	0	0	0	0	448	476	
8	0	0	0	0	450	485	
9	0	0	0	0	454	492	
10	0	0	0	0	458	498	
11	0	0	0	0	459	503	
12	0	0	0	0	459	507	
13	0	0	0	0	457	511	
14	0	0	0	0	454	513	
15	0	0	0	0	453	517	
0	0	0	0	0	453	521	
1	0	0	0	0	454	526	
2	0	0	0	0	454	531	
3	0	0	0	0	457	540	
4	0	0	0	0	456	549	
5	0	0	0	0	451	551	
6	0	0	0	0	445	553	
7	0	0	0	0	442	552	
8	0	0	0	0	439	549	
9	0	0	0	0	437	545	
10	0	0	0	0	431	543	
11	0	0	0	0	426	538	
12	0	0	0	0	424	531	
13	0	0	0	0	420	526	
14	0	0	0	0	420	520	
15	0	0	0	0	422	512	
0	0	0	0	0	426	499	
1	0	0	0	0	428	484	
2	0	0	0	0	428	472	
3	0	0	0	0	428	460	
4	0	0	0	0	432	456	
5	0	0	0	0	438	457	
6	0	0	0	0	442	460	
7	0	0	0	0	447	459	
8	0	0	0	0	450	463	
9	0	0	0	0	455	468	
10	0	0	0	0	461	476	
11	0	0	0	0	464	480	
12	0	0	0	0	467	484	
13	0	0	0	0	472	488	
14	0	0	0	0	474	491	
15	0	0	0	0	476	494	
0	0	0	0	0	479	500	
1	0	0	0	0	480	509	
2	0	0	0	0	482	515	
3	0	0	0	0	483	519	
4	0	0	0	0	482	523	
5	0	0	0	0	481	528	
6	0	0	0	0	480	529	
7	0	0	0	0	478	529	
8	0	0	0	0	475	528	
9	0	0	0	0	472	530	
10	0	0	0	0	466	533	
11	0	0	0	0	463	536	
12	0	0	0	0	462	540	
13	0	0	0	0	459	546	
14	0	0	0	0	456	553	
15	0	0	0	0	451	557	
0	0	0	0	0	448	563	
1	0	0	0	0	446	568	
2	0	0	0	0	446	569	
3	0	0	0	0	444	568	
4	0	0	0	0	443	565	
5	0	0	0	0	439	562	
6	0	0	0	0	436	559	
7	0	0	0	0	436	559	
8	0	0	0	0	442	559	
9	0	0	0	0	449	559	
10	0	0	0	0	456	559	
11	0	0	0	0	460	562	
12	0	0	0	0	460	561	
13	0	0	0	0	458	562	
14	0	0	0	0	453	561	
15	0	0	0	0	446	556	
0	0	0	0	0	437	553	
1	0	0	0	0	431	547	
2	0	0	0	0	427	543	
3	0	0	0	0	423	541	
4	0	0	0	0	421	539	
5	0	0	0	0	421	540	
6	0	0	0	0	420	542	
7	0	0	0	0	419	542	
8	0	0	0	0	423	541	
9	0	0	0	0	426	543	
10	0	0	0	0	427	551	
11	0	0	0	0	426	559	
12	0	0	0	0	425	565	
13	0	0	0	0	422	569	
14	0	0	0	0	415	573	
15	0	0	0	0	412	572	
0	0	0	0	0	407	576	
1	0	0	0	0	405	575	
2	0	0	0	0	407	576	
3	0	0	0	0	411	579	
4	0	0	0	0	416	583	
5	0	0	0	0	420	584	
6	0	0	0	0	425	585	
7	0	0	0	0	427	585	
8	0	0	0	0	432	584	
9	0	0	0	0	437	581	
10	0	0	0	0	442	581	
11	0	0	0	0	445	579	
12	0	0	0	0	449	571	
13	0	0	0	0	449	564	
14	0	0	0	0	449	561	
15	0	0	0	0	451	560	
0	0	0	0	0	452	556	
1	0	0	0	0	452	558	
2	0	0	0	0	450	564	
3	0	0	0	0	448	573	
4	0	0	0	0	446	579	
5	0	0	0	0	442	583	
6	0	0	0	0	440	580	
7	0	0	0	0	436	575	
8	0	0	0	0	433	572	
9	0	0	0	0	431	567	
10	0	0	0	0	432	560	
11	0	0	0	0	433	557	
12	0	0	0	0	437	548	
13	0	0	0	0	440	542	
14	0	0	0	0	444	542	
15	0	0	0	0	444	542	
0	0	0	0	0	444	548	
1	0	0	0	0	446	548	
2	0	0	0	0	450	553	
3	0	0	0	0	460	561	
4	0	0	0	0	467	568	
5	0	0	0	0	469	571	
6	0	0	0	0	472	569	
7	0	0	0	0	472	568	
8	0	0	0	0	471	566	
9	0	0	0	0	470	571	
10	0	0	0	0	467	575	
11	0	0	0	0	459	576	
12	0	0	0	0	449	573	
13	0	0	0	0	436	564	
14	0	0	0	0	423	559	
15	0	0	0	0	416	556	
0	0	0	0	0	416	557	
1	0	0	0	0	422	563	
2	0	0	0	0	432	569	
3	0	0	0	0	444	576	
4	0	0	0	0	457	582	
5	0	0	0	0	467	586	
6	0	0	0	0	477	591	
7	0	0	0	0	486	592	
8	0	0	0	0	486	594	
9	0	0	0	0	481	593	
10	0	0	0	0	475	588	
11	0	0	0	0	469	584	
12	0	0	0	0	460	583	
13	0	0	0	0	453	579	
14	0	0	0	0	446	573	
15	0	0	0	0	442	570	
0	0	0	0	0	439	568	
1	0	0	0	0	439	571	
2	0	0	0	0	437	570	
3	0	0	0	0	435	571	
4	0	0	0	0	434	573	
5	0	0	0	0	436	573	
6	0	0	0	0	439	574	
7	0	0	0	0	441	575	
8	0	0	0	0	441	577	
9	0	0	0	0	439	581	
10	0	0	0	0	438	587	
11	0	0	0	0	437	593	
12	0	0	0	0	437	595	
13	0	0	0	0	434	598	
14	0	0	0	0	434	594	
15	0	0	0	0	435	590	
0	0	0	0	0	440	584	
1	0	0	0	0	447	579	
2	0	0	0	0	457	575	
3	0	0	0	0	469	574	
4	0	0	0	0	480	576	
5	0	0	0	0	493	579	
6	0	0	0	0	500	585	
7	0	0	0	0	504	593	
8	0	0	0	0	505	600	
9	0	0	0	0	506	604	
10	0	0	0	0	502	607	
11	0	0	0	0	497	611	
12	0	0	0	0	492	617	
13	0	0	0	0	489	620	
14	0	0	0	0	488	616	
15	0	0	0	0	489	612	
0	0	0	0	0	492	608	
1	0	0	0	0	490	605	
2	0	0	0	0	487	595	
3	0	0	0	0	483	592	
4	0	0	0	0	478	591	
5	0	0	0	0	474	588	
6	0	0	0	0	473	587	
7	0	0	0	0	471	590	
8	0	0	0	0	469	593	
9	0	0	0	0	468	595	
10	0	0	0	0	470	599	
11	0	0	0	0	470	600	
12	0	0	0	0	468	600	
13	0	0	0	0	467	596	
14	0	0	0	0	467	596	
15	0	0	0	0	468	598	
0	0	0	0	0	468	595	
1	0	0	0	0	470	593	
2	0	0	0	0	467	593	
3	0	0	0	0	463	591	
4	0	0	0	0	457	587	
5	0	0	0	0	451	587	
6	0	0	0	0	447	587	
7	0	0	0	0	444	590	
8	0	0	0	0	441	590	
9	0	0	0	0	437	595	
10	0	0	0	0	432	601	
11	0	0	0	0	430	607	
12	0	0	0	0	430	611	
13	0	0	0	0	432	620	
14	0	0	0	0	438	630	
15	0	0	0	0	443	644	
0	0	0	0	0	446	652	
1	0	0	0	0	445	657	
2	0	0	0	0	448	660	
3	0	0	0	0	449	659	
4	0	0	0	0	454	660	
5	0	0	0	0	455	663	
6	0	0	0	0	455	663	
7	0	0	0	0	455	665	
8	0	0	0	0	454	664	
9	0	0	0	0	450	661	
10	0	0	0	0	446	657	
11	0	0	0	0	446	647	
12	0	0	0	0	448	642	
13	0	0	0	0	451	639	
14	0	0	0	0	447	633	
15	0	0	0	0	439	634	
0	0	0	0	0	429	642	
1	0	0	0	0	420	651	
2	0	0	0	0	412	657	
3	0	0	0	0	401	663	
4	0	0	0	0	391	667	
5	0	0	0	0	384	669	
6	0	0	0	0	379	678	
7	0	0	0	0	374	679	
8	0	0	0	0	374	683	
9	0	0	0	0	379	686	
10	0	0	0	0	383	684	
11	0	0	0	0	389	679	
12	0	0	0	0	393	676	
13	0	0	0	0	397	673	
14	0	0	0	0	407	670	
15	0	0	0	0	421	673	
0	0	0	0	0	434	672	
1	0	0	0	0	445	673	
2	0	0	0	0	455	669	
3	0	0	0	0	457	665	
4	0	0	0	0	458	665	
5	0	0	0	0	460	665	
6	0	0	0	0	459	668	
7	0	0	0	0	452	674	
8	0	0	0	0	442	676	
9	0	0	0	0	436	681	
10	0	0	0	0	432	686	
11	0	0	0	0	432	688	
12	0	0	0	0	434	689	
13	0	0	0	0	439	690	
14	0	0	0	0	449	691	
15	0	0	0	0	460	688	
0	0	0	0	0	472	686	
1	0	0	0	0	481	683	
2	0	0	0	0	485	683	
3	0	0	0	0	486	691	
4	0	0	0	0	483	700	
5	0	0	0	0	482	716	
6	0	0	0	0	479	722	
7	0	0	0	0	476	729	
8	0	0	0	0	471	733	
9	0	0	0	0	469	731	
10	0	0	0	0	471	718	
11	0	0	0	0	476	701	
12	0	0	0	0	486	683	
13	0	0	0	0	497	668	
14	0	0	0	0	510	652	
15	0	0	0	0	524	647	
0	0	0	0	0	535	647	
1	0	0	0	0	546	650	
2	0	0	0	0	553	657	
3	0	0	0	0	559	669	
4	0	0	0	0	560	679	
5	0	0	0	0	556	689	
6	0	0	0	0	551	693	
7	0	0	0	0	542	692	
8	0	0	0	0	532	690	
9	0	0	0	0	526	683	
10	0	0	0	0	521	678	
11	0	0	0	0	517	681	
12	0	0	0	0	513	674	
13	0	0	0	0	514	671	
14	0	0	0	0	515	666	
15	0	0	0	0	514	664	
0	0	0	0	0	514	661	
1	0	0	0	0	514	654	
2	0	0	0	0	514	644	
3	0	0	0	0	513	636	
4	0	0	0	0	513	632	
5	0	0	0	0	515	633	
6	0	0	0	0	517	637	
7	0	0	0	0	515	638	
8	0	0	0	0	512	640	
9	0	0	0	0	508	641	
10	0	0	0	0	502	645	
11	0	0	0	0	498	649	
12	0	0	0	0	493	652	
13	0	0	0	0	487	655	
14	0	0	0	0	480	657	
15	0	0	0	0	475	662	
0	0	0	0	0	473	670	
1	0	0	0	0	475	678	
2	0	0	0	0	476	676	
3	0	0	0	0	477	676	
4	0	0	0	0	478	680	
5	0	0	0	0	481	686	
6	0	0	0	0	485	693	
7	0	0	0	0	484	697	
8	0	0	0	0	481	694	
9	0	0	0	0	475	683	
10	0	0	0	0	467	670	
11	0	0	0	0	456	659	
12	0	0	0	0	444	647	
13	0	0	0	0	432	639	
14	0	0	0	0	423	628	
15	0	0	0	0	418	621	
0	0	0	0	0	415	615	
1	0	0	0	0	415	612	
2	0	0	0	0	419	611	
3	0	0	0	0	422	605	
4	0	0	0	0	428	595	
5	0	0	0	0	434	588	
6	0	0	0	0	440	581	
7	0	0	0	0	444	571	
8	0	0	0	0	448	563	
9	0	0	0	0	447	553	
10	0	0	0	0	442	548	
11	0	0	0	0	432	547	
12	0	0	0	0	425	551	
13	0	0	0	0	420	557	
14	0	0	0	0	412	566	
15	0	0	0	0	401	576	
0	0	0	0	0	398	584	
1	0	0	0	0	397	592	
2	0	0	0	0	398	595	
3	0	0	0	0	401	595	
4	0	0	0	0	408	587	
5	0	0	0	0	415	581	
6	0	0	0	0	422	571	
7	0	0	0	0	431	560	
8	0	0	0	0	437	551	
9	0	0	0	0	443	542	
10	0	0	0	0	446	533	
11	0	0	0	0	449	530	
12	0	0	0	0	448	527	
13	0	0	0	0	446	523	
14	0	0	0	0	443	520	
15	0	0	0	0	436	518	
0	0	0	0	0	432	521	
1	0	0	0	0	424	529	
2	0	0	0	0	418	539	
3	0	0	0	0	412	549	
4	0	0	0	0	406	552	
5	0	0	0	0	401	557	
6	0	0	0	0	399	558	
7	0	0	0	0	400	558	
8	0	0	0	0	400	560	
9	0	0	0	0	401	568	
10	0	0	0	0	404	572	
11	0	0	0	0	406	581	
12	0	0	0	0	404	583	
13	0	0	0	0	403	594	
14	0	0	0	0	403	602	
15	0	0	0	0	401	610	
0	0	0	0	0	399	615	
1	0	0	0	0	396	619	
2	0	0	0	0	396	617	
3	0	0	0	0	399	616	
4	0	0	0	0	402	608	
5	0	0	0	0	402	595	
6	0	0	0	0	407	580	
7	0	0	0	0	411	565	
8	0	0	0	0	415	551	
9	0	0	0	0	422	537	
10	0	0	0	0	430	524	
11	0	0	0	0	436	513	
12	0	0	0	0	444	503	
13	0	0	0	0	452	495	
14	0	0	0	0	462	491	
15	0	0	0	0	470	492	
0	0	0	0	0	474	492	
1	0	0	0	0	478	494	
2	0	0	0	0	479	499	
3	0	0	0	0	478	502	
4	0	0	0	0	474	502	
5	0	0	0	0	475	500	
6	0	0	0	0	477	498	
7	0	0	0	0	480	493	
8	0	0	0	0	487	486	
9	0	0	0	0	493	476	
10	0	0	0	0	501	469	
11	0	0	0	0	508	463	
12	0	0	0	0	512	459	
13	0	0	0	0	513	460	
14	0	0	0	0	511	465	
15	0	0	0	0	504	470	
0	0	0	0	0	501	473	
1	0	0	0	0	496	476	
2	0	0	0	0	492	477	
3	0	0	0	0	487	481	
4	0	0	0	0	487	484	
5	0	0	0	0	487	488	
6	0	0	0	0	487	492	
7	0	0	0	0	484	495	
8	0	0	0	0	484	499	
9	0	0	0	0	484	506	
10	0	0	0	0	483	508	
11	0	0	0	0	482	509	
12	0	0	0	0	483	508	
13	0	0	0	0	485	508	
14	0	0	0	0	487	510	
15	0	0	0	0	489	508	
0	0	0	0	0	495	507	
1	0	0	0	0	499	505	
2	0	0	0	0	505	502	
3	0	0	0	0	511	503	
4	0	0	0	0	517	505	
5	0	0	0	0	524	507	
6	0	0	0	0	532	504	
7	0	0	0	0	540	503	
8	0	0	0	0	544	505	
9	0	0	0	0	550	508	
10	0	0	0	0	553	509	
11	0	0	0	0	559	510	
12	0	0	0	0	559	508	
13	0	0	0	0	557	509	
14	0	0	0	0	553	505	
15	0	0	0	0	549	497	
0	0	0	0	0	544	494	
1	0	0	0	0	542	493	
2	0	0	0	0	540	493	
3	0	0	0	0	539	497	
4	0	0	0	0	537	501	
5	0	0	0	0	534	507	
6	0	0	0	0	530	509	
7	0	0	0	0	528	512	
8	0	0	0	0	530	512	
9	0	0	0	0	534	511	
10	0	0	0	0	536	511	
11	0	0	0	0	537	511	
12	0	0	0	0	536	514	
13	0	0	0	0	530	518	
14	0	0	0	0	523	519	
15	0	0	0	0	518	521	
0	0	0	0	0	511	524	
1	0	0	0	0	502	525	
2	0	0	0	0	494	527	
3	0	0	0	0	486	526	
4	0	0	0	0	478	526	
5	0	0	0	0	468	522	
6	0	0	0	0	463	519	
7	0	0	0	0	464	516	
8	0	0	0	0	469	515	
9	0	0	0	0	476	517	
10	0	0	0	0	481	518	
11	0	0	0	0	487	515	
12	0	0	0	0	496	509	
13	0	0	0	0	505	503	
14	0	0	0	0	515	494	
15	0	0	0	0	523	487	
0	0	0	0	0	530	483	
1	0	0	0	0	535	480	
2	0	0	0	0	537	481	
3	0	0	0	0	541	478	
4	0	0	0	0	543	476	
5	0	0	0	0	543	472	
6	0	0	0	0	543	468	
7	0	0	0	0	542	465	
8	0	0	0	0	544	470	
9	0	0	0	0	547	481	
10	0	0	0	0	551	494	
11	0	0	0	0	556	504	
12	0	0	0	0	556	507	
13	0	0	0	0	556	507	
14	0	0	0	0	558	499	
15	0	0	0	0	560	494	
0	0	0	0	0	560	487	
1	0	0	0	0	558	481	
2	0	0	0	0	553	477	
3	0	0	0	0	547	474	
4	0	0	0	0	539	473	
5	0	0	0	0	531	471	
6	0	0	0	0	527	474	
7	0	0	0	0	524	473	
8	0	0	0	0	522	472	
9	0	0	0	0	518	472	
10	0	0	0	0	515	475	
11	0	0	0	0	516	473	
12	0	0	0	0	517	474	
13	0	0	0	0	518	472	
14	0	0	0	0	519	470	
15	0	0	0	0	523	469	
0	0	0	0	0	525	466	
1	0	0	0	0	529	463	
2	0	0	0	0	531	465	
3	0	0	0	0	536	468	
4	0	0	0	0	538	470	
5	0	0	0	0	542	470	
6	0	0	0	0	547	467	
7	0	0	0	0	547	467	
8	0	0	0	0	545	465	
9	0	0	0	0	543	464	
10	0	0	0	0	544	462	
11	0	0	0	0	544	462	
12	0	0	0	0	542	458	
13	0	0	0	0	543	459	
14	0	0	0	0	542	457	
15	0	0	0	0	538	455	
0	0	0	0	0	532	450	
1	0	0	0	0	529	449	
2	0	0	0	0	528	451	
3	0	0	0	0	530	459	
4	0	0	0	0	531	469	
5	0	0	0	0	534	483	
6	0	0	0	0	537	497	
7	0	0	0	0	543	507	
8	0	0	0	0	547	512	
9	0	0	0	0	551	515	
10	0	0	0	0	557	518	
11	0	0	0	0	561	519	
12	0	0	0	0	563	516	
13	0	0	0	0	564	507	
14	0	0	0	0	567	496	
15	0	0	0	0	570	483	
0	0	0	0	0	575	472	
1	0	0	0	0	579	464	
2	0	0	0	0	580	455	
3	0	0	0	0	579	446	
4	0	0	0	0	577	443	
5	0	0	0	0	571	440	
6	0	0	0	0	561	440	
7	0	0	0	0	550	436	
8	0	0	0	0	541	435	
9	0	0	0	0	537	433	
10	0	0	0	0	539	429	
11	0	0	0	0	543	426	
12	0	0	0	0	547	416	
13	0	0	0	0	548	405	
14	0	0	0	0	548	400	
15	0	0	0	0	550	392	
0	0	0	0	0	550	383	
1	0	0	0	0	548	376	
2	0	0	0	0	544	374	
3	0	0	0	0	545	376	
4	0	0	0	0	545	376	
5	0	0	0	0	548	376	
6	0	0	0	0	552	380	
7	0	0	0	0	557	382	
8	0	0	0	0	560	384	
9	0	0	0	0	564	387	
10	0	0	0	0	570	385	
11	0	0	0	0	576	385	
12	0	0	0	0	582	384	
13	0	0	0	0	583	382	
14	0	0	0	0	585	384	
15	0	0	0	0	586	384	
0	0	0	0	0	587	383	
1	0	0	0	0	589	388	
2	0	0	0	0	592	390	
3	0	0	0	0	595	387	
4	0	0	0	0	600	390	
5	0	0	0	0	603	394	
6	0	0	0	0	603	400	
7	0	0	0	0	603	403	
8	0	0	0	0	602	404	
9	0	0	0	0	598	403	
10	0	0	0	0	592	400	
11	0	0	0	0	590	399	
12	0	0	0	0	586	401	
13	0	0	0	0	583	406	
14	0	0	0	0	582	409	
15	0	0	0	0	580	416	
0	0	0	0	0	577	419	
1	0	0	0	0	574	422	
2	0	0	0	0	571	423	
3	0	0	0	0	565	424	
4	0	0	0	0	559	428	
5	0	0	0	0	553	432	
6	0	0	0	0	547	432	
7	0	0	0	0	542	435	
8	0	0	0	0	539	434	
9	0	0	0	0	536	432	
10	0	0	0	0	532	430	
11	0	0	0	0	528	432	
12	0	0	0	0	524	436	
13	0	0	0	0	523	440	
14	0	0	0	0	521	447	
15	0	0	0	0	518	451	
0	0	0	0	0	516	456	
1	0	0	0	0	521	460	
2	0	0	0	0	526	467	
3	0	0	0	0	531	469	
4	0	0	0	0	535	476	
5	0	0	0	0	539	484	
6	0	0	0	0	542	489	
7	0	0	0	0	547	494	
8	0	0	0	0	549	498	
9	0	0	0	0	550	504	
10	0	0	0	0	546	509	
11	0	0	0	0	539	512	
12	0	0	0	0	536	516	
13	0	0	0	0	537	519	
14	0	0	0	0	543	525	
15	0	0	0	0	551	534	
0	0	0	0	0	562	536	
1	0	0	0	0	569	534	
2	0	0	0	0	575	531	
3	0	0	0	0	582	521	
4	0	0	0	0	588	512	
5	0	0	0	0	594	502	
6	0	0	0	0	599	492	
7	0	0	0	0	606	482	
8	0	0	0	0	613	475	
9	0	0	0	0	620	467	
10	0	0	0	0	624	465	
11	0	0	0	0	625	466	
12	0	0	0	0	624	464	
13	0	0	0	0	624	456	
14	0	0	0	0	625	451	
15	0	0	0	0	628	444	
0	0	0	0	0	633	435	
1	0	0	0	0	636	424	
2	0	0	0	0	635	423	
3	0	0	0	0	637	416	
4	0	0	0	0	638	405	
5	0	0	0	0	637	398	
6	0	0	0	0	632	390	
7	0	0	0	0	628	389	
8	0	0	0	0	623	387	
9	0	0	0	0	619	382	
10	0	0	0	0	616	388	
11	0	0	0	0	613	387	
12	0	0	0	0	606	385	
13	0	0	0	0	599	381	
14	0	0	0	0	590	377	
15	0	0	0	0	586	377	
0	0	0	0	0	584	375	
1	0	0	0	0	584	370	
2	0	0	0	0	587	367	
3	0	0	0	0	588	365	
4	0	0	0	0	591	357	
5	0	0	0	0	595	357	
6	0	0	0	0	596	356	
7	0	0	0	0	592	355	
8	0	0	0	0	586	361	
9	0	0	0	0	581	364	
10	0	0	0	0	575	364	
11	0	0	0	0	571	371	
12	0	0	0	0	564	375	
13	0	0	0	0	560	377	
14	0	0	0	0	554	381	
15	0	0	0	0	552	384	
0	0	0	0	0	551	385	
1	0	0	0	0	554	388	
2	0	0	0	0	558	392	
3	0	0	0	0	560	397	
4	0	0	0	0	565	397	
5	0	0	0	0	568	399	
6	0	0	0	0	571	403	
7	0	0	0	0	570	409	
8	0	0	0	0	571	415	
9	0	0	0	0	572	420	
10	0	0	0	0	570	420	
11	0	0	0	0	567	419	
12	0	0	0	0	564	418	
13	0	0	0	0	564	416	
14	0	0	0	0	566	416	
15	0	0	0	0	568	418	
0	0	0	0	0	571	419	
1	0	0	0	0	572	421	
2	0	0	0	0	573	426	
3	0	0	0	0	574	432	
4	0	0	0	0	572	433	
5	0	0	0	0	569	437	
6	0	0	0	0	568	438	
7	0	0	0	0	564	440	
8	0	0	0	0	564	445	
9	0	0	0	0	563	450	
10	0	0	0	0	563	454	
11	0	0	0	0	562	457	
12	0	0	0	0	559	463	
13	0	0	0	0	556	469	
14	0	0	0	0	552	475	
15	0	0	0	0	548	479	
0	0	0	0	0	548	484	
1	0	0	0	0	551	485	
2	0	0	0	0	553	486	
3	0	0	0	0	552	486	
4	0	0	0	0	550	484	
5	0	0	0	0	550	481	
6	0	0	0	0	552	481	
7	0	0	0	0	552	478	
8	0	0	0	0	551	473	
9	0	0	0	0	551	472	
10	0	0	0	0	547	471	
11	0	0	0	0	544	467	
12	0	0	0	0	543	467	
13	0	0	0	0	543	466	
14	0	0	0	0	544	466	
15	0	0	0	0	547	464	
0	0	0	0	0	547	456	
1	0	0	0	0	546	452	
2	0	0	0	0	542	447	
3	0	0	0	0	539	439	
4	0	0	0	0	540	434	
5	0	0	0	0	542	432	
6	0	0	0	0	543	430	
7	0	0	0	0	541	427	
8	0	0	0	0	536	426	
9	0	0	0	0	530	427	
10	0	0	0	0	523	425	
11	0	0	0	0	515	423	
12	0	0	0	0	507	422	
13	0	0	0	0	500	425	
14	0	0	0	0	495	428	
15	0	0	0	0	493	431	
0	0	0	0	0	492	440	
1	0	0	0	0	494	449	
2	0	0	0	0	494	456	
3	0	0	0	0	492	464	
4	0	0	0	0	489	471	
5	0	0	0	0	492	477	
6	0	0	0	0	496	480	
7	0	0	0	0	505	478	
8	0	0	0	0	513	476	
9	0	0	0	0	518	474	
10	0	0	0	0	524	472	
11	0	0	0	0	529	471	
12	0	0	0	0	533	470	
13	0	0	0	0	535	473	
14	0	0	0	0	537	475	
15	0	0	0	0	541	479	
0	0	0	0	0	540	486	
1	0	0	0	0	540	487	
2	0	0	0	0	542	488	
3	0	0	0	0	541	489	
4	0	0	0	0	543	490	
5	0	0	0	0	549	491	
6	0	0	0	0	555	492	
7	0	0	0	0	563	488	
8	0	0	0	0	567	487	
9	0	0	0	0	567	485	
10	0	0	0	0	564	482	
11	0	0	0	0	560	477	
12	0	0	0	0	551	479	
13	0	0	0	0	539	482	
14	0	0	0	0	527	486	
15	0	0	0	0	519	488	
0	0	0	0	0	514	490	
1	0	0	0	0	508	497	
2	0	0	0	0	504	503	
3	0	0	0	0	501	507	
4	0	0	0	0	498	513	
5	0	0	0	0	499	519	
6	0	0	0	0	500	525	
7	0	0	0	0	504	530	
8	0	0	0	0	504	535	
9	0	0	0	0	501	537	
10	0	0	0	0	497	539	
11	0	0	0	0	493	539	
12	0	0	0	0	490	539	
13	0	0	0	0	492	541	
14	0	0	0	0	490	543	
15	0	0	0	0	488	547	
0	0	0	0	0	491	549	
1	0	0	0	0	494	551	
2	0	0	0	0	494	547	
3	0	0	0	0	494	542	
4	0	0	0	0	497	537	
5	0	0	0	0	498	529	
6	0	0	0	0	499	524	
7	0	0	0	0	500	519	
8	0	0	0	0	503	516	
9	0	0	0	0	508	515	
10	0	0	0	0	514	512	
11	0	0	0	0	519	512	
12	0	0	0	0	526	513	
13	0	0	0	0	531	515	
14	0	0	0	0	534	518	
15	0	0	0	0	530	519	
0	0	0	0	0	527	517	
1	0	0	0	0	525	515	
2	0	0	0	0	520	511	
3	0	0	0	0	514	507	
4	0	0	0	0	512	505	
5	0	0	0	0	509	504	
6	0	0	0	0	509	499	
7	0	0	0	0	514	495	
8	0	0	0	0	523	492	
9	0	0	0	0	531	491	
10	0	0	0	0	539	489	
11	0	0	0	0	545	490	
12	0	0	0	0	548	493	
13	0	0	0	0	547	496	
14	0	0	0	0	545	498	
15	0	0	0	0	546	498	
0	0	0	0	0	548	497	
1	0	0	0	0	551	495	
2	0	0	0	0	553	495	
3	0	0	0	0	554	493	
4	0	0	0	0	550	495	
5	0	0	0	0	545	499	
6	0	0	0	0	539	504	
7	0	0	0	0	532	508	
8	0	0	0	0	525	515	
9	0	0	0	0	520	525	
10	0	0	0	0	516	538	
11	0	0	0	0	511	549	
12	0	0	0	0	507	561	
13	0	0	0	0	504	571	
14	0	0	0	0	501	575	
15	0	0	0	0	498	581	
0	0	0	0	0	492	585	
1	0	0	0	0	490	588	
2	0	0	0	0	489	588	
3	0	0	0	0	491	587	
4	0	0	0	0	489	587	
5	0	0	0	0	488	587	
6	0	0	0	0	491	587	
7	0	0	0	0	494	585	
8	0	0	0	0	495	586	
9	0	0	0	0	493	588	
10	0	0	0	0	491	593	
11	0	0	0	0	494	597	
12	0	0	0	0	496	600	
13	0	0	0	0	496	604	
14	0	0	0	0	494	609	
15	0	0	0	0	491	614	
0	0	0	0	0	487	620	
1	0	0	0	0	484	621	
2	0	0	0	0	479	629	
3	0	0	0	0	477	640	
4	0	0	0	0	474	638	
5	0	0	0	0	472	638	
6	0	0	0	0	468	637	
7	0	0	0	0	466	635	
8	0	0	0	0	463	635	
9	0	0	0	0	459	637	
10	0	0	0	0	455	639	
11	0	0	0	0	455	640	
12	0	0	0	0	456	641	
13	0	0	0	0	457	641	
14	0	0	0	0	458	640	
15	0	0	0	0	458	635	
0	0	0	0	0	454	635	
1	0	0	0	0	449	634	
2	0	0	0	0	444	635	
3	0	0	0	0	444	636	
4	0	0	0	0	444	636	
5	0	0	0	0	443	635	
6	0	0	0	0	444	634	
7	0	0	0	0	444	635	
8	0	0	0	0	443	637	
9	0	0	0	0	443	643	
10	0	0	0	0	441	644	
11	0	0	0	0	441	643	
12	0	0	0	0	442	645	
13	0	0	0	0	443	644	
14	0	0	0	0	444	644	
15	0	0	0	0	445	638	
0	0	0	0	0	448	631	
1	0	0	0	0	452	627	
2	0	0	0	0	456	615	
3	0	0	0	0	463	607	
4	0	0	0	0	470	601	
5	0	0	0	0	478	592	
6	0	0	0	0	480	589	
7	0	0	0	0	480	590	
8	0	0	0	0	480	592	
9	0	0	0	0	481	592	
10	0	0	0	0	483	590	
11	0	0	0	0	485	585	
12	0	0	0	0	489	579	
13	0	0	0	0	492	573	
14	0	0	0	0	491	569	
15	0	0	0	0	489	567	
0	0	0	0	0	487	565	
1	0	0	0	0	488	561	
2	0	0	0	0	486	560	
3	0	0	0	0	484	560	
4	0	0	0	0	482	561	
5	0	0	0	0	478	563	
6	0	0	0	0	472	566	
7	0	0	0	0	468	574	
8	0	0	0	0	464	582	
9	0	0	0	0	462	586	
10	0	0	0	0	459	591	
11	0	0	0	0	453	597	
12	0	0	0	0	445	600	
13	0	0	0	0	441	596	
14	0	0	0	0	440	593	
15	0	0	0	0	439	589	
0	0	0	0	0	435	586	
1	0	0	0	0	430	584	
2	0	0	0	0	424	582	
3	0	0	0	0	420	578	
4	0	0	0	0	416	579	
5	0	0	0	0	415	583	
6	0	0	0	0	419	582	
7	0	0	0	0	424	581	
8	0	0	0	0	429	580	
9	0	0	0	0	435	583	
10	0	0	0	0	445	585	
11	0	0	0	0	453	588	
12	0	0	0	0	461	588	
13	0	0	0	0	470	587	
14	0	0	0	0	476	586	
15	0	0	0	0	479	586	
0	0	0	0	0	481	582	
1	0	0	0	0	480	577	
2	0	0	0	0	476	575	
3	0	0	0	0	471	571	
4	0	0	0	0	469	569	
5	0	0	0	0	466	572	
6	0	0	0	0	465	576	
7	0	0	0	0	466	583	
8	0	0	0	0	465	590	
9	0	0	0	0	467	591	
10	0	0	0	0	467	592	
11	0	0	0	0	469	588	
12	0	0	0	0	470	585	
13	0	0	0	0	468	586	
14	0	0	0	0	467	588	
15	0	0	0	0	462	590	
0	0	0	0	0	456	587	
1	0	0	0	0	455	582	
2	0	0	0	0	459	578	
3	0	0	0	0	463	577	
4	0	0	0	0	468	575	
5	0	0	0	0	475	577	
6	0	0	0	0	477	577	
7	0	0	0	0	478	579	
8	0	0	0	0	476	583	
9	0	0	0	0	476	586	
10	0	0	0	0	476	588	
11	0	0	0	0	475	589	
12	0	0	0	0	471	595	
13	0	0	0	0	466	604	
14	0	0	0	0	460	606	
15	0	0	0	0	458	611	
0	0	0	0	0	460	611	
1	0	0	0	0	461	608	
2	0	0	0	0	464	611	
3	0	0	0	0	472	617	
4	0	0	0	0	477	626	
5	0	0	0	0	478	630	
6	0	0	0	0	475	633	
7	0	0	0	0	470	630	
8	0	0	0	0	465	633	
9	0	0	0	0	460	633	
10	0	0	0	0	455	635	
11	0	0	0	0	452	635	
12	0	0	0	0	451	630	
13	0	0	0	0	452	623	
14	0	0	0	0	451	613	
15	0	0	0	0	446	600	
0	0	0	0	0	439	588	
1	0	0	0	0	433	575	
2	0	0	0	0	433	569	
3	0	0	0	0	432	563	
4	0	0	0	0	431	558	
5	0	0	0	0	431	554	
6	0	0	0	0	431	553	
7	0	0	0	0	432	553	
8	0	0	0	0	434	551	
9	0	0	0	0	432	546	
10	0	0	0	0	429	542	
11	0	0	0	0	426	538	
12	0	0	0	0	426	529	
13	0	0	0	0	426	523	
14	0	0	0	0	427	519	
15	0	0	0	0	428	516	
0	0	0	0	0	428	513	
1	0	0	0	0	424	511	
2	0	0	0	0	422	510	
3	0	0	0	0	420	510	
4	0	0	0	0	418	507	
5	0	0	0	0	416	504	
6	0	0	0	0	413	502	
7	0	0	0	0	414	497	
8	0	0	0	0	413	496	
9	0	0	0	0	412	496	
10	0	0	0	0	408	495	
11	0	0	0	0	409	494	
12	0	0	0	0	411	494	
13	0	0	0	0	418	495	
14	0	0	0	0	429	497	
15	0	0	0	0	435	499	
0	0	0	0	0	438	501	
1	0	0	0	0	440	504	
2	0	0	0	0	442	508	
3	0	0	0	0	440	512	
4	0	0	0	0	440	516	
5	0	0	0	0	441	515	
6	0	0	0	0	439	515	
7	0	0	0	0	437	514	
8	0	0	0	0	433	513	
9	0	0	0	0	430	513	
10	0	0	0	0	427	510	
11	0	0	0	0	430	508	
12	0	0	0	0	432	509	
13	0	0	0	0	435	510	
14	0	0	0	0	438	509	
15	0	0	0	0	438	510	
0	0	0	0	0	441	510	
1	0	0	0	0	444	508	
2	0	0	0	0	447	502	
3	0	0	0	0	448	496	
4	0	0	0	0	452	492	
5	0	0	0	0	452	485	
6	0	0	0	0	453	478	
7	0	0	0	0	452	471	
8	0	0	0	0	449	462	
9	0	0	0	0	444	456	
10	0	0	0	0	439	447	
11	0	0	0	0	435	436	
12	0	0	0	0	433	423	
13	0	0	0	0	430	408	
14	0	0	0	0	433	399	
15	0	0	0	0	435	396	
0	0	0	0	0	439	397	
1	0	0	0	0	441	403	
2	0	0	0	0	447	411	
3	0	0	0	0	457	420	
4	0	0	0	0	465	431	
5	0	0	0	0	471	441	
6	0	0	0	0	474	449	
7	0	0	0	0	476	454	
8	0	0	0	0	473	457	
9	0	0	0	0	468	458	
10	0	0	0	0	461	455	
11	0	0	0	0	454	452	
12	0	0	0	0	446	452	
13	0	0	0	0	443	455	
14	0	0	0	0	446	456	
15	0	0	0	0	453	457	
0	0	0	0	0	459	457	
1	0	0	0	0	463	453	
2	0	0	0	0	467	451	
3	0	0	0	0	469	449	
4	0	0	0	0	471	453	
5	0	0	0	0	474	457	
6	0	0	0	0	475	459	
7	0	0	0	0	475	460	
8	0	0	0	0	472	459	
9	0	0	0	0	469	451	
10	0	0	0	0	466	448	
11	0	0	0	0	465	444	
12	0	0	0	0	466	443	
13	0	0	0	0	466	443	
14	0	0	0	0	467	440	
15	0	0	0	0	471	442	
0	0	0	0	0	478	447	
1	0	0	0	0	486	457	
2	0	0	0	0	492	469	
3	0	0	0	0	491	483	
4	0	0	0	0	491	496	
5	0	0	0	0	487	508	
6	0	0	0	0	479	520	
7	0	0	0	0	471	530	
8	0	0	0	0	466	537	
9	0	0	0	0	463	540	
10	0	0	0	0	463	544	
11	0	0	0	0	465	548	
12	0	0	0	0	467	552	
13	0	0	0	0	468	558	
14	0	0	0	0	471	567	
15	0	0	0	0	475	578	
0	0	0	0	0	478	587	
1	0	0	0	0	483	594	
2	0	0	0	0	489	599	
3	0	0	0	0	497	601	
4	0	0	0	0	507	598	
5	0	0	0	0	515	600	
6	0	0	0	0	521	596	
7	0	0	0	0	524	596	
8	0	0	0	0	525	599	
9	0	0	0	0	527	603	
10	0	0	0	0	527	607	
11	0	0	0	0	528	616	
12	0	0	0	0	527	622	
13	0	0	0	0	528	626	
14	0	0	0	0	530	627	
15	0	0	0	0	530	628	
0	0	0	0	0	529	626	
1	0	0	0	0	525	623	
2	0	0	0	0	520	614	
3	0	0	0	0	519	608	
4	0	0	0	0	516	604	
5	0	0	0	0	515	601	
6	0	0	0	0	514	596	
7	0	0	0	0	515	587	
8	0	0	0	0	514	576	
9	0	0	0	0	511	565	
10	0	0	0	0	503	555	
11	0	0	0	0	495	547	
12	0	0	0	0	487	543	
13	0	0	0	0	482	540	
14	0	0	0	0	480	539	
15	0	0	0	0	476	535	
0	0	0	0	0	476	531	
1	0	0	0	0	481	531	
2	0	0	0	0	490	528	
3	0	0	0	0	499	524	
4	0	0	0	0	511	518	
5	0	0	0	0	522	510	
6	0	0	0	0	532	504	
7	0	0	0	0	542	498	
8	0	0	0	0	550	494	
9	0	0	0	0	555	492	
10	0	0	0	0	555	489	
11	0	0	0	0	555	488	
12	0	0	0	0	553	482	
13	0	0	0	0	555	478	
14	0	0	0	0	559	471	
15	0	0	0	0	563	465	
0	0	0	0	0	567	465	
1	0	0	0	0	569	465	
2	0	0	0	0	572	466	
3	0	0	0	0	574	463	
4	0	0	0	0	576	461	
5	0	0	0	0	579	461	
6	0	0	0	0	582	463	
7	0	0	0	0	581	463	
8	0	0	0	0	578	463	
9	0	0	0	0	577	464	
10	0	0	0	0	574	466	
11	0	0	0	0	569	466	
12	0	0	0	0	561	464	
13	0	0	0	0	552	460	
14	0	0	0	0	548	456	
15	0	0	0	0	542	454	
0	0	0	0	0	540	450	
1	0	0	0	0	540	444	
2	0	0	0	0	540	444	
3	0	0	0	0	542	447	
4	0	0	0	0	540	448	
5	0	0	0	0	542	451	
6	0	0	0	0	544	456	
7	0	0	0	0	545	462	
8	0	0	0	0	545	467	
9	0	0	0	0	547	475	
10	0	0	0	0	548	482	
11	0	0	0	0	547	486	
12	0	0	0	0	547	487	
13	0	0	0	0	547	486	
14	0	0	0	0	545	481	
15	0	0	0	0	542	476	
0	0	0	0	0	536	472	
1	0	0	0	0	531	472	
2	0	0	0	0	534	472	
3	0	0	0	0	539	467	
4	0	0	0	0	544	461	
5	0	0	0	0	549	460	
6	0	0	0	0	551	457	
7	0	0	0	0	553	454	
8	0	0	0	0	553	453	
9	0	0	0	0	552	455	
10	0	0	0	0	553	457	
11	0	0	0	0	557	463	
12	0	0	0	0	561	472	
13	0	0	0	0	563	476	
14	0	0	0	0	566	481	
15	0	0	0	0	565	484	
0	0	0	0	0	564	484	
1	0	0	0	0	559	481	
2	0	0	0	0	550	481	
3	0	0	0	0	540	483	
4	0	0	0	0	533	485	
5	0	0	0	0	526	487	
6	0	0	0	0	519	487	
7	0	0	0	0	511	487	
8	0	0	0	0	505	486	
9	0	0	0	0	507	481	
10	0	0	0	0	506	478	
11	0	0	0	0	508	472	
12	0	0	0	0	510	469	
13	0	0	0	0	512	467	
14	0	0	0	0	512	466	
15	0	0	0	0	511	464	
0	0	0	0	0	508	464	
1	0	0	0	0	506	466	
2	0	0	0	0	505	463	
3	0	0	0	0	503	463	
4	0	0	0	0	501	460	
5	0	0	0	0	502	457	
6	0	0	0	0	504	450	
7	0	0	0	0	508	444	
8	0	0	0	0	512	442	
9	0	0	0	0	516	443	
10	0	0	0	0	522	443	
11	0	0	0	0	526	445	
12	0	0	0	0	531	448	
13	0	0	0	0	538	450	
14	0	0	0	0	543	455	
15	0	0	0	0	545	459	
0	0	0	0	0	542	464	
1	0	0	0	0	539	468	
2	0	0	0	0	533	472	
3	0	0	0	0	525	476	
4	0	0	0	0	519	479	
5	0	0	0	0	515	482	
6	0	0	0	0	513	477	
7	0	0	0	0	513	477	
8	0	0	0	0	512	479	
9	0	0	0	0	512	480	
10	0	0	0	0	510	480	
11	0	0	0	0	511	483	
12	0	0	0	0	515	486	
13	0	0	0	0	517	484	
14	0	0	0	0	519	480	
15	0	0	0	0	522	476	
0	0	0	0	0	525	473	
1	0	0	0	0	524	474	
2	0	0	0	0	523	475	
3	0	0	0	0	523	474	
4	0	0	0	0	526	471	
5	0	0	0	0	530	462	
6	0	0	0	0	531	452	
7	0	0	0	0	535	439	
8	0	0	0	0	537	421	
9	0	0	0	0	540	408	
10	0	0	0	0	543	395	
11	0	0	0	0	547	384	
12	0	0	0	0	551	375	
13	0	0	0	0	553	367	
14	0	0	0	0	556	371	
15	0	0	0	0	558	377	
0	0	0	0	0	563	385	
1	0	0	0	0	571	393	
2	0	0	0	0	579	399	
3	0	0	0	0	585	399	
4	0	0	0	0	590	395	
5	0	0	0	0	596	388	
6	0	0	0	0	603	392	
7	0	0	0	0	603	393	
8	0	0	0	0	599	389	
9	0	0	0	0	592	385	
10	0	0	0	0	585	379	
11	0	0	0	0	582	373	
12	0	0	0	0	582	371	
13	0	0	0	0	582	370	
14	0	0	0	0	580	369	
15	0	0	0	0	582	372	
0	0	0	0	0	582	375	
1	0	0	0	0	584	378	
2	0	0	0	0	583	381	
3	0	0	0	0	582	385	
4	0	0	0	0	581	390	
5	0	0	0	0	578	396	
6	0	0	0	0	575	395	
7	0	0	0	0	574	404	
8	0	0	0	0	574	412	
9	0	0	0	0	575	414	
10	0	0	0	0	577	423	
11	0	0	0	0	581	429	
12	0	0	0	0	590	433	
13	0	0	0	0	597	437	
14	0	0	0	0	605	441	
15	0	0	0	0	611	446	
0	0	0	0	0	616	452	
1	0	0	0	0	617	455	
2	0	0	0	0	615	459	
3	0	0	0	0	608	460	
4	0	0	0	0	603	456	
5	0	0	0	0	598	453	
6	0	0	0	0	591	452	
7	0	0	0	0	586	450	
8	0	0	0	0	582	452	
9	0	0	0	0	578	448	
10	0	0	0	0	575	444	
11	0	0	0	0	571	443	
12	0	0	0	0	569	437	
13	0	0	0	0	567	431	
14	0	0	0	0	564	428	
15	0	0	0	0	564	424	
0	0	0	0	0	565	426	
1	0	0	0	0	566	428	
2	0	0	0	0	566	434	
3	0	0	0	0	565	444	
4	0	0	0	0	568	454	
5	0	0	0	0	572	463	
6	0	0	0	0	576	469	
7	0	0	0	0	579	470	
8	0	0	0	0	580	470	
9	0	0	0	0	579	471	
10	0	0	0	0	575	468	
11	0	0	0	0	575	473	
12	0	0	0	0	574	476	
13	0	0	0	0	574	473	
14	0	0	0	0	572	476	
15	0	0	0	0	569	475	
0	0	0	0	0	569	474	
1	0	0	0	0	574	475	
2	0	0	0	0	576	478	
3	0	0	0	0	576	480	
4	0	0	0	0	575	483	
5	0	0	0	0	574	487	
6	0	0	0	0	568	491	
7	0	0	0	0	560	495	
8	0	0	0	0	553	497	
9	0	0	0	0	547	499	
10	0	0	0	0	544	499	
11	0	0	0	0	545	498	
12	0	0	0	0	549	497	
13	0	0	0	0	555	496	
14	0	0	0	0	562	493	
15	0	0	0	0	568	492	
0	0	0	0	0	571	493	
1	0	0	0	0	569	492	
2	0	0	0	0	568	490	
3	0	0	0	0	563	491	
4	0	0	0	0	558	491	
5	0	0	0	0	549	492	
6	0	0	0	0	540	491	
7	0	0	0	0	533	489	
8	0	0	0	0	526	486	
9	0	0	0	0	519	485	
10	0	0	0	0	513	487	
11	0	0	0	0	512	489	
12	0	0	0	0	511	492	
13	0	0	0	0	510	495	
14	0	0	0	0	508	493	
15	0	0	0	0	507	490	
0	0	0	0	0	509	485	
1	0	0	0	0	508	477	
2	0	0	0	0	506	465	
3	0	0	0	0	504	455	
4	0	0	0	0	505	448	
5	0	0	0	0	503	444	
6	0	0	0	0	502	440	
7	0	0	0	0	504	439	
8	0	0	0	0	508	436	
9	0	0	0	0	513	432	
10	0	0	0	0	517	430	
11	0	0	0	0	517	435	
12	0	0	0	0	514	442	
13	0	0	0	0	510	446	
14	0	0	0	0	508	450	
15	0	0	0	0	505	455	
0	0	0	0	0	511	463	
1	0	0	0	0	519	472	
2	0	0	0	0	527	480	
3	0	0	0	0	529	487	
4	0	0	0	0	528	491	
5	0	0	0	0	528	494	
6	0	0	0	0	528	497	
7	0	0	0	0	526	502	
8	0	0	0	0	527	503	
9	0	0	0	0	527	500	
10	0	0	0	0	526	499	
11	0	0	0	0	524	500	
12	0	0	0	0	523	503	
13	0	0	0	0	524	504	
14	0	0	0	0	521	507	
15	0	0	0	0	515	511	
0	0	0	0	0	510	513	
1	0	0	0	0	505	519	
2	0	0	0	0	503	524	
3	0	0	0	0	504	529	
4	0	0	0	0	509	536	
5	0	0	0	0	515	539	
6	0	0	0	0	521	539	
7	0	0	0	0	523	540	
8	0	0	0	0	522	540	
9	0	0	0	0	518	547	
10	0	0	0	0	513	553	
11	0	0	0	0	511	559	
12	0	0	0	0	510	560	
13	0	0	0	0	508	560	
14	0	0	0	0	506	559	
15	0	0	0	0	507	559	
0	0	0	0	0	512	558	
1	0	0	0	0	518	555	
2	0	0	0	0	524	550	
3	0	0	0	0	527	545	
4	0	0	0	0	532	541	
5	0	0	0	0	542	538	
6	0	0	0	0	548	536	
7	0	0	0	0	554	532	
8	0	0	0	0	558	531	
9	0	0	0	0	558	532	
10	0	0	0	0	556	536	
11	0	0	0	0	551	544	
12	0	0	0	0	545	552	
13	0	0	0	0	542	557	
14	0	0	0	0	537	565	
15	0	0	0	0	531	571	
0	0	0	0	0	527	575	
1	0	0	0	0	525	577	
2	0	0	0	0	525	579	
3	0	0	0	0	524	580	
4	0	0	0	0	524	581	
5	0	0	0	0	526	584	
6	0	0	0	0	526	588	
7	0	0	0	0	527	588	
8	0	0	0	0	525	585	
9	0	0	0	0	520	583	
10	0	0	0	0	521	583	
11	0	0	0	0	517	585	
12	0	0	0	0	511	586	
13	0	0	0	0	508	583	
14	0	0	0	0	505	576	
15	0	0	0	0	507	568	
0	0	0	0	0	507	560	
1	0	0	0	0	510	556	
2	0	0	0	0	510	556	
3	0	0	0	0	516	554	
4	0	0	0	0	522	556	
5	0	0	0	0	527	560	
6	0	0	0	0	527	561	
7	0	0	0	0	528	562	
8	0	0	0	0	530	563	
9	0	0	0	0	529	564	
10	0	0	0	0	526	565	
11	0	0	0	0	520	562	
12	0	0	0	0	513	562	
13	0	0	0	0	508	561	
14	0	0	0	0	506	558	
15	0	0	0	0	505	556	
0	0	0	0	0	503	555	
1	0	0	0	0	497	551	
2	0	0	0	0	491	552	
3	0	0	0	0	492	553	
4	0	0	0	0	492	556	
5	0	0	0	0	491	560	
6	0	0	0	0	492	560	
7	0	0	0	0	490	560	
8	0	0	0	0	487	556	
9	0	0	0	0	486	551	
10	0	0	0	0	485	547	
11	0	0	0	0	489	544	
12	0	0	0	0	494	543	
13	0	0	0	0	504	546	
14	0	0	0	0	510	553	
15	0	0	0	0	513	560	
0	0	0	0	0	513	565	
1	0	0	0	0	516	565	
2	0	0	0	0	519	566	
3	0	0	0	0	516	565	
4	0	0	0	0	512	563	
5	0	0	0	0	508	562	
6	0	0	0	0	504	563	
7	0	0	0	0	500	567	
8	0	0	0	0	497	569	
9	0	0	0	0	494	576	
10	0	0	0	0	493	583	
11	0	0	0	0	496	590	
12	0	0	0	0	496	599	
13	0	0	0	0	495	606	
14	0	0	0	0	497	602	
15	0	0	0	0	497	600	
0	0	0	0	0	496	600	
1	0	0	0	0	494	602	
2	0	0	0	0	490	603	
3	0	0	0	0	487	599	
4	0	0	0	0	487	591	
5	0	0	0	0	486	580	
6	0	0	0	0	481	567	
7	0	0	0	0	478	558	
8	0	0	0	0	475	552	
9	0	0	0	0	477	549	
10	0	0	0	0	479	552	
11	0	0	0	0	485	557	
12	0	0	0	0	489	563	
13	0	0	0	0	496	565	
14	0	0	0	0	505	558	
15	0	0	0	0	512	548	
0	0	0	0	0	515	540	
1	0	0	0	0	513	534	
2	0	0	0	0	506	525	
3	0	0	0	0	500	515	
4	0	0	0	0	495	506	
5	0	0	0	0	492	510	
6	0	0	0	0	493	521	
7	0	0	0	0	499	540	
8	0	0	0	0	503	554	
9	0	0	0	0	503	563	
10	0	0	0	0	499	567	
11	0	0	0	0	496	572	
12	0	0	0	0	492	577	
13	0	0	0	0	489	583	
14	0	0	0	0	483	591	
15	0	0	0	0	478	595	
0	0	0	0	0	470	597	
1	0	0	0	0	464	596	
2	0	0	0	0	456	593	
3	0	0	0	0	451	591	
4	0	0	0	0	447	587	
5	0	0	0	0	443	584	
6	0	0	0	0	439	584	
7	0	0	0	0	439	585	
8	0	0	0	0	437	587	
9	0	0	0	0	439	591	
10	0	0	0	0	441	586	
11	0	0	0	0	442	580	
12	0	0	0	0	447	575	
13	0	0	0	0	451	569	
14	0	0	0	0	453	570	
15	0	0	0	0	453	571	
0	0	0	0	0	457	568	
1	0	0	0	0	462	571	
2	0	0	0	0	467	569	
3	0	0	0	0	473	569	
4	0	0	0	0	473	568	
5	0	0	0	0	471	568	
6	0	0	0	0	468	569	
7	0	0	0	0	468	572	
8	0	0	0	0	469	578	
9	0	0	0	0	474	582	
10	0	0	0	0	479	588	
11	0	0	0	0	479	596	
12	0	0	0	0	479	601	
13	0	0	0	0	479	602	
14	0	0	0	0	478	608	
15	0	0	0	0	478	609	
0	0	0	0	0	481	612	
1	0	0	0	0	483	612	
2	0	0	0	0	486	612	
3	0	0	0	0	487	610	
4	0	0	0	0	490	609	
5	0	0	0	0	491	609	
6	0	0	0	0	493	608	
7	0	0	0	0	494	607	
8	0	0	0	0	492	608	
9	0	0	0	0	486	611	
10	0	0	0	0	478	614	
11	0	0	0	0	467	617	
12	0	0	0	0	457	622	
13	0	0	0	0	451	628	
14	0	0	0	0	449	639	
15	0	0	0	0	446	647	
0	0	0	0	0	439	653	
1	0	0	0	0	435	654	
2	0	0	0	0	431	653	
3	0	0	0	0	426	647	
4	0	0	0	0	422	640	
5	0	0	0	0	418	628	
6	0	0	0	0	416	617	
7	0	0	0	0	418	610	
8	0	0	0	0	420	610	
9	0	0	0	0	422	609	
10	0	0	0	0	423	609	
11	0	0	0	0	419	615	
12	0	0	0	0	417	618	
13	0	0	0	0	412	620	
14	0	0	0	0	406	624	
15	0	0	0	0	401	625	
0	0	0	0	0	402	631	
1	0	0	0	0	401	636	
2	0	0	0	0	401	632	
3	0	0	0	0	402	631	
4	0	0	0	0	406	631	
5	0	0	0	0	412	625	
6	0	0	0	0	419	618	
7	0	0	0	0	428	614	
8	0	0	0	0	433	613	
9	0	0	0	0	439	612	
10	0	0	0	0	443	612	
11	0	0	0	0	445	614	
12	0	0	0	0	448	616	
13	0	0	0	0	449	621	
14	0	0	0	0	448	622	
15	0	0	0	0	444	619	
0	0	0	0	0	441	621	
1	0	0	0	0	439	622	
2	0	0	0	0	436	618	
3	0	0	0	0	432	613	
4	0	0	0	0	433	612	
5	0	0	0	0	437	614	
6	0	0	0	0	440	619	
7	0	0	0	0	441	626	
8	0	0	0	0	444	625	
9	0	0	0	0	447	623	
10	0	0	0	0	450	617	
11	0	0	0	0	452	611	
12	0	0	0	0	455	607	
13	0	0	0	0	456	609	
14	0	0	0	0	457	612	
15	0	0	0	0	460	618	
0	0	0	0	0	463	623	
1	0	0	0	0	466	626	
2	0	0	0	0	466	629	
3	0	0	0	0	470	635	
4	0	0	0	0	470	639	
5	0	0	0	0	469	643	
6	0	0	0	0	469	642	
7	0	0	0	0	468	639	
8	0	0	0	0	465	636	
9	0	0	0	0	460	631	
10	0	0	0	0	454	624	
11	0	0	0	0	450	615	
12	0	0	0	0	447	608	
13	0	0	0	0	448	607	
14	0	0	0	0	450	610	
15	0	0	0	0	452	615	
0	0	0	0	0	453	609	
1	0	0	0	0	454	607	
2	0	0	0	0	452	602	
3	0	0	0	0	451	599	
4	0	0	0	0	449	598	
5	0	0	0	0	447	602	
6	0	0	0	0	446	604	
7	0	0	0	0	447	608	
8	0	0	0	0	449	606	
9	0	0	0	0	454	602	
10	0	0	0	0	459	597	
11	0	0	0	0	462	591	
12	0	0	0	0	464	587	
13	0	0	0	0	465	587	
14	0	0	0	0	468	589	
15	0	0	0	0	470	592	
0	0	0	0	0	470	593	
1	0	0	0	0	470	598	
2	0	0	0	0	471	602	
3	0	0	0	0	472	604	
4	0	0	0	0	471	599	
5	0	0	0	0	473	591	
6	0	0	0	0	478	583	
7	0	0	0	0	480	579	
8	0	0	0	0	482	574	
9	0	0	0	0	483	575	
10	0	0	0	0	483	580	
11	0	0	0	0	481	583	
12	0	0	0	0	480	587	
13	0	0	0	0	477	587	
14	0	0	0	0	473	584	
15	0	0	0	0	466	582	
0	0	0	0	0	455	578	
1	0	0	0	0	447	572	
2	0	0	0	0	441	568	
3	0	0	0	0	435	564	
4	0	0	0	0	436	562	
5	0	0	0	0	443	563	
6	0	0	0	0	454	571	
7	0	0	0	0	463	579	
8	0	0	0	0	467	591	
9	0	0	0	0	469	599	
10	0	0	0	0	468	606	
11	0	0	0	0	467	609	
12	0	0	0	0	466	609	
13	0	0	0	0	467	607	
14	0	0	0	0	470	603	
15	0	0	0	0	471	602	
0	0	0	0	0	471	604	
1	0	0	0	0	472	609	
2	0	0	0	0	475	614	
3	0	0	0	0	477	613	
4	0	0	0	0	477	609	
5	0	0	0	0	477	604	
6	0	0	0	0	480	597	
7	0	0	0	0	481	585	
8	0	0	0	0	481	575	
9	0	0	0	0	482	569	
10	0	0	0	0	479	568	
11	0	0	0	0	478	567	
12	0	0	0	0	478	567	
13	0	0	0	0	478	567	
14	0	0	0	0	476	567	
15	0	0	0	0	472	567	
0	0	0	0	0	470	566	
1	0	0	0	0	466	569	
2	0	0	0	0	462	573	
3	0	0	0	0	461	575	
4	0	0	0	0	461	575	
5	0	0	0	0	464	578	
6	0	0	0	0	465	577	
7	0	0	0	0	467	575	
8	0	0	0	0	470	577	
9	0	0	0	0	472	577	
10	0	0	0	0	473	579	
11	0	0	0	0	478	579	
12	0	0	0	0	483	580	
13	0	0	0	0	490	585	
14	0	0	0	0	496	585	
15	0	0	0	0	499	587	
0	0	0	0	0	502	588	
1	0	0	0	0	501	585	
2	0	0	0	0	499	582	
3	0	0	0	0	495	579	
4	0	0	0	0	487	576	
5	0	0	0	0	479	574	
6	0	0	0	0	474	570	
7	0	0	0	0	471	562	
8	0	0	0	0	466	553	
9	0	0	0	0	464	545	
10	0	0	0	0	463	539	
11	0	0	0	0	465	532	
12	0	0	0	0	465	528	
13	0	0	0	0	469	526	
14	0	0	0	0	474	530	
15	0	0	0	0	479	535	
0	0	0	0	0	484	539	
1	0	0	0	0	491	539	
2	0	0	0	0	496	540	
3	0	0	0	0	503	543	
4	0	0	0	0	508	549	
5	0	0	0	0	513	552	
6	0	0	0	0	518	556	
7	0	0	0	0	520	558	
8	0	0	0	0	521	558	
9	0	0	0	0	527	559	
10	0	0	0	0	532	560	
11	0	0	0	0	535	561	
12	0	0	0	0	541	563	
13	0	0	0	0	542	563	
14	0	0	0	0	541	561	
15	0	0	0	0	537	556	
0	0	0	0	0	534	551	
1	0	0	0	0	529	544	
2	0	0	0	0	526	541	
3	0	0	0	0	522	541	
4	0	0	0	0	516	542	
5	0	0	0	0	512	543	
6	0	0	0	0	503	542	
7	0	0	0	0	497	542	
8	0	0	0	0	494	543	
9	0	0	0	0	493	541	
10	0	0	0	0	494	539	
11	0	0	0	0	500	542	
12	0	0	0	0	504	547	
13	0	0	0	0	508	555	
14	0	0	0	0	509	563	
15	0	0	0	0	511	571	
0	0	0	0	0	514	573	
1	0	0	0	0	513	572	
2	0	0	0	0	513	569	
3	0	0	0	0	511	570	
4	0	0	0	0	510	572	
5	0	0	0	0	507	575	
6	0	0	0	0	508	576	
7	0	0	0	0	510	576	
8	0	0	0	0	511	577	
9	0	0	0	0	516	576	
10	0	0	0	0	522	576	
11	0	0	0	0	525	573	
12	0	0	0	0	528	570	
13	0	0	0	0	528	572	
14	0	0	0	0	527	575	
15	0	0	0	0	525	577	
0	0	0	0	0	526	580	
1	0	0	0	0	528	583	
2	0	0	0	0	536	585	
3	0	0	0	0	542	589	
4	0	0	0	0	546	591	
5	0	0	0	0	550	591	
6	0	0	0	0	554	585	
7	0	0	0	0	554	575	
8	0	0	0	0	551	567	
9	0	0	0	0	546	560	
10	0	0	0	0	537	557	
11	0	0	0	0	532	554	
12	0	0	0	0	530	552	
13	0	0	0	0	525	551	
14	0	0	0	0	519	547	
15	0	0	0	0	511	542	
0	0	0	0	0	498	535	
1	0	0	0	0	489	531	
2	0	0	0	0	483	529	
3	0	0	0	0	482	530	
4	0	0	0	0	484	531	
5	0	0	0	0	487	538	
6	0	0	0	0	487	545	
7	0	0	0	0	492	551	
8	0	0	0	0	496	556	
9	0	0	0	0	504	559	
10	0	0	0	0	507	556	
11	0	0	0	0	508	553	
12	0	0	0	0	511	547	
13	0	0	0	0	512	543	
14	0	0	0	0	516	543	
15	0	0	0	0	519	548	
0	0	0	0	0	524	552	
1	0	0	0	0	532	552	
2	0	0	0	0	539	548	
3	0	0	0	0	548	543	
4	0	0	0	0	557	537	
5	0	0	0	0	564	534	
6	0	0	0	0	569	534	
7	0	0	0	0	572	536	
8	0	0	0	0	572	537	
9	0	0	0	0	571	539	
10	0	0	0	0	566	535	
11	0	0	0	0	562	533	
12	0	0	0	0	558	531	
13	0	0	0	0	551	527	
14	0	0	0	0	545	525	
15	0	0	0	0	536	523	
0	0	0	0	0	529	521	
1	0	0	0	0	525	526	
2	0	0	0	0	523	527	
3	0	0	0	0	524	524	
4	0	0	0	0	527	520	
5	0	0	0	0	531	519	
6	0	0	0	0	533	522	
7	0	0	0	0	535	530	
8	0	0	0	0	533	539	
9	0	0	0	0	532	546	
10	0	0	0	0	527	548	
11	0	0	0	0	523	547	
12	0	0	0	0	516	543	
13	0	0	0	0	511	542	
14	0	0	0	0	509	541	
15	0	0	0	0	508	539	
0	0	0	0	0	511	536	
1	0	0	0	0	510	531	
2	0	0	0	0	512	526	
3	0	0	0	0	512	524	
4	0	0	0	0	511	524	
5	0	0	0	0	511	525	
6	0	0	0	0	508	524	
7	0	0	0	0	503	520	
8	0	0	0	0	499	517	
9	0	0	0	0	492	516	
10	0	0	0	0	488	519	
11	0	0	0	0	485	521	
12	0	0	0	0	487	524	
13	0	0	0	0	491	525	
14	0	0	0	0	498	526	
15	0	0	0	0	504	526	
0	0	0	0	0	515	528	
1	0	0	0	0	524	532	
2	0	0	0	0	533	535	
3	0	0	0	0	537	535	
4	0	0	0	0	537	535	
5	0	0	0	0	539	535	
6	0	0	0	0	540	536	
7	0	0	0	0	539	536	
8	0	0	0	0	532	533	
9	0	0	0	0	527	527	
10	0	0	0	0	521	522	
11	0	0	0	0	519	519	
12	0	0	0	0	520	516	
13	0	0	0	0	521	513	
14	0	0	0	0	523	508	
15	0	0	0	0	521	507	
0	0	0	0	0	522	508	
1	0	0	0	0	527	511	
2	0	0	0	0	530	513	
3	0	0	0	0	535	511	
4	0	0	0	0	540	510	
5	0	0	0	0	543	507	
6	0	0	0	0	546	508	
7	0	0	0	0	548	511	
8	0	0	0	0	545	515	
9	0	0	0	0	545	516	
10	0	0	0	0	543	521	
11	0	0	0	0	539	526	
12	0	0	0	0	535	530	
13	0	0	0	0	531	533	
14	0	0	0	0	527	536	
15	0	0	0	0	526	535	
0	0	0	0	0	527	531	
1	0	0	0	0	524	527	
2	0	0	0	0	521	527	
3	0	0	0	0	521	529	
4	0	0	0	0	519	533	
5	0	0	0	0	514	534	
6	0	0	0	0	511	534	
7	0	0	0	0	512	539	
8	0	0	0	0	511	544	
9	0	0	0	0	511	548	
10	0	0	0	0	513	551	
11	0	0	0	0	512	554	
12	0	0	0	0	514	556	
13	0	0	0	0	518	556	
14	0	0	0	0	522	554	
15	0	0	0	0	527	550	
0	0	0	0	0	531	547	
1	0	0	0	0	534	546	
2	0	0	0	0	537	547	
3	0	0	0	0	537	549	
4	0	0	0	0	534	547	
5	0	0	0	0	533	550	
6	0	0	0	0	533	553	
7	0	0	0	0	533	559	
8	0	0	0	0	530	564	
9	0	0	0	0	525	568	
10	0	0	0	0	519	570	
11	0	0	0	0	514	573	
12	0	0	0	0	511	573	
13	0	0	0	0	504	577	
14	0	0	0	0	500	575	
15	0	0	0	0	498	571	
0	0	0	0	0	502	568	
1	0	0	0	0	506	568	
2	0	0	0	0	511	568	
3	0	0	0	0	515	567	
4	0	0	0	0	519	566	
5	0	0	0	0	518	565	
6	0	0	0	0	518	563	
7	0	0	0	0	519	559	
8	0	0	0	0	523	559	
9	0	0	0	0	533	561	
10	0	0	0	0	541	563	
11	0	0	0	0	546	560	
12	0	0	0	0	553	559	
13	0	0	0	0	557	557	
14	0	0	0	0	560	558	
15	0	0	0	0	565	561	
0	0	0	0	0	575	565	
1	0	0	0	0	581	568	
2	0	0	0	0	587	571	
3	0	0	0	0	591	574	
4	0	0	0	0	599	574	
5	0	0	0	0	603	570	
6	0	0	0	0	607	564	
7	0	0	0	0	604	561	
8	0	0	0	0	599	562	
9	0	0	0	0	595	563	
10	0	0	0	0	590	564	
11	0	0	0	0	587	568	
12	0	0	0	0	586	572	
13	0	0	0	0	585	572	
14	0	0	0	0	582	567	
15	0	0	0	0	580	561	
0	0	0	0	0	579	554	
1	0	0	0	0	580	547	
2	0	0	0	0	584	539	
3	0	0	0	0	585	530	
4	0	0	0	0	585	527	
5	0	0	0	0	587	529	
6	0	0	0	0	589	529	
7	0	0	0	0	588	526	
8	0	0	0	0	586	524	
9	0	0	0	0	584	526	
10	0	0	0	0	582	529	
11	0	0	0	0	579	529	
12	0	0	0	0	579	534	
13	0	0	0	0	577	537	
14	0	0	0	0	577	539	
15	0	0	0	0	578	541	
0	0	0	0	0	583	540	
1	0	0	0	0	589	536	
2	0	0	0	0	598	534	
3	0	0	0	0	608	531	
4	0	0	0	0	615	535	
5	0	0	0	0	624	537	
6	0	0	0	0	630	543	
7	0	0	0	0	630	552	
8	0	0	0	0	627	559	
9	0	0	0	0	620	566	
10	0	0	0	0	607	568	
11	0	0	0	0	591	568	
12	0	0	0	0	569	569	
13	0	0	0	0	549	570	
14	0	0	0	0	529	572	
15	0	0	0	0	512	574	
0	0	0	0	0	498	585	
1	0	0	0	0	490	599	
2	0	0	0	0	486	613	
3	0	0	0	0	484	623	
4	0	0	0	0	483	627	
5	0	0	0	0	483	636	
6	0	0	0	0	484	643	
7	0	0	0	0	483	649	
8	0	0	0	0	482	656	
9	0	0	0	0	480	664	
10	0	0	0	0	477	674	
11	0	0	0	0	476	685	
12	0	0	0	0	473	696	
13	0	0	0	0	470	707	
14	0	0	0	0	466	718	
15	0	0	0	0	460	725	
0	0	0	0	0	455	730	
1	0	0	0	0	449	732	
2	0	0	0	0	447	739	
3	0	0	0	0	449	740	
4	0	0	0	0	449	746	
5	0	0	0	0	452	755	
6	0	0	0	0	450	764	
7	0	0	0	0	449	772	
8	0	0	0	0	446	777	
9	0	0	0	0	443	780	
10	0	0	0	0	440	785	
11	0	0	0	0	435	787	
12	0	0	0	0	429	788	
13	0	0	0	0	417	790	
14	0	0	0	0	403	794	
15	0	0	0	0	393	803	
0	0	0	0	0	384	813	
1	0	0	0	0	373	820	
2	0	0	0	0	365	822	
3	0	0	0	0	362	822	
4	0	0	0	0	361	823	
5	0	0	0	0	358	824	
6	0	0	0	0	356	830	
7	0	0	0	0	355	834	
8	0	0	0	0	356	839	
9	0	0	0	0	362	849	
10	0	0	0	0	367	849	
11	0	0	0	0	367	848	
12	0	0	0	0	366	844	
13	0	0	0	0	361	838	
14	0	0	0	0	355	835	
15	0	0	0	0	347	830	
0	0	0	0	0	335	829	
1	0	0	0	0	324	827	
2	0	0	0	0	316	824	
3	0	0	0	0	310	824	
4	0	0	0	0	306	821	
5	0	0	0	0	304	820	
6	0	0	0	0	311	828	
7	0	0	0	0	318	824	
8	0	0	0	0	324	830	
9	0	0	0	0	332	834	
10	0	0	0	0	341	834	
11	0	0	0	0	349	829	
12	0	0	0	0	356	827	
13	0	0	0	0	360	828	
14	0	0	0	0	355	830	
15	0	0	0	0	346	830	
0	0	0	0	0	339	830	
1	0	0	0	0	334	833	
2	0	0	0	0	328	835	
3	0	0	0	0	323	835	
4	0	0	0	0	317	832	
5	0	0	0	0	315	829	
6	0	0	0	0	315	827	
7	0	0	0	0	315	823	
8	0	0	0	0	316	820	
9	0	0	0	0	322	818	
10	0	0	0	0	327	814	
11	0	0	0	0	335	811	
12	0	0	0	0	345	806	
13	0	0	0	0	355	796	
14	0	0	0	0	366	786	
15	0	0	0	0	376	778	
0	0	0	0	0	381	774	
1	0	0	0	0	384	777	
2	0	0	0	0	383	783	
3	0	0	0	0	380	784	
4	0	0	0	0	377	783	
5	0	0	0	0	374	776	
6	0	0	0	0	373	768	
7	0	0	0	0	373	753	
8	0	0	0	0	373	743	
9	0	0	0	0	367	740	
10	0	0	0	0	361	741	
11	0	0	0	0	358	743	
12	0	0	0	0	363	741	
13	0	0	0	0	369	739	
14	0	0	0	0	376	736	
15	0	0	0	0	380	731	
0	0	0	0	0	385	727	
1	0	0	0	0	388	725	
2	0	0	0	0	391	720	
3	0	0	0	0	397	714	
4	0	0	0	0	405	707	
5	0	0	0	0	414	699	
6	0	0	0	0	425	693	
7	0	0	0	0	430	691	
8	0	0	0	0	431	688	
9	0	0	0	0	435	687	
10	0	0	0	0	440	680	
11	0	0	0	0	446	676	
12	0	0	0	0	449	670	
13	0	0	0	0	452	664	
14	0	0	0	0	456	657	
15	0	0	0	0	460	654	
0	0	0	0	0	461	652	
1	0	0	0	0	464	651	
2	0	0	0	0	464	650	
3	0	0	0	0	462	646	
4	0	0	0	0	454	639	
5	0	0	0	0	443	633	
6	0	0	0	0	429	628	
7	0	0	0	0	423	624	
8	0	0	0	0	419	627	
9	0	0	0	0	420	634	
10	0	0	0	0	429	635	
11	0	0	0	0	443	638	
12	0	0	0	0	455	638	
13	0	0	0	0	467	637	
14	0	0	0	0	478	635	
15	0	0	0	0	483	633	
0	0	0	0	0	484	631	
1	0	0	0	0	487	627	
2	0	0	0	0	489	616	
3	0	0	0	0	491	606	
4	0	0	0	0	494	595	
5	0	0	0	0	496	588	
6	0	0	0	0	497	585	
7	0	0	0	0	498	584	
8	0	0	0	0	503	587	
9	0	0	0	0	506	588	
10	0	0	0	0	509	593	
11	0	0	0	0	512	598	
12	0	0	0	0	513	598	
13	0	0	0	0	515	593	
14	0	0	0	0	515	591	
15	0	0	0	0	518	592	
0	0	0	0	0	522	590	
1	0	0	0	0	528	588	
2	0	0	0	0	531	585	
3	0	0	0	0	529	582	
4	0	0	0	0	525	577	
5	0	0	0	0	521	574	
6	0	0	0	0	519	572	
7	0	0	0	0	512	574	
8	0	0	0	0	507	571	
9	0	0	0	0	503	569	
10	0	0	0	0	499	566	
11	0	0	0	0	489	559	
12	0	0	0	0	479	547	
13	0	0	0	0	471	539	
14	0	0	0	0	463	533	
15	0	0	0	0	460	525	
0	0	0	0	0	462	518	
1	0	0	0	0	466	513	
2	0	0	0	0	468	508	
3	0	0	0	0	471	504	
4	0	0	0	0	473	498	
5	0	0	0	0	476	491	
6	0	0	0	0	474	481	
7	0	0	0	0	474	472	
8	0	0	0	0	477	461	
9	0	0	0	0	479	453	
10	0	0	0	0	480	451	
11	0	0	0	0	479	446	
12	0	0	0	0	476	444	
13	0	0	0	0	476	441	
14	0	0	0	0	472	439	
15	0	0	0	0	470	435	
0	0	0	0	0	475	431	
1	0	0	0	0	479	431	
2	0	0	0	0	483	433	
3	0	0	0	0	491	433	
4	0	0	0	0	499	436	
5	0	0	0	0	509	439	
6	0	0	0	0	513	443	
7	0	0	0	0	515	445	
8	0	0	0	0	514	445	
9	0	0	0	0	514	448	
10	0	0	0	0	515	455	
11	0	0	0	0	518	461	
12	0	0	0	0	520	463	
13	0	0	0	0	524	458	
14	0	0	0	0	526	448	
15	0	0	0	0	527	434	
0	0	0	0	0	529	423	
1	0	0	0	0	533	417	
2	0	0	0	0	535	415	
3	0	0	0	0	534	414	
4	0	0	0	0	534	413	
5	0	0	0	0	535	411	
6	0	0	0	0	535	410	
7	0	0	0	0	530	412	
8	0	0	0	0	524	411	
9	0	0	0	0	517	409	
10	0	0	0	0	509	407	
11	0	0	0	0	503	405	
12	0	0	0	0	496	403	
13	0	0	0	0	494	399	
14	0	0	0	0	495	401	
15	0	0	0	0	493	405	
0	0	0	0	0	494	410	
1	0	0	0	0	493	412	
2	0	0	0	0	492	415	
3	0	0	0	0	493	421	
4	0	0	0	0	492	428	
5	0	0	0	0	492	437	
6	0	0	0	0	491	444	
7	0	0	0	0	490	452	
8	0	0	0	0	491	463	
9	0	0	0	0	495	476	
10	0	0	0	0	499	483	
11	0	0	0	0	501	485	
12	0	0	0	0	504	485	
13	0	0	0	0	509	484	
14	0	0	0	0	514	482	
15	0	0	0	0	519	480	
0	0	0	0	0	530	479	
1	0	0	0	0	539	477	
2	0	0	0	0	551	472	
3	0	0	0	0	560	468	
4	0	0	0	0	567	465	
5	0	0	0	0	569	463	
6	0	0	0	0	571	465	
7	0	0	0	0	568	466	
8	0	0	0	0	565	463	
9	0	0	0	0	562	463	
10	0	0	0	0	560	468	
11	0	0	0	0	559	469	
12	0	0	0	0	560	472	
13	0	0	0	0	563	471	
14	0	0	0	0	564	468	
15	0	0	0	0	565	463	
0	0	0	0	0	566	457	
1	0	0	0	0	567	452	
2	0	0	0	0	566	438	
3	0	0	0	0	566	420	
4	0	0	0	0	565	413	
5	0	0	0	0	567	405	
6	0	0	0	0	567	401	
7	0	0	0	0	569	395	
8	0	0	0	0	576	388	
9	0	0	0	0	583	386	
10	0	0	0	0	588	383	
11	0	0	0	0	597	382	
12	0	0	0	0	607	386	
13	0	0	0	0	615	387	
14	0	0	0	0	622	388	
15	0	0	0	0	623	390	
0	0	0	0	0	619	390	
1	0	0	0	0	617	396	
2	0	0	0	0	616	398	
3	0	0	0	0	615	403	
4	0	0	0	0	614	411	
5	0	0	0	0	610	418	
6	0	0	0	0	610	419	
7	0	0	0	0	609	425	
8	0	0	0	0	610	427	
9	0	0	0	0	608	431	
10	0	0	0	0	605	438	
11	0	0	0	0	603	443	
12	0	0	0	0	596	444	
13	0	0	0	0	588	441	
14	0	0	0	0	584	438	
15	0	0	0	0	579	435	
0	0	0	0	0	575	433	
1	0	0	0	0	570	430	
2	0	0	0	0	571	427	
3	0	0	0	0	574	425	
4	0	0	0	0	573	419	
5	0	0	0	0	572	415	
6	0	0	0	0	572	410	
7	0	0	0	0	572	408	
8	0	0	0	0	572	409	
9	0	0	0	0	571	408	
10	0	0	0	0	571	403	
11	0	0	0	0	571	393	
12	0	0	0	0	572	385	
13	0	0	0	0	574	379	
14	0	0	0	0	575	375	
15	0	0	0	0	575	372	
0	0	0	0	0	574	377	
1	0	0	0	0	574	378	
2	0	0	0	0	572	371	
3	0	0	0	0	568	369	
4	0	0	0	0	564	363	
5	0	0	0	0	560	357	
6	0	0	0	0	555	355	
7	0	0	0	0	550	352	
8	0	0	0	0	550	358	
9	0	0	0	0	550	362	
10	0	0	0	0	551	364	
11	0	0	0	0	551	373	
12	0	0	0	0	555	383	
13	0	0	0	0	560	385	
14	0	0	0	0	562	389	
15	0	0	0	0	565	387	
0	0	0	0	0	571	386	
1	0	0	0	0	572	385	
2	0	0	0	0	573	386	
3	0	0	0	0	574	391	
4	0	0	0	0	576	399	
5	0	0	0	0	578	407	
6	0	0	0	0	579	419	
7	0	0	0	0	575	428	
8	0	0	0	0	568	433	
9	0	0	0	0	561	440	
10	0	0	0	0	551	443	
11	0	0	0	0	543	443	
12	0	0	0	0	541	440	
13	0	0	0	0	540	436	
14	0	0	0	0	536	432	
15	0	0	0	0	532	430	
0	0	0	0	0	533	423	
1	0	0	0	0	533	417	
2	0	0	0	0	533	415	
3	0	0	0	0	536	415	
4	0	0	0	0	536	419	
5	0	0	0	0	534	421	
6	0	0	0	0	530	417	
7	0	0	0	0	524	412	
8	0	0	0	0	517	405	
9	0	0	0	0	515	396	
10	0	0	0	0	515	398	
11	0	0	0	0	516	397	
12	0	0	0	0	520	396	
13	0	0	0	0	524	396	
14	0	0	0	0	528	399	
15	0	0	0	0	533	400	
0	0	0	0	0	538	402	
1	0	0	0	0	545	403	
2	0	0	0	0	556	403	
3	0	0	0	0	567	404	
4	0	0	0	0	576	404	
5	0	0	0	0	580	400	
6	0	0	0	0	586	398	
7	0	0	0	0	591	400	
8	0	0	0	0	595	403	
9	0	0	0	0	598	404	
10	0	0	0	0	598	406	
11	0	0	0	0	597	406	
12	0	0	0	0	595	408	
13	0	0	0	0	594	407	
14	0	0	0	0	592	415	
15	0	0	0	0	590	419	
0	0	0	0	0	588	427	
1	0	0	0	0	589	433	
2	0	0	0	0	591	442	
3	0	0	0	0	592	454	
4	0	0	0	0	584	463	
5	0	0	0	0	576	468	
6	0	0	0	0	572	468	
7	0	0	0	0	568	469	
8	0	0	0	0	565	471	
9	0	0	0	0	564	474	
10	0	0	0	0	562	473	
11	0	0	0	0	560	472	
12	0	0	0	0	560	473	
13	0	0	0	0	559	475	
14	0	0	0	0	556	476	
15	0	0	0	0	556	476	
0	0	0	0	0	555	473	
1	0	0	0	0	556	472	
2	0	0	0	0	557	472	
3	0	0	0	0	558	473	
4	0	0	0	0	560	477	
5	0	0	0	0	560	481	
6	0	0	0	0	559	489	
7	0	0	0	0	557	495	
8	0	0	0	0	553	501	
9	0	0	0	0	545	506	
10	0	0	0	0	535	510	
11	0	0	0	0	524	516	
12	0	0	0	0	511	526	
13	0	0	0	0	497	534	
14	0	0	0	0	485	543	
15	0	0	0	0	479	547	
0	0	0	0	0	475	548	
1	0	0	0	0	473	549	
2	0	0	0	0	474	544	
3	0	0	0	0	476	539	
4	0	0	0	0	479	535	
5	0	0	0	0	481	531	
6	0	0	0	0	485	531	
7	0	0	0	0	488	530	
8	0	0	0	0	494	528	
9	0	0	0	0	498	527	
10	0	0	0	0	502	526	
11	0	0	0	0	505	521	
12	0	0	0	0	512	519	
13	0	0	0	0	518	524	
14	0	0	0	0	524	526	
15	0	0	0	0	530	524	
0	0	0	0	0	535	519	
1	0	0	0	0	535	508	
2	0	0	0	0	532	496	
3	0	0	0	0	529	487	
4	0	0	0	0	525	481	
5	0	0	0	0	521	472	
6	0	0	0	0	523	467	
7	0	0	0	0	529	461	
8	0	0	0	0	532	459	
9	0	0	0	0	532	460	
10	0	0	0	0	535	463	
11	0	0	0	0	536	467	
12	0	0	0	0	531	476	
13	0	0	0	0	526	488	
14	0	0	0	0	523	503	
15	0	0	0	0	520	518	
0	0	0	0	0	518	534	
1	0	0	0	0	517	550	
2	0	0	0	0	512	567	
3	0	0	0	0	504	583	
4	0	0	0	0	497	598	
5	0	0	0	0	497	608	
6	0	0	0	0	499	617	
7	0	0	0	0	499	627	
8	0	0	0	0	496	632	
9	0	0	0	0	494	632	
10	0	0	0	0	489	632	
11	0	0	0	0	483	630	
12	0	0	0	0	475	627	
13	0	0	0	0	468	626	
14	0	0	0	0	464	625	
15	0	0	0	0	459	626	
0	0	0	0	0	453	627	
1	0	0	0	0	446	627	
2	0	0	0	0	441	627	
3	0	0	0	0	437	630	
4	0	0	0	0	436	632	
5	0	0	0	0	443	636	
6	0	0	0	0	451	632	
7	0	0	0	0	457	630	
8	0	0	0	0	464	627	
9	0	0	0	0	468	620	
10	0	0	0	0	471	614	
11	0	0	0	0	472	608	
12	0	0	0	0	473	606	
13	0	0	0	0	474	605	
14	0	0	0	0	475	604	
15	0	0	0	0	475	604	
0	0	0	0	0	475	607	
1	0	0	0	0	475	608	
2	0	0	0	0	473	610	
3	0	0	0	0	469	609	
4	0	0	0	0	466	611	
5	0	0	0	0	465	616	
6	0	0	0	0	467	622	
7	0	0	0	0	470	627	
8	0	0	0	0	472	630	
9	0	0	0	0	470	629	
10	0	0	0	0	468	627	
11	0	0	0	0	467	627	
12	0	0	0	0	466	624	
13	0	0	0	0	466	622	
14	0	0	0	0	465	620	
15	0	0	0	0	465	616	
0	0	0	0	0	463	613	
1	0	0	0	0	460	615	
2	0	0	0	0	455	620	
3	0	0	0	0	448	619	
4	0	0	0	0	438	614	
5	0	0	0	0	433	609	
6	0	0	0	0	434	604	
7	0	0	0	0	436	600	
8	0	0	0	0	444	593	
9	0	0	0	0	451	592	
10	0	0	0	0	455	590	
11	0	0	0	0	460	588	
12	0	0	0	0	467	585	
13	0	0	0	0	472	583	
14	0	0	0	0	475	581	
15	0	0	0	0	478	580	
0	0	0	0	0	480	579	
1	0	0	0	0	476	580	
2	0	0	0	0	471	575	
3	0	0	0	0	467	571	
4	0	0	0	0	465	570	
5	0	0	0	0	467	570	
6	0	0	0	0	470	568	
7	0	0	0	0	471	570	
8	0	0	0	0	471	571	
9	0	0	0	0	466	566	
10	0	0	0	0	459	559	
11	0	0	0	0	450	556	
12	0	0	0	0	439	558	
13	0	0	0	0	425	555	
14	0	0	0	0	413	555	
15	0	0	0	0	401	560	
0	0	0	0	0	391	565	
1	0	0	0	0	388	567	
2	0	0	0	0	386	571	
3	0	0	0	0	385	577	
4	0	0	0	0	389	582	
5	0	0	0	0	394	587	
6	0	0	0	0	399	590	
7	0	0	0	0	404	591	
8	0	0	0	0	408	591	
9	0	0	0	0	411	593	
10	0	0	0	0	414	597	
11	0	0	0	0	419	600	
12	0	0	0	0	419	600	
13	0	0	0	0	422	600	
14	0	0	0	0	430	606	
15	0	0	0	0	436	612	
0	0	0	0	0	444	612	
1	0	0	0	0	446	610	
2	0	0	0	0	446	602	
3	0	0	0	0	447	593	
4	0	0	0	0	445	584	
5	0	0	0	0	441	573	
6	0	0	0	0	435	560	
7	0	0	0	0	433	548	
8	0	0	0	0	438	540	
9	0	0	0	0	444	537	
10	0	0	0	0	450	539	
11	0	0	0	0	458	536	
12	0	0	0	0	463	537	
13	0	0	0	0	468	543	
14	0	0	0	0	472	549	
15	0	0	0	0	476	554	
0	0	0	0	0	476	560	
1	0	0	0	0	474	560	
2	0	0	0	0	470	557	
3	0	0	0	0	468	553	
4	0	0	0	0	463	547	
5	0	0	0	0	455	539	
6	0	0	0	0	446	534	
7	0	0	0	0	440	533	
8	0	0	0	0	431	537	
9	0	0	0	0	423	541	
10	0	0	0	0	420	545	
11	0	0	0	0	418	547	
12	0	0	0	0	420	549	
13	0	0	0	0	420	551	
14	0	0	0	0	419	552	
15	0	0	0	0	418	551	
0	0	0	0	0	417	552	
1	0	0	0	0	418	554	
2	0	0	0	0	417	555	
3	0	0	0	0	413	557	
4	0	0	0	0	410	560	
5	0	0	0	0	411	568	
6	0	0	0	0	412	570	
7	0	0	0	0	414	576	
8	0	0	0	0	418	585	
9	0	0	0	0	425	590	
10	0	0	0	0	433	591	
11	0	0	0	0	444	589	
12	0	0	0	0	452	576	
13	0	0	0	0	461	565	
14	0	0	0	0	471	548	
15	0	0	0	0	479	534	
0	0	0	0	0	486	526	
1	0	0	0	0	491	522	
2	0	0	0	0	495	521	
3	0	0	0	0	496	520	
4	0	0	0	0	493	527	
5	0	0	0	0	487	533	
6	0	0	0	0	478	535	
7	0	0	0	0	470	540	
8	0	0	0	0	467	544	
9	0	0	0	0	467	550	
10	0	0	0	0	471	556	
11	0	0	0	0	477	561	
12	0	0	0	0	482	565	
13	0	0	0	0	485	568	
14	0	0	0	0	489	570	
15	0	0	0	0	494	571	
0	0	0	0	0	496	573	
1	0	0	0	0	493	575	
2	0	0	0	0	490	576	
3	0	0	0	0	490	573	
4	0	0	0	0	490	570	
5	0	0	0	0	492	565	
6	0	0	0	0	492	560	
7	0	0	0	0	495	560	
8	0	0	0	0	496	563	
9	0	0	0	0	499	574	
10	0	0	0	0	505	587	
11	0	0	0	0	512	596	
12	0	0	0	0	518	601	
13	0	0	0	0	523	603	
14	0	0	0	0	524	601	
15	0	0	0	0	525	598	
0	0	0	0	0	524	592	
1	0	0	0	0	518	585	
2	0	0	0	0	508	582	
3	0	0	0	0	500	577	
4	0	0	0	0	494	572	
5	0	0	0	0	489	569	
6	0	0	0	0	488	572	
7	0	0	0	0	486	574	
8	0	0	0	0	484	579	
9	0	0	0	0	482	582	
10	0	0	0	0	478	586	
11	0	0	0	0	476	584	
12	0	0	0	0	479	582	
13	0	0	0	0	481	581	
14	0	0	0	0	481	579	
15	0	0	0	0	481	576	
0	0	0	0	0	481	576	
1	0	0	0	0	481	578	
2	0	0	0	0	485	581	
3	0	0	0	0	489	582	
4	0	0	0	0	488	580	
5	0	0	0	0	489	578	
6	0	0	0	0	492	573	
7	0	0	0	0	493	571	
8	0	0	0	0	495	567	
9	0	0	0	0	492	563	
10	0	0	0	0	494	559	
11	0	0	0	0	500	556	
12	0	0	0	0	508	557	
13	0	0	0	0	513	559	
14	0	0	0	0	517	557	
15	0	0	0	0	516	549	
0	0	0	0	0	516	537	
1	0	0	0	0	514	527	
2	0	0	0	0	516	519	
3	0	0	0	0	522	512	
4	0	0	0	0	530	507	
5	0	0	0	0	539	500	
6	0	0	0	0	547	495	
7	0	0	0	0	559	492	
8	0	0	0	0	570	492	
9	0	0	0	0	576	492	
10	0	0	0	0	576	489	
11	0	0	0	0	575	487	
12	0	0	0	0	572	484	
13	0	0	0	0	566	480	
14	0	0	0	0	559	478	
15	0	0	0	0	547	477	
0	0	0	0	0	534	474	
1	0	0	0	0	524	474	
2	0	0	0	0	519	472	
3	0	0	0	0	512	470	
4	0	0	0	0	507	467	
5	0	0	0	0	509	469	
6	0	0	0	0	512	470	
7	0	0	0	0	515	473	
8	0	0	0	0	517	480	
9	0	0	0	0	520	489	
10	0	0	0	0	524	498	
11	0	0	0	0	528	506	
12	0	0	0	0	531	515	
13	0	0	0	0	538	521	
14	0	0	0	0	544	524	
15	0	0	0	0	547	522	
0	0	0	0	0	553	520	
1	0	0	0	0	555	518	
2	0	0	0	0	552	517	
3	0	0	0	0	550	513	
4	0	0	0	0	551	513	
5	0	0	0	0	553	516	
6	0	0	0	0	557	521	
7	0	0	0	0	558	520	
8	0	0	0	0	560	514	
9	0	0	0	0	566	504	
10	0	0	0	0	566	493	
11	0	0	0	0	566	479	
12	0	0	0	0	563	464	
13	0	0	0	0	559	452	
14	0	0	0	0	555	443	
15	0	0	0	0	552	435	
0	0	0	0	0	549	432	
1	0	0	0	0	547	425	
2	0	0	0	0	547	421	
3	0	0	0	0	551	418	
4	0	0	0	0	552	416	
5	0	0	0	0	556	416	
6	0	0	0	0	561	412	
7	0	0	0	0	563	407	
8	0	0	0	0	561	407	
9	0	0	0	0	561	404	
10	0	0	0	0	560	404	
11	0	0	0	0	560	409	
12	0	0	0	0	561	411	
13	0	0	0	0	562	415	
14	0	0	0	0	563	416	
15	0	0	0	0	564	414	
0	0	0	0	0	565	409	
1	0	0	0	0	568	404	
2	0	0	0	0	571	403	
3	0	0	0	0	572	403	
4	0	0	0	0	570	403	
5	0	0	0	0	569	405	
6	0	0	0	0	568	407	
7	0	0	0	0	567	408	
8	0	0	0	0	563	406	
9	0	0	0	0	559	403	
10	0	0	0	0	553	396	
11	0	0	0	0	550	397	
12	0	0	0	0	549	401	
13	0	0	0	0	548	409	
14	0	0	0	0	548	418	
15	0	0	0	0	550	423	
0	0	0	0	0	552	425	
1	0	0	0	0	550	423	
2	0	0	0	0	548	413	
3	0	0	0	0	550	410	
4	0	0	0	0	555	408	
5	0	0	0	0	563	403	
6	0	0	0	0	572	398	
7	0	0	0	0	578	396	
8	0	0	0	0	583	397	
9	0	0	0	0	584	396	
10	0	0	0	0	588	395	
11	0	0	0	0	587	399	
12	0	0	0	0	583	401	
13	0	0	0	0	580	402	
14	0	0	0	0	580	407	
15	0	0	0	0	582	408	
0	0	0	0	0	583	407	
1	0	0	0	0	582	401	
2	0	0	0	0	578	391	
3	0	0	0	0	575	384	
4	0	0	0	0	572	371	
5	0	0	0	0	573	359	
6	0	0	0	0	573	354	
7	0	0	0	0	572	352	
8	0	0	0	0	568	352	
9	0	0	0	0	562	351	
10	0	0	0	0	552	353	
11	0	0	0	0	545	363	
12	0	0	0	0	536	371	
13	0	0	0	0	527	375	
14	0	0	0	0	520	379	
15	0	0	0	0	509	379	
0	0	0	0	0	499	377	
1	0	0	0	0	493	374	
2	0	0	0	0	491	370	
3	0	0	0	0	492	368	
4	0	0	0	0	496	368	
5	0	0	0	0	501	372	
6	0	0	0	0	509	376	
7	0	0	0	0	518	376	
8	0	0	0	0	528	371	
9	0	0	0	0	536	363	
10	0	0	0	0	540	355	
11	0	0	0	0	540	356	
12	0	0	0	0	540	352	
13	0	0	0	0	538	347	
14	0	0	0	0	534	345	
15	0	0	0	0	533	343	
0	0	0	0	0	533	345	
1	0	0	0	0	536	348	
2	0	0	0	0	537	348	
3	0	0	0	0	543	358	
4	0	0	0	0	545	360	
5	0	0	0	0	546	364	
6	0	0	0	0	547	369	
7	0	0	0	0	550	372	
8	0	0	0	0	551	376	
9	0	0	0	0	551	375	
10	0	0	0	0	550	375	
11	0	0	0	0	547	376	
12	0	0	0	0	542	379	
13	0	0	0	0	540	382	
14	0	0	0	0	536	384	
15	0	0	0	0	532	383	
0	0	0	0	0	531	387	
1	0	0	0	0	535	385	
2	0	0	0	0	540	382	
3	0	0	0	0	544	379	
4	0	0	0	0	551	376	
5	0	0	0	0	555	375	
6	0	0	0	0	562	376	
7	0	0	0	0	567	376	
8	0	0	0	0	571	383	
9	0	0	0	0	574	389	
10	0	0	0	0	575	386	
11	0	0	0	0	577	389	
12	0	0	0	0	581	388	
13	0	0	0	0	587	388	
14	0	0	0	0	592	390	
15	0	0	0	0	595	391	
0	0	0	0	0	595	393	
1	0	0	0	0	595	392	
2	0	0	0	0	588	383	
3	0	0	0	0	579	379	
4	0	0	0	0	570	366	
5	0	0	0	0	563	359	
6	0	0	0	0	560	353	
7	0	0	0	0	560	347	
8	0	0	0	0	557	347	
9	0	0	0	0	551	343	
10	0	0	0	0	548	337	
11	0	0	0	0	546	342	
12	0	0	0	0	543	343	
13	0	0	0	0	545	348	
14	0	0	0	0	546	350	
15	0	0	0	0	547	353	
0	0	0	0	0	549	362	
1	0	0	0	0	549	371	
2	0	0	0	0	547	371	
3	0	0	0	0	545	374	
4	0	0	0	0	548	373	
5	0	0	0	0	546	369	
6	0	0	0	0	543	364	
7	0	0	0	0	541	356	
8	0	0	0	0	541	353	
9	0	0	0	0	541	353	
10	0	0	0	0	543	363	
11	0	0	0	0	547	374	
12	0	0	0	0	552	381	
13	0	0	0	0	556	389	
14	0	0	0	0	559	391	
15	0	0	0	0	564	385	
0	0	0	0	0	569	386	
1	0	0	0	0	574	387	
2	0	0	0	0	581	390	
3	0	0	0	0	582	389	
4	0	0	0	0	585	387	
5	0	0	0	0	585	387	
6	0	0	0	0	581	384	
7	0	0	0	0	575	381	
8	0	0	0	0	569	385	
9	0	0	0	0	562	388	
10	0	0	0	0	556	392	
11	0	0	0	0	550	398	
12	0	0	0	0	541	401	
13	0	0	0	0	536	403	
14	0	0	0	0	536	403	
15	0	0	0	0	536	397	
0	0	0	0	0	535	397	
1	0	0	0	0	537	396	
2	0	0	0	0	540	396	
3	0	0	0	0	545	395	
4	0	0	0	0	553	392	
5	0	0	0	0	558	393	
6	0	0	0	0	562	393	
7	0	0	0	0	563	388	
8	0	0	0	0	562	390	
9	0	0	0	0	563	388	
10	0	0	0	0	563	390	
11	0	0	0	0	563	393	
12	0	0	0	0	565	397	
13	0	0	0	0	564	407	
14	0	0	0	0	564	417	
15	0	0	0	0	572	426	
0	0	0	0	0	577	433	
1	0	0	0	0	580	432	
2	0	0	0	0	583	427	
3	0	0	0	0	583	421	
4	0	0	0	0	577	413	
5	0	0	0	0	572	413	
6	0	0	0	0	567	412	
7	0	0	0	0	565	414	
8	0	0	0	0	564	415	
9	0	0	0	0	562	419	
10	0	0	0	0	562	425	
11	0	0	0	0	559	429	
12	0	0	0	0	558	430	
13	0	0	0	0	556	436	
14	0	0	0	0	555	442	
15	0	0	0	0	552	443	
0	0	0	0	0	549	444	
1	0	0	0	0	543	446	
2	0	0	0	0	532	448	
3	0	0	0	0	524	449	
4	0	0	0	0	515	448	
5	0	0	0	0	511	452	
6	0	0	0	0	508	454	
7	0	0	0	0	508	455	
8	0	0	0	0	510	453	
9	0	0	0	0	512	451	
10	0	0	0	0	518	447	
11	0	0	0	0	519	449	
12	0	0	0	0	522	455	
13	0	0	0	0	524	462	
14	0	0	0	0	527	463	
15	0	0	0	0	527	460	
0	0	0	0	0	526	454	
1	0	0	0	0	521	447	
2	0	0	0	0	519	440	
3	0	0	0	0	520	432	
4	0	0	0	0	524	426	
5	0	0	0	0	526	424	
6	0	0	0	0	526	425	
7	0	0	0	0	530	430	
8	0	0	0	0	539	434	
9	0	0	0	0	545	438	
10	0	0	0	0	552	442	
11	0	0	0	0	555	448	
12	0	0	0	0	554	450	
13	0	0	0	0	552	449	
14	0	0	0	0	549	444	
15	0	0	0	0	547	439	
0	0	0	0	0	546	438	
1	0	0	0	0	541	436	
2	0	0	0	0	539	436	
3	0	0	0	0	540	436	
4	0	0	0	0	543	438	
5	0	0	0	0	545	443	
6	0	0	0	0	546	444	
7	0	0	0	0	545	447	
8	0	0	0	0	543	452	
9	0	0	0	0	541	455	
10	0	0	0	0	537	458	
11	0	0	0	0	531	458	
12	0	0	0	0	529	460	
13	0	0	0	0	525	465	
14	0	0	0	0	521	467	
15	0	0	0	0	517	466	
0	0	0	0	0	516	460	
1	0	0	0	0	515	449	
2	0	0	0	0	514	440	
3	0	0	0	0	512	437	
4	0	0	0	0	510	434	
5	0	0	0	0	508	437	
6	0	0	0	0	509	443	
7	0	0	0	0	508	448	
8	0	0	0	0	505	455	
9	0	0	0	0	504	461	
10	0	0	0	0	504	468	
11	0	0	0	0	502	473	
12	0	0	0	0	499	474	
13	0	0	0	0	499	477	
14	0	0	0	0	497	479	
15	0	0	0	0	499	478	
0	0	0	0	0	499	472	
1	0	0	0	0	495	465	
2	0	0	0	0	495	462	
3	0	0	0	0	496	458	
4	0	0	0	0	497	457	
5	0	0	0	0	500	462	
6	0	0	0	0	505	463	
7	0	0	0	0	511	467	
8	0	0	0	0	517	468	
9	0	0	0	0	519	474	
10	0	0	0	0	518	479	
11	0	0	0	0	518	487	
12	0	0	0	0	512	493	
13	0	0	0	0	509	495	
14	0	0	0	0	507	496	
15	0	0	0	0	504	494	
0	0	0	0	0	500	492	
1	0	0	0	0	499	490	
2	0	0	0	0	495	488	
3	0	0	0	0	492	488	
4	0	0	0	0	489	492	
5	0	0	0	0	487	497	
6	0	0	0	0	487	505	
7	0	0	0	0	484	507	
8	0	0	0	0	483	505	
9	0	0	0	0	481	498	
10	0	0	0	0	481	495	
11	0	0	0	0	486	495	
12	0	0	0	0	490	488	
13	0	0	0	0	494	482	
14	0	0	0	0	494	478	
15	0	0	0	0	496	476	
0	0	0	0	0	497	476	
1	0	0	0	0	496	477	
2	0	0	0	0	493	478	
3	0	0	0	0	488	479	
4	0	0	0	0	481	478	
5	0	0	0	0	473	477	
6	0	0	0	0	467	473	
7	0	0	0	0	462	470	
8	0	0	0	0	459	470	
9	0	0	0	0	458	475	
10	0	0	0	0	462	478	
11	0	0	0	0	467	481	
12	0	0	0	0	474	483	
13	0	0	0	0	479	484	
14	0	0	0	0	487	487	
15	0	0	0	0	496	495	
0	0	0	0	0	503	504	
1	0	0	0	0	509	512	
2	0	0	0	0	513	519	
3	0	0	0	0	515	527	
4	0	0	0	0	514	532	
5	0	0	0	0	515	537	
6	0	0	0	0	518	539	
7	0	0	0	0	523	537	
8	0	0	0	0	524	532	
9	0	0	0	0	524	522	
10	0	0	0	0	524	515	
11	0	0	0	0	523	512	
12	0	0	0	0	519	511	
13	0	0	0	0	515	510	
14	0	0	0	0	512	507	
15	0	0	0	0	509	504	
0	0	0	0	0	507	503	
1	0	0	0	0	506	502	
2	0	0	0	0	504	500	
3	0	0	0	0	504	502	
4	0	0	0	0	499	505	
5	0	0	0	0	494	509	
6	0	0	0	0	490	511	
7	0	0	0	0	480	514	
8	0	0	0	0	473	513	
9	0	0	0	0	467	511	
10	0	0	0	0	463	507	
11	0	0	0	0	460	504	
12	0	0	0	0	457	502	
13	0	0	0	0	455	504	
14	0	0	0	0	459	503	
15	0	0	0	0	467	500	
0	0	0	0	0	474	501	
1	0	0	0	0	478	508	
2	0	0	0	0	479	510	
3	0	0	0	0	478	504	
4	0	0	0	0	475	493	
5	0	0	0	0	474	483	
6	0	0	0	0	474	472	
7	0	0	0	0	472	466	
8	0	0	0	0	469	460	
9	0	0	0	0	466	454	
10	0	0	0	0	464	450	
11	0	0	0	0	463	449	
12	0	0	0	0	463	447	
13	0	0	0	0	459	445	
14	0	0	0	0	462	444	
15	0	0	0	0	463	445	
0	0	0	0	0	465	447	
1	0	0	0	0	468	452	
2	0	0	0	0	469	457	
3	0	0	0	0	474	456	
4	0	0	0	0	479	455	
5	0	0	0	0	481	455	
6	0	0	0	0	482	459	
7	0	0	0	0	479	461	
8	0	0	0	0	478	463	
9	0	0	0	0	476	467	
10	0	0	0	0	476	469	
11	0	0	0	0	479	474	
12	0	0	0	0	483	479	
13	0	0	0	0	487	485	
14	0	0	0	0	494	495	
15	0	0	0	0	503	502	
0	0	0	0	0	513	504	
1	0	0	0	0	524	507	
2	0	0	0	0	529	508	
3	0	0	0	0	529	511	
4	0	0	0	0	527	509	
5	0	0	0	0	524	506	
6	0	0	0	0	524	504	
7	0	0	0	0	522	504	
8	0	0	0	0	521	504	
9	0	0	0	0	522	500	
10	0	0	0	0	523	494	
11	0	0	0	0	522	487	
12	0	0	0	0	524	479	
13	0	0	0	0	527	474	
14	0	0	0	0	534	471	
15	0	0	0	0	535	469	
0	0	0	0	0	536	469	
1	0	0	0	0	536	472	
2	0	0	0	0	536	476	
3	0	0	0	0	533	480	
4	0	0	0	0	533	488	
5	0	0	0	0	534	495	
6	0	0	0	0	531	507	
7	0	0	0	0	527	519	
8	0	0	0	0	525	530	
9	0	0	0	0	519	540	
10	0	0	0	0	513	543	
11	0	0	0	0	512	540	
12	0	0	0	0	512	537	
13	0	0	0	0	512	535	
14	0	0	0	0	514	531	
15	0	0	0	0	515	527	
0	0	0	0	0	519	523	
1	0	0	0	0	519	520	
2	0	0	0	0	519	519	
3	0	0	0	0	520	515	
4	0	0	0	0	522	510	
5	0	0	0	0	519	507	
6	0	0	0	0	513	502	
7	0	0	0	0	507	497	
8	0	0	0	0	499	499	
9	0	0	0	0	496	500	
10	0	0	0	0	493	497	
11	0	0	0	0	490	495	
12	0	0	0	0	484	493	
13	0	0	0	0	478	492	
14	0	0	0	0	473	486	
15	0	0	0	0	467	481	
0	0	0	0	0	468	479	
1	0	0	0	0	469	476	
2	0	0	0	0	472	480	
3	0	0	0	0	476	483	
4	0	0	0	0	480	487	
5	0	0	0	0	483	493	
6	0	0	0	0	483	501	
7	0	0	0	0	483	508	
8	0	0	0	0	483	515	
9	0	0	0	0	483	522	
10	0	0	0	0	481	527	
11	0	0	0	0	479	531	
12	0	0	0	0	472	535	
13	0	0	0	0	462	535	
14	0	0	0	0	453	531	
15	0	0	0	0	445	524	
0	0	0	0	0	443	519	
1	0	0	0	0	440	515	
2	0	0	0	0	439	513	
3	0	0	0	0	441	512	
4	0	0	0	0	442	512	
5	0	0	0	0	443	515	
6	0	0	0	0	444	516	
7	0	0	0	0	447	520	
8	0	0	0	0	450	529	
9	0	0	0	0	455	540	
10	0	0	0	0	462	547	
11	0	0	0	0	468	551	
12	0	0	0	0	476	551	
13	0	0	0	0	481	547	
14	0	0	0	0	485	542	
15	0	0	0	0	489	538	
0	0	0	0	0	496	536	
1	0	0	0	0	502	534	
2	0	0	0	0	507	532	
3	0	0	0	0	514	532	
4	0	0	0	0	521	533	
5	0	0	0	0	528	534	
6	0	0	0	0	534	535	
7	0	0	0	0	535	536	
8	0	0	0	0	536	538	
9	0	0	0	0	538	537	
10	0	0	0	0	540	535	
11	0	0	0	0	538	531	
12	0	0	0	0	530	529	
13	0	0	0	0	519	529	
14	0	0	0	0	505	531	
15	0	0	0	0	495	534	
0	0	0	0	0	485	535	
1	0	0	0	0	474	535	
2	0	0	0	0	462	534	
3	0	0	0	0	451	534	
4	0	0	0	0	444	535	
5	0	0	0	0	443	536	
6	0	0	0	0	443	539	
7	0	0	0	0	444	541	
8	0	0	0	0	447	545	
9	0	0	0	0	449	549	
10	0	0	0	0	451	551	
11	0	0	0	0	452	550	
12	0	0	0	0	457	543	
13	0	0	0	0	458	532	
14	0	0	0	0	461	519	
15	0	0	0	0	464	506	
0	0	0	0	0	470	498	
1	0	0	0	0	477	492	
2	0	0	0	0	485	487	
3	0	0	0	0	494	481	
4	0	0	0	0	501	476	
5	0	0	0	0	509	470	
6	0	0	0	0	515	463	
7	0	0	0	0	524	463	
8	0	0	0	0	530	466	
9	0	0	0	0	536	470	
10	0	0	0	0	537	471	
11	0	0	0	0	534	472	
12	0	0	0	0	531	476	
13	0	0	0	0	526	481	
14	0	0	0	0	517	485	
15	0	0	0	0	507	492	
0	0	0	0	0	495	496	
1	0	0	0	0	483	496	
2	0	0	0	0	471	495	
3	0	0	0	0	463	490	
4	0	0	0	0	455	486	
5	0	0	0	0	450	480	
6	0	0	0	0	447	476	
7	0	0	0	0	446	476	
8	0	0	0	0	447	483	
9	0	0	0	0	449	489	
10	0	0	0	0	448	496	
11	0	0	0	0	449	504	
12	0	0	0	0	457	510	
13	0	0	0	0	468	517	
14	0	0	0	0	477	525	
15	0	0	0	0	483	531	
0	0	0	0	0	489	534	
1	0	0	0	0	494	537	
2	0	0	0	0	492	537	
3	0	0	0	0	487	538	
4	0	0	0	0	479	533	
5	0	0	0	0	475	526	
6	0	0	0	0	473	522	
7	0	0	0	0	474	519	
8	0	0	0	0	478	518	
9	0	0	0	0	482	519	
10	0	0	0	0	488	522	
11	0	0	0	0	496	526	
12	0	0	0	0	502	530	
13	0	0	0	0	505	537	
14	0	0	0	0	506	544	
15	0	0	0	0	502	544	
0	0	0	0	0	503	542	
1	0	0	0	0	503	538	
2	0	0	0	0	504	537	
3	0	0	0	0	508	536	
4	0	0	0	0	505	537	
5	0	0	0	0	503	541	
6	0	0	0	0	499	543	
7	0	0	0	0	496	543	
8	0	0	0	0	492	539	
9	0	0	0	0	490	536	
10	0	0	0	0	483	535	
11	0	0	0	0	477	534	
12	0	0	0	0	471	536	
13	0	0	0	0	464	538	
14	0	0	0	0	457	546	
15	0	0	0	0	452	556	
0	0	0	0	0	449	561	
1	0	0	0	0	446	563	
2	0	0	0	0	446	562	
3	0	0	0	0	446	561	
4	0	0	0	0	444	563	
5	0	0	0	0	444	566	
6	0	0	0	0	447	565	
7	0	0	0	0	457	564	
8	0	0	0	0	465	563	
9	0	0	0	0	472	560	
10	0	0	0	0	476	556	
11	0	0	0	0	477	550	
12	0	0	0	0	474	542	
13	0	0	0	0	469	536	
14	0	0	0	0	465	535	
15	0	0	0	0	462	536	
0	0	0	0	0	464	532	
1	0	0	0	0	468	527	
2	0	0	0	0	472	522	
3	0	0	0	0	479	519	
4	0	0	0	0	489	519	
5	0	0	0	0	500	523	
6	0	0	0	0	509	529	
7	0	0	0	0	511	532	
8	0	0	0	0	512	534	
9	0	0	0	0	514	532	
10	0	0	0	0	514	532	
11	0	0	0	0	515	531	
12	0	0	0	0	515	534	
13	0	0	0	0	512	542	
14	0	0	0	0	505	552	
15	0	0	0	0	497	556	
0	0	0	0	0	487	560	
1	0	0	0	0	476	567	
2	0	0	0	0	465	573	
3	0	0	0	0	458	576	
4	0	0	0	0	453	570	
5	0	0	0	0	450	562	
6	0	0	0	0	449	558	
7	0	0	0	0	447	552	
8	0	0	0	0	444	545	
9	0	0	0	0	444	543	
10	0	0	0	0	446	541	
11	0	0	0	0	453	539	
12	0	0	0	0	458	542	
13	0	0	0	0	462	543	
14	0	0	0	0	461	546	
15	0	0	0	0	461	542	
0	0	0	0	0	465	539	
1	0	0	0	0	469	539	
2	0	0	0	0	468	537	
3	0	0	0	0	469	541	
4	0	0	0	0	471	544	
5	0	0	0	0	474	548	
6	0	0	0	0	479	555	
7	0	0	0	0	481	556	
8	0	0	0	0	482	556	
9	0	0	0	0	482	560	
10	0	0	0	0	482	566	
11	0	0	0	0	480	571	
12	0	0	0	0	477	579	
13	0	0	0	0	474	585	
14	0	0	0	0	472	591	
15	0	0	0	0	472	591	
0	0	0	0	0	472	591	
1	0	0	0	0	468	593	
2	0	0	0	0	462	598	
3	0	0	0	0	452	606	
4	0	0	0	0	445	602	
5	0	0	0	0	435	591	
6	0	0	0	0	427	578	
7	0	0	0	0	420	566	
8	0	0	0	0	415	551	
9	0	0	0	0	412	537	
10	0	0	0	0	411	524	
11	0	0	0	0	416	515	
12	0	0	0	0	419	508	
13	0	0	0	0	425	502	
14	0	0	0	0	434	493	
15	0	0	0	0	442	487	
0	0	0	0	0	448	484	
1	0	0	0	0	454	484	
2	0	0	0	0	460	487	
3	0	0	0	0	467	490	
4	0	0	0	0	472	495	
5	0	0	0	0	478	498	
6	0	0	0	0	480	505	
7	0	0	0	0	484	509	
8	0	0	0	0	489	512	
9	0	0	0	0	495	516	
10	0	0	0	0	504	522	
11	0	0	0	0	513	528	
12	0	0	0	0	518	531	
13	0	0	0	0	521	531	
14	0	0	0	0	527	531	
15	0	0	0	0	533	529	
0	0	0	0	0	542	528	
1	0	0	0	0	547	527	
2	0	0	0	0	551	528	
3	0	0	0	0	556	527	
4	0	0	0	0	562	527	
5	0	0	0	0	567	526	
6	0	0	0	0	569	523	
7	0	0	0	0	567	516	
8	0	0	0	0	563	507	
9	0	0	0	0	555	507	
10	0	0	0	0	545	510	
11	0	0	0	0	536	515	
12	0	0	0	0	525	516	
13	0	0	0	0	514	517	
14	0	0	0	0	501	516	
15	0	0	0	0	492	515	
0	0	0	0	0	483	518	
1	0	0	0	0	476	516	
2	0	0	0	0	468	515	
3	0	0	0	0	460	512	
4	0	0	0	0	457	508	
5	0	0	0	0	454	506	
6	0	0	0	0	450	507	
7	0	0	0	0	449	512	
8	0	0	0	0	447	522	
9	0	0	0	0	447	530	
10	0	0	0	0	450	537	
11	0	0	0	0	455	543	
12	0	0	0	0	461	543	
13	0	0	0	0	465	544	
14	0	0	0	0	472	549	
15	0	0	0	0	478	551	
0	0	0	0	0	483	552	
1	0	0	0	0	492	548	
2	0	0	0	0	499	541	
3	0	0	0	0	507	532	
4	0	0	0	0	514	523	
5	0	0	0	0	521	515	
6	0	0	0	0	526	510	
7	0	0	0	0	530	508	
8	0	0	0	0	536	504	
9	0	0	0	0	540	502	
10	0	0	0	0	543	500	
11	0	0	0	0	545	496	
12	0	0	0	0	548	489	
13	0	0	0	0	548	479	
14	0	0	0	0	545	469	
15	0	0	0	0	539	463	
0	0	0	0	0	533	460	
1	0	0	0	0	529	463	
2	0	0	0	0	524	466	
3	0	0	0	0	515	470	
4	0	0	0	0	507	475	
5	0	0	0	0	505	483	
6	0	0	0	0	506	488	
7	0	0	0	0	509	491	
8	0	0	0	0	512	492	
9	0	0	0	0	517	492	
10	0	0	0	0	522	490	
11	0	0	0	0	526	487	
12	0	0	0	0	528	483	
13	0	0	0	0	532	480	
14	0	0	0	0	534	480	
15	0	0	0	0	535	486	
0	0	0	0	0	534	491	
1	0	0	0	0	535	497	
2	0	0	0	0	534	501	
3	0	0	0	0	529	505	
4	0	0	0	0	524	508	
5	0	0	0	0	517	508	
6	0	0	0	0	511	504	
7	0	0	0	0	504	497	
8	0	0	0	0	499	491	
9	0	0	0	0	496	488	
10	0	0	0	0	498	489	
11	0	0	0	0	501	492	
12	0	0	0	0	504	492	
13	0	0	0	0	511	491	
14	0	0	0	0	521	490	
15	0	0	0	0	531	490	
0	0	0	0	0	536	490	
1	0	0	0	0	537	493	
2	0	0	0	0	535	499	
3	0	0	0	0	528	504	
4	0	0	0	0	519	506	
5	0	0	0	0	509	507	
6	0	0	0	0	504	506	
7	0	0	0	0	502	505	
8	0	0	0	0	497	500	
9	0	0	0	0	492	495	
10	0	0	0	0	488	490	
11	0	0	0	0	491	489	
12	0	0	0	0	496	491	
13	0	0	0	0	497	490	
14	0	0	0	0	494	487	
15	0	0	0	0	490	484	
0	0	0	0	0	485	479	
1	0	0	0	0	480	473	
2	0	0	0	0	476	468	
3	0	0	0	0	474	466	
4	0	0	0	0	473	469	
5	0	0	0	0	475	475	
6	0	0	0	0	476	478	
7	0	0	0	0	481	474	
8	0	0	0	0	486	472	
9	0	0	0	0	489	468	
10	0	0	0	0	491	465	
11	0	0	0	0	496	460	
12	0	0	0	0	508	455	
13	0	0	0	0	517	455	
14	0	0	0	0	522	460	
15	0	0	0	0	525	461	
0	0	0	0	0	527	464	
1	0	0	0	0	523	465	
2	0	0	0	0	515	468	
3	0	0	0	0	505	470	
4	0	0	0	0	497	468	
5	0	0	0	0	491	468	
6	0	0	0	0	488	466	
7	0	0	0	0	486	466	
8	0	0	0	0	480	465	
9	0	0	0	0	476	463	
10	0	0	0	0	472	463	
11	0	0	0	0	473	464	
12	0	0	0	0	473	468	
13	0	0	0	0	475	473	
14	0	0	0	0	476	476	
15	0	0	0	0	477	478	
0	0	0	0	0	477	487	
1	0	0	0	0	477	500	
2	0	0	0	0	478	512	
3	0	0	0	0	481	519	
4	0	0	0	0	482	526	
5	0	0	0	0	484	528	
6	0	0	0	0	488	531	
7	0	0	0	0	493	531	
8	0	0	0	0	500	530	
9	0	0	0	0	507	525	
10	0	0	0	0	514	514	
11	0	0	0	0	519	500	
12	0	0	0	0	522	486	
13	0	0	0	0	523	475	
14	0	0	0	0	526	465	
15	0	0	0	0	530	460	
0	0	0	0	0	537	454	
1	0	0	0	0	547	448	
2	0	0	0	0	551	444	
3	0	0	0	0	551	441	
4	0	0	0	0	550	442	
5	0	0	0	0	545	441	
6	0	0	0	0	538	442	
7	0	0	0	0	530	448	
8	0	0	0	0	523	451	
9	0	0	0	0	517	457	
10	0	0	0	0	510	460	
11	0	0	0	0	503	462	
12	0	0	0	0	496	462	
13	0	0	0	0	494	462	
14	0	0	0	0	493	460	
15	0	0	0	0	496	459	
0	0	0	0	0	500	460	
1	0	0	0	0	505	464	
2	0	0	0	0	515	463	
3	0	0	0	0	523	460	
4	0	0	0	0	528	454	
5	0	0	0	0	533	447	
6	0	0	0	0	534	439	
7	0	0	0	0	531	432	
8	0	0	0	0	524	426	
9	0	0	0	0	521	427	
10	0	0	0	0	518	427	
11	0	0	0	0	520	434	
12	0	0	0	0	523	441	
13	0	0	0	0	526	448	
14	0	0	0	0	527	455	
15	0	0	0	0	532	459	
0	0	0	0	0	538	463	
1	0	0	0	0	545	467	
2	0	0	0	0	550	474	
3	0	0	0	0	553	481	
4	0	0	0	0	556	486	
5	0	0	0	0	551	489	
6	0	0	0	0	543	491	
7	0	0	0	0	534	495	
8	0	0	0	0	527	505	
9	0	0	0	0	525	515	
10	0	0	0	0	521	521	
11	0	0	0	0	520	520	
12	0	0	0	0	519	519	
13	0	0	0	0	516	516	
14	0	0	0	0	515	515	
15	0	0	0	0	510	515	
0	0	0	0	0	509	515	
1	0	0	0	0	509	516	
2	0	0	0	0	513	514	
3	0	0	0	0	521	512	
4	0	0	0	0	527	516	
5	0	0	0	0	536	524	
6	0	0	0	0	540	533	
7	0	0	0	0	542	537	
8	0	0	0	0	543	532	
9	0	0	0	0	548	521	
10	0	0	0	0	553	510	
11	0	0	0	0	558	495	
12	0	0	0	0	558	482	
13	0	0	0	0	558	467	
14	0	0	0	0	556	454	
15	0	0	0	0	556	446	
0	0	0	0	0	557	442	
1	0	0	0	0	558	441	
2	0	0	0	0	561	440	
3	0	0	0	0	567	440	
4	0	0	0	0	572	441	
5	0	0	0	0	576	443	
6	0	0	0	0	579	446	
7	0	0	0	0	577	454	
8	0	0	0	0	572	465	
9	0	0	0	0	566	477	
10	0	0	0	0	561	487	
11	0	0	0	0	557	496	
12	0	0	0	0	551	503	
13	0	0	0	0	542	510	
14	0	0	0	0	536	516	
15	0	0	0	0	531	520	
0	0	0	0	0	529	523	
1	0	0	0	0	528	523	
2	0	0	0	0	525	515	
3	0	0	0	0	526	500	
4	0	0	0	0	527	487	
5	0	0	0	0	530	479	
6	0	0	0	0	532	476	
7	0	0	0	0	531	475	
8	0	0	0	0	524	470	
9	0	0	0	0	516	464	
10	0	0	0	0	508	458	
11	0	0	0	0	501	453	
12	0	0	0	0	494	448	
13	0	0	0	0	485	442	
14	0	0	0	0	485	440	
15	0	0	0	0	487	441	
0	0	0	0	0	495	450	
1	0	0	0	0	505	460	
2	0	0	0	0	515	469	
3	0	0	0	0	527	480	
4	0	0	0	0	537	489	
5	0	0	0	0	543	495	
6	0	0	0	0	547	498	
7	0	0	0	0	549	500	
8	0	0	0	0	551	503	
9	0	0	0	0	554	505	
10	0	0	0	0	551	511	
11	0	0	0	0	552	519	
12	0	0	0	0	551	526	
13	0	0	0	0	548	530	
14	0	0	0	0	544	530	
15	0	0	0	0	543	524	
0	0	0	0	0	537	517	
1	0	0	0	0	535	509	
2	0	0	0	0	535	504	
3	0	0	0	0	534	501	
4	0	0	0	0	528	496	
5	0	0	0	0	517	492	
6	0	0	0	0	507	489	
7	0	0	0	0	499	486	
8	0	0	0	0	495	483	
9	0	0	0	0	490	480	
10	0	0	0	0	487	478	
11	0	0	0	0	487	479	
12	0	0	0	0	487	482	
13	0	0	0	0	492	483	
14	0	0	0	0	497	484	
15	0	0	0	0	505	486	
0	0	0	0	0	515	488	
1	0	0	0	0	524	493	
2	0	0	0	0	534	495	
3	0	0	0	0	548	493	
4	0	0	0	0	561	495	
5	0	0	0	0	573	502	
6	0	0	0	0	583	511	
7	0	0	0	0	588	515	
8	0	0	0	0	592	514	
9	0	0	0	0	593	515	
10	0	0	0	0	585	516	
11	0	0	0	0	572	521	
12	0	0	0	0	556	527	
13	0	0	0	0	540	532	
14	0	0	0	0	524	535	
15	0	0	0	0	509	534	
0	0	0	0	0	494	531	
1	0	0	0	0	480	527	
2	0	0	0	0	469	524	
3	0	0	0	0	462	524	
4	0	0	0	0	458	527	
5	0	0	0	0	456	529	
6	0	0	0	0	462	528	
7	0	0	0	0	467	523	
8	0	0	0	0	474	512	
9	0	0	0	0	481	502	
10	0	0	0	0	490	497	
11	0	0	0	0	497	491	
12	0	0	0	0	502	483	
13	0	0	0	0	503	477	
14	0	0	0	0	502	474	
15	0	0	0	0	504	478	
0	0	0	0	0	512	486	
1	0	0	0	0	526	494	
2	0	0	0	0	537	501	
3	0	0	0	0	547	513	
4	0	0	0	0	553	519	
5	0	0	0	0	554	516	
6	0	0	0	0	557	509	
7	0	0	0	0	556	501	
8	0	0	0	0	554	499	
9	0	0	0	0	550	496	
10	0	0	0	0	550	492	
11	0	0	0	0	547	495	
12	0	0	0	0	542	500	
13	0	0	0	0	540	507	
14	0	0	0	0	537	509	
15	0	0	0	0	533	505	
0	0	0	0	0	531	499	
1	0	0	0	0	530	491	
2	0	0	0	0	528	483	
3	0	0	0	0	527	479	
4	0	0	0	0	525	475	
5	0	0	0	0	521	472	
6	0	0	0	0	516	470	
7	0	0	0	0	515	469	
8	0	0	0	0	514	469	
9	0	0	0	0	516	465	
10	0	0	0	0	518	460	
11	0	0	0	0	518	457	
12	0	0	0	0	516	461	
13	0	0	0	0	511	463	
14	0	0	0	0	507	468	
15	0	0	0	0	505	475	
0	0	0	0	0	504	482	
1	0	0	0	0	504	487	
2	0	0	0	0	506	494	
3	0	0	0	0	514	498	
4	0	0	0	0	519	502	
5	0	0	0	0	524	509	
6	0	0	0	0	531	513	
7	0	0	0	0	533	515	
8	0	0	0	0	534	520	
9	0	0	0	0	538	529	
10	0	0	0	0	542	535	
11	0	0	0	0	543	536	
12	0	0	0	0	540	533	
13	0	0	0	0	541	530	
14	0	0	0	0	542	529	
15	0	0	0	0	540	529	
0	0	0	0	0	539	529	
1	0	0	0	0	536	530	
2	0	0	0	0	531	531	
3	0	0	0	0	528	532	
4	0	0	0	0	528	530	
5	0	0	0	0	528	529	
6	0	0	0	0	527	530	
7	0	0	0	0	528	531	
8	0	0	0	0	525	536	
9	0	0	0	0	521	541	
10	0	0	0	0	520	543	
11	0	0	0	0	524	545	
12	0	0	0	0	523	548	
13	0	0	0	0	526	555	
14	0	0	0	0	527	560	
15	0	0	0	0	529	561	
0	0	0	0	0	527	563	
1	0	0	0	0	524	565	
2	0	0	0	0	524	568	
3	0	0	0	0	521	569	
4	0	0	0	0	516	570	
5	0	0	0	0	508	569	
6	0	0	0	0	503	566	
7	0	0	0	0	499	561	
8	0	0	0	0	499	559	
9	0	0	0	0	500	563	
10	0	0	0	0	504	569	
11	0	0	0	0	506	573	
12	0	0	0	0	507	575	
13	0	0	0	0	511	572	
14	0	0	0	0	511	571	
15	0	0	0	0	512	572	
0	0	0	0	0	516	573	
1	0	0	0	0	518	575	
2	0	0	0	0	521	580	
3	0	0	0	0	522	587	
4	0	0	0	0	524	596	
5	0	0	0	0	520	604	
6	0	0	0	0	518	608	
7	0	0	0	0	514	605	
8	0	0	0	0	512	602	
9	0	0	0	0	510	598	
10	0	0	0	0	512	592	
11	0	0	0	0	515	588	
12	0	0	0	0	518	588	
13	0	0	0	0	518	586	
14	0	0	0	0	515	583	
15	0	0	0	0	510	577	
0	0	0	0	0	505	568	
1	0	0	0	0	498	559	
2	0	0	0	0	493	548	
3	0	0	0	0	490	539	
4	0	0	0	0	488	533	
5	0	0	0	0	485	525	
6	0	0	0	0	483	518	
7	0	0	0	0	483	512	
8	0	0	0	0	483	507	
9	0	0	0	0	483	507	
10	0	0	0	0	485	507	
11	0	0	0	0	490	507	
12	0	0	0	0	497	508	
13	0	0	0	0	508	510	
14	0	0	0	0	516	514	
15	0	0	0	0	526	517	
0	0	0	0	0	532	520	
1	0	0	0	0	536	521	
2	0	0	0	0	538	525	
3	0	0	0	0	537	529	
4	0	0	0	0	535	531	
5	0	0	0	0	533	528	
6	0	0	0	0	528	525	
7	0	0	0	0	526	524	
8	0	0	0	0	520	523	
9	0	0	0	0	515	524	
10	0	0	0	0	505	526	
11	0	0	0	0	499	530	
12	0	0	0	0	494	532	
13	0	0	0	0	490	531	
14	0	0	0	0	487	527	
15	0	0	0	0	485	520	
0	0	0	0	0	484	509	
1	0	0	0	0	484	497	
2	0	0	0	0	484	489	
3	0	0	0	0	484	484	
4	0	0	0	0	483	484	
5	0	0	0	0	486	495	
6	0	0	0	0	491	508	
7	0	0	0	0	495	521	
8	0	0	0	0	499	533	
9	0	0	0	0	506	544	
10	0	0	0	0	513	551	
11	0	0	0	0	519	558	
12	0	0	0	0	522	562	
13	0	0	0	0	528	566	
14	0	0	0	0	538	567	
15	0	0	0	0	543	563	
0	0	0	0	0	549	560	
1	0	0	0	0	553	555	
2	0	0	0	0	553	547	
3	0	0	0	0	551	544	
4	0	0	0	0	547	543	
5	0	0	0	0	544	543	
6	0	0	0	0	543	540	
7	0	0	0	0	543	537	
8	0	0	0	0	541	532	
9	0	0	0	0	538	529	
10	0	0	0	0	535	524	
11	0	0	0	0	534	517	
12	0	0	0	0	528	516	
13	0	0	0	0	523	516	
14	0	0	0	0	518	520	
15	0	0	0	0	515	523	
0	0	0	0	0	515	520	
1	0	0	0	0	518	515	
2	0	0	0	0	523	510	
3	0	0	0	0	529	505	
4	0	0	0	0	531	505	
5	0	0	0	0	535	507	
6	0	0	0	0	535	509	
7	0	0	0	0	531	510	
8	0	0	0	0	526	510	
9	0	0	0	0	523	512	
10	0	0	0	0	519	512	
11	0	0	0	0	522	512	
12	0	0	0	0	529	515	
13	0	0	0	0	537	516	
14	0	0	0	0	542	515	
15	0	0	0	0	544	511	
0	0	0	0	0	543	510	
1	0	0	0	0	543	512	
2	0	0	0	0	543	516	
3	0	0	0	0	542	517	
4	0	0	0	0	544	517	
5	0	0	0	0	548	518	
6	0	0	0	0	547	518	
7	0	0	0	0	548	519	
8	0	0	0	0	546	521	
9	0	0	0	0	542	525	
10	0	0	0	0	543	527	
11	0	0	0	0	545	523	
12	0	0	0	0	551	514	
13	0	0	0	0	560	504	
14	0	0	0	0	564	495	
15	0	0	0	0	566	490	
0	0	0	0	0	568	488	
1	0	0	0	0	568	486	
2	0	0	0	0	566	483	
3	0	0	0	0	560	483	
4	0	0	0	0	552	485	
5	0	0	0	0	544	487	
6	0	0	0	0	539	492	
7	0	0	0	0	533	501	
8	0	0	0	0	525	510	
9	0	0	0	0	518	516	
10	0	0	0	0	511	523	
11	0	0	0	0	510	526	
12	0	0	0	0	511	529	
13	0	0	0	0	515	532	
14	0	0	0	0	521	533	
15	0	0	0	0	525	526	
0	0	0	0	0	526	519	
1	0	0	0	0	524	512	
2	0	0	0	0	524	507	
3	0	0	0	0	522	505	
4	0	0	0	0	521	511	
5	0	0	0	0	523	519	
6	0	0	0	0	528	528	
7	0	0	0	0	537	534	
8	0	0	0	0	543	535	
9	0	0	0	0	548	532	
10	0	0	0	0	555	529	
11	0	0	0	0	558	524	
12	0	0	0	0	559	520	
13	0	0	0	0	558	516	
14	0	0	0	0	559	514	
15	0	0	0	0	559	515	
0	0	0	0	0	558	518	
1	0	0	0	0	553	522	
2	0	0	0	0	547	526	
3	0	0	0	0	540	529	
4	0	0	0	0	532	534	
5	0	0	0	0	526	535	
6	0	0	0	0	519	535	
7	0	0	0	0	513	535	
8	0	0	0	0	508	529	
9	0	0	0	0	504	523	
10	0	0	0	0	497	516	
11	0	0	0	0	493	510	
12	0	0	0	0	491	500	
13	0	0	0	0	487	496	
14	0	0	0	0	487	496	
15	0	0	0	0	491	499	
0	0	0	0	0	497	503	
1	0	0	0	0	507	504	
2	0	0	0	0	518	502	
3	0	0	0	0	529	504	
4	0	0	0	0	536	508	
5	0	0	0	0	543	509	
6	0	0	0	0	551	509	
7	0	0	0	0	556	508	
8	0	0	0	0	556	505	
9	0	0	0	0	551	502	
10	0	0	0	0	543	497	
11	0	0	0	0	538	496	
12	0	0	0	0	536	499	
13	0	0	0	0	537	504	
14	0	0	0	0	536	510	
15	0	0	0	0	533	512	
0	0	0	0	0	526	508	
1	0	0	0	0	520	505	
2	0	0	0	0	511	502	
3	0	0	0	0	504	503	
4	0	0	0	0	502	505	
5	0	0	0	0	498	508	
6	0	0	0	0	496	509	
7	0	0	0	0	492	510	
8	0	0	0	0	489	510	
9	0	0	0	0	486	513	
10	0	0	0	0	484	519	
11	0	0	0	0	487	526	
12	0	0	0	0	491	530	
13	0	0	0	0	494	533	
14	0	0	0	0	497	533	
15	0	0	0	0	501	531	
0	0	0	0	0	508	526	
1	0	0	0	0	518	523	
2	0	0	0	0	527	521	
3	0	0	0	0	537	520	
4	0	0	0	0	547	516	
5	0	0	0	0	554	505	
6	0	0	0	0	560	495	
7	0	0	0	0	561	485	
8	0	0	0	0	561	481	
9	0	0	0	0	561	480	
10	0	0	0	0	562	482	
11	0	0	0	0	560	487	
12	0	0	0	0	558	493	
13	0	0	0	0	552	496	
14	0	0	0	0	550	500	
15	0	0	0	0	543	505	
0	0	0	0	0	532	507	
1	0	0	0	0	521	510	
2	0	0	0	0	509	514	
3	0	0	0	0	500	522	
4	0	0	0	0	495	535	
5	0	0	0	0	494	542	
6	0	0	0	0	499	548	
7	0	0	0	0	501	547	
8	0	0	0	0	502	540	
9	0	0	0	0	504	540	
10	0	0	0	0	506	547	
11	0	0	0	0	512	554	
12	0	0	0	0	518	554	
13	0	0	0	0	525	550	
14	0	0	0	0	528	543	
15	0	0	0	0	531	539	
0	0	0	0	0	534	536	
1	0	0	0	0	535	532	
2	0	0	0	0	535	531	
3	0	0	0	0	534	535	
4	0	0	0	0	535	536	
5	0	0	0	0	534	538	
6	0	0	0	0	533	541	
7	0	0	0	0	534	543	
8	0	0	0	0	534	541	
9	0	0	0	0	533	534	
10	0	0	0	0	534	532	
11	0	0	0	0	534	532	
12	0	0	0	0	533	534	
13	0	0	0	0	531	535	
14	0	0	0	0	528	538	
15	0	0	0	0	529	540	
0	0	0	0	0	524	542	
1	0	0	0	0	516	542	
2	0	0	0	0	505	539	
3	0	0	0	0	495	535	
4	0	0	0	0	489	533	
5	0	0	0	0	492	531	
6	0	0	0	0	496	529	
7	0	0	0	0	505	528	
8	0	0	0	0	513	528	
9	0	0	0	0	520	528	
10	0	0	0	0	525	529	
11	0	0	0	0	530	529	
12	0	0	0	0	531	529	
13	0	0	0	0	528	529	
14	0	0	0	0	521	529	
15	0	0	0	0	515	527	
0	0	0	0	0	513	529	
1	0	0	0	0	512	527	
2	0	0	0	0	512	525	
3	0	0	0	0	510	523	
4	0	0	0	0	506	517	
5	0	0	0	0	506	512	
6	0	0	0	0	503	508	
7	0	0	0	0	499	502	
8	0	0	0	0	493	496	
9	0	0	0	0	483	490	
10	0	0	0	0	476	495	
11	0	0	0	0	468	505	
12	0	0	0	0	461	516	
13	0	0	0	0	454	523	
14	0	0	0	0	449	525	
15	0	0	0	0	448	522	
0	0	0	0	0	442	510	
1	0	0	0	0	436	494	
2	0	0	0	0	436	481	
3	0	0	0	0	443	474	
4	0	0	0	0	453	469	
5	0	0	0	0	466	467	
6	0	0	0	0	480	466	
7	0	0	0	0	493	467	
8	0	0	0	0	505	469	
9	0	0	0	0	514	474	
10	0	0	0	0	522	485	
11	0	0	0	0	526	496	
12	0	0	0	0	524	509	
13	0	0	0	0	520	520	
14	0	0	0	0	515	529	
15	0	0	0	0	505	538	
0	0	0	0	0	493	544	
1	0	0	0	0	485	545	
2	0	0	0	0	480	543	
3	0	0	0	0	480	540	
4	0	0	0	0	481	534	
5	0	0	0	0	480	531	
6	0	0	0	0	480	532	
7	0	0	0	0	478	536	
8	0	0	0	0	477	536	
9	0	0	0	0	478	534	
10	0	0	0	0	478	529	
11	0	0	0	0	483	528	
12	0	0	0	0	486	528	
13	0	0	0	0	486	527	
14	0	0	0	0	487	524	
15	0	0	0	0	489	515	
0	0	0	0	0	489	507	
1	0	0	0	0	488	497	
2	0	0	0	0	487	486	
3	0	0	0	0	485	477	
4	0	0	0	0	486	469	
5	0	0	0	0	487	464	
6	0	0	0	0	491	463	
7	0	0	0	0	495	468	
8	0	0	0	0	500	480	
9	0	0	0	0	507	493	
10	0	0	0	0	512	500	
11	0	0	0	0	516	504	
12	0	0	0	0	524	506	
13	0	0	0	0	531	509	
14	0	0	0	0	537	509	
15	0	0	0	0	538	508	
0	0	0	0	0	540	506	
1	0	0	0	0	540	504	
2	0	0	0	0	536	501	
3	0	0	0	0	533	499	
4	0	0	0	0	536	497	
5	0	0	0	0	542	499	
6	0	0	0	0	547	503	
7	0	0	0	0	550	508	
8	0	0	0	0	551	513	
9	0	0	0	0	545	519	
10	0	0	0	0	540	525	
11	0	0	0	0	533	527	
12	0	0	0	0	524	525	
13	0	0	0	0	517	524	
14	0	0	0	0	509	523	
15	0	0	0	0	500	521	
0	0	0	0	0	490	515	
1	0	0	0	0	480	509	
2	0	0	0	0	474	500	
3	0	0	0	0	470	490	
4	0	0	0	0	470	485	
5	0	0	0	0	473	484	
6	0	0	0	0	472	488	
7	0	0	0	0	473	491	
8	0	0	0	0	476	492	
9	0	0	0	0	479	491	
10	0	0	0	0	480	489	
11	0	0	0	0	486	489	
12	0	0	0	0	490	489	
13	0	0	0	0	492	490	
14	0	0	0	0	492	483	
15	0	0	0	0	496	473	
0	0	0	0	0	505	466	
1	0	0	0	0	517	465	
2	0	0	0	0	527	467	
3	0	0	0	0	538	473	
4	0	0	0	0	545	481	
5	0	0	0	0	551	493	
6	0	0	0	0	555	502	
7	0	0	0	0	555	506	
8	0	0	0	0	555	508	
9	0	0	0	0	548	505	
10	0	0	0	0	543	505	
11	0	0	0	0	538	504	
12	0	0	0	0	532	503	
13	0	0	0	0	527	506	
14	0	0	0	0	521	508	
15	0	0	0	0	517	516	
0	0	0	0	0	515	523	
1	0	0	0	0	513	529	
2	0	0	0	0	512	532	
3	0	0	0	0	514	535	
4	0	0	0	0	512	536	
5	0	0	0	0	509	538	
6	0	0	0	0	504	540	
7	0	0	0	0	498	540	
8	0	0	0	0	497	541	
9	0	0	0	0	499	543	
10	0	0	0	0	505	547	
11	0	0	0	0	514	554	
12	0	0	0	0	523	561	
13	0	0	0	0	530	564	
14	0	0	0	0	539	562	
15	0	0	0	0	548	554	
0	0	0	0	0	556	543	
1	0	0	0	0	559	535	
2	0	0	0	0	559	530	
3	0	0	0	0	558	527	
4	0	0	0	0	553	521	
5	0	0	0	0	547	517	
6	0	0	0	0	539	513	
7	0	0	0	0	534	508	
8	0	0	0	0	526	504	
9	0	0	0	0	517	504	
10	0	0	0	0	516	500	
11	0	0	0	0	522	501	
12	0	0	0	0	531	503	
13	0	0	0	0	536	508	
14	0	0	0	0	538	517	
15	0	0	0	0	544	524	
0	0	0	0	0	545	527	
1	0	0	0	0	544	533	
2	0	0	0	0	546	536	
3	0	0	0	0	549	534	
4	0	0	0	0	550	530	
5	0	0	0	0	549	524	
6	0	0	0	0	548	518	
7	0	0	0	0	551	515	
8	0	0	0	0	553	515	
9	0	0	0	0	552	519	
10	0	0	0	0	553	524	
11	0	0	0	0	557	529	
12	0	0	0	0	564	528	
13	0	0	0	0	571	527	
14	0	0	0	0	574	527	
15	0	0	0	0	577	527	
0	0	0	0	0	577	525	
1	0	0	0	0	575	525	
2	0	0	0	0	571	522	
3	0	0	0	0	566	520	
4	0	0	0	0	561	518	
5	0	0	0	0	555	516	
6	0	0	0	0	551	517	
7	0	0	0	0	552	518	
8	0	0	0	0	556	518	
9	0	0	0	0	560	515	
10	0	0	0	0	560	511	
11	0	0	0	0	558	509	
12	0	0	0	0	553	508	
13	0	0	0	0	549	512	
14	0	0	0	0	545	514	
15	0	0	0	0	539	516	
0	0	0	0	0	528	519	
1	0	0	0	0	518	522	
2	0	0	0	0	510	524	
3	0	0	0	0	500	527	
4	0	0	0	0	495	529	
5	0	0	0	0	488	528	
6	0	0	0	0	483	527	
7	0	0	0	0	478	527	
8	0	0	0	0	480	533	
9	0	0	0	0	487	540	
10	0	0	0	0	496	538	
11	0	0	0	0	505	531	
12	0	0	0	0	515	525	
13	0	0	0	0	523	523	
14	0	0	0	0	531	523	
15	0	0	0	0	533	525	
0	0	0	0	0	534	524	
1	0	0	0	0	534	523	
2	0	0	0	0	536	520	
3	0	0	0	0	537	519	
4	0	0	0	0	535	519	
5	0	0	0	0	536	520	
6	0	0	0	0	536	521	
7	0	0	0	0	531	519	
8	0	0	0	0	529	517	
9	0	0	0	0	525	514	
10	0	0	0	0	519	513	
11	0	0	0	0	515	512	
12	0	0	0	0	513	511	
13	0	0	0	0	511	515	
14	0	0	0	0	507	517	
15	0	0	0	0	503	522	
0	0	0	0	0	498	529	
1	0	0	0	0	494	535	
2	0	0	0	0	493	544	
3	0	0	0	0	493	552	
4	0	0	0	0	490	559	
5	0	0	0	0	488	563	
6	0	0	0	0	484	567	
7	0	0	0	0	482	566	
8	0	0	0	0	480	563	
9	0	0	0	0	476	556	
10	0	0	0	0	473	553	
11	0	0	0	0	471	550	
12	0	0	0	0	472	551	
13	0	0	0	0	472	550	
14	0	0	0	0	472	543	
15	0	0	0	0	471	537	
0	0	0	0	0	466	529	
1	0	0	0	0	467	525	
2	0	0	0	0	467	525	
3	0	0	0	0	468	526	
4	0	0	0	0	469	527	
5	0	0	0	0	472	528	
6	0	0	0	0	477	530	
7	0	0	0	0	479	531	
8	0	0	0	0	483	531	
9	0	0	0	0	487	528	
10	0	0	0	0	492	522	
11	0	0	0	0	497	519	
12	0	0	0	0	501	516	
13	0	0	0	0	505	517	
14	0	0	0	0	509	522	
15	0	0	0	0	512	529	
0	0	0	0	0	516	535	
1	0	0	0	0	523	537	
2	0	0	0	0	526	536	
3	0	0	0	0	526	532	
4	0	0	0	0	527	527	
5	0	0	0	0	528	523	
6	0	0	0	0	531	516	
7	0	0	0	0	538	513	
8	0	0	0	0	548	512	
9	0	0	0	0	558	514	
10	0	0	0	0	569	517	
11	0	0	0	0	576	518	
12	0	0	0	0	582	518	
13	0	0	0	0	585	522	
14	0	0	0	0	586	525	
15	0	0	0	0	583	527	
0	0	0	0	0	575	528	
1	0	0	0	0	567	529	
2	0	0	0	0	566	532	
3	0	0	0	0	568	536	
4	0	0	0	0	572	540	
5	0	0	0	0	570	541	
6	0	0	0	0	568	537	
7	0	0	0	0	564	533	
8	0	0	0	0	561	529	
9	0	0	0	0	554	523	
10	0	0	0	0	551	518	
11	0	0	0	0	551	514	
12	0	0	0	0	550	511	
13	0	0	0	0	549	508	
14	0	0	0	0	550	509	
15	0	0	0	0	551	510	
0	0	0	0	0	552	508	
1	0	0	0	0	553	505	
2	0	0	0	0	550	505	
3	0	0	0	0	544	510	
4	0	0	0	0	538	516	
5	0	0	0	0	533	515	
6	0	0	0	0	534	512	
7	0	0	0	0	533	506	
8	0	0	0	0	532	506	
9	0	0	0	0	530	511	
10	0	0	0	0	529	519	
11	0	0	0	0	528	530	
12	0	0	0	0	530	539	
13	0	0	0	0	533	540	
14	0	0	0	0	532	536	
15	0	0	0	0	529	532	
0	0	0	0	0	526	533	
1	0	0	0	0	526	532	
2	0	0	0	0	525	531	
3	0	0	0	0	521	530	
4	0	0	0	0	516	528	
5	0	0	0	0	510	524	
6	0	0	0	0	504	519	
7	0	0	0	0	498	512	
8	0	0	0	0	494	506	
9	0	0	0	0	491	498	
10	0	0	0	0	489	492	
11	0	0	0	0	490	487	
12	0	0	0	0	491	483	
13	0	0	0	0	490	480	
14	0	0	0	0	490	477	
15	0	0	0	0	493	475	
0	0	0	0	0	500	469	
1	0	0	0	0	511	462	
2	0	0	0	0	521	455	
3	0	0	0	0	527	453	
4	0	0	0	0	533	457	
5	0	0	0	0	541	464	
6	0	0	0	0	551	479	
7	0	0	0	0	557	491	
8	0	0	0	0	560	498	
9	0	0	0	0	563	501	
10	0	0	0	0	561	501	
11	0	0	0	0	563	501	
12	0	0	0	0	561	500	
13	0	0	0	0	560	500	
14	0	0	0	0	561	501	
15	0	0	0	0	558	500	
0	0	0	0	0	555	497	
1	0	0	0	0	552	494	
2	0	0	0	0	551	492	
3	0	0	0	0	551	490	
4	0	0	0	0	550	492	
5	0	0	0	0	547	496	
6	0	0	0	0	541	500	
7	0	0	0	0	538	510	
8	0	0	0	0	534	519	
9	0	0	0	0	531	524	
10	0	0	0	0	530	526	
11	0	0	0	0	527	524	
12	0	0	0	0	524	523	
13	0	0	0	0	521	518	
14	0	0	0	0	518	516	
15	0	0	0	0	516	515	
0	0	0	0	0	514	512	
1	0	0	0	0	515	508	
2	0	0	0	0	514	507	
3	0	0	0	0	512	511	
4	0	0	0	0	510	515	
5	0	0	0	0	507	514	
6	0	0	0	0	504	511	
7	0	0	0	0	503	508	
8	0	0	0	0	505	498	
9	0	0	0	0	510	492	
10	0	0	0	0	513	487	
11	0	0	0	0	518	486	
12	0	0	0	0	526	487	
13	0	0	0	0	531	488	
14	0	0	0	0	535	492	
15	0	0	0	0	540	503	
0	0	0	0	0	544	513	
1	0	0	0	0	550	520	
2	0	0	0	0	551	525	
3	0	0	0	0	551	522	
4	0	0	0	0	552	518	
5	0	0	0	0	556	514	
6	0	0	0	0	556	511	
7	0	0	0	0	555	508	
8	0	0	0	0	553	507	
9	0	0	0	0	552	510	
10	0	0	0	0	553	519	
11	0	0	0	0	556	528	
12	0	0	0	0	557	538	
13	0	0	0	0	553	541	
14	0	0	0	0	551	535	
15	0	0	0	0	549	526	
0	0	0	0	0	547	519	
1	0	0	0	0	542	513	
2	0	0	0	0	538	507	
3	0	0	0	0	531	503	
4	0	0	0	0	523	495	
5	0	0	0	0	515	484	
6	0	0	0	0	507	476	
7	0	0	0	0	498	473	
8	0	0	0	0	490	473	
9	0	0	0	0	483	474	
10	0	0	0	0	477	478	
11	0	0	0	0	475	483	
12	0	0	0	0	473	490	
13	0	0	0	0	474	498	
14	0	0	0	0	478	507	
15	0	0	0	0	483	516	
0	0	0	0	0	487	520	
1	0	0	0	0	492	523	
2	0	0	0	0	493	522	
3	0	0	0	0	493	526	
4	0	0	0	0	492	526	
5	0	0	0	0	494	528	
6	0	0	0	0	496	531	
7	0	0	0	0	497	531	
8	0	0	0	0	501	529	
9	0	0	0	0	505	527	
10	0	0	0	0	509	525	
11	0	0	0	0	511	519	
12	0	0	0	0	514	510	
13	0	0	0	0	515	499	
14	0	0	0	0	517	492	
15	0	0	0	0	519	486	
0	0	0	0	0	518	486	
1	0	0	0	0	521	488	
2	0	0	0	0	523	495	
3	0	0	0	0	524	500	
4	0	0	0	0	523	506	
5	0	0	0	0	525	509	
6	0	0	0	0	519	509	
7	0	0	0	0	509	505	
8	0	0	0	0	501	500	
9	0	0	0	0	492	496	
10	0	0	0	0	484	489	
11	0	0	0	0	479	481	
12	0	0	0	0	478	476	
13	0	0	0	0	479	476	
14	0	0	0	0	478	481	
15	0	0	0	0	480	492	
0	0	0	0	0	483	502	
1	0	0	0	0	487	514	
2	0	0	0	0	491	521	
3	0	0	0	0	496	519	
4	0	0	0	0	498	510	
5	0	0	0	0	502	500	
6	0	0	0	0	505	485	
7	0	0	0	0	507	471	
8	0	0	0	0	510	457	
9	0	0	0	0	514	448	
10	0	0	0	0	521	438	
11	0	0	0	0	526	430	
12	0	0	0	0	526	425	
13	0	0	0	0	527	422	
14	0	0	0	0	528	423	
15	0	0	0	0	526	428	
0	0	0	0	0	518	430	
1	0	0	0	0	507	441	
2	0	0	0	0	497	451	
3	0	0	0	0	486	466	
4	0	0	0	0	473	479	
5	0	0	0	0	457	495	
6	0	0	0	0	443	510	
7	0	0	0	0	431	521	
8	0	0	0	0	426	534	
9	0	0	0	0	423	547	
10	0	0	0	0	422	563	
11	0	0	0	0	423	579	
12	0	0	0	0	424	599	
13	0	0	0	0	427	611	
14	0	0	0	0	424	623	
15	0	0	0	0	420	628	
0	0	0	0	0	414	632	
1	0	0	0	0	408	641	
2	0	0	0	0	405	643	
3	0	0	0	0	403	647	
4	0	0	0	0	402	649	
5	0	0	0	0	407	648	
6	0	0	0	0	415	647	
7	0	0	0	0	425	648	
8	0	0	0	0	440	649	
9	0	0	0	0	451	651	
10	0	0	0	0	460	647	
11	0	0	0	0	463	649	
12	0	0	0	0	461	650	
13	0	0	0	0	455	648	
14	0	0	0	0	448	647	
15	0	0	0	0	442	644	
0	0	0	0	0	432	642	
1	0	0	0	0	427	643	
2	0	0	0	0	420	643	
3	0	0	0	0	413	645	
4	0	0	0	0	408	650	
5	0	0	0	0	407	655	
6	0	0	0	0	408	663	
7	0	0	0	0	409	660	
8	0	0	0	0	414	663	
9	0	0	0	0	419	666	
10	0	0	0	0	425	669	
11	0	0	0	0	432	677	
12	0	0	0	0	437	678	
13	0	0	0	0	438	685	
14	0	0	0	0	437	702	
15	0	0	0	0	433	716	
0	0	0	0	0	424	729	
1	0	0	0	0	421	731	
2	0	0	0	0	422	732	
3	0	0	0	0	425	729	
4	0	0	0	0	429	728	
5	0	0	0	0	433	728	
6	0	0	0	0	438	728	
7	0	0	0	0	438	729	
8	0	0	0	0	433	728	
9	0	0	0	0	428	728	
10	0	0	0	0	421	728	
11	0	0	0	0	415	731	
12	0	0	0	0	411	732	
13	0	0	0	0	406	731	
14	0	0	0	0	404	728	
15	0	0	0	0	404	721	
0	0	0	0	0	406	713	
1	0	0	0	0	408	710	
2	0	0	0	0	411	708	
3	0	0	0	0	415	705	
4	0	0	0	0	420	699	
5	0	0	0	0	423	692	
6	0	0	0	0	423	687	
7	0	0	0	0	420	685	
8	0	0	0	0	420	683	
9	0	0	0	0	422	684	
10	0	0	0	0	423	683	
11	0	0	0	0	423	685	
12	0	0	0	0	425	693	
13	0	0	0	0	428	693	
14	0	0	0	0	431	692	
15	0	0	0	0	433	693	
0	0	0	0	0	435	692	
1	0	0	0	0	440	690	
2	0	0	0	0	443	686	
3	0	0	0	0	448	680	
4	0	0	0	0	450	675	
5	0	0	0	0	452	667	
6	0	0	0	0	455	659	
7	0	0	0	0	457	657	
8	0	0	0	0	461	648	
9	0	0	0	0	466	647	
10	0	0	0	0	469	647	
11	0	0	0	0	468	647	
12	0	0	0	0	466	644	
13	0	0	0	0	461	642	
14	0	0	0	0	453	635	
15	0	0	0	0	448	630	
0	0	0	0	0	445	625	
1	0	0	0	0	446	622	
2	0	0	0	0	444	620	
3	0	0	0	0	439	618	
4	0	0	0	0	435	616	
5	0	0	0	0	431	615	
6	0	0	0	0	431	615	
7	0	0	0	0	433	613	
8	0	0	0	0	438	607	
9	0	0	0	0	444	599	
10	0	0	0	0	450	592	
11	0	0	0	0	455	586	
12	0	0	0	0	462	581	
13	0	0	0	0	467	580	
14	0	0	0	0	470	575	
15	0	0	0	0	472	572	
0	0	0	0	0	472	573	
1	0	0	0	0	471	572	
2	0	0	0	0	468	569	
3	0	0	0	0	465	567	
4	0	0	0	0	461	563	
5	0	0	0	0	460	562	
6	0	0	0	0	462	560	
7	0	0	0	0	462	557	
8	0	0	0	0	457	556	
9	0	0	0	0	452	556	
10	0	0	0	0	448	562	
11	0	0	0	0	444	564	
12	0	0	0	0	439	571	
13	0	0	0	0	431	577	
14	0	0	0	0	427	583	
15	0	0	0	0	425	588	
0	0	0	0	0	423	585	
1	0	0	0	0	420	588	
2	0	0	0	0	421	591	
3	0	0	0	0	425	592	
4	0	0	0	0	431	596	
5	0	0	0	0	435	600	
6	0	0	0	0	442	605	
7	0	0	0	0	446	610	
8	0	0	0	0	452	617	
9	0	0	0	0	459	627	
10	0	0	0	0	463	632	
11	0	0	0	0	467	622	
12	0	0	0	0	474	607	
13	0	0	0	0	478	593	
14	0	0	0	0	478	585	
15	0	0	0	0	477	584	
0	0	0	0	0	475	579	
1	0	0	0	0	472	575	
2	0	0	0	0	464	572	
3	0	0	0	0	457	568	
4	0	0	0	0	447	562	
5	0	0	0	0	438	555	
6	0	0	0	0	431	551	
7	0	0	0	0	428	553	
8	0	0	0	0	429	558	
9	0	0	0	0	431	565	
10	0	0	0	0	431	569	
11	0	0	0	0	435	571	
12	0	0	0	0	437	569	
13	0	0	0	0	439	565	
14	0	0	0	0	440	561	
15	0	0	0	0	443	558	
0	0	0	0	0	450	557	
1	0	0	0	0	458	559	
2	0	0	0	0	465	563	
3	0	0	0	0	475	568	
4	0	0	0	0	481	578	
5	0	0	0	0	487	588	
6	0	0	0	0	491	597	
7	0	0	0	0	491	604	
8	0	0	0	0	489	610	
9	0	0	0	0	486	617	
10	0	0	0	0	483	624	
11	0	0	0	0	483	623	
12	0	0	0	0	485	620	
13	0	0	0	0	488	612	
14	0	0	0	0	489	603	
15	0	0	0	0	489	594	
0	0	0	0	0	494	585	
1	0	0	0	0	499	574	
2	0	0	0	0	507	563	
3	0	0	0	0	512	558	
4	0	0	0	0	515	556	
5	0	0	0	0	518	557	
6	0	0	0	0	519	555	
7	0	0	0	0	516	555	
8	0	0	0	0	509	552	
9	0	0	0	0	503	547	
10	0	0	0	0	501	543	
11	0	0	0	0	501	540	
12	0	0	0	0	501	541	
13	0	0	0	0	504	542	
14	0	0	0	0	507	545	
15	0	0	0	0	510	551	
0	0	0	0	0	511	556	
1	0	0	0	0	512	559	
2	0	0	0	0	515	561	
3	0	0	0	0	519	563	
4	0	0	0	0	521	563	
5	0	0	0	0	520	560	
6	0	0	0	0	518	560	
7	0	0	0	0	518	560	
8	0	0	0	0	523	559	
9	0	0	0	0	524	556	
10	0	0	0	0	526	551	
11	0	0	0	0	525	545	
12	0	0	0	0	524	536	
13	0	0	0	0	522	531	
14	0	0	0	0	520	529	
15	0	0	0	0	515	526	
0	0	0	0	0	509	524	
1	0	0	0	0	506	519	
2	0	0	0	0	504	512	
3	0	0	0	0	505	504	
4	0	0	0	0	502	495	
5	0	0	0	0	501	484	
6	0	0	0	0	500	474	
7	0	0	0	0	501	467	
8	0	0	0	0	502	462	
9	0	0	0	0	502	462	
10	0	0	0	0	503	464	
11	0	0	0	0	504	472	
12	0	0	0	0	503	480	
13	0	0	0	0	503	486	
14	0	0	0	0	505	487	
15	0	0	0	0	511	484	
0	0	0	0	0	515	479	
1	0	0	0	0	519	474	
2	0	0	0	0	526	475	
3	0	0	0	0	532	476	
4	0	0	0	0	539	476	
5	0	0	0	0	542	473	
6	0	0	0	0	543	473	
7	0	0	0	0	540	470	
8	0	0	0	0	538	463	
9	0	0	0	0	537	455	
10	0	0	0	0	533	444	
11	0	0	0	0	529	433	
12	0	0	0	0	523	425	
13	0	0	0	0	516	418	
14	0	0	0	0	504	410	
15	0	0	0	0	494	402	
0	0	0	0	0	492	395	
1	0	0	0	0	495	387	
2	0	0	0	0	501	386	
3	0	0	0	0	509	390	
4	0	0	0	0	516	396	
5	0	0	0	0	523	404	
6	0	0	0	0	527	414	
7	0	0	0	0	531	423	
8	0	0	0	0	529	436	
9	0	0	0	0	530	448	
10	0	0	0	0	533	459	
11	0	0	0	0	536	473	
12	0	0	0	0	537	484	
13	0	0	0	0	536	492	
14	0	0	0	0	535	500	
15	0	0	0	0	534	505	
0	0	0	0	0	528	511	
1	0	0	0	0	523	512	
2	0	0	0	0	519	511	
3	0	0	0	0	515	516	
4	0	0	0	0	512	523	
5	0	0	0	0	512	527	
6	0	0	0	0	516	527	
7	0	0	0	0	519	524	
8	0	0	0	0	519	524	
9	0	0	0	0	521	526	
10	0	0	0	0	519	530	
11	0	0	0	0	519	537	
12	0	0	0	0	523	543	
13	0	0	0	0	523	548	
14	0	0	0	0	525	556	
15	0	0	0	0	530	559	
0	0	0	0	0	535	554	
1	0	0	0	0	542	548	
2	0	0	0	0	549	542	
3	0	0	0	0	553	540	
4	0	0	0	0	559	543	
5	0	0	0	0	563	546	
6	0	0	0	0	564	547	
7	0	0	0	0	566	551	
8	0	0	0	0	565	554	
9	0	0	0	0	566	553	
10	0	0	0	0	564	547	
11	0	0	0	0	562	534	
12	0	0	0	0	561	521	
13	0	0	0	0	562	513	
14	0	0	0	0	568	507	
15	0	0	0	0	572	505	
0	0	0	0	0	577	504	
1	0	0	0	0	581	507	
2	0	0	0	0	584	511	
3	0	0	0	0	586	512	
4	0	0	0	0	587	512	
5	0	0	0	0	588	506	
6	0	0	0	0	585	502	
7	0	0	0	0	580	500	
8	0	0	0	0	570	500	
9	0	0	0	0	559	501	
10	0	0	0	0	551	503	
11	0	0	0	0	546	509	
12	0	0	0	0	538	518	
13	0	0	0	0	531	523	
14	0	0	0	0	525	526	
15	0	0	0	0	518	526	
0	0	0	0	0	508	519	
1	0	0	0	0	501	512	
2	0	0	0	0	498	506	
3	0	0	0	0	497	505	
4	0	0	0	0	496	508	
5	0	0	0	0	495	509	
6	0	0	0	0	494	507	
7	0	0	0	0	489	504	
8	0	0	0	0	481	498	
9	0	0	0	0	475	488	
10	0	0	0	0	470	480	
11	0	0	0	0	467	476	
12	0	0	0	0	463	475	
13	0	0	0	0	463	473	
14	0	0	0	0	465	472	
15	0	0	0	0	472	475	
0	0	0	0	0	484	482	
1	0	0	0	0	494	489	
2	0	0	0	0	503	494	
3	0	0	0	0	510	495	
4	0	0	0	0	513	494	
5	0	0	0	0	512	491	
6	0	0	0	0	508	488	
7	0	0	0	0	504	481	
8	0	0	0	0	500	475	
9	0	0	0	0	492	467	
10	0	0	0	0	483	464	
11	0	0	0	0	471	464	
12	0	0	0	0	458	460	
13	0	0	0	0	446	456	
14	0	0	0	0	435	449	
15	0	0	0	0	423	441	
0	0	0	0	0	413	435	
1	0	0	0	0	405	433	
2	0	0	0	0	398	437	
3	0	0	0	0	394	444	
4	0	0	0	0	395	447	
5	0	0	0	0	398	451	
6	0	0	0	0	405	456	
7	0	0	0	0	409	463	
8	0	0	0	0	412	473	
9	0	0	0	0	411	482	
10	0	0	0	0	412	487	
11	0	0	0	0	412	486	
12	0	0	0	0	414	479	
13	0	0	0	0	417	466	
14	0	0	0	0	419	457	
15	0	0	0	0	417	451	
0	0	0	0	0	416	452	
1	0	0	0	0	419	455	
2	0	0	0	0	422	457	
3	0	0	0	0	425	461	
4	0	0	0	0	424	463	
5	0	0	0	0	420	464	
6	0	0	0	0	419	462	
7	0	0	0	0	420	460	
8	0	0	0	0	416	456	
9	0	0	0	0	410	452	
10	0	0	0	0	403	446	
11	0	0	0	0	398	443	
12	0	0	0	0	391	439	
13	0	0	0	0	384	436	
14	0	0	0	0	379	440	
15	0	0	0	0	373	442	
0	0	0	0	0	368	440	
1	0	0	0	0	362	440	
2	0	0	0	0	361	440	
3	0	0	0	0	363	449	
4	0	0	0	0	365	460	
5	0	0	0	0	367	466	
6	0	0	0	0	367	470	
7	0	0	0	0	361	472	
8	0	0	0	0	355	470	
9	0	0	0	0	348	465	
10	0	0	0	0	344	460	
11	0	0	0	0	340	459	
12	0	0	0	0	344	457	
13	0	0	0	0	350	455	
14	0	0	0	0	352	456	
15	0	0	0	0	358	460	
0	0	0	0	0	363	467	
1	0	0	0	0	368	472	
2	0	0	0	0	375	479	
3	0	0	0	0	380	482	
4	0	0	0	0	383	488	
5	0	0	0	0	383	494	
6	0	0	0	0	375	494	
7	0	0	0	0	364	489	
8	0	0	0	0	354	487	
9	0	0	0	0	347	483	
10	0	0	0	0	345	481	
11	0	0	0	0	345	477	
12	0	0	0	0	345	470	
13	0	0	0	0	345	461	
14	0	0	0	0	347	451	
15	0	0	0	0	349	448	
0	0	0	0	0	350	455	
1	0	0	0	0	351	462	
2	0	0	0	0	351	471	
3	0	0	0	0	353	476	
4	0	0	0	0	355	478	
5	0	0	0	0	356	484	
6	0	0	0	0	358	484	
7	0	0	0	0	364	486	
8	0	0	0	0	365	485	
9	0	0	0	0	362	480	
10	0	0	0	0	357	470	
11	0	0	0	0	351	462	
12	0	0	0	0	347	458	
13	0	0	0	0	342	461	
14	0	0	0	0	341	472	
15	0	0	0	0	338	481	
0	0	0	0	0	334	489	
1	0	0	0	0	331	497	
2	0	0	0	0	330	504	
3	0	0	0	0	326	510	
4	0	0	0	0	322	514	
5	0	0	0	0	317	515	
6	0	0	0	0	318	517	
7	0	0	0	0	317	509	
8	0	0	0	0	319	507	
9	0	0	0	0	321	506	
10	0	0	0	0	323	503	
11	0	0	0	0	327	499	
12	0	0	0	0	329	496	
13	0	0	0	0	330	493	
14	0	0	0	0	328	496	
15	0	0	0	0	327	507	
0	0	0	0	0	328	518	
1	0	0	0	0	327	529	
2	0	0	0	0	327	529	
3	0	0	0	0	327	532	
4	0	0	0	0	328	534	
5	0	0	0	0	334	530	
6	0	0	0	0	346	523	
7	0	0	0	0	357	524	
8	0	0	0	0	363	520	
9	0	0	0	0	364	521	
10	0	0	0	0	367	512	
11	0	0	0	0	366	502	
12	0	0	0	0	367	495	
13	0	0	0	0	371	494	
14	0	0	0	0	376	496	
15	0	0	0	0	383	499	
0	0	0	0	0	386	500	
1	0	0	0	0	391	501	
2	0	0	0	0	397	497	
3	0	0	0	0	399	494	
4	0	0	0	0	404	493	
5	0	0	0	0	408	495	
6	0	0	0	0	412	499	
7	0	0	0	0	414	503	
8	0	0	0	0	411	509	
9	0	0	0	0	410	514	
10	0	0	0	0	411	517	
11	0	0	0	0	410	513	
12	0	0	0	0	411	508	
13	0	0	0	0	409	498	
14	0	0	0	0	408	493	
15	0	0	0	0	408	498	
0	0	0	0	0	408	499	
1	0	0	0	0	411	504	
2	0	0	0	0	415	509	
3	0	0	0	0	420	512	
4	0	0	0	0	427	513	
5	0	0	0	0	436	515	
6	0	0	0	0	445	512	
7	0	0	0	0	455	507	
8	0	0	0	0	465	501	
9	0	0	0	0	472	495	
10	0	0	0	0	478	490	
11	0	0	0	0	481	487	
12	0	0	0	0	484	487	
13	0	0	0	0	490	488	
14	0	0	0	0	492	489	
15	0	0	0	0	496	492	
0	0	0	0	0	499	491	
1	0	0	0	0	496	487	
2	0	0	0	0	490	480	
3	0	0	0	0	489	477	
4	0	0	0	0	489	476	
5	0	0	0	0	493	477	
6	0	0	0	0	491	479	
7	0	0	0	0	491	478	
8	0	0	0	0	490	476	
9	0	0	0	0	491	475	
10	0	0	0	0	494	470	
11	0	0	0	0	501	465	
12	0	0	0	0	505	463	
13	0	0	0	0	510	456	
14	0	0	0	0	515	451	
15	0	0	0	0	519	448	
0	0	0	0	0	525	446	
1	0	0	0	0	528	444	
2	0	0	0	0	529	435	
3	0	0	0	0	530	432	
4	0	0	0	0	531	433	
5	0	0	0	0	531	436	
6	0	0	0	0	533	440	
7	0	0	0	0	529	447	
8	0	0	0	0	528	451	
9	0	0	0	0	526	460	
10	0	0	0	0	526	472	
11	0	0	0	0	526	480	
12	0	0	0	0	529	484	
13	0	0	0	0	527	487	
14	0	0	0	0	526	488	
15	0	0	0	0	521	484	
0	0	0	0	0	515	479	
1	0	0	0	0	505	480	
2	0	0	0	0	493	479	
3	0	0	0	0	483	474	
4	0	0	0	0	473	465	
5	0	0	0	0	464	456	
6	0	0	0	0	459	447	
7	0	0	0	0	457	441	
8	0	0	0	0	458	435	
9	0	0	0	0	460	431	
10	0	0	0	0	464	428	
11	0	0	0	0	467	431	
12	0	0	0	0	471	435	
13	0	0	0	0	475	440	
14	0	0	0	0	479	447	
15	0	0	0	0	479	451	
0	0	0	0	0	476	452	
1	0	0	0	0	470	449	
2	0	0	0	0	462	446	
3	0	0	0	0	456	444	
4	0	0	0	0	451	441	
5	0	0	0	0	450	444	
6	0	0	0	0	449	451	
7	0	0	0	0	449	460	
8	0	0	0	0	451	467	
9	0	0	0	0	452	477	
10	0	0	0	0	455	491	
11	0	0	0	0	464	502	
12	0	0	0	0	472	507	
13	0	0	0	0	480	508	
14	0	0	0	0	483	508	
15	0	0	0	0	484	507	
0	0	0	0	0	488	508	
1	0	0	0	0	488	507	
2	0	0	0	0	487	505	
3	0	0	0	0	480	498	
4	0	0	0	0	474	488	
5	0	0	0	0	467	481	
6	0	0	0	0	460	472	
7	0	0	0	0	455	463	
8	0	0	0	0	455	455	
9	0	0	0	0	457	448	
10	0	0	0	0	463	444	
11	0	0	0	0	467	440	
12	0	0	0	0	467	439	
13	0	0	0	0	470	439	
14	0	0	0	0	469	438	
15	0	0	0	0	468	435	
0	0	0	0	0	467	432	
1	0	0	0	0	465	434	
2	0	0	0	0	468	439	
3	0	0	0	0	465	445	
4	0	0	0	0	463	448	
5	0	0	0	0	461	454	
6	0	0	0	0	460	457	
7	0	0	0	0	462	461	
8	0	0	0	0	463	467	
9	0	0	0	0	462	475	
10	0	0	0	0	459	487	
11	0	0	0	0	458	499	
12	0	0	0	0	460	508	
13	0	0	0	0	462	515	
14	0	0	0	0	467	521	
15	0	0	0	0	476	530	
0	0	0	0	0	487	537	
1	0	0	0	0	494	536	
2	0	0	0	0	498	527	
3	0	0	0	0	504	513	
4	0	0	0	0	507	499	
5	0	0	0	0	504	491	
6	0	0	0	0	503	483	
7	0	0	0	0	505	479	
8	0	0	0	0	506	480	
9	0	0	0	0	505	480	
10	0	0	0	0	508	481	
11	0	0	0	0	509	483	
12	0	0	0	0	506	487	
13	0	0	0	0	501	487	
14	0	0	0	0	496	487	
15	0	0	0	0	495	486	
0	0	0	0	0	499	485	
1	0	0	0	0	501	484	
2	0	0	0	0	505	480	
3	0	0	0	0	508	476	
4	0	0	0	0	513	475	
5	0	0	0	0	520	480	
6	0	0	0	0	527	488	
7	0	0	0	0	531	495	
8	0	0	0	0	532	499	
9	0	0	0	0	531	502	
10	0	0	0	0	533	501	
11	0	0	0	0	536	497	
12	0	0	0	0	541	491	
13	0	0	0	0	546	483	
14	0	0	0	0	549	476	
15	0	0	0	0	551	472	
0	0	0	0	0	550	470	
1	0	0	0	0	545	468	
2	0	0	0	0	537	468	
3	0	0	0	0	529	465	
4	0	0	0	0	519	465	
5	0	0	0	0	507	463	
6	0	0	0	0	497	463	
7	0	0	0	0	487	465	
8	0	0	0	0	478	467	
9	0	0	0	0	475	467	
10	0	0	0	0	473	464	
11	0	0	0	0	475	463	
12	0	0	0	0	476	466	
13	0	0	0	0	479	470	
14	0	0	0	0	480	473	
15	0	0	0	0	479	477	
0	0	0	0	0	475	481	
1	0	0	0	0	474	487	
2	0	0	0	0	473	493	
3	0	0	0	0	472	495	
4	0	0	0	0	470	499	
5	0	0	0	0	472	507	
6	0	0	0	0	477	513	
7	0	0	0	0	481	518	
8	0	0	0	0	485	518	
9	0	0	0	0	490	512	
10	0	0	0	0	492	503	
11	0	0	0	0	495	495	
12	0	0	0	0	498	485	
13	0	0	0	0	504	478	
14	0	0	0	0	507	472	
15	0	0	0	0	507	464	
0	0	0	0	0	505	458	
1	0	0	0	0	504	459	
2	0	0	0	0	503	459	
3	0	0	0	0	499	460	
4	0	0	0	0	493	463	
5	0	0	0	0	486	466	
6	0	0	0	0	480	472	
7	0	0	0	0	476	476	
8	0	0	0	0	479	479	
9	0	0	0	0	480	485	
10	0	0	0	0	481	486	
11	0	0	0	0	480	488	
12	0	0	0	0	477	489	
13	0	0	0	0	473	489	
14	0	0	0	0	472	488	
15	0	0	0	0	473	484	
0	0	0	0	0	477	481	
1	0	0	0	0	477	475	
2	0	0	0	0	476	467	
3	0	0	0	0	474	457	
4	0	0	0	0	472	447	
5	0	0	0	0	473	441	
6	0	0	0	0	473	441	
7	0	0	0	0	473	443	
8	0	0	0	0	477	449	
9	0	0	0	0	483	454	
10	0	0	0	0	485	457	
11	0	0	0	0	486	459	
12	0	0	0	0	488	461	
13	0	0	0	0	489	462	
14	0	0	0	0	491	464	
15	0	0	0	0	495	466	
0	0	0	0	0	499	466	
1	0	0	0	0	502	473	
2	0	0	0	0	499	482	
3	0	0	0	0	495	491	
4	0	0	0	0	495	499	
5	0	0	0	0	492	505	
6	0	0	0	0	485	511	
7	0	0	0	0	479	515	
8	0	0	0	0	472	518	
9	0	0	0	0	469	523	
10	0	0	0	0	470	531	
11	0	0	0	0	475	545	
12	0	0	0	0	480	559	
13	0	0	0	0	486	570	
14	0	0	0	0	491	577	
15	0	0	0	0	492	577	
0	0	0	0	0	495	577	
1	0	0	0	0	496	572	
2	0	0	0	0	498	556	
3	0	0	0	0	499	535	
4	0	0	0	0	499	515	
5	0	0	0	0	503	498	
6	0	0	0	0	505	483	
7	0	0	0	0	508	472	
8	0	0	0	0	510	465	
9	0	0	0	0	510	459	
10	0	0	0	0	508	451	
11	0	0	0	0	508	445	
12	0	0	0	0	508	439	
13	0	0	0	0	510	435	
14	0	0	0	0	515	433	
15	0	0	0	0	520	437	
0	0	0	0	0	527	441	
1	0	0	0	0	534	445	
2	0	0	0	0	540	451	
3	0	0	0	0	546	458	
4	0	0	0	0	551	464	
5	0	0	0	0	553	474	
6	0	0	0	0	556	482	
7	0	0	0	0	556	490	
8	0	0	0	0	551	499	
9	0	0	0	0	542	513	
10	0	0	0	0	535	526	
11	0	0	0	0	527	536	
12	0	0	0	0	520	541	
13	0	0	0	0	515	546	
14	0	0	0	0	513	551	
15	0	0	0	0	512	554	
0	0	0	0	0	515	555	
1	0	0	0	0	513	553	
2	0	0	0	0	511	551	
3	0	0	0	0	512	549	
4	0	0	0	0	514	545	
5	0	0	0	0	514	545	
6	0	0	0	0	514	544	
7	0	0	0	0	516	537	
8	0	0	0	0	518	532	
9	0	0	0	0	524	532	
10	0	0	0	0	532	531	
11	0	0	0	0	543	527	
12	0	0	0	0	554	522	
13	0	0	0	0	564	514	
14	0	0	0	0	573	505	
15	0	0	0	0	578	496	
0	0	0	0	0	588	489	
1	0	0	0	0	595	481	
2	0	0	0	0	600	480	
3	0	0	0	0	606	480	
4	0	0	0	0	608	481	
5	0	0	0	0	607	480	
6	0	0	0	0	602	479	
7	0	0	0	0	595	479	
8	0	0	0	0	588	481	
9	0	0	0	0	578	481	
10	0	0	0	0	572	487	
11	0	0	0	0	569	492	
12	0	0	0	0	566	497	
13	0	0	0	0	561	500	
14	0	0	0	0	558	508	
15	0	0	0	0	555	518	
0	0	0	0	0	555	526	
1	0	0	0	0	555	537	
2	0	0	0	0	558	549	
3	0	0	0	0	559	557	
4	0	0	0	0	557	563	
5	0	0	0	0	552	564	
6	0	0	0	0	548	561	
7	0	0	0	0	544	553	
8	0	0	0	0	544	542	
9	0	0	0	0	543	532	
10	0	0	0	0	547	525	
11	0	0	0	0	554	517	
12	0	0	0	0	561	507	
13	0	0	0	0	566	498	
14	0	0	0	0	564	490	
15	0	0	0	0	562	480	
0	0	0	0	0	555	472	
1	0	0	0	0	551	468	
2	0	0	0	0	549	470	
3	0	0	0	0	550	475	
4	0	0	0	0	557	483	
5	0	0	0	0	562	493	
6	0	0	0	0	564	499	
7	0	0	0	0	565	504	
8	0	0	0	0	566	507	
9	0	0	0	0	567	508	
10	0	0	0	0	571	509	
11	0	0	0	0	576	511	
12	0	0	0	0	583	513	
13	0	0	0	0	588	517	
14	0	0	0	0	590	519	
15	0	0	0	0	590	521	
0	0	0	0	0	590	527	
1	0	0	0	0	590	530	
2	0	0	0	0	591	531	
3	0	0	0	0	588	529	
4	0	0	0	0	583	527	
5	0	0	0	0	580	523	
6	0	0	0	0	582	518	
7	0	0	0	0	582	517	
8	0	0	0	0	583	515	
9	0	0	0	0	581	513	
10	0	0	0	0	579	510	
11	0	0	0	0	578	509	
12	0	0	0	0	577	507	
13	0	0	0	0	577	503	
14	0	0	0	0	577	502	
15	0	0	0	0	580	497	
0	0	0	0	0	579	492	
1	0	0	0	0	578	487	
2	0	0	0	0	575	480	
3	0	0	0	0	570	476	
4	0	0	0	0	564	483	
5	0	0	0	0	561	493	
6	0	0	0	0	561	506	
7	0	0	0	0	561	516	
8	0	0	0	0	563	520	
9	0	0	0	0	563	519	
10	0	0	0	0	561	515	
11	0	0	0	0	559	510	
12	0	0	0	0	556	500	
13	0	0	0	0	552	491	
14	0	0	0	0	547	481	
15	0	0	0	0	542	472	
0	0	0	0	0	540	465	
1	0	0	0	0	542	463	
2	0	0	0	0	546	464	
3	0	0	0	0	550	472	
4	0	0	0	0	559	477	
5	0	0	0	0	564	483	
6	0	0	0	0	568	487	
7	0	0	0	0	570	487	
8	0	0	0	0	571	485	
9	0	0	0	0	575	483	
10	0	0	0	0	579	484	
11	0	0	0	0	577	485	
12	0	0	0	0	575	486	
13	0	0	0	0	573	492	
14	0	0	0	0	573	499	
15	0	0	0	0	570	505	
0	0	0	0	0	564	510	
1	0	0	0	0	559	518	
2	0	0	0	0	557	526	
3	0	0	0	0	559	535	
4	0	0	0	0	560	543	
5	0	0	0	0	562	546	
6	0	0	0	0	560	543	
7	0	0	0	0	556	534	
8	0	0	0	0	547	524	
9	0	0	0	0	537	517	
10	0	0	0	0	530	514	
11	0	0	0	0	524	514	
12	0	0	0	0	519	514	
13	0	0	0	0	519	517	
14	0	0	0	0	523	523	
15	0	0	0	0	526	528	
0	0	0	0	0	528	531	
1	0	0	0	0	534	534	
2	0	0	0	0	539	536	
3	0	0	0	0	547	538	
4	0	0	0	0	554	539	
5	0	0	0	0	555	539	
6	0	0	0	0	555	542	
7	0	0	0	0	560	545	
8	0	0	0	0	564	542	
9	0	0	0	0	567	539	
10	0	0	0	0	568	536	
11	0	0	0	0	568	532	
12	0	0	0	0	572	528	
13	0	0	0	0	572	525	
14	0	0	0	0	571	519	
15	0	0	0	0	570	511	
0	0	0	0	0	571	505	
1	0	0	0	0	572	500	
2	0	0	0	0	574	492	
3	0	0	0	0	575	485	
4	0	0	0	0	571	479	
5	0	0	0	0	563	476	
6	0	0	0	0	560	475	
7	0	0	0	0	559	476	
8	0	0	0	0	564	478	
9	0	0	0	0	571	482	
10	0	0	0	0	575	487	
11	0	0	0	0	581	491	
12	0	0	0	0	583	496	
13	0	0	0	0	583	503	
14	0	0	0	0	583	509	
15	0	0	0	0	577	510	
0	0	0	0	0	571	510	
1	0	0	0	0	567	503	
2	0	0	0	0	561	496	
3	0	0	0	0	553	488	
4	0	0	0	0	545	477	
5	0	0	0	0	538	465	
6	0	0	0	0	534	455	
7	0	0	0	0	534	448	
8	0	0	0	0	536	448	
9	0	0	0	0	540	452	
10	0	0	0	0	541	456	
11	0	0	0	0	540	457	
12	0	0	0	0	535	452	
13	0	0	0	0	534	449	
14	0	0	0	0	533	443	
15	0	0	0	0	529	441	
0	0	0	0	0	531	443	
1	0	0	0	0	536	449	
2	0	0	0	0	543	462	
3	0	0	0	0	556	473	
4	0	0	0	0	568	477	
5	0	0	0	0	577	484	
6	0	0	0	0	583	485	
7	0	0	0	0	587	489	
8	0	0	0	0	591	488	
9	0	0	0	0	591	487	
10	0	0	0	0	589	486	
11	0	0	0	0	584	486	
12	0	0	0	0	579	483	
13	0	0	0	0	575	477	
14	0	0	0	0	568	469	
15	0	0	0	0	560	464	
0	0	0	0	0	556	466	
1	0	0	0	0	552	475	
2	0	0	0	0	548	481	
3	0	0	0	0	547	485	
4	0	0	0	0	550	487	
5	0	0	0	0	556	481	
6	0	0	0	0	561	474	
7	0	0	0	0	568	470	
8	0	0	0	0	576	469	
9	0	0	0	0	579	465	
10	0	0	0	0	581	458	
11	0	0	0	0	580	455	
12	0	0	0	0	577	455	
13	0	0	0	0	572	458	
14	0	0	0	0	567	464	
15	0	0	0	0	561	468	
0	0	0	0	0	554	471	
1	0	0	0	0	544	468	
2	0	0	0	0	536	469	
3	0	0	0	0	532	470	
4	0	0	0	0	531	468	
5	0	0	0	0	529	471	
6	0	0	0	0	525	471	
7	0	0	0	0	521	471	
8	0	0	0	0	519	476	
9	0	0	0	0	517	478	
10	0	0	0	0	518	478	
11	0	0	0	0	516	478	
12	0	0	0	0	516	476	
13	0	0	0	0	516	478	
14	0	0	0	0	514	475	
15	0	0	0	0	512	471	
0	0	0	0	0	507	465	
1	0	0	0	0	502	461	
2	0	0	0	0	497	457	
3	0	0	0	0	492	455	
4	0	0	0	0	489	457	
5	0	0	0	0	489	460	
6	0	0	0	0	491	467	
7	0	0	0	0	494	477	
8	0	0	0	0	494	487	
9	0	0	0	0	493	498	
10	0	0	0	0	491	508	
11	0	0	0	0	492	514	
12	0	0	0	0	499	519	
13	0	0	0	0	506	523	
14	0	0	0	0	515	525	
15	0	0	0	0	526	526	
0	0	0	0	0	538	522	
1	0	0	0	0	550	514	
2	0	0	0	0	559	504	
3	0	0	0	0	560	492	
4	0	0	0	0	560	480	
5	0	0	0	0	561	469	
6	0	0	0	0	560	456	
7	0	0	0	0	559	445	
8	0	0	0	0	560	438	
9	0	0	0	0	566	439	
10	0	0	0	0	573	444	
11	0	0	0	0	582	446	
12	0	0	0	0	592	452	
13	0	0	0	0	605	452	
14	0	0	0	0	620	451	
15	0	0	0	0	632	444	
0	0	0	0	0	639	428	
1	0	0	0	0	642	416	
2	0	0	0	0	644	405	
3	0	0	0	0	645	393	
4	0	0	0	0	644	385	
5	0	0	0	0	639	381	
6	0	0	0	0	633	389	
7	0	0	0	0	630	397	
8	0	0	0	0	627	400	
9	0	0	0	0	625	414	
10	0	0	0	0	624	423	
11	0	0	0	0	625	431	
12	0	0	0	0	627	435	
13	0	0	0	0	628	436	
14	0	0	0	0	634	438	
15	0	0	0	0	638	438	
0	0	0	0	0	638	436	
1	0	0	0	0	638	444	
2	0	0	0	0	635	448	
3	0	0	0	0	632	448	
4	0	0	0	0	631	448	
5	0	0	0	0	628	447	
6	0	0	0	0	627	451	
7	0	0	0	0	631	451	
8	0	0	0	0	635	448	
9	0	0	0	0	639	440	
10	0	0	0	0	643	428	
11	0	0	0	0	648	418	
12	0	0	0	0	649	405	
13	0	0	0	0	648	391	
14	0	0	0	0	646	389	
15	0	0	0	0	641	384	
0	0	0	0	0	637	380	
1	0	0	0	0	633	380	
2	0	0	0	0	631	377	
3	0	0	0	0	633	377	
4	0	0	0	0	639	376	
5	0	0	0	0	647	372	
6	0	0	0	0	657	378	
7	0	0	0	0	669	376	
8	0	0	0	0	681	377	
9	0	0	0	0	693	375	
10	0	0	0	0	699	371	
11	0	0	0	0	703	370	
12	0	0	0	0	707	369	
13	0	0	0	0	704	366	
14	0	0	0	0	704	376	
15	0	0	0	0	705	385	
0	0	0	0	0	704	393	
1	0	0	0	0	703	415	
2	0	0	0	0	699	437	
3	0	0	0	0	691	456	
4	0	0	0	0	681	471	
5	0	0	0	0	674	485	
6	0	0	0	0	671	497	
7	0	0	0	0	666	504	
8	0	0	0	0	663	505	
9	0	0	0	0	659	501	
10	0	0	0	0	658	497	
11	0	0	0	0	655	491	
12	0	0	0	0	652	485	
13	0	0	0	0	644	475	
14	0	0	0	0	637	469	
15	0	0	0	0	631	467	
0	0	0	0	0	627	473	
1	0	0	0	0	624	476	
2	0	0	0	0	626	476	
3	0	0	0	0	629	476	
4	0	0	0	0	632	478	
5	0	0	0	0	631	479	
6	0	0	0	0	631	479	
7	0	0	0	0	628	476	
8	0	0	0	0	624	476	
9	0	0	0	0	619	478	
10	0	0	0	0	611	483	
11	0	0	0	0	607	489	
12	0	0	0	0	607	494	
13	0	0	0	0	609	495	
14	0	0	0	0	609	497	
15	0	0	0	0	608	492	
0	0	0	0	0	607	483	
1	0	0	0	0	602	476	
2	0	0	0	0	604	472	
3	0	0	0	0	604	469	
4	0	0	0	0	603	470	
5	0	0	0	0	599	470	
6	0	0	0	0	595	471	
7	0	0	0	0	590	474	
8	0	0	0	0	583	472	
9	0	0	0	0	583	475	
10	0	0	0	0	584	474	
11	0	0	0	0	588	474	
12	0	0	0	0	592	473	
13	0	0	0	0	595	471	
14	0	0	0	0	596	466	
15	0	0	0	0	598	461	
0	0	0	0	0	595	455	
1	0	0	0	0	592	449	
2	0	0	0	0	587	443	
3	0	0	0	0	580	433	
4	0	0	0	0	572	436	
5	0	0	0	0	566	435	
6	0	0	0	0	557	435	
7	0	0	0	0	549	432	
8	0	0	0	0	539	432	
9	0	0	0	0	533	430	
10	0	0	0	0	529	432	
11	0	0	0	0	527	433	
12	0	0	0	0	531	437	
13	0	0	0	0	532	444	
14	0	0	0	0	535	448	
15	0	0	0	0	539	450	
0	0	0	0	0	543	451	
1	0	0	0	0	548	453	
2	0	0	0	0	551	455	
3	0	0	0	0	552	461	
4	0	0	0	0	550	463	
5	0	0	0	0	544	465	
6	0	0	0	0	538	469	
7	0	0	0	0	536	468	
8	0	0	0	0	533	468	
9	0	0	0	0	530	476	
10	0	0	0	0	527	482	
11	0	0	0	0	520	487	
12	0	0	0	0	516	492	
13	0	0	0	0	513	494	
14	0	0	0	0	512	495	
15	0	0	0	0	510	494	
0	0	0	0	0	510	491	
1	0	0	0	0	511	486	
2	0	0	0	0	512	483	
3	0	0	0	0	514	483	
4	0	0	0	0	516	484	
5	0	0	0	0	517	483	
6	0	0	0	0	521	484	
7	0	0	0	0	526	482	
8	0	0	0	0	528	483	
9	0	0	0	0	528	487	
10	0	0	0	0	526	489	
11	0	0	0	0	524	492	
12	0	0	0	0	523	495	
13	0	0	0	0	522	495	
14	0	0	0	0	522	494	
15	0	0	0	0	526	491	
0	0	0	0	0	530	488	
1	0	0	0	0	537	488	
2	0	0	0	0	546	489	
3	0	0	0	0	553	486	
4	0	0	0	0	557	487	
5	0	0	0	0	561	489	
6	0	0	0	0	560	491	
7	0	0	0	0	556	498	
8	0	0	0	0	551	505	
9	0	0	0	0	544	512	
10	0	0	0	0	539	514	
11	0	0	0	0	534	513	
12	0	0	0	0	528	510	
13	0	0	0	0	521	504	
14	0	0	0	0	510	495	
15	0	0	0	0	495	483	
0	0	0	0	0	479	473	
1	0	0	0	0	468	461	
2	0	0	0	0	464	451	
3	0	0	0	0	464	445	
4	0	0	0	0	469	447	
5	0	0	0	0	475	452	
6	0	0	0	0	475	454	
7	0	0	0	0	474	452	
8	0	0	0	0	470	453	
9	0	0	0	0	467	455	
10	0	0	0	0	467	461	
11	0	0	0	0	466	464	
12	0	0	0	0	467	471	
13	0	0	0	0	470	478	
14	0	0	0	0	472	481	
15	0	0	0	0	477	483	
0	0	0	0	0	483	480	
1	0	0	0	0	486	478	
2	0	0	0	0	487	480	
3	0	0	0	0	488	482	
4	0	0	0	0	489	487	
5	0	0	0	0	487	489	
6	0	0	0	0	490	492	
7	0	0	0	0	491	490	
8	0	0	0	0	492	483	
9	0	0	0	0	493	481	
10	0	0	0	0	493	487	
11	0	0	0	0	489	492	
12	0	0	0	0	488	495	
13	0	0	0	0	484	492	
14	0	0	0	0	477	484	
15	0	0	0	0	471	472	
0	0	0	0	0	470	460	
1	0	0	0	0	466	446	
2	0	0	0	0	466	439	
3	0	0	0	0	467	434	
4	0	0	0	0	473	429	
5	0	0	0	0	484	432	
6	0	0	0	0	497	435	
7	0	0	0	0	510	438	
8	0	0	0	0	519	438	
9	0	0	0	0	524	443	
10	0	0	0	0	528	450	
11	0	0	0	0	529	457	
12	0	0	0	0	528	464	
13	0	0	0	0	524	472	
14	0	0	0	0	522	479	
15	0	0	0	0	515	487	
0	0	0	0	0	508	498	
1	0	0	0	0	499	511	
2	0	0	0	0	488	524	
3	0	0	0	0	477	535	
4	0	0	0	0	465	541	
5	0	0	0	0	455	547	
6	0	0	0	0	447	560	
7	0	0	0	0	442	569	
8	0	0	0	0	436	579	
9	0	0	0	0	433	590	
10	0	0	0	0	429	596	
11	0	0	0	0	428	600	
12	0	0	0	0	423	600	
13	0	0	0	0	414	596	
14	0	0	0	0	404	592	
15	0	0	0	0	392	588	
0	0	0	0	0	387	588	
1	0	0	0	0	388	591	
2	0	0	0	0	392	600	
3	0	0	0	0	397	608	
4	0	0	0	0	402	613	
5	0	0	0	0	409	616	
6	0	0	0	0	415	616	
7	0	0	0	0	421	613	
8	0	0	0	0	428	612	
9	0	0	0	0	433	610	
10	0	0	0	0	437	603	
11	0	0	0	0	435	598	
12	0	0	0	0	432	589	
13	0	0	0	0	432	582	
14	0	0	0	0	434	572	
15	0	0	0	0	439	562	
0	0	0	0	0	446	553	
1	0	0	0	0	451	546	
2	0	0	0	0	455	540	
3	0	0	0	0	458	537	
4	0	0	0	0	457	539	
5	0	0	0	0	455	543	
6	0	0	0	0	457	547	
7	0	0	0	0	457	548	
8	0	0	0	0	459	551	
9	0	0	0	0	458	554	
10	0	0	0	0	455	554	
11	0	0	0	0	450	553	
12	0	0	0	0	447	558	
13	0	0	0	0	443	563	
14	0	0	0	0	438	566	
15	0	0	0	0	432	566	
0	0	0	0	0	428	561	
1	0	0	0	0	424	556	
2	0	0	0	0	422	546	
3	0	0	0	0	422	532	
4	0	0	0	0	425	521	
5	0	0	0	0	433	513	
6	0	0	0	0	439	510	
7	0	0	0	0	445	511	
8	0	0	0	0	451	518	
9	0	0	0	0	457	524	
10	0	0	0	0	462	534	
11	0	0	0	0	464	540	
12	0	0	0	0	465	543	
13	0	0	0	0	466	543	
14	0	0	0	0	465	541	
15	0	0	0	0	462	536	
0	0	0	0	0	457	528	
1	0	0	0	0	453	519	
2	0	0	0	0	449	507	
3	0	0	0	0	451	498	
4	0	0	0	0	451	500	
5	0	0	0	0	457	505	
6	0	0	0	0	462	513	
7	0	0	0	0	467	520	
8	0	0	0	0	472	526	
9	0	0	0	0	476	527	
10	0	0	0	0	479	531	
11	0	0	0	0	487	534	
12	0	0	0	0	494	538	
13	0	0	0	0	499	543	
14	0	0	0	0	502	547	
15	0	0	0	0	506	548	
0	0	0	0	0	509	545	
1	0	0	0	0	511	542	
2	0	0	0	0	511	538	
3	0	0	0	0	507	532	
4	0	0	0	0	504	532	
5	0	0	0	0	500	534	
6	0	0	0	0	496	536	
7	0	0	0	0	495	540	
8	0	0	0	0	493	543	
9	0	0	0	0	492	547	
10	0	0	0	0	492	549	
11	0	0	0	0	494	551	
12	0	0	0	0	496	555	
13	0	0	0	0	499	557	
14	0	0	0	0	500	558	
15	0	0	0	0	500	557	
0	0	0	0	0	504	557	
1	0	0	0	0	508	559	
2	0	0	0	0	511	561	
3	0	0	0	0	512	564	
4	0	0	0	0	515	577	
5	0	0	0	0	519	595	
6	0	0	0	0	521	614	
7	0	0	0	0	522	625	
8	0	0	0	0	524	631	
9	0	0	0	0	530	630	
10	0	0	0	0	539	620	
11	0	0	0	0	548	609	
12	0	0	0	0	561	598	
13	0	0	0	0	571	584	
14	0	0	0	0	579	571	
15	0	0	0	0	585	559	
0	0	0	0	0	591	546	
1	0	0	0	0	594	537	
2	0	0	0	0	592	530	
3	0	0	0	0	586	524	
4	0	0	0	0	577	521	
5	0	0	0	0	571	522	
6	0	0	0	0	563	525	
7	0	0	0	0	557	529	
8	0	0	0	0	548	530	
9	0	0	0	0	540	531	
10	0	0	0	0	531	531	
11	0	0	0	0	527	533	
12	0	0	0	0	525	535	
13	0	0	0	0	522	540	
14	0	0	0	0	523	547	
15	0	0	0	0	524	556	
0	0	0	0	0	529	564	
1	0	0	0	0	535	571	
2	0	0	0	0	545	577	
3	0	0	0	0	556	582	
4	0	0	0	0	564	582	
5	0	0	0	0	574	583	
6	0	0	0	0	582	583	
7	0	0	0	0	588	581	
8	0	0	0	0	592	580	
9	0	0	0	0	591	575	
10	0	0	0	0	590	565	
11	0	0	0	0	588	560	
12	0	0	0	0	587	558	
13	0	0	0	0	584	559	
14	0	0	0	0	584	559	
15	0	0	0	0	581	560	
0	0	0	0	0	579	559	
1	0	0	0	0	569	555	
2	0	0	0	0	557	547	
3	0	0	0	0	543	535	
4	0	0	0	0	530	518	
5	0	0	0	0	522	505	
6	0	0	0	0	520	500	
7	0	0	0	0	522	499	
8	0	0	0	0	526	499	
9	0	0	0	0	529	496	
10	0	0	0	0	535	491	
11	0	0	0	0	540	485	
12	0	0	0	0	546	482	
13	0	0	0	0	554	480	
14	0	0	0	0	563	485	
15	0	0	0	0	574	497	
0	0	0	0	0	580	512	
1	0	0	0	0	585	526	
2	0	0	0	0	583	532	
3	0	0	0	0	578	536	
4	0	0	0	0	567	539	
5	0	0	0	0	550	540	
6	0	0	0	0	530	540	
7	0	0	0	0	510	539	
8	0	0	0	0	495	538	
9	0	0	0	0	479	535	
10	0	0	0	0	465	533	
11	0	0	0	0	456	534	
12	0	0	0	0	450	537	
13	0	0	0	0	445	542	
14	0	0	0	0	444	551	
15	0	0	0	0	445	564	
0	0	0	0	0	447	577	
1	0	0	0	0	448	588	
2	0	0	0	0	451	599	
3	0	0	0	0	455	609	
4	0	0	0	0	454	620	
5	0	0	0	0	451	623	
6	0	0	0	0	447	632	
7	0	0	0	0	443	634	
8	0	0	0	0	442	635	
9	0	0	0	0	445	636	
10	0	0	0	0	448	636	
11	0	0	0	0	451	638	
12	0	0	0	0	453	639	
13	0	0	0	0	453	636	
14	0	0	0	0	452	627	
15	0	0	0	0	451	618	
0	0	0	0	0	454	606	
1	0	0	0	0	456	601	
2	0	0	0	0	459	606	
3	0	0	0	0	463	612	
4	0	0	0	0	465	617	
5	0	0	0	0	468	617	
6	0	0	0	0	469	616	
7	0	0	0	0	472	612	
8	0	0	0	0	475	606	
9	0	0	0	0	475	596	
10	0	0	0	0	477	589	
11	0	0	0	0	480	587	
12	0	0	0	0	482	583	
13	0	0	0	0	483	580	
14	0	0	0	0	485	579	
15	0	0	0	0	489	582	
0	0	0	0	0	494	585	
1	0	0	0	0	496	587	
2	0	0	0	0	499	593	
3	0	0	0	0	506	600	
4	0	0	0	0	511	610	
5	0	0	0	0	511	613	
6	0	0	0	0	511	609	
7	0	0	0	0	512	608	
8	0	0	0	0	517	608	
9	0	0	0	0	523	604	
10	0	0	0	0	529	603	
11	0	0	0	0	535	597	
12	0	0	0	0	538	592	
13	0	0	0	0	541	585	
14	0	0	0	0	545	583	
15	0	0	0	0	552	582	
0	0	0	0	0	561	576	
1	0	0	0	0	569	564	
2	0	0	0	0	574	547	
3	0	0	0	0	575	534	
4	0	0	0	0	576	524	
5	0	0	0	0	575	511	
6	0	0	0	0	575	501	
7	0	0	0	0	573	494	
8	0	0	0	0	569	491	
9	0	0	0	0	566	492	
10	0	0	0	0	562	495	
11	0	0	0	0	557	499	
12	0	0	0	0	556	505	
13	0	0	0	0	553	510	
14	0	0	0	0	550	512	
15	0	0	0	0	545	513	
0	0	0	0	0	540	516	
1	0	0	0	0	535	519	
2	0	0	0	0	531	523	
3	0	0	0	0	526	526	
4	0	0	0	0	520	530	
5	0	0	0	0	516	533	
6	0	0	0	0	508	535	
7	0	0	0	0	502	540	
8	0	0	0	0	496	542	
9	0	0	0	0	494	544	
10	0	0	0	0	492	542	
11	0	0	0	0	494	538	
12	0	0	0	0	498	534	
13	0	0	0	0	504	527	
14	0	0	0	0	508	525	
15	0	0	0	0	511	524	
0	0	0	0	0	517	519	
1	0	0	0	0	520	506	
2	0	0	0	0	522	493	
3	0	0	0	0	523	482	
4	0	0	0	0	523	470	
5	0	0	0	0	525	458	
6	0	0	0	0	525	459	
7	0	0	0	0	526	462	
8	0	0	0	0	528	468	
9	0	0	0	0	532	474	
10	0	0	0	0	534	478	
11	0	0	0	0	533	484	
12	0	0	0	0	530	493	
13	0	0	0	0	527	500	
14	0	0	0	0	526	510	
15	0	0	0	0	528	518	
0	0	0	0	0	527	528	
1	0	0	0	0	525	537	
2	0	0	0	0	521	547	
3	0	0	0	0	516	550	
4	0	0	0	0	515	551	
5	0	0	0	0	513	551	
6	0	0	0	0	515	548	
7	0	0	0	0	515	542	
8	0	0	0	0	516	535	
9	0	0	0	0	516	527	
10	0	0	0	0	516	522	
11	0	0	0	0	516	522	
12	0	0	0	0	514	524	
13	0	0	0	0	512	527	
14	0	0	0	0	511	526	
15	0	0	0	0	514	522	
0	0	0	0	0	516	519	
1	0	0	0	0	521	515	
2	0	0	0	0	526	510	
3	0	0	0	0	532	504	
4	0	0	0	0	536	496	
5	0	0	0	0	533	489	
6	0	0	0	0	526	482	
7	0	0	0	0	520	473	
8	0	0	0	0	512	466	
9	0	0	0	0	511	463	
10	0	0	0	0	515	467	
11	0	0	0	0	517	465	
12	0	0	0	0	520	463	
13	0	0	0	0	526	464	
14	0	0	0	0	529	467	
15	0	0	0	0	527	474	
0	0	0	0	0	528	481	
1	0	0	0	0	527	489	
2	0	0	0	0	522	499	
3	0	0	0	0	513	501	
4	0	0	0	0	504	502	
5	0	0	0	0	497	501	
6	0	0	0	0	491	499	
7	0	0	0	0	488	500	
8	0	0	0	0	487	500	
9	0	0	0	0	487	498	
10	0	0	0	0	489	498	
11	0	0	0	0	488	501	
12	0	0	0	0	483	506	
13	0	0	0	0	481	510	
14	0	0	0	0	481	520	
15	0	0	0	0	484	533	
0	0	0	0	0	489	546	
1	0	0	0	0	497	551	
2	0	0	0	0	505	551	
3	0	0	0	0	505	543	
4	0	0	0	0	506	531	
5	0	0	0	0	503	513	
6	0	0	0	0	502	499	
7	0	0	0	0	503	486	
8	0	0	0	0	504	476	
9	0	0	0	0	506	468	
10	0	0	0	0	509	464	
11	0	0	0	0	511	465	
12	0	0	0	0	513	470	
13	0	0	0	0	520	474	
14	0	0	0	0	526	477	
15	0	0	0	0	531	483	
0	0	0	0	0	532	491	
1	0	0	0	0	528	504	
2	0	0	0	0	520	515	
3	0	0	0	0	505	526	
4	0	0	0	0	488	538	
5	0	0	0	0	474	544	
6	0	0	0	0	460	551	
7	0	0	0	0	446	559	
8	0	0	0	0	435	568	
9	0	0	0	0	423	576	
10	0	0	0	0	412	582	
11	0	0	0	0	406	591	
12	0	0	0	0	407	591	
13	0	0	0	0	407	594	
14	0	0	0	0	406	601	
15	0	0	0	0	406	608	
0	0	0	0	0	404	613	
1	0	0	0	0	404	615	
2	0	0	0	0	406	620	
3	0	0	0	0	408	627	
4	0	0	0	0	412	637	
5	0	0	0	0	416	640	
6	0	0	0	0	415	638	
7	0	0	0	0	410	632	
8	0	0	0	0	404	621	
9	0	0	0	0	401	612	
10	0	0	0	0	404	604	
11	0	0	0	0	408	603	
12	0	0	0	0	410	604	
13	0	0	0	0	412	608	
14	0	0	0	0	416	611	
15	0	0	0	0	422	615	
0	0	0	0	0	428	617	
1	0	0	0	0	437	623	
2	0	0	0	0	445	627	
3	0	0	0	0	455	631	
4	0	0	0	0	462	635	
5	0	0	0	0	468	630	
6	0	0	0	0	474	625	
7	0	0	0	0	478	621	
8	0	0	0	0	478	618	
9	0	0	0	0	475	615	
10	0	0	0	0	471	613	
11	0	0	0	0	467	609	
12	0	0	0	0	467	607	
13	0	0	0	0	471	608	
14	0	0	0	0	474	612	
15	0	0	0	0	476	614	
0	0	0	0	0	477	609	
1	0	0	0	0	477	604	
2	0	0	0	0	480	593	
3	0	0	0	0	483	588	
4	0	0	0	0	480	588	
5	0	0	0	0	480	586	
6	0	0	0	0	480	587	
7	0	0	0	0	478	589	
8	0	0	0	0	476	590	
9	0	0	0	0	473	591	
10	0	0	0	0	467	591	
11	0	0	0	0	460	599	
12	0	0	0	0	452	610	
13	0	0	0	0	448	620	
14	0	0	0	0	447	627	
15	0	0	0	0	443	629	
0	0	0	0	0	440	627	
1	0	0	0	0	441	622	
2	0	0	0	0	440	622	
3	0	0	0	0	439	621	
4	0	0	0	0	442	620	
5	0	0	0	0	448	622	
6	0	0	0	0	458	622	
7	0	0	0	0	467	625	
8	0	0	0	0	472	623	
9	0	0	0	0	479	622	
10	0	0	0	0	482	622	
11	0	0	0	0	487	621	
12	0	0	0	0	491	620	
13	0	0	0	0	495	615	
14	0	0	0	0	502	611	
15	0	0	0	0	504	608	
0	0	0	0	0	504	604	
1	0	0	0	0	504	600	
2	0	0	0	0	503	596	
3	0	0	0	0	500	590	
4	0	0	0	0	501	583	
5	0	0	0	0	499	575	
6	0	0	0	0	498	568	
7	0	0	0	0	500	561	
8	0	0	0	0	505	560	
9	0	0	0	0	511	564	
10	0	0	0	0	517	568	
11	0	0	0	0	521	573	
12	0	0	0	0	521	571	
13	0	0	0	0	515	568	
14	0	0	0	0	504	563	
15	0	0	0	0	492	558	
0	0	0	0	0	481	553	
1	0	0	0	0	474	549	
2	0	0	0	0	470	545	
3	0	0	0	0	463	545	
4	0	0	0	0	460	551	
5	0	0	0	0	457	560	
6	0	0	0	0	459	569	
7	0	0	0	0	464	578	
8	0	0	0	0	472	586	
9	0	0	0	0	479	593	
10	0	0	0	0	483	593	
11	0	0	0	0	482	591	
12	0	0	0	0	482	592	
13	0	0	0	0	485	592	
14	0	0	0	0	487	591	
15	0	0	0	0	486	589	
0	0	0	0	0	483	587	
1	0	0	0	0	481	584	
2	0	0	0	0	483	580	
3	0	0	0	0	483	585	
4	0	0	0	0	484	594	
5	0	0	0	0	484	600	
6	0	0	0	0	483	600	
7	0	0	0	0	482	599	
8	0	0	0	0	478	593	
9	0	0	0	0	472	583	
10	0	0	0	0	469	573	
11	0	0	0	0	468	562	
12	0	0	0	0	465	555	
13	0	0	0	0	462	550	
14	0	0	0	0	456	547	
15	0	0	0	0	452	544	
0	0	0	0	0	449	546	
1	0	0	0	0	444	547	
2	0	0	0	0	442	547	
3	0	0	0	0	436	545	
4	0	0	0	0	434	540	
5	0	0	0	0	436	539	
6	0	0	0	0	440	539	
7	0	0	0	0	448	540	
8	0	0	0	0	456	543	
9	0	0	0	0	464	543	
10	0	0	0	0	469	547	
11	0	0	0	0	474	553	
12	0	0	0	0	475	552	
13	0	0	0	0	476	553	
14	0	0	0	0	474	552	
15	0	0	0	0	476	552	
0	0	0	0	0	477	554	
1	0	0	0	0	476	552	
2	0	0	0	0	476	548	
3	0	0	0	0	475	546	
4	0	0	0	0	474	545	
5	0	0	0	0	473	544	
6	0	0	0	0	471	543	
7	0	0	0	0	471	544	
8	0	0	0	0	476	547	
9	0	0	0	0	480	546	
10	0	0	0	0	482	541	
11	0	0	0	0	486	536	
12	0	0	0	0	491	535	
13	0	0	0	0	495	534	
14	0	0	0	0	498	536	
15	0	0	0	0	503	532	
0	0	0	0	0	505	530	
1	0	0	0	0	505	525	
2	0	0	0	0	508	519	
3	0	0	0	0	510	514	
4	0	0	0	0	512	505	
5	0	0	0	0	516	496	
6	0	0	0	0	519	490	
7	0	0	0	0	523	485	
8	0	0	0	0	526	485	
9	0	0	0	0	531	484	
10	0	0	0	0	539	485	
11	0	0	0	0	543	482	
12	0	0	0	0	542	475	
13	0	0	0	0	542	472	
14	0	0	0	0	543	472	
15	0	0	0	0	541	472	
0	0	0	0	0	538	475	
1	0	0	0	0	537	479	
2	0	0	0	0	538	486	
3	0	0	0	0	541	494	
4	0	0	0	0	545	498	
5	0	0	0	0	551	502	
6	0	0	0	0	555	500	
7	0	0	0	0	558	498	
8	0	0	0	0	562	496	
9	0	0	0	0	567	493	
10	0	0	0	0	570	495	
11	0	0	0	0	566	497	
12	0	0	0	0	558	502	
13	0	0	0	0	546	508	
14	0	0	0	0	538	515	
15	0	0	0	0	528	520	
0	0	0	0	0	519	527	
1	0	0	0	0	508	536	
2	0	0	0	0	496	547	
3	0	0	0	0	491	553	
4	0	0	0	0	485	559	
5	0	0	0	0	480	563	
6	0	0	0	0	478	568	
7	0	0	0	0	475	575	
8	0	0	0	0	476	579	
9	0	0	0	0	480	584	
10	0	0	0	0	484	583	
11	0	0	0	0	491	580	
12	0	0	0	0	494	575	
13	0	0	0	0	496	569	
14	0	0	0	0	492	563	
15	0	0	0	0	489	559	
0	0	0	0	0	488	552	
1	0	0	0	0	487	546	
2	0	0	0	0	483	540	
3	0	0	0	0	480	535	
4	0	0	0	0	480	530	
5	0	0	0	0	481	527	
6	0	0	0	0	487	529	
7	0	0	0	0	494	527	
8	0	0	0	0	502	529	
9	0	0	0	0	509	531	
10	0	0	0	0	514	531	
11	0	0	0	0	519	536	
12	0	0	0	0	521	540	
13	0	0	0	0	519	545	
14	0	0	0	0	516	551	
15	0	0	0	0	508	557	
0	0	0	0	0	501	559	
1	0	0	0	0	493	563	
2	0	0	0	0	484	563	
3	0	0	0	0	476	564	
4	0	0	0	0	470	565	
5	0	0	0	0	467	564	
6	0	0	0	0	466	564	
7	0	0	0	0	470	560	
8	0	0	0	0	475	556	
9	0	0	0	0	480	552	
10	0	0	0	0	483	548	
11	0	0	0	0	484	548	
12	0	0	0	0	482	548	
13	0	0	0	0	483	543	
14	0	0	0	0	487	535	
15	0	0	0	0	491	527	
0	0	0	0	0	501	525	
1	0	0	0	0	510	524	
2	0	0	0	0	516	521	
3	0	0	0	0	521	515	
4	0	0	0	0	524	511	
5	0	0	0	0	527	513	
6	0	0	0	0	530	520	
7	0	0	0	0	529	528	
8	0	0	0	0	525	531	
9	0	0	0	0	524	531	
10	0	0	0	0	523	526	
11	0	0	0	0	523	524	
12	0	0	0	0	523	519	
13	0	0	0	0	521	518	
14	0	0	0	0	518	524	
15	0	0	0	0	515	535	
0	0	0	0	0	513	542	
1	0	0	0	0	514	547	
2	0	0	0	0	517	546	
3	0	0	0	0	519	543	
4	0	0	0	0	520	536	
5	0	0	0	0	519	530	
6	0	0	0	0	514	527	
7	0	0	0	0	506	526	
8	0	0	0	0	500	524	
9	0	0	0	0	495	522	
10	0	0	0	0	488	524	
11	0	0	0	0	486	527	
12	0	0	0	0	487	526	
13	0	0	0	0	489	523	
14	0	0	0	0	492	518	
15	0	0	0	0	494	510	
0	0	0	0	0	496	505	
1	0	0	0	0	500	505	
2	0	0	0	0	504	509	
3	0	0	0	0	506	511	
4	0	0	0	0	508	510	
5	0	0	0	0	508	504	
6	0	0	0	0	509	499	
7	0	0	0	0	512	495	
8	0	0	0	0	518	493	
9	0	0	0	0	525	490	
10	0	0	0	0	527	487	
11	0	0	0	0	530	487	
12	0	0	0	0	535	488	
13	0	0	0	0	540	491	
14	0	0	0	0	546	495	
15	0	0	0	0	553	496	
0	0	0	0	0	558	492	
1	0	0	0	0	565	483	
2	0	0	0	0	572	471	
3	0	0	0	0	571	466	
4	0	0	0	0	572	462	
5	0	0	0	0	570	460	
6	0	0	0	0	566	458	
7	0	0	0	0	558	459	
8	0	0	0	0	555	461	
9	0	0	0	0	550	466	
10	0	0	0	0	543	473	
11	0	0	0	0	540	481	
12	0	0	0	0	538	488	
13	0	0	0	0	539	493	
14	0	0	0	0	537	493	
15	0	0	0	0	536	496	
0	0	0	0	0	532	496	
1	0	0	0	0	527	498	
2	0	0	0	0	527	500	
3	0	0	0	0	528	501	
4	0	0	0	0	531	501	
5	0	0	0	0	534	505	
6	0	0	0	0	535	510	
7	0	0	0	0	533	515	
8	0	0	0	0	530	523	
9	0	0	0	0	527	530	
10	0	0	0	0	525	536	
11	0	0	0	0	524	537	
12	0	0	0	0	527	533	
13	0	0	0	0	530	527	
14	0	0	0	0	531	524	
15	0	0	0	0	531	520	
0	0	0	0	0	530	518	
1	0	0	0	0	531	516	
2	0	0	0	0	528	511	
3	0	0	0	0	526	507	
4	0	0	0	0	519	501	
5	0	0	0	0	517	500	
6	0	0	0	0	516	499	
7	0	0	0	0	511	498	
8	0	0	0	0	506	504	
9	0	0	0	0	503	511	
10	0	0	0	0	505	518	
11	0	0	0	0	509	520	
12	0	0	0	0	514	520	
13	0	0	0	0	519	520	
14	0	0	0	0	524	516	
15	0	0	0	0	528	510	
0	0	0	0	0	534	504	
1	0	0	0	0	532	505	
2	0	0	0	0	529	509	
3	0	0	0	0	524	513	
4	0	0	0	0	519	518	
5	0	0	0	0	514	521	
6	0	0	0	0	511	520	
7	0	0	0	0	510	521	
8	0	0	0	0	504	520	
9	0	0	0	0	499	521	
10	0	0	0	0	491	523	
11	0	0	0	0	483	520	
12	0	0	0	0	473	516	
13	0	0	0	0	465	515	
14	0	0	0	0	459	519	
15	0	0	0	0	457	521	
0	0	0	0	0	462	518	
1	0	0	0	0	469	512	
2	0	0	0	0	473	503	
3	0	0	0	0	474	488	
4	0	0	0	0	474	475	
5	0	0	0	0	473	462	
6	0	0	0	0	472	454	
7	0	0	0	0	471	451	
8	0	0	0	0	470	449	
9	0	0	0	0	466	453	
10	0	0	0	0	463	466	
11	0	0	0	0	463	478	
12	0	0	0	0	461	488	
13	0	0	0	0	457	492	
14	0	0	0	0	455	489	
15	0	0	0	0	454	483	
0	0	0	0	0	450	479	
1	0	0	0	0	447	479	
2	0	0	0	0	446	480	
3	0	0	0	0	445	484	
4	0	0	0	0	451	488	
5	0	0	0	0	459	494	
6	0	0	0	0	466	499	
7	0	0	0	0	472	504	
8	0	0	0	0	479	503	
9	0	0	0	0	483	497	
10	0	0	0	0	487	492	
11	0	0	0	0	487	490	
12	0	0	0	0	487	490	
13	0	0	0	0	485	491	
14	0	0	0	0	480	492	
15	0	0	0	0	476	494	
0	0	0	0	0	469	496	
1	0	0	0	0	467	499	
2	0	0	0	0	466	503	
3	0	0	0	0	466	505	
4	0	0	0	0	464	503	
5	0	0	0	0	462	495	
6	0	0	0	0	464	488	
7	0	0	0	0	467	480	
8	0	0	0	0	475	471	
9	0	0	0	0	483	465	
10	0	0	0	0	492	460	
11	0	0	0	0	498	460	
12	0	0	0	0	500	461	
13	0	0	0	0	504	462	
14	0	0	0	0	504	461	
15	0	0	0	0	506	460	
0	0	0	0	0	511	461	
1	0	0	0	0	516	465	
2	0	0	0	0	522	471	
3	0	0	0	0	524	473	
4	0	0	0	0	525	475	
5	0	0	0	0	521	474	
6	0	0	0	0	518	471	
7	0	0	0	0	507	469	
8	0	0	0	0	496	467	
9	0	0	0	0	486	465	
10	0	0	0	0	476	464	
11	0	0	0	0	470	461	
12	0	0	0	0	463	458	
13	0	0	0	0	464	455	
14	0	0	0	0	464	455	
15	0	0	0	0	463	455	
0	0	0	0	0	456	458	
1	0	0	0	0	452	463	
2	0	0	0	0	449	467	
3	0	0	0	0	446	474	
4	0	0	0	0	443	479	
5	0	0	0	0	439	486	
6	0	0	0	0	436	489	
7	0	0	0	0	435	495	
8	0	0	0	0	437	500	
9	0	0	0	0	436	505	
10	0	0	0	0	435	505	
11	0	0	0	0	444	504	
12	0	0	0	0	451	502	
13	0	0	0	0	461	498	
14	0	0	0	0	478	501	
15	0	0	0	0	493	510	
0	0	0	0	0	505	517	
1	0	0	0	0	516	521	
2	0	0	0	0	526	522	
3	0	0	0	0	531	521	
4	0	0	0	0	532	518	
5	0	0	0	0	531	511	
6	0	0	0	0	533	503	
7	0	0	0	0	530	497	
8	0	0	0	0	528	490	
9	0	0	0	0	525	486	
10	0	0	0	0	524	482	
11	0	0	0	0	525	478	
12	0	0	0	0	524	473	
13	0	0	0	0	523	467	
14	0	0	0	0	526	467	
15	0	0	0	0	527	463	
0	0	0	0	0	529	462	
1	0	0	0	0	531	463	
2	0	0	0	0	536	466	
3	0	0	0	0	538	468	
4	0	0	0	0	539	472	
5	0	0	0	0	540	479	
6	0	0	0	0	537	490	
7	0	0	0	0	531	501	
8	0	0	0	0	526	507	
9	0	0	0	0	521	512	
10	0	0	0	0	515	512	
11	0	0	0	0	507	509	
12	0	0	0	0	499	510	
13	0	0	0	0	496	511	
14	0	0	0	0	496	511	
15	0	0	0	0	499	511	
0	0	0	0	0	508	514	
1	0	0	0	0	518	521	
2	0	0	0	0	523	531	
3	0	0	0	0	531	545	
4	0	0	0	0	537	558	
5	0	0	0	0	540	564	
6	0	0	0	0	537	563	
7	0	0	0	0	536	556	
8	0	0	0	0	534	547	
9	0	0	0	0	534	536	
10	0	0	0	0	532	529	
11	0	0	0	0	527	523	
12	0	0	0	0	523	512	
13	0	0	0	0	516	502	
14	0	0	0	0	508	495	
15	0	0	0	0	500	490	
0	0	0	0	0	498	486	
1	0	0	0	0	499	488	
2	0	0	0	0	500	494	
3	0	0	0	0	501	497	
4	0	0	0	0	505	500	
5	0	0	0	0	511	501	
6	0	0	0	0	519	501	
7	0	0	0	0	529	507	
8	0	0	0	0	539	513	
9	0	0	0	0	547	520	
10	0	0	0	0	552	527	
11	0	0	0	0	556	534	
12	0	0	0	0	557	541	
13	0	0	0	0	557	543	
14	0	0	0	0	555	549	
15	0	0	0	0	551	551	
0	0	0	0	0	547	550	
1	0	0	0	0	543	545	
2	0	0	0	0	542	539	
3	0	0	0	0	542	531	
4	0	0	0	0	542	524	
5	0	0	0	0	543	519	
6	0	0	0	0	540	511	
7	0	0	0	0	536	504	
8	0	0	0	0	536	502	
9	0	0	0	0	542	508	
10	0	0	0	0	545	512	
11	0	0	0	0	547	514	
12	0	0	0	0	551	511	
13	0	0	0	0	552	503	
14	0	0	0	0	551	496	
15	0	0	0	0	550	493	
0	0	0	0	0	551	490	
1	0	0	0	0	551	485	
2	0	0	0	0	552	480	
3	0	0	0	0	552	475	
4	0	0	0	0	553	472	
5	0	0	0	0	556	466	
6	0	0	0	0	560	462	
7	0	0	0	0	562	461	
8	0	0	0	0	561	461	
9	0	0	0	0	561	462	
10	0	0	0	0	558	457	
11	0	0	0	0	560	451	
12	0	0	0	0	564	451	
13	0	0	0	0	569	453	
14	0	0	0	0	573	454	
15	0	0	0	0	578	458	
0	0	0	0	0	583	466	
1	0	0	0	0	588	477	
2	0	0	0	0	591	485	
3	0	0	0	0	592	496	
4	0	0	0	0	592	499	
5	0	0	0	0	591	499	
6	0	0	0	0	592	499	
7	0	0	0	0	591	492	
8	0	0	0	0	588	490	
9	0	0	0	0	588	480	
10	0	0	0	0	586	473	
11	0	0	0	0	584	470	
12	0	0	0	0	582	468	
13	0	0	0	0	573	468	
14	0	0	0	0	564	469	
15	0	0	0	0	554	469	
0	0	0	0	0	546	466	
1	0	0	0	0	538	459	
2	0	0	0	0	529	451	
3	0	0	0	0	524	445	
4	0	0	0	0	522	442	
5	0	0	0	0	521	446	
6	0	0	0	0	521	452	
7	0	0	0	0	521	463	
8	0	0	0	0	523	469	
9	0	0	0	0	531	475	
10	0	0	0	0	537	475	
11	0	0	0	0	543	477	
12	0	0	0	0	547	480	
13	0	0	0	0	551	477	
14	0	0	0	0	558	474	
15	0	0	0	0	562	469	
0	0	0	0	0	562	465	
1	0	0	0	0	558	463	
2	0	0	0	0	554	462	
3	0	0	0	0	551	464	
4	0	0	0	0	548	463	
5	0	0	0	0	546	467	
6	0	0	0	0	544	473	
7	0	0	0	0	543	481	
8	0	0	0	0	541	494	
9	0	0	0	0	540	500	
10	0	0	0	0	537	503	
11	0	0	0	0	536	503	
12	0	0	0	0	534	504	
13	0	0	0	0	530	503	
14	0	0	0	0	527	501	
15	0	0	0	0	526	499	
0	0	0	0	0	524	500	
1	0	0	0	0	520	500	
2	0	0	0	0	519	503	
3	0	0	0	0	517	504	
4	0	0	0	0	518	508	
5	0	0	0	0	521	508	
6	0	0	0	0	522	509	
7	0	0	0	0	520	511	
8	0	0	0	0	519	514	
9	0	0	0	0	519	518	
10	0	0	0	0	518	523	
11	0	0	0	0	519	524	
12	0	0	0	0	521	521	
13	0	0	0	0	523	518	
14	0	0	0	0	527	515	
15	0	0	0	0	524	511	
0	0	0	0	0	522	503	
1	0	0	0	0	519	495	
2	0	0	0	0	521	487	
3	0	0	0	0	528	482	
4	0	0	0	0	535	483	
5	0	0	0	0	545	484	
6	0	0	0	0	558	487	
7	0	0	0	0	571	491	
8	0	0	0	0	580	493	
9	0	0	0	0	588	491	
10	0	0	0	0	593	487	
11	0	0	0	0	596	492	
12	0	0	0	0	593	496	
13	0	0	0	0	591	502	
14	0	0	0	0	590	503	
15	0	0	0	0	590	499	
0	0	0	0	0	588	498	
1	0	0	0	0	586	500	
2	0	0	0	0	579	499	
3	0	0	0	0	572	501	
4	0	0	0	0	567	502	
5	0	0	0	0	564	500	
6	0	0	0	0	560	497	
7	0	0	0	0	558	493	
8	0	0	0	0	555	492	
9	0	0	0	0	551	491	
10	0	0	0	0	550	488	
11	0	0	0	0	547	489	
12	0	0	0	0	545	490	
13	0	0	0	0	545	489	
14	0	0	0	0	541	486	
15	0	0	0	0	539	485	
0	0	0	0	0	537	484	
1	0	0	0	0	533	484	
2	0	0	0	0	529	482	
3	0	0	0	0	524	480	
4	0	0	0	0	522	479	
5	0	0	0	0	521	478	
6	0	0	0	0	519	477	
7	0	0	0	0	518	479	
8	0	0	0	0	516	482	
9	0	0	0	0	515	487	
10	0	0	0	0	516	492	
11	0	0	0	0	519	490	
12	0	0	0	0	524	486	
13	0	0	0	0	530	485	
14	0	0	0	0	535	483	
15	0	0	0	0	538	481	
0	0	0	0	0	540	483	
1	0	0	0	0	536	487	
2	0	0	0	0	532	491	
3	0	0	0	0	528	496	
4	0	0	0	0	525	500	
5	0	0	0	0	524	501	
6	0	0	0	0	524	498	
7	0	0	0	0	527	496	
8	0	0	0	0	529	492	
9	0	0	0	0	530	490	
10	0	0	0	0	527	492	
11	0	0	0	0	524	497	
12	0	0	0	0	523	502	
13	0	0	0	0	519	504	
14	0	0	0	0	515	504	
15	0	0	0	0	507	504	
0	0	0	0	0	501	506	
1	0	0	0	0	494	507	
2	0	0	0	0	491	502	
3	0	0	0	0	492	497	
4	0	0	0	0	494	496	
5	0	0	0	0	497	499	
6	0	0	0	0	498	504	
7	0	0	0	0	491	511	
8	0	0	0	0	479	523	
9	0	0	0	0	469	536	
10	0	0	0	0	463	545	
11	0	0	0	0	465	558	
12	0	0	0	0	471	567	
13	0	0	0	0	480	572	
14	0	0	0	0	490	571	
15	0	0	0	0	500	564	
0	0	0	0	0	511	549	
1	0	0	0	0	525	531	
2	0	0	0	0	534	509	
3	0	0	0	0	537	490	
4	0	0	0	0	537	477	
5	0	0	0	0	540	467	
6	0	0	0	0	544	461	
7	0	0	0	0	549	452	
8	0	0	0	0	560	439	
9	0	0	0	0	573	423	
10	0	0	0	0	590	411	
11	0	0	0	0	607	397	
12	0	0	0	0	621	380	
13	0	0	0	0	634	371	
14	0	0	0	0	643	361	
15	0	0	0	0	646	346	
0	0	0	0	0	647	342	
1	0	0	0	0	650	336	
2	0	0	0	0	655	331	
3	0	0	0	0	659	336	
4	0	0	0	0	662	332	
5	0	0	0	0	664	321	
6	0	0	0	0	664	321	
7	0	0	0	0	661	314	
8	0	0	0	0	657	304	
9	0	0	0	0	654	303	
10	0	0	0	0	652	302	
11	0	0	0	0	654	309	
12	0	0	0	0	657	309	
13	0	0	0	0	662	302	
14	0	0	0	0	665	300	
15	0	0	0	0	668	297	
0	0	0	0	0	674	294	
1	0	0	0	0	675	307	
2	0	0	0	0	673	318	
3	0	0	0	0	671	328	
4	0	0	0	0	667	347	
5	0	0	0	0	664	355	
6	0	0	0	0	657	353	
7	0	0	0	0	644	361	
8	0	0	0	0	632	362	
9	0	0	0	0	622	365	
10	0	0	0	0	616	364	
11	0	0	0	0	613	364	
12	0	0	0	0	612	367	
13	0	0	0	0	612	366	
14	0	0	0	0	613	370	
15	0	0	0	0	611	379	
0	0	0	0	0	609	391	
1	0	0	0	0	606	398	
2	0	0	0	0	605	403	
3	0	0	0	0	603	406	
4	0	0	0	0	598	405	
5	0	0	0	0	591	407	
6	0	0	0	0	586	406	
7	0	0	0	0	583	404	
8	0	0	0	0	584	411	
9	0	0	0	0	593	414	
10	0	0	0	0	603	410	
11	0	0	0	0	616	414	
12	0	0	0	0	628	414	
13	0	0	0	0	640	412	
14	0	0	0	0	644	410	
15	0	0	0	0	645	401	
0	0	0	0	0	647	392	
1	0	0	0	0	647	387	
2	0	0	0	0	639	381	
3	0	0	0	0	634	378	
4	0	0	0	0	626	368	
5	0	0	0	0	618	352	
6	0	0	0	0	615	347	
7	0	0	0	0	612	339	
8	0	0	0	0	614	332	
9	0	0	0	0	617	335	
10	0	0	0	0	623	331	
11	0	0	0	0	633	327	
12	0	0	0	0	644	326	
13	0	0	0	0	654	320	
14	0	0	0	0	660	318	
15	0	0	0	0	667	309	
0	0	0	0	0	671	297	
1	0	0	0	0	674	299	
2	0	0	0	0	680	300	
3	0	0	0	0	688	299	
4	0	0	0	0	694	307	
5	0	0	0	0	700	302	
6	0	0	0	0	705	288	
7	0	0	0	0	710	283	
8	0	0	0	0	714	266	
9	0	0	0	0	715	257	
10	0	0	0	0	715	252	
11	0	0	0	0	716	247	
12	0	0	0	0	718	251	
13	0	0	0	0	721	255	
14	0	0	0	0	728	259	
15	0	0	0	0	732	272	
0	0	0	0	0	732	279	
1	0	0	0	0	731	278	
2	0	0	0	0	729	293	
3	0	0	0	0	726	296	
4	0	0	0	0	720	295	
5	0	0	0	0	714	304	
6	0	0	0	0	710	307	
7	0	0	0	0	707	316	
8	0	0	0	0	704	320	
9	0	0	0	0	702	320	
10	0	0	0	0	694	323	
11	0	0	0	0	684	319	
12	0	0	0	0	677	310	
13	0	0	0	0	672	309	
14	0	0	0	0	670	305	
15	0	0	0	0	671	299	
0	0	0	0	0	676	305	
1	0	0	0	0	684	304	
2	0	0	0	0	687	299	
3	0	0	0	0	691	307	
4	0	0	0	0	694	308	
5	0	0	0	0	695	311	
6	0	0	0	0	696	327	
7	0	0	0	0	698	333	
8	0	0	0	0	700	339	
9	0	0	0	0	701	342	
10	0	0	0	0	699	338	
11	0	0	0	0	695	336	
12	0	0	0	0	689	329	
13	0	0	0	0	679	316	
14	0	0	0	0	669	317	
15	0	0	0	0	660	313	
0	0	0	0	0	653	304	
1	0	0	0	0	650	309	
2	0	0	0	0	650	307	
3	0	0	0	0	650	313	
4	0	0	0	0	652	314	
5	0	0	0	0	651	312	
6	0	0	0	0	646	321	
7	0	0	0	0	643	327	
8	0	0	0	0	639	329	
9	0	0	0	0	632	338	
10	0	0	0	0	625	338	
11	0	0	0	0	619	334	
12	0	0	0	0	616	336	
13	0	0	0	0	618	332	
14	0	0	0	0	617	331	
15	0	0	0	0	614	330	
0	0	0	0	0	611	325	
1	0	0	0	0	606	324	
2	0	0	0	0	604	318	
3	0	0	0	0	599	307	
4	0	0	0	0	595	312	
5	0	0	0	0	592	313	
6	0	0	0	0	592	312	
7	0	0	0	0	592	322	
8	0	0	0	0	593	331	
9	0	0	0	0	593	343	
10	0	0	0	0	591	353	
11	0	0	0	0	590	359	
12	0	0	0	0	591	364	
13	0	0	0	0	591	367	
14	0	0	0	0	595	366	
15	0	0	0	0	601	369	
0	0	0	0	0	606	367	
1	0	0	0	0	610	363	
2	0	0	0	0	610	364	
3	0	0	0	0	607	366	
4	0	0	0	0	600	369	
5	0	0	0	0	594	370	
6	0	0	0	0	585	371	
7	0	0	0	0	582	377	
8	0	0	0	0	583	381	
9	0	0	0	0	585	384	
10	0	0	0	0	585	395	
11	0	0	0	0	586	399	
12	0	0	0	0	585	408	
13	0	0	0	0	584	417	
14	0	0	0	0	586	424	
15	0	0	0	0	588	429	
0	0	0	0	0	587	431	
1	0	0	0	0	587	428	
2	0	0	0	0	590	431	
3	0	0	0	0	592	432	
4	0	0	0	0	591	431	
5	0	0	0	0	588	437	
6	0	0	0	0	584	443	
7	0	0	0	0	579	446	
8	0	0	0	0	578	451	
9	0	0	0	0	580	454	
10	0	0	0	0	583	460	
11	0	0	0	0	588	462	
12	0	0	0	0	591	465	
13	0	0	0	0	594	467	
14	0	0	0	0	595	471	
15	0	0	0	0	595	478	
0	0	0	0	0	592	484	
1	0	0	0	0	586	489	
2	0	0	0	0	580	491	
3	0	0	0	0	574	492	
4	0	0	0	0	568	496	
5	0	0	0	0	561	496	
6	0	0	0	0	554	494	
7	0	0	0	0	548	493	
8	0	0	0	0	543	492	
9	0	0	0	0	541	489	
10	0	0	0	0	537	483	
11	0	0	0	0	531	483	
12	0	0	0	0	527	487	
13	0	0	0	0	523	491	
14	0	0	0	0	520	497	
15	0	0	0	0	517	503	
0	0	0	0	0	512	503	
1	0	0	0	0	507	496	
2	0	0	0	0	507	487	
3	0	0	0	0	510	478	
4	0	0	0	0	516	474	
5	0	0	0	0	521	473	
6	0	0	0	0	523	473	
7	0	0	0	0	524	472	
8	0	0	0	0	522	475	
9	0	0	0	0	518	477	
10	0	0	0	0	512	481	
11	0	0	0	0	505	488	
12	0	0	0	0	502	496	
13	0	0	0	0	499	501	
14	0	0	0	0	496	502	
15	0	0	0	0	496	501	
0	0	0	0	0	496	504	
1	0	0	0	0	494	504	
2	0	0	0	0	493	506	
3	0	0	0	0	492	503	
4	0	0	0	0	495	499	
5	0	0	0	0	498	497	
6	0	0	0	0	499	494	
7	0	0	0	0	499	494	
8	0	0	0	0	496	492	
9	0	0	0	0	495	492	
10	0	0	0	0	496	494	
11	0	0	0	0	494	499	
12	0	0	0	0	491	508	
13	0	0	0	0	486	518	
14	0	0	0	0	484	527	
15	0	0	0	0	483	528	
0	0	0	0	0	483	524	
1	0	0	0	0	485	515	
2	0	0	0	0	487	504	
3	0	0	0	0	486	496	
4	0	0	0	0	486	489	
5	0	0	0	0	486	481	
6	0	0	0	0	487	479	
7	0	0	0	0	486	480	
8	0	0	0	0	486	482	
9	0	0	0	0	487	487	
10	0	0	0	0	483	494	
11	0	0	0	0	482	500	
12	0	0	0	0	481	506	
13	0	0	0	0	479	510	
14	0	0	0	0	475	516	
15	0	0	0	0	473	522	
0	0	0	0	0	469	527	
1	0	0	0	0	464	531	
2	0	0	0	0	463	535	
3	0	0	0	0	461	540	
4	0	0	0	0	463	545	
5	0	0	0	0	465	550	
6	0	0	0	0	470	553	
7	0	0	0	0	477	560	
8	0	0	0	0	484	563	
9	0	0	0	0	488	569	
10	0	0	0	0	486	570	
11	0	0	0	0	481	568	
12	0	0	0	0	478	564	
13	0	0	0	0	475	558	
14	0	0	0	0	473	551	
15	0	0	0	0	476	544	
0	0	0	0	0	479	543	
1	0	0	0	0	480	542	
2	0	0	0	0	480	541	
3	0	0	0	0	482	539	
4	0	0	0	0	483	531	
5	0	0	0	0	486	524	
6	0	0	0	0	491	519	
7	0	0	0	0	498	511	
8	0	0	0	0	505	507	
9	0	0	0	0	512	503	
10	0	0	0	0	515	502	
11	0	0	0	0	516	504	
12	0	0	0	0	511	505	
13	0	0	0	0	505	505	
14	0	0	0	0	500	506	
15	0	0	0	0	496	508	
0	0	0	0	0	493	513	
1	0	0	0	0	490	518	
2	0	0	0	0	489	523	
3	0	0	0	0	489	525	
4	0	0	0	0	487	524	
5	0	0	0	0	482	524	
6	0	0	0	0	480	523	
7	0	0	0	0	473	522	
8	0	0	0	0	471	525	
9	0	0	0	0	467	525	
10	0	0	0	0	464	526	
11	0	0	0	0	463	526	
12	0	0	0	0	463	525	
13	0	0	0	0	469	523	
14	0	0	0	0	476	522	
15	0	0	0	0	480	516	
0	0	0	0	0	481	515	
1	0	0	0	0	486	515	
2	0	0	0	0	492	514	
3	0	0	0	0	494	513	
4	0	0	0	0	496	519	
5	0	0	0	0	500	527	
6	0	0	0	0	504	533	
7	0	0	0	0	507	539	
8	0	0	0	0	509	538	
9	0	0	0	0	510	533	
10	0	0	0	0	512	526	
11	0	0	0	0	515	518	
12	0	0	0	0	516	512	
13	0	0	0	0	518	510	
14	0	0	0	0	521	512	
15	0	0	0	0	526	512	
0	0	0	0	0	529	513	
1	0	0	0	0	530	518	
2	0	0	0	0	528	521	
3	0	0	0	0	528	522	
4	0	0	0	0	527	525	
5	0	0	0	0	526	531	
6	0	0	0	0	527	538	
7	0	0	0	0	526	545	
8	0	0	0	0	520	548	
9	0	0	0	0	515	548	
10	0	0	0	0	511	549	
11	0	0	0	0	508	548	
12	0	0	0	0	505	543	
13	0	0	0	0	505	540	
14	0	0	0	0	505	536	
15	0	0	0	0	502	536	
0	0	0	0	0	499	537	
1	0	0	0	0	496	529	
2	0	0	0	0	494	517	
3	0	0	0	0	491	508	
4	0	0	0	0	491	509	
5	0	0	0	0	495	519	
6	0	0	0	0	497	531	
7	0	0	0	0	498	544	
8	0	0	0	0	496	552	
9	0	0	0	0	492	559	
10	0	0	0	0	486	567	
11	0	0	0	0	478	572	
12	0	0	0	0	472	575	
13	0	0	0	0	470	582	
14	0	0	0	0	469	591	
15	0	0	0	0	463	596	
0	0	0	0	0	459	602	
1	0	0	0	0	460	609	
2	0	0	0	0	463	614	
3	0	0	0	0	466	616	
4	0	0	0	0	465	619	
5	0	0	0	0	464	619	
6	0	0	0	0	459	617	
7	0	0	0	0	453	615	
8	0	0	0	0	452	610	
9	0	0	0	0	453	609	
10	0	0	0	0	452	610	
11	0	0	0	0	448	607	
12	0	0	0	0	443	603	
13	0	0	0	0	438	595	
14	0	0	0	0	432	586	
15	0	0	0	0	431	578	
0	0	0	0	0	432	574	
1	0	0	0	0	438	573	
2	0	0	0	0	443	575	
3	0	0	0	0	448	577	
4	0	0	0	0	455	580	
5	0	0	0	0	461	578	
6	0	0	0	0	464	580	
7	0	0	0	0	467	578	
8	0	0	0	0	472	574	
9	0	0	0	0	478	568	
10	0	0	0	0	483	559	
11	0	0	0	0	486	552	
12	0	0	0	0	491	550	
13	0	0	0	0	497	550	
14	0	0	0	0	504	551	
15	0	0	0	0	509	553	
0	0	0	0	0	513	554	
1	0	0	0	0	511	556	
2	0	0	0	0	508	556	
3	0	0	0	0	502	556	
4	0	0	0	0	492	558	
5	0	0	0	0	483	554	
6	0	0	0	0	478	551	
7	0	0	0	0	474	551	
8	0	0	0	0	473	558	
9	0	0	0	0	474	570	
10	0	0	0	0	478	583	
11	0	0	0	0	481	592	
12	0	0	0	0	480	591	
13	0	0	0	0	481	585	
14	0	0	0	0	481	575	
15	0	0	0	0	481	565	
0	0	0	0	0	484	557	
1	0	0	0	0	482	550	
2	0	0	0	0	478	551	
3	0	0	0	0	472	552	
4	0	0	0	0	467	556	
5	0	0	0	0	467	562	
6	0	0	0	0	468	565	
7	0	0	0	0	471	569	
8	0	0	0	0	471	576	
9	0	0	0	0	470	583	
10	0	0	0	0	472	588	
11	0	0	0	0	478	587	
12	0	0	0	0	481	585	
13	0	0	0	0	485	582	
14	0	0	0	0	487	579	
15	0	0	0	0	488	575	
0	0	0	0	0	491	575	
1	0	0	0	0	491	576	
2	0	0	0	0	489	579	
3	0	0	0	0	487	580	
4	0	0	0	0	486	579	
5	0	0	0	0	489	579	
6	0	0	0	0	492	580	
7	0	0	0	0	494	583	
8	0	0	0	0	493	578	
9	0	0	0	0	490	572	
10	0	0	0	0	486	567	
11	0	0	0	0	482	563	
12	0	0	0	0	480	562	
13	0	0	0	0	483	562	
14	0	0	0	0	491	561	
15	0	0	0	0	497	562	
0	0	0	0	0	502	564	
1	0	0	0	0	502	568	
2	0	0	0	0	499	568	
3	0	0	0	0	494	563	
4	0	0	0	0	489	556	
5	0	0	0	0	483	551	
6	0	0	0	0	476	550	
7	0	0	0	0	465	551	
8	0	0	0	0	453	558	
9	0	0	0	0	442	566	
10	0	0	0	0	434	572	
11	0	0	0	0	432	575	
12	0	0	0	0	433	576	
13	0	0	0	0	436	576	
14	0	0	0	0	443	577	
15	0	0	0	0	453	577	
0	0	0	0	0	465	575	
1	0	0	0	0	472	574	
2	0	0	0	0	472	570	
3	0	0	0	0	472	569	
4	0	0	0	0	475	569	
5	0	0	0	0	475	569	
6	0	0	0	0	471	568	
7	0	0	0	0	469	564	
8	0	0	0	0	471	564	
9	0	0	0	0	473	560	
10	0	0	0	0	476	558	
11	0	0	0	0	482	553	
12	0	0	0	0	485	551	
13	0	0	0	0	483	549	
14	0	0	0	0	479	548	
15	0	0	0	0	476	549	
0	0	0	0	0	471	544	
1	0	0	0	0	467	539	
2	0	0	0	0	460	527	
3	0	0	0	0	452	519	
4	0	0	0	0	443	515	
5	0	0	0	0	434	510	
6	0	0	0	0	429	508	
7	0	0	0	0	424	506	
8	0	0	0	0	422	504	
9	0	0	0	0	418	505	
10	0	0	0	0	417	505	
11	0	0	0	0	418	505	
12	0	0	0	0	415	503	
13	0	0	0	0	410	502	
14	0	0	0	0	409	503	
15	0	0	0	0	410	502	
0	0	0	0	0	416	504	
1	0	0	0	0	420	506	
2	0	0	0	0	422	509	
3	0	0	0	0	427	513	
4	0	0	0	0	435	518	
5	0	0	0	0	442	524	
6	0	0	0	0	450	532	
7	0	0	0	0	457	539	
8	0	0	0	0	459	548	
9	0	0	0	0	460	555	
10	0	0	0	0	463	560	
11	0	0	0	0	463	563	
12	0	0	0	0	462	562	
13	0	0	0	0	464	563	
14	0	0	0	0	465	566	
15	0	0	0	0	465	570	
0	0	0	0	0	465	574	
1	0	0	0	0	464	575	
2	0	0	0	0	461	574	
3	0	0	0	0	456	574	
4	0	0	0	0	450	561	
5	0	0	0	0	445	547	
6	0	0	0	0	443	541	
7	0	0	0	0	444	539	
8	0	0	0	0	448	537	
9	0	0	0	0	449	536	
10	0	0	0	0	453	536	
11	0	0	0	0	451	531	
12	0	0	0	0	446	525	
13	0	0	0	0	444	518	
14	0	0	0	0	442	511	
15	0	0	0	0	440	507	
0	0	0	0	0	444	505	
1	0	0	0	0	449	504	
2	0	0	0	0	457	508	
3	0	0	0	0	466	513	
4	0	0	0	0	472	520	
5	0	0	0	0	475	532	
6	0	0	0	0	478	543	
7	0	0	0	0	480	550	
8	0	0	0	0	480	551	
9	0	0	0	0	479	550	
10	0	0	0	0	479	547	
11	0	0	0	0	480	547	
12	0	0	0	0	478	547	
13	0	0	0	0	478	544	
14	0	0	0	0	478	541	
15	0	0	0	0	480	538	
0	0	0	0	0	480	534	
1	0	0	0	0	482	527	
2	0	0	0	0	482	517	
3	0	0	0	0	480	509	
4	0	0	0	0	483	508	
5	0	0	0	0	487	515	
6	0	0	0	0	491	524	
7	0	0	0	0	492	531	
8	0	0	0	0	494	539	
9	0	0	0	0	489	543	
10	0	0	0	0	483	548	
11	0	0	0	0	478	551	
12	0	0	0	0	473	551	
13	0	0	0	0	467	551	
14	0	0	0	0	465	551	
15	0	0	0	0	468	552	
0	0	0	0	0	473	553	
1	0	0	0	0	476	558	
2	0	0	0	0	483	563	
3	0	0	0	0	492	569	
4	0	0	0	0	504	572	
5	0	0	0	0	512	574	
6	0	0	0	0	515	577	
7	0	0	0	0	516	580	
8	0	0	0	0	515	582	
9	0	0	0	0	514	579	
10	0	0	0	0	511	575	
11	0	0	0	0	508	573	
12	0	0	0	0	502	572	
13	0	0	0	0	492	570	
14	0	0	0	0	479	568	
15	0	0	0	0	471	567	
0	0	0	0	0	465	567	
1	0	0	0	0	465	565	
2	0	0	0	0	469	562	
3	0	0	0	0	474	564	
4	0	0	0	0	479	565	
5	0	0	0	0	486	568	
6	0	0	0	0	494	573	
7	0	0	0	0	503	576	
8	0	0	0	0	510	579	
9	0	0	0	0	516	577	
10	0	0	0	0	521	573	
11	0	0	0	0	525	567	
12	0	0	0	0	525	563	
13	0	0	0	0	520	556	
14	0	0	0	0	512	552	
15	0	0	0	0	503	553	
0	0	0	0	0	497	558	
1	0	0	0	0	495	558	
2	0	0	0	0	494	559	
3	0	0	0	0	492	559	
4	0	0	0	0	492	556	
5	0	0	0	0	493	551	
6	0	0	0	0	494	547	
7	0	0	0	0	496	542	
8	0	0	0	0	500	538	
9	0	0	0	0	505	534	
10	0	0	0	0	509	535	
11	0	0	0	0	514	540	
12	0	0	0	0	516	543	
13	0	0	0	0	516	543	
14	0	0	0	0	517	545	
15	0	0	0	0	516	546	
0	0	0	0	0	515	545	
1	0	0	0	0	518	542	
2	0	0	0	0	520	540	
3	0	0	0	0	524	544	
4	0	0	0	0	527	547	
5	0	0	0	0	529	548	
6	0	0	0	0	530	546	
7	0	0	0	0	527	542	
8	0	0	0	0	518	539	
9	0	0	0	0	508	533	
10	0	0	0	0	500	527	
11	0	0	0	0	494	521	
12	0	0	0	0	488	523	
13	0	0	0	0	483	525	
14	0	0	0	0	477	528	
15	0	0	0	0	471	528	
0	0	0	0	0	469	530	
1	0	0	0	0	468	534	
2	0	0	0	0	470	539	
3	0	0	0	0	471	539	
4	0	0	0	0	474	532	
5	0	0	0	0	479	528	
6	0	0	0	0	481	525	
7	0	0	0	0	482	525	
8	0	0	0	0	484	525	
9	0	0	0	0	486	527	
10	0	0	0	0	486	529	
11	0	0	0	0	487	533	
12	0	0	0	0	488	539	
13	0	0	0	0	490	544	
14	0	0	0	0	493	547	
15	0	0	0	0	495	550	
0	0	0	0	0	500	551	
1	0	0	0	0	508	548	
2	0	0	0	0	515	543	
3	0	0	0	0	518	542	
4	0	0	0	0	523	536	
5	0	0	0	0	527	531	
6	0	0	0	0	527	524	
7	0	0	0	0	523	519	
8	0	0	0	0	518	515	
9	0	0	0	0	512	510	
10	0	0	0	0	508	504	
11	0	0	0	0	512	500	
12	0	0	0	0	519	500	
13	0	0	0	0	523	499	
14	0	0	0	0	527	497	
15	0	0	0	0	527	490	
0	0	0	0	0	524	483	
1	0	0	0	0	519	481	
2	0	0	0	0	515	485	
3	0	0	0	0	509	490	
4	0	0	0	0	507	494	
5	0	0	0	0	515	501	
6	0	0	0	0	524	510	
7	0	0	0	0	532	521	
8	0	0	0	0	540	531	
9	0	0	0	0	547	542	
10	0	0	0	0	550	553	
11	0	0	0	0	551	560	
12	0	0	0	0	548	562	
13	0	0	0	0	539	560	
14	0	0	0	0	530	557	
15	0	0	0	0	521	555	
0	0	0	0	0	512	555	
1	0	0	0	0	505	555	
2	0	0	0	0	501	555	
3	0	0	0	0	499	554	
4	0	0	0	0	496	553	
5	0	0	0	0	495	554	
6	0	0	0	0	494	549	
7	0	0	0	0	490	542	
8	0	0	0	0	484	536	
9	0	0	0	0	481	534	
10	0	0	0	0	478	533	
11	0	0	0	0	477	530	
12	0	0	0	0	477	526	
13	0	0	0	0	474	523	
14	0	0	0	0	471	518	
15	0	0	0	0	467	513	
0	0	0	0	0	462	508	
1	0	0	0	0	460	508	
2	0	0	0	0	461	507	
3	0	0	0	0	455	508	
4	0	0	0	0	449	508	
5	0	0	0	0	444	506	
6	0	0	0	0	443	506	
7	0	0	0	0	447	512	
8	0	0	0	0	448	521	
9	0	0	0	0	447	526	
10	0	0	0	0	448	527	
11	0	0	0	0	449	529	
12	0	0	0	0	450	527	
13	0	0	0	0	452	526	
14	0	0	0	0	459	524	
15	0	0	0	0	466	526	
0	0	0	0	0	471	528	
1	0	0	0	0	472	530	
2	0	0	0	0	472	527	
3	0	0	0	0	476	523	
4	0	0	0	0	475	519	
5	0	0	0	0	477	515	
6	0	0	0	0	476	507	
7	0	0	0	0	476	499	
8	0	0	0	0	477	492	
9	0	0	0	0	476	489	
10	0	0	0	0	474	491	
11	0	0	0	0	471	497	
12	0	0	0	0	469	501	
13	0	0	0	0	465	503	
14	0	0	0	0	461	504	
15	0	0	0	0	454	503	
0	0	0	0	0	443	500	
1	0	0	0	0	436	498	
2	0	0	0	0	432	501	
3	0	0	0	0	428	511	
4	0	0	0	0	427	519	
5	0	0	0	0	425	527	
6	0	0	0	0	427	533	
7	0	0	0	0	432	534	
8	0	0	0	0	434	532	
9	0	0	0	0	435	532	
10	0	0	0	0	440	534	
11	0	0	0	0	442	533	
12	0	0	0	0	443	534	
13	0	0	0	0	443	534	
14	0	0	0	0	444	532	
15	0	0	0	0	447	530	
0	0	0	0	0	450	533	
1	0	0	0	0	454	536	
2	0	0	0	0	457	534	
3	0	0	0	0	458	531	
4	0	0	0	0	458	527	
5	0	0	0	0	458	521	
6	0	0	0	0	459	518	
7	0	0	0	0	461	515	
8	0	0	0	0	461	510	
9	0	0	0	0	460	503	
10	0	0	0	0	459	497	
11	0	0	0	0	455	493	
12	0	0	0	0	450	489	
13	0	0	0	0	447	489	
14	0	0	0	0	446	490	
15	0	0	0	0	444	487	
0	0	0	0	0	446	480	
1	0	0	0	0	447	472	
2	0	0	0	0	448	465	
3	0	0	0	0	450	459	
4	0	0	0	0	455	452	
5	0	0	0	0	462	452	
6	0	0	0	0	470	454	
7	0	0	0	0	476	458	
8	0	0	0	0	480	467	
9	0	0	0	0	484	473	
10	0	0	0	0	486	479	
11	0	0	0	0	486	484	
12	0	0	0	0	488	489	
13	0	0	0	0	488	495	
14	0	0	0	0	487	497	
15	0	0	0	0	486	502	
0	0	0	0	0	485	502	
1	0	0	0	0	484	500	
2	0	0	0	0	485	496	
3	0	0	0	0	486	492	
4	0	0	0	0	483	489	
5	0	0	0	0	478	484	
6	0	0	0	0	472	478	
7	0	0	0	0	466	472	
8	0	0	0	0	458	464	
9	0	0	0	0	449	458	
10	0	0	0	0	443	456	
11	0	0	0	0	441	458	
12	0	0	0	0	441	462	
13	0	0	0	0	447	464	
14	0	0	0	0	458	465	
15	0	0	0	0	465	464	
0	0	0	0	0	472	465	
1	0	0	0	0	477	467	
2	0	0	0	0	480	471	
3	0	0	0	0	484	479	
4	0	0	0	0	491	487	
5	0	0	0	0	494	494	
6	0	0	0	0	498	504	
7	0	0	0	0	504	510	
8	0	0	0	0	506	513	
9	0	0	0	0	505	517	
10	0	0	0	0	504	522	
11	0	0	0	0	505	528	
12	0	0	0	0	507	533	
13	0	0	0	0	511	539	
14	0	0	0	0	515	545	
15	0	0	0	0	523	547	
0	0	0	0	0	533	545	
1	0	0	0	0	539	542	
2	0	0	0	0	540	538	
3	0	0	0	0	537	527	
4	0	0	0	0	529	515	
5	0	0	0	0	522	505	
6	0	0	0	0	513	497	
7	0	0	0	0	508	492	
8	0	0	0	0	507	493	
9	0	0	0	0	506	499	
10	0	0	0	0	508	505	
11	0	0	0	0	513	509	
12	0	0	0	0	515	508	
13	0	0	0	0	515	502	
14	0	0	0	0	513	500	
15	0	0	0	0	513	497	
0	0	0	0	0	514	494	
1	0	0	0	0	516	489	
2	0	0	0	0	514	485	
3	0	0	0	0	509	488	
4	0	0	0	0	507	492	
5	0	0	0	0	505	490	
6	0	0	0	0	502	489	
7	0	0	0	0	500	493	
8	0	0	0	0	497	499	
9	0	0	0	0	495	506	
10	0	0	0	0	494	513	
11	0	0	0	0	494	519	
12	0	0	0	0	496	525	
13	0	0	0	0	497	526	
14	0	0	0	0	495	524	
15	0	0	0	0	495	523	
0	0	0	0	0	499	519	
1	0	0	0	0	503	514	
2	0	0	0	0	504	509	
3	0	0	0	0	505	504	
4	0	0	0	0	505	500	
5	0	0	0	0	504	499	
6	0	0	0	0	504	496	
7	0	0	0	0	504	496	
8	0	0	0	0	507	499	
9	0	0	0	0	510	506	
10	0	0	0	0	510	514	
11	0	0	0	0	510	519	
12	0	0	0	0	509	519	
13	0	0	0	0	507	515	
14	0	0	0	0	504	509	
15	0	0	0	0	505	501	
0	0	0	0	0	506	494	
1	0	0	0	0	512	493	
2	0	0	0	0	518	496	
3	0	0	0	0	527	499	
4	0	0	0	0	533	510	
5	0	0	0	0	536	521	
6	0	0	0	0	534	529	
7	0	0	0	0	528	537	
8	0	0	0	0	523	543	
9	0	0	0	0	514	546	
10	0	0	0	0	506	548	
11	0	0	0	0	502	549	
12	0	0	0	0	500	553	
13	0	0	0	0	502	560	
14	0	0	0	0	506	568	
15	0	0	0	0	514	574	
0	0	0	0	0	520	579	
1	0	0	0	0	518	584	
2	0	0	0	0	512	586	
3	0	0	0	0	505	583	
4	0	0	0	0	496	579	
5	0	0	0	0	491	581	
6	0	0	0	0	484	582	
7	0	0	0	0	472	579	
8	0	0	0	0	455	570	
9	0	0	0	0	443	553	
10	0	0	0	0	433	537	
11	0	0	0	0	430	521	
12	0	0	0	0	433	508	
13	0	0	0	0	435	497	
14	0	0	0	0	439	491	
15	0	0	0	0	444	487	
0	0	0	0	0	450	487	
1	0	0	0	0	459	491	
2	0	0	0	0	467	499	
3	0	0	0	0	472	508	
4	0	0	0	0	475	519	
5	0	0	0	0	480	534	
6	0	0	0	0	483	548	
7	0	0	0	0	487	556	
8	0	0	0	0	491	560	
9	0	0	0	0	492	563	
10	0	0	0	0	492	564	
11	0	0	0	0	495	564	
12	0	0	0	0	499	563	
13	0	0	0	0	504	561	
14	0	0	0	0	508	559	
15	0	0	0	0	510	555	
0	0	0	0	0	506	549	
1	0	0	0	0	501	540	
2	0	0	0	0	499	532	
3	0	0	0	0	498	528	
4	0	0	0	0	497	529	
5	0	0	0	0	500	526	
6	0	0	0	0	504	526	
7	0	0	0	0	505	525	
8	0	0	0	0	503	524	
9	0	0	0	0	499	520	
10	0	0	0	0	495	510	
11	0	0	0	0	493	502	
12	0	0	0	0	494	496	
13	0	0	0	0	500	497	
14	0	0	0	0	506	503	
15	0	0	0	0	514	511	
0	0	0	0	0	524	520	
1	0	0	0	0	531	528	
2	0	0	0	0	536	534	
3	0	0	0	0	537	536	
4	0	0	0	0	537	538	
5	0	0	0	0	537	539	
6	0	0	0	0	540	539	
7	0	0	0	0	542	541	
8	0	0	0	0	543	543	
9	0	0	0	0	542	545	
10	0	0	0	0	540	547	
11	0	0	0	0	538	546	
12	0	0	0	0	540	545	
13	0	0	0	0	539	543	
14	0	0	0	0	540	539	
15	0	0	0	0	543	536	
0	0	0	0	0	543	532	
1	0	0	0	0	543	527	
2	0	0	0	0	540	522	
3	0	0	0	0	540	519	
4	0	0	0	0	538	518	
5	0	0	0	0	534	516	
6	0	0	0	0	530	512	
7	0	0	0	0	524	514	
8	0	0	0	0	515	519	
9	0	0	0	0	511	529	
10	0	0	0	0	508	539	
11	0	0	0	0	505	547	
12	0	0	0	0	500	548	
13	0	0	0	0	496	547	
14	0	0	0	0	495	545	
15	0	0	0	0	500	545	
0	0	0	0	0	504	547	
1	0	0	0	0	511	550	
2	0	0	0	0	519	557	
3	0	0	0	0	525	557	
4	0	0	0	0	531	558	
5	0	0	0	0	534	558	
6	0	0	0	0	536	554	
7	0	0	0	0	537	552	
8	0	0	0	0	537	552	
9	0	0	0	0	535	551	
10	0	0	0	0	533	550	
11	0	0	0	0	533	551	
12	0	0	0	0	535	553	
13	0	0	0	0	535	556	
14	0	0	0	0	535	559	
15	0	0	0	0	534	562	
0	0	0	0	0	535	564	
1	0	0	0	0	539	565	
2	0	0	0	0	541	565	
3	0	0	0	0	543	564	
4	0	0	0	0	549	563	
5	0	0	0	0	551	560	
6	0	0	0	0	549	556	
7	0	0	0	0	540	554	
8	0	0	0	0	533	550	
9	0	0	0	0	523	548	
10	0	0	0	0	507	548	
11	0	0	0	0	492	543	
12	0	0	0	0	480	536	
13	0	0	0	0	476	531	
14	0	0	0	0	478	526	
15	0	0	0	0	482	525	
0	0	0	0	0	489	524	
1	0	0	0	0	502	522	
2	0	0	0	0	512	521	
3	0	0	0	0	521	521	
4	0	0	0	0	530	524	
5	0	0	0	0	537	529	
6	0	0	0	0	539	531	
7	0	0	0	0	542	534	
8	0	0	0	0	541	530	
9	0	0	0	0	540	526	
10	0	0	0	0	537	515	
11	0	0	0	0	535	506	
12	0	0	0	0	531	492	
13	0	0	0	0	526	479	
14	0	0	0	0	522	469	
15	0	0	0	0	521	463	
0	0	0	0	0	518	463	
1	0	0	0	0	513	461	
2	0	0	0	0	504	463	
3	0	0	0	0	500	465	
4	0	0	0	0	497	472	
5	0	0	0	0	494	475	
6	0	0	0	0	492	476	
7	0	0	0	0	489	478	
8	0	0	0	0	487	486	
9	0	0	0	0	484	491	
10	0	0	0	0	482	491	
11	0	0	0	0	481	479	
12	0	0	0	0	483	472	
13	0	0	0	0	491	467	
14	0	0	0	0	502	467	
15	0	0	0	0	511	468	
0	0	0	0	0	521	467	
1	0	0	0	0	531	470	
2	0	0	0	0	539	473	
3	0	0	0	0	551	480	
4	0	0	0	0	562	486	
5	0	0	0	0	572	493	
6	0	0	0	0	577	500	
7	0	0	0	0	574	505	
8	0	0	0	0	568	505	
9	0	0	0	0	564	503	
10	0	0	0	0	557	499	
11	0	0	0	0	550	496	
12	0	0	0	0	539	491	
13	0	0	0	0	526	483	
14	0	0	0	0	513	477	
15	0	0	0	0	503	471	
0	0	0	0	0	498	467	
1	0	0	0	0	494	467	
2	0	0	0	0	489	469	
3	0	0	0	0	487	470	
4	0	0	0	0	484	473	
5	0	0	0	0	483	482	
6	0	0	0	0	484	488	
7	0	0	0	0	491	495	
8	0	0	0	0	495	499	
9	0	0	0	0	501	498	
10	0	0	0	0	510	494	
11	0	0	0	0	518	490	
12	0	0	0	0	525	487	
13	0	0	0	0	528	481	
14	0	0	0	0	531	468	
15	0	0	0	0	536	455	
0	0	0	0	0	539	444	
1	0	0	0	0	542	440	
2	0	0	0	0	545	440	
3	0	0	0	0	549	448	
4	0	0	0	0	553	457	
5	0	0	0	0	556	463	
6	0	0	0	0	559	470	
7	0	0	0	0	563	478	
8	0	0	0	0	565	485	
9	0	0	0	0	563	496	
10	0	0	0	0	559	499	
11	0	0	0	0	556	496	
12	0	0	0	0	553	494	
13	0	0	0	0	552	489	
14	0	0	0	0	552	483	
15	0	0	0	0	558	479	
0	0	0	0	0	563	474	
1	0	0	0	0	569	476	
2	0	0	0	0	573	480	
3	0	0	0	0	577	493	
4	0	0	0	0	579	513	
5	0	0	0	0	579	533	
6	0	0	0	0	579	551	
7	0	0	0	0	569	564	
8	0	0	0	0	556	574	
9	0	0	0	0	543	579	
10	0	0	0	0	532	580	
11	0	0	0	0	525	579	
12	0	0	0	0	519	570	
13	0	0	0	0	519	566	
14	0	0	0	0	516	562	
15	0	0	0	0	515	561	
0	0	0	0	0	515	564	
1	0	0	0	0	512	568	
2	0	0	0	0	504	575	
3	0	0	0	0	493	583	
4	0	0	0	0	483	590	
5	0	0	0	0	474	597	
6	0	0	0	0	463	604	
7	0	0	0	0	455	610	
8	0	0	0	0	448	616	
9	0	0	0	0	442	622	
10	0	0	0	0	439	627	
11	0	0	0	0	439	628	
12	0	0	0	0	442	627	
13	0	0	0	0	447	622	
14	0	0	0	0	450	616	
15	0	0	0	0	457	610	
0	0	0	0	0	463	608	
1	0	0	0	0	465	610	
2	0	0	0	0	466	610	
3	0	0	0	0	465	607	
4	0	0	0	0	461	606	
5	0	0	0	0	460	607	
6	0	0	0	0	463	612	
7	0	0	0	0	470	619	
8	0	0	0	0	479	628	
9	0	0	0	0	486	637	
10	0	0	0	0	490	645	
11	0	0	0	0	492	652	
12	0	0	0	0	495	658	
13	0	0	0	0	502	664	
14	0	0	0	0	511	672	
15	0	0	0	0	516	670	
0	0	0	0	0	517	665	
1	0	0	0	0	512	662	
2	0	0	0	0	508	664	
3	0	0	0	0	506	668	
4	0	0	0	0	505	672	
5	0	0	0	0	509	675	
6	0	0	0	0	511	673	
7	0	0	0	0	511	668	
8	0	0	0	0	509	663	
9	0	0	0	0	507	657	
10	0	0	0	0	505	644	
11	0	0	0	0	508	628	
12	0	0	0	0	509	612	
13	0	0	0	0	506	599	
14	0	0	0	0	501	584	
15	0	0	0	0	497	574	
0	0	0	0	0	495	569	
1	0	0	0	0	488	569	
2	0	0	0	0	476	569	
3	0	0	0	0	469	565	
4	0	0	0	0	467	565	
5	0	0	0	0	468	569	
6	0	0	0	0	470	572	
7	0	0	0	0	472	576	
8	0	0	0	0	473	581	
9	0	0	0	0	476	583	
10	0	0	0	0	480	583	
11	0	0	0	0	478	582	
12	0	0	0	0	475	576	
13	0	0	0	0	466	571	
14	0	0	0	0	457	568	
15	0	0	0	0	451	563	
0	0	0	0	0	445	563	
1	0	0	0	0	441	563	
2	0	0	0	0	440	560	
3	0	0	0	0	436	559	
4	0	0	0	0	432	561	
5	0	0	0	0	430	560	
6	0	0	0	0	429	556	
7	0	0	0	0	433	553	
8	0	0	0	0	438	553	
9	0	0	0	0	444	553	
10	0	0	0	0	450	551	
11	0	0	0	0	456	553	
12	0	0	0	0	458	553	
13	0	0	0	0	459	554	
14	0	0	0	0	460	550	
15	0	0	0	0	461	542	
0	0	0	0	0	468	531	
1	0	0	0	0	473	521	
2	0	0	0	0	475	512	
3	0	0	0	0	477	507	
4	0	0	0	0	478	505	
5	0	0	0	0	481	504	
6	0	0	0	0	484	503	
7	0	0	0	0	483	500	
8	0	0	0	0	482	502	
9	0	0	0	0	479	505	
10	0	0	0	0	476	511	
11	0	0	0	0	469	518	
12	0	0	0	0	460	525	
13	0	0	0	0	458	524	
14	0	0	0	0	462	521	
15	0	0	0	0	465	518	
0	0	0	0	0	467	512	
1	0	0	0	0	469	511	
2	0	0	0	0	471	512	
3	0	0	0	0	476	519	
4	0	0	0	0	483	529	
5	0	0	0	0	491	536	
6	0	0	0	0	496	541	
7	0	0	0	0	498	540	
8	0	0	0	0	500	537	
9	0	0	0	0	500	534	
10	0	0	0	0	500	532	
11	0	0	0	0	501	531	
12	0	0	0	0	502	527	
13	0	0	0	0	503	525	
14	0	0	0	0	505	526	
15	0	0	0	0	507	526	
0	0	0	0	0	510	527	
1	0	0	0	0	510	529	
2	0	0	0	0	510	531	
3	0	0	0	0	511	534	
4	0	0	0	0	508	539	
5	0	0	0	0	505	545	
6	0	0	0	0	501	547	
7	0	0	0	0	493	552	
8	0	0	0	0	485	556	
9	0	0	0	0	476	555	
10	0	0	0	0	468	549	
11	0	0	0	0	462	545	
12	0	0	0	0	460	543	
13	0	0	0	0	460	540	
14	0	0	0	0	459	536	
15	0	0	0	0	455	534	
0	0	0	0	0	452	526	
1	0	0	0	0	448	518	
2	0	0	0	0	449	514	
3	0	0	0	0	451	511	
4	0	0	0	0	455	510	
5	0	0	0	0	458	512	
6	0	0	0	0	465	514	
7	0	0	0	0	472	515	
8	0	0	0	0	476	515	
9	0	0	0	0	478	516	
10	0	0	0	0	479	516	
11	0	0	0	0	481	516	
12	0	0	0	0	478	517	
13	0	0	0	0	469	521	
14	0	0	0	0	460	528	
15	0	0	0	0	454	541	
0	0	0	0	0	450	556	
1	0	0	0	0	454	570	
2	0	0	0	0	461	582	
3	0	0	0	0	467	588	
4	0	0	0	0	472	590	
5	0	0	0	0	477	592	
6	0	0	0	0	480	587	
7	0	0	0	0	479	576	
8	0	0	0	0	481	564	
9	0	0	0	0	477	554	
10	0	0	0	0	472	545	
11	0	0	0	0	467	536	
12	0	0	0	0	466	524	
13	0	0	0	0	467	515	
14	0	0	0	0	468	508	
15	0	0	0	0	476	509	
0	0	0	0	0	488	514	
1	0	0	0	0	499	516	
2	0	0	0	0	504	519	
3	0	0	0	0	503	514	
4	0	0	0	0	501	506	
5	0	0	0	0	496	500	
6	0	0	0	0	489	495	
7	0	0	0	0	484	489	
8	0	0	0	0	479	484	
9	0	0	0	0	477	483	
10	0	0	0	0	478	482	
11	0	0	0	0	481	479	
12	0	0	0	0	491	480	
13	0	0	0	0	498	482	
14	0	0	0	0	500	489	
15	0	0	0	0	501	497	
0	0	0	0	0	499	506	
1	0	0	0	0	499	514	
2	0	0	0	0	498	522	
3	0	0	0	0	496	531	
4	0	0	0	0	491	539	
5	0	0	0	0	489	547	
6	0	0	0	0	487	551	
7	0	0	0	0	486	550	
8	0	0	0	0	482	550	
9	0	0	0	0	475	544	
10	0	0	0	0	472	533	
11	0	0	0	0	471	521	
12	0	0	0	0	474	509	
13	0	0	0	0	481	495	
14	0	0	0	0	486	489	
15	0	0	0	0	491	487	
0	0	0	0	0	496	484	
1	0	0	0	0	500	481	
2	0	0	0	0	501	478	
3	0	0	0	0	500	478	
4	0	0	0	0	502	483	
5	0	0	0	0	505	487	
6	0	0	0	0	508	491	
7	0	0	0	0	510	498	
8	0	0	0	0	512	505	
9	0	0	0	0	515	515	
10	0	0	0	0	516	520	
11	0	0	0	0	523	521	
12	0	0	0	0	531	521	
13	0	0	0	0	540	523	
14	0	0	0	0	547	529	
15	0	0	0	0	553	539	
0	0	0	0	0	555	547	
1	0	0	0	0	552	547	
2	0	0	0	0	549	543	
3	0	0	0	0	543	540	
4	0	0	0	0	532	534	
5	0	0	0	0	521	523	
6	0	0	0	0	512	513	
7	0	0	0	0	506	503	
8	0	0	0	0	503	495	
9	0	0	0	0	500	488	
10	0	0	0	0	496	478	
11	0	0	0	0	495	473	
12	0	0	0	0	494	472	
13	0	0	0	0	495	472	
14	0	0	0	0	495	470	
15	0	0	0	0	493	472	
0	0	0	0	0	488	476	
1	0	0	0	0	483	476	
2	0	0	0	0	479	473	
3	0	0	0	0	477	472	
4	0	0	0	0	476	477	
5	0	0	0	0	477	483	
6	0	0	0	0	480	492	
7	0	0	0	0	485	503	
8	0	0	0	0	491	513	
9	0	0	0	0	496	519	
10	0	0	0	0	496	521	
11	0	0	0	0	497	519	
12	0	0	0	0	501	516	
13	0	0	0	0	502	513	
14	0	0	0	0	503	512	
15	0	0	0	0	505	513	
0	0	0	0	0	509	514	
1	0	0	0	0	512	513	
2	0	0	0	0	514	514	
3	0	0	0	0	515	515	
4	0	0	0	0	513	518	
5	0	0	0	0	511	518	
6	0	0	0	0	509	511	
7	0	0	0	0	501	502	
8	0	0	0	0	494	492	
9	0	0	0	0	489	478	
10	0	0	0	0	485	467	
11	0	0	0	0	482	459	
12	0	0	0	0	481	451	
13	0	0	0	0	483	449	
14	0	0	0	0	487	448	
15	0	0	0	0	495	448	
0	0	0	0	0	504	447	
1	0	0	0	0	515	451	
2	0	0	0	0	521	458	
3	0	0	0	0	528	463	
4	0	0	0	0	536	473	
5	0	0	0	0	544	487	
6	0	0	0	0	550	499	
7	0	0	0	0	554	504	
8	0	0	0	0	555	505	
9	0	0	0	0	553	503	
10	0	0	0	0	555	501	
11	0	0	0	0	557	497	
12	0	0	0	0	560	494	
13	0	0	0	0	560	492	
14	0	0	0	0	560	487	
15	0	0	0	0	559	482	
0	0	0	0	0	556	476	
1	0	0	0	0	553	468	
2	0	0	0	0	550	463	
3	0	0	0	0	545	461	
4	0	0	0	0	542	460	
5	0	0	0	0	540	460	
6	0	0	0	0	540	460	
7	0	0	0	0	540	463	
8	0	0	0	0	540	466	
9	0	0	0	0	540	470	
10	0	0	0	0	537	473	
11	0	0	0	0	533	476	
12	0	0	0	0	528	475	
13	0	0	0	0	522	474	
14	0	0	0	0	520	476	
15	0	0	0	0	520	483	
0	0	0	0	0	525	494	
1	0	0	0	0	535	507	
2	0	0	0	0	544	517	
3	0	0	0	0	547	525	
4	0	0	0	0	545	531	
5	0	0	0	0	542	531	
6	0	0	0	0	541	529	
7	0	0	0	0	539	526	
8	0	0	0	0	536	519	
9	0	0	0	0	529	514	
10	0	0	0	0	521	510	
11	0	0	0	0	512	510	
12	0	0	0	0	508	508	
13	0	0	0	0	506	504	
14	0	0	0	0	504	497	
15	0	0	0	0	506	489	
0	0	0	0	0	511	481	
1	0	0	0	0	514	471	
2	0	0	0	0	516	467	
3	0	0	0	0	517	462	
4	0	0	0	0	514	459	
5	0	0	0	0	513	458	
6	0	0	0	0	514	462	
7	0	0	0	0	519	465	
8	0	0	0	0	528	475	
9	0	0	0	0	536	480	
10	0	0	0	0	545	486	
11	0	0	0	0	553	494	
12	0	0	0	0	563	499	
13	0	0	0	0	572	504	
14	0	0	0	0	579	508	
15	0	0	0	0	580	514	
0	0	0	0	0	578	510	
1	0	0	0	0	573	503	
2	0	0	0	0	565	493	
3	0	0	0	0	557	484	
4	0	0	0	0	548	474	
5	0	0	0	0	541	472	
6	0	0	0	0	532	472	
7	0	0	0	0	525	471	
8	0	0	0	0	520	472	
9	0	0	0	0	523	472	
10	0	0	0	0	528	473	
11	0	0	0	0	531	472	
12	0	0	0	0	532	472	
13	0	0	0	0	534	470	
14	0	0	0	0	538	470	
15	0	0	0	0	538	467	
0	0	0	0	0	542	466	
1	0	0	0	0	544	463	
2	0	0	0	0	550	461	
3	0	0	0	0	555	464	
4	0	0	0	0	563	470	
5	0	0	0	0	571	476	
6	0	0	0	0	576	487	
7	0	0	0	0	583	498	
8	0	0	0	0	590	510	
9	0	0	0	0	592	526	
10	0	0	0	0	594	539	
11	0	0	0	0	595	546	
12	0	0	0	0	594	548	
13	0	0	0	0	593	545	
14	0	0	0	0	591	543	
15	0	0	0	0	587	536	
0	0	0	0	0	584	526	
1	0	0	0	0	577	520	
2	0	0	0	0	569	518	
3	0	0	0	0	560	515	
4	0	0	0	0	552	510	
5	0	0	0	0	544	501	
6	0	0	0	0	540	496	
7	0	0	0	0	541	492	
8	0	0	0	0	541	489	
9	0	0	0	0	543	487	
10	0	0	0	0	548	486	
11	0	0	0	0	551	487	
12	0	0	0	0	552	490	
13	0	0	0	0	557	495	
14	0	0	0	0	560	499	
15	0	0	0	0	565	500	
0	0	0	0	0	572	497	
1	0	0	0	0	578	494	
2	0	0	0	0	584	488	
3	0	0	0	0	592	483	
4	0	0	0	0	598	474	
5	0	0	0	0	604	469	
6	0	0	0	0	607	467	
7	0	0	0	0	606	467	
8	0	0	0	0	605	465	
9	0	0	0	0	604	472	
10	0	0	0	0	604	477	
11	0	0	0	0	605	481	
12	0	0	0	0	603	487	
13	0	0	0	0	592	492	
14	0	0	0	0	579	497	
15	0	0	0	0	568	502	
0	0	0	0	0	559	503	
1	0	0	0	0	553	504	
2	0	0	0	0	550	499	
3	0	0	0	0	545	493	
4	0	0	0	0	540	489	
5	0	0	0	0	539	487	
6	0	0	0	0	540	491	
7	0	0	0	0	543	495	
8	0	0	0	0	545	498	
9	0	0	0	0	548	496	
10	0	0	0	0	547	489	
11	0	0	0	0	543	483	
12	0	0	0	0	541	477	
13	0	0	0	0	539	467	
14	0	0	0	0	534	459	
15	0	0	0	0	529	455	
0	0	0	0	0	526	457	
1	0	0	0	0	519	457	
2	0	0	0	0	516	459	
3	0	0	0	0	516	458	
4	0	0	0	0	518	460	
5	0	0	0	0	522	465	
6	0	0	0	0	528	475	
7	0	0	0	0	531	484	
8	0	0	0	0	535	493	
9	0	0	0	0	539	502	
10	0	0	0	0	543	508	
11	0	0	0	0	546	512	
12	0	0	0	0	548	521	
13	0	0	0	0	548	526	
14	0	0	0	0	545	527	
15	0	0	0	0	537	520	
0	0	0	0	0	528	511	
1	0	0	0	0	519	501	
2	0	0	0	0	512	492	
3	0	0	0	0	505	481	
4	0	0	0	0	501	475	
5	0	0	0	0	497	471	
6	0	0	0	0	489	467	
7	0	0	0	0	486	465	
8	0	0	0	0	481	466	
9	0	0	0	0	480	470	
10	0	0	0	0	477	470	
11	0	0	0	0	475	468	
12	0	0	0	0	475	465	
13	0	0	0	0	474	460	
14	0	0	0	0	470	456	
15	0	0	0	0	467	454	
0	0	0	0	0	467	454	
1	0	0	0	0	470	453	
2	0	0	0	0	475	455	
3	0	0	0	0	485	461	
4	0	0	0	0	492	470	
5	0	0	0	0	497	481	
6	0	0	0	0	504	491	
7	0	0	0	0	511	503	
8	0	0	0	0	517	514	
9	0	0	0	0	520	522	
10	0	0	0	0	524	522	
11	0	0	0	0	526	520	
12	0	0	0	0	524	515	
13	0	0	0	0	520	506	
14	0	0	0	0	516	496	
15	0	0	0	0	515	487	
0	0	0	0	0	513	480	
1	0	0	0	0	511	470	
2	0	0	0	0	509	462	
3	0	0	0	0	507	457	
4	0	0	0	0	504	452	
5	0	0	0	0	501	448	
6	0	0	0	0	499	447	
7	0	0	0	0	499	449	
8	0	0	0	0	498	444	
9	0	0	0	0	499	440	
10	0	0	0	0	501	435	
11	0	0	0	0	500	432	
12	0	0	0	0	500	428	
13	0	0	0	0	502	425	
14	0	0	0	0	500	424	
15	0	0	0	0	500	426	
0	0	0	0	0	504	433	
1	0	0	0	0	505	440	
2	0	0	0	0	506	447	
3	0	0	0	0	510	452	
4	0	0	0	0	512	459	
5	0	0	0	0	518	467	
6	0	0	0	0	526	478	
7	0	0	0	0	530	490	
8	0	0	0	0	533	500	
9	0	0	0	0	537	512	
10	0	0	0	0	541	520	
11	0	0	0	0	546	523	
12	0	0	0	0	550	523	
13	0	0	0	0	553	522	
14	0	0	0	0	559	520	
15	0	0	0	0	566	517	
0	0	0	0	0	574	515	
1	0	0	0	0	575	509	
2	0	0	0	0	573	499	
3	0	0	0	0	569	484	
4	0	0	0	0	565	475	
5	0	0	0	0	561	472	
6	0	0	0	0	555	472	
7	0	0	0	0	549	474	
8	0	0	0	0	542	481	
9	0	0	0	0	537	484	
10	0	0	0	0	534	486	
11	0	0	0	0	532	483	
12	0	0	0	0	532	478	
13	0	0	0	0	534	472	
14	0	0	0	0	535	465	
15	0	0	0	0	536	455	
0	0	0	0	0	536	448	
1	0	0	0	0	541	443	
2	0	0	0	0	544	438	
3	0	0	0	0	546	440	
4	0	0	0	0	544	444	
5	0	0	0	0	542	451	
6	0	0	0	0	539	463	
7	0	0	0	0	538	483	
8	0	0	0	0	536	500	
9	0	0	0	0	537	514	
10	0	0	0	0	534	523	
11	0	0	0	0	531	531	
12	0	0	0	0	527	531	
13	0	0	0	0	524	529	
14	0	0	0	0	524	526	
15	0	0	0	0	524	524	
0	0	0	0	0	524	520	
1	0	0	0	0	524	516	
2	0	0	0	0	524	514	
3	0	0	0	0	529	511	
4	0	0	0	0	534	512	
5	0	0	0	0	541	516	
6	0	0	0	0	551	520	
7	0	0	0	0	563	530	
8	0	0	0	0	572	545	
9	0	0	0	0	580	563	
10	0	0	0	0	583	581	
11	0	0	0	0	580	597	
12	0	0	0	0	574	604	
13	0	0	0	0	566	604	
14	0	0	0	0	559	603	
15	0	0	0	0	553	600	
0	0	0	0	0	547	595	
1	0	0	0	0	538	590	
2	0	0	0	0	530	583	
3	0	0	0	0	520	576	
4	0	0	0	0	512	571	
5	0	0	0	0	508	568	
6	0	0	0	0	507	566	
7	0	0	0	0	512	564	
8	0	0	0	0	521	566	
9	0	0	0	0	532	570	
10	0	0	0	0	541	573	
11	0	0	0	0	546	576	
12	0	0	0	0	548	578	
13	0	0	0	0	548	586	
14	0	0	0	0	548	595	
15	0	0	0	0	545	605	
0	0	0	0	0	542	615	
1	0	0	0	0	535	620	
2	0	0	0	0	524	623	
3	0	0	0	0	517	623	
4	0	0	0	0	508	620	
5	0	0	0	0	498	617	
6	0	0	0	0	487	615	
7	0	0	0	0	478	617	
8	0	0	0	0	472	616	
9	0	0	0	0	470	620	
10	0	0	0	0	466	623	
11	0	0	0	0	466	625	
12	0	0	0	0	467	623	
13	0	0	0	0	470	627	
14	0	0	0	0	472	625	
15	0	0	0	0	477	624	
0	0	0	0	0	483	620	
1	0	0	0	0	490	620	
2	0	0	0	0	494	620	
3	0	0	0	0	491	619	
4	0	0	0	0	488	614	
5	0	0	0	0	485	609	
6	0	0	0	0	488	605	
7	0	0	0	0	490	607	
8	0	0	0	0	493	606	
9	0	0	0	0	494	609	
10	0	0	0	0	496	620	
11	0	0	0	0	496	633	
12	0	0	0	0	497	643	
13	0	0	0	0	501	649	
14	0	0	0	0	504	650	
15	0	0	0	0	506	649	
0	0	0	0	0	507	643	
1	0	0	0	0	505	638	
2	0	0	0	0	504	634	
3	0	0	0	0	504	628	
4	0	0	0	0	503	627	
5	0	0	0	0	500	626	
6	0	0	0	0	499	627	
7	0	0	0	0	500	624	
8	0	0	0	0	500	620	
9	0	0	0	0	502	610	
10	0	0	0	0	502	601	
11	0	0	0	0	501	591	
12	0	0	0	0	499	583	
13	0	0	0	0	499	577	
14	0	0	0	0	501	574	
15	0	0	0	0	505	569	
0	0	0	0	0	508	565	
1	0	0	0	0	508	563	
2	0	0	0	0	507	563	
3	0	0	0	0	503	562	
4	0	0	0	0	504	562	
5	0	0	0	0	511	561	
6	0	0	0	0	513	558	
7	0	0	0	0	517	558	
8	0	0	0	0	521	555	
9	0	0	0	0	526	550	
10	0	0	0	0	528	547	
11	0	0	0	0	536	542	
12	0	0	0	0	542	541	
13	0	0	0	0	547	547	
14	0	0	0	0	547	550	
15	0	0	0	0	546	547	
0	0	0	0	0	541	543	
1	0	0	0	0	535	535	
2	0	0	0	0	527	527	
3	0	0	0	0	521	523	
4	0	0	0	0	516	519	
5	0	0	0	0	510	518	
6	0	0	0	0	508	513	
7	0	0	0	0	511	510	
8	0	0	0	0	514	509	
9	0	0	0	0	519	509	
10	0	0	0	0	527	510	
11	0	0	0	0	533	510	
12	0	0	0	0	536	513	
13	0	0	0	0	540	513	
14	0	0	0	0	545	517	
15	0	0	0	0	549	527	
0	0	0	0	0	551	544	
1	0	0	0	0	551	559	
2	0	0	0	0	548	567	
3	0	0	0	0	544	573	
4	0	0	0	0	539	575	
5	0	0	0	0	530	579	
6	0	0	0	0	521	578	
7	0	0	0	0	514	568	
8	0	0	0	0	506	549	
9	0	0	0	0	499	534	
10	0	0	0	0	495	519	
11	0	0	0	0	493	508	
12	0	0	0	0	497	499	
13	0	0	0	0	503	498	
14	0	0	0	0	510	501	
15	0	0	0	0	516	505	
0	0	0	0	0	524	508	
1	0	0	0	0	528	514	
2	0	0	0	0	533	518	
3	0	0	0	0	533	520	
4	0	0	0	0	528	529	
5	0	0	0	0	525	537	
6	0	0	0	0	519	542	
7	0	0	0	0	516	539	
8	0	0	0	0	514	536	
9	0	0	0	0	514	532	
10	0	0	0	0	518	531	
11	0	0	0	0	520	529	
12	0	0	0	0	520	527	
13	0	0	0	0	527	523	
14	0	0	0	0	531	517	
15	0	0	0	0	536	514	
0	0	0	0	0	540	514	
1	0	0	0	0	548	511	
2	0	0	0	0	556	508	
3	0	0	0	0	561	501	
4	0	0	0	0	565	496	
5	0	0	0	0	567	501	
6	0	0	0	0	567	504	
7	0	0	0	0	563	504	
8	0	0	0	0	557	504	
9	0	0	0	0	551	501	
10	0	0	0	0	543	498	
11	0	0	0	0	533	497	
12	0	0	0	0	526	496	
13	0	0	0	0	519	494	
14	0	0	0	0	514	493	
15	0	0	0	0	510	487	
0	0	0	0	0	505	484	
1	0	0	0	0	504	483	
2	0	0	0	0	504	479	
3	0	0	0	0	505	475	
4	0	0	0	0	508	469	
5	0	0	0	0	511	466	
6	0	0	0	0	511	460	
7	0	0	0	0	513	458	
8	0	0	0	0	516	457	
9	0	0	0	0	517	463	
10	0	0	0	0	518	470	
11	0	0	0	0	516	478	
12	0	0	0	0	516	487	
13	0	0	0	0	516	494	
14	0	0	0	0	517	499	
15	0	0	0	0	520	504	
0	0	0	0	0	524	511	
1	0	0	0	0	528	521	
2	0	0	0	0	531	528	
3	0	0	0	0	531	534	
4	0	0	0	0	529	540	
5	0	0	0	0	528	544	
6	0	0	0	0	524	544	
7	0	0	0	0	518	542	
8	0	0	0	0	512	533	
9	0	0	0	0	512	521	
10	0	0	0	0	508	509	
11	0	0	0	0	501	496	
12	0	0	0	0	496	483	
13	0	0	0	0	492	476	
14	0	0	0	0	489	474	
15	0	0	0	0	485	478	
0	0	0	0	0	484	485	
1	0	0	0	0	487	495	
2	0	0	0	0	493	503	
3	0	0	0	0	500	504	
4	0	0	0	0	508	501	
5	0	0	0	0	518	493	
6	0	0	0	0	524	480	
7	0	0	0	0	531	463	
8	0	0	0	0	535	445	
9	0	0	0	0	539	435	
10	0	0	0	0	547	426	
11	0	0	0	0	556	423	
12	0	0	0	0	557	419	
13	0	0	0	0	559	420	
14	0	0	0	0	561	424	
15	0	0	0	0	559	432	
0	0	0	0	0	558	443	
1	0	0	0	0	557	455	
2	0	0	0	0	557	467	
3	0	0	0	0	554	479	
4	0	0	0	0	549	494	
5	0	0	0	0	548	507	
6	0	0	0	0	548	514	
7	0	0	0	0	545	518	
8	0	0	0	0	542	521	
9	0	0	0	0	538	523	
10	0	0	0	0	527	521	
11	0	0	0	0	516	515	
12	0	0	0	0	510	513	
13	0	0	0	0	508	508	
14	0	0	0	0	506	500	
15	0	0	0	0	505	494	
0	0	0	0	0	504	493	
1	0	0	0	0	504	494	
2	0	0	0	0	506	492	
3	0	0	0	0	511	490	
4	0	0	0	0	515	488	
5	0	0	0	0	518	487	
6	0	0	0	0	519	487	
7	0	0	0	0	520	489	
8	0	0	0	0	524	495	
9	0	0	0	0	525	498	
10	0	0	0	0	524	501	
11	0	0	0	0	527	504	
12	0	0	0	0	529	506	
13	0	0	0	0	527	508	
14	0	0	0	0	527	507	
15	0	0	0	0	529	504	
0	0	0	0	0	528	499	
1	0	0	0	0	527	493	
2	0	0	0	0	526	487	
3	0	0	0	0	524	484	
4	0	0	0	0	523	486	
5	0	0	0	0	519	489	
6	0	0	0	0	510	492	
7	0	0	0	0	501	491	
8	0	0	0	0	493	486	
9	0	0	0	0	481	481	
10	0	0	0	0	469	476	
11	0	0	0	0	462	472	
12	0	0	0	0	458	476	
13	0	0	0	0	457	479	
14	0	0	0	0	455	479	
15	0	0	0	0	458	481	
0	0	0	0	0	460	483	
1	0	0	0	0	464	486	
2	0	0	0	0	464	486	
3	0	0	0	0	464	487	
4	0	0	0	0	468	487	
5	0	0	0	0	473	486	
6	0	0	0	0	476	484	
7	0	0	0	0	476	481	
8	0	0	0	0	477	473	
9	0	0	0	0	477	468	
10	0	0	0	0	483	467	
11	0	0	0	0	488	471	
12	0	0	0	0	497	473	
13	0	0	0	0	507	480	
14	0	0	0	0	513	487	
15	0	0	0	0	513	491	
0	0	0	0	0	511	491	
1	0	0	0	0	508	487	
2	0	0	0	0	504	485	
3	0	0	0	0	505	487	
4	0	0	0	0	508	489	
5	0	0	0	0	506	491	
6	0	0	0	0	505	492	
7	0	0	0	0	499	495	
8	0	0	0	0	494	495	
9	0	0	0	0	491	497	
10	0	0	0	0	488	503	
11	0	0	0	0	486	508	
12	0	0	0	0	485	510	
13	0	0	0	0	487	506	
14	0	0	0	0	487	502	
15	0	0	0	0	487	497	
0	0	0	0	0	487	491	
1	0	0	0	0	491	487	
2	0	0	0	0	497	485	
3	0	0	0	0	504	485	
4	0	0	0	0	512	486	
5	0	0	0	0	523	486	
6	0	0	0	0	535	483	
7	0	0	0	0	541	484	
8	0	0	0	0	543	485	
9	0	0	0	0	548	484	
10	0	0	0	0	551	487	
11	0	0	0	0	551	489	
12	0	0	0	0	549	491	
13	0	0	0	0	546	491	
14	0	0	0	0	543	491	
15	0	0	0	0	542	492	
0	0	0	0	0	541	492	
1	0	0	0	0	543	493	
2	0	0	0	0	543	492	
3	0	0	0	0	542	490	
4	0	0	0	0	543	488	
5	0	0	0	0	542	487	
6	0	0	0	0	540	487	
7	0	0	0	0	539	487	
8	0	0	0	0	536	487	
9	0	0	0	0	534	486	
10	0	0	0	0	531	487	
11	0	0	0	0	524	487	
12	0	0	0	0	518	486	
13	0	0	0	0	512	486	
14	0	0	0	0	506	488	
15	0	0	0	0	500	490	
0	0	0	0	0	494	490	
1	0	0	0	0	488	496	
2	0	0	0	0	484	505	
3	0	0	0	0	483	518	
4	0	0	0	0	479	527	
5	0	0	0	0	476	530	
6	0	0	0	0	476	527	
7	0	0	0	0	479	525	
8	0	0	0	0	481	516	
9	0	0	0	0	480	507	
10	0	0	0	0	480	499	
11	0	0	0	0	482	496	
12	0	0	0	0	483	492	
13	0	0	0	0	485	489	
14	0	0	0	0	486	487	
15	0	0	0	0	487	486	
0	0	0	0	0	485	484	
1	0	0	0	0	483	481	
2	0	0	0	0	486	476	
3	0	0	0	0	490	469	
4	0	0	0	0	493	461	
5	0	0	0	0	496	457	
6	0	0	0	0	496	451	
7	0	0	0	0	495	445	
8	0	0	0	0	499	440	
9	0	0	0	0	507	437	
10	0	0	0	0	513	435	
11	0	0	0	0	518	434	
12	0	0	0	0	521	439	
13	0	0	0	0	527	443	
14	0	0	0	0	527	448	
15	0	0	0	0	523	459	
0	0	0	0	0	515	472	
1	0	0	0	0	511	482	
2	0	0	0	0	510	486	
3	0	0	0	0	508	484	
4	0	0	0	0	507	483	
5	0	0	0	0	506	486	
6	0	0	0	0	504	486	
7	0	0	0	0	507	486	
8	0	0	0	0	510	486	
9	0	0	0	0	515	480	
10	0	0	0	0	520	474	
11	0	0	0	0	527	470	
12	0	0	0	0	530	475	
13	0	0	0	0	535	484	
14	0	0	0	0	540	499	
15	0	0	0	0	545	513	
0	0	0	0	0	549	525	
1	0	0	0	0	544	533	
2	0	0	0	0	538	535	
3	0	0	0	0	531	532	
4	0	0	0	0	526	526	
5	0	0	0	0	521	520	
6	0	0	0	0	518	515	
7	0	0	0	0	516	510	
8	0	0	0	0	518	505	
9	0	0	0	0	519	496	
10	0	0	0	0	520	486	
11	0	0	0	0	522	481	
12	0	0	0	0	525	481	
13	0	0	0	0	530	485	
14	0	0	0	0	535	489	
15	0	0	0	0	537	486	
0	0	0	0	0	536	473	
1	0	0	0	0	539	460	
2	0	0	0	0	536	448	
3	0	0	0	0	532	441	
4	0	0	0	0	524	435	
5	0	0	0	0	516	432	
6	0	0	0	0	508	431	
7	0	0	0	0	495	435	
8	0	0	0	0	482	441	
9	0	0	0	0	471	450	
10	0	0	0	0	461	455	
11	0	0	0	0	455	463	
12	0	0	0	0	451	475	
13	0	0	0	0	451	486	
14	0	0	0	0	454	499	
15	0	0	0	0	458	516	
0	0	0	0	0	463	533	
1	0	0	0	0	465	547	
2	0	0	0	0	470	562	
3	0	0	0	0	475	572	
4	0	0	0	0	479	575	
5	0	0	0	0	483	574	
6	0	0	0	0	487	568	
7	0	0	0	0	491	558	
8	0	0	0	0	493	547	
9	0	0	0	0	497	537	
10	0	0	0	0	505	527	
11	0	0	0	0	511	517	
12	0	0	0	0	515	510	
13	0	0	0	0	518	505	
14	0	0	0	0	519	499	
15	0	0	0	0	525	494	
0	0	0	0	0	528	492	
1	0	0	0	0	531	495	
2	0	0	0	0	533	502	
3	0	0	0	0	536	507	
4	0	0	0	0	539	515	
5	0	0	0	0	540	522	
6	0	0	0	0	542	524	
7	0	0	0	0	544	521	
8	0	0	0	0	547	513	
9	0	0	0	0	547	501	
10	0	0	0	0	550	486	
11	0	0	0	0	554	470	
12	0	0	0	0	560	456	
13	0	0	0	0	560	444	
14	0	0	0	0	559	440	
15	0	0	0	0	553	443	
0	0	0	0	0	545	455	
1	0	0	0	0	535	471	
2	0	0	0	0	524	490	
3	0	0	0	0	511	508	
4	0	0	0	0	497	519	
5	0	0	0	0	486	524	
6	0	0	0	0	477	523	
7	0	0	0	0	471	521	
8	0	0	0	0	467	518	
9	0	0	0	0	470	514	
10	0	0	0	0	473	508	
11	0	0	0	0	476	498	
12	0	0	0	0	477	487	
13	0	0	0	0	479	477	
14	0	0	0	0	481	467	
15	0	0	0	0	484	459	
0	0	0	0	0	492	455	
1	0	0	0	0	502	458	
2	0	0	0	0	511	462	
3	0	0	0	0	518	464	
4	0	0	0	0	526	468	
5	0	0	0	0	531	472	
6	0	0	0	0	529	479	
7	0	0	0	0	522	483	
8	0	0	0	0	516	486	
9	0	0	0	0	512	487	
10	0	0	0	0	510	494	
11	0	0	0	0	509	499	
12	0	0	0	0	510	503	
13	0	0	0	0	511	503	
14	0	0	0	0	510	499	
15	0	0	0	0	508	496	
0	0	0	0	0	505	494	
1	0	0	0	0	504	495	
2	0	0	0	0	501	499	
3	0	0	0	0	499	500	
4	0	0	0	0	500	499	
5	0	0	0	0	504	498	
6	0	0	0	0	505	492	
7	0	0	0	0	507	484	
8	0	0	0	0	508	477	
9	0	0	0	0	511	472	
10	0	0	0	0	514	471	
11	0	0	0	0	519	469	
12	0	0	0	0	524	467	
13	0	0	0	0	532	466	
14	0	0	0	0	541	463	
15	0	0	0	0	545	460	
0	0	0	0	0	550	458	
1	0	0	0	0	551	453	
2	0	0	0	0	545	456	
3	0	0	0	0	536	463	
4	0	0	0	0	532	467	
5	0	0	0	0	528	469	
6	0	0	0	0	523	471	
7	0	0	0	0	513	474	
8	0	0	0	0	504	477	
9	0	0	0	0	494	478	
10	0	0	0	0	488	478	
11	0	0	0	0	487	475	
12	0	0	0	0	491	470	
13	0	0	0	0	495	469	
14	0	0	0	0	499	471	
15	0	0	0	0	502	476	
0	0	0	0	0	507	481	
1	0	0	0	0	511	486	
2	0	0	0	0	514	489	
3	0	0	0	0	515	489	
4	0	0	0	0	515	490	
5	0	0	0	0	512	487	
6	0	0	0	0	508	480	
7	0	0	0	0	500	472	
8	0	0	0	0	489	460	
9	0	0	0	0	478	453	
10	0	0	0	0	470	449	
11	0	0	0	0	463	443	
12	0	0	0	0	460	435	
13	0	0	0	0	458	425	
14	0	0	0	0	458	420	
15	0	0	0	0	461	419	
0	0	0	0	0	469	415	
1	0	0	0	0	477	413	
2	0	0	0	0	484	419	
3	0	0	0	0	488	426	
4	0	0	0	0	489	439	
5	0	0	0	0	487	450	
6	0	0	0	0	484	460	
7	0	0	0	0	482	471	
8	0	0	0	0	481	489	
9	0	0	0	0	485	501	
10	0	0	0	0	493	508	
11	0	0	0	0	503	512	
12	0	0	0	0	513	511	
13	0	0	0	0	525	506	
14	0	0	0	0	537	500	
15	0	0	0	0	550	498	
0	0	0	0	0	561	496	
1	0	0	0	0	567	496	
2	0	0	0	0	567	498	
3	0	0	0	0	560	503	
4	0	0	0	0	550	503	
5	0	0	0	0	536	504	
6	0	0	0	0	525	505	
7	0	0	0	0	517	507	
8	0	0	0	0	515	507	
9	0	0	0	0	511	505	
10	0	0	0	0	512	504	
11	0	0	0	0	512	503	
12	0	0	0	0	511	500	
13	0	0	0	0	509	497	
14	0	0	0	0	507	496	
15	0	0	0	0	508	495	
0	0	0	0	0	509	492	
1	0	0	0	0	511	493	
2	0	0	0	0	512	494	
3	0	0	0	0	513	492	
4	0	0	0	0	512	491	
5	0	0	0	0	509	495	
6	0	0	0	0	503	500	
7	0	0	0	0	496	504	
8	0	0	0	0	488	507	
9	0	0	0	0	479	503	
10	0	0	0	0	471	497	
11	0	0	0	0	462	492	
12	0	0	0	0	455	489	
13	0	0	0	0	452	489	
14	0	0	0	0	452	490	
15	0	0	0	0	456	489	
0	0	0	0	0	463	487	
1	0	0	0	0	469	480	
2	0	0	0	0	475	473	
3	0	0	0	0	480	470	
4	0	0	0	0	481	468	
5	0	0	0	0	479	473	
6	0	0	0	0	475	483	
7	0	0	0	0	472	492	
8	0	0	0	0	471	503	
9	0	0	0	0	468	512	
10	0	0	0	0	461	517	
11	0	0	0	0	453	517	
12	0	0	0	0	448	513	
13	0	0	0	0	449	506	
14	0	0	0	0	455	500	
15	0	0	0	0	463	496	
0	0	0	0	0	468	488	
1	0	0	0	0	476	478	
2	0	0	0	0	483	469	
3	0	0	0	0	491	456	
4	0	0	0	0	499	445	
5	0	0	0	0	504	436	
6	0	0	0	0	508	427	
7	0	0	0	0	513	422	
8	0	0	0	0	517	418	
9	0	0	0	0	515	418	
10	0	0	0	0	512	419	
11	0	0	0	0	508	425	
12	0	0	0	0	502	433	
13	0	0	0	0	492	442	
14	0	0	0	0	483	448	
15	0	0	0	0	476	455	
0	0	0	0	0	471	456	
1	0	0	0	0	472	461	
2	0	0	0	0	472	465	
3	0	0	0	0	475	470	
4	0	0	0	0	478	474	
5	0	0	0	0	483	476	
6	0	0	0	0	490	476	
7	0	0	0	0	495	471	
8	0	0	0	0	496	460	
9	0	0	0	0	494	450	
10	0	0	0	0	493	443	
11	0	0	0	0	491	435	
12	0	0	0	0	487	427	
13	0	0	0	0	485	425	
14	0	0	0	0	480	423	
15	0	0	0	0	473	423	
0	0	0	0	0	468	427	
1	0	0	0	0	465	433	
2	0	0	0	0	465	441	
3	0	0	0	0	470	449	
4	0	0	0	0	471	455	
5	0	0	0	0	471	459	
6	0	0	0	0	473	457	
7	0	0	0	0	476	455	
8	0	0	0	0	476	453	
9	0	0	0	0	478	456	
10	0	0	0	0	482	459	
11	0	0	0	0	486	460	
12	0	0	0	0	489	462	
13	0	0	0	0	487	466	
14	0	0	0	0	483	472	
15	0	0	0	0	480	480	
0	0	0	0	0	478	488	
1	0	0	0	0	477	492	
2	0	0	0	0	481	491	
3	0	0	0	0	486	483	
4	0	0	0	0	487	476	
5	0	0	0	0	490	468	
6	0	0	0	0	496	463	
7	0	0	0	0	500	459	
8	0	0	0	0	502	460	
9	0	0	0	0	500	465	
10	0	0	0	0	499	473	
11	0	0	0	0	496	481	
12	0	0	0	0	495	489	
13	0	0	0	0	492	491	
14	0	0	0	0	487	489	
15	0	0	0	0	483	488	
0	0	0	0	0	476	490	
1	0	0	0	0	472	494	
2	0	0	0	0	471	500	
3	0	0	0	0	474	502	
4	0	0	0	0	479	502	
5	0	0	0	0	484	502	
6	0	0	0	0	493	507	
7	0	0	0	0	500	511	
8	0	0	0	0	508	515	
9	0	0	0	0	514	515	
10	0	0	0	0	519	515	
11	0	0	0	0	520	516	
12	0	0	0	0	525	523	
13	0	0	0	0	526	525	
14	0	0	0	0	525	525	
15	0	0	0	0	523	526	
0	0	0	0	0	520	532	
1	0	0	0	0	520	536	
2	0	0	0	0	520	537	
3	0	0	0	0	519	537	
4	0	0	0	0	519	535	
5	0	0	0	0	523	527	
6	0	0	0	0	527	522	
7	0	0	0	0	536	517	
8	0	0	0	0	542	512	
9	0	0	0	0	548	506	
10	0	0	0	0	554	505	
11	0	0	0	0	557	506	
12	0	0	0	0	558	502	
13	0	0	0	0	556	500	
14	0	0	0	0	553	499	
15	0	0	0	0	549	498	
0	0	0	0	0	546	501	
1	0	0	0	0	542	502	
2	0	0	0	0	541	502	
3	0	0	0	0	539	505	
4	0	0	0	0	538	514	
5	0	0	0	0	536	527	
6	0	0	0	0	535	536	
7	0	0	0	0	536	541	
8	0	0	0	0	537	542	
9	0	0	0	0	540	540	
10	0	0	0	0	542	540	
11	0	0	0	0	550	543	
12	0	0	0	0	559	542	
13	0	0	0	0	563	536	
14	0	0	0	0	564	530	
15	0	0	0	0	561	529	
0	0	0	0	0	559	532	
1	0	0	0	0	556	533	
2	0	0	0	0	551	533	
3	0	0	0	0	547	532	
4	0	0	0	0	547	525	
5	0	0	0	0	550	521	
6	0	0	0	0	556	516	
7	0	0	0	0	562	513	
8	0	0	0	0	565	508	
9	0	0	0	0	565	504	
10	0	0	0	0	565	499	
11	0	0	0	0	567	497	
12	0	0	0	0	566	499	
13	0	0	0	0	563	502	
14	0	0	0	0	560	507	
15	0	0	0	0	556	514	
0	0	0	0	0	549	521	
1	0	0	0	0	543	534	
2	0	0	0	0	539	550	
3	0	0	0	0	536	559	
4	0	0	0	0	536	563	
5	0	0	0	0	537	565	
6	0	0	0	0	539	562	
7	0	0	0	0	539	558	
8	0	0	0	0	535	548	
9	0	0	0	0	537	537	
10	0	0	0	0	541	529	
11	0	0	0	0	544	524	
12	0	0	0	0	547	531	
13	0	0	0	0	550	539	
14	0	0	0	0	555	549	
15	0	0	0	0	556	561	
0	0	0	0	0	560	571	
1	0	0	0	0	562	575	
2	0	0	0	0	559	573	
3	0	0	0	0	556	570	
4	0	0	0	0	552	565	
5	0	0	0	0	550	557	
6	0	0	0	0	548	554	
7	0	0	0	0	545	551	
8	0	0	0	0	545	548	
9	0	0	0	0	543	537	
10	0	0	0	0	543	525	
11	0	0	0	0	544	519	
12	0	0	0	0	551	512	
13	0	0	0	0	561	508	
14	0	0	0	0	568	502	
15	0	0	0	0	572	496	
0	0	0	0	0	569	486	
1	0	0	0	0	563	478	
2	0	0	0	0	558	470	
3	0	0	0	0	557	464	
4	0	0	0	0	559	461	
5	0	0	0	0	560	458	
6	0	0	0	0	561	455	
7	0	0	0	0	562	456	
8	0	0	0	0	563	455	
9	0	0	0	0	564	455	
10	0	0	0	0	563	455	
11	0	0	0	0	563	455	
12	0	0	0	0	567	455	
13	0	0	0	0	572	454	
14	0	0	0	0	575	449	
15	0	0	0	0	577	445	
0	0	0	0	0	579	441	
1	0	0	0	0	578	437	
2	0	0	0	0	580	439	
3	0	0	0	0	582	443	
4	0	0	0	0	583	447	
5	0	0	0	0	583	452	
6	0	0	0	0	582	457	
7	0	0	0	0	583	459	
8	0	0	0	0	583	463	
9	0	0	0	0	582	472	
10	0	0	0	0	586	480	
11	0	0	0	0	591	487	
12	0	0	0	0	595	487	
13	0	0	0	0	596	489	
14	0	0	0	0	597	491	
15	0	0	0	0	595	498	
0	0	0	0	0	594	504	
1	0	0	0	0	591	511	
2	0	0	0	0	585	516	
3	0	0	0	0	576	520	
4	0	0	0	0	563	522	
5	0	0	0	0	549	521	
6	0	0	0	0	534	519	
7	0	0	0	0	519	511	
8	0	0	0	0	505	499	
9	0	0	0	0	496	487	
10	0	0	0	0	486	476	
11	0	0	0	0	475	468	
12	0	0	0	0	467	465	
13	0	0	0	0	461	461	
14	0	0	0	0	453	460	
15	0	0	0	0	444	462	
0	0	0	0	0	438	465	
1	0	0	0	0	435	470	
2	0	0	0	0	430	475	
3	0	0	0	0	431	480	
4	0	0	0	0	435	480	
5	0	0	0	0	443	477	
6	0	0	0	0	454	475	
7	0	0	0	0	465	474	
8	0	0	0	0	478	476	
9	0	0	0	0	490	482	
10	0	0	0	0	502	489	
11	0	0	0	0	514	497	
12	0	0	0	0	525	509	
13	0	0	0	0	533	514	
14	0	0	0	0	540	519	
15	0	0	0	0	543	523	
0	0	0	0	0	546	521	
1	0	0	0	0	549	515	
2	0	0	0	0	553	510	
3	0	0	0	0	556	502	
4	0	0	0	0	562	494	
5	0	0	0	0	567	487	
6	0	0	0	0	572	484	
7	0	0	0	0	572	481	
8	0	0	0	0	569	480	
9	0	0	0	0	561	476	
10	0	0	0	0	554	478	
11	0	0	0	0	543	483	
12	0	0	0	0	529	492	
13	0	0	0	0	521	498	
14	0	0	0	0	514	505	
15	0	0	0	0	510	513	
0	0	0	0	0	507	521	
1	0	0	0	0	506	527	
2	0	0	0	0	504	526	
3	0	0	0	0	501	524	
4	0	0	0	0	494	518	
5	0	0	0	0	487	516	
6	0	0	0	0	488	515	
7	0	0	0	0	489	513	
8	0	0	0	0	493	507	
9	0	0	0	0	496	500	
10	0	0	0	0	497	498	
11	0	0	0	0	498	496	
12	0	0	0	0	500	496	
13	0	0	0	0	504	494	
14	0	0	0	0	505	495	
15	0	0	0	0	509	495	
0	0	0	0	0	510	494	
1	0	0	0	0	511	492	
2	0	0	0	0	511	492	
3	0	0	0	0	510	493	
4	0	0	0	0	509	497	
5	0	0	0	0	505	502	
6	0	0	0	0	499	505	
7	0	0	0	0	493	508	
8	0	0	0	0	487	510	
9	0	0	0	0	486	516	
10	0	0	0	0	486	525	
11	0	0	0	0	483	536	
12	0	0	0	0	479	550	
13	0	0	0	0	474	561	
14	0	0	0	0	471	570	
15	0	0	0	0	469	573	
0	0	0	0	0	467	573	
1	0	0	0	0	469	561	
2	0	0	0	0	473	548	
3	0	0	0	0	483	534	
4	0	0	0	0	492	519	
5	0	0	0	0	503	505	
6	0	0	0	0	514	491	
7	0	0	0	0	527	474	
8	0	0	0	0	538	455	
9	0	0	0	0	546	439	
10	0	0	0	0	550	422	
11	0	0	0	0	552	411	
12	0	0	0	0	555	405	
13	0	0	0	0	557	400	
14	0	0	0	0	557	402	
15	0	0	0	0	557	403	
0	0	0	0	0	560	404	
1	0	0	0	0	564	409	
2	0	0	0	0	568	417	
3	0	0	0	0	576	432	
4	0	0	0	0	585	444	
5	0	0	0	0	596	455	
6	0	0	0	0	610	465	
7	0	0	0	0	620	474	
8	0	0	0	0	632	476	
9	0	0	0	0	644	477	
10	0	0	0	0	654	471	
11	0	0	0	0	661	471	
12	0	0	0	0	665	472	
13	0	0	0	0	668	476	
14	0	0	0	0	670	479	
15	0	0	0	0	665	478	
0	0	0	0	0	656	481	
1	0	0	0	0	647	479	
2	0	0	0	0	637	480	
3	0	0	0	0	631	480	
4	0	0	0	0	625	480	
5	0	0	0	0	619	485	
6	0	0	0	0	618	489	
7	0	0	0	0	615	491	
8	0	0	0	0	613	489	
9	0	0	0	0	612	487	
10	0	0	0	0	612	483	
11	0	0	0	0	611	478	
12	0	0	0	0	615	470	
13	0	0	0	0	623	466	
14	0	0	0	0	634	464	
15	0	0	0	0	646	464	
0	0	0	0	0	655	463	
1	0	0	0	0	661	463	
2	0	0	0	0	663	467	
3	0	0	0	0	667	471	
4	0	0	0	0	668	473	
5	0	0	0	0	663	472	
6	0	0	0	0	659	473	
7	0	0	0	0	658	476	
8	0	0	0	0	652	474	
9	0	0	0	0	648	472	
10	0	0	0	0	647	471	
11	0	0	0	0	646	468	
12	0	0	0	0	646	466	
13	0	0	0	0	642	462	
14	0	0	0	0	638	454	
15	0	0	0	0	633	448	
0	0	0	0	0	630	441	
1	0	0	0	0	632	438	
2	0	0	0	0	635	432	
3	0	0	0	0	638	424	
4	0	0	0	0	644	425	
5	0	0	0	0	649	424	
6	0	0	0	0	653	421	
7	0	0	0	0	656	414	
8	0	0	0	0	660	400	
9	0	0	0	0	660	389	
10	0	0	0	0	655	375	
11	0	0	0	0	652	363	
12	0	0	0	0	652	354	
13	0	0	0	0	651	345	
14	0	0	0	0	650	343	
15	0	0	0	0	650	338	
0	0	0	0	0	649	339	
1	0	0	0	0	647	338	
2	0	0	0	0	647	339	
3	0	0	0	0	646	355	
4	0	0	0	0	644	365	
5	0	0	0	0	640	374	
6	0	0	0	0	636	380	
7	0	0	0	0	634	380	
8	0	0	0	0	627	382	
9	0	0	0	0	621	378	
10	0	0	0	0	619	376	
11	0	0	0	0	619	370	
12	0	0	0	0	619	359	
13	0	0	0	0	618	354	
14	0	0	0	0	619	349	
15	0	0	0	0	618	343	
0	0	0	0	0	620	344	
1	0	0	0	0	622	341	
2	0	0	0	0	627	348	
3	0	0	0	0	635	350	
4	0	0	0	0	642	349	
5	0	0	0	0	646	359	
6	0	0	0	0	652	362	
7	0	0	0	0	655	376	
8	0	0	0	0	655	392	
9	0	0	0	0	650	407	
10	0	0	0	0	644	418	
11	0	0	0	0	638	421	
12	0	0	0	0	625	415	
13	0	0	0	0	611	415	
14	0	0	0	0	600	410	
15	0	0	0	0	593	407	
0	0	0	0	0	584	406	
1	0	0	0	0	577	406	
2	0	0	0	0	572	411	
3	0	0	0	0	571	415	
4	0	0	0	0	572	419	
5	0	0	0	0	571	428	
6	0	0	0	0	571	435	
7	0	0	0	0	570	449	
8	0	0	0	0	568	455	
9	0	0	0	0	567	455	
10	0	0	0	0	561	455	
11	0	0	0	0	557	452	
12	0	0	0	0	552	450	
13	0	0	0	0	551	442	
14	0	0	0	0	552	440	
15	0	0	0	0	554	436	
0	0	0	0	0	559	438	
1	0	0	0	0	565	440	
2	0	0	0	0	569	441	
3	0	0	0	0	572	443	
4	0	0	0	0	572	444	
5	0	0	0	0	571	444	
6	0	0	0	0	564	444	
7	0	0	0	0	556	445	
8	0	0	0	0	546	443	
9	0	0	0	0	537	441	
10	0	0	0	0	523	433	
11	0	0	0	0	515	422	
12	0	0	0	0	508	418	
13	0	0	0	0	504	416	
14	0	0	0	0	497	419	
15	0	0	0	0	494	425	
0	0	0	0	0	493	434	
1	0	0	0	0	492	444	
2	0	0	0	0	492	450	
3	0	0	0	0	489	457	
4	0	0	0	0	488	462	
5	0	0	0	0	486	461	
6	0	0	0	0	483	456	
7	0	0	0	0	479	451	
8	0	0	0	0	473	450	
9	0	0	0	0	464	449	
10	0	0	0	0	457	447	
11	0	0	0	0	454	448	
12	0	0	0	0	454	455	
13	0	0	0	0	457	464	
14	0	0	0	0	464	474	
15	0	0	0	0	472	485	
0	0	0	0	0	479	492	
1	0	0	0	0	478	499	
2	0	0	0	0	476	502	
3	0	0	0	0	470	503	
4	0	0	0	0	467	502	
5	0	0	0	0	466	505	
6	0	0	0	0	468	507	
7	0	0	0	0	468	508	
8	0	0	0	0	466	509	
9	0	0	0	0	464	514	
10	0	0	0	0	458	520	
11	0	0	0	0	454	528	
12	0	0	0	0	455	538	
13	0	0	0	0	455	544	
14	0	0	0	0	453	545	
15	0	0	0	0	450	543	
0	0	0	0	0	446	535	
1	0	0	0	0	443	536	
2	0	0	0	0	445	542	
3	0	0	0	0	449	551	
4	0	0	0	0	455	563	
5	0	0	0	0	460	571	
6	0	0	0	0	467	579	
7	0	0	0	0	472	582	
8	0	0	0	0	472	584	
9	0	0	0	0	469	587	
10	0	0	0	0	463	589	
11	0	0	0	0	458	586	
12	0	0	0	0	455	583	
13	0	0	0	0	451	575	
14	0	0	0	0	449	566	
15	0	0	0	0	449	554	
0	0	0	0	0	453	546	
1	0	0	0	0	458	543	
2	0	0	0	0	464	542	
3	0	0	0	0	470	540	
4	0	0	0	0	468	542	
5	0	0	0	0	467	543	
6	0	0	0	0	465	544	
7	0	0	0	0	462	545	
8	0	0	0	0	459	543	
9	0	0	0	0	458	543	
10	0	0	0	0	457	544	
11	0	0	0	0	456	547	
12	0	0	0	0	455	554	
13	0	0	0	0	457	563	
14	0	0	0	0	457	569	
15	0	0	0	0	456	570	
0	0	0	0	0	452	563	
1	0	0	0	0	448	550	
2	0	0	0	0	445	536	
3	0	0	0	0	444	528	
4	0	0	0	0	445	527	
5	0	0	0	0	445	526	
6	0	0	0	0	440	523	
7	0	0	0	0	435	519	
8	0	0	0	0	433	516	
9	0	0	0	0	431	522	
10	0	0	0	0	428	525	
11	0	0	0	0	421	527	
12	0	0	0	0	414	526	
13	0	0	0	0	406	526	
14	0	0	0	0	401	528	
15	0	0	0	0	400	530	
0	0	0	0	0	399	535	
1	0	0	0	0	402	545	
2	0	0	0	0	403	555	
3	0	0	0	0	407	560	
4	0	0	0	0	409	564	
5	0	0	0	0	411	562	
6	0	0	0	0	407	560	
7	0	0	0	0	403	559	
8	0	0	0	0	403	564	
9	0	0	0	0	403	568	
10	0	0	0	0	403	573	
11	0	0	0	0	401	575	
12	0	0	0	0	400	574	
13	0	0	0	0	401	571	
14	0	0	0	0	402	568	
15	0	0	0	0	405	566	
0	0	0	0	0	406	565	
1	0	0	0	0	404	562	
2	0	0	0	0	401	559	
3	0	0	0	0	399	556	
4	0	0	0	0	398	550	
5	0	0	0	0	400	550	
6	0	0	0	0	402	545	
7	0	0	0	0	408	547	
8	0	0	0	0	415	551	
9	0	0	0	0	422	554	
10	0	0	0	0	431	556	
11	0	0	0	0	443	556	
12	0	0	0	0	451	556	
13	0	0	0	0	457	556	
14	0	0	0	0	457	557	
15	0	0	0	0	456	559	
0	0	0	0	0	450	558	
1	0	0	0	0	446	556	
2	0	0	0	0	443	561	
3	0	0	0	0	440	564	
4	0	0	0	0	437	571	
5	0	0	0	0	432	575	
6	0	0	0	0	428	575	
7	0	0	0	0	422	569	
8	0	0	0	0	416	563	
9	0	0	0	0	415	559	
10	0	0	0	0	419	559	
11	0	0	0	0	423	561	
12	0	0	0	0	424	562	
13	0	0	0	0	420	561	
14	0	0	0	0	420	559	
15	0	0	0	0	420	556	
0	0	0	0	0	421	552	
1	0	0	0	0	420	552	
2	0	0	0	0	416	551	
3	0	0	0	0	414	547	
4	0	0	0	0	412	538	
5	0	0	0	0	408	528	
6	0	0	0	0	403	519	
7	0	0	0	0	401	516	
8	0	0	0	0	404	511	
9	0	0	0	0	411	508	
10	0	0	0	0	415	507	
11	0	0	0	0	425	504	
12	0	0	0	0	437	497	
13	0	0	0	0	448	489	
14	0	0	0	0	459	487	
15	0	0	0	0	468	488	
0	0	0	0	0	473	487	
1	0	0	0	0	475	486	
2	0	0	0	0	476	482	
3	0	0	0	0	482	479	
4	0	0	0	0	491	480	
5	0	0	0	0	500	478	
6	0	0	0	0	512	472	
7	0	0	0	0	521	465	
8	0	0	0	0	528	458	
9	0	0	0	0	530	451	
10	0	0	0	0	527	440	
11	0	0	0	0	523	420	
12	0	0	0	0	518	403	
13	0	0	0	0	514	388	
14	0	0	0	0	512	375	
15	0	0	0	0	512	362	
0	0	0	0	0	513	360	
1	0	0	0	0	515	358	
2	0	0	0	0	519	360	
3	0	0	0	0	525	366	
4	0	0	0	0	532	375	
5	0	0	0	0	540	379	
6	0	0	0	0	549	378	
7	0	0	0	0	556	373	
8	0	0	0	0	562	375	
9	0	0	0	0	565	375	
10	0	0	0	0	568	376	
11	0	0	0	0	569	376	
12	0	0	0	0	570	375	
13	0	0	0	0	571	377	
14	0	0	0	0	572	379	
15	0	0	0	0	569	376	
0	0	0	0	0	566	384	
1	0	0	0	0	560	391	
2	0	0	0	0	555	401	
3	0	0	0	0	550	409	
4	0	0	0	0	547	412	
5	0	0	0	0	547	416	
6	0	0	0	0	546	418	
7	0	0	0	0	547	424	
8	0	0	0	0	549	431	
9	0	0	0	0	551	437	
10	0	0	0	0	552	446	
11	0	0	0	0	552	454	
12	0	0	0	0	553	461	
13	0	0	0	0	550	466	
14	0	0	0	0	548	471	
15	0	0	0	0	545	468	
0	0	0	0	0	542	470	
1	0	0	0	0	543	468	
2	0	0	0	0	545	465	
3	0	0	0	0	547	463	
4	0	0	0	0	550	463	
5	0	0	0	0	554	464	
6	0	0	0	0	556	464	
7	0	0	0	0	557	464	
8	0	0	0	0	556	462	
9	0	0	0	0	557	460	
10	0	0	0	0	555	457	
11	0	0	0	0	551	456	
12	0	0	0	0	544	455	
13	0	0	0	0	534	454	
14	0	0	0	0	521	455	
15	0	0	0	0	509	453	
0	0	0	0	0	494	454	
1	0	0	0	0	483	452	
2	0	0	0	0	472	447	
3	0	0	0	0	465	445	
4	0	0	0	0	455	444	
5	0	0	0	0	451	444	
6	0	0	0	0	455	446	
7	0	0	0	0	461	445	
8	0	0	0	0	471	445	
9	0	0	0	0	482	441	
10	0	0	0	0	494	440	
11	0	0	0	0	508	445	
12	0	0	0	0	521	450	
13	0	0	0	0	531	456	
14	0	0	0	0	536	462	
15	0	0	0	0	542	468	
0	0	0	0	0	545	475	
1	0	0	0	0	545	480	
2	0	0	0	0	544	483	
3	0	0	0	0	541	487	
4	0	0	0	0	531	488	
5	0	0	0	0	523	491	
6	0	0	0	0	517	499	
7	0	0	0	0	516	511	
8	0	0	0	0	516	523	
9	0	0	0	0	519	528	
10	0	0	0	0	527	529	
11	0	0	0	0	529	523	
12	0	0	0	0	531	511	
13	0	0	0	0	527	497	
14	0	0	0	0	521	487	
15	0	0	0	0	516	483	
0	0	0	0	0	514	483	
1	0	0	0	0	511	484	
2	0	0	0	0	505	480	
3	0	0	0	0	504	476	
4	0	0	0	0	500	472	
5	0	0	0	0	496	467	
6	0	0	0	0	492	465	
7	0	0	0	0	490	463	
8	0	0	0	0	492	460	
9	0	0	0	0	492	459	
10	0	0	0	0	494	462	
11	0	0	0	0	501	470	
12	0	0	0	0	509	478	
13	0	0	0	0	521	483	
14	0	0	0	0	527	480	
15	0	0	0	0	529	476	
0	0	0	0	0	528	472	
1	0	0	0	0	522	472	
2	0	0	0	0	515	473	
3	0	0	0	0	508	475	
4	0	0	0	0	501	476	
5	0	0	0	0	494	473	
6	0	0	0	0	487	466	
7	0	0	0	0	483	459	
8	0	0	0	0	477	450	
9	0	0	0	0	474	447	
10	0	0	0	0	475	449	
11	0	0	0	0	479	455	
12	0	0	0	0	483	461	
13	0	0	0	0	487	468	
14	0	0	0	0	491	476	
15	0	0	0	0	495	487	
0	0	0	0	0	498	495	
1	0	0	0	0	500	495	
2	0	0	0	0	496	489	
3	0	0	0	0	493	483	
4	0	0	0	0	487	477	
5	0	0	0	0	483	473	
6	0	0	0	0	486	474	
7	0	0	0	0	489	476	
8	0	0	0	0	495	479	
9	0	0	0	0	501	480	
10	0	0	0	0	510	479	
11	0	0	0	0	517	476	
12	0	0	0	0	522	474	
13	0	0	0	0	525	476	
14	0	0	0	0	524	482	
15	0	0	0	0	521	489	
0	0	0	0	0	521	494	
1	0	0	0	0	520	499	
2	0	0	0	0	519	506	
3	0	0	0	0	517	511	
4	0	0	0	0	515	515	
5	0	0	0	0	515	520	
6	0	0	0	0	515	520	
7	0	0	0	0	517	513	
8	0	0	0	0	519	507	
9	0	0	0	0	522	500	
10	0	0	0	0	522	496	
11	0	0	0	0	523	494	
12	0	0	0	0	524	494	
13	0	0	0	0	528	493	
14	0	0	0	0	530	493	
15	0	0	0	0	532	491	
0	0	0	0	0	532	487	
1	0	0	0	0	536	484	
2	0	0	0	0	537	481	
3	0	0	0	0	537	480	
4	0	0	0	0	539	478	
5	0	0	0	0	538	481	
6	0	0	0	0	535	492	
7	0	0	0	0	532	501	
8	0	0	0	0	529	507	
9	0	0	0	0	528	513	
10	0	0	0	0	527	519	
11	0	0	0	0	529	526	
12	0	0	0	0	533	530	
13	0	0	0	0	537	530	
14	0	0	0	0	544	524	
15	0	0	0	0	556	519	
0	0	0	0	0	564	513	
1	0	0	0	0	571	513	
2	0	0	0	0	575	511	
3	0	0	0	0	576	513	
4	0	0	0	0	572	517	
5	0	0	0	0	562	518	
6	0	0	0	0	554	518	
7	0	0	0	0	546	516	
8	0	0	0	0	540	511	
9	0	0	0	0	533	505	
10	0	0	0	0	529	495	
11	0	0	0	0	528	488	
12	0	0	0	0	526	483	
13	0	0	0	0	525	482	
14	0	0	0	0	523	484	
15	0	0	0	0	521	487	
0	0	0	0	0	521	488	
1	0	0	0	0	518	491	
2	0	0	0	0	516	491	
3	0	0	0	0	518	487	
4	0	0	0	0	519	487	
5	0	0	0	0	518	492	
6	0	0	0	0	515	499	
7	0	0	0	0	515	505	
8	0	0	0	0	514	512	
9	0	0	0	0	515	518	
10	0	0	0	0	510	523	
11	0	0	0	0	504	524	
12	0	0	0	0	500	526	
13	0	0	0	0	496	527	
14	0	0	0	0	491	527	
15	0	0	0	0	482	528	
0	0	0	0	0	470	531	
1	0	0	0	0	460	535	
2	0	0	0	0	452	537	
3	0	0	0	0	450	542	
4	0	0	0	0	449	550	
5	0	0	0	0	453	557	
6	0	0	0	0	460	564	
7	0	0	0	0	467	575	
8	0	0	0	0	474	585	
9	0	0	0	0	478	593	
10	0	0	0	0	478	598	
11	0	0	0	0	480	597	
12	0	0	0	0	485	596	
13	0	0	0	0	489	595	
14	0	0	0	0	496	595	
15	0	0	0	0	504	599	
0	0	0	0	0	508	600	
1	0	0	0	0	511	604	
2	0	0	0	0	511	604	
3	0	0	0	0	510	604	
4	0	0	0	0	507	607	
5	0	0	0	0	503	608	
6	0	0	0	0	498	604	
7	0	0	0	0	494	601	
8	0	0	0	0	493	593	
9	0	0	0	0	494	587	
10	0	0	0	0	499	581	
11	0	0	0	0	504	576	
12	0	0	0	0	508	574	
13	0	0	0	0	508	579	
14	0	0	0	0	511	588	
15	0	0	0	0	515	596	
0	0	0	0	0	520	603	
1	0	0	0	0	524	607	
2	0	0	0	0	528	604	
3	0	0	0	0	526	600	
4	0	0	0	0	524	595	
5	0	0	0	0	522	589	
6	0	0	0	0	519	582	
7	0	0	0	0	513	575	
8	0	0	0	0	504	568	
9	0	0	0	0	499	566	
10	0	0	0	0	498	563	
11	0	0	0	0	499	565	
12	0	0	0	0	504	569	
13	0	0	0	0	508	575	
14	0	0	0	0	511	578	
15	0	0	0	0	513	579	
0	0	0	0	0	513	575	
1	0	0	0	0	513	573	
2	0	0	0	0	512	568	
3	0	0	0	0	510	566	
4	0	0	0	0	506	564	
5	0	0	0	0	501	560	
6	0	0	0	0	496	555	
7	0	0	0	0	496	548	
8	0	0	0	0	496	543	
9	0	0	0	0	492	535	
10	0	0	0	0	487	529	
11	0	0	0	0	483	528	
12	0	0	0	0	480	529	
13	0	0	0	0	479	539	
14	0	0	0	0	477	550	
15	0	0	0	0	475	562	
0	0	0	0	0	471	569	
1	0	0	0	0	468	574	
2	0	0	0	0	469	576	
3	0	0	0	0	473	578	
4	0	0	0	0	475	579	
5	0	0	0	0	476	585	
6	0	0	0	0	476	591	
7	0	0	0	0	475	595	
8	0	0	0	0	477	600	
9	0	0	0	0	479	602	
10	0	0	0	0	481	604	
11	0	0	0	0	479	600	
12	0	0	0	0	480	598	
13	0	0	0	0	478	593	
14	0	0	0	0	474	587	
15	0	0	0	0	469	585	
0	0	0	0	0	469	576	
1	0	0	0	0	466	568	
2	0	0	0	0	466	556	
3	0	0	0	0	467	543	
4	0	0	0	0	466	526	
5	0	0	0	0	466	515	
6	0	0	0	0	466	508	
7	0	0	0	0	467	508	
8	0	0	0	0	470	515	
9	0	0	0	0	473	526	
10	0	0	0	0	476	538	
11	0	0	0	0	476	551	
12	0	0	0	0	475	564	
13	0	0	0	0	477	571	
14	0	0	0	0	476	574	
15	0	0	0	0	471	575	
0	0	0	0	0	463	575	
1	0	0	0	0	455	578	
2	0	0	0	0	443	584	
3	0	0	0	0	435	592	
4	0	0	0	0	432	598	
5	0	0	0	0	433	604	
6	0	0	0	0	433	606	
7	0	0	0	0	433	612	
8	0	0	0	0	432	612	
9	0	0	0	0	432	611	
10	0	0	0	0	431	604	
11	0	0	0	0	428	592	
12	0	0	0	0	422	575	
13	0	0	0	0	416	561	
14	0	0	0	0	415	547	
15	0	0	0	0	414	540	
0	0	0	0	0	417	530	
1	0	0	0	0	422	528	
2	0	0	0	0	430	531	
3	0	0	0	0	438	536	
4	0	0	0	0	446	543	
5	0	0	0	0	451	556	
6	0	0	0	0	457	567	
7	0	0	0	0	461	578	
8	0	0	0	0	463	586	
9	0	0	0	0	459	588	
10	0	0	0	0	448	592	
11	0	0	0	0	438	595	
12	0	0	0	0	429	603	
13	0	0	0	0	425	601	
14	0	0	0	0	416	596	
15	0	0	0	0	407	587	
0	0	0	0	0	404	576	
1	0	0	0	0	403	567	
2	0	0	0	0	402	560	
3	0	0	0	0	403	552	
4	0	0	0	0	404	547	
5	0	0	0	0	405	538	
6	0	0	0	0	406	529	
7	0	0	0	0	407	521	
8	0	0	0	0	414	521	
9	0	0	0	0	419	527	
10	0	0	0	0	422	531	
11	0	0	0	0	427	538	
12	0	0	0	0	433	543	
13	0	0	0	0	435	544	
14	0	0	0	0	436	540	
15	0	0	0	0	440	540	
0	0	0	0	0	446	540	
1	0	0	0	0	451	543	
2	0	0	0	0	456	542	
3	0	0	0	0	461	544	
4	0	0	0	0	465	546	
5	0	0	0	0	467	547	
6	0	0	0	0	468	547	
7	0	0	0	0	467	544	
8	0	0	0	0	461	540	
9	0	0	0	0	454	532	
10	0	0	0	0	444	529	
11	0	0	0	0	436	527	
12	0	0	0	0	434	527	
13	0	0	0	0	429	528	
14	0	0	0	0	423	532	
15	0	0	0	0	419	536	
0	0	0	0	0	417	538	
1	0	0	0	0	418	541	
2	0	0	0	0	418	538	
3	0	0	0	0	424	538	
4	0	0	0	0	432	536	
5	0	0	0	0	436	529	
6	0	0	0	0	438	523	
7	0	0	0	0	435	518	
8	0	0	0	0	433	516	
9	0	0	0	0	433	519	
10	0	0	0	0	433	526	
11	0	0	0	0	435	533	
12	0	0	0	0	434	537	
13	0	0	0	0	429	539	
14	0	0	0	0	427	540	
15	0	0	0	0	426	537	
0	0	0	0	0	424	534	
1	0	0	0	0	421	535	
2	0	0	0	0	422	538	
3	0	0	0	0	427	537	
4	0	0	0	0	435	537	
5	0	0	0	0	446	536	
6	0	0	0	0	455	538	
7	0	0	0	0	462	539	
8	0	0	0	0	466	542	
9	0	0	0	0	469	544	
10	0	0	0	0	473	540	
11	0	0	0	0	473	531	
12	0	0	0	0	469	519	
13	0	0	0	0	460	510	
14	0	0	0	0	451	506	
15	0	0	0	0	443	503	
0	0	0	0	0	435	502	
1	0	0	0	0	432	502	
2	0	0	0	0	431	503	
3	0	0	0	0	435	506	
4	0	0	0	0	440	508	
5	0	0	0	0	443	508	
6	0	0	0	0	447	506	
7	0	0	0	0	446	504	
8	0	0	0	0	445	502	
9	0	0	0	0	444	501	
10	0	0	0	0	442	502	
11	0	0	0	0	442	501	
12	0	0	0	0	441	495	
13	0	0	0	0	444	491	
14	0	0	0	0	448	485	
15	0	0	0	0	456	483	
0	0	0	0	0	459	481	
1	0	0	0	0	460	480	
2	0	0	0	0	456	476	
3	0	0	0	0	449	475	
4	0	0	0	0	443	477	
5	0	0	0	0	439	482	
6	0	0	0	0	437	496	
7	0	0	0	0	440	508	
8	0	0	0	0	439	520	
9	0	0	0	0	439	527	
10	0	0	0	0	438	534	
11	0	0	0	0	438	539	
12	0	0	0	0	436	540	
13	0	0	0	0	436	538	
14	0	0	0	0	441	535	
15	0	0	0	0	446	532	
0	0	0	0	0	451	527	
1	0	0	0	0	457	518	
2	0	0	0	0	460	510	
3	0	0	0	0	462	501	
4	0	0	0	0	467	495	
5	0	0	0	0	473	489	
6	0	0	0	0	481	483	
7	0	0	0	0	488	474	
8	0	0	0	0	492	463	
9	0	0	0	0	496	456	
10	0	0	0	0	503	453	
11	0	0	0	0	510	451	
12	0	0	0	0	517	454	
13	0	0	0	0	521	458	
14	0	0	0	0	524	463	
15	0	0	0	0	524	464	
0	0	0	0	0	527	463	
1	0	0	0	0	525	464	
2	0	0	0	0	525	467	
3	0	0	0	0	526	471	
4	0	0	0	0	526	477	
5	0	0	0	0	524	483	
6	0	0	0	0	525	492	
7	0	0	0	0	528	499	
8	0	0	0	0	528	508	
9	0	0	0	0	525	510	
10	0	0	0	0	527	515	
11	0	0	0	0	532	519	
12	0	0	0	0	537	522	
13	0	0	0	0	541	523	
14	0	0	0	0	545	522	
15	0	0	0	0	551	514	
0	0	0	0	0	560	506	
1	0	0	0	0	566	501	
2	0	0	0	0	571	502	
3	0	0	0	0	569	504	
4	0	0	0	0	564	505	
5	0	0	0	0	555	510	
6	0	0	0	0	545	518	
7	0	0	0	0	537	523	
8	0	0	0	0	534	524	
9	0	0	0	0	532	520	
10	0	0	0	0	529	516	
11	0	0	0	0	524	511	
12	0	0	0	0	521	510	
13	0	0	0	0	523	508	
14	0	0	0	0	525	507	
15	0	0	0	0	526	503	
0	0	0	0	0	528	497	
1	0	0	0	0	532	485	
2	0	0	0	0	536	469	
3	0	0	0	0	543	457	
4	0	0	0	0	558	456	
5	0	0	0	0	574	465	
6	0	0	0	0	591	478	
7	0	0	0	0	607	492	
8	0	0	0	0	616	507	
9	0	0	0	0	618	522	
10	0	0	0	0	619	536	
11	0	0	0	0	611	545	
12	0	0	0	0	601	559	
13	0	0	0	0	588	575	
14	0	0	0	0	579	591	
15	0	0	0	0	573	606	
0	0	0	0	0	567	622	
1	0	0	0	0	559	638	
2	0	0	0	0	548	653	
3	0	0	0	0	540	664	
4	0	0	0	0	530	674	
5	0	0	0	0	521	682	
6	0	0	0	0	515	690	
7	0	0	0	0	512	695	
8	0	0	0	0	511	699	
9	0	0	0	0	510	702	
10	0	0	0	0	509	707	
11	0	0	0	0	504	712	
12	0	0	0	0	502	713	
13	0	0	0	0	497	713	
14	0	0	0	0	492	709	
15	0	0	0	0	487	700	
0	0	0	0	0	485	690	
1	0	0	0	0	481	679	
2	0	0	0	0	475	671	
3	0	0	0	0	467	662	
4	0	0	0	0	459	660	
5	0	0	0	0	456	663	
6	0	0	0	0	457	665	
7	0	0	0	0	458	664	
8	0	0	0	0	455	664	
9	0	0	0	0	455	661	
10	0	0	0	0	454	655	
11	0	0	0	0	453	651	
12	0	0	0	0	453	648	
13	0	0	0	0	449	648	
14	0	0	0	0	450	648	
15	0	0	0	0	451	655	
0	0	0	0	0	453	660	
1	0	0	0	0	457	658	
2	0	0	0	0	463	657	
3	0	0	0	0	470	652	
4	0	0	0	0	478	646	
5	0	0	0	0	481	646	
6	0	0	0	0	484	653	
7	0	0	0	0	486	663	
8	0	0	0	0	490	669	
9	0	0	0	0	491	677	
10	0	0	0	0	488	679	
11	0	0	0	0	484	677	
12	0	0	0	0	480	673	
13	0	0	0	0	470	667	
14	0	0	0	0	461	659	
15	0	0	0	0	452	644	
0	0	0	0	0	444	633	
1	0	0	0	0	438	623	
2	0	0	0	0	431	615	
3	0	0	0	0	425	614	
4	0	0	0	0	418	614	
5	0	0	0	0	410	614	
6	0	0	0	0	405	615	
7	0	0	0	0	406	617	
8	0	0	0	0	412	622	
9	0	0	0	0	421	626	
10	0	0	0	0	432	628	
11	0	0	0	0	446	627	
12	0	0	0	0	459	625	
13	0	0	0	0	473	622	
14	0	0	0	0	485	609	
15	0	0	0	0	495	598	
0	0	0	0	0	505	589	
1	0	0	0	0	512	586	
2	0	0	0	0	515	586	
3	0	0	0	0	516	589	
4	0	0	0	0	517	600	
5	0	0	0	0	513	611	
6	0	0	0	0	505	619	
7	0	0	0	0	497	624	
8	0	0	0	0	491	631	
9	0	0	0	0	491	638	
10	0	0	0	0	489	643	
11	0	0	0	0	487	647	
12	0	0	0	0	483	641	
13	0	0	0	0	479	631	
14	0	0	0	0	475	624	
15	0	0	0	0	469	617	
0	0	0	0	0	468	614	
1	0	0	0	0	470	611	
2	0	0	0	0	470	606	
3	0	0	0	0	471	597	
4	0	0	0	0	470	591	
5	0	0	0	0	467	587	
6	0	0	0	0	467	587	
7	0	0	0	0	470	584	
8	0	0	0	0	471	584	
9	0	0	0	0	470	582	
10	0	0	0	0	468	582	
11	0	0	0	0	471	582	
12	0	0	0	0	471	586	
13	0	0	0	0	472	589	
14	0	0	0	0	469	588	
15	0	0	0	0	465	582	
0	0	0	0	0	466	582	
1	0	0	0	0	465	585	
2	0	0	0	0	465	588	
3	0	0	0	0	462	588	
4	0	0	0	0	457	587	
5	0	0	0	0	458	590	
6	0	0	0	0	459	595	
7	0	0	0	0	460	599	
8	0	0	0	0	459	601	
9	0	0	0	0	458	602	
10	0	0	0	0	455	599	
11	0	0	0	0	449	588	
12	0	0	0	0	444	576	
13	0	0	0	0	441	566	
14	0	0	0	0	441	555	
15	0	0	0	0	442	545	
0	0	0	0	0	444	538	
1	0	0	0	0	446	533	
2	0	0	0	0	448	531	
3	0	0	0	0	451	534	
4	0	0	0	0	450	536	
5	0	0	0	0	447	532	
6	0	0	0	0	443	525	
7	0	0	0	0	439	519	
8	0	0	0	0	435	512	
9	0	0	0	0	437	507	
10	0	0	0	0	442	504	
11	0	0	0	0	449	504	
12	0	0	0	0	461	510	
13	0	0	0	0	471	519	
14	0	0	0	0	480	531	
15	0	0	0	0	488	542	
0	0	0	0	0	494	551	
1	0	0	0	0	499	556	
2	0	0	0	0	498	559	
3	0	0	0	0	494	563	
4	0	0	0	0	489	560	
5	0	0	0	0	484	558	
6	0	0	0	0	481	552	
7	0	0	0	0	480	545	
8	0	0	0	0	480	536	
9	0	0	0	0	478	527	
10	0	0	0	0	479	521	
11	0	0	0	0	478	519	
12	0	0	0	0	478	520	
13	0	0	0	0	480	519	
14	0	0	0	0	481	516	
15	0	0	0	0	481	514	
0	0	0	0	0	476	512	
1	0	0	0	0	472	510	
2	0	0	0	0	468	510	
3	0	0	0	0	469	507	
4	0	0	0	0	473	506	
5	0	0	0	0	473	504	
6	0	0	0	0	474	503	
7	0	0	0	0	477	500	
8	0	0	0	0	480	493	
9	0	0	0	0	481	478	
10	0	0	0	0	479	464	
11	0	0	0	0	479	455	
12	0	0	0	0	481	452	
13	0	0	0	0	482	454	
14	0	0	0	0	485	459	
15	0	0	0	0	489	464	
0	0	0	0	0	491	474	
1	0	0	0	0	496	483	
2	0	0	0	0	499	491	
3	0	0	0	0	502	496	
4	0	0	0	0	496	501	
5	0	0	0	0	491	505	
6	0	0	0	0	485	508	
7	0	0	0	0	480	508	
8	0	0	0	0	480	511	
9	0	0	0	0	482	516	
10	0	0	0	0	483	519	
11	0	0	0	0	485	522	
12	0	0	0	0	484	527	
13	0	0	0	0	486	528	
14	0	0	0	0	487	529	
15	0	0	0	0	487	530	
0	0	0	0	0	487	523	
1	0	0	0	0	487	512	
2	0	0	0	0	489	505	
3	0	0	0	0	494	500	
4	0	0	0	0	497	499	
5	0	0	0	0	504	499	
6	0	0	0	0	511	502	
7	0	0	0	0	516	508	
8	0	0	0	0	519	515	
9	0	0	0	0	518	524	
10	0	0	0	0	515	533	
11	0	0	0	0	511	543	
12	0	0	0	0	508	548	
13	0	0	0	0	504	548	
14	0	0	0	0	503	544	
15	0	0	0	0	503	538	
0	0	0	0	0	505	530	
1	0	0	0	0	508	521	
2	0	0	0	0	511	517	
3	0	0	0	0	514	513	
4	0	0	0	0	513	512	
5	0	0	0	0	509	508	
6	0	0	0	0	501	507	
7	0	0	0	0	494	505	
8	0	0	0	0	489	500	
9	0	0	0	0	486	495	
10	0	0	0	0	484	493	
11	0	0	0	0	483	492	
12	0	0	0	0	484	491	
13	0	0	0	0	484	492	
14	0	0	0	0	489	493	
15	0	0	0	0	496	491	
0	0	0	0	0	497	488	
1	0	0	0	0	500	484	
2	0	0	0	0	505	481	
3	0	0	0	0	507	483	
4	0	0	0	0	511	490	
5	0	0	0	0	515	497	
6	0	0	0	0	520	507	
7	0	0	0	0	525	514	
8	0	0	0	0	529	522	
9	0	0	0	0	532	522	
10	0	0	0	0	532	518	
11	0	0	0	0	531	517	
12	0	0	0	0	531	517	
13	0	0	0	0	529	517	
14	0	0	0	0	521	516	
15	0	0	0	0	515	513	
0	0	0	0	0	507	507	
1	0	0	0	0	503	504	
2	0	0	0	0	502	501	
3	0	0	0	0	501	498	
4	0	0	0	0	501	493	
5	0	0	0	0	503	488	
6	0	0	0	0	502	485	
7	0	0	0	0	501	480	
8	0	0	0	0	499	473	
9	0	0	0	0	499	467	
10	0	0	0	0	498	464	
11	0	0	0	0	498	463	
12	0	0	0	0	495	460	
13	0	0	0	0	491	452	
14	0	0	0	0	487	445	
15	0	0	0	0	481	441	
0	0	0	0	0	475	440	
1	0	0	0	0	467	442	
2	0	0	0	0	463	448	
3	0	0	0	0	459	458	
4	0	0	0	0	455	468	
5	0	0	0	0	455	477	
6	0	0	0	0	454	485	
7	0	0	0	0	455	492	
8	0	0	0	0	460	499	
9	0	0	0	0	464	504	
10	0	0	0	0	470	505	
11	0	0	0	0	476	509	
12	0	0	0	0	484	513	
13	0	0	0	0	493	520	
14	0	0	0	0	498	527	
15	0	0	0	0	504	532	
0	0	0	0	0	508	540	
1	0	0	0	0	514	543	
2	0	0	0	0	519	545	
3	0	0	0	0	527	545	
4	0	0	0	0	536	544	
5	0	0	0	0	545	539	
6	0	0	0	0	548	530	
7	0	0	0	0	557	520	
8	0	0	0	0	561	512	
9	0	0	0	0	563	503	
10	0	0	0	0	560	495	
11	0	0	0	0	554	487	
12	0	0	0	0	546	481	
13	0	0	0	0	536	480	
14	0	0	0	0	526	480	
15	0	0	0	0	516	483	
0	0	0	0	0	511	489	
1	0	0	0	0	509	492	
2	0	0	0	0	507	495	
3	0	0	0	0	508	498	
4	0	0	0	0	510	498	
5	0	0	0	0	512	495	
6	0	0	0	0	514	492	
7	0	0	0	0	514	486	
8	0	0	0	0	515	478	
9	0	0	0	0	513	468	
10	0	0	0	0	511	458	
11	0	0	0	0	508	448	
12	0	0	0	0	504	438	
13	0	0	0	0	499	428	
14	0	0	0	0	492	417	
15	0	0	0	0	487	413	
0	0	0	0	0	483	411	
1	0	0	0	0	480	418	
2	0	0	0	0	485	430	
3	0	0	0	0	496	440	
4	0	0	0	0	510	448	
5	0	0	0	0	524	455	
6	0	0	0	0	534	460	
7	0	0	0	0	541	467	
8	0	0	0	0	544	476	
9	0	0	0	0	546	489	
10	0	0	0	0	544	502	
11	0	0	0	0	542	517	
12	0	0	0	0	539	527	
13	0	0	0	0	534	529	
14	0	0	0	0	526	526	
15	0	0	0	0	517	519	
0	0	0	0	0	513	512	
1	0	0	0	0	508	504	
2	0	0	0	0	506	495	
3	0	0	0	0	505	483	
4	0	0	0	0	504	473	
5	0	0	0	0	504	460	
6	0	0	0	0	503	449	
7	0	0	0	0	502	444	
8	0	0	0	0	499	443	
9	0	0	0	0	494	444	
10	0	0	0	0	487	440	
11	0	0	0	0	482	433	
12	0	0	0	0	479	427	
13	0	0	0	0	470	426	
14	0	0	0	0	459	428	
15	0	0	0	0	451	425	
0	0	0	0	0	448	428	
1	0	0	0	0	452	436	
2	0	0	0	0	459	446	
3	0	0	0	0	466	455	
4	0	0	0	0	472	465	
5	0	0	0	0	477	479	
6	0	0	0	0	483	489	
7	0	0	0	0	491	498	
8	0	0	0	0	500	505	
9	0	0	0	0	505	507	
10	0	0	0	0	507	508	
11	0	0	0	0	505	512	
12	0	0	0	0	501	515	
13	0	0	0	0	496	518	
14	0	0	0	0	488	519	
15	0	0	0	0	483	524	
0	0	0	0	0	480	529	
1	0	0	0	0	480	535	
2	0	0	0	0	483	540	
3	0	0	0	0	483	539	
4	0	0	0	0	482	537	
5	0	0	0	0	479	536	
6	0	0	0	0	475	532	
7	0	0	0	0	467	527	
8	0	0	0	0	461	522	
9	0	0	0	0	460	519	
10	0	0	0	0	463	515	
11	0	0	0	0	467	508	
12	0	0	0	0	473	504	
13	0	0	0	0	478	498	
14	0	0	0	0	481	496	
15	0	0	0	0	486	493	
0	0	0	0	0	491	489	
1	0	0	0	0	495	484	
2	0	0	0	0	503	479	
3	0	0	0	0	512	476	
4	0	0	0	0	519	470	
5	0	0	0	0	524	468	
6	0	0	0	0	529	473	
7	0	0	0	0	537	482	
8	0	0	0	0	549	491	
9	0	0	0	0	559	500	
10	0	0	0	0	567	510	
11	0	0	0	0	573	515	
12	0	0	0	0	575	514	
13	0	0	0	0	583	509	
14	0	0	0	0	592	497	
15	0	0	0	0	595	487	
0	0	0	0	0	599	479	
1	0	0	0	0	596	467	
2	0	0	0	0	594	462	
3	0	0	0	0	590	456	
4	0	0	0	0	584	451	
5	0	0	0	0	576	454	
6	0	0	0	0	568	460	
7	0	0	0	0	563	468	
8	0	0	0	0	558	475	
9	0	0	0	0	554	482	
10	0	0	0	0	557	489	
11	0	0	0	0	556	496	
12	0	0	0	0	551	495	
13	0	0	0	0	547	492	
14	0	0	0	0	547	483	
15	0	0	0	0	546	476	
0	0	0	0	0	547	469	
1	0	0	0	0	548	466	
2	0	0	0	0	546	466	
3	0	0	0	0	543	466	
4	0	0	0	0	541	468	
5	0	0	0	0	540	469	
6	0	0	0	0	543	471	
7	0	0	0	0	545	476	
8	0	0	0	0	550	483	
9	0	0	0	0	557	491	
10	0	0	0	0	565	498	
11	0	0	0	0	569	500	
12	0	0	0	0	572	499	
13	0	0	0	0	577	496	
14	0	0	0	0	579	495	
15	0	0	0	0	578	496	
0	0	0	0	0	575	494	
1	0	0	0	0	575	492	
2	0	0	0	0	569	489	
3	0	0	0	0	563	486	
4	0	0	0	0	560	484	
5	0	0	0	0	559	483	
6	0	0	0	0	561	483	
7	0	0	0	0	560	487	
8	0	0	0	0	558	490	
9	0	0	0	0	553	489	
10	0	0	0	0	551	489	
11	0	0	0	0	551	489	
12	0	0	0	0	551	486	
13	0	0	0	0	555	485	
14	0	0	0	0	559	489	
15	0	0	0	0	558	494	
0	0	0	0	0	558	496	
1	0	0	0	0	558	493	
2	0	0	0	0	556	485	
3	0	0	0	0	553	481	
4	0	0	0	0	551	476	
5	0	0	0	0	550	472	
6	0	0	0	0	550	472	
7	0	0	0	0	552	475	
8	0	0	0	0	557	479	
9	0	0	0	0	562	487	
10	0	0	0	0	569	496	
11	0	0	0	0	575	503	
12	0	0	0	0	579	505	
13	0	0	0	0	584	507	
14	0	0	0	0	583	506	
15	0	0	0	0	583	505	
0	0	0	0	0	580	505	
1	0	0	0	0	573	502	
2	0	0	0	0	561	497	
3	0	0	0	0	547	491	
4	0	0	0	0	535	484	
5	0	0	0	0	523	473	
6	0	0	0	0	516	461	
7	0	0	0	0	513	451	
8	0	0	0	0	516	451	
9	0	0	0	0	520	455	
10	0	0	0	0	526	462	
11	0	0	0	0	532	471	
12	0	0	0	0	544	483	
13	0	0	0	0	556	496	
14	0	0	0	0	563	503	
15	0	0	0	0	570	507	
0	0	0	0	0	577	512	
1	0	0	0	0	588	524	
2	0	0	0	0	599	540	
3	0	0	0	0	608	555	
4	0	0	0	0	621	564	
5	0	0	0	0	634	568	
6	0	0	0	0	648	565	
7	0	0	0	0	658	557	
8	0	0	0	0	659	550	
9	0	0	0	0	651	537	
10	0	0	0	0	640	525	
11	0	0	0	0	629	515	
12	0	0	0	0	618	508	
13	0	0	0	0	605	506	
14	0	0	0	0	590	507	
15	0	0	0	0	573	511	
0	0	0	0	0	553	517	
1	0	0	0	0	531	519	
2	0	0	0	0	512	522	
3	0	0	0	0	494	523	
4	0	0	0	0	478	520	
5	0	0	0	0	467	520	
6	0	0	0	0	460	523	
7	0	0	0	0	456	522	
8	0	0	0	0	456	518	
9	0	0	0	0	456	513	
10	0	0	0	0	457	511	
11	0	0	0	0	463	509	
12	0	0	0	0	470	508	
13	0	0	0	0	476	508	
14	0	0	0	0	487	504	
15	0	0	0	0	502	503	
0	0	0	0	0	513	499	
1	0	0	0	0	522	499	
2	0	0	0	0	531	502	
3	0	0	0	0	537	508	
4	0	0	0	0	544	513	
5	0	0	0	0	551	515	
6	0	0	0	0	554	516	
7	0	0	0	0	555	516	
8	0	0	0	0	558	513	
9	0	0	0	0	561	512	
10	0	0	0	0	567	514	
11	0	0	0	0	571	515	
12	0	0	0	0	573	516	
13	0	0	0	0	575	515	
14	0	0	0	0	576	508	
15	0	0	0	0	577	502	
0	0	0	0	0	579	497	
1	0	0	0	0	577	497	
2	0	0	0	0	575	499	
3	0	0	0	0	574	494	
4	0	0	0	0	572	491	
5	0	0	0	0	563	486	
6	0	0	0	0	553	482	
7	0	0	0	0	546	480	
8	0	0	0	0	542	486	
9	0	0	0	0	538	487	
10	0	0	0	0	534	483	
11	0	0	0	0	531	476	
12	0	0	0	0	530	472	
13	0	0	0	0	531	468	
14	0	0	0	0	536	462	
15	0	0	0	0	542	457	
0	0	0	0	0	545	456	
1	0	0	0	0	549	459	
2	0	0	0	0	549	463	
3	0	0	0	0	544	467	
4	0	0	0	0	540	472	
5	0	0	0	0	534	480	
6	0	0	0	0	529	488	
7	0	0	0	0	527	494	
8	0	0	0	0	524	502	
9	0	0	0	0	523	509	
10	0	0	0	0	517	516	
11	0	0	0	0	517	522	
12	0	0	0	0	521	524	
13	0	0	0	0	526	524	
14	0	0	0	0	526	524	
15	0	0	0	0	522	524	
0	0	0	0	0	517	525	
1	0	0	0	0	511	519	
2	0	0	0	0	507	515	
3	0	0	0	0	501	509	
4	0	0	0	0	492	499	
5	0	0	0	0	483	483	
6	0	0	0	0	475	470	
7	0	0	0	0	468	460	
8	0	0	0	0	462	454	
9	0	0	0	0	458	448	
10	0	0	0	0	452	445	
11	0	0	0	0	448	440	
12	0	0	0	0	448	434	
13	0	0	0	0	447	426	
14	0	0	0	0	446	423	
15	0	0	0	0	450	423	
0	0	0	0	0	455	430	
1	0	0	0	0	460	437	
2	0	0	0	0	467	445	
3	0	0	0	0	473	452	
4	0	0	0	0	480	462	
5	0	0	0	0	483	474	
6	0	0	0	0	487	484	
7	0	0	0	0	491	493	
8	0	0	0	0	494	499	
9	0	0	0	0	497	498	
10	0	0	0	0	502	496	
11	0	0	0	0	508	487	
12	0	0	0	0	514	475	
13	0	0	0	0	516	463	
14	0	0	0	0	517	455	
15	0	0	0	0	515	445	
0	0	0	0	0	516	438	
1	0	0	0	0	515	439	
2	0	0	0	0	511	438	
3	0	0	0	0	509	441	
4	0	0	0	0	505	444	
5	0	0	0	0	500	446	
6	0	0	0	0	494	448	
7	0	0	0	0	486	449	
8	0	0	0	0	478	448	
9	0	0	0	0	474	449	
10	0	0	0	0	470	448	
11	0	0	0	0	466	440	
12	0	0	0	0	465	428	
13	0	0	0	0	467	421	
14	0	0	0	0	471	417	
15	0	0	0	0	476	424	
0	0	0	0	0	491	436	
1	0	0	0	0	504	451	
2	0	0	0	0	517	468	
3	0	0	0	0	527	483	
4	0	0	0	0	537	493	
5	0	0	0	0	548	503	
6	0	0	0	0	556	511	
7	0	0	0	0	562	519	
8	0	0	0	0	564	521	
9	0	0	0	0	564	518	
10	0	0	0	0	563	514	
11	0	0	0	0	560	504	
12	0	0	0	0	558	493	
13	0	0	0	0	554	481	
14	0	0	0	0	553	471	
15	0	0	0	0	552	463	
0	0	0	0	0	555	459	
1	0	0	0	0	559	457	
2	0	0	0	0	563	460	
3	0	0	0	0	569	463	
4	0	0	0	0	573	468	
5	0	0	0	0	579	472	
6	0	0	0	0	583	476	
7	0	0	0	0	585	482	
8	0	0	0	0	583	487	
9	0	0	0	0	583	489	
10	0	0	0	0	579	491	
11	0	0	0	0	573	492	
12	0	0	0	0	566	487	
13	0	0	0	0	556	481	
14	0	0	0	0	547	472	
15	0	0	0	0	540	467	
0	0	0	0	0	531	468	
1	0	0	0	0	522	465	
2	0	0	0	0	514	462	
3	0	0	0	0	511	455	
4	0	0	0	0	512	447	
5	0	0	0	0	516	439	
6	0	0	0	0	517	435	
7	0	0	0	0	517	435	
8	0	0	0	0	516	441	
9	0	0	0	0	515	446	
10	0	0	0	0	516	449	
11	0	0	0	0	515	451	
12	0	0	0	0	516	454	
13	0	0	0	0	516	458	
14	0	0	0	0	519	460	
15	0	0	0	0	521	465	
0	0	0	0	0	520	466	
1	0	0	0	0	519	464	
2	0	0	0	0	521	463	
3	0	0	0	0	527	460	
4	0	0	0	0	533	451	
5	0	0	0	0	534	441	
6	0	0	0	0	530	435	
7	0	0	0	0	525	431	
8	0	0	0	0	515	431	
9	0	0	0	0	507	432	
10	0	0	0	0	503	437	
11	0	0	0	0	499	441	
12	0	0	0	0	498	444	
13	0	0	0	0	500	451	
14	0	0	0	0	505	462	
15	0	0	0	0	508	473	
0	0	0	0	0	512	480	
1	0	0	0	0	518	487	
2	0	0	0	0	521	493	
3	0	0	0	0	523	499	
4	0	0	0	0	523	500	
5	0	0	0	0	521	499	
6	0	0	0	0	519	501	
7	0	0	0	0	516	503	
8	0	0	0	0	512	502	
9	0	0	0	0	510	499	
10	0	0	0	0	507	494	
11	0	0	0	0	505	488	
12	0	0	0	0	505	478	
13	0	0	0	0	505	472	
14	0	0	0	0	501	462	
15	0	0	0	0	499	452	
0	0	0	0	0	502	444	
1	0	0	0	0	502	435	
2	0	0	0	0	501	432	
3	0	0	0	0	503	433	
4	0	0	0	0	508	435	
5	0	0	0	0	514	435	
6	0	0	0	0	521	437	
7	0	0	0	0	524	440	
8	0	0	0	0	523	444	
9	0	0	0	0	514	449	
10	0	0	0	0	506	448	
11	0	0	0	0	496	445	
12	0	0	0	0	484	440	
13	0	0	0	0	479	432	
14	0	0	0	0	478	425	
15	0	0	0	0	480	421	
0	0	0	0	0	486	425	
1	0	0	0	0	492	435	
2	0	0	0	0	499	447	
3	0	0	0	0	506	460	
4	0	0	0	0	511	469	
5	0	0	0	0	510	476	
6	0	0	0	0	508	483	
7	0	0	0	0	505	485	
8	0	0	0	0	501	487	
9	0	0	0	0	498	489	
10	0	0	0	0	494	497	
11	0	0	0	0	491	506	
12	0	0	0	0	491	510	
13	0	0	0	0	491	507	
14	0	0	0	0	489	500	
15	0	0	0	0	487	492	
0	0	0	0	0	487	480	
1	0	0	0	0	488	473	
2	0	0	0	0	485	469	
3	0	0	0	0	480	465	
4	0	0	0	0	480	459	
5	0	0	0	0	480	453	
6	0	0	0	0	484	449	
7	0	0	0	0	487	447	
8	0	0	0	0	489	452	
9	0	0	0	0	491	462	
10	0	0	0	0	495	472	
11	0	0	0	0	496	479	
12	0	0	0	0	497	483	
13	0	0	0	0	499	491	
14	0	0	0	0	504	499	
15	0	0	0	0	511	504	
0	0	0	0	0	517	513	
1	0	0	0	0	524	519	
2	0	0	0	0	528	518	
3	0	0	0	0	532	514	
4	0	0	0	0	536	511	
5	0	0	0	0	540	508	
6	0	0	0	0	543	513	
7	0	0	0	0	546	513	
8	0	0	0	0	553	515	
9	0	0	0	0	558	515	
10	0	0	0	0	561	512	
11	0	0	0	0	564	511	
12	0	0	0	0	561	508	
13	0	0	0	0	553	497	
14	0	0	0	0	544	484	
15	0	0	0	0	536	466	
0	0	0	0	0	528	451	
1	0	0	0	0	522	441	
2	0	0	0	0	519	437	
3	0	0	0	0	520	439	
4	0	0	0	0	527	444	
5	0	0	0	0	533	453	
6	0	0	0	0	539	463	
7	0	0	0	0	543	467	
8	0	0	0	0	548	473	
9	0	0	0	0	548	475	
10	0	0	0	0	547	476	
11	0	0	0	0	548	479	
12	0	0	0	0	548	484	
13	0	0	0	0	547	491	
14	0	0	0	0	544	497	
15	0	0	0	0	543	505	
0	0	0	0	0	542	514	
1	0	0	0	0	540	523	
2	0	0	0	0	539	527	
3	0	0	0	0	535	531	
4	0	0	0	0	527	534	
5	0	0	0	0	516	537	
6	0	0	0	0	506	541	
7	0	0	0	0	498	543	
8	0	0	0	0	492	544	
9	0	0	0	0	488	544	
10	0	0	0	0	487	543	
11	0	0	0	0	486	543	
12	0	0	0	0	485	540	
13	0	0	0	0	486	536	
14	0	0	0	0	488	532	
15	0	0	0	0	491	526	
0	0	0	0	0	493	521	
1	0	0	0	0	496	517	
2	0	0	0	0	500	516	
3	0	0	0	0	502	515	
4	0	0	0	0	498	514	
5	0	0	0	0	490	511	
6	0	0	0	0	486	510	
7	0	0	0	0	483	511	
8	0	0	0	0	484	514	
9	0	0	0	0	488	518	
10	0	0	0	0	492	522	
11	0	0	0	0	496	522	
12	0	0	0	0	503	521	
13	0	0	0	0	506	519	
14	0	0	0	0	506	512	
15	0	0	0	0	506	505	
0	0	0	0	0	508	499	
1	0	0	0	0	505	491	
2	0	0	0	0	503	485	
3	0	0	0	0	502	481	
4	0	0	0	0	501	475	
5	0	0	0	0	496	472	
6	0	0	0	0	494	472	
7	0	0	0	0	492	474	
8	0	0	0	0	491	481	
9	0	0	0	0	495	492	
10	0	0	0	0	499	505	
11	0	0	0	0	502	513	
12	0	0	0	0	500	521	
13	0	0	0	0	495	527	
14	0	0	0	0	489	532	
15	0	0	0	0	485	536	
0	0	0	0	0	483	539	
1	0	0	0	0	481	541	
2	0	0	0	0	481	542	
3	0	0	0	0	480	540	
4	0	0	0	0	477	539	
5	0	0	0	0	475	539	
6	0	0	0	0	474	539	
7	0	0	0	0	479	537	
8	0	0	0	0	486	538	
9	0	0	0	0	488	541	
10	0	0	0	0	489	545	
11	0	0	0	0	492	547	
12	0	0	0	0	496	549	
13	0	0	0	0	499	552	
14	0	0	0	0	503	558	
15	0	0	0	0	502	564	
0	0	0	0	0	504	572	
1	0	0	0	0	506	579	
2	0	0	0	0	510	583	
3	0	0	0	0	514	582	
4	0	0	0	0	517	577	
5	0	0	0	0	522	573	
6	0	0	0	0	528	568	
7	0	0	0	0	532	568	
8	0	0	0	0	534	570	
9	0	0	0	0	537	576	
10	0	0	0	0	542	584	
11	0	0	0	0	550	592	
12	0	0	0	0	553	597	
13	0	0	0	0	559	595	
14	0	0	0	0	564	592	
15	0	0	0	0	568	585	
0	0	0	0	0	565	578	
1	0	0	0	0	558	572	
2	0	0	0	0	548	568	
3	0	0	0	0	536	564	
4	0	0	0	0	527	561	
5	0	0	0	0	522	561	
6	0	0	0	0	519	560	
7	0	0	0	0	521	560	
8	0	0	0	0	527	560	
9	0	0	0	0	531	560	
10	0	0	0	0	538	563	
11	0	0	0	0	544	566	
12	0	0	0	0	551	569	
13	0	0	0	0	560	572	
14	0	0	0	0	569	575	
15	0	0	0	0	573	574	
0	0	0	0	0	575	569	
1	0	0	0	0	572	566	
2	0	0	0	0	568	561	
3	0	0	0	0	565	561	
4	0	0	0	0	563	566	
5	0	0	0	0	560	569	
6	0	0	0	0	555	572	
7	0	0	0	0	548	568	
8	0	0	0	0	547	564	
9	0	0	0	0	548	566	
10	0	0	0	0	550	568	
11	0	0	0	0	549	572	
12	0	0	0	0	548	572	
13	0	0	0	0	547	564	
14	0	0	0	0	546	558	
15	0	0	0	0	540	552	
0	0	0	0	0	537	547	
1	0	0	0	0	536	544	
2	0	0	0	0	536	542	
3	0	0	0	0	535	539	
4	0	0	0	0	533	536	
5	0	0	0	0	530	536	
6	0	0	0	0	523	537	
7	0	0	0	0	516	538	
8	0	0	0	0	510	537	
9	0	0	0	0	506	537	
10	0	0	0	0	508	541	
11	0	0	0	0	513	545	
12	0	0	0	0	519	545	
13	0	0	0	0	522	543	
14	0	0	0	0	523	539	
15	0	0	0	0	524	536	
0	0	0	0	0	526	536	
1	0	0	0	0	529	539	
2	0	0	0	0	531	541	
3	0	0	0	0	531	544	
4	0	0	0	0	534	547	
5	0	0	0	0	536	550	
6	0	0	0	0	534	551	
7	0	0	0	0	532	549	
8	0	0	0	0	530	547	
9	0	0	0	0	528	540	
10	0	0	0	0	527	536	
11	0	0	0	0	529	537	
12	0	0	0	0	532	543	
13	0	0	0	0	539	550	
14	0	0	0	0	546	559	
15	0	0	0	0	551	567	
0	0	0	0	0	552	575	
1	0	0	0	0	552	579	
2	0	0	0	0	549	577	
3	0	0	0	0	545	572	
4	0	0	0	0	536	564	
5	0	0	0	0	527	555	
6	0	0	0	0	521	544	
7	0	0	0	0	513	534	
8	0	0	0	0	510	530	
9	0	0	0	0	507	528	
10	0	0	0	0	506	528	
11	0	0	0	0	509	530	
12	0	0	0	0	512	532	
13	0	0	0	0	515	537	
14	0	0	0	0	515	537	
15	0	0	0	0	519	536	
0	0	0	0	0	520	537	
1	0	0	0	0	518	540	
2	0	0	0	0	514	543	
3	0	0	0	0	504	544	
4	0	0	0	0	493	546	
5	0	0	0	0	487	546	
6	0	0	0	0	486	541	
7	0	0	0	0	488	539	
8	0	0	0	0	492	539	
9	0	0	0	0	495	541	
10	0	0	0	0	500	540	
11	0	0	0	0	510	539	
12	0	0	0	0	526	543	
13	0	0	0	0	539	545	
14	0	0	0	0	552	547	
15	0	0	0	0	562	549	
0	0	0	0	0	566	548	
1	0	0	0	0	568	544	
2	0	0	0	0	568	539	
3	0	0	0	0	565	532	
4	0	0	0	0	563	531	
5	0	0	0	0	555	531	
6	0	0	0	0	547	530	
7	0	0	0	0	536	527	
8	0	0	0	0	525	524	
9	0	0	0	0	516	520	
10	0	0	0	0	509	518	
11	0	0	0	0	502	519	
12	0	0	0	0	501	520	
13	0	0	0	0	500	520	
14	0	0	0	0	502	517	
15	0	0	0	0	502	512	
0	0	0	0	0	505	504	
1	0	0	0	0	509	493	
2	0	0	0	0	512	487	
3	0	0	0	0	513	485	
4	0	0	0	0	512	485	
5	0	0	0	0	510	487	
6	0	0	0	0	508	495	
7	0	0	0	0	502	503	
8	0	0	0	0	497	511	
9	0	0	0	0	489	514	
10	0	0	0	0	482	515	
11	0	0	0	0	478	515	
12	0	0	0	0	481	517	
13	0	0	0	0	489	519	
14	0	0	0	0	500	527	
15	0	0	0	0	508	537	
0	0	0	0	0	513	545	
1	0	0	0	0	517	546	
2	0	0	0	0	513	543	
3	0	0	0	0	511	539	
4	0	0	0	0	506	534	
5	0	0	0	0	502	530	
6	0	0	0	0	499	526	
7	0	0	0	0	494	519	
8	0	0	0	0	492	515	
9	0	0	0	0	489	509	
10	0	0	0	0	490	502	
11	0	0	0	0	492	496	
12	0	0	0	0	493	495	
13	0	0	0	0	498	495	
14	0	0	0	0	505	499	
15	0	0	0	0	514	503	
0	0	0	0	0	524	502	
1	0	0	0	0	531	500	
2	0	0	0	0	533	493	
3	0	0	0	0	534	487	
4	0	0	0	0	533	484	
5	0	0	0	0	530	483	
6	0	0	0	0	524	486	
7	0	0	0	0	520	487	
8	0	0	0	0	517	489	
9	0	0	0	0	511	490	
10	0	0	0	0	506	494	
11	0	0	0	0	504	494	
12	0	0	0	0	502	496	
13	0	0	0	0	503	499	
14	0	0	0	0	504	504	
15	0	0	0	0	505	508	
0	0	0	0	0	508	511	
1	0	0	0	0	510	514	
2	0	0	0	0	516	518	
3	0	0	0	0	523	522	
4	0	0	0	0	530	525	
5	0	0	0	0	536	528	
6	0	0	0	0	537	527	
7	0	0	0	0	536	524	
8	0	0	0	0	533	518	
9	0	0	0	0	529	515	
10	0	0	0	0	524	514	
11	0	0	0	0	518	512	
12	0	0	0	0	511	509	
13	0	0	0	0	507	503	
14	0	0	0	0	505	497	
15	0	0	0	0	504	491	
0	0	0	0	0	507	485	
1	0	0	0	0	507	480	
2	0	0	0	0	509	482	
3	0	0	0	0	512	487	
4	0	0	0	0	515	492	
5	0	0	0	0	514	500	
6	0	0	0	0	516	511	
7	0	0	0	0	517	521	
8	0	0	0	0	516	533	
9	0	0	0	0	515	540	
10	0	0	0	0	514	543	
11	0	0	0	0	512	547	
12	0	0	0	0	509	549	
13	0	0	0	0	507	552	
14	0	0	0	0	507	553	
15	0	0	0	0	504	551	
0	0	0	0	0	506	550	
1	0	0	0	0	508	546	
2	0	0	0	0	510	536	
3	0	0	0	0	509	524	
4	0	0	0	0	507	509	
5	0	0	0	0	504	501	
6	0	0	0	0	504	498	
7	0	0	0	0	503	495	
8	0	0	0	0	500	493	
9	0	0	0	0	497	494	
10	0	0	0	0	492	499	
11	0	0	0	0	485	499	
12	0	0	0	0	475	496	
13	0	0	0	0	468	492	
14	0	0	0	0	463	489	
15	0	0	0	0	464	489	
0	0	0	0	0	470	492	
1	0	0	0	0	478	498	
2	0	0	0	0	490	504	
3	0	0	0	0	501	510	
4	0	0	0	0	514	513	
5	0	0	0	0	525	513	
6	0	0	0	0	536	507	
7	0	0	0	0	542	499	
8	0	0	0	0	542	496	
9	0	0	0	0	543	496	
10	0	0	0	0	542	496	
11	0	0	0	0	539	500	
12	0	0	0	0	533	506	
13	0	0	0	0	526	513	
14	0	0	0	0	517	520	
15	0	0	0	0	510	524	
0	0	0	0	0	503	529	
1	0	0	0	0	496	535	
2	0	0	0	0	489	540	
3	0	0	0	0	484	540	
4	0	0	0	0	479	533	
5	0	0	0	0	474	521	
6	0	0	0	0	470	512	
7	0	0	0	0	465	505	
8	0	0	0	0	466	499	
9	0	0	0	0	466	492	
10	0	0	0	0	467	490	
11	0	0	0	0	469	489	
12	0	0	0	0	476	487	
13	0	0	0	0	477	487	
14	0	0	0	0	476	486	
15	0	0	0	0	473	486	
0	0	0	0	0	473	489	
1	0	0	0	0	472	492	
2	0	0	0	0	475	496	
3	0	0	0	0	476	500	
4	0	0	0	0	475	504	
5	0	0	0	0	476	509	
6	0	0	0	0	479	519	
7	0	0	0	0	483	527	
8	0	0	0	0	484	535	
9	0	0	0	0	488	536	
10	0	0	0	0	489	535	
11	0	0	0	0	488	533	
12	0	0	0	0	485	528	
13	0	0	0	0	481	520	
14	0	0	0	0	473	511	
15	0	0	0	0	466	500	
0	0	0	0	0	462	497	
1	0	0	0	0	463	498	
2	0	0	0	0	467	498	
3	0	0	0	0	474	494	
4	0	0	0	0	476	486	
5	0	0	0	0	476	474	
6	0	0	0	0	476	464	
7	0	0	0	0	482	458	
8	0	0	0	0	489	455	
9	0	0	0	0	496	455	
10	0	0	0	0	503	459	
11	0	0	0	0	507	465	
12	0	0	0	0	505	474	
13	0	0	0	0	503	484	
14	0	0	0	0	497	492	
15	0	0	0	0	491	497	
0	0	0	0	0	489	505	
1	0	0	0	0	490	513	
2	0	0	0	0	489	523	
3	0	0	0	0	489	533	
4	0	0	0	0	487	538	
5	0	0	0	0	484	541	
6	0	0	0	0	479	538	
7	0	0	0	0	475	536	
8	0	0	0	0	472	530	
9	0	0	0	0	473	526	
10	0	0	0	0	476	527	
11	0	0	0	0	477	525	
12	0	0	0	0	479	522	
13	0	0	0	0	480	521	
14	0	0	0	0	480	519	
15	0	0	0	0	477	516	
0	0	0	0	0	475	513	
1	0	0	0	0	475	505	
2	0	0	0	0	475	499	
3	0	0	0	0	471	491	
4	0	0	0	0	469	484	
5	0	0	0	0	472	480	
6	0	0	0	0	475	476	
7	0	0	0	0	477	476	
8	0	0	0	0	479	483	
9	0	0	0	0	481	493	
10	0	0	0	0	484	504	
11	0	0	0	0	491	513	
12	0	0	0	0	500	520	
13	0	0	0	0	508	520	
14	0	0	0	0	512	513	
15	0	0	0	0	512	504	
0	0	0	0	0	511	498	
1	0	0	0	0	508	500	
2	0	0	0	0	508	503	
3	0	0	0	0	510	507	
4	0	0	0	0	510	511	
5	0	0	0	0	511	518	
6	0	0	0	0	511	525	
7	0	0	0	0	508	529	
8	0	0	0	0	503	534	
9	0	0	0	0	496	540	
10	0	0	0	0	492	546	
11	0	0	0	0	489	548	
12	0	0	0	0	484	551	
13	0	0	0	0	481	554	
14	0	0	0	0	477	552	
15	0	0	0	0	472	547	
0	0	0	0	0	470	545	
1	0	0	0	0	470	542	
2	0	0	0	0	472	541	
3	0	0	0	0	473	544	
4	0	0	0	0	476	549	
5	0	0	0	0	478	551	
6	0	0	0	0	479	550	
7	0	0	0	0	481	555	
8	0	0	0	0	483	560	
9	0	0	0	0	483	566	
10	0	0	0	0	484	569	
11	0	0	0	0	484	567	
12	0	0	0	0	484	562	
13	0	0	0	0	483	559	
14	0	0	0	0	479	555	
15	0	0	0	0	473	555	
0	0	0	0	0	466	552	
1	0	0	0	0	460	546	
2	0	0	0	0	456	536	
3	0	0	0	0	459	525	
4	0	0	0	0	463	515	
5	0	0	0	0	468	504	
6	0	0	0	0	471	494	
7	0	0	0	0	473	487	
8	0	0	0	0	471	484	
9	0	0	0	0	464	480	
10	0	0	0	0	462	475	
11	0	0	0	0	461	471	
12	0	0	0	0	462	468	
13	0	0	0	0	463	467	
14	0	0	0	0	467	469	
15	0	0	0	0	473	474	
0	0	0	0	0	480	479	
1	0	0	0	0	485	487	
2	0	0	0	0	485	493	
3	0	0	0	0	483	498	
4	0	0	0	0	479	502	
5	0	0	0	0	476	505	
6	0	0	0	0	473	506	
7	0	0	0	0	471	502	
8	0	0	0	0	469	497	
9	0	0	0	0	469	496	
10	0	0	0	0	469	497	
11	0	0	0	0	472	498	
12	0	0	0	0	478	498	
13	0	0	0	0	483	497	
14	0	0	0	0	488	495	
15	0	0	0	0	492	499	
0	0	0	0	0	494	502	
1	0	0	0	0	496	504	
2	0	0	0	0	495	506	
3	0	0	0	0	495	507	
4	0	0	0	0	494	510	
5	0	0	0	0	493	508	
6	0	0	0	0	489	505	
7	0	0	0	0	487	506	
8	0	0	0	0	483	505	
9	0	0	0	0	483	500	
10	0	0	0	0	482	496	
11	0	0	0	0	486	492	
12	0	0	0	0	488	490	
13	0	0	0	0	487	490	
14	0	0	0	0	486	489	
15	0	0	0	0	483	490	
0	0	0	0	0	477	494	
1	0	0	0	0	474	494	
2	0	0	0	0	474	492	
3	0	0	0	0	475	492	
4	0	0	0	0	479	495	
5	0	0	0	0	490	499	
6	0	0	0	0	502	503	
7	0	0	0	0	512	510	
8	0	0	0	0	521	515	
9	0	0	0	0	526	518	
10	0	0	0	0	527	520	
11	0	0	0	0	523	518	
12	0	0	0	0	518	508	
13	0	0	0	0	511	499	
14	0	0	0	0	504	492	
15	0	0	0	0	497	491	
0	0	0	0	0	488	493	
1	0	0	0	0	478	495	
2	0	0	0	0	476	494	
3	0	0	0	0	479	495	
4	0	0	0	0	484	499	
5	0	0	0	0	491	498	
6	0	0	0	0	493	497	
7	0	0	0	0	493	494	
8	0	0	0	0	489	490	
9	0	0	0	0	483	484	
10	0	0	0	0	473	480	
11	0	0	0	0	465	472	
12	0	0	0	0	458	464	
13	0	0	0	0	451	455	
14	0	0	0	0	449	448	
15	0	0	0	0	450	445	
0	0	0	0	0	455	442	
1	0	0	0	0	461	440	
2	0	0	0	0	469	436	
3	0	0	0	0	478	435	
4	0	0	0	0	485	440	
5	0	0	0	0	489	442	
6	0	0	0	0	492	443	
7	0	0	0	0	493	444	
8	0	0	0	0	497	448	
9	0	0	0	0	504	455	
10	0	0	0	0	510	463	
11	0	0	0	0	518	471	
12	0	0	0	0	525	478	
13	0	0	0	0	530	482	
14	0	0	0	0	529	483	
15	0	0	0	0	526	484	
0	0	0	0	0	524	485	
1	0	0	0	0	520	485	
2	0	0	0	0	516	483	
3	0	0	0	0	512	481	
4	0	0	0	0	505	480	
5	0	0	0	0	501	476	
6	0	0	0	0	493	471	
7	0	0	0	0	484	464	
8	0	0	0	0	481	457	
9	0	0	0	0	479	452	
10	0	0	0	0	478	456	
11	0	0	0	0	475	463	
12	0	0	0	0	473	468	
13	0	0	0	0	472	472	
14	0	0	0	0	471	475	
15	0	0	0	0	470	478	
0	0	0	0	0	467	479	
1	0	0	0	0	464	479	
2	0	0	0	0	463	477	
3	0	0	0	0	459	477	
4	0	0	0	0	459	478	
5	0	0	0	0	457	483	
6	0	0	0	0	455	484	
7	0	0	0	0	451	482	
8	0	0	0	0	449	484	
9	0	0	0	0	451	486	
10	0	0	0	0	456	493	
11	0	0	0	0	460	502	
12	0	0	0	0	462	507	
13	0	0	0	0	466	507	
14	0	0	0	0	468	502	
15	0	0	0	0	469	491	
0	0	0	0	0	475	477	
1	0	0	0	0	481	462	
2	0	0	0	0	483	450	
3	0	0	0	0	486	440	
4	0	0	0	0	490	431	
5	0	0	0	0	492	427	
6	0	0	0	0	493	426	
7	0	0	0	0	490	424	
8	0	0	0	0	484	424	
9	0	0	0	0	480	429	
10	0	0	0	0	478	434	
11	0	0	0	0	480	440	
12	0	0	0	0	481	445	
13	0	0	0	0	481	450	
14	0	0	0	0	486	454	
15	0	0	0	0	494	460	
0	0	0	0	0	498	471	
1	0	0	0	0	503	482	
2	0	0	0	0	506	488	
3	0	0	0	0	510	493	
4	0	0	0	0	511	495	
5	0	0	0	0	507	493	
6	0	0	0	0	498	492	
7	0	0	0	0	491	492	
8	0	0	0	0	485	491	
9	0	0	0	0	483	489	
10	0	0	0	0	480	488	
11	0	0	0	0	475	490	
12	0	0	0	0	477	492	
13	0	0	0	0	484	492	
14	0	0	0	0	495	494	
15	0	0	0	0	506	494	
0	0	0	0	0	515	492	
1	0	0	0	0	524	489	
2	0	0	0	0	526	487	
3	0	0	0	0	528	482	
4	0	0	0	0	527	476	
5	0	0	0	0	522	471	
6	0	0	0	0	518	467	
7	0	0	0	0	515	463	
8	0	0	0	0	511	460	
9	0	0	0	0	508	462	
10	0	0	0	0	505	467	
11	0	0	0	0	504	473	
12	0	0	0	0	500	475	
13	0	0	0	0	497	472	
14	0	0	0	0	498	472	
15	0	0	0	0	500	472	
0	0	0	0	0	508	475	
1	0	0	0	0	513	480	
2	0	0	0	0	519	487	
3	0	0	0	0	524	495	
4	0	0	0	0	527	500	
5	0	0	0	0	527	504	
6	0	0	0	0	524	505	
7	0	0	0	0	518	505	
8	0	0	0	0	510	504	
9	0	0	0	0	502	504	
10	0	0	0	0	495	506	
11	0	0	0	0	491	506	
12	0	0	0	0	493	507	
13	0	0	0	0	501	508	
14	0	0	0	0	508	510	
15	0	0	0	0	519	511	
0	0	0	0	0	529	512	
1	0	0	0	0	537	510	
2	0	0	0	0	546	505	
3	0	0	0	0	553	501	
4	0	0	0	0	556	498	
5	0	0	0	0	560	492	
6	0	0	0	0	563	487	
7	0	0	0	0	565	482	
8	0	0	0	0	566	481	
9	0	0	0	0	567	481	
10	0	0	0	0	565	483	
11	0	0	0	0	559	484	
12	0	0	0	0	553	485	
13	0	0	0	0	543	486	
14	0	0	0	0	536	487	
15	0	0	0	0	531	489	
0	0	0	0	0	529	492	
1	0	0	0	0	529	494	
2	0	0	0	0	531	499	
3	0	0	0	0	536	507	
4	0	0	0	0	535	510	
5	0	0	0	0	532	512	
6	0	0	0	0	529	515	
7	0	0	0	0	525	516	
8	0	0	0	0	521	517	
9	0	0	0	0	518	513	
10	0	0	0	0	518	505	
11	0	0	0	0	519	499	
12	0	0	0	0	520	498	
13	0	0	0	0	519	501	
14	0	0	0	0	517	503	
15	0	0	0	0	512	504	
0	0	0	0	0	509	504	
1	0	0	0	0	508	506	
2	0	0	0	0	511	507	
3	0	0	0	0	515	507	
4	0	0	0	0	517	504	
5	0	0	0	0	518	500	
6	0	0	0	0	523	495	
7	0	0	0	0	530	491	
8	0	0	0	0	537	485	
9	0	0	0	0	545	480	
10	0	0	0	0	554	476	
11	0	0	0	0	560	474	
12	0	0	0	0	561	469	
13	0	0	0	0	559	467	
14	0	0	0	0	555	460	
15	0	0	0	0	548	454	
0	0	0	0	0	540	452	
1	0	0	0	0	534	453	
2	0	0	0	0	527	449	
3	0	0	0	0	523	443	
4	0	0	0	0	523	437	
5	0	0	0	0	521	435	
6	0	0	0	0	522	438	
7	0	0	0	0	524	443	
8	0	0	0	0	527	450	
9	0	0	0	0	529	455	
10	0	0	0	0	531	463	
11	0	0	0	0	536	466	
12	0	0	0	0	541	470	
13	0	0	0	0	540	475	
14	0	0	0	0	541	482	
15	0	0	0	0	541	488	
0	0	0	0	0	544	495	
1	0	0	0	0	551	498	
2	0	0	0	0	557	498	
3	0	0	0	0	557	501	
4	0	0	0	0	556	503	
5	0	0	0	0	555	501	
6	0	0	0	0	554	497	
7	0	0	0	0	549	492	
8	0	0	0	0	540	486	
9	0	0	0	0	533	479	
10	0	0	0	0	528	475	
11	0	0	0	0	525	470	
12	0	0	0	0	526	463	
13	0	0	0	0	532	458	
14	0	0	0	0	541	458	
15	0	0	0	0	550	462	
0	0	0	0	0	555	460	
1	0	0	0	0	560	460	
2	0	0	0	0	562	461	
3	0	0	0	0	562	466	
4	0	0	0	0	560	472	
5	0	0	0	0	556	481	
6	0	0	0	0	549	487	
7	0	0	0	0	542	488	
8	0	0	0	0	536	487	
9	0	0	0	0	530	483	
10	0	0	0	0	527	477	
11	0	0	0	0	523	469	
12	0	0	0	0	519	464	
13	0	0	0	0	518	459	
14	0	0	0	0	516	459	
15	0	0	0	0	516	460	
0	0	0	0	0	519	460	
1	0	0	0	0	524	467	
2	0	0	0	0	531	469	
3	0	0	0	0	536	475	
4	0	0	0	0	538	484	
5	0	0	0	0	539	494	
6	0	0	0	0	541	503	
7	0	0	0	0	543	513	
8	0	0	0	0	540	521	
9	0	0	0	0	540	527	
10	0	0	0	0	544	526	
11	0	0	0	0	548	525	
12	0	0	0	0	555	521	
13	0	0	0	0	564	516	
14	0	0	0	0	573	508	
15	0	0	0	0	579	497	
0	0	0	0	0	581	486	
1	0	0	0	0	582	474	
2	0	0	0	0	583	466	
3	0	0	0	0	582	461	
4	0	0	0	0	579	467	
5	0	0	0	0	578	469	
6	0	0	0	0	578	467	
7	0	0	0	0	577	462	
8	0	0	0	0	574	455	
9	0	0	0	0	568	450	
10	0	0	0	0	564	448	
11	0	0	0	0	562	446	
12	0	0	0	0	562	444	
13	0	0	0	0	563	442	
14	0	0	0	0	564	440	
15	0	0	0	0	564	443	
0	0	0	0	0	564	441	
1	0	0	0	0	563	439	
2	0	0	0	0	564	441	
3	0	0	0	0	568	443	
4	0	0	0	0	572	447	
5	0	0	0	0	577	448	
6	0	0	0	0	582	444	
7	0	0	0	0	585	438	
8	0	0	0	0	589	432	
9	0	0	0	0	595	429	
10	0	0	0	0	600	435	
11	0	0	0	0	605	442	
12	0	0	0	0	603	449	
13	0	0	0	0	596	462	
14	0	0	0	0	592	468	
15	0	0	0	0	590	465	
0	0	0	0	0	583	464	
1	0	0	0	0	578	462	
2	0	0	0	0	574	462	
3	0	0	0	0	570	463	
4	0	0	0	0	564	461	
5	0	0	0	0	563	454	
6	0	0	0	0	557	453	
7	0	0	0	0	550	454	
8	0	0	0	0	542	453	
9	0	0	0	0	535	452	
10	0	0	0	0	530	453	
11	0	0	0	0	524	452	
12	0	0	0	0	518	456	
13	0	0	0	0	519	460	
14	0	0	0	0	526	465	
15	0	0	0	0	534	471	
0	0	0	0	0	542	475	
1	0	0	0	0	547	475	
2	0	0	0	0	551	472	
3	0	0	0	0	554	466	
4	0	0	0	0	560	460	
5	0	0	0	0	566	451	
6	0	0	0	0	571	439	
7	0	0	0	0	575	430	
8	0	0	0	0	577	430	
9	0	0	0	0	580	438	
10	0	0	0	0	581	446	
11	0	0	0	0	580	457	
12	0	0	0	0	575	468	
13	0	0	0	0	569	479	
14	0	0	0	0	563	489	
15	0	0	0	0	559	497	
0	0	0	0	0	556	501	
1	0	0	0	0	553	509	
2	0	0	0	0	554	516	
3	0	0	0	0	557	522	
4	0	0	0	0	558	528	
5	0	0	0	0	558	529	
6	0	0	0	0	560	530	
7	0	0	0	0	558	535	
8	0	0	0	0	552	540	
9	0	0	0	0	547	543	
10	0	0	0	0	544	540	
11	0	0	0	0	540	533	
12	0	0	0	0	531	526	
13	0	0	0	0	522	514	
14	0	0	0	0	514	502	
15	0	0	0	0	511	495	
0	0	0	0	0	511	491	
1	0	0	0	0	519	488	
2	0	0	0	0	525	487	
3	0	0	0	0	530	489	
4	0	0	0	0	536	495	
5	0	0	0	0	542	502	
6	0	0	0	0	549	505	
7	0	0	0	0	554	508	
8	0	0	0	0	558	510	
9	0	0	0	0	559	512	
10	0	0	0	0	554	515	
11	0	0	0	0	549	520	
12	0	0	0	0	544	524	
13	0	0	0	0	541	521	
14	0	0	0	0	533	520	
15	0	0	0	0	524	521	
0	0	0	0	0	519	521	
1	0	0	0	0	518	521	
2	0	0	0	0	519	520	
3	0	0	0	0	523	521	
4	0	0	0	0	528	525	
5	0	0	0	0	534	530	
6	0	0	0	0	540	529	
7	0	0	0	0	546	528	
8	0	0	0	0	555	530	
9	0	0	0	0	558	534	
10	0	0	0	0	556	536	
11	0	0	0	0	555	539	
12	0	0	0	0	551	539	
13	0	0	0	0	543	536	
14	0	0	0	0	537	534	
15	0	0	0	0	531	530	
0	0	0	0	0	528	528	
1	0	0	0	0	525	528	
2	0	0	0	0	523	527	
3	0	0	0	0	521	525	
4	0	0	0	0	521	526	
5	0	0	0	0	520	526	
6	0	0	0	0	522	526	
7	0	0	0	0	525	527	
8	0	0	0	0	527	523	
9	0	0	0	0	526	515	
10	0	0	0	0	526	509	
11	0	0	0	0	524	504	
12	0	0	0	0	523	504	
13	0	0	0	0	526	504	
14	0	0	0	0	526	507	
15	0	0	0	0	526	505	
0	0	0	0	0	527	505	
1	0	0	0	0	526	507	
2	0	0	0	0	525	511	
3	0	0	0	0	523	519	
4	0	0	0	0	519	529	
5	0	0	0	0	514	543	
6	0	0	0	0	509	558	
7	0	0	0	0	502	574	
8	0	0	0	0	500	582	
9	0	0	0	0	501	586	
10	0	0	0	0	503	585	
11	0	0	0	0	504	585	
12	0	0	0	0	508	582	
13	0	0	0	0	511	575	
14	0	0	0	0	512	569	
15	0	0	0	0	511	567	
0	0	0	0	0	511	568	
1	0	0	0	0	510	568	
2	0	0	0	0	508	564	
3	0	0	0	0	506	562	
4	0	0	0	0	507	563	
5	0	0	0	0	508	564	
6	0	0	0	0	509	567	
7	0	0	0	0	513	567	
8	0	0	0	0	524	567	
9	0	0	0	0	535	566	
10	0	0	0	0	542	562	
11	0	0	0	0	544	555	
12	0	0	0	0	545	547	
13	0	0	0	0	548	540	
14	0	0	0	0	550	537	
15	0	0	0	0	551	534	
0	0	0	0	0	553	531	
1	0	0	0	0	557	531	
2	0	0	0	0	558	531	
3	0	0	0	0	557	531	
4	0	0	0	0	553	531	
5	0	0	0	0	551	529	
6	0	0	0	0	549	531	
7	0	0	0	0	548	534	
8	0	0	0	0	550	535	
9	0	0	0	0	556	536	
10	0	0	0	0	568	542	
11	0	0	0	0	579	548	
12	0	0	0	0	590	553	
13	0	0	0	0	598	557	
14	0	0	0	0	603	561	
15	0	0	0	0	609	567	
0	0	0	0	0	610	567	
1	0	0	0	0	606	565	
2	0	0	0	0	600	560	
3	0	0	0	0	596	555	
4	0	0	0	0	589	553	
5	0	0	0	0	580	551	
6	0	0	0	0	575	547	
7	0	0	0	0	569	540	
8	0	0	0	0	565	539	
9	0	0	0	0	559	540	
10	0	0	0	0	551	540	
11	0	0	0	0	546	543	
12	0	0	0	0	544	543	
13	0	0	0	0	545	541	
14	0	0	0	0	547	535	
15	0	0	0	0	547	527	
0	0	0	0	0	550	519	
1	0	0	0	0	551	514	
2	0	0	0	0	551	510	
3	0	0	0	0	546	509	
4	0	0	0	0	536	509	
5	0	0	0	0	527	508	
6	0	0	0	0	523	504	
7	0	0	0	0	523	505	
8	0	0	0	0	524	514	
9	0	0	0	0	531	527	
10	0	0	0	0	540	541	
11	0	0	0	0	547	555	
12	0	0	0	0	553	565	
13	0	0	0	0	556	571	
14	0	0	0	0	554	570	
15	0	0	0	0	552	569	
0	0	0	0	0	552	570	
1	0	0	0	0	553	572	
2	0	0	0	0	552	571	
3	0	0	0	0	551	568	
4	0	0	0	0	550	567	
5	0	0	0	0	548	563	
6	0	0	0	0	544	560	
7	0	0	0	0	541	559	
8	0	0	0	0	539	558	
9	0	0	0	0	538	558	
10	0	0	0	0	535	559	
11	0	0	0	0	531	558	
12	0	0	0	0	528	562	
13	0	0	0	0	530	567	
14	0	0	0	0	531	572	
15	0	0	0	0	533	573	
0	0	0	0	0	534	569	
1	0	0	0	0	535	564	
2	0	0	0	0	535	555	
3	0	0	0	0	535	546	
4	0	0	0	0	536	534	
5	0	0	0	0	536	521	
6	0	0	0	0	539	513	
7	0	0	0	0	543	506	
8	0	0	0	0	547	502	
9	0	0	0	0	547	502	
10	0	0	0	0	545	505	
11	0	0	0	0	543	509	
12	0	0	0	0	540	513	
13	0	0	0	0	534	520	
14	0	0	0	0	530	529	
15	0	0	0	0	529	538	
0	0	0	0	0	529	544	
1	0	0	0	0	532	544	
2	0	0	0	0	531	543	
3	0	0	0	0	530	546	
4	0	0	0	0	529	551	
5	0	0	0	0	526	560	
6	0	0	0	0	521	572	
7	0	0	0	0	514	583	
8	0	0	0	0	506	592	
9	0	0	0	0	499	591	
10	0	0	0	0	495	588	
11	0	0	0	0	493	580	
12	0	0	0	0	495	574	
13	0	0	0	0	500	568	
14	0	0	0	0	507	560	
15	0	0	0	0	513	554	
0	0	0	0	0	517	548	
1	0	0	0	0	522	543	
2	0	0	0	0	526	539	
3	0	0	0	0	529	534	
4	0	0	0	0	532	531	
5	0	0	0	0	534	531	
6	0	0	0	0	536	528	
7	0	0	0	0	536	524	
8	0	0	0	0	536	520	
9	0	0	0	0	536	516	
10	0	0	0	0	536	515	
11	0	0	0	0	536	514	
12	0	0	0	0	535	509	
13	0	0	0	0	534	504	
14	0	0	0	0	534	503	
15	0	0	0	0	536	504	
0	0	0	0	0	534	504	
1	0	0	0	0	536	505	
2	0	0	0	0	535	509	
3	0	0	0	0	533	512	
4	0	0	0	0	534	509	
5	0	0	0	0	535	505	
6	0	0	0	0	535	499	
7	0	0	0	0	534	499	
8	0	0	0	0	531	499	
9	0	0	0	0	528	503	
10	0	0	0	0	529	511	
11	0	0	0	0	533	520	
12	0	0	0	0	536	528	
13	0	0	0	0	535	539	
14	0	0	0	0	529	545	
15	0	0	0	0	524	554	
0	0	0	0	0	519	562	
1	0	0	0	0	515	571	
2	0	0	0	0	512	575	
3	0	0	0	0	507	576	
4	0	0	0	0	502	575	
5	0	0	0	0	499	568	
6	0	0	0	0	501	561	
7	0	0	0	0	500	553	
8	0	0	0	0	501	541	
9	0	0	0	0	500	527	
10	0	0	0	0	498	516	
11	0	0	0	0	499	513	
12	0	0	0	0	500	515	
13	0	0	0	0	500	516	
14	0	0	0	0	500	515	
15	0	0	0	0	505	515	
0	0	0	0	0	511	521	
1	0	0	0	0	516	529	
2	0	0	0	0	521	537	
3	0	0	0	0	524	542	
4	0	0	0	0	528	548	
5	0	0	0	0	530	551	
6	0	0	0	0	531	555	
7	0	0	0	0	533	558	
8	0	0	0	0	533	560	
9	0	0	0	0	534	559	
10	0	0	0	0	535	556	
11	0	0	0	0	536	548	
12	0	0	0	0	537	544	
13	0	0	0	0	539	543	
14	0	0	0	0	541	548	
15	0	0	0	0	543	551	
0	0	0	0	0	547	552	
1	0	0	0	0	550	549	
2	0	0	0	0	553	544	
3	0	0	0	0	557	538	
4	0	0	0	0	558	530	
5	0	0	0	0	560	525	
6	0	0	0	0	556	522	
7	0	0	0	0	553	524	
8	0	0	0	0	553	527	
9	0	0	0	0	554	530	
10	0	0	0	0	556	531	
11	0	0	0	0	555	532	
12	0	0	0	0	552	531	
13	0	0	0	0	551	528	
14	0	0	0	0	552	523	
15	0	0	0	0	552	515	
0	0	0	0	0	551	508	
1	0	0	0	0	551	504	
2	0	0	0	0	554	505	
3	0	0	0	0	558	508	
4	0	0	0	0	562	510	
5	0	0	0	0	568	516	
6	0	0	0	0	573	520	
7	0	0	0	0	576	521	
8	0	0	0	0	580	523	
9	0	0	0	0	578	528	
10	0	0	0	0	575	533	
11	0	0	0	0	571	537	
12	0	0	0	0	568	536	
13	0	0	0	0	565	536	
14	0	0	0	0	563	536	
15	0	0	0	0	558	537	
0	0	0	0	0	553	538	
1	0	0	0	0	550	541	
2	0	0	0	0	546	543	
3	0	0	0	0	546	549	
4	0	0	0	0	545	553	
5	0	0	0	0	546	555	
6	0	0	0	0	543	556	
7	0	0	0	0	538	559	
8	0	0	0	0	531	559	
9	0	0	0	0	522	557	
10	0	0	0	0	516	552	
11	0	0	0	0	509	545	
12	0	0	0	0	499	537	
13	0	0	0	0	491	527	
14	0	0	0	0	483	517	
15	0	0	0	0	478	514	
0	0	0	0	0	474	511	
1	0	0	0	0	472	508	
2	0	0	0	0	476	507	
3	0	0	0	0	481	509	
4	0	0	0	0	483	515	
5	0	0	0	0	486	521	
6	0	0	0	0	491	527	
7	0	0	0	0	494	531	
8	0	0	0	0	495	536	
9	0	0	0	0	497	540	
10	0	0	0	0	497	542	
11	0	0	0	0	499	546	
12	0	0	0	0	502	547	
13	0	0	0	0	500	547	
14	0	0	0	0	499	545	
15	0	0	0	0	495	542	
0	0	0	0	0	491	540	
1	0	0	0	0	485	540	
2	0	0	0	0	481	540	
3	0	0	0	0	474	542	
4	0	0	0	0	468	542	
5	0	0	0	0	464	540	
6	0	0	0	0	460	534	
7	0	0	0	0	455	529	
8	0	0	0	0	454	523	
9	0	0	0	0	451	519	
10	0	0	0	0	451	513	
11	0	0	0	0	454	507	
12	0	0	0	0	457	504	
13	0	0	0	0	460	504	
14	0	0	0	0	463	504	
15	0	0	0	0	465	505	
0	0	0	0	0	469	509	
1	0	0	0	0	471	514	
2	0	0	0	0	470	520	
3	0	0	0	0	467	524	
4	0	0	0	0	462	523	
5	0	0	0	0	459	516	
6	0	0	0	0	455	510	
7	0	0	0	0	454	502	
8	0	0	0	0	455	496	
9	0	0	0	0	460	492	
10	0	0	0	0	467	486	
11	0	0	0	0	475	479	
12	0	0	0	0	479	472	
13	0	0	0	0	483	469	
14	0	0	0	0	486	468	
15	0	0	0	0	487	470	
0	0	0	0	0	489	474	
1	0	0	0	0	490	474	
2	0	0	0	0	492	475	
3	0	0	0	0	494	472	
4	0	0	0	0	492	470	
5	0	0	0	0	492	463	
6	0	0	0	0	492	456	
7	0	0	0	0	492	451	
8	0	0	0	0	492	447	
9	0	0	0	0	496	444	
10	0	0	0	0	503	443	
11	0	0	0	0	510	444	
12	0	0	0	0	514	445	
13	0	0	0	0	519	447	
14	0	0	0	0	526	451	
15	0	0	0	0	529	455	
0	0	0	0	0	536	462	
1	0	0	0	0	544	471	
2	0	0	0	0	547	481	
3	0	0	0	0	545	489	
4	0	0	0	0	536	503	
5	0	0	0	0	518	518	
6	0	0	0	0	498	527	
7	0	0	0	0	478	532	
8	0	0	0	0	459	534	
9	0	0	0	0	448	534	
10	0	0	0	0	440	533	
11	0	0	0	0	436	534	
12	0	0	0	0	434	540	
13	0	0	0	0	430	551	
14	0	0	0	0	423	559	
15	0	0	0	0	420	564	
0	0	0	0	0	415	566	
1	0	0	0	0	407	562	
2	0	0	0	0	398	563	
3	0	0	0	0	393	560	
4	0	0	0	0	389	557	
5	0	0	0	0	384	554	
6	0	0	0	0	380	551	
7	0	0	0	0	379	550	
8	0	0	0	0	377	550	
9	0	0	0	0	371	546	
10	0	0	0	0	369	550	
11	0	0	0	0	367	560	
12	0	0	0	0	368	571	
13	0	0	0	0	373	579	
14	0	0	0	0	381	586	
15	0	0	0	0	390	593	
0	0	0	0	0	401	600	
1	0	0	0	0	412	608	
2	0	0	0	0	418	615	
3	0	0	0	0	422	627	
4	0	0	0	0	425	634	
5	0	0	0	0	428	642	
6	0	0	0	0	429	655	
7	0	0	0	0	430	665	
8	0	0	0	0	431	672	
9	0	0	0	0	433	677	
10	0	0	0	0	434	679	
11	0	0	0	0	434	679	
12	0	0	0	0	431	675	
13	0	0	0	0	424	673	
14	0	0	0	0	417	671	
15	0	0	0	0	411	661	
0	0	0	0	0	407	655	
1	0	0	0	0	401	646	
2	0	0	0	0	396	634	
3	0	0	0	0	386	620	
4	0	0	0	0	382	608	
5	0	0	0	0	385	603	
6	0	0	0	0	390	604	
7	0	0	0	0	402	608	
8	0	0	0	0	418	611	
9	0	0	0	0	435	615	
10	0	0	0	0	448	617	
11	0	0	0	0	457	620	
12	0	0	0	0	461	623	
13	0	0	0	0	468	619	
14	0	0	0	0	472	622	
15	0	0	0	0	474	630	
0	0	0	0	0	474	633	
1	0	0	0	0	473	632	
2	0	0	0	0	471	624	
3	0	0	0	0	470	618	
4	0	0	0	0	466	612	
5	0	0	0	0	461	609	
6	0	0	0	0	456	612	
7	0	0	0	0	451	618	
8	0	0	0	0	449	617	
9	0	0	0	0	445	613	
10	0	0	0	0	441	609	
11	0	0	0	0	444	604	
12	0	0	0	0	445	599	
13	0	0	0	0	446	596	
14	0	0	0	0	447	592	
15	0	0	0	0	448	589	
0	0	0	0	0	446	589	
1	0	0	0	0	440	589	
2	0	0	0	0	433	589	
3	0	0	0	0	426	584	
4	0	0	0	0	420	583	
5	0	0	0	0	419	587	
6	0	0	0	0	418	589	
7	0	0	0	0	420	594	
8	0	0	0	0	427	597	
9	0	0	0	0	435	601	
10	0	0	0	0	444	608	
11	0	0	0	0	448	615	
12	0	0	0	0	451	620	
13	0	0	0	0	453	622	
14	0	0	0	0	454	620	
15	0	0	0	0	454	622	
0	0	0	0	0	455	622	
1	0	0	0	0	460	616	
2	0	0	0	0	463	615	
3	0	0	0	0	462	616	
4	0	0	0	0	455	617	
5	0	0	0	0	448	620	
6	0	0	0	0	448	622	
7	0	0	0	0	448	623	
8	0	0	0	0	455	623	
9	0	0	0	0	457	622	
10	0	0	0	0	460	620	
11	0	0	0	0	464	614	
12	0	0	0	0	467	611	
13	0	0	0	0	471	611	
14	0	0	0	0	474	610	
15	0	0	0	0	473	611	
0	0	0	0	0	473	614	
1	0	0	0	0	474	618	
2	0	0	0	0	476	619	
3	0	0	0	0	481	619	
4	0	0	0	0	487	620	
5	0	0	0	0	487	616	
6	0	0	0	0	488	611	
7	0	0	0	0	484	611	
8	0	0	0	0	478	609	
9	0	0	0	0	469	608	
10	0	0	0	0	455	606	
11	0	0	0	0	442	602	
12	0	0	0	0	427	601	
13	0	0	0	0	415	611	
14	0	0	0	0	405	621	
15	0	0	0	0	404	636	
0	0	0	0	0	407	653	
1	0	0	0	0	411	659	
2	0	0	0	0	419	668	
3	0	0	0	0	429	673	
4	0	0	0	0	440	671	
5	0	0	0	0	449	668	
6	0	0	0	0	455	664	
7	0	0	0	0	464	660	
8	0	0	0	0	476	655	
9	0	0	0	0	485	649	
10	0	0	0	0	492	641	
11	0	0	0	0	499	632	
12	0	0	0	0	507	630	
13	0	0	0	0	513	632	
14	0	0	0	0	519	636	
15	0	0	0	0	524	639	
0	0	0	0	0	521	643	
1	0	0	0	0	517	650	
2	0	0	0	0	509	655	
3	0	0	0	0	499	662	
4	0	0	0	0	491	673	
5	0	0	0	0	481	681	
6	0	0	0	0	472	684	
7	0	0	0	0	468	684	
8	0	0	0	0	469	672	
9	0	0	0	0	473	664	
10	0	0	0	0	479	660	
11	0	0	0	0	485	644	
12	0	0	0	0	492	628	
13	0	0	0	0	503	609	
14	0	0	0	0	516	595	
15	0	0	0	0	529	590	
0	0	0	0	0	546	589	
1	0	0	0	0	561	586	
2	0	0	0	0	574	582	
3	0	0	0	0	582	579	
4	0	0	0	0	585	577	
5	0	0	0	0	583	578	
6	0	0	0	0	576	578	
7	0	0	0	0	571	579	
8	0	0	0	0	566	579	
9	0	0	0	0	562	580	
10	0	0	0	0	557	583	
11	0	0	0	0	552	588	
12	0	0	0	0	548	596	
13	0	0	0	0	544	604	
14	0	0	0	0	541	608	
15	0	0	0	0	540	613	
0	0	0	0	0	541	615	
1	0	0	0	0	544	617	
2	0	0	0	0	548	614	
3	0	0	0	0	548	610	
4	0	0	0	0	549	607	
5	0	0	0	0	553	600	
6	0	0	0	0	556	596	
7	0	0	0	0	557	591	
8	0	0	0	0	551	585	
9	0	0	0	0	547	577	
10	0	0	0	0	538	566	
11	0	0	0	0	527	557	
12	0	0	0	0	524	551	
13	0	0	0	0	523	548	
14	0	0	0	0	529	550	
15	0	0	0	0	537	547	
0	0	0	0	0	542	542	
1	0	0	0	0	545	536	
2	0	0	0	0	544	532	
3	0	0	0	0	543	531	
4	0	0	0	0	542	534	
5	0	0	0	0	543	536	
6	0	0	0	0	541	536	
7	0	0	0	0	539	534	
8	0	0	0	0	538	532	
9	0	0	0	0	536	529	
10	0	0	0	0	531	524	
11	0	0	0	0	528	521	
12	0	0	0	0	527	519	
13	0	0	0	0	527	520	
14	0	0	0	0	528	522	
15	0	0	0	0	533	522	
0	0	0	0	0	540	520	
1	0	0	0	0	549	518	
2	0	0	0	0	559	518	
3	0	0	0	0	569	520	
4	0	0	0	0	575	519	
5	0	0	0	0	579	519	
6	0	0	0	0	582	519	
7	0	0	0	0	581	519	
8	0	0	0	0	576	521	
9	0	0	0	0	569	524	
10	0	0	0	0	562	526	
11	0	0	0	0	557	528	
12	0	0	0	0	552	532	
13	0	0	0	0	548	537	
14	0	0	0	0	545	541	
15	0	0	0	0	545	543	
0	0	0	0	0	554	547	
1	0	0	0	0	567	551	
2	0	0	0	0	579	553	
3	0	0	0	0	593	548	
4	0	0	0	0	608	543	
5	0	0	0	0	621	538	
6	0	0	0	0	631	536	
7	0	0	0	0	638	536	
8	0	0	0	0	642	539	
9	0	0	0	0	643	542	
10	0	0	0	0	644	545	
11	0	0	0	0	646	542	
12	0	0	0	0	649	535	
13	0	0	0	0	652	528	
14	0	0	0	0	655	521	
15	0	0	0	0	655	515	
0	0	0	0	0	658	510	
1	0	0	0	0	661	511	
2	0	0	0	0	662	509	
3	0	0	0	0	656	511	
4	0	0	0	0	645	519	
5	0	0	0	0	632	528	
6	0	0	0	0	615	540	
7	0	0	0	0	599	551	
8	0	0	0	0	583	563	
9	0	0	0	0	574	572	
10	0	0	0	0	567	576	
11	0	0	0	0	563	574	
12	0	0	0	0	563	567	
13	0	0	0	0	563	560	
14	0	0	0	0	561	555	
15	0	0	0	0	560	549	
0	0	0	0	0	559	545	
1	0	0	0	0	562	539	
2	0	0	0	0	563	535	
3	0	0	0	0	564	530	
4	0	0	0	0	568	524	
5	0	0	0	0	579	518	
6	0	0	0	0	595	515	
7	0	0	0	0	609	517	
8	0	0	0	0	617	514	
9	0	0	0	0	624	507	
10	0	0	0	0	629	495	
11	0	0	0	0	628	483	
12	0	0	0	0	623	469	
13	0	0	0	0	616	449	
14	0	0	0	0	611	441	
15	0	0	0	0	610	429	
0	0	0	0	0	612	419	
1	0	0	0	0	620	413	
2	0	0	0	0	632	407	
3	0	0	0	0	647	406	
4	0	0	0	0	662	405	
5	0	0	0	0	674	400	
6	0	0	0	0	679	399	
7	0	0	0	0	674	397	
8	0	0	0	0	667	396	
9	0	0	0	0	656	404	
10	0	0	0	0	643	417	
11	0	0	0	0	631	435	
12	0	0	0	0	621	455	
13	0	0	0	0	616	475	
14	0	0	0	0	615	491	
15	0	0	0	0	619	499	
0	0	0	0	0	626	497	
1	0	0	0	0	635	491	
2	0	0	0	0	640	483	
3	0	0	0	0	643	476	
4	0	0	0	0	646	468	
5	0	0	0	0	648	461	
6	0	0	0	0	652	464	
7	0	0	0	0	655	463	
8	0	0	0	0	657	456	
9	0	0	0	0	659	454	
10	0	0	0	0	657	450	
11	0	0	0	0	655	440	
12	0	0	0	0	649	438	
13	0	0	0	0	643	433	
14	0	0	0	0	642	425	
15	0	0	0	0	643	424	
0	0	0	0	0	647	423	
1	0	0	0	0	654	421	
2	0	0	0	0	662	427	
3	0	0	0	0	668	434	
4	0	0	0	0	674	441	
5	0	0	0	0	674	451	
6	0	0	0	0	669	456	
7	0	0	0	0	662	460	
8	0	0	0	0	653	464	
9	0	0	0	0	641	465	
10	0	0	0	0	627	465	
11	0	0	0	0	614	469	
12	0	0	0	0	600	470	
13	0	0	0	0	585	476	
14	0	0	0	0	575	489	
15	0	0	0	0	564	504	
0	0	0	0	0	556	521	
1	0	0	0	0	548	538	
2	0	0	0	0	547	550	
3	0	0	0	0	550	559	
4	0	0	0	0	557	563	
5	0	0	0	0	568	565	
6	0	0	0	0	582	566	
7	0	0	0	0	594	563	
8	0	0	0	0	599	556	
9	0	0	0	0	596	545	
10	0	0	0	0	594	537	
11	0	0	0	0	588	530	
12	0	0	0	0	583	529	
13	0	0	0	0	583	527	
14	0	0	0	0	587	523	
15	0	0	0	0	590	515	
0	0	0	0	0	592	505	
1	0	0	0	0	595	495	
2	0	0	0	0	596	483	
3	0	0	0	0	595	471	
4	0	0	0	0	594	462	
5	0	0	0	0	592	455	
6	0	0	0	0	594	444	
7	0	0	0	0	596	438	
8	0	0	0	0	598	431	
9	0	0	0	0	604	422	
10	0	0	0	0	608	418	
11	0	0	0	0	611	414	
12	0	0	0	0	616	412	
13	0	0	0	0	623	412	
14	0	0	0	0	628	414	
15	0	0	0	0	635	419	
0	0	0	0	0	638	422	
1	0	0	0	0	644	425	
2	0	0	0	0	647	430	
3	0	0	0	0	653	435	
4	0	0	0	0	655	440	
5	0	0	0	0	654	448	
6	0	0	0	0	649	456	
7	0	0	0	0	638	462	
8	0	0	0	0	626	468	
9	0	0	0	0	615	476	
10	0	0	0	0	607	480	
11	0	0	0	0	600	483	
12	0	0	0	0	592	487	
13	0	0	0	0	585	489	
14	0	0	0	0	579	495	
15	0	0	0	0	575	497	
0	0	0	0	0	572	499	
1	0	0	0	0	569	495	
2	0	0	0	0	569	486	
3	0	0	0	0	571	474	
4	0	0	0	0	574	462	
5	0	0	0	0	577	450	
6	0	0	0	0	577	439	
7	0	0	0	0	582	428	
8	0	0	0	0	586	422	
9	0	0	0	0	585	415	
10	0	0	0	0	582	407	
11	0	0	0	0	581	406	
12	0	0	0	0	583	403	
13	0	0	0	0	587	401	
14	0	0	0	0	588	399	
15	0	0	0	0	588	398	
0	0	0	0	0	587	396	
1	0	0	0	0	583	391	
2	0	0	0	0	582	383	
3	0	0	0	0	579	377	
4	0	0	0	0	577	376	
5	0	0	0	0	575	380	
6	0	0	0	0	572	391	
7	0	0	0	0	564	401	
8	0	0	0	0	558	408	
9	0	0	0	0	550	423	
10	0	0	0	0	541	438	
11	0	0	0	0	527	450	
12	0	0	0	0	516	457	
13	0	0	0	0	504	463	
14	0	0	0	0	495	465	
15	0	0	0	0	483	460	
0	0	0	0	0	474	452	
1	0	0	0	0	464	449	
2	0	0	0	0	457	445	
3	0	0	0	0	454	442	
4	0	0	0	0	454	439	
5	0	0	0	0	458	435	
6	0	0	0	0	462	428	
7	0	0	0	0	471	421	
8	0	0	0	0	480	418	
9	0	0	0	0	488	413	
10	0	0	0	0	495	407	
11	0	0	0	0	497	401	
12	0	0	0	0	500	398	
13	0	0	0	0	500	394	
14	0	0	0	0	502	391	
15	0	0	0	0	505	391	
0	0	0	0	0	507	388	
1	0	0	0	0	510	387	
2	0	0	0	0	515	391	
3	0	0	0	0	523	392	
4	0	0	0	0	529	398	
5	0	0	0	0	540	400	
6	0	0	0	0	554	399	
7	0	0	0	0	566	398	
8	0	0	0	0	576	398	
9	0	0	0	0	583	398	
10	0	0	0	0	582	400	
11	0	0	0	0	573	403	
12	0	0	0	0	559	410	
13	0	0	0	0	540	416	
14	0	0	0	0	523	425	
15	0	0	0	0	507	439	
0	0	0	0	0	495	449	
1	0	0	0	0	490	457	
2	0	0	0	0	487	459	
3	0	0	0	0	487	459	
4	0	0	0	0	487	454	
5	0	0	0	0	487	446	
6	0	0	0	0	489	437	
7	0	0	0	0	491	432	
8	0	0	0	0	493	425	
9	0	0	0	0	496	415	
10	0	0	0	0	501	406	
11	0	0	0	0	508	399	
12	0	0	0	0	515	396	
13	0	0	0	0	525	394	
14	0	0	0	0	538	396	
15	0	0	0	0	549	398	
0	0	0	0	0	559	402	
1	0	0	0	0	565	405	
2	0	0	0	0	569	415	
3	0	0	0	0	570	426	
4	0	0	0	0	568	432	
5	0	0	0	0	563	441	
6	0	0	0	0	556	447	
7	0	0	0	0	547	454	
8	0	0	0	0	538	460	
9	0	0	0	0	528	468	
10	0	0	0	0	526	476	
11	0	0	0	0	529	486	
12	0	0	0	0	532	494	
13	0	0	0	0	533	503	
14	0	0	0	0	534	509	
15	0	0	0	0	540	514	
0	0	0	0	0	544	519	
1	0	0	0	0	548	520	
2	0	0	0	0	556	516	
3	0	0	0	0	561	510	
4	0	0	0	0	563	502	
5	0	0	0	0	564	494	
6	0	0	0	0	560	487	
7	0	0	0	0	555	479	
8	0	0	0	0	549	468	
9	0	0	0	0	544	458	
10	0	0	0	0	539	447	
11	0	0	0	0	537	435	
12	0	0	0	0	531	424	
13	0	0	0	0	528	412	
14	0	0	0	0	530	407	
15	0	0	0	0	536	400	
0	0	0	0	0	539	397	
1	0	0	0	0	538	393	
2	0	0	0	0	540	387	
3	0	0	0	0	547	384	
4	0	0	0	0	557	382	
5	0	0	0	0	567	377	
6	0	0	0	0	574	379	
7	0	0	0	0	586	375	
8	0	0	0	0	595	371	
9	0	0	0	0	607	367	
10	0	0	0	0	615	362	
11	0	0	0	0	619	361	
12	0	0	0	0	624	359	
13	0	0	0	0	628	358	
14	0	0	0	0	628	367	
15	0	0	0	0	625	366	
0	0	0	0	0	620	360	
1	0	0	0	0	611	363	
2	0	0	0	0	598	371	
3	0	0	0	0	582	383	
4	0	0	0	0	571	396	
5	0	0	0	0	563	408	
6	0	0	0	0	556	426	
7	0	0	0	0	553	440	
8	0	0	0	0	551	451	
9	0	0	0	0	552	461	
10	0	0	0	0	555	467	
11	0	0	0	0	559	465	
12	0	0	0	0	563	464	
13	0	0	0	0	566	456	
14	0	0	0	0	571	452	
15	0	0	0	0	575	451	
0	0	0	0	0	578	457	
1	0	0	0	0	582	465	
2	0	0	0	0	587	473	
3	0	0	0	0	592	478	
4	0	0	0	0	593	483	
5	0	0	0	0	593	487	
6	0	0	0	0	590	488	
7	0	0	0	0	584	489	
8	0	0	0	0	578	487	
9	0	0	0	0	574	487	
10	0	0	0	0	571	485	
11	0	0	0	0	570	478	
12	0	0	0	0	571	472	
13	0	0	0	0	572	464	
14	0	0	0	0	573	454	
15	0	0	0	0	575	443	
0	0	0	0	0	578	437	
1	0	0	0	0	582	435	
2	0	0	0	0	584	433	
3	0	0	0	0	585	432	
4	0	0	0	0	583	439	
5	0	0	0	0	576	450	
6	0	0	0	0	571	462	
7	0	0	0	0	568	472	
8	0	0	0	0	567	483	
9	0	0	0	0	568	490	
10	0	0	0	0	569	497	
11	0	0	0	0	571	504	
12	0	0	0	0	573	514	
13	0	0	0	0	572	524	
14	0	0	0	0	570	532	
15	0	0	0	0	566	538	
0	0	0	0	0	560	541	
1	0	0	0	0	552	540	
2	0	0	0	0	542	536	
3	0	0	0	0	532	531	
4	0	0	0	0	520	523	
5	0	0	0	0	510	518	
6	0	0	0	0	501	513	
7	0	0	0	0	493	511	
8	0	0	0	0	486	514	
9	0	0	0	0	483	519	
10	0	0	0	0	482	526	
11	0	0	0	0	480	532	
12	0	0	0	0	479	537	
13	0	0	0	0	479	537	
14	0	0	0	0	478	536	
15	0	0	0	0	478	535	
0	0	0	0	0	477	536	
1	0	0	0	0	476	536	
2	0	0	0	0	472	536	
3	0	0	0	0	465	536	
4	0	0	0	0	461	535	
5	0	0	0	0	456	531	
6	0	0	0	0	451	532	
7	0	0	0	0	448	528	
8	0	0	0	0	443	524	
9	0	0	0	0	440	516	
10	0	0	0	0	441	508	
11	0	0	0	0	447	503	
12	0	0	0	0	450	496	
13	0	0	0	0	450	490	
14	0	0	0	0	447	487	
15	0	0	0	0	444	487	
0	0	0	0	0	441	487	
1	0	0	0	0	438	489	
2	0	0	0	0	439	495	
3	0	0	0	0	440	505	
4	0	0	0	0	442	514	
5	0	0	0	0	439	523	
6	0	0	0	0	431	533	
7	0	0	0	0	420	540	
8	0	0	0	0	412	544	
9	0	0	0	0	406	551	
10	0	0	0	0	401	558	
11	0	0	0	0	399	564	
12	0	0	0	0	400	571	
13	0	0	0	0	397	574	
14	0	0	0	0	395	576	
15	0	0	0	0	391	579	
0	0	0	0	0	384	582	
1	0	0	0	0	379	583	
2	0	0	0	0	376	581	
3	0	0	0	0	376	579	
4	0	0	0	0	376	577	
5	0	0	0	0	377	574	
6	0	0	0	0	379	570	
7	0	0	0	0	381	568	
8	0	0	0	0	382	568	
9	0	0	0	0	382	571	
10	0	0	0	0	382	569	
11	0	0	0	0	378	570	
12	0	0	0	0	375	576	
13	0	0	0	0	369	586	
14	0	0	0	0	363	591	
15	0	0	0	0	358	598	
0	0	0	0	0	350	602	
1	0	0	0	0	344	612	
2	0	0	0	0	338	616	
3	0	0	0	0	334	627	
4	0	0	0	0	331	639	
5	0	0	0	0	329	647	
6	0	0	0	0	326	656	
7	0	0	0	0	321	656	
8	0	0	0	0	313	661	
9	0	0	0	0	310	671	
10	0	0	0	0	311	675	
11	0	0	0	0	316	683	
12	0	0	0	0	324	686	
13	0	0	0	0	332	688	
14	0	0	0	0	336	691	
15	0	0	0	0	342	691	
0	0	0	0	0	350	694	
1	0	0	0	0	358	698	
2	0	0	0	0	363	699	
3	0	0	0	0	363	704	
4	0	0	0	0	359	702	
5	0	0	0	0	352	704	
6	0	0	0	0	343	708	
7	0	0	0	0	334	713	
8	0	0	0	0	329	718	
9	0	0	0	0	327	723	
10	0	0	0	0	322	724	
11	0	0	0	0	323	728	
12	0	0	0	0	321	730	
13	0	0	0	0	319	730	
14	0	0	0	0	319	735	
15	0	0	0	0	323	736	
0	0	0	0	0	327	739	
1	0	0	0	0	331	739	
2	0	0	0	0	331	733	
3	0	0	0	0	328	731	
4	0	0	0	0	325	731	
5	0	0	0	0	324	730	
6	0	0	0	0	325	731	
7	0	0	0	0	326	731	
8	0	0	0	0	328	729	
9	0	0	0	0	327	726	
10	0	0	0	0	326	723	
11	0	0	0	0	324	720	
12	0	0	0	0	325	717	
13	0	0	0	0	328	711	
14	0	0	0	0	331	706	
15	0	0	0	0	331	701	
0	0	0	0	0	331	693	
1	0	0	0	0	333	690	
2	0	0	0	0	335	686	
3	0	0	0	0	339	686	
4	0	0	0	0	342	679	
5	0	0	0	0	340	675	
6	0	0	0	0	336	672	
7	0	0	0	0	330	667	
8	0	0	0	0	328	660	
9	0	0	0	0	324	652	
10	0	0	0	0	324	640	
11	0	0	0	0	322	635	
12	0	0	0	0	319	630	
13	0	0	0	0	318	631	
14	0	0	0	0	317	635	
15	0	0	0	0	313	638	
0	0	0	0	0	310	644	
1	0	0	0	0	309	648	
2	0	0	0	0	310	649	
3	0	0	0	0	311	647	
4	0	0	0	0	311	647	
5	0	0	0	0	309	643	
6	0	0	0	0	307	646	
7	0	0	0	0	304	645	
8	0	0	0	0	302	647	
9	0	0	0	0	303	649	
10	0	0	0	0	303	651	
11	0	0	0	0	301	652	
12	0	0	0	0	302	649	
13	0	0	0	0	303	644	
14	0	0	0	0	304	644	
15	0	0	0	0	307	639	
0	0	0	0	0	310	637	
1	0	0	0	0	317	639	
2	0	0	0	0	323	641	
3	0	0	0	0	326	643	
4	0	0	0	0	325	643	
5	0	0	0	0	323	644	
6	0	0	0	0	319	647	
7	0	0	0	0	312	642	
8	0	0	0	0	308	639	
9	0	0	0	0	308	640	
10	0	0	0	0	311	642	
11	0	0	0	0	313	647	
12	0	0	0	0	313	644	
13	0	0	0	0	311	644	
14	0	0	0	0	309	643	
15	0	0	0	0	310	643	
0	0	0	0	0	313	640	
1	0	0	0	0	319	638	
2	0	0	0	0	322	636	
3	0	0	0	0	327	640	
4	0	0	0	0	336	640	
5	0	0	0	0	345	640	
6	0	0	0	0	352	646	
7	0	0	0	0	357	647	
8	0	0	0	0	361	651	
9	0	0	0	0	364	655	
10	0	0	0	0	365	653	
11	0	0	0	0	369	647	
12	0	0	0	0	374	635	
13	0	0	0	0	379	619	
14	0	0	0	0	384	604	
15	0	0	0	0	393	585	
0	0	0	0	0	403	570	
1	0	0	0	0	413	560	
2	0	0	0	0	422	553	
3	0	0	0	0	428	552	
4	0	0	0	0	432	551	
5	0	0	0	0	435	552	
6	0	0	0	0	434	549	
7	0	0	0	0	432	545	
8	0	0	0	0	429	543	
9	0	0	0	0	423	545	
10	0	0	0	0	412	544	
11	0	0	0	0	405	545	
12	0	0	0	0	398	551	
13	0	0	0	0	392	553	
14	0	0	0	0	393	559	
15	0	0	0	0	395	566	
0	0	0	0	0	396	571	
1	0	0	0	0	393	575	
2	0	0	0	0	389	578	
3	0	0	0	0	390	579	
4	0	0	0	0	389	579	
5	0	0	0	0	392	577	
6	0	0	0	0	397	578	
7	0	0	0	0	403	579	
8	0	0	0	0	410	579	
9	0	0	0	0	415	580	
10	0	0	0	0	416	578	
11	0	0	0	0	415	576	
12	0	0	0	0	414	576	
13	0	0	0	0	412	575	
14	0	0	0	0	412	571	
15	0	0	0	0	413	567	
0	0	0	0	0	414	561	
1	0	0	0	0	413	557	
2	0	0	0	0	408	555	
3	0	0	0	0	404	557	
4	0	0	0	0	400	552	
5	0	0	0	0	399	547	
6	0	0	0	0	401	549	
7	0	0	0	0	404	551	
8	0	0	0	0	407	557	
9	0	0	0	0	408	564	
10	0	0	0	0	408	564	
11	0	0	0	0	409	570	
12	0	0	0	0	411	576	
13	0	0	0	0	411	582	
14	0	0	0	0	413	588	
15	0	0	0	0	414	599	
0	0	0	0	0	415	607	
1	0	0	0	0	420	616	
2	0	0	0	0	423	619	
3	0	0	0	0	427	622	
4	0	0	0	0	431	623	
5	0	0	0	0	432	620	
6	0	0	0	0	437	619	
7	0	0	0	0	441	619	
8	0	0	0	0	446	616	
9	0	0	0	0	451	612	
10	0	0	0	0	459	608	
11	0	0	0	0	467	604	
12	0	0	0	0	477	601	
13	0	0	0	0	481	595	
14	0	0	0	0	481	584	
15	0	0	0	0	480	574	
0	0	0	0	0	479	569	
1	0	0	0	0	476	567	
2	0	0	0	0	475	566	
3	0	0	0	0	469	565	
4	0	0	0	0	462	568	
5	0	0	0	0	457	574	
6	0	0	0	0	454	583	
7	0	0	0	0	452	596	
8	0	0	0	0	448	609	
9	0	0	0	0	444	618	
10	0	0	0	0	440	623	
11	0	0	0	0	438	624	
12	0	0	0	0	435	623	
13	0	0	0	0	432	621	
14	0	0	0	0	433	615	
15	0	0	0	0	435	610	
0	0	0	0	0	436	598	
1	0	0	0	0	437	588	
2	0	0	0	0	437	582	
3	0	0	0	0	437	577	
4	0	0	0	0	439	573	
5	0	0	0	0	444	570	
6	0	0	0	0	452	568	
7	0	0	0	0	462	572	
8	0	0	0	0	469	574	
9	0	0	0	0	473	572	
10	0	0	0	0	475	568	
11	0	0	0	0	473	560	
12	0	0	0	0	472	551	
13	0	0	0	0	477	547	
14	0	0	0	0	480	544	
15	0	0	0	0	480	543	
0	0	0	0	0	479	537	
1	0	0	0	0	478	534	
2	0	0	0	0	477	529	
3	0	0	0	0	477	525	
4	0	0	0	0	473	523	
5	0	0	0	0	468	522	
6	0	0	0	0	463	520	
7	0	0	0	0	457	516	
8	0	0	0	0	451	515	
9	0	0	0	0	447	518	
10	0	0	0	0	443	519	
11	0	0	0	0	443	518	
12	0	0	0	0	445	512	
13	0	0	0	0	447	511	
14	0	0	0	0	447	517	
15	0	0	0	0	446	522	
0	0	0	0	0	441	528	
1	0	0	0	0	433	534	
2	0	0	0	0	426	537	
3	0	0	0	0	416	538	
4	0	0	0	0	410	539	
5	0	0	0	0	409	537	
6	0	0	0	0	408	537	
7	0	0	0	0	409	535	
8	0	0	0	0	412	534	
9	0	0	0	0	417	534	
10	0	0	0	0	424	533	
11	0	0	0	0	432	530	
12	0	0	0	0	437	527	
13	0	0	0	0	443	522	
14	0	0	0	0	446	518	
15	0	0	0	0	446	511	
0	0	0	0	0	446	505	
1	0	0	0	0	443	501	
2	0	0	0	0	440	499	
3	0	0	0	0	439	499	
4	0	0	0	0	439	498	
5	0	0	0	0	441	496	
6	0	0	0	0	443	492	
7	0	0	0	0	445	487	
8	0	0	0	0	444	484	
9	0	0	0	0	440	481	
10	0	0	0	0	435	485	
11	0	0	0	0	435	488	
12	0	0	0	0	437	490	
13	0	0	0	0	443	493	
14	0	0	0	0	449	496	
15	0	0	0	0	455	499	
0	0	0	0	0	460	501	
1	0	0	0	0	463	503	
2	0	0	0	0	465	500	
3	0	0	0	0	468	503	
4	0	0	0	0	464	504	
5	0	0	0	0	458	504	
6	0	0	0	0	451	505	
7	0	0	0	0	443	508	
8	0	0	0	0	440	512	
9	0	0	0	0	440	518	
10	0	0	0	0	441	519	
11	0	0	0	0	445	519	
12	0	0	0	0	453	516	
13	0	0	0	0	460	512	
14	0	0	0	0	465	504	
15	0	0	0	0	465	495	
0	0	0	0	0	468	486	
1	0	0	0	0	472	480	
2	0	0	0	0	468	475	
3	0	0	0	0	462	472	
4	0	0	0	0	454	465	
5	0	0	0	0	450	462	
6	0	0	0	0	444	458	
7	0	0	0	0	441	452	
8	0	0	0	0	443	451	
9	0	0	0	0	446	451	
10	0	0	0	0	451	448	
11	0	0	0	0	454	448	
12	0	0	0	0	457	448	
13	0	0	0	0	459	452	
14	0	0	0	0	457	459	
15	0	0	0	0	456	470	
0	0	0	0	0	450	480	
1	0	0	0	0	442	490	
2	0	0	0	0	434	505	
3	0	0	0	0	426	516	
4	0	0	0	0	417	524	
5	0	0	0	0	406	528	
6	0	0	0	0	398	533	
7	0	0	0	0	389	538	
8	0	0	0	0	384	540	
9	0	0	0	0	382	542	
10	0	0	0	0	383	545	
11	0	0	0	0	383	547	
12	0	0	0	0	383	550	
13	0	0	0	0	383	550	
14	0	0	0	0	383	551	
15	0	0	0	0	383	551	
0	0	0	0	0	381	550	
1	0	0	0	0	380	549	
2	0	0	0	0	382	545	
3	0	0	0	0	383	543	
4	0	0	0	0	385	546	
5	0	0	0	0	389	542	
6	0	0	0	0	391	543	
7	0	0	0	0	393	544	
8	0	0	0	0	395	543	
9	0	0	0	0	396	542	
10	0	0	0	0	397	540	
11	0	0	0	0	399	536	
12	0	0	0	0	402	531	
13	0	0	0	0	407	529	
14	0	0	0	0	406	524	
15	0	0	0	0	404	518	
0	0	0	0	0	404	511	
1	0	0	0	0	406	508	
2	0	0	0	0	413	502	
3	0	0	0	0	418	500	
4	0	0	0	0	423	503	
5	0	0	0	0	433	509	
6	0	0	0	0	443	515	
7	0	0	0	0	452	519	
8	0	0	0	0	456	523	
9	0	0	0	0	463	532	
10	0	0	0	0	468	537	
11	0	0	0	0	468	539	
12	0	0	0	0	466	538	
13	0	0	0	0	466	539	
14	0	0	0	0	469	540	
15	0	0	0	0	475	539	
0	0	0	0	0	482	537	
1	0	0	0	0	488	534	
2	0	0	0	0	493	531	
3	0	0	0	0	499	529	
4	0	0	0	0	503	527	
5	0	0	0	0	508	526	
6	0	0	0	0	510	527	
7	0	0	0	0	510	529	
8	0	0	0	0	508	527	
9	0	0	0	0	504	527	
10	0	0	0	0	502	526	
11	0	0	0	0	499	527	
12	0	0	0	0	494	524	
13	0	0	0	0	493	521	
14	0	0	0	0	489	516	
15	0	0	0	0	484	509	
0	0	0	0	0	479	499	
1	0	0	0	0	473	491	
2	0	0	0	0	468	488	
3	0	0	0	0	465	484	
4	0	0	0	0	464	481	
5	0	0	0	0	460	480	
6	0	0	0	0	461	484	
7	0	0	0	0	459	488	
8	0	0	0	0	456	490	
9	0	0	0	0	454	492	
10	0	0	0	0	452	493	
11	0	0	0	0	451	495	
12	0	0	0	0	451	498	
13	0	0	0	0	453	505	
14	0	0	0	0	456	510	
15	0	0	0	0	459	516	
0	0	0	0	0	463	518	
1	0	0	0	0	468	515	
2	0	0	0	0	476	507	
3	0	0	0	0	487	502	
4	0	0	0	0	494	500	
5	0	0	0	0	497	502	
6	0	0	0	0	499	508	
7	0	0	0	0	499	514	
8	0	0	0	0	501	515	
9	0	0	0	0	504	519	
10	0	0	0	0	509	519	
11	0	0	0	0	511	521	
12	0	0	0	0	512	519	
13	0	0	0	0	509	514	
14	0	0	0	0	505	510	
15	0	0	0	0	504	508	
0	0	0	0	0	501	509	
1	0	0	0	0	499	507	
2	0	0	0	0	498	505	
3	0	0	0	0	498	504	
4	0	0	0	0	496	500	
5	0	0	0	0	497	501	
6	0	0	0	0	496	502	
7	0	0	0	0	495	508	
8	0	0	0	0	497	513	
9	0	0	0	0	498	518	
10	0	0	0	0	496	520	
11	0	0	0	0	492	522	
12	0	0	0	0	486	517	
13	0	0	0	0	482	513	
14	0	0	0	0	475	510	
15	0	0	0	0	468	505	
0	0	0	0	0	463	500	
1	0	0	0	0	458	500	
2	0	0	0	0	457	499	
3	0	0	0	0	459	499	
4	0	0	0	0	461	500	
5	0	0	0	0	465	504	
6	0	0	0	0	475	509	
7	0	0	0	0	481	510	
8	0	0	0	0	484	507	
9	0	0	0	0	487	502	
10	0	0	0	0	491	494	
11	0	0	0	0	494	484	
12	0	0	0	0	492	480	
13	0	0	0	0	492	479	
14	0	0	0	0	496	477	
15	0	0	0	0	499	476	
0	0	0	0	0	497	472	
1	0	0	0	0	493	470	
2	0	0	0	0	487	470	
3	0	0	0	0	483	467	
4	0	0	0	0	482	465	
5	0	0	0	0	482	463	
6	0	0	0	0	481	465	
7	0	0	0	0	480	465	
8	0	0	0	0	477	467	
9	0	0	0	0	478	472	
10	0	0	0	0	477	474	
11	0	0	0	0	476	473	
12	0	0	0	0	480	472	
13	0	0	0	0	486	473	
14	0	0	0	0	491	479	
15	0	0	0	0	495	482	
0	0	0	0	0	502	483	
1	0	0	0	0	508	480	
2	0	0	0	0	513	474	
3	0	0	0	0	514	471	
4	0	0	0	0	515	470	
5	0	0	0	0	513	465	
6	0	0	0	0	510	459	
7	0	0	0	0	507	453	
8	0	0	0	0	504	445	
9	0	0	0	0	501	440	
10	0	0	0	0	502	438	
11	0	0	0	0	502	438	
12	0	0	0	0	507	442	
13	0	0	0	0	516	451	
14	0	0	0	0	525	458	
15	0	0	0	0	532	466	
0	0	0	0	0	532	472	
1	0	0	0	0	533	480	
2	0	0	0	0	533	484	
3	0	0	0	0	531	484	
4	0	0	0	0	528	479	
5	0	0	0	0	521	469	
6	0	0	0	0	511	456	
7	0	0	0	0	505	447	
8	0	0	0	0	497	439	
9	0	0	0	0	489	435	
10	0	0	0	0	483	436	
11	0	0	0	0	478	435	
12	0	0	0	0	478	440	
13	0	0	0	0	476	446	
14	0	0	0	0	477	454	
15	0	0	0	0	480	462	
0	0	0	0	0	487	468	
1	0	0	0	0	493	472	
2	0	0	0	0	495	473	
3	0	0	0	0	497	472	
4	0	0	0	0	502	470	
5	0	0	0	0	503	469	
6	0	0	0	0	503	467	
7	0	0	0	0	504	461	
8	0	0	0	0	505	453	
9	0	0	0	0	507	451	
10	0	0	0	0	513	449	
11	0	0	0	0	518	450	
12	0	0	0	0	521	446	
13	0	0	0	0	523	440	
14	0	0	0	0	522	438	
15	0	0	0	0	523	435	
0	0	0	0	0	520	434	
1	0	0	0	0	515	433	
2	0	0	0	0	508	436	
3	0	0	0	0	501	443	
4	0	0	0	0	494	451	
5	0	0	0	0	489	459	
6	0	0	0	0	486	466	
7	0	0	0	0	482	472	
8	0	0	0	0	478	472	
9	0	0	0	0	476	470	
10	0	0	0	0	480	467	
11	0	0	0	0	484	466	
12	0	0	0	0	489	462	
13	0	0	0	0	501	459	
14	0	0	0	0	514	453	
15	0	0	0	0	527	448	
0	0	0	0	0	539	441	
1	0	0	0	0	547	439	
2	0	0	0	0	551	436	
3	0	0	0	0	555	436	
4	0	0	0	0	558	435	
5	0	0	0	0	559	433	
6	0	0	0	0	562	433	
7	0	0	0	0	562	434	
8	0	0	0	0	561	436	
9	0	0	0	0	559	440	
10	0	0	0	0	558	439	
11	0	0	0	0	560	444	
12	0	0	0	0	562	447	
13	0	0	0	0	562	448	
14	0	0	0	0	560	444	
15	0	0	0	0	558	438	
0	0	0	0	0	554	435	
1	0	0	0	0	552	435	
2	0	0	0	0	549	431	
3	0	0	0	0	541	433	
4	0	0	0	0	530	435	
5	0	0	0	0	520	435	
6	0	0	0	0	507	436	
7	0	0	0	0	499	435	
8	0	0	0	0	495	435	
9	0	0	0	0	495	439	
10	0	0	0	0	500	444	
11	0	0	0	0	507	448	
12	0	0	0	0	511	448	
13	0	0	0	0	512	447	
14	0	0	0	0	516	444	
15	0	0	0	0	521	440	
0	0	0	0	0	528	436	
1	0	0	0	0	536	432	
2	0	0	0	0	550	428	
3	0	0	0	0	560	428	
4	0	0	0	0	566	425	
5	0	0	0	0	569	417	
6	0	0	0	0	570	411	
7	0	0	0	0	569	407	
8	0	0	0	0	568	407	
9	0	0	0	0	568	407	
10	0	0	0	0	569	410	
11	0	0	0	0	568	413	
12	0	0	0	0	562	416	
13	0	0	0	0	556	422	
14	0	0	0	0	553	429	
15	0	0	0	0	548	433	
0	0	0	0	0	541	440	
1	0	0	0	0	537	443	
2	0	0	0	0	532	447	
3	0	0	0	0	528	448	
4	0	0	0	0	524	449	
5	0	0	0	0	519	451	
6	0	0	0	0	514	453	
7	0	0	0	0	516	453	
8	0	0	0	0	521	454	
9	0	0	0	0	524	454	
10	0	0	0	0	526	452	
11	0	0	0	0	528	450	
12	0	0	0	0	527	445	
13	0	0	0	0	526	436	
14	0	0	0	0	527	429	
15	0	0	0	0	525	423	
0	0	0	0	0	524	425	
1	0	0	0	0	523	426	
2	0	0	0	0	526	423	
3	0	0	0	0	528	419	
4	0	0	0	0	530	419	
5	0	0	0	0	531	420	
6	0	0	0	0	529	423	
7	0	0	0	0	528	424	
8	0	0	0	0	528	430	
9	0	0	0	0	533	436	
10	0	0	0	0	538	436	
11	0	0	0	0	545	435	
12	0	0	0	0	551	433	
13	0	0	0	0	552	429	
14	0	0	0	0	553	426	
15	0	0	0	0	553	419	
0	0	0	0	0	551	421	
1	0	0	0	0	551	423	
2	0	0	0	0	550	428	
3	0	0	0	0	551	431	
4	0	0	0	0	553	438	
5	0	0	0	0	555	445	
6	0	0	0	0	557	451	
7	0	0	0	0	563	451	
8	0	0	0	0	568	452	
9	0	0	0	0	573	452	
10	0	0	0	0	575	448	
11	0	0	0	0	575	448	
12	0	0	0	0	574	448	
13	0	0	0	0	573	447	
14	0	0	0	0	574	443	
15	0	0	0	0	577	436	
0	0	0	0	0	583	434	
1	0	0	0	0	588	433	
2	0	0	0	0	590	433	
3	0	0	0	0	590	433	
4	0	0	0	0	592	428	
5	0	0	0	0	588	429	
6	0	0	0	0	581	429	
7	0	0	0	0	575	432	
8	0	0	0	0	567	433	
9	0	0	0	0	561	436	
10	0	0	0	0	561	441	
11	0	0	0	0	561	445	
12	0	0	0	0	562	450	
13	0	0	0	0	559	452	
14	0	0	0	0	554	460	
15	0	0	0	0	551	470	
0	0	0	0	0	544	477	
1	0	0	0	0	539	482	
2	0	0	0	0	535	489	
3	0	0	0	0	528	491	
4	0	0	0	0	524	492	
5	0	0	0	0	521	489	
6	0	0	0	0	516	483	
7	0	0	0	0	513	473	
8	0	0	0	0	516	463	
9	0	0	0	0	522	454	
10	0	0	0	0	528	448	
11	0	0	0	0	532	444	
12	0	0	0	0	535	435	
13	0	0	0	0	536	422	
14	0	0	0	0	537	410	
15	0	0	0	0	536	401	
0	0	0	0	0	536	391	
1	0	0	0	0	539	385	
2	0	0	0	0	541	387	
3	0	0	0	0	543	396	
4	0	0	0	0	545	411	
5	0	0	0	0	552	429	
6	0	0	0	0	561	443	
7	0	0	0	0	569	455	
8	0	0	0	0	581	459	
9	0	0	0	0	592	455	
10	0	0	0	0	601	452	
11	0	0	0	0	608	451	
12	0	0	0	0	609	451	
13	0	0	0	0	611	455	
14	0	0	0	0	614	458	
15	0	0	0	0	615	463	
0	0	0	0	0	614	464	
1	0	0	0	0	613	466	
2	0	0	0	0	612	472	
3	0	0	0	0	609	476	
4	0	0	0	0	605	483	
5	0	0	0	0	595	489	
6	0	0	0	0	587	495	
7	0	0	0	0	581	498	
8	0	0	0	0	573	498	
9	0	0	0	0	565	496	
10	0	0	0	0	561	490	
11	0	0	0	0	560	480	
12	0	0	0	0	557	473	
13	0	0	0	0	556	471	
14	0	0	0	0	560	467	
15	0	0	0	0	561	464	
0	0	0	0	0	563	462	
1	0	0	0	0	564	460	
2	0	0	0	0	567	456	
3	0	0	0	0	567	452	
4	0	0	0	0	568	451	
5	0	0	0	0	565	448	
6	0	0	0	0	564	450	
7	0	0	0	0	563	455	
8	0	0	0	0	563	461	
9	0	0	0	0	563	470	
10	0	0	0	0	563	479	
11	0	0	0	0	567	488	
12	0	0	0	0	569	493	
13	0	0	0	0	570	496	
14	0	0	0	0	571	492	
15	0	0	0	0	568	489	
0	0	0	0	0	565	489	
1	0	0	0	0	561	489	
2	0	0	0	0	558	489	
3	0	0	0	0	549	483	
4	0	0	0	0	541	478	
5	0	0	0	0	531	472	
6	0	0	0	0	525	461	
7	0	0	0	0	522	452	
8	0	0	0	0	524	447	
9	0	0	0	0	529	444	
10	0	0	0	0	539	440	
11	0	0	0	0	547	439	
12	0	0	0	0	558	442	
13	0	0	0	0	566	447	
14	0	0	0	0	570	451	
15	0	0	0	0	568	452	
0	0	0	0	0	563	456	
1	0	0	0	0	558	457	
2	0	0	0	0	550	453	
3	0	0	0	0	540	447	
4	0	0	0	0	531	443	
5	0	0	0	0	521	436	
6	0	0	0	0	510	432	
7	0	0	0	0	503	430	
8	0	0	0	0	499	430	
9	0	0	0	0	498	432	
10	0	0	0	0	502	434	
11	0	0	0	0	507	439	
12	0	0	0	0	515	442	
13	0	0	0	0	528	445	
14	0	0	0	0	542	448	
15	0	0	0	0	551	456	
0	0	0	0	0	556	463	
1	0	0	0	0	558	470	
2	0	0	0	0	558	476	
3	0	0	0	0	558	479	
4	0	0	0	0	557	484	
5	0	0	0	0	553	489	
6	0	0	0	0	550	491	
7	0	0	0	0	546	487	
8	0	0	0	0	541	482	
9	0	0	0	0	536	477	
10	0	0	0	0	536	478	
11	0	0	0	0	536	482	
12	0	0	0	0	535	486	
13	0	0	0	0	534	483	
14	0	0	0	0	534	477	
15	0	0	0	0	536	469	
0	0	0	0	0	539	461	
1	0	0	0	0	541	457	
2	0	0	0	0	543	457	
3	0	0	0	0	543	460	
4	0	0	0	0	539	462	
5	0	0	0	0	538	464	
6	0	0	0	0	537	467	
7	0	0	0	0	534	467	
8	0	0	0	0	532	468	
9	0	0	0	0	532	470	
10	0	0	0	0	532	471	
11	0	0	0	0	530	469	
12	0	0	0	0	531	470	
13	0	0	0	0	531	472	
14	0	0	0	0	524	472	
15	0	0	0	0	516	474	
0	0	0	0	0	509	477	
1	0	0	0	0	504	476	
2	0	0	0	0	504	475	
3	0	0	0	0	508	474	
4	0	0	0	0	515	478	
5	0	0	0	0	522	481	
6	0	0	0	0	529	478	
7	0	0	0	0	535	476	
8	0	0	0	0	541	474	
9	0	0	0	0	544	471	
10	0	0	0	0	546	469	
11	0	0	0	0	547	468	
12	0	0	0	0	551	465	
13	0	0	0	0	556	464	
14	0	0	0	0	562	466	
15	0	0	0	0	568	465	
0	0	0	0	0	576	463	
1	0	0	0	0	583	461	
2	0	0	0	0	588	457	
3	0	0	0	0	590	457	
4	0	0	0	0	590	457	
5	0	0	0	0	585	455	
6	0	0	0	0	580	449	
7	0	0	0	0	577	441	
8	0	0	0	0	574	442	
9	0	0	0	0	567	442	
10	0	0	0	0	561	443	
11	0	0	0	0	554	450	
12	0	0	0	0	547	457	
13	0	0	0	0	540	463	
14	0	0	0	0	534	472	
15	0	0	0	0	531	485	
0	0	0	0	0	526	499	
1	0	0	0	0	524	513	
2	0	0	0	0	522	527	
3	0	0	0	0	525	539	
4	0	0	0	0	529	552	
5	0	0	0	0	535	567	
6	0	0	0	0	538	581	
7	0	0	0	0	545	590	
8	0	0	0	0	558	587	
9	0	0	0	0	573	580	
10	0	0	0	0	587	569	
11	0	0	0	0	600	551	
12	0	0	0	0	611	536	
13	0	0	0	0	624	522	
14	0	0	0	0	634	509	
15	0	0	0	0	641	500	
0	0	0	0	0	649	490	
1	0	0	0	0	659	481	
2	0	0	0	0	665	473	
3	0	0	0	0	669	470	
4	0	0	0	0	670	468	
5	0	0	0	0	670	467	
6	0	0	0	0	666	472	
7	0	0	0	0	665	470	
8	0	0	0	0	666	460	
9	0	0	0	0	670	454	
10	0	0	0	0	676	443	
11	0	0	0	0	687	437	
12	0	0	0	0	697	429	
13	0	0	0	0	709	420	
14	0	0	0	0	723	415	
15	0	0	0	0	738	405	
0	0	0	0	0	751	387	
1	0	0	0	0	757	382	
2	0	0	0	0	756	373	
3	0	0	0	0	755	370	
4	0	0	0	0	756	368	
5	0	0	0	0	753	366	
6	0	0	0	0	751	371	
7	0	0	0	0	747	373	
8	0	0	0	0	751	368	
9	0	0	0	0	756	372	
10	0	0	0	0	762	372	
11	0	0	0	0	768	366	
12	0	0	0	0	774	367	
13	0	0	0	0	780	360	
14	0	0	0	0	787	355	
15	0	0	0	0	793	355	
0	0	0	0	0	795	354	
1	0	0	0	0	795	359	
2	0	0	0	0	797	365	
3	0	0	0	0	797	364	
4	0	0	0	0	792	367	
5	0	0	0	0	786	359	
6	0	0	0	0	779	346	
7	0	0	0	0	773	344	
8	0	0	0	0	768	332	
9	0	0	0	0	762	328	
10	0	0	0	0	754	322	
11	0	0	0	0	750	317	
12	0	0	0	0	746	327	
13	0	0	0	0	747	332	
14	0	0	0	0	748	334	
15	0	0	0	0	754	344	
0	0	0	0	0	765	343	
1	0	0	0	0	780	348	
2	0	0	0	0	796	350	
3	0	0	0	0	809	343	
4	0	0	0	0	816	345	
5	0	0	0	0	819	332	
6	0	0	0	0	817	315	
7	0	0	0	0	813	313	
8	0	0	0	0	807	301	
9	0	0	0	0	802	295	
10	0	0	0	0	805	287	
11	0	0	0	0	810	279	
12	0	0	0	0	816	286	
13	0	0	0	0	822	287	
14	0	0	0	0	829	281	
15	0	0	0	0	836	289	
0	0	0	0	0	842	286	
1	0	0	0	0	845	279	
2	0	0	0	0	845	286	
3	0	0	0	0	844	281	
4	0	0	0	0	844	290	
5	0	0	0	0	838	291	
6	0	0	0	0	830	280	
7	0	0	0	0	823	284	
8	0	0	0	0	817	280	
9	0	0	0	0	812	269	
10	0	0	0	0	804	272	
11	0	0	0	0	798	267	
12	0	0	0	0	794	275	
13	0	0	0	0	794	276	
14	0	0	0	0	796	269	
15	0	0	0	0	796	274	
0	0	0	0	0	796	263	
1	0	0	0	0	795	262	
2	0	0	0	0	791	257	
3	0	0	0	0	788	248	
4	0	0	0	0	785	249	
5	0	0	0	0	780	249	
6	0	0	0	0	776	242	
7	0	0	0	0	772	254	
8	0	0	0	0	767	260	
9	0	0	0	0	754	268	
10	0	0	0	0	741	280	
11	0	0	0	0	734	284	
12	0	0	0	0	733	298	
13	0	0	0	0	738	304	
14	0	0	0	0	746	302	
15	0	0	0	0	752	309	
0	0	0	0	0	754	302	
1	0	0	0	0	755	302	
2	0	0	0	0	754	300	
3	0	0	0	0	751	293	
4	0	0	0	0	748	296	
5	0	0	0	0	747	292	
6	0	0	0	0	745	280	
7	0	0	0	0	744	284	
8	0	0	0	0	738	281	
9	0	0	0	0	735	288	
10	0	0	0	0	730	294	
11	0	0	0	0	729	298	
12	0	0	0	0	726	314	
13	0	0	0	0	723	321	
14	0	0	0	0	722	321	
15	0	0	0	0	718	325	
0	0	0	0	0	714	318	
1	0	0	0	0	713	325	
2	0	0	0	0	714	327	
3	0	0	0	0	715	321	
4	0	0	0	0	717	324	
5	0	0	0	0	718	318	
6	0	0	0	0	714	312	
7	0	0	0	0	707	301	
8	0	0	0	0	702	292	
9	0	0	0	0	695	297	
10	0	0	0	0	693	295	
11	0	0	0	0	695	291	
12	0	0	0	0	699	301	
13	0	0	0	0	702	299	
14	0	0	0	0	703	303	
15	0	0	0	0	703	305	
0	0	0	0	0	701	300	
1	0	0	0	0	695	300	
2	0	0	0	0	688	295	
3	0	0	0	0	683	291	
4	0	0	0	0	682	306	
5	0	0	0	0	682	314	
6	0	0	0	0	683	316	
7	0	0	0	0	684	333	
8	0	0	0	0	683	340	
9	0	0	0	0	682	349	
10	0	0	0	0	680	356	
11	0	0	0	0	679	360	
12	0	0	0	0	677	367	
13	0	0	0	0	678	367	
14	0	0	0	0	677	361	
15	0	0	0	0	678	364	
0	0	0	0	0	679	364	
1	0	0	0	0	681	361	
2	0	0	0	0	684	369	
3	0	0	0	0	684	371	
4	0	0	0	0	686	369	
5	0	0	0	0	687	371	
6	0	0	0	0	689	373	
7	0	0	0	0	691	380	
8	0	0	0	0	689	379	
9	0	0	0	0	683	372	
10	0	0	0	0	673	372	
11	0	0	0	0	662	369	
12	0	0	0	0	651	362	
13	0	0	0	0	640	365	
14	0	0	0	0	627	364	
15	0	0	0	0	612	368	
0	0	0	0	0	600	369	
1	0	0	0	0	591	374	
2	0	0	0	0	588	388	
3	0	0	0	0	587	401	
4	0	0	0	0	588	407	
5	0	0	0	0	592	418	
6	0	0	0	0	594	423	
7	0	0	0	0	596	420	
8	0	0	0	0	595	415	
9	0	0	0	0	593	407	
10	0	0	0	0	589	402	
11	0	0	0	0	582	400	
12	0	0	0	0	574	399	
13	0	0	0	0	566	406	
14	0	0	0	0	562	412	
15	0	0	0	0	560	416	
0	0	0	0	0	563	423	
1	0	0	0	0	563	424	
2	0	0	0	0	563	424	
3	0	0	0	0	563	421	
4	0	0	0	0	568	423	
5	0	0	0	0	572	426	
6	0	0	0	0	572	432	
7	0	0	0	0	571	438	
8	0	0	0	0	568	444	
9	0	0	0	0	568	448	
10	0	0	0	0	567	449	
11	0	0	0	0	563	451	
12	0	0	0	0	555	454	
13	0	0	0	0	547	455	
14	0	0	0	0	542	458	
15	0	0	0	0	536	462	
0	0	0	0	0	531	467	
1	0	0	0	0	526	475	
2	0	0	0	0	519	480	
3	0	0	0	0	514	486	
4	0	0	0	0	512	491	
5	0	0	0	0	506	495	
6	0	0	0	0	504	496	
7	0	0	0	0	502	495	
8	0	0	0	0	503	495	
9	0	0	0	0	507	492	
10	0	0	0	0	511	489	
11	0	0	0	0	516	489	
12	0	0	0	0	519	489	
13	0	0	0	0	523	494	
14	0	0	0	0	527	497	
15	0	0	0	0	531	505	
0	0	0	0	0	540	514	
1	0	0	0	0	547	518	
2	0	0	0	0	556	519	
3	0	0	0	0	564	520	
4	0	0	0	0	571	522	
5	0	0	0	0	576	524	
6	0	0	0	0	580	526	
7	0	0	0	0	587	526	
8	0	0	0	0	588	521	
9	0	0	0	0	589	515	
10	0	0	0	0	588	511	
11	0	0	0	0	587	508	
12	0	0	0	0	581	508	
13	0	0	0	0	573	507	
14	0	0	0	0	562	507	
15	0	0	0	0	547	507	
0	0	0	0	0	530	506	
1	0	0	0	0	514	511	
2	0	0	0	0	503	517	
3	0	0	0	0	496	526	
4	0	0	0	0	493	534	
5	0	0	0	0	492	542	
6	0	0	0	0	490	545	
7	0	0	0	0	487	543	
8	0	0	0	0	484	535	
9	0	0	0	0	483	524	
10	0	0	0	0	484	517	
11	0	0	0	0	488	510	
12	0	0	0	0	492	509	
13	0	0	0	0	500	509	
14	0	0	0	0	504	508	
15	0	0	0	0	506	508	
0	0	0	0	0	507	508	
1	0	0	0	0	510	504	
2	0	0	0	0	513	499	
3	0	0	0	0	518	494	
4	0	0	0	0	525	488	
5	0	0	0	0	531	486	
6	0	0	0	0	536	487	
7	0	0	0	0	540	488	
8	0	0	0	0	541	485	
9	0	0	0	0	535	481	
10	0	0	0	0	526	478	
11	0	0	0	0	516	477	
12	0	0	0	0	509	478	
13	0	0	0	0	503	480	
14	0	0	0	0	500	485	
15	0	0	0	0	504	492	
0	0	0	0	0	505	498	
1	0	0	0	0	505	504	
2	0	0	0	0	510	508	
3	0	0	0	0	513	512	
4	0	0	0	0	523	514	
5	0	0	0	0	527	513	
6	0	0	0	0	530	514	
7	0	0	0	0	528	519	
8	0	0	0	0	531	523	
9	0	0	0	0	535	519	
10	0	0	0	0	535	512	
11	0	0	0	0	534	502	
12	0	0	0	0	535	494	
13	0	0	0	0	534	487	
14	0	0	0	0	529	487	
15	0	0	0	0	522	490	
0	0	0	0	0	516	496	
1	0	0	0	0	510	499	
2	0	0	0	0	499	502	
3	0	0	0	0	492	507	
4	0	0	0	0	486	511	
5	0	0	0	0	479	516	
6	0	0	0	0	470	521	
7	0	0	0	0	463	524	
8	0	0	0	0	457	528	
9	0	0	0	0	451	540	
10	0	0	0	0	444	552	
11	0	0	0	0	439	564	
12	0	0	0	0	430	576	
13	0	0	0	0	422	585	
14	0	0	0	0	411	591	
15	0	0	0	0	399	599	
0	0	0	0	0	391	599	
1	0	0	0	0	389	595	
2	0	0	0	0	390	590	
3	0	0	0	0	393	591	
4	0	0	0	0	395	593	
5	0	0	0	0	398	593	
6	0	0	0	0	399	596	
7	0	0	0	0	399	600	
8	0	0	0	0	401	604	
9	0	0	0	0	404	608	
10	0	0	0	0	408	614	
11	0	0	0	0	406	620	
12	0	0	0	0	403	631	
13	0	0	0	0	399	634	
14	0	0	0	0	396	633	
15	0	0	0	0	396	636	
0	0	0	0	0	400	632	
1	0	0	0	0	406	631	
2	0	0	0	0	410	626	
3	0	0	0	0	412	626	
4	0	0	0	0	415	626	
5	0	0	0	0	418	621	
6	0	0	0	0	424	617	
7	0	0	0	0	429	615	
8	0	0	0	0	430	610	
9	0	0	0	0	429	608	
10	0	0	0	0	428	606	
11	0	0	0	0	425	604	
12	0	0	0	0	420	605	
13	0	0	0	0	417	602	
14	0	0	0	0	417	604	
15	0	0	0	0	418	605	
0	0	0	0	0	424	604	
1	0	0	0	0	435	603	
2	0	0	0	0	444	604	
3	0	0	0	0	453	609	
4	0	0	0	0	458	615	
5	0	0	0	0	462	618	
6	0	0	0	0	460	620	
7	0	0	0	0	457	610	
8	0	0	0	0	451	599	
9	0	0	0	0	444	591	
10	0	0	0	0	440	584	
11	0	0	0	0	440	577	
12	0	0	0	0	441	574	
13	0	0	0	0	444	574	
14	0	0	0	0	444	575	
15	0	0	0	0	445	576	
0	0	0	0	0	444	580	
1	0	0	0	0	441	584	
2	0	0	0	0	439	587	
3	0	0	0	0	431	585	
4	0	0	0	0	423	583	
5	0	0	0	0	416	583	
6	0	0	0	0	411	585	
7	0	0	0	0	409	581	
8	0	0	0	0	411	583	
9	0	0	0	0	414	590	
10	0	0	0	0	417	598	
11	0	0	0	0	424	604	
12	0	0	0	0	430	613	
13	0	0	0	0	434	616	
14	0	0	0	0	437	616	
15	0	0	0	0	439	612	
0	0	0	0	0	437	608	
1	0	0	0	0	431	603	
2	0	0	0	0	426	598	
3	0	0	0	0	420	593	
4	0	0	0	0	419	593	
5	0	0	0	0	420	593	
6	0	0	0	0	424	593	
7	0	0	0	0	431	592	
8	0	0	0	0	436	588	
9	0	0	0	0	441	583	
10	0	0	0	0	446	576	
11	0	0	0	0	455	569	
12	0	0	0	0	466	566	
13	0	0	0	0	478	558	
14	0	0	0	0	486	551	
15	0	0	0	0	491	543	
0	0	0	0	0	494	539	
1	0	0	0	0	493	538	
2	0	0	0	0	486	536	
3	0	0	0	0	479	535	
4	0	0	0	0	473	529	
5	0	0	0	0	472	527	
6	0	0	0	0	473	527	
7	0	0	0	0	474	527	
8	0	0	0	0	479	531	
9	0	0	0	0	485	533	
10	0	0	0	0	490	535	
11	0	0	0	0	494	537	
12	0	0	0	0	497	536	
13	0	0	0	0	497	535	
14	0	0	0	0	496	535	
15	0	0	0	0	489	538	
0	0	0	0	0	480	543	
1	0	0	0	0	470	549	
2	0	0	0	0	465	558	
3	0	0	0	0	462	572	
4	0	0	0	0	459	577	
5	0	0	0	0	457	583	
6	0	0	0	0	456	590	
7	0	0	0	0	459	596	
8	0	0	0	0	460	600	
9	0	0	0	0	460	599	
10	0	0	0	0	463	598	
11	0	0	0	0	463	596	
12	0	0	0	0	467	593	
13	0	0	0	0	471	590	
14	0	0	0	0	476	590	
15	0	0	0	0	481	587	
0	0	0	0	0	487	583	
1	0	0	0	0	492	582	
2	0	0	0	0	500	581	
3	0	0	0	0	509	579	
4	0	0	0	0	516	577	
5	0	0	0	0	522	577	
6	0	0	0	0	524	579	
7	0	0	0	0	528	583	
8	0	0	0	0	531	589	
9	0	0	0	0	531	589	
10	0	0	0	0	531	587	
11	0	0	0	0	535	586	
12	0	0	0	0	534	585	
13	0	0	0	0	530	587	
14	0	0	0	0	524	590	
15	0	0	0	0	516	591	
0	0	0	0	0	507	593	
1	0	0	0	0	498	590	
2	0	0	0	0	491	584	
3	0	0	0	0	481	577	
4	0	0	0	0	471	571	
5	0	0	0	0	463	562	
6	0	0	0	0	455	556	
7	0	0	0	0	444	550	
8	0	0	0	0	434	549	
9	0	0	0	0	428	550	
10	0	0	0	0	421	556	
11	0	0	0	0	419	561	
12	0	0	0	0	419	566	
13	0	0	0	0	423	573	
14	0	0	0	0	427	582	
15	0	0	0	0	428	592	
0	0	0	0	0	431	600	
1	0	0	0	0	435	604	
2	0	0	0	0	439	602	
3	0	0	0	0	445	601	
4	0	0	0	0	453	598	
5	0	0	0	0	462	596	
6	0	0	0	0	471	597	
7	0	0	0	0	475	599	
8	0	0	0	0	481	596	
9	0	0	0	0	485	592	
10	0	0	0	0	488	591	
11	0	0	0	0	487	589	
12	0	0	0	0	488	583	
13	0	0	0	0	493	578	
14	0	0	0	0	502	575	
15	0	0	0	0	506	572	
0	0	0	0	0	508	573	
1	0	0	0	0	508	572	
2	0	0	0	0	508	571	
3	0	0	0	0	505	570	
4	0	0	0	0	500	565	
5	0	0	0	0	494	561	
6	0	0	0	0	485	556	
7	0	0	0	0	476	553	
8	0	0	0	0	463	552	
9	0	0	0	0	451	551	
10	0	0	0	0	443	549	
11	0	0	0	0	435	546	
12	0	0	0	0	433	542	
13	0	0	0	0	435	540	
14	0	0	0	0	433	537	
15	0	0	0	0	436	536	
0	0	0	0	0	439	534	
1	0	0	0	0	442	533	
2	0	0	0	0	448	532	
3	0	0	0	0	453	539	
4	0	0	0	0	463	544	
5	0	0	0	0	468	551	
6	0	0	0	0	470	558	
7	0	0	0	0	467	563	
8	0	0	0	0	462	568	
9	0	0	0	0	457	572	
10	0	0	0	0	451	576	
11	0	0	0	0	441	577	
12	0	0	0	0	430	578	
13	0	0	0	0	419	574	
14	0	0	0	0	410	572	
15	0	0	0	0	404	570	
0	0	0	0	0	401	566	
1	0	0	0	0	402	560	
2	0	0	0	0	408	552	
3	0	0	0	0	414	542	
4	0	0	0	0	423	536	
5	0	0	0	0	430	536	
6	0	0	0	0	437	537	
7	0	0	0	0	441	532	
8	0	0	0	0	443	529	
9	0	0	0	0	440	527	
10	0	0	0	0	435	525	
11	0	0	0	0	430	524	
12	0	0	0	0	425	521	
13	0	0	0	0	422	519	
14	0	0	0	0	422	519	
15	0	0	0	0	422	518	
0	0	0	0	0	421	517	
1	0	0	0	0	421	518	
2	0	0	0	0	427	517	
3	0	0	0	0	432	518	
4	0	0	0	0	436	523	
5	0	0	0	0	435	531	
6	0	0	0	0	434	539	
7	0	0	0	0	433	546	
8	0	0	0	0	435	551	
9	0	0	0	0	436	551	
10	0	0	0	0	439	550	
11	0	0	0	0	438	549	
12	0	0	0	0	437	548	
13	0	0	0	0	437	545	
14	0	0	0	0	437	542	
15	0	0	0	0	435	543	
0	0	0	0	0	433	542	
1	0	0	0	0	428	545	
2	0	0	0	0	423	546	
3	0	0	0	0	419	547	
4	0	0	0	0	420	543	
5	0	0	0	0	420	539	
6	0	0	0	0	420	537	
7	0	0	0	0	422	534	
8	0	0	0	0	428	534	
9	0	0	0	0	437	537	
10	0	0	0	0	448	538	
11	0	0	0	0	459	544	
12	0	0	0	0	466	547	
13	0	0	0	0	473	552	
14	0	0	0	0	480	557	
15	0	0	0	0	481	560	
0	0	0	0	0	482	565	
1	0	0	0	0	480	563	
2	0	0	0	0	477	560	
3	0	0	0	0	473	555	
4	0	0	0	0	467	547	
5	0	0	0	0	457	539	
6	0	0	0	0	446	532	
7	0	0	0	0	436	529	
8	0	0	0	0	428	526	
9	0	0	0	0	420	529	
10	0	0	0	0	417	530	
11	0	0	0	0	416	536	
12	0	0	0	0	416	538	
13	0	0	0	0	422	540	
14	0	0	0	0	428	538	
15	0	0	0	0	435	536	
0	0	0	0	0	444	539	
1	0	0	0	0	451	536	
2	0	0	0	0	457	535	
3	0	0	0	0	462	535	
4	0	0	0	0	464	534	
5	0	0	0	0	465	536	
6	0	0	0	0	467	539	
7	0	0	0	0	471	540	
8	0	0	0	0	475	540	
9	0	0	0	0	480	540	
10	0	0	0	0	483	540	
11	0	0	0	0	487	540	
12	0	0	0	0	488	539	
13	0	0	0	0	487	537	
14	0	0	0	0	487	535	
15	0	0	0	0	485	532	
0	0	0	0	0	483	530	
1	0	0	0	0	484	528	
2	0	0	0	0	486	531	
3	0	0	0	0	489	536	
4	0	0	0	0	496	546	
5	0	0	0	0	510	560	
6	0	0	0	0	523	572	
7	0	0	0	0	534	581	
8	0	0	0	0	540	583	
9	0	0	0	0	541	577	
10	0	0	0	0	539	568	
11	0	0	0	0	534	556	
12	0	0	0	0	525	547	
13	0	0	0	0	517	542	
14	0	0	0	0	507	536	
15	0	0	0	0	499	533	
0	0	0	0	0	492	534	
1	0	0	0	0	489	532	
2	0	0	0	0	485	531	
3	0	0	0	0	480	532	
4	0	0	0	0	476	536	
5	0	0	0	0	476	540	
6	0	0	0	0	477	542	
7	0	0	0	0	481	543	
8	0	0	0	0	484	544	
9	0	0	0	0	484	547	
10	0	0	0	0	485	546	
11	0	0	0	0	481	545	
12	0	0	0	0	480	547	
13	0	0	0	0	480	550	
14	0	0	0	0	481	551	
15	0	0	0	0	483	552	
0	0	0	0	0	481	551	
1	0	0	0	0	480	551	
2	0	0	0	0	482	547	
3	0	0	0	0	483	540	
4	0	0	0	0	483	532	
5	0	0	0	0	484	529	
6	0	0	0	0	487	528	
7	0	0	0	0	488	528	
8	0	0	0	0	489	527	
9	0	0	0	0	489	528	
10	0	0	0	0	490	529	
11	0	0	0	0	491	535	
12	0	0	0	0	492	540	
13	0	0	0	0	490	545	
14	0	0	0	0	485	547	
15	0	0	0	0	478	547	
0	0	0	0	0	471	548	
1	0	0	0	0	463	547	
2	0	0	0	0	455	546	
3	0	0	0	0	448	545	
4	0	0	0	0	439	540	
5	0	0	0	0	428	533	
6	0	0	0	0	420	526	
7	0	0	0	0	415	523	
8	0	0	0	0	412	522	
9	0	0	0	0	415	523	
10	0	0	0	0	422	522	
11	0	0	0	0	429	521	
12	0	0	0	0	437	522	
13	0	0	0	0	445	533	
14	0	0	0	0	451	540	
15	0	0	0	0	456	546	
0	0	0	0	0	460	546	
1	0	0	0	0	460	540	
2	0	0	0	0	457	532	
3	0	0	0	0	452	523	
4	0	0	0	0	448	518	
5	0	0	0	0	449	514	
6	0	0	0	0	454	512	
7	0	0	0	0	455	511	
8	0	0	0	0	459	506	
9	0	0	0	0	464	507	
10	0	0	0	0	468	509	
11	0	0	0	0	472	513	
12	0	0	0	0	476	516	
13	0	0	0	0	480	519	
14	0	0	0	0	484	521	
15	0	0	0	0	485	522	
0	0	0	0	0	487	524	
1	0	0	0	0	488	525	
2	0	0	0	0	487	529	
3	0	0	0	0	483	534	
4	0	0	0	0	478	535	
5	0	0	0	0	474	535	
6	0	0	0	0	471	535	
7	0	0	0	0	474	537	
8	0	0	0	0	480	542	
9	0	0	0	0	484	547	
10	0	0	0	0	488	552	
11	0	0	0	0	492	559	
12	0	0	0	0	496	567	
13	0	0	0	0	499	572	
14	0	0	0	0	500	573	
15	0	0	0	0	500	571	
0	0	0	0	0	498	567	
1	0	0	0	0	495	560	
2	0	0	0	0	493	553	
3	0	0	0	0	490	550	
4	0	0	0	0	487	548	
5	0	0	0	0	487	544	
6	0	0	0	0	487	541	
7	0	0	0	0	490	540	
8	0	0	0	0	492	540	
9	0	0	0	0	494	541	
10	0	0	0	0	494	542	
11	0	0	0	0	495	542	
12	0	0	0	0	496	539	
13	0	0	0	0	499	537	
14	0	0	0	0	499	538	
15	0	0	0	0	495	541	
0	0	0	0	0	492	547	
1	0	0	0	0	488	556	
2	0	0	0	0	485	560	
3	0	0	0	0	484	563	
4	0	0	0	0	484	565	
5	0	0	0	0	485	568	
6	0	0	0	0	483	571	
7	0	0	0	0	480	571	
8	0	0	0	0	477	565	
9	0	0	0	0	474	559	
10	0	0	0	0	470	556	
11	0	0	0	0	466	553	
12	0	0	0	0	465	555	
13	0	0	0	0	467	563	
14	0	0	0	0	468	569	
15	0	0	0	0	471	570	
0	0	0	0	0	471	569	
1	0	0	0	0	468	565	
2	0	0	0	0	463	557	
3	0	0	0	0	456	555	
4	0	0	0	0	451	555	
5	0	0	0	0	447	557	
6	0	0	0	0	446	561	
7	0	0	0	0	447	561	
8	0	0	0	0	447	562	
9	0	0	0	0	443	561	
10	0	0	0	0	440	560	
11	0	0	0	0	440	560	
12	0	0	0	0	441	560	
13	0	0	0	0	443	562	
14	0	0	0	0	441	567	
15	0	0	0	0	437	576	
0	0	0	0	0	434	584	
1	0	0	0	0	430	591	
2	0	0	0	0	426	597	
3	0	0	0	0	427	603	
4	0	0	0	0	427	606	
5	0	0	0	0	428	604	
6	0	0	0	0	431	602	
7	0	0	0	0	431	595	
8	0	0	0	0	427	588	
9	0	0	0	0	425	582	
10	0	0	0	0	424	576	
11	0	0	0	0	425	572	
12	0	0	0	0	425	569	
13	0	0	0	0	427	568	
14	0	0	0	0	432	565	
15	0	0	0	0	435	560	
0	0	0	0	0	435	551	
1	0	0	0	0	432	543	
2	0	0	0	0	428	540	
3	0	0	0	0	428	537	
4	0	0	0	0	424	537	
5	0	0	0	0	423	537	
6	0	0	0	0	423	540	
7	0	0	0	0	426	543	
8	0	0	0	0	430	544	
9	0	0	0	0	432	548	
10	0	0	0	0	431	553	
11	0	0	0	0	428	559	
12	0	0	0	0	427	558	
13	0	0	0	0	434	560	
14	0	0	0	0	441	559	
15	0	0	0	0	444	555	
0	0	0	0	0	446	551	
1	0	0	0	0	444	550	
2	0	0	0	0	440	547	
3	0	0	0	0	433	544	
4	0	0	0	0	424	540	
5	0	0	0	0	415	535	
6	0	0	0	0	407	531	
7	0	0	0	0	402	528	
8	0	0	0	0	399	524	
9	0	0	0	0	401	521	
10	0	0	0	0	408	524	
11	0	0	0	0	416	525	
12	0	0	0	0	428	522	
13	0	0	0	0	437	524	
14	0	0	0	0	443	525	
15	0	0	0	0	445	523	
0	0	0	0	0	446	521	
1	0	0	0	0	445	518	
2	0	0	0	0	443	519	
3	0	0	0	0	441	520	
4	0	0	0	0	439	525	
5	0	0	0	0	437	537	
6	0	0	0	0	438	542	
7	0	0	0	0	439	543	
8	0	0	0	0	443	543	
9	0	0	0	0	445	543	
10	0	0	0	0	447	543	
11	0	0	0	0	447	543	
12	0	0	0	0	446	543	
13	0	0	0	0	441	544	
14	0	0	0	0	436	543	
15	0	0	0	0	432	538	
0	0	0	0	0	427	533	
1	0	0	0	0	424	527	
2	0	0	0	0	422	523	
3	0	0	0	0	420	516	
4	0	0	0	0	418	513	
5	0	0	0	0	417	513	
6	0	0	0	0	417	518	
7	0	0	0	0	415	522	
8	0	0	0	0	413	519	
9	0	0	0	0	413	513	
10	0	0	0	0	412	507	
11	0	0	0	0	414	499	
12	0	0	0	0	414	493	
13	0	0	0	0	415	488	
14	0	0	0	0	418	487	
15	0	0	0	0	423	490	
0	0	0	0	0	429	496	
1	0	0	0	0	438	499	
2	0	0	0	0	447	509	
3	0	0	0	0	451	516	
4	0	0	0	0	452	522	
5	0	0	0	0	451	525	
6	0	0	0	0	451	522	
7	0	0	0	0	451	518	
8	0	0	0	0	452	517	
9	0	0	0	0	455	518	
10	0	0	0	0	460	520	
11	0	0	0	0	467	520	
12	0	0	0	0	474	518	
13	0	0	0	0	482	514	
14	0	0	0	0	485	512	
15	0	0	0	0	489	508	
0	0	0	0	0	492	504	
1	0	0	0	0	496	505	
2	0	0	0	0	500	504	
3	0	0	0	0	505	504	
4	0	0	0	0	508	504	
5	0	0	0	0	508	505	
6	0	0	0	0	511	504	
7	0	0	0	0	514	504	
8	0	0	0	0	516	503	
9	0	0	0	0	515	504	
10	0	0	0	0	513	505	
11	0	0	0	0	510	504	
12	0	0	0	0	502	502	
13	0	0	0	0	494	497	
14	0	0	0	0	489	493	
15	0	0	0	0	483	488	
0	0	0	0	0	478	481	
1	0	0	0	0	475	474	
2	0	0	0	0	474	467	
3	0	0	0	0	471	463	
4	0	0	0	0	465	463	
5	0	0	0	0	454	467	
6	0	0	0	0	440	472	
7	0	0	0	0	430	480	
8	0	0	0	0	420	487	
9	0	0	0	0	413	497	
10	0	0	0	0	408	501	
11	0	0	0	0	408	502	
12	0	0	0	0	412	501	
13	0	0	0	0	416	499	
14	0	0	0	0	420	499	
15	0	0	0	0	424	499	
0	0	0	0	0	432	497	
1	0	0	0	0	440	496	
2	0	0	0	0	447	493	
3	0	0	0	0	455	495	
4	0	0	0	0	459	498	
5	0	0	0	0	464	499	
6	0	0	0	0	466	499	
7	0	0	0	0	470	500	
8	0	0	0	0	475	504	
9	0	0	0	0	485	508	
10	0	0	0	0	489	515	
11	0	0	0	0	493	521	
12	0	0	0	0	495	525	
13	0	0	0	0	492	523	
14	0	0	0	0	490	519	
15	0	0	0	0	484	515	
0	0	0	0	0	480	513	
1	0	0	0	0	476	511	
2	0	0	0	0	471	509	
3	0	0	0	0	462	511	
4	0	0	0	0	459	512	
5	0	0	0	0	457	511	
6	0	0	0	0	462	512	
7	0	0	0	0	463	512	
8	0	0	0	0	460	513	
9	0	0	0	0	457	516	
10	0	0	0	0	456	520	
11	0	0	0	0	457	524	
12	0	0	0	0	461	532	
13	0	0	0	0	463	537	
14	0	0	0	0	465	541	
15	0	0	0	0	467	540	
0	0	0	0	0	468	539	
1	0	0	0	0	472	535	
2	0	0	0	0	478	531	
3	0	0	0	0	485	527	
4	0	0	0	0	491	527	
5	0	0	0	0	494	527	
6	0	0	0	0	494	529	
7	0	0	0	0	494	532	
8	0	0	0	0	491	535	
9	0	0	0	0	493	534	
10	0	0	0	0	495	531	
11	0	0	0	0	496	527	
12	0	0	0	0	498	523	
13	0	0	0	0	500	518	
14	0	0	0	0	503	511	
15	0	0	0	0	503	502	
0	0	0	0	0	500	499	
1	0	0	0	0	502	497	
2	0	0	0	0	507	498	
3	0	0	0	0	511	500	
4	0	0	0	0	512	505	
5	0	0	0	0	507	508	
6	0	0	0	0	502	513	
7	0	0	0	0	496	519	
8	0	0	0	0	491	523	
9	0	0	0	0	489	524	
10	0	0	0	0	487	524	
11	0	0	0	0	483	517	
12	0	0	0	0	483	515	
13	0	0	0	0	485	513	
14	0	0	0	0	490	514	
15	0	0	0	0	495	513	
0	0	0	0	0	501	514	
1	0	0	0	0	508	516	
2	0	0	0	0	517	515	
3	0	0	0	0	523	510	
4	0	0	0	0	530	500	
5	0	0	0	0	542	494	
6	0	0	0	0	551	493	
7	0	0	0	0	556	496	
8	0	0	0	0	556	500	
9	0	0	0	0	550	509	
10	0	0	0	0	545	513	
11	0	0	0	0	539	515	
12	0	0	0	0	529	513	
13	0	0	0	0	519	509	
14	0	0	0	0	511	502	
15	0	0	0	0	504	494	
0	0	0	0	0	502	489	
1	0	0	0	0	500	489	
2	0	0	0	0	496	488	
3	0	0	0	0	496	491	
4	0	0	0	0	497	499	
5	0	0	0	0	498	506	
6	0	0	0	0	498	518	
7	0	0	0	0	497	531	
8	0	0	0	0	496	541	
9	0	0	0	0	496	547	
10	0	0	0	0	496	553	
11	0	0	0	0	502	561	
12	0	0	0	0	504	566	
13	0	0	0	0	504	569	
14	0	0	0	0	507	572	
15	0	0	0	0	508	574	
0	0	0	0	0	511	572	
1	0	0	0	0	512	567	
2	0	0	0	0	516	558	
3	0	0	0	0	524	551	
4	0	0	0	0	527	548	
5	0	0	0	0	526	548	
6	0	0	0	0	522	548	
7	0	0	0	0	518	552	
8	0	0	0	0	512	557	
9	0	0	0	0	504	564	
10	0	0	0	0	495	575	
11	0	0	0	0	486	580	
12	0	0	0	0	477	580	
13	0	0	0	0	475	579	
14	0	0	0	0	478	571	
15	0	0	0	0	483	568	
0	0	0	0	0	491	564	
1	0	0	0	0	495	556	
2	0	0	0	0	502	550	
3	0	0	0	0	508	545	
4	0	0	0	0	512	541	
5	0	0	0	0	513	540	
6	0	0	0	0	519	539	
7	0	0	0	0	526	540	
8	0	0	0	0	536	538	
9	0	0	0	0	547	536	
10	0	0	0	0	555	537	
11	0	0	0	0	559	540	
12	0	0	0	0	560	537	
13	0	0	0	0	558	533	
14	0	0	0	0	548	531	
15	0	0	0	0	537	531	
0	0	0	0	0	531	528	
1	0	0	0	0	527	530	
2	0	0	0	0	524	534	
3	0	0	0	0	521	535	
4	0	0	0	0	520	535	
5	0	0	0	0	526	534	
6	0	0	0	0	531	531	
7	0	0	0	0	534	529	
8	0	0	0	0	531	527	
9	0	0	0	0	526	527	
10	0	0	0	0	519	528	
11	0	0	0	0	510	530	
12	0	0	0	0	503	534	
13	0	0	0	0	495	536	
14	0	0	0	0	485	539	
15	0	0	0	0	478	541	
0	0	0	0	0	475	545	
1	0	0	0	0	475	546	
2	0	0	0	0	479	547	
3	0	0	0	0	483	549	
4	0	0	0	0	486	550	
5	0	0	0	0	486	551	
6	0	0	0	0	483	550	
7	0	0	0	0	484	551	
8	0	0	0	0	486	551	
9	0	0	0	0	490	550	
10	0	0	0	0	493	548	
11	0	0	0	0	495	545	
12	0	0	0	0	494	537	
13	0	0	0	0	493	528	
14	0	0	0	0	492	521	
15	0	0	0	0	493	515	
0	0	0	0	0	496	513	
1	0	0	0	0	500	511	
2	0	0	0	0	504	509	
3	0	0	0	0	507	508	
4	0	0	0	0	507	513	
5	0	0	0	0	509	518	
6	0	0	0	0	514	525	
7	0	0	0	0	518	536	
8	0	0	0	0	518	543	
9	0	0	0	0	517	547	
10	0	0	0	0	512	547	
11	0	0	0	0	506	547	
12	0	0	0	0	503	541	
13	0	0	0	0	499	537	
14	0	0	0	0	499	535	
15	0	0	0	0	499	532	
0	0	0	0	0	499	532	
1	0	0	0	0	507	530	
2	0	0	0	0	515	526	
3	0	0	0	0	525	521	
4	0	0	0	0	533	515	
5	0	0	0	0	536	510	
6	0	0	0	0	537	507	
7	0	0	0	0	537	507	
8	0	0	0	0	535	508	
9	0	0	0	0	532	511	
10	0	0	0	0	529	515	
11	0	0	0	0	525	520	
12	0	0	0	0	523	526	
13	0	0	0	0	522	530	
14	0	0	0	0	521	535	
15	0	0	0	0	521	539	
0	0	0	0	0	521	541	
1	0	0	0	0	522	542	
2	0	0	0	0	521	546	
3	0	0	0	0	524	553	
4	0	0	0	0	528	559	
5	0	0	0	0	529	562	
6	0	0	0	0	528	561	
7	0	0	0	0	527	560	
8	0	0	0	0	527	556	
9	0	0	0	0	529	555	
10	0	0	0	0	531	551	
11	0	0	0	0	535	547	
12	0	0	0	0	541	543	
13	0	0	0	0	545	540	
14	0	0	0	0	544	539	
15	0	0	0	0	545	537	
0	0	0	0	0	548	535	
1	0	0	0	0	552	534	
2	0	0	0	0	556	530	
3	0	0	0	0	556	529	
4	0	0	0	0	551	528	
5	0	0	0	0	546	529	
6	0	0	0	0	539	531	
7	0	0	0	0	531	535	
8	0	0	0	0	528	538	
9	0	0	0	0	524	546	
10	0	0	0	0	522	557	
11	0	0	0	0	518	565	
12	0	0	0	0	515	570	
13	0	0	0	0	514	572	
14	0	0	0	0	518	568	
15	0	0	0	0	523	568	
0	0	0	0	0	526	567	
1	0	0	0	0	528	568	
2	0	0	0	0	527	568	
3	0	0	0	0	528	567	
4	0	0	0	0	531	566	
5	0	0	0	0	536	563	
6	0	0	0	0	542	559	
7	0	0	0	0	546	554	
8	0	0	0	0	551	550	
9	0	0	0	0	552	547	
10	0	0	0	0	551	543	
11	0	0	0	0	550	537	
12	0	0	0	0	545	534	
13	0	0	0	0	535	533	
14	0	0	0	0	522	534	
15	0	0	0	0	512	534	
0	0	0	0	0	505	532	
1	0	0	0	0	500	532	
2	0	0	0	0	496	534	
3	0	0	0	0	497	537	
4	0	0	0	0	501	541	
5	0	0	0	0	507	543	
6	0	0	0	0	515	550	
7	0	0	0	0	521	555	
8	0	0	0	0	527	558	
9	0	0	0	0	529	560	
10	0	0	0	0	530	562	
11	0	0	0	0	531	563	
12	0	0	0	0	534	563	
13	0	0	0	0	537	561	
14	0	0	0	0	541	560	
15	0	0	0	0	542	558	
0	0	0	0	0	541	558	
1	0	0	0	0	537	559	
2	0	0	0	0	533	564	
3	0	0	0	0	527	568	
4	0	0	0	0	524	566	
5	0	0	0	0	520	564	
6	0	0	0	0	518	557	
7	0	0	0	0	518	548	
8	0	0	0	0	521	543	
9	0	0	0	0	523	539	
10	0	0	0	0	527	536	
11	0	0	0	0	530	532	
12	0	0	0	0	530	534	
13	0	0	0	0	529	536	
14	0	0	0	0	527	536	
15	0	0	0	0	530	534	
0	0	0	0	0	532	534	
1	0	0	0	0	535	533	
2	0	0	0	0	539	531	
3	0	0	0	0	543	529	
4	0	0	0	0	545	527	
5	0	0	0	0	545	524	
6	0	0	0	0	542	522	
7	0	0	0	0	538	522	
8	0	0	0	0	535	524	
9	0	0	0	0	531	528	
10	0	0	0	0	530	535	
11	0	0	0	0	528	542	
12	0	0	0	0	528	547	
13	0	0	0	0	528	550	
14	0	0	0	0	529	553	
15	0	0	0	0	529	557	
0	0	0	0	0	530	565	
1	0	0	0	0	534	567	
2	0	0	0	0	540	562	
3	0	0	0	0	545	558	
4	0	0	0	0	553	551	
5	0	0	0	0	558	547	
6	0	0	0	0	560	545	
7	0	0	0	0	561	543	
8	0	0	0	0	561	539	
9	0	0	0	0	561	535	
10	0	0	0	0	566	533	
11	0	0	0	0	569	531	
12	0	0	0	0	572	530	
13	0	0	0	0	577	531	
14	0	0	0	0	583	527	
15	0	0	0	0	595	525	
0	0	0	0	0	603	523	
1	0	0	0	0	606	524	
2	0	0	0	0	609	528	
3	0	0	0	0	609	532	
4	0	0	0	0	608	537	
5	0	0	0	0	609	544	
6	0	0	0	0	610	551	
7	0	0	0	0	608	557	
8	0	0	0	0	601	554	
9	0	0	0	0	596	549	
10	0	0	0	0	592	542	
11	0	0	0	0	587	535	
12	0	0	0	0	584	524	
13	0	0	0	0	581	519	
14	0	0	0	0	578	515	
15	0	0	0	0	577	513	
0	0	0	0	0	578	514	
1	0	0	0	0	580	519	
2	0	0	0	0	583	519	
3	0	0	0	0	591	517	
4	0	0	0	0	598	517	
5	0	0	0	0	600	514	
6	0	0	0	0	600	510	
7	0	0	0	0	600	508	
8	0	0	0	0	601	506	
9	0	0	0	0	601	508	
10	0	0	0	0	601	511	
11	0	0	0	0	608	514	
12	0	0	0	0	615	515	
13	0	0	0	0	621	513	
14	0	0	0	0	623	510	
15	0	0	0	0	624	505	
0	0	0	0	0	625	504	
1	0	0	0	0	623	503	
2	0	0	0	0	623	502	
3	0	0	0	0	621	501	
4	0	0	0	0	618	503	
5	0	0	0	0	619	502	
6	0	0	0	0	621	499	
7	0	0	0	0	623	495	
8	0	0	0	0	624	491	
9	0	0	0	0	617	488	
10	0	0	0	0	607	489	
11	0	0	0	0	594	492	
12	0	0	0	0	582	493	
13	0	0	0	0	570	494	
14	0	0	0	0	560	492	
15	0	0	0	0	551	492	
0	0	0	0	0	542	494	
1	0	0	0	0	539	500	
2	0	0	0	0	535	507	
3	0	0	0	0	529	507	
4	0	0	0	0	524	501	
5	0	0	0	0	522	496	
6	0	0	0	0	520	490	
7	0	0	0	0	517	483	
8	0	0	0	0	514	476	
9	0	0	0	0	512	472	
10	0	0	0	0	512	469	
11	0	0	0	0	514	470	
12	0	0	0	0	517	472	
13	0	0	0	0	517	474	
14	0	0	0	0	521	475	
15	0	0	0	0	523	475	
0	0	0	0	0	524	472	
1	0	0	0	0	527	474	
2	0	0	0	0	531	476	
3	0	0	0	0	536	476	
4	0	0	0	0	543	477	
5	0	0	0	0	556	475	
6	0	0	0	0	568	472	
7	0	0	0	0	578	470	
8	0	0	0	0	586	470	
9	0	0	0	0	589	471	
10	0	0	0	0	589	472	
11	0	0	0	0	587	471	
12	0	0	0	0	582	471	
13	0	0	0	0	573	469	
14	0	0	0	0	563	469	
15	0	0	0	0	553	468	
0	0	0	0	0	546	464	
1	0	0	0	0	536	463	
2	0	0	0	0	526	462	
3	0	0	0	0	520	463	
4	0	0	0	0	514	470	
5	0	0	0	0	509	477	
6	0	0	0	0	506	480	
7	0	0	0	0	504	482	
8	0	0	0	0	504	479	
9	0	0	0	0	507	475	
10	0	0	0	0	509	469	
11	0	0	0	0	511	462	
12	0	0	0	0	516	464	
13	0	0	0	0	522	464	
14	0	0	0	0	527	463	
15	0	0	0	0	530	460	
0	0	0	0	0	535	456	
1	0	0	0	0	539	458	
2	0	0	0	0	541	465	
3	0	0	0	0	541	476	
4	0	0	0	0	542	488	
5	0	0	0	0	540	495	
6	0	0	0	0	542	500	
7	0	0	0	0	540	500	
8	0	0	0	0	540	498	
9	0	0	0	0	543	496	
10	0	0	0	0	547	495	
11	0	0	0	0	550	498	
12	0	0	0	0	552	503	
13	0	0	0	0	551	508	
14	0	0	0	0	546	513	
15	0	0	0	0	535	515	
0	0	0	0	0	524	516	
1	0	0	0	0	515	516	
2	0	0	0	0	510	514	
3	0	0	0	0	500	512	
4	0	0	0	0	493	508	
5	0	0	0	0	494	509	
6	0	0	0	0	497	513	
7	0	0	0	0	500	520	
8	0	0	0	0	504	526	
9	0	0	0	0	508	531	
10	0	0	0	0	513	532	
11	0	0	0	0	517	532	
12	0	0	0	0	517	531	
13	0	0	0	0	514	527	
14	0	0	0	0	512	521	
15	0	0	0	0	511	516	
0	0	0	0	0	508	510	
1	0	0	0	0	509	503	
2	0	0	0	0	513	496	
3	0	0	0	0	518	490	
4	0	0	0	0	515	491	
5	0	0	0	0	512	494	
6	0	0	0	0	511	504	
7	0	0	0	0	510	514	
8	0	0	0	0	508	520	
9	0	0	0	0	507	523	
10	0	0	0	0	510	519	
11	0	0	0	0	512	513	
12	0	0	0	0	514	507	
13	0	0	0	0	516	501	
14	0	0	0	0	519	497	
15	0	0	0	0	521	495	
0	0	0	0	0	523	492	
1	0	0	0	0	524	488	
2	0	0	0	0	524	487	
3	0	0	0	0	524	485	
4	0	0	0	0	525	483	
5	0	0	0	0	524	482	
6	0	0	0	0	523	481	
7	0	0	0	0	523	478	
8	0	0	0	0	522	474	
9	0	0	0	0	515	470	
10	0	0	0	0	508	466	
11	0	0	0	0	504	462	
12	0	0	0	0	502	459	
13	0	0	0	0	503	460	
14	0	0	0	0	502	460	
15	0	0	0	0	499	464	
0	0	0	0	0	495	473	
1	0	0	0	0	494	480	
2	0	0	0	0	494	487	
3	0	0	0	0	492	493	
4	0	0	0	0	497	492	
5	0	0	0	0	503	488	
6	0	0	0	0	510	483	
7	0	0	0	0	514	479	
8	0	0	0	0	516	476	
9	0	0	0	0	519	476	
10	0	0	0	0	517	479	
11	0	0	0	0	521	485	
12	0	0	0	0	526	491	
13	0	0	0	0	529	497	
14	0	0	0	0	532	506	
15	0	0	0	0	534	519	
0	0	0	0	0	539	527	
1	0	0	0	0	543	533	
2	0	0	0	0	542	536	
3	0	0	0	0	540	537	
4	0	0	0	0	536	536	
5	0	0	0	0	532	535	
6	0	0	0	0	529	531	
7	0	0	0	0	525	523	
8	0	0	0	0	524	512	
9	0	0	0	0	525	507	
10	0	0	0	0	529	505	
11	0	0	0	0	536	503	
12	0	0	0	0	545	502	
13	0	0	0	0	554	504	
14	0	0	0	0	559	504	
15	0	0	0	0	562	504	
0	0	0	0	0	567	501	
1	0	0	0	0	570	498	
2	0	0	0	0	566	491	
3	0	0	0	0	558	485	
4	0	0	0	0	546	478	
5	0	0	0	0	534	474	
6	0	0	0	0	520	468	
7	0	0	0	0	510	463	
8	0	0	0	0	504	459	
9	0	0	0	0	501	457	
10	0	0	0	0	500	456	
11	0	0	0	0	504	456	
12	0	0	0	0	508	461	
13	0	0	0	0	514	466	
14	0	0	0	0	518	469	
15	0	0	0	0	523	473	
0	0	0	0	0	527	476	
1	0	0	0	0	532	480	
2	0	0	0	0	539	484	
3	0	0	0	0	544	486	
4	0	0	0	0	551	483	
5	0	0	0	0	557	480	
6	0	0	0	0	563	479	
7	0	0	0	0	567	480	
8	0	0	0	0	568	478	
9	0	0	0	0	572	477	
10	0	0	0	0	576	476	
11	0	0	0	0	580	480	
12	0	0	0	0	577	488	
13	0	0	0	0	569	496	
14	0	0	0	0	556	502	
15	0	0	0	0	540	508	
0	0	0	0	0	526	518	
1	0	0	0	0	513	524	
2	0	0	0	0	506	530	
3	0	0	0	0	503	536	
4	0	0	0	0	500	539	
5	0	0	0	0	497	543	
6	0	0	0	0	496	549	
7	0	0	0	0	501	554	
8	0	0	0	0	504	560	
9	0	0	0	0	502	565	
10	0	0	0	0	495	568	
11	0	0	0	0	483	572	
12	0	0	0	0	468	577	
13	0	0	0	0	453	587	
14	0	0	0	0	444	591	
15	0	0	0	0	440	595	
0	0	0	0	0	440	595	
1	0	0	0	0	444	593	
2	0	0	0	0	448	591	
3	0	0	0	0	448	590	
4	0	0	0	0	449	592	
5	0	0	0	0	451	595	
6	0	0	0	0	451	597	
7	0	0	0	0	454	598	
8	0	0	0	0	461	600	
9	0	0	0	0	470	601	
10	0	0	0	0	480	603	
11	0	0	0	0	487	605	
12	0	0	0	0	491	603	
13	0	0	0	0	493	598	
14	0	0	0	0	494	595	
15	0	0	0	0	492	593	
0	0	0	0	0	489	590	
1	0	0	0	0	489	590	
2	0	0	0	0	489	590	
3	0	0	0	0	486	591	
4	0	0	0	0	477	600	
5	0	0	0	0	469	609	
6	0	0	0	0	464	614	
7	0	0	0	0	459	614	
8	0	0	0	0	458	611	
9	0	0	0	0	454	604	
10	0	0	0	0	451	596	
11	0	0	0	0	448	588	
12	0	0	0	0	447	581	
13	0	0	0	0	451	576	
14	0	0	0	0	454	574	
15	0	0	0	0	458	572	
0	0	0	0	0	457	572	
1	0	0	0	0	458	573	
2	0	0	0	0	457	573	
3	0	0	0	0	454	572	
4	0	0	0	0	447	575	
5	0	0	0	0	439	576	
6	0	0	0	0	430	577	
7	0	0	0	0	425	578	
8	0	0	0	0	423	579	
9	0	0	0	0	425	579	
10	0	0	0	0	427	578	
11	0	0	0	0	428	577	
12	0	0	0	0	427	573	
13	0	0	0	0	428	570	
14	0	0	0	0	427	565	
15	0	0	0	0	425	560	
0	0	0	0	0	423	555	
1	0	0	0	0	423	555	
2	0	0	0	0	422	557	
3	0	0	0	0	423	563	
4	0	0	0	0	428	571	
5	0	0	0	0	431	580	
6	0	0	0	0	436	584	
7	0	0	0	0	446	585	
8	0	0	0	0	454	583	
9	0	0	0	0	456	576	
10	0	0	0	0	459	573	
11	0	0	0	0	462	569	
12	0	0	0	0	463	565	
13	0	0	0	0	464	558	
14	0	0	0	0	465	548	
15	0	0	0	0	469	538	
0	0	0	0	0	473	531	
1	0	0	0	0	475	531	
2	0	0	0	0	476	537	
3	0	0	0	0	478	542	
4	0	0	0	0	473	547	
5	0	0	0	0	468	553	
6	0	0	0	0	462	560	
7	0	0	0	0	455	565	
8	0	0	0	0	449	567	
9	0	0	0	0	441	563	
10	0	0	0	0	435	563	
11	0	0	0	0	432	559	
12	0	0	0	0	433	561	
13	0	0	0	0	429	566	
14	0	0	0	0	428	567	
15	0	0	0	0	428	576	
0	0	0	0	0	429	581	
1	0	0	0	0	433	588	
2	0	0	0	0	439	591	
3	0	0	0	0	442	592	
4	0	0	0	0	447	593	
5	0	0	0	0	453	595	
6	0	0	0	0	455	594	
7	0	0	0	0	457	597	
8	0	0	0	0	455	593	
9	0	0	0	0	451	589	
10	0	0	0	0	449	584	
11	0	0	0	0	446	577	
12	0	0	0	0	445	575	
13	0	0	0	0	446	567	
14	0	0	0	0	451	561	
15	0	0	0	0	453	557	
0	0	0	0	0	455	557	
1	0	0	0	0	455	559	
2	0	0	0	0	454	563	
3	0	0	0	0	451	569	
4	0	0	0	0	450	571	
5	0	0	0	0	448	566	
6	0	0	0	0	454	563	
7	0	0	0	0	459	561	
8	0	0	0	0	463	560	
9	0	0	0	0	468	563	
10	0	0	0	0	472	564	
11	0	0	0	0	473	565	
12	0	0	0	0	473	564	
13	0	0	0	0	475	560	
14	0	0	0	0	475	555	
15	0	0	0	0	476	548	
0	0	0	0	0	477	546	
1	0	0	0	0	478	546	
2	0	0	0	0	477	544	
3	0	0	0	0	478	540	
4	0	0	0	0	480	536	
5	0	0	0	0	485	531	
6	0	0	0	0	495	526	
7	0	0	0	0	501	517	
8	0	0	0	0	506	510	
9	0	0	0	0	507	507	
10	0	0	0	0	506	503	
11	0	0	0	0	504	494	
12	0	0	0	0	502	485	
13	0	0	0	0	497	478	
14	0	0	0	0	491	476	
15	0	0	0	0	485	476	
0	0	0	0	0	476	476	
1	0	0	0	0	468	478	
2	0	0	0	0	466	480	
3	0	0	0	0	463	484	
4	0	0	0	0	461	492	
5	0	0	0	0	460	499	
6	0	0	0	0	460	503	
7	0	0	0	0	462	503	
8	0	0	0	0	465	505	
9	0	0	0	0	473	515	
10	0	0	0	0	483	527	
11	0	0	0	0	490	539	
12	0	0	0	0	496	544	
13	0	0	0	0	501	547	
14	0	0	0	0	507	550	
15	0	0	0	0	507	552	
0	0	0	0	0	510	560	
1	0	0	0	0	509	563	
2	0	0	0	0	507	563	
3	0	0	0	0	505	558	
4	0	0	0	0	504	555	
5	0	0	0	0	499	553	
6	0	0	0	0	494	553	
7	0	0	0	0	485	555	
8	0	0	0	0	480	557	
9	0	0	0	0	477	561	
10	0	0	0	0	476	564	
11	0	0	0	0	477	566	
12	0	0	0	0	480	567	
13	0	0	0	0	486	569	
14	0	0	0	0	490	570	
15	0	0	0	0	495	574	
0	0	0	0	0	499	578	
1	0	0	0	0	505	575	
2	0	0	0	0	511	568	
3	0	0	0	0	516	560	
4	0	0	0	0	521	553	
5	0	0	0	0	526	544	
6	0	0	0	0	529	533	
7	0	0	0	0	532	526	
8	0	0	0	0	532	523	
9	0	0	0	0	531	518	
10	0	0	0	0	529	516	
11	0	0	0	0	526	522	
12	0	0	0	0	520	531	
13	0	0	0	0	517	534	
14	0	0	0	0	515	528	
15	0	0	0	0	513	520	
0	0	0	0	0	511	511	
1	0	0	0	0	510	508	
2	0	0	0	0	507	506	
3	0	0	0	0	508	509	
4	0	0	0	0	508	515	
5	0	0	0	0	509	524	
6	0	0	0	0	510	531	
7	0	0	0	0	513	542	
8	0	0	0	0	518	551	
9	0	0	0	0	525	550	
10	0	0	0	0	532	546	
11	0	0	0	0	540	545	
12	0	0	0	0	545	543	
13	0	0	0	0	549	540	
14	0	0	0	0	551	536	
15	0	0	0	0	550	534	
0	0	0	0	0	549	530	
1	0	0	0	0	550	525	
2	0	0	0	0	548	521	
3	0	0	0	0	543	517	
4	0	0	0	0	536	509	
5	0	0	0	0	527	505	
6	0	0	0	0	519	505	
7	0	0	0	0	514	508	
8	0	0	0	0	512	507	
9	0	0	0	0	512	504	
10	0	0	0	0	515	500	
11	0	0	0	0	519	498	
12	0	0	0	0	525	495	
13	0	0	0	0	529	492	
14	0	0	0	0	533	492	
15	0	0	0	0	534	495	
0	0	0	0	0	531	493	
1	0	0	0	0	530	492	
2	0	0	0	0	529	497	
3	0	0	0	0	525	507	
4	0	0	0	0	518	517	
5	0	0	0	0	513	524	
6	0	0	0	0	512	527	
7	0	0	0	0	512	524	
8	0	0	0	0	514	517	
9	0	0	0	0	519	506	
10	0	0	0	0	519	493	
11	0	0	0	0	517	482	
12	0	0	0	0	517	475	
13	0	0	0	0	516	470	
14	0	0	0	0	515	469	
15	0	0	0	0	514	469	
0	0	0	0	0	511	470	
1	0	0	0	0	508	471	
2	0	0	0	0	508	468	
3	0	0	0	0	509	464	
4	0	0	0	0	508	460	
5	0	0	0	0	509	456	
6	0	0	0	0	511	453	
7	0	0	0	0	511	451	
8	0	0	0	0	510	450	
9	0	0	0	0	511	444	
10	0	0	0	0	511	439	
11	0	0	0	0	507	431	
12	0	0	0	0	505	423	
13	0	0	0	0	507	419	
14	0	0	0	0	510	420	
15	0	0	0	0	512	425	
0	0	0	0	0	513	430	
1	0	0	0	0	515	441	
2	0	0	0	0	517	451	
3	0	0	0	0	521	460	
4	0	0	0	0	527	467	
5	0	0	0	0	532	475	
6	0	0	0	0	536	482	
7	0	0	0	0	541	488	
8	0	0	0	0	543	491	
9	0	0	0	0	545	495	
10	0	0	0	0	547	498	
11	0	0	0	0	551	499	
12	0	0	0	0	558	498	
13	0	0	0	0	565	493	
14	0	0	0	0	571	491	
15	0	0	0	0	575	492	
0	0	0	0	0	576	497	
1	0	0	0	0	574	499	
2	0	0	0	0	574	497	
3	0	0	0	0	572	496	
4	0	0	0	0	568	495	
5	0	0	0	0	566	496	
6	0	0	0	0	564	497	
7	0	0	0	0	561	496	
8	0	0	0	0	562	497	
9	0	0	0	0	559	502	
10	0	0	0	0	550	508	
11	0	0	0	0	536	510	
12	0	0	0	0	521	509	
13	0	0	0	0	507	507	
14	0	0	0	0	496	502	
15	0	0	0	0	492	498	
0	0	0	0	0	491	495	
1	0	0	0	0	489	495	
2	0	0	0	0	484	500	
3	0	0	0	0	483	505	
4	0	0	0	0	483	512	
5	0	0	0	0	486	516	
6	0	0	0	0	488	515	
7	0	0	0	0	490	511	
8	0	0	0	0	492	502	
9	0	0	0	0	494	494	
10	0	0	0	0	498	484	
11	0	0	0	0	507	478	
12	0	0	0	0	518	475	
13	0	0	0	0	532	473	
14	0	0	0	0	543	472	
15	0	0	0	0	554	471	
0	0	0	0	0	562	468	
1	0	0	0	0	563	465	
2	0	0	0	0	558	459	
3	0	0	0	0	552	454	
4	0	0	0	0	550	453	
5	0	0	0	0	546	458	
6	0	0	0	0	539	465	
7	0	0	0	0	536	473	
8	0	0	0	0	534	482	
9	0	0	0	0	529	486	
10	0	0	0	0	524	487	
11	0	0	0	0	518	486	
12	0	0	0	0	508	486	
13	0	0	0	0	502	483	
14	0	0	0	0	495	484	
15	0	0	0	0	488	487	
0	0	0	0	0	485	489	
1	0	0	0	0	485	492	
2	0	0	0	0	485	492	
3	0	0	0	0	487	491	
4	0	0	0	0	490	488	
5	0	0	0	0	493	489	
6	0	0	0	0	489	492	
7	0	0	0	0	489	494	
8	0	0	0	0	485	495	
9	0	0	0	0	479	496	
10	0	0	0	0	478	495	
11	0	0	0	0	481	492	
12	0	0	0	0	487	489	
13	0	0	0	0	490	485	
14	0	0	0	0	490	480	
15	0	0	0	0	492	478	
0	0	0	0	0	491	478	
1	0	0	0	0	491	478	
2	0	0	0	0	489	476	
3	0	0	0	0	491	475	
4	0	0	0	0	490	474	
5	0	0	0	0	488	473	
6	0	0	0	0	483	473	
7	0	0	0	0	480	470	
8	0	0	0	0	479	465	
9	0	0	0	0	478	462	
10	0	0	0	0	479	463	
11	0	0	0	0	479	463	
12	0	0	0	0	478	462	
13	0	0	0	0	476	461	
14	0	0	0	0	478	463	
15	0	0	0	0	477	467	
0	0	0	0	0	479	470	
1	0	0	0	0	485	480	
2	0	0	0	0	489	488	
3	0	0	0	0	496	492	
4	0	0	0	0	500	499	
5	0	0	0	0	508	508	
6	0	0	0	0	511	510	
7	0	0	0	0	520	511	
8	0	0	0	0	530	509	
9	0	0	0	0	535	502	
10	0	0	0	0	538	493	
11	0	0	0	0	537	483	
12	0	0	0	0	536	477	
13	0	0	0	0	534	472	
14	0	0	0	0	531	469	
15	0	0	0	0	528	465	
0	0	0	0	0	527	463	
1	0	0	0	0	525	460	
2	0	0	0	0	520	455	
3	0	0	0	0	516	452	
4	0	0	0	0	514	451	
5	0	0	0	0	514	454	
6	0	0	0	0	514	460	
7	0	0	0	0	515	468	
8	0	0	0	0	514	477	
9	0	0	0	0	512	484	
10	0	0	0	0	507	490	
11	0	0	0	0	501	492	
12	0	0	0	0	496	499	
13	0	0	0	0	492	503	
14	0	0	0	0	487	500	
15	0	0	0	0	487	502	
0	0	0	0	0	487	501	
1	0	0	0	0	486	498	
2	0	0	0	0	483	492	
3	0	0	0	0	480	486	
4	0	0	0	0	477	483	
5	0	0	0	0	475	483	
6	0	0	0	0	473	479	
7	0	0	0	0	470	478	
8	0	0	0	0	467	470	
9	0	0	0	0	463	464	
10	0	0	0	0	463	459	
11	0	0	0	0	468	451	
12	0	0	0	0	472	448	
13	0	0	0	0	474	449	
14	0	0	0	0	479	452	
15	0	0	0	0	486	454	
0	0	0	0	0	494	456	
1	0	0	0	0	502	462	
2	0	0	0	0	508	465	
3	0	0	0	0	512	467	
4	0	0	0	0	515	469	
5	0	0	0	0	519	473	
6	0	0	0	0	523	475	
7	0	0	0	0	523	472	
8	0	0	0	0	523	468	
9	0	0	0	0	519	465	
10	0	0	0	0	514	461	
11	0	0	0	0	511	455	
12	0	0	0	0	507	450	
13	0	0	0	0	506	446	
14	0	0	0	0	504	447	
15	0	0	0	0	505	454	
0	0	0	0	0	509	464	
1	0	0	0	0	515	473	
2	0	0	0	0	523	482	
3	0	0	0	0	528	489	
4	0	0	0	0	532	492	
5	0	0	0	0	538	494	
6	0	0	0	0	542	498	
7	0	0	0	0	542	500	
8	0	0	0	0	539	499	
9	0	0	0	0	534	495	
10	0	0	0	0	528	490	
11	0	0	0	0	523	485	
12	0	0	0	0	516	480	
13	0	0	0	0	510	472	
14	0	0	0	0	503	459	
15	0	0	0	0	496	448	
0	0	0	0	0	489	439	
1	0	0	0	0	481	434	
2	0	0	0	0	475	433	
3	0	0	0	0	470	435	
4	0	0	0	0	464	441	
5	0	0	0	0	462	448	
6	0	0	0	0	461	454	
7	0	0	0	0	462	460	
8	0	0	0	0	462	465	
9	0	0	0	0	465	474	
10	0	0	0	0	466	482	
11	0	0	0	0	466	491	
12	0	0	0	0	469	497	
13	0	0	0	0	472	501	
14	0	0	0	0	475	505	
15	0	0	0	0	479	510	
0	0	0	0	0	483	512	
1	0	0	0	0	484	511	
2	0	0	0	0	488	509	
3	0	0	0	0	500	510	
4	0	0	0	0	511	507	
5	0	0	0	0	519	507	
6	0	0	0	0	526	510	
7	0	0	0	0	530	513	
8	0	0	0	0	529	519	
9	0	0	0	0	527	522	
10	0	0	0	0	526	526	
11	0	0	0	0	523	527	
12	0	0	0	0	523	525	
13	0	0	0	0	524	521	
14	0	0	0	0	521	515	
15	0	0	0	0	515	508	
0	0	0	0	0	505	499	
1	0	0	0	0	496	491	
2	0	0	0	0	491	486	
3	0	0	0	0	483	482	
4	0	0	0	0	476	478	
5	0	0	0	0	468	476	
6	0	0	0	0	460	476	
7	0	0	0	0	454	476	
8	0	0	0	0	450	479	
9	0	0	0	0	449	483	
10	0	0	0	0	451	492	
11	0	0	0	0	458	501	
12	0	0	0	0	467	514	
13	0	0	0	0	477	520	
14	0	0	0	0	486	522	
15	0	0	0	0	493	519	
0	0	0	0	0	502	513	
1	0	0	0	0	508	508	
2	0	0	0	0	512	509	
3	0	0	0	0	517	509	
4	0	0	0	0	520	510	
5	0	0	0	0	520	510	
6	0	0	0	0	526	512	
7	0	0	0	0	532	518	
8	0	0	0	0	538	522	
9	0	0	0	0	544	526	
10	0	0	0	0	551	536	
11	0	0	0	0	555	544	
12	0	0	0	0	556	551	
13	0	0	0	0	554	551	
14	0	0	0	0	549	543	
15	0	0	0	0	541	538	
0	0	0	0	0	532	535	
1	0	0	0	0	524	532	
2	0	0	0	0	516	528	
3	0	0	0	0	510	523	
4	0	0	0	0	503	518	
5	0	0	0	0	496	515	
6	0	0	0	0	491	509	
7	0	0	0	0	490	503	
8	0	0	0	0	493	499	
9	0	0	0	0	494	495	
10	0	0	0	0	496	490	
11	0	0	0	0	496	487	
12	0	0	0	0	495	492	
13	0	0	0	0	493	498	
14	0	0	0	0	494	504	
15	0	0	0	0	494	506	
0	0	0	0	0	496	513	
1	0	0	0	0	499	524	
2	0	0	0	0	504	534	
3	0	0	0	0	508	544	
4	0	0	0	0	513	549	
5	0	0	0	0	517	550	
6	0	0	0	0	523	549	
7	0	0	0	0	530	546	
8	0	0	0	0	538	543	
9	0	0	0	0	547	543	
10	0	0	0	0	546	545	
11	0	0	0	0	542	546	
12	0	0	0	0	535	545	
13	0	0	0	0	526	544	
14	0	0	0	0	515	542	
15	0	0	0	0	507	539	
0	0	0	0	0	503	537	
1	0	0	0	0	502	535	
2	0	0	0	0	505	531	
3	0	0	0	0	508	525	
4	0	0	0	0	513	515	
5	0	0	0	0	518	508	
6	0	0	0	0	529	507	
7	0	0	0	0	540	508	
8	0	0	0	0	549	516	
9	0	0	0	0	555	529	
10	0	0	0	0	558	547	
11	0	0	0	0	558	561	
12	0	0	0	0	560	573	
13	0	0	0	0	557	584	
14	0	0	0	0	552	589	
15	0	0	0	0	550	591	
0	0	0	0	0	546	592	
1	0	0	0	0	545	593	
2	0	0	0	0	546	594	
3	0	0	0	0	545	591	
4	0	0	0	0	545	589	
5	0	0	0	0	547	584	
6	0	0	0	0	552	577	
7	0	0	0	0	559	571	
8	0	0	0	0	568	566	
9	0	0	0	0	577	562	
10	0	0	0	0	584	561	
11	0	0	0	0	589	561	
12	0	0	0	0	591	563	
13	0	0	0	0	592	568	
14	0	0	0	0	591	573	
15	0	0	0	0	586	575	
0	0	0	0	0	580	574	
1	0	0	0	0	577	575	
2	0	0	0	0	571	579	
3	0	0	0	0	571	585	
4	0	0	0	0	572	593	
5	0	0	0	0	572	600	
6	0	0	0	0	572	602	
7	0	0	0	0	569	603	
8	0	0	0	0	565	603	
9	0	0	0	0	563	603	
10	0	0	0	0	563	603	
11	0	0	0	0	560	607	
12	0	0	0	0	557	607	
13	0	0	0	0	553	603	
14	0	0	0	0	552	596	
15	0	0	0	0	553	588	
0	0	0	0	0	555	582	
1	0	0	0	0	556	575	
2	0	0	0	0	556	567	
3	0	0	0	0	555	564	
4	0	0	0	0	556	564	
5	0	0	0	0	559	570	
6	0	0	0	0	563	576	
7	0	0	0	0	569	583	
8	0	0	0	0	573	587	
9	0	0	0	0	578	589	
10	0	0	0	0	582	590	
11	0	0	0	0	585	587	
12	0	0	0	0	589	583	
13	0	0	0	0	585	581	
14	0	0	0	0	582	581	
15	0	0	0	0	576	584	
0	0	0	0	0	573	586	
1	0	0	0	0	570	585	
2	0	0	0	0	567	580	
3	0	0	0	0	564	575	
4	0	0	0	0	560	568	
5	0	0	0	0	559	563	
6	0	0	0	0	561	558	
7	0	0	0	0	566	554	
8	0	0	0	0	570	551	
9	0	0	0	0	574	553	
10	0	0	0	0	577	557	
11	0	0	0	0	581	561	
12	0	0	0	0	584	563	
13	0	0	0	0	586	566	
14	0	0	0	0	585	570	
15	0	0	0	0	583	575	
0	0	0	0	0	582	583	
1	0	0	0	0	583	594	
2	0	0	0	0	584	603	
3	0	0	0	0	583	608	
4	0	0	0	0	580	610	
5	0	0	0	0	578	612	
6	0	0	0	0	574	615	
7	0	0	0	0	570	615	
8	0	0	0	0	563	614	
9	0	0	0	0	557	613	
10	0	0	0	0	553	612	
11	0	0	0	0	551	612	
12	0	0	0	0	549	611	
13	0	0	0	0	549	611	
14	0	0	0	0	550	608	
15	0	0	0	0	553	603	
0	0	0	0	0	554	595	
1	0	0	0	0	556	583	
2	0	0	0	0	557	568	
3	0	0	0	0	561	552	
4	0	0	0	0	569	536	
5	0	0	0	0	576	520	
6	0	0	0	0	581	507	
7	0	0	0	0	584	500	
8	0	0	0	0	588	495	
9	0	0	0	0	591	497	
10	0	0	0	0	591	500	
11	0	0	0	0	591	504	
12	0	0	0	0	597	508	
13	0	0	0	0	604	513	
14	0	0	0	0	606	517	
15	0	0	0	0	603	522	
0	0	0	0	0	598	524	
1	0	0	0	0	593	530	
2	0	0	0	0	585	531	
3	0	0	0	0	572	527	
4	0	0	0	0	556	525	
5	0	0	0	0	543	516	
6	0	0	0	0	533	510	
7	0	0	0	0	525	510	
8	0	0	0	0	520	513	
9	0	0	0	0	519	517	
10	0	0	0	0	521	519	
11	0	0	0	0	520	526	
12	0	0	0	0	521	536	
13	0	0	0	0	521	549	
14	0	0	0	0	522	557	
15	0	0	0	0	526	558	
0	0	0	0	0	530	553	
1	0	0	0	0	534	545	
2	0	0	0	0	535	537	
3	0	0	0	0	537	529	
4	0	0	0	0	539	525	
5	0	0	0	0	542	523	
6	0	0	0	0	547	524	
7	0	0	0	0	551	523	
8	0	0	0	0	558	523	
9	0	0	0	0	561	520	
10	0	0	0	0	559	517	
11	0	0	0	0	559	513	
12	0	0	0	0	558	510	
13	0	0	0	0	556	508	
14	0	0	0	0	553	504	
15	0	0	0	0	548	503	
0	0	0	0	0	541	501	
1	0	0	0	0	537	497	
2	0	0	0	0	530	491	
3	0	0	0	0	523	486	
4	0	0	0	0	515	484	
5	0	0	0	0	509	477	
6	0	0	0	0	504	468	
7	0	0	0	0	499	461	
8	0	0	0	0	499	457	
9	0	0	0	0	501	457	
10	0	0	0	0	502	460	
11	0	0	0	0	504	464	
12	0	0	0	0	503	468	
13	0	0	0	0	503	470	
14	0	0	0	0	501	471	
15	0	0	0	0	498	471	
0	0	0	0	0	500	473	
1	0	0	0	0	498	475	
2	0	0	0	0	495	479	
3	0	0	0	0	486	481	
4	0	0	0	0	479	481	
5	0	0	0	0	477	481	
6	0	0	0	0	473	480	
7	0	0	0	0	467	481	
8	0	0	0	0	463	481	
9	0	0	0	0	456	480	
10	0	0	0	0	449	482	
11	0	0	0	0	447	485	
12	0	0	0	0	445	489	
13	0	0	0	0	443	496	
14	0	0	0	0	442	504	
15	0	0	0	0	446	508	
0	0	0	0	0	450	514	
1	0	0	0	0	454	519	
2	0	0	0	0	455	524	
3	0	0	0	0	457	523	
4	0	0	0	0	460	516	
5	0	0	0	0	460	508	
6	0	0	0	0	460	504	
7	0	0	0	0	460	503	
8	0	0	0	0	462	504	
9	0	0	0	0	464	502	
10	0	0	0	0	463	499	
11	0	0	0	0	458	492	
12	0	0	0	0	452	489	
13	0	0	0	0	448	482	
14	0	0	0	0	447	473	
15	0	0	0	0	447	467	
0	0	0	0	0	451	463	
1	0	0	0	0	456	461	
2	0	0	0	0	457	461	
3	0	0	0	0	460	463	
4	0	0	0	0	462	469	
5	0	0	0	0	465	474	
6	0	0	0	0	471	479	
7	0	0	0	0	478	479	
8	0	0	0	0	483	481	
9	0	0	0	0	481	483	
10	0	0	0	0	477	486	
11	0	0	0	0	475	487	
12	0	0	0	0	475	489	
13	0	0	0	0	475	493	
14	0	0	0	0	475	497	
15	0	0	0	0	473	499	
0	0	0	0	0	473	503	
1	0	0	0	0	472	504	
2	0	0	0	0	470	504	
3	0	0	0	0	471	504	
4	0	0	0	0	478	500	
5	0	0	0	0	489	499	
6	0	0	0	0	497	497	
7	0	0	0	0	502	495	
8	0	0	0	0	506	492	
9	0	0	0	0	508	489	
10	0	0	0	0	507	491	
11	0	0	0	0	504	493	
12	0	0	0	0	500	493	
13	0	0	0	0	497	488	
14	0	0	0	0	491	486	
15	0	0	0	0	482	484	
0	0	0	0	0	479	482	
1	0	0	0	0	482	481	
2	0	0	0	0	489	479	
3	0	0	0	0	496	475	
4	0	0	0	0	500	470	
5	0	0	0	0	505	463	
6	0	0	0	0	509	460	
7	0	0	0	0	508	453	
8	0	0	0	0	511	444	
9	0	0	0	0	513	438	
10	0	0	0	0	515	436	
11	0	0	0	0	519	438	
12	0	0	0	0	524	444	
13	0	0	0	0	528	453	
14	0	0	0	0	529	459	
15	0	0	0	0	532	465	
0	0	0	0	0	532	473	
1	0	0	0	0	530	483	
2	0	0	0	0	526	487	
3	0	0	0	0	518	488	
4	0	0	0	0	509	486	
5	0	0	0	0	499	479	
6	0	0	0	0	496	471	
7	0	0	0	0	497	461	
8	0	0	0	0	501	453	
9	0	0	0	0	507	451	
10	0	0	0	0	516	448	
11	0	0	0	0	524	452	
12	0	0	0	0	531	457	
13	0	0	0	0	534	462	
14	0	0	0	0	534	467	
15	0	0	0	0	532	472	
0	0	0	0	0	531	474	
1	0	0	0	0	530	473	
2	0	0	0	0	527	475	
3	0	0	0	0	523	483	
4	0	0	0	0	518	491	
5	0	0	0	0	513	497	
6	0	0	0	0	508	502	
7	0	0	0	0	505	503	
8	0	0	0	0	507	501	
9	0	0	0	0	506	496	
10	0	0	0	0	508	488	
11	0	0	0	0	509	482	
12	0	0	0	0	511	483	
13	0	0	0	0	517	494	
14	0	0	0	0	525	515	
15	0	0	0	0	534	535	
0	0	0	0	0	539	540	
1	0	0	0	0	537	541	
2	0	0	0	0	531	545	
3	0	0	0	0	526	552	
4	0	0	0	0	521	559	
5	0	0	0	0	515	564	
6	0	0	0	0	512	567	
7	0	0	0	0	511	567	
8	0	0	0	0	509	566	
9	0	0	0	0	508	563	
10	0	0	0	0	503	558	
11	0	0	0	0	502	548	
12	0	0	0	0	504	540	
13	0	0	0	0	510	531	
14	0	0	0	0	514	525	
15	0	0	0	0	519	516	
0	0	0	0	0	521	506	
1	0	0	0	0	520	489	
2	0	0	0	0	522	472	
3	0	0	0	0	522	457	
4	0	0	0	0	520	441	
5	0	0	0	0	518	429	
6	0	0	0	0	514	420	
7	0	0	0	0	513	415	
8	0	0	0	0	512	413	
9	0	0	0	0	513	415	
10	0	0	0	0	513	419	
11	0	0	0	0	509	428	
12	0	0	0	0	503	439	
13	0	0	0	0	497	448	
14	0	0	0	0	495	463	
15	0	0	0	0	492	480	
0	0	0	0	0	490	498	
1	0	0	0	0	489	513	
2	0	0	0	0	487	521	
3	0	0	0	0	484	521	
4	0	0	0	0	480	520	
5	0	0	0	0	478	517	
6	0	0	0	0	479	511	
7	0	0	0	0	484	507	
8	0	0	0	0	493	503	
9	0	0	0	0	501	498	
10	0	0	0	0	502	492	
11	0	0	0	0	499	483	
12	0	0	0	0	497	476	
13	0	0	0	0	497	470	
14	0	0	0	0	496	473	
15	0	0	0	0	493	480	
0	0	0	0	0	491	487	
1	0	0	0	0	491	493	
2	0	0	0	0	488	500	
3	0	0	0	0	487	507	
4	0	0	0	0	488	515	
5	0	0	0	0	495	523	
6	0	0	0	0	500	527	
7	0	0	0	0	505	522	
8	0	0	0	0	512	512	
9	0	0	0	0	518	500	
10	0	0	0	0	519	495	
11	0	0	0	0	515	489	
12	0	0	0	0	505	486	
13	0	0	0	0	496	479	
14	0	0	0	0	487	467	
15	0	0	0	0	482	452	
0	0	0	0	0	480	438	
1	0	0	0	0	481	426	
2	0	0	0	0	476	418	
3	0	0	0	0	470	413	
4	0	0	0	0	468	413	
5	0	0	0	0	468	415	
6	0	0	0	0	471	415	
7	0	0	0	0	472	415	
8	0	0	0	0	473	415	
9	0	0	0	0	479	420	
10	0	0	0	0	486	426	
11	0	0	0	0	491	435	
12	0	0	0	0	497	443	
13	0	0	0	0	499	451	
14	0	0	0	0	494	459	
15	0	0	0	0	487	463	
0	0	0	0	0	480	467	
1	0	0	0	0	475	469	
2	0	0	0	0	470	472	
3	0	0	0	0	462	473	
4	0	0	0	0	451	478	
5	0	0	0	0	442	486	
6	0	0	0	0	440	492	
7	0	0	0	0	437	497	
8	0	0	0	0	439	500	
9	0	0	0	0	442	503	
10	0	0	0	0	444	507	
11	0	0	0	0	447	510	
12	0	0	0	0	451	516	
13	0	0	0	0	454	524	
14	0	0	0	0	458	527	
15	0	0	0	0	463	527	
0	0	0	0	0	466	526	
1	0	0	0	0	468	521	
2	0	0	0	0	470	515	
3	0	0	0	0	471	505	
4	0	0	0	0	471	502	
5	0	0	0	0	472	504	
6	0	0	0	0	474	511	
7	0	0	0	0	473	517	
8	0	0	0	0	472	518	
9	0	0	0	0	475	509	
10	0	0	0	0	478	500	
11	0	0	0	0	477	493	
12	0	0	0	0	475	490	
13	0	0	0	0	470	487	
14	0	0	0	0	467	489	
15	0	0	0	0	463	490	
0	0	0	0	0	461	491	
1	0	0	0	0	454	486	
2	0	0	0	0	447	478	
3	0	0	0	0	440	472	
4	0	0	0	0	435	473	
5	0	0	0	0	436	478	
6	0	0	0	0	440	491	
7	0	0	0	0	448	499	
8	0	0	0	0	455	509	
9	0	0	0	0	463	519	
10	0	0	0	0	474	525	
11	0	0	0	0	484	527	
12	0	0	0	0	493	527	
13	0	0	0	0	496	524	
14	0	0	0	0	493	522	
15	0	0	0	0	489	521	
0	0	0	0	0	483	522	
1	0	0	0	0	481	522	
2	0	0	0	0	480	523	
3	0	0	0	0	483	521	
4	0	0	0	0	485	515	
5	0	0	0	0	485	505	
6	0	0	0	0	484	495	
7	0	0	0	0	485	483	
8	0	0	0	0	486	473	
9	0	0	0	0	486	465	
10	0	0	0	0	486	461	
11	0	0	0	0	487	457	
12	0	0	0	0	488	456	
13	0	0	0	0	488	459	
14	0	0	0	0	483	465	
15	0	0	0	0	476	471	
0	0	0	0	0	472	480	
1	0	0	0	0	471	488	
2	0	0	0	0	471	496	
3	0	0	0	0	472	502	
4	0	0	0	0	475	505	
5	0	0	0	0	477	504	
6	0	0	0	0	475	503	
7	0	0	0	0	474	499	
8	0	0	0	0	479	497	
9	0	0	0	0	483	499	
10	0	0	0	0	487	499	
11	0	0	0	0	494	502	
12	0	0	0	0	497	500	
13	0	0	0	0	494	494	
14	0	0	0	0	488	484	
15	0	0	0	0	477	471	
0	0	0	0	0	468	460	
1	0	0	0	0	460	452	
2	0	0	0	0	454	446	
3	0	0	0	0	455	440	
4	0	0	0	0	457	435	
5	0	0	0	0	462	433	
6	0	0	0	0	464	431	
7	0	0	0	0	467	426	
8	0	0	0	0	470	421	
9	0	0	0	0	477	413	
10	0	0	0	0	486	408	
11	0	0	0	0	498	407	
12	0	0	0	0	509	408	
13	0	0	0	0	515	411	
14	0	0	0	0	517	416	
15	0	0	0	0	519	424	
0	0	0	0	0	517	430	
1	0	0	0	0	514	429	
2	0	0	0	0	512	427	
3	0	0	0	0	508	424	
4	0	0	0	0	501	423	
5	0	0	0	0	492	429	
6	0	0	0	0	483	435	
7	0	0	0	0	483	443	
8	0	0	0	0	487	451	
9	0	0	0	0	492	458	
10	0	0	0	0	496	464	
11	0	0	0	0	499	467	
12	0	0	0	0	502	465	
13	0	0	0	0	503	458	
14	0	0	0	0	501	449	
15	0	0	0	0	499	439	
0	0	0	0	0	495	429	
1	0	0	0	0	485	421	
2	0	0	0	0	473	416	
3	0	0	0	0	465	415	
4	0	0	0	0	456	418	
5	0	0	0	0	452	427	
6	0	0	0	0	451	434	
7	0	0	0	0	457	438	
8	0	0	0	0	468	440	
9	0	0	0	0	481	443	
10	0	0	0	0	493	444	
11	0	0	0	0	499	446	
12	0	0	0	0	508	448	
13	0	0	0	0	517	452	
14	0	0	0	0	524	454	
15	0	0	0	0	526	453	
0	0	0	0	0	527	450	
1	0	0	0	0	524	444	
2	0	0	0	0	519	442	
3	0	0	0	0	517	445	
4	0	0	0	0	518	454	
5	0	0	0	0	523	467	
6	0	0	0	0	527	475	
7	0	0	0	0	537	479	
8	0	0	0	0	545	473	
9	0	0	0	0	552	465	
10	0	0	0	0	561	461	
11	0	0	0	0	567	457	
12	0	0	0	0	571	457	
13	0	0	0	0	573	458	
14	0	0	0	0	572	462	
15	0	0	0	0	569	465	
0	0	0	0	0	563	464	
1	0	0	0	0	555	462	
2	0	0	0	0	548	459	
3	0	0	0	0	543	455	
4	0	0	0	0	539	455	
5	0	0	0	0	533	460	
6	0	0	0	0	526	458	
7	0	0	0	0	519	458	
8	0	0	0	0	515	462	
9	0	0	0	0	512	465	
10	0	0	0	0	511	467	
11	0	0	0	0	512	471	
12	0	0	0	0	513	476	
13	0	0	0	0	517	481	
14	0	0	0	0	520	487	
15	0	0	0	0	524	488	
0	0	0	0	0	526	486	
1	0	0	0	0	524	481	
2	0	0	0	0	525	481	
3	0	0	0	0	527	483	
4	0	0	0	0	531	485	
5	0	0	0	0	536	485	
6	0	0	0	0	545	484	
7	0	0	0	0	553	480	
8	0	0	0	0	559	472	
9	0	0	0	0	566	468	
10	0	0	0	0	570	468	
11	0	0	0	0	568	475	
12	0	0	0	0	566	478	
13	0	0	0	0	566	485	
14	0	0	0	0	568	495	
15	0	0	0	0	571	503	
0	0	0	0	0	573	509	
1	0	0	0	0	575	514	
2	0	0	0	0	577	516	
3	0	0	0	0	580	512	
4	0	0	0	0	587	504	
5	0	0	0	0	592	491	
6	0	0	0	0	594	481	
7	0	0	0	0	596	476	
8	0	0	0	0	595	469	
9	0	0	0	0	595	471	
10	0	0	0	0	596	474	
11	0	0	0	0	594	481	
12	0	0	0	0	598	493	
13	0	0	0	0	601	508	
14	0	0	0	0	605	522	
15	0	0	0	0	608	530	
0	0	0	0	0	608	539	
1	0	0	0	0	608	540	
2	0	0	0	0	601	537	
3	0	0	0	0	591	534	
4	0	0	0	0	578	532	
5	0	0	0	0	568	529	
6	0	0	0	0	560	524	
7	0	0	0	0	553	515	
8	0	0	0	0	547	510	
9	0	0	0	0	546	510	
10	0	0	0	0	549	513	
11	0	0	0	0	555	520	
12	0	0	0	0	565	526	
13	0	0	0	0	576	531	
14	0	0	0	0	587	533	
15	0	0	0	0	593	531	
0	0	0	0	0	599	530	
1	0	0	0	0	607	529	
2	0	0	0	0	614	531	
3	0	0	0	0	615	535	
4	0	0	0	0	617	538	
5	0	0	0	0	620	536	
6	0	0	0	0	623	532	
7	0	0	0	0	628	526	
8	0	0	0	0	636	522	
9	0	0	0	0	639	516	
10	0	0	0	0	651	513	
11	0	0	0	0	661	515	
12	0	0	0	0	664	521	
13	0	0	0	0	665	526	
14	0	0	0	0	664	535	
15	0	0	0	0	656	551	
0	0	0	0	0	647	567	
1	0	0	0	0	636	580	
2	0	0	0	0	623	590	
3	0	0	0	0	607	592	
4	0	0	0	0	596	593	
5	0	0	0	0	586	592	
6	0	0	0	0	582	589	
7	0	0	0	0	578	583	
8	0	0	0	0	577	578	
9	0	0	0	0	576	573	
10	0	0	0	0	576	569	
11	0	0	0	0	577	568	
12	0	0	0	0	579	568	
13	0	0	0	0	579	566	
14	0	0	0	0	583	565	
15	0	0	0	0	588	563	
0	0	0	0	0	594	556	
1	0	0	0	0	600	547	
2	0	0	0	0	601	538	
3	0	0	0	0	600	534	
4	0	0	0	0	600	533	
5	0	0	0	0	598	531	
6	0	0	0	0	599	520	
7	0	0	0	0	600	506	
8	0	0	0	0	601	494	
9	0	0	0	0	603	484	
10	0	0	0	0	606	473	
11	0	0	0	0	607	465	
12	0	0	0	0	607	469	
13	0	0	0	0	607	480	
14	0	0	0	0	609	496	
15	0	0	0	0	612	512	
0	0	0	0	0	615	529	
1	0	0	0	0	618	540	
2	0	0	0	0	622	547	
3	0	0	0	0	625	547	
4	0	0	0	0	624	542	
5	0	0	0	0	624	537	
6	0	0	0	0	620	532	
7	0	0	0	0	615	531	
8	0	0	0	0	611	531	
9	0	0	0	0	604	531	
10	0	0	0	0	591	534	
11	0	0	0	0	579	540	
12	0	0	0	0	574	545	
13	0	0	0	0	578	554	
14	0	0	0	0	585	559	
15	0	0	0	0	596	563	
0	0	0	0	0	614	563	
1	0	0	0	0	633	560	
2	0	0	0	0	647	551	
3	0	0	0	0	655	543	
4	0	0	0	0	662	536	
5	0	0	0	0	665	527	
6	0	0	0	0	670	515	
7	0	0	0	0	668	504	
8	0	0	0	0	664	489	
9	0	0	0	0	660	475	
10	0	0	0	0	651	462	
11	0	0	0	0	645	451	
12	0	0	0	0	641	446	
13	0	0	0	0	639	444	
14	0	0	0	0	638	441	
15	0	0	0	0	639	435	
0	0	0	0	0	639	432	
1	0	0	0	0	641	430	
2	0	0	0	0	646	432	
3	0	0	0	0	656	438	
4	0	0	0	0	663	450	
5	0	0	0	0	670	459	
6	0	0	0	0	678	465	
7	0	0	0	0	686	463	
8	0	0	0	0	692	460	
9	0	0	0	0	692	451	
10	0	0	0	0	688	444	
11	0	0	0	0	687	430	
12	0	0	0	0	685	423	
13	0	0	0	0	686	411	
14	0	0	0	0	687	399	
15	0	0	0	0	688	386	
0	0	0	0	0	688	371	
1	0	0	0	0	690	367	
2	0	0	0	0	691	361	
3	0	0	0	0	690	352	
4	0	0	0	0	688	355	
5	0	0	0	0	685	356	
6	0	0	0	0	679	364	
7	0	0	0	0	672	371	
8	0	0	0	0	664	373	
9	0	0	0	0	662	382	
10	0	0	0	0	663	387	
11	0	0	0	0	662	398	
12	0	0	0	0	664	409	
13	0	0	0	0	667	419	
14	0	0	0	0	667	432	
15	0	0	0	0	664	438	
0	0	0	0	0	655	440	
1	0	0	0	0	644	439	
2	0	0	0	0	636	436	
3	0	0	0	0	630	435	
4	0	0	0	0	626	433	
5	0	0	0	0	622	428	
6	0	0	0	0	613	427	
7	0	0	0	0	605	423	
8	0	0	0	0	595	426	
9	0	0	0	0	591	430	
10	0	0	0	0	590	435	
11	0	0	0	0	593	440	
12	0	0	0	0	595	448	
13	0	0	0	0	596	454	
14	0	0	0	0	598	457	
15	0	0	0	0	598	459	
0	0	0	0	0	598	460	
1	0	0	0	0	591	459	
2	0	0	0	0	587	457	
3	0	0	0	0	577	459	
4	0	0	0	0	567	460	
5	0	0	0	0	556	460	
6	0	0	0	0	542	464	
7	0	0	0	0	532	470	
8	0	0	0	0	518	476	
9	0	0	0	0	504	476	
10	0	0	0	0	492	475	
11	0	0	0	0	480	468	
12	0	0	0	0	471	460	
13	0	0	0	0	465	449	
14	0	0	0	0	457	435	
15	0	0	0	0	455	425	
0	0	0	0	0	459	415	
1	0	0	0	0	464	412	
2	0	0	0	0	471	413	
3	0	0	0	0	481	424	
4	0	0	0	0	493	433	
5	0	0	0	0	504	442	
6	0	0	0	0	512	451	
7	0	0	0	0	513	461	
8	0	0	0	0	511	471	
9	0	0	0	0	508	481	
10	0	0	0	0	507	487	
11	0	0	0	0	506	495	
12	0	0	0	0	504	501	
13	0	0	0	0	508	513	
14	0	0	0	0	512	527	
15	0	0	0	0	518	539	
0	0	0	0	0	523	544	
1	0	0	0	0	528	542	
2	0	0	0	0	534	531	
3	0	0	0	0	535	525	
4	0	0	0	0	535	517	
5	0	0	0	0	532	505	
6	0	0	0	0	533	492	
7	0	0	0	0	530	480	
8	0	0	0	0	529	472	
9	0	0	0	0	526	470	
10	0	0	0	0	520	472	
11	0	0	0	0	515	477	
12	0	0	0	0	513	484	
13	0	0	0	0	509	491	
14	0	0	0	0	504	496	
15	0	0	0	0	496	502	
0	0	0	0	0	484	505	
1	0	0	0	0	473	508	
2	0	0	0	0	461	512	
3	0	0	0	0	451	515	
4	0	0	0	0	446	520	
5	0	0	0	0	441	524	
6	0	0	0	0	435	524	
7	0	0	0	0	431	521	
8	0	0	0	0	433	516	
9	0	0	0	0	435	517	
10	0	0	0	0	438	522	
11	0	0	0	0	440	527	
12	0	0	0	0	439	532	
13	0	0	0	0	440	540	
14	0	0	0	0	436	549	
15	0	0	0	0	432	558	
0	0	0	0	0	429	562	
1	0	0	0	0	425	566	
2	0	0	0	0	423	572	
3	0	0	0	0	421	583	
4	0	0	0	0	421	597	
5	0	0	0	0	420	614	
6	0	0	0	0	416	628	
7	0	0	0	0	411	637	
8	0	0	0	0	410	642	
9	0	0	0	0	415	643	
10	0	0	0	0	421	643	
11	0	0	0	0	427	651	
12	0	0	0	0	432	659	
13	0	0	0	0	434	668	
14	0	0	0	0	439	676	
15	0	0	0	0	441	685	
0	0	0	0	0	440	686	
1	0	0	0	0	437	687	
2	0	0	0	0	431	677	
3	0	0	0	0	421	665	
4	0	0	0	0	413	651	
5	0	0	0	0	410	640	
6	0	0	0	0	406	630	
7	0	0	0	0	399	624	
8	0	0	0	0	391	619	
9	0	0	0	0	385	618	
10	0	0	0	0	380	618	
11	0	0	0	0	376	617	
12	0	0	0	0	371	619	
13	0	0	0	0	362	620	
14	0	0	0	0	354	624	
15	0	0	0	0	348	631	
0	0	0	0	0	342	629	
1	0	0	0	0	337	629	
2	0	0	0	0	335	621	
3	0	0	0	0	337	625	
4	0	0	0	0	338	636	
5	0	0	0	0	339	653	
6	0	0	0	0	343	670	
7	0	0	0	0	349	679	
8	0	0	0	0	354	682	
9	0	0	0	0	359	685	
10	0	0	0	0	360	690	
11	0	0	0	0	356	692	
12	0	0	0	0	355	690	
13	0	0	0	0	352	690	
14	0	0	0	0	350	685	
15	0	0	0	0	350	679	
0	0	0	0	0	350	672	
1	0	0	0	0	350	667	
2	0	0	0	0	350	665	
3	0	0	0	0	352	666	
4	0	0	0	0	356	667	
5	0	0	0	0	357	669	
6	0	0	0	0	357	672	
7	0	0	0	0	356	672	
8	0	0	0	0	353	675	
9	0	0	0	0	348	678	
10	0	0	0	0	344	679	
11	0	0	0	0	339	672	
12	0	0	0	0	334	666	
13	0	0	0	0	329	662	
14	0	0	0	0	327	666	
15	0	0	0	0	327	665	
0	0	0	0	0	332	666	
1	0	0	0	0	337	666	
2	0	0	0	0	343	666	
3	0	0	0	0	349	669	
4	0	0	0	0	353	678	
5	0	0	0	0	363	684	
6	0	0	0	0	371	692	
7	0	0	0	0	379	693	
8	0	0	0	0	383	699	
9	0	0	0	0	384	706	
10	0	0	0	0	387	711	
11	0	0	0	0	389	718	
12	0	0	0	0	393	724	
13	0	0	0	0	393	734	
14	0	0	0	0	395	745	
15	0	0	0	0	398	752	
0	0	0	0	0	403	756	
1	0	0	0	0	403	760	
2	0	0	0	0	398	762	
3	0	0	0	0	388	766	
4	0	0	0	0	378	770	
5	0	0	0	0	369	775	
6	0	0	0	0	361	792	
7	0	0	0	0	352	810	
8	0	0	0	0	344	828	
9	0	0	0	0	339	847	
10	0	0	0	0	339	862	
11	0	0	0	0	339	871	
12	0	0	0	0	340	870	
13	0	0	0	0	337	861	
14	0	0	0	0	332	849	
15	0	0	0	0	323	829	
0	0	0	0	0	316	814	
1	0	0	0	0	311	803	
2	0	0	0	0	304	796	
3	0	0	0	0	297	793	
4	0	0	0	0	293	784	
5	0	0	0	0	295	781	
6	0	0	0	0	304	781	
7	0	0	0	0	313	781	
8	0	0	0	0	325	782	
9	0	0	0	0	334	782	
10	0	0	0	0	339	787	
11	0	0	0	0	337	792	
12	0	0	0	0	335	798	
13	0	0	0	0	334	805	
14	0	0	0	0	332	815	
15	0	0	0	0	327	825	
0	0	0	0	0	319	831	
1	0	0	0	0	314	831	
2	0	0	0	0	310	830	
3	0	0	0	0	310	833	
4	0	0	0	0	313	832	
5	0	0	0	0	313	830	
6	0	0	0	0	316	824	
7	0	0	0	0	320	820	
8	0	0	0	0	323	823	
9	0	0	0	0	326	823	
10	0	0	0	0	330	824	
11	0	0	0	0	337	825	
12	0	0	0	0	346	825	
13	0	0	0	0	350	824	
14	0	0	0	0	355	819	
15	0	0	0	0	361	816	
0	0	0	0	0	366	820	
1	0	0	0	0	366	820	
2	0	0	0	0	359	823	
3	0	0	0	0	351	827	
4	0	0	0	0	347	830	
5	0	0	0	0	344	831	
6	0	0	0	0	341	830	
7	0	0	0	0	342	826	
8	0	0	0	0	344	824	
9	0	0	0	0	347	822	
10	0	0	0	0	351	822	
11	0	0	0	0	355	823	
12	0	0	0	0	364	821	
13	0	0	0	0	376	829	
14	0	0	0	0	388	823	
15	0	0	0	0	397	817	
0	0	0	0	0	403	807	
1	0	0	0	0	407	790	
2	0	0	0	0	407	771	
3	0	0	0	0	407	759	
4	0	0	0	0	405	755	
5	0	0	0	0	403	757	
6	0	0	0	0	401	759	
7	0	0	0	0	399	762	
8	0	0	0	0	395	762	
9	0	0	0	0	391	764	
10	0	0	0	0	389	765	
11	0	0	0	0	388	764	
12	0	0	0	0	390	763	
13	0	0	0	0	390	762	
14	0	0	0	0	391	755	
15	0	0	0	0	395	750	
0	0	0	0	0	400	746	
1	0	0	0	0	408	744	
2	0	0	0	0	415	741	
3	0	0	0	0	419	739	
4	0	0	0	0	419	734	
5	0	0	0	0	420	736	
6	0	0	0	0	423	727	
7	0	0	0	0	430	720	
8	0	0	0	0	438	714	
9	0	0	0	0	445	711	
10	0	0	0	0	455	709	
11	0	0	0	0	463	714	
12	0	0	0	0	473	719	
13	0	0	0	0	482	723	
14	0	0	0	0	488	723	
15	0	0	0	0	493	719	
0	0	0	0	0	494	712	
1	0	0	0	0	492	703	
2	0	0	0	0	487	694	
3	0	0	0	0	477	685	
4	0	0	0	0	463	675	
5	0	0	0	0	451	668	
6	0	0	0	0	444	657	
7	0	0	0	0	440	651	
8	0	0	0	0	433	643	
9	0	0	0	0	430	636	
10	0	0	0	0	427	629	
11	0	0	0	0	426	625	
12	0	0	0	0	426	621	
13	0	0	0	0	427	617	
14	0	0	0	0	428	614	
15	0	0	0	0	428	609	
0	0	0	0	0	429	605	
1	0	0	0	0	431	602	
2	0	0	0	0	433	600	
3	0	0	0	0	436	591	
4	0	0	0	0	440	587	
5	0	0	0	0	442	590	
6	0	0	0	0	444	596	
7	0	0	0	0	444	602	
8	0	0	0	0	444	607	
9	0	0	0	0	441	611	
10	0	0	0	0	440	610	
11	0	0	0	0	435	603	
12	0	0	0	0	427	598	
13	0	0	0	0	423	591	
14	0	0	0	0	416	583	
15	0	0	0	0	407	572	
0	0	0	0	0	400	561	
1	0	0	0	0	392	551	
2	0	0	0	0	387	550	
3	0	0	0	0	381	549	
4	0	0	0	0	377	549	
5	0	0	0	0	374	548	
6	0	0	0	0	370	545	
7	0	0	0	0	366	545	
8	0	0	0	0	359	543	
9	0	0	0	0	356	545	
10	0	0	0	0	354	552	
11	0	0	0	0	355	557	
12	0	0	0	0	356	561	
13	0	0	0	0	359	562	
14	0	0	0	0	360	563	
15	0	0	0	0	363	566	
0	0	0	0	0	365	568	
1	0	0	0	0	369	568	
2	0	0	0	0	372	573	
3	0	0	0	0	376	576	
4	0	0	0	0	384	576	
5	0	0	0	0	390	572	
6	0	0	0	0	394	561	
7	0	0	0	0	396	552	
8	0	0	0	0	399	538	
9	0	0	0	0	403	529	
10	0	0	0	0	412	524	
11	0	0	0	0	422	518	
12	0	0	0	0	431	511	
13	0	0	0	0	438	505	
14	0	0	0	0	448	500	
15	0	0	0	0	458	499	
0	0	0	0	0	465	496	
1	0	0	0	0	468	496	
2	0	0	0	0	467	492	
3	0	0	0	0	466	487	
4	0	0	0	0	470	484	
5	0	0	0	0	469	483	
6	0	0	0	0	466	485	
7	0	0	0	0	462	483	
8	0	0	0	0	456	480	
9	0	0	0	0	453	476	
10	0	0	0	0	452	473	
11	0	0	0	0	451	473	
12	0	0	0	0	449	477	
13	0	0	0	0	449	484	
14	0	0	0	0	449	487	
15	0	0	0	0	452	489	
0	0	0	0	0	451	491	
1	0	0	0	0	448	489	
2	0	0	0	0	446	487	
3	0	0	0	0	447	481	
4	0	0	0	0	449	473	
5	0	0	0	0	448	466	
6	0	0	0	0	450	461	
7	0	0	0	0	454	456	
8	0	0	0	0	457	455	
9	0	0	0	0	460	454	
10	0	0	0	0	459	453	
11	0	0	0	0	462	453	
12	0	0	0	0	468	457	
13	0	0	0	0	473	462	
14	0	0	0	0	480	464	
15	0	0	0	0	481	462	
0	0	0	0	0	483	457	
1	0	0	0	0	487	455	
2	0	0	0	0	493	455	
3	0	0	0	0	498	455	
4	0	0	0	0	503	455	
5	0	0	0	0	510	454	
6	0	0	0	0	516	453	
7	0	0	0	0	521	453	
8	0	0	0	0	523	454	
9	0	0	0	0	523	457	
10	0	0	0	0	521	462	
11	0	0	0	0	518	469	
12	0	0	0	0	513	470	
13	0	0	0	0	510	465	
14	0	0	0	0	505	457	
15	0	0	0	0	499	451	
0	0	0	0	0	495	444	
1	0	0	0	0	492	439	
2	0	0	0	0	489	437	
3	0	0	0	0	492	435	
4	0	0	0	0	496	432	
5	0	0	0	0	500	428	
6	0	0	0	0	506	423	
7	0	0	0	0	511	418	
8	0	0	0	0	515	413	
9	0	0	0	0	515	410	
10	0	0	0	0	519	412	
11	0	0	0	0	523	417	
12	0	0	0	0	526	422	
13	0	0	0	0	527	427	
14	0	0	0	0	528	429	
15	0	0	0	0	533	425	
0	0	0	0	0	538	420	
1	0	0	0	0	547	419	
2	0	0	0	0	555	418	
3	0	0	0	0	563	422	
4	0	0	0	0	571	428	
5	0	0	0	0	575	437	
6	0	0	0	0	579	445	
7	0	0	0	0	579	451	
8	0	0	0	0	579	455	
9	0	0	0	0	574	462	
10	0	0	0	0	568	465	
11	0	0	0	0	559	466	
12	0	0	0	0	551	468	
13	0	0	0	0	545	469	
14	0	0	0	0	540	471	
15	0	0	0	0	535	470	
0	0	0	0	0	530	467	
1	0	0	0	0	531	465	
2	0	0	0	0	531	461	
3	0	0	0	0	532	455	
4	0	0	0	0	530	445	
5	0	0	0	0	533	436	
6	0	0	0	0	541	429	
7	0	0	0	0	551	423	
8	0	0	0	0	561	417	
9	0	0	0	0	566	414	
10	0	0	0	0	571	412	
11	0	0	0	0	577	417	
12	0	0	0	0	582	417	
13	0	0	0	0	583	420	
14	0	0	0	0	583	423	
15	0	0	0	0	580	425	
0	0	0	0	0	577	429	
1	0	0	0	0	572	430	
2	0	0	0	0	568	426	
3	0	0	0	0	563	426	
4	0	0	0	0	557	423	
5	0	0	0	0	552	420	
6	0	0	0	0	545	420	
7	0	0	0	0	542	424	
8	0	0	0	0	539	433	
9	0	0	0	0	539	444	
10	0	0	0	0	544	450	
11	0	0	0	0	554	454	
12	0	0	0	0	563	450	
13	0	0	0	0	574	442	
14	0	0	0	0	581	432	
15	0	0	0	0	581	416	
0	0	0	0	0	577	408	
1	0	0	0	0	578	395	
2	0	0	0	0	583	383	
3	0	0	0	0	585	374	
4	0	0	0	0	585	366	
5	0	0	0	0	587	367	
6	0	0	0	0	594	364	
7	0	0	0	0	601	359	
8	0	0	0	0	611	352	
9	0	0	0	0	620	339	
10	0	0	0	0	625	332	
11	0	0	0	0	632	317	
12	0	0	0	0	636	304	
13	0	0	0	0	642	287	
14	0	0	0	0	648	265	
15	0	0	0	0	657	256	
0	0	0	0	0	667	241	
1	0	0	0	0	676	228	
2	0	0	0	0	685	225	
3	0	0	0	0	690	221	
4	0	0	0	0	693	227	
5	0	0	0	0	694	233	
6	0	0	0	0	693	238	
7	0	0	0	0	690	253	
8	0	0	0	0	683	259	
9	0	0	0	0	674	263	
10	0	0	0	0	667	271	
11	0	0	0	0	662	268	
12	0	0	0	0	657	278	
13	0	0	0	0	654	280	
14	0	0	0	0	648	284	
15	0	0	0	0	639	287	
0	0	0	0	0	627	284	
1	0	0	0	0	620	295	
2	0	0	0	0	616	299	
3	0	0	0	0	615	307	
4	0	0	0	0	620	316	
5	0	0	0	0	629	315	
6	0	0	0	0	636	319	
7	0	0	0	0	643	318	
8	0	0	0	0	646	315	
9	0	0	0	0	645	314	
10	0	0	0	0	643	304	
11	0	0	0	0	636	304	
12	0	0	0	0	633	297	
13	0	0	0	0	633	292	
14	0	0	0	0	632	296	
15	0	0	0	0	631	292	
0	0	0	0	0	632	299	
1	0	0	0	0	637	299	
2	0	0	0	0	646	289	
3	0	0	0	0	651	289	
4	0	0	0	0	656	277	
5	0	0	0	0	661	275	
6	0	0	0	0	663	272	
7	0	0	0	0	663	264	
8	0	0	0	0	658	272	
9	0	0	0	0	654	273	
10	0	0	0	0	652	271	
11	0	0	0	0	648	279	
12	0	0	0	0	643	278	
13	0	0	0	0	638	283	
14	0	0	0	0	635	284	
15	0	0	0	0	631	284	
0	0	0	0	0	631	295	
1	0	0	0	0	631	303	
2	0	0	0	0	628	309	
3	0	0	0	0	624	324	
4	0	0	0	0	621	330	
5	0	0	0	0	613	338	
6	0	0	0	0	603	344	
7	0	0	0	0	594	355	
8	0	0	0	0	584	371	
9	0	0	0	0	575	385	
10	0	0	0	0	569	390	
11	0	0	0	0	563	396	
12	0	0	0	0	555	401	
13	0	0	0	0	550	406	
14	0	0	0	0	544	409	
15	0	0	0	0	538	411	
0	0	0	0	0	536	411	
1	0	0	0	0	538	407	
2	0	0	0	0	541	396	
3	0	0	0	0	548	384	
4	0	0	0	0	560	377	
5	0	0	0	0	571	375	
6	0	0	0	0	577	376	
7	0	0	0	0	580	375	
8	0	0	0	0	580	380	
9	0	0	0	0	574	381	
10	0	0	0	0	570	379	
11	0	0	0	0	566	387	
12	0	0	0	0	563	387	
13	0	0	0	0	559	386	
14	0	0	0	0	557	381	
15	0	0	0	0	553	374	
0	0	0	0	0	549	373	
1	0	0	0	0	544	368	
2	0	0	0	0	541	365	
3	0	0	0	0	541	364	
4	0	0	0	0	543	363	
5	0	0	0	0	548	371	
6	0	0	0	0	551	375	
7	0	0	0	0	553	379	
8	0	0	0	0	552	381	
9	0	0	0	0	548	385	
10	0	0	0	0	545	391	
11	0	0	0	0	543	399	
12	0	0	0	0	545	411	
13	0	0	0	0	547	424	
14	0	0	0	0	550	436	
15	0	0	0	0	550	444	
0	0	0	0	0	548	448	
1	0	0	0	0	546	449	
2	0	0	0	0	544	442	
3	0	0	0	0	540	432	
4	0	0	0	0	536	419	
5	0	0	0	0	533	407	
6	0	0	0	0	533	397	
7	0	0	0	0	538	396	
8	0	0	0	0	543	397	
9	0	0	0	0	550	402	
10	0	0	0	0	557	415	
11	0	0	0	0	566	430	
12	0	0	0	0	575	445	
13	0	0	0	0	579	459	
14	0	0	0	0	582	462	
15	0	0	0	0	582	459	
0	0	0	0	0	582	452	
1	0	0	0	0	580	442	
2	0	0	0	0	575	427	
3	0	0	0	0	571	412	
4	0	0	0	0	565	401	
5	0	0	0	0	561	389	
6	0	0	0	0	560	384	
7	0	0	0	0	560	385	
8	0	0	0	0	566	387	
9	0	0	0	0	573	396	
10	0	0	0	0	577	405	
11	0	0	0	0	580	414	
12	0	0	0	0	582	421	
13	0	0	0	0	579	429	
14	0	0	0	0	573	439	
15	0	0	0	0	569	445	
0	0	0	0	0	567	449	
1	0	0	0	0	566	449	
2	0	0	0	0	567	451	
3	0	0	0	0	566	448	
4	0	0	0	0	567	446	
5	0	0	0	0	563	446	
6	0	0	0	0	558	450	
7	0	0	0	0	551	451	
8	0	0	0	0	543	448	
9	0	0	0	0	537	447	
10	0	0	0	0	536	441	
11	0	0	0	0	537	437	
12	0	0	0	0	537	431	
13	0	0	0	0	536	428	
14	0	0	0	0	534	426	
15	0	0	0	0	531	421	
0	0	0	0	0	524	422	
1	0	0	0	0	516	423	
2	0	0	0	0	508	424	
3	0	0	0	0	500	425	
4	0	0	0	0	492	426	
5	0	0	0	0	486	427	
6	0	0	0	0	485	431	
7	0	0	0	0	486	435	
8	0	0	0	0	487	440	
9	0	0	0	0	490	447	
10	0	0	0	0	493	448	
11	0	0	0	0	498	448	
12	0	0	0	0	502	450	
13	0	0	0	0	510	451	
14	0	0	0	0	517	454	
15	0	0	0	0	520	452	
0	0	0	0	0	523	451	
1	0	0	0	0	522	449	
2	0	0	0	0	518	451	
3	0	0	0	0	513	453	
4	0	0	0	0	511	453	
5	0	0	0	0	513	451	
6	0	0	0	0	517	449	
7	0	0	0	0	525	446	
8	0	0	0	0	531	443	
9	0	0	0	0	537	443	
10	0	0	0	0	543	441	
11	0	0	0	0	547	440	
12	0	0	0	0	553	439	
13	0	0	0	0	554	435	
14	0	0	0	0	551	443	
15	0	0	0	0	548	447	
0	0	0	0	0	541	446	
1	0	0	0	0	530	441	
2	0	0	0	0	519	430	
3	0	0	0	0	511	425	
4	0	0	0	0	510	421	
5	0	0	0	0	508	418	
6	0	0	0	0	508	415	
7	0	0	0	0	510	412	
8	0	0	0	0	510	413	
9	0	0	0	0	511	415	
10	0	0	0	0	515	422	
11	0	0	0	0	519	427	
12	0	0	0	0	523	432	
13	0	0	0	0	524	436	
14	0	0	0	0	526	437	
15	0	0	0	0	529	433	
0	0	0	0	0	531	432	
1	0	0	0	0	534	436	
2	0	0	0	0	534	447	
3	0	0	0	0	533	460	
4	0	0	0	0	531	472	
5	0	0	0	0	532	488	
6	0	0	0	0	526	498	
7	0	0	0	0	521	503	
8	0	0	0	0	517	505	
9	0	0	0	0	515	500	
10	0	0	0	0	512	489	
11	0	0	0	0	508	477	
12	0	0	0	0	502	466	
13	0	0	0	0	498	455	
14	0	0	0	0	499	448	
15	0	0	0	0	500	443	
0	0	0	0	0	501	440	
1	0	0	0	0	499	437	
2	0	0	0	0	497	436	
3	0	0	0	0	492	437	
4	0	0	0	0	484	440	
5	0	0	0	0	480	441	
6	0	0	0	0	476	440	
7	0	0	0	0	473	443	
8	0	0	0	0	472	446	
9	0	0	0	0	474	449	
10	0	0	0	0	480	450	
11	0	0	0	0	486	451	
12	0	0	0	0	494	451	
13	0	0	0	0	499	448	
14	0	0	0	0	505	447	
15	0	0	0	0	507	448	
0	0	0	0	0	503	450	
1	0	0	0	0	499	452	
2	0	0	0	0	493	454	
3	0	0	0	0	487	453	
4	0	0	0	0	484	450	
5	0	0	0	0	481	442	
6	0	0	0	0	481	432	
7	0	0	0	0	481	425	
8	0	0	0	0	480	418	
9	0	0	0	0	481	415	
10	0	0	0	0	482	413	
11	0	0	0	0	483	411	
12	0	0	0	0	482	408	
13	0	0	0	0	483	406	
14	0	0	0	0	481	406	
15	0	0	0	0	479	402	
0	0	0	0	0	477	399	
1	0	0	0	0	474	397	
2	0	0	0	0	470	394	
3	0	0	0	0	465	393	
4	0	0	0	0	459	393	
5	0	0	0	0	458	396	
6	0	0	0	0	462	401	
7	0	0	0	0	469	409	
8	0	0	0	0	475	417	
9	0	0	0	0	480	427	
10	0	0	0	0	485	435	
11	0	0	0	0	494	443	
12	0	0	0	0	504	449	
13	0	0	0	0	515	453	
14	0	0	0	0	523	455	
15	0	0	0	0	524	453	
0	0	0	0	0	524	454	
1	0	0	0	0	523	458	
2	0	0	0	0	519	463	
3	0	0	0	0	517	471	
4	0	0	0	0	514	474	
5	0	0	0	0	515	473	
6	0	0	0	0	518	472	
7	0	0	0	0	521	472	
8	0	0	0	0	522	472	
9	0	0	0	0	523	471	
10	0	0	0	0	523	469	
11	0	0	0	0	522	469	
12	0	0	0	0	523	466	
13	0	0	0	0	526	468	
14	0	0	0	0	526	472	
15	0	0	0	0	526	478	
0	0	0	0	0	523	480	
1	0	0	0	0	521	477	
2	0	0	0	0	520	476	
3	0	0	0	0	519	472	
4	0	0	0	0	517	470	
5	0	0	0	0	513	468	
6	0	0	0	0	511	468	
7	0	0	0	0	510	470	
8	0	0	0	0	511	468	
9	0	0	0	0	514	466	
10	0	0	0	0	518	470	
11	0	0	0	0	525	477	
12	0	0	0	0	535	482	
13	0	0	0	0	546	485	
14	0	0	0	0	554	485	
15	0	0	0	0	558	481	
0	0	0	0	0	560	483	
1	0	0	0	0	560	485	
2	0	0	0	0	559	487	
3	0	0	0	0	558	489	
4	0	0	0	0	557	495	
5	0	0	0	0	555	500	
6	0	0	0	0	555	502	
7	0	0	0	0	552	504	
8	0	0	0	0	547	508	
9	0	0	0	0	542	511	
10	0	0	0	0	541	517	
11	0	0	0	0	539	522	
12	0	0	0	0	537	526	
13	0	0	0	0	536	526	
14	0	0	0	0	535	523	
15	0	0	0	0	534	520	
0	0	0	0	0	532	520	
1	0	0	0	0	527	522	
2	0	0	0	0	524	524	
3	0	0	0	0	520	523	
4	0	0	0	0	516	522	
5	0	0	0	0	515	518	
6	0	0	0	0	516	516	
7	0	0	0	0	517	515	
8	0	0	0	0	519	516	
9	0	0	0	0	523	520	
10	0	0	0	0	526	528	
11	0	0	0	0	527	535	
12	0	0	0	0	527	539	
13	0	0	0	0	528	540	
14	0	0	0	0	529	539	
15	0	0	0	0	529	536	
0	0	0	0	0	532	531	
1	0	0	0	0	537	525	
2	0	0	0	0	541	519	
3	0	0	0	0	542	510	
4	0	0	0	0	538	503	
5	0	0	0	0	536	501	
6	0	0	0	0	531	500	
7	0	0	0	0	525	499	
8	0	0	0	0	518	497	
9	0	0	0	0	513	493	
10	0	0	0	0	513	489	
11	0	0	0	0	515	486	
12	0	0	0	0	521	483	
13	0	0	0	0	526	484	
14	0	0	0	0	527	487	
15	0	0	0	0	525	487	
0	0	0	0	0	522	483	
1	0	0	0	0	523	483	
2	0	0	0	0	525	484	
3	0	0	0	0	527	486	
4	0	0	0	0	529	491	
5	0	0	0	0	532	497	
6	0	0	0	0	531	499	
7	0	0	0	0	526	496	
8	0	0	0	0	523	492	
9	0	0	0	0	521	489	
10	0	0	0	0	515	490	
11	0	0	0	0	510	497	
12	0	0	0	0	504	506	
13	0	0	0	0	502	515	
14	0	0	0	0	503	523	
15	0	0	0	0	508	526	
0	0	0	0	0	512	524	
1	0	0	0	0	517	524	
2	0	0	0	0	524	527	
3	0	0	0	0	532	534	
4	0	0	0	0	533	542	
5	0	0	0	0	535	548	
6	0	0	0	0	534	552	
7	0	0	0	0	533	553	
8	0	0	0	0	531	548	
9	0	0	0	0	529	544	
10	0	0	0	0	527	536	
11	0	0	0	0	527	528	
12	0	0	0	0	527	521	
13	0	0	0	0	528	517	
14	0	0	0	0	527	516	
15	0	0	0	0	528	517	
0	0	0	0	0	532	516	
1	0	0	0	0	536	518	
2	0	0	0	0	539	523	
3	0	0	0	0	540	530	
4	0	0	0	0	541	536	
5	0	0	0	0	542	536	
6	0	0	0	0	540	535	
7	0	0	0	0	543	536	
8	0	0	0	0	541	537	
9	0	0	0	0	539	540	
10	0	0	0	0	535	547	
11	0	0	0	0	531	557	
12	0	0	0	0	529	567	
13	0	0	0	0	531	573	
14	0	0	0	0	532	574	
15	0	0	0	0	532	573	
0	0	0	0	0	534	567	
1	0	0	0	0	537	563	
2	0	0	0	0	539	559	
3	0	0	0	0	547	556	
4	0	0	0	0	558	554	
5	0	0	0	0	571	552	
6	0	0	0	0	585	549	
7	0	0	0	0	595	542	
8	0	0	0	0	600	539	
9	0	0	0	0	604	535	
10	0	0	0	0	602	532	
11	0	0	0	0	600	528	
12	0	0	0	0	594	523	
13	0	0	0	0	582	519	
14	0	0	0	0	568	523	
15	0	0	0	0	557	526	
0	0	0	0	0	546	528	
1	0	0	0	0	533	532	
2	0	0	0	0	519	540	
3	0	0	0	0	507	547	
4	0	0	0	0	497	552	
5	0	0	0	0	491	556	
6	0	0	0	0	486	558	
7	0	0	0	0	485	556	
8	0	0	0	0	487	550	
9	0	0	0	0	493	543	
10	0	0	0	0	503	539	
11	0	0	0	0	515	531	
12	0	0	0	0	526	525	
13	0	0	0	0	536	519	
14	0	0	0	0	547	508	
15	0	0	0	0	558	497	
0	0	0	0	0	568	489	
1	0	0	0	0	577	482	
2	0	0	0	0	580	474	
3	0	0	0	0	587	466	
4	0	0	0	0	593	458	
5	0	0	0	0	603	455	
6	0	0	0	0	609	449	
7	0	0	0	0	612	440	
8	0	0	0	0	610	430	
9	0	0	0	0	608	420	
10	0	0	0	0	607	418	
11	0	0	0	0	609	416	
12	0	0	0	0	614	419	
13	0	0	0	0	618	423	
14	0	0	0	0	619	427	
15	0	0	0	0	615	439	
0	0	0	0	0	603	451	
1	0	0	0	0	591	467	
2	0	0	0	0	580	487	
3	0	0	0	0	568	507	
4	0	0	0	0	558	532	
5	0	0	0	0	554	552	
6	0	0	0	0	552	568	
7	0	0	0	0	555	578	
8	0	0	0	0	563	587	
9	0	0	0	0	572	591	
10	0	0	0	0	577	590	
11	0	0	0	0	582	585	
12	0	0	0	0	583	579	
13	0	0	0	0	585	569	
14	0	0	0	0	583	559	
15	0	0	0	0	582	547	
0	0	0	0	0	584	533	
1	0	0	0	0	587	517	
2	0	0	0	0	590	504	
3	0	0	0	0	591	492	
4	0	0	0	0	592	487	
5	0	0	0	0	592	481	
6	0	0	0	0	594	479	
7	0	0	0	0	602	475	
8	0	0	0	0	609	468	
9	0	0	0	0	614	462	
10	0	0	0	0	620	455	
11	0	0	0	0	624	451	
12	0	0	0	0	629	447	
13	0	0	0	0	631	442	
14	0	0	0	0	634	440	
15	0	0	0	0	635	434	
0	0	0	0	0	636	435	
1	0	0	0	0	636	438	
2	0	0	0	0	637	448	
3	0	0	0	0	637	461	
4	0	0	0	0	635	468	
5	0	0	0	0	633	481	
6	0	0	0	0	633	487	
7	0	0	0	0	632	485	
8	0	0	0	0	632	480	
9	0	0	0	0	632	471	
10	0	0	0	0	633	462	
11	0	0	0	0	635	455	
12	0	0	0	0	635	449	
13	0	0	0	0	639	445	
14	0	0	0	0	645	442	
15	0	0	0	0	654	445	
0	0	0	0	0	662	453	
1	0	0	0	0	672	462	
2	0	0	0	0	685	472	
3	0	0	0	0	692	474	
4	0	0	0	0	695	473	
5	0	0	0	0	697	477	
6	0	0	0	0	694	479	
7	0	0	0	0	688	481	
8	0	0	0	0	680	480	
9	0	0	0	0	669	474	
10	0	0	0	0	655	466	
11	0	0	0	0	639	454	
12	0	0	0	0	620	445	
13	0	0	0	0	604	439	
14	0	0	0	0	594	434	
15	0	0	0	0	589	432	
0	0	0	0	0	583	430	
1	0	0	0	0	578	432	
2	0	0	0	0	577	429	
3	0	0	0	0	577	426	
4	0	0	0	0	576	428	
5	0	0	0	0	577	427	
6	0	0	0	0	579	427	
7	0	0	0	0	580	424	
8	0	0	0	0	582	423	
9	0	0	0	0	584	422	
10	0	0	0	0	586	423	
11	0	0	0	0	587	424	
12	0	0	0	0	588	422	
13	0	0	0	0	589	414	
14	0	0	0	0	595	414	
15	0	0	0	0	601	408	
0	0	0	0	0	608	401	
1	0	0	0	0	614	397	
2	0	0	0	0	619	395	
3	0	0	0	0	620	398	
4	0	0	0	0	624	403	
5	0	0	0	0	629	406	
6	0	0	0	0	632	416	
7	0	0	0	0	631	423	
8	0	0	0	0	629	435	
9	0	0	0	0	625	447	
10	0	0	0	0	620	457	
11	0	0	0	0	616	473	
12	0	0	0	0	613	484	
13	0	0	0	0	607	493	
14	0	0	0	0	598	499	
15	0	0	0	0	590	500	
0	0	0	0	0	583	499	
1	0	0	0	0	575	494	
2	0	0	0	0	568	486	
3	0	0	0	0	565	477	
4	0	0	0	0	566	467	
5	0	0	0	0	565	465	
6	0	0	0	0	567	464	
7	0	0	0	0	572	462	
8	0	0	0	0	576	461	
9	0	0	0	0	579	454	
10	0	0	0	0	581	448	
11	0	0	0	0	580	440	
12	0	0	0	0	577	435	
13	0	0	0	0	576	438	
14	0	0	0	0	575	438	
15	0	0	0	0	577	439	
0	0	0	0	0	582	445	
1	0	0	0	0	587	454	
2	0	0	0	0	595	457	
3	0	0	0	0	603	455	
4	0	0	0	0	607	444	
5	0	0	0	0	607	435	
6	0	0	0	0	600	425	
7	0	0	0	0	593	420	
8	0	0	0	0	585	415	
9	0	0	0	0	579	412	
10	0	0	0	0	567	413	
11	0	0	0	0	552	417	
12	0	0	0	0	537	424	
13	0	0	0	0	525	429	
14	0	0	0	0	516	436	
15	0	0	0	0	507	443	
0	0	0	0	0	495	445	
1	0	0	0	0	484	446	
2	0	0	0	0	478	450	
3	0	0	0	0	476	457	
4	0	0	0	0	476	464	
5	0	0	0	0	481	472	
6	0	0	0	0	489	475	
7	0	0	0	0	496	473	
8	0	0	0	0	504	466	
9	0	0	0	0	507	457	
10	0	0	0	0	512	450	
11	0	0	0	0	517	446	
12	0	0	0	0	525	445	
13	0	0	0	0	529	449	
14	0	0	0	0	531	457	
15	0	0	0	0	531	467	
0	0	0	0	0	532	472	
1	0	0	0	0	535	466	
2	0	0	0	0	538	456	
3	0	0	0	0	539	451	
4	0	0	0	0	539	449	
5	0	0	0	0	541	447	
6	0	0	0	0	543	444	
7	0	0	0	0	549	443	
8	0	0	0	0	558	439	
9	0	0	0	0	568	434	
10	0	0	0	0	576	425	
11	0	0	0	0	580	421	
12	0	0	0	0	581	413	
13	0	0	0	0	584	404	
14	0	0	0	0	587	402	
15	0	0	0	0	586	396	
0	0	0	0	0	582	394	
1	0	0	0	0	574	394	
2	0	0	0	0	569	393	
3	0	0	0	0	563	395	
4	0	0	0	0	558	398	
5	0	0	0	0	552	399	
6	0	0	0	0	550	400	
7	0	0	0	0	550	401	
8	0	0	0	0	551	400	
9	0	0	0	0	551	400	
10	0	0	0	0	552	398	
11	0	0	0	0	553	398	
12	0	0	0	0	554	403	
13	0	0	0	0	553	407	
14	0	0	0	0	551	412	
15	0	0	0	0	550	419	
0	0	0	0	0	547	423	
1	0	0	0	0	547	423	
2	0	0	0	0	546	424	
3	0	0	0	0	544	423	
4	0	0	0	0	540	425	
5	0	0	0	0	542	428	
6	0	0	0	0	541	430	
7	0	0	0	0	540	432	
8	0	0	0	0	540	434	
9	0	0	0	0	540	438	
10	0	0	0	0	542	440	
11	0	0	0	0	543	440	
12	0	0	0	0	545	443	
13	0	0	0	0	547	444	
14	0	0	0	0	550	446	
15	0	0	0	0	556	449	
0	0	0	0	0	563	450	
1	0	0	0	0	564	453	
2	0	0	0	0	558	457	
3	0	0	0	0	550	459	
4	0	0	0	0	538	456	
5	0	0	0	0	526	455	
6	0	0	0	0	517	459	
7	0	0	0	0	511	466	
8	0	0	0	0	505	473	
9	0	0	0	0	504	480	
10	0	0	0	0	505	483	
11	0	0	0	0	513	489	
12	0	0	0	0	519	495	
13	0	0	0	0	528	503	
14	0	0	0	0	535	508	
15	0	0	0	0	537	512	
0	0	0	0	0	538	511	
1	0	0	0	0	540	510	
2	0	0	0	0	540	512	
3	0	0	0	0	540	514	
4	0	0	0	0	543	512	
5	0	0	0	0	546	507	
6	0	0	0	0	551	501	
7	0	0	0	0	557	496	
8	0	0	0	0	561	493	
9	0	0	0	0	564	491	
10	0	0	0	0	570	488	
11	0	0	0	0	574	484	
12	0	0	0	0	578	482	
13	0	0	0	0	579	482	
14	0	0	0	0	579	481	
15	0	0	0	0	575	481	
0	0	0	0	0	567	482	
1	0	0	0	0	558	489	
2	0	0	0	0	548	499	
3	0	0	0	0	537	511	
4	0	0	0	0	530	525	
5	0	0	0	0	523	536	
6	0	0	0	0	515	540	
7	0	0	0	0	507	544	
8	0	0	0	0	501	550	
9	0	0	0	0	497	553	
10	0	0	0	0	493	556	
11	0	0	0	0	487	559	
12	0	0	0	0	484	562	
13	0	0	0	0	481	565	
14	0	0	0	0	479	568	
15	0	0	0	0	477	571	
0	0	0	0	0	479	573	
1	0	0	0	0	481	575	
2	0	0	0	0	483	575	
3	0	0	0	0	489	573	
4	0	0	0	0	494	569	
5	0	0	0	0	499	567	
6	0	0	0	0	500	561	
7	0	0	0	0	500	558	
8	0	0	0	0	497	554	
9	0	0	0	0	493	553	
10	0	0	0	0	491	555	
11	0	0	0	0	488	556	
12	0	0	0	0	489	558	
13	0	0	0	0	494	563	
14	0	0	0	0	497	565	
15	0	0	0	0	504	565	
0	0	0	0	0	509	564	
1	0	0	0	0	511	561	
2	0	0	0	0	514	560	
3	0	0	0	0	512	560	
4	0	0	0	0	511	562	
5	0	0	0	0	505	563	
6	0	0	0	0	495	566	
7	0	0	0	0	484	570	
8	0	0	0	0	476	574	
9	0	0	0	0	473	579	
10	0	0	0	0	473	582	
11	0	0	0	0	472	583	
12	0	0	0	0	468	585	
13	0	0	0	0	469	582	
14	0	0	0	0	473	573	
15	0	0	0	0	483	563	
0	0	0	0	0	494	553	
1	0	0	0	0	508	543	
2	0	0	0	0	521	535	
3	0	0	0	0	531	528	
4	0	0	0	0	545	522	
5	0	0	0	0	560	520	
6	0	0	0	0	569	521	
7	0	0	0	0	572	529	
8	0	0	0	0	567	540	
9	0	0	0	0	554	551	
10	0	0	0	0	535	561	
11	0	0	0	0	507	570	
12	0	0	0	0	481	577	
13	0	0	0	0	454	585	
14	0	0	0	0	431	596	
15	0	0	0	0	413	609	
0	0	0	0	0	403	624	
1	0	0	0	0	396	636	
2	0	0	0	0	390	648	
3	0	0	0	0	384	654	
4	0	0	0	0	376	654	
5	0	0	0	0	369	655	
6	0	0	0	0	363	652	
7	0	0	0	0	355	646	
8	0	0	0	0	348	637	
9	0	0	0	0	346	628	
10	0	0	0	0	348	622	
11	0	0	0	0	353	619	
12	0	0	0	0	359	616	
13	0	0	0	0	364	615	
14	0	0	0	0	366	613	
15	0	0	0	0	365	612	
0	0	0	0	0	366	617	
1	0	0	0	0	366	620	
2	0	0	0	0	365	626	
3	0	0	0	0	363	633	
4	0	0	0	0	364	640	
5	0	0	0	0	367	641	
6	0	0	0	0	370	644	
7	0	0	0	0	376	650	
8	0	0	0	0	384	652	
9	0	0	0	0	393	657	
10	0	0	0	0	401	663	
11	0	0	0	0	405	673	
12	0	0	0	0	405	683	
13	0	0	0	0	402	692	
14	0	0	0	0	399	702	
15	0	0	0	0	399	712	
0	0	0	0	0	398	714	
1	0	0	0	0	393	719	
2	0	0	0	0	385	725	
3	0	0	0	0	377	730	
4	0	0	0	0	368	735	
5	0	0	0	0	359	734	
6	0	0	0	0	349	733	
7	0	0	0	0	342	734	
8	0	0	0	0	337	734	
9	0	0	0	0	336	735	
10	0	0	0	0	338	737	
11	0	0	0	0	343	743	
12	0	0	0	0	347	760	
13	0	0	0	0	351	771	
14	0	0	0	0	352	788	
15	0	0	0	0	351	797	
0	0	0	0	0	344	798	
1	0	0	0	0	334	798	
2	0	0	0	0	324	795	
3	0	0	0	0	317	792	
4	0	0	0	0	313	792	
5	0	0	0	0	309	790	
6	0	0	0	0	308	788	
7	0	0	0	0	308	787	
8	0	0	0	0	309	782	
9	0	0	0	0	307	775	
10	0	0	0	0	304	768	
11	0	0	0	0	301	765	
12	0	0	0	0	305	761	
13	0	0	0	0	308	752	
14	0	0	0	0	310	740	
15	0	0	0	0	313	731	
0	0	0	0	0	318	720	
1	0	0	0	0	324	714	
2	0	0	0	0	329	712	
3	0	0	0	0	335	713	
4	0	0	0	0	342	718	
5	0	0	0	0	349	717	
6	0	0	0	0	358	717	
7	0	0	0	0	361	715	
8	0	0	0	0	358	712	
9	0	0	0	0	351	705	
10	0	0	0	0	344	701	
11	0	0	0	0	335	694	
12	0	0	0	0	327	694	
13	0	0	0	0	324	695	
14	0	0	0	0	326	698	
15	0	0	0	0	332	700	
0	0	0	0	0	341	702	
1	0	0	0	0	352	708	
2	0	0	0	0	361	711	
3	0	0	0	0	365	710	
4	0	0	0	0	369	708	
5	0	0	0	0	367	704	
6	0	0	0	0	363	699	
7	0	0	0	0	358	691	
8	0	0	0	0	353	688	
9	0	0	0	0	350	686	
10	0	0	0	0	347	683	
11	0	0	0	0	339	680	
12	0	0	0	0	334	675	
13	0	0	0	0	329	672	
14	0	0	0	0	325	670	
15	0	0	0	0	325	665	
0	0	0	0	0	327	660	
1	0	0	0	0	329	657	
2	0	0	0	0	334	659	
3	0	0	0	0	336	662	
4	0	0	0	0	337	659	
5	0	0	0	0	337	655	
6	0	0	0	0	337	649	
7	0	0	0	0	339	642	
8	0	0	0	0	339	630	
9	0	0	0	0	340	619	
10	0	0	0	0	346	610	
11	0	0	0	0	350	606	
12	0	0	0	0	352	602	
13	0	0	0	0	353	594	
14	0	0	0	0	356	589	
15	0	0	0	0	363	589	
0	0	0	0	0	374	593	
1	0	0	0	0	383	599	
2	0	0	0	0	390	603	
3	0	0	0	0	394	601	
4	0	0	0	0	397	593	
5	0	0	0	0	400	593	
6	0	0	0	0	405	590	
7	0	0	0	0	406	593	
8	0	0	0	0	407	601	
9	0	0	0	0	404	607	
10	0	0	0	0	400	611	
11	0	0	0	0	393	617	
12	0	0	0	0	382	624	
13	0	0	0	0	373	631	
14	0	0	0	0	366	629	
15	0	0	0	0	361	628	
0	0	0	0	0	356	628	
1	0	0	0	0	355	627	
2	0	0	0	0	353	626	
3	0	0	0	0	353	628	
4	0	0	0	0	355	631	
5	0	0	0	0	356	635	
6	0	0	0	0	359	629	
7	0	0	0	0	364	624	
8	0	0	0	0	366	618	
9	0	0	0	0	365	611	
10	0	0	0	0	366	604	
11	0	0	0	0	365	600	
12	0	0	0	0	365	596	
13	0	0	0	0	370	597	
14	0	0	0	0	377	598	
15	0	0	0	0	382	603	
0	0	0	0	0	389	609	
1	0	0	0	0	396	615	
2	0	0	0	0	401	615	
3	0	0	0	0	404	614	
4	0	0	0	0	408	607	
5	0	0	0	0	408	603	
6	0	0	0	0	412	596	
7	0	0	0	0	415	590	
8	0	0	0	0	418	588	
9	0	0	0	0	419	583	
10	0	0	0	0	415	577	
11	0	0	0	0	411	572	
12	0	0	0	0	402	566	
13	0	0	0	0	393	557	
14	0	0	0	0	386	556	
15	0	0	0	0	383	558	
0	0	0	0	0	379	563	
1	0	0	0	0	379	566	
2	0	0	0	0	382	569	
3	0	0	0	0	385	573	
4	0	0	0	0	389	577	
5	0	0	0	0	394	583	
6	0	0	0	0	398	590	
7	0	0	0	0	401	591	
8	0	0	0	0	406	592	
9	0	0	0	0	411	591	
10	0	0	0	0	413	589	
11	0	0	0	0	413	583	
12	0	0	0	0	417	574	
13	0	0	0	0	418	565	
14	0	0	0	0	419	556	
15	0	0	0	0	418	548	
0	0	0	0	0	419	539	
1	0	0	0	0	419	530	
2	0	0	0	0	416	521	
3	0	0	0	0	414	515	
4	0	0	0	0	411	509	
5	0	0	0	0	405	504	
6	0	0	0	0	403	506	
7	0	0	0	0	399	509	
8	0	0	0	0	398	514	
9	0	0	0	0	398	519	
10	0	0	0	0	398	523	
11	0	0	0	0	402	528	
12	0	0	0	0	409	524	
13	0	0	0	0	417	519	
14	0	0	0	0	426	514	
15	0	0	0	0	431	509	
0	0	0	0	0	436	506	
1	0	0	0	0	442	503	
2	0	0	0	0	444	504	
3	0	0	0	0	441	506	
4	0	0	0	0	439	508	
5	0	0	0	0	437	509	
6	0	0	0	0	433	515	
7	0	0	0	0	433	522	
8	0	0	0	0	431	531	
9	0	0	0	0	428	537	
10	0	0	0	0	427	546	
11	0	0	0	0	427	554	
12	0	0	0	0	425	556	
13	0	0	0	0	423	559	
14	0	0	0	0	419	556	
15	0	0	0	0	418	556	
0	0	0	0	0	420	556	
1	0	0	0	0	423	554	
2	0	0	0	0	428	551	
3	0	0	0	0	436	544	
4	0	0	0	0	443	542	
5	0	0	0	0	453	540	
6	0	0	0	0	460	540	
7	0	0	0	0	467	542	
8	0	0	0	0	473	542	
9	0	0	0	0	476	540	
10	0	0	0	0	477	536	
11	0	0	0	0	477	530	
12	0	0	0	0	478	526	
13	0	0	0	0	476	523	
14	0	0	0	0	472	521	
15	0	0	0	0	467	521	
0	0	0	0	0	461	521	
1	0	0	0	0	454	523	
2	0	0	0	0	447	520	
3	0	0	0	0	439	518	
4	0	0	0	0	431	513	
5	0	0	0	0	423	507	
6	0	0	0	0	415	504	
7	0	0	0	0	410	504	
8	0	0	0	0	410	508	
9	0	0	0	0	414	515	
10	0	0	0	0	419	515	
11	0	0	0	0	430	512	
12	0	0	0	0	439	506	
13	0	0	0	0	450	496	
14	0	0	0	0	457	487	
15	0	0	0	0	460	480	
0	0	0	0	0	464	478	
1	0	0	0	0	465	481	
2	0	0	0	0	464	489	
3	0	0	0	0	469	499	
4	0	0	0	0	473	508	
5	0	0	0	0	479	515	
6	0	0	0	0	483	521	
7	0	0	0	0	485	525	
8	0	0	0	0	479	525	
9	0	0	0	0	471	526	
10	0	0	0	0	462	526	
11	0	0	0	0	455	524	
12	0	0	0	0	448	519	
13	0	0	0	0	446	510	
14	0	0	0	0	449	506	
15	0	0	0	0	458	510	
0	0	0	0	0	464	517	
1	0	0	0	0	468	530	
2	0	0	0	0	471	540	
3	0	0	0	0	466	545	
4	0	0	0	0	461	547	
5	0	0	0	0	456	544	
6	0	0	0	0	449	538	
7	0	0	0	0	445	527	
8	0	0	0	0	445	518	
9	0	0	0	0	453	511	
10	0	0	0	0	465	505	
11	0	0	0	0	480	504	
12	0	0	0	0	493	503	
13	0	0	0	0	506	501	
14	0	0	0	0	518	502	
15	0	0	0	0	530	508	
0	0	0	0	0	540	515	
1	0	0	0	0	545	519	
2	0	0	0	0	548	520	
3	0	0	0	0	547	521	
4	0	0	0	0	545	521	
5	0	0	0	0	543	524	
6	0	0	0	0	543	528	
7	0	0	0	0	544	531	
8	0	0	0	0	545	535	
9	0	0	0	0	545	541	
10	0	0	0	0	547	544	
11	0	0	0	0	546	545	
12	0	0	0	0	541	542	
13	0	0	0	0	535	536	
14	0	0	0	0	525	527	
15	0	0	0	0	518	521	
0	0	0	0	0	512	520	
1	0	0	0	0	509	519	
2	0	0	0	0	510	519	
3	0	0	0	0	512	518	
4	0	0	0	0	516	520	
5	0	0	0	0	524	520	
6	0	0	0	0	533	519	
7	0	0	0	0	543	516	
8	0	0	0	0	553	507	
9	0	0	0	0	559	499	
10	0	0	0	0	567	492	
11	0	0	0	0	572	487	
12	0	0	0	0	577	486	
13	0	0	0	0	582	486	
14	0	0	0	0	586	489	
15	0	0	0	0	589	495	
0	0	0	0	0	592	498	
1	0	0	0	0	594	501	
2	0	0	0	0	595	497	
3	0	0	0	0	592	501	
4	0	0	0	0	587	504	
5	0	0	0	0	586	509	
6	0	0	0	0	590	512	
7	0	0	0	0	592	513	
8	0	0	0	0	590	516	
9	0	0	0	0	587	519	
10	0	0	0	0	585	526	
11	0	0	0	0	586	535	
12	0	0	0	0	590	547	
13	0	0	0	0	588	553	
14	0	0	0	0	587	557	
15	0	0	0	0	583	557	
0	0	0	0	0	578	547	
1	0	0	0	0	576	535	
2	0	0	0	0	574	523	
3	0	0	0	0	573	511	
4	0	0	0	0	572	496	
5	0	0	0	0	569	482	
6	0	0	0	0	569	472	
7	0	0	0	0	571	465	
8	0	0	0	0	572	467	
9	0	0	0	0	574	478	
10	0	0	0	0	577	490	
11	0	0	0	0	578	499	
12	0	0	0	0	578	505	
13	0	0	0	0	581	511	
14	0	0	0	0	587	512	
15	0	0	0	0	591	515	
0	0	0	0	0	594	520	
1	0	0	0	0	598	528	
2	0	0	0	0	603	536	
3	0	0	0	0	606	540	
4	0	0	0	0	606	542	
5	0	0	0	0	607	546	
6	0	0	0	0	605	545	
7	0	0	0	0	605	544	
8	0	0	0	0	608	542	
9	0	0	0	0	609	536	
10	0	0	0	0	611	526	
11	0	0	0	0	607	515	
12	0	0	0	0	607	508	
13	0	0	0	0	605	504	
14	0	0	0	0	603	503	
15	0	0	0	0	599	506	
0	0	0	0	0	598	512	
1	0	0	0	0	599	521	
2	0	0	0	0	599	529	
3	0	0	0	0	595	536	
4	0	0	0	0	591	540	
5	0	0	0	0	585	541	
6	0	0	0	0	577	537	
7	0	0	0	0	572	534	
8	0	0	0	0	571	530	
9	0	0	0	0	572	524	
10	0	0	0	0	573	515	
11	0	0	0	0	571	508	
12	0	0	0	0	574	499	
13	0	0	0	0	582	496	
14	0	0	0	0	590	494	
15	0	0	0	0	598	494	
0	0	0	0	0	606	493	
1	0	0	0	0	615	494	
2	0	0	0	0	620	495	
3	0	0	0	0	622	500	
4	0	0	0	0	626	506	
5	0	0	0	0	627	515	
6	0	0	0	0	623	521	
7	0	0	0	0	618	526	
8	0	0	0	0	612	528	
9	0	0	0	0	608	529	
10	0	0	0	0	603	529	
11	0	0	0	0	598	529	
12	0	0	0	0	596	529	
13	0	0	0	0	596	531	
14	0	0	0	0	597	530	
15	0	0	0	0	599	532	
0	0	0	0	0	599	531	
1	0	0	0	0	598	529	
2	0	0	0	0	596	527	
3	0	0	0	0	594	524	
4	0	0	0	0	590	523	
5	0	0	0	0	587	524	
6	0	0	0	0	582	523	
7	0	0	0	0	577	519	
8	0	0	0	0	576	516	
9	0	0	0	0	579	509	
10	0	0	0	0	578	500	
11	0	0	0	0	580	497	
12	0	0	0	0	584	493	
13	0	0	0	0	588	487	
14	0	0	0	0	593	476	
15	0	0	0	0	600	467	
0	0	0	0	0	605	457	
1	0	0	0	0	607	451	
2	0	0	0	0	614	448	
3	0	0	0	0	616	444	
4	0	0	0	0	616	437	
5	0	0	0	0	613	436	
6	0	0	0	0	608	434	
7	0	0	0	0	604	432	
8	0	0	0	0	599	433	
9	0	0	0	0	592	438	
10	0	0	0	0	588	452	
11	0	0	0	0	586	462	
12	0	0	0	0	586	472	
13	0	0	0	0	588	479	
14	0	0	0	0	590	482	
15	0	0	0	0	590	481	
0	0	0	0	0	591	479	
1	0	0	0	0	594	474	
2	0	0	0	0	596	476	
3	0	0	0	0	597	472	
4	0	0	0	0	594	470	
5	0	0	0	0	591	468	
6	0	0	0	0	588	463	
7	0	0	0	0	587	456	
8	0	0	0	0	584	447	
9	0	0	0	0	583	439	
10	0	0	0	0	587	438	
11	0	0	0	0	593	436	
12	0	0	0	0	603	437	
13	0	0	0	0	609	438	
14	0	0	0	0	616	437	
15	0	0	0	0	619	436	
0	0	0	0	0	617	436	
1	0	0	0	0	616	432	
2	0	0	0	0	617	432	
3	0	0	0	0	616	429	
4	0	0	0	0	611	429	
5	0	0	0	0	603	428	
6	0	0	0	0	595	431	
7	0	0	0	0	584	440	
8	0	0	0	0	577	445	
9	0	0	0	0	574	447	
10	0	0	0	0	572	454	
11	0	0	0	0	568	453	
12	0	0	0	0	565	447	
13	0	0	0	0	560	440	
14	0	0	0	0	557	432	
15	0	0	0	0	554	423	
0	0	0	0	0	554	419	
1	0	0	0	0	557	419	
2	0	0	0	0	562	426	
3	0	0	0	0	568	434	
4	0	0	0	0	577	443	
5	0	0	0	0	586	447	
6	0	0	0	0	592	446	
7	0	0	0	0	595	444	
8	0	0	0	0	595	442	
9	0	0	0	0	595	441	
10	0	0	0	0	595	447	
11	0	0	0	0	592	449	
12	0	0	0	0	593	455	
13	0	0	0	0	595	460	
14	0	0	0	0	600	461	
15	0	0	0	0	607	465	
0	0	0	0	0	612	470	
1	0	0	0	0	618	474	
2	0	0	0	0	624	481	
3	0	0	0	0	627	484	
4	0	0	0	0	625	486	
5	0	0	0	0	623	487	
6	0	0	0	0	620	490	
7	0	0	0	0	616	493	
8	0	0	0	0	611	496	
9	0	0	0	0	602	495	
10	0	0	0	0	588	495	
11	0	0	0	0	577	495	
12	0	0	0	0	569	494	
13	0	0	0	0	565	495	
14	0	0	0	0	561	500	
15	0	0	0	0	558	505	
0	0	0	0	0	555	507	
1	0	0	0	0	553	504	
2	0	0	0	0	550	499	
3	0	0	0	0	551	494	
4	0	0	0	0	553	487	
5	0	0	0	0	554	486	
6	0	0	0	0	553	483	
7	0	0	0	0	551	484	
8	0	0	0	0	550	486	
9	0	0	0	0	552	484	
10	0	0	0	0	554	483	
11	0	0	0	0	555	483	
12	0	0	0	0	553	482	
13	0	0	0	0	549	482	
14	0	0	0	0	547	481	
15	0	0	0	0	547	480	
0	0	0	0	0	548	479	
1	0	0	0	0	547	480	
2	0	0	0	0	545	486	
3	0	0	0	0	548	497	
4	0	0	0	0	556	511	
5	0	0	0	0	563	521	
6	0	0	0	0	568	526	
7	0	0	0	0	572	526	
8	0	0	0	0	576	521	
9	0	0	0	0	583	517	
10	0	0	0	0	588	513	
11	0	0	0	0	590	513	
12	0	0	0	0	591	510	
13	0	0	0	0	591	506	
14	0	0	0	0	588	504	
15	0	0	0	0	583	501	
0	0	0	0	0	582	501	
1	0	0	0	0	577	501	
2	0	0	0	0	575	505	
3	0	0	0	0	575	511	
4	0	0	0	0	576	511	
5	0	0	0	0	583	514	
6	0	0	0	0	590	518	
7	0	0	0	0	595	520	
8	0	0	0	0	600	521	
9	0	0	0	0	606	523	
10	0	0	0	0	610	521	
11	0	0	0	0	612	520	
12	0	0	0	0	611	515	
13	0	0	0	0	611	513	
14	0	0	0	0	607	509	
15	0	0	0	0	603	509	
0	0	0	0	0	598	505	
1	0	0	0	0	591	497	
2	0	0	0	0	591	488	
3	0	0	0	0	592	477	
4	0	0	0	0	596	471	
5	0	0	0	0	604	468	
6	0	0	0	0	611	467	
7	0	0	0	0	615	467	
8	0	0	0	0	617	468	
9	0	0	0	0	616	470	
10	0	0	0	0	619	475	
11	0	0	0	0	620	474	
12	0	0	0	0	621	470	
13	0	0	0	0	619	464	
14	0	0	0	0	614	457	
15	0	0	0	0	607	457	
0	0	0	0	0	600	453	
1	0	0	0	0	588	450	
2	0	0	0	0	579	452	
3	0	0	0	0	573	460	
4	0	0	0	0	571	475	
5	0	0	0	0	571	489	
6	0	0	0	0	575	501	
7	0	0	0	0	578	514	
8	0	0	0	0	584	525	
9	0	0	0	0	587	529	
10	0	0	0	0	586	524	
11	0	0	0	0	584	519	
12	0	0	0	0	575	512	
13	0	0	0	0	569	506	
14	0	0	0	0	568	499	
15	0	0	0	0	569	494	
0	0	0	0	0	571	490	
1	0	0	0	0	569	487	
2	0	0	0	0	572	487	
3	0	0	0	0	573	486	
4	0	0	0	0	576	483	
5	0	0	0	0	583	484	
6	0	0	0	0	588	486	
7	0	0	0	0	592	488	
8	0	0	0	0	592	485	
9	0	0	0	0	590	482	
10	0	0	0	0	588	476	
11	0	0	0	0	581	467	
12	0	0	0	0	572	457	
13	0	0	0	0	560	447	
14	0	0	0	0	547	444	
15	0	0	0	0	537	441	
0	0	0	0	0	528	440	
1	0	0	0	0	523	439	
2	0	0	0	0	521	439	
3	0	0	0	0	522	440	
4	0	0	0	0	523	441	
5	0	0	0	0	520	440	
6	0	0	0	0	518	437	
7	0	0	0	0	518	434	
8	0	0	0	0	522	437	
9	0	0	0	0	527	443	
10	0	0	0	0	534	444	
11	0	0	0	0	541	444	
12	0	0	0	0	544	435	
13	0	0	0	0	545	423	
14	0	0	0	0	541	415	
15	0	0	0	0	539	407	
0	0	0	0	0	536	401	
1	0	0	0	0	540	402	
2	0	0	0	0	545	403	
3	0	0	0	0	551	407	
4	0	0	0	0	556	413	
5	0	0	0	0	562	419	
6	0	0	0	0	568	423	
7	0	0	0	0	574	427	
8	0	0	0	0	582	430	
9	0	0	0	0	584	432	
10	0	0	0	0	586	427	
11	0	0	0	0	587	422	
12	0	0	0	0	587	422	
13	0	0	0	0	587	424	
14	0	0	0	0	589	428	
15	0	0	0	0	589	433	
0	0	0	0	0	585	433	
1	0	0	0	0	581	434	
2	0	0	0	0	579	432	
3	0	0	0	0	576	434	
4	0	0	0	0	574	440	
5	0	0	0	0	571	448	
6	0	0	0	0	566	455	
7	0	0	0	0	566	459	
8	0	0	0	0	568	459	
9	0	0	0	0	562	460	
10	0	0	0	0	556	459	
11	0	0	0	0	547	457	
12	0	0	0	0	541	456	
13	0	0	0	0	534	455	
14	0	0	0	0	524	452	
15	0	0	0	0	513	452	
0	0	0	0	0	502	450	
1	0	0	0	0	494	454	
2	0	0	0	0	488	456	
3	0	0	0	0	481	456	
4	0	0	0	0	475	454	
5	0	0	0	0	471	451	
6	0	0	0	0	470	449	
7	0	0	0	0	468	450	
8	0	0	0	0	470	454	
9	0	0	0	0	471	460	
10	0	0	0	0	473	467	
11	0	0	0	0	475	470	
12	0	0	0	0	474	468	
13	0	0	0	0	470	472	
14	0	0	0	0	469	476	
15	0	0	0	0	470	478	
0	0	0	0	0	475	479	
1	0	0	0	0	480	479	
2	0	0	0	0	482	479	
3	0	0	0	0	483	484	
4	0	0	0	0	489	492	
5	0	0	0	0	498	502	
6	0	0	0	0	508	509	
7	0	0	0	0	518	513	
8	0	0	0	0	526	518	
9	0	0	0	0	529	519	
10	0	0	0	0	531	520	
11	0	0	0	0	528	517	
12	0	0	0	0	521	514	
13	0	0	0	0	511	506	
14	0	0	0	0	502	499	
15	0	0	0	0	495	491	
0	0	0	0	0	489	481	
1	0	0	0	0	485	475	
2	0	0	0	0	480	472	
3	0	0	0	0	478	471	
4	0	0	0	0	476	469	
5	0	0	0	0	475	468	
6	0	0	0	0	477	471	
7	0	0	0	0	482	475	
8	0	0	0	0	490	485	
9	0	0	0	0	501	493	
10	0	0	0	0	511	495	
11	0	0	0	0	519	493	
12	0	0	0	0	526	487	
13	0	0	0	0	533	480	
14	0	0	0	0	543	480	
15	0	0	0	0	551	484	
0	0	0	0	0	554	486	
1	0	0	0	0	553	485	
2	0	0	0	0	547	481	
3	0	0	0	0	539	474	
4	0	0	0	0	531	468	
5	0	0	0	0	526	465	
6	0	0	0	0	521	467	
7	0	0	0	0	519	471	
8	0	0	0	0	520	475	
9	0	0	0	0	524	478	
10	0	0	0	0	528	484	
11	0	0	0	0	529	488	
12	0	0	0	0	526	487	
13	0	0	0	0	523	485	
14	0	0	0	0	521	483	
15	0	0	0	0	518	483	
0	0	0	0	0	514	488	
1	0	0	0	0	515	495	
2	0	0	0	0	515	498	
3	0	0	0	0	516	502	
4	0	0	0	0	519	503	
5	0	0	0	0	517	500	
6	0	0	0	0	511	496	
7	0	0	0	0	504	490	
8	0	0	0	0	494	483	
9	0	0	0	0	483	477	
10	0	0	0	0	473	473	
11	0	0	0	0	468	471	
12	0	0	0	0	466	471	
13	0	0	0	0	464	473	
14	0	0	0	0	468	479	
15	0	0	0	0	474	479	
0	0	0	0	0	480	480	
1	0	0	0	0	485	483	
2	0	0	0	0	487	485	
3	0	0	0	0	484	488	
4	0	0	0	0	477	490	
5	0	0	0	0	466	489	
6	0	0	0	0	455	488	
7	0	0	0	0	448	488	
8	0	0	0	0	444	493	
9	0	0	0	0	441	502	
10	0	0	0	0	440	510	
11	0	0	0	0	444	519	
12	0	0	0	0	450	532	
13	0	0	0	0	455	545	
14	0	0	0	0	461	557	
15	0	0	0	0	463	569	
0	0	0	0	0	467	575	
1	0	0	0	0	467	580	
2	0	0	0	0	470	579	
3	0	0	0	0	472	576	
4	0	0	0	0	473	571	
5	0	0	0	0	471	564	
6	0	0	0	0	472	561	
7	0	0	0	0	472	557	
8	0	0	0	0	469	553	
9	0	0	0	0	468	551	
10	0	0	0	0	466	548	
11	0	0	0	0	467	547	
12	0	0	0	0	475	542	
13	0	0	0	0	485	542	
14	0	0	0	0	493	547	
15	0	0	0	0	497	554	
0	0	0	0	0	500	561	
1	0	0	0	0	501	568	
2	0	0	0	0	500	573	
3	0	0	0	0	498	579	
4	0	0	0	0	491	578	
5	0	0	0	0	479	575	
6	0	0	0	0	466	568	
7	0	0	0	0	457	562	
8	0	0	0	0	448	554	
9	0	0	0	0	444	545	
10	0	0	0	0	442	532	
11	0	0	0	0	441	521	
12	0	0	0	0	440	512	
13	0	0	0	0	439	508	
14	0	0	0	0	441	507	
15	0	0	0	0	441	503	
0	0	0	0	0	443	502	
1	0	0	0	0	447	502	
2	0	0	0	0	452	510	
3	0	0	0	0	462	524	
4	0	0	0	0	469	539	
5	0	0	0	0	475	556	
6	0	0	0	0	481	568	
7	0	0	0	0	487	580	
8	0	0	0	0	487	589	
9	0	0	0	0	487	592	
10	0	0	0	0	487	591	
11	0	0	0	0	480	588	
12	0	0	0	0	474	583	
13	0	0	0	0	473	575	
14	0	0	0	0	472	563	
15	0	0	0	0	469	555	
0	0	0	0	0	463	547	
1	0	0	0	0	460	542	
2	0	0	0	0	459	539	
3	0	0	0	0	459	533	
4	0	0	0	0	460	526	
5	0	0	0	0	460	516	
6	0	0	0	0	461	508	
7	0	0	0	0	464	503	
8	0	0	0	0	467	500	
9	0	0	0	0	471	500	
10	0	0	0	0	474	498	
11	0	0	0	0	474	492	
12	0	0	0	0	471	487	
13	0	0	0	0	471	481	
14	0	0	0	0	471	475	
15	0	0	0	0	474	472	
0	0	0	0	0	477	473	
1	0	0	0	0	480	476	
2	0	0	0	0	483	476	
3	0	0	0	0	489	476	
4	0	0	0	0	493	476	
5	0	0	0	0	495	472	
6	0	0	0	0	500	465	
7	0	0	0	0	508	454	
8	0	0	0	0	519	450	
9	0	0	0	0	527	449	
10	0	0	0	0	530	447	
11	0	0	0	0	529	448	
12	0	0	0	0	527	454	
13	0	0	0	0	520	456	
14	0	0	0	0	511	459	
15	0	0	0	0	501	459	
0	0	0	0	0	493	458	
1	0	0	0	0	486	457	
2	0	0	0	0	481	456	
3	0	0	0	0	479	460	
4	0	0	0	0	478	469	
5	0	0	0	0	480	478	
6	0	0	0	0	480	479	
7	0	0	0	0	479	479	
8	0	0	0	0	478	476	
9	0	0	0	0	473	472	
10	0	0	0	0	469	467	
11	0	0	0	0	465	462	
12	0	0	0	0	463	457	
13	0	0	0	0	467	454	
14	0	0	0	0	473	449	
15	0	0	0	0	480	450	
0	0	0	0	0	487	455	
1	0	0	0	0	488	459	
2	0	0	0	0	488	463	
3	0	0	0	0	484	465	
4	0	0	0	0	481	464	
5	0	0	0	0	473	460	
6	0	0	0	0	466	454	
7	0	0	0	0	459	454	
8	0	0	0	0	455	461	
9	0	0	0	0	456	468	
10	0	0	0	0	462	476	
11	0	0	0	0	470	486	
12	0	0	0	0	475	496	
13	0	0	0	0	480	508	
14	0	0	0	0	487	512	
15	0	0	0	0	492	519	
0	0	0	0	0	499	527	
1	0	0	0	0	504	536	
2	0	0	0	0	505	547	
3	0	0	0	0	503	553	
4	0	0	0	0	496	556	
5	0	0	0	0	490	557	
6	0	0	0	0	487	561	
7	0	0	0	0	488	564	
8	0	0	0	0	495	567	
9	0	0	0	0	499	564	
10	0	0	0	0	502	558	
11	0	0	0	0	504	551	
12	0	0	0	0	505	545	
13	0	0	0	0	503	542	
14	0	0	0	0	500	541	
15	0	0	0	0	495	538	
0	0	0	0	0	492	534	
1	0	0	0	0	488	527	
2	0	0	0	0	485	522	
3	0	0	0	0	486	518	
4	0	0	0	0	483	513	
5	0	0	0	0	482	509	
6	0	0	0	0	480	509	
7	0	0	0	0	476	511	
8	0	0	0	0	470	512	
9	0	0	0	0	463	515	
10	0	0	0	0	457	516	
11	0	0	0	0	452	515	
12	0	0	0	0	448	514	
13	0	0	0	0	448	516	
14	0	0	0	0	455	515	
15	0	0	0	0	467	518	
0	0	0	0	0	480	516	
1	0	0	0	0	491	516	
2	0	0	0	0	500	515	
3	0	0	0	0	506	512	
4	0	0	0	0	513	508	
5	0	0	0	0	522	503	
6	0	0	0	0	530	499	
7	0	0	0	0	534	500	
8	0	0	0	0	535	499	
9	0	0	0	0	536	499	
10	0	0	0	0	537	499	
11	0	0	0	0	539	501	
12	0	0	0	0	541	505	
13	0	0	0	0	543	508	
14	0	0	0	0	544	509	
15	0	0	0	0	543	511	
0	0	0	0	0	544	513	
1	0	0	0	0	547	517	
2	0	0	0	0	551	524	
3	0	0	0	0	555	533	
4	0	0	0	0	552	543	
5	0	0	0	0	547	556	
6	0	0	0	0	543	563	
7	0	0	0	0	535	565	
8	0	0	0	0	529	561	
9	0	0	0	0	523	555	
10	0	0	0	0	517	545	
11	0	0	0	0	513	533	
12	0	0	0	0	510	519	
13	0	0	0	0	512	504	
14	0	0	0	0	516	492	
15	0	0	0	0	520	487	
0	0	0	0	0	519	482	
1	0	0	0	0	519	476	
2	0	0	0	0	515	473	
3	0	0	0	0	514	469	
4	0	0	0	0	515	468	
5	0	0	0	0	514	469	
6	0	0	0	0	515	472	
7	0	0	0	0	514	474	
8	0	0	0	0	513	479	
9	0	0	0	0	511	488	
10	0	0	0	0	507	497	
11	0	0	0	0	504	503	
12	0	0	0	0	501	507	
13	0	0	0	0	500	508	
14	0	0	0	0	501	508	
15	0	0	0	0	505	506	
0	0	0	0	0	508	503	
1	0	0	0	0	507	497	
2	0	0	0	0	504	493	
3	0	0	0	0	499	491	
4	0	0	0	0	495	485	
5	0	0	0	0	493	478	
6	0	0	0	0	490	473	
7	0	0	0	0	487	467	
8	0	0	0	0	481	463	
9	0	0	0	0	479	459	
10	0	0	0	0	476	458	
11	0	0	0	0	475	458	
12	0	0	0	0	474	453	
13	0	0	0	0	473	449	
14	0	0	0	0	473	449	
15	0	0	0	0	476	451	
0	0	0	0	0	478	449	
1	0	0	0	0	480	444	
2	0	0	0	0	483	440	
3	0	0	0	0	485	435	
4	0	0	0	0	489	430	
5	0	0	0	0	493	429	
6	0	0	0	0	495	425	
7	0	0	0	0	496	424	
8	0	0	0	0	493	424	
9	0	0	0	0	493	431	
10	0	0	0	0	494	439	
11	0	0	0	0	494	446	
12	0	0	0	0	494	455	
13	0	0	0	0	498	463	
14	0	0	0	0	502	471	
15	0	0	0	0	506	479	
0	0	0	0	0	510	484	
1	0	0	0	0	513	484	
2	0	0	0	0	517	482	
3	0	0	0	0	524	476	
4	0	0	0	0	524	470	
5	0	0	0	0	521	471	
6	0	0	0	0	518	475	
7	0	0	0	0	512	479	
8	0	0	0	0	509	484	
9	0	0	0	0	504	489	
10	0	0	0	0	500	493	
11	0	0	0	0	495	496	
12	0	0	0	0	494	499	
13	0	0	0	0	493	503	
14	0	0	0	0	493	504	
15	0	0	0	0	494	504	
0	0	0	0	0	494	500	
1	0	0	0	0	495	496	
2	0	0	0	0	498	493	
3	0	0	0	0	499	490	
4	0	0	0	0	499	491	
5	0	0	0	0	502	489	
6	0	0	0	0	504	487	
7	0	0	0	0	505	480	
8	0	0	0	0	506	472	
9	0	0	0	0	505	468	
10	0	0	0	0	503	467	
11	0	0	0	0	497	466	
12	0	0	0	0	489	468	
13	0	0	0	0	481	473	
14	0	0	0	0	479	479	
15	0	0	0	0	476	483	
0	0	0	0	0	473	484	
1	0	0	0	0	469	484	
2	0	0	0	0	470	484	
3	0	0	0	0	473	487	
4	0	0	0	0	478	491	
5	0	0	0	0	486	495	
6	0	0	0	0	495	498	
7	0	0	0	0	506	496	
8	0	0	0	0	519	488	
9	0	0	0	0	533	482	
10	0	0	0	0	543	479	
11	0	0	0	0	549	476	
12	0	0	0	0	553	468	
13	0	0	0	0	556	462	
14	0	0	0	0	556	456	
15	0	0	0	0	557	450	
0	0	0	0	0	559	448	
1	0	0	0	0	559	448	
2	0	0	0	0	560	448	
3	0	0	0	0	560	452	
4	0	0	0	0	559	460	
5	0	0	0	0	556	466	
6	0	0	0	0	549	475	
7	0	0	0	0	546	484	
8	0	0	0	0	547	496	
9	0	0	0	0	548	504	
10	0	0	0	0	548	507	
11	0	0	0	0	547	511	
12	0	0	0	0	546	515	
13	0	0	0	0	544	516	
14	0	0	0	0	540	517	
15	0	0	0	0	533	521	
0	0	0	0	0	524	525	
1	0	0	0	0	518	527	
2	0	0	0	0	510	527	
3	0	0	0	0	502	521	
4	0	0	0	0	494	515	
5	0	0	0	0	490	508	
6	0	0	0	0	489	503	
7	0	0	0	0	489	497	
8	0	0	0	0	485	491	
9	0	0	0	0	488	484	
10	0	0	0	0	489	481	
11	0	0	0	0	492	479	
12	0	0	0	0	497	477	
13	0	0	0	0	502	475	
14	0	0	0	0	505	475	
15	0	0	0	0	509	476	
0	0	0	0	0	511	478	
1	0	0	0	0	515	480	
2	0	0	0	0	518	481	
3	0	0	0	0	524	479	
4	0	0	0	0	525	478	
5	0	0	0	0	519	476	
6	0	0	0	0	510	472	
7	0	0	0	0	499	464	
8	0	0	0	0	489	460	
9	0	0	0	0	480	460	
10	0	0	0	0	473	460	
11	0	0	0	0	472	465	
12	0	0	0	0	473	471	
13	0	0	0	0	473	473	
14	0	0	0	0	472	471	
15	0	0	0	0	476	468	
0	0	0	0	0	486	471	
1	0	0	0	0	495	472	
2	0	0	0	0	503	471	
3	0	0	0	0	509	467	
4	0	0	0	0	512	462	
5	0	0	0	0	515	460	
6	0	0	0	0	517	457	
7	0	0	0	0	517	458	
8	0	0	0	0	513	462	
9	0	0	0	0	510	464	
10	0	0	0	0	508	467	
11	0	0	0	0	503	469	
12	0	0	0	0	499	471	
13	0	0	0	0	497	468	
14	0	0	0	0	493	465	
15	0	0	0	0	487	460	
0	0	0	0	0	483	454	
1	0	0	0	0	482	451	
2	0	0	0	0	481	455	
3	0	0	0	0	479	457	
4	0	0	0	0	474	455	
5	0	0	0	0	471	451	
6	0	0	0	0	466	449	
7	0	0	0	0	463	449	
8	0	0	0	0	464	451	
9	0	0	0	0	466	459	
10	0	0	0	0	467	467	
11	0	0	0	0	472	485	
12	0	0	0	0	480	503	
13	0	0	0	0	488	518	
14	0	0	0	0	494	523	
15	0	0	0	0	496	519	
0	0	0	0	0	498	509	
1	0	0	0	0	498	496	
2	0	0	0	0	500	479	
3	0	0	0	0	505	462	
4	0	0	0	0	510	446	
5	0	0	0	0	515	435	
6	0	0	0	0	516	428	
7	0	0	0	0	515	427	
8	0	0	0	0	512	429	
9	0	0	0	0	506	428	
10	0	0	0	0	499	428	
11	0	0	0	0	493	428	
12	0	0	0	0	485	430	
13	0	0	0	0	480	438	
14	0	0	0	0	477	444	
15	0	0	0	0	479	452	
0	0	0	0	0	481	461	
1	0	0	0	0	481	467	
2	0	0	0	0	483	472	
3	0	0	0	0	481	481	
4	0	0	0	0	480	496	
5	0	0	0	0	478	509	
6	0	0	0	0	476	516	
7	0	0	0	0	479	519	
8	0	0	0	0	481	520	
9	0	0	0	0	485	524	
10	0	0	0	0	489	530	
11	0	0	0	0	493	537	
12	0	0	0	0	502	538	
13	0	0	0	0	511	535	
14	0	0	0	0	521	527	
15	0	0	0	0	529	515	
0	0	0	0	0	531	504	
1	0	0	0	0	533	495	
2	0	0	0	0	531	485	
3	0	0	0	0	526	474	
4	0	0	0	0	519	466	
5	0	0	0	0	518	456	
6	0	0	0	0	518	446	
7	0	0	0	0	519	436	
8	0	0	0	0	517	420	
9	0	0	0	0	515	406	
10	0	0	0	0	515	397	
11	0	0	0	0	521	391	
12	0	0	0	0	529	390	
13	0	0	0	0	536	391	
14	0	0	0	0	543	398	
15	0	0	0	0	547	407	
0	0	0	0	0	544	413	
1	0	0	0	0	536	423	
2	0	0	0	0	525	430	
3	0	0	0	0	513	439	
4	0	0	0	0	503	448	
5	0	0	0	0	497	457	
6	0	0	0	0	494	464	
7	0	0	0	0	496	467	
8	0	0	0	0	505	470	
9	0	0	0	0	512	469	
10	0	0	0	0	523	468	
11	0	0	0	0	533	463	
12	0	0	0	0	542	456	
13	0	0	0	0	550	449	
14	0	0	0	0	556	448	
15	0	0	0	0	558	449	
0	0	0	0	0	554	450	
1	0	0	0	0	548	457	
2	0	0	0	0	543	463	
3	0	0	0	0	537	467	
4	0	0	0	0	531	467	
5	0	0	0	0	522	468	
6	0	0	0	0	513	471	
7	0	0	0	0	501	468	
8	0	0	0	0	488	463	
9	0	0	0	0	476	455	
10	0	0	0	0	468	450	
11	0	0	0	0	461	451	
12	0	0	0	0	455	449	
13	0	0	0	0	451	446	
14	0	0	0	0	452	446	
15	0	0	0	0	456	444	
0	0	0	0	0	464	440	
1	0	0	0	0	474	439	
2	0	0	0	0	487	440	
3	0	0	0	0	503	440	
4	0	0	0	0	518	444	
5	0	0	0	0	533	446	
6	0	0	0	0	549	451	
7	0	0	0	0	559	454	
8	0	0	0	0	564	460	
9	0	0	0	0	564	472	
10	0	0	0	0	561	484	
11	0	0	0	0	556	499	
12	0	0	0	0	550	512	
13	0	0	0	0	540	522	
14	0	0	0	0	535	527	
15	0	0	0	0	531	531	
0	0	0	0	0	527	529	
1	0	0	0	0	523	525	
2	0	0	0	0	516	519	
3	0	0	0	0	508	515	
4	0	0	0	0	503	515	
5	0	0	0	0	499	517	
6	0	0	0	0	494	522	
7	0	0	0	0	484	528	
8	0	0	0	0	473	538	
9	0	0	0	0	463	551	
10	0	0	0	0	448	559	
11	0	0	0	0	437	569	
12	0	0	0	0	433	586	
13	0	0	0	0	433	604	
14	0	0	0	0	434	618	
15	0	0	0	0	437	629	
0	0	0	0	0	445	638	
1	0	0	0	0	459	640	
2	0	0	0	0	472	635	
3	0	0	0	0	485	630	
4	0	0	0	0	492	623	
5	0	0	0	0	493	612	
6	0	0	0	0	493	599	
7	0	0	0	0	488	583	
8	0	0	0	0	481	571	
9	0	0	0	0	476	569	
10	0	0	0	0	474	571	
11	0	0	0	0	477	569	
12	0	0	0	0	480	564	
13	0	0	0	0	484	560	
14	0	0	0	0	489	556	
15	0	0	0	0	495	555	
0	0	0	0	0	500	553	
1	0	0	0	0	504	555	
2	0	0	0	0	504	557	
3	0	0	0	0	501	559	
4	0	0	0	0	499	558	
5	0	0	0	0	499	561	
6	0	0	0	0	500	566	
7	0	0	0	0	499	567	
8	0	0	0	0	497	564	
9	0	0	0	0	498	560	
10	0	0	0	0	503	555	
11	0	0	0	0	501	549	
12	0	0	0	0	500	545	
13	0	0	0	0	500	546	
14	0	0	0	0	503	548	
15	0	0	0	0	506	554	
0	0	0	0	0	511	557	
1	0	0	0	0	518	558	
2	0	0	0	0	521	555	
3	0	0	0	0	523	548	
4	0	0	0	0	520	543	
5	0	0	0	0	513	537	
6	0	0	0	0	506	531	
7	0	0	0	0	497	527	
8	0	0	0	0	489	524	
9	0	0	0	0	482	523	
10	0	0	0	0	479	521	
11	0	0	0	0	482	523	
12	0	0	0	0	486	528	
13	0	0	0	0	491	532	
14	0	0	0	0	495	535	
15	0	0	0	0	498	542	
0	0	0	0	0	501	547	
1	0	0	0	0	501	553	
2	0	0	0	0	499	557	
3	0	0	0	0	500	560	
4	0	0	0	0	503	563	
5	0	0	0	0	506	569	
6	0	0	0	0	509	577	
7	0	0	0	0	511	584	
8	0	0	0	0	512	592	
9	0	0	0	0	513	603	
10	0	0	0	0	513	611	
11	0	0	0	0	515	617	
12	0	0	0	0	513	620	
13	0	0	0	0	511	619	
14	0	0	0	0	511	616	
15	0	0	0	0	511	614	
0	0	0	0	0	515	605	
1	0	0	0	0	520	595	
2	0	0	0	0	528	585	
3	0	0	0	0	536	578	
4	0	0	0	0	536	574	
5	0	0	0	0	535	569	
6	0	0	0	0	531	564	
7	0	0	0	0	529	561	
8	0	0	0	0	526	557	
9	0	0	0	0	523	554	
10	0	0	0	0	519	552	
11	0	0	0	0	515	549	
12	0	0	0	0	508	543	
13	0	0	0	0	502	537	
14	0	0	0	0	498	531	
15	0	0	0	0	497	527	
0	0	0	0	0	501	519	
1	0	0	0	0	507	511	
2	0	0	0	0	510	505	
3	0	0	0	0	512	503	
4	0	0	0	0	513	502	
5	0	0	0	0	512	501	
6	0	0	0	0	509	502	
7	0	0	0	0	509	503	
8	0	0	0	0	507	504	
9	0	0	0	0	505	511	
10	0	0	0	0	511	520	
11	0	0	0	0	513	530	
12	0	0	0	0	513	537	
13	0	0	0	0	512	546	
14	0	0	0	0	511	560	
15	0	0	0	0	511	577	
0	0	0	0	0	515	592	
1	0	0	0	0	516	606	
2	0	0	0	0	514	618	
3	0	0	0	0	508	623	
4	0	0	0	0	499	624	
5	0	0	0	0	492	624	
6	0	0	0	0	485	616	
7	0	0	0	0	481	606	
8	0	0	0	0	477	592	
9	0	0	0	0	473	573	
10	0	0	0	0	474	556	
11	0	0	0	0	476	541	
12	0	0	0	0	477	524	
13	0	0	0	0	478	508	
14	0	0	0	0	478	492	
15	0	0	0	0	479	476	
0	0	0	0	0	479	467	
1	0	0	0	0	481	466	
2	0	0	0	0	485	471	
3	0	0	0	0	489	476	
4	0	0	0	0	496	479	
5	0	0	0	0	500	477	
6	0	0	0	0	503	473	
7	0	0	0	0	507	471	
8	0	0	0	0	512	475	
9	0	0	0	0	521	479	
10	0	0	0	0	529	486	
11	0	0	0	0	531	501	
12	0	0	0	0	530	514	
13	0	0	0	0	521	518	
14	0	0	0	0	511	518	
15	0	0	0	0	498	519	
0	0	0	0	0	486	516	
1	0	0	0	0	473	516	
2	0	0	0	0	460	518	
3	0	0	0	0	450	522	
4	0	0	0	0	449	531	
5	0	0	0	0	447	538	
6	0	0	0	0	446	547	
7	0	0	0	0	450	556	
8	0	0	0	0	457	564	
9	0	0	0	0	465	568	
10	0	0	0	0	473	568	
11	0	0	0	0	484	568	
12	0	0	0	0	495	568	
13	0	0	0	0	505	566	
14	0	0	0	0	515	562	
15	0	0	0	0	520	563	
0	0	0	0	0	520	563	
1	0	0	0	0	515	560	
2	0	0	0	0	506	556	
3	0	0	0	0	495	545	
4	0	0	0	0	487	532	
5	0	0	0	0	481	522	
6	0	0	0	0	478	513	
7	0	0	0	0	477	508	
8	0	0	0	0	475	502	
9	0	0	0	0	472	502	
10	0	0	0	0	469	504	
11	0	0	0	0	471	511	
12	0	0	0	0	470	514	
13	0	0	0	0	468	511	
14	0	0	0	0	468	507	
15	0	0	0	0	467	497	
0	0	0	0	0	469	492	
1	0	0	0	0	473	487	
2	0	0	0	0	480	485	
3	0	0	0	0	491	486	
4	0	0	0	0	500	491	
5	0	0	0	0	505	502	
6	0	0	0	0	508	515	
7	0	0	0	0	513	529	
8	0	0	0	0	519	540	
9	0	0	0	0	526	542	
10	0	0	0	0	531	536	
11	0	0	0	0	538	525	
12	0	0	0	0	544	516	
13	0	0	0	0	549	509	
14	0	0	0	0	554	505	
15	0	0	0	0	557	504	
0	0	0	0	0	562	510	
1	0	0	0	0	565	517	
2	0	0	0	0	571	523	
3	0	0	0	0	577	532	
4	0	0	0	0	583	542	
5	0	0	0	0	585	550	
6	0	0	0	0	579	551	
7	0	0	0	0	571	554	
8	0	0	0	0	560	558	
9	0	0	0	0	554	562	
10	0	0	0	0	545	565	
11	0	0	0	0	532	566	
12	0	0	0	0	523	565	
13	0	0	0	0	512	556	
14	0	0	0	0	502	543	
15	0	0	0	0	493	530	
0	0	0	0	0	487	521	
1	0	0	0	0	483	516	
2	0	0	0	0	483	510	
3	0	0	0	0	484	506	
4	0	0	0	0	484	503	
5	0	0	0	0	487	501	
6	0	0	0	0	491	500	
7	0	0	0	0	494	502	
8	0	0	0	0	495	509	
9	0	0	0	0	499	521	
10	0	0	0	0	500	533	
11	0	0	0	0	499	540	
12	0	0	0	0	498	545	
13	0	0	0	0	497	548	
14	0	0	0	0	499	548	
15	0	0	0	0	502	550	
0	0	0	0	0	508	556	
1	0	0	0	0	514	563	
2	0	0	0	0	523	569	
3	0	0	0	0	528	571	
4	0	0	0	0	534	568	
5	0	0	0	0	537	561	
6	0	0	0	0	536	556	
7	0	0	0	0	534	555	
8	0	0	0	0	530	551	
9	0	0	0	0	525	545	
10	0	0	0	0	521	537	
11	0	0	0	0	517	532	
12	0	0	0	0	512	524	
13	0	0	0	0	510	523	
14	0	0	0	0	511	521	
15	0	0	0	0	516	518	
0	0	0	0	0	523	518	
1	0	0	0	0	527	521	
2	0	0	0	0	529	524	
3	0	0	0	0	527	524	
4	0	0	0	0	527	522	
5	0	0	0	0	528	515	
6	0	0	0	0	531	503	
7	0	0	0	0	536	492	
8	0	0	0	0	544	485	
9	0	0	0	0	550	483	
10	0	0	0	0	551	487	
11	0	0	0	0	551	498	
12	0	0	0	0	549	511	
13	0	0	0	0	544	519	
14	0	0	0	0	537	525	
15	0	0	0	0	533	531	
0	0	0	0	0	529	534	
1	0	0	0	0	523	536	
2	0	0	0	0	514	537	
3	0	0	0	0	507	538	
4	0	0	0	0	500	538	
5	0	0	0	0	496	542	
6	0	0	0	0	491	541	
7	0	0	0	0	484	543	
8	0	0	0	0	482	546	
9	0	0	0	0	479	551	
10	0	0	0	0	474	559	
11	0	0	0	0	467	566	
12	0	0	0	0	457	570	
13	0	0	0	0	451	572	
14	0	0	0	0	451	568	
15	0	0	0	0	450	559	
0	0	0	0	0	452	550	
1	0	0	0	0	456	540	
2	0	0	0	0	459	538	
3	0	0	0	0	456	542	
4	0	0	0	0	454	543	
5	0	0	0	0	455	545	
6	0	0	0	0	460	542	
7	0	0	0	0	464	531	
8	0	0	0	0	470	520	
9	0	0	0	0	478	515	
10	0	0	0	0	489	513	
11	0	0	0	0	499	513	
12	0	0	0	0	506	516	
13	0	0	0	0	510	518	
14	0	0	0	0	512	516	
15	0	0	0	0	516	514	
0	0	0	0	0	516	512	
1	0	0	0	0	515	510	
2	0	0	0	0	511	508	
3	0	0	0	0	510	510	
4	0	0	0	0	508	512	
5	0	0	0	0	505	513	
6	0	0	0	0	504	516	
7	0	0	0	0	501	519	
8	0	0	0	0	498	521	
9	0	0	0	0	494	523	
10	0	0	0	0	493	518	
11	0	0	0	0	491	515	
12	0	0	0	0	490	515	
13	0	0	0	0	493	518	
14	0	0	0	0	494	516	
15	0	0	0	0	500	513	
0	0	0	0	0	505	512	
1	0	0	0	0	505	506	
2	0	0	0	0	504	498	
3	0	0	0	0	505	492	
4	0	0	0	0	509	489	
5	0	0	0	0	513	491	
6	0	0	0	0	516	495	
7	0	0	0	0	519	502	
8	0	0	0	0	522	507	
9	0	0	0	0	527	511	
10	0	0	0	0	531	510	
11	0	0	0	0	531	511	
12	0	0	0	0	530	509	
13	0	0	0	0	527	505	
14	0	0	0	0	525	502	
15	0	0	0	0	522	498	
0	0	0	0	0	516	494	
1	0	0	0	0	509	491	
2	0	0	0	0	500	487	
3	0	0	0	0	491	482	
4	0	0	0	0	481	480	
5	0	0	0	0	473	481	
6	0	0	0	0	472	487	
7	0	0	0	0	475	498	
8	0	0	0	0	481	507	
9	0	0	0	0	492	511	
10	0	0	0	0	496	516	
11	0	0	0	0	500	525	
12	0	0	0	0	503	529	
13	0	0	0	0	505	529	
14	0	0	0	0	508	523	
15	0	0	0	0	507	517	
0	0	0	0	0	503	516	
1	0	0	0	0	500	517	
2	0	0	0	0	496	518	
3	0	0	0	0	495	521	
4	0	0	0	0	493	524	
5	0	0	0	0	490	526	
6	0	0	0	0	486	520	
7	0	0	0	0	484	512	
8	0	0	0	0	483	501	
9	0	0	0	0	480	489	
10	0	0	0	0	480	478	
11	0	0	0	0	481	471	
12	0	0	0	0	488	467	
13	0	0	0	0	499	466	
14	0	0	0	0	508	468	
15	0	0	0	0	516	472	
0	0	0	0	0	526	472	
1	0	0	0	0	531	477	
2	0	0	0	0	534	484	
3	0	0	0	0	531	489	
4	0	0	0	0	530	496	
5	0	0	0	0	530	503	
6	0	0	0	0	531	506	
7	0	0	0	0	534	504	
8	0	0	0	0	534	498	
9	0	0	0	0	538	493	
10	0	0	0	0	543	487	
11	0	0	0	0	547	479	
12	0	0	0	0	550	472	
13	0	0	0	0	549	464	
14	0	0	0	0	550	463	
15	0	0	0	0	551	468	
0	0	0	0	0	553	479	
1	0	0	0	0	559	490	
2	0	0	0	0	566	500	
3	0	0	0	0	570	515	
4	0	0	0	0	577	529	
5	0	0	0	0	585	538	
6	0	0	0	0	594	544	
7	0	0	0	0	597	547	
8	0	0	0	0	600	548	
9	0	0	0	0	600	547	
10	0	0	0	0	595	540	
11	0	0	0	0	589	537	
12	0	0	0	0	581	528	
13	0	0	0	0	568	516	
14	0	0	0	0	558	505	
15	0	0	0	0	550	502	
0	0	0	0	0	543	504	
1	0	0	0	0	537	508	
2	0	0	0	0	530	514	
3	0	0	0	0	525	515	
4	0	0	0	0	518	513	
5	0	0	0	0	512	513	
6	0	0	0	0	512	513	
7	0	0	0	0	516	514	
8	0	0	0	0	524	511	
9	0	0	0	0	534	509	
10	0	0	0	0	543	507	
11	0	0	0	0	553	503	
12	0	0	0	0	562	501	
13	0	0	0	0	567	505	
14	0	0	0	0	573	511	
15	0	0	0	0	576	515	
0	0	0	0	0	579	518	
1	0	0	0	0	578	519	
2	0	0	0	0	577	516	
3	0	0	0	0	570	512	
4	0	0	0	0	566	507	
5	0	0	0	0	559	505	
6	0	0	0	0	554	509	
7	0	0	0	0	551	517	
8	0	0	0	0	550	520	
9	0	0	0	0	552	525	
10	0	0	0	0	556	527	
11	0	0	0	0	561	528	
12	0	0	0	0	563	534	
13	0	0	0	0	564	537	
14	0	0	0	0	563	539	
15	0	0	0	0	562	539	
0	0	0	0	0	561	535	
1	0	0	0	0	561	527	
2	0	0	0	0	555	520	
3	0	0	0	0	547	516	
4	0	0	0	0	543	510	
5	0	0	0	0	540	504	
6	0	0	0	0	537	505	
7	0	0	0	0	536	509	
8	0	0	0	0	537	510	
9	0	0	0	0	539	510	
10	0	0	0	0	545	510	
11	0	0	0	0	552	510	
12	0	0	0	0	554	512	
13	0	0	0	0	559	517	
14	0	0	0	0	567	524	
15	0	0	0	0	572	526	
0	0	0	0	0	572	529	
1	0	0	0	0	572	529	
2	0	0	0	0	572	531	
3	0	0	0	0	569	533	
4	0	0	0	0	567	536	
5	0	0	0	0	565	538	
6	0	0	0	0	564	538	
7	0	0	0	0	559	536	
8	0	0	0	0	553	536	
9	0	0	0	0	548	544	
10	0	0	0	0	544	553	
11	0	0	0	0	537	558	
12	0	0	0	0	531	552	
13	0	0	0	0	529	545	
14	0	0	0	0	528	539	
15	0	0	0	0	530	538	
0	0	0	0	0	531	536	
1	0	0	0	0	533	536	
2	0	0	0	0	536	529	
3	0	0	0	0	537	520	
4	0	0	0	0	539	511	
5	0	0	0	0	536	505	
6	0	0	0	0	531	502	
7	0	0	0	0	528	501	
8	0	0	0	0	526	501	
9	0	0	0	0	527	501	
10	0	0	0	0	525	500	
11	0	0	0	0	523	498	
12	0	0	0	0	515	499	
13	0	0	0	0	505	500	
14	0	0	0	0	495	499	
15	0	0	0	0	482	491	
0	0	0	0	0	472	479	
1	0	0	0	0	461	472	
2	0	0	0	0	456	472	
3	0	0	0	0	456	475	
4	0	0	0	0	457	479	
5	0	0	0	0	461	481	
6	0	0	0	0	467	483	
7	0	0	0	0	476	482	
8	0	0	0	0	484	483	
9	0	0	0	0	490	483	
10	0	0	0	0	492	486	
11	0	0	0	0	493	487	
12	0	0	0	0	496	488	
13	0	0	0	0	499	487	
14	0	0	0	0	501	481	
15	0	0	0	0	506	470	
0	0	0	0	0	512	460	
1	0	0	0	0	518	452	
2	0	0	0	0	524	450	
3	0	0	0	0	531	452	
4	0	0	0	0	540	457	
5	0	0	0	0	540	461	
6	0	0	0	0	539	464	
7	0	0	0	0	533	468	
8	0	0	0	0	527	475	
9	0	0	0	0	520	476	
10	0	0	0	0	514	476	
11	0	0	0	0	510	476	
12	0	0	0	0	505	476	
13	0	0	0	0	502	476	
14	0	0	0	0	501	477	
15	0	0	0	0	503	479	
0	0	0	0	0	504	477	
1	0	0	0	0	509	477	
2	0	0	0	0	516	479	
3	0	0	0	0	520	481	
4	0	0	0	0	521	483	
5	0	0	0	0	519	485	
6	0	0	0	0	516	487	
7	0	0	0	0	514	490	
8	0	0	0	0	510	492	
9	0	0	0	0	507	492	
10	0	0	0	0	505	493	
11	0	0	0	0	505	496	
12	0	0	0	0	505	499	
13	0	0	0	0	512	503	
14	0	0	0	0	516	508	
15	0	0	0	0	522	513	
0	0	0	0	0	525	520	
1	0	0	0	0	529	527	
2	0	0	0	0	529	537	
3	0	0	0	0	527	543	
4	0	0	0	0	526	541	
5	0	0	0	0	521	532	
6	0	0	0	0	513	518	
7	0	0	0	0	510	505	
8	0	0	0	0	511	496	
9	0	0	0	0	512	487	
10	0	0	0	0	517	483	
11	0	0	0	0	522	478	
12	0	0	0	0	529	472	
13	0	0	0	0	540	468	
14	0	0	0	0	544	468	
15	0	0	0	0	547	470	
0	0	0	0	0	547	475	
1	0	0	0	0	547	478	
2	0	0	0	0	548	476	
3	0	0	0	0	546	475	
4	0	0	0	0	543	473	
5	0	0	0	0	536	472	
6	0	0	0	0	529	477	
7	0	0	0	0	526	481	
8	0	0	0	0	520	485	
9	0	0	0	0	512	488	
10	0	0	0	0	509	491	
11	0	0	0	0	507	497	
12	0	0	0	0	507	503	
13	0	0	0	0	506	509	
14	0	0	0	0	502	516	
15	0	0	0	0	497	521	
0	0	0	0	0	494	524	
1	0	0	0	0	489	521	
2	0	0	0	0	487	516	
3	0	0	0	0	487	512	
4	0	0	0	0	488	507	
5	0	0	0	0	489	501	
6	0	0	0	0	489	496	
7	0	0	0	0	489	492	
8	0	0	0	0	488	491	
9	0	0	0	0	486	485	
10	0	0	0	0	483	480	
11	0	0	0	0	483	473	
12	0	0	0	0	484	471	
13	0	0	0	0	486	475	
14	0	0	0	0	484	483	
15	0	0	0	0	484	494	
0	0	0	0	0	489	498	
1	0	0	0	0	495	497	
2	0	0	0	0	501	496	
3	0	0	0	0	502	493	
4	0	0	0	0	502	489	
5	0	0	0	0	502	487	
6	0	0	0	0	500	490	
7	0	0	0	0	498	497	
8	0	0	0	0	497	505	
9	0	0	0	0	501	505	
10	0	0	0	0	500	503	
11	0	0	0	0	496	500	
12	0	0	0	0	495	492	
13	0	0	0	0	492	485	
14	0	0	0	0	487	473	
15	0	0	0	0	485	462	
0	0	0	0	0	483	454	
1	0	0	0	0	478	448	
2	0	0	0	0	473	447	
3	0	0	0	0	468	446	
4	0	0	0	0	470	448	
5	0	0	0	0	475	451	
6	0	0	0	0	481	454	
7	0	0	0	0	485	457	
8	0	0	0	0	488	465	
9	0	0	0	0	488	482	
10	0	0	0	0	491	500	
11	0	0	0	0	497	512	
12	0	0	0	0	503	520	
13	0	0	0	0	504	529	
14	0	0	0	0	502	532	
15	0	0	0	0	498	535	
0	0	0	0	0	495	538	
1	0	0	0	0	488	543	
2	0	0	0	0	480	544	
3	0	0	0	0	474	542	
4	0	0	0	0	473	542	
5	0	0	0	0	475	545	
6	0	0	0	0	479	552	
7	0	0	0	0	484	560	
8	0	0	0	0	491	564	
9	0	0	0	0	497	565	
10	0	0	0	0	502	567	
11	0	0	0	0	502	559	
12	0	0	0	0	501	551	
13	0	0	0	0	499	540	
14	0	0	0	0	493	530	
15	0	0	0	0	482	521	
0	0	0	0	0	468	508	
1	0	0	0	0	461	502	
2	0	0	0	0	456	497	
3	0	0	0	0	449	493	
4	0	0	0	0	447	488	
5	0	0	0	0	446	483	
6	0	0	0	0	447	480	
7	0	0	0	0	450	478	
8	0	0	0	0	457	476	
9	0	0	0	0	468	473	
10	0	0	0	0	480	472	
11	0	0	0	0	492	471	
12	0	0	0	0	504	469	
13	0	0	0	0	516	461	
14	0	0	0	0	527	451	
15	0	0	0	0	539	439	
0	0	0	0	0	551	432	
1	0	0	0	0	561	423	
2	0	0	0	0	568	416	
3	0	0	0	0	572	417	
4	0	0	0	0	575	418	
5	0	0	0	0	575	420	
6	0	0	0	0	576	432	
7	0	0	0	0	579	443	
8	0	0	0	0	576	456	
9	0	0	0	0	568	468	
10	0	0	0	0	559	478	
11	0	0	0	0	550	486	
12	0	0	0	0	551	495	
13	0	0	0	0	556	503	
14	0	0	0	0	563	512	
15	0	0	0	0	562	522	
0	0	0	0	0	557	532	
1	0	0	0	0	551	539	
2	0	0	0	0	544	538	
3	0	0	0	0	536	530	
4	0	0	0	0	527	517	
5	0	0	0	0	521	505	
6	0	0	0	0	515	491	
7	0	0	0	0	507	476	
8	0	0	0	0	500	465	
9	0	0	0	0	499	461	
10	0	0	0	0	504	465	
11	0	0	0	0	514	471	
12	0	0	0	0	523	475	
13	0	0	0	0	527	478	
14	0	0	0	0	528	482	
15	0	0	0	0	527	483	
0	0	0	0	0	527	481	
1	0	0	0	0	523	476	
2	0	0	0	0	518	471	
3	0	0	0	0	512	467	
4	0	0	0	0	507	465	
5	0	0	0	0	503	466	
6	0	0	0	0	500	473	
7	0	0	0	0	495	480	
8	0	0	0	0	491	486	
9	0	0	0	0	487	488	
10	0	0	0	0	486	491	
11	0	0	0	0	485	495	
12	0	0	0	0	491	499	
13	0	0	0	0	500	504	
14	0	0	0	0	507	511	
15	0	0	0	0	513	515	
0	0	0	0	0	516	517	
1	0	0	0	0	514	514	
2	0	0	0	0	513	508	
3	0	0	0	0	512	506	
4	0	0	0	0	510	500	
5	0	0	0	0	509	489	
6	0	0	0	0	508	478	
7	0	0	0	0	508	467	
8	0	0	0	0	511	462	
9	0	0	0	0	519	462	
10	0	0	0	0	528	463	
11	0	0	0	0	537	464	
12	0	0	0	0	545	467	
13	0	0	0	0	551	475	
14	0	0	0	0	552	485	
15	0	0	0	0	552	493	
0	0	0	0	0	550	497	
1	0	0	0	0	543	496	
2	0	0	0	0	534	492	
3	0	0	0	0	527	487	
4	0	0	0	0	520	482	
5	0	0	0	0	511	483	
6	0	0	0	0	498	486	
7	0	0	0	0	487	489	
8	0	0	0	0	483	494	
9	0	0	0	0	485	496	
10	0	0	0	0	488	500	
11	0	0	0	0	491	511	
12	0	0	0	0	494	524	
13	0	0	0	0	497	536	
14	0	0	0	0	500	544	
15	0	0	0	0	498	543	
0	0	0	0	0	498	542	
1	0	0	0	0	507	542	
2	0	0	0	0	521	538	
3	0	0	0	0	535	536	
4	0	0	0	0	542	535	
5	0	0	0	0	547	529	
6	0	0	0	0	548	518	
7	0	0	0	0	549	506	
8	0	0	0	0	548	491	
9	0	0	0	0	547	475	
10	0	0	0	0	540	463	
11	0	0	0	0	535	456	
12	0	0	0	0	530	449	
13	0	0	0	0	527	447	
14	0	0	0	0	524	446	
15	0	0	0	0	519	441	
0	0	0	0	0	509	436	
1	0	0	0	0	494	433	
2	0	0	0	0	477	433	
3	0	0	0	0	462	436	
4	0	0	0	0	451	443	
5	0	0	0	0	449	453	
6	0	0	0	0	451	460	
7	0	0	0	0	459	472	
8	0	0	0	0	470	489	
9	0	0	0	0	480	504	
10	0	0	0	0	485	518	
11	0	0	0	0	490	530	
12	0	0	0	0	493	536	
13	0	0	0	0	495	543	
14	0	0	0	0	498	545	
15	0	0	0	0	502	542	
0	0	0	0	0	504	538	
1	0	0	0	0	504	536	
2	0	0	0	0	501	534	
3	0	0	0	0	502	531	
4	0	0	0	0	503	523	
5	0	0	0	0	504	513	
6	0	0	0	0	506	508	
7	0	0	0	0	507	505	
8	0	0	0	0	510	504	
9	0	0	0	0	515	503	
10	0	0	0	0	519	501	
11	0	0	0	0	521	499	
12	0	0	0	0	519	495	
13	0	0	0	0	516	486	
14	0	0	0	0	517	482	
15	0	0	0	0	521	483	
0	0	0	0	0	526	492	
1	0	0	0	0	528	499	
2	0	0	0	0	532	504	
3	0	0	0	0	536	511	
4	0	0	0	0	536	520	
5	0	0	0	0	535	536	
6	0	0	0	0	533	552	
7	0	0	0	0	531	564	
8	0	0	0	0	524	572	
9	0	0	0	0	513	573	
10	0	0	0	0	496	568	
11	0	0	0	0	478	560	
12	0	0	0	0	464	554	
13	0	0	0	0	455	551	
14	0	0	0	0	452	553	
15	0	0	0	0	453	557	
0	0	0	0	0	456	564	
1	0	0	0	0	458	569	
2	0	0	0	0	462	574	
3	0	0	0	0	467	579	
4	0	0	0	0	476	577	
5	0	0	0	0	486	573	
6	0	0	0	0	495	566	
7	0	0	0	0	506	558	
8	0	0	0	0	516	552	
9	0	0	0	0	525	553	
10	0	0	0	0	536	553	
11	0	0	0	0	543	556	
12	0	0	0	0	549	560	
13	0	0	0	0	552	561	
14	0	0	0	0	552	563	
15	0	0	0	0	551	561	
0	0	0	0	0	547	560	
1	0	0	0	0	543	557	
2	0	0	0	0	539	552	
3	0	0	0	0	536	551	
4	0	0	0	0	535	551	
5	0	0	0	0	536	553	
6	0	0	0	0	538	555	
7	0	0	0	0	540	561	
8	0	0	0	0	541	568	
9	0	0	0	0	539	574	
10	0	0	0	0	535	575	
11	0	0	0	0	525	572	
12	0	0	0	0	514	563	
13	0	0	0	0	507	552	
14	0	0	0	0	504	544	
15	0	0	0	0	501	536	
0	0	0	0	0	503	529	
1	0	0	0	0	508	522	
2	0	0	0	0	512	520	
3	0	0	0	0	519	517	
4	0	0	0	0	524	514	
5	0	0	0	0	527	509	
6	0	0	0	0	524	505	
7	0	0	0	0	517	497	
8	0	0	0	0	511	492	
9	0	0	0	0	504	487	
10	0	0	0	0	497	484	
11	0	0	0	0	490	483	
12	0	0	0	0	481	483	
13	0	0	0	0	476	484	
14	0	0	0	0	474	484	
15	0	0	0	0	476	484	
0	0	0	0	0	480	482	
1	0	0	0	0	486	486	
2	0	0	0	0	494	491	
3	0	0	0	0	502	499	
4	0	0	0	0	511	512	
5	0	0	0	0	521	527	
6	0	0	0	0	529	540	
7	0	0	0	0	537	543	
8	0	0	0	0	544	543	
9	0	0	0	0	545	540	
10	0	0	0	0	541	528	
11	0	0	0	0	539	517	
12	0	0	0	0	536	508	
13	0	0	0	0	529	504	
14	0	0	0	0	524	502	
15	0	0	0	0	521	497	
0	0	0	0	0	521	491	
1	0	0	0	0	519	482	
2	0	0	0	0	516	472	
3	0	0	0	0	513	465	
4	0	0	0	0	507	461	
5	0	0	0	0	497	455	
6	0	0	0	0	484	451	
7	0	0	0	0	473	452	
8	0	0	0	0	464	459	
9	0	0	0	0	455	464	
10	0	0	0	0	448	465	
11	0	0	0	0	444	467	
12	0	0	0	0	444	473	
13	0	0	0	0	451	482	
14	0	0	0	0	462	488	
15	0	0	0	0	472	497	
0	0	0	0	0	484	504	
1	0	0	0	0	496	513	
2	0	0	0	0	504	525	
3	0	0	0	0	511	535	
4	0	0	0	0	518	542	
5	0	0	0	0	523	543	
6	0	0	0	0	528	542	
7	0	0	0	0	535	537	
8	0	0	0	0	543	531	
9	0	0	0	0	553	524	
10	0	0	0	0	559	516	
11	0	0	0	0	563	512	
12	0	0	0	0	566	515	
13	0	0	0	0	565	511	
14	0	0	0	0	566	508	
15	0	0	0	0	564	507	
0	0	0	0	0	560	507	
1	0	0	0	0	554	507	
2	0	0	0	0	548	505	
3	0	0	0	0	542	506	
4	0	0	0	0	532	508	
5	0	0	0	0	526	511	
6	0	0	0	0	522	516	
7	0	0	0	0	519	519	
8	0	0	0	0	519	520	
9	0	0	0	0	520	527	
10	0	0	0	0	526	534	
11	0	0	0	0	533	537	
12	0	0	0	0	537	535	
13	0	0	0	0	541	533	
14	0	0	0	0	543	531	
15	0	0	0	0	546	529	
0	0	0	0	0	551	531	
1	0	0	0	0	552	531	
2	0	0	0	0	552	530	
3	0	0	0	0	551	535	
4	0	0	0	0	547	545	
5	0	0	0	0	538	554	
6	0	0	0	0	531	563	
7	0	0	0	0	526	574	
8	0	0	0	0	520	579	
9	0	0	0	0	515	579	
10	0	0	0	0	511	574	
11	0	0	0	0	504	565	
12	0	0	0	0	499	557	
13	0	0	0	0	499	547	
14	0	0	0	0	500	535	
15	0	0	0	0	505	524	
0	0	0	0	0	511	515	
1	0	0	0	0	520	509	
2	0	0	0	0	532	504	
3	0	0	0	0	544	498	
4	0	0	0	0	551	493	
5	0	0	0	0	557	488	
6	0	0	0	0	561	491	
7	0	0	0	0	562	491	
8	0	0	0	0	561	495	
9	0	0	0	0	558	500	
10	0	0	0	0	553	503	
11	0	0	0	0	543	502	
12	0	0	0	0	535	501	
13	0	0	0	0	528	499	
14	0	0	0	0	521	496	
15	0	0	0	0	517	495	
0	0	0	0	0	517	497	
1	0	0	0	0	519	498	
2	0	0	0	0	523	494	
3	0	0	0	0	527	490	
4	0	0	0	0	529	489	
5	0	0	0	0	536	490	
6	0	0	0	0	544	491	
7	0	0	0	0	553	487	
8	0	0	0	0	563	484	
9	0	0	0	0	574	482	
10	0	0	0	0	583	482	
11	0	0	0	0	591	485	
12	0	0	0	0	597	487	
13	0	0	0	0	602	488	
14	0	0	0	0	604	491	
15	0	0	0	0	606	496	
0	0	0	0	0	608	504	
1	0	0	0	0	614	522	
2	0	0	0	0	619	543	
3	0	0	0	0	629	560	
4	0	0	0	0	636	576	
5	0	0	0	0	639	589	
6	0	0	0	0	632	593	
7	0	0	0	0	622	591	
8	0	0	0	0	612	592	
9	0	0	0	0	606	589	
10	0	0	0	0	602	582	
11	0	0	0	0	595	566	
12	0	0	0	0	586	546	
13	0	0	0	0	574	527	
14	0	0	0	0	565	511	
15	0	0	0	0	564	495	
0	0	0	0	0	565	479	
1	0	0	0	0	563	464	
2	0	0	0	0	564	456	
3	0	0	0	0	566	448	
4	0	0	0	0	569	444	
5	0	0	0	0	569	442	
6	0	0	0	0	569	445	
7	0	0	0	0	572	452	
8	0	0	0	0	573	461	
9	0	0	0	0	575	471	
10	0	0	0	0	576	483	
11	0	0	0	0	573	495	
12	0	0	0	0	564	507	
13	0	0	0	0	549	519	
14	0	0	0	0	532	527	
15	0	0	0	0	520	533	
0	0	0	0	0	512	533	
1	0	0	0	0	508	533	
2	0	0	0	0	513	535	
3	0	0	0	0	521	540	
4	0	0	0	0	529	547	
5	0	0	0	0	540	559	
6	0	0	0	0	553	576	
7	0	0	0	0	564	591	
8	0	0	0	0	574	596	
9	0	0	0	0	580	593	
10	0	0	0	0	579	583	
11	0	0	0	0	569	574	
12	0	0	0	0	556	566	
13	0	0	0	0	543	560	
14	0	0	0	0	531	558	
15	0	0	0	0	522	556	
0	0	0	0	0	516	551	
1	0	0	0	0	512	548	
2	0	0	0	0	510	543	
3	0	0	0	0	506	532	
4	0	0	0	0	504	517	
5	0	0	0	0	503	505	
6	0	0	0	0	504	499	
7	0	0	0	0	505	497	
8	0	0	0	0	507	496	
9	0	0	0	0	511	497	
10	0	0	0	0	514	495	
11	0	0	0	0	519	492	
12	0	0	0	0	525	490	
13	0	0	0	0	530	487	
14	0	0	0	0	527	487	
15	0	0	0	0	521	489	
0	0	0	0	0	515	490	
1	0	0	0	0	510	488	
2	0	0	0	0	510	487	
3	0	0	0	0	510	491	
4	0	0	0	0	511	499	
5	0	0	0	0	512	509	
6	0	0	0	0	513	517	
7	0	0	0	0	515	522	
8	0	0	0	0	511	527	
9	0	0	0	0	502	532	
10	0	0	0	0	495	541	
11	0	0	0	0	489	553	
12	0	0	0	0	487	565	
13	0	0	0	0	484	579	
14	0	0	0	0	487	588	
15	0	0	0	0	491	596	
0	0	0	0	0	495	598	
1	0	0	0	0	502	600	
2	0	0	0	0	513	597	
3	0	0	0	0	525	591	
4	0	0	0	0	537	582	
5	0	0	0	0	547	568	
6	0	0	0	0	550	555	
7	0	0	0	0	551	543	
8	0	0	0	0	547	532	
9	0	0	0	0	540	525	
10	0	0	0	0	529	521	
11	0	0	0	0	517	522	
12	0	0	0	0	503	530	
13	0	0	0	0	484	540	
14	0	0	0	0	469	548	
15	0	0	0	0	457	547	
0	0	0	0	0	448	541	
1	0	0	0	0	446	536	
2	0	0	0	0	448	536	
3	0	0	0	0	452	543	
4	0	0	0	0	456	548	
5	0	0	0	0	465	551	
6	0	0	0	0	475	549	
7	0	0	0	0	483	549	
8	0	0	0	0	489	548	
9	0	0	0	0	497	550	
10	0	0	0	0	499	550	
11	0	0	0	0	497	547	
12	0	0	0	0	495	538	
13	0	0	0	0	492	525	
14	0	0	0	0	487	513	
15	0	0	0	0	482	504	
0	0	0	0	0	477	497	
1	0	0	0	0	474	493	
2	0	0	0	0	475	488	
3	0	0	0	0	476	483	
4	0	0	0	0	479	477	
5	0	0	0	0	487	472	
6	0	0	0	0	498	472	
7	0	0	0	0	510	477	
8	0	0	0	0	518	483	
9	0	0	0	0	525	488	
10	0	0	0	0	528	495	
11	0	0	0	0	526	501	
12	0	0	0	0	518	505	
13	0	0	0	0	510	506	
14	0	0	0	0	500	508	
15	0	0	0	0	490	504	
0	0	0	0	0	479	501	
1	0	0	0	0	467	501	
2	0	0	0	0	457	502	
3	0	0	0	0	449	503	
4	0	0	0	0	441	505	
5	0	0	0	0	437	505	
6	0	0	0	0	438	505	
7	0	0	0	0	439	506	
8	0	0	0	0	441	510	
9	0	0	0	0	445	516	
10	0	0	0	0	446	526	
11	0	0	0	0	448	537	
12	0	0	0	0	452	543	
13	0	0	0	0	460	548	
14	0	0	0	0	466	547	
15	0	0	0	0	467	545	
0	0	0	0	0	465	547	
1	0	0	0	0	461	552	
2	0	0	0	0	457	556	
3	0	0	0	0	458	556	
4	0	0	0	0	457	552	
5	0	0	0	0	455	546	
6	0	0	0	0	451	539	
7	0	0	0	0	446	528	
8	0	0	0	0	446	515	
9	0	0	0	0	452	507	
10	0	0	0	0	463	507	
11	0	0	0	0	476	510	
12	0	0	0	0	487	516	
13	0	0	0	0	496	522	
14	0	0	0	0	504	531	
15	0	0	0	0	507	542	
0	0	0	0	0	502	552	
1	0	0	0	0	497	563	
2	0	0	0	0	494	577	
3	0	0	0	0	494	589	
4	0	0	0	0	496	597	
5	0	0	0	0	499	596	
6	0	0	0	0	505	588	
7	0	0	0	0	510	575	
8	0	0	0	0	515	559	
9	0	0	0	0	519	537	
10	0	0	0	0	521	515	
11	0	0	0	0	519	504	
12	0	0	0	0	516	496	
13	0	0	0	0	511	496	
14	0	0	0	0	504	495	
15	0	0	0	0	496	495	
0	0	0	0	0	489	494	
1	0	0	0	0	482	492	
2	0	0	0	0	475	491	
3	0	0	0	0	467	487	
4	0	0	0	0	459	486	
5	0	0	0	0	453	486	
6	0	0	0	0	449	490	
7	0	0	0	0	448	502	
8	0	0	0	0	450	510	
9	0	0	0	0	453	522	
10	0	0	0	0	459	535	
11	0	0	0	0	465	547	
12	0	0	0	0	471	552	
13	0	0	0	0	474	552	
14	0	0	0	0	478	551	
15	0	0	0	0	480	547	
0	0	0	0	0	480	544	
1	0	0	0	0	479	535	
2	0	0	0	0	481	525	
3	0	0	0	0	482	513	
4	0	0	0	0	478	502	
5	0	0	0	0	473	489	
6	0	0	0	0	467	475	
7	0	0	0	0	462	463	
8	0	0	0	0	461	464	
9	0	0	0	0	463	468	
10	0	0	0	0	463	475	
11	0	0	0	0	466	482	
12	0	0	0	0	469	486	
13	0	0	0	0	471	488	
14	0	0	0	0	472	487	
15	0	0	0	0	473	482	
0	0	0	0	0	475	478	
1	0	0	0	0	479	467	
2	0	0	0	0	485	462	
3	0	0	0	0	492	460	
4	0	0	0	0	495	455	
5	0	0	0	0	494	451	
6	0	0	0	0	495	452	
7	0	0	0	0	496	451	
8	0	0	0	0	498	448	
9	0	0	0	0	504	449	
10	0	0	0	0	514	453	
11	0	0	0	0	529	462	
12	0	0	0	0	542	475	
13	0	0	0	0	550	483	
14	0	0	0	0	558	490	
15	0	0	0	0	563	495	
0	0	0	0	0	559	497	
1	0	0	0	0	549	493	
2	0	0	0	0	536	486	
3	0	0	0	0	523	481	
4	0	0	0	0	507	475	
5	0	0	0	0	494	476	
6	0	0	0	0	482	480	
7	0	0	0	0	477	487	
8	0	0	0	0	477	497	
9	0	0	0	0	481	503	
10	0	0	0	0	486	504	
11	0	0	0	0	490	506	
12	0	0	0	0	492	505	
13	0	0	0	0	494	504	
14	0	0	0	0	495	504	
15	0	0	0	0	493	503	
0	0	0	0	0	486	496	
1	0	0	0	0	479	487	
2	0	0	0	0	477	477	
3	0	0	0	0	479	467	
4	0	0	0	0	484	457	
5	0	0	0	0	487	448	
6	0	0	0	0	489	446	
7	0	0	0	0	491	449	
8	0	0	0	0	491	457	
9	0	0	0	0	491	470	
10	0	0	0	0	492	484	
11	0	0	0	0	496	492	
12	0	0	0	0	494	495	
13	0	0	0	0	491	496	
14	0	0	0	0	489	496	
15	0	0	0	0	491	502	
0	0	0	0	0	493	508	
1	0	0	0	0	495	516	
2	0	0	0	0	496	530	
3	0	0	0	0	497	540	
4	0	0	0	0	496	548	
5	0	0	0	0	497	554	
6	0	0	0	0	499	558	
7	0	0	0	0	502	559	
8	0	0	0	0	505	561	
9	0	0	0	0	507	561	
10	0	0	0	0	509	560	
11	0	0	0	0	510	554	
12	0	0	0	0	513	547	
13	0	0	0	0	513	540	
14	0	0	0	0	513	537	
15	0	0	0	0	513	534	
0	0	0	0	0	513	534	
1	0	0	0	0	515	534	
2	0	0	0	0	524	538	
3	0	0	0	0	536	544	
4	0	0	0	0	550	551	
5	0	0	0	0	563	560	
6	0	0	0	0	574	562	
7	0	0	0	0	576	561	
8	0	0	0	0	571	562	
9	0	0	0	0	560	559	
10	0	0	0	0	553	551	
11	0	0	0	0	544	545	
12	0	0	0	0	534	534	
13	0	0	0	0	521	521	
14	0	0	0	0	512	509	
15	0	0	0	0	506	496	
0	0	0	0	0	502	489	
1	0	0	0	0	499	492	
2	0	0	0	0	492	501	
3	0	0	0	0	487	511	
4	0	0	0	0	487	519	
5	0	0	0	0	489	526	
6	0	0	0	0	496	535	
7	0	0	0	0	501	543	
8	0	0	0	0	503	551	
9	0	0	0	0	504	551	
10	0	0	0	0	507	548	
11	0	0	0	0	511	551	
12	0	0	0	0	511	556	
13	0	0	0	0	511	565	
14	0	0	0	0	506	578	
15	0	0	0	0	502	589	
0	0	0	0	0	501	603	
1	0	0	0	0	501	620	
2	0	0	0	0	502	633	
3	0	0	0	0	504	643	
4	0	0	0	0	503	651	
5	0	0	0	0	500	662	
6	0	0	0	0	497	663	
7	0	0	0	0	494	668	
8	0	0	0	0	490	670	
9	0	0	0	0	491	668	
10	0	0	0	0	495	664	
11	0	0	0	0	498	658	
12	0	0	0	0	500	648	
13	0	0	0	0	503	635	
14	0	0	0	0	502	617	
15	0	0	0	0	496	601	
0	0	0	0	0	492	588	
1	0	0	0	0	495	573	
2	0	0	0	0	502	565	
3	0	0	0	0	512	562	
4	0	0	0	0	516	562	
5	0	0	0	0	516	561	
6	0	0	0	0	512	556	
7	0	0	0	0	504	550	
8	0	0	0	0	498	550	
9	0	0	0	0	495	550	
10	0	0	0	0	494	551	
11	0	0	0	0	500	553	
12	0	0	0	0	508	552	
13	0	0	0	0	518	551	
14	0	0	0	0	531	550	
15	0	0	0	0	540	551	
0	0	0	0	0	547	555	
1	0	0	0	0	553	561	
2	0	0	0	0	556	566	
3	0	0	0	0	554	569	
4	0	0	0	0	547	572	
5	0	0	0	0	534	575	
6	0	0	0	0	518	573	
7	0	0	0	0	504	573	
8	0	0	0	0	491	578	
9	0	0	0	0	480	580	
10	0	0	0	0	474	577	
11	0	0	0	0	472	575	
12	0	0	0	0	473	572	
13	0	0	0	0	477	564	
14	0	0	0	0	481	551	
15	0	0	0	0	484	543	
0	0	0	0	0	487	540	
1	0	0	0	0	492	542	
2	0	0	0	0	502	544	
3	0	0	0	0	507	546	
4	0	0	0	0	509	549	
5	0	0	0	0	508	547	
6	0	0	0	0	505	549	
7	0	0	0	0	496	552	
8	0	0	0	0	487	555	
9	0	0	0	0	478	560	
10	0	0	0	0	475	563	
11	0	0	0	0	478	566	
12	0	0	0	0	481	565	
13	0	0	0	0	483	559	
14	0	0	0	0	483	554	
15	0	0	0	0	483	551	
0	0	0	0	0	488	556	
1	0	0	0	0	492	565	
2	0	0	0	0	492	577	
3	0	0	0	0	489	588	
4	0	0	0	0	489	595	
5	0	0	0	0	488	595	
6	0	0	0	0	483	592	
7	0	0	0	0	477	588	
8	0	0	0	0	470	575	
9	0	0	0	0	467	562	
10	0	0	0	0	464	544	
11	0	0	0	0	464	527	
12	0	0	0	0	465	511	
13	0	0	0	0	468	497	
14	0	0	0	0	470	485	
15	0	0	0	0	473	472	
0	0	0	0	0	478	462	
1	0	0	0	0	481	458	
2	0	0	0	0	484	458	
3	0	0	0	0	487	464	
4	0	0	0	0	491	476	
5	0	0	0	0	494	487	
6	0	0	0	0	495	494	
7	0	0	0	0	495	504	
8	0	0	0	0	492	512	
9	0	0	0	0	483	523	
10	0	0	0	0	474	533	
11	0	0	0	0	463	538	
12	0	0	0	0	450	540	
13	0	0	0	0	439	541	
14	0	0	0	0	431	542	
15	0	0	0	0	430	541	
0	0	0	0	0	433	535	
1	0	0	0	0	440	529	
2	0	0	0	0	444	520	
3	0	0	0	0	452	515	
4	0	0	0	0	462	512	
5	0	0	0	0	469	512	
6	0	0	0	0	473	511	
7	0	0	0	0	476	508	
8	0	0	0	0	474	512	
9	0	0	0	0	475	516	
10	0	0	0	0	477	523	
11	0	0	0	0	482	527	
12	0	0	0	0	489	528	
13	0	0	0	0	497	529	
14	0	0	0	0	509	535	
15	0	0	0	0	519	535	
0	0	0	0	0	528	531	
1	0	0	0	0	536	527	
2	0	0	0	0	540	516	
3	0	0	0	0	540	503	
4	0	0	0	0	536	494	
5	0	0	0	0	530	487	
6	0	0	0	0	522	479	
7	0	0	0	0	512	471	
8	0	0	0	0	500	462	
9	0	0	0	0	487	455	
10	0	0	0	0	479	450	
11	0	0	0	0	473	446	
12	0	0	0	0	465	445	
13	0	0	0	0	458	441	
14	0	0	0	0	453	434	
15	0	0	0	0	450	423	
0	0	0	0	0	451	412	
1	0	0	0	0	452	407	
2	0	0	0	0	455	409	
3	0	0	0	0	457	415	
4	0	0	0	0	459	424	
5	0	0	0	0	464	431	
6	0	0	0	0	472	443	
7	0	0	0	0	478	456	
8	0	0	0	0	483	472	
9	0	0	0	0	490	490	
10	0	0	0	0	495	508	
11	0	0	0	0	495	521	
12	0	0	0	0	493	531	
13	0	0	0	0	492	535	
14	0	0	0	0	491	536	
15	0	0	0	0	487	531	
0	0	0	0	0	485	520	
1	0	0	0	0	484	509	
2	0	0	0	0	484	507	
3	0	0	0	0	486	508	
4	0	0	0	0	484	512	
5	0	0	0	0	480	520	
6	0	0	0	0	480	529	
7	0	0	0	0	477	536	
8	0	0	0	0	476	541	
9	0	0	0	0	477	536	
10	0	0	0	0	479	524	
11	0	0	0	0	484	507	
12	0	0	0	0	488	489	
13	0	0	0	0	490	477	
14	0	0	0	0	494	467	
15	0	0	0	0	495	456	
0	0	0	0	0	497	449	
1	0	0	0	0	498	448	
2	0	0	0	0	496	451	
3	0	0	0	0	493	455	
4	0	0	0	0	494	465	
5	0	0	0	0	497	478	
6	0	0	0	0	505	490	
7	0	0	0	0	516	495	
8	0	0	0	0	526	497	
9	0	0	0	0	533	494	
10	0	0	0	0	536	481	
11	0	0	0	0	540	472	
12	0	0	0	0	541	463	
13	0	0	0	0	540	455	
14	0	0	0	0	534	451	
15	0	0	0	0	529	447	
0	0	0	0	0	529	445	
1	0	0	0	0	534	447	
2	0	0	0	0	538	451	
3	0	0	0	0	539	459	
4	0	0	0	0	542	463	
5	0	0	0	0	548	466	
6	0	0	0	0	556	469	
7	0	0	0	0	563	478	
8	0	0	0	0	571	483	
9	0	0	0	0	570	492	
10	0	0	0	0	563	495	
11	0	0	0	0	549	491	
12	0	0	0	0	531	487	
13	0	0	0	0	515	491	
14	0	0	0	0	505	500	
15	0	0	0	0	500	511	
0	0	0	0	0	498	524	
1	0	0	0	0	496	531	
2	0	0	0	0	493	535	
3	0	0	0	0	491	537	
4	0	0	0	0	492	538	
5	0	0	0	0	495	532	
6	0	0	0	0	498	524	
7	0	0	0	0	501	512	
8	0	0	0	0	508	503	
9	0	0	0	0	516	496	
10	0	0	0	0	521	491	
11	0	0	0	0	520	484	
12	0	0	0	0	515	477	
13	0	0	0	0	509	472	
14	0	0	0	0	505	476	
15	0	0	0	0	504	488	
0	0	0	0	0	503	500	
1	0	0	0	0	504	508	
2	0	0	0	0	508	512	
3	0	0	0	0	514	511	
4	0	0	0	0	521	508	
5	0	0	0	0	527	505	
6	0	0	0	0	533	503	
7	0	0	0	0	536	505	
8	0	0	0	0	536	514	
9	0	0	0	0	532	522	
10	0	0	0	0	529	529	
11	0	0	0	0	528	536	
12	0	0	0	0	529	540	
13	0	0	0	0	529	536	
14	0	0	0	0	528	530	
15	0	0	0	0	528	524	
0	0	0	0	0	526	525	
1	0	0	0	0	527	531	
2	0	0	0	0	525	538	
3	0	0	0	0	519	547	
4	0	0	0	0	512	555	
5	0	0	0	0	505	560	
6	0	0	0	0	500	566	
7	0	0	0	0	496	572	
8	0	0	0	0	493	577	
9	0	0	0	0	491	581	
10	0	0	0	0	493	580	
11	0	0	0	0	494	579	
12	0	0	0	0	495	576	
13	0	0	0	0	494	566	
14	0	0	0	0	491	550	
15	0	0	0	0	487	537	
0	0	0	0	0	487	527	
1	0	0	0	0	490	521	
2	0	0	0	0	496	519	
3	0	0	0	0	507	517	
4	0	0	0	0	516	516	
5	0	0	0	0	516	518	
6	0	0	0	0	508	520	
7	0	0	0	0	499	524	
8	0	0	0	0	492	529	
9	0	0	0	0	488	531	
10	0	0	0	0	484	528	
11	0	0	0	0	484	523	
12	0	0	0	0	489	515	
13	0	0	0	0	493	509	
14	0	0	0	0	500	505	
15	0	0	0	0	508	500	
0	0	0	0	0	518	501	
1	0	0	0	0	527	508	
2	0	0	0	0	532	518	
3	0	0	0	0	536	529	
4	0	0	0	0	537	537	
5	0	0	0	0	531	539	
6	0	0	0	0	525	536	
7	0	0	0	0	519	531	
8	0	0	0	0	513	523	
9	0	0	0	0	509	514	
10	0	0	0	0	505	508	
11	0	0	0	0	505	507	
12	0	0	0	0	508	511	
13	0	0	0	0	509	516	
14	0	0	0	0	511	517	
15	0	0	0	0	511	517	
0	0	0	0	0	511	517	
1	0	0	0	0	510	519	
2	0	0	0	0	508	524	
3	0	0	0	0	509	529	
4	0	0	0	0	513	531	
5	0	0	0	0	521	530	
6	0	0	0	0	529	524	
7	0	0	0	0	533	517	
8	0	0	0	0	536	508	
9	0	0	0	0	541	499	
10	0	0	0	0	546	496	
11	0	0	0	0	547	495	
12	0	0	0	0	550	496	
13	0	0	0	0	553	498	
14	0	0	0	0	553	503	
15	0	0	0	0	556	513	
0	0	0	0	0	561	529	
1	0	0	0	0	570	543	
2	0	0	0	0	573	557	
3	0	0	0	0	573	564	
4	0	0	0	0	572	566	
5	0	0	0	0	572	563	
6	0	0	0	0	575	557	
7	0	0	0	0	579	551	
8	0	0	0	0	586	544	
9	0	0	0	0	593	540	
10	0	0	0	0	599	537	
11	0	0	0	0	599	535	
12	0	0	0	0	598	530	
13	0	0	0	0	593	526	
14	0	0	0	0	590	524	
15	0	0	0	0	586	528	
0	0	0	0	0	583	533	
1	0	0	0	0	583	540	
2	0	0	0	0	581	549	
3	0	0	0	0	579	560	
4	0	0	0	0	583	576	
5	0	0	0	0	583	589	
6	0	0	0	0	586	599	
7	0	0	0	0	584	601	
8	0	0	0	0	582	595	
9	0	0	0	0	583	591	
10	0	0	0	0	588	588	
11	0	0	0	0	589	577	
12	0	0	0	0	588	560	
13	0	0	0	0	590	537	
14	0	0	0	0	592	510	
15	0	0	0	0	594	483	
0	0	0	0	0	604	459	
1	0	0	0	0	614	445	
2	0	0	0	0	617	434	
3	0	0	0	0	613	425	
4	0	0	0	0	609	420	
5	0	0	0	0	601	420	
6	0	0	0	0	591	429	
7	0	0	0	0	580	437	
8	0	0	0	0	573	447	
9	0	0	0	0	567	457	
10	0	0	0	0	559	464	
11	0	0	0	0	553	466	
12	0	0	0	0	551	470	
13	0	0	0	0	553	475	
14	0	0	0	0	558	487	
15	0	0	0	0	563	499	
0	0	0	0	0	568	509	
1	0	0	0	0	572	520	
2	0	0	0	0	571	530	
3	0	0	0	0	566	537	
4	0	0	0	0	561	538	
5	0	0	0	0	553	536	
6	0	0	0	0	543	534	
7	0	0	0	0	536	534	
8	0	0	0	0	529	537	
9	0	0	0	0	521	542	
10	0	0	0	0	515	546	
11	0	0	0	0	511	549	
12	0	0	0	0	508	550	
13	0	0	0	0	510	549	
14	0	0	0	0	512	542	
15	0	0	0	0	512	532	
0	0	0	0	0	513	526	
1	0	0	0	0	520	522	
2	0	0	0	0	530	519	
3	0	0	0	0	540	510	
4	0	0	0	0	550	499	
5	0	0	0	0	557	491	
6	0	0	0	0	560	483	
7	0	0	0	0	560	475	
8	0	0	0	0	559	475	
9	0	0	0	0	556	478	
10	0	0	0	0	554	484	
11	0	0	0	0	551	490	
12	0	0	0	0	547	493	
13	0	0	0	0	547	495	
14	0	0	0	0	545	502	
15	0	0	0	0	542	512	
0	0	0	0	0	536	526	
1	0	0	0	0	530	540	
2	0	0	0	0	520	552	
3	0	0	0	0	510	560	
4	0	0	0	0	504	562	
5	0	0	0	0	502	565	
6	0	0	0	0	503	566	
7	0	0	0	0	508	566	
8	0	0	0	0	511	564	
9	0	0	0	0	510	559	
10	0	0	0	0	509	554	
11	0	0	0	0	510	545	
12	0	0	0	0	508	533	
13	0	0	0	0	506	518	
14	0	0	0	0	504	503	
15	0	0	0	0	503	492	
0	0	0	0	0	501	486	
1	0	0	0	0	497	481	
2	0	0	0	0	491	477	
3	0	0	0	0	485	477	
4	0	0	0	0	479	476	
5	0	0	0	0	476	476	
6	0	0	0	0	472	476	
7	0	0	0	0	471	484	
8	0	0	0	0	473	498	
9	0	0	0	0	478	515	
10	0	0	0	0	480	532	
11	0	0	0	0	483	544	
12	0	0	0	0	485	547	
13	0	0	0	0	487	547	
14	0	0	0	0	492	547	
15	0	0	0	0	497	550	
0	0	0	0	0	502	557	
1	0	0	0	0	505	561	
2	0	0	0	0	505	567	
3	0	0	0	0	506	568	
4	0	0	0	0	502	566	
5	0	0	0	0	498	568	
6	0	0	0	0	492	568	
7	0	0	0	0	487	571	
8	0	0	0	0	480	573	
9	0	0	0	0	476	579	
10	0	0	0	0	471	584	
11	0	0	0	0	473	589	
12	0	0	0	0	479	590	
13	0	0	0	0	486	591	
14	0	0	0	0	492	590	
15	0	0	0	0	494	584	
0	0	0	0	0	493	572	
1	0	0	0	0	488	562	
2	0	0	0	0	486	553	
3	0	0	0	0	483	545	
4	0	0	0	0	484	538	
5	0	0	0	0	485	533	
6	0	0	0	0	489	532	
7	0	0	0	0	492	539	
8	0	0	0	0	501	548	
9	0	0	0	0	507	556	
10	0	0	0	0	510	567	
11	0	0	0	0	514	579	
12	0	0	0	0	516	593	
13	0	0	0	0	516	600	
14	0	0	0	0	513	598	
15	0	0	0	0	515	593	
0	0	0	0	0	515	586	
1	0	0	0	0	513	580	
2	0	0	0	0	513	573	
3	0	0	0	0	519	568	
4	0	0	0	0	522	562	
5	0	0	0	0	524	556	
6	0	0	0	0	522	551	
7	0	0	0	0	521	544	
8	0	0	0	0	521	540	
9	0	0	0	0	519	540	
10	0	0	0	0	521	546	
11	0	0	0	0	525	562	
12	0	0	0	0	528	581	
13	0	0	0	0	531	595	
14	0	0	0	0	532	603	
15	0	0	0	0	537	607	
0	0	0	0	0	544	606	
1	0	0	0	0	553	602	
2	0	0	0	0	563	599	
3	0	0	0	0	571	597	
4	0	0	0	0	575	599	
5	0	0	0	0	575	601	
6	0	0	0	0	569	596	
7	0	0	0	0	557	587	
8	0	0	0	0	548	579	
9	0	0	0	0	539	573	
10	0	0	0	0	534	567	
11	0	0	0	0	531	561	
12	0	0	0	0	530	557	
13	0	0	0	0	531	551	
14	0	0	0	0	532	550	
15	0	0	0	0	535	555	
0	0	0	0	0	538	566	
1	0	0	0	0	541	576	
2	0	0	0	0	537	586	
3	0	0	0	0	529	589	
4	0	0	0	0	520	583	
5	0	0	0	0	516	576	
6	0	0	0	0	512	567	
7	0	0	0	0	510	553	
8	0	0	0	0	510	536	
9	0	0	0	0	512	517	
10	0	0	0	0	518	499	
11	0	0	0	0	526	486	
12	0	0	0	0	537	481	
13	0	0	0	0	547	480	
14	0	0	0	0	552	487	
15	0	0	0	0	553	494	
0	0	0	0	0	545	503	
1	0	0	0	0	532	512	
2	0	0	0	0	515	523	
3	0	0	0	0	496	531	
4	0	0	0	0	482	538	
5	0	0	0	0	474	543	
6	0	0	0	0	467	544	
7	0	0	0	0	463	544	
8	0	0	0	0	461	549	
9	0	0	0	0	462	555	
10	0	0	0	0	463	565	
11	0	0	0	0	468	571	
12	0	0	0	0	475	574	
13	0	0	0	0	479	576	
14	0	0	0	0	483	580	
15	0	0	0	0	489	590	
0	0	0	0	0	494	597	
1	0	0	0	0	500	598	
2	0	0	0	0	504	595	
3	0	0	0	0	504	583	
4	0	0	0	0	499	574	
5	0	0	0	0	493	563	
6	0	0	0	0	487	547	
7	0	0	0	0	485	529	
8	0	0	0	0	488	508	
9	0	0	0	0	491	491	
10	0	0	0	0	490	483	
11	0	0	0	0	491	483	
12	0	0	0	0	491	490	
13	0	0	0	0	488	499	
14	0	0	0	0	483	511	
15	0	0	0	0	476	521	
0	0	0	0	0	466	533	
1	0	0	0	0	460	543	
2	0	0	0	0	457	547	
3	0	0	0	0	457	554	
4	0	0	0	0	458	562	
5	0	0	0	0	460	572	
6	0	0	0	0	464	582	
7	0	0	0	0	472	590	
8	0	0	0	0	479	588	
9	0	0	0	0	479	580	
10	0	0	0	0	475	565	
11	0	0	0	0	469	542	
12	0	0	0	0	462	508	
13	0	0	0	0	455	478	
14	0	0	0	0	451	452	
15	0	0	0	0	446	428	
0	0	0	0	0	440	410	
1	0	0	0	0	435	402	
2	0	0	0	0	435	405	
3	0	0	0	0	435	414	
4	0	0	0	0	440	430	
5	0	0	0	0	450	444	
6	0	0	0	0	462	460	
7	0	0	0	0	472	475	
8	0	0	0	0	480	493	
9	0	0	0	0	486	510	
10	0	0	0	0	485	524	
11	0	0	0	0	481	533	
12	0	0	0	0	476	539	
13	0	0	0	0	465	540	
14	0	0	0	0	459	540	
15	0	0	0	0	450	542	
0	0	0	0	0	443	539	
1	0	0	0	0	439	536	
2	0	0	0	0	436	533	
3	0	0	0	0	437	534	
4	0	0	0	0	438	535	
5	0	0	0	0	442	530	
6	0	0	0	0	444	526	
7	0	0	0	0	445	520	
8	0	0	0	0	446	519	
9	0	0	0	0	450	518	
10	0	0	0	0	451	516	
11	0	0	0	0	454	515	
12	0	0	0	0	454	513	
13	0	0	0	0	457	511	
14	0	0	0	0	459	511	
15	0	0	0	0	459	515	
0	0	0	0	0	463	519	
1	0	0	0	0	465	523	
2	0	0	0	0	468	519	
3	0	0	0	0	471	515	
4	0	0	0	0	477	515	
5	0	0	0	0	484	514	
6	0	0	0	0	489	513	
7	0	0	0	0	497	511	
8	0	0	0	0	502	507	
9	0	0	0	0	506	502	
10	0	0	0	0	508	500	
11	0	0	0	0	509	502	
12	0	0	0	0	508	504	
13	0	0	0	0	504	510	
14	0	0	0	0	502	514	
15	0	0	0	0	501	519	
0	0	0	0	0	500	528	
1	0	0	0	0	500	539	
2	0	0	0	0	501	550	
3	0	0	0	0	501	563	
4	0	0	0	0	496	572	
5	0	0	0	0	489	575	
6	0	0	0	0	486	574	
7	0	0	0	0	482	572	
8	0	0	0	0	478	564	
9	0	0	0	0	479	558	
10	0	0	0	0	481	553	
11	0	0	0	0	485	547	
12	0	0	0	0	484	536	
13	0	0	0	0	488	527	
14	0	0	0	0	493	522	
15	0	0	0	0	498	519	
0	0	0	0	0	499	517	
1	0	0	0	0	502	519	
2	0	0	0	0	504	523	
3	0	0	0	0	510	524	
4	0	0	0	0	512	525	
5	0	0	0	0	513	526	
6	0	0	0	0	515	530	
7	0	0	0	0	516	534	
8	0	0	0	0	518	539	
9	0	0	0	0	518	543	
10	0	0	0	0	520	545	
11	0	0	0	0	522	546	
12	0	0	0	0	524	543	
13	0	0	0	0	525	538	
14	0	0	0	0	526	530	
15	0	0	0	0	524	524	
0	0	0	0	0	524	521	
1	0	0	0	0	529	526	
2	0	0	0	0	527	534	
3	0	0	0	0	524	545	
4	0	0	0	0	520	563	
5	0	0	0	0	519	579	
6	0	0	0	0	520	586	
7	0	0	0	0	523	578	
8	0	0	0	0	524	562	
9	0	0	0	0	523	545	
10	0	0	0	0	525	527	
11	0	0	0	0	531	505	
12	0	0	0	0	536	484	
13	0	0	0	0	536	463	
14	0	0	0	0	537	438	
15	0	0	0	0	540	414	
0	0	0	0	0	542	400	
1	0	0	0	0	546	387	
2	0	0	0	0	549	383	
3	0	0	0	0	544	384	
4	0	0	0	0	537	388	
5	0	0	0	0	529	390	
6	0	0	0	0	519	394	
7	0	0	0	0	506	402	
8	0	0	0	0	488	408	
9	0	0	0	0	469	417	
10	0	0	0	0	455	427	
11	0	0	0	0	446	438	
12	0	0	0	0	436	447	
13	0	0	0	0	425	450	
14	0	0	0	0	417	453	
15	0	0	0	0	415	459	
0	0	0	0	0	418	466	
1	0	0	0	0	424	471	
2	0	0	0	0	431	480	
3	0	0	0	0	438	492	
4	0	0	0	0	447	504	
5	0	0	0	0	457	516	
6	0	0	0	0	469	521	
7	0	0	0	0	476	520	
8	0	0	0	0	479	514	
9	0	0	0	0	482	507	
10	0	0	0	0	483	494	
11	0	0	0	0	486	476	
12	0	0	0	0	489	457	
13	0	0	0	0	494	442	
14	0	0	0	0	499	436	
15	0	0	0	0	502	433	
0	0	0	0	0	504	432	
1	0	0	0	0	504	432	
2	0	0	0	0	505	435	
3	0	0	0	0	509	436	
4	0	0	0	0	512	437	
5	0	0	0	0	518	436	
6	0	0	0	0	524	434	
7	0	0	0	0	527	436	
8	0	0	0	0	528	439	
9	0	0	0	0	527	445	
10	0	0	0	0	527	451	
11	0	0	0	0	527	460	
12	0	0	0	0	525	470	
13	0	0	0	0	521	480	
14	0	0	0	0	522	490	
15	0	0	0	0	525	505	
0	0	0	0	0	527	524	
1	0	0	0	0	525	545	
2	0	0	0	0	521	564	
3	0	0	0	0	518	574	
4	0	0	0	0	514	575	
5	0	0	0	0	517	571	
6	0	0	0	0	526	556	
7	0	0	0	0	532	536	
8	0	0	0	0	538	514	
9	0	0	0	0	540	488	
10	0	0	0	0	544	467	
11	0	0	0	0	551	448	
12	0	0	0	0	553	432	
13	0	0	0	0	554	421	
14	0	0	0	0	554	421	
15	0	0	0	0	552	427	
0	0	0	0	0	544	435	
1	0	0	0	0	535	439	
2	0	0	0	0	523	436	
3	0	0	0	0	509	429	
4	0	0	0	0	493	427	
5	0	0	0	0	478	425	
6	0	0	0	0	465	429	
7	0	0	0	0	458	430	
8	0	0	0	0	458	433	
9	0	0	0	0	460	436	
10	0	0	0	0	468	441	
11	0	0	0	0	479	445	
12	0	0	0	0	487	451	
13	0	0	0	0	492	460	
14	0	0	0	0	496	467	
15	0	0	0	0	499	474	
0	0	0	0	0	501	481	
1	0	0	0	0	507	486	
2	0	0	0	0	513	489	
3	0	0	0	0	518	488	
4	0	0	0	0	520	484	
5	0	0	0	0	519	478	
6	0	0	0	0	519	473	
7	0	0	0	0	518	471	
8	0	0	0	0	513	470	
9	0	0	0	0	509	465	
10	0	0	0	0	507	467	
11	0	0	0	0	503	467	
12	0	0	0	0	501	464	
13	0	0	0	0	499	459	
14	0	0	0	0	499	452	
15	0	0	0	0	504	451	
0	0	0	0	0	510	461	
1	0	0	0	0	515	476	
2	0	0	0	0	525	482	
3	0	0	0	0	533	482	
4	0	0	0	0	538	481	
5	0	0	0	0	537	482	
6	0	0	0	0	541	476	
7	0	0	0	0	543	467	
8	0	0	0	0	545	457	
9	0	0	0	0	546	452	
10	0	0	0	0	551	454	
11	0	0	0	0	555	463	
12	0	0	0	0	557	473	
13	0	0	0	0	554	482	
14	0	0	0	0	544	489	
15	0	0	0	0	530	498	
0	0	0	0	0	516	504	
1	0	0	0	0	509	508	
2	0	0	0	0	504	511	
3	0	0	0	0	500	511	
4	0	0	0	0	499	515	
5	0	0	0	0	499	516	
6	0	0	0	0	508	518	
7	0	0	0	0	516	520	
8	0	0	0	0	521	519	
9	0	0	0	0	522	519	
10	0	0	0	0	524	521	
11	0	0	0	0	526	523	
12	0	0	0	0	527	523	
13	0	0	0	0	527	523	
14	0	0	0	0	526	526	
15	0	0	0	0	527	530	
0	0	0	0	0	532	532	
1	0	0	0	0	537	536	
2	0	0	0	0	539	541	
3	0	0	0	0	536	544	
4	0	0	0	0	532	546	
5	0	0	0	0	533	551	
6	0	0	0	0	539	561	
7	0	0	0	0	542	573	
8	0	0	0	0	548	588	
9	0	0	0	0	556	596	
10	0	0	0	0	562	598	
11	0	0	0	0	569	592	
12	0	0	0	0	571	583	
13	0	0	0	0	567	572	
14	0	0	0	0	558	555	
15	0	0	0	0	547	536	
0	0	0	0	0	537	511	
1	0	0	0	0	529	484	
2	0	0	0	0	525	462	
3	0	0	0	0	523	445	
4	0	0	0	0	521	433	
5	0	0	0	0	519	432	
6	0	0	0	0	521	433	
7	0	0	0	0	527	435	
8	0	0	0	0	530	439	
9	0	0	0	0	531	442	
10	0	0	0	0	528	450	
11	0	0	0	0	521	460	
12	0	0	0	0	516	470	
13	0	0	0	0	513	475	
14	0	0	0	0	511	482	
15	0	0	0	0	511	489	
0	0	0	0	0	513	494	
1	0	0	0	0	515	499	
2	0	0	0	0	516	507	
3	0	0	0	0	518	517	
4	0	0	0	0	520	524	
5	0	0	0	0	525	524	
6	0	0	0	0	531	519	
7	0	0	0	0	531	512	
8	0	0	0	0	531	504	
9	0	0	0	0	526	495	
10	0	0	0	0	518	492	
11	0	0	0	0	511	491	
12	0	0	0	0	510	493	
13	0	0	0	0	511	497	
14	0	0	0	0	511	504	
15	0	0	0	0	513	513	
0	0	0	0	0	517	524	
1	0	0	0	0	519	534	
2	0	0	0	0	519	541	
3	0	0	0	0	516	545	
4	0	0	0	0	510	546	
5	0	0	0	0	502	544	
6	0	0	0	0	494	545	
7	0	0	0	0	486	546	
8	0	0	0	0	479	546	
9	0	0	0	0	477	544	
10	0	0	0	0	477	543	
11	0	0	0	0	479	543	
12	0	0	0	0	485	544	
13	0	0	0	0	493	543	
14	0	0	0	0	498	540	
15	0	0	0	0	505	538	
0	0	0	0	0	518	538	
1	0	0	0	0	534	538	
2	0	0	0	0	543	542	
3	0	0	0	0	547	549	
4	0	0	0	0	547	553	
5	0	0	0	0	543	555	
6	0	0	0	0	531	556	
7	0	0	0	0	515	555	
8	0	0	0	0	501	552	
9	0	0	0	0	486	545	
10	0	0	0	0	474	539	
11	0	0	0	0	466	535	
12	0	0	0	0	464	532	
13	0	0	0	0	466	530	
14	0	0	0	0	471	528	
15	0	0	0	0	481	533	
0	0	0	0	0	494	538	
1	0	0	0	0	505	536	
2	0	0	0	0	516	534	
3	0	0	0	0	521	538	
4	0	0	0	0	524	547	
5	0	0	0	0	524	558	
6	0	0	0	0	523	568	
7	0	0	0	0	521	578	
8	0	0	0	0	521	587	
9	0	0	0	0	524	590	
10	0	0	0	0	529	592	
11	0	0	0	0	536	588	
12	0	0	0	0	540	585	
13	0	0	0	0	542	579	
14	0	0	0	0	542	577	
15	0	0	0	0	538	578	
0	0	0	0	0	534	575	
1	0	0	0	0	534	574	
2	0	0	0	0	538	575	
3	0	0	0	0	545	576	
4	0	0	0	0	550	573	
5	0	0	0	0	553	567	
6	0	0	0	0	553	562	
7	0	0	0	0	552	557	
8	0	0	0	0	548	559	
9	0	0	0	0	544	560	
10	0	0	0	0	542	558	
11	0	0	0	0	536	552	
12	0	0	0	0	528	542	
13	0	0	0	0	519	531	
14	0	0	0	0	511	523	
15	0	0	0	0	504	516	
0	0	0	0	0	496	517	
1	0	0	0	0	491	524	
2	0	0	0	0	487	536	
3	0	0	0	0	485	552	
4	0	0	0	0	484	563	
5	0	0	0	0	483	568	
6	0	0	0	0	483	566	
7	0	0	0	0	483	555	
8	0	0	0	0	485	540	
9	0	0	0	0	487	526	
10	0	0	0	0	489	519	
11	0	0	0	0	489	517	
12	0	0	0	0	484	513	
13	0	0	0	0	476	510	
14	0	0	0	0	470	508	
15	0	0	0	0	467	506	
0	0	0	0	0	465	508	
1	0	0	0	0	466	509	
2	0	0	0	0	472	509	
3	0	0	0	0	480	506	
4	0	0	0	0	487	502	
5	0	0	0	0	493	499	
6	0	0	0	0	494	500	
7	0	0	0	0	496	503	
8	0	0	0	0	499	508	
9	0	0	0	0	499	516	
10	0	0	0	0	497	525	
11	0	0	0	0	498	535	
12	0	0	0	0	497	549	
13	0	0	0	0	495	560	
14	0	0	0	0	487	568	
15	0	0	0	0	481	570	
0	0	0	0	0	476	569	
1	0	0	0	0	473	568	
2	0	0	0	0	470	560	
3	0	0	0	0	466	553	
4	0	0	0	0	464	547	
5	0	0	0	0	462	546	
6	0	0	0	0	461	548	
7	0	0	0	0	460	549	
8	0	0	0	0	463	550	
9	0	0	0	0	471	547	
10	0	0	0	0	483	544	
11	0	0	0	0	495	540	
12	0	0	0	0	506	529	
13	0	0	0	0	519	521	
14	0	0	0	0	528	515	
15	0	0	0	0	532	514	
0	0	0	0	0	536	511	
1	0	0	0	0	539	510	
2	0	0	0	0	543	510	
3	0	0	0	0	544	512	
4	0	0	0	0	543	512	
5	0	0	0	0	541	513	
6	0	0	0	0	537	515	
7	0	0	0	0	535	515	
8	0	0	0	0	533	513	
9	0	0	0	0	529	507	
10	0	0	0	0	530	503	
11	0	0	0	0	531	505	
12	0	0	0	0	534	507	
13	0	0	0	0	535	511	
14	0	0	0	0	537	514	
15	0	0	0	0	539	519	
0	0	0	0	0	539	526	
1	0	0	0	0	538	532	
2	0	0	0	0	527	534	
3	0	0	0	0	514	533	
4	0	0	0	0	499	527	
5	0	0	0	0	485	524	
6	0	0	0	0	474	519	
7	0	0	0	0	468	515	
8	0	0	0	0	468	510	
9	0	0	0	0	470	505	
10	0	0	0	0	473	504	
11	0	0	0	0	479	501	
12	0	0	0	0	487	498	
13	0	0	0	0	496	497	
14	0	0	0	0	508	496	
15	0	0	0	0	522	498	
0	0	0	0	0	534	500	
1	0	0	0	0	543	502	
2	0	0	0	0	551	504	
3	0	0	0	0	556	508	
4	0	0	0	0	556	514	
5	0	0	0	0	557	517	
6	0	0	0	0	558	518	
7	0	0	0	0	558	522	
8	0	0	0	0	554	526	
9	0	0	0	0	550	530	
10	0	0	0	0	547	529	
11	0	0	0	0	546	526	
12	0	0	0	0	546	520	
13	0	0	0	0	542	508	
14	0	0	0	0	540	492	
15	0	0	0	0	535	481	
0	0	0	0	0	532	474	
1	0	0	0	0	533	470	
2	0	0	0	0	534	471	
3	0	0	0	0	532	480	
4	0	0	0	0	532	495	
5	0	0	0	0	530	514	
6	0	0	0	0	529	529	
7	0	0	0	0	532	539	
8	0	0	0	0	536	541	
9	0	0	0	0	538	536	
10	0	0	0	0	536	531	
11	0	0	0	0	530	524	
12	0	0	0	0	524	524	
13	0	0	0	0	519	527	
14	0	0	0	0	521	528	
15	0	0	0	0	524	524	
0	0	0	0	0	524	517	
1	0	0	0	0	521	510	
2	0	0	0	0	519	504	
3	0	0	0	0	519	499	
4	0	0	0	0	521	496	
5	0	0	0	0	526	494	
6	0	0	0	0	532	489	
7	0	0	0	0	537	484	
8	0	0	0	0	539	480	
9	0	0	0	0	536	475	
10	0	0	0	0	530	466	
11	0	0	0	0	524	460	
12	0	0	0	0	519	454	
13	0	0	0	0	512	450	
14	0	0	0	0	507	444	
15	0	0	0	0	501	440	
0	0	0	0	0	501	440	
1	0	0	0	0	507	443	
2	0	0	0	0	516	455	
3	0	0	0	0	528	472	
4	0	0	0	0	537	489	
5	0	0	0	0	545	499	
6	0	0	0	0	546	505	
7	0	0	0	0	548	512	
8	0	0	0	0	550	515	
9	0	0	0	0	548	517	
10	0	0	0	0	542	520	
11	0	0	0	0	534	520	
12	0	0	0	0	526	519	
13	0	0	0	0	518	520	
14	0	0	0	0	511	524	
15	0	0	0	0	505	524	
0	0	0	0	0	496	524	
1	0	0	0	0	492	527	
2	0	0	0	0	491	528	
3	0	0	0	0	492	531	
4	0	0	0	0	487	539	
5	0	0	0	0	485	545	
6	0	0	0	0	486	551	
7	0	0	0	0	487	553	
8	0	0	0	0	489	549	
9	0	0	0	0	488	544	
10	0	0	0	0	486	539	
11	0	0	0	0	487	537	
12	0	0	0	0	490	527	
13	0	0	0	0	497	514	
14	0	0	0	0	506	505	
15	0	0	0	0	515	499	
0	0	0	0	0	523	492	
1	0	0	0	0	534	482	
2	0	0	0	0	546	466	
3	0	0	0	0	558	458	
4	0	0	0	0	567	453	
5	0	0	0	0	575	453	
6	0	0	0	0	580	455	
7	0	0	0	0	583	461	
8	0	0	0	0	579	468	
9	0	0	0	0	573	471	
10	0	0	0	0	566	471	
11	0	0	0	0	559	468	
12	0	0	0	0	551	464	
13	0	0	0	0	541	460	
14	0	0	0	0	532	454	
15	0	0	0	0	524	451	
0	0	0	0	0	518	450	
1	0	0	0	0	514	451	
2	0	0	0	0	508	450	
3	0	0	0	0	509	451	
4	0	0	0	0	508	452	
5	0	0	0	0	506	450	
6	0	0	0	0	506	448	
7	0	0	0	0	510	449	
8	0	0	0	0	516	450	
9	0	0	0	0	525	458	
10	0	0	0	0	532	473	
11	0	0	0	0	540	490	
12	0	0	0	0	546	502	
13	0	0	0	0	543	508	
14	0	0	0	0	533	507	
15	0	0	0	0	515	504	
0	0	0	0	0	499	492	
1	0	0	0	0	484	477	
2	0	0	0	0	471	457	
3	0	0	0	0	464	433	
4	0	0	0	0	463	414	
5	0	0	0	0	467	401	
6	0	0	0	0	477	392	
7	0	0	0	0	489	389	
8	0	0	0	0	503	390	
9	0	0	0	0	510	391	
10	0	0	0	0	515	394	
11	0	0	0	0	517	397	
12	0	0	0	0	518	404	
13	0	0	0	0	519	407	
14	0	0	0	0	520	408	
15	0	0	0	0	520	412	
0	0	0	0	0	517	416	
1	0	0	0	0	518	423	
2	0	0	0	0	521	433	
3	0	0	0	0	525	446	
4	0	0	0	0	530	460	
5	0	0	0	0	527	469	
6	0	0	0	0	524	473	
7	0	0	0	0	525	472	
8	0	0	0	0	530	468	
9	0	0	0	0	532	466	
10	0	0	0	0	531	464	
11	0	0	0	0	531	464	
12	0	0	0	0	529	464	
13	0	0	0	0	528	465	
14	0	0	0	0	524	473	
15	0	0	0	0	523	481	
0	0	0	0	0	519	491	
1	0	0	0	0	515	502	
2	0	0	0	0	512	511	
3	0	0	0	0	509	514	
4	0	0	0	0	504	512	
5	0	0	0	0	494	508	
6	0	0	0	0	487	504	
7	0	0	0	0	486	502	
8	0	0	0	0	487	499	
9	0	0	0	0	489	499	
10	0	0	0	0	493	504	
11	0	0	0	0	490	509	
12	0	0	0	0	490	516	
13	0	0	0	0	491	524	
14	0	0	0	0	491	525	
15	0	0	0	0	488	525	
0	0	0	0	0	486	517	
1	0	0	0	0	487	507	
2	0	0	0	0	488	497	
3	0	0	0	0	492	492	
4	0	0	0	0	499	487	
5	0	0	0	0	509	476	
6	0	0	0	0	515	463	
7	0	0	0	0	518	455	
8	0	0	0	0	522	446	
9	0	0	0	0	523	440	
10	0	0	0	0	519	439	
11	0	0	0	0	518	441	
12	0	0	0	0	513	447	
13	0	0	0	0	508	449	
14	0	0	0	0	505	450	
15	0	0	0	0	506	448	
0	0	0	0	0	513	442	
1	0	0	0	0	523	438	
2	0	0	0	0	535	440	
3	0	0	0	0	546	448	
4	0	0	0	0	558	457	
5	0	0	0	0	565	467	
6	0	0	0	0	571	480	
7	0	0	0	0	573	488	
8	0	0	0	0	568	494	
9	0	0	0	0	556	499	
10	0	0	0	0	540	498	
11	0	0	0	0	524	496	
12	0	0	0	0	507	494	
13	0	0	0	0	492	494	
14	0	0	0	0	478	491	
15	0	0	0	0	468	484	
0	0	0	0	0	463	480	
1	0	0	0	0	462	481	
2	0	0	0	0	462	483	
3	0	0	0	0	465	483	
4	0	0	0	0	466	483	
5	0	0	0	0	466	483	
6	0	0	0	0	463	481	
7	0	0	0	0	464	478	
8	0	0	0	0	468	472	
9	0	0	0	0	472	466	
10	0	0	0	0	475	464	
11	0	0	0	0	480	461	
12	0	0	0	0	487	457	
13	0	0	0	0	492	460	
14	0	0	0	0	501	467	
15	0	0	0	0	509	480	
0	0	0	0	0	519	500	
1	0	0	0	0	530	523	
2	0	0	0	0	537	539	
3	0	0	0	0	540	543	
4	0	0	0	0	540	540	
5	0	0	0	0	536	535	
6	0	0	0	0	532	528	
7	0	0	0	0	531	517	
8	0	0	0	0	531	510	
9	0	0	0	0	532	503	
10	0	0	0	0	535	501	
11	0	0	0	0	536	497	
12	0	0	0	0	537	495	
13	0	0	0	0	540	492	
14	0	0	0	0	542	484	
15	0	0	0	0	540	476	
0	0	0	0	0	539	462	
1	0	0	0	0	536	450	
2	0	0	0	0	535	443	
3	0	0	0	0	533	435	
4	0	0	0	0	530	425	
5	0	0	0	0	529	416	
6	0	0	0	0	525	412	
7	0	0	0	0	518	412	
8	0	0	0	0	513	417	
9	0	0	0	0	510	428	
10	0	0	0	0	508	441	
11	0	0	0	0	508	450	
12	0	0	0	0	512	459	
13	0	0	0	0	519	461	
14	0	0	0	0	534	463	
15	0	0	0	0	547	467	
0	0	0	0	0	556	469	
1	0	0	0	0	562	470	
2	0	0	0	0	565	470	
3	0	0	0	0	563	466	
4	0	0	0	0	557	463	
5	0	0	0	0	548	463	
6	0	0	0	0	534	462	
7	0	0	0	0	518	462	
8	0	0	0	0	501	461	
9	0	0	0	0	487	468	
10	0	0	0	0	476	476	
11	0	0	0	0	466	480	
12	0	0	0	0	460	482	
13	0	0	0	0	457	480	
14	0	0	0	0	457	474	
15	0	0	0	0	458	470	
0	0	0	0	0	459	463	
1	0	0	0	0	462	454	
2	0	0	0	0	464	448	
3	0	0	0	0	471	448	
4	0	0	0	0	478	454	
5	0	0	0	0	486	458	
6	0	0	0	0	495	463	
7	0	0	0	0	504	468	
8	0	0	0	0	508	470	
9	0	0	0	0	510	469	
10	0	0	0	0	513	466	
11	0	0	0	0	518	464	
12	0	0	0	0	519	455	
13	0	0	0	0	521	443	
14	0	0	0	0	518	433	
15	0	0	0	0	513	423	
0	0	0	0	0	513	418	
1	0	0	0	0	517	425	
2	0	0	0	0	520	439	
3	0	0	0	0	522	456	
4	0	0	0	0	522	475	
5	0	0	0	0	525	492	
6	0	0	0	0	529	506	
7	0	0	0	0	531	522	
8	0	0	0	0	535	539	
9	0	0	0	0	537	553	
10	0	0	0	0	537	564	
11	0	0	0	0	537	569	
12	0	0	0	0	540	564	
13	0	0	0	0	540	555	
14	0	0	0	0	540	544	
15	0	0	0	0	537	537	
0	0	0	0	0	536	538	
1	0	0	0	0	535	543	
2	0	0	0	0	532	553	
3	0	0	0	0	532	563	
4	0	0	0	0	535	569	
5	0	0	0	0	537	580	
6	0	0	0	0	542	587	
7	0	0	0	0	546	591	
8	0	0	0	0	548	586	
9	0	0	0	0	549	578	
10	0	0	0	0	550	574	
11	0	0	0	0	549	571	
12	0	0	0	0	544	563	
13	0	0	0	0	538	552	
14	0	0	0	0	531	537	
15	0	0	0	0	524	518	
0	0	0	0	0	519	498	
1	0	0	0	0	516	478	
2	0	0	0	0	513	462	
3	0	0	0	0	512	447	
4	0	0	0	0	515	442	
5	0	0	0	0	521	448	
6	0	0	0	0	532	457	
7	0	0	0	0	541	462	
8	0	0	0	0	551	468	
9	0	0	0	0	559	471	
10	0	0	0	0	564	478	
11	0	0	0	0	569	486	
12	0	0	0	0	574	496	
13	0	0	0	0	577	502	
14	0	0	0	0	583	508	
15	0	0	0	0	584	513	
0	0	0	0	0	588	517	
1	0	0	0	0	591	516	
2	0	0	0	0	596	513	
3	0	0	0	0	603	512	
4	0	0	0	0	602	510	
5	0	0	0	0	601	506	
6	0	0	0	0	598	498	
7	0	0	0	0	594	491	
8	0	0	0	0	590	489	
9	0	0	0	0	583	486	
10	0	0	0	0	576	482	
11	0	0	0	0	572	477	
12	0	0	0	0	569	471	
13	0	0	0	0	567	465	
14	0	0	0	0	563	455	
15	0	0	0	0	561	448	
0	0	0	0	0	560	436	
1	0	0	0	0	558	425	
2	0	0	0	0	559	420	
3	0	0	0	0	560	419	
4	0	0	0	0	563	424	
5	0	0	0	0	568	430	
6	0	0	0	0	573	431	
7	0	0	0	0	577	438	
8	0	0	0	0	583	440	
9	0	0	0	0	587	441	
10	0	0	0	0	590	446	
11	0	0	0	0	594	452	
12	0	0	0	0	598	460	
13	0	0	0	0	600	467	
14	0	0	0	0	604	473	
15	0	0	0	0	608	483	
0	0	0	0	0	613	495	
1	0	0	0	0	623	508	
2	0	0	0	0	635	512	
3	0	0	0	0	645	512	
4	0	0	0	0	647	515	
5	0	0	0	0	645	518	
6	0	0	0	0	638	516	
7	0	0	0	0	624	512	
8	0	0	0	0	611	504	
9	0	0	0	0	593	492	
10	0	0	0	0	578	487	
11	0	0	0	0	564	482	
12	0	0	0	0	555	479	
13	0	0	0	0	544	476	
14	0	0	0	0	534	472	
15	0	0	0	0	527	465	
0	0	0	0	0	524	458	
1	0	0	0	0	519	445	
2	0	0	0	0	515	432	
3	0	0	0	0	515	420	
4	0	0	0	0	512	412	
5	0	0	0	0	506	414	
6	0	0	0	0	498	414	
7	0	0	0	0	490	421	
8	0	0	0	0	483	424	
9	0	0	0	0	476	424	
10	0	0	0	0	473	422	
11	0	0	0	0	472	420	
12	0	0	0	0	475	415	
13	0	0	0	0	479	407	
14	0	0	0	0	484	398	
15	0	0	0	0	491	393	
0	0	0	0	0	500	393	
1	0	0	0	0	508	397	
2	0	0	0	0	511	404	
3	0	0	0	0	515	408	
4	0	0	0	0	519	415	
5	0	0	0	0	523	422	
6	0	0	0	0	526	431	
7	0	0	0	0	527	440	
8	0	0	0	0	531	445	
9	0	0	0	0	532	446	
10	0	0	0	0	534	446	
11	0	0	0	0	531	449	
12	0	0	0	0	525	457	
13	0	0	0	0	518	466	
14	0	0	0	0	510	474	
15	0	0	0	0	502	479	
0	0	0	0	0	491	478	
1	0	0	0	0	482	477	
2	0	0	0	0	475	478	
3	0	0	0	0	466	480	
4	0	0	0	0	458	485	
5	0	0	0	0	454	492	
6	0	0	0	0	454	503	
7	0	0	0	0	461	516	
8	0	0	0	0	469	531	
9	0	0	0	0	479	546	
10	0	0	0	0	490	559	
11	0	0	0	0	504	571	
12	0	0	0	0	517	580	
13	0	0	0	0	525	582	
14	0	0	0	0	535	578	
15	0	0	0	0	541	566	
0	0	0	0	0	543	553	
1	0	0	0	0	540	542	
2	0	0	0	0	538	527	
3	0	0	0	0	535	513	
4	0	0	0	0	532	500	
5	0	0	0	0	531	494	
6	0	0	0	0	532	495	
7	0	0	0	0	535	502	
8	0	0	0	0	536	508	
9	0	0	0	0	540	512	
10	0	0	0	0	540	516	
11	0	0	0	0	539	519	
12	0	0	0	0	543	518	
13	0	0	0	0	546	522	
14	0	0	0	0	546	531	
15	0	0	0	0	543	537	
0	0	0	0	0	539	545	
1	0	0	0	0	535	554	
2	0	0	0	0	532	563	
3	0	0	0	0	531	568	
4	0	0	0	0	529	569	
5	0	0	0	0	530	568	
6	0	0	0	0	531	568	
7	0	0	0	0	531	564	
8	0	0	0	0	528	558	
9	0	0	0	0	524	553	
10	0	0	0	0	519	548	
11	0	0	0	0	515	540	
12	0	0	0	0	510	527	
13	0	0	0	0	505	507	
14	0	0	0	0	500	488	
15	0	0	0	0	498	473	
0	0	0	0	0	498	465	
1	0	0	0	0	496	455	
2	0	0	0	0	494	447	
3	0	0	0	0	491	444	
4	0	0	0	0	496	444	
5	0	0	0	0	502	444	
6	0	0	0	0	512	444	
7	0	0	0	0	521	449	
8	0	0	0	0	532	459	
9	0	0	0	0	545	468	
10	0	0	0	0	551	477	
11	0	0	0	0	557	485	
12	0	0	0	0	558	490	
13	0	0	0	0	556	495	
14	0	0	0	0	553	501	
15	0	0	0	0	551	505	
0	0	0	0	0	551	510	
1	0	0	0	0	555	516	
2	0	0	0	0	559	522	
3	0	0	0	0	563	522	
4	0	0	0	0	569	518	
5	0	0	0	0	570	510	
6	0	0	0	0	567	502	
7	0	0	0	0	559	498	
8	0	0	0	0	549	495	
9	0	0	0	0	538	496	
10	0	0	0	0	528	496	
11	0	0	0	0	519	492	
12	0	0	0	0	512	485	
13	0	0	0	0	508	477	
14	0	0	0	0	504	466	
15	0	0	0	0	504	462	
0	0	0	0	0	507	464	
1	0	0	0	0	511	468	
2	0	0	0	0	517	476	
3	0	0	0	0	519	484	
4	0	0	0	0	523	495	
5	0	0	0	0	531	510	
6	0	0	0	0	537	522	
7	0	0	0	0	542	530	
8	0	0	0	0	547	533	
9	0	0	0	0	551	529	
10	0	0	0	0	548	527	
11	0	0	0	0	543	523	
12	0	0	0	0	536	517	
13	0	0	0	0	525	510	
14	0	0	0	0	513	504	
15	0	0	0	0	502	500	
0	0	0	0	0	492	496	
1	0	0	0	0	483	492	
2	0	0	0	0	476	488	
3	0	0	0	0	474	487	
4	0	0	0	0	474	490	
5	0	0	0	0	476	492	
6	0	0	0	0	475	494	
7	0	0	0	0	470	498	
8	0	0	0	0	464	502	
9	0	0	0	0	464	510	
10	0	0	0	0	464	523	
11	0	0	0	0	470	532	
12	0	0	0	0	475	536	
13	0	0	0	0	480	540	
14	0	0	0	0	487	541	
15	0	0	0	0	495	540	
0	0	0	0	0	500	536	
1	0	0	0	0	510	527	
2	0	0	0	0	518	521	
3	0	0	0	0	523	516	
4	0	0	0	0	529	512	
5	0	0	0	0	536	505	
6	0	0	0	0	544	501	
7	0	0	0	0	551	499	
8	0	0	0	0	559	501	
9	0	0	0	0	567	505	
10	0	0	0	0	571	514	
11	0	0	0	0	574	524	
12	0	0	0	0	573	530	
13	0	0	0	0	571	537	
14	0	0	0	0	567	543	
15	0	0	0	0	563	550	
0	0	0	0	0	556	556	
1	0	0	0	0	547	556	
2	0	0	0	0	535	551	
3	0	0	0	0	519	539	
4	0	0	0	0	504	528	
5	0	0	0	0	493	515	
6	0	0	0	0	482	504	
7	0	0	0	0	473	500	
8	0	0	0	0	468	499	
9	0	0	0	0	463	500	
10	0	0	0	0	461	500	
11	0	0	0	0	461	498	
12	0	0	0	0	464	497	
13	0	0	0	0	473	498	
14	0	0	0	0	486	499	
15	0	0	0	0	500	504	
0	0	0	0	0	513	508	
1	0	0	0	0	525	513	
2	0	0	0	0	531	518	
3	0	0	0	0	533	521	
4	0	0	0	0	529	522	
5	0	0	0	0	523	522	
6	0	0	0	0	516	522	
7	0	0	0	0	511	523	
8	0	0	0	0	511	528	
9	0	0	0	0	513	536	
10	0	0	0	0	516	546	
11	0	0	0	0	519	552	
12	0	0	0	0	520	559	
13	0	0	0	0	517	563	
14	0	0	0	0	516	566	
15	0	0	0	0	518	569	
0	0	0	0	0	524	568	
1	0	0	0	0	529	567	
2	0	0	0	0	532	566	
3	0	0	0	0	532	566	
4	0	0	0	0	531	570	
5	0	0	0	0	529	572	
6	0	0	0	0	529	570	
7	0	0	0	0	524	562	
8	0	0	0	0	518	552	
9	0	0	0	0	511	542	
10	0	0	0	0	503	528	
11	0	0	0	0	499	512	
12	0	0	0	0	501	497	
13	0	0	0	0	507	486	
14	0	0	0	0	513	480	
15	0	0	0	0	519	478	
0	0	0	0	0	526	480	
1	0	0	0	0	531	482	
2	0	0	0	0	537	484	
3	0	0	0	0	541	487	
4	0	0	0	0	541	490	
5	0	0	0	0	538	497	
6	0	0	0	0	529	507	
7	0	0	0	0	520	514	
8	0	0	0	0	511	520	
9	0	0	0	0	505	524	
10	0	0	0	0	497	521	
11	0	0	0	0	495	514	
12	0	0	0	0	497	505	
13	0	0	0	0	502	496	
14	0	0	0	0	505	492	
15	0	0	0	0	505	489	
0	0	0	0	0	500	482	
1	0	0	0	0	494	473	
2	0	0	0	0	486	466	
3	0	0	0	0	473	462	
4	0	0	0	0	463	462	
5	0	0	0	0	451	467	
6	0	0	0	0	444	476	
7	0	0	0	0	443	484	
8	0	0	0	0	445	487	
9	0	0	0	0	449	484	
10	0	0	0	0	457	483	
11	0	0	0	0	463	482	
12	0	0	0	0	474	482	
13	0	0	0	0	483	480	
14	0	0	0	0	490	482	
15	0	0	0	0	496	482	
0	0	0	0	0	499	479	
1	0	0	0	0	499	476	
2	0	0	0	0	499	472	
3	0	0	0	0	498	465	
4	0	0	0	0	499	459	
5	0	0	0	0	501	456	
6	0	0	0	0	502	460	
7	0	0	0	0	502	465	
8	0	0	0	0	507	473	
9	0	0	0	0	513	483	
10	0	0	0	0	517	493	
11	0	0	0	0	524	498	
12	0	0	0	0	527	499	
13	0	0	0	0	528	499	
14	0	0	0	0	527	500	
15	0	0	0	0	528	504	
0	0	0	0	0	527	510	
1	0	0	0	0	522	519	
2	0	0	0	0	512	527	
3	0	0	0	0	500	534	
4	0	0	0	0	483	533	
5	0	0	0	0	467	535	
6	0	0	0	0	459	532	
7	0	0	0	0	452	525	
8	0	0	0	0	448	515	
9	0	0	0	0	447	504	
10	0	0	0	0	448	491	
11	0	0	0	0	453	477	
12	0	0	0	0	458	469	
13	0	0	0	0	464	462	
14	0	0	0	0	475	455	
15	0	0	0	0	489	453	
0	0	0	0	0	504	460	
1	0	0	0	0	516	463	
2	0	0	0	0	524	467	
3	0	0	0	0	531	471	
4	0	0	0	0	533	480	
5	0	0	0	0	532	490	
6	0	0	0	0	527	496	
7	0	0	0	0	522	501	
8	0	0	0	0	516	504	
9	0	0	0	0	511	506	
10	0	0	0	0	509	510	
11	0	0	0	0	504	515	
12	0	0	0	0	502	521	
13	0	0	0	0	501	524	
14	0	0	0	0	501	531	
15	0	0	0	0	502	543	
0	0	0	0	0	503	555	
1	0	0	0	0	501	562	
2	0	0	0	0	500	564	
3	0	0	0	0	500	558	
4	0	0	0	0	502	548	
5	0	0	0	0	508	540	
6	0	0	0	0	512	529	
7	0	0	0	0	512	525	
8	0	0	0	0	507	515	
9	0	0	0	0	502	502	
10	0	0	0	0	499	491	
11	0	0	0	0	501	484	
12	0	0	0	0	503	478	
13	0	0	0	0	504	477	
14	0	0	0	0	508	476	
15	0	0	0	0	516	478	
0	0	0	0	0	525	483	
1	0	0	0	0	536	491	
2	0	0	0	0	547	499	
3	0	0	0	0	555	505	
4	0	0	0	0	555	510	
5	0	0	0	0	550	507	
6	0	0	0	0	545	505	
7	0	0	0	0	543	501	
8	0	0	0	0	542	500	
9	0	0	0	0	544	500	
10	0	0	0	0	546	500	
11	0	0	0	0	540	500	
12	0	0	0	0	531	501	
13	0	0	0	0	521	496	
14	0	0	0	0	514	494	
15	0	0	0	0	510	492	
0	0	0	0	0	504	492	
1	0	0	0	0	499	493	
2	0	0	0	0	499	497	
3	0	0	0	0	499	507	
4	0	0	0	0	498	516	
5	0	0	0	0	494	526	
6	0	0	0	0	489	531	
7	0	0	0	0	483	528	
8	0	0	0	0	472	521	
9	0	0	0	0	463	508	
10	0	0	0	0	457	488	
11	0	0	0	0	454	461	
12	0	0	0	0	457	435	
13	0	0	0	0	465	416	
14	0	0	0	0	478	409	
15	0	0	0	0	493	409	
0	0	0	0	0	502	416	
1	0	0	0	0	509	422	
2	0	0	0	0	511	428	
3	0	0	0	0	510	435	
4	0	0	0	0	505	441	
5	0	0	0	0	496	446	
6	0	0	0	0	484	447	
7	0	0	0	0	470	446	
8	0	0	0	0	455	448	
9	0	0	0	0	443	452	
10	0	0	0	0	430	459	
11	0	0	0	0	421	469	
12	0	0	0	0	420	481	
13	0	0	0	0	427	490	
14	0	0	0	0	439	501	
15	0	0	0	0	455	510	
0	0	0	0	0	472	512	
1	0	0	0	0	487	512	
2	0	0	0	0	497	506	
3	0	0	0	0	502	496	
4	0	0	0	0	499	484	
5	0	0	0	0	495	476	
6	0	0	0	0	496	471	
7	0	0	0	0	499	469	
8	0	0	0	0	501	469	
9	0	0	0	0	501	470	
10	0	0	0	0	502	467	
11	0	0	0	0	507	470	
12	0	0	0	0	512	474	
13	0	0	0	0	523	480	
14	0	0	0	0	531	486	
15	0	0	0	0	531	490	
0	0	0	0	0	527	493	
1	0	0	0	0	522	496	
2	0	0	0	0	515	500	
3	0	0	0	0	506	505	
4	0	0	0	0	495	508	
5	0	0	0	0	485	515	
6	0	0	0	0	475	522	
7	0	0	0	0	465	520	
8	0	0	0	0	454	518	
9	0	0	0	0	447	515	
10	0	0	0	0	445	514	
11	0	0	0	0	444	515	
12	0	0	0	0	448	519	
13	0	0	0	0	460	523	
14	0	0	0	0	475	530	
15	0	0	0	0	491	542	
0	0	0	0	0	505	554	
1	0	0	0	0	517	566	
2	0	0	0	0	524	572	
3	0	0	0	0	526	569	
4	0	0	0	0	527	555	
5	0	0	0	0	522	537	
6	0	0	0	0	514	522	
7	0	0	0	0	502	510	
8	0	0	0	0	487	500	
9	0	0	0	0	472	488	
10	0	0	0	0	456	482	
11	0	0	0	0	444	480	
12	0	0	0	0	439	482	
13	0	0	0	0	433	487	
14	0	0	0	0	430	495	
15	0	0	0	0	429	504	
0	0	0	0	0	432	515	
1	0	0	0	0	437	529	
2	0	0	0	0	444	542	
3	0	0	0	0	450	556	
4	0	0	0	0	455	562	
5	0	0	0	0	464	564	
6	0	0	0	0	475	568	
7	0	0	0	0	486	565	
8	0	0	0	0	494	556	
9	0	0	0	0	489	543	
10	0	0	0	0	485	539	
11	0	0	0	0	480	536	
12	0	0	0	0	473	536	
13	0	0	0	0	466	536	
14	0	0	0	0	458	533	
15	0	0	0	0	456	531	
0	0	0	0	0	461	528	
1	0	0	0	0	466	520	
2	0	0	0	0	467	512	
3	0	0	0	0	469	503	
4	0	0	0	0	469	495	
5	0	0	0	0	469	486	
6	0	0	0	0	465	480	
7	0	0	0	0	458	475	
8	0	0	0	0	448	470	
9	0	0	0	0	439	464	
10	0	0	0	0	433	457	
11	0	0	0	0	433	450	
12	0	0	0	0	439	449	
13	0	0	0	0	446	451	
14	0	0	0	0	455	457	
15	0	0	0	0	463	463	
0	0	0	0	0	467	467	
1	0	0	0	0	467	470	
2	0	0	0	0	466	475	
3	0	0	0	0	460	478	
4	0	0	0	0	455	483	
5	0	0	0	0	453	489	
6	0	0	0	0	450	500	
7	0	0	0	0	444	514	
8	0	0	0	0	442	528	
9	0	0	0	0	444	538	
10	0	0	0	0	452	545	
11	0	0	0	0	466	547	
12	0	0	0	0	478	546	
13	0	0	0	0	492	538	
14	0	0	0	0	505	528	
15	0	0	0	0	516	519	
0	0	0	0	0	527	511	
1	0	0	0	0	528	504	
2	0	0	0	0	524	504	
3	0	0	0	0	513	506	
4	0	0	0	0	498	508	
5	0	0	0	0	482	511	
6	0	0	0	0	469	518	
7	0	0	0	0	459	530	
8	0	0	0	0	450	541	
9	0	0	0	0	441	551	
10	0	0	0	0	432	563	
11	0	0	0	0	422	565	
12	0	0	0	0	414	562	
13	0	0	0	0	404	552	
14	0	0	0	0	396	536	
15	0	0	0	0	392	511	
0	0	0	0	0	390	490	
1	0	0	0	0	393	475	
2	0	0	0	0	399	468	
3	0	0	0	0	406	471	
4	0	0	0	0	415	482	
5	0	0	0	0	427	493	
6	0	0	0	0	434	505	
7	0	0	0	0	438	518	
8	0	0	0	0	435	520	
9	0	0	0	0	432	521	
10	0	0	0	0	423	520	
11	0	0	0	0	417	519	
12	0	0	0	0	413	516	
13	0	0	0	0	410	514	
14	0	0	0	0	411	513	
15	0	0	0	0	411	514	
0	0	0	0	0	409	513	
1	0	0	0	0	411	516	
2	0	0	0	0	415	516	
3	0	0	0	0	418	519	
4	0	0	0	0	420	520	
5	0	0	0	0	425	521	
6	0	0	0	0	434	526	
7	0	0	0	0	435	533	
8	0	0	0	0	434	539	
9	0	0	0	0	429	546	
10	0	0	0	0	426	558	
11	0	0	0	0	427	567	
12	0	0	0	0	431	574	
13	0	0	0	0	438	575	
14	0	0	0	0	446	573	
15	0	0	0	0	451	571	
0	0	0	0	0	456	568	
1	0	0	0	0	467	560	
2	0	0	0	0	479	552	
3	0	0	0	0	489	545	
4	0	0	0	0	498	539	
5	0	0	0	0	504	535	
6	0	0	0	0	508	536	
7	0	0	0	0	508	540	
8	0	0	0	0	504	546	
9	0	0	0	0	496	552	
10	0	0	0	0	488	547	
11	0	0	0	0	480	542	
12	0	0	0	0	468	534	
13	0	0	0	0	456	524	
14	0	0	0	0	447	516	
15	0	0	0	0	440	513	
0	0	0	0	0	437	509	
1	0	0	0	0	439	508	
2	0	0	0	0	442	505	
3	0	0	0	0	446	501	
4	0	0	0	0	449	501	
5	0	0	0	0	452	503	
6	0	0	0	0	454	501	
7	0	0	0	0	451	497	
8	0	0	0	0	450	497	
9	0	0	0	0	449	500	
10	0	0	0	0	446	504	
11	0	0	0	0	441	505	
12	0	0	0	0	435	503	
13	0	0	0	0	435	505	
14	0	0	0	0	438	509	
15	0	0	0	0	447	519	
0	0	0	0	0	460	535	
1	0	0	0	0	474	554	
2	0	0	0	0	483	582	
3	0	0	0	0	488	605	
4	0	0	0	0	492	627	
5	0	0	0	0	492	641	
6	0	0	0	0	490	641	
7	0	0	0	0	488	630	
8	0	0	0	0	488	613	
9	0	0	0	0	494	596	
10	0	0	0	0	500	579	
11	0	0	0	0	505	556	
12	0	0	0	0	509	531	
13	0	0	0	0	512	504	
14	0	0	0	0	511	479	
15	0	0	0	0	507	459	
0	0	0	0	0	503	445	
1	0	0	0	0	499	436	
2	0	0	0	0	495	432	
3	0	0	0	0	492	430	
4	0	0	0	0	489	434	
5	0	0	0	0	487	443	
6	0	0	0	0	487	453	
7	0	0	0	0	485	457	
8	0	0	0	0	479	462	
9	0	0	0	0	476	467	
10	0	0	0	0	479	479	
11	0	0	0	0	487	492	
12	0	0	0	0	495	508	
13	0	0	0	0	505	520	
14	0	0	0	0	512	527	
15	0	0	0	0	521	532	
0	0	0	0	0	527	542	
1	0	0	0	0	529	550	
2	0	0	0	0	530	553	
3	0	0	0	0	527	553	
4	0	0	0	0	520	545	
5	0	0	0	0	510	532	
6	0	0	0	0	502	519	
7	0	0	0	0	497	507	
8	0	0	0	0	495	497	
9	0	0	0	0	496	490	
10	0	0	0	0	499	481	
11	0	0	0	0	504	478	
12	0	0	0	0	505	475	
13	0	0	0	0	508	474	
14	0	0	0	0	509	476	
15	0	0	0	0	511	480	
0	0	0	0	0	513	481	
1	0	0	0	0	511	479	
2	0	0	0	0	504	474	
3	0	0	0	0	496	467	
4	0	0	0	0	494	457	
5	0	0	0	0	493	445	
6	0	0	0	0	493	437	
7	0	0	0	0	498	439	
8	0	0	0	0	508	447	
9	0	0	0	0	520	458	
10	0	0	0	0	532	471	
11	0	0	0	0	545	484	
12	0	0	0	0	553	504	
13	0	0	0	0	559	526	
14	0	0	0	0	566	544	
15	0	0	0	0	567	553	
0	0	0	0	0	564	554	
1	0	0	0	0	560	549	
2	0	0	0	0	555	547	
3	0	0	0	0	549	547	
4	0	0	0	0	539	550	
5	0	0	0	0	527	555	
6	0	0	0	0	512	560	
7	0	0	0	0	496	557	
8	0	0	0	0	482	554	
9	0	0	0	0	471	542	
10	0	0	0	0	461	527	
11	0	0	0	0	454	510	
12	0	0	0	0	447	496	
13	0	0	0	0	439	480	
14	0	0	0	0	434	468	
15	0	0	0	0	433	459	
0	0	0	0	0	433	458	
1	0	0	0	0	435	463	
2	0	0	0	0	438	465	
3	0	0	0	0	441	468	
4	0	0	0	0	448	469	
5	0	0	0	0	451	467	
6	0	0	0	0	453	466	
7	0	0	0	0	459	463	
8	0	0	0	0	467	463	
9	0	0	0	0	478	469	
10	0	0	0	0	489	480	
11	0	0	0	0	494	492	
12	0	0	0	0	493	507	
13	0	0	0	0	492	523	
14	0	0	0	0	497	536	
15	0	0	0	0	504	548	
0	0	0	0	0	514	550	
1	0	0	0	0	518	547	
2	0	0	0	0	521	542	
3	0	0	0	0	524	536	
4	0	0	0	0	524	526	
5	0	0	0	0	521	516	
6	0	0	0	0	514	510	
7	0	0	0	0	508	504	
8	0	0	0	0	505	502	
9	0	0	0	0	501	496	
10	0	0	0	0	498	485	
11	0	0	0	0	493	477	
12	0	0	0	0	489	472	
13	0	0	0	0	487	465	
14	0	0	0	0	485	461	
15	0	0	0	0	481	462	
0	0	0	0	0	476	465	
1	0	0	0	0	471	469	
2	0	0	0	0	464	472	
3	0	0	0	0	459	476	
4	0	0	0	0	457	480	
5	0	0	0	0	457	487	
6	0	0	0	0	459	496	
7	0	0	0	0	459	505	
8	0	0	0	0	460	514	
9	0	0	0	0	459	526	
10	0	0	0	0	459	542	
11	0	0	0	0	459	562	
12	0	0	0	0	460	577	
13	0	0	0	0	460	586	
14	0	0	0	0	466	591	
15	0	0	0	0	479	599	
0	0	0	0	0	493	603	
1	0	0	0	0	506	605	
2	0	0	0	0	518	602	
3	0	0	0	0	531	598	
4	0	0	0	0	543	595	
5	0	0	0	0	552	597	
6	0	0	0	0	556	592	
7	0	0	0	0	555	586	
8	0	0	0	0	546	575	
9	0	0	0	0	533	563	
10	0	0	0	0	519	541	
11	0	0	0	0	500	521	
12	0	0	0	0	483	500	
13	0	0	0	0	468	483	
14	0	0	0	0	457	475	
15	0	0	0	0	455	471	
0	0	0	0	0	452	472	
1	0	0	0	0	450	472	
2	0	0	0	0	451	473	
3	0	0	0	0	453	478	
4	0	0	0	0	456	487	
5	0	0	0	0	461	499	
6	0	0	0	0	468	512	
7	0	0	0	0	478	519	
8	0	0	0	0	487	524	
9	0	0	0	0	492	527	
10	0	0	0	0	494	527	
11	0	0	0	0	498	527	
12	0	0	0	0	498	527	
13	0	0	0	0	495	527	
14	0	0	0	0	491	524	
15	0	0	0	0	487	523	
0	0	0	0	0	484	524	
1	0	0	0	0	483	526	
2	0	0	0	0	485	526	
3	0	0	0	0	488	527	
4	0	0	0	0	493	527	
5	0	0	0	0	495	525	
6	0	0	0	0	494	523	
7	0	0	0	0	489	523	
8	0	0	0	0	487	521	
9	0	0	0	0	484	519	
10	0	0	0	0	485	522	
11	0	0	0	0	485	524	
12	0	0	0	0	487	527	
13	0	0	0	0	487	523	
14	0	0	0	0	484	514	
15	0	0	0	0	478	505	
0	0	0	0	0	472	497	
1	0	0	0	0	469	492	
2	0	0	0	0	466	487	
3	0	0	0	0	459	486	
4	0	0	0	0	451	486	
5	0	0	0	0	443	487	
6	0	0	0	0	438	488	
7	0	0	0	0	437	494	
8	0	0	0	0	443	500	
9	0	0	0	0	447	506	
10	0	0	0	0	453	511	
11	0	0	0	0	459	528	
12	0	0	0	0	464	547	
13	0	0	0	0	469	563	
14	0	0	0	0	473	577	
15	0	0	0	0	476	583	
0	0	0	0	0	477	588	
1	0	0	0	0	475	585	
2	0	0	0	0	475	578	
3	0	0	0	0	470	567	
4	0	0	0	0	464	549	
5	0	0	0	0	456	528	
6	0	0	0	0	449	504	
7	0	0	0	0	443	478	
8	0	0	0	0	442	459	
9	0	0	0	0	445	446	
10	0	0	0	0	450	436	
11	0	0	0	0	451	431	
12	0	0	0	0	452	431	
13	0	0	0	0	453	439	
14	0	0	0	0	456	449	
15	0	0	0	0	467	460	
0	0	0	0	0	477	470	
1	0	0	0	0	487	482	
2	0	0	0	0	502	494	
3	0	0	0	0	514	504	
4	0	0	0	0	522	512	
5	0	0	0	0	526	521	
6	0	0	0	0	523	531	
7	0	0	0	0	515	543	
8	0	0	0	0	510	555	
9	0	0	0	0	509	568	
10	0	0	0	0	511	578	
11	0	0	0	0	515	578	
12	0	0	0	0	518	576	
13	0	0	0	0	520	575	
14	0	0	0	0	519	575	
15	0	0	0	0	516	574	
0	0	0	0	0	512	573	
1	0	0	0	0	507	568	
2	0	0	0	0	504	562	
3	0	0	0	0	502	554	
4	0	0	0	0	502	547	
5	0	0	0	0	504	540	
6	0	0	0	0	505	536	
7	0	0	0	0	504	535	
8	0	0	0	0	507	537	
9	0	0	0	0	507	542	
10	0	0	0	0	507	545	
11	0	0	0	0	508	549	
12	0	0	0	0	505	556	
13	0	0	0	0	507	560	
14	0	0	0	0	508	560	
15	0	0	0	0	512	561	
0	0	0	0	0	521	563	
1	0	0	0	0	528	566	
2	0	0	0	0	532	571	
3	0	0	0	0	528	574	
4	0	0	0	0	521	578	
5	0	0	0	0	514	583	
6	0	0	0	0	507	586	
7	0	0	0	0	506	579	
8	0	0	0	0	511	567	
9	0	0	0	0	522	553	
10	0	0	0	0	533	539	
11	0	0	0	0	547	522	
12	0	0	0	0	560	507	
13	0	0	0	0	569	497	
14	0	0	0	0	577	496	
15	0	0	0	0	585	499	
0	0	0	0	0	594	501	
1	0	0	0	0	600	495	
2	0	0	0	0	604	486	
3	0	0	0	0	604	479	
4	0	0	0	0	602	473	
5	0	0	0	0	596	468	
6	0	0	0	0	591	463	
7	0	0	0	0	583	459	
8	0	0	0	0	568	456	
9	0	0	0	0	556	456	
10	0	0	0	0	544	457	
11	0	0	0	0	535	462	
12	0	0	0	0	524	470	
13	0	0	0	0	517	480	
14	0	0	0	0	515	495	
15	0	0	0	0	518	509	
0	0	0	0	0	524	515	
1	0	0	0	0	529	518	
2	0	0	0	0	535	518	
3	0	0	0	0	539	519	
4	0	0	0	0	545	520	
5	0	0	0	0	554	518	
6	0	0	0	0	565	515	
7	0	0	0	0	571	513	
8	0	0	0	0	574	515	
9	0	0	0	0	577	521	
10	0	0	0	0	582	533	
11	0	0	0	0	584	544	
12	0	0	0	0	583	554	
13	0	0	0	0	574	560	
14	0	0	0	0	563	561	
15	0	0	0	0	550	557	
0	0	0	0	0	542	550	
1	0	0	0	0	538	545	
2	0	0	0	0	532	543	
3	0	0	0	0	524	546	
4	0	0	0	0	518	550	
5	0	0	0	0	508	548	
6	0	0	0	0	499	544	
7	0	0	0	0	492	541	
8	0	0	0	0	487	539	
9	0	0	0	0	485	537	
10	0	0	0	0	486	539	
11	0	0	0	0	490	543	
12	0	0	0	0	496	542	
13	0	0	0	0	502	542	
14	0	0	0	0	506	540	
15	0	0	0	0	509	541	
0	0	0	0	0	507	539	
1	0	0	0	0	505	538	
2	0	0	0	0	502	531	
3	0	0	0	0	500	522	
4	0	0	0	0	500	510	
5	0	0	0	0	500	503	
6	0	0	0	0	502	493	
7	0	0	0	0	504	488	
8	0	0	0	0	502	483	
9	0	0	0	0	499	480	
10	0	0	0	0	497	483	
11	0	0	0	0	497	492	
12	0	0	0	0	497	507	
13	0	0	0	0	497	521	
14	0	0	0	0	495	534	
15	0	0	0	0	496	547	
0	0	0	0	0	499	565	
1	0	0	0	0	504	580	
2	0	0	0	0	512	590	
3	0	0	0	0	521	597	
4	0	0	0	0	532	600	
5	0	0	0	0	544	599	
6	0	0	0	0	554	594	
7	0	0	0	0	567	591	
8	0	0	0	0	578	591	
9	0	0	0	0	586	591	
10	0	0	0	0	590	591	
11	0	0	0	0	592	593	
12	0	0	0	0	598	593	
13	0	0	0	0	600	591	
14	0	0	0	0	597	584	
15	0	0	0	0	592	576	
0	0	0	0	0	583	568	
1	0	0	0	0	569	561	
2	0	0	0	0	555	556	
3	0	0	0	0	539	552	
4	0	0	0	0	523	550	
5	0	0	0	0	510	547	
6	0	0	0	0	500	546	
7	0	0	0	0	496	547	
8	0	0	0	0	493	550	
9	0	0	0	0	494	553	
10	0	0	0	0	494	557	
11	0	0	0	0	495	559	
12	0	0	0	0	494	558	
13	0	0	0	0	494	552	
14	0	0	0	0	494	545	
15	0	0	0	0	488	537	
0	0	0	0	0	483	535	
1	0	0	0	0	483	534	
2	0	0	0	0	487	531	
3	0	0	0	0	496	529	
4	0	0	0	0	508	527	
5	0	0	0	0	522	526	
6	0	0	0	0	533	530	
7	0	0	0	0	540	542	
8	0	0	0	0	543	555	
9	0	0	0	0	545	571	
10	0	0	0	0	547	588	
11	0	0	0	0	543	601	
12	0	0	0	0	539	608	
13	0	0	0	0	536	610	
14	0	0	0	0	531	605	
15	0	0	0	0	523	603	
0	0	0	0	0	515	601	
1	0	0	0	0	509	597	
2	0	0	0	0	505	592	
3	0	0	0	0	502	584	
4	0	0	0	0	502	575	
5	0	0	0	0	503	564	
6	0	0	0	0	509	556	
7	0	0	0	0	515	549	
8	0	0	0	0	519	547	
9	0	0	0	0	526	547	
10	0	0	0	0	530	545	
11	0	0	0	0	534	543	
12	0	0	0	0	535	543	
13	0	0	0	0	535	545	
14	0	0	0	0	534	548	
15	0	0	0	0	531	549	
0	0	0	0	0	525	549	
1	0	0	0	0	519	547	
2	0	0	0	0	512	541	
3	0	0	0	0	509	538	
4	0	0	0	0	508	539	
5	0	0	0	0	507	542	
6	0	0	0	0	510	550	
7	0	0	0	0	515	560	
8	0	0	0	0	521	571	
9	0	0	0	0	529	584	
10	0	0	0	0	536	597	
11	0	0	0	0	541	609	
12	0	0	0	0	543	615	
13	0	0	0	0	543	617	
14	0	0	0	0	542	617	
15	0	0	0	0	539	615	
0	0	0	0	0	535	608	
1	0	0	0	0	531	603	
2	0	0	0	0	529	601	
3	0	0	0	0	529	603	
4	0	0	0	0	538	609	
5	0	0	0	0	549	618	
6	0	0	0	0	560	625	
7	0	0	0	0	569	630	
8	0	0	0	0	575	632	
9	0	0	0	0	585	636	
10	0	0	0	0	596	636	
11	0	0	0	0	607	636	
12	0	0	0	0	612	632	
13	0	0	0	0	610	623	
14	0	0	0	0	602	611	
15	0	0	0	0	588	599	
0	0	0	0	0	574	584	
1	0	0	0	0	561	569	
2	0	0	0	0	554	556	
3	0	0	0	0	552	543	
4	0	0	0	0	548	531	
5	0	0	0	0	543	521	
6	0	0	0	0	537	509	
7	0	0	0	0	531	501	
8	0	0	0	0	526	496	
9	0	0	0	0	521	493	
10	0	0	0	0	518	498	
11	0	0	0	0	518	505	
12	0	0	0	0	519	513	
13	0	0	0	0	521	526	
14	0	0	0	0	523	539	
15	0	0	0	0	524	550	
0	0	0	0	0	520	557	
1	0	0	0	0	516	556	
2	0	0	0	0	508	551	
3	0	0	0	0	501	547	
4	0	0	0	0	497	541	
5	0	0	0	0	496	538	
6	0	0	0	0	494	541	
7	0	0	0	0	491	550	
8	0	0	0	0	494	556	
9	0	0	0	0	496	557	
10	0	0	0	0	499	555	
11	0	0	0	0	503	551	
12	0	0	0	0	507	549	
13	0	0	0	0	509	546	
14	0	0	0	0	513	544	
15	0	0	0	0	516	541	
0	0	0	0	0	522	537	
1	0	0	0	0	529	531	
2	0	0	0	0	539	527	
3	0	0	0	0	546	525	
4	0	0	0	0	551	524	
5	0	0	0	0	555	527	
6	0	0	0	0	565	533	
7	0	0	0	0	575	544	
8	0	0	0	0	586	547	
9	0	0	0	0	594	547	
10	0	0	0	0	599	549	
11	0	0	0	0	600	546	
12	0	0	0	0	602	539	
13	0	0	0	0	604	529	
14	0	0	0	0	606	518	
15	0	0	0	0	607	508	
0	0	0	0	0	605	497	
1	0	0	0	0	602	487	
2	0	0	0	0	599	483	
3	0	0	0	0	597	475	
4	0	0	0	0	591	470	
5	0	0	0	0	588	472	
6	0	0	0	0	584	476	
7	0	0	0	0	579	481	
8	0	0	0	0	578	487	
9	0	0	0	0	577	491	
10	0	0	0	0	575	498	
11	0	0	0	0	573	507	
12	0	0	0	0	574	516	
13	0	0	0	0	575	524	
14	0	0	0	0	575	529	
15	0	0	0	0	572	532	
0	0	0	0	0	568	531	
1	0	0	0	0	560	525	
2	0	0	0	0	545	519	
3	0	0	0	0	530	510	
4	0	0	0	0	519	495	
5	0	0	0	0	511	483	
6	0	0	0	0	510	474	
7	0	0	0	0	513	470	
8	0	0	0	0	519	471	
9	0	0	0	0	527	470	
10	0	0	0	0	531	474	
11	0	0	0	0	537	483	
12	0	0	0	0	542	493	
13	0	0	0	0	547	501	
14	0	0	0	0	552	505	
15	0	0	0	0	553	506	
0	0	0	0	0	555	507	
1	0	0	0	0	557	504	
2	0	0	0	0	557	497	
3	0	0	0	0	555	488	
4	0	0	0	0	559	478	
5	0	0	0	0	566	471	
6	0	0	0	0	572	466	
7	0	0	0	0	575	458	
8	0	0	0	0	579	454	
9	0	0	0	0	583	456	
10	0	0	0	0	587	458	
11	0	0	0	0	591	460	
12	0	0	0	0	587	463	
13	0	0	0	0	581	467	
14	0	0	0	0	572	473	
15	0	0	0	0	563	479	
0	0	0	0	0	556	481	
1	0	0	0	0	549	481	
2	0	0	0	0	542	481	
3	0	0	0	0	536	479	
4	0	0	0	0	532	476	
5	0	0	0	0	528	467	
6	0	0	0	0	527	460	
7	0	0	0	0	528	455	
8	0	0	0	0	531	453	
9	0	0	0	0	538	450	
10	0	0	0	0	546	452	
11	0	0	0	0	551	458	
12	0	0	0	0	560	467	
13	0	0	0	0	567	475	
14	0	0	0	0	573	482	
15	0	0	0	0	575	482	
0	0	0	0	0	575	487	
1	0	0	0	0	572	494	
2	0	0	0	0	567	497	
3	0	0	0	0	560	496	
4	0	0	0	0	552	487	
5	0	0	0	0	546	476	
6	0	0	0	0	543	465	
7	0	0	0	0	543	458	
8	0	0	0	0	543	451	
9	0	0	0	0	545	449	
10	0	0	0	0	543	449	
11	0	0	0	0	544	447	
12	0	0	0	0	541	447	
13	0	0	0	0	537	455	
14	0	0	0	0	537	464	
15	0	0	0	0	539	471	
0	0	0	0	0	537	478	
1	0	0	0	0	534	483	
2	0	0	0	0	524	484	
3	0	0	0	0	513	483	
4	0	0	0	0	504	481	
5	0	0	0	0	498	479	
6	0	0	0	0	492	476	
7	0	0	0	0	489	470	
8	0	0	0	0	491	460	
9	0	0	0	0	495	451	
10	0	0	0	0	502	443	
11	0	0	0	0	510	437	
12	0	0	0	0	515	435	
13	0	0	0	0	522	431	
14	0	0	0	0	527	428	
15	0	0	0	0	534	428	
0	0	0	0	0	536	421	
1	0	0	0	0	537	418	
2	0	0	0	0	536	416	
3	0	0	0	0	540	415	
4	0	0	0	0	543	419	
5	0	0	0	0	544	423	
6	0	0	0	0	543	428	
7	0	0	0	0	542	433	
8	0	0	0	0	542	439	
9	0	0	0	0	541	444	
10	0	0	0	0	547	452	
11	0	0	0	0	556	460	
12	0	0	0	0	566	470	
13	0	0	0	0	573	478	
14	0	0	0	0	576	482	
15	0	0	0	0	580	485	
0	0	0	0	0	581	484	
1	0	0	0	0	579	485	
2	0	0	0	0	574	480	
3	0	0	0	0	565	476	
4	0	0	0	0	558	472	
5	0	0	0	0	547	475	
6	0	0	0	0	535	478	
7	0	0	0	0	518	482	
8	0	0	0	0	505	484	
9	0	0	0	0	498	485	
10	0	0	0	0	491	484	
11	0	0	0	0	484	483	
12	0	0	0	0	481	485	
13	0	0	0	0	478	486	
14	0	0	0	0	477	488	
15	0	0	0	0	478	492	
0	0	0	0	0	479	490	
1	0	0	0	0	480	488	
2	0	0	0	0	484	490	
3	0	0	0	0	489	495	
4	0	0	0	0	496	503	
5	0	0	0	0	504	508	
6	0	0	0	0	510	508	
7	0	0	0	0	514	506	
8	0	0	0	0	515	501	
9	0	0	0	0	514	495	
10	0	0	0	0	509	484	
11	0	0	0	0	500	474	
12	0	0	0	0	495	463	
13	0	0	0	0	489	454	
14	0	0	0	0	485	452	
15	0	0	0	0	483	453	
0	0	0	0	0	479	453	
1	0	0	0	0	481	451	
2	0	0	0	0	483	452	
3	0	0	0	0	487	457	
4	0	0	0	0	491	465	
5	0	0	0	0	493	473	
6	0	0	0	0	496	480	
7	0	0	0	0	496	484	
8	0	0	0	0	495	488	
9	0	0	0	0	492	492	
10	0	0	0	0	487	494	
11	0	0	0	0	484	491	
12	0	0	0	0	480	486	
13	0	0	0	0	480	479	
14	0	0	0	0	480	472	
15	0	0	0	0	479	465	
0	0	0	0	0	478	455	
1	0	0	0	0	477	444	
2	0	0	0	0	479	430	
3	0	0	0	0	479	417	
4	0	0	0	0	478	409	
5	0	0	0	0	481	407	
6	0	0	0	0	486	410	
7	0	0	0	0	489	414	
8	0	0	0	0	493	423	
9	0	0	0	0	493	435	
10	0	0	0	0	497	443	
11	0	0	0	0	499	451	
12	0	0	0	0	499	459	
13	0	0	0	0	502	463	
14	0	0	0	0	507	470	
15	0	0	0	0	511	473	
0	0	0	0	0	515	480	
1	0	0	0	0	520	484	
2	0	0	0	0	523	484	
3	0	0	0	0	525	481	
4	0	0	0	0	526	475	
5	0	0	0	0	527	470	
6	0	0	0	0	529	470	
7	0	0	0	0	530	467	
8	0	0	0	0	530	466	
9	0	0	0	0	529	466	
10	0	0	0	0	531	466	
11	0	0	0	0	534	466	
12	0	0	0	0	536	464	
13	0	0	0	0	536	461	
14	0	0	0	0	534	461	
15	0	0	0	0	533	463	
0	0	0	0	0	535	466	
1	0	0	0	0	539	469	
2	0	0	0	0	545	474	
3	0	0	0	0	549	476	
4	0	0	0	0	554	481	
5	0	0	0	0	556	483	
6	0	0	0	0	556	487	
7	0	0	0	0	554	488	
8	0	0	0	0	556	485	
9	0	0	0	0	563	480	
10	0	0	0	0	570	477	
11	0	0	0	0	578	473	
12	0	0	0	0	583	468	
13	0	0	0	0	587	464	
14	0	0	0	0	589	461	
15	0	0	0	0	593	459	
0	0	0	0	0	598	457	
1	0	0	0	0	602	453	
2	0	0	0	0	606	451	
3	0	0	0	0	606	450	
4	0	0	0	0	607	449	
5	0	0	0	0	609	447	
6	0	0	0	0	604	443	
7	0	0	0	0	596	441	
8	0	0	0	0	587	438	
9	0	0	0	0	577	434	
10	0	0	0	0	568	430	
11	0	0	0	0	561	425	
12	0	0	0	0	557	417	
13	0	0	0	0	555	410	
14	0	0	0	0	556	404	
15	0	0	0	0	558	403	
0	0	0	0	0	557	398	
1	0	0	0	0	556	393	
2	0	0	0	0	555	390	
3	0	0	0	0	555	390	
4	0	0	0	0	556	394	
5	0	0	0	0	555	396	
6	0	0	0	0	552	393	
7	0	0	0	0	551	389	
8	0	0	0	0	555	390	
9	0	0	0	0	559	387	
10	0	0	0	0	561	385	
11	0	0	0	0	564	383	
12	0	0	0	0	570	380	
13	0	0	0	0	577	380	
14	0	0	0	0	586	382	
15	0	0	0	0	597	383	
0	0	0	0	0	606	386	
1	0	0	0	0	611	387	
2	0	0	0	0	613	387	
3	0	0	0	0	611	388	
4	0	0	0	0	611	388	
5	0	0	0	0	614	395	
6	0	0	0	0	617	399	
7	0	0	0	0	620	395	
8	0	0	0	0	623	399	
9	0	0	0	0	620	401	
10	0	0	0	0	619	399	
11	0	0	0	0	614	402	
12	0	0	0	0	608	400	
13	0	0	0	0	598	404	
14	0	0	0	0	585	408	
15	0	0	0	0	572	411	
0	0	0	0	0	565	415	
1	0	0	0	0	564	419	
2	0	0	0	0	567	420	
3	0	0	0	0	574	418	
4	0	0	0	0	581	416	
5	0	0	0	0	588	413	
6	0	0	0	0	597	409	
7	0	0	0	0	603	403	
8	0	0	0	0	603	396	
9	0	0	0	0	600	398	
10	0	0	0	0	596	397	
11	0	0	0	0	590	398	
12	0	0	0	0	584	406	
13	0	0	0	0	577	409	
14	0	0	0	0	568	410	
15	0	0	0	0	562	406	
0	0	0	0	0	561	399	
1	0	0	0	0	562	392	
2	0	0	0	0	563	384	
3	0	0	0	0	566	377	
4	0	0	0	0	571	374	
5	0	0	0	0	582	368	
6	0	0	0	0	598	359	
7	0	0	0	0	612	365	
8	0	0	0	0	625	371	
9	0	0	0	0	634	375	
10	0	0	0	0	640	388	
11	0	0	0	0	644	395	
12	0	0	0	0	647	400	
13	0	0	0	0	648	401	
14	0	0	0	0	648	402	
15	0	0	0	0	644	403	
0	0	0	0	0	639	403	
1	0	0	0	0	636	398	
2	0	0	0	0	631	392	
3	0	0	0	0	621	383	
4	0	0	0	0	612	369	
5	0	0	0	0	605	365	
6	0	0	0	0	604	360	
7	0	0	0	0	604	362	
8	0	0	0	0	605	368	
9	0	0	0	0	604	371	
10	0	0	0	0	605	377	
11	0	0	0	0	607	378	
12	0	0	0	0	612	375	
13	0	0	0	0	616	375	
14	0	0	0	0	618	368	
15	0	0	0	0	617	361	
0	0	0	0	0	616	358	
1	0	0	0	0	618	354	
2	0	0	0	0	621	359	
3	0	0	0	0	624	366	
4	0	0	0	0	629	372	
5	0	0	0	0	636	386	
6	0	0	0	0	646	397	
7	0	0	0	0	654	409	
8	0	0	0	0	655	425	
9	0	0	0	0	651	432	
10	0	0	0	0	649	435	
11	0	0	0	0	649	430	
12	0	0	0	0	649	417	
13	0	0	0	0	649	407	
14	0	0	0	0	648	393	
15	0	0	0	0	651	376	
0	0	0	0	0	653	361	
1	0	0	0	0	655	345	
2	0	0	0	0	653	343	
3	0	0	0	0	647	335	
4	0	0	0	0	644	328	
5	0	0	0	0	644	324	
6	0	0	0	0	645	316	
7	0	0	0	0	646	312	
8	0	0	0	0	651	303	
9	0	0	0	0	659	292	
10	0	0	0	0	665	290	
11	0	0	0	0	670	289	
12	0	0	0	0	671	287	
13	0	0	0	0	672	299	
14	0	0	0	0	672	299	
15	0	0	0	0	667	310	
0	0	0	0	0	662	318	
1	0	0	0	0	657	319	
2	0	0	0	0	655	329	
3	0	0	0	0	650	331	
4	0	0	0	0	648	334	
5	0	0	0	0	647	334	
6	0	0	0	0	645	327	
7	0	0	0	0	638	327	
8	0	0	0	0	633	320	
9	0	0	0	0	633	314	
10	0	0	0	0	633	312	
11	0	0	0	0	633	305	
12	0	0	0	0	632	308	
13	0	0	0	0	632	306	
14	0	0	0	0	631	306	
15	0	0	0	0	629	307	
0	0	0	0	0	628	303	
1	0	0	0	0	629	312	
2	0	0	0	0	633	314	
3	0	0	0	0	641	323	
4	0	0	0	0	648	329	
5	0	0	0	0	652	333	
6	0	0	0	0	655	343	
7	0	0	0	0	655	346	
8	0	0	0	0	654	356	
9	0	0	0	0	651	366	
10	0	0	0	0	647	374	
11	0	0	0	0	643	387	
12	0	0	0	0	638	389	
13	0	0	0	0	631	394	
14	0	0	0	0	622	401	
15	0	0	0	0	616	408	
0	0	0	0	0	612	415	
1	0	0	0	0	611	416	
2	0	0	0	0	609	415	
3	0	0	0	0	608	419	
4	0	0	0	0	606	417	
5	0	0	0	0	607	412	
6	0	0	0	0	609	407	
7	0	0	0	0	612	399	
8	0	0	0	0	614	399	
9	0	0	0	0	617	397	
10	0	0	0	0	623	394	
11	0	0	0	0	626	394	
12	0	0	0	0	627	394	
13	0	0	0	0	621	397	
14	0	0	0	0	612	396	
15	0	0	0	0	605	391	
0	0	0	0	0	596	398	
1	0	0	0	0	590	404	
2	0	0	0	0	584	413	
3	0	0	0	0	580	419	
4	0	0	0	0	576	424	
5	0	0	0	0	575	432	
6	0	0	0	0	575	439	
7	0	0	0	0	576	443	
8	0	0	0	0	578	454	
9	0	0	0	0	578	464	
10	0	0	0	0	580	472	
11	0	0	0	0	580	474	
12	0	0	0	0	577	476	
13	0	0	0	0	574	475	
14	0	0	0	0	574	471	
15	0	0	0	0	571	464	
0	0	0	0	0	565	462	
1	0	0	0	0	557	462	
2	0	0	0	0	552	465	
3	0	0	0	0	550	469	
4	0	0	0	0	549	476	
5	0	0	0	0	550	487	
6	0	0	0	0	548	496	
7	0	0	0	0	546	500	
8	0	0	0	0	545	502	
9	0	0	0	0	544	500	
10	0	0	0	0	545	499	
11	0	0	0	0	547	497	
12	0	0	0	0	552	495	
13	0	0	0	0	556	500	
14	0	0	0	0	561	505	
15	0	0	0	0	564	509	
0	0	0	0	0	568	515	
1	0	0	0	0	571	520	
2	0	0	0	0	569	524	
3	0	0	0	0	566	526	
4	0	0	0	0	563	527	
5	0	0	0	0	562	525	
6	0	0	0	0	559	524	
7	0	0	0	0	555	520	
8	0	0	0	0	556	518	
9	0	0	0	0	557	516	
10	0	0	0	0	552	512	
11	0	0	0	0	546	510	
12	0	0	0	0	542	508	
13	0	0	0	0	540	502	
14	0	0	0	0	536	496	
15	0	0	0	0	532	494	
0	0	0	0	0	530	493	
1	0	0	0	0	527	496	
2	0	0	0	0	527	498	
3	0	0	0	0	526	506	
4	0	0	0	0	527	519	
5	0	0	0	0	527	533	
6	0	0	0	0	525	541	
7	0	0	0	0	522	547	
8	0	0	0	0	519	555	
9	0	0	0	0	516	559	
10	0	0	0	0	512	563	
11	0	0	0	0	508	567	
12	0	0	0	0	501	569	
13	0	0	0	0	487	572	
14	0	0	0	0	473	577	
15	0	0	0	0	464	582	
0	0	0	0	0	459	584	
1	0	0	0	0	457	586	
2	0	0	0	0	457	583	
3	0	0	0	0	463	580	
4	0	0	0	0	466	581	
5	0	0	0	0	468	582	
6	0	0	0	0	472	583	
7	0	0	0	0	478	582	
8	0	0	0	0	483	583	
9	0	0	0	0	487	587	
10	0	0	0	0	488	594	
11	0	0	0	0	487	600	
12	0	0	0	0	484	609	
13	0	0	0	0	479	618	
14	0	0	0	0	475	631	
15	0	0	0	0	473	640	
0	0	0	0	0	466	651	
1	0	0	0	0	459	664	
2	0	0	0	0	452	672	
3	0	0	0	0	445	686	
4	0	0	0	0	438	701	
5	0	0	0	0	437	711	
6	0	0	0	0	436	720	
7	0	0	0	0	434	720	
8	0	0	0	0	433	720	
9	0	0	0	0	435	723	
10	0	0	0	0	441	726	
11	0	0	0	0	445	725	
12	0	0	0	0	447	717	
13	0	0	0	0	446	708	
14	0	0	0	0	443	702	
15	0	0	0	0	441	691	
0	0	0	0	0	438	681	
1	0	0	0	0	436	662	
2	0	0	0	0	431	643	
3	0	0	0	0	432	627	
4	0	0	0	0	434	612	
5	0	0	0	0	439	600	
6	0	0	0	0	448	587	
7	0	0	0	0	455	577	
8	0	0	0	0	459	572	
9	0	0	0	0	461	574	
10	0	0	0	0	461	583	
11	0	0	0	0	458	595	
12	0	0	0	0	452	608	
13	0	0	0	0	447	622	
14	0	0	0	0	436	636	
15	0	0	0	0	426	647	
0	0	0	0	0	413	656	
1	0	0	0	0	403	662	
2	0	0	0	0	393	672	
3	0	0	0	0	389	671	
4	0	0	0	0	391	673	
5	0	0	0	0	396	678	
6	0	0	0	0	402	682	
7	0	0	0	0	408	689	
8	0	0	0	0	412	700	
9	0	0	0	0	415	707	
10	0	0	0	0	413	716	
11	0	0	0	0	410	716	
12	0	0	0	0	407	720	
13	0	0	0	0	404	727	
14	0	0	0	0	401	732	
15	0	0	0	0	399	739	
0	0	0	0	0	399	747	
1	0	0	0	0	399	753	
2	0	0	0	0	400	759	
3	0	0	0	0	401	763	
4	0	0	0	0	404	766	
5	0	0	0	0	405	763	
6	0	0	0	0	407	755	
7	0	0	0	0	406	747	
8	0	0	0	0	398	736	
9	0	0	0	0	386	720	
10	0	0	0	0	376	708	
11	0	0	0	0	368	699	
12	0	0	0	0	359	690	
13	0	0	0	0	354	679	
14	0	0	0	0	352	673	
15	0	0	0	0	356	668	
0	0	0	0	0	363	665	
1	0	0	0	0	370	663	
2	0	0	0	0	375	663	
3	0	0	0	0	380	661	
4	0	0	0	0	387	655	
5	0	0	0	0	393	656	
6	0	0	0	0	395	657	
7	0	0	0	0	392	659	
8	0	0	0	0	389	659	
9	0	0	0	0	389	660	
10	0	0	0	0	388	667	
11	0	0	0	0	381	672	
12	0	0	0	0	377	683	
13	0	0	0	0	375	683	
14	0	0	0	0	376	688	
15	0	0	0	0	379	691	
0	0	0	0	0	385	692	
1	0	0	0	0	395	686	
2	0	0	0	0	404	679	
3	0	0	0	0	409	670	
4	0	0	0	0	412	663	
5	0	0	0	0	415	652	
6	0	0	0	0	419	641	
7	0	0	0	0	424	633	
8	0	0	0	0	425	625	
9	0	0	0	0	427	621	
10	0	0	0	0	431	623	
11	0	0	0	0	432	622	
12	0	0	0	0	432	621	
13	0	0	0	0	431	620	
14	0	0	0	0	425	617	
15	0	0	0	0	415	613	
0	0	0	0	0	408	606	
1	0	0	0	0	400	599	
2	0	0	0	0	396	595	
3	0	0	0	0	393	592	
4	0	0	0	0	395	591	
5	0	0	0	0	397	592	
6	0	0	0	0	398	597	
7	0	0	0	0	401	594	
8	0	0	0	0	402	591	
9	0	0	0	0	404	588	
10	0	0	0	0	410	581	
11	0	0	0	0	413	575	
12	0	0	0	0	415	565	
13	0	0	0	0	416	559	
14	0	0	0	0	421	556	
15	0	0	0	0	430	551	
0	0	0	0	0	438	552	
1	0	0	0	0	447	548	
2	0	0	0	0	456	543	
3	0	0	0	0	462	533	
4	0	0	0	0	462	525	
5	0	0	0	0	463	521	
6	0	0	0	0	463	519	
7	0	0	0	0	461	517	
8	0	0	0	0	460	519	
9	0	0	0	0	463	521	
10	0	0	0	0	461	521	
11	0	0	0	0	455	523	
12	0	0	0	0	450	523	
13	0	0	0	0	446	527	
14	0	0	0	0	444	536	
15	0	0	0	0	444	545	
0	0	0	0	0	448	559	
1	0	0	0	0	455	572	
2	0	0	0	0	462	582	
3	0	0	0	0	470	585	
4	0	0	0	0	478	588	
5	0	0	0	0	488	589	
6	0	0	0	0	495	585	
7	0	0	0	0	496	578	
8	0	0	0	0	499	563	
9	0	0	0	0	501	552	
10	0	0	0	0	499	543	
11	0	0	0	0	496	533	
12	0	0	0	0	495	530	
13	0	0	0	0	494	527	
14	0	0	0	0	496	524	
15	0	0	0	0	500	524	
0	0	0	0	0	498	527	
1	0	0	0	0	497	532	
2	0	0	0	0	498	539	
3	0	0	0	0	500	544	
4	0	0	0	0	502	543	
5	0	0	0	0	502	542	
6	0	0	0	0	497	539	
7	0	0	0	0	491	534	
8	0	0	0	0	482	531	
9	0	0	0	0	472	531	
10	0	0	0	0	467	531	
11	0	0	0	0	466	527	
12	0	0	0	0	465	520	
13	0	0	0	0	467	516	
14	0	0	0	0	468	515	
15	0	0	0	0	469	516	
0	0	0	0	0	471	517	
1	0	0	0	0	473	516	
2	0	0	0	0	478	515	
3	0	0	0	0	481	509	
4	0	0	0	0	485	505	
5	0	0	0	0	490	501	
6	0	0	0	0	496	497	
7	0	0	0	0	499	492	
8	0	0	0	0	499	481	
9	0	0	0	0	497	470	
10	0	0	0	0	494	465	
11	0	0	0	0	487	463	
12	0	0	0	0	476	466	
13	0	0	0	0	465	475	
14	0	0	0	0	455	484	
15	0	0	0	0	448	494	
0	0	0	0	0	447	509	
1	0	0	0	0	447	526	
2	0	0	0	0	445	544	
3	0	0	0	0	447	561	
4	0	0	0	0	452	575	
5	0	0	0	0	457	591	
6	0	0	0	0	460	600	
7	0	0	0	0	463	607	
8	0	0	0	0	463	602	
9	0	0	0	0	464	596	
10	0	0	0	0	468	584	
11	0	0	0	0	469	569	
12	0	0	0	0	467	551	
13	0	0	0	0	469	541	
14	0	0	0	0	472	536	
15	0	0	0	0	478	534	
0	0	0	0	0	481	528	
1	0	0	0	0	487	524	
2	0	0	0	0	497	521	
3	0	0	0	0	504	517	
4	0	0	0	0	512	511	
5	0	0	0	0	523	509	
6	0	0	0	0	527	512	
7	0	0	0	0	528	519	
8	0	0	0	0	524	530	
9	0	0	0	0	515	539	
10	0	0	0	0	504	551	
11	0	0	0	0	489	563	
12	0	0	0	0	475	575	
13	0	0	0	0	460	583	
14	0	0	0	0	447	586	
15	0	0	0	0	435	585	
0	0	0	0	0	427	579	
1	0	0	0	0	422	568	
2	0	0	0	0	419	554	
3	0	0	0	0	420	543	
4	0	0	0	0	423	531	
5	0	0	0	0	428	521	
6	0	0	0	0	433	514	
7	0	0	0	0	440	506	
8	0	0	0	0	448	497	
9	0	0	0	0	453	487	
10	0	0	0	0	455	477	
11	0	0	0	0	452	471	
12	0	0	0	0	447	471	
13	0	0	0	0	444	474	
14	0	0	0	0	441	479	
15	0	0	0	0	443	486	
0	0	0	0	0	447	495	
1	0	0	0	0	451	508	
2	0	0	0	0	457	512	
3	0	0	0	0	462	514	
4	0	0	0	0	465	508	
5	0	0	0	0	470	504	
6	0	0	0	0	474	496	
7	0	0	0	0	476	490	
8	0	0	0	0	477	486	
9	0	0	0	0	479	486	
10	0	0	0	0	483	485	
11	0	0	0	0	484	480	
12	0	0	0	0	487	473	
13	0	0	0	0	488	472	
14	0	0	0	0	488	468	
15	0	0	0	0	485	468	
0	0	0	0	0	481	469	
1	0	0	0	0	478	469	
2	0	0	0	0	476	470	
3	0	0	0	0	478	471	
4	0	0	0	0	484	475	
5	0	0	0	0	494	480	
6	0	0	0	0	503	484	
7	0	0	0	0	514	487	
8	0	0	0	0	523	487	
9	0	0	0	0	526	486	
10	0	0	0	0	523	486	
11	0	0	0	0	515	488	
12	0	0	0	0	508	491	
13	0	0	0	0	501	496	
14	0	0	0	0	496	506	
15	0	0	0	0	492	510	
0	0	0	0	0	488	510	
1	0	0	0	0	487	504	
2	0	0	0	0	487	492	
3	0	0	0	0	490	483	
4	0	0	0	0	492	479	
5	0	0	0	0	492	475	
6	0	0	0	0	496	476	
7	0	0	0	0	501	481	
8	0	0	0	0	508	485	
9	0	0	0	0	507	491	
10	0	0	0	0	502	499	
11	0	0	0	0	499	504	
12	0	0	0	0	494	502	
13	0	0	0	0	489	497	
14	0	0	0	0	490	490	
15	0	0	0	0	493	485	
0	0	0	0	0	498	483	
1	0	0	0	0	503	482	
2	0	0	0	0	509	484	
3	0	0	0	0	515	489	
4	0	0	0	0	520	494	
5	0	0	0	0	527	497	
6	0	0	0	0	535	498	
7	0	0	0	0	541	499	
8	0	0	0	0	545	494	
9	0	0	0	0	550	487	
10	0	0	0	0	554	481	
11	0	0	0	0	557	470	
12	0	0	0	0	560	460	
13	0	0	0	0	559	455	
14	0	0	0	0	556	452	
15	0	0	0	0	550	447	
0	0	0	0	0	540	445	
1	0	0	0	0	530	445	
2	0	0	0	0	521	446	
3	0	0	0	0	515	445	
4	0	0	0	0	511	443	
5	0	0	0	0	511	441	
6	0	0	0	0	515	440	
7	0	0	0	0	524	446	
8	0	0	0	0	535	455	
9	0	0	0	0	544	470	
10	0	0	0	0	550	487	
11	0	0	0	0	551	503	
12	0	0	0	0	544	514	
13	0	0	0	0	536	524	
14	0	0	0	0	524	534	
15	0	0	0	0	511	542	
0	0	0	0	0	498	545	
1	0	0	0	0	487	546	
2	0	0	0	0	481	549	
3	0	0	0	0	476	548	
4	0	0	0	0	474	545	
5	0	0	0	0	472	545	
6	0	0	0	0	468	548	
7	0	0	0	0	467	549	
8	0	0	0	0	463	544	
9	0	0	0	0	462	539	
10	0	0	0	0	462	532	
11	0	0	0	0	460	528	
12	0	0	0	0	460	524	
13	0	0	0	0	459	520	
14	0	0	0	0	457	514	
15	0	0	0	0	462	507	
0	0	0	0	0	468	500	
1	0	0	0	0	474	494	
2	0	0	0	0	483	489	
3	0	0	0	0	494	491	
4	0	0	0	0	499	497	
5	0	0	0	0	499	504	
6	0	0	0	0	495	516	
7	0	0	0	0	491	528	
8	0	0	0	0	486	539	
9	0	0	0	0	483	547	
10	0	0	0	0	483	551	
11	0	0	0	0	479	555	
12	0	0	0	0	471	559	
13	0	0	0	0	463	564	
14	0	0	0	0	460	569	
15	0	0	0	0	456	572	
0	0	0	0	0	453	576	
1	0	0	0	0	449	577	
2	0	0	0	0	443	579	
3	0	0	0	0	440	580	
4	0	0	0	0	438	579	
5	0	0	0	0	438	576	
6	0	0	0	0	440	573	
7	0	0	0	0	446	569	
8	0	0	0	0	450	564	
9	0	0	0	0	455	563	
10	0	0	0	0	461	564	
11	0	0	0	0	465	568	
12	0	0	0	0	464	577	
13	0	0	0	0	463	583	
14	0	0	0	0	461	583	
15	0	0	0	0	461	581	
0	0	0	0	0	458	580	
1	0	0	0	0	456	580	
2	0	0	0	0	449	582	
3	0	0	0	0	442	582	
4	0	0	0	0	432	585	
5	0	0	0	0	425	589	
6	0	0	0	0	424	595	
7	0	0	0	0	426	602	
8	0	0	0	0	429	606	
9	0	0	0	0	433	609	
10	0	0	0	0	435	612	
11	0	0	0	0	437	619	
12	0	0	0	0	443	621	
13	0	0	0	0	448	629	
14	0	0	0	0	456	629	
15	0	0	0	0	462	633	
0	0	0	0	0	465	635	
1	0	0	0	0	469	639	
2	0	0	0	0	470	641	
3	0	0	0	0	467	639	
4	0	0	0	0	467	639	
5	0	0	0	0	470	639	
6	0	0	0	0	472	636	
7	0	0	0	0	474	634	
8	0	0	0	0	477	636	
9	0	0	0	0	480	639	
10	0	0	0	0	479	641	
11	0	0	0	0	472	636	
12	0	0	0	0	463	632	
13	0	0	0	0	454	630	
14	0	0	0	0	446	630	
15	0	0	0	0	440	631	
0	0	0	0	0	438	635	
1	0	0	0	0	437	639	
2	0	0	0	0	437	649	
3	0	0	0	0	436	659	
4	0	0	0	0	432	669	
5	0	0	0	0	426	673	
6	0	0	0	0	417	678	
7	0	0	0	0	411	684	
8	0	0	0	0	404	694	
9	0	0	0	0	401	707	
10	0	0	0	0	404	713	
11	0	0	0	0	407	719	
12	0	0	0	0	409	721	
13	0	0	0	0	409	723	
14	0	0	0	0	409	722	
15	0	0	0	0	408	715	
0	0	0	0	0	405	707	
1	0	0	0	0	405	696	
2	0	0	0	0	406	682	
3	0	0	0	0	412	669	
4	0	0	0	0	421	646	
5	0	0	0	0	429	628	
6	0	0	0	0	436	619	
7	0	0	0	0	444	614	
8	0	0	0	0	451	612	
9	0	0	0	0	451	614	
10	0	0	0	0	453	615	
11	0	0	0	0	451	619	
12	0	0	0	0	449	620	
13	0	0	0	0	448	621	
14	0	0	0	0	447	620	
15	0	0	0	0	445	620	
0	0	0	0	0	440	618	
1	0	0	0	0	437	619	
2	0	0	0	0	432	622	
3	0	0	0	0	427	624	
4	0	0	0	0	421	625	
5	0	0	0	0	417	625	
6	0	0	0	0	416	628	
7	0	0	0	0	413	627	
8	0	0	0	0	410	625	
9	0	0	0	0	407	626	
10	0	0	0	0	409	632	
11	0	0	0	0	414	643	
12	0	0	0	0	422	647	
13	0	0	0	0	425	651	
14	0	0	0	0	425	657	
15	0	0	0	0	423	665	
0	0	0	0	0	417	675	
1	0	0	0	0	408	675	
2	0	0	0	0	399	679	
3	0	0	0	0	388	683	
4	0	0	0	0	377	685	
5	0	0	0	0	372	691	
6	0	0	0	0	368	684	
7	0	0	0	0	368	683	
8	0	0	0	0	376	679	
9	0	0	0	0	383	673	
10	0	0	0	0	391	672	
11	0	0	0	0	400	665	
12	0	0	0	0	407	662	
13	0	0	0	0	409	658	
14	0	0	0	0	414	661	
15	0	0	0	0	416	669	
0	0	0	0	0	413	670	
1	0	0	0	0	408	673	
2	0	0	0	0	401	674	
3	0	0	0	0	395	673	
4	0	0	0	0	387	676	
5	0	0	0	0	384	672	
6	0	0	0	0	383	672	
7	0	0	0	0	386	673	
8	0	0	0	0	388	675	
9	0	0	0	0	393	684	
10	0	0	0	0	399	686	
11	0	0	0	0	403	690	
12	0	0	0	0	407	693	
13	0	0	0	0	408	695	
14	0	0	0	0	407	696	
15	0	0	0	0	406	694	
0	0	0	0	0	406	690	
1	0	0	0	0	405	688	
2	0	0	0	0	401	688	
3	0	0	0	0	397	691	
4	0	0	0	0	391	694	
5	0	0	0	0	387	696	
6	0	0	0	0	380	697	
7	0	0	0	0	371	694	
8	0	0	0	0	361	691	
9	0	0	0	0	356	687	
10	0	0	0	0	352	684	
11	0	0	0	0	352	679	
12	0	0	0	0	352	677	
13	0	0	0	0	355	676	
14	0	0	0	0	360	679	
15	0	0	0	0	366	680	
0	0	0	0	0	369	686	
1	0	0	0	0	376	683	
2	0	0	0	0	382	685	
3	0	0	0	0	386	688	
4	0	0	0	0	390	688	
5	0	0	0	0	394	687	
6	0	0	0	0	393	683	
7	0	0	0	0	387	679	
8	0	0	0	0	382	675	
9	0	0	0	0	377	670	
10	0	0	0	0	374	669	
11	0	0	0	0	372	671	
12	0	0	0	0	372	672	
13	0	0	0	0	374	675	
14	0	0	0	0	376	675	
15	0	0	0	0	376	673	
0	0	0	0	0	379	675	
1	0	0	0	0	384	673	
2	0	0	0	0	391	672	
3	0	0	0	0	398	669	
4	0	0	0	0	399	664	
5	0	0	0	0	395	657	
6	0	0	0	0	388	651	
7	0	0	0	0	381	644	
8	0	0	0	0	372	639	
9	0	0	0	0	364	634	
10	0	0	0	0	356	632	
11	0	0	0	0	353	629	
12	0	0	0	0	349	623	
13	0	0	0	0	347	620	
14	0	0	0	0	349	615	
15	0	0	0	0	356	615	
0	0	0	0	0	363	615	
1	0	0	0	0	367	617	
2	0	0	0	0	370	623	
3	0	0	0	0	371	631	
4	0	0	0	0	375	637	
5	0	0	0	0	373	640	
6	0	0	0	0	370	644	
7	0	0	0	0	370	646	
8	0	0	0	0	370	649	
9	0	0	0	0	371	655	
10	0	0	0	0	374	657	
11	0	0	0	0	377	662	
12	0	0	0	0	380	662	
13	0	0	0	0	385	662	
14	0	0	0	0	391	661	
15	0	0	0	0	395	656	
0	0	0	0	0	400	657	
1	0	0	0	0	406	655	
2	0	0	0	0	412	656	
3	0	0	0	0	420	656	
4	0	0	0	0	424	658	
5	0	0	0	0	423	659	
6	0	0	0	0	423	660	
7	0	0	0	0	423	656	
8	0	0	0	0	424	650	
9	0	0	0	0	423	647	
10	0	0	0	0	421	643	
11	0	0	0	0	419	637	
12	0	0	0	0	422	628	
13	0	0	0	0	422	625	
14	0	0	0	0	423	620	
15	0	0	0	0	421	617	
0	0	0	0	0	420	618	
1	0	0	0	0	424	616	
2	0	0	0	0	428	613	
3	0	0	0	0	432	615	
4	0	0	0	0	436	616	
5	0	0	0	0	434	618	
6	0	0	0	0	429	614	
7	0	0	0	0	423	612	
8	0	0	0	0	419	607	
9	0	0	0	0	414	602	
10	0	0	0	0	407	602	
11	0	0	0	0	399	604	
12	0	0	0	0	397	609	
13	0	0	0	0	398	615	
14	0	0	0	0	401	616	
15	0	0	0	0	410	612	
0	0	0	0	0	417	606	
1	0	0	0	0	426	597	
2	0	0	0	0	434	587	
3	0	0	0	0	442	579	
4	0	0	0	0	449	572	
5	0	0	0	0	454	567	
6	0	0	0	0	458	563	
7	0	0	0	0	457	563	
8	0	0	0	0	455	567	
9	0	0	0	0	455	573	
10	0	0	0	0	457	578	
11	0	0	0	0	458	585	
12	0	0	0	0	459	590	
13	0	0	0	0	459	594	
14	0	0	0	0	460	596	
15	0	0	0	0	457	596	
0	0	0	0	0	456	599	
1	0	0	0	0	460	603	
2	0	0	0	0	465	608	
3	0	0	0	0	467	610	
4	0	0	0	0	463	610	
5	0	0	0	0	459	607	
6	0	0	0	0	454	605	
7	0	0	0	0	445	603	
8	0	0	0	0	434	600	
9	0	0	0	0	425	595	
10	0	0	0	0	421	597	
11	0	0	0	0	419	594	
12	0	0	0	0	417	593	
13	0	0	0	0	417	593	
14	0	0	0	0	421	590	
15	0	0	0	0	423	585	
0	0	0	0	0	425	580	
1	0	0	0	0	431	575	
2	0	0	0	0	435	573	
3	0	0	0	0	443	569	
4	0	0	0	0	448	567	
5	0	0	0	0	452	562	
6	0	0	0	0	455	561	
7	0	0	0	0	457	566	
8	0	0	0	0	455	574	
9	0	0	0	0	453	581	
10	0	0	0	0	451	583	
11	0	0	0	0	449	585	
12	0	0	0	0	447	584	
13	0	0	0	0	446	582	
14	0	0	0	0	444	581	
15	0	0	0	0	444	582	
0	0	0	0	0	440	585	
1	0	0	0	0	437	588	
2	0	0	0	0	441	590	
3	0	0	0	0	447	591	
4	0	0	0	0	455	594	
5	0	0	0	0	461	595	
6	0	0	0	0	467	595	
7	0	0	0	0	468	595	
8	0	0	0	0	468	593	
9	0	0	0	0	465	589	
10	0	0	0	0	461	582	
11	0	0	0	0	457	574	
12	0	0	0	0	456	568	
13	0	0	0	0	459	563	
14	0	0	0	0	462	562	
15	0	0	0	0	463	558	
0	0	0	0	0	462	553	
1	0	0	0	0	464	548	
2	0	0	0	0	471	544	
3	0	0	0	0	476	541	
4	0	0	0	0	484	536	
5	0	0	0	0	493	529	
6	0	0	0	0	502	521	
7	0	0	0	0	508	512	
8	0	0	0	0	513	503	
9	0	0	0	0	516	498	
10	0	0	0	0	515	501	
11	0	0	0	0	512	502	
12	0	0	0	0	507	507	
13	0	0	0	0	498	509	
14	0	0	0	0	488	506	
15	0	0	0	0	481	502	
0	0	0	0	0	474	500	
1	0	0	0	0	471	499	
2	0	0	0	0	471	496	
3	0	0	0	0	475	496	
4	0	0	0	0	479	492	
5	0	0	0	0	481	487	
6	0	0	0	0	484	483	
7	0	0	0	0	488	478	
8	0	0	0	0	490	471	
9	0	0	0	0	494	465	
10	0	0	0	0	499	457	
11	0	0	0	0	504	452	
12	0	0	0	0	508	452	
13	0	0	0	0	510	449	
14	0	0	0	0	510	446	
15	0	0	0	0	511	444	
0	0	0	0	0	515	445	
1	0	0	0	0	519	446	
2	0	0	0	0	525	443	
3	0	0	0	0	535	438	
4	0	0	0	0	544	432	
5	0	0	0	0	548	428	
6	0	0	0	0	550	428	
7	0	0	0	0	553	431	
8	0	0	0	0	554	435	
9	0	0	0	0	551	435	
10	0	0	0	0	550	431	
11	0	0	0	0	547	428	
12	0	0	0	0	545	428	
13	0	0	0	0	547	428	
14	0	0	0	0	547	432	
15	0	0	0	0	542	438	
0	0	0	0	0	540	441	
1	0	0	0	0	539	442	
2	0	0	0	0	540	441	
3	0	0	0	0	540	438	
4	0	0	0	0	543	436	
5	0	0	0	0	547	435	
6	0	0	0	0	551	437	
7	0	0	0	0	557	437	
8	0	0	0	0	565	440	
9	0	0	0	0	569	447	
10	0	0	0	0	567	451	
11	0	0	0	0	562	450	
12	0	0	0	0	555	444	
13	0	0	0	0	549	432	
14	0	0	0	0	543	419	
15	0	0	0	0	540	407	
0	0	0	0	0	534	393	
1	0	0	0	0	528	383	
2	0	0	0	0	523	380	
3	0	0	0	0	521	382	
4	0	0	0	0	519	382	
5	0	0	0	0	521	389	
6	0	0	0	0	526	393	
7	0	0	0	0	531	391	
8	0	0	0	0	537	390	
9	0	0	0	0	544	386	
10	0	0	0	0	550	383	
11	0	0	0	0	559	381	
12	0	0	0	0	565	376	
13	0	0	0	0	567	368	
14	0	0	0	0	566	355	
15	0	0	0	0	563	347	
0	0	0	0	0	567	341	
1	0	0	0	0	576	336	
2	0	0	0	0	589	341	
3	0	0	0	0	599	342	
4	0	0	0	0	608	341	
5	0	0	0	0	615	349	
6	0	0	0	0	615	348	
7	0	0	0	0	610	351	
8	0	0	0	0	603	357	
9	0	0	0	0	593	355	
10	0	0	0	0	589	361	
11	0	0	0	0	584	359	
12	0	0	0	0	578	357	
13	0	0	0	0	569	353	
14	0	0	0	0	562	345	
15	0	0	0	0	557	345	
0	0	0	0	0	553	341	
1	0	0	0	0	552	342	
2	0	0	0	0	552	339	
3	0	0	0	0	552	335	
4	0	0	0	0	552	334	
5	0	0	0	0	550	331	
6	0	0	0	0	549	331	
7	0	0	0	0	552	340	
8	0	0	0	0	559	344	
9	0	0	0	0	567	343	
10	0	0	0	0	572	344	
11	0	0	0	0	576	335	
12	0	0	0	0	578	327	
13	0	0	0	0	582	317	
14	0	0	0	0	585	297	
15	0	0	0	0	586	292	
0	0	0	0	0	588	282	
1	0	0	0	0	589	275	
2	0	0	0	0	590	271	
3	0	0	0	0	591	261	
4	0	0	0	0	592	265	
5	0	0	0	0	597	262	
6	0	0	0	0	609	263	
7	0	0	0	0	622	267	
8	0	0	0	0	632	270	
9	0	0	0	0	639	277	
10	0	0	0	0	643	276	
11	0	0	0	0	647	271	
12	0	0	0	0	645	279	
13	0	0	0	0	642	274	
14	0	0	0	0	643	279	
15	0	0	0	0	639	282	
0	0	0	0	0	634	283	
1	0	0	0	0	632	294	
2	0	0	0	0	632	300	
3	0	0	0	0	629	303	
4	0	0	0	0	629	318	
5	0	0	0	0	629	320	
6	0	0	0	0	631	323	
7	0	0	0	0	630	323	
8	0	0	0	0	627	317	
9	0	0	0	0	624	326	
10	0	0	0	0	618	323	
11	0	0	0	0	612	321	
12	0	0	0	0	608	315	
13	0	0	0	0	601	295	
14	0	0	0	0	597	285	
15	0	0	0	0	588	269	
0	0	0	0	0	579	255	
1	0	0	0	0	569	247	
2	0	0	0	0	559	234	
3	0	0	0	0	556	231	
4	0	0	0	0	558	223	
5	0	0	0	0	565	213	
6	0	0	0	0	575	212	
7	0	0	0	0	585	207	
8	0	0	0	0	595	209	
9	0	0	0	0	607	213	
10	0	0	0	0	618	206	
11	0	0	0	0	629	215	
12	0	0	0	0	639	218	
13	0	0	0	0	647	223	
14	0	0	0	0	649	226	
15	0	0	0	0	647	226	
0	0	0	0	0	642	237	
1	0	0	0	0	630	239	
2	0	0	0	0	620	241	
3	0	0	0	0	614	240	
4	0	0	0	0	610	236	
5	0	0	0	0	608	239	
6	0	0	0	0	607	236	
7	0	0	0	0	605	238	
8	0	0	0	0	604	240	
9	0	0	0	0	602	236	
10	0	0	0	0	599	246	
11	0	0	0	0	600	253	
12	0	0	0	0	603	264	
13	0	0	0	0	606	272	
14	0	0	0	0	607	272	
15	0	0	0	0	611	280	
0	0	0	0	0	616	275	
1	0	0	0	0	623	273	
2	0	0	0	0	627	271	
3	0	0	0	0	623	263	
4	0	0	0	0	620	262	
5	0	0	0	0	616	256	
6	0	0	0	0	614	252	
7	0	0	0	0	611	264	
8	0	0	0	0	609	269	
9	0	0	0	0	611	273	
10	0	0	0	0	613	272	
11	0	0	0	0	615	267	
12	0	0	0	0	619	272	
13	0	0	0	0	625	269	
14	0	0	0	0	631	267	
15	0	0	0	0	632	269	
0	0	0	0	0	633	267	
1	0	0	0	0	632	273	
2	0	0	0	0	631	271	
3	0	0	0	0	629	260	
4	0	0	0	0	627	259	
5	0	0	0	0	627	250	
6	0	0	0	0	627	242	
7	0	0	0	0	628	236	
8	0	0	0	0	631	230	
9	0	0	0	0	636	233	
10	0	0	0	0	641	237	
11	0	0	0	0	641	236	
12	0	0	0	0	642	251	
13	0	0	0	0	641	255	
14	0	0	0	0	643	259	
15	0	0	0	0	644	266	
0	0	0	0	0	647	262	
1	0	0	0	0	646	260	
2	0	0	0	0	652	257	
3	0	0	0	0	656	252	
4	0	0	0	0	663	260	
5	0	0	0	0	661	257	
6	0	0	0	0	662	257	
7	0	0	0	0	664	255	
8	0	0	0	0	665	247	
9	0	0	0	0	665	256	
10	0	0	0	0	668	260	
11	0	0	0	0	669	259	
12	0	0	0	0	668	270	
13	0	0	0	0	671	267	
14	0	0	0	0	679	275	
15	0	0	0	0	696	277	
0	0	0	0	0	713	272	
1	0	0	0	0	723	279	
2	0	0	0	0	725	276	
3	0	0	0	0	725	284	
4	0	0	0	0	720	286	
5	0	0	0	0	712	283	
6	0	0	0	0	703	288	
7	0	0	0	0	690	287	
8	0	0	0	0	675	289	
9	0	0	0	0	661	287	
10	0	0	0	0	651	277	
11	0	0	0	0	646	281	
12	0	0	0	0	643	277	
13	0	0	0	0	644	269	
14	0	0	0	0	648	270	
15	0	0	0	0	647	263	
0	0	0	0	0	643	265	
1	0	0	0	0	639	263	
2	0	0	0	0	639	265	
3	0	0	0	0	639	267	
4	0	0	0	0	643	265	
5	0	0	0	0	653	269	
6	0	0	0	0	671	267	
7	0	0	0	0	687	263	
8	0	0	0	0	690	262	
9	0	0	0	0	689	251	
10	0	0	0	0	686	247	
11	0	0	0	0	679	237	
12	0	0	0	0	671	231	
13	0	0	0	0	665	223	
14	0	0	0	0	658	208	
15	0	0	0	0	648	207	
0	0	0	0	0	640	200	
1	0	0	0	0	638	199	
2	0	0	0	0	641	201	
3	0	0	0	0	643	198	
4	0	0	0	0	647	207	
5	0	0	0	0	647	205	
6	0	0	0	0	643	209	
7	0	0	0	0	638	206	
8	0	0	0	0	638	195	
9	0	0	0	0	645	195	
10	0	0	0	0	656	194	
11	0	0	0	0	668	198	
12	0	0	0	0	679	199	
13	0	0	0	0	686	193	
14	0	0	0	0	688	199	
15	0	0	0	0	686	197	
0	0	0	0	0	681	198	
1	0	0	0	0	675	197	
2	0	0	0	0	671	195	
3	0	0	0	0	669	204	
4	0	0	0	0	668	207	
5	0	0	0	0	670	212	
6	0	0	0	0	672	220	
7	0	0	0	0	675	215	
8	0	0	0	0	675	222	
9	0	0	0	0	671	225	
10	0	0	0	0	669	232	
11	0	0	0	0	667	243	
12	0	0	0	0	671	244	
13	0	0	0	0	683	258	
14	0	0	0	0	701	259	
15	0	0	0	0	713	265	
0	0	0	0	0	717	266	
1	0	0	0	0	717	260	
2	0	0	0	0	710	269	
3	0	0	0	0	696	265	
4	0	0	0	0	680	263	
5	0	0	0	0	659	259	
6	0	0	0	0	638	251	
7	0	0	0	0	625	259	
8	0	0	0	0	616	264	
9	0	0	0	0	615	265	
10	0	0	0	0	620	278	
11	0	0	0	0	628	281	
12	0	0	0	0	640	284	
13	0	0	0	0	654	287	
14	0	0	0	0	663	283	
15	0	0	0	0	669	288	
0	0	0	0	0	675	289	
1	0	0	0	0	679	289	
2	0	0	0	0	682	301	
3	0	0	0	0	686	304	
4	0	0	0	0	691	312	
5	0	0	0	0	694	321	
6	0	0	0	0	693	321	
7	0	0	0	0	689	331	
8	0	0	0	0	687	331	
9	0	0	0	0	683	329	
10	0	0	0	0	679	323	
11	0	0	0	0	675	316	
12	0	0	0	0	673	316	
13	0	0	0	0	673	313	
14	0	0	0	0	676	316	
15	0	0	0	0	676	319	
0	0	0	0	0	671	317	
1	0	0	0	0	665	323	
2	0	0	0	0	659	325	
3	0	0	0	0	652	323	
4	0	0	0	0	649	336	
5	0	0	0	0	650	341	
6	0	0	0	0	651	348	
7	0	0	0	0	651	353	
8	0	0	0	0	651	355	
9	0	0	0	0	648	369	
10	0	0	0	0	645	376	
11	0	0	0	0	639	379	
12	0	0	0	0	632	378	
13	0	0	0	0	626	372	
14	0	0	0	0	622	373	
15	0	0	0	0	616	372	
0	0	0	0	0	615	374	
1	0	0	0	0	616	379	
2	0	0	0	0	618	384	
3	0	0	0	0	617	397	
4	0	0	0	0	618	407	
5	0	0	0	0	620	418	
6	0	0	0	0	620	427	
7	0	0	0	0	618	431	
8	0	0	0	0	615	436	
9	0	0	0	0	609	435	
10	0	0	0	0	606	433	
11	0	0	0	0	607	431	
12	0	0	0	0	607	429	
13	0	0	0	0	608	428	
14	0	0	0	0	611	424	
15	0	0	0	0	614	425	
0	0	0	0	0	614	425	
1	0	0	0	0	613	423	
2	0	0	0	0	609	419	
3	0	0	0	0	607	415	
4	0	0	0	0	604	417	
5	0	0	0	0	601	415	
6	0	0	0	0	600	419	
7	0	0	0	0	599	420	
8	0	0	0	0	596	417	
9	0	0	0	0	593	411	
10	0	0	0	0	594	411	
11	0	0	0	0	592	411	
12	0	0	0	0	594	411	
13	0	0	0	0	596	415	
14	0	0	0	0	597	422	
15	0	0	0	0	598	429	
0	0	0	0	0	599	435	
1	0	0	0	0	600	438	
2	0	0	0	0	602	445	
3	0	0	0	0	607	449	
4	0	0	0	0	614	453	
5	0	0	0	0	615	457	
6	0	0	0	0	614	457	
7	0	0	0	0	611	461	
8	0	0	0	0	607	463	
9	0	0	0	0	598	467	
10	0	0	0	0	587	466	
11	0	0	0	0	573	462	
12	0	0	0	0	557	456	
13	0	0	0	0	542	451	
14	0	0	0	0	535	450	
15	0	0	0	0	531	455	
0	0	0	0	0	528	461	
1	0	0	0	0	528	467	
2	0	0	0	0	528	473	
3	0	0	0	0	534	482	
4	0	0	0	0	540	496	
5	0	0	0	0	543	510	
6	0	0	0	0	549	518	
7	0	0	0	0	557	522	
8	0	0	0	0	564	525	
9	0	0	0	0	565	525	
10	0	0	0	0	562	521	
11	0	0	0	0	556	516	
12	0	0	0	0	551	516	
13	0	0	0	0	548	516	
14	0	0	0	0	547	517	
15	0	0	0	0	545	519	
0	0	0	0	0	544	525	
1	0	0	0	0	539	530	
2	0	0	0	0	534	535	
3	0	0	0	0	527	540	
4	0	0	0	0	519	540	
5	0	0	0	0	512	540	
6	0	0	0	0	504	538	
7	0	0	0	0	495	535	
8	0	0	0	0	487	528	
9	0	0	0	0	480	524	
10	0	0	0	0	474	524	
11	0	0	0	0	470	526	
12	0	0	0	0	470	527	
13	0	0	0	0	468	527	
14	0	0	0	0	468	526	
15	0	0	0	0	471	527	
0	0	0	0	0	476	531	
1	0	0	0	0	482	530	
2	0	0	0	0	491	527	
3	0	0	0	0	500	525	
4	0	0	0	0	510	522	
5	0	0	0	0	516	515	
6	0	0	0	0	520	505	
7	0	0	0	0	520	497	
8	0	0	0	0	517	492	
9	0	0	0	0	512	486	
10	0	0	0	0	509	480	
11	0	0	0	0	504	479	
12	0	0	0	0	501	482	
13	0	0	0	0	502	486	
14	0	0	0	0	501	493	
15	0	0	0	0	500	502	
0	0	0	0	0	502	511	
1	0	0	0	0	504	520	
2	0	0	0	0	506	531	
3	0	0	0	0	508	541	
4	0	0	0	0	506	546	
5	0	0	0	0	503	549	
6	0	0	0	0	500	551	
7	0	0	0	0	502	552	
8	0	0	0	0	504	552	
9	0	0	0	0	507	555	
10	0	0	0	0	507	561	
11	0	0	0	0	505	565	
12	0	0	0	0	502	568	
13	0	0	0	0	499	568	
14	0	0	0	0	493	564	
15	0	0	0	0	492	563	
0	0	0	0	0	489	562	
1	0	0	0	0	489	563	
2	0	0	0	0	487	562	
3	0	0	0	0	487	559	
4	0	0	0	0	487	560	
5	0	0	0	0	491	569	
6	0	0	0	0	497	575	
7	0	0	0	0	499	582	
8	0	0	0	0	501	587	
9	0	0	0	0	499	591	
10	0	0	0	0	493	589	
11	0	0	0	0	483	586	
12	0	0	0	0	477	576	
13	0	0	0	0	468	570	
14	0	0	0	0	460	568	
15	0	0	0	0	455	567	
0	0	0	0	0	455	569	
1	0	0	0	0	455	568	
2	0	0	0	0	459	570	
3	0	0	0	0	463	574	
4	0	0	0	0	466	578	
5	0	0	0	0	463	583	
6	0	0	0	0	462	591	
7	0	0	0	0	463	600	
8	0	0	0	0	464	607	
9	0	0	0	0	466	609	
10	0	0	0	0	467	613	
11	0	0	0	0	467	616	
12	0	0	0	0	469	618	
13	0	0	0	0	471	620	
14	0	0	0	0	473	615	
15	0	0	0	0	480	614	
0	0	0	0	0	482	614	
1	0	0	0	0	480	611	
2	0	0	0	0	481	605	
3	0	0	0	0	481	604	
4	0	0	0	0	480	608	
5	0	0	0	0	479	620	
6	0	0	0	0	478	628	
7	0	0	0	0	475	639	
8	0	0	0	0	471	650	
9	0	0	0	0	467	658	
10	0	0	0	0	466	664	
11	0	0	0	0	465	670	
12	0	0	0	0	460	676	
13	0	0	0	0	455	683	
14	0	0	0	0	452	688	
15	0	0	0	0	450	688	
0	0	0	0	0	447	690	
1	0	0	0	0	444	694	
2	0	0	0	0	442	696	
3	0	0	0	0	438	693	
4	0	0	0	0	434	694	
5	0	0	0	0	428	693	
6	0	0	0	0	417	696	
7	0	0	0	0	409	696	
8	0	0	0	0	403	702	
9	0	0	0	0	398	704	
10	0	0	0	0	391	705	
11	0	0	0	0	391	707	
12	0	0	0	0	392	709	
13	0	0	0	0	396	712	
14	0	0	0	0	403	718	
15	0	0	0	0	410	718	
0	0	0	0	0	415	716	
1	0	0	0	0	417	713	
2	0	0	0	0	416	711	
3	0	0	0	0	415	712	
4	0	0	0	0	415	717	
5	0	0	0	0	415	718	
6	0	0	0	0	415	719	
7	0	0	0	0	415	713	
8	0	0	0	0	418	708	
9	0	0	0	0	420	702	
10	0	0	0	0	420	695	
11	0	0	0	0	420	685	
12	0	0	0	0	417	679	
13	0	0	0	0	415	671	
14	0	0	0	0	415	664	
15	0	0	0	0	413	660	
0	0	0	0	0	408	659	
1	0	0	0	0	404	662	
2	0	0	0	0	402	669	
3	0	0	0	0	399	673	
4	0	0	0	0	397	679	
5	0	0	0	0	399	676	
6	0	0	0	0	401	679	
7	0	0	0	0	403	682	
8	0	0	0	0	408	683	
9	0	0	0	0	416	680	
10	0	0	0	0	423	679	
11	0	0	0	0	433	674	
12	0	0	0	0	435	672	
13	0	0	0	0	432	664	
14	0	0	0	0	427	663	
15	0	0	0	0	417	659	
0	0	0	0	0	411	659	
1	0	0	0	0	410	662	
2	0	0	0	0	412	659	
3	0	0	0	0	416	660	
4	0	0	0	0	423	659	
5	0	0	0	0	429	654	
6	0	0	0	0	436	647	
7	0	0	0	0	444	644	
8	0	0	0	0	455	643	
9	0	0	0	0	463	643	
10	0	0	0	0	471	639	
11	0	0	0	0	480	634	
12	0	0	0	0	487	631	
13	0	0	0	0	492	627	
14	0	0	0	0	500	625	
15	0	0	0	0	511	619	
0	0	0	0	0	523	611	
1	0	0	0	0	531	606	
2	0	0	0	0	537	601	
3	0	0	0	0	542	599	
4	0	0	0	0	542	604	
5	0	0	0	0	538	615	
6	0	0	0	0	530	628	
7	0	0	0	0	524	641	
8	0	0	0	0	517	657	
9	0	0	0	0	509	673	
10	0	0	0	0	502	683	
11	0	0	0	0	491	696	
12	0	0	0	0	481	711	
13	0	0	0	0	471	721	
14	0	0	0	0	460	733	
15	0	0	0	0	449	743	
0	0	0	0	0	440	752	
1	0	0	0	0	431	761	
2	0	0	0	0	423	772	
3	0	0	0	0	417	778	
4	0	0	0	0	409	780	
5	0	0	0	0	402	779	
6	0	0	0	0	400	780	
7	0	0	0	0	399	767	
8	0	0	0	0	400	759	
9	0	0	0	0	400	757	
10	0	0	0	0	400	755	
11	0	0	0	0	401	757	
12	0	0	0	0	403	755	
13	0	0	0	0	406	755	
14	0	0	0	0	408	757	
15	0	0	0	0	413	758	
0	0	0	0	0	416	759	
1	0	0	0	0	415	759	
2	0	0	0	0	416	762	
3	0	0	0	0	416	767	
4	0	0	0	0	413	766	
5	0	0	0	0	413	766	
6	0	0	0	0	411	765	
7	0	0	0	0	412	763	
8	0	0	0	0	414	758	
9	0	0	0	0	416	754	
10	0	0	0	0	416	747	
11	0	0	0	0	417	743	
12	0	0	0	0	422	740	
13	0	0	0	0	432	737	
14	0	0	0	0	442	736	
15	0	0	0	0	451	729	
0	0	0	0	0	458	723	
1	0	0	0	0	462	714	
2	0	0	0	0	465	708	
3	0	0	0	0	470	703	
4	0	0	0	0	472	697	
5	0	0	0	0	471	690	
6	0	0	0	0	470	685	
7	0	0	0	0	471	676	
8	0	0	0	0	467	672	
9	0	0	0	0	463	671	
10	0	0	0	0	459	667	
11	0	0	0	0	456	664	
12	0	0	0	0	455	659	
13	0	0	0	0	455	654	
14	0	0	0	0	461	650	
15	0	0	0	0	465	652	
0	0	0	0	0	465	661	
1	0	0	0	0	466	676	
2	0	0	0	0	461	679	
3	0	0	0	0	453	685	
4	0	0	0	0	445	691	
5	0	0	0	0	442	692	
6	0	0	0	0	444	695	
7	0	0	0	0	450	697	
8	0	0	0	0	457	697	
9	0	0	0	0	467	704	
10	0	0	0	0	476	705	
11	0	0	0	0	483	708	
12	0	0	0	0	487	709	
13	0	0	0	0	486	706	
14	0	0	0	0	481	698	
15	0	0	0	0	477	692	
0	0	0	0	0	475	686	
1	0	0	0	0	472	678	
2	0	0	0	0	470	672	
3	0	0	0	0	467	664	
4	0	0	0	0	465	661	
5	0	0	0	0	466	655	
6	0	0	0	0	464	652	
7	0	0	0	0	464	646	
8	0	0	0	0	467	641	
9	0	0	0	0	467	640	
10	0	0	0	0	464	640	
11	0	0	0	0	463	639	
12	0	0	0	0	458	635	
13	0	0	0	0	450	628	
14	0	0	0	0	441	624	
15	0	0	0	0	436	622	
0	0	0	0	0	433	622	
1	0	0	0	0	437	626	
2	0	0	0	0	444	627	
3	0	0	0	0	451	623	
4	0	0	0	0	462	616	
5	0	0	0	0	476	608	
6	0	0	0	0	489	603	
7	0	0	0	0	504	597	
8	0	0	0	0	512	591	
9	0	0	0	0	520	588	
10	0	0	0	0	529	583	
11	0	0	0	0	537	578	
12	0	0	0	0	542	579	
13	0	0	0	0	547	583	
14	0	0	0	0	548	590	
15	0	0	0	0	541	599	
0	0	0	0	0	537	606	
1	0	0	0	0	535	616	
2	0	0	0	0	526	625	
3	0	0	0	0	515	629	
4	0	0	0	0	495	628	
5	0	0	0	0	472	627	
6	0	0	0	0	450	629	
7	0	0	0	0	432	631	
8	0	0	0	0	419	636	
9	0	0	0	0	410	642	
10	0	0	0	0	407	647	
11	0	0	0	0	406	655	
12	0	0	0	0	409	664	
13	0	0	0	0	411	670	
14	0	0	0	0	409	675	
15	0	0	0	0	410	675	
0	0	0	0	0	408	674	
1	0	0	0	0	406	670	
2	0	0	0	0	401	668	
3	0	0	0	0	400	668	
4	0	0	0	0	400	666	
5	0	0	0	0	405	663	
6	0	0	0	0	410	664	
7	0	0	0	0	419	667	
8	0	0	0	0	428	673	
9	0	0	0	0	434	672	
10	0	0	0	0	443	676	
11	0	0	0	0	454	686	
12	0	0	0	0	469	696	
13	0	0	0	0	484	705	
14	0	0	0	0	496	711	
15	0	0	0	0	508	713	
0	0	0	0	0	517	717	
1	0	0	0	0	523	711	
2	0	0	0	0	531	707	
3	0	0	0	0	540	702	
4	0	0	0	0	547	699	
5	0	0	0	0	552	694	
6	0	0	0	0	555	691	
7	0	0	0	0	555	692	
8	0	0	0	0	550	696	
9	0	0	0	0	542	696	
10	0	0	0	0	529	692	
11	0	0	0	0	520	687	
12	0	0	0	0	515	684	
13	0	0	0	0	511	682	
14	0	0	0	0	510	678	
15	0	0	0	0	510	674	
0	0	0	0	0	511	672	
1	0	0	0	0	511	668	
2	0	0	0	0	506	662	
3	0	0	0	0	504	655	
4	0	0	0	0	507	644	
5	0	0	0	0	508	636	
6	0	0	0	0	510	632	
7	0	0	0	0	514	631	
8	0	0	0	0	517	636	
9	0	0	0	0	518	643	
10	0	0	0	0	518	647	
11	0	0	0	0	513	649	
12	0	0	0	0	510	653	
13	0	0	0	0	511	658	
14	0	0	0	0	517	663	
15	0	0	0	0	526	669	
0	0	0	0	0	537	679	
1	0	0	0	0	544	684	
2	0	0	0	0	548	692	
3	0	0	0	0	545	699	
4	0	0	0	0	539	705	
5	0	0	0	0	536	708	
6	0	0	0	0	534	708	
7	0	0	0	0	534	702	
8	0	0	0	0	537	692	
9	0	0	0	0	536	683	
10	0	0	0	0	531	676	
11	0	0	0	0	523	668	
12	0	0	0	0	512	662	
13	0	0	0	0	499	656	
14	0	0	0	0	489	653	
15	0	0	0	0	482	647	
0	0	0	0	0	478	641	
1	0	0	0	0	475	636	
2	0	0	0	0	474	628	
3	0	0	0	0	474	619	
4	0	0	0	0	475	609	
5	0	0	0	0	480	604	
6	0	0	0	0	483	603	
7	0	0	0	0	486	600	
8	0	0	0	0	488	596	
9	0	0	0	0	495	594	
10	0	0	0	0	504	597	
11	0	0	0	0	515	604	
12	0	0	0	0	518	608	
13	0	0	0	0	513	613	
14	0	0	0	0	508	616	
15	0	0	0	0	499	618	
0	0	0	0	0	487	624	
1	0	0	0	0	476	625	
2	0	0	0	0	467	627	
3	0	0	0	0	455	628	
4	0	0	0	0	448	631	
5	0	0	0	0	445	632	
6	0	0	0	0	444	629	
7	0	0	0	0	442	623	
8	0	0	0	0	444	619	
9	0	0	0	0	441	614	
10	0	0	0	0	441	608	
11	0	0	0	0	444	601	
12	0	0	0	0	450	590	
13	0	0	0	0	456	579	
14	0	0	0	0	465	570	
15	0	0	0	0	469	564	
0	0	0	0	0	472	560	
1	0	0	0	0	479	558	
2	0	0	0	0	487	559	
3	0	0	0	0	493	563	
4	0	0	0	0	503	563	
5	0	0	0	0	520	562	
6	0	0	0	0	543	561	
7	0	0	0	0	559	560	
8	0	0	0	0	569	558	
9	0	0	0	0	575	552	
10	0	0	0	0	573	550	
11	0	0	0	0	564	551	
12	0	0	0	0	549	550	
13	0	0	0	0	538	546	
14	0	0	0	0	530	547	
15	0	0	0	0	523	550	
0	0	0	0	0	515	551	
1	0	0	0	0	507	550	
2	0	0	0	0	503	545	
3	0	0	0	0	498	543	
4	0	0	0	0	489	541	
5	0	0	0	0	478	537	
6	0	0	0	0	471	540	
7	0	0	0	0	464	539	
8	0	0	0	0	463	534	
9	0	0	0	0	464	528	
10	0	0	0	0	470	522	
11	0	0	0	0	476	519	
12	0	0	0	0	480	521	
13	0	0	0	0	480	529	
14	0	0	0	0	487	538	
15	0	0	0	0	501	540	
0	0	0	0	0	512	534	
1	0	0	0	0	521	526	
2	0	0	0	0	524	514	
3	0	0	0	0	527	507	
4	0	0	0	0	530	503	
5	0	0	0	0	530	498	
6	0	0	0	0	531	492	
7	0	0	0	0	532	487	
8	0	0	0	0	534	489	
9	0	0	0	0	531	493	
10	0	0	0	0	525	498	
11	0	0	0	0	519	506	
12	0	0	0	0	510	512	
13	0	0	0	0	503	517	
14	0	0	0	0	500	521	
15	0	0	0	0	506	524	
0	0	0	0	0	519	527	
1	0	0	0	0	534	531	
2	0	0	0	0	547	531	
3	0	0	0	0	555	528	
4	0	0	0	0	559	521	
5	0	0	0	0	557	515	
6	0	0	0	0	552	507	
7	0	0	0	0	543	499	
8	0	0	0	0	532	492	
9	0	0	0	0	524	487	
10	0	0	0	0	518	484	
11	0	0	0	0	514	478	
12	0	0	0	0	514	474	
13	0	0	0	0	517	475	
14	0	0	0	0	518	475	
15	0	0	0	0	517	472	
0	0	0	0	0	511	470	
1	0	0	0	0	506	472	
2	0	0	0	0	506	478	
3	0	0	0	0	504	480	
4	0	0	0	0	507	479	
5	0	0	0	0	505	475	
6	0	0	0	0	504	468	
7	0	0	0	0	505	460	
8	0	0	0	0	506	453	
9	0	0	0	0	512	451	
10	0	0	0	0	519	450	
11	0	0	0	0	523	451	
12	0	0	0	0	526	455	
13	0	0	0	0	529	460	
14	0	0	0	0	529	468	
15	0	0	0	0	527	479	
0	0	0	0	0	526	488	
1	0	0	0	0	522	497	
2	0	0	0	0	515	503	
3	0	0	0	0	508	509	
4	0	0	0	0	499	511	
5	0	0	0	0	491	510	
6	0	0	0	0	487	507	
7	0	0	0	0	486	505	
8	0	0	0	0	491	499	
9	0	0	0	0	492	494	
10	0	0	0	0	493	491	
11	0	0	0	0	494	495	
12	0	0	0	0	494	501	
13	0	0	0	0	492	508	
14	0	0	0	0	490	513	
15	0	0	0	0	492	516	
0	0	0	0	0	495	513	
1	0	0	0	0	494	507	
2	0	0	0	0	490	499	
3	0	0	0	0	490	492	
4	0	0	0	0	491	488	
5	0	0	0	0	492	488	
6	0	0	0	0	497	489	
7	0	0	0	0	507	487	
8	0	0	0	0	519	478	
9	0	0	0	0	530	469	
10	0	0	0	0	540	467	
11	0	0	0	0	544	472	
12	0	0	0	0	546	476	
13	0	0	0	0	543	477	
14	0	0	0	0	539	476	
15	0	0	0	0	527	477	
0	0	0	0	0	515	479	
1	0	0	0	0	504	483	
2	0	0	0	0	497	487	
3	0	0	0	0	494	490	
4	0	0	0	0	505	492	
5	0	0	0	0	523	496	
6	0	0	0	0	537	497	
7	0	0	0	0	543	497	
8	0	0	0	0	548	497	
9	0	0	0	0	553	498	
10	0	0	0	0	556	498	
11	0	0	0	0	554	497	
12	0	0	0	0	551	495	
13	0	0	0	0	545	487	
14	0	0	0	0	539	479	
15	0	0	0	0	537	470	
0	0	0	0	0	537	459	
1	0	0	0	0	537	451	
2	0	0	0	0	540	443	
3	0	0	0	0	541	434	
4	0	0	0	0	538	426	
5	0	0	0	0	537	417	
6	0	0	0	0	535	413	
7	0	0	0	0	531	412	
8	0	0	0	0	529	412	
9	0	0	0	0	527	413	
10	0	0	0	0	527	416	
11	0	0	0	0	527	419	
12	0	0	0	0	527	424	
13	0	0	0	0	526	428	
14	0	0	0	0	525	432	
15	0	0	0	0	524	432	
0	0	0	0	0	523	432	
1	0	0	0	0	526	438	
2	0	0	0	0	531	446	
3	0	0	0	0	536	455	
4	0	0	0	0	543	460	
5	0	0	0	0	548	459	
6	0	0	0	0	551	454	
7	0	0	0	0	547	451	
8	0	0	0	0	543	451	
9	0	0	0	0	538	451	
10	0	0	0	0	537	448	
11	0	0	0	0	531	450	
12	0	0	0	0	524	450	
13	0	0	0	0	518	449	
14	0	0	0	0	513	445	
15	0	0	0	0	508	440	
0	0	0	0	0	504	440	
1	0	0	0	0	502	443	
2	0	0	0	0	501	446	
3	0	0	0	0	498	446	
4	0	0	0	0	497	447	
5	0	0	0	0	496	450	
6	0	0	0	0	501	453	
7	0	0	0	0	505	452	
8	0	0	0	0	510	451	
9	0	0	0	0	518	451	
10	0	0	0	0	524	451	
11	0	0	0	0	527	453	
12	0	0	0	0	528	453	
13	0	0	0	0	526	451	
14	0	0	0	0	523	449	
15	0	0	0	0	522	452	
0	0	0	0	0	520	458	
1	0	0	0	0	523	461	
2	0	0	0	0	531	465	
3	0	0	0	0	537	463	
4	0	0	0	0	541	460	
5	0	0	0	0	543	463	
6	0	0	0	0	543	467	
7	0	0	0	0	543	469	
8	0	0	0	0	545	472	
9	0	0	0	0	545	473	
10	0	0	0	0	547	471	
11	0	0	0	0	548	466	
12	0	0	0	0	547	459	
13	0	0	0	0	546	458	
14	0	0	0	0	544	458	
15	0	0	0	0	542	460	
0	0	0	0	0	538	465	
1	0	0	0	0	536	467	
2	0	0	0	0	533	472	
3	0	0	0	0	531	472	
4	0	0	0	0	529	472	
5	0	0	0	0	526	468	
6	0	0	0	0	521	461	
7	0	0	0	0	513	454	
8	0	0	0	0	504	447	
9	0	0	0	0	493	443	
10	0	0	0	0	482	443	
11	0	0	0	0	477	441	
12	0	0	0	0	474	446	
13	0	0	0	0	475	450	
14	0	0	0	0	476	456	
15	0	0	0	0	480	461	
0	0	0	0	0	484	464	
1	0	0	0	0	486	465	
2	0	0	0	0	488	464	
3	0	0	0	0	491	459	
4	0	0	0	0	494	451	
5	0	0	0	0	498	441	
6	0	0	0	0	497	433	
7	0	0	0	0	495	430	
8	0	0	0	0	496	425	
9	0	0	0	0	499	419	
10	0	0	0	0	499	415	
11	0	0	0	0	503	412	
12	0	0	0	0	505	414	
13	0	0	0	0	508	418	
14	0	0	0	0	511	423	
15	0	0	0	0	514	426	
0	0	0	0	0	512	426	
1	0	0	0	0	510	425	
2	0	0	0	0	509	423	
3	0	0	0	0	508	423	
4	0	0	0	0	508	422	
5	0	0	0	0	509	422	
6	0	0	0	0	511	423	
7	0	0	0	0	513	425	
8	0	0	0	0	513	423	
9	0	0	0	0	514	422	
10	0	0	0	0	513	421	
11	0	0	0	0	511	420	
12	0	0	0	0	511	419	
13	0	0	0	0	510	416	
14	0	0	0	0	509	413	
15	0	0	0	0	508	408	
0	0	0	0	0	508	406	
1	0	0	0	0	510	406	
2	0	0	0	0	510	405	
3	0	0	0	0	509	404	
4	0	0	0	0	507	407	
5	0	0	0	0	504	409	
6	0	0	0	0	499	418	
7	0	0	0	0	491	425	
8	0	0	0	0	485	432	
9	0	0	0	0	480	439	
10	0	0	0	0	482	443	
11	0	0	0	0	485	446	
12	0	0	0	0	489	447	
13	0	0	0	0	493	445	
14	0	0	0	0	499	444	
15	0	0	0	0	502	444	
0	0	0	0	0	506	444	
1	0	0	0	0	510	443	
2	0	0	0	0	516	444	
3	0	0	0	0	519	447	
4	0	0	0	0	525	449	
5	0	0	0	0	530	446	
6	0	0	0	0	532	443	
7	0	0	0	0	534	439	
8	0	0	0	0	537	435	
9	0	0	0	0	538	436	
10	0	0	0	0	536	439	
11	0	0	0	0	533	440	
12	0	0	0	0	531	444	
13	0	0	0	0	528	449	
14	0	0	0	0	526	451	
15	0	0	0	0	524	454	
0	0	0	0	0	521	459	
1	0	0	0	0	516	463	
2	0	0	0	0	514	467	
3	0	0	0	0	509	472	
4	0	0	0	0	504	477	
5	0	0	0	0	500	481	
6	0	0	0	0	496	483	
7	0	0	0	0	492	478	
8	0	0	0	0	487	467	
9	0	0	0	0	480	455	
10	0	0	0	0	475	446	
11	0	0	0	0	470	441	
12	0	0	0	0	468	440	
13	0	0	0	0	468	440	
14	0	0	0	0	467	440	
15	0	0	0	0	466	443	
0	0	0	0	0	467	446	
1	0	0	0	0	467	446	
2	0	0	0	0	470	444	
3	0	0	0	0	476	438	
4	0	0	0	0	482	433	
5	0	0	0	0	487	428	
6	0	0	0	0	489	422	
7	0	0	0	0	491	414	
8	0	0	0	0	490	408	
9	0	0	0	0	484	404	
10	0	0	0	0	476	398	
11	0	0	0	0	467	396	
12	0	0	0	0	461	396	
13	0	0	0	0	454	398	
14	0	0	0	0	446	402	
15	0	0	0	0	446	407	
0	0	0	0	0	449	414	
1	0	0	0	0	460	424	
2	0	0	0	0	469	431	
3	0	0	0	0	472	437	
4	0	0	0	0	476	440	
5	0	0	0	0	484	447	
6	0	0	0	0	491	451	
7	0	0	0	0	494	458	
8	0	0	0	0	495	458	
9	0	0	0	0	491	457	
10	0	0	0	0	490	455	
11	0	0	0	0	488	451	
12	0	0	0	0	487	441	
13	0	0	0	0	491	432	
14	0	0	0	0	495	422	
15	0	0	0	0	498	410	
0	0	0	0	0	498	401	
1	0	0	0	0	497	394	
2	0	0	0	0	496	389	
3	0	0	0	0	499	393	
4	0	0	0	0	504	396	
5	0	0	0	0	509	401	
6	0	0	0	0	515	409	
7	0	0	0	0	521	412	
8	0	0	0	0	526	415	
9	0	0	0	0	527	409	
10	0	0	0	0	526	402	
11	0	0	0	0	524	394	
12	0	0	0	0	523	387	
13	0	0	0	0	521	382	
14	0	0	0	0	516	375	
15	0	0	0	0	513	371	
0	0	0	0	0	512	372	
1	0	0	0	0	510	368	
2	0	0	0	0	510	372	
3	0	0	0	0	510	371	
4	0	0	0	0	508	371	
5	0	0	0	0	508	373	
6	0	0	0	0	508	373	
7	0	0	0	0	508	376	
8	0	0	0	0	508	375	
9	0	0	0	0	510	380	
10	0	0	0	0	510	388	
11	0	0	0	0	504	396	
12	0	0	0	0	496	407	
13	0	0	0	0	487	413	
14	0	0	0	0	480	417	
15	0	0	0	0	476	423	
0	0	0	0	0	474	427	
1	0	0	0	0	476	433	
2	0	0	0	0	477	437	
3	0	0	0	0	478	441	
4	0	0	0	0	479	446	
5	0	0	0	0	475	448	
6	0	0	0	0	472	448	
7	0	0	0	0	470	448	
8	0	0	0	0	467	446	
9	0	0	0	0	463	443	
10	0	0	0	0	459	442	
11	0	0	0	0	458	438	
12	0	0	0	0	460	431	
13	0	0	0	0	463	430	
14	0	0	0	0	467	432	
15	0	0	0	0	467	437	
0	0	0	0	0	468	442	
1	0	0	0	0	475	445	
2	0	0	0	0	481	448	
3	0	0	0	0	487	448	
4	0	0	0	0	496	450	
5	0	0	0	0	503	456	
6	0	0	0	0	505	463	
7	0	0	0	0	505	470	
8	0	0	0	0	500	474	
9	0	0	0	0	497	480	
10	0	0	0	0	493	484	
11	0	0	0	0	490	484	
12	0	0	0	0	485	485	
13	0	0	0	0	478	485	
14	0	0	0	0	475	484	
15	0	0	0	0	476	479	
0	0	0	0	0	480	475	
1	0	0	0	0	484	473	
2	0	0	0	0	493	470	
3	0	0	0	0	500	467	
4	0	0	0	0	505	464	
5	0	0	0	0	509	458	
6	0	0	0	0	512	455	
7	0	0	0	0	514	455	
8	0	0	0	0	513	456	
9	0	0	0	0	515	459	
10	0	0	0	0	515	462	
11	0	0	0	0	513	464	
12	0	0	0	0	509	472	
13	0	0	0	0	503	476	
14	0	0	0	0	496	482	
15	0	0	0	0	492	487	
0	0	0	0	0	491	488	
1	0	0	0	0	488	486	
2	0	0	0	0	489	478	
3	0	0	0	0	495	469	
4	0	0	0	0	503	458	
5	0	0	0	0	509	447	
6	0	0	0	0	514	436	
7	0	0	0	0	519	427	
8	0	0	0	0	523	419	
9	0	0	0	0	526	419	
10	0	0	0	0	530	423	
11	0	0	0	0	540	429	
12	0	0	0	0	544	434	
13	0	0	0	0	549	439	
14	0	0	0	0	549	440	
15	0	0	0	0	547	436	
0	0	0	0	0	543	432	
1	0	0	0	0	539	431	
2	0	0	0	0	531	430	
3	0	0	0	0	521	431	
4	0	0	0	0	513	435	
5	0	0	0	0	508	437	
6	0	0	0	0	507	439	
7	0	0	0	0	508	436	
8	0	0	0	0	508	431	
9	0	0	0	0	508	423	
10	0	0	0	0	507	419	
11	0	0	0	0	503	416	
12	0	0	0	0	497	416	
13	0	0	0	0	489	411	
14	0	0	0	0	481	405	
15	0	0	0	0	475	403	
0	0	0	0	0	469	402	
1	0	0	0	0	468	399	
2	0	0	0	0	471	399	
3	0	0	0	0	482	397	
4	0	0	0	0	495	398	
5	0	0	0	0	505	396	
6	0	0	0	0	511	396	
7	0	0	0	0	517	389	
8	0	0	0	0	523	380	
9	0	0	0	0	531	372	
10	0	0	0	0	536	367	
11	0	0	0	0	537	358	
12	0	0	0	0	537	361	
13	0	0	0	0	537	358	
14	0	0	0	0	538	359	
15	0	0	0	0	541	362	
0	0	0	0	0	543	364	
1	0	0	0	0	544	375	
2	0	0	0	0	543	385	
3	0	0	0	0	541	397	
4	0	0	0	0	537	411	
5	0	0	0	0	534	423	
6	0	0	0	0	531	436	
7	0	0	0	0	529	448	
8	0	0	0	0	528	455	
9	0	0	0	0	529	464	
10	0	0	0	0	527	470	
11	0	0	0	0	527	475	
12	0	0	0	0	527	480	
13	0	0	0	0	531	482	
14	0	0	0	0	532	481	
15	0	0	0	0	531	476	
0	0	0	0	0	535	473	
1	0	0	0	0	540	476	
2	0	0	0	0	547	479	
3	0	0	0	0	552	481	
4	0	0	0	0	559	481	
5	0	0	0	0	563	478	
6	0	0	0	0	566	472	
7	0	0	0	0	567	465	
8	0	0	0	0	568	459	
9	0	0	0	0	568	455	
10	0	0	0	0	570	446	
11	0	0	0	0	570	431	
12	0	0	0	0	571	418	
13	0	0	0	0	571	405	
14	0	0	0	0	570	396	
15	0	0	0	0	570	392	
0	0	0	0	0	575	394	
1	0	0	0	0	579	400	
2	0	0	0	0	583	406	
3	0	0	0	0	587	409	
4	0	0	0	0	589	417	
5	0	0	0	0	592	424	
6	0	0	0	0	594	427	
7	0	0	0	0	595	430	
8	0	0	0	0	597	433	
9	0	0	0	0	602	437	
10	0	0	0	0	608	436	
11	0	0	0	0	620	431	
12	0	0	0	0	630	423	
13	0	0	0	0	636	414	
14	0	0	0	0	638	409	
15	0	0	0	0	638	401	
0	0	0	0	0	634	396	
1	0	0	0	0	628	389	
2	0	0	0	0	623	377	
3	0	0	0	0	618	370	
4	0	0	0	0	611	362	
5	0	0	0	0	608	356	
6	0	0	0	0	607	362	
7	0	0	0	0	604	361	
8	0	0	0	0	602	364	
9	0	0	0	0	600	361	
10	0	0	0	0	597	350	
11	0	0	0	0	596	347	
12	0	0	0	0	595	342	
13	0	0	0	0	601	338	
14	0	0	0	0	608	339	
15	0	0	0	0	615	337	
0	0	0	0	0	624	340	
1	0	0	0	0	632	343	
2	0	0	0	0	638	342	
3	0	0	0	0	644	349	
4	0	0	0	0	649	348	
5	0	0	0	0	656	352	
6	0	0	0	0	662	355	
7	0	0	0	0	667	359	
8	0	0	0	0	675	368	
9	0	0	0	0	679	377	
10	0	0	0	0	680	376	
11	0	0	0	0	679	382	
12	0	0	0	0	676	379	
13	0	0	0	0	671	375	
14	0	0	0	0	667	368	
15	0	0	0	0	661	358	
0	0	0	0	0	656	361	
1	0	0	0	0	652	360	
2	0	0	0	0	653	357	
3	0	0	0	0	658	365	
4	0	0	0	0	665	364	
5	0	0	0	0	672	365	
6	0	0	0	0	677	364	
7	0	0	0	0	679	361	
8	0	0	0	0	678	363	
9	0	0	0	0	677	360	
10	0	0	0	0	676	353	
11	0	0	0	0	674	345	
12	0	0	0	0	669	333	
13	0	0	0	0	664	332	
14	0	0	0	0	660	326	
15	0	0	0	0	662	317	
0	0	0	0	0	665	321	
1	0	0	0	0	671	318	
2	0	0	0	0	678	319	
3	0	0	0	0	681	316	
4	0	0	0	0	687	307	
5	0	0	0	0	693	307	
6	0	0	0	0	698	303	
7	0	0	0	0	702	294	
8	0	0	0	0	707	301	
9	0	0	0	0	711	295	
10	0	0	0	0	718	286	
11	0	0	0	0	725	294	
12	0	0	0	0	729	294	
13	0	0	0	0	729	295	
14	0	0	0	0	732	294	
15	0	0	0	0	736	283	
0	0	0	0	0	736	279	
1	0	0	0	0	736	268	
2	0	0	0	0	733	254	
3	0	0	0	0	730	257	
4	0	0	0	0	726	250	
5	0	0	0	0	722	248	
6	0	0	0	0	723	244	
7	0	0	0	0	724	233	
8	0	0	0	0	722	236	
9	0	0	0	0	721	232	
10	0	0	0	0	721	223	
11	0	0	0	0	720	233	
12	0	0	0	0	718	235	
13	0	0	0	0	720	241	
14	0	0	0	0	726	241	
15	0	0	0	0	730	237	
0	0	0	0	0	732	236	
1	0	0	0	0	732	223	
2	0	0	0	0	732	227	
3	0	0	0	0	732	229	
4	0	0	0	0	730	224	
5	0	0	0	0	731	238	
6	0	0	0	0	734	242	
7	0	0	0	0	739	247	
8	0	0	0	0	742	248	
9	0	0	0	0	742	243	
10	0	0	0	0	742	248	
11	0	0	0	0	742	243	
12	0	0	0	0	746	230	
13	0	0	0	0	749	234	
14	0	0	0	0	752	231	
15	0	0	0	0	754	233	
0	0	0	0	0	755	232	
1	0	0	0	0	754	225	
2	0	0	0	0	752	230	
3	0	0	0	0	750	231	
4	0	0	0	0	752	227	
5	0	0	0	0	751	233	
6	0	0	0	0	747	231	
7	0	0	0	0	743	235	
8	0	0	0	0	742	236	
9	0	0	0	0	743	228	
10	0	0	0	0	745	233	
11	0	0	0	0	752	227	
12	0	0	0	0	762	224	
13	0	0	0	0	770	224	
14	0	0	0	0	772	217	
15	0	0	0	0	772	221	
0	0	0	0	0	770	220	
1	0	0	0	0	765	208	
2	0	0	0	0	761	214	
3	0	0	0	0	761	206	
4	0	0	0	0	764	207	
5	0	0	0	0	763	209	
6	0	0	0	0	760	204	
7	0	0	0	0	759	216	
8	0	0	0	0	759	220	
9	0	0	0	0	758	225	
10	0	0	0	0	758	227	
11	0	0	0	0	759	225	
12	0	0	0	0	763	236	
13	0	0	0	0	765	246	
14	0	0	0	0	766	251	
15	0	0	0	0	761	275	
0	0	0	0	0	753	283	
1	0	0	0	0	750	291	
2	0	0	0	0	750	297	
3	0	0	0	0	746	297	
4	0	0	0	0	744	307	
5	0	0	0	0	741	306	
6	0	0	0	0	738	300	
7	0	0	0	0	728	308	
8	0	0	0	0	713	307	
9	0	0	0	0	696	308	
10	0	0	0	0	685	308	
11	0	0	0	0	674	301	
12	0	0	0	0	666	303	
13	0	0	0	0	662	295	
14	0	0	0	0	663	289	
15	0	0	0	0	666	299	
0	0	0	0	0	668	304	
1	0	0	0	0	673	316	
2	0	0	0	0	679	329	
3	0	0	0	0	688	339	
4	0	0	0	0	695	359	
5	0	0	0	0	705	373	
6	0	0	0	0	714	385	
7	0	0	0	0	721	396	
8	0	0	0	0	725	403	
9	0	0	0	0	727	411	
10	0	0	0	0	724	411	
11	0	0	0	0	718	402	
12	0	0	0	0	710	401	
13	0	0	0	0	701	395	
14	0	0	0	0	694	389	
15	0	0	0	0	683	381	
0	0	0	0	0	671	368	
1	0	0	0	0	658	366	
2	0	0	0	0	647	366	
3	0	0	0	0	637	367	
4	0	0	0	0	628	369	
5	0	0	0	0	618	371	
6	0	0	0	0	610	376	
7	0	0	0	0	611	380	
8	0	0	0	0	616	382	
9	0	0	0	0	622	388	
10	0	0	0	0	625	389	
11	0	0	0	0	625	392	
12	0	0	0	0	620	392	
13	0	0	0	0	612	392	
14	0	0	0	0	603	389	
15	0	0	0	0	595	387	
0	0	0	0	0	588	390	
1	0	0	0	0	581	395	
2	0	0	0	0	575	395	
3	0	0	0	0	571	399	
4	0	0	0	0	566	397	
5	0	0	0	0	566	391	
6	0	0	0	0	563	384	
7	0	0	0	0	559	381	
8	0	0	0	0	556	386	
9	0	0	0	0	551	386	
10	0	0	0	0	547	381	
11	0	0	0	0	544	380	
12	0	0	0	0	542	376	
13	0	0	0	0	541	375	
14	0	0	0	0	543	379	
15	0	0	0	0	546	381	
0	0	0	0	0	550	388	
1	0	0	0	0	553	388	
2	0	0	0	0	560	385	
3	0	0	0	0	568	388	
4	0	0	0	0	575	396	
5	0	0	0	0	582	404	
6	0	0	0	0	583	414	
7	0	0	0	0	583	425	
8	0	0	0	0	582	434	
9	0	0	0	0	575	441	
10	0	0	0	0	570	449	
11	0	0	0	0	569	459	
12	0	0	0	0	572	464	
13	0	0	0	0	577	472	
14	0	0	0	0	583	480	
15	0	0	0	0	588	487	
0	0	0	0	0	589	497	
1	0	0	0	0	590	506	
2	0	0	0	0	592	510	
3	0	0	0	0	592	514	
4	0	0	0	0	594	515	
5	0	0	0	0	595	520	
6	0	0	0	0	595	524	
7	0	0	0	0	593	527	
8	0	0	0	0	591	532	
9	0	0	0	0	586	538	
10	0	0	0	0	578	545	
11	0	0	0	0	571	552	
12	0	0	0	0	565	559	
13	0	0	0	0	563	564	
14	0	0	0	0	559	566	
15	0	0	0	0	551	568	
0	0	0	0	0	540	571	
1	0	0	0	0	532	574	
2	0	0	0	0	526	573	
3	0	0	0	0	523	575	
4	0	0	0	0	522	578	
5	0	0	0	0	526	580	
6	0	0	0	0	531	581	
7	0	0	0	0	534	581	
8	0	0	0	0	534	579	
9	0	0	0	0	531	577	
10	0	0	0	0	527	578	
11	0	0	0	0	523	579	
12	0	0	0	0	515	575	
13	0	0	0	0	507	571	
14	0	0	0	0	504	568	
15	0	0	0	0	503	568	
0	0	0	0	0	502	572	
1	0	0	0	0	500	580	
2	0	0	0	0	501	588	
3	0	0	0	0	500	593	
4	0	0	0	0	504	596	
5	0	0	0	0	512	600	
6	0	0	0	0	519	606	
7	0	0	0	0	522	607	
8	0	0	0	0	523	611	
9	0	0	0	0	517	620	
10	0	0	0	0	516	628	
11	0	0	0	0	518	635	
12	0	0	0	0	519	642	
13	0	0	0	0	521	646	
14	0	0	0	0	522	652	
15	0	0	0	0	524	657	
0	0	0	0	0	526	655	
1	0	0	0	0	531	654	
2	0	0	0	0	535	648	
3	0	0	0	0	540	649	
4	0	0	0	0	545	652	
5	0	0	0	0	545	653	
6	0	0	0	0	542	660	
7	0	0	0	0	535	661	
8	0	0	0	0	523	665	
9	0	0	0	0	509	665	
10	0	0	0	0	495	662	
11	0	0	0	0	477	657	
12	0	0	0	0	459	653	
13	0	0	0	0	447	651	
14	0	0	0	0	437	651	
15	0	0	0	0	427	649	
0	0	0	0	0	419	649	
1	0	0	0	0	418	649	
2	0	0	0	0	414	650	
3	0	0	0	0	411	655	
4	0	0	0	0	407	652	
5	0	0	0	0	406	652	
6	0	0	0	0	405	653	
7	0	0	0	0	404	655	
8	0	0	0	0	405	660	
9	0	0	0	0	403	666	
10	0	0	0	0	399	670	
11	0	0	0	0	401	679	
12	0	0	0	0	404	690	
13	0	0	0	0	409	704	
14	0	0	0	0	417	716	
15	0	0	0	0	427	727	
0	0	0	0	0	432	734	
1	0	0	0	0	434	739	
2	0	0	0	0	434	742	
3	0	0	0	0	432	743	
4	0	0	0	0	428	741	
5	0	0	0	0	425	742	
6	0	0	0	0	425	737	
7	0	0	0	0	423	740	
8	0	0	0	0	418	743	
9	0	0	0	0	413	743	
10	0	0	0	0	411	741	
11	0	0	0	0	406	739	
12	0	0	0	0	397	733	
13	0	0	0	0	389	730	
14	0	0	0	0	376	733	
15	0	0	0	0	363	738	
0	0	0	0	0	357	745	
1	0	0	0	0	353	750	
2	0	0	0	0	350	752	
3	0	0	0	0	347	753	
4	0	0	0	0	346	756	
5	0	0	0	0	347	755	
6	0	0	0	0	352	751	
7	0	0	0	0	359	750	
8	0	0	0	0	368	741	
9	0	0	0	0	375	737	
10	0	0	0	0	380	737	
11	0	0	0	0	380	739	
12	0	0	0	0	380	739	
13	0	0	0	0	379	741	
14	0	0	0	0	376	741	
15	0	0	0	0	374	739	
0	0	0	0	0	369	733	
1	0	0	0	0	361	728	
2	0	0	0	0	351	724	
3	0	0	0	0	338	725	
4	0	0	0	0	331	728	
5	0	0	0	0	326	736	
6	0	0	0	0	329	744	
7	0	0	0	0	337	756	
8	0	0	0	0	348	759	
9	0	0	0	0	358	758	
10	0	0	0	0	365	754	
11	0	0	0	0	367	748	
12	0	0	0	0	365	749	
13	0	0	0	0	366	745	
14	0	0	0	0	362	746	
15	0	0	0	0	357	747	
0	0	0	0	0	348	746	
1	0	0	0	0	343	743	
2	0	0	0	0	340	738	
3	0	0	0	0	339	736	
4	0	0	0	0	341	739	
5	0	0	0	0	342	739	
6	0	0	0	0	338	742	
7	0	0	0	0	342	747	
8	0	0	0	0	344	749	
9	0	0	0	0	345	751	
10	0	0	0	0	344	750	
11	0	0	0	0	347	750	
12	0	0	0	0	349	752	
13	0	0	0	0	350	754	
14	0	0	0	0	352	755	
15	0	0	0	0	353	760	
0	0	0	0	0	351	765	
1	0	0	0	0	347	773	
2	0	0	0	0	343	771	
3	0	0	0	0	340	768	
4	0	0	0	0	343	764	
5	0	0	0	0	346	757	
6	0	0	0	0	352	750	
7	0	0	0	0	358	737	
8	0	0	0	0	363	729	
9	0	0	0	0	368	722	
10	0	0	0	0	371	715	
11	0	0	0	0	373	710	
12	0	0	0	0	369	705	
13	0	0	0	0	365	701	
14	0	0	0	0	360	700	
15	0	0	0	0	357	692	
0	0	0	0	0	355	691	
1	0	0	0	0	353	696	
2	0	0	0	0	351	700	
3	0	0	0	0	348	705	
4	0	0	0	0	346	713	
5	0	0	0	0	345	726	
6	0	0	0	0	345	742	
7	0	0	0	0	342	755	
8	0	0	0	0	339	775	
9	0	0	0	0	339	798	
10	0	0	0	0	339	814	
11	0	0	0	0	344	828	
12	0	0	0	0	353	832	
13	0	0	0	0	360	835	
14	0	0	0	0	366	835	
15	0	0	0	0	370	834	
0	0	0	0	0	376	833	
1	0	0	0	0	382	834	
2	0	0	0	0	383	835	
3	0	0	0	0	381	841	
4	0	0	0	0	373	849	
5	0	0	0	0	363	856	
6	0	0	0	0	355	861	
7	0	0	0	0	347	860	
8	0	0	0	0	342	864	
9	0	0	0	0	339	851	
10	0	0	0	0	337	841	
11	0	0	0	0	336	833	
12	0	0	0	0	333	823	
13	0	0	0	0	327	817	
14	0	0	0	0	319	813	
15	0	0	0	0	314	808	
0	0	0	0	0	306	802	
1	0	0	0	0	298	791	
2	0	0	0	0	287	775	
3	0	0	0	0	283	763	
4	0	0	0	0	283	751	
5	0	0	0	0	290	743	
6	0	0	0	0	299	733	
7	0	0	0	0	310	732	
8	0	0	0	0	318	737	
9	0	0	0	0	326	740	
10	0	0	0	0	329	740	
11	0	0	0	0	332	739	
12	0	0	0	0	335	739	
13	0	0	0	0	334	740	
14	0	0	0	0	334	740	
15	0	0	0	0	332	744	
0	0	0	0	0	328	751	
1	0	0	0	0	328	749	
2	0	0	0	0	329	755	
3	0	0	0	0	331	764	
4	0	0	0	0	330	774	
5	0	0	0	0	327	781	
6	0	0	0	0	325	789	
7	0	0	0	0	324	794	
8	0	0	0	0	326	795	
9	0	0	0	0	333	795	
10	0	0	0	0	344	791	
11	0	0	0	0	354	784	
12	0	0	0	0	359	775	
13	0	0	0	0	361	763	
14	0	0	0	0	359	742	
15	0	0	0	0	349	721	
0	0	0	0	0	336	702	
1	0	0	0	0	323	688	
2	0	0	0	0	313	673	
3	0	0	0	0	304	659	
4	0	0	0	0	299	649	
5	0	0	0	0	303	643	
6	0	0	0	0	312	639	
7	0	0	0	0	317	639	
8	0	0	0	0	320	639	
9	0	0	0	0	319	640	
10	0	0	0	0	320	641	
11	0	0	0	0	322	645	
12	0	0	0	0	326	652	
13	0	0	0	0	332	651	
14	0	0	0	0	339	655	
15	0	0	0	0	348	664	
0	0	0	0	0	357	661	
1	0	0	0	0	364	661	
2	0	0	0	0	367	663	
3	0	0	0	0	366	670	
4	0	0	0	0	367	679	
5	0	0	0	0	366	691	
6	0	0	0	0	366	704	
7	0	0	0	0	365	717	
8	0	0	0	0	364	731	
9	0	0	0	0	363	746	
10	0	0	0	0	359	761	
11	0	0	0	0	353	767	
12	0	0	0	0	346	773	
13	0	0	0	0	340	779	
14	0	0	0	0	333	782	
15	0	0	0	0	327	783	
0	0	0	0	0	324	774	
1	0	0	0	0	321	758	
2	0	0	0	0	315	744	
3	0	0	0	0	309	728	
4	0	0	0	0	308	712	
5	0	0	0	0	311	698	
6	0	0	0	0	314	685	
7	0	0	0	0	316	674	
8	0	0	0	0	319	669	
9	0	0	0	0	320	663	
10	0	0	0	0	322	656	
11	0	0	0	0	326	649	
12	0	0	0	0	327	641	
13	0	0	0	0	327	636	
14	0	0	0	0	332	633	
15	0	0	0	0	339	632	
0	0	0	0	0	344	638	
1	0	0	0	0	347	647	
2	0	0	0	0	348	656	
3	0	0	0	0	348	663	
4	0	0	0	0	348	667	
5	0	0	0	0	348	669	
6	0	0	0	0	349	669	
7	0	0	0	0	349	674	
8	0	0	0	0	351	676	
9	0	0	0	0	353	681	
10	0	0	0	0	355	683	
11	0	0	0	0	358	688	
12	0	0	0	0	362	692	
13	0	0	0	0	364	696	
14	0	0	0	0	365	704	
15	0	0	0	0	364	711	
0	0	0	0	0	360	722	
1	0	0	0	0	355	718	
2	0	0	0	0	351	715	
3	0	0	0	0	351	718	
4	0	0	0	0	354	722	
5	0	0	0	0	354	727	
6	0	0	0	0	353	731	
7	0	0	0	0	351	729	
8	0	0	0	0	347	734	
9	0	0	0	0	344	731	
10	0	0	0	0	343	733	
11	0	0	0	0	343	736	
12	0	0	0	0	344	738	
13	0	0	0	0	348	739	
14	0	0	0	0	348	739	
15	0	0	0	0	348	735	
0	0	0	0	0	347	737	
1	0	0	0	0	345	731	
2	0	0	0	0	342	728	
3	0	0	0	0	337	727	
4	0	0	0	0	332	727	
5	0	0	0	0	328	728	
6	0	0	0	0	327	729	
7	0	0	0	0	327	732	
8	0	0	0	0	331	743	
9	0	0	0	0	338	746	
10	0	0	0	0	348	753	
11	0	0	0	0	358	764	
12	0	0	0	0	363	776	
13	0	0	0	0	364	789	
14	0	0	0	0	361	801	
15	0	0	0	0	361	812	
0	0	0	0	0	361	818	
1	0	0	0	0	365	818	
2	0	0	0	0	368	818	
3	0	0	0	0	374	821	
4	0	0	0	0	377	820	
5	0	0	0	0	378	816	
6	0	0	0	0	381	812	
7	0	0	0	0	382	809	
8	0	0	0	0	381	803	
9	0	0	0	0	380	799	
10	0	0	0	0	375	793	
11	0	0	0	0	373	789	
12	0	0	0	0	369	786	
13	0	0	0	0	363	783	
14	0	0	0	0	361	781	
15	0	0	0	0	364	781	
0	0	0	0	0	371	785	
1	0	0	0	0	380	793	
2	0	0	0	0	391	789	
3	0	0	0	0	403	787	
4	0	0	0	0	413	786	
5	0	0	0	0	417	785	
6	0	0	0	0	420	782	
7	0	0	0	0	420	780	
8	0	0	0	0	420	773	
9	0	0	0	0	420	768	
10	0	0	0	0	417	759	
11	0	0	0	0	417	754	
12	0	0	0	0	418	751	
13	0	0	0	0	419	746	
14	0	0	0	0	421	740	
15	0	0	0	0	425	736	
0	0	0	0	0	430	737	
1	0	0	0	0	434	740	
2	0	0	0	0	438	747	
3	0	0	0	0	440	749	
4	0	0	0	0	444	755	
5	0	0	0	0	447	754	
6	0	0	0	0	446	757	
7	0	0	0	0	443	762	
8	0	0	0	0	437	770	
9	0	0	0	0	428	775	
10	0	0	0	0	421	782	
11	0	0	0	0	419	784	
12	0	0	0	0	417	787	
13	0	0	0	0	415	789	
14	0	0	0	0	413	786	
15	0	0	0	0	411	782	
0	0	0	0	0	412	766	
1	0	0	0	0	414	758	
2	0	0	0	0	417	750	
3	0	0	0	0	421	741	
4	0	0	0	0	426	732	
5	0	0	0	0	432	728	
6	0	0	0	0	440	722	
7	0	0	0	0	448	719	
8	0	0	0	0	456	724	
9	0	0	0	0	465	727	
10	0	0	0	0	471	734	
11	0	0	0	0	475	739	
12	0	0	0	0	475	747	
13	0	0	0	0	476	758	
14	0	0	0	0	475	767	
15	0	0	0	0	470	768	
0	0	0	0	0	464	769	
1	0	0	0	0	461	768	
2	0	0	0	0	457	769	
3	0	0	0	0	452	771	
4	0	0	0	0	448	771	
5	0	0	0	0	440	771	
6	0	0	0	0	432	770	
7	0	0	0	0	423	766	
8	0	0	0	0	415	760	
9	0	0	0	0	410	755	
10	0	0	0	0	407	753	
11	0	0	0	0	404	755	
12	0	0	0	0	400	758	
13	0	0	0	0	398	766	
14	0	0	0	0	392	773	
15	0	0	0	0	390	771	
0	0	0	0	0	390	772	
1	0	0	0	0	387	772	
2	0	0	0	0	387	772	
3	0	0	0	0	390	770	
4	0	0	0	0	390	767	
5	0	0	0	0	387	764	
6	0	0	0	0	388	766	
7	0	0	0	0	390	769	
8	0	0	0	0	390	768	
9	0	0	0	0	391	766	
10	0	0	0	0	390	761	
11	0	0	0	0	390	757	
12	0	0	0	0	389	757	
13	0	0	0	0	388	753	
14	0	0	0	0	391	751	
15	0	0	0	0	397	751	
0	0	0	0	0	403	751	
1	0	0	0	0	408	751	
2	0	0	0	0	412	752	
3	0	0	0	0	415	753	
4	0	0	0	0	415	750	
5	0	0	0	0	412	747	
6	0	0	0	0	408	744	
7	0	0	0	0	404	741	
8	0	0	0	0	399	736	
9	0	0	0	0	392	733	
10	0	0	0	0	391	731	
11	0	0	0	0	393	718	
12	0	0	0	0	397	712	
13	0	0	0	0	405	708	
14	0	0	0	0	417	706	
15	0	0	0	0	423	702	
0	0	0	0	0	427	700	
1	0	0	0	0	436	698	
2	0	0	0	0	445	694	
3	0	0	0	0	452	694	
4	0	0	0	0	458	696	
5	0	0	0	0	459	700	
6	0	0	0	0	457	702	
7	0	0	0	0	456	701	
8	0	0	0	0	455	707	
9	0	0	0	0	456	713	
10	0	0	0	0	458	720	
11	0	0	0	0	456	729	
12	0	0	0	0	455	735	
13	0	0	0	0	455	739	
14	0	0	0	0	456	743	
15	0	0	0	0	458	748	
0	0	0	0	0	458	754	
1	0	0	0	0	460	751	
2	0	0	0	0	463	745	
3	0	0	0	0	465	736	
4	0	0	0	0	464	727	
5	0	0	0	0	462	716	
6	0	0	0	0	458	706	
7	0	0	0	0	449	694	
8	0	0	0	0	438	683	
9	0	0	0	0	424	674	
10	0	0	0	0	413	667	
11	0	0	0	0	403	665	
12	0	0	0	0	398	666	
13	0	0	0	0	395	670	
14	0	0	0	0	395	679	
15	0	0	0	0	399	687	
0	0	0	0	0	404	694	
1	0	0	0	0	404	698	
2	0	0	0	0	405	702	
3	0	0	0	0	410	705	
4	0	0	0	0	417	709	
5	0	0	0	0	420	712	
6	0	0	0	0	420	709	
7	0	0	0	0	422	704	
8	0	0	0	0	420	695	
9	0	0	0	0	418	688	
10	0	0	0	0	416	679	
11	0	0	0	0	414	676	
12	0	0	0	0	410	675	
13	0	0	0	0	409	678	
14	0	0	0	0	408	675	
15	0	0	0	0	404	678	
0	0	0	0	0	398	680	
1	0	0	0	0	392	685	
2	0	0	0	0	385	690	
3	0	0	0	0	380	696	
4	0	0	0	0	376	697	
5	0	0	0	0	368	696	
6	0	0	0	0	366	693	
7	0	0	0	0	364	691	
8	0	0	0	0	365	684	
9	0	0	0	0	368	684	
10	0	0	0	0	373	691	
11	0	0	0	0	376	700	
12	0	0	0	0	378	705	
13	0	0	0	0	381	709	
14	0	0	0	0	383	708	
15	0	0	0	0	385	709	
0	0	0	0	0	392	700	
1	0	0	0	0	405	696	
2	0	0	0	0	419	691	
3	0	0	0	0	433	687	
4	0	0	0	0	448	683	
5	0	0	0	0	461	682	
6	0	0	0	0	473	677	
7	0	0	0	0	482	671	
8	0	0	0	0	492	668	
9	0	0	0	0	495	664	
10	0	0	0	0	491	662	
11	0	0	0	0	485	659	
12	0	0	0	0	479	655	
13	0	0	0	0	474	649	
14	0	0	0	0	471	641	
15	0	0	0	0	470	635	
0	0	0	0	0	469	631	
1	0	0	0	0	467	629	
2	0	0	0	0	469	630	
3	0	0	0	0	471	628	
4	0	0	0	0	470	624	
5	0	0	0	0	471	619	
6	0	0	0	0	475	618	
7	0	0	0	0	474	617	
8	0	0	0	0	472	620	
9	0	0	0	0	467	622	
10	0	0	0	0	461	625	
11	0	0	0	0	451	628	
12	0	0	0	0	440	633	
13	0	0	0	0	426	637	
14	0	0	0	0	415	645	
15	0	0	0	0	410	651	
0	0	0	0	0	406	654	
1	0	0	0	0	404	656	
2	0	0	0	0	399	655	
3	0	0	0	0	395	657	
4	0	0	0	0	390	652	
5	0	0	0	0	389	648	
6	0	0	0	0	390	644	
7	0	0	0	0	391	637	
8	0	0	0	0	395	631	
9	0	0	0	0	399	628	
10	0	0	0	0	404	623	
11	0	0	0	0	408	620	
12	0	0	0	0	406	617	
13	0	0	0	0	403	621	
14	0	0	0	0	400	630	
15	0	0	0	0	399	633	
0	0	0	0	0	398	638	
1	0	0	0	0	396	639	
2	0	0	0	0	397	633	
3	0	0	0	0	397	625	
4	0	0	0	0	396	619	
5	0	0	0	0	396	617	
6	0	0	0	0	397	619	
7	0	0	0	0	398	614	
8	0	0	0	0	399	611	
9	0	0	0	0	404	608	
10	0	0	0	0	409	603	
11	0	0	0	0	412	596	
12	0	0	0	0	415	592	
13	0	0	0	0	419	588	
14	0	0	0	0	427	586	
15	0	0	0	0	434	587	
0	0	0	0	0	441	590	
1	0	0	0	0	454	600	
2	0	0	0	0	468	607	
3	0	0	0	0	478	613	
4	0	0	0	0	490	615	
5	0	0	0	0	499	615	
6	0	0	0	0	507	616	
7	0	0	0	0	511	618	
8	0	0	0	0	512	617	
9	0	0	0	0	515	617	
10	0	0	0	0	517	614	
11	0	0	0	0	515	611	
12	0	0	0	0	508	607	
13	0	0	0	0	501	601	
14	0	0	0	0	492	595	
15	0	0	0	0	484	590	
0	0	0	0	0	479	586	
1	0	0	0	0	474	582	
2	0	0	0	0	468	578	
3	0	0	0	0	463	576	
4	0	0	0	0	461	579	
5	0	0	0	0	463	584	
6	0	0	0	0	467	591	
7	0	0	0	0	475	599	
8	0	0	0	0	484	595	
9	0	0	0	0	491	590	
10	0	0	0	0	494	583	
11	0	0	0	0	494	575	
12	0	0	0	0	494	564	
13	0	0	0	0	492	550	
14	0	0	0	0	494	539	
15	0	0	0	0	493	532	
0	0	0	0	0	494	524	
1	0	0	0	0	498	518	
2	0	0	0	0	502	515	
3	0	0	0	0	511	516	
4	0	0	0	0	523	522	
5	0	0	0	0	533	527	
6	0	0	0	0	545	528	
7	0	0	0	0	556	526	
8	0	0	0	0	566	523	
9	0	0	0	0	573	522	
10	0	0	0	0	573	522	
11	0	0	0	0	568	522	
12	0	0	0	0	563	519	
13	0	0	0	0	559	523	
14	0	0	0	0	555	529	
15	0	0	0	0	552	540	
0	0	0	0	0	548	545	
1	0	0	0	0	543	547	
2	0	0	0	0	537	547	
3	0	0	0	0	532	543	
4	0	0	0	0	528	542	
5	0	0	0	0	526	542	
6	0	0	0	0	526	542	
7	0	0	0	0	526	541	
8	0	0	0	0	527	543	
9	0	0	0	0	530	543	
10	0	0	0	0	531	542	
11	0	0	0	0	536	537	
12	0	0	0	0	540	528	
13	0	0	0	0	544	520	
14	0	0	0	0	549	514	
15	0	0	0	0	555	507	
0	0	0	0	0	560	500	
1	0	0	0	0	562	490	
2	0	0	0	0	563	487	
3	0	0	0	0	563	483	
4	0	0	0	0	563	482	
5	0	0	0	0	560	486	
6	0	0	0	0	559	492	
7	0	0	0	0	554	500	
8	0	0	0	0	550	504	
9	0	0	0	0	549	502	
10	0	0	0	0	549	500	
11	0	0	0	0	551	493	
12	0	0	0	0	548	488	
13	0	0	0	0	543	489	
14	0	0	0	0	535	489	
15	0	0	0	0	528	493	
0	0	0	0	0	520	495	
1	0	0	0	0	511	496	
2	0	0	0	0	507	502	
3	0	0	0	0	505	509	
4	0	0	0	0	504	521	
5	0	0	0	0	503	531	
6	0	0	0	0	504	543	
7	0	0	0	0	505	555	
8	0	0	0	0	503	564	
9	0	0	0	0	499	566	
10	0	0	0	0	497	567	
11	0	0	0	0	499	565	
12	0	0	0	0	499	563	
13	0	0	0	0	498	559	
14	0	0	0	0	495	549	
15	0	0	0	0	487	543	
0	0	0	0	0	481	536	
1	0	0	0	0	475	528	
2	0	0	0	0	470	527	
3	0	0	0	0	468	527	
4	0	0	0	0	466	528	
5	0	0	0	0	464	528	
6	0	0	0	0	465	527	
7	0	0	0	0	467	528	
8	0	0	0	0	472	529	
9	0	0	0	0	476	527	
10	0	0	0	0	480	521	
11	0	0	0	0	483	510	
12	0	0	0	0	487	503	
13	0	0	0	0	492	499	
14	0	0	0	0	498	500	
15	0	0	0	0	501	499	
0	0	0	0	0	505	496	
1	0	0	0	0	510	492	
2	0	0	0	0	513	489	
3	0	0	0	0	518	489	
4	0	0	0	0	523	487	
5	0	0	0	0	526	486	
6	0	0	0	0	526	487	
7	0	0	0	0	523	492	
8	0	0	0	0	518	496	
9	0	0	0	0	514	496	
10	0	0	0	0	514	493	
11	0	0	0	0	516	490	
12	0	0	0	0	516	490	
13	0	0	0	0	514	492	
14	0	0	0	0	511	496	
15	0	0	0	0	510	499	
0	0	0	0	0	508	500	
1	0	0	0	0	505	504	
2	0	0	0	0	503	510	
3	0	0	0	0	505	513	
4	0	0	0	0	508	516	
5	0	0	0	0	514	519	
6	0	0	0	0	522	519	
7	0	0	0	0	528	519	
8	0	0	0	0	534	519	
9	0	0	0	0	541	515	
10	0	0	0	0	548	508	
11	0	0	0	0	554	501	
12	0	0	0	0	561	488	
13	0	0	0	0	567	473	
14	0	0	0	0	571	456	
15	0	0	0	0	573	440	
0	0	0	0	0	574	430	
1	0	0	0	0	574	415	
2	0	0	0	0	574	407	
3	0	0	0	0	572	403	
4	0	0	0	0	568	407	
5	0	0	0	0	561	417	
6	0	0	0	0	550	425	
7	0	0	0	0	536	434	
8	0	0	0	0	524	446	
9	0	0	0	0	517	451	
10	0	0	0	0	512	452	
11	0	0	0	0	515	450	
12	0	0	0	0	519	447	
13	0	0	0	0	525	444	
14	0	0	0	0	527	440	
15	0	0	0	0	531	435	
0	0	0	0	0	536	431	
1	0	0	0	0	546	428	
2	0	0	0	0	552	425	
3	0	0	0	0	552	429	
4	0	0	0	0	551	434	
5	0	0	0	0	549	443	
6	0	0	0	0	549	455	
7	0	0	0	0	552	465	
8	0	0	0	0	553	470	
9	0	0	0	0	555	468	
10	0	0	0	0	553	463	
11	0	0	0	0	549	456	
12	0	0	0	0	548	449	
13	0	0	0	0	550	441	
14	0	0	0	0	551	430	
15	0	0	0	0	556	422	
0	0	0	0	0	557	423	
1	0	0	0	0	557	424	
2	0	0	0	0	556	427	
3	0	0	0	0	552	428	
4	0	0	0	0	549	430	
5	0	0	0	0	547	435	
6	0	0	0	0	549	438	
7	0	0	0	0	547	436	
8	0	0	0	0	548	440	
9	0	0	0	0	551	437	
10	0	0	0	0	551	432	
11	0	0	0	0	554	429	
12	0	0	0	0	556	422	
13	0	0	0	0	563	413	
14	0	0	0	0	571	408	
15	0	0	0	0	580	399	
0	0	0	0	0	588	397	
1	0	0	0	0	591	391	
2	0	0	0	0	594	381	
3	0	0	0	0	594	376	
4	0	0	0	0	593	367	
5	0	0	0	0	589	359	
6	0	0	0	0	584	351	
7	0	0	0	0	581	346	
8	0	0	0	0	577	345	
9	0	0	0	0	574	346	
10	0	0	0	0	570	351	
11	0	0	0	0	572	363	
12	0	0	0	0	575	371	
13	0	0	0	0	575	375	
14	0	0	0	0	574	384	
15	0	0	0	0	576	383	
0	0	0	0	0	577	376	
1	0	0	0	0	578	366	
2	0	0	0	0	580	354	
3	0	0	0	0	583	347	
4	0	0	0	0	585	339	
5	0	0	0	0	588	328	
6	0	0	0	0	589	329	
7	0	0	0	0	590	325	
8	0	0	0	0	594	326	
9	0	0	0	0	597	327	
10	0	0	0	0	601	324	
11	0	0	0	0	604	332	
12	0	0	0	0	611	334	
13	0	0	0	0	620	339	
14	0	0	0	0	630	343	
15	0	0	0	0	638	338	
0	0	0	0	0	646	340	
1	0	0	0	0	652	338	
2	0	0	0	0	655	344	
3	0	0	0	0	659	348	
4	0	0	0	0	663	347	
5	0	0	0	0	667	355	
6	0	0	0	0	667	357	
7	0	0	0	0	668	349	
8	0	0	0	0	670	349	
9	0	0	0	0	675	336	
10	0	0	0	0	679	327	
11	0	0	0	0	679	312	
12	0	0	0	0	680	292	
13	0	0	0	0	683	286	
14	0	0	0	0	684	271	
15	0	0	0	0	685	258	
0	0	0	0	0	682	252	
1	0	0	0	0	678	243	
2	0	0	0	0	678	252	
3	0	0	0	0	673	253	
4	0	0	0	0	666	261	
5	0	0	0	0	655	264	
6	0	0	0	0	643	259	
7	0	0	0	0	633	269	
8	0	0	0	0	625	272	
9	0	0	0	0	615	282	
10	0	0	0	0	606	287	
11	0	0	0	0	599	284	
12	0	0	0	0	594	295	
13	0	0	0	0	590	297	
14	0	0	0	0	583	300	
15	0	0	0	0	579	299	
0	0	0	0	0	579	294	
1	0	0	0	0	583	293	
2	0	0	0	0	593	287	
3	0	0	0	0	608	273	
4	0	0	0	0	622	274	
5	0	0	0	0	629	268	
6	0	0	0	0	634	271	
7	0	0	0	0	633	266	
8	0	0	0	0	628	254	
9	0	0	0	0	624	255	
10	0	0	0	0	616	247	
11	0	0	0	0	608	244	
12	0	0	0	0	601	241	
13	0	0	0	0	595	233	
14	0	0	0	0	588	237	
15	0	0	0	0	580	239	
0	0	0	0	0	574	248	
1	0	0	0	0	570	255	
2	0	0	0	0	568	261	
3	0	0	0	0	567	279	
4	0	0	0	0	570	289	
5	0	0	0	0	577	301	
6	0	0	0	0	586	307	
7	0	0	0	0	596	307	
8	0	0	0	0	604	308	
9	0	0	0	0	608	302	
10	0	0	0	0	611	294	
11	0	0	0	0	611	282	
12	0	0	0	0	611	268	
13	0	0	0	0	613	271	
14	0	0	0	0	619	267	
15	0	0	0	0	626	267	
0	0	0	0	0	626	267	
1	0	0	0	0	627	267	
2	0	0	0	0	629	277	
3	0	0	0	0	632	279	
4	0	0	0	0	637	278	
5	0	0	0	0	641	287	
6	0	0	0	0	642	285	
7	0	0	0	0	641	286	
8	0	0	0	0	640	281	
9	0	0	0	0	640	268	
10	0	0	0	0	640	270	
11	0	0	0	0	639	262	
12	0	0	0	0	638	263	
13	0	0	0	0	639	259	
14	0	0	0	0	642	247	
15	0	0	0	0	642	247	
0	0	0	0	0	640	241	
1	0	0	0	0	635	239	
2	0	0	0	0	632	238	
3	0	0	0	0	633	232	
4	0	0	0	0	637	237	
5	0	0	0	0	642	238	
6	0	0	0	0	649	232	
7	0	0	0	0	657	240	
8	0	0	0	0	659	243	
9	0	0	0	0	659	249	
10	0	0	0	0	660	249	
11	0	0	0	0	661	241	
12	0	0	0	0	660	247	
13	0	0	0	0	653	243	
14	0	0	0	0	647	241	
15	0	0	0	0	640	236	
0	0	0	0	0	638	222	
1	0	0	0	0	641	225	
2	0	0	0	0	649	224	
3	0	0	0	0	657	223	
4	0	0	0	0	666	230	
5	0	0	0	0	673	231	
6	0	0	0	0	678	235	
7	0	0	0	0	683	236	
8	0	0	0	0	687	229	
9	0	0	0	0	689	235	
10	0	0	0	0	689	236	
11	0	0	0	0	688	236	
12	0	0	0	0	681	240	
13	0	0	0	0	672	235	
14	0	0	0	0	666	241	
15	0	0	0	0	659	236	
0	0	0	0	0	651	219	
1	0	0	0	0	641	214	
2	0	0	0	0	635	199	
3	0	0	0	0	630	191	
4	0	0	0	0	621	188	
5	0	0	0	0	615	183	
6	0	0	0	0	610	185	
7	0	0	0	0	603	186	
8	0	0	0	0	596	181	
9	0	0	0	0	593	190	
10	0	0	0	0	589	193	
11	0	0	0	0	583	202	
12	0	0	0	0	580	208	
13	0	0	0	0	576	206	
14	0	0	0	0	577	212	
15	0	0	0	0	581	211	
0	0	0	0	0	585	213	
1	0	0	0	0	589	214	
2	0	0	0	0	594	206	
3	0	0	0	0	602	214	
4	0	0	0	0	611	213	
5	0	0	0	0	623	214	
6	0	0	0	0	631	213	
7	0	0	0	0	635	206	
8	0	0	0	0	637	204	
9	0	0	0	0	642	198	
10	0	0	0	0	643	185	
11	0	0	0	0	642	191	
12	0	0	0	0	643	187	
13	0	0	0	0	641	191	
14	0	0	0	0	639	188	
15	0	0	0	0	637	187	
0	0	0	0	0	636	190	
1	0	0	0	0	636	185	
2	0	0	0	0	635	194	
3	0	0	0	0	635	192	
4	0	0	0	0	637	198	
5	0	0	0	0	634	204	
6	0	0	0	0	630	208	
7	0	0	0	0	630	215	
8	0	0	0	0	630	208	
9	0	0	0	0	630	216	
10	0	0	0	0	627	217	
11	0	0	0	0	625	224	
12	0	0	0	0	620	229	
13	0	0	0	0	617	231	
14	0	0	0	0	617	239	
15	0	0	0	0	616	243	
0	0	0	0	0	613	243	
1	0	0	0	0	609	253	
2	0	0	0	0	609	250	
3	0	0	0	0	615	249	
4	0	0	0	0	624	244	
5	0	0	0	0	627	235	
6	0	0	0	0	626	238	
7	0	0	0	0	620	234	
8	0	0	0	0	619	235	
9	0	0	0	0	621	235	
10	0	0	0	0	622	227	
11	0	0	0	0	623	233	
12	0	0	0	0	626	233	
13	0	0	0	0	630	235	
14	0	0	0	0	630	234	
15	0	0	0	0	629	229	
0	0	0	0	0	624	230	
1	0	0	0	0	621	223	
2	0	0	0	0	620	212	
3	0	0	0	0	622	211	
4	0	0	0	0	624	201	
5	0	0	0	0	627	198	
6	0	0	0	0	631	197	
7	0	0	0	0	637	193	
8	0	0	0	0	643	200	
9	0	0	0	0	651	199	
10	0	0	0	0	660	195	
11	0	0	0	0	668	191	
12	0	0	0	0	675	183	
13	0	0	0	0	684	180	
14	0	0	0	0	689	177	
15	0	0	0	0	693	163	
0	0	0	0	0	694	169	
1	0	0	0	0	696	167	
2	0	0	0	0	696	165	
3	0	0	0	0	696	163	
4	0	0	0	0	695	157	
5	0	0	0	0	696	163	
6	0	0	0	0	696	165	
7	0	0	0	0	695	167	
8	0	0	0	0	697	168	
9	0	0	0	0	699	164	
10	0	0	0	0	699	169	
11	0	0	0	0	697	168	
12	0	0	0	0	692	164	
13	0	0	0	0	685	169	
14	0	0	0	0	678	166	
15	0	0	0	0	669	170	
0	0	0	0	0	662	170	
1	0	0	0	0	657	161	
2	0	0	0	0	655	168	
3	0	0	0	0	651	168	
4	0	0	0	0	649	170	
5	0	0	0	0	648	176	
6	0	0	0	0	649	179	
7	0	0	0	0	651	184	
8	0	0	0	0	653	190	
9	0	0	0	0	657	184	
10	0	0	0	0	662	189	
11	0	0	0	0	663	187	
12	0	0	0	0	662	187	
13	0	0	0	0	657	185	
14	0	0	0	0	652	176	
15	0	0	0	0	649	185	
0	0	0	0	0	647	187	
1	0	0	0	0	649	193	
2	0	0	0	0	653	197	
3	0	0	0	0	657	195	
4	0	0	0	0	659	206	
5	0	0	0	0	657	210	
6	0	0	0	0	656	215	
7	0	0	0	0	656	219	
8	0	0	0	0	655	215	
9	0	0	0	0	655	220	
10	0	0	0	0	655	218	
11	0	0	0	0	658	221	
12	0	0	0	0	660	222	
13	0	0	0	0	661	214	
14	0	0	0	0	661	219	
15	0	0	0	0	655	212	
0	0	0	0	0	649	206	
1	0	0	0	0	642	204	
2	0	0	0	0	638	195	
3	0	0	0	0	635	201	
4	0	0	0	0	632	198	
5	0	0	0	0	626	200	
6	0	0	0	0	620	206	
7	0	0	0	0	618	209	
8	0	0	0	0	617	223	
9	0	0	0	0	616	228	
10	0	0	0	0	617	240	
11	0	0	0	0	616	245	
12	0	0	0	0	619	241	
13	0	0	0	0	621	242	
14	0	0	0	0	624	234	
15	0	0	0	0	628	233	
0	0	0	0	0	632	230	
1	0	0	0	0	636	223	
2	0	0	0	0	636	225	
3	0	0	0	0	636	219	
4	0	0	0	0	640	221	
5	0	0	0	0	642	225	
6	0	0	0	0	644	222	
7	0	0	0	0	647	232	
8	0	0	0	0	652	236	
9	0	0	0	0	657	241	
10	0	0	0	0	660	244	
11	0	0	0	0	663	241	
12	0	0	0	0	662	248	
13	0	0	0	0	662	243	
14	0	0	0	0	664	243	
15	0	0	0	0	664	236	
0	0	0	0	0	657	223	
1	0	0	0	0	650	228	
2	0	0	0	0	639	223	
3	0	0	0	0	633	225	
4	0	0	0	0	627	227	
5	0	0	0	0	624	224	
6	0	0	0	0	624	234	
7	0	0	0	0	625	236	
8	0	0	0	0	626	248	
9	0	0	0	0	631	258	
10	0	0	0	0	635	261	
11	0	0	0	0	642	276	
12	0	0	0	0	650	275	
13	0	0	0	0	660	277	
14	0	0	0	0	667	273	
15	0	0	0	0	670	265	
0	0	0	0	0	675	261	
1	0	0	0	0	681	251	
2	0	0	0	0	688	252	
3	0	0	0	0	694	248	
4	0	0	0	0	700	241	
5	0	0	0	0	707	248	
6	0	0	0	0	713	246	
7	0	0	0	0	719	254	
8	0	0	0	0	722	259	
9	0	0	0	0	724	257	
10	0	0	0	0	728	271	
11	0	0	0	0	727	274	
12	0	0	0	0	721	283	
13	0	0	0	0	715	286	
14	0	0	0	0	709	280	
15	0	0	0	0	700	290	
0	0	0	0	0	692	288	
1	0	0	0	0	684	292	
2	0	0	0	0	676	294	
3	0	0	0	0	667	294	
4	0	0	0	0	655	309	
5	0	0	0	0	642	311	
6	0	0	0	0	635	316	
7	0	0	0	0	626	317	
8	0	0	0	0	618	316	
9	0	0	0	0	608	324	
10	0	0	0	0	604	327	
11	0	0	0	0	606	332	
12	0	0	0	0	610	342	
13	0	0	0	0	611	341	
14	0	0	0	0	613	341	
15	0	0	0	0	615	339	
0	0	0	0	0	611	332	
1	0	0	0	0	606	336	
2	0	0	0	0	601	336	
3	0	0	0	0	596	336	
4	0	0	0	0	590	336	
5	0	0	0	0	588	334	
6	0	0	0	0	588	336	
7	0	0	0	0	588	334	
8	0	0	0	0	592	340	
9	0	0	0	0	597	347	
10	0	0	0	0	604	350	
11	0	0	0	0	608	359	
12	0	0	0	0	611	364	
13	0	0	0	0	612	369	
14	0	0	0	0	611	373	
15	0	0	0	0	608	376	
0	0	0	0	0	603	383	
1	0	0	0	0	597	391	
2	0	0	0	0	590	397	
3	0	0	0	0	580	409	
4	0	0	0	0	568	420	
5	0	0	0	0	557	432	
6	0	0	0	0	549	443	
7	0	0	0	0	540	451	
8	0	0	0	0	530	458	
9	0	0	0	0	521	466	
10	0	0	0	0	514	471	
11	0	0	0	0	511	475	
12	0	0	0	0	507	474	
13	0	0	0	0	503	472	
14	0	0	0	0	502	472	
15	0	0	0	0	506	472	
0	0	0	0	0	515	476	
1	0	0	0	0	521	475	
2	0	0	0	0	524	477	
3	0	0	0	0	524	481	
4	0	0	0	0	524	482	
5	0	0	0	0	523	475	
6	0	0	0	0	521	466	
7	0	0	0	0	519	461	
8	0	0	0	0	515	460	
9	0	0	0	0	512	461	
10	0	0	0	0	508	462	
11	0	0	0	0	504	463	
12	0	0	0	0	500	466	
13	0	0	0	0	500	472	
14	0	0	0	0	499	484	
15	0	0	0	0	496	495	
0	0	0	0	0	497	505	
1	0	0	0	0	499	514	
2	0	0	0	0	501	516	
3	0	0	0	0	499	515	
4	0	0	0	0	499	518	
5	0	0	0	0	502	519	
6	0	0	0	0	503	521	
7	0	0	0	0	501	521	
8	0	0	0	0	499	521	
9	0	0	0	0	500	519	
10	0	0	0	0	501	521	
11	0	0	0	0	503	526	
12	0	0	0	0	504	533	
13	0	0	0	0	499	540	
14	0	0	0	0	493	554	
15	0	0	0	0	487	568	
0	0	0	0	0	477	579	
1	0	0	0	0	470	590	
2	0	0	0	0	463	599	
3	0	0	0	0	458	603	
4	0	0	0	0	455	606	
5	0	0	0	0	452	607	
6	0	0	0	0	451	606	
7	0	0	0	0	451	606	
8	0	0	0	0	452	612	
9	0	0	0	0	455	619	
10	0	0	0	0	456	623	
11	0	0	0	0	455	626	
12	0	0	0	0	456	625	
13	0	0	0	0	457	625	
14	0	0	0	0	459	625	
15	0	0	0	0	457	626	
0	0	0	0	0	452	632	
1	0	0	0	0	446	639	
2	0	0	0	0	444	648	
3	0	0	0	0	444	661	
4	0	0	0	0	446	672	
5	0	0	0	0	448	680	
6	0	0	0	0	451	684	
7	0	0	0	0	450	691	
8	0	0	0	0	444	691	
9	0	0	0	0	436	693	
10	0	0	0	0	427	699	
11	0	0	0	0	419	702	
12	0	0	0	0	412	707	
13	0	0	0	0	406	717	
14	0	0	0	0	403	723	
15	0	0	0	0	404	727	
0	0	0	0	0	406	731	
1	0	0	0	0	409	736	
2	0	0	0	0	413	741	
3	0	0	0	0	415	751	
4	0	0	0	0	416	757	
5	0	0	0	0	419	762	
6	0	0	0	0	422	761	
7	0	0	0	0	422	761	
8	0	0	0	0	419	760	
9	0	0	0	0	414	756	
10	0	0	0	0	408	751	
11	0	0	0	0	400	748	
12	0	0	0	0	396	744	
13	0	0	0	0	391	743	
14	0	0	0	0	380	743	
15	0	0	0	0	374	742	
0	0	0	0	0	367	743	
1	0	0	0	0	361	737	
2	0	0	0	0	355	736	
3	0	0	0	0	353	738	
4	0	0	0	0	357	742	
5	0	0	0	0	359	747	
6	0	0	0	0	364	753	
7	0	0	0	0	365	761	
8	0	0	0	0	364	770	
9	0	0	0	0	362	782	
10	0	0	0	0	359	793	
11	0	0	0	0	355	805	
12	0	0	0	0	349	813	
13	0	0	0	0	345	822	
14	0	0	0	0	348	831	
15	0	0	0	0	354	843	
0	0	0	0	0	357	852	
1	0	0	0	0	362	858	
2	0	0	0	0	368	859	
3	0	0	0	0	376	856	
4	0	0	0	0	384	856	
5	0	0	0	0	391	859	
6	0	0	0	0	392	864	
7	0	0	0	0	387	865	
8	0	0	0	0	382	871	
9	0	0	0	0	376	871	
10	0	0	0	0	364	871	
11	0	0	0	0	349	872	
12	0	0	0	0	333	875	
13	0	0	0	0	319	876	
14	0	0	0	0	310	873	
15	0	0	0	0	312	868	
0	0	0	0	0	315	862	
1	0	0	0	0	319	856	
2	0	0	0	0	323	854	
3	0	0	0	0	331	852	
4	0	0	0	0	339	851	
5	0	0	0	0	345	846	
6	0	0	0	0	344	843	
7	0	0	0	0	337	834	
8	0	0	0	0	326	831	
9	0	0	0	0	315	830	
10	0	0	0	0	303	832	
11	0	0	0	0	291	832	
12	0	0	0	0	278	832	
13	0	0	0	0	268	838	
14	0	0	0	0	256	839	
15	0	0	0	0	249	841	
0	0	0	0	0	244	852	
1	0	0	0	0	246	849	
2	0	0	0	0	243	852	
3	0	0	0	0	241	854	
4	0	0	0	0	244	857	
5	0	0	0	0	247	859	
6	0	0	0	0	251	862	
7	0	0	0	0	252	865	
8	0	0	0	0	252	870	
9	0	0	0	0	251	868	
10	0	0	0	0	250	870	
11	0	0	0	0	248	869	
12	0	0	0	0	243	867	
13	0	0	0	0	237	862	
14	0	0	0	0	233	859	
15	0	0	0	0	232	856	
0	0	0	0	0	229	857	
1	0	0	0	0	226	852	
2	0	0	0	0	224	852	
3	0	0	0	0	220	856	
4	0	0	0	0	218	859	
5	0	0	0	0	216	865	
6	0	0	0	0	217	870	
7	0	0	0	0	222	871	
8	0	0	0	0	227	873	
9	0	0	0	0	232	870	
10	0	0	0	0	238	865	
11	0	0	0	0	244	857	
12	0	0	0	0	251	855	
13	0	0	0	0	259	850	
14	0	0	0	0	269	854	
15	0	0	0	0	280	843	
0	0	0	0	0	289	833	
1	0	0	0	0	295	828	
2	0	0	0	0	298	825	
3	0	0	0	0	302	827	
4	0	0	0	0	301	829	
5	0	0	0	0	298	832	
6	0	0	0	0	295	832	
7	0	0	0	0	292	832	
8	0	0	0	0	285	829	
9	0	0	0	0	276	835	
10	0	0	0	0	269	826	
11	0	0	0	0	264	817	
12	0	0	0	0	262	807	
13	0	0	0	0	265	800	
14	0	0	0	0	266	795	
15	0	0	0	0	270	795	
0	0	0	0	0	274	792	
1	0	0	0	0	278	798	
2	0	0	0	0	278	791	
3	0	0	0	0	281	791	
4	0	0	0	0	282	794	
5	0	0	0	0	281	796	
6	0	0	0	0	278	801	
7	0	0	0	0	276	808	
8	0	0	0	0	275	818	
9	0	0	0	0	270	825	
10	0	0	0	0	266	831	
11	0	0	0	0	263	834	
12	0	0	0	0	260	838	
13	0	0	0	0	259	828	
14	0	0	0	0	258	817	
15	0	0	0	0	257	805	
0	0	0	0	0	255	796	
1	0	0	0	0	252	792	
2	0	0	0	0	249	783	
3	0	0	0	0	252	768	
4	0	0	0	0	255	755	
5	0	0	0	0	259	747	
6	0	0	0	0	264	741	
7	0	0	0	0	273	736	
8	0	0	0	0	284	731	
9	0	0	0	0	295	723	
10	0	0	0	0	306	720	
11	0	0	0	0	317	707	
12	0	0	0	0	331	698	
13	0	0	0	0	343	690	
14	0	0	0	0	351	685	
15	0	0	0	0	354	676	
0	0	0	0	0	352	670	
1	0	0	0	0	348	664	
2	0	0	0	0	342	659	
3	0	0	0	0	343	658	
4	0	0	0	0	347	661	
5	0	0	0	0	352	667	
6	0	0	0	0	359	673	
7	0	0	0	0	359	678	
8	0	0	0	0	353	686	
9	0	0	0	0	348	691	
10	0	0	0	0	340	697	
11	0	0	0	0	334	698	
12	0	0	0	0	327	701	
13	0	0	0	0	322	707	
14	0	0	0	0	319	712	
15	0	0	0	0	320	716	
0	0	0	0	0	320	718	
1	0	0	0	0	314	720	
2	0	0	0	0	310	722	
3	0	0	0	0	307	722	
4	0	0	0	0	307	721	
5	0	0	0	0	309	720	
6	0	0	0	0	310	718	
7	0	0	0	0	315	715	
8	0	0	0	0	318	710	
9	0	0	0	0	321	705	
10	0	0	0	0	325	697	
11	0	0	0	0	328	692	
12	0	0	0	0	334	686	
13	0	0	0	0	342	680	
14	0	0	0	0	350	675	
15	0	0	0	0	354	673	
0	0	0	0	0	356	672	
1	0	0	0	0	355	666	
2	0	0	0	0	349	664	
3	0	0	0	0	344	672	
4	0	0	0	0	345	671	
5	0	0	0	0	347	668	
6	0	0	0	0	350	667	
7	0	0	0	0	354	663	
8	0	0	0	0	362	662	
9	0	0	0	0	369	659	
10	0	0	0	0	371	657	
11	0	0	0	0	369	660	
12	0	0	0	0	365	649	
13	0	0	0	0	360	641	
14	0	0	0	0	356	635	
15	0	0	0	0	352	627	
0	0	0	0	0	350	625	
1	0	0	0	0	354	621	
2	0	0	0	0	358	619	
3	0	0	0	0	360	624	
4	0	0	0	0	362	623	
5	0	0	0	0	367	622	
6	0	0	0	0	371	619	
7	0	0	0	0	369	611	
8	0	0	0	0	369	607	
9	0	0	0	0	370	605	
10	0	0	0	0	372	604	
11	0	0	0	0	374	605	
12	0	0	0	0	374	604	
13	0	0	0	0	375	605	
14	0	0	0	0	378	608	
15	0	0	0	0	383	610	
0	0	0	0	0	387	608	
1	0	0	0	0	390	605	
2	0	0	0	0	393	596	
3	0	0	0	0	396	591	
4	0	0	0	0	400	582	
5	0	0	0	0	403	572	
6	0	0	0	0	406	565	
7	0	0	0	0	410	557	
8	0	0	0	0	416	549	
9	0	0	0	0	428	545	
10	0	0	0	0	439	542	
11	0	0	0	0	451	539	
12	0	0	0	0	465	531	
13	0	0	0	0	476	526	
14	0	0	0	0	490	520	
15	0	0	0	0	497	511	
0	0	0	0	0	501	505	
1	0	0	0	0	503	497	
2	0	0	0	0	507	488	
3	0	0	0	0	508	481	
4	0	0	0	0	507	475	
5	0	0	0	0	507	472	
6	0	0	0	0	504	474	
7	0	0	0	0	504	478	
8	0	0	0	0	505	483	
9	0	0	0	0	505	485	
10	0	0	0	0	509	484	
11	0	0	0	0	511	480	
12	0	0	0	0	511	476	
13	0	0	0	0	509	473	
14	0	0	0	0	506	472	
15	0	0	0	0	501	470	
0	0	0	0	0	497	467	
1	0	0	0	0	494	467	
2	0	0	0	0	492	467	
3	0	0	0	0	487	468	
4	0	0	0	0	484	470	
5	0	0	0	0	487	471	
6	0	0	0	0	487	471	
7	0	0	0	0	489	468	
8	0	0	0	0	490	462	
9	0	0	0	0	495	459	
10	0	0	0	0	502	459	
11	0	0	0	0	509	456	
12	0	0	0	0	517	453	
13	0	0	0	0	522	448	
14	0	0	0	0	523	443	
15	0	0	0	0	523	439	
0	0	0	0	0	518	431	
1	0	0	0	0	516	423	
2	0	0	0	0	517	418	
3	0	0	0	0	518	410	
4	0	0	0	0	518	401	
5	0	0	0	0	519	396	
6	0	0	0	0	517	390	
7	0	0	0	0	512	384	
8	0	0	0	0	507	387	
9	0	0	0	0	503	386	
10	0	0	0	0	501	385	
11	0	0	0	0	504	385	
12	0	0	0	0	507	385	
13	0	0	0	0	508	389	
14	0	0	0	0	507	393	
15	0	0	0	0	504	399	
0	0	0	0	0	501	404	
1	0	0	0	0	497	406	
2	0	0	0	0	493	408	
3	0	0	0	0	492	411	
4	0	0	0	0	491	414	
5	0	0	0	0	492	412	
6	0	0	0	0	496	408	
7	0	0	0	0	502	399	
8	0	0	0	0	510	390	
9	0	0	0	0	521	388	
10	0	0	0	0	532	384	
11	0	0	0	0	543	382	
12	0	0	0	0	551	376	
13	0	0	0	0	555	366	
14	0	0	0	0	556	360	
15	0	0	0	0	556	354	
0	0	0	0	0	554	350	
1	0	0	0	0	553	347	
2	0	0	0	0	555	347	
3	0	0	0	0	559	350	
4	0	0	0	0	561	352	
5	0	0	0	0	557	351	
6	0	0	0	0	550	354	
7	0	0	0	0	538	353	
8	0	0	0	0	529	348	
9	0	0	0	0	522	347	
10	0	0	0	0	516	344	
11	0	0	0	0	515	351	
12	0	0	0	0	515	355	
13	0	0	0	0	517	363	
14	0	0	0	0	522	372	
15	0	0	0	0	529	377	
0	0	0	0	0	539	379	
1	0	0	0	0	543	382	
2	0	0	0	0	542	380	
3	0	0	0	0	539	371	
4	0	0	0	0	542	363	
5	0	0	0	0	545	351	
6	0	0	0	0	551	348	
7	0	0	0	0	557	340	
8	0	0	0	0	563	337	
9	0	0	0	0	568	335	
10	0	0	0	0	568	333	
11	0	0	0	0	569	340	
12	0	0	0	0	572	347	
13	0	0	0	0	575	351	
14	0	0	0	0	578	361	
15	0	0	0	0	581	363	
0	0	0	0	0	582	368	
1	0	0	0	0	579	371	
2	0	0	0	0	574	370	
3	0	0	0	0	565	369	
4	0	0	0	0	557	366	
5	0	0	0	0	554	357	
6	0	0	0	0	554	355	
7	0	0	0	0	556	350	
8	0	0	0	0	559	346	
9	0	0	0	0	563	342	
10	0	0	0	0	570	336	
11	0	0	0	0	573	344	
12	0	0	0	0	574	347	
13	0	0	0	0	575	350	
14	0	0	0	0	580	355	
15	0	0	0	0	585	356	
0	0	0	0	0	592	362	
1	0	0	0	0	600	359	
2	0	0	0	0	604	353	
3	0	0	0	0	607	345	
4	0	0	0	0	608	333	
5	0	0	0	0	608	327	
6	0	0	0	0	606	318	
7	0	0	0	0	608	308	
8	0	0	0	0	610	312	
9	0	0	0	0	616	310	
10	0	0	0	0	620	311	
11	0	0	0	0	621	311	
12	0	0	0	0	622	312	
13	0	0	0	0	622	323	
14	0	0	0	0	623	334	
15	0	0	0	0	625	337	
0	0	0	0	0	628	345	
1	0	0	0	0	628	345	
2	0	0	0	0	629	342	
3	0	0	0	0	625	349	
4	0	0	0	0	619	344	
5	0	0	0	0	610	344	
6	0	0	0	0	599	344	
7	0	0	0	0	592	344	
8	0	0	0	0	586	349	
9	0	0	0	0	583	348	
10	0	0	0	0	585	350	
11	0	0	0	0	589	352	
12	0	0	0	0	595	353	
13	0	0	0	0	602	357	
14	0	0	0	0	607	356	
15	0	0	0	0	611	356	
0	0	0	0	0	618	360	
1	0	0	0	0	623	355	
2	0	0	0	0	626	350	
3	0	0	0	0	626	342	
4	0	0	0	0	627	327	
5	0	0	0	0	627	322	
6	0	0	0	0	627	311	
7	0	0	0	0	630	308	
8	0	0	0	0	632	304	
9	0	0	0	0	637	298	
10	0	0	0	0	644	302	
11	0	0	0	0	652	300	
12	0	0	0	0	660	300	
13	0	0	0	0	669	307	
14	0	0	0	0	677	310	
15	0	0	0	0	684	323	
0	0	0	0	0	691	331	
1	0	0	0	0	696	330	
2	0	0	0	0	699	341	
3	0	0	0	0	699	340	
4	0	0	0	0	696	343	
5	0	0	0	0	686	346	
6	0	0	0	0	671	344	
7	0	0	0	0	651	351	
8	0	0	0	0	635	347	
9	0	0	0	0	624	349	
10	0	0	0	0	614	350	
11	0	0	0	0	603	351	
12	0	0	0	0	591	355	
13	0	0	0	0	585	356	
14	0	0	0	0	582	357	
15	0	0	0	0	580	364	
0	0	0	0	0	579	367	
1	0	0	0	0	581	370	
2	0	0	0	0	583	374	
3	0	0	0	0	588	378	
4	0	0	0	0	592	385	
5	0	0	0	0	599	387	
6	0	0	0	0	608	386	
7	0	0	0	0	623	391	
8	0	0	0	0	636	387	
9	0	0	0	0	652	382	
10	0	0	0	0	662	376	
11	0	0	0	0	669	373	
12	0	0	0	0	672	372	
13	0	0	0	0	675	371	
14	0	0	0	0	677	365	
15	0	0	0	0	674	373	
0	0	0	0	0	668	374	
1	0	0	0	0	658	374	
2	0	0	0	0	646	371	
3	0	0	0	0	639	362	
4	0	0	0	0	639	358	
5	0	0	0	0	643	354	
6	0	0	0	0	650	351	
7	0	0	0	0	656	362	
8	0	0	0	0	657	366	
9	0	0	0	0	656	372	
10	0	0	0	0	654	375	
11	0	0	0	0	652	372	
12	0	0	0	0	649	372	
13	0	0	0	0	645	373	
14	0	0	0	0	639	376	
15	0	0	0	0	634	376	
0	0	0	0	0	629	373	
1	0	0	0	0	627	378	
2	0	0	0	0	623	381	
3	0	0	0	0	620	381	
4	0	0	0	0	623	385	
5	0	0	0	0	629	384	
6	0	0	0	0	637	387	
7	0	0	0	0	646	392	
8	0	0	0	0	651	394	
9	0	0	0	0	651	394	
10	0	0	0	0	650	393	
11	0	0	0	0	647	391	
12	0	0	0	0	645	390	
13	0	0	0	0	641	383	
14	0	0	0	0	635	387	
15	0	0	0	0	631	386	
0	0	0	0	0	631	387	
1	0	0	0	0	628	392	
2	0	0	0	0	630	393	
3	0	0	0	0	632	401	
4	0	0	0	0	634	405	
5	0	0	0	0	638	410	
6	0	0	0	0	641	414	
7	0	0	0	0	648	415	
8	0	0	0	0	652	420	
9	0	0	0	0	655	420	
10	0	0	0	0	656	421	
11	0	0	0	0	660	423	
12	0	0	0	0	659	426	
13	0	0	0	0	659	428	
14	0	0	0	0	664	427	
15	0	0	0	0	666	419	
0	0	0	0	0	666	423	
1	0	0	0	0	665	420	
2	0	0	0	0	664	416	
3	0	0	0	0	663	408	
4	0	0	0	0	663	399	
5	0	0	0	0	665	400	
6	0	0	0	0	667	398	
7	0	0	0	0	667	401	
8	0	0	0	0	665	407	
9	0	0	0	0	659	413	
10	0	0	0	0	650	420	
11	0	0	0	0	638	423	
12	0	0	0	0	626	423	
13	0	0	0	0	616	429	
14	0	0	0	0	609	431	
15	0	0	0	0	606	433	
0	0	0	0	0	603	432	
1	0	0	0	0	602	426	
2	0	0	0	0	600	416	
3	0	0	0	0	598	403	
4	0	0	0	0	598	394	
5	0	0	0	0	599	383	
6	0	0	0	0	599	379	
7	0	0	0	0	595	382	
8	0	0	0	0	593	378	
9	0	0	0	0	593	377	
10	0	0	0	0	595	378	
11	0	0	0	0	600	376	
12	0	0	0	0	602	379	
13	0	0	0	0	607	381	
14	0	0	0	0	608	381	
15	0	0	0	0	609	381	
0	0	0	0	0	613	377	
1	0	0	0	0	619	377	
2	0	0	0	0	624	376	
3	0	0	0	0	630	375	
4	0	0	0	0	636	380	
5	0	0	0	0	643	381	
6	0	0	0	0	647	382	
7	0	0	0	0	652	382	
8	0	0	0	0	655	381	
9	0	0	0	0	654	380	
10	0	0	0	0	653	379	
11	0	0	0	0	653	377	
12	0	0	0	0	657	381	
13	0	0	0	0	664	380	
14	0	0	0	0	672	379	
15	0	0	0	0	677	375	
0	0	0	0	0	678	367	
1	0	0	0	0	674	363	
2	0	0	0	0	673	359	
3	0	0	0	0	668	352	
4	0	0	0	0	663	358	
5	0	0	0	0	656	358	
6	0	0	0	0	649	365	
7	0	0	0	0	648	370	
8	0	0	0	0	647	377	
9	0	0	0	0	644	388	
10	0	0	0	0	643	394	
11	0	0	0	0	643	395	
12	0	0	0	0	644	403	
13	0	0	0	0	645	405	
14	0	0	0	0	646	405	
15	0	0	0	0	651	402	
0	0	0	0	0	655	396	
1	0	0	0	0	661	395	
2	0	0	0	0	664	390	
3	0	0	0	0	669	382	
4	0	0	0	0	676	385	
5	0	0	0	0	684	387	
6	0	0	0	0	688	393	
7	0	0	0	0	688	396	
8	0	0	0	0	683	395	
9	0	0	0	0	679	398	
10	0	0	0	0	673	397	
11	0	0	0	0	671	390	
12	0	0	0	0	669	391	
13	0	0	0	0	673	387	
14	0	0	0	0	678	388	
15	0	0	0	0	680	391	
0	0	0	0	0	681	390	
1	0	0	0	0	681	392	
2	0	0	0	0	682	392	
3	0	0	0	0	684	385	
4	0	0	0	0	680	390	
5	0	0	0	0	675	388	
6	0	0	0	0	675	391	
7	0	0	0	0	678	396	
8	0	0	0	0	680	401	
9	0	0	0	0	680	410	
10	0	0	0	0	679	414	
11	0	0	0	0	674	415	
12	0	0	0	0	670	423	
13	0	0	0	0	667	427	
14	0	0	0	0	663	425	
15	0	0	0	0	659	421	
0	0	0	0	0	655	415	
1	0	0	0	0	654	408	
2	0	0	0	0	650	402	
3	0	0	0	0	644	399	
4	0	0	0	0	638	401	
5	0	0	0	0	633	402	
6	0	0	0	0	632	405	
7	0	0	0	0	628	418	
8	0	0	0	0	624	427	
9	0	0	0	0	624	431	
10	0	0	0	0	623	440	
11	0	0	0	0	624	442	
12	0	0	0	0	628	437	
13	0	0	0	0	630	437	
14	0	0	0	0	632	431	
15	0	0	0	0	636	421	
0	0	0	0	0	641	423	
1	0	0	0	0	645	422	
2	0	0	0	0	648	425	
3	0	0	0	0	654	428	
4	0	0	0	0	655	432	
5	0	0	0	0	655	435	
6	0	0	0	0	653	443	
7	0	0	0	0	651	446	
8	0	0	0	0	649	451	
9	0	0	0	0	649	455	
10	0	0	0	0	647	454	
11	0	0	0	0	643	452	
12	0	0	0	0	638	447	
13	0	0	0	0	635	440	
14	0	0	0	0	630	437	
15	0	0	0	0	625	435	
0	0	0	0	0	628	435	
1	0	0	0	0	633	433	
2	0	0	0	0	640	433	
3	0	0	0	0	648	445	
4	0	0	0	0	651	454	
5	0	0	0	0	655	464	
6	0	0	0	0	660	468	
7	0	0	0	0	664	475	
8	0	0	0	0	666	480	
9	0	0	0	0	665	483	
10	0	0	0	0	664	486	
11	0	0	0	0	661	486	
12	0	0	0	0	658	484	
13	0	0	0	0	652	476	
14	0	0	0	0	646	476	
15	0	0	0	0	640	472	
0	0	0	0	0	636	471	
1	0	0	0	0	633	473	
2	0	0	0	0	627	476	
3	0	0	0	0	623	482	
4	0	0	0	0	618	487	
5	0	0	0	0	608	498	
6	0	0	0	0	603	509	
7	0	0	0	0	599	521	
8	0	0	0	0	596	527	
9	0	0	0	0	599	532	
10	0	0	0	0	603	535	
11	0	0	0	0	611	535	
12	0	0	0	0	622	532	
13	0	0	0	0	632	526	
14	0	0	0	0	637	521	
15	0	0	0	0	639	510	
0	0	0	0	0	644	507	
1	0	0	0	0	647	500	
2	0	0	0	0	649	495	
3	0	0	0	0	651	494	
4	0	0	0	0	651	494	
5	0	0	0	0	652	498	
6	0	0	0	0	654	494	
7	0	0	0	0	654	487	
8	0	0	0	0	656	481	
9	0	0	0	0	656	471	
10	0	0	0	0	656	467	
11	0	0	0	0	655	466	
12	0	0	0	0	652	465	
13	0	0	0	0	649	468	
14	0	0	0	0	643	469	
15	0	0	0	0	635	478	
0	0	0	0	0	630	485	
1	0	0	0	0	622	488	
2	0	0	0	0	615	495	
3	0	0	0	0	607	499	
4	0	0	0	0	602	500	
5	0	0	0	0	597	504	
6	0	0	0	0	594	505	
7	0	0	0	0	587	508	
8	0	0	0	0	580	509	
9	0	0	0	0	579	512	
10	0	0	0	0	582	513	
11	0	0	0	0	583	511	
12	0	0	0	0	581	511	
13	0	0	0	0	579	511	
14	0	0	0	0	581	513	
15	0	0	0	0	582	512	
0	0	0	0	0	583	513	
1	0	0	0	0	587	515	
2	0	0	0	0	588	523	
3	0	0	0	0	593	530	
4	0	0	0	0	598	531	
5	0	0	0	0	601	528	
6	0	0	0	0	604	521	
7	0	0	0	0	604	513	
8	0	0	0	0	605	508	
9	0	0	0	0	611	505	
10	0	0	0	0	615	507	
11	0	0	0	0	615	506	
12	0	0	0	0	613	505	
13	0	0	0	0	608	499	
14	0	0	0	0	606	496	
15	0	0	0	0	605	495	
0	0	0	0	0	608	494	
1	0	0	0	0	608	496	
2	0	0	0	0	604	495	
3	0	0	0	0	602	495	
4	0	0	0	0	596	496	
5	0	0	0	0	590	496	
6	0	0	0	0	587	497	
7	0	0	0	0	588	497	
8	0	0	0	0	590	495	
9	0	0	0	0	593	500	
10	0	0	0	0	598	503	
11	0	0	0	0	603	506	
12	0	0	0	0	608	504	
13	0	0	0	0	614	500	
14	0	0	0	0	615	496	
15	0	0	0	0	615	498	
0	0	0	0	0	616	498	
1	0	0	0	0	620	503	
2	0	0	0	0	624	507	
3	0	0	0	0	627	511	
4	0	0	0	0	627	512	
5	0	0	0	0	626	511	
6	0	0	0	0	621	512	
7	0	0	0	0	617	508	
8	0	0	0	0	615	504	
9	0	0	0	0	611	503	
10	0	0	0	0	609	502	
11	0	0	0	0	609	500	
12	0	0	0	0	609	498	
13	0	0	0	0	611	494	
14	0	0	0	0	612	495	
15	0	0	0	0	615	492	
0	0	0	0	0	620	488	
1	0	0	0	0	620	485	
2	0	0	0	0	616	482	
3	0	0	0	0	612	481	
4	0	0	0	0	604	480	
5	0	0	0	0	595	483	
6	0	0	0	0	589	485	
7	0	0	0	0	586	484	
8	0	0	0	0	588	484	
9	0	0	0	0	590	482	
10	0	0	0	0	590	479	
11	0	0	0	0	591	474	
12	0	0	0	0	593	476	
13	0	0	0	0	593	486	
14	0	0	0	0	591	496	
15	0	0	0	0	587	508	
0	0	0	0	0	584	515	
1	0	0	0	0	585	523	
2	0	0	0	0	586	533	
3	0	0	0	0	591	537	
4	0	0	0	0	595	541	
5	0	0	0	0	596	543	
6	0	0	0	0	597	543	
7	0	0	0	0	596	548	
8	0	0	0	0	595	553	
9	0	0	0	0	595	558	
10	0	0	0	0	588	562	
11	0	0	0	0	582	564	
12	0	0	0	0	574	562	
13	0	0	0	0	568	559	
14	0	0	0	0	567	554	
15	0	0	0	0	573	550	
0	0	0	0	0	583	548	
1	0	0	0	0	590	547	
2	0	0	0	0	596	543	
3	0	0	0	0	603	540	
4	0	0	0	0	611	536	
5	0	0	0	0	618	535	
6	0	0	0	0	623	539	
7	0	0	0	0	625	543	
8	0	0	0	0	629	546	
9	0	0	0	0	635	547	
10	0	0	0	0	642	545	
11	0	0	0	0	649	546	
12	0	0	0	0	654	544	
13	0	0	0	0	657	539	
14	0	0	0	0	657	536	
15	0	0	0	0	656	532	
0	0	0	0	0	653	526	
1	0	0	0	0	647	515	
2	0	0	0	0	642	505	
3	0	0	0	0	634	500	
4	0	0	0	0	628	496	
5	0	0	0	0	624	492	
6	0	0	0	0	614	489	
7	0	0	0	0	601	487	
8	0	0	0	0	586	487	
9	0	0	0	0	578	486	
10	0	0	0	0	572	484	
11	0	0	0	0	563	489	
12	0	0	0	0	557	497	
13	0	0	0	0	557	508	
14	0	0	0	0	560	519	
15	0	0	0	0	565	533	
0	0	0	0	0	568	544	
1	0	0	0	0	569	550	
2	0	0	0	0	570	554	
3	0	0	0	0	572	556	
4	0	0	0	0	574	556	
5	0	0	0	0	574	556	
6	0	0	0	0	576	553	
7	0	0	0	0	581	549	
8	0	0	0	0	588	545	
9	0	0	0	0	596	541	
10	0	0	0	0	600	540	
11	0	0	0	0	604	539	
12	0	0	0	0	609	538	
13	0	0	0	0	616	533	
14	0	0	0	0	623	527	
15	0	0	0	0	629	524	
0	0	0	0	0	631	519	
1	0	0	0	0	628	515	
2	0	0	0	0	620	511	
3	0	0	0	0	611	503	
4	0	0	0	0	603	498	
5	0	0	0	0	598	494	
6	0	0	0	0	596	491	
7	0	0	0	0	596	488	
8	0	0	0	0	598	489	
9	0	0	0	0	594	490	
10	0	0	0	0	593	493	
11	0	0	0	0	591	493	
12	0	0	0	0	591	490	
13	0	0	0	0	590	488	
14	0	0	0	0	589	488	
15	0	0	0	0	587	488	
0	0	0	0	0	584	490	
1	0	0	0	0	581	494	
2	0	0	0	0	574	500	
3	0	0	0	0	565	500	
4	0	0	0	0	559	496	
5	0	0	0	0	553	494	
6	0	0	0	0	555	496	
7	0	0	0	0	558	496	
8	0	0	0	0	562	492	
9	0	0	0	0	568	489	
10	0	0	0	0	571	485	
11	0	0	0	0	574	484	
12	0	0	0	0	582	484	
13	0	0	0	0	585	483	
14	0	0	0	0	591	484	
15	0	0	0	0	595	483	
0	0	0	0	0	599	479	
1	0	0	0	0	604	471	
2	0	0	0	0	606	462	
3	0	0	0	0	606	456	
4	0	0	0	0	602	451	
5	0	0	0	0	598	448	
6	0	0	0	0	597	444	
7	0	0	0	0	599	441	
8	0	0	0	0	602	435	
9	0	0	0	0	602	435	
10	0	0	0	0	600	432	
11	0	0	0	0	603	427	
12	0	0	0	0	608	422	
13	0	0	0	0	613	416	
14	0	0	0	0	620	412	
15	0	0	0	0	624	407	
0	0	0	0	0	627	398	
1	0	0	0	0	629	391	
2	0	0	0	0	632	386	
3	0	0	0	0	630	376	
4	0	0	0	0	626	380	
5	0	0	0	0	622	380	
6	0	0	0	0	619	381	
7	0	0	0	0	616	385	
8	0	0	0	0	612	385	
9	0	0	0	0	607	391	
10	0	0	0	0	604	398	
11	0	0	0	0	604	398	
12	0	0	0	0	607	403	
13	0	0	0	0	611	407	
14	0	0	0	0	613	411	
15	0	0	0	0	615	417	
0	0	0	0	0	614	425	
1	0	0	0	0	611	431	
2	0	0	0	0	609	436	
3	0	0	0	0	609	440	
4	0	0	0	0	607	439	
5	0	0	0	0	605	437	
6	0	0	0	0	605	430	
7	0	0	0	0	604	428	
8	0	0	0	0	603	424	
9	0	0	0	0	603	426	
10	0	0	0	0	600	428	
11	0	0	0	0	599	435	
12	0	0	0	0	596	439	
13	0	0	0	0	593	439	
14	0	0	0	0	590	435	
15	0	0	0	0	589	438	
0	0	0	0	0	588	441	
1	0	0	0	0	584	441	
2	0	0	0	0	583	441	
3	0	0	0	0	580	441	
4	0	0	0	0	580	445	
5	0	0	0	0	579	450	
6	0	0	0	0	578	456	
7	0	0	0	0	576	464	
8	0	0	0	0	571	465	
9	0	0	0	0	561	467	
10	0	0	0	0	555	471	
11	0	0	0	0	551	476	
12	0	0	0	0	549	481	
13	0	0	0	0	548	480	
14	0	0	0	0	548	479	
15	0	0	0	0	547	476	
0	0	0	0	0	550	473	
1	0	0	0	0	555	471	
2	0	0	0	0	560	470	
3	0	0	0	0	563	468	
4	0	0	0	0	566	470	
5	0	0	0	0	568	469	
6	0	0	0	0	569	468	
7	0	0	0	0	569	466	
8	0	0	0	0	564	463	
9	0	0	0	0	557	464	
10	0	0	0	0	550	461	
11	0	0	0	0	544	459	
12	0	0	0	0	543	457	
13	0	0	0	0	543	455	
14	0	0	0	0	544	455	
15	0	0	0	0	544	457	
0	0	0	0	0	544	456	
1	0	0	0	0	547	454	
2	0	0	0	0	548	451	
3	0	0	0	0	552	449	
4	0	0	0	0	557	448	
5	0	0	0	0	560	449	
6	0	0	0	0	560	454	
7	0	0	0	0	557	455	
8	0	0	0	0	552	455	
9	0	0	0	0	549	455	
10	0	0	0	0	549	455	
11	0	0	0	0	546	453	
12	0	0	0	0	539	451	
13	0	0	0	0	534	447	
14	0	0	0	0	532	443	
15	0	0	0	0	533	443	
0	0	0	0	0	536	447	
1	0	0	0	0	535	449	
2	0	0	0	0	532	459	
3	0	0	0	0	530	468	
4	0	0	0	0	529	473	
5	0	0	0	0	530	476	
6	0	0	0	0	530	478	
7	0	0	0	0	529	478	
8	0	0	0	0	526	478	
9	0	0	0	0	527	480	
10	0	0	0	0	528	484	
11	0	0	0	0	530	491	
12	0	0	0	0	533	495	
13	0	0	0	0	534	495	
14	0	0	0	0	533	497	
15	0	0	0	0	529	498	
0	0	0	0	0	523	498	
1	0	0	0	0	516	501	
2	0	0	0	0	510	505	
3	0	0	0	0	506	512	
4	0	0	0	0	502	517	
5	0	0	0	0	497	517	
6	0	0	0	0	494	515	
7	0	0	0	0	492	512	
8	0	0	0	0	493	511	
9	0	0	0	0	496	504	
10	0	0	0	0	500	499	
11	0	0	0	0	507	491	
12	0	0	0	0	513	490	
13	0	0	0	0	517	493	
14	0	0	0	0	523	500	
15	0	0	0	0	526	506	
0	0	0	0	0	526	509	
1	0	0	0	0	523	509	
2	0	0	0	0	515	509	
3	0	0	0	0	509	511	
4	0	0	0	0	504	512	
5	0	0	0	0	498	512	
6	0	0	0	0	493	517	
7	0	0	0	0	488	523	
8	0	0	0	0	489	531	
9	0	0	0	0	487	537	
10	0	0	0	0	489	539	
11	0	0	0	0	493	540	
12	0	0	0	0	493	543	
13	0	0	0	0	493	550	
14	0	0	0	0	493	555	
15	0	0	0	0	491	558	
0	0	0	0	0	484	560	
1	0	0	0	0	476	562	
2	0	0	0	0	473	560	
3	0	0	0	0	476	560	
4	0	0	0	0	481	563	
5	0	0	0	0	487	564	
6	0	0	0	0	491	563	
7	0	0	0	0	491	561	
8	0	0	0	0	493	559	
9	0	0	0	0	500	551	
10	0	0	0	0	508	542	
11	0	0	0	0	512	539	
12	0	0	0	0	515	538	
13	0	0	0	0	515	533	
14	0	0	0	0	515	533	
15	0	0	0	0	516	536	
0	0	0	0	0	514	540	
1	0	0	0	0	512	540	
2	0	0	0	0	510	539	
3	0	0	0	0	510	536	
4	0	0	0	0	507	537	
5	0	0	0	0	506	539	
6	0	0	0	0	503	540	
7	0	0	0	0	501	537	
8	0	0	0	0	498	530	
9	0	0	0	0	496	524	
10	0	0	0	0	497	519	
11	0	0	0	0	504	516	
12	0	0	0	0	513	511	
13	0	0	0	0	517	505	
14	0	0	0	0	516	499	
15	0	0	0	0	515	492	
0	0	0	0	0	512	487	
1	0	0	0	0	509	489	
2	0	0	0	0	509	492	
3	0	0	0	0	513	495	
4	0	0	0	0	519	499	
5	0	0	0	0	527	504	
6	0	0	0	0	527	509	
7	0	0	0	0	530	510	
8	0	0	0	0	530	513	
9	0	0	0	0	530	514	
10	0	0	0	0	527	518	
11	0	0	0	0	521	519	
12	0	0	0	0	512	521	
13	0	0	0	0	504	523	
14	0	0	0	0	495	524	
15	0	0	0	0	486	523	
0	0	0	0	0	477	523	
1	0	0	0	0	470	527	
2	0	0	0	0	463	532	
3	0	0	0	0	461	534	
4	0	0	0	0	459	538	
5	0	0	0	0	453	546	
6	0	0	0	0	448	552	
7	0	0	0	0	441	557	
8	0	0	0	0	440	556	
9	0	0	0	0	446	557	
10	0	0	0	0	459	559	
11	0	0	0	0	473	558	
12	0	0	0	0	484	559	
13	0	0	0	0	484	564	
14	0	0	0	0	479	567	
15	0	0	0	0	474	568	
0	0	0	0	0	463	571	
1	0	0	0	0	455	569	
2	0	0	0	0	448	572	
3	0	0	0	0	448	574	
4	0	0	0	0	450	577	
5	0	0	0	0	454	580	
6	0	0	0	0	457	579	
7	0	0	0	0	460	577	
8	0	0	0	0	460	577	
9	0	0	0	0	459	574	
10	0	0	0	0	457	570	
11	0	0	0	0	460	563	
12	0	0	0	0	461	560	
13	0	0	0	0	460	558	
14	0	0	0	0	460	556	
15	0	0	0	0	463	555	
0	0	0	0	0	466	558	
1	0	0	0	0	466	563	
2	0	0	0	0	464	571	
3	0	0	0	0	464	575	
4	0	0	0	0	467	577	
5	0	0	0	0	470	579	
6	0	0	0	0	472	584	
7	0	0	0	0	472	591	
8	0	0	0	0	473	595	
9	0	0	0	0	473	600	
10	0	0	0	0	472	603	
11	0	0	0	0	470	603	
12	0	0	0	0	471	604	
13	0	0	0	0	471	603	
14	0	0	0	0	470	602	
15	0	0	0	0	471	605	
0	0	0	0	0	467	605	
1	0	0	0	0	461	607	
2	0	0	0	0	450	606	
3	0	0	0	0	440	603	
4	0	0	0	0	425	601	
5	0	0	0	0	411	598	
6	0	0	0	0	404	598	
7	0	0	0	0	403	600	
8	0	0	0	0	404	598	
9	0	0	0	0	404	599	
10	0	0	0	0	406	602	
11	0	0	0	0	410	603	
12	0	0	0	0	414	604	
13	0	0	0	0	415	609	
14	0	0	0	0	415	617	
15	0	0	0	0	414	625	
0	0	0	0	0	413	631	
1	0	0	0	0	411	633	
2	0	0	0	0	410	639	
3	0	0	0	0	412	634	
4	0	0	0	0	419	631	
5	0	0	0	0	431	628	
6	0	0	0	0	437	622	
7	0	0	0	0	439	613	
8	0	0	0	0	443	604	
9	0	0	0	0	445	593	
10	0	0	0	0	445	587	
11	0	0	0	0	444	576	
12	0	0	0	0	442	571	
13	0	0	0	0	432	570	
14	0	0	0	0	421	568	
15	0	0	0	0	412	564	
0	0	0	0	0	407	564	
1	0	0	0	0	401	564	
2	0	0	0	0	397	569	
3	0	0	0	0	392	572	
4	0	0	0	0	389	575	
5	0	0	0	0	387	577	
6	0	0	0	0	385	580	
7	0	0	0	0	385	591	
8	0	0	0	0	387	597	
9	0	0	0	0	393	604	
10	0	0	0	0	399	608	
11	0	0	0	0	405	612	
12	0	0	0	0	409	616	
13	0	0	0	0	415	620	
14	0	0	0	0	422	627	
15	0	0	0	0	427	628	
0	0	0	0	0	432	622	
1	0	0	0	0	432	619	
2	0	0	0	0	430	621	
3	0	0	0	0	428	625	
4	0	0	0	0	429	632	
5	0	0	0	0	429	638	
6	0	0	0	0	425	641	
7	0	0	0	0	422	645	
8	0	0	0	0	416	647	
9	0	0	0	0	411	644	
10	0	0	0	0	411	643	
11	0	0	0	0	415	639	
12	0	0	0	0	423	638	
13	0	0	0	0	421	633	
14	0	0	0	0	419	627	
15	0	0	0	0	419	622	
0	0	0	0	0	423	618	
1	0	0	0	0	428	617	
2	0	0	0	0	428	616	
3	0	0	0	0	423	615	
4	0	0	0	0	419	612	
5	0	0	0	0	417	605	
6	0	0	0	0	416	600	
7	0	0	0	0	417	600	
8	0	0	0	0	416	601	
9	0	0	0	0	416	604	
10	0	0	0	0	415	607	
11	0	0	0	0	415	611	
12	0	0	0	0	415	620	
13	0	0	0	0	415	619	
14	0	0	0	0	416	620	
15	0	0	0	0	417	623	
0	0	0	0	0	414	624	
1	0	0	0	0	410	627	
2	0	0	0	0	408	628	
3	0	0	0	0	412	627	
4	0	0	0	0	418	627	
5	0	0	0	0	423	629	
6	0	0	0	0	428	630	
7	0	0	0	0	431	630	
8	0	0	0	0	432	631	
9	0	0	0	0	435	631	
10	0	0	0	0	437	626	
11	0	0	0	0	440	619	
12	0	0	0	0	440	614	
13	0	0	0	0	437	612	
14	0	0	0	0	432	609	
15	0	0	0	0	430	608	
0	0	0	0	0	430	605	
1	0	0	0	0	428	599	
2	0	0	0	0	425	600	
3	0	0	0	0	424	603	
4	0	0	0	0	425	604	
5	0	0	0	0	423	604	
6	0	0	0	0	415	604	
7	0	0	0	0	412	611	
8	0	0	0	0	406	623	
9	0	0	0	0	399	638	
10	0	0	0	0	393	641	
11	0	0	0	0	388	644	
12	0	0	0	0	383	651	
13	0	0	0	0	380	656	
14	0	0	0	0	381	660	
15	0	0	0	0	381	660	
0	0	0	0	0	382	655	
1	0	0	0	0	379	652	
2	0	0	0	0	375	642	
3	0	0	0	0	371	639	
4	0	0	0	0	374	636	
5	0	0	0	0	380	631	
6	0	0	0	0	386	627	
7	0	0	0	0	388	624	
8	0	0	0	0	385	622	
9	0	0	0	0	382	619	
10	0	0	0	0	379	617	
11	0	0	0	0	377	612	
12	0	0	0	0	378	605	
13	0	0	0	0	382	601	
14	0	0	0	0	384	598	
15	0	0	0	0	388	595	
0	0	0	0	0	394	591	
1	0	0	0	0	398	589	
2	0	0	0	0	400	590	
3	0	0	0	0	398	590	
4	0	0	0	0	398	590	
5	0	0	0	0	398	588	
6	0	0	0	0	400	590	
7	0	0	0	0	398	590	
8	0	0	0	0	402	593	
9	0	0	0	0	404	596	
10	0	0	0	0	408	602	
11	0	0	0	0	412	605	
12	0	0	0	0	416	606	
13	0	0	0	0	417	609	
14	0	0	0	0	413	606	
15	0	0	0	0	405	599	
0	0	0	0	0	401	590	
1	0	0	0	0	400	584	
2	0	0	0	0	403	582	
3	0	0	0	0	407	585	
4	0	0	0	0	410	580	
5	0	0	0	0	414	579	
6	0	0	0	0	415	576	
7	0	0	0	0	413	572	
8	0	0	0	0	407	573	
9	0	0	0	0	404	577	
10	0	0	0	0	403	579	
11	0	0	0	0	404	580	
12	0	0	0	0	405	585	
13	0	0	0	0	402	590	
14	0	0	0	0	403	595	
15	0	0	0	0	401	597	
0	0	0	0	0	397	604	
1	0	0	0	0	397	609	
2	0	0	0	0	404	618	
3	0	0	0	0	408	622	
4	0	0	0	0	408	626	
5	0	0	0	0	408	630	
6	0	0	0	0	412	633	
7	0	0	0	0	419	636	
8	0	0	0	0	429	632	
9	0	0	0	0	439	629	
10	0	0	0	0	446	627	
11	0	0	0	0	446	625	
12	0	0	0	0	448	623	
13	0	0	0	0	449	611	
14	0	0	0	0	452	602	
15	0	0	0	0	454	597	
0	0	0	0	0	453	592	
1	0	0	0	0	451	593	
2	0	0	0	0	453	598	
3	0	0	0	0	460	604	
4	0	0	0	0	465	612	
5	0	0	0	0	466	621	
6	0	0	0	0	465	632	
7	0	0	0	0	464	638	
8	0	0	0	0	460	643	
9	0	0	0	0	456	645	
10	0	0	0	0	449	642	
11	0	0	0	0	442	639	
12	0	0	0	0	439	640	
13	0	0	0	0	440	637	
14	0	0	0	0	440	638	
15	0	0	0	0	438	641	
0	0	0	0	0	433	644	
1	0	0	0	0	430	646	
2	0	0	0	0	430	646	
3	0	0	0	0	427	648	
4	0	0	0	0	419	645	
5	0	0	0	0	415	641	
6	0	0	0	0	416	639	
7	0	0	0	0	419	634	
8	0	0	0	0	419	632	
9	0	0	0	0	412	625	
10	0	0	0	0	403	622	
11	0	0	0	0	396	621	
12	0	0	0	0	391	615	
13	0	0	0	0	390	611	
14	0	0	0	0	390	612	
15	0	0	0	0	391	617	
0	0	0	0	0	389	630	
1	0	0	0	0	391	633	
2	0	0	0	0	391	640	
3	0	0	0	0	387	642	
4	0	0	0	0	386	644	
5	0	0	0	0	390	643	
6	0	0	0	0	395	646	
7	0	0	0	0	402	647	
8	0	0	0	0	408	649	
9	0	0	0	0	412	648	
10	0	0	0	0	414	650	
11	0	0	0	0	414	652	
12	0	0	0	0	411	652	
13	0	0	0	0	409	651	
14	0	0	0	0	409	654	
15	0	0	0	0	411	652	
0	0	0	0	0	411	651	
1	0	0	0	0	412	654	
2	0	0	0	0	421	656	
3	0	0	0	0	428	655	
4	0	0	0	0	429	654	
5	0	0	0	0	429	654	
6	0	0	0	0	423	655	
7	0	0	0	0	421	655	
8	0	0	0	0	419	657	
9	0	0	0	0	415	656	
10	0	0	0	0	411	654	
11	0	0	0	0	411	645	
12	0	0	0	0	414	637	
13	0	0	0	0	420	630	
14	0	0	0	0	429	628	
15	0	0	0	0	437	630	
0	0	0	0	0	440	631	
1	0	0	0	0	439	638	
2	0	0	0	0	436	644	
3	0	0	0	0	439	650	
4	0	0	0	0	438	654	
5	0	0	0	0	435	649	
6	0	0	0	0	435	647	
7	0	0	0	0	435	645	
8	0	0	0	0	438	643	
9	0	0	0	0	440	644	
10	0	0	0	0	442	640	
11	0	0	0	0	440	638	
12	0	0	0	0	438	640	
13	0	0	0	0	434	646	
14	0	0	0	0	429	650	
15	0	0	0	0	424	655	
0	0	0	0	0	418	657	
1	0	0	0	0	412	659	
2	0	0	0	0	410	657	
3	0	0	0	0	412	654	
4	0	0	0	0	416	652	
5	0	0	0	0	424	650	
6	0	0	0	0	430	649	
7	0	0	0	0	432	647	
8	0	0	0	0	432	647	
9	0	0	0	0	430	644	
10	0	0	0	0	433	631	
11	0	0	0	0	439	617	
12	0	0	0	0	444	604	
13	0	0	0	0	453	599	
14	0	0	0	0	461	590	
15	0	0	0	0	471	578	
0	0	0	0	0	477	570	
1	0	0	0	0	476	561	
2	0	0	0	0	473	556	
3	0	0	0	0	467	550	
4	0	0	0	0	463	545	
5	0	0	0	0	458	545	
6	0	0	0	0	459	550	
7	0	0	0	0	462	553	
8	0	0	0	0	465	558	
9	0	0	0	0	469	564	
10	0	0	0	0	469	571	
11	0	0	0	0	472	577	
12	0	0	0	0	473	582	
13	0	0	0	0	475	587	
14	0	0	0	0	474	590	
15	0	0	0	0	470	592	
0	0	0	0	0	463	590	
1	0	0	0	0	459	584	
2	0	0	0	0	451	578	
3	0	0	0	0	442	572	
4	0	0	0	0	435	562	
5	0	0	0	0	430	553	
6	0	0	0	0	427	547	
7	0	0	0	0	427	544	
8	0	0	0	0	431	546	
9	0	0	0	0	437	549	
10	0	0	0	0	448	555	
11	0	0	0	0	455	562	
12	0	0	0	0	452	571	
13	0	0	0	0	449	576	
14	0	0	0	0	442	577	
15	0	0	0	0	440	579	
0	0	0	0	0	442	585	
1	0	0	0	0	448	593	
2	0	0	0	0	457	604	
3	0	0	0	0	463	611	
4	0	0	0	0	467	614	
5	0	0	0	0	465	615	
6	0	0	0	0	463	612	
7	0	0	0	0	459	609	
8	0	0	0	0	455	607	
9	0	0	0	0	452	604	
10	0	0	0	0	451	604	
11	0	0	0	0	453	604	
12	0	0	0	0	459	606	
13	0	0	0	0	466	606	
14	0	0	0	0	473	608	
15	0	0	0	0	480	611	
0	0	0	0	0	484	614	
1	0	0	0	0	486	616	
2	0	0	0	0	481	614	
3	0	0	0	0	475	611	
4	0	0	0	0	472	609	
5	0	0	0	0	476	611	
6	0	0	0	0	485	608	
7	0	0	0	0	491	609	
8	0	0	0	0	497	613	
9	0	0	0	0	502	612	
10	0	0	0	0	501	609	
11	0	0	0	0	500	604	
12	0	0	0	0	497	601	
13	0	0	0	0	489	599	
14	0	0	0	0	483	595	
15	0	0	0	0	479	593	
0	0	0	0	0	480	592	
1	0	0	0	0	483	591	
2	0	0	0	0	487	590	
3	0	0	0	0	496	592	
4	0	0	0	0	503	593	
5	0	0	0	0	509	593	
6	0	0	0	0	510	593	
7	0	0	0	0	508	595	
8	0	0	0	0	498	598	
9	0	0	0	0	487	598	
10	0	0	0	0	477	598	
11	0	0	0	0	466	598	
12	0	0	0	0	458	600	
13	0	0	0	0	451	607	
14	0	0	0	0	447	609	
15	0	0	0	0	446	611	
0	0	0	0	0	444	609	
1	0	0	0	0	446	609	
2	0	0	0	0	449	607	
3	0	0	0	0	453	604	
4	0	0	0	0	455	602	
5	0	0	0	0	460	599	
6	0	0	0	0	468	592	
7	0	0	0	0	478	590	
8	0	0	0	0	486	591	
9	0	0	0	0	487	595	
10	0	0	0	0	485	599	
11	0	0	0	0	483	604	
12	0	0	0	0	491	605	
13	0	0	0	0	499	603	
14	0	0	0	0	502	601	
15	0	0	0	0	503	600	
0	0	0	0	0	504	602	
1	0	0	0	0	506	604	
2	0	0	0	0	512	603	
3	0	0	0	0	519	602	
4	0	0	0	0	520	600	
5	0	0	0	0	516	600	
6	0	0	0	0	510	602	
7	0	0	0	0	504	603	
8	0	0	0	0	501	602	
9	0	0	0	0	496	601	
10	0	0	0	0	495	602	
11	0	0	0	0	495	603	
12	0	0	0	0	500	609	
13	0	0	0	0	504	614	
14	0	0	0	0	509	621	
15	0	0	0	0	513	623	
0	0	0	0	0	513	624	
1	0	0	0	0	515	626	
2	0	0	0	0	516	631	
3	0	0	0	0	515	635	
4	0	0	0	0	509	640	
5	0	0	0	0	503	637	
6	0	0	0	0	498	636	
7	0	0	0	0	493	637	
8	0	0	0	0	489	637	
9	0	0	0	0	485	636	
10	0	0	0	0	478	637	
11	0	0	0	0	476	639	
12	0	0	0	0	477	640	
13	0	0	0	0	480	636	
14	0	0	0	0	483	632	
15	0	0	0	0	487	630	
0	0	0	0	0	489	629	
1	0	0	0	0	489	627	
2	0	0	0	0	491	626	
3	0	0	0	0	494	624	
4	0	0	0	0	498	624	
5	0	0	0	0	497	623	
6	0	0	0	0	493	626	
7	0	0	0	0	492	630	
8	0	0	0	0	487	635	
9	0	0	0	0	477	639	
10	0	0	0	0	472	639	
11	0	0	0	0	470	638	
12	0	0	0	0	468	636	
13	0	0	0	0	467	636	
14	0	0	0	0	466	639	
15	0	0	0	0	463	638	
0	0	0	0	0	462	636	
1	0	0	0	0	463	631	
2	0	0	0	0	465	624	
3	0	0	0	0	471	617	
4	0	0	0	0	478	610	
5	0	0	0	0	489	607	
6	0	0	0	0	501	603	
7	0	0	0	0	508	598	
8	0	0	0	0	507	593	
9	0	0	0	0	502	591	
10	0	0	0	0	499	589	
11	0	0	0	0	498	590	
12	0	0	0	0	499	593	
13	0	0	0	0	496	593	
14	0	0	0	0	491	591	
15	0	0	0	0	486	584	
0	0	0	0	0	479	576	
1	0	0	0	0	473	568	
2	0	0	0	0	468	561	
3	0	0	0	0	463	554	
4	0	0	0	0	458	553	
5	0	0	0	0	451	551	
6	0	0	0	0	444	553	
7	0	0	0	0	438	556	
8	0	0	0	0	437	560	
9	0	0	0	0	440	560	
10	0	0	0	0	445	563	
11	0	0	0	0	455	568	
12	0	0	0	0	465	575	
13	0	0	0	0	477	584	
14	0	0	0	0	483	597	
15	0	0	0	0	489	605	
0	0	0	0	0	494	612	
1	0	0	0	0	498	614	
2	0	0	0	0	504	618	
3	0	0	0	0	511	621	
4	0	0	0	0	515	623	
5	0	0	0	0	521	627	
6	0	0	0	0	526	624	
7	0	0	0	0	528	624	
8	0	0	0	0	531	627	
9	0	0	0	0	528	626	
10	0	0	0	0	521	624	
11	0	0	0	0	514	619	
12	0	0	0	0	511	609	
13	0	0	0	0	510	601	
14	0	0	0	0	512	591	
15	0	0	0	0	516	582	
0	0	0	0	0	514	577	
1	0	0	0	0	511	577	
2	0	0	0	0	507	578	
3	0	0	0	0	503	576	
4	0	0	0	0	499	575	
5	0	0	0	0	493	575	
6	0	0	0	0	487	579	
7	0	0	0	0	480	584	
8	0	0	0	0	477	583	
9	0	0	0	0	474	584	
10	0	0	0	0	471	587	
11	0	0	0	0	474	594	
12	0	0	0	0	474	604	
13	0	0	0	0	476	615	
14	0	0	0	0	476	622	
15	0	0	0	0	475	627	
0	0	0	0	0	472	635	
1	0	0	0	0	467	642	
2	0	0	0	0	459	647	
3	0	0	0	0	450	652	
4	0	0	0	0	438	658	
5	0	0	0	0	428	655	
6	0	0	0	0	419	654	
7	0	0	0	0	414	655	
8	0	0	0	0	415	647	
9	0	0	0	0	416	643	
10	0	0	0	0	420	639	
11	0	0	0	0	428	635	
12	0	0	0	0	434	633	
13	0	0	0	0	439	630	
14	0	0	0	0	436	627	
15	0	0	0	0	435	630	
0	0	0	0	0	435	630	
1	0	0	0	0	438	630	
2	0	0	0	0	442	627	
3	0	0	0	0	443	625	
4	0	0	0	0	443	623	
5	0	0	0	0	435	615	
6	0	0	0	0	424	610	
7	0	0	0	0	417	605	
8	0	0	0	0	412	599	
9	0	0	0	0	410	599	
10	0	0	0	0	413	593	
11	0	0	0	0	415	592	
12	0	0	0	0	421	593	
13	0	0	0	0	428	595	
14	0	0	0	0	433	593	
15	0	0	0	0	436	593	
0	0	0	0	0	437	589	
1	0	0	0	0	435	584	
2	0	0	0	0	432	579	
3	0	0	0	0	427	573	
4	0	0	0	0	423	569	
5	0	0	0	0	419	567	
6	0	0	0	0	414	566	
7	0	0	0	0	407	567	
8	0	0	0	0	400	569	
9	0	0	0	0	394	571	
10	0	0	0	0	387	568	
11	0	0	0	0	383	567	
12	0	0	0	0	380	564	
13	0	0	0	0	379	563	
14	0	0	0	0	379	565	
15	0	0	0	0	377	566	
0	0	0	0	0	381	575	
1	0	0	0	0	387	576	
2	0	0	0	0	395	578	
3	0	0	0	0	402	579	
4	0	0	0	0	408	578	
5	0	0	0	0	414	575	
6	0	0	0	0	416	580	
7	0	0	0	0	414	584	
8	0	0	0	0	411	591	
9	0	0	0	0	407	592	
10	0	0	0	0	402	595	
11	0	0	0	0	400	599	
12	0	0	0	0	395	600	
13	0	0	0	0	387	598	
14	0	0	0	0	383	593	
15	0	0	0	0	382	588	
0	0	0	0	0	379	582	
1	0	0	0	0	377	576	
2	0	0	0	0	372	574	
3	0	0	0	0	363	577	
4	0	0	0	0	350	583	
5	0	0	0	0	342	594	
6	0	0	0	0	339	600	
7	0	0	0	0	338	606	
8	0	0	0	0	339	610	
9	0	0	0	0	344	610	
10	0	0	0	0	348	607	
11	0	0	0	0	355	601	
12	0	0	0	0	363	596	
13	0	0	0	0	371	591	
14	0	0	0	0	383	591	
15	0	0	0	0	392	595	
0	0	0	0	0	395	593	
1	0	0	0	0	395	590	
2	0	0	0	0	394	583	
3	0	0	0	0	391	579	
4	0	0	0	0	391	575	
5	0	0	0	0	389	573	
6	0	0	0	0	385	578	
7	0	0	0	0	384	585	
8	0	0	0	0	384	589	
9	0	0	0	0	385	594	
10	0	0	0	0	382	598	
11	0	0	0	0	380	597	
12	0	0	0	0	380	597	
13	0	0	0	0	379	588	
14	0	0	0	0	382	580	
15	0	0	0	0	387	575	
0	0	0	0	0	388	572	
1	0	0	0	0	388	568	
2	0	0	0	0	385	565	
3	0	0	0	0	383	564	
4	0	0	0	0	382	562	
5	0	0	0	0	377	565	
6	0	0	0	0	369	572	
7	0	0	0	0	363	579	
8	0	0	0	0	354	581	
9	0	0	0	0	347	587	
10	0	0	0	0	340	591	
11	0	0	0	0	341	595	
12	0	0	0	0	345	599	
13	0	0	0	0	350	600	
14	0	0	0	0	356	604	
15	0	0	0	0	365	602	
0	0	0	0	0	378	604	
1	0	0	0	0	393	607	
2	0	0	0	0	404	608	
3	0	0	0	0	409	606	
4	0	0	0	0	410	608	
5	0	0	0	0	403	611	
6	0	0	0	0	392	614	
7	0	0	0	0	377	612	
8	0	0	0	0	363	609	
9	0	0	0	0	359	606	
10	0	0	0	0	362	600	
11	0	0	0	0	371	594	
12	0	0	0	0	380	588	
13	0	0	0	0	386	579	
14	0	0	0	0	390	573	
15	0	0	0	0	390	567	
0	0	0	0	0	386	559	
1	0	0	0	0	386	549	
2	0	0	0	0	391	545	
3	0	0	0	0	399	545	
4	0	0	0	0	405	547	
5	0	0	0	0	413	548	
6	0	0	0	0	418	551	
7	0	0	0	0	423	555	
8	0	0	0	0	429	563	
9	0	0	0	0	433	568	
10	0	0	0	0	429	573	
11	0	0	0	0	427	579	
12	0	0	0	0	427	583	
13	0	0	0	0	427	590	
14	0	0	0	0	426	597	
15	0	0	0	0	423	604	
0	0	0	0	0	421	615	
1	0	0	0	0	420	623	
2	0	0	0	0	416	623	
3	0	0	0	0	412	620	
4	0	0	0	0	412	617	
5	0	0	0	0	414	615	
6	0	0	0	0	417	607	
7	0	0	0	0	419	601	
8	0	0	0	0	420	599	
9	0	0	0	0	419	599	
10	0	0	0	0	415	601	
11	0	0	0	0	411	601	
12	0	0	0	0	406	604	
13	0	0	0	0	404	605	
14	0	0	0	0	399	602	
15	0	0	0	0	391	597	
0	0	0	0	0	385	595	
1	0	0	0	0	384	591	
2	0	0	0	0	388	590	
3	0	0	0	0	394	584	
4	0	0	0	0	402	579	
5	0	0	0	0	409	574	
6	0	0	0	0	416	572	
7	0	0	0	0	422	573	
8	0	0	0	0	420	572	
9	0	0	0	0	418	572	
10	0	0	0	0	416	572	
11	0	0	0	0	411	573	
12	0	0	0	0	405	575	
13	0	0	0	0	398	583	
14	0	0	0	0	394	593	
15	0	0	0	0	391	606	
0	0	0	0	0	391	618	
1	0	0	0	0	393	624	
2	0	0	0	0	392	625	
3	0	0	0	0	391	627	
4	0	0	0	0	392	633	
5	0	0	0	0	391	627	
6	0	0	0	0	391	622	
7	0	0	0	0	390	615	
8	0	0	0	0	392	611	
9	0	0	0	0	394	606	
10	0	0	0	0	396	600	
11	0	0	0	0	395	598	
12	0	0	0	0	392	596	
13	0	0	0	0	390	592	
14	0	0	0	0	389	587	
15	0	0	0	0	388	577	
0	0	0	0	0	388	566	
1	0	0	0	0	385	554	
2	0	0	0	0	383	546	
3	0	0	0	0	385	542	
4	0	0	0	0	385	538	
5	0	0	0	0	385	530	
6	0	0	0	0	383	527	
7	0	0	0	0	382	529	
8	0	0	0	0	380	531	
9	0	0	0	0	379	536	
10	0	0	0	0	382	544	
11	0	0	0	0	387	551	
12	0	0	0	0	396	557	
13	0	0	0	0	403	560	
14	0	0	0	0	408	563	
15	0	0	0	0	409	569	
0	0	0	0	0	409	578	
1	0	0	0	0	417	580	
2	0	0	0	0	429	580	
3	0	0	0	0	441	579	
4	0	0	0	0	444	581	
5	0	0	0	0	446	585	
6	0	0	0	0	448	587	
7	0	0	0	0	450	590	
8	0	0	0	0	455	592	
9	0	0	0	0	464	591	
10	0	0	0	0	473	587	
11	0	0	0	0	479	581	
12	0	0	0	0	481	576	
13	0	0	0	0	481	570	
14	0	0	0	0	475	565	
15	0	0	0	0	466	561	
0	0	0	0	0	456	563	
1	0	0	0	0	449	560	
2	0	0	0	0	444	558	
3	0	0	0	0	444	560	
4	0	0	0	0	448	564	
5	0	0	0	0	453	561	
6	0	0	0	0	456	554	
7	0	0	0	0	461	550	
8	0	0	0	0	464	549	
9	0	0	0	0	460	547	
10	0	0	0	0	454	546	
11	0	0	0	0	449	540	
12	0	0	0	0	447	530	
13	0	0	0	0	446	524	
14	0	0	0	0	445	525	
15	0	0	0	0	442	524	
0	0	0	0	0	441	524	
1	0	0	0	0	441	526	
2	0	0	0	0	442	527	
3	0	0	0	0	441	534	
4	0	0	0	0	438	543	
5	0	0	0	0	437	551	
6	0	0	0	0	443	554	
7	0	0	0	0	450	554	
8	0	0	0	0	453	550	
9	0	0	0	0	457	546	
